relative_path,local_path,url,source_class,size_bytes,sha256,contains_lidar_payload,status
official_repository/LICENSE,/home/lj/zero_perturbation_data/rts_gt_v1/official_repository/LICENSE,https://github.com/norlab-ulaval/RTS_project/blob/449a299bcf8bc11766718db4ed4aea4a489c7c46/LICENSE,OFFICIAL_GIT_METADATA_GT_CALIBRATION_OR_CODE,1079,68caf3bb8e0634d65f5915e302ab8f90b420a08f31f96e4b9bf27d2e82e6c009,False,COMPLETE_SHA256_RECORDED
official_repository/README.md,/home/lj/zero_perturbation_data/rts_gt_v1/official_repository/README.md,https://github.com/norlab-ulaval/RTS_project/blob/449a299bcf8bc11766718db4ed4aea4a489c7c46/README.md,OFFICIAL_GIT_METADATA_GT_CALIBRATION_OR_CODE,3019,ca261ff2d2bde1d19b0ba290b57d0e2aca7e6d9cf99f257ea063cb7d6ee00336,False,COMPLETE_SHA256_RECORDED
official_repository/data/20220715-1/filtered_prediction/f-1-2-1-1-0-1-SGP-1000_1.csv,/home/lj/zero_perturbation_data/rts_gt_v1/official_repository/data/20220715-1/filtered_prediction/f-1-2-1-1-0-1-SGP-1000_1.csv,https://github.com/norlab-ulaval/RTS_project/blob/449a299bcf8bc11766718db4ed4aea4a489c7c46/data/20220715-1/filtered_prediction/f-1-2-1-1-0-1-SGP-1000_1.csv,OFFICIAL_GIT_METADATA_GT_CALIBRATION_OR_CODE,222612,e528fdb459023b7e35e7105d985788bd2c48380c5ddedbaf17f0f97ab7647831,False,COMPLETE_SHA256_RECORDED
official_repository/data/20220715-1/filtered_prediction/f-1-2-1-1-0-1-SGP-1000_2.csv,/home/lj/zero_perturbation_data/rts_gt_v1/official_repository/data/20220715-1/filtered_prediction/f-1-2-1-1-0-1-SGP-1000_2.csv,https://github.com/norlab-ulaval/RTS_project/blob/449a299bcf8bc11766718db4ed4aea4a489c7c46/data/20220715-1/filtered_prediction/f-1-2-1-1-0-1-SGP-1000_2.csv,OFFICIAL_GIT_METADATA_GT_CALIBRATION_OR_CODE,222469,0d86da75e85893f65c06db16f26eb68a4555511c1b4a2694832dba214453c8e3,False,COMPLETE_SHA256_RECORDED
official_repository/data/20220715-1/filtered_prediction/f-1-2-1-1-0-1-SGP-1000_3.csv,/home/lj/zero_perturbation_data/rts_gt_v1/official_repository/data/20220715-1/filtered_prediction/f-1-2-1-1-0-1-SGP-1000_3.csv,https://github.com/norlab-ulaval/RTS_project/blob/449a299bcf8bc11766718db4ed4aea4a489c7c46/data/20220715-1/filtered_prediction/f-1-2-1-1-0-1-SGP-1000_3.csv,OFFICIAL_GIT_METADATA_GT_CALIBRATION_OR_CODE,222669,7860aff8242a81a72ac4d2211c31bb36a581be47d6bc039053fb21f5b174ccef,False,COMPLETE_SHA256_RECORDED
official_repository/data/20220715-1/filtered_prediction/f-2-1-1-1-2-0-L_1.csv,/home/lj/zero_perturbation_data/rts_gt_v1/official_repository/data/20220715-1/filtered_prediction/f-2-1-1-1-2-0-L_1.csv,https://github.com/norlab-ulaval/RTS_project/blob/449a299bcf8bc11766718db4ed4aea4a489c7c46/data/20220715-1/filtered_prediction/f-2-1-1-1-2-0-L_1.csv,OFFICIAL_GIT_METADATA_GT_CALIBRATION_OR_CODE,124744,c224305bcbcff46e074e8709410fac3a021b49825826bba053343e4f502f3edf,False,COMPLETE_SHA256_RECORDED
official_repository/data/20220715-1/filtered_prediction/f-2-1-1-1-2-0-L_2.csv,/home/lj/zero_perturbation_data/rts_gt_v1/official_repository/data/20220715-1/filtered_prediction/f-2-1-1-1-2-0-L_2.csv,https://github.com/norlab-ulaval/RTS_project/blob/449a299bcf8bc11766718db4ed4aea4a489c7c46/data/20220715-1/filtered_prediction/f-2-1-1-1-2-0-L_2.csv,OFFICIAL_GIT_METADATA_GT_CALIBRATION_OR_CODE,123917,1aed3d7277c193201abc8e4291fe45d92550a81ec9a0e016c7a7697c7659a894,False,COMPLETE_SHA256_RECORDED
official_repository/data/20220715-1/filtered_prediction/f-2-1-1-1-2-0-L_3.csv,/home/lj/zero_perturbation_data/rts_gt_v1/official_repository/data/20220715-1/filtered_prediction/f-2-1-1-1-2-0-L_3.csv,https://github.com/norlab-ulaval/RTS_project/blob/449a299bcf8bc11766718db4ed4aea4a489c7c46/data/20220715-1/filtered_prediction/f-2-1-1-1-2-0-L_3.csv,OFFICIAL_GIT_METADATA_GT_CALIBRATION_OR_CODE,122630,57ff0da66f5c58b5ba59b41d56fe62b219bac42325e4df95cd696b933b8ec1f5,False,COMPLETE_SHA256_RECORDED
official_repository/data/20220715-1/filtered_prediction/f-2-1-1-1-2-0-SGP-100_1.csv,/home/lj/zero_perturbation_data/rts_gt_v1/official_repository/data/20220715-1/filtered_prediction/f-2-1-1-1-2-0-SGP-100_1.csv,https://github.com/norlab-ulaval/RTS_project/blob/449a299bcf8bc11766718db4ed4aea4a489c7c46/data/20220715-1/filtered_prediction/f-2-1-1-1-2-0-SGP-100_1.csv,OFFICIAL_GIT_METADATA_GT_CALIBRATION_OR_CODE,231344,e1820f57acf992ed8d27d9cdb8690434c90dda899eaa2ec3c977515bf5c33859,False,COMPLETE_SHA256_RECORDED
official_repository/data/20220715-1/filtered_prediction/f-2-1-1-1-2-0-SGP-100_2.csv,/home/lj/zero_perturbation_data/rts_gt_v1/official_repository/data/20220715-1/filtered_prediction/f-2-1-1-1-2-0-SGP-100_2.csv,https://github.com/norlab-ulaval/RTS_project/blob/449a299bcf8bc11766718db4ed4aea4a489c7c46/data/20220715-1/filtered_prediction/f-2-1-1-1-2-0-SGP-100_2.csv,OFFICIAL_GIT_METADATA_GT_CALIBRATION_OR_CODE,230477,9be91b8dd4c3b24d6fa8d1aa087bbb334dad33d29f13948b0b718ae6cd879642,False,COMPLETE_SHA256_RECORDED
official_repository/data/20220715-1/filtered_prediction/f-2-1-1-1-2-0-SGP-100_3.csv,/home/lj/zero_perturbation_data/rts_gt_v1/official_repository/data/20220715-1/filtered_prediction/f-2-1-1-1-2-0-SGP-100_3.csv,https://github.com/norlab-ulaval/RTS_project/blob/449a299bcf8bc11766718db4ed4aea4a489c7c46/data/20220715-1/filtered_prediction/f-2-1-1-1-2-0-SGP-100_3.csv,OFFICIAL_GIT_METADATA_GT_CALIBRATION_OR_CODE,230523,09f11da596df3e2e6e29b0ea0a48e45e475b7b0ef3ce72a86b7911eec83396ca,False,COMPLETE_SHA256_RECORDED
official_repository/data/20220715-1/filtered_prediction/f-2-1-1-1-6-0-L_1.csv,/home/lj/zero_perturbation_data/rts_gt_v1/official_repository/data/20220715-1/filtered_prediction/f-2-1-1-1-6-0-L_1.csv,https://github.com/norlab-ulaval/RTS_project/blob/449a299bcf8bc11766718db4ed4aea4a489c7c46/data/20220715-1/filtered_prediction/f-2-1-1-1-6-0-L_1.csv,OFFICIAL_GIT_METADATA_GT_CALIBRATION_OR_CODE,118427,4f15ae2f930844f406ceb04c71ca61317b4cf3a7b18999f5a604287489e3c41c,False,COMPLETE_SHA256_RECORDED
official_repository/data/20220715-1/filtered_prediction/f-2-1-1-1-6-0-L_2.csv,/home/lj/zero_perturbation_data/rts_gt_v1/official_repository/data/20220715-1/filtered_prediction/f-2-1-1-1-6-0-L_2.csv,https://github.com/norlab-ulaval/RTS_project/blob/449a299bcf8bc11766718db4ed4aea4a489c7c46/data/20220715-1/filtered_prediction/f-2-1-1-1-6-0-L_2.csv,OFFICIAL_GIT_METADATA_GT_CALIBRATION_OR_CODE,117657,aa2df1cf63437eb471637d4978aa27c3c06f6e3b15cf8a6e3b7718785184437a,False,COMPLETE_SHA256_RECORDED
official_repository/data/20220715-1/filtered_prediction/f-2-1-1-1-6-0-L_3.csv,/home/lj/zero_perturbation_data/rts_gt_v1/official_repository/data/20220715-1/filtered_prediction/f-2-1-1-1-6-0-L_3.csv,https://github.com/norlab-ulaval/RTS_project/blob/449a299bcf8bc11766718db4ed4aea4a489c7c46/data/20220715-1/filtered_prediction/f-2-1-1-1-6-0-L_3.csv,OFFICIAL_GIT_METADATA_GT_CALIBRATION_OR_CODE,116414,c4ef87a81c9a24d72ae625e071fe548b33f486e23d43ae042cf782b9c964482a,False,COMPLETE_SHA256_RECORDED
official_repository/data/20220715-1/filtered_prediction/f-2-1-1-1-6-0-SGP-100_1.csv,/home/lj/zero_perturbation_data/rts_gt_v1/official_repository/data/20220715-1/filtered_prediction/f-2-1-1-1-6-0-SGP-100_1.csv,https://github.com/norlab-ulaval/RTS_project/blob/449a299bcf8bc11766718db4ed4aea4a489c7c46/data/20220715-1/filtered_prediction/f-2-1-1-1-6-0-SGP-100_1.csv,OFFICIAL_GIT_METADATA_GT_CALIBRATION_OR_CODE,219650,b0422f7aeac13554352d7db64d227dd7d39e509a5af849ab2f9620ac5173b1e5,False,COMPLETE_SHA256_RECORDED
official_repository/data/20220715-1/filtered_prediction/f-2-1-1-1-6-0-SGP-100_2.csv,/home/lj/zero_perturbation_data/rts_gt_v1/official_repository/data/20220715-1/filtered_prediction/f-2-1-1-1-6-0-SGP-100_2.csv,https://github.com/norlab-ulaval/RTS_project/blob/449a299bcf8bc11766718db4ed4aea4a489c7c46/data/20220715-1/filtered_prediction/f-2-1-1-1-6-0-SGP-100_2.csv,OFFICIAL_GIT_METADATA_GT_CALIBRATION_OR_CODE,218639,a45822275969fdccadd0cfc461bd767c58a853ee1e9d3d0b367ca1311989c73b,False,COMPLETE_SHA256_RECORDED
official_repository/data/20220715-1/filtered_prediction/f-2-1-1-1-6-0-SGP-100_3.csv,/home/lj/zero_perturbation_data/rts_gt_v1/official_repository/data/20220715-1/filtered_prediction/f-2-1-1-1-6-0-SGP-100_3.csv,https://github.com/norlab-ulaval/RTS_project/blob/449a299bcf8bc11766718db4ed4aea4a489c7c46/data/20220715-1/filtered_prediction/f-2-1-1-1-6-0-SGP-100_3.csv,OFFICIAL_GIT_METADATA_GT_CALIBRATION_OR_CODE,218856,b7b1768cec8cc7ed8804f59b3055edc5c6e76db8f9f783663fdb1e0d8b21e76d,False,COMPLETE_SHA256_RECORDED
official_repository/data/20220715-1/filtered_prediction/f-2-1-1-1-6-1-L_1.csv,/home/lj/zero_perturbation_data/rts_gt_v1/official_repository/data/20220715-1/filtered_prediction/f-2-1-1-1-6-1-L_1.csv,https://github.com/norlab-ulaval/RTS_project/blob/449a299bcf8bc11766718db4ed4aea4a489c7c46/data/20220715-1/filtered_prediction/f-2-1-1-1-6-1-L_1.csv,OFFICIAL_GIT_METADATA_GT_CALIBRATION_OR_CODE,117717,2cbc4924aa5af4cab0419f219acef5b6bf8b9b0af96be27c26e2181660d3bf86,False,COMPLETE_SHA256_RECORDED
official_repository/data/20220715-1/filtered_prediction/f-2-1-1-1-6-1-L_2.csv,/home/lj/zero_perturbation_data/rts_gt_v1/official_repository/data/20220715-1/filtered_prediction/f-2-1-1-1-6-1-L_2.csv,https://github.com/norlab-ulaval/RTS_project/blob/449a299bcf8bc11766718db4ed4aea4a489c7c46/data/20220715-1/filtered_prediction/f-2-1-1-1-6-1-L_2.csv,OFFICIAL_GIT_METADATA_GT_CALIBRATION_OR_CODE,116949,4876304af1e2f8b5684f0bb95c389dda4426857de18fb72a1dbc1648ac5c8822,False,COMPLETE_SHA256_RECORDED
official_repository/data/20220715-1/filtered_prediction/f-2-1-1-1-6-1-L_3.csv,/home/lj/zero_perturbation_data/rts_gt_v1/official_repository/data/20220715-1/filtered_prediction/f-2-1-1-1-6-1-L_3.csv,https://github.com/norlab-ulaval/RTS_project/blob/449a299bcf8bc11766718db4ed4aea4a489c7c46/data/20220715-1/filtered_prediction/f-2-1-1-1-6-1-L_3.csv,OFFICIAL_GIT_METADATA_GT_CALIBRATION_OR_CODE,115790,44d195e72ae8ff65c3c3b9ce54cd1438d3fdc83e7b696c6e729ae5ad31fc1690,False,COMPLETE_SHA256_RECORDED
official_repository/data/20220715-1/filtered_prediction/f-2-1-1-1-6-1-SGP-1000_1.csv,/home/lj/zero_perturbation_data/rts_gt_v1/official_repository/data/20220715-1/filtered_prediction/f-2-1-1-1-6-1-SGP-1000_1.csv,https://github.com/norlab-ulaval/RTS_project/blob/449a299bcf8bc11766718db4ed4aea4a489c7c46/data/20220715-1/filtered_prediction/f-2-1-1-1-6-1-SGP-1000_1.csv,OFFICIAL_GIT_METADATA_GT_CALIBRATION_OR_CODE,217834,98146f0f728fb5a36d0fec7f28d3542c3bc7d423b4eb653b3191376c2d442a39,False,COMPLETE_SHA256_RECORDED
official_repository/data/20220715-1/filtered_prediction/f-2-1-1-1-6-1-SGP-1000_2.csv,/home/lj/zero_perturbation_data/rts_gt_v1/official_repository/data/20220715-1/filtered_prediction/f-2-1-1-1-6-1-SGP-1000_2.csv,https://github.com/norlab-ulaval/RTS_project/blob/449a299bcf8bc11766718db4ed4aea4a489c7c46/data/20220715-1/filtered_prediction/f-2-1-1-1-6-1-SGP-1000_2.csv,OFFICIAL_GIT_METADATA_GT_CALIBRATION_OR_CODE,217705,822c8f15629e97252a3b0461c0bdc03e7048fd1b61d8a85fc6d4e1f1249bea0a,False,COMPLETE_SHA256_RECORDED
official_repository/data/20220715-1/filtered_prediction/f-2-1-1-1-6-1-SGP-1000_3.csv,/home/lj/zero_perturbation_data/rts_gt_v1/official_repository/data/20220715-1/filtered_prediction/f-2-1-1-1-6-1-SGP-1000_3.csv,https://github.com/norlab-ulaval/RTS_project/blob/449a299bcf8bc11766718db4ed4aea4a489c7c46/data/20220715-1/filtered_prediction/f-2-1-1-1-6-1-SGP-1000_3.csv,OFFICIAL_GIT_METADATA_GT_CALIBRATION_OR_CODE,217940,c822fa9bff7b55d43dbf1604f31e0244ee6b4e189b39a3867e3627b93e5546ff,False,COMPLETE_SHA256_RECORDED
official_repository/data/20220715-1/list_tf/TF_list_distance_resection.csv,/home/lj/zero_perturbation_data/rts_gt_v1/official_repository/data/20220715-1/list_tf/TF_list_distance_resection.csv,https://github.com/norlab-ulaval/RTS_project/blob/449a299bcf8bc11766718db4ed4aea4a489c7c46/data/20220715-1/list_tf/TF_list_distance_resection.csv,OFFICIAL_GIT_METADATA_GT_CALIBRATION_OR_CODE,1395,7e82ee811623e24c10267883859a623a07fe274306252bbce6d61e7bd84b33b2,False,COMPLETE_SHA256_RECORDED
official_repository/data/20220715-1/raw_prediction/nf-1-0-1-L_1.csv,/home/lj/zero_perturbation_data/rts_gt_v1/official_repository/data/20220715-1/raw_prediction/nf-1-0-1-L_1.csv,https://github.com/norlab-ulaval/RTS_project/blob/449a299bcf8bc11766718db4ed4aea4a489c7c46/data/20220715-1/raw_prediction/nf-1-0-1-L_1.csv,OFFICIAL_GIT_METADATA_GT_CALIBRATION_OR_CODE,131262,3d6e890eac04d04e36158b953a8b35d018ad33c2a4ddc51416ad265a538d8fc6,False,COMPLETE_SHA256_RECORDED
official_repository/data/20220715-1/raw_prediction/nf-1-0-1-L_2.csv,/home/lj/zero_perturbation_data/rts_gt_v1/official_repository/data/20220715-1/raw_prediction/nf-1-0-1-L_2.csv,https://github.com/norlab-ulaval/RTS_project/blob/449a299bcf8bc11766718db4ed4aea4a489c7c46/data/20220715-1/raw_prediction/nf-1-0-1-L_2.csv,OFFICIAL_GIT_METADATA_GT_CALIBRATION_OR_CODE,130408,361210aa5a3ecf18e6ff1389b11fb912444d323fd9a29798775481488c1db3cc,False,COMPLETE_SHA256_RECORDED
official_repository/data/20220715-1/raw_prediction/nf-1-0-1-L_3.csv,/home/lj/zero_perturbation_data/rts_gt_v1/official_repository/data/20220715-1/raw_prediction/nf-1-0-1-L_3.csv,https://github.com/norlab-ulaval/RTS_project/blob/449a299bcf8bc11766718db4ed4aea4a489c7c46/data/20220715-1/raw_prediction/nf-1-0-1-L_3.csv,OFFICIAL_GIT_METADATA_GT_CALIBRATION_OR_CODE,129053,2e7a830dc75cc8d5572a32210390d35d61951afc743729e01fd428cddbe0a55e,False,COMPLETE_SHA256_RECORDED
official_repository/data/20220715-1/raw_prediction/nf-1-2-0-L_1.csv,/home/lj/zero_perturbation_data/rts_gt_v1/official_repository/data/20220715-1/raw_prediction/nf-1-2-0-L_1.csv,https://github.com/norlab-ulaval/RTS_project/blob/449a299bcf8bc11766718db4ed4aea4a489c7c46/data/20220715-1/raw_prediction/nf-1-2-0-L_1.csv,OFFICIAL_GIT_METADATA_GT_CALIBRATION_OR_CODE,131262,3d6e890eac04d04e36158b953a8b35d018ad33c2a4ddc51416ad265a538d8fc6,False,COMPLETE_SHA256_RECORDED
official_repository/data/20220715-1/raw_prediction/nf-1-2-0-L_2.csv,/home/lj/zero_perturbation_data/rts_gt_v1/official_repository/data/20220715-1/raw_prediction/nf-1-2-0-L_2.csv,https://github.com/norlab-ulaval/RTS_project/blob/449a299bcf8bc11766718db4ed4aea4a489c7c46/data/20220715-1/raw_prediction/nf-1-2-0-L_2.csv,OFFICIAL_GIT_METADATA_GT_CALIBRATION_OR_CODE,130408,361210aa5a3ecf18e6ff1389b11fb912444d323fd9a29798775481488c1db3cc,False,COMPLETE_SHA256_RECORDED
official_repository/data/20220715-1/raw_prediction/nf-1-2-0-L_3.csv,/home/lj/zero_perturbation_data/rts_gt_v1/official_repository/data/20220715-1/raw_prediction/nf-1-2-0-L_3.csv,https://github.com/norlab-ulaval/RTS_project/blob/449a299bcf8bc11766718db4ed4aea4a489c7c46/data/20220715-1/raw_prediction/nf-1-2-0-L_3.csv,OFFICIAL_GIT_METADATA_GT_CALIBRATION_OR_CODE,129053,2e7a830dc75cc8d5572a32210390d35d61951afc743729e01fd428cddbe0a55e,False,COMPLETE_SHA256_RECORDED
official_repository/data/20220715-1/raw_prediction/nf-1-2-0-SGP-100_1.csv,/home/lj/zero_perturbation_data/rts_gt_v1/official_repository/data/20220715-1/raw_prediction/nf-1-2-0-SGP-100_1.csv,https://github.com/norlab-ulaval/RTS_project/blob/449a299bcf8bc11766718db4ed4aea4a489c7c46/data/20220715-1/raw_prediction/nf-1-2-0-SGP-100_1.csv,OFFICIAL_GIT_METADATA_GT_CALIBRATION_OR_CODE,243088,2bc0502f5bff912ed8897f9505ede22379d2da101c8a6f79402b3b168250429a,False,COMPLETE_SHA256_RECORDED
official_repository/data/20220715-1/raw_prediction/nf-1-2-0-SGP-100_2.csv,/home/lj/zero_perturbation_data/rts_gt_v1/official_repository/data/20220715-1/raw_prediction/nf-1-2-0-SGP-100_2.csv,https://github.com/norlab-ulaval/RTS_project/blob/449a299bcf8bc11766718db4ed4aea4a489c7c46/data/20220715-1/raw_prediction/nf-1-2-0-SGP-100_2.csv,OFFICIAL_GIT_METADATA_GT_CALIBRATION_OR_CODE,242050,03256fa9b62dcc4b3b3c5127a9f06012b248e59c97aacfca33f94993cd36fa85,False,COMPLETE_SHA256_RECORDED
official_repository/data/20220715-1/raw_prediction/nf-1-2-0-SGP-100_3.csv,/home/lj/zero_perturbation_data/rts_gt_v1/official_repository/data/20220715-1/raw_prediction/nf-1-2-0-SGP-100_3.csv,https://github.com/norlab-ulaval/RTS_project/blob/449a299bcf8bc11766718db4ed4aea4a489c7c46/data/20220715-1/raw_prediction/nf-1-2-0-SGP-100_3.csv,OFFICIAL_GIT_METADATA_GT_CALIBRATION_OR_CODE,242024,298ed27d9b7b36a0d2dd72dda3080edf5c2bf2057922d7d426c4a68b0307c671,False,COMPLETE_SHA256_RECORDED
official_repository/data/20220715-1/raw_prediction/nf-1-6-0-L_1.csv,/home/lj/zero_perturbation_data/rts_gt_v1/official_repository/data/20220715-1/raw_prediction/nf-1-6-0-L_1.csv,https://github.com/norlab-ulaval/RTS_project/blob/449a299bcf8bc11766718db4ed4aea4a489c7c46/data/20220715-1/raw_prediction/nf-1-6-0-L_1.csv,OFFICIAL_GIT_METADATA_GT_CALIBRATION_OR_CODE,120274,278811f5788745985e7e1e65b6bd04dc3bab8f2cd660bc43d4a72380256edc9e,False,COMPLETE_SHA256_RECORDED
official_repository/data/20220715-1/raw_prediction/nf-1-6-0-L_2.csv,/home/lj/zero_perturbation_data/rts_gt_v1/official_repository/data/20220715-1/raw_prediction/nf-1-6-0-L_2.csv,https://github.com/norlab-ulaval/RTS_project/blob/449a299bcf8bc11766718db4ed4aea4a489c7c46/data/20220715-1/raw_prediction/nf-1-6-0-L_2.csv,OFFICIAL_GIT_METADATA_GT_CALIBRATION_OR_CODE,119486,59a77d451d3bd46180ecdb2d2ddd511e417bfce249e1f66255529d913c2f527f,False,COMPLETE_SHA256_RECORDED
official_repository/data/20220715-1/raw_prediction/nf-1-6-0-L_3.csv,/home/lj/zero_perturbation_data/rts_gt_v1/official_repository/data/20220715-1/raw_prediction/nf-1-6-0-L_3.csv,https://github.com/norlab-ulaval/RTS_project/blob/449a299bcf8bc11766718db4ed4aea4a489c7c46/data/20220715-1/raw_prediction/nf-1-6-0-L_3.csv,OFFICIAL_GIT_METADATA_GT_CALIBRATION_OR_CODE,118260,e997b3fa17f3750280afffdfc4e640ed5513559ea8431a8570f5a71c1cdb4f28,False,COMPLETE_SHA256_RECORDED
official_repository/data/20220715-1/raw_prediction/nf-1-6-0-SGP-100_1.csv,/home/lj/zero_perturbation_data/rts_gt_v1/official_repository/data/20220715-1/raw_prediction/nf-1-6-0-SGP-100_1.csv,https://github.com/norlab-ulaval/RTS_project/blob/449a299bcf8bc11766718db4ed4aea4a489c7c46/data/20220715-1/raw_prediction/nf-1-6-0-SGP-100_1.csv,OFFICIAL_GIT_METADATA_GT_CALIBRATION_OR_CODE,222587,a96ff29bead88260eb6b7c0273a863af108d5f0201171df3c8337dd9d5fb61b3,False,COMPLETE_SHA256_RECORDED
official_repository/data/20220715-1/raw_prediction/nf-1-6-0-SGP-100_2.csv,/home/lj/zero_perturbation_data/rts_gt_v1/official_repository/data/20220715-1/raw_prediction/nf-1-6-0-SGP-100_2.csv,https://github.com/norlab-ulaval/RTS_project/blob/449a299bcf8bc11766718db4ed4aea4a489c7c46/data/20220715-1/raw_prediction/nf-1-6-0-SGP-100_2.csv,OFFICIAL_GIT_METADATA_GT_CALIBRATION_OR_CODE,221598,63ebb4991dafe205cb7c8d7873f1477747669145ef05ce605b2fa02654948f56,False,COMPLETE_SHA256_RECORDED
official_repository/data/20220715-1/raw_prediction/nf-1-6-0-SGP-100_3.csv,/home/lj/zero_perturbation_data/rts_gt_v1/official_repository/data/20220715-1/raw_prediction/nf-1-6-0-SGP-100_3.csv,https://github.com/norlab-ulaval/RTS_project/blob/449a299bcf8bc11766718db4ed4aea4a489c7c46/data/20220715-1/raw_prediction/nf-1-6-0-SGP-100_3.csv,OFFICIAL_GIT_METADATA_GT_CALIBRATION_OR_CODE,221661,659bc12d98c4f4014571500942ecfa8e87814a0d27bc35b79c37e7d13beb5771,False,COMPLETE_SHA256_RECORDED
official_repository/data/20220715-1/raw_prediction/nf-1-6-1-L_1.csv,/home/lj/zero_perturbation_data/rts_gt_v1/official_repository/data/20220715-1/raw_prediction/nf-1-6-1-L_1.csv,https://github.com/norlab-ulaval/RTS_project/blob/449a299bcf8bc11766718db4ed4aea4a489c7c46/data/20220715-1/raw_prediction/nf-1-6-1-L_1.csv,OFFICIAL_GIT_METADATA_GT_CALIBRATION_OR_CODE,120274,278811f5788745985e7e1e65b6bd04dc3bab8f2cd660bc43d4a72380256edc9e,False,COMPLETE_SHA256_RECORDED
official_repository/data/20220715-1/raw_prediction/nf-1-6-1-L_2.csv,/home/lj/zero_perturbation_data/rts_gt_v1/official_repository/data/20220715-1/raw_prediction/nf-1-6-1-L_2.csv,https://github.com/norlab-ulaval/RTS_project/blob/449a299bcf8bc11766718db4ed4aea4a489c7c46/data/20220715-1/raw_prediction/nf-1-6-1-L_2.csv,OFFICIAL_GIT_METADATA_GT_CALIBRATION_OR_CODE,119486,59a77d451d3bd46180ecdb2d2ddd511e417bfce249e1f66255529d913c2f527f,False,COMPLETE_SHA256_RECORDED
official_repository/data/20220715-1/raw_prediction/nf-1-6-1-L_3.csv,/home/lj/zero_perturbation_data/rts_gt_v1/official_repository/data/20220715-1/raw_prediction/nf-1-6-1-L_3.csv,https://github.com/norlab-ulaval/RTS_project/blob/449a299bcf8bc11766718db4ed4aea4a489c7c46/data/20220715-1/raw_prediction/nf-1-6-1-L_3.csv,OFFICIAL_GIT_METADATA_GT_CALIBRATION_OR_CODE,118260,e997b3fa17f3750280afffdfc4e640ed5513559ea8431a8570f5a71c1cdb4f28,False,COMPLETE_SHA256_RECORDED
official_repository/data/20220715-1/raw_prediction/nf-1-6-1-SGP-1000_1.csv,/home/lj/zero_perturbation_data/rts_gt_v1/official_repository/data/20220715-1/raw_prediction/nf-1-6-1-SGP-1000_1.csv,https://github.com/norlab-ulaval/RTS_project/blob/449a299bcf8bc11766718db4ed4aea4a489c7c46/data/20220715-1/raw_prediction/nf-1-6-1-SGP-1000_1.csv,OFFICIAL_GIT_METADATA_GT_CALIBRATION_OR_CODE,222568,e2fab26dbecba28e2acd8b5d74c6afc3c71db9f0e0895ba694538f4fb2300e54,False,COMPLETE_SHA256_RECORDED
official_repository/data/20220715-1/raw_prediction/nf-1-6-1-SGP-1000_2.csv,/home/lj/zero_perturbation_data/rts_gt_v1/official_repository/data/20220715-1/raw_prediction/nf-1-6-1-SGP-1000_2.csv,https://github.com/norlab-ulaval/RTS_project/blob/449a299bcf8bc11766718db4ed4aea4a489c7c46/data/20220715-1/raw_prediction/nf-1-6-1-SGP-1000_2.csv,OFFICIAL_GIT_METADATA_GT_CALIBRATION_OR_CODE,222280,697bf46659b724504fc18f4571db4ebc7f2255f4b85f77fb02e5cf099830f660,False,COMPLETE_SHA256_RECORDED
official_repository/data/20220715-1/raw_prediction/nf-1-6-1-SGP-1000_3.csv,/home/lj/zero_perturbation_data/rts_gt_v1/official_repository/data/20220715-1/raw_prediction/nf-1-6-1-SGP-1000_3.csv,https://github.com/norlab-ulaval/RTS_project/blob/449a299bcf8bc11766718db4ed4aea4a489c7c46/data/20220715-1/raw_prediction/nf-1-6-1-SGP-1000_3.csv,OFFICIAL_GIT_METADATA_GT_CALIBRATION_OR_CODE,222581,e9e8b930174bedfd9779634409425094457be55b55c15f9bddae18dd13aacaab,False,COMPLETE_SHA256_RECORDED
official_repository/data/20220715-1/total_stations/GCP.txt,/home/lj/zero_perturbation_data/rts_gt_v1/official_repository/data/20220715-1/total_stations/GCP.txt,https://github.com/norlab-ulaval/RTS_project/blob/449a299bcf8bc11766718db4ed4aea4a489c7c46/data/20220715-1/total_stations/GCP.txt,OFFICIAL_GIT_METADATA_GT_CALIBRATION_OR_CODE,2018,2acdcc7b4987a1eef0a793e13b6976735295515f3c1e2abf478a442a5ddea83d,False,COMPLETE_SHA256_RECORDED
official_repository/data/20220715-1/total_stations/Two_points.txt,/home/lj/zero_perturbation_data/rts_gt_v1/official_repository/data/20220715-1/total_stations/Two_points.txt,https://github.com/norlab-ulaval/RTS_project/blob/449a299bcf8bc11766718db4ed4aea4a489c7c46/data/20220715-1/total_stations/Two_points.txt,OFFICIAL_GIT_METADATA_GT_CALIBRATION_OR_CODE,868,835044917464a2ebe349211c34868d431e0619c73da1c735375b5d3c97c1eb59,False,COMPLETE_SHA256_RECORDED
official_repository/data/20220715-1/total_stations/trimble1.csv,/home/lj/zero_perturbation_data/rts_gt_v1/official_repository/data/20220715-1/total_stations/trimble1.csv,https://github.com/norlab-ulaval/RTS_project/blob/449a299bcf8bc11766718db4ed4aea4a489c7c46/data/20220715-1/total_stations/trimble1.csv,OFFICIAL_GIT_METADATA_GT_CALIBRATION_OR_CODE,33090,a0b43c16f2446680fd9dae50930cb6d8d007d6af42360ef1402c62415c5cf397,False,COMPLETE_SHA256_RECORDED
official_repository/data/20220715-1/total_stations/trimble2.csv,/home/lj/zero_perturbation_data/rts_gt_v1/official_repository/data/20220715-1/total_stations/trimble2.csv,https://github.com/norlab-ulaval/RTS_project/blob/449a299bcf8bc11766718db4ed4aea4a489c7c46/data/20220715-1/total_stations/trimble2.csv,OFFICIAL_GIT_METADATA_GT_CALIBRATION_OR_CODE,32964,472c90356ebed932aaf5b964e3469952527ac566bde398f6fe6ceb8056faf398,False,COMPLETE_SHA256_RECORDED
official_repository/data/20220715-1/total_stations/trimble3.csv,/home/lj/zero_perturbation_data/rts_gt_v1/official_repository/data/20220715-1/total_stations/trimble3.csv,https://github.com/norlab-ulaval/RTS_project/blob/449a299bcf8bc11766718db4ed4aea4a489c7c46/data/20220715-1/total_stations/trimble3.csv,OFFICIAL_GIT_METADATA_GT_CALIBRATION_OR_CODE,33795,1d11ebcf394f1764866653a2f8c697f09e7d9a3578f5910f7f1eeb3642228d0a,False,COMPLETE_SHA256_RECORDED
official_repository/data/20220715-1/uncertainty/interpolation/MC_Fake_0_0_0_0_0_5_1.csv,/home/lj/zero_perturbation_data/rts_gt_v1/official_repository/data/20220715-1/uncertainty/interpolation/MC_Fake_0_0_0_0_0_5_1.csv,https://github.com/norlab-ulaval/RTS_project/blob/449a299bcf8bc11766718db4ed4aea4a489c7c46/data/20220715-1/uncertainty/interpolation/MC_Fake_0_0_0_0_0_5_1.csv,OFFICIAL_GIT_METADATA_GT_CALIBRATION_OR_CODE,0,e3b0c44298fc1c149afbf4c8996fb92427ae41e4649b934ca495991b7852b855,False,COMPLETE_SHA256_RECORDED
official_repository/data/20220715-1/uncertainty/interpolation/MC_Fake_0_0_0_0_0_5_2.csv,/home/lj/zero_perturbation_data/rts_gt_v1/official_repository/data/20220715-1/uncertainty/interpolation/MC_Fake_0_0_0_0_0_5_2.csv,https://github.com/norlab-ulaval/RTS_project/blob/449a299bcf8bc11766718db4ed4aea4a489c7c46/data/20220715-1/uncertainty/interpolation/MC_Fake_0_0_0_0_0_5_2.csv,OFFICIAL_GIT_METADATA_GT_CALIBRATION_OR_CODE,0,e3b0c44298fc1c149afbf4c8996fb92427ae41e4649b934ca495991b7852b855,False,COMPLETE_SHA256_RECORDED
official_repository/data/20220715-1/uncertainty/interpolation/MC_Fake_0_0_0_0_0_5_3.csv,/home/lj/zero_perturbation_data/rts_gt_v1/official_repository/data/20220715-1/uncertainty/interpolation/MC_Fake_0_0_0_0_0_5_3.csv,https://github.com/norlab-ulaval/RTS_project/blob/449a299bcf8bc11766718db4ed4aea4a489c7c46/data/20220715-1/uncertainty/interpolation/MC_Fake_0_0_0_0_0_5_3.csv,OFFICIAL_GIT_METADATA_GT_CALIBRATION_OR_CODE,0,e3b0c44298fc1c149afbf4c8996fb92427ae41e4649b934ca495991b7852b855,False,COMPLETE_SHA256_RECORDED
official_repository/data/20220715-1/uncertainty/interpolation/MC_Fake_0_0_0_1_0_5_1.csv,/home/lj/zero_perturbation_data/rts_gt_v1/official_repository/data/20220715-1/uncertainty/interpolation/MC_Fake_0_0_0_1_0_5_1.csv,https://github.com/norlab-ulaval/RTS_project/blob/449a299bcf8bc11766718db4ed4aea4a489c7c46/data/20220715-1/uncertainty/interpolation/MC_Fake_0_0_0_1_0_5_1.csv,OFFICIAL_GIT_METADATA_GT_CALIBRATION_OR_CODE,0,e3b0c44298fc1c149afbf4c8996fb92427ae41e4649b934ca495991b7852b855,False,COMPLETE_SHA256_RECORDED
official_repository/data/20220715-1/uncertainty/interpolation/MC_Fake_0_0_0_1_0_5_2.csv,/home/lj/zero_perturbation_data/rts_gt_v1/official_repository/data/20220715-1/uncertainty/interpolation/MC_Fake_0_0_0_1_0_5_2.csv,https://github.com/norlab-ulaval/RTS_project/blob/449a299bcf8bc11766718db4ed4aea4a489c7c46/data/20220715-1/uncertainty/interpolation/MC_Fake_0_0_0_1_0_5_2.csv,OFFICIAL_GIT_METADATA_GT_CALIBRATION_OR_CODE,0,e3b0c44298fc1c149afbf4c8996fb92427ae41e4649b934ca495991b7852b855,False,COMPLETE_SHA256_RECORDED
official_repository/data/20220715-1/uncertainty/interpolation/MC_Fake_0_0_0_1_0_5_3.csv,/home/lj/zero_perturbation_data/rts_gt_v1/official_repository/data/20220715-1/uncertainty/interpolation/MC_Fake_0_0_0_1_0_5_3.csv,https://github.com/norlab-ulaval/RTS_project/blob/449a299bcf8bc11766718db4ed4aea4a489c7c46/data/20220715-1/uncertainty/interpolation/MC_Fake_0_0_0_1_0_5_3.csv,OFFICIAL_GIT_METADATA_GT_CALIBRATION_OR_CODE,0,e3b0c44298fc1c149afbf4c8996fb92427ae41e4649b934ca495991b7852b855,False,COMPLETE_SHA256_RECORDED
official_repository/data/20220715-1/uncertainty/interpolation/MC_Fake_0_0_1_0_0_5_1.csv,/home/lj/zero_perturbation_data/rts_gt_v1/official_repository/data/20220715-1/uncertainty/interpolation/MC_Fake_0_0_1_0_0_5_1.csv,https://github.com/norlab-ulaval/RTS_project/blob/449a299bcf8bc11766718db4ed4aea4a489c7c46/data/20220715-1/uncertainty/interpolation/MC_Fake_0_0_1_0_0_5_1.csv,OFFICIAL_GIT_METADATA_GT_CALIBRATION_OR_CODE,0,e3b0c44298fc1c149afbf4c8996fb92427ae41e4649b934ca495991b7852b855,False,COMPLETE_SHA256_RECORDED
official_repository/data/20220715-1/uncertainty/interpolation/MC_Fake_0_0_1_0_0_5_2.csv,/home/lj/zero_perturbation_data/rts_gt_v1/official_repository/data/20220715-1/uncertainty/interpolation/MC_Fake_0_0_1_0_0_5_2.csv,https://github.com/norlab-ulaval/RTS_project/blob/449a299bcf8bc11766718db4ed4aea4a489c7c46/data/20220715-1/uncertainty/interpolation/MC_Fake_0_0_1_0_0_5_2.csv,OFFICIAL_GIT_METADATA_GT_CALIBRATION_OR_CODE,0,e3b0c44298fc1c149afbf4c8996fb92427ae41e4649b934ca495991b7852b855,False,COMPLETE_SHA256_RECORDED
official_repository/data/20220715-1/uncertainty/interpolation/MC_Fake_0_0_1_0_0_5_3.csv,/home/lj/zero_perturbation_data/rts_gt_v1/official_repository/data/20220715-1/uncertainty/interpolation/MC_Fake_0_0_1_0_0_5_3.csv,https://github.com/norlab-ulaval/RTS_project/blob/449a299bcf8bc11766718db4ed4aea4a489c7c46/data/20220715-1/uncertainty/interpolation/MC_Fake_0_0_1_0_0_5_3.csv,OFFICIAL_GIT_METADATA_GT_CALIBRATION_OR_CODE,0,e3b0c44298fc1c149afbf4c8996fb92427ae41e4649b934ca495991b7852b855,False,COMPLETE_SHA256_RECORDED
official_repository/data/20220715-1/uncertainty/interpolation/MC_Fake_0_1_0_0_0_5_1.csv,/home/lj/zero_perturbation_data/rts_gt_v1/official_repository/data/20220715-1/uncertainty/interpolation/MC_Fake_0_1_0_0_0_5_1.csv,https://github.com/norlab-ulaval/RTS_project/blob/449a299bcf8bc11766718db4ed4aea4a489c7c46/data/20220715-1/uncertainty/interpolation/MC_Fake_0_1_0_0_0_5_1.csv,OFFICIAL_GIT_METADATA_GT_CALIBRATION_OR_CODE,0,e3b0c44298fc1c149afbf4c8996fb92427ae41e4649b934ca495991b7852b855,False,COMPLETE_SHA256_RECORDED
official_repository/data/20220715-1/uncertainty/interpolation/MC_Fake_0_1_0_0_0_5_2.csv,/home/lj/zero_perturbation_data/rts_gt_v1/official_repository/data/20220715-1/uncertainty/interpolation/MC_Fake_0_1_0_0_0_5_2.csv,https://github.com/norlab-ulaval/RTS_project/blob/449a299bcf8bc11766718db4ed4aea4a489c7c46/data/20220715-1/uncertainty/interpolation/MC_Fake_0_1_0_0_0_5_2.csv,OFFICIAL_GIT_METADATA_GT_CALIBRATION_OR_CODE,0,e3b0c44298fc1c149afbf4c8996fb92427ae41e4649b934ca495991b7852b855,False,COMPLETE_SHA256_RECORDED
official_repository/data/20220715-1/uncertainty/interpolation/MC_Fake_0_1_0_0_0_5_3.csv,/home/lj/zero_perturbation_data/rts_gt_v1/official_repository/data/20220715-1/uncertainty/interpolation/MC_Fake_0_1_0_0_0_5_3.csv,https://github.com/norlab-ulaval/RTS_project/blob/449a299bcf8bc11766718db4ed4aea4a489c7c46/data/20220715-1/uncertainty/interpolation/MC_Fake_0_1_0_0_0_5_3.csv,OFFICIAL_GIT_METADATA_GT_CALIBRATION_OR_CODE,0,e3b0c44298fc1c149afbf4c8996fb92427ae41e4649b934ca495991b7852b855,False,COMPLETE_SHA256_RECORDED
official_repository/data/20220715-1/uncertainty/interpolation/MC_Fake_1_0_0_0_0_5_1.csv,/home/lj/zero_perturbation_data/rts_gt_v1/official_repository/data/20220715-1/uncertainty/interpolation/MC_Fake_1_0_0_0_0_5_1.csv,https://github.com/norlab-ulaval/RTS_project/blob/449a299bcf8bc11766718db4ed4aea4a489c7c46/data/20220715-1/uncertainty/interpolation/MC_Fake_1_0_0_0_0_5_1.csv,OFFICIAL_GIT_METADATA_GT_CALIBRATION_OR_CODE,0,e3b0c44298fc1c149afbf4c8996fb92427ae41e4649b934ca495991b7852b855,False,COMPLETE_SHA256_RECORDED
official_repository/data/20220715-1/uncertainty/interpolation/MC_Fake_1_0_0_0_0_5_2.csv,/home/lj/zero_perturbation_data/rts_gt_v1/official_repository/data/20220715-1/uncertainty/interpolation/MC_Fake_1_0_0_0_0_5_2.csv,https://github.com/norlab-ulaval/RTS_project/blob/449a299bcf8bc11766718db4ed4aea4a489c7c46/data/20220715-1/uncertainty/interpolation/MC_Fake_1_0_0_0_0_5_2.csv,OFFICIAL_GIT_METADATA_GT_CALIBRATION_OR_CODE,0,e3b0c44298fc1c149afbf4c8996fb92427ae41e4649b934ca495991b7852b855,False,COMPLETE_SHA256_RECORDED
official_repository/data/20220715-1/uncertainty/interpolation/MC_Fake_1_0_0_0_0_5_3.csv,/home/lj/zero_perturbation_data/rts_gt_v1/official_repository/data/20220715-1/uncertainty/interpolation/MC_Fake_1_0_0_0_0_5_3.csv,https://github.com/norlab-ulaval/RTS_project/blob/449a299bcf8bc11766718db4ed4aea4a489c7c46/data/20220715-1/uncertainty/interpolation/MC_Fake_1_0_0_0_0_5_3.csv,OFFICIAL_GIT_METADATA_GT_CALIBRATION_OR_CODE,0,e3b0c44298fc1c149afbf4c8996fb92427ae41e4649b934ca495991b7852b855,False,COMPLETE_SHA256_RECORDED
official_repository/data/20220715-1/uncertainty/interpolation/MC_Fake_1_1_1_1_0_5_1.csv,/home/lj/zero_perturbation_data/rts_gt_v1/official_repository/data/20220715-1/uncertainty/interpolation/MC_Fake_1_1_1_1_0_5_1.csv,https://github.com/norlab-ulaval/RTS_project/blob/449a299bcf8bc11766718db4ed4aea4a489c7c46/data/20220715-1/uncertainty/interpolation/MC_Fake_1_1_1_1_0_5_1.csv,OFFICIAL_GIT_METADATA_GT_CALIBRATION_OR_CODE,0,e3b0c44298fc1c149afbf4c8996fb92427ae41e4649b934ca495991b7852b855,False,COMPLETE_SHA256_RECORDED
official_repository/data/20220715-1/uncertainty/interpolation/MC_Fake_1_1_1_1_0_5_2.csv,/home/lj/zero_perturbation_data/rts_gt_v1/official_repository/data/20220715-1/uncertainty/interpolation/MC_Fake_1_1_1_1_0_5_2.csv,https://github.com/norlab-ulaval/RTS_project/blob/449a299bcf8bc11766718db4ed4aea4a489c7c46/data/20220715-1/uncertainty/interpolation/MC_Fake_1_1_1_1_0_5_2.csv,OFFICIAL_GIT_METADATA_GT_CALIBRATION_OR_CODE,0,e3b0c44298fc1c149afbf4c8996fb92427ae41e4649b934ca495991b7852b855,False,COMPLETE_SHA256_RECORDED
official_repository/data/20220715-1/uncertainty/interpolation/MC_Fake_1_1_1_1_0_5_3.csv,/home/lj/zero_perturbation_data/rts_gt_v1/official_repository/data/20220715-1/uncertainty/interpolation/MC_Fake_1_1_1_1_0_5_3.csv,https://github.com/norlab-ulaval/RTS_project/blob/449a299bcf8bc11766718db4ed4aea4a489c7c46/data/20220715-1/uncertainty/interpolation/MC_Fake_1_1_1_1_0_5_3.csv,OFFICIAL_GIT_METADATA_GT_CALIBRATION_OR_CODE,0,e3b0c44298fc1c149afbf4c8996fb92427ae41e4649b934ca495991b7852b855,False,COMPLETE_SHA256_RECORDED
official_repository/data/20220715-1/uncertainty/raw_data/prism1.csv,/home/lj/zero_perturbation_data/rts_gt_v1/official_repository/data/20220715-1/uncertainty/raw_data/prism1.csv,https://github.com/norlab-ulaval/RTS_project/blob/449a299bcf8bc11766718db4ed4aea4a489c7c46/data/20220715-1/uncertainty/raw_data/prism1.csv,OFFICIAL_GIT_METADATA_GT_CALIBRATION_OR_CODE,31638,25dcbfc76a03050c9b4e42861aba3b91987e65fec9cab6f329a19416214c0a26,False,COMPLETE_SHA256_RECORDED
official_repository/data/20220715-1/uncertainty/raw_data/prism2.csv,/home/lj/zero_perturbation_data/rts_gt_v1/official_repository/data/20220715-1/uncertainty/raw_data/prism2.csv,https://github.com/norlab-ulaval/RTS_project/blob/449a299bcf8bc11766718db4ed4aea4a489c7c46/data/20220715-1/uncertainty/raw_data/prism2.csv,OFFICIAL_GIT_METADATA_GT_CALIBRATION_OR_CODE,31168,27cfbaedc89e3fda282b180260627b0dce8a146d75c43e9c23cd44c4a734b8e7,False,COMPLETE_SHA256_RECORDED
official_repository/data/20220715-1/uncertainty/raw_data/prism3.csv,/home/lj/zero_perturbation_data/rts_gt_v1/official_repository/data/20220715-1/uncertainty/raw_data/prism3.csv,https://github.com/norlab-ulaval/RTS_project/blob/449a299bcf8bc11766718db4ed4aea4a489c7c46/data/20220715-1/uncertainty/raw_data/prism3.csv,OFFICIAL_GIT_METADATA_GT_CALIBRATION_OR_CODE,31963,01ed7095b19c5edc31477c77039876194e2236ac64c77e1802c24529180cdeae,False,COMPLETE_SHA256_RECORDED
official_repository/data/20220715-1/uncertainty/raw_data/speed_prism1.csv,/home/lj/zero_perturbation_data/rts_gt_v1/official_repository/data/20220715-1/uncertainty/raw_data/speed_prism1.csv,https://github.com/norlab-ulaval/RTS_project/blob/449a299bcf8bc11766718db4ed4aea4a489c7c46/data/20220715-1/uncertainty/raw_data/speed_prism1.csv,OFFICIAL_GIT_METADATA_GT_CALIBRATION_OR_CODE,87882,df33a89055428998321e12ff3d12a772d53c770c5a807710320aa7c515c2b2af,False,COMPLETE_SHA256_RECORDED
official_repository/data/20220715-1/uncertainty/raw_data/speed_prism2.csv,/home/lj/zero_perturbation_data/rts_gt_v1/official_repository/data/20220715-1/uncertainty/raw_data/speed_prism2.csv,https://github.com/norlab-ulaval/RTS_project/blob/449a299bcf8bc11766718db4ed4aea4a489c7c46/data/20220715-1/uncertainty/raw_data/speed_prism2.csv,OFFICIAL_GIT_METADATA_GT_CALIBRATION_OR_CODE,87385,6530ead32d45fee2df8648e93a7be3fc25ed6f357929a7253f15ee4661d9f9dd,False,COMPLETE_SHA256_RECORDED
official_repository/data/20220715-1/uncertainty/raw_data/speed_prism3.csv,/home/lj/zero_perturbation_data/rts_gt_v1/official_repository/data/20220715-1/uncertainty/raw_data/speed_prism3.csv,https://github.com/norlab-ulaval/RTS_project/blob/449a299bcf8bc11766718db4ed4aea4a489c7c46/data/20220715-1/uncertainty/raw_data/speed_prism3.csv,OFFICIAL_GIT_METADATA_GT_CALIBRATION_OR_CODE,87762,ed00c0d8be71cdfc26f1b5f7316e820b951c412442c56d623bfdd58752ecdacf,False,COMPLETE_SHA256_RECORDED
official_repository/data/20220715-1/uncertainty/sensor/.csv,/home/lj/zero_perturbation_data/rts_gt_v1/official_repository/data/20220715-1/uncertainty/sensor/.csv,https://github.com/norlab-ulaval/RTS_project/blob/449a299bcf8bc11766718db4ed4aea4a489c7c46/data/20220715-1/uncertainty/sensor/.csv,OFFICIAL_GIT_METADATA_GT_CALIBRATION_OR_CODE,47258,9832b46e87cccd183270ce57464f12fd429c94b6f00ad917daa817bbe20da56a,False,COMPLETE_SHA256_RECORDED
official_repository/data/20220715-1/uncertainty/static_raw_data/prism1.csv,/home/lj/zero_perturbation_data/rts_gt_v1/official_repository/data/20220715-1/uncertainty/static_raw_data/prism1.csv,https://github.com/norlab-ulaval/RTS_project/blob/449a299bcf8bc11766718db4ed4aea4a489c7c46/data/20220715-1/uncertainty/static_raw_data/prism1.csv,OFFICIAL_GIT_METADATA_GT_CALIBRATION_OR_CODE,31566,4875e42b15be3c3962b65830d6488e5a81aa5dd304ed4538bccd5c289af5f91c,False,COMPLETE_SHA256_RECORDED
official_repository/data/20220715-1/uncertainty/static_raw_data/prism2.csv,/home/lj/zero_perturbation_data/rts_gt_v1/official_repository/data/20220715-1/uncertainty/static_raw_data/prism2.csv,https://github.com/norlab-ulaval/RTS_project/blob/449a299bcf8bc11766718db4ed4aea4a489c7c46/data/20220715-1/uncertainty/static_raw_data/prism2.csv,OFFICIAL_GIT_METADATA_GT_CALIBRATION_OR_CODE,31094,8717bb4b98a0e5854839a45b1ff6b6fee4116a424a10af717b00d468fe821063,False,COMPLETE_SHA256_RECORDED
official_repository/data/20220715-1/uncertainty/static_raw_data/prism3.csv,/home/lj/zero_perturbation_data/rts_gt_v1/official_repository/data/20220715-1/uncertainty/static_raw_data/prism3.csv,https://github.com/norlab-ulaval/RTS_project/blob/449a299bcf8bc11766718db4ed4aea4a489c7c46/data/20220715-1/uncertainty/static_raw_data/prism3.csv,OFFICIAL_GIT_METADATA_GT_CALIBRATION_OR_CODE,31889,18b23798aebcf3148e09efc6dc31500d69c67ab05b60b5725c57215eb2707c27,False,COMPLETE_SHA256_RECORDED
official_repository/data/20220715-2/filtered_prediction/f-1-2-1-1-0-1-SGP-1000_1.csv,/home/lj/zero_perturbation_data/rts_gt_v1/official_repository/data/20220715-2/filtered_prediction/f-1-2-1-1-0-1-SGP-1000_1.csv,https://github.com/norlab-ulaval/RTS_project/blob/449a299bcf8bc11766718db4ed4aea4a489c7c46/data/20220715-2/filtered_prediction/f-1-2-1-1-0-1-SGP-1000_1.csv,OFFICIAL_GIT_METADATA_GT_CALIBRATION_OR_CODE,124399,f91ffd154333331f1ed52b282b7a5dd9168c7295c20286d378a7dd4dac06ced1,False,COMPLETE_SHA256_RECORDED
official_repository/data/20220715-2/filtered_prediction/f-1-2-1-1-0-1-SGP-1000_2.csv,/home/lj/zero_perturbation_data/rts_gt_v1/official_repository/data/20220715-2/filtered_prediction/f-1-2-1-1-0-1-SGP-1000_2.csv,https://github.com/norlab-ulaval/RTS_project/blob/449a299bcf8bc11766718db4ed4aea4a489c7c46/data/20220715-2/filtered_prediction/f-1-2-1-1-0-1-SGP-1000_2.csv,OFFICIAL_GIT_METADATA_GT_CALIBRATION_OR_CODE,124295,be0b2c743d6e494b2a2ae8b194204431b7816c097608ad8bf04bd77a72f202c6,False,COMPLETE_SHA256_RECORDED
official_repository/data/20220715-2/filtered_prediction/f-1-2-1-1-0-1-SGP-1000_3.csv,/home/lj/zero_perturbation_data/rts_gt_v1/official_repository/data/20220715-2/filtered_prediction/f-1-2-1-1-0-1-SGP-1000_3.csv,https://github.com/norlab-ulaval/RTS_project/blob/449a299bcf8bc11766718db4ed4aea4a489c7c46/data/20220715-2/filtered_prediction/f-1-2-1-1-0-1-SGP-1000_3.csv,OFFICIAL_GIT_METADATA_GT_CALIBRATION_OR_CODE,123476,7c9ef28268b11b53573b91abfa206a35010cdb98d92b00d3b3d3f1143f44aa62,False,COMPLETE_SHA256_RECORDED
official_repository/data/20220715-2/filtered_prediction/f-2-1-1-1-2-0-L_1.csv,/home/lj/zero_perturbation_data/rts_gt_v1/official_repository/data/20220715-2/filtered_prediction/f-2-1-1-1-2-0-L_1.csv,https://github.com/norlab-ulaval/RTS_project/blob/449a299bcf8bc11766718db4ed4aea4a489c7c46/data/20220715-2/filtered_prediction/f-2-1-1-1-2-0-L_1.csv,OFFICIAL_GIT_METADATA_GT_CALIBRATION_OR_CODE,85027,c059b1f0908f122b346c8e4a74a8e46e7e628e86bc78157a2c6c2c0d329874c6,False,COMPLETE_SHA256_RECORDED
official_repository/data/20220715-2/filtered_prediction/f-2-1-1-1-2-0-L_2.csv,/home/lj/zero_perturbation_data/rts_gt_v1/official_repository/data/20220715-2/filtered_prediction/f-2-1-1-1-2-0-L_2.csv,https://github.com/norlab-ulaval/RTS_project/blob/449a299bcf8bc11766718db4ed4aea4a489c7c46/data/20220715-2/filtered_prediction/f-2-1-1-1-2-0-L_2.csv,OFFICIAL_GIT_METADATA_GT_CALIBRATION_OR_CODE,84946,196df3fa7826290fa3c7b1b58acde53713a3940eec4f5d639daf9402fba3cbf0,False,COMPLETE_SHA256_RECORDED
official_repository/data/20220715-2/filtered_prediction/f-2-1-1-1-2-0-L_3.csv,/home/lj/zero_perturbation_data/rts_gt_v1/official_repository/data/20220715-2/filtered_prediction/f-2-1-1-1-2-0-L_3.csv,https://github.com/norlab-ulaval/RTS_project/blob/449a299bcf8bc11766718db4ed4aea4a489c7c46/data/20220715-2/filtered_prediction/f-2-1-1-1-2-0-L_3.csv,OFFICIAL_GIT_METADATA_GT_CALIBRATION_OR_CODE,84020,9eb24b6c04dc6e28d72ed2a9134a56425be515ed642418213503945a8f7af9a7,False,COMPLETE_SHA256_RECORDED
official_repository/data/20220715-2/filtered_prediction/f-2-1-1-1-2-0-SGP-100_1.csv,/home/lj/zero_perturbation_data/rts_gt_v1/official_repository/data/20220715-2/filtered_prediction/f-2-1-1-1-2-0-SGP-100_1.csv,https://github.com/norlab-ulaval/RTS_project/blob/449a299bcf8bc11766718db4ed4aea4a489c7c46/data/20220715-2/filtered_prediction/f-2-1-1-1-2-0-SGP-100_1.csv,OFFICIAL_GIT_METADATA_GT_CALIBRATION_OR_CODE,158859,4c1f84a8742c08cdca695179f69aa0d2fa9e41a6120f12c148215a9ff2ac831c,False,COMPLETE_SHA256_RECORDED
official_repository/data/20220715-2/filtered_prediction/f-2-1-1-1-2-0-SGP-100_2.csv,/home/lj/zero_perturbation_data/rts_gt_v1/official_repository/data/20220715-2/filtered_prediction/f-2-1-1-1-2-0-SGP-100_2.csv,https://github.com/norlab-ulaval/RTS_project/blob/449a299bcf8bc11766718db4ed4aea4a489c7c46/data/20220715-2/filtered_prediction/f-2-1-1-1-2-0-SGP-100_2.csv,OFFICIAL_GIT_METADATA_GT_CALIBRATION_OR_CODE,158920,837211822b7f53067c917c1b8af3856a430470e7b8d8e2ffae4170547933a492,False,COMPLETE_SHA256_RECORDED
official_repository/data/20220715-2/filtered_prediction/f-2-1-1-1-2-0-SGP-100_3.csv,/home/lj/zero_perturbation_data/rts_gt_v1/official_repository/data/20220715-2/filtered_prediction/f-2-1-1-1-2-0-SGP-100_3.csv,https://github.com/norlab-ulaval/RTS_project/blob/449a299bcf8bc11766718db4ed4aea4a489c7c46/data/20220715-2/filtered_prediction/f-2-1-1-1-2-0-SGP-100_3.csv,OFFICIAL_GIT_METADATA_GT_CALIBRATION_OR_CODE,157658,7ee82b2ac7139be6f50dc0810eef1e89a91af1b9138cb60bbe51aa1fe33f74ed,False,COMPLETE_SHA256_RECORDED
official_repository/data/20220715-2/filtered_prediction/f-2-1-1-1-6-0-L_1.csv,/home/lj/zero_perturbation_data/rts_gt_v1/official_repository/data/20220715-2/filtered_prediction/f-2-1-1-1-6-0-L_1.csv,https://github.com/norlab-ulaval/RTS_project/blob/449a299bcf8bc11766718db4ed4aea4a489c7c46/data/20220715-2/filtered_prediction/f-2-1-1-1-6-0-L_1.csv,OFFICIAL_GIT_METADATA_GT_CALIBRATION_OR_CODE,78688,b756939587dbfebd32c3c018c95e1f8d952613366d0535b61b6803a9694b02ba,False,COMPLETE_SHA256_RECORDED
official_repository/data/20220715-2/filtered_prediction/f-2-1-1-1-6-0-L_2.csv,/home/lj/zero_perturbation_data/rts_gt_v1/official_repository/data/20220715-2/filtered_prediction/f-2-1-1-1-6-0-L_2.csv,https://github.com/norlab-ulaval/RTS_project/blob/449a299bcf8bc11766718db4ed4aea4a489c7c46/data/20220715-2/filtered_prediction/f-2-1-1-1-6-0-L_2.csv,OFFICIAL_GIT_METADATA_GT_CALIBRATION_OR_CODE,78638,4a98b485fa4552bd4232273678c8136ed19fb9c763104330468cc1cbe6d35363,False,COMPLETE_SHA256_RECORDED
official_repository/data/20220715-2/filtered_prediction/f-2-1-1-1-6-0-L_3.csv,/home/lj/zero_perturbation_data/rts_gt_v1/official_repository/data/20220715-2/filtered_prediction/f-2-1-1-1-6-0-L_3.csv,https://github.com/norlab-ulaval/RTS_project/blob/449a299bcf8bc11766718db4ed4aea4a489c7c46/data/20220715-2/filtered_prediction/f-2-1-1-1-6-0-L_3.csv,OFFICIAL_GIT_METADATA_GT_CALIBRATION_OR_CODE,77742,faaa8b335f67685092aa49d2af831c468659acb31a7cb8daa6ffa38742fa9731,False,COMPLETE_SHA256_RECORDED
official_repository/data/20220715-2/filtered_prediction/f-2-1-1-1-6-0-SGP-100_1.csv,/home/lj/zero_perturbation_data/rts_gt_v1/official_repository/data/20220715-2/filtered_prediction/f-2-1-1-1-6-0-SGP-100_1.csv,https://github.com/norlab-ulaval/RTS_project/blob/449a299bcf8bc11766718db4ed4aea4a489c7c46/data/20220715-2/filtered_prediction/f-2-1-1-1-6-0-SGP-100_1.csv,OFFICIAL_GIT_METADATA_GT_CALIBRATION_OR_CODE,146962,f7103cae0a2611dc751c3afa23a2af4b3019b6a5f8cce2026a2db2037edaccb7,False,COMPLETE_SHA256_RECORDED
official_repository/data/20220715-2/filtered_prediction/f-2-1-1-1-6-0-SGP-100_2.csv,/home/lj/zero_perturbation_data/rts_gt_v1/official_repository/data/20220715-2/filtered_prediction/f-2-1-1-1-6-0-SGP-100_2.csv,https://github.com/norlab-ulaval/RTS_project/blob/449a299bcf8bc11766718db4ed4aea4a489c7c46/data/20220715-2/filtered_prediction/f-2-1-1-1-6-0-SGP-100_2.csv,OFFICIAL_GIT_METADATA_GT_CALIBRATION_OR_CODE,147036,38f84f99db8029d17a8b1c73cddc9768c965c6ffac8036867480b27dd51a1f6d,False,COMPLETE_SHA256_RECORDED
official_repository/data/20220715-2/filtered_prediction/f-2-1-1-1-6-0-SGP-100_3.csv,/home/lj/zero_perturbation_data/rts_gt_v1/official_repository/data/20220715-2/filtered_prediction/f-2-1-1-1-6-0-SGP-100_3.csv,https://github.com/norlab-ulaval/RTS_project/blob/449a299bcf8bc11766718db4ed4aea4a489c7c46/data/20220715-2/filtered_prediction/f-2-1-1-1-6-0-SGP-100_3.csv,OFFICIAL_GIT_METADATA_GT_CALIBRATION_OR_CODE,145849,faf81ac550e5c41c6dc1ed86c8d9ebde602b15f75a24417f4d96677df893ceb7,False,COMPLETE_SHA256_RECORDED
official_repository/data/20220715-2/filtered_prediction/f-2-1-1-1-6-1-L_1.csv,/home/lj/zero_perturbation_data/rts_gt_v1/official_repository/data/20220715-2/filtered_prediction/f-2-1-1-1-6-1-L_1.csv,https://github.com/norlab-ulaval/RTS_project/blob/449a299bcf8bc11766718db4ed4aea4a489c7c46/data/20220715-2/filtered_prediction/f-2-1-1-1-6-1-L_1.csv,OFFICIAL_GIT_METADATA_GT_CALIBRATION_OR_CODE,72181,5fb58e9d2a2663d03e3bcd69c7a4249cde33533f21ec1e4598553a8147285beb,False,COMPLETE_SHA256_RECORDED
official_repository/data/20220715-2/filtered_prediction/f-2-1-1-1-6-1-L_2.csv,/home/lj/zero_perturbation_data/rts_gt_v1/official_repository/data/20220715-2/filtered_prediction/f-2-1-1-1-6-1-L_2.csv,https://github.com/norlab-ulaval/RTS_project/blob/449a299bcf8bc11766718db4ed4aea4a489c7c46/data/20220715-2/filtered_prediction/f-2-1-1-1-6-1-L_2.csv,OFFICIAL_GIT_METADATA_GT_CALIBRATION_OR_CODE,72132,6dc9415727ab3be7db0511ba7a0ab5f0cac9e7ef9f2efbca2173803170fa300b,False,COMPLETE_SHA256_RECORDED
official_repository/data/20220715-2/filtered_prediction/f-2-1-1-1-6-1-L_3.csv,/home/lj/zero_perturbation_data/rts_gt_v1/official_repository/data/20220715-2/filtered_prediction/f-2-1-1-1-6-1-L_3.csv,https://github.com/norlab-ulaval/RTS_project/blob/449a299bcf8bc11766718db4ed4aea4a489c7c46/data/20220715-2/filtered_prediction/f-2-1-1-1-6-1-L_3.csv,OFFICIAL_GIT_METADATA_GT_CALIBRATION_OR_CODE,71259,fad533d6c9c741efd42e7d7f5042aa5a2b51ab7b336ad134da429c6ff7bf35dc,False,COMPLETE_SHA256_RECORDED
official_repository/data/20220715-2/filtered_prediction/f-2-1-1-1-6-1-SGP-1000_1.csv,/home/lj/zero_perturbation_data/rts_gt_v1/official_repository/data/20220715-2/filtered_prediction/f-2-1-1-1-6-1-SGP-1000_1.csv,https://github.com/norlab-ulaval/RTS_project/blob/449a299bcf8bc11766718db4ed4aea4a489c7c46/data/20220715-2/filtered_prediction/f-2-1-1-1-6-1-SGP-1000_1.csv,OFFICIAL_GIT_METADATA_GT_CALIBRATION_OR_CODE,134512,d95689b13174ec43de5c23e689ec1c2f8ea73bbe780ad9f4defa78db81634bbf,False,COMPLETE_SHA256_RECORDED
official_repository/data/20220715-2/filtered_prediction/f-2-1-1-1-6-1-SGP-1000_2.csv,/home/lj/zero_perturbation_data/rts_gt_v1/official_repository/data/20220715-2/filtered_prediction/f-2-1-1-1-6-1-SGP-1000_2.csv,https://github.com/norlab-ulaval/RTS_project/blob/449a299bcf8bc11766718db4ed4aea4a489c7c46/data/20220715-2/filtered_prediction/f-2-1-1-1-6-1-SGP-1000_2.csv,OFFICIAL_GIT_METADATA_GT_CALIBRATION_OR_CODE,134567,b8075fd0fcae1e0da05c4d32ddb8277002468561226544cbb71eb91efaea08e2,False,COMPLETE_SHA256_RECORDED
official_repository/data/20220715-2/filtered_prediction/f-2-1-1-1-6-1-SGP-1000_3.csv,/home/lj/zero_perturbation_data/rts_gt_v1/official_repository/data/20220715-2/filtered_prediction/f-2-1-1-1-6-1-SGP-1000_3.csv,https://github.com/norlab-ulaval/RTS_project/blob/449a299bcf8bc11766718db4ed4aea4a489c7c46/data/20220715-2/filtered_prediction/f-2-1-1-1-6-1-SGP-1000_3.csv,OFFICIAL_GIT_METADATA_GT_CALIBRATION_OR_CODE,133442,430d4f545cadcca10397701476326def862cdcb4896ab0577a0c8d82e4b7516f,False,COMPLETE_SHA256_RECORDED
official_repository/data/20220715-2/list_tf/TF_list.csv,/home/lj/zero_perturbation_data/rts_gt_v1/official_repository/data/20220715-2/list_tf/TF_list.csv,https://github.com/norlab-ulaval/RTS_project/blob/449a299bcf8bc11766718db4ed4aea4a489c7c46/data/20220715-2/list_tf/TF_list.csv,OFFICIAL_GIT_METADATA_GT_CALIBRATION_OR_CODE,464,a031d5785a8162cc30cc836fb73ef7e12fd2877e792f6ed0efe09fcc911f3094,False,COMPLETE_SHA256_RECORDED
official_repository/data/20220715-2/list_tf/TF_list_distance_resection.csv,/home/lj/zero_perturbation_data/rts_gt_v1/official_repository/data/20220715-2/list_tf/TF_list_distance_resection.csv,https://github.com/norlab-ulaval/RTS_project/blob/449a299bcf8bc11766718db4ed4aea4a489c7c46/data/20220715-2/list_tf/TF_list_distance_resection.csv,OFFICIAL_GIT_METADATA_GT_CALIBRATION_OR_CODE,1548,8aedf0692f0c137f3838ae3441d9f6ef64aad9cda854d734ec14c8c5f3687dc2,False,COMPLETE_SHA256_RECORDED
official_repository/data/20220715-2/list_tf/TF_list_linear_dynamic_cp.csv,/home/lj/zero_perturbation_data/rts_gt_v1/official_repository/data/20220715-2/list_tf/TF_list_linear_dynamic_cp.csv,https://github.com/norlab-ulaval/RTS_project/blob/449a299bcf8bc11766718db4ed4aea4a489c7c46/data/20220715-2/list_tf/TF_list_linear_dynamic_cp.csv,OFFICIAL_GIT_METADATA_GT_CALIBRATION_OR_CODE,10930,0a93995315a99f0dbb3d7fc6422abc693f26e8352e874f3944ec34702b08ede4,False,COMPLETE_SHA256_RECORDED
official_repository/data/20220715-2/list_tf/TF_list_static_cp.csv,/home/lj/zero_perturbation_data/rts_gt_v1/official_repository/data/20220715-2/list_tf/TF_list_static_cp.csv,https://github.com/norlab-ulaval/RTS_project/blob/449a299bcf8bc11766718db4ed4aea4a489c7c46/data/20220715-2/list_tf/TF_list_static_cp.csv,OFFICIAL_GIT_METADATA_GT_CALIBRATION_OR_CODE,10906,064312676e5cd1a5c335cf605ef6aec3049297915e6f51832b566470213e695b,False,COMPLETE_SHA256_RECORDED
official_repository/data/20220715-2/list_tf/f-2-1-1-1-6-0-L_TF_list_distance_resection.csv,/home/lj/zero_perturbation_data/rts_gt_v1/official_repository/data/20220715-2/list_tf/f-2-1-1-1-6-0-L_TF_list_distance_resection.csv,https://github.com/norlab-ulaval/RTS_project/blob/449a299bcf8bc11766718db4ed4aea4a489c7c46/data/20220715-2/list_tf/f-2-1-1-1-6-0-L_TF_list_distance_resection.csv,OFFICIAL_GIT_METADATA_GT_CALIBRATION_OR_CODE,1548,8aedf0692f0c137f3838ae3441d9f6ef64aad9cda854d734ec14c8c5f3687dc2,False,COMPLETE_SHA256_RECORDED
official_repository/data/20220715-2/list_tf/f-2-1-1-1-6-0-L_TF_list_static_cp.csv,/home/lj/zero_perturbation_data/rts_gt_v1/official_repository/data/20220715-2/list_tf/f-2-1-1-1-6-0-L_TF_list_static_cp.csv,https://github.com/norlab-ulaval/RTS_project/blob/449a299bcf8bc11766718db4ed4aea4a489c7c46/data/20220715-2/list_tf/f-2-1-1-1-6-0-L_TF_list_static_cp.csv,OFFICIAL_GIT_METADATA_GT_CALIBRATION_OR_CODE,10912,9e3128d9ed55e09dcc34d7bfcce5b04e8a0087e9674e48ceea41b9a67d80c455,False,COMPLETE_SHA256_RECORDED
official_repository/data/20220715-2/raw_prediction/nf-1-0-1-L_1.csv,/home/lj/zero_perturbation_data/rts_gt_v1/official_repository/data/20220715-2/raw_prediction/nf-1-0-1-L_1.csv,https://github.com/norlab-ulaval/RTS_project/blob/449a299bcf8bc11766718db4ed4aea4a489c7c46/data/20220715-2/raw_prediction/nf-1-0-1-L_1.csv,OFFICIAL_GIT_METADATA_GT_CALIBRATION_OR_CODE,153105,047f59f5bcce02763feb2627a1f22fe861747bb0e465748c2f31a8af0d7ae126,False,COMPLETE_SHA256_RECORDED
official_repository/data/20220715-2/raw_prediction/nf-1-0-1-L_2.csv,/home/lj/zero_perturbation_data/rts_gt_v1/official_repository/data/20220715-2/raw_prediction/nf-1-0-1-L_2.csv,https://github.com/norlab-ulaval/RTS_project/blob/449a299bcf8bc11766718db4ed4aea4a489c7c46/data/20220715-2/raw_prediction/nf-1-0-1-L_2.csv,OFFICIAL_GIT_METADATA_GT_CALIBRATION_OR_CODE,152803,65fae25aef4aef0283ab1fc45b7363c55ecd76aeed723716fe484c4e40563e85,False,COMPLETE_SHA256_RECORDED
official_repository/data/20220715-2/raw_prediction/nf-1-0-1-L_3.csv,/home/lj/zero_perturbation_data/rts_gt_v1/official_repository/data/20220715-2/raw_prediction/nf-1-0-1-L_3.csv,https://github.com/norlab-ulaval/RTS_project/blob/449a299bcf8bc11766718db4ed4aea4a489c7c46/data/20220715-2/raw_prediction/nf-1-0-1-L_3.csv,OFFICIAL_GIT_METADATA_GT_CALIBRATION_OR_CODE,151477,913df6bb961070a36d9472a691fc834dd809928f047dc81629d2fa48e15ceafe,False,COMPLETE_SHA256_RECORDED
official_repository/data/20220715-2/raw_prediction/nf-1-2-0-L_1.csv,/home/lj/zero_perturbation_data/rts_gt_v1/official_repository/data/20220715-2/raw_prediction/nf-1-2-0-L_1.csv,https://github.com/norlab-ulaval/RTS_project/blob/449a299bcf8bc11766718db4ed4aea4a489c7c46/data/20220715-2/raw_prediction/nf-1-2-0-L_1.csv,OFFICIAL_GIT_METADATA_GT_CALIBRATION_OR_CODE,153105,047f59f5bcce02763feb2627a1f22fe861747bb0e465748c2f31a8af0d7ae126,False,COMPLETE_SHA256_RECORDED
official_repository/data/20220715-2/raw_prediction/nf-1-2-0-L_2.csv,/home/lj/zero_perturbation_data/rts_gt_v1/official_repository/data/20220715-2/raw_prediction/nf-1-2-0-L_2.csv,https://github.com/norlab-ulaval/RTS_project/blob/449a299bcf8bc11766718db4ed4aea4a489c7c46/data/20220715-2/raw_prediction/nf-1-2-0-L_2.csv,OFFICIAL_GIT_METADATA_GT_CALIBRATION_OR_CODE,152803,65fae25aef4aef0283ab1fc45b7363c55ecd76aeed723716fe484c4e40563e85,False,COMPLETE_SHA256_RECORDED
official_repository/data/20220715-2/raw_prediction/nf-1-2-0-L_3.csv,/home/lj/zero_perturbation_data/rts_gt_v1/official_repository/data/20220715-2/raw_prediction/nf-1-2-0-L_3.csv,https://github.com/norlab-ulaval/RTS_project/blob/449a299bcf8bc11766718db4ed4aea4a489c7c46/data/20220715-2/raw_prediction/nf-1-2-0-L_3.csv,OFFICIAL_GIT_METADATA_GT_CALIBRATION_OR_CODE,151477,913df6bb961070a36d9472a691fc834dd809928f047dc81629d2fa48e15ceafe,False,COMPLETE_SHA256_RECORDED
official_repository/data/20220715-2/raw_prediction/nf-1-2-0-SGP-100_1.csv,/home/lj/zero_perturbation_data/rts_gt_v1/official_repository/data/20220715-2/raw_prediction/nf-1-2-0-SGP-100_1.csv,https://github.com/norlab-ulaval/RTS_project/blob/449a299bcf8bc11766718db4ed4aea4a489c7c46/data/20220715-2/raw_prediction/nf-1-2-0-SGP-100_1.csv,OFFICIAL_GIT_METADATA_GT_CALIBRATION_OR_CODE,286012,a4ed47d6e99015adc1cdf7c1cca91cce176ac9e9a5d58b9a14dd523f0a6b2be4,False,COMPLETE_SHA256_RECORDED
official_repository/data/20220715-2/raw_prediction/nf-1-2-0-SGP-100_2.csv,/home/lj/zero_perturbation_data/rts_gt_v1/official_repository/data/20220715-2/raw_prediction/nf-1-2-0-SGP-100_2.csv,https://github.com/norlab-ulaval/RTS_project/blob/449a299bcf8bc11766718db4ed4aea4a489c7c46/data/20220715-2/raw_prediction/nf-1-2-0-SGP-100_2.csv,OFFICIAL_GIT_METADATA_GT_CALIBRATION_OR_CODE,286215,c3e928e37fd325e2fd4181c76d0e4b7f709e77fe8d6b7681fe27ad3210a05d26,False,COMPLETE_SHA256_RECORDED
official_repository/data/20220715-2/raw_prediction/nf-1-2-0-SGP-100_3.csv,/home/lj/zero_perturbation_data/rts_gt_v1/official_repository/data/20220715-2/raw_prediction/nf-1-2-0-SGP-100_3.csv,https://github.com/norlab-ulaval/RTS_project/blob/449a299bcf8bc11766718db4ed4aea4a489c7c46/data/20220715-2/raw_prediction/nf-1-2-0-SGP-100_3.csv,OFFICIAL_GIT_METADATA_GT_CALIBRATION_OR_CODE,284316,dbd3cd28313fb285d53cc66219b7d69fd8b191f675b2dd84499ce17bc64dce51,False,COMPLETE_SHA256_RECORDED
official_repository/data/20220715-2/raw_prediction/nf-1-6-0-L_1.csv,/home/lj/zero_perturbation_data/rts_gt_v1/official_repository/data/20220715-2/raw_prediction/nf-1-6-0-L_1.csv,https://github.com/norlab-ulaval/RTS_project/blob/449a299bcf8bc11766718db4ed4aea4a489c7c46/data/20220715-2/raw_prediction/nf-1-6-0-L_1.csv,OFFICIAL_GIT_METADATA_GT_CALIBRATION_OR_CODE,146834,a162089b24fe61bad33297ac6c98457d7a2a1f27af100a45a644a46979722f3b,False,COMPLETE_SHA256_RECORDED
official_repository/data/20220715-2/raw_prediction/nf-1-6-0-L_2.csv,/home/lj/zero_perturbation_data/rts_gt_v1/official_repository/data/20220715-2/raw_prediction/nf-1-6-0-L_2.csv,https://github.com/norlab-ulaval/RTS_project/blob/449a299bcf8bc11766718db4ed4aea4a489c7c46/data/20220715-2/raw_prediction/nf-1-6-0-L_2.csv,OFFICIAL_GIT_METADATA_GT_CALIBRATION_OR_CODE,146557,a71402f5e7429df01d48bc200cadfb166be13894320ec895b597d2e81a89b396,False,COMPLETE_SHA256_RECORDED
official_repository/data/20220715-2/raw_prediction/nf-1-6-0-L_3.csv,/home/lj/zero_perturbation_data/rts_gt_v1/official_repository/data/20220715-2/raw_prediction/nf-1-6-0-L_3.csv,https://github.com/norlab-ulaval/RTS_project/blob/449a299bcf8bc11766718db4ed4aea4a489c7c46/data/20220715-2/raw_prediction/nf-1-6-0-L_3.csv,OFFICIAL_GIT_METADATA_GT_CALIBRATION_OR_CODE,145199,3ee307ced0671ef0629f37bd7f621b400ba3d54cceb05e268a1b9e9a85575d85,False,COMPLETE_SHA256_RECORDED
official_repository/data/20220715-2/raw_prediction/nf-1-6-0-SGP-100_1.csv,/home/lj/zero_perturbation_data/rts_gt_v1/official_repository/data/20220715-2/raw_prediction/nf-1-6-0-SGP-100_1.csv,https://github.com/norlab-ulaval/RTS_project/blob/449a299bcf8bc11766718db4ed4aea4a489c7c46/data/20220715-2/raw_prediction/nf-1-6-0-SGP-100_1.csv,OFFICIAL_GIT_METADATA_GT_CALIBRATION_OR_CODE,274277,93fb5efd69753477b6429569bfa2d023cd32c838372d87c5a9d0ebd646d4167a,False,COMPLETE_SHA256_RECORDED
official_repository/data/20220715-2/raw_prediction/nf-1-6-0-SGP-100_2.csv,/home/lj/zero_perturbation_data/rts_gt_v1/official_repository/data/20220715-2/raw_prediction/nf-1-6-0-SGP-100_2.csv,https://github.com/norlab-ulaval/RTS_project/blob/449a299bcf8bc11766718db4ed4aea4a489c7c46/data/20220715-2/raw_prediction/nf-1-6-0-SGP-100_2.csv,OFFICIAL_GIT_METADATA_GT_CALIBRATION_OR_CODE,274497,c5e76476a28f5625535ac198aeabaf45af5f3ee1b98e1f393d9dc3cdeef9fb5a,False,COMPLETE_SHA256_RECORDED
official_repository/data/20220715-2/raw_prediction/nf-1-6-0-SGP-100_3.csv,/home/lj/zero_perturbation_data/rts_gt_v1/official_repository/data/20220715-2/raw_prediction/nf-1-6-0-SGP-100_3.csv,https://github.com/norlab-ulaval/RTS_project/blob/449a299bcf8bc11766718db4ed4aea4a489c7c46/data/20220715-2/raw_prediction/nf-1-6-0-SGP-100_3.csv,OFFICIAL_GIT_METADATA_GT_CALIBRATION_OR_CODE,272581,eee9cde5f031b8091e1db53af8855b95de94c78ee1db55035c718197180cec4d,False,COMPLETE_SHA256_RECORDED
official_repository/data/20220715-2/raw_prediction/nf-1-6-1-L_1.csv,/home/lj/zero_perturbation_data/rts_gt_v1/official_repository/data/20220715-2/raw_prediction/nf-1-6-1-L_1.csv,https://github.com/norlab-ulaval/RTS_project/blob/449a299bcf8bc11766718db4ed4aea4a489c7c46/data/20220715-2/raw_prediction/nf-1-6-1-L_1.csv,OFFICIAL_GIT_METADATA_GT_CALIBRATION_OR_CODE,146834,a162089b24fe61bad33297ac6c98457d7a2a1f27af100a45a644a46979722f3b,False,COMPLETE_SHA256_RECORDED
official_repository/data/20220715-2/raw_prediction/nf-1-6-1-L_2.csv,/home/lj/zero_perturbation_data/rts_gt_v1/official_repository/data/20220715-2/raw_prediction/nf-1-6-1-L_2.csv,https://github.com/norlab-ulaval/RTS_project/blob/449a299bcf8bc11766718db4ed4aea4a489c7c46/data/20220715-2/raw_prediction/nf-1-6-1-L_2.csv,OFFICIAL_GIT_METADATA_GT_CALIBRATION_OR_CODE,146557,a71402f5e7429df01d48bc200cadfb166be13894320ec895b597d2e81a89b396,False,COMPLETE_SHA256_RECORDED
official_repository/data/20220715-2/raw_prediction/nf-1-6-1-L_3.csv,/home/lj/zero_perturbation_data/rts_gt_v1/official_repository/data/20220715-2/raw_prediction/nf-1-6-1-L_3.csv,https://github.com/norlab-ulaval/RTS_project/blob/449a299bcf8bc11766718db4ed4aea4a489c7c46/data/20220715-2/raw_prediction/nf-1-6-1-L_3.csv,OFFICIAL_GIT_METADATA_GT_CALIBRATION_OR_CODE,145199,3ee307ced0671ef0629f37bd7f621b400ba3d54cceb05e268a1b9e9a85575d85,False,COMPLETE_SHA256_RECORDED
official_repository/data/20220715-2/raw_prediction/nf-1-6-1-SGP-1000_1.csv,/home/lj/zero_perturbation_data/rts_gt_v1/official_repository/data/20220715-2/raw_prediction/nf-1-6-1-SGP-1000_1.csv,https://github.com/norlab-ulaval/RTS_project/blob/449a299bcf8bc11766718db4ed4aea4a489c7c46/data/20220715-2/raw_prediction/nf-1-6-1-SGP-1000_1.csv,OFFICIAL_GIT_METADATA_GT_CALIBRATION_OR_CODE,274378,185f96bde04d50446cef9be0dbaf9da861c2c7a195d8bc4630a615c4f4b574d1,False,COMPLETE_SHA256_RECORDED
official_repository/data/20220715-2/raw_prediction/nf-1-6-1-SGP-1000_2.csv,/home/lj/zero_perturbation_data/rts_gt_v1/official_repository/data/20220715-2/raw_prediction/nf-1-6-1-SGP-1000_2.csv,https://github.com/norlab-ulaval/RTS_project/blob/449a299bcf8bc11766718db4ed4aea4a489c7c46/data/20220715-2/raw_prediction/nf-1-6-1-SGP-1000_2.csv,OFFICIAL_GIT_METADATA_GT_CALIBRATION_OR_CODE,274384,6637e4470ca8af29ae9e5efe31bcb2724250efd9ced97c7e2cab058352b9c513,False,COMPLETE_SHA256_RECORDED
official_repository/data/20220715-2/raw_prediction/nf-1-6-1-SGP-1000_3.csv,/home/lj/zero_perturbation_data/rts_gt_v1/official_repository/data/20220715-2/raw_prediction/nf-1-6-1-SGP-1000_3.csv,https://github.com/norlab-ulaval/RTS_project/blob/449a299bcf8bc11766718db4ed4aea4a489c7c46/data/20220715-2/raw_prediction/nf-1-6-1-SGP-1000_3.csv,OFFICIAL_GIT_METADATA_GT_CALIBRATION_OR_CODE,272294,63ea25cd190a38d5c45d1caaf239133550581d2476c8976bf97d9588679309c0,False,COMPLETE_SHA256_RECORDED
official_repository/data/20220715-2/total_stations/GCP.txt,/home/lj/zero_perturbation_data/rts_gt_v1/official_repository/data/20220715-2/total_stations/GCP.txt,https://github.com/norlab-ulaval/RTS_project/blob/449a299bcf8bc11766718db4ed4aea4a489c7c46/data/20220715-2/total_stations/GCP.txt,OFFICIAL_GIT_METADATA_GT_CALIBRATION_OR_CODE,2018,2acdcc7b4987a1eef0a793e13b6976735295515f3c1e2abf478a442a5ddea83d,False,COMPLETE_SHA256_RECORDED
official_repository/data/20220715-2/total_stations/Two_points.txt,/home/lj/zero_perturbation_data/rts_gt_v1/official_repository/data/20220715-2/total_stations/Two_points.txt,https://github.com/norlab-ulaval/RTS_project/blob/449a299bcf8bc11766718db4ed4aea4a489c7c46/data/20220715-2/total_stations/Two_points.txt,OFFICIAL_GIT_METADATA_GT_CALIBRATION_OR_CODE,868,835044917464a2ebe349211c34868d431e0619c73da1c735375b5d3c97c1eb59,False,COMPLETE_SHA256_RECORDED
official_repository/data/20220715-2/total_stations/trimble1.csv,/home/lj/zero_perturbation_data/rts_gt_v1/official_repository/data/20220715-2/total_stations/trimble1.csv,https://github.com/norlab-ulaval/RTS_project/blob/449a299bcf8bc11766718db4ed4aea4a489c7c46/data/20220715-2/total_stations/trimble1.csv,OFFICIAL_GIT_METADATA_GT_CALIBRATION_OR_CODE,39051,9a4625c6bd177a5123ae212a3574b0a9196549f2acb4e127ea0abdcf695c71b2,False,COMPLETE_SHA256_RECORDED
official_repository/data/20220715-2/total_stations/trimble2.csv,/home/lj/zero_perturbation_data/rts_gt_v1/official_repository/data/20220715-2/total_stations/trimble2.csv,https://github.com/norlab-ulaval/RTS_project/blob/449a299bcf8bc11766718db4ed4aea4a489c7c46/data/20220715-2/total_stations/trimble2.csv,OFFICIAL_GIT_METADATA_GT_CALIBRATION_OR_CODE,47678,b8cc72ea8a96e8a4327193e14998abc57cc372bcaac38d1d9f2a28d8c96df19b,False,COMPLETE_SHA256_RECORDED
official_repository/data/20220715-2/total_stations/trimble3.csv,/home/lj/zero_perturbation_data/rts_gt_v1/official_repository/data/20220715-2/total_stations/trimble3.csv,https://github.com/norlab-ulaval/RTS_project/blob/449a299bcf8bc11766718db4ed4aea4a489c7c46/data/20220715-2/total_stations/trimble3.csv,OFFICIAL_GIT_METADATA_GT_CALIBRATION_OR_CODE,46899,955b64ef2fbb9a2eb9eb77beb51bed480221edb19f4fa84b6423188f1d08627f,False,COMPLETE_SHA256_RECORDED
official_repository/data/20220715-2/uncertainty/interpolation/MC_Fake_0_0_0_0_0_5_1.csv,/home/lj/zero_perturbation_data/rts_gt_v1/official_repository/data/20220715-2/uncertainty/interpolation/MC_Fake_0_0_0_0_0_5_1.csv,https://github.com/norlab-ulaval/RTS_project/blob/449a299bcf8bc11766718db4ed4aea4a489c7c46/data/20220715-2/uncertainty/interpolation/MC_Fake_0_0_0_0_0_5_1.csv,OFFICIAL_GIT_METADATA_GT_CALIBRATION_OR_CODE,101389,cd54a2e621cf3d527cd8ba250ed3953b2ff320ecf6f40ebbd4fa4f8173571a10,False,COMPLETE_SHA256_RECORDED
official_repository/data/20220715-2/uncertainty/interpolation/MC_Fake_0_0_0_0_0_5_2.csv,/home/lj/zero_perturbation_data/rts_gt_v1/official_repository/data/20220715-2/uncertainty/interpolation/MC_Fake_0_0_0_0_0_5_2.csv,https://github.com/norlab-ulaval/RTS_project/blob/449a299bcf8bc11766718db4ed4aea4a489c7c46/data/20220715-2/uncertainty/interpolation/MC_Fake_0_0_0_0_0_5_2.csv,OFFICIAL_GIT_METADATA_GT_CALIBRATION_OR_CODE,101670,d3b8c9727082e477c8ff2e3581a7daed1c0052efe9324bc94c839ece39ae53e7,False,COMPLETE_SHA256_RECORDED
official_repository/data/20220715-2/uncertainty/interpolation/MC_Fake_0_0_0_0_0_5_3.csv,/home/lj/zero_perturbation_data/rts_gt_v1/official_repository/data/20220715-2/uncertainty/interpolation/MC_Fake_0_0_0_0_0_5_3.csv,https://github.com/norlab-ulaval/RTS_project/blob/449a299bcf8bc11766718db4ed4aea4a489c7c46/data/20220715-2/uncertainty/interpolation/MC_Fake_0_0_0_0_0_5_3.csv,OFFICIAL_GIT_METADATA_GT_CALIBRATION_OR_CODE,101769,0b8cf2998caaf8128d4b4b282c1078e59d0580ccddd354e8eeceb8ecd0b78e64,False,COMPLETE_SHA256_RECORDED
official_repository/data/20220715-2/uncertainty/interpolation/MC_Fake_0_0_0_1_0_5_1.csv,/home/lj/zero_perturbation_data/rts_gt_v1/official_repository/data/20220715-2/uncertainty/interpolation/MC_Fake_0_0_0_1_0_5_1.csv,https://github.com/norlab-ulaval/RTS_project/blob/449a299bcf8bc11766718db4ed4aea4a489c7c46/data/20220715-2/uncertainty/interpolation/MC_Fake_0_0_0_1_0_5_1.csv,OFFICIAL_GIT_METADATA_GT_CALIBRATION_OR_CODE,163417,fa3a0b2afc217cc1bd1123852a3d52584ea0840e68fccfb3390aedf6d332463d,False,COMPLETE_SHA256_RECORDED
official_repository/data/20220715-2/uncertainty/interpolation/MC_Fake_0_0_0_1_0_5_2.csv,/home/lj/zero_perturbation_data/rts_gt_v1/official_repository/data/20220715-2/uncertainty/interpolation/MC_Fake_0_0_0_1_0_5_2.csv,https://github.com/norlab-ulaval/RTS_project/blob/449a299bcf8bc11766718db4ed4aea4a489c7c46/data/20220715-2/uncertainty/interpolation/MC_Fake_0_0_0_1_0_5_2.csv,OFFICIAL_GIT_METADATA_GT_CALIBRATION_OR_CODE,164038,d037765537543e5524ab532174572cf9ee27b065229a7caf58bddd97123dbb39,False,COMPLETE_SHA256_RECORDED
official_repository/data/20220715-2/uncertainty/interpolation/MC_Fake_0_0_0_1_0_5_3.csv,/home/lj/zero_perturbation_data/rts_gt_v1/official_repository/data/20220715-2/uncertainty/interpolation/MC_Fake_0_0_0_1_0_5_3.csv,https://github.com/norlab-ulaval/RTS_project/blob/449a299bcf8bc11766718db4ed4aea4a489c7c46/data/20220715-2/uncertainty/interpolation/MC_Fake_0_0_0_1_0_5_3.csv,OFFICIAL_GIT_METADATA_GT_CALIBRATION_OR_CODE,164680,8fc8d4285c81fc305cffe44e83933630c819ee72baa4309285cc9b8fc53add94,False,COMPLETE_SHA256_RECORDED
official_repository/data/20220715-2/uncertainty/interpolation/MC_Fake_0_0_1_0_0_5_1.csv,/home/lj/zero_perturbation_data/rts_gt_v1/official_repository/data/20220715-2/uncertainty/interpolation/MC_Fake_0_0_1_0_0_5_1.csv,https://github.com/norlab-ulaval/RTS_project/blob/449a299bcf8bc11766718db4ed4aea4a489c7c46/data/20220715-2/uncertainty/interpolation/MC_Fake_0_0_1_0_0_5_1.csv,OFFICIAL_GIT_METADATA_GT_CALIBRATION_OR_CODE,104702,ef910460bcfc40ebaa230b93f2f75ef15d628df7c40d140fa6be0d3b852edb01,False,COMPLETE_SHA256_RECORDED
official_repository/data/20220715-2/uncertainty/interpolation/MC_Fake_0_0_1_0_0_5_2.csv,/home/lj/zero_perturbation_data/rts_gt_v1/official_repository/data/20220715-2/uncertainty/interpolation/MC_Fake_0_0_1_0_0_5_2.csv,https://github.com/norlab-ulaval/RTS_project/blob/449a299bcf8bc11766718db4ed4aea4a489c7c46/data/20220715-2/uncertainty/interpolation/MC_Fake_0_0_1_0_0_5_2.csv,OFFICIAL_GIT_METADATA_GT_CALIBRATION_OR_CODE,105084,1626e4b18ba1637553f946e431df5351607330ffded4933fa70cad598b87dc28,False,COMPLETE_SHA256_RECORDED
official_repository/data/20220715-2/uncertainty/interpolation/MC_Fake_0_0_1_0_0_5_3.csv,/home/lj/zero_perturbation_data/rts_gt_v1/official_repository/data/20220715-2/uncertainty/interpolation/MC_Fake_0_0_1_0_0_5_3.csv,https://github.com/norlab-ulaval/RTS_project/blob/449a299bcf8bc11766718db4ed4aea4a489c7c46/data/20220715-2/uncertainty/interpolation/MC_Fake_0_0_1_0_0_5_3.csv,OFFICIAL_GIT_METADATA_GT_CALIBRATION_OR_CODE,105094,04e5069f59532d0626399b6171b134ae207a41d7241ca6219063b14a6e09b2d4,False,COMPLETE_SHA256_RECORDED
official_repository/data/20220715-2/uncertainty/interpolation/MC_Fake_0_1_0_0_0_5_1.csv,/home/lj/zero_perturbation_data/rts_gt_v1/official_repository/data/20220715-2/uncertainty/interpolation/MC_Fake_0_1_0_0_0_5_1.csv,https://github.com/norlab-ulaval/RTS_project/blob/449a299bcf8bc11766718db4ed4aea4a489c7c46/data/20220715-2/uncertainty/interpolation/MC_Fake_0_1_0_0_0_5_1.csv,OFFICIAL_GIT_METADATA_GT_CALIBRATION_OR_CODE,86236,e90725e3037deb73d3a47ff7819aa12895ca101ab866a1d9bc11c25d9199bb97,False,COMPLETE_SHA256_RECORDED
official_repository/data/20220715-2/uncertainty/interpolation/MC_Fake_0_1_0_0_0_5_2.csv,/home/lj/zero_perturbation_data/rts_gt_v1/official_repository/data/20220715-2/uncertainty/interpolation/MC_Fake_0_1_0_0_0_5_2.csv,https://github.com/norlab-ulaval/RTS_project/blob/449a299bcf8bc11766718db4ed4aea4a489c7c46/data/20220715-2/uncertainty/interpolation/MC_Fake_0_1_0_0_0_5_2.csv,OFFICIAL_GIT_METADATA_GT_CALIBRATION_OR_CODE,86415,e0e7b612af2e6970578ef56bed227bc357ccdf47808acd6b98ae4439a2c4721e,False,COMPLETE_SHA256_RECORDED
official_repository/data/20220715-2/uncertainty/interpolation/MC_Fake_0_1_0_0_0_5_3.csv,/home/lj/zero_perturbation_data/rts_gt_v1/official_repository/data/20220715-2/uncertainty/interpolation/MC_Fake_0_1_0_0_0_5_3.csv,https://github.com/norlab-ulaval/RTS_project/blob/449a299bcf8bc11766718db4ed4aea4a489c7c46/data/20220715-2/uncertainty/interpolation/MC_Fake_0_1_0_0_0_5_3.csv,OFFICIAL_GIT_METADATA_GT_CALIBRATION_OR_CODE,86493,af0e70697fdeec26fe251bc52f14fcb838838090ca8b289c87cc635af08bb7a9,False,COMPLETE_SHA256_RECORDED
official_repository/data/20220715-2/uncertainty/interpolation/MC_Fake_1_0_0_0_0_5_1.csv,/home/lj/zero_perturbation_data/rts_gt_v1/official_repository/data/20220715-2/uncertainty/interpolation/MC_Fake_1_0_0_0_0_5_1.csv,https://github.com/norlab-ulaval/RTS_project/blob/449a299bcf8bc11766718db4ed4aea4a489c7c46/data/20220715-2/uncertainty/interpolation/MC_Fake_1_0_0_0_0_5_1.csv,OFFICIAL_GIT_METADATA_GT_CALIBRATION_OR_CODE,82974,f9e59fcc25e37253e0b919eaf68e7b0945cf628704816c3f8712c1a66ac25b52,False,COMPLETE_SHA256_RECORDED
official_repository/data/20220715-2/uncertainty/interpolation/MC_Fake_1_0_0_0_0_5_2.csv,/home/lj/zero_perturbation_data/rts_gt_v1/official_repository/data/20220715-2/uncertainty/interpolation/MC_Fake_1_0_0_0_0_5_2.csv,https://github.com/norlab-ulaval/RTS_project/blob/449a299bcf8bc11766718db4ed4aea4a489c7c46/data/20220715-2/uncertainty/interpolation/MC_Fake_1_0_0_0_0_5_2.csv,OFFICIAL_GIT_METADATA_GT_CALIBRATION_OR_CODE,82967,daede6cd457d4a3e144fcaf149ea7c74d35aef449f0709bafc8ed453842b6c05,False,COMPLETE_SHA256_RECORDED
official_repository/data/20220715-2/uncertainty/interpolation/MC_Fake_1_0_0_0_0_5_3.csv,/home/lj/zero_perturbation_data/rts_gt_v1/official_repository/data/20220715-2/uncertainty/interpolation/MC_Fake_1_0_0_0_0_5_3.csv,https://github.com/norlab-ulaval/RTS_project/blob/449a299bcf8bc11766718db4ed4aea4a489c7c46/data/20220715-2/uncertainty/interpolation/MC_Fake_1_0_0_0_0_5_3.csv,OFFICIAL_GIT_METADATA_GT_CALIBRATION_OR_CODE,83125,b2687f5079a73ddd74e636582a83586cd75a3842096ec5e5ed90f78b0d462d0e,False,COMPLETE_SHA256_RECORDED
official_repository/data/20220715-2/uncertainty/interpolation/MC_Fake_1_1_1_1_0_5_1.csv,/home/lj/zero_perturbation_data/rts_gt_v1/official_repository/data/20220715-2/uncertainty/interpolation/MC_Fake_1_1_1_1_0_5_1.csv,https://github.com/norlab-ulaval/RTS_project/blob/449a299bcf8bc11766718db4ed4aea4a489c7c46/data/20220715-2/uncertainty/interpolation/MC_Fake_1_1_1_1_0_5_1.csv,OFFICIAL_GIT_METADATA_GT_CALIBRATION_OR_CODE,101422,987d902864a7d290863300b1d8b02dc04b5ecae8cab80279dd45a2d2478bf568,False,COMPLETE_SHA256_RECORDED
official_repository/data/20220715-2/uncertainty/interpolation/MC_Fake_1_1_1_1_0_5_2.csv,/home/lj/zero_perturbation_data/rts_gt_v1/official_repository/data/20220715-2/uncertainty/interpolation/MC_Fake_1_1_1_1_0_5_2.csv,https://github.com/norlab-ulaval/RTS_project/blob/449a299bcf8bc11766718db4ed4aea4a489c7c46/data/20220715-2/uncertainty/interpolation/MC_Fake_1_1_1_1_0_5_2.csv,OFFICIAL_GIT_METADATA_GT_CALIBRATION_OR_CODE,101495,a36426a9b08663b54d48fa156e304330299286a832c3f6156b938f69506d1290,False,COMPLETE_SHA256_RECORDED
official_repository/data/20220715-2/uncertainty/interpolation/MC_Fake_1_1_1_1_0_5_3.csv,/home/lj/zero_perturbation_data/rts_gt_v1/official_repository/data/20220715-2/uncertainty/interpolation/MC_Fake_1_1_1_1_0_5_3.csv,https://github.com/norlab-ulaval/RTS_project/blob/449a299bcf8bc11766718db4ed4aea4a489c7c46/data/20220715-2/uncertainty/interpolation/MC_Fake_1_1_1_1_0_5_3.csv,OFFICIAL_GIT_METADATA_GT_CALIBRATION_OR_CODE,101255,6beafeda322e791927bc57053bda6fadc87643c7b02aa78a66b439b1dec81fc5,False,COMPLETE_SHA256_RECORDED
official_repository/data/20220715-2/uncertainty/raw_data/prism1.csv,/home/lj/zero_perturbation_data/rts_gt_v1/official_repository/data/20220715-2/uncertainty/raw_data/prism1.csv,https://github.com/norlab-ulaval/RTS_project/blob/449a299bcf8bc11766718db4ed4aea4a489c7c46/data/20220715-2/uncertainty/raw_data/prism1.csv,OFFICIAL_GIT_METADATA_GT_CALIBRATION_OR_CODE,26214,ea325526e226d10655d03f0583299a6fe5e0ba0eeef2359511f2d44a38350992,False,COMPLETE_SHA256_RECORDED
official_repository/data/20220715-2/uncertainty/raw_data/prism2.csv,/home/lj/zero_perturbation_data/rts_gt_v1/official_repository/data/20220715-2/uncertainty/raw_data/prism2.csv,https://github.com/norlab-ulaval/RTS_project/blob/449a299bcf8bc11766718db4ed4aea4a489c7c46/data/20220715-2/uncertainty/raw_data/prism2.csv,OFFICIAL_GIT_METADATA_GT_CALIBRATION_OR_CODE,31052,29810d4fb6a052f4065278995ee292f6d6007c39f37488c220a83570440addb5,False,COMPLETE_SHA256_RECORDED
official_repository/data/20220715-2/uncertainty/raw_data/prism3.csv,/home/lj/zero_perturbation_data/rts_gt_v1/official_repository/data/20220715-2/uncertainty/raw_data/prism3.csv,https://github.com/norlab-ulaval/RTS_project/blob/449a299bcf8bc11766718db4ed4aea4a489c7c46/data/20220715-2/uncertainty/raw_data/prism3.csv,OFFICIAL_GIT_METADATA_GT_CALIBRATION_OR_CODE,29905,22a2ba9292c313048c3a0249138edffc417c7dcebaab99e8085df60a50b49f17,False,COMPLETE_SHA256_RECORDED
official_repository/data/20220715-2/uncertainty/raw_data/speed_prism1.csv,/home/lj/zero_perturbation_data/rts_gt_v1/official_repository/data/20220715-2/uncertainty/raw_data/speed_prism1.csv,https://github.com/norlab-ulaval/RTS_project/blob/449a299bcf8bc11766718db4ed4aea4a489c7c46/data/20220715-2/uncertainty/raw_data/speed_prism1.csv,OFFICIAL_GIT_METADATA_GT_CALIBRATION_OR_CODE,70814,44d3949f44c5599ee244239fc779e93b6af11277c3c0e66210dfd6858f6bbe70,False,COMPLETE_SHA256_RECORDED
official_repository/data/20220715-2/uncertainty/raw_data/speed_prism2.csv,/home/lj/zero_perturbation_data/rts_gt_v1/official_repository/data/20220715-2/uncertainty/raw_data/speed_prism2.csv,https://github.com/norlab-ulaval/RTS_project/blob/449a299bcf8bc11766718db4ed4aea4a489c7c46/data/20220715-2/uncertainty/raw_data/speed_prism2.csv,OFFICIAL_GIT_METADATA_GT_CALIBRATION_OR_CODE,70232,375866b70a61e6f775405ad51a79ececdda99c2aa7a49a726c46ae19f82bb799,False,COMPLETE_SHA256_RECORDED
official_repository/data/20220715-2/uncertainty/raw_data/speed_prism3.csv,/home/lj/zero_perturbation_data/rts_gt_v1/official_repository/data/20220715-2/uncertainty/raw_data/speed_prism3.csv,https://github.com/norlab-ulaval/RTS_project/blob/449a299bcf8bc11766718db4ed4aea4a489c7c46/data/20220715-2/uncertainty/raw_data/speed_prism3.csv,OFFICIAL_GIT_METADATA_GT_CALIBRATION_OR_CODE,70211,ad56687516c65fb07c029afebfd5cf1efbce7be63b42f25e101ca7a7722946af,False,COMPLETE_SHA256_RECORDED
official_repository/data/20220715-2/uncertainty/sensor/.csv,/home/lj/zero_perturbation_data/rts_gt_v1/official_repository/data/20220715-2/uncertainty/sensor/.csv,https://github.com/norlab-ulaval/RTS_project/blob/449a299bcf8bc11766718db4ed4aea4a489c7c46/data/20220715-2/uncertainty/sensor/.csv,OFFICIAL_GIT_METADATA_GT_CALIBRATION_OR_CODE,47258,9832b46e87cccd183270ce57464f12fd429c94b6f00ad917daa817bbe20da56a,False,COMPLETE_SHA256_RECORDED
official_repository/data/20220715-2/uncertainty/static_raw_data/prism1.csv,/home/lj/zero_perturbation_data/rts_gt_v1/official_repository/data/20220715-2/uncertainty/static_raw_data/prism1.csv,https://github.com/norlab-ulaval/RTS_project/blob/449a299bcf8bc11766718db4ed4aea4a489c7c46/data/20220715-2/uncertainty/static_raw_data/prism1.csv,OFFICIAL_GIT_METADATA_GT_CALIBRATION_OR_CODE,13206,26c31d99c3fce31d59be8162cdcc407a68a15397e50cc17d73478f7b16e2e134,False,COMPLETE_SHA256_RECORDED
official_repository/data/20220715-2/uncertainty/static_raw_data/prism2.csv,/home/lj/zero_perturbation_data/rts_gt_v1/official_repository/data/20220715-2/uncertainty/static_raw_data/prism2.csv,https://github.com/norlab-ulaval/RTS_project/blob/449a299bcf8bc11766718db4ed4aea4a489c7c46/data/20220715-2/uncertainty/static_raw_data/prism2.csv,OFFICIAL_GIT_METADATA_GT_CALIBRATION_OR_CODE,14534,5aa635e38421abd6af545e844d8f2f5d2b02dff230e05c637ae819872a887867,False,COMPLETE_SHA256_RECORDED
official_repository/data/20220715-2/uncertainty/static_raw_data/prism3.csv,/home/lj/zero_perturbation_data/rts_gt_v1/official_repository/data/20220715-2/uncertainty/static_raw_data/prism3.csv,https://github.com/norlab-ulaval/RTS_project/blob/449a299bcf8bc11766718db4ed4aea4a489c7c46/data/20220715-2/uncertainty/static_raw_data/prism3.csv,OFFICIAL_GIT_METADATA_GT_CALIBRATION_OR_CODE,14207,fb32b58c78e3a5b640e606b01b085f26f4cded89b6bfc03a85ba5d59b75018ec,False,COMPLETE_SHA256_RECORDED
official_repository/data/20220715-3/filtered_prediction/f-1-2-1-1-0-1-SGP-1000_1.csv,/home/lj/zero_perturbation_data/rts_gt_v1/official_repository/data/20220715-3/filtered_prediction/f-1-2-1-1-0-1-SGP-1000_1.csv,https://github.com/norlab-ulaval/RTS_project/blob/449a299bcf8bc11766718db4ed4aea4a489c7c46/data/20220715-3/filtered_prediction/f-1-2-1-1-0-1-SGP-1000_1.csv,OFFICIAL_GIT_METADATA_GT_CALIBRATION_OR_CODE,24112,8625fdeb1a023d014414b8b2be6a6a2998acacb032cd1f45a0c6f8b7bc439e98,False,COMPLETE_SHA256_RECORDED
official_repository/data/20220715-3/filtered_prediction/f-1-2-1-1-0-1-SGP-1000_2.csv,/home/lj/zero_perturbation_data/rts_gt_v1/official_repository/data/20220715-3/filtered_prediction/f-1-2-1-1-0-1-SGP-1000_2.csv,https://github.com/norlab-ulaval/RTS_project/blob/449a299bcf8bc11766718db4ed4aea4a489c7c46/data/20220715-3/filtered_prediction/f-1-2-1-1-0-1-SGP-1000_2.csv,OFFICIAL_GIT_METADATA_GT_CALIBRATION_OR_CODE,23974,daad61c1a58144207a50c7f6b14e3bb69dce8a713b51fc3a3db563489e5393f3,False,COMPLETE_SHA256_RECORDED
official_repository/data/20220715-3/filtered_prediction/f-1-2-1-1-0-1-SGP-1000_3.csv,/home/lj/zero_perturbation_data/rts_gt_v1/official_repository/data/20220715-3/filtered_prediction/f-1-2-1-1-0-1-SGP-1000_3.csv,https://github.com/norlab-ulaval/RTS_project/blob/449a299bcf8bc11766718db4ed4aea4a489c7c46/data/20220715-3/filtered_prediction/f-1-2-1-1-0-1-SGP-1000_3.csv,OFFICIAL_GIT_METADATA_GT_CALIBRATION_OR_CODE,24055,94e74c733669fa2faf22cff8231f086725c827d7d37f62feb00790b135cd4a47,False,COMPLETE_SHA256_RECORDED
official_repository/data/20220715-3/filtered_prediction/f-2-1-1-1-2-0-L_1.csv,/home/lj/zero_perturbation_data/rts_gt_v1/official_repository/data/20220715-3/filtered_prediction/f-2-1-1-1-2-0-L_1.csv,https://github.com/norlab-ulaval/RTS_project/blob/449a299bcf8bc11766718db4ed4aea4a489c7c46/data/20220715-3/filtered_prediction/f-2-1-1-1-2-0-L_1.csv,OFFICIAL_GIT_METADATA_GT_CALIBRATION_OR_CODE,57249,be0ae18d44a733f2c5be382bd5e896f3bdf357f7383aa96cbf21e2db636b5d3a,False,COMPLETE_SHA256_RECORDED
official_repository/data/20220715-3/filtered_prediction/f-2-1-1-1-2-0-L_2.csv,/home/lj/zero_perturbation_data/rts_gt_v1/official_repository/data/20220715-3/filtered_prediction/f-2-1-1-1-2-0-L_2.csv,https://github.com/norlab-ulaval/RTS_project/blob/449a299bcf8bc11766718db4ed4aea4a489c7c46/data/20220715-3/filtered_prediction/f-2-1-1-1-2-0-L_2.csv,OFFICIAL_GIT_METADATA_GT_CALIBRATION_OR_CODE,57351,3da6f966d4db24f55ba267da074ccce00c038c044b1886bc541e62090ce323e6,False,COMPLETE_SHA256_RECORDED
official_repository/data/20220715-3/filtered_prediction/f-2-1-1-1-2-0-L_3.csv,/home/lj/zero_perturbation_data/rts_gt_v1/official_repository/data/20220715-3/filtered_prediction/f-2-1-1-1-2-0-L_3.csv,https://github.com/norlab-ulaval/RTS_project/blob/449a299bcf8bc11766718db4ed4aea4a489c7c46/data/20220715-3/filtered_prediction/f-2-1-1-1-2-0-L_3.csv,OFFICIAL_GIT_METADATA_GT_CALIBRATION_OR_CODE,57475,bace07674ef6f2a1c93fb3f2e0be0636113899abe846bd406e3543e6ea1a832b,False,COMPLETE_SHA256_RECORDED
official_repository/data/20220715-3/filtered_prediction/f-2-1-1-1-2-0-SGP-100_1.csv,/home/lj/zero_perturbation_data/rts_gt_v1/official_repository/data/20220715-3/filtered_prediction/f-2-1-1-1-2-0-SGP-100_1.csv,https://github.com/norlab-ulaval/RTS_project/blob/449a299bcf8bc11766718db4ed4aea4a489c7c46/data/20220715-3/filtered_prediction/f-2-1-1-1-2-0-SGP-100_1.csv,OFFICIAL_GIT_METADATA_GT_CALIBRATION_OR_CODE,107236,337c3a4aed3191fe187060d273655f6a3257fa8f7150f827134a5f896ede5f6e,False,COMPLETE_SHA256_RECORDED
official_repository/data/20220715-3/filtered_prediction/f-2-1-1-1-2-0-SGP-100_2.csv,/home/lj/zero_perturbation_data/rts_gt_v1/official_repository/data/20220715-3/filtered_prediction/f-2-1-1-1-2-0-SGP-100_2.csv,https://github.com/norlab-ulaval/RTS_project/blob/449a299bcf8bc11766718db4ed4aea4a489c7c46/data/20220715-3/filtered_prediction/f-2-1-1-1-2-0-SGP-100_2.csv,OFFICIAL_GIT_METADATA_GT_CALIBRATION_OR_CODE,107390,1df0d520bea8e74eb873f43af82d75424bc2f23121639a3fd684ee6963614122,False,COMPLETE_SHA256_RECORDED
official_repository/data/20220715-3/filtered_prediction/f-2-1-1-1-2-0-SGP-100_3.csv,/home/lj/zero_perturbation_data/rts_gt_v1/official_repository/data/20220715-3/filtered_prediction/f-2-1-1-1-2-0-SGP-100_3.csv,https://github.com/norlab-ulaval/RTS_project/blob/449a299bcf8bc11766718db4ed4aea4a489c7c46/data/20220715-3/filtered_prediction/f-2-1-1-1-2-0-SGP-100_3.csv,OFFICIAL_GIT_METADATA_GT_CALIBRATION_OR_CODE,107541,657345589b926638faf1b87f20471709bed6f151d055e9a7203471b3290de253,False,COMPLETE_SHA256_RECORDED
official_repository/data/20220715-3/filtered_prediction/f-2-1-1-1-6-0-L_1.csv,/home/lj/zero_perturbation_data/rts_gt_v1/official_repository/data/20220715-3/filtered_prediction/f-2-1-1-1-6-0-L_1.csv,https://github.com/norlab-ulaval/RTS_project/blob/449a299bcf8bc11766718db4ed4aea4a489c7c46/data/20220715-3/filtered_prediction/f-2-1-1-1-6-0-L_1.csv,OFFICIAL_GIT_METADATA_GT_CALIBRATION_OR_CODE,57250,f28eaa8810c3906c7cf8cd045e1ba714d4f7b15dbf222b3f21ee455378a53126,False,COMPLETE_SHA256_RECORDED
official_repository/data/20220715-3/filtered_prediction/f-2-1-1-1-6-0-L_2.csv,/home/lj/zero_perturbation_data/rts_gt_v1/official_repository/data/20220715-3/filtered_prediction/f-2-1-1-1-6-0-L_2.csv,https://github.com/norlab-ulaval/RTS_project/blob/449a299bcf8bc11766718db4ed4aea4a489c7c46/data/20220715-3/filtered_prediction/f-2-1-1-1-6-0-L_2.csv,OFFICIAL_GIT_METADATA_GT_CALIBRATION_OR_CODE,57352,b44abb5b5716997805959bfb26e49e7dfc926bd0e6cc3ebae7ccf068eabbc93c,False,COMPLETE_SHA256_RECORDED
official_repository/data/20220715-3/filtered_prediction/f-2-1-1-1-6-0-L_3.csv,/home/lj/zero_perturbation_data/rts_gt_v1/official_repository/data/20220715-3/filtered_prediction/f-2-1-1-1-6-0-L_3.csv,https://github.com/norlab-ulaval/RTS_project/blob/449a299bcf8bc11766718db4ed4aea4a489c7c46/data/20220715-3/filtered_prediction/f-2-1-1-1-6-0-L_3.csv,OFFICIAL_GIT_METADATA_GT_CALIBRATION_OR_CODE,57479,559f652d5fb1369217afc850499b1c6ed6380bbd2ce24a22acf53f287da61b09,False,COMPLETE_SHA256_RECORDED
official_repository/data/20220715-3/filtered_prediction/f-2-1-1-1-6-0-SGP-100_1.csv,/home/lj/zero_perturbation_data/rts_gt_v1/official_repository/data/20220715-3/filtered_prediction/f-2-1-1-1-6-0-SGP-100_1.csv,https://github.com/norlab-ulaval/RTS_project/blob/449a299bcf8bc11766718db4ed4aea4a489c7c46/data/20220715-3/filtered_prediction/f-2-1-1-1-6-0-SGP-100_1.csv,OFFICIAL_GIT_METADATA_GT_CALIBRATION_OR_CODE,107196,7cc99964dc7d650337010f52c1cbde6808c5dd5a1df117a71dc6106affe7c5ff,False,COMPLETE_SHA256_RECORDED
official_repository/data/20220715-3/filtered_prediction/f-2-1-1-1-6-0-SGP-100_2.csv,/home/lj/zero_perturbation_data/rts_gt_v1/official_repository/data/20220715-3/filtered_prediction/f-2-1-1-1-6-0-SGP-100_2.csv,https://github.com/norlab-ulaval/RTS_project/blob/449a299bcf8bc11766718db4ed4aea4a489c7c46/data/20220715-3/filtered_prediction/f-2-1-1-1-6-0-SGP-100_2.csv,OFFICIAL_GIT_METADATA_GT_CALIBRATION_OR_CODE,107408,3cf34233150a03359e5333cffdff558270a60b648862c471bb6cf0b146dc18ac,False,COMPLETE_SHA256_RECORDED
official_repository/data/20220715-3/filtered_prediction/f-2-1-1-1-6-0-SGP-100_3.csv,/home/lj/zero_perturbation_data/rts_gt_v1/official_repository/data/20220715-3/filtered_prediction/f-2-1-1-1-6-0-SGP-100_3.csv,https://github.com/norlab-ulaval/RTS_project/blob/449a299bcf8bc11766718db4ed4aea4a489c7c46/data/20220715-3/filtered_prediction/f-2-1-1-1-6-0-SGP-100_3.csv,OFFICIAL_GIT_METADATA_GT_CALIBRATION_OR_CODE,107538,b0f4702f3d3833326d8cc5a4263594ee1190e0a5a63c2ba611c0626ffc5d7f58,False,COMPLETE_SHA256_RECORDED
official_repository/data/20220715-3/filtered_prediction/f-2-1-1-1-6-1-L_1.csv,/home/lj/zero_perturbation_data/rts_gt_v1/official_repository/data/20220715-3/filtered_prediction/f-2-1-1-1-6-1-L_1.csv,https://github.com/norlab-ulaval/RTS_project/blob/449a299bcf8bc11766718db4ed4aea4a489c7c46/data/20220715-3/filtered_prediction/f-2-1-1-1-6-1-L_1.csv,OFFICIAL_GIT_METADATA_GT_CALIBRATION_OR_CODE,52323,09d81585aa4a1c4ffc52bdad82967c2a6accaa1f08be19ed5ebbe90d24f78d18,False,COMPLETE_SHA256_RECORDED
official_repository/data/20220715-3/filtered_prediction/f-2-1-1-1-6-1-L_2.csv,/home/lj/zero_perturbation_data/rts_gt_v1/official_repository/data/20220715-3/filtered_prediction/f-2-1-1-1-6-1-L_2.csv,https://github.com/norlab-ulaval/RTS_project/blob/449a299bcf8bc11766718db4ed4aea4a489c7c46/data/20220715-3/filtered_prediction/f-2-1-1-1-6-1-L_2.csv,OFFICIAL_GIT_METADATA_GT_CALIBRATION_OR_CODE,52410,44b2060b55e646d742c194dbb8090b9e23033a6b57e89ce229c4c0e4c242f36f,False,COMPLETE_SHA256_RECORDED
official_repository/data/20220715-3/filtered_prediction/f-2-1-1-1-6-1-L_3.csv,/home/lj/zero_perturbation_data/rts_gt_v1/official_repository/data/20220715-3/filtered_prediction/f-2-1-1-1-6-1-L_3.csv,https://github.com/norlab-ulaval/RTS_project/blob/449a299bcf8bc11766718db4ed4aea4a489c7c46/data/20220715-3/filtered_prediction/f-2-1-1-1-6-1-L_3.csv,OFFICIAL_GIT_METADATA_GT_CALIBRATION_OR_CODE,52403,6956b2c84a087bac3ab3b490e6db99ca4714b3aa3f35caa826b9539b50a8ea39,False,COMPLETE_SHA256_RECORDED
official_repository/data/20220715-3/filtered_prediction/f-2-1-1-1-6-1-SGP-1000_1.csv,/home/lj/zero_perturbation_data/rts_gt_v1/official_repository/data/20220715-3/filtered_prediction/f-2-1-1-1-6-1-SGP-1000_1.csv,https://github.com/norlab-ulaval/RTS_project/blob/449a299bcf8bc11766718db4ed4aea4a489c7c46/data/20220715-3/filtered_prediction/f-2-1-1-1-6-1-SGP-1000_1.csv,OFFICIAL_GIT_METADATA_GT_CALIBRATION_OR_CODE,98181,05781cb337102fd81ce5cf049a7af1c7f3272663cbd34e6a2924dbe408250c18,False,COMPLETE_SHA256_RECORDED
official_repository/data/20220715-3/filtered_prediction/f-2-1-1-1-6-1-SGP-1000_2.csv,/home/lj/zero_perturbation_data/rts_gt_v1/official_repository/data/20220715-3/filtered_prediction/f-2-1-1-1-6-1-SGP-1000_2.csv,https://github.com/norlab-ulaval/RTS_project/blob/449a299bcf8bc11766718db4ed4aea4a489c7c46/data/20220715-3/filtered_prediction/f-2-1-1-1-6-1-SGP-1000_2.csv,OFFICIAL_GIT_METADATA_GT_CALIBRATION_OR_CODE,98163,1832b696376f18e654cb23428138df58cc2c335f434132d26ba3c68bff15bc87,False,COMPLETE_SHA256_RECORDED
official_repository/data/20220715-3/filtered_prediction/f-2-1-1-1-6-1-SGP-1000_3.csv,/home/lj/zero_perturbation_data/rts_gt_v1/official_repository/data/20220715-3/filtered_prediction/f-2-1-1-1-6-1-SGP-1000_3.csv,https://github.com/norlab-ulaval/RTS_project/blob/449a299bcf8bc11766718db4ed4aea4a489c7c46/data/20220715-3/filtered_prediction/f-2-1-1-1-6-1-SGP-1000_3.csv,OFFICIAL_GIT_METADATA_GT_CALIBRATION_OR_CODE,98334,a7e5b41d1835c624e24b61ad44b6cf01b0c09ffda711a7c0905820141824da38,False,COMPLETE_SHA256_RECORDED
official_repository/data/20220715-3/list_tf/TF_list.csv,/home/lj/zero_perturbation_data/rts_gt_v1/official_repository/data/20220715-3/list_tf/TF_list.csv,https://github.com/norlab-ulaval/RTS_project/blob/449a299bcf8bc11766718db4ed4aea4a489c7c46/data/20220715-3/list_tf/TF_list.csv,OFFICIAL_GIT_METADATA_GT_CALIBRATION_OR_CODE,464,a031d5785a8162cc30cc836fb73ef7e12fd2877e792f6ed0efe09fcc911f3094,False,COMPLETE_SHA256_RECORDED
official_repository/data/20220715-3/list_tf/TF_list_distance_resection.csv,/home/lj/zero_perturbation_data/rts_gt_v1/official_repository/data/20220715-3/list_tf/TF_list_distance_resection.csv,https://github.com/norlab-ulaval/RTS_project/blob/449a299bcf8bc11766718db4ed4aea4a489c7c46/data/20220715-3/list_tf/TF_list_distance_resection.csv,OFFICIAL_GIT_METADATA_GT_CALIBRATION_OR_CODE,1548,8aedf0692f0c137f3838ae3441d9f6ef64aad9cda854d734ec14c8c5f3687dc2,False,COMPLETE_SHA256_RECORDED
official_repository/data/20220715-3/list_tf/TF_list_linear_dynamic_cp.csv,/home/lj/zero_perturbation_data/rts_gt_v1/official_repository/data/20220715-3/list_tf/TF_list_linear_dynamic_cp.csv,https://github.com/norlab-ulaval/RTS_project/blob/449a299bcf8bc11766718db4ed4aea4a489c7c46/data/20220715-3/list_tf/TF_list_linear_dynamic_cp.csv,OFFICIAL_GIT_METADATA_GT_CALIBRATION_OR_CODE,10897,1dc712382a0b64f0825c622958e82c5d664030e27e711cc6a1688db85667cd30,False,COMPLETE_SHA256_RECORDED
official_repository/data/20220715-3/list_tf/TF_list_static_cp.csv,/home/lj/zero_perturbation_data/rts_gt_v1/official_repository/data/20220715-3/list_tf/TF_list_static_cp.csv,https://github.com/norlab-ulaval/RTS_project/blob/449a299bcf8bc11766718db4ed4aea4a489c7c46/data/20220715-3/list_tf/TF_list_static_cp.csv,OFFICIAL_GIT_METADATA_GT_CALIBRATION_OR_CODE,10906,064312676e5cd1a5c335cf605ef6aec3049297915e6f51832b566470213e695b,False,COMPLETE_SHA256_RECORDED
official_repository/data/20220715-3/list_tf/f-2-1-1-1-6-0-L_TF_list_distance_resection.csv,/home/lj/zero_perturbation_data/rts_gt_v1/official_repository/data/20220715-3/list_tf/f-2-1-1-1-6-0-L_TF_list_distance_resection.csv,https://github.com/norlab-ulaval/RTS_project/blob/449a299bcf8bc11766718db4ed4aea4a489c7c46/data/20220715-3/list_tf/f-2-1-1-1-6-0-L_TF_list_distance_resection.csv,OFFICIAL_GIT_METADATA_GT_CALIBRATION_OR_CODE,1548,8aedf0692f0c137f3838ae3441d9f6ef64aad9cda854d734ec14c8c5f3687dc2,False,COMPLETE_SHA256_RECORDED
official_repository/data/20220715-3/list_tf/f-2-1-1-1-6-0-L_TF_list_static_cp.csv,/home/lj/zero_perturbation_data/rts_gt_v1/official_repository/data/20220715-3/list_tf/f-2-1-1-1-6-0-L_TF_list_static_cp.csv,https://github.com/norlab-ulaval/RTS_project/blob/449a299bcf8bc11766718db4ed4aea4a489c7c46/data/20220715-3/list_tf/f-2-1-1-1-6-0-L_TF_list_static_cp.csv,OFFICIAL_GIT_METADATA_GT_CALIBRATION_OR_CODE,10912,9e3128d9ed55e09dcc34d7bfcce5b04e8a0087e9674e48ceea41b9a67d80c455,False,COMPLETE_SHA256_RECORDED
official_repository/data/20220715-3/raw_prediction/nf-1-0-1-L_1.csv,/home/lj/zero_perturbation_data/rts_gt_v1/official_repository/data/20220715-3/raw_prediction/nf-1-0-1-L_1.csv,https://github.com/norlab-ulaval/RTS_project/blob/449a299bcf8bc11766718db4ed4aea4a489c7c46/data/20220715-3/raw_prediction/nf-1-0-1-L_1.csv,OFFICIAL_GIT_METADATA_GT_CALIBRATION_OR_CODE,102908,db84a40091937fafcc0eae569deccc34343773e06e0e31227d18fee10cca26ea,False,COMPLETE_SHA256_RECORDED
official_repository/data/20220715-3/raw_prediction/nf-1-0-1-L_2.csv,/home/lj/zero_perturbation_data/rts_gt_v1/official_repository/data/20220715-3/raw_prediction/nf-1-0-1-L_2.csv,https://github.com/norlab-ulaval/RTS_project/blob/449a299bcf8bc11766718db4ed4aea4a489c7c46/data/20220715-3/raw_prediction/nf-1-0-1-L_2.csv,OFFICIAL_GIT_METADATA_GT_CALIBRATION_OR_CODE,102876,a2f80c87e7d6caf00f00dce1ab19c30f65162354a38f8550b845fb4dd3bd8245,False,COMPLETE_SHA256_RECORDED
official_repository/data/20220715-3/raw_prediction/nf-1-0-1-L_3.csv,/home/lj/zero_perturbation_data/rts_gt_v1/official_repository/data/20220715-3/raw_prediction/nf-1-0-1-L_3.csv,https://github.com/norlab-ulaval/RTS_project/blob/449a299bcf8bc11766718db4ed4aea4a489c7c46/data/20220715-3/raw_prediction/nf-1-0-1-L_3.csv,OFFICIAL_GIT_METADATA_GT_CALIBRATION_OR_CODE,102645,9579493187a44c804cb0f345e261166c0d9f62521c2a37fb2e01dbf56a40c55c,False,COMPLETE_SHA256_RECORDED
official_repository/data/20220715-3/raw_prediction/nf-1-2-0-L_1.csv,/home/lj/zero_perturbation_data/rts_gt_v1/official_repository/data/20220715-3/raw_prediction/nf-1-2-0-L_1.csv,https://github.com/norlab-ulaval/RTS_project/blob/449a299bcf8bc11766718db4ed4aea4a489c7c46/data/20220715-3/raw_prediction/nf-1-2-0-L_1.csv,OFFICIAL_GIT_METADATA_GT_CALIBRATION_OR_CODE,101638,c22802bfed6df46a449d73254f01d87379821a50a87bc9e10f6ede72e58d8b5e,False,COMPLETE_SHA256_RECORDED
official_repository/data/20220715-3/raw_prediction/nf-1-2-0-L_2.csv,/home/lj/zero_perturbation_data/rts_gt_v1/official_repository/data/20220715-3/raw_prediction/nf-1-2-0-L_2.csv,https://github.com/norlab-ulaval/RTS_project/blob/449a299bcf8bc11766718db4ed4aea4a489c7c46/data/20220715-3/raw_prediction/nf-1-2-0-L_2.csv,OFFICIAL_GIT_METADATA_GT_CALIBRATION_OR_CODE,101590,5885f743a5336624525a133d6a93d59dfcfaa9cf68519fbeeac3a659e339be6e,False,COMPLETE_SHA256_RECORDED
official_repository/data/20220715-3/raw_prediction/nf-1-2-0-L_3.csv,/home/lj/zero_perturbation_data/rts_gt_v1/official_repository/data/20220715-3/raw_prediction/nf-1-2-0-L_3.csv,https://github.com/norlab-ulaval/RTS_project/blob/449a299bcf8bc11766718db4ed4aea4a489c7c46/data/20220715-3/raw_prediction/nf-1-2-0-L_3.csv,OFFICIAL_GIT_METADATA_GT_CALIBRATION_OR_CODE,101366,8dfed33cb0356ac407377af0ef198a830b6ae01a708110ec4b0552458492dcd9,False,COMPLETE_SHA256_RECORDED
official_repository/data/20220715-3/raw_prediction/nf-1-2-0-SGP-100_1.csv,/home/lj/zero_perturbation_data/rts_gt_v1/official_repository/data/20220715-3/raw_prediction/nf-1-2-0-SGP-100_1.csv,https://github.com/norlab-ulaval/RTS_project/blob/449a299bcf8bc11766718db4ed4aea4a489c7c46/data/20220715-3/raw_prediction/nf-1-2-0-SGP-100_1.csv,OFFICIAL_GIT_METADATA_GT_CALIBRATION_OR_CODE,191205,8a36f01440228cf6af9139f55e5c81c2b555c02cdeacdf984e133b39aea47803,False,COMPLETE_SHA256_RECORDED
official_repository/data/20220715-3/raw_prediction/nf-1-2-0-SGP-100_2.csv,/home/lj/zero_perturbation_data/rts_gt_v1/official_repository/data/20220715-3/raw_prediction/nf-1-2-0-SGP-100_2.csv,https://github.com/norlab-ulaval/RTS_project/blob/449a299bcf8bc11766718db4ed4aea4a489c7c46/data/20220715-3/raw_prediction/nf-1-2-0-SGP-100_2.csv,OFFICIAL_GIT_METADATA_GT_CALIBRATION_OR_CODE,190854,086ad6d3ca8739262e07c05f03fa94b3db6087fc1807680022b6b2ec02c802ce,False,COMPLETE_SHA256_RECORDED
official_repository/data/20220715-3/raw_prediction/nf-1-2-0-SGP-100_3.csv,/home/lj/zero_perturbation_data/rts_gt_v1/official_repository/data/20220715-3/raw_prediction/nf-1-2-0-SGP-100_3.csv,https://github.com/norlab-ulaval/RTS_project/blob/449a299bcf8bc11766718db4ed4aea4a489c7c46/data/20220715-3/raw_prediction/nf-1-2-0-SGP-100_3.csv,OFFICIAL_GIT_METADATA_GT_CALIBRATION_OR_CODE,190608,981a37aea7a0b8c335635178534ca9fda4e066a96bfcc6057d67c22109fed38a,False,COMPLETE_SHA256_RECORDED
official_repository/data/20220715-3/raw_prediction/nf-1-6-0-L_1.csv,/home/lj/zero_perturbation_data/rts_gt_v1/official_repository/data/20220715-3/raw_prediction/nf-1-6-0-L_1.csv,https://github.com/norlab-ulaval/RTS_project/blob/449a299bcf8bc11766718db4ed4aea4a489c7c46/data/20220715-3/raw_prediction/nf-1-6-0-L_1.csv,OFFICIAL_GIT_METADATA_GT_CALIBRATION_OR_CODE,92390,2e3aafd5536e87b65988a2b099cf934e41e9d009cae34e1e65e454189f36d13e,False,COMPLETE_SHA256_RECORDED
official_repository/data/20220715-3/raw_prediction/nf-1-6-0-L_2.csv,/home/lj/zero_perturbation_data/rts_gt_v1/official_repository/data/20220715-3/raw_prediction/nf-1-6-0-L_2.csv,https://github.com/norlab-ulaval/RTS_project/blob/449a299bcf8bc11766718db4ed4aea4a489c7c46/data/20220715-3/raw_prediction/nf-1-6-0-L_2.csv,OFFICIAL_GIT_METADATA_GT_CALIBRATION_OR_CODE,92307,371082e3834eb2c2eac416d33d80d82870e71be55dfce48642ff360ad912d3b0,False,COMPLETE_SHA256_RECORDED
official_repository/data/20220715-3/raw_prediction/nf-1-6-0-L_3.csv,/home/lj/zero_perturbation_data/rts_gt_v1/official_repository/data/20220715-3/raw_prediction/nf-1-6-0-L_3.csv,https://github.com/norlab-ulaval/RTS_project/blob/449a299bcf8bc11766718db4ed4aea4a489c7c46/data/20220715-3/raw_prediction/nf-1-6-0-L_3.csv,OFFICIAL_GIT_METADATA_GT_CALIBRATION_OR_CODE,92154,fc70f1d71b4c97f96abb681d1dd22e92570725a07ea4033cc1a0b1d8bd905ae2,False,COMPLETE_SHA256_RECORDED
official_repository/data/20220715-3/raw_prediction/nf-1-6-0-SGP-100_1.csv,/home/lj/zero_perturbation_data/rts_gt_v1/official_repository/data/20220715-3/raw_prediction/nf-1-6-0-SGP-100_1.csv,https://github.com/norlab-ulaval/RTS_project/blob/449a299bcf8bc11766718db4ed4aea4a489c7c46/data/20220715-3/raw_prediction/nf-1-6-0-SGP-100_1.csv,OFFICIAL_GIT_METADATA_GT_CALIBRATION_OR_CODE,173727,f27b08bf103de6502fb875a63627a52f9b417d3617b8ccfa698ddf3a92adbf9e,False,COMPLETE_SHA256_RECORDED
official_repository/data/20220715-3/raw_prediction/nf-1-6-0-SGP-100_2.csv,/home/lj/zero_perturbation_data/rts_gt_v1/official_repository/data/20220715-3/raw_prediction/nf-1-6-0-SGP-100_2.csv,https://github.com/norlab-ulaval/RTS_project/blob/449a299bcf8bc11766718db4ed4aea4a489c7c46/data/20220715-3/raw_prediction/nf-1-6-0-SGP-100_2.csv,OFFICIAL_GIT_METADATA_GT_CALIBRATION_OR_CODE,173502,55b6fff0a4a0c0c75abdec8b73d35927a1c0e6a925a92a25bb3394f4c919611f,False,COMPLETE_SHA256_RECORDED
official_repository/data/20220715-3/raw_prediction/nf-1-6-0-SGP-100_3.csv,/home/lj/zero_perturbation_data/rts_gt_v1/official_repository/data/20220715-3/raw_prediction/nf-1-6-0-SGP-100_3.csv,https://github.com/norlab-ulaval/RTS_project/blob/449a299bcf8bc11766718db4ed4aea4a489c7c46/data/20220715-3/raw_prediction/nf-1-6-0-SGP-100_3.csv,OFFICIAL_GIT_METADATA_GT_CALIBRATION_OR_CODE,173207,291f0ed793171d68722881ed6976a46face873755be6a047bb5273d420624dce,False,COMPLETE_SHA256_RECORDED
official_repository/data/20220715-3/raw_prediction/nf-1-6-1-L_1.csv,/home/lj/zero_perturbation_data/rts_gt_v1/official_repository/data/20220715-3/raw_prediction/nf-1-6-1-L_1.csv,https://github.com/norlab-ulaval/RTS_project/blob/449a299bcf8bc11766718db4ed4aea4a489c7c46/data/20220715-3/raw_prediction/nf-1-6-1-L_1.csv,OFFICIAL_GIT_METADATA_GT_CALIBRATION_OR_CODE,92390,2e3aafd5536e87b65988a2b099cf934e41e9d009cae34e1e65e454189f36d13e,False,COMPLETE_SHA256_RECORDED
official_repository/data/20220715-3/raw_prediction/nf-1-6-1-L_2.csv,/home/lj/zero_perturbation_data/rts_gt_v1/official_repository/data/20220715-3/raw_prediction/nf-1-6-1-L_2.csv,https://github.com/norlab-ulaval/RTS_project/blob/449a299bcf8bc11766718db4ed4aea4a489c7c46/data/20220715-3/raw_prediction/nf-1-6-1-L_2.csv,OFFICIAL_GIT_METADATA_GT_CALIBRATION_OR_CODE,92307,371082e3834eb2c2eac416d33d80d82870e71be55dfce48642ff360ad912d3b0,False,COMPLETE_SHA256_RECORDED
official_repository/data/20220715-3/raw_prediction/nf-1-6-1-L_3.csv,/home/lj/zero_perturbation_data/rts_gt_v1/official_repository/data/20220715-3/raw_prediction/nf-1-6-1-L_3.csv,https://github.com/norlab-ulaval/RTS_project/blob/449a299bcf8bc11766718db4ed4aea4a489c7c46/data/20220715-3/raw_prediction/nf-1-6-1-L_3.csv,OFFICIAL_GIT_METADATA_GT_CALIBRATION_OR_CODE,92154,fc70f1d71b4c97f96abb681d1dd22e92570725a07ea4033cc1a0b1d8bd905ae2,False,COMPLETE_SHA256_RECORDED
official_repository/data/20220715-3/raw_prediction/nf-1-6-1-SGP-1000_1.csv,/home/lj/zero_perturbation_data/rts_gt_v1/official_repository/data/20220715-3/raw_prediction/nf-1-6-1-SGP-1000_1.csv,https://github.com/norlab-ulaval/RTS_project/blob/449a299bcf8bc11766718db4ed4aea4a489c7c46/data/20220715-3/raw_prediction/nf-1-6-1-SGP-1000_1.csv,OFFICIAL_GIT_METADATA_GT_CALIBRATION_OR_CODE,174034,736eb6f77cb31625e2b20265f93b7eb7ccda8570280adb9b24c7df5c9ff50966,False,COMPLETE_SHA256_RECORDED
official_repository/data/20220715-3/raw_prediction/nf-1-6-1-SGP-1000_2.csv,/home/lj/zero_perturbation_data/rts_gt_v1/official_repository/data/20220715-3/raw_prediction/nf-1-6-1-SGP-1000_2.csv,https://github.com/norlab-ulaval/RTS_project/blob/449a299bcf8bc11766718db4ed4aea4a489c7c46/data/20220715-3/raw_prediction/nf-1-6-1-SGP-1000_2.csv,OFFICIAL_GIT_METADATA_GT_CALIBRATION_OR_CODE,173366,b61c264276026d8a5bfb4c9004970b2f35f2e24c824433b79a65acf89c2d5c49,False,COMPLETE_SHA256_RECORDED
official_repository/data/20220715-3/raw_prediction/nf-1-6-1-SGP-1000_3.csv,/home/lj/zero_perturbation_data/rts_gt_v1/official_repository/data/20220715-3/raw_prediction/nf-1-6-1-SGP-1000_3.csv,https://github.com/norlab-ulaval/RTS_project/blob/449a299bcf8bc11766718db4ed4aea4a489c7c46/data/20220715-3/raw_prediction/nf-1-6-1-SGP-1000_3.csv,OFFICIAL_GIT_METADATA_GT_CALIBRATION_OR_CODE,173123,cf169652b619ee5366142740ffc0e472076160b04573d55c42cd84ba160f1f9c,False,COMPLETE_SHA256_RECORDED
official_repository/data/20220715-3/total_stations/GCP.txt,/home/lj/zero_perturbation_data/rts_gt_v1/official_repository/data/20220715-3/total_stations/GCP.txt,https://github.com/norlab-ulaval/RTS_project/blob/449a299bcf8bc11766718db4ed4aea4a489c7c46/data/20220715-3/total_stations/GCP.txt,OFFICIAL_GIT_METADATA_GT_CALIBRATION_OR_CODE,2018,2acdcc7b4987a1eef0a793e13b6976735295515f3c1e2abf478a442a5ddea83d,False,COMPLETE_SHA256_RECORDED
official_repository/data/20220715-3/total_stations/Two_points.txt,/home/lj/zero_perturbation_data/rts_gt_v1/official_repository/data/20220715-3/total_stations/Two_points.txt,https://github.com/norlab-ulaval/RTS_project/blob/449a299bcf8bc11766718db4ed4aea4a489c7c46/data/20220715-3/total_stations/Two_points.txt,OFFICIAL_GIT_METADATA_GT_CALIBRATION_OR_CODE,868,835044917464a2ebe349211c34868d431e0619c73da1c735375b5d3c97c1eb59,False,COMPLETE_SHA256_RECORDED
official_repository/data/20220715-3/total_stations/trimble1.csv,/home/lj/zero_perturbation_data/rts_gt_v1/official_repository/data/20220715-3/total_stations/trimble1.csv,https://github.com/norlab-ulaval/RTS_project/blob/449a299bcf8bc11766718db4ed4aea4a489c7c46/data/20220715-3/total_stations/trimble1.csv,OFFICIAL_GIT_METADATA_GT_CALIBRATION_OR_CODE,28046,c3ec669eb8de41a23f229913a7ad8fca530d8175700fffb7cffca2242bb1f0a8,False,COMPLETE_SHA256_RECORDED
official_repository/data/20220715-3/total_stations/trimble2.csv,/home/lj/zero_perturbation_data/rts_gt_v1/official_repository/data/20220715-3/total_stations/trimble2.csv,https://github.com/norlab-ulaval/RTS_project/blob/449a299bcf8bc11766718db4ed4aea4a489c7c46/data/20220715-3/total_stations/trimble2.csv,OFFICIAL_GIT_METADATA_GT_CALIBRATION_OR_CODE,32998,c27247a530cdbd6e2f9ab3a30d0338fa7e62a0a935fddd8a8ae311d1e73916c7,False,COMPLETE_SHA256_RECORDED
official_repository/data/20220715-3/total_stations/trimble3.csv,/home/lj/zero_perturbation_data/rts_gt_v1/official_repository/data/20220715-3/total_stations/trimble3.csv,https://github.com/norlab-ulaval/RTS_project/blob/449a299bcf8bc11766718db4ed4aea4a489c7c46/data/20220715-3/total_stations/trimble3.csv,OFFICIAL_GIT_METADATA_GT_CALIBRATION_OR_CODE,32202,42674b3c2b09cefd4d3bd9dc2f6f2092837b7f9358212fa220274d4698f10f21,False,COMPLETE_SHA256_RECORDED
official_repository/data/20220715-3/uncertainty/interpolation/MC_Fake_0_0_0_0_0_5_1.csv,/home/lj/zero_perturbation_data/rts_gt_v1/official_repository/data/20220715-3/uncertainty/interpolation/MC_Fake_0_0_0_0_0_5_1.csv,https://github.com/norlab-ulaval/RTS_project/blob/449a299bcf8bc11766718db4ed4aea4a489c7c46/data/20220715-3/uncertainty/interpolation/MC_Fake_0_0_0_0_0_5_1.csv,OFFICIAL_GIT_METADATA_GT_CALIBRATION_OR_CODE,150725,fe112046d2400b84d9ba8006b1009bfabe90b227588761f9440179182721f781,False,COMPLETE_SHA256_RECORDED
official_repository/data/20220715-3/uncertainty/interpolation/MC_Fake_0_0_0_0_0_5_2.csv,/home/lj/zero_perturbation_data/rts_gt_v1/official_repository/data/20220715-3/uncertainty/interpolation/MC_Fake_0_0_0_0_0_5_2.csv,https://github.com/norlab-ulaval/RTS_project/blob/449a299bcf8bc11766718db4ed4aea4a489c7c46/data/20220715-3/uncertainty/interpolation/MC_Fake_0_0_0_0_0_5_2.csv,OFFICIAL_GIT_METADATA_GT_CALIBRATION_OR_CODE,149781,033926c7d99c9da1dbe34e17b0f93037b4cdab56ab71342324fc81622f6ae1e1,False,COMPLETE_SHA256_RECORDED
official_repository/data/20220715-3/uncertainty/interpolation/MC_Fake_0_0_0_0_0_5_3.csv,/home/lj/zero_perturbation_data/rts_gt_v1/official_repository/data/20220715-3/uncertainty/interpolation/MC_Fake_0_0_0_0_0_5_3.csv,https://github.com/norlab-ulaval/RTS_project/blob/449a299bcf8bc11766718db4ed4aea4a489c7c46/data/20220715-3/uncertainty/interpolation/MC_Fake_0_0_0_0_0_5_3.csv,OFFICIAL_GIT_METADATA_GT_CALIBRATION_OR_CODE,150470,3628804fe5b83500fc297b3b3844dd676bf11eed347a4450f7844f11e30ef2dc,False,COMPLETE_SHA256_RECORDED
official_repository/data/20220715-3/uncertainty/interpolation/MC_Fake_0_0_0_1_0_5_1.csv,/home/lj/zero_perturbation_data/rts_gt_v1/official_repository/data/20220715-3/uncertainty/interpolation/MC_Fake_0_0_0_1_0_5_1.csv,https://github.com/norlab-ulaval/RTS_project/blob/449a299bcf8bc11766718db4ed4aea4a489c7c46/data/20220715-3/uncertainty/interpolation/MC_Fake_0_0_0_1_0_5_1.csv,OFFICIAL_GIT_METADATA_GT_CALIBRATION_OR_CODE,150645,a2ca06802de7e0779b2dcaede7f73dfc40b23fa33e78dcd7acaeeef69b742cd2,False,COMPLETE_SHA256_RECORDED
official_repository/data/20220715-3/uncertainty/interpolation/MC_Fake_0_0_0_1_0_5_2.csv,/home/lj/zero_perturbation_data/rts_gt_v1/official_repository/data/20220715-3/uncertainty/interpolation/MC_Fake_0_0_0_1_0_5_2.csv,https://github.com/norlab-ulaval/RTS_project/blob/449a299bcf8bc11766718db4ed4aea4a489c7c46/data/20220715-3/uncertainty/interpolation/MC_Fake_0_0_0_1_0_5_2.csv,OFFICIAL_GIT_METADATA_GT_CALIBRATION_OR_CODE,149932,b87868dd4d53ca7dd0fc25e925ac4652c7b69ff1b19d3e01baed7975d51e0c28,False,COMPLETE_SHA256_RECORDED
official_repository/data/20220715-3/uncertainty/interpolation/MC_Fake_0_0_0_1_0_5_3.csv,/home/lj/zero_perturbation_data/rts_gt_v1/official_repository/data/20220715-3/uncertainty/interpolation/MC_Fake_0_0_0_1_0_5_3.csv,https://github.com/norlab-ulaval/RTS_project/blob/449a299bcf8bc11766718db4ed4aea4a489c7c46/data/20220715-3/uncertainty/interpolation/MC_Fake_0_0_0_1_0_5_3.csv,OFFICIAL_GIT_METADATA_GT_CALIBRATION_OR_CODE,150535,cec4b3524a794470cefde225351e862426b827d59e55f02cad58deb9a551525b,False,COMPLETE_SHA256_RECORDED
official_repository/data/20220715-3/uncertainty/interpolation/MC_Fake_0_0_1_0_0_5_1.csv,/home/lj/zero_perturbation_data/rts_gt_v1/official_repository/data/20220715-3/uncertainty/interpolation/MC_Fake_0_0_1_0_0_5_1.csv,https://github.com/norlab-ulaval/RTS_project/blob/449a299bcf8bc11766718db4ed4aea4a489c7c46/data/20220715-3/uncertainty/interpolation/MC_Fake_0_0_1_0_0_5_1.csv,OFFICIAL_GIT_METADATA_GT_CALIBRATION_OR_CODE,150667,99d579ac638654c467f4a6e5f589c4259414e1850324ef30d9206453a31b0a49,False,COMPLETE_SHA256_RECORDED
official_repository/data/20220715-3/uncertainty/interpolation/MC_Fake_0_0_1_0_0_5_2.csv,/home/lj/zero_perturbation_data/rts_gt_v1/official_repository/data/20220715-3/uncertainty/interpolation/MC_Fake_0_0_1_0_0_5_2.csv,https://github.com/norlab-ulaval/RTS_project/blob/449a299bcf8bc11766718db4ed4aea4a489c7c46/data/20220715-3/uncertainty/interpolation/MC_Fake_0_0_1_0_0_5_2.csv,OFFICIAL_GIT_METADATA_GT_CALIBRATION_OR_CODE,149854,fc6ae8b0436e770e3b48c17236fe7bc11d0f346ced3fccf23fd9a2554c7e56f5,False,COMPLETE_SHA256_RECORDED
official_repository/data/20220715-3/uncertainty/interpolation/MC_Fake_0_0_1_0_0_5_3.csv,/home/lj/zero_perturbation_data/rts_gt_v1/official_repository/data/20220715-3/uncertainty/interpolation/MC_Fake_0_0_1_0_0_5_3.csv,https://github.com/norlab-ulaval/RTS_project/blob/449a299bcf8bc11766718db4ed4aea4a489c7c46/data/20220715-3/uncertainty/interpolation/MC_Fake_0_0_1_0_0_5_3.csv,OFFICIAL_GIT_METADATA_GT_CALIBRATION_OR_CODE,150220,b0cc2ea8a561dd5d2257e6233acf81f0ce2a737cc35d9bda3a8e79f3565a82ce,False,COMPLETE_SHA256_RECORDED
official_repository/data/20220715-3/uncertainty/interpolation/MC_Fake_0_1_0_0_0_5_1.csv,/home/lj/zero_perturbation_data/rts_gt_v1/official_repository/data/20220715-3/uncertainty/interpolation/MC_Fake_0_1_0_0_0_5_1.csv,https://github.com/norlab-ulaval/RTS_project/blob/449a299bcf8bc11766718db4ed4aea4a489c7c46/data/20220715-3/uncertainty/interpolation/MC_Fake_0_1_0_0_0_5_1.csv,OFFICIAL_GIT_METADATA_GT_CALIBRATION_OR_CODE,150576,d2b01dee9213c78a48bded9ca1faa369a3e8a7f127b23334cf824549fffb9616,False,COMPLETE_SHA256_RECORDED
official_repository/data/20220715-3/uncertainty/interpolation/MC_Fake_0_1_0_0_0_5_2.csv,/home/lj/zero_perturbation_data/rts_gt_v1/official_repository/data/20220715-3/uncertainty/interpolation/MC_Fake_0_1_0_0_0_5_2.csv,https://github.com/norlab-ulaval/RTS_project/blob/449a299bcf8bc11766718db4ed4aea4a489c7c46/data/20220715-3/uncertainty/interpolation/MC_Fake_0_1_0_0_0_5_2.csv,OFFICIAL_GIT_METADATA_GT_CALIBRATION_OR_CODE,149907,e5a3793357a4f004c24231f77fce843872897e036c8f627619aeac12b900048f,False,COMPLETE_SHA256_RECORDED
official_repository/data/20220715-3/uncertainty/interpolation/MC_Fake_0_1_0_0_0_5_3.csv,/home/lj/zero_perturbation_data/rts_gt_v1/official_repository/data/20220715-3/uncertainty/interpolation/MC_Fake_0_1_0_0_0_5_3.csv,https://github.com/norlab-ulaval/RTS_project/blob/449a299bcf8bc11766718db4ed4aea4a489c7c46/data/20220715-3/uncertainty/interpolation/MC_Fake_0_1_0_0_0_5_3.csv,OFFICIAL_GIT_METADATA_GT_CALIBRATION_OR_CODE,150495,634eeb7817bbc8ac91dc570c963355bc3fdab25148d03f9f42243b878707a5c1,False,COMPLETE_SHA256_RECORDED
official_repository/data/20220715-3/uncertainty/interpolation/MC_Fake_1_0_0_0_0_5_1.csv,/home/lj/zero_perturbation_data/rts_gt_v1/official_repository/data/20220715-3/uncertainty/interpolation/MC_Fake_1_0_0_0_0_5_1.csv,https://github.com/norlab-ulaval/RTS_project/blob/449a299bcf8bc11766718db4ed4aea4a489c7c46/data/20220715-3/uncertainty/interpolation/MC_Fake_1_0_0_0_0_5_1.csv,OFFICIAL_GIT_METADATA_GT_CALIBRATION_OR_CODE,150692,84bf2badcb24b5997c316773b985d40fa7ae80507b9beaed2480ee6e6a4580f0,False,COMPLETE_SHA256_RECORDED
official_repository/data/20220715-3/uncertainty/interpolation/MC_Fake_1_0_0_0_0_5_2.csv,/home/lj/zero_perturbation_data/rts_gt_v1/official_repository/data/20220715-3/uncertainty/interpolation/MC_Fake_1_0_0_0_0_5_2.csv,https://github.com/norlab-ulaval/RTS_project/blob/449a299bcf8bc11766718db4ed4aea4a489c7c46/data/20220715-3/uncertainty/interpolation/MC_Fake_1_0_0_0_0_5_2.csv,OFFICIAL_GIT_METADATA_GT_CALIBRATION_OR_CODE,149836,5816f33397b895f980e67fc441867a7445627a68b64d1ff5b9cd4010f46ee126,False,COMPLETE_SHA256_RECORDED
official_repository/data/20220715-3/uncertainty/interpolation/MC_Fake_1_0_0_0_0_5_3.csv,/home/lj/zero_perturbation_data/rts_gt_v1/official_repository/data/20220715-3/uncertainty/interpolation/MC_Fake_1_0_0_0_0_5_3.csv,https://github.com/norlab-ulaval/RTS_project/blob/449a299bcf8bc11766718db4ed4aea4a489c7c46/data/20220715-3/uncertainty/interpolation/MC_Fake_1_0_0_0_0_5_3.csv,OFFICIAL_GIT_METADATA_GT_CALIBRATION_OR_CODE,150487,f9168e2d6a6fec354b0ff4d807043f9d85f64dd5892bc6c351c1b35b9276fd85,False,COMPLETE_SHA256_RECORDED
official_repository/data/20220715-3/uncertainty/interpolation/MC_Fake_1_1_1_1_0_5_1.csv,/home/lj/zero_perturbation_data/rts_gt_v1/official_repository/data/20220715-3/uncertainty/interpolation/MC_Fake_1_1_1_1_0_5_1.csv,https://github.com/norlab-ulaval/RTS_project/blob/449a299bcf8bc11766718db4ed4aea4a489c7c46/data/20220715-3/uncertainty/interpolation/MC_Fake_1_1_1_1_0_5_1.csv,OFFICIAL_GIT_METADATA_GT_CALIBRATION_OR_CODE,150709,ea550624c2680dbf60d464adbc92534b1e66ea5e78e06cee3bac03ee5f2a49ac,False,COMPLETE_SHA256_RECORDED
official_repository/data/20220715-3/uncertainty/interpolation/MC_Fake_1_1_1_1_0_5_2.csv,/home/lj/zero_perturbation_data/rts_gt_v1/official_repository/data/20220715-3/uncertainty/interpolation/MC_Fake_1_1_1_1_0_5_2.csv,https://github.com/norlab-ulaval/RTS_project/blob/449a299bcf8bc11766718db4ed4aea4a489c7c46/data/20220715-3/uncertainty/interpolation/MC_Fake_1_1_1_1_0_5_2.csv,OFFICIAL_GIT_METADATA_GT_CALIBRATION_OR_CODE,149852,8cd58f17edf7c48b48243f25feb0e47df96614a3c16aa395c70d0b385cdada25,False,COMPLETE_SHA256_RECORDED
official_repository/data/20220715-3/uncertainty/interpolation/MC_Fake_1_1_1_1_0_5_3.csv,/home/lj/zero_perturbation_data/rts_gt_v1/official_repository/data/20220715-3/uncertainty/interpolation/MC_Fake_1_1_1_1_0_5_3.csv,https://github.com/norlab-ulaval/RTS_project/blob/449a299bcf8bc11766718db4ed4aea4a489c7c46/data/20220715-3/uncertainty/interpolation/MC_Fake_1_1_1_1_0_5_3.csv,OFFICIAL_GIT_METADATA_GT_CALIBRATION_OR_CODE,150796,8e95c248c7ca91e9e9ba7102b049eca59dd8d028045530b161ff2054cb2cc3ad,False,COMPLETE_SHA256_RECORDED
official_repository/data/20220715-3/uncertainty/raw_data/prism1.csv,/home/lj/zero_perturbation_data/rts_gt_v1/official_repository/data/20220715-3/uncertainty/raw_data/prism1.csv,https://github.com/norlab-ulaval/RTS_project/blob/449a299bcf8bc11766718db4ed4aea4a489c7c46/data/20220715-3/uncertainty/raw_data/prism1.csv,OFFICIAL_GIT_METADATA_GT_CALIBRATION_OR_CODE,21429,9874ef010ff1696d2720d660951a5187a54a4851f76fb0a3f93303509108885d,False,COMPLETE_SHA256_RECORDED
official_repository/data/20220715-3/uncertainty/raw_data/prism2.csv,/home/lj/zero_perturbation_data/rts_gt_v1/official_repository/data/20220715-3/uncertainty/raw_data/prism2.csv,https://github.com/norlab-ulaval/RTS_project/blob/449a299bcf8bc11766718db4ed4aea4a489c7c46/data/20220715-3/uncertainty/raw_data/prism2.csv,OFFICIAL_GIT_METADATA_GT_CALIBRATION_OR_CODE,23218,0edd6a239f96926b0a32353446e02bc5578429d724b0fdb0eb863912de6b8635,False,COMPLETE_SHA256_RECORDED
official_repository/data/20220715-3/uncertainty/raw_data/prism3.csv,/home/lj/zero_perturbation_data/rts_gt_v1/official_repository/data/20220715-3/uncertainty/raw_data/prism3.csv,https://github.com/norlab-ulaval/RTS_project/blob/449a299bcf8bc11766718db4ed4aea4a489c7c46/data/20220715-3/uncertainty/raw_data/prism3.csv,OFFICIAL_GIT_METADATA_GT_CALIBRATION_OR_CODE,23169,58126ffec9173f0f75a8965242cf2b1c21cda4ce7ce8ae49dc77000834f4718e,False,COMPLETE_SHA256_RECORDED
official_repository/data/20220715-3/uncertainty/raw_data/speed_prism1.csv,/home/lj/zero_perturbation_data/rts_gt_v1/official_repository/data/20220715-3/uncertainty/raw_data/speed_prism1.csv,https://github.com/norlab-ulaval/RTS_project/blob/449a299bcf8bc11766718db4ed4aea4a489c7c46/data/20220715-3/uncertainty/raw_data/speed_prism1.csv,OFFICIAL_GIT_METADATA_GT_CALIBRATION_OR_CODE,57134,5e288b2721bbd902c24579a96c7afc88a8d5dbe610f32b8375b011dbf978e4b3,False,COMPLETE_SHA256_RECORDED
official_repository/data/20220715-3/uncertainty/raw_data/speed_prism2.csv,/home/lj/zero_perturbation_data/rts_gt_v1/official_repository/data/20220715-3/uncertainty/raw_data/speed_prism2.csv,https://github.com/norlab-ulaval/RTS_project/blob/449a299bcf8bc11766718db4ed4aea4a489c7c46/data/20220715-3/uncertainty/raw_data/speed_prism2.csv,OFFICIAL_GIT_METADATA_GT_CALIBRATION_OR_CODE,56959,71a674ced3048f6aaf7af0719dce787609a89cfa0b2d239cbc62ec6ddb87e460,False,COMPLETE_SHA256_RECORDED
official_repository/data/20220715-3/uncertainty/raw_data/speed_prism3.csv,/home/lj/zero_perturbation_data/rts_gt_v1/official_repository/data/20220715-3/uncertainty/raw_data/speed_prism3.csv,https://github.com/norlab-ulaval/RTS_project/blob/449a299bcf8bc11766718db4ed4aea4a489c7c46/data/20220715-3/uncertainty/raw_data/speed_prism3.csv,OFFICIAL_GIT_METADATA_GT_CALIBRATION_OR_CODE,56929,79110c73f52ab9ceb1348cad0f1fa504516febf9f6a469c61e5b539bbc581285,False,COMPLETE_SHA256_RECORDED
official_repository/data/20220715-3/uncertainty/sensor/.csv,/home/lj/zero_perturbation_data/rts_gt_v1/official_repository/data/20220715-3/uncertainty/sensor/.csv,https://github.com/norlab-ulaval/RTS_project/blob/449a299bcf8bc11766718db4ed4aea4a489c7c46/data/20220715-3/uncertainty/sensor/.csv,OFFICIAL_GIT_METADATA_GT_CALIBRATION_OR_CODE,47258,9832b46e87cccd183270ce57464f12fd429c94b6f00ad917daa817bbe20da56a,False,COMPLETE_SHA256_RECORDED
official_repository/data/20220715-3/uncertainty/static_raw_data/prism1.csv,/home/lj/zero_perturbation_data/rts_gt_v1/official_repository/data/20220715-3/uncertainty/static_raw_data/prism1.csv,https://github.com/norlab-ulaval/RTS_project/blob/449a299bcf8bc11766718db4ed4aea4a489c7c46/data/20220715-3/uncertainty/static_raw_data/prism1.csv,OFFICIAL_GIT_METADATA_GT_CALIBRATION_OR_CODE,1190,d418e6706f52273978d11bb32999112c3532ba199b9ba42a1d7784776704c611,False,COMPLETE_SHA256_RECORDED
official_repository/data/20220715-3/uncertainty/static_raw_data/prism2.csv,/home/lj/zero_perturbation_data/rts_gt_v1/official_repository/data/20220715-3/uncertainty/static_raw_data/prism2.csv,https://github.com/norlab-ulaval/RTS_project/blob/449a299bcf8bc11766718db4ed4aea4a489c7c46/data/20220715-3/uncertainty/static_raw_data/prism2.csv,OFFICIAL_GIT_METADATA_GT_CALIBRATION_OR_CODE,3012,2094e558d7ac511db8af0aa8920ad03fd35e233eae70694e32f363ef97ab82e9,False,COMPLETE_SHA256_RECORDED
official_repository/data/20220715-3/uncertainty/static_raw_data/prism3.csv,/home/lj/zero_perturbation_data/rts_gt_v1/official_repository/data/20220715-3/uncertainty/static_raw_data/prism3.csv,https://github.com/norlab-ulaval/RTS_project/blob/449a299bcf8bc11766718db4ed4aea4a489c7c46/data/20220715-3/uncertainty/static_raw_data/prism3.csv,OFFICIAL_GIT_METADATA_GT_CALIBRATION_OR_CODE,3050,ff3357dce5e4349149a489b6204264fcbd849bc747cc2942e84dc743f23aaf4a,False,COMPLETE_SHA256_RECORDED
official_repository/data/20220715-4/filtered_prediction/f-1-2-1-1-0-1-SGP-1000_1.csv,/home/lj/zero_perturbation_data/rts_gt_v1/official_repository/data/20220715-4/filtered_prediction/f-1-2-1-1-0-1-SGP-1000_1.csv,https://github.com/norlab-ulaval/RTS_project/blob/449a299bcf8bc11766718db4ed4aea4a489c7c46/data/20220715-4/filtered_prediction/f-1-2-1-1-0-1-SGP-1000_1.csv,OFFICIAL_GIT_METADATA_GT_CALIBRATION_OR_CODE,324834,c6e0cfbee902f8ffd20be988125c64497065417b6143f654aa53504773c53c70,False,COMPLETE_SHA256_RECORDED
official_repository/data/20220715-4/filtered_prediction/f-1-2-1-1-0-1-SGP-1000_2.csv,/home/lj/zero_perturbation_data/rts_gt_v1/official_repository/data/20220715-4/filtered_prediction/f-1-2-1-1-0-1-SGP-1000_2.csv,https://github.com/norlab-ulaval/RTS_project/blob/449a299bcf8bc11766718db4ed4aea4a489c7c46/data/20220715-4/filtered_prediction/f-1-2-1-1-0-1-SGP-1000_2.csv,OFFICIAL_GIT_METADATA_GT_CALIBRATION_OR_CODE,319830,2ccc2a56e4ede1f938dd06bc5bddc5688e14fe1267e66102cf944e8e740a3db8,False,COMPLETE_SHA256_RECORDED
official_repository/data/20220715-4/filtered_prediction/f-1-2-1-1-0-1-SGP-1000_3.csv,/home/lj/zero_perturbation_data/rts_gt_v1/official_repository/data/20220715-4/filtered_prediction/f-1-2-1-1-0-1-SGP-1000_3.csv,https://github.com/norlab-ulaval/RTS_project/blob/449a299bcf8bc11766718db4ed4aea4a489c7c46/data/20220715-4/filtered_prediction/f-1-2-1-1-0-1-SGP-1000_3.csv,OFFICIAL_GIT_METADATA_GT_CALIBRATION_OR_CODE,323343,455002c6915fa27d0775f9e783a38604dbcd6553daefe2d26cf64d3c65961d22,False,COMPLETE_SHA256_RECORDED
official_repository/data/20220715-4/filtered_prediction/f-2-1-1-1-2-0-L_1.csv,/home/lj/zero_perturbation_data/rts_gt_v1/official_repository/data/20220715-4/filtered_prediction/f-2-1-1-1-2-0-L_1.csv,https://github.com/norlab-ulaval/RTS_project/blob/449a299bcf8bc11766718db4ed4aea4a489c7c46/data/20220715-4/filtered_prediction/f-2-1-1-1-2-0-L_1.csv,OFFICIAL_GIT_METADATA_GT_CALIBRATION_OR_CODE,179521,653d9d803a0a88164c72ce8f9d7c4030cbdd61c5b20b63d1e20abf3dc2dd6674,False,COMPLETE_SHA256_RECORDED
official_repository/data/20220715-4/filtered_prediction/f-2-1-1-1-2-0-L_2.csv,/home/lj/zero_perturbation_data/rts_gt_v1/official_repository/data/20220715-4/filtered_prediction/f-2-1-1-1-2-0-L_2.csv,https://github.com/norlab-ulaval/RTS_project/blob/449a299bcf8bc11766718db4ed4aea4a489c7c46/data/20220715-4/filtered_prediction/f-2-1-1-1-2-0-L_2.csv,OFFICIAL_GIT_METADATA_GT_CALIBRATION_OR_CODE,174249,3e5a611ed1d48a6412ce8ade00d72ee36c936937257642b94568a89951eec134,False,COMPLETE_SHA256_RECORDED
official_repository/data/20220715-4/filtered_prediction/f-2-1-1-1-2-0-L_3.csv,/home/lj/zero_perturbation_data/rts_gt_v1/official_repository/data/20220715-4/filtered_prediction/f-2-1-1-1-2-0-L_3.csv,https://github.com/norlab-ulaval/RTS_project/blob/449a299bcf8bc11766718db4ed4aea4a489c7c46/data/20220715-4/filtered_prediction/f-2-1-1-1-2-0-L_3.csv,OFFICIAL_GIT_METADATA_GT_CALIBRATION_OR_CODE,178199,e49b6bf1e125db8a85b693f41853b350ff037c0c9fd2a9c5cfa538be779e4663,False,COMPLETE_SHA256_RECORDED
official_repository/data/20220715-4/filtered_prediction/f-2-1-1-1-2-0-SGP-100_1.csv,/home/lj/zero_perturbation_data/rts_gt_v1/official_repository/data/20220715-4/filtered_prediction/f-2-1-1-1-2-0-SGP-100_1.csv,https://github.com/norlab-ulaval/RTS_project/blob/449a299bcf8bc11766718db4ed4aea4a489c7c46/data/20220715-4/filtered_prediction/f-2-1-1-1-2-0-SGP-100_1.csv,OFFICIAL_GIT_METADATA_GT_CALIBRATION_OR_CODE,335249,ce320c0ce010abec464c86e938a38de5080b1c1e0a9dc3b6991e51e20f92c409,False,COMPLETE_SHA256_RECORDED
official_repository/data/20220715-4/filtered_prediction/f-2-1-1-1-2-0-SGP-100_2.csv,/home/lj/zero_perturbation_data/rts_gt_v1/official_repository/data/20220715-4/filtered_prediction/f-2-1-1-1-2-0-SGP-100_2.csv,https://github.com/norlab-ulaval/RTS_project/blob/449a299bcf8bc11766718db4ed4aea4a489c7c46/data/20220715-4/filtered_prediction/f-2-1-1-1-2-0-SGP-100_2.csv,OFFICIAL_GIT_METADATA_GT_CALIBRATION_OR_CODE,331207,72cc9d09cd38dbe07a18eb711d37e9743e639a3a814ee63f4927e586fff336be,False,COMPLETE_SHA256_RECORDED
official_repository/data/20220715-4/filtered_prediction/f-2-1-1-1-2-0-SGP-100_3.csv,/home/lj/zero_perturbation_data/rts_gt_v1/official_repository/data/20220715-4/filtered_prediction/f-2-1-1-1-2-0-SGP-100_3.csv,https://github.com/norlab-ulaval/RTS_project/blob/449a299bcf8bc11766718db4ed4aea4a489c7c46/data/20220715-4/filtered_prediction/f-2-1-1-1-2-0-SGP-100_3.csv,OFFICIAL_GIT_METADATA_GT_CALIBRATION_OR_CODE,332126,c667d3deae9423b058d441abec73f06f53243f62de99e31f19ae325bef6b730e,False,COMPLETE_SHA256_RECORDED
official_repository/data/20220715-4/filtered_prediction/f-2-1-1-1-6-0-L_1.csv,/home/lj/zero_perturbation_data/rts_gt_v1/official_repository/data/20220715-4/filtered_prediction/f-2-1-1-1-6-0-L_1.csv,https://github.com/norlab-ulaval/RTS_project/blob/449a299bcf8bc11766718db4ed4aea4a489c7c46/data/20220715-4/filtered_prediction/f-2-1-1-1-6-0-L_1.csv,OFFICIAL_GIT_METADATA_GT_CALIBRATION_OR_CODE,175600,bf13a29905b56fc4f3a71f28bc8e81f9da7f2be8f2701fe5f1ca0357310bfc4d,False,COMPLETE_SHA256_RECORDED
official_repository/data/20220715-4/filtered_prediction/f-2-1-1-1-6-0-L_2.csv,/home/lj/zero_perturbation_data/rts_gt_v1/official_repository/data/20220715-4/filtered_prediction/f-2-1-1-1-6-0-L_2.csv,https://github.com/norlab-ulaval/RTS_project/blob/449a299bcf8bc11766718db4ed4aea4a489c7c46/data/20220715-4/filtered_prediction/f-2-1-1-1-6-0-L_2.csv,OFFICIAL_GIT_METADATA_GT_CALIBRATION_OR_CODE,170432,b9fbd136e0ea23694eec0ce8b0b8b6afb22b3642a4042b9cb5ff1b5cea7ac39a,False,COMPLETE_SHA256_RECORDED
official_repository/data/20220715-4/filtered_prediction/f-2-1-1-1-6-0-L_3.csv,/home/lj/zero_perturbation_data/rts_gt_v1/official_repository/data/20220715-4/filtered_prediction/f-2-1-1-1-6-0-L_3.csv,https://github.com/norlab-ulaval/RTS_project/blob/449a299bcf8bc11766718db4ed4aea4a489c7c46/data/20220715-4/filtered_prediction/f-2-1-1-1-6-0-L_3.csv,OFFICIAL_GIT_METADATA_GT_CALIBRATION_OR_CODE,174296,5406a8807a2c3c9020631d28d9f736c53d6dd24f92a507f08386e008f768e3b4,False,COMPLETE_SHA256_RECORDED
official_repository/data/20220715-4/filtered_prediction/f-2-1-1-1-6-0-SGP-100_1.csv,/home/lj/zero_perturbation_data/rts_gt_v1/official_repository/data/20220715-4/filtered_prediction/f-2-1-1-1-6-0-SGP-100_1.csv,https://github.com/norlab-ulaval/RTS_project/blob/449a299bcf8bc11766718db4ed4aea4a489c7c46/data/20220715-4/filtered_prediction/f-2-1-1-1-6-0-SGP-100_1.csv,OFFICIAL_GIT_METADATA_GT_CALIBRATION_OR_CODE,328013,d2668b33074ea63434f1449d5473f326a62de110c009ca91297a30bec63e4582,False,COMPLETE_SHA256_RECORDED
official_repository/data/20220715-4/filtered_prediction/f-2-1-1-1-6-0-SGP-100_2.csv,/home/lj/zero_perturbation_data/rts_gt_v1/official_repository/data/20220715-4/filtered_prediction/f-2-1-1-1-6-0-SGP-100_2.csv,https://github.com/norlab-ulaval/RTS_project/blob/449a299bcf8bc11766718db4ed4aea4a489c7c46/data/20220715-4/filtered_prediction/f-2-1-1-1-6-0-SGP-100_2.csv,OFFICIAL_GIT_METADATA_GT_CALIBRATION_OR_CODE,324202,9c17692c988d842600bd2189d96cc4148b4639f7df50dcda09d585558cb0297e,False,COMPLETE_SHA256_RECORDED
official_repository/data/20220715-4/filtered_prediction/f-2-1-1-1-6-0-SGP-100_3.csv,/home/lj/zero_perturbation_data/rts_gt_v1/official_repository/data/20220715-4/filtered_prediction/f-2-1-1-1-6-0-SGP-100_3.csv,https://github.com/norlab-ulaval/RTS_project/blob/449a299bcf8bc11766718db4ed4aea4a489c7c46/data/20220715-4/filtered_prediction/f-2-1-1-1-6-0-SGP-100_3.csv,OFFICIAL_GIT_METADATA_GT_CALIBRATION_OR_CODE,324883,2eaa1878206d482a866d90b123674cf782196504ccc4950d7aa6327c57dd0059,False,COMPLETE_SHA256_RECORDED
official_repository/data/20220715-4/filtered_prediction/f-2-1-1-1-6-1-L_1.csv,/home/lj/zero_perturbation_data/rts_gt_v1/official_repository/data/20220715-4/filtered_prediction/f-2-1-1-1-6-1-L_1.csv,https://github.com/norlab-ulaval/RTS_project/blob/449a299bcf8bc11766718db4ed4aea4a489c7c46/data/20220715-4/filtered_prediction/f-2-1-1-1-6-1-L_1.csv,OFFICIAL_GIT_METADATA_GT_CALIBRATION_OR_CODE,173050,9fcca06a2f4a60c0b90269df6168bfe39b5bc254ed95a9e21c230e94fa31dc4d,False,COMPLETE_SHA256_RECORDED
official_repository/data/20220715-4/filtered_prediction/f-2-1-1-1-6-1-L_2.csv,/home/lj/zero_perturbation_data/rts_gt_v1/official_repository/data/20220715-4/filtered_prediction/f-2-1-1-1-6-1-L_2.csv,https://github.com/norlab-ulaval/RTS_project/blob/449a299bcf8bc11766718db4ed4aea4a489c7c46/data/20220715-4/filtered_prediction/f-2-1-1-1-6-1-L_2.csv,OFFICIAL_GIT_METADATA_GT_CALIBRATION_OR_CODE,168081,1b58e2628661cbd086d15928031a1c2266e585c999544d096961d300a6c2da6a,False,COMPLETE_SHA256_RECORDED
official_repository/data/20220715-4/filtered_prediction/f-2-1-1-1-6-1-L_3.csv,/home/lj/zero_perturbation_data/rts_gt_v1/official_repository/data/20220715-4/filtered_prediction/f-2-1-1-1-6-1-L_3.csv,https://github.com/norlab-ulaval/RTS_project/blob/449a299bcf8bc11766718db4ed4aea4a489c7c46/data/20220715-4/filtered_prediction/f-2-1-1-1-6-1-L_3.csv,OFFICIAL_GIT_METADATA_GT_CALIBRATION_OR_CODE,171643,8878951bbbc1564bf3208a649d08c8aa9213d727001bfbb989dbcc404d6641fa,False,COMPLETE_SHA256_RECORDED
official_repository/data/20220715-4/filtered_prediction/f-2-1-1-1-6-1-SGP-1000_1.csv,/home/lj/zero_perturbation_data/rts_gt_v1/official_repository/data/20220715-4/filtered_prediction/f-2-1-1-1-6-1-SGP-1000_1.csv,https://github.com/norlab-ulaval/RTS_project/blob/449a299bcf8bc11766718db4ed4aea4a489c7c46/data/20220715-4/filtered_prediction/f-2-1-1-1-6-1-SGP-1000_1.csv,OFFICIAL_GIT_METADATA_GT_CALIBRATION_OR_CODE,322212,177d2d02c4de17448da051b282764efee2a1dea628e8c9dfcd15894fd5763b31,False,COMPLETE_SHA256_RECORDED
official_repository/data/20220715-4/filtered_prediction/f-2-1-1-1-6-1-SGP-1000_2.csv,/home/lj/zero_perturbation_data/rts_gt_v1/official_repository/data/20220715-4/filtered_prediction/f-2-1-1-1-6-1-SGP-1000_2.csv,https://github.com/norlab-ulaval/RTS_project/blob/449a299bcf8bc11766718db4ed4aea4a489c7c46/data/20220715-4/filtered_prediction/f-2-1-1-1-6-1-SGP-1000_2.csv,OFFICIAL_GIT_METADATA_GT_CALIBRATION_OR_CODE,317263,dd9e5e82c10b0826fb7c1f1b8bd008151bf51bca8d6514579a183e9b0975e652,False,COMPLETE_SHA256_RECORDED
official_repository/data/20220715-4/filtered_prediction/f-2-1-1-1-6-1-SGP-1000_3.csv,/home/lj/zero_perturbation_data/rts_gt_v1/official_repository/data/20220715-4/filtered_prediction/f-2-1-1-1-6-1-SGP-1000_3.csv,https://github.com/norlab-ulaval/RTS_project/blob/449a299bcf8bc11766718db4ed4aea4a489c7c46/data/20220715-4/filtered_prediction/f-2-1-1-1-6-1-SGP-1000_3.csv,OFFICIAL_GIT_METADATA_GT_CALIBRATION_OR_CODE,320732,b353a4a722c5d9444fc7dc6dcc634876c4b711dadb998dbfbfbf420839de9fa9,False,COMPLETE_SHA256_RECORDED
official_repository/data/20220715-4/raw_prediction/nf-1-0-1-L_1.csv,/home/lj/zero_perturbation_data/rts_gt_v1/official_repository/data/20220715-4/raw_prediction/nf-1-0-1-L_1.csv,https://github.com/norlab-ulaval/RTS_project/blob/449a299bcf8bc11766718db4ed4aea4a489c7c46/data/20220715-4/raw_prediction/nf-1-0-1-L_1.csv,OFFICIAL_GIT_METADATA_GT_CALIBRATION_OR_CODE,191125,253cf8933e990201c05c6ce6fff263394b1fa26b87cd541d45a52bc637137cb0,False,COMPLETE_SHA256_RECORDED
official_repository/data/20220715-4/raw_prediction/nf-1-0-1-L_2.csv,/home/lj/zero_perturbation_data/rts_gt_v1/official_repository/data/20220715-4/raw_prediction/nf-1-0-1-L_2.csv,https://github.com/norlab-ulaval/RTS_project/blob/449a299bcf8bc11766718db4ed4aea4a489c7c46/data/20220715-4/raw_prediction/nf-1-0-1-L_2.csv,OFFICIAL_GIT_METADATA_GT_CALIBRATION_OR_CODE,185646,62090c853f90729faa36c8a1771866413fc0646e24dbef4735d6fe4774eba21c,False,COMPLETE_SHA256_RECORDED
official_repository/data/20220715-4/raw_prediction/nf-1-0-1-L_3.csv,/home/lj/zero_perturbation_data/rts_gt_v1/official_repository/data/20220715-4/raw_prediction/nf-1-0-1-L_3.csv,https://github.com/norlab-ulaval/RTS_project/blob/449a299bcf8bc11766718db4ed4aea4a489c7c46/data/20220715-4/raw_prediction/nf-1-0-1-L_3.csv,OFFICIAL_GIT_METADATA_GT_CALIBRATION_OR_CODE,189639,1b974dd669b3be2085932f754dfba581259e4bccc1068841971b2163e392b4b4,False,COMPLETE_SHA256_RECORDED
official_repository/data/20220715-4/raw_prediction/nf-1-2-0-L_1.csv,/home/lj/zero_perturbation_data/rts_gt_v1/official_repository/data/20220715-4/raw_prediction/nf-1-2-0-L_1.csv,https://github.com/norlab-ulaval/RTS_project/blob/449a299bcf8bc11766718db4ed4aea4a489c7c46/data/20220715-4/raw_prediction/nf-1-2-0-L_1.csv,OFFICIAL_GIT_METADATA_GT_CALIBRATION_OR_CODE,191125,253cf8933e990201c05c6ce6fff263394b1fa26b87cd541d45a52bc637137cb0,False,COMPLETE_SHA256_RECORDED
official_repository/data/20220715-4/raw_prediction/nf-1-2-0-L_2.csv,/home/lj/zero_perturbation_data/rts_gt_v1/official_repository/data/20220715-4/raw_prediction/nf-1-2-0-L_2.csv,https://github.com/norlab-ulaval/RTS_project/blob/449a299bcf8bc11766718db4ed4aea4a489c7c46/data/20220715-4/raw_prediction/nf-1-2-0-L_2.csv,OFFICIAL_GIT_METADATA_GT_CALIBRATION_OR_CODE,185646,62090c853f90729faa36c8a1771866413fc0646e24dbef4735d6fe4774eba21c,False,COMPLETE_SHA256_RECORDED
official_repository/data/20220715-4/raw_prediction/nf-1-2-0-L_3.csv,/home/lj/zero_perturbation_data/rts_gt_v1/official_repository/data/20220715-4/raw_prediction/nf-1-2-0-L_3.csv,https://github.com/norlab-ulaval/RTS_project/blob/449a299bcf8bc11766718db4ed4aea4a489c7c46/data/20220715-4/raw_prediction/nf-1-2-0-L_3.csv,OFFICIAL_GIT_METADATA_GT_CALIBRATION_OR_CODE,189639,1b974dd669b3be2085932f754dfba581259e4bccc1068841971b2163e392b4b4,False,COMPLETE_SHA256_RECORDED
official_repository/data/20220715-4/raw_prediction/nf-1-2-0-SGP-100_1.csv,/home/lj/zero_perturbation_data/rts_gt_v1/official_repository/data/20220715-4/raw_prediction/nf-1-2-0-SGP-100_1.csv,https://github.com/norlab-ulaval/RTS_project/blob/449a299bcf8bc11766718db4ed4aea4a489c7c46/data/20220715-4/raw_prediction/nf-1-2-0-SGP-100_1.csv,OFFICIAL_GIT_METADATA_GT_CALIBRATION_OR_CODE,354901,7d699707fbb38f4f8e33f1ad7d166b7eec7969b03870043f8918741fe5ad265a,False,COMPLETE_SHA256_RECORDED
official_repository/data/20220715-4/raw_prediction/nf-1-2-0-SGP-100_2.csv,/home/lj/zero_perturbation_data/rts_gt_v1/official_repository/data/20220715-4/raw_prediction/nf-1-2-0-SGP-100_2.csv,https://github.com/norlab-ulaval/RTS_project/blob/449a299bcf8bc11766718db4ed4aea4a489c7c46/data/20220715-4/raw_prediction/nf-1-2-0-SGP-100_2.csv,OFFICIAL_GIT_METADATA_GT_CALIBRATION_OR_CODE,350470,28616d9e2eec138bdbd62acec3a631f5b41fc71d2345a7e9277d389b88a7dd14,False,COMPLETE_SHA256_RECORDED
official_repository/data/20220715-4/raw_prediction/nf-1-2-0-SGP-100_3.csv,/home/lj/zero_perturbation_data/rts_gt_v1/official_repository/data/20220715-4/raw_prediction/nf-1-2-0-SGP-100_3.csv,https://github.com/norlab-ulaval/RTS_project/blob/449a299bcf8bc11766718db4ed4aea4a489c7c46/data/20220715-4/raw_prediction/nf-1-2-0-SGP-100_3.csv,OFFICIAL_GIT_METADATA_GT_CALIBRATION_OR_CODE,351421,ee623b9d01a0b1c9bee97b2fff25aefa411f8a9b637922125a02e71734b5a42e,False,COMPLETE_SHA256_RECORDED
official_repository/data/20220715-4/raw_prediction/nf-1-6-0-L_1.csv,/home/lj/zero_perturbation_data/rts_gt_v1/official_repository/data/20220715-4/raw_prediction/nf-1-6-0-L_1.csv,https://github.com/norlab-ulaval/RTS_project/blob/449a299bcf8bc11766718db4ed4aea4a489c7c46/data/20220715-4/raw_prediction/nf-1-6-0-L_1.csv,OFFICIAL_GIT_METADATA_GT_CALIBRATION_OR_CODE,184050,7ede1c2ad26f201e4d9ea8e321387ed2df21cbc4d6b9db3b83a917515ceb9fc8,False,COMPLETE_SHA256_RECORDED
official_repository/data/20220715-4/raw_prediction/nf-1-6-0-L_2.csv,/home/lj/zero_perturbation_data/rts_gt_v1/official_repository/data/20220715-4/raw_prediction/nf-1-6-0-L_2.csv,https://github.com/norlab-ulaval/RTS_project/blob/449a299bcf8bc11766718db4ed4aea4a489c7c46/data/20220715-4/raw_prediction/nf-1-6-0-L_2.csv,OFFICIAL_GIT_METADATA_GT_CALIBRATION_OR_CODE,178772,09a39cab70e85579ebac7b31577ea57b3fa81453288a348691c11bc2b2c024a2,False,COMPLETE_SHA256_RECORDED
official_repository/data/20220715-4/raw_prediction/nf-1-6-0-L_3.csv,/home/lj/zero_perturbation_data/rts_gt_v1/official_repository/data/20220715-4/raw_prediction/nf-1-6-0-L_3.csv,https://github.com/norlab-ulaval/RTS_project/blob/449a299bcf8bc11766718db4ed4aea4a489c7c46/data/20220715-4/raw_prediction/nf-1-6-0-L_3.csv,OFFICIAL_GIT_METADATA_GT_CALIBRATION_OR_CODE,182620,44a3d6fda477f6ac2a7e7d9ae001d61840849ff677dd57d597f59a00cc89df90,False,COMPLETE_SHA256_RECORDED
official_repository/data/20220715-4/raw_prediction/nf-1-6-0-SGP-100_1.csv,/home/lj/zero_perturbation_data/rts_gt_v1/official_repository/data/20220715-4/raw_prediction/nf-1-6-0-SGP-100_1.csv,https://github.com/norlab-ulaval/RTS_project/blob/449a299bcf8bc11766718db4ed4aea4a489c7c46/data/20220715-4/raw_prediction/nf-1-6-0-SGP-100_1.csv,OFFICIAL_GIT_METADATA_GT_CALIBRATION_OR_CODE,341714,9b7f14775ec98d518bc7d6dd467f6464d90cbfbf549601b98ac03f2481bf5fe1,False,COMPLETE_SHA256_RECORDED
official_repository/data/20220715-4/raw_prediction/nf-1-6-0-SGP-100_2.csv,/home/lj/zero_perturbation_data/rts_gt_v1/official_repository/data/20220715-4/raw_prediction/nf-1-6-0-SGP-100_2.csv,https://github.com/norlab-ulaval/RTS_project/blob/449a299bcf8bc11766718db4ed4aea4a489c7c46/data/20220715-4/raw_prediction/nf-1-6-0-SGP-100_2.csv,OFFICIAL_GIT_METADATA_GT_CALIBRATION_OR_CODE,337648,0e8a2dbe22683ba5f88f6dfd1b2d9369c7ee8f10d2738b6aa0c0c1cda1d3810a,False,COMPLETE_SHA256_RECORDED
official_repository/data/20220715-4/raw_prediction/nf-1-6-0-SGP-100_3.csv,/home/lj/zero_perturbation_data/rts_gt_v1/official_repository/data/20220715-4/raw_prediction/nf-1-6-0-SGP-100_3.csv,https://github.com/norlab-ulaval/RTS_project/blob/449a299bcf8bc11766718db4ed4aea4a489c7c46/data/20220715-4/raw_prediction/nf-1-6-0-SGP-100_3.csv,OFFICIAL_GIT_METADATA_GT_CALIBRATION_OR_CODE,338379,a01d0804bb29b197225348f0d9932485e0e0455af4a8fd16f464cde5c3586ae7,False,COMPLETE_SHA256_RECORDED
official_repository/data/20220715-4/raw_prediction/nf-1-6-1-L_1.csv,/home/lj/zero_perturbation_data/rts_gt_v1/official_repository/data/20220715-4/raw_prediction/nf-1-6-1-L_1.csv,https://github.com/norlab-ulaval/RTS_project/blob/449a299bcf8bc11766718db4ed4aea4a489c7c46/data/20220715-4/raw_prediction/nf-1-6-1-L_1.csv,OFFICIAL_GIT_METADATA_GT_CALIBRATION_OR_CODE,184050,7ede1c2ad26f201e4d9ea8e321387ed2df21cbc4d6b9db3b83a917515ceb9fc8,False,COMPLETE_SHA256_RECORDED
official_repository/data/20220715-4/raw_prediction/nf-1-6-1-L_2.csv,/home/lj/zero_perturbation_data/rts_gt_v1/official_repository/data/20220715-4/raw_prediction/nf-1-6-1-L_2.csv,https://github.com/norlab-ulaval/RTS_project/blob/449a299bcf8bc11766718db4ed4aea4a489c7c46/data/20220715-4/raw_prediction/nf-1-6-1-L_2.csv,OFFICIAL_GIT_METADATA_GT_CALIBRATION_OR_CODE,178772,09a39cab70e85579ebac7b31577ea57b3fa81453288a348691c11bc2b2c024a2,False,COMPLETE_SHA256_RECORDED
official_repository/data/20220715-4/raw_prediction/nf-1-6-1-L_3.csv,/home/lj/zero_perturbation_data/rts_gt_v1/official_repository/data/20220715-4/raw_prediction/nf-1-6-1-L_3.csv,https://github.com/norlab-ulaval/RTS_project/blob/449a299bcf8bc11766718db4ed4aea4a489c7c46/data/20220715-4/raw_prediction/nf-1-6-1-L_3.csv,OFFICIAL_GIT_METADATA_GT_CALIBRATION_OR_CODE,182620,44a3d6fda477f6ac2a7e7d9ae001d61840849ff677dd57d597f59a00cc89df90,False,COMPLETE_SHA256_RECORDED
official_repository/data/20220715-4/raw_prediction/nf-1-6-1-SGP-1000_1.csv,/home/lj/zero_perturbation_data/rts_gt_v1/official_repository/data/20220715-4/raw_prediction/nf-1-6-1-SGP-1000_1.csv,https://github.com/norlab-ulaval/RTS_project/blob/449a299bcf8bc11766718db4ed4aea4a489c7c46/data/20220715-4/raw_prediction/nf-1-6-1-SGP-1000_1.csv,OFFICIAL_GIT_METADATA_GT_CALIBRATION_OR_CODE,342691,f3e3379bcff739146d6f122975109cc3570663fb68670b69317d79dca21319a0,False,COMPLETE_SHA256_RECORDED
official_repository/data/20220715-4/raw_prediction/nf-1-6-1-SGP-1000_2.csv,/home/lj/zero_perturbation_data/rts_gt_v1/official_repository/data/20220715-4/raw_prediction/nf-1-6-1-SGP-1000_2.csv,https://github.com/norlab-ulaval/RTS_project/blob/449a299bcf8bc11766718db4ed4aea4a489c7c46/data/20220715-4/raw_prediction/nf-1-6-1-SGP-1000_2.csv,OFFICIAL_GIT_METADATA_GT_CALIBRATION_OR_CODE,337631,a2eb6a1c8ba2e3db83fde4b355f86e46f787692460db9e8f6114a20642117116,False,COMPLETE_SHA256_RECORDED
official_repository/data/20220715-4/raw_prediction/nf-1-6-1-SGP-1000_3.csv,/home/lj/zero_perturbation_data/rts_gt_v1/official_repository/data/20220715-4/raw_prediction/nf-1-6-1-SGP-1000_3.csv,https://github.com/norlab-ulaval/RTS_project/blob/449a299bcf8bc11766718db4ed4aea4a489c7c46/data/20220715-4/raw_prediction/nf-1-6-1-SGP-1000_3.csv,OFFICIAL_GIT_METADATA_GT_CALIBRATION_OR_CODE,340880,b35f141d57e5c25af8d61d7ecaee284593d2d6c17eb6258339abd2da28320b20,False,COMPLETE_SHA256_RECORDED
official_repository/data/20220715-4/total_stations/GCP.txt,/home/lj/zero_perturbation_data/rts_gt_v1/official_repository/data/20220715-4/total_stations/GCP.txt,https://github.com/norlab-ulaval/RTS_project/blob/449a299bcf8bc11766718db4ed4aea4a489c7c46/data/20220715-4/total_stations/GCP.txt,OFFICIAL_GIT_METADATA_GT_CALIBRATION_OR_CODE,2018,2acdcc7b4987a1eef0a793e13b6976735295515f3c1e2abf478a442a5ddea83d,False,COMPLETE_SHA256_RECORDED
official_repository/data/20220715-4/total_stations/Two_points.txt,/home/lj/zero_perturbation_data/rts_gt_v1/official_repository/data/20220715-4/total_stations/Two_points.txt,https://github.com/norlab-ulaval/RTS_project/blob/449a299bcf8bc11766718db4ed4aea4a489c7c46/data/20220715-4/total_stations/Two_points.txt,OFFICIAL_GIT_METADATA_GT_CALIBRATION_OR_CODE,868,835044917464a2ebe349211c34868d431e0619c73da1c735375b5d3c97c1eb59,False,COMPLETE_SHA256_RECORDED
official_repository/data/20220715-4/total_stations/trimble1.csv,/home/lj/zero_perturbation_data/rts_gt_v1/official_repository/data/20220715-4/total_stations/trimble1.csv,https://github.com/norlab-ulaval/RTS_project/blob/449a299bcf8bc11766718db4ed4aea4a489c7c46/data/20220715-4/total_stations/trimble1.csv,OFFICIAL_GIT_METADATA_GT_CALIBRATION_OR_CODE,48597,fb61cde743e86442ef55485bbb78b62fe7e82930e29e9aee312bb2a62c1f38fd,False,COMPLETE_SHA256_RECORDED
official_repository/data/20220715-4/total_stations/trimble2.csv,/home/lj/zero_perturbation_data/rts_gt_v1/official_repository/data/20220715-4/total_stations/trimble2.csv,https://github.com/norlab-ulaval/RTS_project/blob/449a299bcf8bc11766718db4ed4aea4a489c7c46/data/20220715-4/total_stations/trimble2.csv,OFFICIAL_GIT_METADATA_GT_CALIBRATION_OR_CODE,48350,d65cf6598f9fc211cc7ca3ae46b4a9910680e0b5aae944dd37fd1f882fe86d4a,False,COMPLETE_SHA256_RECORDED
official_repository/data/20220715-4/total_stations/trimble3.csv,/home/lj/zero_perturbation_data/rts_gt_v1/official_repository/data/20220715-4/total_stations/trimble3.csv,https://github.com/norlab-ulaval/RTS_project/blob/449a299bcf8bc11766718db4ed4aea4a489c7c46/data/20220715-4/total_stations/trimble3.csv,OFFICIAL_GIT_METADATA_GT_CALIBRATION_OR_CODE,47752,f3f9778c45e6e672bb28bb872b5cc76e02bfe99ad3dfa2fa57076dba53d56575,False,COMPLETE_SHA256_RECORDED
official_repository/data/20220715-4/uncertainty/interpolation/MC_Fake_0_0_0_0_0_5_1.csv,/home/lj/zero_perturbation_data/rts_gt_v1/official_repository/data/20220715-4/uncertainty/interpolation/MC_Fake_0_0_0_0_0_5_1.csv,https://github.com/norlab-ulaval/RTS_project/blob/449a299bcf8bc11766718db4ed4aea4a489c7c46/data/20220715-4/uncertainty/interpolation/MC_Fake_0_0_0_0_0_5_1.csv,OFFICIAL_GIT_METADATA_GT_CALIBRATION_OR_CODE,345330,61ecebc67716c33a4ed586391b6268651dac8ebc0fdb13968d0bf8b2a3809139,False,COMPLETE_SHA256_RECORDED
official_repository/data/20220715-4/uncertainty/interpolation/MC_Fake_0_0_0_0_0_5_2.csv,/home/lj/zero_perturbation_data/rts_gt_v1/official_repository/data/20220715-4/uncertainty/interpolation/MC_Fake_0_0_0_0_0_5_2.csv,https://github.com/norlab-ulaval/RTS_project/blob/449a299bcf8bc11766718db4ed4aea4a489c7c46/data/20220715-4/uncertainty/interpolation/MC_Fake_0_0_0_0_0_5_2.csv,OFFICIAL_GIT_METADATA_GT_CALIBRATION_OR_CODE,343701,90c0f5d870db36b0dac8c907ecdf09d4ab8594f467295f99f3cea508c2966fcd,False,COMPLETE_SHA256_RECORDED
official_repository/data/20220715-4/uncertainty/interpolation/MC_Fake_0_0_0_0_0_5_3.csv,/home/lj/zero_perturbation_data/rts_gt_v1/official_repository/data/20220715-4/uncertainty/interpolation/MC_Fake_0_0_0_0_0_5_3.csv,https://github.com/norlab-ulaval/RTS_project/blob/449a299bcf8bc11766718db4ed4aea4a489c7c46/data/20220715-4/uncertainty/interpolation/MC_Fake_0_0_0_0_0_5_3.csv,OFFICIAL_GIT_METADATA_GT_CALIBRATION_OR_CODE,348666,8dc5649494ca7c8bae3c699baae4e1bc6ccde79ebce3858c102c49c80d38abfa,False,COMPLETE_SHA256_RECORDED
official_repository/data/20220715-4/uncertainty/interpolation/MC_Fake_0_0_0_1_0_5_1.csv,/home/lj/zero_perturbation_data/rts_gt_v1/official_repository/data/20220715-4/uncertainty/interpolation/MC_Fake_0_0_0_1_0_5_1.csv,https://github.com/norlab-ulaval/RTS_project/blob/449a299bcf8bc11766718db4ed4aea4a489c7c46/data/20220715-4/uncertainty/interpolation/MC_Fake_0_0_0_1_0_5_1.csv,OFFICIAL_GIT_METADATA_GT_CALIBRATION_OR_CODE,345378,f9e430e85d1164001aae0315b3926aab07337b3db2e381b1b059cace50c7cdfb,False,COMPLETE_SHA256_RECORDED
official_repository/data/20220715-4/uncertainty/interpolation/MC_Fake_0_0_0_1_0_5_2.csv,/home/lj/zero_perturbation_data/rts_gt_v1/official_repository/data/20220715-4/uncertainty/interpolation/MC_Fake_0_0_0_1_0_5_2.csv,https://github.com/norlab-ulaval/RTS_project/blob/449a299bcf8bc11766718db4ed4aea4a489c7c46/data/20220715-4/uncertainty/interpolation/MC_Fake_0_0_0_1_0_5_2.csv,OFFICIAL_GIT_METADATA_GT_CALIBRATION_OR_CODE,343875,1c84d837f930a44aa97890880d4afab5fcf8e6495bce98328f15fe959a27b5a9,False,COMPLETE_SHA256_RECORDED
official_repository/data/20220715-4/uncertainty/interpolation/MC_Fake_0_0_0_1_0_5_3.csv,/home/lj/zero_perturbation_data/rts_gt_v1/official_repository/data/20220715-4/uncertainty/interpolation/MC_Fake_0_0_0_1_0_5_3.csv,https://github.com/norlab-ulaval/RTS_project/blob/449a299bcf8bc11766718db4ed4aea4a489c7c46/data/20220715-4/uncertainty/interpolation/MC_Fake_0_0_0_1_0_5_3.csv,OFFICIAL_GIT_METADATA_GT_CALIBRATION_OR_CODE,348569,07e491134efe1704d2bb9995382eae03680bb809f9a43b3b6eb44c8dcdccce67,False,COMPLETE_SHA256_RECORDED
official_repository/data/20220715-4/uncertainty/interpolation/MC_Fake_0_0_1_0_0_5_1.csv,/home/lj/zero_perturbation_data/rts_gt_v1/official_repository/data/20220715-4/uncertainty/interpolation/MC_Fake_0_0_1_0_0_5_1.csv,https://github.com/norlab-ulaval/RTS_project/blob/449a299bcf8bc11766718db4ed4aea4a489c7c46/data/20220715-4/uncertainty/interpolation/MC_Fake_0_0_1_0_0_5_1.csv,OFFICIAL_GIT_METADATA_GT_CALIBRATION_OR_CODE,349104,ea856cd0a3c1bf852f8b5540ea12740bfad816f7174479e2a641903d80be8ede,False,COMPLETE_SHA256_RECORDED
official_repository/data/20220715-4/uncertainty/interpolation/MC_Fake_0_0_1_0_0_5_2.csv,/home/lj/zero_perturbation_data/rts_gt_v1/official_repository/data/20220715-4/uncertainty/interpolation/MC_Fake_0_0_1_0_0_5_2.csv,https://github.com/norlab-ulaval/RTS_project/blob/449a299bcf8bc11766718db4ed4aea4a489c7c46/data/20220715-4/uncertainty/interpolation/MC_Fake_0_0_1_0_0_5_2.csv,OFFICIAL_GIT_METADATA_GT_CALIBRATION_OR_CODE,348240,b5625b83faa4a818e2de61e72567b864cc0a3b2d91e31c69e6f7dd03d4651444,False,COMPLETE_SHA256_RECORDED
official_repository/data/20220715-4/uncertainty/interpolation/MC_Fake_0_0_1_0_0_5_3.csv,/home/lj/zero_perturbation_data/rts_gt_v1/official_repository/data/20220715-4/uncertainty/interpolation/MC_Fake_0_0_1_0_0_5_3.csv,https://github.com/norlab-ulaval/RTS_project/blob/449a299bcf8bc11766718db4ed4aea4a489c7c46/data/20220715-4/uncertainty/interpolation/MC_Fake_0_0_1_0_0_5_3.csv,OFFICIAL_GIT_METADATA_GT_CALIBRATION_OR_CODE,344739,db2c19c7166989ad3cc19711fe342d76f1e7b2daf4757cb198949aaddd6bf6fe,False,COMPLETE_SHA256_RECORDED
official_repository/data/20220715-4/uncertainty/interpolation/MC_Fake_0_1_0_0_0_5_1.csv,/home/lj/zero_perturbation_data/rts_gt_v1/official_repository/data/20220715-4/uncertainty/interpolation/MC_Fake_0_1_0_0_0_5_1.csv,https://github.com/norlab-ulaval/RTS_project/blob/449a299bcf8bc11766718db4ed4aea4a489c7c46/data/20220715-4/uncertainty/interpolation/MC_Fake_0_1_0_0_0_5_1.csv,OFFICIAL_GIT_METADATA_GT_CALIBRATION_OR_CODE,345270,4a4f205b8cfa5dfd54b9c3be2abd1ef3b408e173e5d694645707d10564be7199,False,COMPLETE_SHA256_RECORDED
official_repository/data/20220715-4/uncertainty/interpolation/MC_Fake_0_1_0_0_0_5_2.csv,/home/lj/zero_perturbation_data/rts_gt_v1/official_repository/data/20220715-4/uncertainty/interpolation/MC_Fake_0_1_0_0_0_5_2.csv,https://github.com/norlab-ulaval/RTS_project/blob/449a299bcf8bc11766718db4ed4aea4a489c7c46/data/20220715-4/uncertainty/interpolation/MC_Fake_0_1_0_0_0_5_2.csv,OFFICIAL_GIT_METADATA_GT_CALIBRATION_OR_CODE,343713,5e3988f99b920b6260a05f0a247d3814f7cba2c0db417d78fa8864693f10bbc8,False,COMPLETE_SHA256_RECORDED
official_repository/data/20220715-4/uncertainty/interpolation/MC_Fake_0_1_0_0_0_5_3.csv,/home/lj/zero_perturbation_data/rts_gt_v1/official_repository/data/20220715-4/uncertainty/interpolation/MC_Fake_0_1_0_0_0_5_3.csv,https://github.com/norlab-ulaval/RTS_project/blob/449a299bcf8bc11766718db4ed4aea4a489c7c46/data/20220715-4/uncertainty/interpolation/MC_Fake_0_1_0_0_0_5_3.csv,OFFICIAL_GIT_METADATA_GT_CALIBRATION_OR_CODE,348721,dbcfae1584243b10a9058e08acb71d6ee801833e5f965988ccd6c1a7e9521935,False,COMPLETE_SHA256_RECORDED
official_repository/data/20220715-4/uncertainty/interpolation/MC_Fake_1_0_0_0_0_5_1.csv,/home/lj/zero_perturbation_data/rts_gt_v1/official_repository/data/20220715-4/uncertainty/interpolation/MC_Fake_1_0_0_0_0_5_1.csv,https://github.com/norlab-ulaval/RTS_project/blob/449a299bcf8bc11766718db4ed4aea4a489c7c46/data/20220715-4/uncertainty/interpolation/MC_Fake_1_0_0_0_0_5_1.csv,OFFICIAL_GIT_METADATA_GT_CALIBRATION_OR_CODE,345305,4965ea2a642cf3cc24a4176c68e1b8e7ab6e77bfcb6df4c5d225e140482226e4,False,COMPLETE_SHA256_RECORDED
official_repository/data/20220715-4/uncertainty/interpolation/MC_Fake_1_0_0_0_0_5_2.csv,/home/lj/zero_perturbation_data/rts_gt_v1/official_repository/data/20220715-4/uncertainty/interpolation/MC_Fake_1_0_0_0_0_5_2.csv,https://github.com/norlab-ulaval/RTS_project/blob/449a299bcf8bc11766718db4ed4aea4a489c7c46/data/20220715-4/uncertainty/interpolation/MC_Fake_1_0_0_0_0_5_2.csv,OFFICIAL_GIT_METADATA_GT_CALIBRATION_OR_CODE,343758,3070596ac08d72942fe92a137d86e0f874d325d9e74c214a519ad91dda418efe,False,COMPLETE_SHA256_RECORDED
official_repository/data/20220715-4/uncertainty/interpolation/MC_Fake_1_0_0_0_0_5_3.csv,/home/lj/zero_perturbation_data/rts_gt_v1/official_repository/data/20220715-4/uncertainty/interpolation/MC_Fake_1_0_0_0_0_5_3.csv,https://github.com/norlab-ulaval/RTS_project/blob/449a299bcf8bc11766718db4ed4aea4a489c7c46/data/20220715-4/uncertainty/interpolation/MC_Fake_1_0_0_0_0_5_3.csv,OFFICIAL_GIT_METADATA_GT_CALIBRATION_OR_CODE,348574,5119ab70fa9f6954de35248061a4edd5d797595f095b26ac6c4b367d9beb29e6,False,COMPLETE_SHA256_RECORDED
official_repository/data/20220715-4/uncertainty/interpolation/MC_Fake_1_1_1_1_0_5_1.csv,/home/lj/zero_perturbation_data/rts_gt_v1/official_repository/data/20220715-4/uncertainty/interpolation/MC_Fake_1_1_1_1_0_5_1.csv,https://github.com/norlab-ulaval/RTS_project/blob/449a299bcf8bc11766718db4ed4aea4a489c7c46/data/20220715-4/uncertainty/interpolation/MC_Fake_1_1_1_1_0_5_1.csv,OFFICIAL_GIT_METADATA_GT_CALIBRATION_OR_CODE,345331,849308abeba6948e55ccc1d00af626fcfca79a0e112409a1f1753bd894ef4870,False,COMPLETE_SHA256_RECORDED
official_repository/data/20220715-4/uncertainty/interpolation/MC_Fake_1_1_1_1_0_5_2.csv,/home/lj/zero_perturbation_data/rts_gt_v1/official_repository/data/20220715-4/uncertainty/interpolation/MC_Fake_1_1_1_1_0_5_2.csv,https://github.com/norlab-ulaval/RTS_project/blob/449a299bcf8bc11766718db4ed4aea4a489c7c46/data/20220715-4/uncertainty/interpolation/MC_Fake_1_1_1_1_0_5_2.csv,OFFICIAL_GIT_METADATA_GT_CALIBRATION_OR_CODE,346372,5ec7f6ef3783670e77951d0b2ca8747c462298e257e4997fab2d9910f4cc896d,False,COMPLETE_SHA256_RECORDED
official_repository/data/20220715-4/uncertainty/interpolation/MC_Fake_1_1_1_1_0_5_3.csv,/home/lj/zero_perturbation_data/rts_gt_v1/official_repository/data/20220715-4/uncertainty/interpolation/MC_Fake_1_1_1_1_0_5_3.csv,https://github.com/norlab-ulaval/RTS_project/blob/449a299bcf8bc11766718db4ed4aea4a489c7c46/data/20220715-4/uncertainty/interpolation/MC_Fake_1_1_1_1_0_5_3.csv,OFFICIAL_GIT_METADATA_GT_CALIBRATION_OR_CODE,349549,66513a352b687fb887e3f5b18d7c42772032770fb7b2986ce2dae65fc3d24070,False,COMPLETE_SHA256_RECORDED
official_repository/data/20220715-4/uncertainty/raw_data/prism1.csv,/home/lj/zero_perturbation_data/rts_gt_v1/official_repository/data/20220715-4/uncertainty/raw_data/prism1.csv,https://github.com/norlab-ulaval/RTS_project/blob/449a299bcf8bc11766718db4ed4aea4a489c7c46/data/20220715-4/uncertainty/raw_data/prism1.csv,OFFICIAL_GIT_METADATA_GT_CALIBRATION_OR_CODE,46225,f2e9cc5a5094060f05044746d3ea56f103b18e3513d6dbf270365fa275ba9324,False,COMPLETE_SHA256_RECORDED
official_repository/data/20220715-4/uncertainty/raw_data/prism2.csv,/home/lj/zero_perturbation_data/rts_gt_v1/official_repository/data/20220715-4/uncertainty/raw_data/prism2.csv,https://github.com/norlab-ulaval/RTS_project/blob/449a299bcf8bc11766718db4ed4aea4a489c7c46/data/20220715-4/uncertainty/raw_data/prism2.csv,OFFICIAL_GIT_METADATA_GT_CALIBRATION_OR_CODE,45475,e3d6e96201a0568bdb04d6244fb66e50b8fd5f334c98f31916256dc326fa5599,False,COMPLETE_SHA256_RECORDED
official_repository/data/20220715-4/uncertainty/raw_data/prism3.csv,/home/lj/zero_perturbation_data/rts_gt_v1/official_repository/data/20220715-4/uncertainty/raw_data/prism3.csv,https://github.com/norlab-ulaval/RTS_project/blob/449a299bcf8bc11766718db4ed4aea4a489c7c46/data/20220715-4/uncertainty/raw_data/prism3.csv,OFFICIAL_GIT_METADATA_GT_CALIBRATION_OR_CODE,45146,25ed98e0664f30a580db9cc197a5e753fd0b9febde1a7700da3102cad5054170,False,COMPLETE_SHA256_RECORDED
official_repository/data/20220715-4/uncertainty/raw_data/speed_prism1.csv,/home/lj/zero_perturbation_data/rts_gt_v1/official_repository/data/20220715-4/uncertainty/raw_data/speed_prism1.csv,https://github.com/norlab-ulaval/RTS_project/blob/449a299bcf8bc11766718db4ed4aea4a489c7c46/data/20220715-4/uncertainty/raw_data/speed_prism1.csv,OFFICIAL_GIT_METADATA_GT_CALIBRATION_OR_CODE,126895,be7fd21f5001e9e3203b908d3a67fb4ed6d1f7045d2ea195a587b17d9c1c3f92,False,COMPLETE_SHA256_RECORDED
official_repository/data/20220715-4/uncertainty/raw_data/speed_prism2.csv,/home/lj/zero_perturbation_data/rts_gt_v1/official_repository/data/20220715-4/uncertainty/raw_data/speed_prism2.csv,https://github.com/norlab-ulaval/RTS_project/blob/449a299bcf8bc11766718db4ed4aea4a489c7c46/data/20220715-4/uncertainty/raw_data/speed_prism2.csv,OFFICIAL_GIT_METADATA_GT_CALIBRATION_OR_CODE,125747,bc54fd231f88cce8290236210afd8f2fb14f4e524908fa552439012e0087c14b,False,COMPLETE_SHA256_RECORDED
official_repository/data/20220715-4/uncertainty/raw_data/speed_prism3.csv,/home/lj/zero_perturbation_data/rts_gt_v1/official_repository/data/20220715-4/uncertainty/raw_data/speed_prism3.csv,https://github.com/norlab-ulaval/RTS_project/blob/449a299bcf8bc11766718db4ed4aea4a489c7c46/data/20220715-4/uncertainty/raw_data/speed_prism3.csv,OFFICIAL_GIT_METADATA_GT_CALIBRATION_OR_CODE,126715,63e12a529a37ce94d33c43f86844acfe0ec31c63fdb20bbf5d18c687f63620fb,False,COMPLETE_SHA256_RECORDED
official_repository/data/20220715-4/uncertainty/sensor/.csv,/home/lj/zero_perturbation_data/rts_gt_v1/official_repository/data/20220715-4/uncertainty/sensor/.csv,https://github.com/norlab-ulaval/RTS_project/blob/449a299bcf8bc11766718db4ed4aea4a489c7c46/data/20220715-4/uncertainty/sensor/.csv,OFFICIAL_GIT_METADATA_GT_CALIBRATION_OR_CODE,47258,9832b46e87cccd183270ce57464f12fd429c94b6f00ad917daa817bbe20da56a,False,COMPLETE_SHA256_RECORDED
official_repository/data/20220715-4/uncertainty/static_raw_data/prism1.csv,/home/lj/zero_perturbation_data/rts_gt_v1/official_repository/data/20220715-4/uncertainty/static_raw_data/prism1.csv,https://github.com/norlab-ulaval/RTS_project/blob/449a299bcf8bc11766718db4ed4aea4a489c7c46/data/20220715-4/uncertainty/static_raw_data/prism1.csv,OFFICIAL_GIT_METADATA_GT_CALIBRATION_OR_CODE,46150,40a829792c3f723dd92b22f4aa5742a74c615f05d635d1372875eb89f664c307,False,COMPLETE_SHA256_RECORDED
official_repository/data/20220715-4/uncertainty/static_raw_data/prism2.csv,/home/lj/zero_perturbation_data/rts_gt_v1/official_repository/data/20220715-4/uncertainty/static_raw_data/prism2.csv,https://github.com/norlab-ulaval/RTS_project/blob/449a299bcf8bc11766718db4ed4aea4a489c7c46/data/20220715-4/uncertainty/static_raw_data/prism2.csv,OFFICIAL_GIT_METADATA_GT_CALIBRATION_OR_CODE,45401,47f695c0b708388a1a5fcff63efece21fb6dacc39e182e7aba8c1e6fa7dda0c4,False,COMPLETE_SHA256_RECORDED
official_repository/data/20220715-4/uncertainty/static_raw_data/prism3.csv,/home/lj/zero_perturbation_data/rts_gt_v1/official_repository/data/20220715-4/uncertainty/static_raw_data/prism3.csv,https://github.com/norlab-ulaval/RTS_project/blob/449a299bcf8bc11766718db4ed4aea4a489c7c46/data/20220715-4/uncertainty/static_raw_data/prism3.csv,OFFICIAL_GIT_METADATA_GT_CALIBRATION_OR_CODE,45071,563f79299f3f01f094ef44e1eaf32f9966a509f5158b5db178c7ba9369d61cd2,False,COMPLETE_SHA256_RECORDED
official_repository/data/20220717-1/filtered_prediction/f-0.5-1-1-1-6-0-L_1.csv,/home/lj/zero_perturbation_data/rts_gt_v1/official_repository/data/20220717-1/filtered_prediction/f-0.5-1-1-1-6-0-L_1.csv,https://github.com/norlab-ulaval/RTS_project/blob/449a299bcf8bc11766718db4ed4aea4a489c7c46/data/20220717-1/filtered_prediction/f-0.5-1-1-1-6-0-L_1.csv,OFFICIAL_GIT_METADATA_GT_CALIBRATION_OR_CODE,0,e3b0c44298fc1c149afbf4c8996fb92427ae41e4649b934ca495991b7852b855,False,COMPLETE_SHA256_RECORDED
official_repository/data/20220717-1/filtered_prediction/f-0.5-1-1-1-6-0-L_2.csv,/home/lj/zero_perturbation_data/rts_gt_v1/official_repository/data/20220717-1/filtered_prediction/f-0.5-1-1-1-6-0-L_2.csv,https://github.com/norlab-ulaval/RTS_project/blob/449a299bcf8bc11766718db4ed4aea4a489c7c46/data/20220717-1/filtered_prediction/f-0.5-1-1-1-6-0-L_2.csv,OFFICIAL_GIT_METADATA_GT_CALIBRATION_OR_CODE,0,e3b0c44298fc1c149afbf4c8996fb92427ae41e4649b934ca495991b7852b855,False,COMPLETE_SHA256_RECORDED
official_repository/data/20220717-1/filtered_prediction/f-0.5-1-1-1-6-0-L_3.csv,/home/lj/zero_perturbation_data/rts_gt_v1/official_repository/data/20220717-1/filtered_prediction/f-0.5-1-1-1-6-0-L_3.csv,https://github.com/norlab-ulaval/RTS_project/blob/449a299bcf8bc11766718db4ed4aea4a489c7c46/data/20220717-1/filtered_prediction/f-0.5-1-1-1-6-0-L_3.csv,OFFICIAL_GIT_METADATA_GT_CALIBRATION_OR_CODE,0,e3b0c44298fc1c149afbf4c8996fb92427ae41e4649b934ca495991b7852b855,False,COMPLETE_SHA256_RECORDED
official_repository/data/20220717-1/filtered_prediction/f-1-0.5-1-1-6-0-L_1.csv,/home/lj/zero_perturbation_data/rts_gt_v1/official_repository/data/20220717-1/filtered_prediction/f-1-0.5-1-1-6-0-L_1.csv,https://github.com/norlab-ulaval/RTS_project/blob/449a299bcf8bc11766718db4ed4aea4a489c7c46/data/20220717-1/filtered_prediction/f-1-0.5-1-1-6-0-L_1.csv,OFFICIAL_GIT_METADATA_GT_CALIBRATION_OR_CODE,0,e3b0c44298fc1c149afbf4c8996fb92427ae41e4649b934ca495991b7852b855,False,COMPLETE_SHA256_RECORDED
official_repository/data/20220717-1/filtered_prediction/f-1-0.5-1-1-6-0-L_2.csv,/home/lj/zero_perturbation_data/rts_gt_v1/official_repository/data/20220717-1/filtered_prediction/f-1-0.5-1-1-6-0-L_2.csv,https://github.com/norlab-ulaval/RTS_project/blob/449a299bcf8bc11766718db4ed4aea4a489c7c46/data/20220717-1/filtered_prediction/f-1-0.5-1-1-6-0-L_2.csv,OFFICIAL_GIT_METADATA_GT_CALIBRATION_OR_CODE,0,e3b0c44298fc1c149afbf4c8996fb92427ae41e4649b934ca495991b7852b855,False,COMPLETE_SHA256_RECORDED
official_repository/data/20220717-1/filtered_prediction/f-1-0.5-1-1-6-0-L_3.csv,/home/lj/zero_perturbation_data/rts_gt_v1/official_repository/data/20220717-1/filtered_prediction/f-1-0.5-1-1-6-0-L_3.csv,https://github.com/norlab-ulaval/RTS_project/blob/449a299bcf8bc11766718db4ed4aea4a489c7c46/data/20220717-1/filtered_prediction/f-1-0.5-1-1-6-0-L_3.csv,OFFICIAL_GIT_METADATA_GT_CALIBRATION_OR_CODE,0,e3b0c44298fc1c149afbf4c8996fb92427ae41e4649b934ca495991b7852b855,False,COMPLETE_SHA256_RECORDED
official_repository/data/20220717-1/filtered_prediction/f-1-1-0.5-1-6-0-L_1.csv,/home/lj/zero_perturbation_data/rts_gt_v1/official_repository/data/20220717-1/filtered_prediction/f-1-1-0.5-1-6-0-L_1.csv,https://github.com/norlab-ulaval/RTS_project/blob/449a299bcf8bc11766718db4ed4aea4a489c7c46/data/20220717-1/filtered_prediction/f-1-1-0.5-1-6-0-L_1.csv,OFFICIAL_GIT_METADATA_GT_CALIBRATION_OR_CODE,0,e3b0c44298fc1c149afbf4c8996fb92427ae41e4649b934ca495991b7852b855,False,COMPLETE_SHA256_RECORDED
official_repository/data/20220717-1/filtered_prediction/f-1-1-0.5-1-6-0-L_2.csv,/home/lj/zero_perturbation_data/rts_gt_v1/official_repository/data/20220717-1/filtered_prediction/f-1-1-0.5-1-6-0-L_2.csv,https://github.com/norlab-ulaval/RTS_project/blob/449a299bcf8bc11766718db4ed4aea4a489c7c46/data/20220717-1/filtered_prediction/f-1-1-0.5-1-6-0-L_2.csv,OFFICIAL_GIT_METADATA_GT_CALIBRATION_OR_CODE,0,e3b0c44298fc1c149afbf4c8996fb92427ae41e4649b934ca495991b7852b855,False,COMPLETE_SHA256_RECORDED
official_repository/data/20220717-1/filtered_prediction/f-1-1-0.5-1-6-0-L_3.csv,/home/lj/zero_perturbation_data/rts_gt_v1/official_repository/data/20220717-1/filtered_prediction/f-1-1-0.5-1-6-0-L_3.csv,https://github.com/norlab-ulaval/RTS_project/blob/449a299bcf8bc11766718db4ed4aea4a489c7c46/data/20220717-1/filtered_prediction/f-1-1-0.5-1-6-0-L_3.csv,OFFICIAL_GIT_METADATA_GT_CALIBRATION_OR_CODE,0,e3b0c44298fc1c149afbf4c8996fb92427ae41e4649b934ca495991b7852b855,False,COMPLETE_SHA256_RECORDED
official_repository/data/20220717-1/filtered_prediction/f-1-1-1-1-6-0-L_1.csv,/home/lj/zero_perturbation_data/rts_gt_v1/official_repository/data/20220717-1/filtered_prediction/f-1-1-1-1-6-0-L_1.csv,https://github.com/norlab-ulaval/RTS_project/blob/449a299bcf8bc11766718db4ed4aea4a489c7c46/data/20220717-1/filtered_prediction/f-1-1-1-1-6-0-L_1.csv,OFFICIAL_GIT_METADATA_GT_CALIBRATION_OR_CODE,0,e3b0c44298fc1c149afbf4c8996fb92427ae41e4649b934ca495991b7852b855,False,COMPLETE_SHA256_RECORDED
official_repository/data/20220717-1/filtered_prediction/f-1-1-1-1-6-0-L_2.csv,/home/lj/zero_perturbation_data/rts_gt_v1/official_repository/data/20220717-1/filtered_prediction/f-1-1-1-1-6-0-L_2.csv,https://github.com/norlab-ulaval/RTS_project/blob/449a299bcf8bc11766718db4ed4aea4a489c7c46/data/20220717-1/filtered_prediction/f-1-1-1-1-6-0-L_2.csv,OFFICIAL_GIT_METADATA_GT_CALIBRATION_OR_CODE,0,e3b0c44298fc1c149afbf4c8996fb92427ae41e4649b934ca495991b7852b855,False,COMPLETE_SHA256_RECORDED
official_repository/data/20220717-1/filtered_prediction/f-1-1-1-1-6-0-L_3.csv,/home/lj/zero_perturbation_data/rts_gt_v1/official_repository/data/20220717-1/filtered_prediction/f-1-1-1-1-6-0-L_3.csv,https://github.com/norlab-ulaval/RTS_project/blob/449a299bcf8bc11766718db4ed4aea4a489c7c46/data/20220717-1/filtered_prediction/f-1-1-1-1-6-0-L_3.csv,OFFICIAL_GIT_METADATA_GT_CALIBRATION_OR_CODE,0,e3b0c44298fc1c149afbf4c8996fb92427ae41e4649b934ca495991b7852b855,False,COMPLETE_SHA256_RECORDED
official_repository/data/20220717-1/filtered_prediction/f-1-1-1.5-1-6-0-L_1.csv,/home/lj/zero_perturbation_data/rts_gt_v1/official_repository/data/20220717-1/filtered_prediction/f-1-1-1.5-1-6-0-L_1.csv,https://github.com/norlab-ulaval/RTS_project/blob/449a299bcf8bc11766718db4ed4aea4a489c7c46/data/20220717-1/filtered_prediction/f-1-1-1.5-1-6-0-L_1.csv,OFFICIAL_GIT_METADATA_GT_CALIBRATION_OR_CODE,0,e3b0c44298fc1c149afbf4c8996fb92427ae41e4649b934ca495991b7852b855,False,COMPLETE_SHA256_RECORDED
official_repository/data/20220717-1/filtered_prediction/f-1-1-1.5-1-6-0-L_2.csv,/home/lj/zero_perturbation_data/rts_gt_v1/official_repository/data/20220717-1/filtered_prediction/f-1-1-1.5-1-6-0-L_2.csv,https://github.com/norlab-ulaval/RTS_project/blob/449a299bcf8bc11766718db4ed4aea4a489c7c46/data/20220717-1/filtered_prediction/f-1-1-1.5-1-6-0-L_2.csv,OFFICIAL_GIT_METADATA_GT_CALIBRATION_OR_CODE,0,e3b0c44298fc1c149afbf4c8996fb92427ae41e4649b934ca495991b7852b855,False,COMPLETE_SHA256_RECORDED
official_repository/data/20220717-1/filtered_prediction/f-1-1-1.5-1-6-0-L_3.csv,/home/lj/zero_perturbation_data/rts_gt_v1/official_repository/data/20220717-1/filtered_prediction/f-1-1-1.5-1-6-0-L_3.csv,https://github.com/norlab-ulaval/RTS_project/blob/449a299bcf8bc11766718db4ed4aea4a489c7c46/data/20220717-1/filtered_prediction/f-1-1-1.5-1-6-0-L_3.csv,OFFICIAL_GIT_METADATA_GT_CALIBRATION_OR_CODE,0,e3b0c44298fc1c149afbf4c8996fb92427ae41e4649b934ca495991b7852b855,False,COMPLETE_SHA256_RECORDED
official_repository/data/20220717-1/filtered_prediction/f-1-1-2-1-6-0-L_1.csv,/home/lj/zero_perturbation_data/rts_gt_v1/official_repository/data/20220717-1/filtered_prediction/f-1-1-2-1-6-0-L_1.csv,https://github.com/norlab-ulaval/RTS_project/blob/449a299bcf8bc11766718db4ed4aea4a489c7c46/data/20220717-1/filtered_prediction/f-1-1-2-1-6-0-L_1.csv,OFFICIAL_GIT_METADATA_GT_CALIBRATION_OR_CODE,0,e3b0c44298fc1c149afbf4c8996fb92427ae41e4649b934ca495991b7852b855,False,COMPLETE_SHA256_RECORDED
official_repository/data/20220717-1/filtered_prediction/f-1-1-2-1-6-0-L_2.csv,/home/lj/zero_perturbation_data/rts_gt_v1/official_repository/data/20220717-1/filtered_prediction/f-1-1-2-1-6-0-L_2.csv,https://github.com/norlab-ulaval/RTS_project/blob/449a299bcf8bc11766718db4ed4aea4a489c7c46/data/20220717-1/filtered_prediction/f-1-1-2-1-6-0-L_2.csv,OFFICIAL_GIT_METADATA_GT_CALIBRATION_OR_CODE,0,e3b0c44298fc1c149afbf4c8996fb92427ae41e4649b934ca495991b7852b855,False,COMPLETE_SHA256_RECORDED
official_repository/data/20220717-1/filtered_prediction/f-1-1-2-1-6-0-L_3.csv,/home/lj/zero_perturbation_data/rts_gt_v1/official_repository/data/20220717-1/filtered_prediction/f-1-1-2-1-6-0-L_3.csv,https://github.com/norlab-ulaval/RTS_project/blob/449a299bcf8bc11766718db4ed4aea4a489c7c46/data/20220717-1/filtered_prediction/f-1-1-2-1-6-0-L_3.csv,OFFICIAL_GIT_METADATA_GT_CALIBRATION_OR_CODE,0,e3b0c44298fc1c149afbf4c8996fb92427ae41e4649b934ca495991b7852b855,False,COMPLETE_SHA256_RECORDED
official_repository/data/20220717-1/filtered_prediction/f-1-1-2.5-1-6-0-L_1.csv,/home/lj/zero_perturbation_data/rts_gt_v1/official_repository/data/20220717-1/filtered_prediction/f-1-1-2.5-1-6-0-L_1.csv,https://github.com/norlab-ulaval/RTS_project/blob/449a299bcf8bc11766718db4ed4aea4a489c7c46/data/20220717-1/filtered_prediction/f-1-1-2.5-1-6-0-L_1.csv,OFFICIAL_GIT_METADATA_GT_CALIBRATION_OR_CODE,0,e3b0c44298fc1c149afbf4c8996fb92427ae41e4649b934ca495991b7852b855,False,COMPLETE_SHA256_RECORDED
official_repository/data/20220717-1/filtered_prediction/f-1-1-2.5-1-6-0-L_2.csv,/home/lj/zero_perturbation_data/rts_gt_v1/official_repository/data/20220717-1/filtered_prediction/f-1-1-2.5-1-6-0-L_2.csv,https://github.com/norlab-ulaval/RTS_project/blob/449a299bcf8bc11766718db4ed4aea4a489c7c46/data/20220717-1/filtered_prediction/f-1-1-2.5-1-6-0-L_2.csv,OFFICIAL_GIT_METADATA_GT_CALIBRATION_OR_CODE,0,e3b0c44298fc1c149afbf4c8996fb92427ae41e4649b934ca495991b7852b855,False,COMPLETE_SHA256_RECORDED
official_repository/data/20220717-1/filtered_prediction/f-1-1-2.5-1-6-0-L_3.csv,/home/lj/zero_perturbation_data/rts_gt_v1/official_repository/data/20220717-1/filtered_prediction/f-1-1-2.5-1-6-0-L_3.csv,https://github.com/norlab-ulaval/RTS_project/blob/449a299bcf8bc11766718db4ed4aea4a489c7c46/data/20220717-1/filtered_prediction/f-1-1-2.5-1-6-0-L_3.csv,OFFICIAL_GIT_METADATA_GT_CALIBRATION_OR_CODE,0,e3b0c44298fc1c149afbf4c8996fb92427ae41e4649b934ca495991b7852b855,False,COMPLETE_SHA256_RECORDED
official_repository/data/20220717-1/filtered_prediction/f-1-1-3-1-6-0-L_1.csv,/home/lj/zero_perturbation_data/rts_gt_v1/official_repository/data/20220717-1/filtered_prediction/f-1-1-3-1-6-0-L_1.csv,https://github.com/norlab-ulaval/RTS_project/blob/449a299bcf8bc11766718db4ed4aea4a489c7c46/data/20220717-1/filtered_prediction/f-1-1-3-1-6-0-L_1.csv,OFFICIAL_GIT_METADATA_GT_CALIBRATION_OR_CODE,0,e3b0c44298fc1c149afbf4c8996fb92427ae41e4649b934ca495991b7852b855,False,COMPLETE_SHA256_RECORDED
official_repository/data/20220717-1/filtered_prediction/f-1-1-3-1-6-0-L_2.csv,/home/lj/zero_perturbation_data/rts_gt_v1/official_repository/data/20220717-1/filtered_prediction/f-1-1-3-1-6-0-L_2.csv,https://github.com/norlab-ulaval/RTS_project/blob/449a299bcf8bc11766718db4ed4aea4a489c7c46/data/20220717-1/filtered_prediction/f-1-1-3-1-6-0-L_2.csv,OFFICIAL_GIT_METADATA_GT_CALIBRATION_OR_CODE,0,e3b0c44298fc1c149afbf4c8996fb92427ae41e4649b934ca495991b7852b855,False,COMPLETE_SHA256_RECORDED
official_repository/data/20220717-1/filtered_prediction/f-1-1-3-1-6-0-L_3.csv,/home/lj/zero_perturbation_data/rts_gt_v1/official_repository/data/20220717-1/filtered_prediction/f-1-1-3-1-6-0-L_3.csv,https://github.com/norlab-ulaval/RTS_project/blob/449a299bcf8bc11766718db4ed4aea4a489c7c46/data/20220717-1/filtered_prediction/f-1-1-3-1-6-0-L_3.csv,OFFICIAL_GIT_METADATA_GT_CALIBRATION_OR_CODE,0,e3b0c44298fc1c149afbf4c8996fb92427ae41e4649b934ca495991b7852b855,False,COMPLETE_SHA256_RECORDED
official_repository/data/20220717-1/filtered_prediction/f-1-1.5-1-1-6-0-L_1.csv,/home/lj/zero_perturbation_data/rts_gt_v1/official_repository/data/20220717-1/filtered_prediction/f-1-1.5-1-1-6-0-L_1.csv,https://github.com/norlab-ulaval/RTS_project/blob/449a299bcf8bc11766718db4ed4aea4a489c7c46/data/20220717-1/filtered_prediction/f-1-1.5-1-1-6-0-L_1.csv,OFFICIAL_GIT_METADATA_GT_CALIBRATION_OR_CODE,0,e3b0c44298fc1c149afbf4c8996fb92427ae41e4649b934ca495991b7852b855,False,COMPLETE_SHA256_RECORDED
official_repository/data/20220717-1/filtered_prediction/f-1-1.5-1-1-6-0-L_2.csv,/home/lj/zero_perturbation_data/rts_gt_v1/official_repository/data/20220717-1/filtered_prediction/f-1-1.5-1-1-6-0-L_2.csv,https://github.com/norlab-ulaval/RTS_project/blob/449a299bcf8bc11766718db4ed4aea4a489c7c46/data/20220717-1/filtered_prediction/f-1-1.5-1-1-6-0-L_2.csv,OFFICIAL_GIT_METADATA_GT_CALIBRATION_OR_CODE,0,e3b0c44298fc1c149afbf4c8996fb92427ae41e4649b934ca495991b7852b855,False,COMPLETE_SHA256_RECORDED
official_repository/data/20220717-1/filtered_prediction/f-1-1.5-1-1-6-0-L_3.csv,/home/lj/zero_perturbation_data/rts_gt_v1/official_repository/data/20220717-1/filtered_prediction/f-1-1.5-1-1-6-0-L_3.csv,https://github.com/norlab-ulaval/RTS_project/blob/449a299bcf8bc11766718db4ed4aea4a489c7c46/data/20220717-1/filtered_prediction/f-1-1.5-1-1-6-0-L_3.csv,OFFICIAL_GIT_METADATA_GT_CALIBRATION_OR_CODE,0,e3b0c44298fc1c149afbf4c8996fb92427ae41e4649b934ca495991b7852b855,False,COMPLETE_SHA256_RECORDED
official_repository/data/20220717-1/filtered_prediction/f-1-2-1-1-6-0-L_1.csv,/home/lj/zero_perturbation_data/rts_gt_v1/official_repository/data/20220717-1/filtered_prediction/f-1-2-1-1-6-0-L_1.csv,https://github.com/norlab-ulaval/RTS_project/blob/449a299bcf8bc11766718db4ed4aea4a489c7c46/data/20220717-1/filtered_prediction/f-1-2-1-1-6-0-L_1.csv,OFFICIAL_GIT_METADATA_GT_CALIBRATION_OR_CODE,0,e3b0c44298fc1c149afbf4c8996fb92427ae41e4649b934ca495991b7852b855,False,COMPLETE_SHA256_RECORDED
official_repository/data/20220717-1/filtered_prediction/f-1-2-1-1-6-0-L_2.csv,/home/lj/zero_perturbation_data/rts_gt_v1/official_repository/data/20220717-1/filtered_prediction/f-1-2-1-1-6-0-L_2.csv,https://github.com/norlab-ulaval/RTS_project/blob/449a299bcf8bc11766718db4ed4aea4a489c7c46/data/20220717-1/filtered_prediction/f-1-2-1-1-6-0-L_2.csv,OFFICIAL_GIT_METADATA_GT_CALIBRATION_OR_CODE,0,e3b0c44298fc1c149afbf4c8996fb92427ae41e4649b934ca495991b7852b855,False,COMPLETE_SHA256_RECORDED
official_repository/data/20220717-1/filtered_prediction/f-1-2-1-1-6-0-L_3.csv,/home/lj/zero_perturbation_data/rts_gt_v1/official_repository/data/20220717-1/filtered_prediction/f-1-2-1-1-6-0-L_3.csv,https://github.com/norlab-ulaval/RTS_project/blob/449a299bcf8bc11766718db4ed4aea4a489c7c46/data/20220717-1/filtered_prediction/f-1-2-1-1-6-0-L_3.csv,OFFICIAL_GIT_METADATA_GT_CALIBRATION_OR_CODE,0,e3b0c44298fc1c149afbf4c8996fb92427ae41e4649b934ca495991b7852b855,False,COMPLETE_SHA256_RECORDED
official_repository/data/20220717-1/filtered_prediction/f-1-2.5-1-1-6-0-L_1.csv,/home/lj/zero_perturbation_data/rts_gt_v1/official_repository/data/20220717-1/filtered_prediction/f-1-2.5-1-1-6-0-L_1.csv,https://github.com/norlab-ulaval/RTS_project/blob/449a299bcf8bc11766718db4ed4aea4a489c7c46/data/20220717-1/filtered_prediction/f-1-2.5-1-1-6-0-L_1.csv,OFFICIAL_GIT_METADATA_GT_CALIBRATION_OR_CODE,0,e3b0c44298fc1c149afbf4c8996fb92427ae41e4649b934ca495991b7852b855,False,COMPLETE_SHA256_RECORDED
official_repository/data/20220717-1/filtered_prediction/f-1-2.5-1-1-6-0-L_2.csv,/home/lj/zero_perturbation_data/rts_gt_v1/official_repository/data/20220717-1/filtered_prediction/f-1-2.5-1-1-6-0-L_2.csv,https://github.com/norlab-ulaval/RTS_project/blob/449a299bcf8bc11766718db4ed4aea4a489c7c46/data/20220717-1/filtered_prediction/f-1-2.5-1-1-6-0-L_2.csv,OFFICIAL_GIT_METADATA_GT_CALIBRATION_OR_CODE,0,e3b0c44298fc1c149afbf4c8996fb92427ae41e4649b934ca495991b7852b855,False,COMPLETE_SHA256_RECORDED
official_repository/data/20220717-1/filtered_prediction/f-1-2.5-1-1-6-0-L_3.csv,/home/lj/zero_perturbation_data/rts_gt_v1/official_repository/data/20220717-1/filtered_prediction/f-1-2.5-1-1-6-0-L_3.csv,https://github.com/norlab-ulaval/RTS_project/blob/449a299bcf8bc11766718db4ed4aea4a489c7c46/data/20220717-1/filtered_prediction/f-1-2.5-1-1-6-0-L_3.csv,OFFICIAL_GIT_METADATA_GT_CALIBRATION_OR_CODE,0,e3b0c44298fc1c149afbf4c8996fb92427ae41e4649b934ca495991b7852b855,False,COMPLETE_SHA256_RECORDED
official_repository/data/20220717-1/filtered_prediction/f-1-3-1-1-6-0-L_1.csv,/home/lj/zero_perturbation_data/rts_gt_v1/official_repository/data/20220717-1/filtered_prediction/f-1-3-1-1-6-0-L_1.csv,https://github.com/norlab-ulaval/RTS_project/blob/449a299bcf8bc11766718db4ed4aea4a489c7c46/data/20220717-1/filtered_prediction/f-1-3-1-1-6-0-L_1.csv,OFFICIAL_GIT_METADATA_GT_CALIBRATION_OR_CODE,0,e3b0c44298fc1c149afbf4c8996fb92427ae41e4649b934ca495991b7852b855,False,COMPLETE_SHA256_RECORDED
official_repository/data/20220717-1/filtered_prediction/f-1-3-1-1-6-0-L_2.csv,/home/lj/zero_perturbation_data/rts_gt_v1/official_repository/data/20220717-1/filtered_prediction/f-1-3-1-1-6-0-L_2.csv,https://github.com/norlab-ulaval/RTS_project/blob/449a299bcf8bc11766718db4ed4aea4a489c7c46/data/20220717-1/filtered_prediction/f-1-3-1-1-6-0-L_2.csv,OFFICIAL_GIT_METADATA_GT_CALIBRATION_OR_CODE,0,e3b0c44298fc1c149afbf4c8996fb92427ae41e4649b934ca495991b7852b855,False,COMPLETE_SHA256_RECORDED
official_repository/data/20220717-1/filtered_prediction/f-1-3-1-1-6-0-L_3.csv,/home/lj/zero_perturbation_data/rts_gt_v1/official_repository/data/20220717-1/filtered_prediction/f-1-3-1-1-6-0-L_3.csv,https://github.com/norlab-ulaval/RTS_project/blob/449a299bcf8bc11766718db4ed4aea4a489c7c46/data/20220717-1/filtered_prediction/f-1-3-1-1-6-0-L_3.csv,OFFICIAL_GIT_METADATA_GT_CALIBRATION_OR_CODE,0,e3b0c44298fc1c149afbf4c8996fb92427ae41e4649b934ca495991b7852b855,False,COMPLETE_SHA256_RECORDED
official_repository/data/20220717-1/filtered_prediction/f-1.5-1-1-1-6-0-L_1.csv,/home/lj/zero_perturbation_data/rts_gt_v1/official_repository/data/20220717-1/filtered_prediction/f-1.5-1-1-1-6-0-L_1.csv,https://github.com/norlab-ulaval/RTS_project/blob/449a299bcf8bc11766718db4ed4aea4a489c7c46/data/20220717-1/filtered_prediction/f-1.5-1-1-1-6-0-L_1.csv,OFFICIAL_GIT_METADATA_GT_CALIBRATION_OR_CODE,0,e3b0c44298fc1c149afbf4c8996fb92427ae41e4649b934ca495991b7852b855,False,COMPLETE_SHA256_RECORDED
official_repository/data/20220717-1/filtered_prediction/f-1.5-1-1-1-6-0-L_2.csv,/home/lj/zero_perturbation_data/rts_gt_v1/official_repository/data/20220717-1/filtered_prediction/f-1.5-1-1-1-6-0-L_2.csv,https://github.com/norlab-ulaval/RTS_project/blob/449a299bcf8bc11766718db4ed4aea4a489c7c46/data/20220717-1/filtered_prediction/f-1.5-1-1-1-6-0-L_2.csv,OFFICIAL_GIT_METADATA_GT_CALIBRATION_OR_CODE,0,e3b0c44298fc1c149afbf4c8996fb92427ae41e4649b934ca495991b7852b855,False,COMPLETE_SHA256_RECORDED
official_repository/data/20220717-1/filtered_prediction/f-1.5-1-1-1-6-0-L_3.csv,/home/lj/zero_perturbation_data/rts_gt_v1/official_repository/data/20220717-1/filtered_prediction/f-1.5-1-1-1-6-0-L_3.csv,https://github.com/norlab-ulaval/RTS_project/blob/449a299bcf8bc11766718db4ed4aea4a489c7c46/data/20220717-1/filtered_prediction/f-1.5-1-1-1-6-0-L_3.csv,OFFICIAL_GIT_METADATA_GT_CALIBRATION_OR_CODE,0,e3b0c44298fc1c149afbf4c8996fb92427ae41e4649b934ca495991b7852b855,False,COMPLETE_SHA256_RECORDED
official_repository/data/20220717-1/filtered_prediction/f-2-1-1-0.5-6-0-L_1.csv,/home/lj/zero_perturbation_data/rts_gt_v1/official_repository/data/20220717-1/filtered_prediction/f-2-1-1-0.5-6-0-L_1.csv,https://github.com/norlab-ulaval/RTS_project/blob/449a299bcf8bc11766718db4ed4aea4a489c7c46/data/20220717-1/filtered_prediction/f-2-1-1-0.5-6-0-L_1.csv,OFFICIAL_GIT_METADATA_GT_CALIBRATION_OR_CODE,0,e3b0c44298fc1c149afbf4c8996fb92427ae41e4649b934ca495991b7852b855,False,COMPLETE_SHA256_RECORDED
official_repository/data/20220717-1/filtered_prediction/f-2-1-1-0.5-6-0-L_2.csv,/home/lj/zero_perturbation_data/rts_gt_v1/official_repository/data/20220717-1/filtered_prediction/f-2-1-1-0.5-6-0-L_2.csv,https://github.com/norlab-ulaval/RTS_project/blob/449a299bcf8bc11766718db4ed4aea4a489c7c46/data/20220717-1/filtered_prediction/f-2-1-1-0.5-6-0-L_2.csv,OFFICIAL_GIT_METADATA_GT_CALIBRATION_OR_CODE,0,e3b0c44298fc1c149afbf4c8996fb92427ae41e4649b934ca495991b7852b855,False,COMPLETE_SHA256_RECORDED
official_repository/data/20220717-1/filtered_prediction/f-2-1-1-0.5-6-0-L_3.csv,/home/lj/zero_perturbation_data/rts_gt_v1/official_repository/data/20220717-1/filtered_prediction/f-2-1-1-0.5-6-0-L_3.csv,https://github.com/norlab-ulaval/RTS_project/blob/449a299bcf8bc11766718db4ed4aea4a489c7c46/data/20220717-1/filtered_prediction/f-2-1-1-0.5-6-0-L_3.csv,OFFICIAL_GIT_METADATA_GT_CALIBRATION_OR_CODE,0,e3b0c44298fc1c149afbf4c8996fb92427ae41e4649b934ca495991b7852b855,False,COMPLETE_SHA256_RECORDED
official_repository/data/20220717-1/filtered_prediction/f-2-1-1-0.75-6-0-L_1.csv,/home/lj/zero_perturbation_data/rts_gt_v1/official_repository/data/20220717-1/filtered_prediction/f-2-1-1-0.75-6-0-L_1.csv,https://github.com/norlab-ulaval/RTS_project/blob/449a299bcf8bc11766718db4ed4aea4a489c7c46/data/20220717-1/filtered_prediction/f-2-1-1-0.75-6-0-L_1.csv,OFFICIAL_GIT_METADATA_GT_CALIBRATION_OR_CODE,0,e3b0c44298fc1c149afbf4c8996fb92427ae41e4649b934ca495991b7852b855,False,COMPLETE_SHA256_RECORDED
official_repository/data/20220717-1/filtered_prediction/f-2-1-1-0.75-6-0-L_2.csv,/home/lj/zero_perturbation_data/rts_gt_v1/official_repository/data/20220717-1/filtered_prediction/f-2-1-1-0.75-6-0-L_2.csv,https://github.com/norlab-ulaval/RTS_project/blob/449a299bcf8bc11766718db4ed4aea4a489c7c46/data/20220717-1/filtered_prediction/f-2-1-1-0.75-6-0-L_2.csv,OFFICIAL_GIT_METADATA_GT_CALIBRATION_OR_CODE,0,e3b0c44298fc1c149afbf4c8996fb92427ae41e4649b934ca495991b7852b855,False,COMPLETE_SHA256_RECORDED
official_repository/data/20220717-1/filtered_prediction/f-2-1-1-0.75-6-0-L_3.csv,/home/lj/zero_perturbation_data/rts_gt_v1/official_repository/data/20220717-1/filtered_prediction/f-2-1-1-0.75-6-0-L_3.csv,https://github.com/norlab-ulaval/RTS_project/blob/449a299bcf8bc11766718db4ed4aea4a489c7c46/data/20220717-1/filtered_prediction/f-2-1-1-0.75-6-0-L_3.csv,OFFICIAL_GIT_METADATA_GT_CALIBRATION_OR_CODE,0,e3b0c44298fc1c149afbf4c8996fb92427ae41e4649b934ca495991b7852b855,False,COMPLETE_SHA256_RECORDED
official_repository/data/20220717-1/filtered_prediction/f-2-1-1-1-10-0-L_1.csv,/home/lj/zero_perturbation_data/rts_gt_v1/official_repository/data/20220717-1/filtered_prediction/f-2-1-1-1-10-0-L_1.csv,https://github.com/norlab-ulaval/RTS_project/blob/449a299bcf8bc11766718db4ed4aea4a489c7c46/data/20220717-1/filtered_prediction/f-2-1-1-1-10-0-L_1.csv,OFFICIAL_GIT_METADATA_GT_CALIBRATION_OR_CODE,0,e3b0c44298fc1c149afbf4c8996fb92427ae41e4649b934ca495991b7852b855,False,COMPLETE_SHA256_RECORDED
official_repository/data/20220717-1/filtered_prediction/f-2-1-1-1-10-0-L_2.csv,/home/lj/zero_perturbation_data/rts_gt_v1/official_repository/data/20220717-1/filtered_prediction/f-2-1-1-1-10-0-L_2.csv,https://github.com/norlab-ulaval/RTS_project/blob/449a299bcf8bc11766718db4ed4aea4a489c7c46/data/20220717-1/filtered_prediction/f-2-1-1-1-10-0-L_2.csv,OFFICIAL_GIT_METADATA_GT_CALIBRATION_OR_CODE,0,e3b0c44298fc1c149afbf4c8996fb92427ae41e4649b934ca495991b7852b855,False,COMPLETE_SHA256_RECORDED
official_repository/data/20220717-1/filtered_prediction/f-2-1-1-1-10-0-L_3.csv,/home/lj/zero_perturbation_data/rts_gt_v1/official_repository/data/20220717-1/filtered_prediction/f-2-1-1-1-10-0-L_3.csv,https://github.com/norlab-ulaval/RTS_project/blob/449a299bcf8bc11766718db4ed4aea4a489c7c46/data/20220717-1/filtered_prediction/f-2-1-1-1-10-0-L_3.csv,OFFICIAL_GIT_METADATA_GT_CALIBRATION_OR_CODE,0,e3b0c44298fc1c149afbf4c8996fb92427ae41e4649b934ca495991b7852b855,False,COMPLETE_SHA256_RECORDED
official_repository/data/20220717-1/filtered_prediction/f-2-1-1-1-12-0-L_1.csv,/home/lj/zero_perturbation_data/rts_gt_v1/official_repository/data/20220717-1/filtered_prediction/f-2-1-1-1-12-0-L_1.csv,https://github.com/norlab-ulaval/RTS_project/blob/449a299bcf8bc11766718db4ed4aea4a489c7c46/data/20220717-1/filtered_prediction/f-2-1-1-1-12-0-L_1.csv,OFFICIAL_GIT_METADATA_GT_CALIBRATION_OR_CODE,0,e3b0c44298fc1c149afbf4c8996fb92427ae41e4649b934ca495991b7852b855,False,COMPLETE_SHA256_RECORDED
official_repository/data/20220717-1/filtered_prediction/f-2-1-1-1-12-0-L_2.csv,/home/lj/zero_perturbation_data/rts_gt_v1/official_repository/data/20220717-1/filtered_prediction/f-2-1-1-1-12-0-L_2.csv,https://github.com/norlab-ulaval/RTS_project/blob/449a299bcf8bc11766718db4ed4aea4a489c7c46/data/20220717-1/filtered_prediction/f-2-1-1-1-12-0-L_2.csv,OFFICIAL_GIT_METADATA_GT_CALIBRATION_OR_CODE,0,e3b0c44298fc1c149afbf4c8996fb92427ae41e4649b934ca495991b7852b855,False,COMPLETE_SHA256_RECORDED
official_repository/data/20220717-1/filtered_prediction/f-2-1-1-1-12-0-L_3.csv,/home/lj/zero_perturbation_data/rts_gt_v1/official_repository/data/20220717-1/filtered_prediction/f-2-1-1-1-12-0-L_3.csv,https://github.com/norlab-ulaval/RTS_project/blob/449a299bcf8bc11766718db4ed4aea4a489c7c46/data/20220717-1/filtered_prediction/f-2-1-1-1-12-0-L_3.csv,OFFICIAL_GIT_METADATA_GT_CALIBRATION_OR_CODE,0,e3b0c44298fc1c149afbf4c8996fb92427ae41e4649b934ca495991b7852b855,False,COMPLETE_SHA256_RECORDED
official_repository/data/20220717-1/filtered_prediction/f-2-1-1-1-2-0-L_1.csv,/home/lj/zero_perturbation_data/rts_gt_v1/official_repository/data/20220717-1/filtered_prediction/f-2-1-1-1-2-0-L_1.csv,https://github.com/norlab-ulaval/RTS_project/blob/449a299bcf8bc11766718db4ed4aea4a489c7c46/data/20220717-1/filtered_prediction/f-2-1-1-1-2-0-L_1.csv,OFFICIAL_GIT_METADATA_GT_CALIBRATION_OR_CODE,0,e3b0c44298fc1c149afbf4c8996fb92427ae41e4649b934ca495991b7852b855,False,COMPLETE_SHA256_RECORDED
official_repository/data/20220717-1/filtered_prediction/f-2-1-1-1-2-0-L_2.csv,/home/lj/zero_perturbation_data/rts_gt_v1/official_repository/data/20220717-1/filtered_prediction/f-2-1-1-1-2-0-L_2.csv,https://github.com/norlab-ulaval/RTS_project/blob/449a299bcf8bc11766718db4ed4aea4a489c7c46/data/20220717-1/filtered_prediction/f-2-1-1-1-2-0-L_2.csv,OFFICIAL_GIT_METADATA_GT_CALIBRATION_OR_CODE,0,e3b0c44298fc1c149afbf4c8996fb92427ae41e4649b934ca495991b7852b855,False,COMPLETE_SHA256_RECORDED
official_repository/data/20220717-1/filtered_prediction/f-2-1-1-1-2-0-L_3.csv,/home/lj/zero_perturbation_data/rts_gt_v1/official_repository/data/20220717-1/filtered_prediction/f-2-1-1-1-2-0-L_3.csv,https://github.com/norlab-ulaval/RTS_project/blob/449a299bcf8bc11766718db4ed4aea4a489c7c46/data/20220717-1/filtered_prediction/f-2-1-1-1-2-0-L_3.csv,OFFICIAL_GIT_METADATA_GT_CALIBRATION_OR_CODE,0,e3b0c44298fc1c149afbf4c8996fb92427ae41e4649b934ca495991b7852b855,False,COMPLETE_SHA256_RECORDED
official_repository/data/20220717-1/filtered_prediction/f-2-1-1-1-4-0-L_1.csv,/home/lj/zero_perturbation_data/rts_gt_v1/official_repository/data/20220717-1/filtered_prediction/f-2-1-1-1-4-0-L_1.csv,https://github.com/norlab-ulaval/RTS_project/blob/449a299bcf8bc11766718db4ed4aea4a489c7c46/data/20220717-1/filtered_prediction/f-2-1-1-1-4-0-L_1.csv,OFFICIAL_GIT_METADATA_GT_CALIBRATION_OR_CODE,0,e3b0c44298fc1c149afbf4c8996fb92427ae41e4649b934ca495991b7852b855,False,COMPLETE_SHA256_RECORDED
official_repository/data/20220717-1/filtered_prediction/f-2-1-1-1-4-0-L_2.csv,/home/lj/zero_perturbation_data/rts_gt_v1/official_repository/data/20220717-1/filtered_prediction/f-2-1-1-1-4-0-L_2.csv,https://github.com/norlab-ulaval/RTS_project/blob/449a299bcf8bc11766718db4ed4aea4a489c7c46/data/20220717-1/filtered_prediction/f-2-1-1-1-4-0-L_2.csv,OFFICIAL_GIT_METADATA_GT_CALIBRATION_OR_CODE,0,e3b0c44298fc1c149afbf4c8996fb92427ae41e4649b934ca495991b7852b855,False,COMPLETE_SHA256_RECORDED
official_repository/data/20220717-1/filtered_prediction/f-2-1-1-1-4-0-L_3.csv,/home/lj/zero_perturbation_data/rts_gt_v1/official_repository/data/20220717-1/filtered_prediction/f-2-1-1-1-4-0-L_3.csv,https://github.com/norlab-ulaval/RTS_project/blob/449a299bcf8bc11766718db4ed4aea4a489c7c46/data/20220717-1/filtered_prediction/f-2-1-1-1-4-0-L_3.csv,OFFICIAL_GIT_METADATA_GT_CALIBRATION_OR_CODE,0,e3b0c44298fc1c149afbf4c8996fb92427ae41e4649b934ca495991b7852b855,False,COMPLETE_SHA256_RECORDED
official_repository/data/20220717-1/filtered_prediction/f-2-1-1-1-6-0-L_1.csv,/home/lj/zero_perturbation_data/rts_gt_v1/official_repository/data/20220717-1/filtered_prediction/f-2-1-1-1-6-0-L_1.csv,https://github.com/norlab-ulaval/RTS_project/blob/449a299bcf8bc11766718db4ed4aea4a489c7c46/data/20220717-1/filtered_prediction/f-2-1-1-1-6-0-L_1.csv,OFFICIAL_GIT_METADATA_GT_CALIBRATION_OR_CODE,0,e3b0c44298fc1c149afbf4c8996fb92427ae41e4649b934ca495991b7852b855,False,COMPLETE_SHA256_RECORDED
official_repository/data/20220717-1/filtered_prediction/f-2-1-1-1-6-0-L_2.csv,/home/lj/zero_perturbation_data/rts_gt_v1/official_repository/data/20220717-1/filtered_prediction/f-2-1-1-1-6-0-L_2.csv,https://github.com/norlab-ulaval/RTS_project/blob/449a299bcf8bc11766718db4ed4aea4a489c7c46/data/20220717-1/filtered_prediction/f-2-1-1-1-6-0-L_2.csv,OFFICIAL_GIT_METADATA_GT_CALIBRATION_OR_CODE,0,e3b0c44298fc1c149afbf4c8996fb92427ae41e4649b934ca495991b7852b855,False,COMPLETE_SHA256_RECORDED
official_repository/data/20220717-1/filtered_prediction/f-2-1-1-1-6-0-L_3.csv,/home/lj/zero_perturbation_data/rts_gt_v1/official_repository/data/20220717-1/filtered_prediction/f-2-1-1-1-6-0-L_3.csv,https://github.com/norlab-ulaval/RTS_project/blob/449a299bcf8bc11766718db4ed4aea4a489c7c46/data/20220717-1/filtered_prediction/f-2-1-1-1-6-0-L_3.csv,OFFICIAL_GIT_METADATA_GT_CALIBRATION_OR_CODE,0,e3b0c44298fc1c149afbf4c8996fb92427ae41e4649b934ca495991b7852b855,False,COMPLETE_SHA256_RECORDED
official_repository/data/20220717-1/filtered_prediction/f-2-1-1-1-6-0.25-L_1.csv,/home/lj/zero_perturbation_data/rts_gt_v1/official_repository/data/20220717-1/filtered_prediction/f-2-1-1-1-6-0.25-L_1.csv,https://github.com/norlab-ulaval/RTS_project/blob/449a299bcf8bc11766718db4ed4aea4a489c7c46/data/20220717-1/filtered_prediction/f-2-1-1-1-6-0.25-L_1.csv,OFFICIAL_GIT_METADATA_GT_CALIBRATION_OR_CODE,0,e3b0c44298fc1c149afbf4c8996fb92427ae41e4649b934ca495991b7852b855,False,COMPLETE_SHA256_RECORDED
official_repository/data/20220717-1/filtered_prediction/f-2-1-1-1-6-0.25-L_2.csv,/home/lj/zero_perturbation_data/rts_gt_v1/official_repository/data/20220717-1/filtered_prediction/f-2-1-1-1-6-0.25-L_2.csv,https://github.com/norlab-ulaval/RTS_project/blob/449a299bcf8bc11766718db4ed4aea4a489c7c46/data/20220717-1/filtered_prediction/f-2-1-1-1-6-0.25-L_2.csv,OFFICIAL_GIT_METADATA_GT_CALIBRATION_OR_CODE,0,e3b0c44298fc1c149afbf4c8996fb92427ae41e4649b934ca495991b7852b855,False,COMPLETE_SHA256_RECORDED
official_repository/data/20220717-1/filtered_prediction/f-2-1-1-1-6-0.25-L_3.csv,/home/lj/zero_perturbation_data/rts_gt_v1/official_repository/data/20220717-1/filtered_prediction/f-2-1-1-1-6-0.25-L_3.csv,https://github.com/norlab-ulaval/RTS_project/blob/449a299bcf8bc11766718db4ed4aea4a489c7c46/data/20220717-1/filtered_prediction/f-2-1-1-1-6-0.25-L_3.csv,OFFICIAL_GIT_METADATA_GT_CALIBRATION_OR_CODE,0,e3b0c44298fc1c149afbf4c8996fb92427ae41e4649b934ca495991b7852b855,False,COMPLETE_SHA256_RECORDED
official_repository/data/20220717-1/filtered_prediction/f-2-1-1-1-6-0.5-L_1.csv,/home/lj/zero_perturbation_data/rts_gt_v1/official_repository/data/20220717-1/filtered_prediction/f-2-1-1-1-6-0.5-L_1.csv,https://github.com/norlab-ulaval/RTS_project/blob/449a299bcf8bc11766718db4ed4aea4a489c7c46/data/20220717-1/filtered_prediction/f-2-1-1-1-6-0.5-L_1.csv,OFFICIAL_GIT_METADATA_GT_CALIBRATION_OR_CODE,0,e3b0c44298fc1c149afbf4c8996fb92427ae41e4649b934ca495991b7852b855,False,COMPLETE_SHA256_RECORDED
official_repository/data/20220717-1/filtered_prediction/f-2-1-1-1-6-0.5-L_2.csv,/home/lj/zero_perturbation_data/rts_gt_v1/official_repository/data/20220717-1/filtered_prediction/f-2-1-1-1-6-0.5-L_2.csv,https://github.com/norlab-ulaval/RTS_project/blob/449a299bcf8bc11766718db4ed4aea4a489c7c46/data/20220717-1/filtered_prediction/f-2-1-1-1-6-0.5-L_2.csv,OFFICIAL_GIT_METADATA_GT_CALIBRATION_OR_CODE,0,e3b0c44298fc1c149afbf4c8996fb92427ae41e4649b934ca495991b7852b855,False,COMPLETE_SHA256_RECORDED
official_repository/data/20220717-1/filtered_prediction/f-2-1-1-1-6-0.5-L_3.csv,/home/lj/zero_perturbation_data/rts_gt_v1/official_repository/data/20220717-1/filtered_prediction/f-2-1-1-1-6-0.5-L_3.csv,https://github.com/norlab-ulaval/RTS_project/blob/449a299bcf8bc11766718db4ed4aea4a489c7c46/data/20220717-1/filtered_prediction/f-2-1-1-1-6-0.5-L_3.csv,OFFICIAL_GIT_METADATA_GT_CALIBRATION_OR_CODE,0,e3b0c44298fc1c149afbf4c8996fb92427ae41e4649b934ca495991b7852b855,False,COMPLETE_SHA256_RECORDED
official_repository/data/20220717-1/filtered_prediction/f-2-1-1-1-6-0.75-L_1.csv,/home/lj/zero_perturbation_data/rts_gt_v1/official_repository/data/20220717-1/filtered_prediction/f-2-1-1-1-6-0.75-L_1.csv,https://github.com/norlab-ulaval/RTS_project/blob/449a299bcf8bc11766718db4ed4aea4a489c7c46/data/20220717-1/filtered_prediction/f-2-1-1-1-6-0.75-L_1.csv,OFFICIAL_GIT_METADATA_GT_CALIBRATION_OR_CODE,0,e3b0c44298fc1c149afbf4c8996fb92427ae41e4649b934ca495991b7852b855,False,COMPLETE_SHA256_RECORDED
official_repository/data/20220717-1/filtered_prediction/f-2-1-1-1-6-0.75-L_2.csv,/home/lj/zero_perturbation_data/rts_gt_v1/official_repository/data/20220717-1/filtered_prediction/f-2-1-1-1-6-0.75-L_2.csv,https://github.com/norlab-ulaval/RTS_project/blob/449a299bcf8bc11766718db4ed4aea4a489c7c46/data/20220717-1/filtered_prediction/f-2-1-1-1-6-0.75-L_2.csv,OFFICIAL_GIT_METADATA_GT_CALIBRATION_OR_CODE,0,e3b0c44298fc1c149afbf4c8996fb92427ae41e4649b934ca495991b7852b855,False,COMPLETE_SHA256_RECORDED
official_repository/data/20220717-1/filtered_prediction/f-2-1-1-1-6-0.75-L_3.csv,/home/lj/zero_perturbation_data/rts_gt_v1/official_repository/data/20220717-1/filtered_prediction/f-2-1-1-1-6-0.75-L_3.csv,https://github.com/norlab-ulaval/RTS_project/blob/449a299bcf8bc11766718db4ed4aea4a489c7c46/data/20220717-1/filtered_prediction/f-2-1-1-1-6-0.75-L_3.csv,OFFICIAL_GIT_METADATA_GT_CALIBRATION_OR_CODE,0,e3b0c44298fc1c149afbf4c8996fb92427ae41e4649b934ca495991b7852b855,False,COMPLETE_SHA256_RECORDED
official_repository/data/20220717-1/filtered_prediction/f-2-1-1-1-6-1-L_1.csv,/home/lj/zero_perturbation_data/rts_gt_v1/official_repository/data/20220717-1/filtered_prediction/f-2-1-1-1-6-1-L_1.csv,https://github.com/norlab-ulaval/RTS_project/blob/449a299bcf8bc11766718db4ed4aea4a489c7c46/data/20220717-1/filtered_prediction/f-2-1-1-1-6-1-L_1.csv,OFFICIAL_GIT_METADATA_GT_CALIBRATION_OR_CODE,0,e3b0c44298fc1c149afbf4c8996fb92427ae41e4649b934ca495991b7852b855,False,COMPLETE_SHA256_RECORDED
official_repository/data/20220717-1/filtered_prediction/f-2-1-1-1-6-1-L_2.csv,/home/lj/zero_perturbation_data/rts_gt_v1/official_repository/data/20220717-1/filtered_prediction/f-2-1-1-1-6-1-L_2.csv,https://github.com/norlab-ulaval/RTS_project/blob/449a299bcf8bc11766718db4ed4aea4a489c7c46/data/20220717-1/filtered_prediction/f-2-1-1-1-6-1-L_2.csv,OFFICIAL_GIT_METADATA_GT_CALIBRATION_OR_CODE,0,e3b0c44298fc1c149afbf4c8996fb92427ae41e4649b934ca495991b7852b855,False,COMPLETE_SHA256_RECORDED
official_repository/data/20220717-1/filtered_prediction/f-2-1-1-1-6-1-L_3.csv,/home/lj/zero_perturbation_data/rts_gt_v1/official_repository/data/20220717-1/filtered_prediction/f-2-1-1-1-6-1-L_3.csv,https://github.com/norlab-ulaval/RTS_project/blob/449a299bcf8bc11766718db4ed4aea4a489c7c46/data/20220717-1/filtered_prediction/f-2-1-1-1-6-1-L_3.csv,OFFICIAL_GIT_METADATA_GT_CALIBRATION_OR_CODE,0,e3b0c44298fc1c149afbf4c8996fb92427ae41e4649b934ca495991b7852b855,False,COMPLETE_SHA256_RECORDED
official_repository/data/20220717-1/filtered_prediction/f-2-1-1-1-6-1-SGP-1000_1.csv,/home/lj/zero_perturbation_data/rts_gt_v1/official_repository/data/20220717-1/filtered_prediction/f-2-1-1-1-6-1-SGP-1000_1.csv,https://github.com/norlab-ulaval/RTS_project/blob/449a299bcf8bc11766718db4ed4aea4a489c7c46/data/20220717-1/filtered_prediction/f-2-1-1-1-6-1-SGP-1000_1.csv,OFFICIAL_GIT_METADATA_GT_CALIBRATION_OR_CODE,0,e3b0c44298fc1c149afbf4c8996fb92427ae41e4649b934ca495991b7852b855,False,COMPLETE_SHA256_RECORDED
official_repository/data/20220717-1/filtered_prediction/f-2-1-1-1-6-1-SGP-1000_2.csv,/home/lj/zero_perturbation_data/rts_gt_v1/official_repository/data/20220717-1/filtered_prediction/f-2-1-1-1-6-1-SGP-1000_2.csv,https://github.com/norlab-ulaval/RTS_project/blob/449a299bcf8bc11766718db4ed4aea4a489c7c46/data/20220717-1/filtered_prediction/f-2-1-1-1-6-1-SGP-1000_2.csv,OFFICIAL_GIT_METADATA_GT_CALIBRATION_OR_CODE,0,e3b0c44298fc1c149afbf4c8996fb92427ae41e4649b934ca495991b7852b855,False,COMPLETE_SHA256_RECORDED
official_repository/data/20220717-1/filtered_prediction/f-2-1-1-1-6-1-SGP-1000_3.csv,/home/lj/zero_perturbation_data/rts_gt_v1/official_repository/data/20220717-1/filtered_prediction/f-2-1-1-1-6-1-SGP-1000_3.csv,https://github.com/norlab-ulaval/RTS_project/blob/449a299bcf8bc11766718db4ed4aea4a489c7c46/data/20220717-1/filtered_prediction/f-2-1-1-1-6-1-SGP-1000_3.csv,OFFICIAL_GIT_METADATA_GT_CALIBRATION_OR_CODE,0,e3b0c44298fc1c149afbf4c8996fb92427ae41e4649b934ca495991b7852b855,False,COMPLETE_SHA256_RECORDED
official_repository/data/20220717-1/filtered_prediction/f-2-1-1-1-6-1.25-L_1.csv,/home/lj/zero_perturbation_data/rts_gt_v1/official_repository/data/20220717-1/filtered_prediction/f-2-1-1-1-6-1.25-L_1.csv,https://github.com/norlab-ulaval/RTS_project/blob/449a299bcf8bc11766718db4ed4aea4a489c7c46/data/20220717-1/filtered_prediction/f-2-1-1-1-6-1.25-L_1.csv,OFFICIAL_GIT_METADATA_GT_CALIBRATION_OR_CODE,0,e3b0c44298fc1c149afbf4c8996fb92427ae41e4649b934ca495991b7852b855,False,COMPLETE_SHA256_RECORDED
official_repository/data/20220717-1/filtered_prediction/f-2-1-1-1-6-1.25-L_2.csv,/home/lj/zero_perturbation_data/rts_gt_v1/official_repository/data/20220717-1/filtered_prediction/f-2-1-1-1-6-1.25-L_2.csv,https://github.com/norlab-ulaval/RTS_project/blob/449a299bcf8bc11766718db4ed4aea4a489c7c46/data/20220717-1/filtered_prediction/f-2-1-1-1-6-1.25-L_2.csv,OFFICIAL_GIT_METADATA_GT_CALIBRATION_OR_CODE,0,e3b0c44298fc1c149afbf4c8996fb92427ae41e4649b934ca495991b7852b855,False,COMPLETE_SHA256_RECORDED
official_repository/data/20220717-1/filtered_prediction/f-2-1-1-1-6-1.25-L_3.csv,/home/lj/zero_perturbation_data/rts_gt_v1/official_repository/data/20220717-1/filtered_prediction/f-2-1-1-1-6-1.25-L_3.csv,https://github.com/norlab-ulaval/RTS_project/blob/449a299bcf8bc11766718db4ed4aea4a489c7c46/data/20220717-1/filtered_prediction/f-2-1-1-1-6-1.25-L_3.csv,OFFICIAL_GIT_METADATA_GT_CALIBRATION_OR_CODE,0,e3b0c44298fc1c149afbf4c8996fb92427ae41e4649b934ca495991b7852b855,False,COMPLETE_SHA256_RECORDED
official_repository/data/20220717-1/filtered_prediction/f-2-1-1-1-6-1.5-L_1.csv,/home/lj/zero_perturbation_data/rts_gt_v1/official_repository/data/20220717-1/filtered_prediction/f-2-1-1-1-6-1.5-L_1.csv,https://github.com/norlab-ulaval/RTS_project/blob/449a299bcf8bc11766718db4ed4aea4a489c7c46/data/20220717-1/filtered_prediction/f-2-1-1-1-6-1.5-L_1.csv,OFFICIAL_GIT_METADATA_GT_CALIBRATION_OR_CODE,0,e3b0c44298fc1c149afbf4c8996fb92427ae41e4649b934ca495991b7852b855,False,COMPLETE_SHA256_RECORDED
official_repository/data/20220717-1/filtered_prediction/f-2-1-1-1-6-1.5-L_2.csv,/home/lj/zero_perturbation_data/rts_gt_v1/official_repository/data/20220717-1/filtered_prediction/f-2-1-1-1-6-1.5-L_2.csv,https://github.com/norlab-ulaval/RTS_project/blob/449a299bcf8bc11766718db4ed4aea4a489c7c46/data/20220717-1/filtered_prediction/f-2-1-1-1-6-1.5-L_2.csv,OFFICIAL_GIT_METADATA_GT_CALIBRATION_OR_CODE,0,e3b0c44298fc1c149afbf4c8996fb92427ae41e4649b934ca495991b7852b855,False,COMPLETE_SHA256_RECORDED
official_repository/data/20220717-1/filtered_prediction/f-2-1-1-1-6-1.5-L_3.csv,/home/lj/zero_perturbation_data/rts_gt_v1/official_repository/data/20220717-1/filtered_prediction/f-2-1-1-1-6-1.5-L_3.csv,https://github.com/norlab-ulaval/RTS_project/blob/449a299bcf8bc11766718db4ed4aea4a489c7c46/data/20220717-1/filtered_prediction/f-2-1-1-1-6-1.5-L_3.csv,OFFICIAL_GIT_METADATA_GT_CALIBRATION_OR_CODE,0,e3b0c44298fc1c149afbf4c8996fb92427ae41e4649b934ca495991b7852b855,False,COMPLETE_SHA256_RECORDED
official_repository/data/20220717-1/filtered_prediction/f-2-1-1-1-6-1.75-L_1.csv,/home/lj/zero_perturbation_data/rts_gt_v1/official_repository/data/20220717-1/filtered_prediction/f-2-1-1-1-6-1.75-L_1.csv,https://github.com/norlab-ulaval/RTS_project/blob/449a299bcf8bc11766718db4ed4aea4a489c7c46/data/20220717-1/filtered_prediction/f-2-1-1-1-6-1.75-L_1.csv,OFFICIAL_GIT_METADATA_GT_CALIBRATION_OR_CODE,0,e3b0c44298fc1c149afbf4c8996fb92427ae41e4649b934ca495991b7852b855,False,COMPLETE_SHA256_RECORDED
official_repository/data/20220717-1/filtered_prediction/f-2-1-1-1-6-1.75-L_2.csv,/home/lj/zero_perturbation_data/rts_gt_v1/official_repository/data/20220717-1/filtered_prediction/f-2-1-1-1-6-1.75-L_2.csv,https://github.com/norlab-ulaval/RTS_project/blob/449a299bcf8bc11766718db4ed4aea4a489c7c46/data/20220717-1/filtered_prediction/f-2-1-1-1-6-1.75-L_2.csv,OFFICIAL_GIT_METADATA_GT_CALIBRATION_OR_CODE,0,e3b0c44298fc1c149afbf4c8996fb92427ae41e4649b934ca495991b7852b855,False,COMPLETE_SHA256_RECORDED
official_repository/data/20220717-1/filtered_prediction/f-2-1-1-1-6-1.75-L_3.csv,/home/lj/zero_perturbation_data/rts_gt_v1/official_repository/data/20220717-1/filtered_prediction/f-2-1-1-1-6-1.75-L_3.csv,https://github.com/norlab-ulaval/RTS_project/blob/449a299bcf8bc11766718db4ed4aea4a489c7c46/data/20220717-1/filtered_prediction/f-2-1-1-1-6-1.75-L_3.csv,OFFICIAL_GIT_METADATA_GT_CALIBRATION_OR_CODE,0,e3b0c44298fc1c149afbf4c8996fb92427ae41e4649b934ca495991b7852b855,False,COMPLETE_SHA256_RECORDED
official_repository/data/20220717-1/filtered_prediction/f-2-1-1-1-6-2-L_1.csv,/home/lj/zero_perturbation_data/rts_gt_v1/official_repository/data/20220717-1/filtered_prediction/f-2-1-1-1-6-2-L_1.csv,https://github.com/norlab-ulaval/RTS_project/blob/449a299bcf8bc11766718db4ed4aea4a489c7c46/data/20220717-1/filtered_prediction/f-2-1-1-1-6-2-L_1.csv,OFFICIAL_GIT_METADATA_GT_CALIBRATION_OR_CODE,0,e3b0c44298fc1c149afbf4c8996fb92427ae41e4649b934ca495991b7852b855,False,COMPLETE_SHA256_RECORDED
official_repository/data/20220717-1/filtered_prediction/f-2-1-1-1-6-2-L_2.csv,/home/lj/zero_perturbation_data/rts_gt_v1/official_repository/data/20220717-1/filtered_prediction/f-2-1-1-1-6-2-L_2.csv,https://github.com/norlab-ulaval/RTS_project/blob/449a299bcf8bc11766718db4ed4aea4a489c7c46/data/20220717-1/filtered_prediction/f-2-1-1-1-6-2-L_2.csv,OFFICIAL_GIT_METADATA_GT_CALIBRATION_OR_CODE,0,e3b0c44298fc1c149afbf4c8996fb92427ae41e4649b934ca495991b7852b855,False,COMPLETE_SHA256_RECORDED
official_repository/data/20220717-1/filtered_prediction/f-2-1-1-1-6-2-L_3.csv,/home/lj/zero_perturbation_data/rts_gt_v1/official_repository/data/20220717-1/filtered_prediction/f-2-1-1-1-6-2-L_3.csv,https://github.com/norlab-ulaval/RTS_project/blob/449a299bcf8bc11766718db4ed4aea4a489c7c46/data/20220717-1/filtered_prediction/f-2-1-1-1-6-2-L_3.csv,OFFICIAL_GIT_METADATA_GT_CALIBRATION_OR_CODE,0,e3b0c44298fc1c149afbf4c8996fb92427ae41e4649b934ca495991b7852b855,False,COMPLETE_SHA256_RECORDED
official_repository/data/20220717-1/filtered_prediction/f-2-1-1-1-8-0-L_1.csv,/home/lj/zero_perturbation_data/rts_gt_v1/official_repository/data/20220717-1/filtered_prediction/f-2-1-1-1-8-0-L_1.csv,https://github.com/norlab-ulaval/RTS_project/blob/449a299bcf8bc11766718db4ed4aea4a489c7c46/data/20220717-1/filtered_prediction/f-2-1-1-1-8-0-L_1.csv,OFFICIAL_GIT_METADATA_GT_CALIBRATION_OR_CODE,0,e3b0c44298fc1c149afbf4c8996fb92427ae41e4649b934ca495991b7852b855,False,COMPLETE_SHA256_RECORDED
official_repository/data/20220717-1/filtered_prediction/f-2-1-1-1-8-0-L_2.csv,/home/lj/zero_perturbation_data/rts_gt_v1/official_repository/data/20220717-1/filtered_prediction/f-2-1-1-1-8-0-L_2.csv,https://github.com/norlab-ulaval/RTS_project/blob/449a299bcf8bc11766718db4ed4aea4a489c7c46/data/20220717-1/filtered_prediction/f-2-1-1-1-8-0-L_2.csv,OFFICIAL_GIT_METADATA_GT_CALIBRATION_OR_CODE,0,e3b0c44298fc1c149afbf4c8996fb92427ae41e4649b934ca495991b7852b855,False,COMPLETE_SHA256_RECORDED
official_repository/data/20220717-1/filtered_prediction/f-2-1-1-1-8-0-L_3.csv,/home/lj/zero_perturbation_data/rts_gt_v1/official_repository/data/20220717-1/filtered_prediction/f-2-1-1-1-8-0-L_3.csv,https://github.com/norlab-ulaval/RTS_project/blob/449a299bcf8bc11766718db4ed4aea4a489c7c46/data/20220717-1/filtered_prediction/f-2-1-1-1-8-0-L_3.csv,OFFICIAL_GIT_METADATA_GT_CALIBRATION_OR_CODE,0,e3b0c44298fc1c149afbf4c8996fb92427ae41e4649b934ca495991b7852b855,False,COMPLETE_SHA256_RECORDED
official_repository/data/20220717-1/filtered_prediction/f-2-1-1-1.25-6-0-L_1.csv,/home/lj/zero_perturbation_data/rts_gt_v1/official_repository/data/20220717-1/filtered_prediction/f-2-1-1-1.25-6-0-L_1.csv,https://github.com/norlab-ulaval/RTS_project/blob/449a299bcf8bc11766718db4ed4aea4a489c7c46/data/20220717-1/filtered_prediction/f-2-1-1-1.25-6-0-L_1.csv,OFFICIAL_GIT_METADATA_GT_CALIBRATION_OR_CODE,0,e3b0c44298fc1c149afbf4c8996fb92427ae41e4649b934ca495991b7852b855,False,COMPLETE_SHA256_RECORDED
official_repository/data/20220717-1/filtered_prediction/f-2-1-1-1.25-6-0-L_2.csv,/home/lj/zero_perturbation_data/rts_gt_v1/official_repository/data/20220717-1/filtered_prediction/f-2-1-1-1.25-6-0-L_2.csv,https://github.com/norlab-ulaval/RTS_project/blob/449a299bcf8bc11766718db4ed4aea4a489c7c46/data/20220717-1/filtered_prediction/f-2-1-1-1.25-6-0-L_2.csv,OFFICIAL_GIT_METADATA_GT_CALIBRATION_OR_CODE,0,e3b0c44298fc1c149afbf4c8996fb92427ae41e4649b934ca495991b7852b855,False,COMPLETE_SHA256_RECORDED
official_repository/data/20220717-1/filtered_prediction/f-2-1-1-1.25-6-0-L_3.csv,/home/lj/zero_perturbation_data/rts_gt_v1/official_repository/data/20220717-1/filtered_prediction/f-2-1-1-1.25-6-0-L_3.csv,https://github.com/norlab-ulaval/RTS_project/blob/449a299bcf8bc11766718db4ed4aea4a489c7c46/data/20220717-1/filtered_prediction/f-2-1-1-1.25-6-0-L_3.csv,OFFICIAL_GIT_METADATA_GT_CALIBRATION_OR_CODE,0,e3b0c44298fc1c149afbf4c8996fb92427ae41e4649b934ca495991b7852b855,False,COMPLETE_SHA256_RECORDED
official_repository/data/20220717-1/filtered_prediction/f-2-1-1-1.5-6-0-L_1.csv,/home/lj/zero_perturbation_data/rts_gt_v1/official_repository/data/20220717-1/filtered_prediction/f-2-1-1-1.5-6-0-L_1.csv,https://github.com/norlab-ulaval/RTS_project/blob/449a299bcf8bc11766718db4ed4aea4a489c7c46/data/20220717-1/filtered_prediction/f-2-1-1-1.5-6-0-L_1.csv,OFFICIAL_GIT_METADATA_GT_CALIBRATION_OR_CODE,0,e3b0c44298fc1c149afbf4c8996fb92427ae41e4649b934ca495991b7852b855,False,COMPLETE_SHA256_RECORDED
official_repository/data/20220717-1/filtered_prediction/f-2-1-1-1.5-6-0-L_2.csv,/home/lj/zero_perturbation_data/rts_gt_v1/official_repository/data/20220717-1/filtered_prediction/f-2-1-1-1.5-6-0-L_2.csv,https://github.com/norlab-ulaval/RTS_project/blob/449a299bcf8bc11766718db4ed4aea4a489c7c46/data/20220717-1/filtered_prediction/f-2-1-1-1.5-6-0-L_2.csv,OFFICIAL_GIT_METADATA_GT_CALIBRATION_OR_CODE,0,e3b0c44298fc1c149afbf4c8996fb92427ae41e4649b934ca495991b7852b855,False,COMPLETE_SHA256_RECORDED
official_repository/data/20220717-1/filtered_prediction/f-2-1-1-1.5-6-0-L_3.csv,/home/lj/zero_perturbation_data/rts_gt_v1/official_repository/data/20220717-1/filtered_prediction/f-2-1-1-1.5-6-0-L_3.csv,https://github.com/norlab-ulaval/RTS_project/blob/449a299bcf8bc11766718db4ed4aea4a489c7c46/data/20220717-1/filtered_prediction/f-2-1-1-1.5-6-0-L_3.csv,OFFICIAL_GIT_METADATA_GT_CALIBRATION_OR_CODE,0,e3b0c44298fc1c149afbf4c8996fb92427ae41e4649b934ca495991b7852b855,False,COMPLETE_SHA256_RECORDED
official_repository/data/20220717-1/filtered_prediction/f-2-1-1-1.75-6-0-L_1.csv,/home/lj/zero_perturbation_data/rts_gt_v1/official_repository/data/20220717-1/filtered_prediction/f-2-1-1-1.75-6-0-L_1.csv,https://github.com/norlab-ulaval/RTS_project/blob/449a299bcf8bc11766718db4ed4aea4a489c7c46/data/20220717-1/filtered_prediction/f-2-1-1-1.75-6-0-L_1.csv,OFFICIAL_GIT_METADATA_GT_CALIBRATION_OR_CODE,0,e3b0c44298fc1c149afbf4c8996fb92427ae41e4649b934ca495991b7852b855,False,COMPLETE_SHA256_RECORDED
official_repository/data/20220717-1/filtered_prediction/f-2-1-1-1.75-6-0-L_2.csv,/home/lj/zero_perturbation_data/rts_gt_v1/official_repository/data/20220717-1/filtered_prediction/f-2-1-1-1.75-6-0-L_2.csv,https://github.com/norlab-ulaval/RTS_project/blob/449a299bcf8bc11766718db4ed4aea4a489c7c46/data/20220717-1/filtered_prediction/f-2-1-1-1.75-6-0-L_2.csv,OFFICIAL_GIT_METADATA_GT_CALIBRATION_OR_CODE,0,e3b0c44298fc1c149afbf4c8996fb92427ae41e4649b934ca495991b7852b855,False,COMPLETE_SHA256_RECORDED
official_repository/data/20220717-1/filtered_prediction/f-2-1-1-1.75-6-0-L_3.csv,/home/lj/zero_perturbation_data/rts_gt_v1/official_repository/data/20220717-1/filtered_prediction/f-2-1-1-1.75-6-0-L_3.csv,https://github.com/norlab-ulaval/RTS_project/blob/449a299bcf8bc11766718db4ed4aea4a489c7c46/data/20220717-1/filtered_prediction/f-2-1-1-1.75-6-0-L_3.csv,OFFICIAL_GIT_METADATA_GT_CALIBRATION_OR_CODE,0,e3b0c44298fc1c149afbf4c8996fb92427ae41e4649b934ca495991b7852b855,False,COMPLETE_SHA256_RECORDED
official_repository/data/20220717-1/filtered_prediction/f-2-1-1-2-6-0-L_1.csv,/home/lj/zero_perturbation_data/rts_gt_v1/official_repository/data/20220717-1/filtered_prediction/f-2-1-1-2-6-0-L_1.csv,https://github.com/norlab-ulaval/RTS_project/blob/449a299bcf8bc11766718db4ed4aea4a489c7c46/data/20220717-1/filtered_prediction/f-2-1-1-2-6-0-L_1.csv,OFFICIAL_GIT_METADATA_GT_CALIBRATION_OR_CODE,0,e3b0c44298fc1c149afbf4c8996fb92427ae41e4649b934ca495991b7852b855,False,COMPLETE_SHA256_RECORDED
official_repository/data/20220717-1/filtered_prediction/f-2-1-1-2-6-0-L_2.csv,/home/lj/zero_perturbation_data/rts_gt_v1/official_repository/data/20220717-1/filtered_prediction/f-2-1-1-2-6-0-L_2.csv,https://github.com/norlab-ulaval/RTS_project/blob/449a299bcf8bc11766718db4ed4aea4a489c7c46/data/20220717-1/filtered_prediction/f-2-1-1-2-6-0-L_2.csv,OFFICIAL_GIT_METADATA_GT_CALIBRATION_OR_CODE,0,e3b0c44298fc1c149afbf4c8996fb92427ae41e4649b934ca495991b7852b855,False,COMPLETE_SHA256_RECORDED
official_repository/data/20220717-1/filtered_prediction/f-2-1-1-2-6-0-L_3.csv,/home/lj/zero_perturbation_data/rts_gt_v1/official_repository/data/20220717-1/filtered_prediction/f-2-1-1-2-6-0-L_3.csv,https://github.com/norlab-ulaval/RTS_project/blob/449a299bcf8bc11766718db4ed4aea4a489c7c46/data/20220717-1/filtered_prediction/f-2-1-1-2-6-0-L_3.csv,OFFICIAL_GIT_METADATA_GT_CALIBRATION_OR_CODE,0,e3b0c44298fc1c149afbf4c8996fb92427ae41e4649b934ca495991b7852b855,False,COMPLETE_SHA256_RECORDED
official_repository/data/20220717-1/filtered_prediction/f-2-1-1-2.25-6-0-L_1.csv,/home/lj/zero_perturbation_data/rts_gt_v1/official_repository/data/20220717-1/filtered_prediction/f-2-1-1-2.25-6-0-L_1.csv,https://github.com/norlab-ulaval/RTS_project/blob/449a299bcf8bc11766718db4ed4aea4a489c7c46/data/20220717-1/filtered_prediction/f-2-1-1-2.25-6-0-L_1.csv,OFFICIAL_GIT_METADATA_GT_CALIBRATION_OR_CODE,0,e3b0c44298fc1c149afbf4c8996fb92427ae41e4649b934ca495991b7852b855,False,COMPLETE_SHA256_RECORDED
official_repository/data/20220717-1/filtered_prediction/f-2-1-1-2.25-6-0-L_2.csv,/home/lj/zero_perturbation_data/rts_gt_v1/official_repository/data/20220717-1/filtered_prediction/f-2-1-1-2.25-6-0-L_2.csv,https://github.com/norlab-ulaval/RTS_project/blob/449a299bcf8bc11766718db4ed4aea4a489c7c46/data/20220717-1/filtered_prediction/f-2-1-1-2.25-6-0-L_2.csv,OFFICIAL_GIT_METADATA_GT_CALIBRATION_OR_CODE,0,e3b0c44298fc1c149afbf4c8996fb92427ae41e4649b934ca495991b7852b855,False,COMPLETE_SHA256_RECORDED
official_repository/data/20220717-1/filtered_prediction/f-2-1-1-2.25-6-0-L_3.csv,/home/lj/zero_perturbation_data/rts_gt_v1/official_repository/data/20220717-1/filtered_prediction/f-2-1-1-2.25-6-0-L_3.csv,https://github.com/norlab-ulaval/RTS_project/blob/449a299bcf8bc11766718db4ed4aea4a489c7c46/data/20220717-1/filtered_prediction/f-2-1-1-2.25-6-0-L_3.csv,OFFICIAL_GIT_METADATA_GT_CALIBRATION_OR_CODE,0,e3b0c44298fc1c149afbf4c8996fb92427ae41e4649b934ca495991b7852b855,False,COMPLETE_SHA256_RECORDED
official_repository/data/20220717-1/filtered_prediction/f-2-1-1-2.5-6-0-L_1.csv,/home/lj/zero_perturbation_data/rts_gt_v1/official_repository/data/20220717-1/filtered_prediction/f-2-1-1-2.5-6-0-L_1.csv,https://github.com/norlab-ulaval/RTS_project/blob/449a299bcf8bc11766718db4ed4aea4a489c7c46/data/20220717-1/filtered_prediction/f-2-1-1-2.5-6-0-L_1.csv,OFFICIAL_GIT_METADATA_GT_CALIBRATION_OR_CODE,0,e3b0c44298fc1c149afbf4c8996fb92427ae41e4649b934ca495991b7852b855,False,COMPLETE_SHA256_RECORDED
official_repository/data/20220717-1/filtered_prediction/f-2-1-1-2.5-6-0-L_2.csv,/home/lj/zero_perturbation_data/rts_gt_v1/official_repository/data/20220717-1/filtered_prediction/f-2-1-1-2.5-6-0-L_2.csv,https://github.com/norlab-ulaval/RTS_project/blob/449a299bcf8bc11766718db4ed4aea4a489c7c46/data/20220717-1/filtered_prediction/f-2-1-1-2.5-6-0-L_2.csv,OFFICIAL_GIT_METADATA_GT_CALIBRATION_OR_CODE,0,e3b0c44298fc1c149afbf4c8996fb92427ae41e4649b934ca495991b7852b855,False,COMPLETE_SHA256_RECORDED
official_repository/data/20220717-1/filtered_prediction/f-2-1-1-2.5-6-0-L_3.csv,/home/lj/zero_perturbation_data/rts_gt_v1/official_repository/data/20220717-1/filtered_prediction/f-2-1-1-2.5-6-0-L_3.csv,https://github.com/norlab-ulaval/RTS_project/blob/449a299bcf8bc11766718db4ed4aea4a489c7c46/data/20220717-1/filtered_prediction/f-2-1-1-2.5-6-0-L_3.csv,OFFICIAL_GIT_METADATA_GT_CALIBRATION_OR_CODE,0,e3b0c44298fc1c149afbf4c8996fb92427ae41e4649b934ca495991b7852b855,False,COMPLETE_SHA256_RECORDED
official_repository/data/20220717-1/filtered_prediction/f-2.5-1-1-1-6-0-L_1.csv,/home/lj/zero_perturbation_data/rts_gt_v1/official_repository/data/20220717-1/filtered_prediction/f-2.5-1-1-1-6-0-L_1.csv,https://github.com/norlab-ulaval/RTS_project/blob/449a299bcf8bc11766718db4ed4aea4a489c7c46/data/20220717-1/filtered_prediction/f-2.5-1-1-1-6-0-L_1.csv,OFFICIAL_GIT_METADATA_GT_CALIBRATION_OR_CODE,0,e3b0c44298fc1c149afbf4c8996fb92427ae41e4649b934ca495991b7852b855,False,COMPLETE_SHA256_RECORDED
official_repository/data/20220717-1/filtered_prediction/f-2.5-1-1-1-6-0-L_2.csv,/home/lj/zero_perturbation_data/rts_gt_v1/official_repository/data/20220717-1/filtered_prediction/f-2.5-1-1-1-6-0-L_2.csv,https://github.com/norlab-ulaval/RTS_project/blob/449a299bcf8bc11766718db4ed4aea4a489c7c46/data/20220717-1/filtered_prediction/f-2.5-1-1-1-6-0-L_2.csv,OFFICIAL_GIT_METADATA_GT_CALIBRATION_OR_CODE,0,e3b0c44298fc1c149afbf4c8996fb92427ae41e4649b934ca495991b7852b855,False,COMPLETE_SHA256_RECORDED
official_repository/data/20220717-1/filtered_prediction/f-2.5-1-1-1-6-0-L_3.csv,/home/lj/zero_perturbation_data/rts_gt_v1/official_repository/data/20220717-1/filtered_prediction/f-2.5-1-1-1-6-0-L_3.csv,https://github.com/norlab-ulaval/RTS_project/blob/449a299bcf8bc11766718db4ed4aea4a489c7c46/data/20220717-1/filtered_prediction/f-2.5-1-1-1-6-0-L_3.csv,OFFICIAL_GIT_METADATA_GT_CALIBRATION_OR_CODE,0,e3b0c44298fc1c149afbf4c8996fb92427ae41e4649b934ca495991b7852b855,False,COMPLETE_SHA256_RECORDED
official_repository/data/20220717-1/filtered_prediction/f-3-1-1-1-6-0-L_1.csv,/home/lj/zero_perturbation_data/rts_gt_v1/official_repository/data/20220717-1/filtered_prediction/f-3-1-1-1-6-0-L_1.csv,https://github.com/norlab-ulaval/RTS_project/blob/449a299bcf8bc11766718db4ed4aea4a489c7c46/data/20220717-1/filtered_prediction/f-3-1-1-1-6-0-L_1.csv,OFFICIAL_GIT_METADATA_GT_CALIBRATION_OR_CODE,0,e3b0c44298fc1c149afbf4c8996fb92427ae41e4649b934ca495991b7852b855,False,COMPLETE_SHA256_RECORDED
official_repository/data/20220717-1/filtered_prediction/f-3-1-1-1-6-0-L_2.csv,/home/lj/zero_perturbation_data/rts_gt_v1/official_repository/data/20220717-1/filtered_prediction/f-3-1-1-1-6-0-L_2.csv,https://github.com/norlab-ulaval/RTS_project/blob/449a299bcf8bc11766718db4ed4aea4a489c7c46/data/20220717-1/filtered_prediction/f-3-1-1-1-6-0-L_2.csv,OFFICIAL_GIT_METADATA_GT_CALIBRATION_OR_CODE,0,e3b0c44298fc1c149afbf4c8996fb92427ae41e4649b934ca495991b7852b855,False,COMPLETE_SHA256_RECORDED
official_repository/data/20220717-1/filtered_prediction/f-3-1-1-1-6-0-L_3.csv,/home/lj/zero_perturbation_data/rts_gt_v1/official_repository/data/20220717-1/filtered_prediction/f-3-1-1-1-6-0-L_3.csv,https://github.com/norlab-ulaval/RTS_project/blob/449a299bcf8bc11766718db4ed4aea4a489c7c46/data/20220717-1/filtered_prediction/f-3-1-1-1-6-0-L_3.csv,OFFICIAL_GIT_METADATA_GT_CALIBRATION_OR_CODE,0,e3b0c44298fc1c149afbf4c8996fb92427ae41e4649b934ca495991b7852b855,False,COMPLETE_SHA256_RECORDED
official_repository/data/20220717-1/raw_prediction/nf-1-0-1-L_1.csv,/home/lj/zero_perturbation_data/rts_gt_v1/official_repository/data/20220717-1/raw_prediction/nf-1-0-1-L_1.csv,https://github.com/norlab-ulaval/RTS_project/blob/449a299bcf8bc11766718db4ed4aea4a489c7c46/data/20220717-1/raw_prediction/nf-1-0-1-L_1.csv,OFFICIAL_GIT_METADATA_GT_CALIBRATION_OR_CODE,0,e3b0c44298fc1c149afbf4c8996fb92427ae41e4649b934ca495991b7852b855,False,COMPLETE_SHA256_RECORDED
official_repository/data/20220717-1/raw_prediction/nf-1-0-1-L_2.csv,/home/lj/zero_perturbation_data/rts_gt_v1/official_repository/data/20220717-1/raw_prediction/nf-1-0-1-L_2.csv,https://github.com/norlab-ulaval/RTS_project/blob/449a299bcf8bc11766718db4ed4aea4a489c7c46/data/20220717-1/raw_prediction/nf-1-0-1-L_2.csv,OFFICIAL_GIT_METADATA_GT_CALIBRATION_OR_CODE,0,e3b0c44298fc1c149afbf4c8996fb92427ae41e4649b934ca495991b7852b855,False,COMPLETE_SHA256_RECORDED
official_repository/data/20220717-1/raw_prediction/nf-1-0-1-L_3.csv,/home/lj/zero_perturbation_data/rts_gt_v1/official_repository/data/20220717-1/raw_prediction/nf-1-0-1-L_3.csv,https://github.com/norlab-ulaval/RTS_project/blob/449a299bcf8bc11766718db4ed4aea4a489c7c46/data/20220717-1/raw_prediction/nf-1-0-1-L_3.csv,OFFICIAL_GIT_METADATA_GT_CALIBRATION_OR_CODE,0,e3b0c44298fc1c149afbf4c8996fb92427ae41e4649b934ca495991b7852b855,False,COMPLETE_SHA256_RECORDED
official_repository/data/20220717-1/raw_prediction/nf-1-6-0-L_1.csv,/home/lj/zero_perturbation_data/rts_gt_v1/official_repository/data/20220717-1/raw_prediction/nf-1-6-0-L_1.csv,https://github.com/norlab-ulaval/RTS_project/blob/449a299bcf8bc11766718db4ed4aea4a489c7c46/data/20220717-1/raw_prediction/nf-1-6-0-L_1.csv,OFFICIAL_GIT_METADATA_GT_CALIBRATION_OR_CODE,0,e3b0c44298fc1c149afbf4c8996fb92427ae41e4649b934ca495991b7852b855,False,COMPLETE_SHA256_RECORDED
official_repository/data/20220717-1/raw_prediction/nf-1-6-0-L_2.csv,/home/lj/zero_perturbation_data/rts_gt_v1/official_repository/data/20220717-1/raw_prediction/nf-1-6-0-L_2.csv,https://github.com/norlab-ulaval/RTS_project/blob/449a299bcf8bc11766718db4ed4aea4a489c7c46/data/20220717-1/raw_prediction/nf-1-6-0-L_2.csv,OFFICIAL_GIT_METADATA_GT_CALIBRATION_OR_CODE,0,e3b0c44298fc1c149afbf4c8996fb92427ae41e4649b934ca495991b7852b855,False,COMPLETE_SHA256_RECORDED
official_repository/data/20220717-1/raw_prediction/nf-1-6-0-L_3.csv,/home/lj/zero_perturbation_data/rts_gt_v1/official_repository/data/20220717-1/raw_prediction/nf-1-6-0-L_3.csv,https://github.com/norlab-ulaval/RTS_project/blob/449a299bcf8bc11766718db4ed4aea4a489c7c46/data/20220717-1/raw_prediction/nf-1-6-0-L_3.csv,OFFICIAL_GIT_METADATA_GT_CALIBRATION_OR_CODE,0,e3b0c44298fc1c149afbf4c8996fb92427ae41e4649b934ca495991b7852b855,False,COMPLETE_SHA256_RECORDED
official_repository/data/20220717-1/raw_prediction/nf-1-6-1-SGP-1000_1.csv,/home/lj/zero_perturbation_data/rts_gt_v1/official_repository/data/20220717-1/raw_prediction/nf-1-6-1-SGP-1000_1.csv,https://github.com/norlab-ulaval/RTS_project/blob/449a299bcf8bc11766718db4ed4aea4a489c7c46/data/20220717-1/raw_prediction/nf-1-6-1-SGP-1000_1.csv,OFFICIAL_GIT_METADATA_GT_CALIBRATION_OR_CODE,0,e3b0c44298fc1c149afbf4c8996fb92427ae41e4649b934ca495991b7852b855,False,COMPLETE_SHA256_RECORDED
official_repository/data/20220717-1/raw_prediction/nf-1-6-1-SGP-1000_2.csv,/home/lj/zero_perturbation_data/rts_gt_v1/official_repository/data/20220717-1/raw_prediction/nf-1-6-1-SGP-1000_2.csv,https://github.com/norlab-ulaval/RTS_project/blob/449a299bcf8bc11766718db4ed4aea4a489c7c46/data/20220717-1/raw_prediction/nf-1-6-1-SGP-1000_2.csv,OFFICIAL_GIT_METADATA_GT_CALIBRATION_OR_CODE,0,e3b0c44298fc1c149afbf4c8996fb92427ae41e4649b934ca495991b7852b855,False,COMPLETE_SHA256_RECORDED
official_repository/data/20220717-1/raw_prediction/nf-1-6-1-SGP-1000_3.csv,/home/lj/zero_perturbation_data/rts_gt_v1/official_repository/data/20220717-1/raw_prediction/nf-1-6-1-SGP-1000_3.csv,https://github.com/norlab-ulaval/RTS_project/blob/449a299bcf8bc11766718db4ed4aea4a489c7c46/data/20220717-1/raw_prediction/nf-1-6-1-SGP-1000_3.csv,OFFICIAL_GIT_METADATA_GT_CALIBRATION_OR_CODE,0,e3b0c44298fc1c149afbf4c8996fb92427ae41e4649b934ca495991b7852b855,False,COMPLETE_SHA256_RECORDED
official_repository/data/20220717-1/sensors_extrinsic_calibration/calibration_raw.csv,/home/lj/zero_perturbation_data/rts_gt_v1/official_repository/data/20220717-1/sensors_extrinsic_calibration/calibration_raw.csv,https://github.com/norlab-ulaval/RTS_project/blob/449a299bcf8bc11766718db4ed4aea4a489c7c46/data/20220717-1/sensors_extrinsic_calibration/calibration_raw.csv,OFFICIAL_GIT_METADATA_GT_CALIBRATION_OR_CODE,407,6b8ba87819712b915918096f4404c777c696523f5bb6c2529901437f6db43538,False,COMPLETE_SHA256_RECORDED
official_repository/data/20220717-1/sensors_extrinsic_calibration/calibration_results.csv,/home/lj/zero_perturbation_data/rts_gt_v1/official_repository/data/20220717-1/sensors_extrinsic_calibration/calibration_results.csv,https://github.com/norlab-ulaval/RTS_project/blob/449a299bcf8bc11766718db4ed4aea4a489c7c46/data/20220717-1/sensors_extrinsic_calibration/calibration_results.csv,OFFICIAL_GIT_METADATA_GT_CALIBRATION_OR_CODE,242,fd8bfcc8239c75e7a248f263f59f27ffd0ca4bc9eda3fca438baee5763c8c828,False,COMPLETE_SHA256_RECORDED
official_repository/data/20220717-1/total_stations/GCP.txt,/home/lj/zero_perturbation_data/rts_gt_v1/official_repository/data/20220717-1/total_stations/GCP.txt,https://github.com/norlab-ulaval/RTS_project/blob/449a299bcf8bc11766718db4ed4aea4a489c7c46/data/20220717-1/total_stations/GCP.txt,OFFICIAL_GIT_METADATA_GT_CALIBRATION_OR_CODE,3015,b48f3e3ad6f9fa80b20d18e4274fc4a4921618b9e9602d926814c3b55ee97ab3,False,COMPLETE_SHA256_RECORDED
official_repository/data/20220717-1/total_stations/trimble1.csv,/home/lj/zero_perturbation_data/rts_gt_v1/official_repository/data/20220717-1/total_stations/trimble1.csv,https://github.com/norlab-ulaval/RTS_project/blob/449a299bcf8bc11766718db4ed4aea4a489c7c46/data/20220717-1/total_stations/trimble1.csv,OFFICIAL_GIT_METADATA_GT_CALIBRATION_OR_CODE,310,88f53cdc7aa1d3ff177f83c9e667a8ba26a882a780101dd7a9d9c2d03ab583f8,False,COMPLETE_SHA256_RECORDED
official_repository/data/20220717-1/total_stations/trimble2.csv,/home/lj/zero_perturbation_data/rts_gt_v1/official_repository/data/20220717-1/total_stations/trimble2.csv,https://github.com/norlab-ulaval/RTS_project/blob/449a299bcf8bc11766718db4ed4aea4a489c7c46/data/20220717-1/total_stations/trimble2.csv,OFFICIAL_GIT_METADATA_GT_CALIBRATION_OR_CODE,390,38609ea77a2c4bd6a0b50d8a60330650619fd005cbcc692c686e053484cd469c,False,COMPLETE_SHA256_RECORDED
official_repository/data/20220717-1/total_stations/trimble3.csv,/home/lj/zero_perturbation_data/rts_gt_v1/official_repository/data/20220717-1/total_stations/trimble3.csv,https://github.com/norlab-ulaval/RTS_project/blob/449a299bcf8bc11766718db4ed4aea4a489c7c46/data/20220717-1/total_stations/trimble3.csv,OFFICIAL_GIT_METADATA_GT_CALIBRATION_OR_CODE,304,d5cdb0b4aa04dfcac146beeb24997c625876584ecf369b37104fe8cf74f9421d,False,COMPLETE_SHA256_RECORDED
official_repository/data/20220717-1/uncertainty/raw_data/prism1.csv,/home/lj/zero_perturbation_data/rts_gt_v1/official_repository/data/20220717-1/uncertainty/raw_data/prism1.csv,https://github.com/norlab-ulaval/RTS_project/blob/449a299bcf8bc11766718db4ed4aea4a489c7c46/data/20220717-1/uncertainty/raw_data/prism1.csv,OFFICIAL_GIT_METADATA_GT_CALIBRATION_OR_CODE,149,e737e6b1011809c0a9c174d749b7fe9250fcae338ad290d362067bee269e7da8,False,COMPLETE_SHA256_RECORDED
official_repository/data/20220717-1/uncertainty/raw_data/prism2.csv,/home/lj/zero_perturbation_data/rts_gt_v1/official_repository/data/20220717-1/uncertainty/raw_data/prism2.csv,https://github.com/norlab-ulaval/RTS_project/blob/449a299bcf8bc11766718db4ed4aea4a489c7c46/data/20220717-1/uncertainty/raw_data/prism2.csv,OFFICIAL_GIT_METADATA_GT_CALIBRATION_OR_CODE,220,dcf8c917f40d3e07eb275cb323d1ff484610a2a28fc24fb0f346006099e37866,False,COMPLETE_SHA256_RECORDED
official_repository/data/20220717-1/uncertainty/raw_data/prism3.csv,/home/lj/zero_perturbation_data/rts_gt_v1/official_repository/data/20220717-1/uncertainty/raw_data/prism3.csv,https://github.com/norlab-ulaval/RTS_project/blob/449a299bcf8bc11766718db4ed4aea4a489c7c46/data/20220717-1/uncertainty/raw_data/prism3.csv,OFFICIAL_GIT_METADATA_GT_CALIBRATION_OR_CODE,147,d2ce89788cc1cd23f3011d38a8ef990183911d61401b0ca9ccaa048b79947f02,False,COMPLETE_SHA256_RECORDED
official_repository/data/20220717-1/uncertainty/sensor/.csv,/home/lj/zero_perturbation_data/rts_gt_v1/official_repository/data/20220717-1/uncertainty/sensor/.csv,https://github.com/norlab-ulaval/RTS_project/blob/449a299bcf8bc11766718db4ed4aea4a489c7c46/data/20220717-1/uncertainty/sensor/.csv,OFFICIAL_GIT_METADATA_GT_CALIBRATION_OR_CODE,47258,9832b46e87cccd183270ce57464f12fd429c94b6f00ad917daa817bbe20da56a,False,COMPLETE_SHA256_RECORDED
official_repository/data/20220717-1/uncertainty/static_raw_data/prism1.csv,/home/lj/zero_perturbation_data/rts_gt_v1/official_repository/data/20220717-1/uncertainty/static_raw_data/prism1.csv,https://github.com/norlab-ulaval/RTS_project/blob/449a299bcf8bc11766718db4ed4aea4a489c7c46/data/20220717-1/uncertainty/static_raw_data/prism1.csv,OFFICIAL_GIT_METADATA_GT_CALIBRATION_OR_CODE,75,e8dbd5db9ef1b08d6e6bf491a5cab9ca7414ece49f5786b50b8487117da481f2,False,COMPLETE_SHA256_RECORDED
official_repository/data/20220717-1/uncertainty/static_raw_data/prism2.csv,/home/lj/zero_perturbation_data/rts_gt_v1/official_repository/data/20220717-1/uncertainty/static_raw_data/prism2.csv,https://github.com/norlab-ulaval/RTS_project/blob/449a299bcf8bc11766718db4ed4aea4a489c7c46/data/20220717-1/uncertainty/static_raw_data/prism2.csv,OFFICIAL_GIT_METADATA_GT_CALIBRATION_OR_CODE,146,e5486b54bb45f5ffa485e95487fe6887d3505df6a73d669d9e992e5f9ead1719,False,COMPLETE_SHA256_RECORDED
official_repository/data/20220717-1/uncertainty/static_raw_data/prism3.csv,/home/lj/zero_perturbation_data/rts_gt_v1/official_repository/data/20220717-1/uncertainty/static_raw_data/prism3.csv,https://github.com/norlab-ulaval/RTS_project/blob/449a299bcf8bc11766718db4ed4aea4a489c7c46/data/20220717-1/uncertainty/static_raw_data/prism3.csv,OFFICIAL_GIT_METADATA_GT_CALIBRATION_OR_CODE,75,c349ecca8b07529338f70adf84627c8216c4c8f07b56a71ddbbb98b48df2b4c5,False,COMPLETE_SHA256_RECORDED
official_repository/data/20220717-2/filtered_prediction/f-0.5-1-1-1-6-0-L_1.csv,/home/lj/zero_perturbation_data/rts_gt_v1/official_repository/data/20220717-2/filtered_prediction/f-0.5-1-1-1-6-0-L_1.csv,https://github.com/norlab-ulaval/RTS_project/blob/449a299bcf8bc11766718db4ed4aea4a489c7c46/data/20220717-2/filtered_prediction/f-0.5-1-1-1-6-0-L_1.csv,OFFICIAL_GIT_METADATA_GT_CALIBRATION_OR_CODE,31689,9d1ab9b4adbbd3b914659fc6d2f3441827343e7f466e842666b97d0b20a2f151,False,COMPLETE_SHA256_RECORDED
official_repository/data/20220717-2/filtered_prediction/f-0.5-1-1-1-6-0-L_2.csv,/home/lj/zero_perturbation_data/rts_gt_v1/official_repository/data/20220717-2/filtered_prediction/f-0.5-1-1-1-6-0-L_2.csv,https://github.com/norlab-ulaval/RTS_project/blob/449a299bcf8bc11766718db4ed4aea4a489c7c46/data/20220717-2/filtered_prediction/f-0.5-1-1-1-6-0-L_2.csv,OFFICIAL_GIT_METADATA_GT_CALIBRATION_OR_CODE,31774,c2b591990d7c2c44a454420b50339d2e2a83ac9f8548b7bd41018236dfdf8e56,False,COMPLETE_SHA256_RECORDED
official_repository/data/20220717-2/filtered_prediction/f-0.5-1-1-1-6-0-L_3.csv,/home/lj/zero_perturbation_data/rts_gt_v1/official_repository/data/20220717-2/filtered_prediction/f-0.5-1-1-1-6-0-L_3.csv,https://github.com/norlab-ulaval/RTS_project/blob/449a299bcf8bc11766718db4ed4aea4a489c7c46/data/20220717-2/filtered_prediction/f-0.5-1-1-1-6-0-L_3.csv,OFFICIAL_GIT_METADATA_GT_CALIBRATION_OR_CODE,32429,2e40b643887d0769bde46fde0c2eefd065d57b15b3fa305e6d08c6377764203e,False,COMPLETE_SHA256_RECORDED
official_repository/data/20220717-2/filtered_prediction/f-1-0.5-1-1-6-0-L_1.csv,/home/lj/zero_perturbation_data/rts_gt_v1/official_repository/data/20220717-2/filtered_prediction/f-1-0.5-1-1-6-0-L_1.csv,https://github.com/norlab-ulaval/RTS_project/blob/449a299bcf8bc11766718db4ed4aea4a489c7c46/data/20220717-2/filtered_prediction/f-1-0.5-1-1-6-0-L_1.csv,OFFICIAL_GIT_METADATA_GT_CALIBRATION_OR_CODE,153529,35dbc12c235f0fe3a3f69263d555de91649b1d4c2d70fa7ac81884a4e4b640a8,False,COMPLETE_SHA256_RECORDED
official_repository/data/20220717-2/filtered_prediction/f-1-0.5-1-1-6-0-L_2.csv,/home/lj/zero_perturbation_data/rts_gt_v1/official_repository/data/20220717-2/filtered_prediction/f-1-0.5-1-1-6-0-L_2.csv,https://github.com/norlab-ulaval/RTS_project/blob/449a299bcf8bc11766718db4ed4aea4a489c7c46/data/20220717-2/filtered_prediction/f-1-0.5-1-1-6-0-L_2.csv,OFFICIAL_GIT_METADATA_GT_CALIBRATION_OR_CODE,155183,8089be65e5371257d39c7a70abb3441449a59cd037886a6eb7f771c31bfff8f9,False,COMPLETE_SHA256_RECORDED
official_repository/data/20220717-2/filtered_prediction/f-1-0.5-1-1-6-0-L_3.csv,/home/lj/zero_perturbation_data/rts_gt_v1/official_repository/data/20220717-2/filtered_prediction/f-1-0.5-1-1-6-0-L_3.csv,https://github.com/norlab-ulaval/RTS_project/blob/449a299bcf8bc11766718db4ed4aea4a489c7c46/data/20220717-2/filtered_prediction/f-1-0.5-1-1-6-0-L_3.csv,OFFICIAL_GIT_METADATA_GT_CALIBRATION_OR_CODE,157590,9217401d2d12c4a7c48dacbdce7ba50ec3a86c6f89c9533af94e9707b6900658,False,COMPLETE_SHA256_RECORDED
official_repository/data/20220717-2/filtered_prediction/f-1-1-0.5-1-6-0-L_1.csv,/home/lj/zero_perturbation_data/rts_gt_v1/official_repository/data/20220717-2/filtered_prediction/f-1-1-0.5-1-6-0-L_1.csv,https://github.com/norlab-ulaval/RTS_project/blob/449a299bcf8bc11766718db4ed4aea4a489c7c46/data/20220717-2/filtered_prediction/f-1-1-0.5-1-6-0-L_1.csv,OFFICIAL_GIT_METADATA_GT_CALIBRATION_OR_CODE,153529,35dbc12c235f0fe3a3f69263d555de91649b1d4c2d70fa7ac81884a4e4b640a8,False,COMPLETE_SHA256_RECORDED
official_repository/data/20220717-2/filtered_prediction/f-1-1-0.5-1-6-0-L_2.csv,/home/lj/zero_perturbation_data/rts_gt_v1/official_repository/data/20220717-2/filtered_prediction/f-1-1-0.5-1-6-0-L_2.csv,https://github.com/norlab-ulaval/RTS_project/blob/449a299bcf8bc11766718db4ed4aea4a489c7c46/data/20220717-2/filtered_prediction/f-1-1-0.5-1-6-0-L_2.csv,OFFICIAL_GIT_METADATA_GT_CALIBRATION_OR_CODE,155183,8089be65e5371257d39c7a70abb3441449a59cd037886a6eb7f771c31bfff8f9,False,COMPLETE_SHA256_RECORDED
official_repository/data/20220717-2/filtered_prediction/f-1-1-0.5-1-6-0-L_3.csv,/home/lj/zero_perturbation_data/rts_gt_v1/official_repository/data/20220717-2/filtered_prediction/f-1-1-0.5-1-6-0-L_3.csv,https://github.com/norlab-ulaval/RTS_project/blob/449a299bcf8bc11766718db4ed4aea4a489c7c46/data/20220717-2/filtered_prediction/f-1-1-0.5-1-6-0-L_3.csv,OFFICIAL_GIT_METADATA_GT_CALIBRATION_OR_CODE,157590,9217401d2d12c4a7c48dacbdce7ba50ec3a86c6f89c9533af94e9707b6900658,False,COMPLETE_SHA256_RECORDED
official_repository/data/20220717-2/filtered_prediction/f-1-1-1-1-6-0-L_1.csv,/home/lj/zero_perturbation_data/rts_gt_v1/official_repository/data/20220717-2/filtered_prediction/f-1-1-1-1-6-0-L_1.csv,https://github.com/norlab-ulaval/RTS_project/blob/449a299bcf8bc11766718db4ed4aea4a489c7c46/data/20220717-2/filtered_prediction/f-1-1-1-1-6-0-L_1.csv,OFFICIAL_GIT_METADATA_GT_CALIBRATION_OR_CODE,153837,f864b2d3480077f817dc145c7a65eff42c911213463c4e55062f0a811b900b41,False,COMPLETE_SHA256_RECORDED
official_repository/data/20220717-2/filtered_prediction/f-1-1-1-1-6-0-L_2.csv,/home/lj/zero_perturbation_data/rts_gt_v1/official_repository/data/20220717-2/filtered_prediction/f-1-1-1-1-6-0-L_2.csv,https://github.com/norlab-ulaval/RTS_project/blob/449a299bcf8bc11766718db4ed4aea4a489c7c46/data/20220717-2/filtered_prediction/f-1-1-1-1-6-0-L_2.csv,OFFICIAL_GIT_METADATA_GT_CALIBRATION_OR_CODE,155488,cdb2fd4c098b937468ed402ee3533306a5323506cf11b717a50ad8d602f05079,False,COMPLETE_SHA256_RECORDED
official_repository/data/20220717-2/filtered_prediction/f-1-1-1-1-6-0-L_3.csv,/home/lj/zero_perturbation_data/rts_gt_v1/official_repository/data/20220717-2/filtered_prediction/f-1-1-1-1-6-0-L_3.csv,https://github.com/norlab-ulaval/RTS_project/blob/449a299bcf8bc11766718db4ed4aea4a489c7c46/data/20220717-2/filtered_prediction/f-1-1-1-1-6-0-L_3.csv,OFFICIAL_GIT_METADATA_GT_CALIBRATION_OR_CODE,157903,a451d62767b8d0fdbe3f9977acf3fd0f52c2c8893acf12b56a3560c3bf4de66c,False,COMPLETE_SHA256_RECORDED
official_repository/data/20220717-2/filtered_prediction/f-1-1-1.5-1-6-0-L_1.csv,/home/lj/zero_perturbation_data/rts_gt_v1/official_repository/data/20220717-2/filtered_prediction/f-1-1-1.5-1-6-0-L_1.csv,https://github.com/norlab-ulaval/RTS_project/blob/449a299bcf8bc11766718db4ed4aea4a489c7c46/data/20220717-2/filtered_prediction/f-1-1-1.5-1-6-0-L_1.csv,OFFICIAL_GIT_METADATA_GT_CALIBRATION_OR_CODE,153837,f864b2d3480077f817dc145c7a65eff42c911213463c4e55062f0a811b900b41,False,COMPLETE_SHA256_RECORDED
official_repository/data/20220717-2/filtered_prediction/f-1-1-1.5-1-6-0-L_2.csv,/home/lj/zero_perturbation_data/rts_gt_v1/official_repository/data/20220717-2/filtered_prediction/f-1-1-1.5-1-6-0-L_2.csv,https://github.com/norlab-ulaval/RTS_project/blob/449a299bcf8bc11766718db4ed4aea4a489c7c46/data/20220717-2/filtered_prediction/f-1-1-1.5-1-6-0-L_2.csv,OFFICIAL_GIT_METADATA_GT_CALIBRATION_OR_CODE,155488,cdb2fd4c098b937468ed402ee3533306a5323506cf11b717a50ad8d602f05079,False,COMPLETE_SHA256_RECORDED
official_repository/data/20220717-2/filtered_prediction/f-1-1-1.5-1-6-0-L_3.csv,/home/lj/zero_perturbation_data/rts_gt_v1/official_repository/data/20220717-2/filtered_prediction/f-1-1-1.5-1-6-0-L_3.csv,https://github.com/norlab-ulaval/RTS_project/blob/449a299bcf8bc11766718db4ed4aea4a489c7c46/data/20220717-2/filtered_prediction/f-1-1-1.5-1-6-0-L_3.csv,OFFICIAL_GIT_METADATA_GT_CALIBRATION_OR_CODE,157903,a451d62767b8d0fdbe3f9977acf3fd0f52c2c8893acf12b56a3560c3bf4de66c,False,COMPLETE_SHA256_RECORDED
official_repository/data/20220717-2/filtered_prediction/f-1-1-2-1-6-0-L_1.csv,/home/lj/zero_perturbation_data/rts_gt_v1/official_repository/data/20220717-2/filtered_prediction/f-1-1-2-1-6-0-L_1.csv,https://github.com/norlab-ulaval/RTS_project/blob/449a299bcf8bc11766718db4ed4aea4a489c7c46/data/20220717-2/filtered_prediction/f-1-1-2-1-6-0-L_1.csv,OFFICIAL_GIT_METADATA_GT_CALIBRATION_OR_CODE,153837,f864b2d3480077f817dc145c7a65eff42c911213463c4e55062f0a811b900b41,False,COMPLETE_SHA256_RECORDED
official_repository/data/20220717-2/filtered_prediction/f-1-1-2-1-6-0-L_2.csv,/home/lj/zero_perturbation_data/rts_gt_v1/official_repository/data/20220717-2/filtered_prediction/f-1-1-2-1-6-0-L_2.csv,https://github.com/norlab-ulaval/RTS_project/blob/449a299bcf8bc11766718db4ed4aea4a489c7c46/data/20220717-2/filtered_prediction/f-1-1-2-1-6-0-L_2.csv,OFFICIAL_GIT_METADATA_GT_CALIBRATION_OR_CODE,155488,cdb2fd4c098b937468ed402ee3533306a5323506cf11b717a50ad8d602f05079,False,COMPLETE_SHA256_RECORDED
official_repository/data/20220717-2/filtered_prediction/f-1-1-2-1-6-0-L_3.csv,/home/lj/zero_perturbation_data/rts_gt_v1/official_repository/data/20220717-2/filtered_prediction/f-1-1-2-1-6-0-L_3.csv,https://github.com/norlab-ulaval/RTS_project/blob/449a299bcf8bc11766718db4ed4aea4a489c7c46/data/20220717-2/filtered_prediction/f-1-1-2-1-6-0-L_3.csv,OFFICIAL_GIT_METADATA_GT_CALIBRATION_OR_CODE,157903,a451d62767b8d0fdbe3f9977acf3fd0f52c2c8893acf12b56a3560c3bf4de66c,False,COMPLETE_SHA256_RECORDED
official_repository/data/20220717-2/filtered_prediction/f-1-1-2.5-1-6-0-L_1.csv,/home/lj/zero_perturbation_data/rts_gt_v1/official_repository/data/20220717-2/filtered_prediction/f-1-1-2.5-1-6-0-L_1.csv,https://github.com/norlab-ulaval/RTS_project/blob/449a299bcf8bc11766718db4ed4aea4a489c7c46/data/20220717-2/filtered_prediction/f-1-1-2.5-1-6-0-L_1.csv,OFFICIAL_GIT_METADATA_GT_CALIBRATION_OR_CODE,153837,f864b2d3480077f817dc145c7a65eff42c911213463c4e55062f0a811b900b41,False,COMPLETE_SHA256_RECORDED
official_repository/data/20220717-2/filtered_prediction/f-1-1-2.5-1-6-0-L_2.csv,/home/lj/zero_perturbation_data/rts_gt_v1/official_repository/data/20220717-2/filtered_prediction/f-1-1-2.5-1-6-0-L_2.csv,https://github.com/norlab-ulaval/RTS_project/blob/449a299bcf8bc11766718db4ed4aea4a489c7c46/data/20220717-2/filtered_prediction/f-1-1-2.5-1-6-0-L_2.csv,OFFICIAL_GIT_METADATA_GT_CALIBRATION_OR_CODE,155488,cdb2fd4c098b937468ed402ee3533306a5323506cf11b717a50ad8d602f05079,False,COMPLETE_SHA256_RECORDED
official_repository/data/20220717-2/filtered_prediction/f-1-1-2.5-1-6-0-L_3.csv,/home/lj/zero_perturbation_data/rts_gt_v1/official_repository/data/20220717-2/filtered_prediction/f-1-1-2.5-1-6-0-L_3.csv,https://github.com/norlab-ulaval/RTS_project/blob/449a299bcf8bc11766718db4ed4aea4a489c7c46/data/20220717-2/filtered_prediction/f-1-1-2.5-1-6-0-L_3.csv,OFFICIAL_GIT_METADATA_GT_CALIBRATION_OR_CODE,157903,a451d62767b8d0fdbe3f9977acf3fd0f52c2c8893acf12b56a3560c3bf4de66c,False,COMPLETE_SHA256_RECORDED
official_repository/data/20220717-2/filtered_prediction/f-1-1-3-1-6-0-L_1.csv,/home/lj/zero_perturbation_data/rts_gt_v1/official_repository/data/20220717-2/filtered_prediction/f-1-1-3-1-6-0-L_1.csv,https://github.com/norlab-ulaval/RTS_project/blob/449a299bcf8bc11766718db4ed4aea4a489c7c46/data/20220717-2/filtered_prediction/f-1-1-3-1-6-0-L_1.csv,OFFICIAL_GIT_METADATA_GT_CALIBRATION_OR_CODE,153837,f864b2d3480077f817dc145c7a65eff42c911213463c4e55062f0a811b900b41,False,COMPLETE_SHA256_RECORDED
official_repository/data/20220717-2/filtered_prediction/f-1-1-3-1-6-0-L_2.csv,/home/lj/zero_perturbation_data/rts_gt_v1/official_repository/data/20220717-2/filtered_prediction/f-1-1-3-1-6-0-L_2.csv,https://github.com/norlab-ulaval/RTS_project/blob/449a299bcf8bc11766718db4ed4aea4a489c7c46/data/20220717-2/filtered_prediction/f-1-1-3-1-6-0-L_2.csv,OFFICIAL_GIT_METADATA_GT_CALIBRATION_OR_CODE,155488,cdb2fd4c098b937468ed402ee3533306a5323506cf11b717a50ad8d602f05079,False,COMPLETE_SHA256_RECORDED
official_repository/data/20220717-2/filtered_prediction/f-1-1-3-1-6-0-L_3.csv,/home/lj/zero_perturbation_data/rts_gt_v1/official_repository/data/20220717-2/filtered_prediction/f-1-1-3-1-6-0-L_3.csv,https://github.com/norlab-ulaval/RTS_project/blob/449a299bcf8bc11766718db4ed4aea4a489c7c46/data/20220717-2/filtered_prediction/f-1-1-3-1-6-0-L_3.csv,OFFICIAL_GIT_METADATA_GT_CALIBRATION_OR_CODE,157903,a451d62767b8d0fdbe3f9977acf3fd0f52c2c8893acf12b56a3560c3bf4de66c,False,COMPLETE_SHA256_RECORDED
official_repository/data/20220717-2/filtered_prediction/f-1-1.5-1-1-6-0-L_1.csv,/home/lj/zero_perturbation_data/rts_gt_v1/official_repository/data/20220717-2/filtered_prediction/f-1-1.5-1-1-6-0-L_1.csv,https://github.com/norlab-ulaval/RTS_project/blob/449a299bcf8bc11766718db4ed4aea4a489c7c46/data/20220717-2/filtered_prediction/f-1-1.5-1-1-6-0-L_1.csv,OFFICIAL_GIT_METADATA_GT_CALIBRATION_OR_CODE,158729,641c98ed59d0196ea3fccee3ea8de2fb510ca14b48bd2a83c8e5731f5673a653,False,COMPLETE_SHA256_RECORDED
official_repository/data/20220717-2/filtered_prediction/f-1-1.5-1-1-6-0-L_2.csv,/home/lj/zero_perturbation_data/rts_gt_v1/official_repository/data/20220717-2/filtered_prediction/f-1-1.5-1-1-6-0-L_2.csv,https://github.com/norlab-ulaval/RTS_project/blob/449a299bcf8bc11766718db4ed4aea4a489c7c46/data/20220717-2/filtered_prediction/f-1-1.5-1-1-6-0-L_2.csv,OFFICIAL_GIT_METADATA_GT_CALIBRATION_OR_CODE,160323,6db31200e8d4b3bf2e3568fc364b9c9088e1cb5154e1d8f27e43a86bdd7ecc08,False,COMPLETE_SHA256_RECORDED
official_repository/data/20220717-2/filtered_prediction/f-1-1.5-1-1-6-0-L_3.csv,/home/lj/zero_perturbation_data/rts_gt_v1/official_repository/data/20220717-2/filtered_prediction/f-1-1.5-1-1-6-0-L_3.csv,https://github.com/norlab-ulaval/RTS_project/blob/449a299bcf8bc11766718db4ed4aea4a489c7c46/data/20220717-2/filtered_prediction/f-1-1.5-1-1-6-0-L_3.csv,OFFICIAL_GIT_METADATA_GT_CALIBRATION_OR_CODE,162799,49121576a6b8fbd7946b5bb43187fd1b28434e1c86bd89e5dbc603f602d0ceef,False,COMPLETE_SHA256_RECORDED
official_repository/data/20220717-2/filtered_prediction/f-1-2-1-1-6-0-L_1.csv,/home/lj/zero_perturbation_data/rts_gt_v1/official_repository/data/20220717-2/filtered_prediction/f-1-2-1-1-6-0-L_1.csv,https://github.com/norlab-ulaval/RTS_project/blob/449a299bcf8bc11766718db4ed4aea4a489c7c46/data/20220717-2/filtered_prediction/f-1-2-1-1-6-0-L_1.csv,OFFICIAL_GIT_METADATA_GT_CALIBRATION_OR_CODE,165186,49e7e0b0f71e5119b273477caa962b6d417015cd6929b1a2eb1a35b69e63f93e,False,COMPLETE_SHA256_RECORDED
official_repository/data/20220717-2/filtered_prediction/f-1-2-1-1-6-0-L_2.csv,/home/lj/zero_perturbation_data/rts_gt_v1/official_repository/data/20220717-2/filtered_prediction/f-1-2-1-1-6-0-L_2.csv,https://github.com/norlab-ulaval/RTS_project/blob/449a299bcf8bc11766718db4ed4aea4a489c7c46/data/20220717-2/filtered_prediction/f-1-2-1-1-6-0-L_2.csv,OFFICIAL_GIT_METADATA_GT_CALIBRATION_OR_CODE,166730,86139481787745275c6b7db1bcb70f72ee1f5f89b54631d66c546a801b1a3469,False,COMPLETE_SHA256_RECORDED
official_repository/data/20220717-2/filtered_prediction/f-1-2-1-1-6-0-L_3.csv,/home/lj/zero_perturbation_data/rts_gt_v1/official_repository/data/20220717-2/filtered_prediction/f-1-2-1-1-6-0-L_3.csv,https://github.com/norlab-ulaval/RTS_project/blob/449a299bcf8bc11766718db4ed4aea4a489c7c46/data/20220717-2/filtered_prediction/f-1-2-1-1-6-0-L_3.csv,OFFICIAL_GIT_METADATA_GT_CALIBRATION_OR_CODE,169320,b9b03881eb12992009baaa88027307ede83b33319b83fb7bb20e55d85fa225a0,False,COMPLETE_SHA256_RECORDED
official_repository/data/20220717-2/filtered_prediction/f-1-2.5-1-1-6-0-L_1.csv,/home/lj/zero_perturbation_data/rts_gt_v1/official_repository/data/20220717-2/filtered_prediction/f-1-2.5-1-1-6-0-L_1.csv,https://github.com/norlab-ulaval/RTS_project/blob/449a299bcf8bc11766718db4ed4aea4a489c7c46/data/20220717-2/filtered_prediction/f-1-2.5-1-1-6-0-L_1.csv,OFFICIAL_GIT_METADATA_GT_CALIBRATION_OR_CODE,166879,b6469af1d593a4cf37ff067aab186679bd312d34653b4efc568282695220dbdc,False,COMPLETE_SHA256_RECORDED
official_repository/data/20220717-2/filtered_prediction/f-1-2.5-1-1-6-0-L_2.csv,/home/lj/zero_perturbation_data/rts_gt_v1/official_repository/data/20220717-2/filtered_prediction/f-1-2.5-1-1-6-0-L_2.csv,https://github.com/norlab-ulaval/RTS_project/blob/449a299bcf8bc11766718db4ed4aea4a489c7c46/data/20220717-2/filtered_prediction/f-1-2.5-1-1-6-0-L_2.csv,OFFICIAL_GIT_METADATA_GT_CALIBRATION_OR_CODE,168405,b1bb83273c321994fa97494924898f622f387f3a42934185f93f3887600333ca,False,COMPLETE_SHA256_RECORDED
official_repository/data/20220717-2/filtered_prediction/f-1-2.5-1-1-6-0-L_3.csv,/home/lj/zero_perturbation_data/rts_gt_v1/official_repository/data/20220717-2/filtered_prediction/f-1-2.5-1-1-6-0-L_3.csv,https://github.com/norlab-ulaval/RTS_project/blob/449a299bcf8bc11766718db4ed4aea4a489c7c46/data/20220717-2/filtered_prediction/f-1-2.5-1-1-6-0-L_3.csv,OFFICIAL_GIT_METADATA_GT_CALIBRATION_OR_CODE,171016,45d64abb953f671eb309002f68b33a7bfce108f44bb310d759d64f42deebb44e,False,COMPLETE_SHA256_RECORDED
official_repository/data/20220717-2/filtered_prediction/f-1-3-1-1-6-0-L_1.csv,/home/lj/zero_perturbation_data/rts_gt_v1/official_repository/data/20220717-2/filtered_prediction/f-1-3-1-1-6-0-L_1.csv,https://github.com/norlab-ulaval/RTS_project/blob/449a299bcf8bc11766718db4ed4aea4a489c7c46/data/20220717-2/filtered_prediction/f-1-3-1-1-6-0-L_1.csv,OFFICIAL_GIT_METADATA_GT_CALIBRATION_OR_CODE,167185,47162fbcf5d298df621a229285047ec569e520bef0428e36db9c9fb0df7c8f49,False,COMPLETE_SHA256_RECORDED
official_repository/data/20220717-2/filtered_prediction/f-1-3-1-1-6-0-L_2.csv,/home/lj/zero_perturbation_data/rts_gt_v1/official_repository/data/20220717-2/filtered_prediction/f-1-3-1-1-6-0-L_2.csv,https://github.com/norlab-ulaval/RTS_project/blob/449a299bcf8bc11766718db4ed4aea4a489c7c46/data/20220717-2/filtered_prediction/f-1-3-1-1-6-0-L_2.csv,OFFICIAL_GIT_METADATA_GT_CALIBRATION_OR_CODE,168712,cf05765468044048c057d6a5b7319f1de6c88d1ceeca7abf655679b2fd570f61,False,COMPLETE_SHA256_RECORDED
official_repository/data/20220717-2/filtered_prediction/f-1-3-1-1-6-0-L_3.csv,/home/lj/zero_perturbation_data/rts_gt_v1/official_repository/data/20220717-2/filtered_prediction/f-1-3-1-1-6-0-L_3.csv,https://github.com/norlab-ulaval/RTS_project/blob/449a299bcf8bc11766718db4ed4aea4a489c7c46/data/20220717-2/filtered_prediction/f-1-3-1-1-6-0-L_3.csv,OFFICIAL_GIT_METADATA_GT_CALIBRATION_OR_CODE,171326,74908741ac7fbcc5a4b2e396bb8f439556baa38454cb1ad40f87fa967771baef,False,COMPLETE_SHA256_RECORDED
official_repository/data/20220717-2/filtered_prediction/f-1.5-1-1-1-6-0-L_1.csv,/home/lj/zero_perturbation_data/rts_gt_v1/official_repository/data/20220717-2/filtered_prediction/f-1.5-1-1-1-6-0-L_1.csv,https://github.com/norlab-ulaval/RTS_project/blob/449a299bcf8bc11766718db4ed4aea4a489c7c46/data/20220717-2/filtered_prediction/f-1.5-1-1-1-6-0-L_1.csv,OFFICIAL_GIT_METADATA_GT_CALIBRATION_OR_CODE,344925,4215c083ae7bc3303907becb0ea8e02fd5bccc30b10c4f6de2813f654e843221,False,COMPLETE_SHA256_RECORDED
official_repository/data/20220717-2/filtered_prediction/f-1.5-1-1-1-6-0-L_2.csv,/home/lj/zero_perturbation_data/rts_gt_v1/official_repository/data/20220717-2/filtered_prediction/f-1.5-1-1-1-6-0-L_2.csv,https://github.com/norlab-ulaval/RTS_project/blob/449a299bcf8bc11766718db4ed4aea4a489c7c46/data/20220717-2/filtered_prediction/f-1.5-1-1-1-6-0-L_2.csv,OFFICIAL_GIT_METADATA_GT_CALIBRATION_OR_CODE,348455,e10b9d9d9c84dcd3f00f57bd370c4d67c934a49b9066c3ef4f0d46e10d3e2d32,False,COMPLETE_SHA256_RECORDED
official_repository/data/20220717-2/filtered_prediction/f-1.5-1-1-1-6-0-L_3.csv,/home/lj/zero_perturbation_data/rts_gt_v1/official_repository/data/20220717-2/filtered_prediction/f-1.5-1-1-1-6-0-L_3.csv,https://github.com/norlab-ulaval/RTS_project/blob/449a299bcf8bc11766718db4ed4aea4a489c7c46/data/20220717-2/filtered_prediction/f-1.5-1-1-1-6-0-L_3.csv,OFFICIAL_GIT_METADATA_GT_CALIBRATION_OR_CODE,354491,1d1d65ab74bf3393a583bcacedad47711d4ac66fccfbd04faee78a7a24e41e09,False,COMPLETE_SHA256_RECORDED
official_repository/data/20220717-2/filtered_prediction/f-2-1-1-0.5-6-0-L_1.csv,/home/lj/zero_perturbation_data/rts_gt_v1/official_repository/data/20220717-2/filtered_prediction/f-2-1-1-0.5-6-0-L_1.csv,https://github.com/norlab-ulaval/RTS_project/blob/449a299bcf8bc11766718db4ed4aea4a489c7c46/data/20220717-2/filtered_prediction/f-2-1-1-0.5-6-0-L_1.csv,OFFICIAL_GIT_METADATA_GT_CALIBRATION_OR_CODE,337528,acf4a3c0f9c56753e98b46d632e2ec7f56d0be707bf0075c961441ade3b362d6,False,COMPLETE_SHA256_RECORDED
official_repository/data/20220717-2/filtered_prediction/f-2-1-1-0.5-6-0-L_2.csv,/home/lj/zero_perturbation_data/rts_gt_v1/official_repository/data/20220717-2/filtered_prediction/f-2-1-1-0.5-6-0-L_2.csv,https://github.com/norlab-ulaval/RTS_project/blob/449a299bcf8bc11766718db4ed4aea4a489c7c46/data/20220717-2/filtered_prediction/f-2-1-1-0.5-6-0-L_2.csv,OFFICIAL_GIT_METADATA_GT_CALIBRATION_OR_CODE,341040,954f25807fc951f25384aa75bc92a2639f26cc7167c29ec29fbce724b4faee1e,False,COMPLETE_SHA256_RECORDED
official_repository/data/20220717-2/filtered_prediction/f-2-1-1-0.5-6-0-L_3.csv,/home/lj/zero_perturbation_data/rts_gt_v1/official_repository/data/20220717-2/filtered_prediction/f-2-1-1-0.5-6-0-L_3.csv,https://github.com/norlab-ulaval/RTS_project/blob/449a299bcf8bc11766718db4ed4aea4a489c7c46/data/20220717-2/filtered_prediction/f-2-1-1-0.5-6-0-L_3.csv,OFFICIAL_GIT_METADATA_GT_CALIBRATION_OR_CODE,346878,2d2258416c2772d6a0e5afdf9ae771fffcf9c9a6fb98fe8c6bdd9f30ced38a70,False,COMPLETE_SHA256_RECORDED
official_repository/data/20220717-2/filtered_prediction/f-2-1-1-0.75-6-0-L_1.csv,/home/lj/zero_perturbation_data/rts_gt_v1/official_repository/data/20220717-2/filtered_prediction/f-2-1-1-0.75-6-0-L_1.csv,https://github.com/norlab-ulaval/RTS_project/blob/449a299bcf8bc11766718db4ed4aea4a489c7c46/data/20220717-2/filtered_prediction/f-2-1-1-0.75-6-0-L_1.csv,OFFICIAL_GIT_METADATA_GT_CALIBRATION_OR_CODE,337528,acf4a3c0f9c56753e98b46d632e2ec7f56d0be707bf0075c961441ade3b362d6,False,COMPLETE_SHA256_RECORDED
official_repository/data/20220717-2/filtered_prediction/f-2-1-1-0.75-6-0-L_2.csv,/home/lj/zero_perturbation_data/rts_gt_v1/official_repository/data/20220717-2/filtered_prediction/f-2-1-1-0.75-6-0-L_2.csv,https://github.com/norlab-ulaval/RTS_project/blob/449a299bcf8bc11766718db4ed4aea4a489c7c46/data/20220717-2/filtered_prediction/f-2-1-1-0.75-6-0-L_2.csv,OFFICIAL_GIT_METADATA_GT_CALIBRATION_OR_CODE,341040,954f25807fc951f25384aa75bc92a2639f26cc7167c29ec29fbce724b4faee1e,False,COMPLETE_SHA256_RECORDED
official_repository/data/20220717-2/filtered_prediction/f-2-1-1-0.75-6-0-L_3.csv,/home/lj/zero_perturbation_data/rts_gt_v1/official_repository/data/20220717-2/filtered_prediction/f-2-1-1-0.75-6-0-L_3.csv,https://github.com/norlab-ulaval/RTS_project/blob/449a299bcf8bc11766718db4ed4aea4a489c7c46/data/20220717-2/filtered_prediction/f-2-1-1-0.75-6-0-L_3.csv,OFFICIAL_GIT_METADATA_GT_CALIBRATION_OR_CODE,346878,2d2258416c2772d6a0e5afdf9ae771fffcf9c9a6fb98fe8c6bdd9f30ced38a70,False,COMPLETE_SHA256_RECORDED
official_repository/data/20220717-2/filtered_prediction/f-2-1-1-1-10-0-L_1.csv,/home/lj/zero_perturbation_data/rts_gt_v1/official_repository/data/20220717-2/filtered_prediction/f-2-1-1-1-10-0-L_1.csv,https://github.com/norlab-ulaval/RTS_project/blob/449a299bcf8bc11766718db4ed4aea4a489c7c46/data/20220717-2/filtered_prediction/f-2-1-1-1-10-0-L_1.csv,OFFICIAL_GIT_METADATA_GT_CALIBRATION_OR_CODE,337972,cdca9a06d931de71dcef17d54a583c94f38a14ee458f2410fca779064d911437,False,COMPLETE_SHA256_RECORDED
official_repository/data/20220717-2/filtered_prediction/f-2-1-1-1-10-0-L_2.csv,/home/lj/zero_perturbation_data/rts_gt_v1/official_repository/data/20220717-2/filtered_prediction/f-2-1-1-1-10-0-L_2.csv,https://github.com/norlab-ulaval/RTS_project/blob/449a299bcf8bc11766718db4ed4aea4a489c7c46/data/20220717-2/filtered_prediction/f-2-1-1-1-10-0-L_2.csv,OFFICIAL_GIT_METADATA_GT_CALIBRATION_OR_CODE,341405,774f7ed45351127217a51000a23d9a34e87e2a80e0ef04cf253def3dcb23d1bf,False,COMPLETE_SHA256_RECORDED
official_repository/data/20220717-2/filtered_prediction/f-2-1-1-1-10-0-L_3.csv,/home/lj/zero_perturbation_data/rts_gt_v1/official_repository/data/20220717-2/filtered_prediction/f-2-1-1-1-10-0-L_3.csv,https://github.com/norlab-ulaval/RTS_project/blob/449a299bcf8bc11766718db4ed4aea4a489c7c46/data/20220717-2/filtered_prediction/f-2-1-1-1-10-0-L_3.csv,OFFICIAL_GIT_METADATA_GT_CALIBRATION_OR_CODE,347308,181e6c2047576d349e9958e20889ad00669d75b0e97f94a29665e023a0251b76,False,COMPLETE_SHA256_RECORDED
official_repository/data/20220717-2/filtered_prediction/f-2-1-1-1-12-0-L_1.csv,/home/lj/zero_perturbation_data/rts_gt_v1/official_repository/data/20220717-2/filtered_prediction/f-2-1-1-1-12-0-L_1.csv,https://github.com/norlab-ulaval/RTS_project/blob/449a299bcf8bc11766718db4ed4aea4a489c7c46/data/20220717-2/filtered_prediction/f-2-1-1-1-12-0-L_1.csv,OFFICIAL_GIT_METADATA_GT_CALIBRATION_OR_CODE,337972,cdca9a06d931de71dcef17d54a583c94f38a14ee458f2410fca779064d911437,False,COMPLETE_SHA256_RECORDED
official_repository/data/20220717-2/filtered_prediction/f-2-1-1-1-12-0-L_2.csv,/home/lj/zero_perturbation_data/rts_gt_v1/official_repository/data/20220717-2/filtered_prediction/f-2-1-1-1-12-0-L_2.csv,https://github.com/norlab-ulaval/RTS_project/blob/449a299bcf8bc11766718db4ed4aea4a489c7c46/data/20220717-2/filtered_prediction/f-2-1-1-1-12-0-L_2.csv,OFFICIAL_GIT_METADATA_GT_CALIBRATION_OR_CODE,341405,774f7ed45351127217a51000a23d9a34e87e2a80e0ef04cf253def3dcb23d1bf,False,COMPLETE_SHA256_RECORDED
official_repository/data/20220717-2/filtered_prediction/f-2-1-1-1-12-0-L_3.csv,/home/lj/zero_perturbation_data/rts_gt_v1/official_repository/data/20220717-2/filtered_prediction/f-2-1-1-1-12-0-L_3.csv,https://github.com/norlab-ulaval/RTS_project/blob/449a299bcf8bc11766718db4ed4aea4a489c7c46/data/20220717-2/filtered_prediction/f-2-1-1-1-12-0-L_3.csv,OFFICIAL_GIT_METADATA_GT_CALIBRATION_OR_CODE,347308,181e6c2047576d349e9958e20889ad00669d75b0e97f94a29665e023a0251b76,False,COMPLETE_SHA256_RECORDED
official_repository/data/20220717-2/filtered_prediction/f-2-1-1-1-2-0-L_1.csv,/home/lj/zero_perturbation_data/rts_gt_v1/official_repository/data/20220717-2/filtered_prediction/f-2-1-1-1-2-0-L_1.csv,https://github.com/norlab-ulaval/RTS_project/blob/449a299bcf8bc11766718db4ed4aea4a489c7c46/data/20220717-2/filtered_prediction/f-2-1-1-1-2-0-L_1.csv,OFFICIAL_GIT_METADATA_GT_CALIBRATION_OR_CODE,364216,add23ccbfb791a5dddb2a3a73b312658433f83c66b2be5a4c551c9374b4d8fd5,False,COMPLETE_SHA256_RECORDED
official_repository/data/20220717-2/filtered_prediction/f-2-1-1-1-2-0-L_2.csv,/home/lj/zero_perturbation_data/rts_gt_v1/official_repository/data/20220717-2/filtered_prediction/f-2-1-1-1-2-0-L_2.csv,https://github.com/norlab-ulaval/RTS_project/blob/449a299bcf8bc11766718db4ed4aea4a489c7c46/data/20220717-2/filtered_prediction/f-2-1-1-1-2-0-L_2.csv,OFFICIAL_GIT_METADATA_GT_CALIBRATION_OR_CODE,367820,8e0783c6c0c9d82c74f7e53e8017b08c02a4887f55eba70a0d959d6eac38a341,False,COMPLETE_SHA256_RECORDED
official_repository/data/20220717-2/filtered_prediction/f-2-1-1-1-2-0-L_3.csv,/home/lj/zero_perturbation_data/rts_gt_v1/official_repository/data/20220717-2/filtered_prediction/f-2-1-1-1-2-0-L_3.csv,https://github.com/norlab-ulaval/RTS_project/blob/449a299bcf8bc11766718db4ed4aea4a489c7c46/data/20220717-2/filtered_prediction/f-2-1-1-1-2-0-L_3.csv,OFFICIAL_GIT_METADATA_GT_CALIBRATION_OR_CODE,374210,945ee08750e500a2f024a1f925e72d7c5aa89b48998a3176b2642363ad9f0d6f,False,COMPLETE_SHA256_RECORDED
official_repository/data/20220717-2/filtered_prediction/f-2-1-1-1-4-0-L_1.csv,/home/lj/zero_perturbation_data/rts_gt_v1/official_repository/data/20220717-2/filtered_prediction/f-2-1-1-1-4-0-L_1.csv,https://github.com/norlab-ulaval/RTS_project/blob/449a299bcf8bc11766718db4ed4aea4a489c7c46/data/20220717-2/filtered_prediction/f-2-1-1-1-4-0-L_1.csv,OFFICIAL_GIT_METADATA_GT_CALIBRATION_OR_CODE,356473,570a093b4e62c7428114f9cef9fb1a423331eb795a31fe3ac3a4e7e99d84213e,False,COMPLETE_SHA256_RECORDED
official_repository/data/20220717-2/filtered_prediction/f-2-1-1-1-4-0-L_2.csv,/home/lj/zero_perturbation_data/rts_gt_v1/official_repository/data/20220717-2/filtered_prediction/f-2-1-1-1-4-0-L_2.csv,https://github.com/norlab-ulaval/RTS_project/blob/449a299bcf8bc11766718db4ed4aea4a489c7c46/data/20220717-2/filtered_prediction/f-2-1-1-1-4-0-L_2.csv,OFFICIAL_GIT_METADATA_GT_CALIBRATION_OR_CODE,360008,34745408db508497db61d2cfab4d26d41496eafd325bb171727db4d09391a284,False,COMPLETE_SHA256_RECORDED
official_repository/data/20220717-2/filtered_prediction/f-2-1-1-1-4-0-L_3.csv,/home/lj/zero_perturbation_data/rts_gt_v1/official_repository/data/20220717-2/filtered_prediction/f-2-1-1-1-4-0-L_3.csv,https://github.com/norlab-ulaval/RTS_project/blob/449a299bcf8bc11766718db4ed4aea4a489c7c46/data/20220717-2/filtered_prediction/f-2-1-1-1-4-0-L_3.csv,OFFICIAL_GIT_METADATA_GT_CALIBRATION_OR_CODE,366228,ef22afc0995c75c6ed04d954de269e9d66ee562efbf945f4e202088427d84f8d,False,COMPLETE_SHA256_RECORDED
official_repository/data/20220717-2/filtered_prediction/f-2-1-1-1-6-0-L_1.csv,/home/lj/zero_perturbation_data/rts_gt_v1/official_repository/data/20220717-2/filtered_prediction/f-2-1-1-1-6-0-L_1.csv,https://github.com/norlab-ulaval/RTS_project/blob/449a299bcf8bc11766718db4ed4aea4a489c7c46/data/20220717-2/filtered_prediction/f-2-1-1-1-6-0-L_1.csv,OFFICIAL_GIT_METADATA_GT_CALIBRATION_OR_CODE,344925,4215c083ae7bc3303907becb0ea8e02fd5bccc30b10c4f6de2813f654e843221,False,COMPLETE_SHA256_RECORDED
official_repository/data/20220717-2/filtered_prediction/f-2-1-1-1-6-0-L_2.csv,/home/lj/zero_perturbation_data/rts_gt_v1/official_repository/data/20220717-2/filtered_prediction/f-2-1-1-1-6-0-L_2.csv,https://github.com/norlab-ulaval/RTS_project/blob/449a299bcf8bc11766718db4ed4aea4a489c7c46/data/20220717-2/filtered_prediction/f-2-1-1-1-6-0-L_2.csv,OFFICIAL_GIT_METADATA_GT_CALIBRATION_OR_CODE,348454,ee1b2f36912be342fa10b346cd673782535dc64d61e67e089d1118de2878ef5e,False,COMPLETE_SHA256_RECORDED
official_repository/data/20220717-2/filtered_prediction/f-2-1-1-1-6-0-L_3.csv,/home/lj/zero_perturbation_data/rts_gt_v1/official_repository/data/20220717-2/filtered_prediction/f-2-1-1-1-6-0-L_3.csv,https://github.com/norlab-ulaval/RTS_project/blob/449a299bcf8bc11766718db4ed4aea4a489c7c46/data/20220717-2/filtered_prediction/f-2-1-1-1-6-0-L_3.csv,OFFICIAL_GIT_METADATA_GT_CALIBRATION_OR_CODE,354488,1e2be8e8eb12eb7fd039f75dc1b13d7e19af8b573ab343775dc5ac70d5f9db45,False,COMPLETE_SHA256_RECORDED
official_repository/data/20220717-2/filtered_prediction/f-2-1-1-1-6-0.25-L_1.csv,/home/lj/zero_perturbation_data/rts_gt_v1/official_repository/data/20220717-2/filtered_prediction/f-2-1-1-1-6-0.25-L_1.csv,https://github.com/norlab-ulaval/RTS_project/blob/449a299bcf8bc11766718db4ed4aea4a489c7c46/data/20220717-2/filtered_prediction/f-2-1-1-1-6-0.25-L_1.csv,OFFICIAL_GIT_METADATA_GT_CALIBRATION_OR_CODE,344925,4215c083ae7bc3303907becb0ea8e02fd5bccc30b10c4f6de2813f654e843221,False,COMPLETE_SHA256_RECORDED
official_repository/data/20220717-2/filtered_prediction/f-2-1-1-1-6-0.25-L_2.csv,/home/lj/zero_perturbation_data/rts_gt_v1/official_repository/data/20220717-2/filtered_prediction/f-2-1-1-1-6-0.25-L_2.csv,https://github.com/norlab-ulaval/RTS_project/blob/449a299bcf8bc11766718db4ed4aea4a489c7c46/data/20220717-2/filtered_prediction/f-2-1-1-1-6-0.25-L_2.csv,OFFICIAL_GIT_METADATA_GT_CALIBRATION_OR_CODE,348455,5506ed420dc93d3d09d12906d8dab7ae493e77cf1c610bf9007868fdc401076b,False,COMPLETE_SHA256_RECORDED
official_repository/data/20220717-2/filtered_prediction/f-2-1-1-1-6-0.25-L_3.csv,/home/lj/zero_perturbation_data/rts_gt_v1/official_repository/data/20220717-2/filtered_prediction/f-2-1-1-1-6-0.25-L_3.csv,https://github.com/norlab-ulaval/RTS_project/blob/449a299bcf8bc11766718db4ed4aea4a489c7c46/data/20220717-2/filtered_prediction/f-2-1-1-1-6-0.25-L_3.csv,OFFICIAL_GIT_METADATA_GT_CALIBRATION_OR_CODE,354491,1d1d65ab74bf3393a583bcacedad47711d4ac66fccfbd04faee78a7a24e41e09,False,COMPLETE_SHA256_RECORDED
official_repository/data/20220717-2/filtered_prediction/f-2-1-1-1-6-0.5-L_1.csv,/home/lj/zero_perturbation_data/rts_gt_v1/official_repository/data/20220717-2/filtered_prediction/f-2-1-1-1-6-0.5-L_1.csv,https://github.com/norlab-ulaval/RTS_project/blob/449a299bcf8bc11766718db4ed4aea4a489c7c46/data/20220717-2/filtered_prediction/f-2-1-1-1-6-0.5-L_1.csv,OFFICIAL_GIT_METADATA_GT_CALIBRATION_OR_CODE,337893,16f55bb2344cb3a60bf16ac61268d51155d7bb9f2976a6c6066f41749ca17348,False,COMPLETE_SHA256_RECORDED
official_repository/data/20220717-2/filtered_prediction/f-2-1-1-1-6-0.5-L_2.csv,/home/lj/zero_perturbation_data/rts_gt_v1/official_repository/data/20220717-2/filtered_prediction/f-2-1-1-1-6-0.5-L_2.csv,https://github.com/norlab-ulaval/RTS_project/blob/449a299bcf8bc11766718db4ed4aea4a489c7c46/data/20220717-2/filtered_prediction/f-2-1-1-1-6-0.5-L_2.csv,OFFICIAL_GIT_METADATA_GT_CALIBRATION_OR_CODE,341409,c1c5dfca05dbb429fcc908d759c7d874f8b63f805d4e12b204fc7ff7e390e74e,False,COMPLETE_SHA256_RECORDED
official_repository/data/20220717-2/filtered_prediction/f-2-1-1-1-6-0.5-L_3.csv,/home/lj/zero_perturbation_data/rts_gt_v1/official_repository/data/20220717-2/filtered_prediction/f-2-1-1-1-6-0.5-L_3.csv,https://github.com/norlab-ulaval/RTS_project/blob/449a299bcf8bc11766718db4ed4aea4a489c7c46/data/20220717-2/filtered_prediction/f-2-1-1-1-6-0.5-L_3.csv,OFFICIAL_GIT_METADATA_GT_CALIBRATION_OR_CODE,347173,a96741a42d6ed2da879d611369344631157e8510f872dce162bf777be6f7988f,False,COMPLETE_SHA256_RECORDED
official_repository/data/20220717-2/filtered_prediction/f-2-1-1-1-6-0.75-L_1.csv,/home/lj/zero_perturbation_data/rts_gt_v1/official_repository/data/20220717-2/filtered_prediction/f-2-1-1-1-6-0.75-L_1.csv,https://github.com/norlab-ulaval/RTS_project/blob/449a299bcf8bc11766718db4ed4aea4a489c7c46/data/20220717-2/filtered_prediction/f-2-1-1-1-6-0.75-L_1.csv,OFFICIAL_GIT_METADATA_GT_CALIBRATION_OR_CODE,337893,16f55bb2344cb3a60bf16ac61268d51155d7bb9f2976a6c6066f41749ca17348,False,COMPLETE_SHA256_RECORDED
official_repository/data/20220717-2/filtered_prediction/f-2-1-1-1-6-0.75-L_2.csv,/home/lj/zero_perturbation_data/rts_gt_v1/official_repository/data/20220717-2/filtered_prediction/f-2-1-1-1-6-0.75-L_2.csv,https://github.com/norlab-ulaval/RTS_project/blob/449a299bcf8bc11766718db4ed4aea4a489c7c46/data/20220717-2/filtered_prediction/f-2-1-1-1-6-0.75-L_2.csv,OFFICIAL_GIT_METADATA_GT_CALIBRATION_OR_CODE,341409,c1c5dfca05dbb429fcc908d759c7d874f8b63f805d4e12b204fc7ff7e390e74e,False,COMPLETE_SHA256_RECORDED
official_repository/data/20220717-2/filtered_prediction/f-2-1-1-1-6-0.75-L_3.csv,/home/lj/zero_perturbation_data/rts_gt_v1/official_repository/data/20220717-2/filtered_prediction/f-2-1-1-1-6-0.75-L_3.csv,https://github.com/norlab-ulaval/RTS_project/blob/449a299bcf8bc11766718db4ed4aea4a489c7c46/data/20220717-2/filtered_prediction/f-2-1-1-1-6-0.75-L_3.csv,OFFICIAL_GIT_METADATA_GT_CALIBRATION_OR_CODE,347173,a96741a42d6ed2da879d611369344631157e8510f872dce162bf777be6f7988f,False,COMPLETE_SHA256_RECORDED
official_repository/data/20220717-2/filtered_prediction/f-2-1-1-1-6-1-L_1.csv,/home/lj/zero_perturbation_data/rts_gt_v1/official_repository/data/20220717-2/filtered_prediction/f-2-1-1-1-6-1-L_1.csv,https://github.com/norlab-ulaval/RTS_project/blob/449a299bcf8bc11766718db4ed4aea4a489c7c46/data/20220717-2/filtered_prediction/f-2-1-1-1-6-1-L_1.csv,OFFICIAL_GIT_METADATA_GT_CALIBRATION_OR_CODE,330345,9fad8d9ab1305d933276617075808f6f5dab99ca14eaba3ba2d44fa23c338c61,False,COMPLETE_SHA256_RECORDED
official_repository/data/20220717-2/filtered_prediction/f-2-1-1-1-6-1-L_2.csv,/home/lj/zero_perturbation_data/rts_gt_v1/official_repository/data/20220717-2/filtered_prediction/f-2-1-1-1-6-1-L_2.csv,https://github.com/norlab-ulaval/RTS_project/blob/449a299bcf8bc11766718db4ed4aea4a489c7c46/data/20220717-2/filtered_prediction/f-2-1-1-1-6-1-L_2.csv,OFFICIAL_GIT_METADATA_GT_CALIBRATION_OR_CODE,333482,d6d6f84da9a36863b0b749b4e867f6dace9fea937690208deeffdce037ba8906,False,COMPLETE_SHA256_RECORDED
official_repository/data/20220717-2/filtered_prediction/f-2-1-1-1-6-1-L_3.csv,/home/lj/zero_perturbation_data/rts_gt_v1/official_repository/data/20220717-2/filtered_prediction/f-2-1-1-1-6-1-L_3.csv,https://github.com/norlab-ulaval/RTS_project/blob/449a299bcf8bc11766718db4ed4aea4a489c7c46/data/20220717-2/filtered_prediction/f-2-1-1-1-6-1-L_3.csv,OFFICIAL_GIT_METADATA_GT_CALIBRATION_OR_CODE,339312,028de6d7d7f03a4d379e09942380a88aeb3cf6608ce2e2e3275ca64706d97955,False,COMPLETE_SHA256_RECORDED
official_repository/data/20220717-2/filtered_prediction/f-2-1-1-1-6-1-SGP-1000_1.csv,/home/lj/zero_perturbation_data/rts_gt_v1/official_repository/data/20220717-2/filtered_prediction/f-2-1-1-1-6-1-SGP-1000_1.csv,https://github.com/norlab-ulaval/RTS_project/blob/449a299bcf8bc11766718db4ed4aea4a489c7c46/data/20220717-2/filtered_prediction/f-2-1-1-1-6-1-SGP-1000_1.csv,OFFICIAL_GIT_METADATA_GT_CALIBRATION_OR_CODE,621841,111ac1d94d4251c642d81aa7aaf54ac16d132c00da0c4d8bc3e156e220b2c984,False,COMPLETE_SHA256_RECORDED
official_repository/data/20220717-2/filtered_prediction/f-2-1-1-1-6-1-SGP-1000_2.csv,/home/lj/zero_perturbation_data/rts_gt_v1/official_repository/data/20220717-2/filtered_prediction/f-2-1-1-1-6-1-SGP-1000_2.csv,https://github.com/norlab-ulaval/RTS_project/blob/449a299bcf8bc11766718db4ed4aea4a489c7c46/data/20220717-2/filtered_prediction/f-2-1-1-1-6-1-SGP-1000_2.csv,OFFICIAL_GIT_METADATA_GT_CALIBRATION_OR_CODE,626408,07ea6b3eb7e5275aaeab55104751feca5f30a8cd37c4d402c5949361081d480d,False,COMPLETE_SHA256_RECORDED
official_repository/data/20220717-2/filtered_prediction/f-2-1-1-1-6-1-SGP-1000_3.csv,/home/lj/zero_perturbation_data/rts_gt_v1/official_repository/data/20220717-2/filtered_prediction/f-2-1-1-1-6-1-SGP-1000_3.csv,https://github.com/norlab-ulaval/RTS_project/blob/449a299bcf8bc11766718db4ed4aea4a489c7c46/data/20220717-2/filtered_prediction/f-2-1-1-1-6-1-SGP-1000_3.csv,OFFICIAL_GIT_METADATA_GT_CALIBRATION_OR_CODE,630487,6e37a67a815ad425a350f7cc70610f01c0e985c2a5bae9e27ebd5ba9cf869b5f,False,COMPLETE_SHA256_RECORDED
official_repository/data/20220717-2/filtered_prediction/f-2-1-1-1-6-1.25-L_1.csv,/home/lj/zero_perturbation_data/rts_gt_v1/official_repository/data/20220717-2/filtered_prediction/f-2-1-1-1-6-1.25-L_1.csv,https://github.com/norlab-ulaval/RTS_project/blob/449a299bcf8bc11766718db4ed4aea4a489c7c46/data/20220717-2/filtered_prediction/f-2-1-1-1-6-1.25-L_1.csv,OFFICIAL_GIT_METADATA_GT_CALIBRATION_OR_CODE,321907,0a3ff302e4d139973e00332298663fd838c78cd056341bf4cecd5290335ba468,False,COMPLETE_SHA256_RECORDED
official_repository/data/20220717-2/filtered_prediction/f-2-1-1-1-6-1.25-L_2.csv,/home/lj/zero_perturbation_data/rts_gt_v1/official_repository/data/20220717-2/filtered_prediction/f-2-1-1-1-6-1.25-L_2.csv,https://github.com/norlab-ulaval/RTS_project/blob/449a299bcf8bc11766718db4ed4aea4a489c7c46/data/20220717-2/filtered_prediction/f-2-1-1-1-6-1.25-L_2.csv,OFFICIAL_GIT_METADATA_GT_CALIBRATION_OR_CODE,325194,66d78b2e1af416f559cc0d405d9a4e367dbf8282fa8fda93b4f9e651e7a18908,False,COMPLETE_SHA256_RECORDED
official_repository/data/20220717-2/filtered_prediction/f-2-1-1-1-6-1.25-L_3.csv,/home/lj/zero_perturbation_data/rts_gt_v1/official_repository/data/20220717-2/filtered_prediction/f-2-1-1-1-6-1.25-L_3.csv,https://github.com/norlab-ulaval/RTS_project/blob/449a299bcf8bc11766718db4ed4aea4a489c7c46/data/20220717-2/filtered_prediction/f-2-1-1-1-6-1.25-L_3.csv,OFFICIAL_GIT_METADATA_GT_CALIBRATION_OR_CODE,330676,12194a6ab0d4c4135085f9909a8b091820e2093e5b088e5344637c39ddb1e68c,False,COMPLETE_SHA256_RECORDED
official_repository/data/20220717-2/filtered_prediction/f-2-1-1-1-6-1.5-L_1.csv,/home/lj/zero_perturbation_data/rts_gt_v1/official_repository/data/20220717-2/filtered_prediction/f-2-1-1-1-6-1.5-L_1.csv,https://github.com/norlab-ulaval/RTS_project/blob/449a299bcf8bc11766718db4ed4aea4a489c7c46/data/20220717-2/filtered_prediction/f-2-1-1-1-6-1.5-L_1.csv,OFFICIAL_GIT_METADATA_GT_CALIBRATION_OR_CODE,321907,0a3ff302e4d139973e00332298663fd838c78cd056341bf4cecd5290335ba468,False,COMPLETE_SHA256_RECORDED
official_repository/data/20220717-2/filtered_prediction/f-2-1-1-1-6-1.5-L_2.csv,/home/lj/zero_perturbation_data/rts_gt_v1/official_repository/data/20220717-2/filtered_prediction/f-2-1-1-1-6-1.5-L_2.csv,https://github.com/norlab-ulaval/RTS_project/blob/449a299bcf8bc11766718db4ed4aea4a489c7c46/data/20220717-2/filtered_prediction/f-2-1-1-1-6-1.5-L_2.csv,OFFICIAL_GIT_METADATA_GT_CALIBRATION_OR_CODE,325194,66d78b2e1af416f559cc0d405d9a4e367dbf8282fa8fda93b4f9e651e7a18908,False,COMPLETE_SHA256_RECORDED
official_repository/data/20220717-2/filtered_prediction/f-2-1-1-1-6-1.5-L_3.csv,/home/lj/zero_perturbation_data/rts_gt_v1/official_repository/data/20220717-2/filtered_prediction/f-2-1-1-1-6-1.5-L_3.csv,https://github.com/norlab-ulaval/RTS_project/blob/449a299bcf8bc11766718db4ed4aea4a489c7c46/data/20220717-2/filtered_prediction/f-2-1-1-1-6-1.5-L_3.csv,OFFICIAL_GIT_METADATA_GT_CALIBRATION_OR_CODE,330676,12194a6ab0d4c4135085f9909a8b091820e2093e5b088e5344637c39ddb1e68c,False,COMPLETE_SHA256_RECORDED
official_repository/data/20220717-2/filtered_prediction/f-2-1-1-1-6-1.75-L_1.csv,/home/lj/zero_perturbation_data/rts_gt_v1/official_repository/data/20220717-2/filtered_prediction/f-2-1-1-1-6-1.75-L_1.csv,https://github.com/norlab-ulaval/RTS_project/blob/449a299bcf8bc11766718db4ed4aea4a489c7c46/data/20220717-2/filtered_prediction/f-2-1-1-1-6-1.75-L_1.csv,OFFICIAL_GIT_METADATA_GT_CALIBRATION_OR_CODE,309973,d4ab27a4204a35440222c55151ea0c84b2cf63f2111f303cba23206ba842a7d6,False,COMPLETE_SHA256_RECORDED
official_repository/data/20220717-2/filtered_prediction/f-2-1-1-1-6-1.75-L_2.csv,/home/lj/zero_perturbation_data/rts_gt_v1/official_repository/data/20220717-2/filtered_prediction/f-2-1-1-1-6-1.75-L_2.csv,https://github.com/norlab-ulaval/RTS_project/blob/449a299bcf8bc11766718db4ed4aea4a489c7c46/data/20220717-2/filtered_prediction/f-2-1-1-1-6-1.75-L_2.csv,OFFICIAL_GIT_METADATA_GT_CALIBRATION_OR_CODE,313063,7e3487b839dfcff0f188e910c2944f84e3aea54435b8aa4449a3ecc35f77e12f,False,COMPLETE_SHA256_RECORDED
official_repository/data/20220717-2/filtered_prediction/f-2-1-1-1-6-1.75-L_3.csv,/home/lj/zero_perturbation_data/rts_gt_v1/official_repository/data/20220717-2/filtered_prediction/f-2-1-1-1-6-1.75-L_3.csv,https://github.com/norlab-ulaval/RTS_project/blob/449a299bcf8bc11766718db4ed4aea4a489c7c46/data/20220717-2/filtered_prediction/f-2-1-1-1-6-1.75-L_3.csv,OFFICIAL_GIT_METADATA_GT_CALIBRATION_OR_CODE,318425,d337c8ecefb7570f192efad10fa657c2a2e0929a7ee024e1b69cf5dce2c649ea,False,COMPLETE_SHA256_RECORDED
official_repository/data/20220717-2/filtered_prediction/f-2-1-1-1-6-2-L_1.csv,/home/lj/zero_perturbation_data/rts_gt_v1/official_repository/data/20220717-2/filtered_prediction/f-2-1-1-1-6-2-L_1.csv,https://github.com/norlab-ulaval/RTS_project/blob/449a299bcf8bc11766718db4ed4aea4a489c7c46/data/20220717-2/filtered_prediction/f-2-1-1-1-6-2-L_1.csv,OFFICIAL_GIT_METADATA_GT_CALIBRATION_OR_CODE,305883,792cc43a162255cc9ca674e7734947864c1682baad56fcbd053aea2e95c01a0a,False,COMPLETE_SHA256_RECORDED
official_repository/data/20220717-2/filtered_prediction/f-2-1-1-1-6-2-L_2.csv,/home/lj/zero_perturbation_data/rts_gt_v1/official_repository/data/20220717-2/filtered_prediction/f-2-1-1-1-6-2-L_2.csv,https://github.com/norlab-ulaval/RTS_project/blob/449a299bcf8bc11766718db4ed4aea4a489c7c46/data/20220717-2/filtered_prediction/f-2-1-1-1-6-2-L_2.csv,OFFICIAL_GIT_METADATA_GT_CALIBRATION_OR_CODE,308911,67df2ebb027125be3c6d6695805f3160f4c6e79f678c3430a0db8e90a7834e00,False,COMPLETE_SHA256_RECORDED
official_repository/data/20220717-2/filtered_prediction/f-2-1-1-1-6-2-L_3.csv,/home/lj/zero_perturbation_data/rts_gt_v1/official_repository/data/20220717-2/filtered_prediction/f-2-1-1-1-6-2-L_3.csv,https://github.com/norlab-ulaval/RTS_project/blob/449a299bcf8bc11766718db4ed4aea4a489c7c46/data/20220717-2/filtered_prediction/f-2-1-1-1-6-2-L_3.csv,OFFICIAL_GIT_METADATA_GT_CALIBRATION_OR_CODE,314062,b1dd51b11643894385c19b715f52a04b3e654525e4429c2eae8387125753c36d,False,COMPLETE_SHA256_RECORDED
official_repository/data/20220717-2/filtered_prediction/f-2-1-1-1-8-0-L_1.csv,/home/lj/zero_perturbation_data/rts_gt_v1/official_repository/data/20220717-2/filtered_prediction/f-2-1-1-1-8-0-L_1.csv,https://github.com/norlab-ulaval/RTS_project/blob/449a299bcf8bc11766718db4ed4aea4a489c7c46/data/20220717-2/filtered_prediction/f-2-1-1-1-8-0-L_1.csv,OFFICIAL_GIT_METADATA_GT_CALIBRATION_OR_CODE,344925,4215c083ae7bc3303907becb0ea8e02fd5bccc30b10c4f6de2813f654e843221,False,COMPLETE_SHA256_RECORDED
official_repository/data/20220717-2/filtered_prediction/f-2-1-1-1-8-0-L_2.csv,/home/lj/zero_perturbation_data/rts_gt_v1/official_repository/data/20220717-2/filtered_prediction/f-2-1-1-1-8-0-L_2.csv,https://github.com/norlab-ulaval/RTS_project/blob/449a299bcf8bc11766718db4ed4aea4a489c7c46/data/20220717-2/filtered_prediction/f-2-1-1-1-8-0-L_2.csv,OFFICIAL_GIT_METADATA_GT_CALIBRATION_OR_CODE,348455,5506ed420dc93d3d09d12906d8dab7ae493e77cf1c610bf9007868fdc401076b,False,COMPLETE_SHA256_RECORDED
official_repository/data/20220717-2/filtered_prediction/f-2-1-1-1-8-0-L_3.csv,/home/lj/zero_perturbation_data/rts_gt_v1/official_repository/data/20220717-2/filtered_prediction/f-2-1-1-1-8-0-L_3.csv,https://github.com/norlab-ulaval/RTS_project/blob/449a299bcf8bc11766718db4ed4aea4a489c7c46/data/20220717-2/filtered_prediction/f-2-1-1-1-8-0-L_3.csv,OFFICIAL_GIT_METADATA_GT_CALIBRATION_OR_CODE,354491,1d1d65ab74bf3393a583bcacedad47711d4ac66fccfbd04faee78a7a24e41e09,False,COMPLETE_SHA256_RECORDED
official_repository/data/20220717-2/filtered_prediction/f-2-1-1-1.25-6-0-L_1.csv,/home/lj/zero_perturbation_data/rts_gt_v1/official_repository/data/20220717-2/filtered_prediction/f-2-1-1-1.25-6-0-L_1.csv,https://github.com/norlab-ulaval/RTS_project/blob/449a299bcf8bc11766718db4ed4aea4a489c7c46/data/20220717-2/filtered_prediction/f-2-1-1-1.25-6-0-L_1.csv,OFFICIAL_GIT_METADATA_GT_CALIBRATION_OR_CODE,359360,51d7d0039f6a8ced1209300de7aa049ec1b0f5a053cf84e63504986fad419117,False,COMPLETE_SHA256_RECORDED
official_repository/data/20220717-2/filtered_prediction/f-2-1-1-1.25-6-0-L_2.csv,/home/lj/zero_perturbation_data/rts_gt_v1/official_repository/data/20220717-2/filtered_prediction/f-2-1-1-1.25-6-0-L_2.csv,https://github.com/norlab-ulaval/RTS_project/blob/449a299bcf8bc11766718db4ed4aea4a489c7c46/data/20220717-2/filtered_prediction/f-2-1-1-1.25-6-0-L_2.csv,OFFICIAL_GIT_METADATA_GT_CALIBRATION_OR_CODE,363088,1536ba4e5b6dac1ef470851924094b41703ddee6ffc5102ee48a8c45615a1a9a,False,COMPLETE_SHA256_RECORDED
official_repository/data/20220717-2/filtered_prediction/f-2-1-1-1.25-6-0-L_3.csv,/home/lj/zero_perturbation_data/rts_gt_v1/official_repository/data/20220717-2/filtered_prediction/f-2-1-1-1.25-6-0-L_3.csv,https://github.com/norlab-ulaval/RTS_project/blob/449a299bcf8bc11766718db4ed4aea4a489c7c46/data/20220717-2/filtered_prediction/f-2-1-1-1.25-6-0-L_3.csv,OFFICIAL_GIT_METADATA_GT_CALIBRATION_OR_CODE,369388,48175f3f5eb09e17e5910f381bc8df7c59f80dbed2614c7cf0cf74d8295ddab9,False,COMPLETE_SHA256_RECORDED
official_repository/data/20220717-2/filtered_prediction/f-2-1-1-1.5-6-0-L_1.csv,/home/lj/zero_perturbation_data/rts_gt_v1/official_repository/data/20220717-2/filtered_prediction/f-2-1-1-1.5-6-0-L_1.csv,https://github.com/norlab-ulaval/RTS_project/blob/449a299bcf8bc11766718db4ed4aea4a489c7c46/data/20220717-2/filtered_prediction/f-2-1-1-1.5-6-0-L_1.csv,OFFICIAL_GIT_METADATA_GT_CALIBRATION_OR_CODE,359360,51d7d0039f6a8ced1209300de7aa049ec1b0f5a053cf84e63504986fad419117,False,COMPLETE_SHA256_RECORDED
official_repository/data/20220717-2/filtered_prediction/f-2-1-1-1.5-6-0-L_2.csv,/home/lj/zero_perturbation_data/rts_gt_v1/official_repository/data/20220717-2/filtered_prediction/f-2-1-1-1.5-6-0-L_2.csv,https://github.com/norlab-ulaval/RTS_project/blob/449a299bcf8bc11766718db4ed4aea4a489c7c46/data/20220717-2/filtered_prediction/f-2-1-1-1.5-6-0-L_2.csv,OFFICIAL_GIT_METADATA_GT_CALIBRATION_OR_CODE,363088,1536ba4e5b6dac1ef470851924094b41703ddee6ffc5102ee48a8c45615a1a9a,False,COMPLETE_SHA256_RECORDED
official_repository/data/20220717-2/filtered_prediction/f-2-1-1-1.5-6-0-L_3.csv,/home/lj/zero_perturbation_data/rts_gt_v1/official_repository/data/20220717-2/filtered_prediction/f-2-1-1-1.5-6-0-L_3.csv,https://github.com/norlab-ulaval/RTS_project/blob/449a299bcf8bc11766718db4ed4aea4a489c7c46/data/20220717-2/filtered_prediction/f-2-1-1-1.5-6-0-L_3.csv,OFFICIAL_GIT_METADATA_GT_CALIBRATION_OR_CODE,369388,48175f3f5eb09e17e5910f381bc8df7c59f80dbed2614c7cf0cf74d8295ddab9,False,COMPLETE_SHA256_RECORDED
official_repository/data/20220717-2/filtered_prediction/f-2-1-1-1.75-6-0-L_1.csv,/home/lj/zero_perturbation_data/rts_gt_v1/official_repository/data/20220717-2/filtered_prediction/f-2-1-1-1.75-6-0-L_1.csv,https://github.com/norlab-ulaval/RTS_project/blob/449a299bcf8bc11766718db4ed4aea4a489c7c46/data/20220717-2/filtered_prediction/f-2-1-1-1.75-6-0-L_1.csv,OFFICIAL_GIT_METADATA_GT_CALIBRATION_OR_CODE,379180,6404c9bb56b04aea84a69be045f25db26bc01d86a4212de0bcf624a71a5b9e68,False,COMPLETE_SHA256_RECORDED
official_repository/data/20220717-2/filtered_prediction/f-2-1-1-1.75-6-0-L_2.csv,/home/lj/zero_perturbation_data/rts_gt_v1/official_repository/data/20220717-2/filtered_prediction/f-2-1-1-1.75-6-0-L_2.csv,https://github.com/norlab-ulaval/RTS_project/blob/449a299bcf8bc11766718db4ed4aea4a489c7c46/data/20220717-2/filtered_prediction/f-2-1-1-1.75-6-0-L_2.csv,OFFICIAL_GIT_METADATA_GT_CALIBRATION_OR_CODE,383079,891f24f701c4af03dc20dea75d9100e03aad586742b7e41f1cb6a0b4971ef7be,False,COMPLETE_SHA256_RECORDED
official_repository/data/20220717-2/filtered_prediction/f-2-1-1-1.75-6-0-L_3.csv,/home/lj/zero_perturbation_data/rts_gt_v1/official_repository/data/20220717-2/filtered_prediction/f-2-1-1-1.75-6-0-L_3.csv,https://github.com/norlab-ulaval/RTS_project/blob/449a299bcf8bc11766718db4ed4aea4a489c7c46/data/20220717-2/filtered_prediction/f-2-1-1-1.75-6-0-L_3.csv,OFFICIAL_GIT_METADATA_GT_CALIBRATION_OR_CODE,389615,31ec876274666f732ce9300cba6051ec8d5de1a783d33c63e8ae31edd35bb1b0,False,COMPLETE_SHA256_RECORDED
official_repository/data/20220717-2/filtered_prediction/f-2-1-1-2-6-0-L_1.csv,/home/lj/zero_perturbation_data/rts_gt_v1/official_repository/data/20220717-2/filtered_prediction/f-2-1-1-2-6-0-L_1.csv,https://github.com/norlab-ulaval/RTS_project/blob/449a299bcf8bc11766718db4ed4aea4a489c7c46/data/20220717-2/filtered_prediction/f-2-1-1-2-6-0-L_1.csv,OFFICIAL_GIT_METADATA_GT_CALIBRATION_OR_CODE,380849,fbe75da8784ebf83347019421565192cd69b5d98b8a300a1d7cc5cd18985826e,False,COMPLETE_SHA256_RECORDED
official_repository/data/20220717-2/filtered_prediction/f-2-1-1-2-6-0-L_2.csv,/home/lj/zero_perturbation_data/rts_gt_v1/official_repository/data/20220717-2/filtered_prediction/f-2-1-1-2-6-0-L_2.csv,https://github.com/norlab-ulaval/RTS_project/blob/449a299bcf8bc11766718db4ed4aea4a489c7c46/data/20220717-2/filtered_prediction/f-2-1-1-2-6-0-L_2.csv,OFFICIAL_GIT_METADATA_GT_CALIBRATION_OR_CODE,384754,074762c5e6b7f6259df97ec50e9490aba6fbbb6c37d6cf48fbf83746cb7b6334,False,COMPLETE_SHA256_RECORDED
official_repository/data/20220717-2/filtered_prediction/f-2-1-1-2-6-0-L_3.csv,/home/lj/zero_perturbation_data/rts_gt_v1/official_repository/data/20220717-2/filtered_prediction/f-2-1-1-2-6-0-L_3.csv,https://github.com/norlab-ulaval/RTS_project/blob/449a299bcf8bc11766718db4ed4aea4a489c7c46/data/20220717-2/filtered_prediction/f-2-1-1-2-6-0-L_3.csv,OFFICIAL_GIT_METADATA_GT_CALIBRATION_OR_CODE,391370,14be38587c424cf25fd7c09a85e0d06169b4dc5dd58ddb50130d771017c7e5e6,False,COMPLETE_SHA256_RECORDED
official_repository/data/20220717-2/filtered_prediction/f-2-1-1-2.25-6-0-L_1.csv,/home/lj/zero_perturbation_data/rts_gt_v1/official_repository/data/20220717-2/filtered_prediction/f-2-1-1-2.25-6-0-L_1.csv,https://github.com/norlab-ulaval/RTS_project/blob/449a299bcf8bc11766718db4ed4aea4a489c7c46/data/20220717-2/filtered_prediction/f-2-1-1-2.25-6-0-L_1.csv,OFFICIAL_GIT_METADATA_GT_CALIBRATION_OR_CODE,380849,fbe75da8784ebf83347019421565192cd69b5d98b8a300a1d7cc5cd18985826e,False,COMPLETE_SHA256_RECORDED
official_repository/data/20220717-2/filtered_prediction/f-2-1-1-2.25-6-0-L_2.csv,/home/lj/zero_perturbation_data/rts_gt_v1/official_repository/data/20220717-2/filtered_prediction/f-2-1-1-2.25-6-0-L_2.csv,https://github.com/norlab-ulaval/RTS_project/blob/449a299bcf8bc11766718db4ed4aea4a489c7c46/data/20220717-2/filtered_prediction/f-2-1-1-2.25-6-0-L_2.csv,OFFICIAL_GIT_METADATA_GT_CALIBRATION_OR_CODE,384754,074762c5e6b7f6259df97ec50e9490aba6fbbb6c37d6cf48fbf83746cb7b6334,False,COMPLETE_SHA256_RECORDED
official_repository/data/20220717-2/filtered_prediction/f-2-1-1-2.25-6-0-L_3.csv,/home/lj/zero_perturbation_data/rts_gt_v1/official_repository/data/20220717-2/filtered_prediction/f-2-1-1-2.25-6-0-L_3.csv,https://github.com/norlab-ulaval/RTS_project/blob/449a299bcf8bc11766718db4ed4aea4a489c7c46/data/20220717-2/filtered_prediction/f-2-1-1-2.25-6-0-L_3.csv,OFFICIAL_GIT_METADATA_GT_CALIBRATION_OR_CODE,391370,14be38587c424cf25fd7c09a85e0d06169b4dc5dd58ddb50130d771017c7e5e6,False,COMPLETE_SHA256_RECORDED
official_repository/data/20220717-2/filtered_prediction/f-2-1-1-2.5-6-0-L_1.csv,/home/lj/zero_perturbation_data/rts_gt_v1/official_repository/data/20220717-2/filtered_prediction/f-2-1-1-2.5-6-0-L_1.csv,https://github.com/norlab-ulaval/RTS_project/blob/449a299bcf8bc11766718db4ed4aea4a489c7c46/data/20220717-2/filtered_prediction/f-2-1-1-2.5-6-0-L_1.csv,OFFICIAL_GIT_METADATA_GT_CALIBRATION_OR_CODE,392392,e4b040aa16126ba3d7f9d2675f45af4db69e418ec50a59cbacd0e0301d59f7ab,False,COMPLETE_SHA256_RECORDED
official_repository/data/20220717-2/filtered_prediction/f-2-1-1-2.5-6-0-L_2.csv,/home/lj/zero_perturbation_data/rts_gt_v1/official_repository/data/20220717-2/filtered_prediction/f-2-1-1-2.5-6-0-L_2.csv,https://github.com/norlab-ulaval/RTS_project/blob/449a299bcf8bc11766718db4ed4aea4a489c7c46/data/20220717-2/filtered_prediction/f-2-1-1-2.5-6-0-L_2.csv,OFFICIAL_GIT_METADATA_GT_CALIBRATION_OR_CODE,396389,6e5001cd42f4ddb6737d01c8a24864597e5ae79bc3819e826f9f8fad5e55a719,False,COMPLETE_SHA256_RECORDED
official_repository/data/20220717-2/filtered_prediction/f-2-1-1-2.5-6-0-L_3.csv,/home/lj/zero_perturbation_data/rts_gt_v1/official_repository/data/20220717-2/filtered_prediction/f-2-1-1-2.5-6-0-L_3.csv,https://github.com/norlab-ulaval/RTS_project/blob/449a299bcf8bc11766718db4ed4aea4a489c7c46/data/20220717-2/filtered_prediction/f-2-1-1-2.5-6-0-L_3.csv,OFFICIAL_GIT_METADATA_GT_CALIBRATION_OR_CODE,403258,5d3d0182e1e9967c0526b6c89bd948fa001a95f1b3838ade0bbc8753fa0b7a4b,False,COMPLETE_SHA256_RECORDED
official_repository/data/20220717-2/filtered_prediction/f-2.5-1-1-1-6-0-L_1.csv,/home/lj/zero_perturbation_data/rts_gt_v1/official_repository/data/20220717-2/filtered_prediction/f-2.5-1-1-1-6-0-L_1.csv,https://github.com/norlab-ulaval/RTS_project/blob/449a299bcf8bc11766718db4ed4aea4a489c7c46/data/20220717-2/filtered_prediction/f-2.5-1-1-1-6-0-L_1.csv,OFFICIAL_GIT_METADATA_GT_CALIBRATION_OR_CODE,344925,4215c083ae7bc3303907becb0ea8e02fd5bccc30b10c4f6de2813f654e843221,False,COMPLETE_SHA256_RECORDED
official_repository/data/20220717-2/filtered_prediction/f-2.5-1-1-1-6-0-L_2.csv,/home/lj/zero_perturbation_data/rts_gt_v1/official_repository/data/20220717-2/filtered_prediction/f-2.5-1-1-1-6-0-L_2.csv,https://github.com/norlab-ulaval/RTS_project/blob/449a299bcf8bc11766718db4ed4aea4a489c7c46/data/20220717-2/filtered_prediction/f-2.5-1-1-1-6-0-L_2.csv,OFFICIAL_GIT_METADATA_GT_CALIBRATION_OR_CODE,348455,5506ed420dc93d3d09d12906d8dab7ae493e77cf1c610bf9007868fdc401076b,False,COMPLETE_SHA256_RECORDED
official_repository/data/20220717-2/filtered_prediction/f-2.5-1-1-1-6-0-L_3.csv,/home/lj/zero_perturbation_data/rts_gt_v1/official_repository/data/20220717-2/filtered_prediction/f-2.5-1-1-1-6-0-L_3.csv,https://github.com/norlab-ulaval/RTS_project/blob/449a299bcf8bc11766718db4ed4aea4a489c7c46/data/20220717-2/filtered_prediction/f-2.5-1-1-1-6-0-L_3.csv,OFFICIAL_GIT_METADATA_GT_CALIBRATION_OR_CODE,354491,1d1d65ab74bf3393a583bcacedad47711d4ac66fccfbd04faee78a7a24e41e09,False,COMPLETE_SHA256_RECORDED
official_repository/data/20220717-2/filtered_prediction/f-3-1-1-1-6-0-L_1.csv,/home/lj/zero_perturbation_data/rts_gt_v1/official_repository/data/20220717-2/filtered_prediction/f-3-1-1-1-6-0-L_1.csv,https://github.com/norlab-ulaval/RTS_project/blob/449a299bcf8bc11766718db4ed4aea4a489c7c46/data/20220717-2/filtered_prediction/f-3-1-1-1-6-0-L_1.csv,OFFICIAL_GIT_METADATA_GT_CALIBRATION_OR_CODE,344925,4215c083ae7bc3303907becb0ea8e02fd5bccc30b10c4f6de2813f654e843221,False,COMPLETE_SHA256_RECORDED
official_repository/data/20220717-2/filtered_prediction/f-3-1-1-1-6-0-L_2.csv,/home/lj/zero_perturbation_data/rts_gt_v1/official_repository/data/20220717-2/filtered_prediction/f-3-1-1-1-6-0-L_2.csv,https://github.com/norlab-ulaval/RTS_project/blob/449a299bcf8bc11766718db4ed4aea4a489c7c46/data/20220717-2/filtered_prediction/f-3-1-1-1-6-0-L_2.csv,OFFICIAL_GIT_METADATA_GT_CALIBRATION_OR_CODE,348455,5506ed420dc93d3d09d12906d8dab7ae493e77cf1c610bf9007868fdc401076b,False,COMPLETE_SHA256_RECORDED
official_repository/data/20220717-2/filtered_prediction/f-3-1-1-1-6-0-L_3.csv,/home/lj/zero_perturbation_data/rts_gt_v1/official_repository/data/20220717-2/filtered_prediction/f-3-1-1-1-6-0-L_3.csv,https://github.com/norlab-ulaval/RTS_project/blob/449a299bcf8bc11766718db4ed4aea4a489c7c46/data/20220717-2/filtered_prediction/f-3-1-1-1-6-0-L_3.csv,OFFICIAL_GIT_METADATA_GT_CALIBRATION_OR_CODE,354491,1d1d65ab74bf3393a583bcacedad47711d4ac66fccfbd04faee78a7a24e41e09,False,COMPLETE_SHA256_RECORDED
official_repository/data/20220717-2/list_tf/TF_list_linear_inter_prism_6dof.csv,/home/lj/zero_perturbation_data/rts_gt_v1/official_repository/data/20220717-2/list_tf/TF_list_linear_inter_prism_6dof.csv,https://github.com/norlab-ulaval/RTS_project/blob/449a299bcf8bc11766718db4ed4aea4a489c7c46/data/20220717-2/list_tf/TF_list_linear_inter_prism_6dof.csv,OFFICIAL_GIT_METADATA_GT_CALIBRATION_OR_CODE,533,2dd8277db915af238a78f9a12384af6c4cddd03484993095e52248b8c679107d,False,COMPLETE_SHA256_RECORDED
official_repository/data/20220717-2/list_tf/TF_list_static_cp.csv,/home/lj/zero_perturbation_data/rts_gt_v1/official_repository/data/20220717-2/list_tf/TF_list_static_cp.csv,https://github.com/norlab-ulaval/RTS_project/blob/449a299bcf8bc11766718db4ed4aea4a489c7c46/data/20220717-2/list_tf/TF_list_static_cp.csv,OFFICIAL_GIT_METADATA_GT_CALIBRATION_OR_CODE,10904,e62e5ac971254e9e5bd9449ae6ef6c4d968be2ac79cc76def9fe2c733163aa0b,False,COMPLETE_SHA256_RECORDED
official_repository/data/20220717-2/raw_prediction/nf-1-0-1-L_1.csv,/home/lj/zero_perturbation_data/rts_gt_v1/official_repository/data/20220717-2/raw_prediction/nf-1-0-1-L_1.csv,https://github.com/norlab-ulaval/RTS_project/blob/449a299bcf8bc11766718db4ed4aea4a489c7c46/data/20220717-2/raw_prediction/nf-1-0-1-L_1.csv,OFFICIAL_GIT_METADATA_GT_CALIBRATION_OR_CODE,424150,0eb55ab28f60770ee1a829b34f125bb1cf0b55e32f39ce7e7064d2c41cee8640,False,COMPLETE_SHA256_RECORDED
official_repository/data/20220717-2/raw_prediction/nf-1-0-1-L_2.csv,/home/lj/zero_perturbation_data/rts_gt_v1/official_repository/data/20220717-2/raw_prediction/nf-1-0-1-L_2.csv,https://github.com/norlab-ulaval/RTS_project/blob/449a299bcf8bc11766718db4ed4aea4a489c7c46/data/20220717-2/raw_prediction/nf-1-0-1-L_2.csv,OFFICIAL_GIT_METADATA_GT_CALIBRATION_OR_CODE,427990,79d714b1d06f4126c6052ea47a94378a923e80a833509cc8373e34e20bbad1d7,False,COMPLETE_SHA256_RECORDED
official_repository/data/20220717-2/raw_prediction/nf-1-0-1-L_3.csv,/home/lj/zero_perturbation_data/rts_gt_v1/official_repository/data/20220717-2/raw_prediction/nf-1-0-1-L_3.csv,https://github.com/norlab-ulaval/RTS_project/blob/449a299bcf8bc11766718db4ed4aea4a489c7c46/data/20220717-2/raw_prediction/nf-1-0-1-L_3.csv,OFFICIAL_GIT_METADATA_GT_CALIBRATION_OR_CODE,435418,8e8619e132516fd66ec134db224027c0f285e16712c01cc2147c9bd3f00b2d5d,False,COMPLETE_SHA256_RECORDED
official_repository/data/20220717-2/raw_prediction/nf-1-6-0-L_1.csv,/home/lj/zero_perturbation_data/rts_gt_v1/official_repository/data/20220717-2/raw_prediction/nf-1-6-0-L_1.csv,https://github.com/norlab-ulaval/RTS_project/blob/449a299bcf8bc11766718db4ed4aea4a489c7c46/data/20220717-2/raw_prediction/nf-1-6-0-L_1.csv,OFFICIAL_GIT_METADATA_GT_CALIBRATION_OR_CODE,400408,d49fb28ec29f4a21e5daa47fdc6ccfc1a4d745d4a818c10633228cb3c8c7b35f,False,COMPLETE_SHA256_RECORDED
official_repository/data/20220717-2/raw_prediction/nf-1-6-0-L_2.csv,/home/lj/zero_perturbation_data/rts_gt_v1/official_repository/data/20220717-2/raw_prediction/nf-1-6-0-L_2.csv,https://github.com/norlab-ulaval/RTS_project/blob/449a299bcf8bc11766718db4ed4aea4a489c7c46/data/20220717-2/raw_prediction/nf-1-6-0-L_2.csv,OFFICIAL_GIT_METADATA_GT_CALIBRATION_OR_CODE,404007,c84ccc150aa46374a2ef73a90618eac144e7f6cab54400c0e3146bbe286c3088,False,COMPLETE_SHA256_RECORDED
official_repository/data/20220717-2/raw_prediction/nf-1-6-0-L_3.csv,/home/lj/zero_perturbation_data/rts_gt_v1/official_repository/data/20220717-2/raw_prediction/nf-1-6-0-L_3.csv,https://github.com/norlab-ulaval/RTS_project/blob/449a299bcf8bc11766718db4ed4aea4a489c7c46/data/20220717-2/raw_prediction/nf-1-6-0-L_3.csv,OFFICIAL_GIT_METADATA_GT_CALIBRATION_OR_CODE,410994,87eb083392a6c3fccef5b9493fc6667fed832de4658bf87f835d00c60abf3329,False,COMPLETE_SHA256_RECORDED
official_repository/data/20220717-2/raw_prediction/nf-1-6-1-SGP-1000_1.csv,/home/lj/zero_perturbation_data/rts_gt_v1/official_repository/data/20220717-2/raw_prediction/nf-1-6-1-SGP-1000_1.csv,https://github.com/norlab-ulaval/RTS_project/blob/449a299bcf8bc11766718db4ed4aea4a489c7c46/data/20220717-2/raw_prediction/nf-1-6-1-SGP-1000_1.csv,OFFICIAL_GIT_METADATA_GT_CALIBRATION_OR_CODE,753577,828c1b038106e7ec581e50bae239eb159d3edeeb502969b8ea27fd01285f7e05,False,COMPLETE_SHA256_RECORDED
official_repository/data/20220717-2/raw_prediction/nf-1-6-1-SGP-1000_2.csv,/home/lj/zero_perturbation_data/rts_gt_v1/official_repository/data/20220717-2/raw_prediction/nf-1-6-1-SGP-1000_2.csv,https://github.com/norlab-ulaval/RTS_project/blob/449a299bcf8bc11766718db4ed4aea4a489c7c46/data/20220717-2/raw_prediction/nf-1-6-1-SGP-1000_2.csv,OFFICIAL_GIT_METADATA_GT_CALIBRATION_OR_CODE,758749,56fd775a0b8bf10cac04d907aee7f49e3f02fab5d4959667ab4f5c9a49f735b3,False,COMPLETE_SHA256_RECORDED
official_repository/data/20220717-2/raw_prediction/nf-1-6-1-SGP-1000_3.csv,/home/lj/zero_perturbation_data/rts_gt_v1/official_repository/data/20220717-2/raw_prediction/nf-1-6-1-SGP-1000_3.csv,https://github.com/norlab-ulaval/RTS_project/blob/449a299bcf8bc11766718db4ed4aea4a489c7c46/data/20220717-2/raw_prediction/nf-1-6-1-SGP-1000_3.csv,OFFICIAL_GIT_METADATA_GT_CALIBRATION_OR_CODE,764307,0815ee0b582d070b45bba10cf349702a8ed872139eeb37dedd58e14ae08b0ce9,False,COMPLETE_SHA256_RECORDED
official_repository/data/20220717-2/sensors_extrinsic_calibration/calibration_raw.csv,/home/lj/zero_perturbation_data/rts_gt_v1/official_repository/data/20220717-2/sensors_extrinsic_calibration/calibration_raw.csv,https://github.com/norlab-ulaval/RTS_project/blob/449a299bcf8bc11766718db4ed4aea4a489c7c46/data/20220717-2/sensors_extrinsic_calibration/calibration_raw.csv,OFFICIAL_GIT_METADATA_GT_CALIBRATION_OR_CODE,407,6b8ba87819712b915918096f4404c777c696523f5bb6c2529901437f6db43538,False,COMPLETE_SHA256_RECORDED
official_repository/data/20220717-2/sensors_extrinsic_calibration/calibration_results.csv,/home/lj/zero_perturbation_data/rts_gt_v1/official_repository/data/20220717-2/sensors_extrinsic_calibration/calibration_results.csv,https://github.com/norlab-ulaval/RTS_project/blob/449a299bcf8bc11766718db4ed4aea4a489c7c46/data/20220717-2/sensors_extrinsic_calibration/calibration_results.csv,OFFICIAL_GIT_METADATA_GT_CALIBRATION_OR_CODE,242,fd8bfcc8239c75e7a248f263f59f27ffd0ca4bc9eda3fca438baee5763c8c828,False,COMPLETE_SHA256_RECORDED
official_repository/data/20220717-2/total_stations/GCP.txt,/home/lj/zero_perturbation_data/rts_gt_v1/official_repository/data/20220717-2/total_stations/GCP.txt,https://github.com/norlab-ulaval/RTS_project/blob/449a299bcf8bc11766718db4ed4aea4a489c7c46/data/20220717-2/total_stations/GCP.txt,OFFICIAL_GIT_METADATA_GT_CALIBRATION_OR_CODE,3015,b48f3e3ad6f9fa80b20d18e4274fc4a4921618b9e9602d926814c3b55ee97ab3,False,COMPLETE_SHA256_RECORDED
official_repository/data/20220717-2/total_stations/trimble1.csv,/home/lj/zero_perturbation_data/rts_gt_v1/official_repository/data/20220717-2/total_stations/trimble1.csv,https://github.com/norlab-ulaval/RTS_project/blob/449a299bcf8bc11766718db4ed4aea4a489c7c46/data/20220717-2/total_stations/trimble1.csv,OFFICIAL_GIT_METADATA_GT_CALIBRATION_OR_CODE,131982,74c99142fdc3cc2821c5bdf0e243941dd3ab5dee14ea29b27247aea00fb86c3a,False,COMPLETE_SHA256_RECORDED
official_repository/data/20220717-2/total_stations/trimble2.csv,/home/lj/zero_perturbation_data/rts_gt_v1/official_repository/data/20220717-2/total_stations/trimble2.csv,https://github.com/norlab-ulaval/RTS_project/blob/449a299bcf8bc11766718db4ed4aea4a489c7c46/data/20220717-2/total_stations/trimble2.csv,OFFICIAL_GIT_METADATA_GT_CALIBRATION_OR_CODE,116257,079456bdb0ae862956957d4a089c335d1900dc44c4b1a66fd5bb0a5ae19ad564,False,COMPLETE_SHA256_RECORDED
official_repository/data/20220717-2/total_stations/trimble3.csv,/home/lj/zero_perturbation_data/rts_gt_v1/official_repository/data/20220717-2/total_stations/trimble3.csv,https://github.com/norlab-ulaval/RTS_project/blob/449a299bcf8bc11766718db4ed4aea4a489c7c46/data/20220717-2/total_stations/trimble3.csv,OFFICIAL_GIT_METADATA_GT_CALIBRATION_OR_CODE,125257,f86efe158e47c9cf8308b92421505e7b63e80a4678f62bcdd90138322dd479e9,False,COMPLETE_SHA256_RECORDED
official_repository/data/20220717-2/uncertainty/raw_data/prism1.csv,/home/lj/zero_perturbation_data/rts_gt_v1/official_repository/data/20220717-2/uncertainty/raw_data/prism1.csv,https://github.com/norlab-ulaval/RTS_project/blob/449a299bcf8bc11766718db4ed4aea4a489c7c46/data/20220717-2/uncertainty/raw_data/prism1.csv,OFFICIAL_GIT_METADATA_GT_CALIBRATION_OR_CODE,127032,10ecaa0ac3e25b8775f1420927c366c6f60fe5cf8cf16ca6d6affe26039cb6c4,False,COMPLETE_SHA256_RECORDED
official_repository/data/20220717-2/uncertainty/raw_data/prism2.csv,/home/lj/zero_perturbation_data/rts_gt_v1/official_repository/data/20220717-2/uncertainty/raw_data/prism2.csv,https://github.com/norlab-ulaval/RTS_project/blob/449a299bcf8bc11766718db4ed4aea4a489c7c46/data/20220717-2/uncertainty/raw_data/prism2.csv,OFFICIAL_GIT_METADATA_GT_CALIBRATION_OR_CODE,109334,00bccfc45a03f22d9f715f730fea0f5657e3f348018abafbbcc6774c4f4bc8c3,False,COMPLETE_SHA256_RECORDED
official_repository/data/20220717-2/uncertainty/raw_data/prism3.csv,/home/lj/zero_perturbation_data/rts_gt_v1/official_repository/data/20220717-2/uncertainty/raw_data/prism3.csv,https://github.com/norlab-ulaval/RTS_project/blob/449a299bcf8bc11766718db4ed4aea4a489c7c46/data/20220717-2/uncertainty/raw_data/prism3.csv,OFFICIAL_GIT_METADATA_GT_CALIBRATION_OR_CODE,119540,f6d2c95e62be95024a6700a0c6b84c44bd55552c092f72e461524a4e1575d3c8,False,COMPLETE_SHA256_RECORDED
official_repository/data/20220717-2/uncertainty/sensor/.csv,/home/lj/zero_perturbation_data/rts_gt_v1/official_repository/data/20220717-2/uncertainty/sensor/.csv,https://github.com/norlab-ulaval/RTS_project/blob/449a299bcf8bc11766718db4ed4aea4a489c7c46/data/20220717-2/uncertainty/sensor/.csv,OFFICIAL_GIT_METADATA_GT_CALIBRATION_OR_CODE,47258,9832b46e87cccd183270ce57464f12fd429c94b6f00ad917daa817bbe20da56a,False,COMPLETE_SHA256_RECORDED
official_repository/data/20220717-2/uncertainty/static_raw_data/prism1.csv,/home/lj/zero_perturbation_data/rts_gt_v1/official_repository/data/20220717-2/uncertainty/static_raw_data/prism1.csv,https://github.com/norlab-ulaval/RTS_project/blob/449a299bcf8bc11766718db4ed4aea4a489c7c46/data/20220717-2/uncertainty/static_raw_data/prism1.csv,OFFICIAL_GIT_METADATA_GT_CALIBRATION_OR_CODE,17743,c21e98f4785f6f902040469ab8ff5dc65a8c05483fff2cb167f021f2e000cf7c,False,COMPLETE_SHA256_RECORDED
official_repository/data/20220717-2/uncertainty/static_raw_data/prism2.csv,/home/lj/zero_perturbation_data/rts_gt_v1/official_repository/data/20220717-2/uncertainty/static_raw_data/prism2.csv,https://github.com/norlab-ulaval/RTS_project/blob/449a299bcf8bc11766718db4ed4aea4a489c7c46/data/20220717-2/uncertainty/static_raw_data/prism2.csv,OFFICIAL_GIT_METADATA_GT_CALIBRATION_OR_CODE,14814,c04a5c5d85d5e886769bd7444c61f7b4cacba664f6a2ba50510a5affd7d03c9d,False,COMPLETE_SHA256_RECORDED
official_repository/data/20220717-2/uncertainty/static_raw_data/prism3.csv,/home/lj/zero_perturbation_data/rts_gt_v1/official_repository/data/20220717-2/uncertainty/static_raw_data/prism3.csv,https://github.com/norlab-ulaval/RTS_project/blob/449a299bcf8bc11766718db4ed4aea4a489c7c46/data/20220717-2/uncertainty/static_raw_data/prism3.csv,OFFICIAL_GIT_METADATA_GT_CALIBRATION_OR_CODE,12259,25a23d733cfa7d1beb630e83bc27df8a4f76bda816a00771f9b081ce1ebb8ca1,False,COMPLETE_SHA256_RECORDED
official_repository/data/20220717-3/filtered_prediction/f-0.5-1-1-1-6-0-L_1.csv,/home/lj/zero_perturbation_data/rts_gt_v1/official_repository/data/20220717-3/filtered_prediction/f-0.5-1-1-1-6-0-L_1.csv,https://github.com/norlab-ulaval/RTS_project/blob/449a299bcf8bc11766718db4ed4aea4a489c7c46/data/20220717-3/filtered_prediction/f-0.5-1-1-1-6-0-L_1.csv,OFFICIAL_GIT_METADATA_GT_CALIBRATION_OR_CODE,7090,c7dd2c5541489f3203b70c93b377725292fefe00c7f580aefa88e2c784113e5c,False,COMPLETE_SHA256_RECORDED
official_repository/data/20220717-3/filtered_prediction/f-0.5-1-1-1-6-0-L_2.csv,/home/lj/zero_perturbation_data/rts_gt_v1/official_repository/data/20220717-3/filtered_prediction/f-0.5-1-1-1-6-0-L_2.csv,https://github.com/norlab-ulaval/RTS_project/blob/449a299bcf8bc11766718db4ed4aea4a489c7c46/data/20220717-3/filtered_prediction/f-0.5-1-1-1-6-0-L_2.csv,OFFICIAL_GIT_METADATA_GT_CALIBRATION_OR_CODE,7055,3394e783fdc3a150277dde5221a38cf0e50242896c355ff8b6a0f751f77e5ac9,False,COMPLETE_SHA256_RECORDED
official_repository/data/20220717-3/filtered_prediction/f-0.5-1-1-1-6-0-L_3.csv,/home/lj/zero_perturbation_data/rts_gt_v1/official_repository/data/20220717-3/filtered_prediction/f-0.5-1-1-1-6-0-L_3.csv,https://github.com/norlab-ulaval/RTS_project/blob/449a299bcf8bc11766718db4ed4aea4a489c7c46/data/20220717-3/filtered_prediction/f-0.5-1-1-1-6-0-L_3.csv,OFFICIAL_GIT_METADATA_GT_CALIBRATION_OR_CODE,7152,fc20bd9be4584d54567546f3cc656410a27cfcc81efbe642edddce667b37be28,False,COMPLETE_SHA256_RECORDED
official_repository/data/20220717-3/filtered_prediction/f-1-0.5-1-1-6-0-L_1.csv,/home/lj/zero_perturbation_data/rts_gt_v1/official_repository/data/20220717-3/filtered_prediction/f-1-0.5-1-1-6-0-L_1.csv,https://github.com/norlab-ulaval/RTS_project/blob/449a299bcf8bc11766718db4ed4aea4a489c7c46/data/20220717-3/filtered_prediction/f-1-0.5-1-1-6-0-L_1.csv,OFFICIAL_GIT_METADATA_GT_CALIBRATION_OR_CODE,36681,7425d83bfffe8bbf75d17bd5a559495c8180fbd25e7e5c7ba2049e5cdb460048,False,COMPLETE_SHA256_RECORDED
official_repository/data/20220717-3/filtered_prediction/f-1-0.5-1-1-6-0-L_2.csv,/home/lj/zero_perturbation_data/rts_gt_v1/official_repository/data/20220717-3/filtered_prediction/f-1-0.5-1-1-6-0-L_2.csv,https://github.com/norlab-ulaval/RTS_project/blob/449a299bcf8bc11766718db4ed4aea4a489c7c46/data/20220717-3/filtered_prediction/f-1-0.5-1-1-6-0-L_2.csv,OFFICIAL_GIT_METADATA_GT_CALIBRATION_OR_CODE,36958,6230fadd625ef493a364b95cf2e776d56f2d4269da04d6924abf29677f702e8b,False,COMPLETE_SHA256_RECORDED
official_repository/data/20220717-3/filtered_prediction/f-1-0.5-1-1-6-0-L_3.csv,/home/lj/zero_perturbation_data/rts_gt_v1/official_repository/data/20220717-3/filtered_prediction/f-1-0.5-1-1-6-0-L_3.csv,https://github.com/norlab-ulaval/RTS_project/blob/449a299bcf8bc11766718db4ed4aea4a489c7c46/data/20220717-3/filtered_prediction/f-1-0.5-1-1-6-0-L_3.csv,OFFICIAL_GIT_METADATA_GT_CALIBRATION_OR_CODE,37691,bde36ce51e20bdfbc5a84feb7c214ef2881e4b332f36bf51d2b3ce9ce990dab1,False,COMPLETE_SHA256_RECORDED
official_repository/data/20220717-3/filtered_prediction/f-1-1-0.5-1-6-0-L_1.csv,/home/lj/zero_perturbation_data/rts_gt_v1/official_repository/data/20220717-3/filtered_prediction/f-1-1-0.5-1-6-0-L_1.csv,https://github.com/norlab-ulaval/RTS_project/blob/449a299bcf8bc11766718db4ed4aea4a489c7c46/data/20220717-3/filtered_prediction/f-1-1-0.5-1-6-0-L_1.csv,OFFICIAL_GIT_METADATA_GT_CALIBRATION_OR_CODE,41595,e23c6bcfddd821e0eace7bcb7b4a0d408403f06dd8cef0d9a541a4b0e87c67bb,False,COMPLETE_SHA256_RECORDED
official_repository/data/20220717-3/filtered_prediction/f-1-1-0.5-1-6-0-L_2.csv,/home/lj/zero_perturbation_data/rts_gt_v1/official_repository/data/20220717-3/filtered_prediction/f-1-1-0.5-1-6-0-L_2.csv,https://github.com/norlab-ulaval/RTS_project/blob/449a299bcf8bc11766718db4ed4aea4a489c7c46/data/20220717-3/filtered_prediction/f-1-1-0.5-1-6-0-L_2.csv,OFFICIAL_GIT_METADATA_GT_CALIBRATION_OR_CODE,41847,d26840daab858f7793d8ed1528e3facb7133a09e45bede356fb29a2423c48c28,False,COMPLETE_SHA256_RECORDED
official_repository/data/20220717-3/filtered_prediction/f-1-1-0.5-1-6-0-L_3.csv,/home/lj/zero_perturbation_data/rts_gt_v1/official_repository/data/20220717-3/filtered_prediction/f-1-1-0.5-1-6-0-L_3.csv,https://github.com/norlab-ulaval/RTS_project/blob/449a299bcf8bc11766718db4ed4aea4a489c7c46/data/20220717-3/filtered_prediction/f-1-1-0.5-1-6-0-L_3.csv,OFFICIAL_GIT_METADATA_GT_CALIBRATION_OR_CODE,42688,13cee209cd7bf28633be67645f39596a9b0a4e9aa1afbef06e276b5208b1a7aa,False,COMPLETE_SHA256_RECORDED
official_repository/data/20220717-3/filtered_prediction/f-1-1-1-1-6-0-L_1.csv,/home/lj/zero_perturbation_data/rts_gt_v1/official_repository/data/20220717-3/filtered_prediction/f-1-1-1-1-6-0-L_1.csv,https://github.com/norlab-ulaval/RTS_project/blob/449a299bcf8bc11766718db4ed4aea4a489c7c46/data/20220717-3/filtered_prediction/f-1-1-1-1-6-0-L_1.csv,OFFICIAL_GIT_METADATA_GT_CALIBRATION_OR_CODE,41595,e23c6bcfddd821e0eace7bcb7b4a0d408403f06dd8cef0d9a541a4b0e87c67bb,False,COMPLETE_SHA256_RECORDED
official_repository/data/20220717-3/filtered_prediction/f-1-1-1-1-6-0-L_2.csv,/home/lj/zero_perturbation_data/rts_gt_v1/official_repository/data/20220717-3/filtered_prediction/f-1-1-1-1-6-0-L_2.csv,https://github.com/norlab-ulaval/RTS_project/blob/449a299bcf8bc11766718db4ed4aea4a489c7c46/data/20220717-3/filtered_prediction/f-1-1-1-1-6-0-L_2.csv,OFFICIAL_GIT_METADATA_GT_CALIBRATION_OR_CODE,41847,d26840daab858f7793d8ed1528e3facb7133a09e45bede356fb29a2423c48c28,False,COMPLETE_SHA256_RECORDED
official_repository/data/20220717-3/filtered_prediction/f-1-1-1-1-6-0-L_3.csv,/home/lj/zero_perturbation_data/rts_gt_v1/official_repository/data/20220717-3/filtered_prediction/f-1-1-1-1-6-0-L_3.csv,https://github.com/norlab-ulaval/RTS_project/blob/449a299bcf8bc11766718db4ed4aea4a489c7c46/data/20220717-3/filtered_prediction/f-1-1-1-1-6-0-L_3.csv,OFFICIAL_GIT_METADATA_GT_CALIBRATION_OR_CODE,42688,13cee209cd7bf28633be67645f39596a9b0a4e9aa1afbef06e276b5208b1a7aa,False,COMPLETE_SHA256_RECORDED
official_repository/data/20220717-3/filtered_prediction/f-1-1-1.5-1-6-0-L_1.csv,/home/lj/zero_perturbation_data/rts_gt_v1/official_repository/data/20220717-3/filtered_prediction/f-1-1-1.5-1-6-0-L_1.csv,https://github.com/norlab-ulaval/RTS_project/blob/449a299bcf8bc11766718db4ed4aea4a489c7c46/data/20220717-3/filtered_prediction/f-1-1-1.5-1-6-0-L_1.csv,OFFICIAL_GIT_METADATA_GT_CALIBRATION_OR_CODE,41595,e23c6bcfddd821e0eace7bcb7b4a0d408403f06dd8cef0d9a541a4b0e87c67bb,False,COMPLETE_SHA256_RECORDED
official_repository/data/20220717-3/filtered_prediction/f-1-1-1.5-1-6-0-L_2.csv,/home/lj/zero_perturbation_data/rts_gt_v1/official_repository/data/20220717-3/filtered_prediction/f-1-1-1.5-1-6-0-L_2.csv,https://github.com/norlab-ulaval/RTS_project/blob/449a299bcf8bc11766718db4ed4aea4a489c7c46/data/20220717-3/filtered_prediction/f-1-1-1.5-1-6-0-L_2.csv,OFFICIAL_GIT_METADATA_GT_CALIBRATION_OR_CODE,41847,d26840daab858f7793d8ed1528e3facb7133a09e45bede356fb29a2423c48c28,False,COMPLETE_SHA256_RECORDED
official_repository/data/20220717-3/filtered_prediction/f-1-1-1.5-1-6-0-L_3.csv,/home/lj/zero_perturbation_data/rts_gt_v1/official_repository/data/20220717-3/filtered_prediction/f-1-1-1.5-1-6-0-L_3.csv,https://github.com/norlab-ulaval/RTS_project/blob/449a299bcf8bc11766718db4ed4aea4a489c7c46/data/20220717-3/filtered_prediction/f-1-1-1.5-1-6-0-L_3.csv,OFFICIAL_GIT_METADATA_GT_CALIBRATION_OR_CODE,42688,13cee209cd7bf28633be67645f39596a9b0a4e9aa1afbef06e276b5208b1a7aa,False,COMPLETE_SHA256_RECORDED
official_repository/data/20220717-3/filtered_prediction/f-1-1-2-1-6-0-L_1.csv,/home/lj/zero_perturbation_data/rts_gt_v1/official_repository/data/20220717-3/filtered_prediction/f-1-1-2-1-6-0-L_1.csv,https://github.com/norlab-ulaval/RTS_project/blob/449a299bcf8bc11766718db4ed4aea4a489c7c46/data/20220717-3/filtered_prediction/f-1-1-2-1-6-0-L_1.csv,OFFICIAL_GIT_METADATA_GT_CALIBRATION_OR_CODE,41595,e23c6bcfddd821e0eace7bcb7b4a0d408403f06dd8cef0d9a541a4b0e87c67bb,False,COMPLETE_SHA256_RECORDED
official_repository/data/20220717-3/filtered_prediction/f-1-1-2-1-6-0-L_2.csv,/home/lj/zero_perturbation_data/rts_gt_v1/official_repository/data/20220717-3/filtered_prediction/f-1-1-2-1-6-0-L_2.csv,https://github.com/norlab-ulaval/RTS_project/blob/449a299bcf8bc11766718db4ed4aea4a489c7c46/data/20220717-3/filtered_prediction/f-1-1-2-1-6-0-L_2.csv,OFFICIAL_GIT_METADATA_GT_CALIBRATION_OR_CODE,41847,d26840daab858f7793d8ed1528e3facb7133a09e45bede356fb29a2423c48c28,False,COMPLETE_SHA256_RECORDED
official_repository/data/20220717-3/filtered_prediction/f-1-1-2-1-6-0-L_3.csv,/home/lj/zero_perturbation_data/rts_gt_v1/official_repository/data/20220717-3/filtered_prediction/f-1-1-2-1-6-0-L_3.csv,https://github.com/norlab-ulaval/RTS_project/blob/449a299bcf8bc11766718db4ed4aea4a489c7c46/data/20220717-3/filtered_prediction/f-1-1-2-1-6-0-L_3.csv,OFFICIAL_GIT_METADATA_GT_CALIBRATION_OR_CODE,42688,13cee209cd7bf28633be67645f39596a9b0a4e9aa1afbef06e276b5208b1a7aa,False,COMPLETE_SHA256_RECORDED
official_repository/data/20220717-3/filtered_prediction/f-1-1-2.5-1-6-0-L_1.csv,/home/lj/zero_perturbation_data/rts_gt_v1/official_repository/data/20220717-3/filtered_prediction/f-1-1-2.5-1-6-0-L_1.csv,https://github.com/norlab-ulaval/RTS_project/blob/449a299bcf8bc11766718db4ed4aea4a489c7c46/data/20220717-3/filtered_prediction/f-1-1-2.5-1-6-0-L_1.csv,OFFICIAL_GIT_METADATA_GT_CALIBRATION_OR_CODE,41595,e23c6bcfddd821e0eace7bcb7b4a0d408403f06dd8cef0d9a541a4b0e87c67bb,False,COMPLETE_SHA256_RECORDED
official_repository/data/20220717-3/filtered_prediction/f-1-1-2.5-1-6-0-L_2.csv,/home/lj/zero_perturbation_data/rts_gt_v1/official_repository/data/20220717-3/filtered_prediction/f-1-1-2.5-1-6-0-L_2.csv,https://github.com/norlab-ulaval/RTS_project/blob/449a299bcf8bc11766718db4ed4aea4a489c7c46/data/20220717-3/filtered_prediction/f-1-1-2.5-1-6-0-L_2.csv,OFFICIAL_GIT_METADATA_GT_CALIBRATION_OR_CODE,41847,d26840daab858f7793d8ed1528e3facb7133a09e45bede356fb29a2423c48c28,False,COMPLETE_SHA256_RECORDED
official_repository/data/20220717-3/filtered_prediction/f-1-1-2.5-1-6-0-L_3.csv,/home/lj/zero_perturbation_data/rts_gt_v1/official_repository/data/20220717-3/filtered_prediction/f-1-1-2.5-1-6-0-L_3.csv,https://github.com/norlab-ulaval/RTS_project/blob/449a299bcf8bc11766718db4ed4aea4a489c7c46/data/20220717-3/filtered_prediction/f-1-1-2.5-1-6-0-L_3.csv,OFFICIAL_GIT_METADATA_GT_CALIBRATION_OR_CODE,42688,13cee209cd7bf28633be67645f39596a9b0a4e9aa1afbef06e276b5208b1a7aa,False,COMPLETE_SHA256_RECORDED
official_repository/data/20220717-3/filtered_prediction/f-1-1-3-1-6-0-L_1.csv,/home/lj/zero_perturbation_data/rts_gt_v1/official_repository/data/20220717-3/filtered_prediction/f-1-1-3-1-6-0-L_1.csv,https://github.com/norlab-ulaval/RTS_project/blob/449a299bcf8bc11766718db4ed4aea4a489c7c46/data/20220717-3/filtered_prediction/f-1-1-3-1-6-0-L_1.csv,OFFICIAL_GIT_METADATA_GT_CALIBRATION_OR_CODE,41595,e23c6bcfddd821e0eace7bcb7b4a0d408403f06dd8cef0d9a541a4b0e87c67bb,False,COMPLETE_SHA256_RECORDED
official_repository/data/20220717-3/filtered_prediction/f-1-1-3-1-6-0-L_2.csv,/home/lj/zero_perturbation_data/rts_gt_v1/official_repository/data/20220717-3/filtered_prediction/f-1-1-3-1-6-0-L_2.csv,https://github.com/norlab-ulaval/RTS_project/blob/449a299bcf8bc11766718db4ed4aea4a489c7c46/data/20220717-3/filtered_prediction/f-1-1-3-1-6-0-L_2.csv,OFFICIAL_GIT_METADATA_GT_CALIBRATION_OR_CODE,41847,d26840daab858f7793d8ed1528e3facb7133a09e45bede356fb29a2423c48c28,False,COMPLETE_SHA256_RECORDED
official_repository/data/20220717-3/filtered_prediction/f-1-1-3-1-6-0-L_3.csv,/home/lj/zero_perturbation_data/rts_gt_v1/official_repository/data/20220717-3/filtered_prediction/f-1-1-3-1-6-0-L_3.csv,https://github.com/norlab-ulaval/RTS_project/blob/449a299bcf8bc11766718db4ed4aea4a489c7c46/data/20220717-3/filtered_prediction/f-1-1-3-1-6-0-L_3.csv,OFFICIAL_GIT_METADATA_GT_CALIBRATION_OR_CODE,42688,13cee209cd7bf28633be67645f39596a9b0a4e9aa1afbef06e276b5208b1a7aa,False,COMPLETE_SHA256_RECORDED
official_repository/data/20220717-3/filtered_prediction/f-1-1.5-1-1-6-0-L_1.csv,/home/lj/zero_perturbation_data/rts_gt_v1/official_repository/data/20220717-3/filtered_prediction/f-1-1.5-1-1-6-0-L_1.csv,https://github.com/norlab-ulaval/RTS_project/blob/449a299bcf8bc11766718db4ed4aea4a489c7c46/data/20220717-3/filtered_prediction/f-1-1.5-1-1-6-0-L_1.csv,OFFICIAL_GIT_METADATA_GT_CALIBRATION_OR_CODE,46312,2452bc6935ea736f4145dae0176c87e692bc2fcaac4c39834da33b28b656e3e8,False,COMPLETE_SHA256_RECORDED
official_repository/data/20220717-3/filtered_prediction/f-1-1.5-1-1-6-0-L_2.csv,/home/lj/zero_perturbation_data/rts_gt_v1/official_repository/data/20220717-3/filtered_prediction/f-1-1.5-1-1-6-0-L_2.csv,https://github.com/norlab-ulaval/RTS_project/blob/449a299bcf8bc11766718db4ed4aea4a489c7c46/data/20220717-3/filtered_prediction/f-1-1.5-1-1-6-0-L_2.csv,OFFICIAL_GIT_METADATA_GT_CALIBRATION_OR_CODE,46518,8617d2c0a379a11a64dc4a7991e5a9ab69db8933cc1f5eb80a0f13046db61b08,False,COMPLETE_SHA256_RECORDED
official_repository/data/20220717-3/filtered_prediction/f-1-1.5-1-1-6-0-L_3.csv,/home/lj/zero_perturbation_data/rts_gt_v1/official_repository/data/20220717-3/filtered_prediction/f-1-1.5-1-1-6-0-L_3.csv,https://github.com/norlab-ulaval/RTS_project/blob/449a299bcf8bc11766718db4ed4aea4a489c7c46/data/20220717-3/filtered_prediction/f-1-1.5-1-1-6-0-L_3.csv,OFFICIAL_GIT_METADATA_GT_CALIBRATION_OR_CODE,47425,6a8f4638762661b42113c2073e34407a387b10e97fcc764ac8ffe6f3935aa247,False,COMPLETE_SHA256_RECORDED
official_repository/data/20220717-3/filtered_prediction/f-1-2-1-1-6-0-L_1.csv,/home/lj/zero_perturbation_data/rts_gt_v1/official_repository/data/20220717-3/filtered_prediction/f-1-2-1-1-6-0-L_1.csv,https://github.com/norlab-ulaval/RTS_project/blob/449a299bcf8bc11766718db4ed4aea4a489c7c46/data/20220717-3/filtered_prediction/f-1-2-1-1-6-0-L_1.csv,OFFICIAL_GIT_METADATA_GT_CALIBRATION_OR_CODE,46854,44416a391e4344c677eb2ba65f9ca70c14000faa7d96d35a89d46faf85fd8eae,False,COMPLETE_SHA256_RECORDED
official_repository/data/20220717-3/filtered_prediction/f-1-2-1-1-6-0-L_2.csv,/home/lj/zero_perturbation_data/rts_gt_v1/official_repository/data/20220717-3/filtered_prediction/f-1-2-1-1-6-0-L_2.csv,https://github.com/norlab-ulaval/RTS_project/blob/449a299bcf8bc11766718db4ed4aea4a489c7c46/data/20220717-3/filtered_prediction/f-1-2-1-1-6-0-L_2.csv,OFFICIAL_GIT_METADATA_GT_CALIBRATION_OR_CODE,47054,e9e86bb08413a6ca0e6b89f43e8a6a4e725ecbf5be6b3c7cb627553546b4e061,False,COMPLETE_SHA256_RECORDED
official_repository/data/20220717-3/filtered_prediction/f-1-2-1-1-6-0-L_3.csv,/home/lj/zero_perturbation_data/rts_gt_v1/official_repository/data/20220717-3/filtered_prediction/f-1-2-1-1-6-0-L_3.csv,https://github.com/norlab-ulaval/RTS_project/blob/449a299bcf8bc11766718db4ed4aea4a489c7c46/data/20220717-3/filtered_prediction/f-1-2-1-1-6-0-L_3.csv,OFFICIAL_GIT_METADATA_GT_CALIBRATION_OR_CODE,47970,780089a95e8a99873fccc79ce46beff5ccf5b9adb7b94d6a6711ded4788e0661,False,COMPLETE_SHA256_RECORDED
official_repository/data/20220717-3/filtered_prediction/f-1-2.5-1-1-6-0-L_1.csv,/home/lj/zero_perturbation_data/rts_gt_v1/official_repository/data/20220717-3/filtered_prediction/f-1-2.5-1-1-6-0-L_1.csv,https://github.com/norlab-ulaval/RTS_project/blob/449a299bcf8bc11766718db4ed4aea4a489c7c46/data/20220717-3/filtered_prediction/f-1-2.5-1-1-6-0-L_1.csv,OFFICIAL_GIT_METADATA_GT_CALIBRATION_OR_CODE,55023,b637beeeb5e22de1dcee8b9ce4f442929525a64afbd88729d51a91487b0d46d1,False,COMPLETE_SHA256_RECORDED
official_repository/data/20220717-3/filtered_prediction/f-1-2.5-1-1-6-0-L_2.csv,/home/lj/zero_perturbation_data/rts_gt_v1/official_repository/data/20220717-3/filtered_prediction/f-1-2.5-1-1-6-0-L_2.csv,https://github.com/norlab-ulaval/RTS_project/blob/449a299bcf8bc11766718db4ed4aea4a489c7c46/data/20220717-3/filtered_prediction/f-1-2.5-1-1-6-0-L_2.csv,OFFICIAL_GIT_METADATA_GT_CALIBRATION_OR_CODE,55157,3e7a9b2b593928fce5d520cb05f7e7ec0e2e71ede15ed1117650380a01912089,False,COMPLETE_SHA256_RECORDED
official_repository/data/20220717-3/filtered_prediction/f-1-2.5-1-1-6-0-L_3.csv,/home/lj/zero_perturbation_data/rts_gt_v1/official_repository/data/20220717-3/filtered_prediction/f-1-2.5-1-1-6-0-L_3.csv,https://github.com/norlab-ulaval/RTS_project/blob/449a299bcf8bc11766718db4ed4aea4a489c7c46/data/20220717-3/filtered_prediction/f-1-2.5-1-1-6-0-L_3.csv,OFFICIAL_GIT_METADATA_GT_CALIBRATION_OR_CODE,56202,9f7e58efe678e73776f6ab374735fab87882e4705c6f9470778317a4ec982b30,False,COMPLETE_SHA256_RECORDED
official_repository/data/20220717-3/filtered_prediction/f-1-3-1-1-6-0-L_1.csv,/home/lj/zero_perturbation_data/rts_gt_v1/official_repository/data/20220717-3/filtered_prediction/f-1-3-1-1-6-0-L_1.csv,https://github.com/norlab-ulaval/RTS_project/blob/449a299bcf8bc11766718db4ed4aea4a489c7c46/data/20220717-3/filtered_prediction/f-1-3-1-1-6-0-L_1.csv,OFFICIAL_GIT_METADATA_GT_CALIBRATION_OR_CODE,55023,b637beeeb5e22de1dcee8b9ce4f442929525a64afbd88729d51a91487b0d46d1,False,COMPLETE_SHA256_RECORDED
official_repository/data/20220717-3/filtered_prediction/f-1-3-1-1-6-0-L_2.csv,/home/lj/zero_perturbation_data/rts_gt_v1/official_repository/data/20220717-3/filtered_prediction/f-1-3-1-1-6-0-L_2.csv,https://github.com/norlab-ulaval/RTS_project/blob/449a299bcf8bc11766718db4ed4aea4a489c7c46/data/20220717-3/filtered_prediction/f-1-3-1-1-6-0-L_2.csv,OFFICIAL_GIT_METADATA_GT_CALIBRATION_OR_CODE,55157,3e7a9b2b593928fce5d520cb05f7e7ec0e2e71ede15ed1117650380a01912089,False,COMPLETE_SHA256_RECORDED
official_repository/data/20220717-3/filtered_prediction/f-1-3-1-1-6-0-L_3.csv,/home/lj/zero_perturbation_data/rts_gt_v1/official_repository/data/20220717-3/filtered_prediction/f-1-3-1-1-6-0-L_3.csv,https://github.com/norlab-ulaval/RTS_project/blob/449a299bcf8bc11766718db4ed4aea4a489c7c46/data/20220717-3/filtered_prediction/f-1-3-1-1-6-0-L_3.csv,OFFICIAL_GIT_METADATA_GT_CALIBRATION_OR_CODE,56202,9f7e58efe678e73776f6ab374735fab87882e4705c6f9470778317a4ec982b30,False,COMPLETE_SHA256_RECORDED
official_repository/data/20220717-3/filtered_prediction/f-1.5-1-1-1-6-0-L_1.csv,/home/lj/zero_perturbation_data/rts_gt_v1/official_repository/data/20220717-3/filtered_prediction/f-1.5-1-1-1-6-0-L_1.csv,https://github.com/norlab-ulaval/RTS_project/blob/449a299bcf8bc11766718db4ed4aea4a489c7c46/data/20220717-3/filtered_prediction/f-1.5-1-1-1-6-0-L_1.csv,OFFICIAL_GIT_METADATA_GT_CALIBRATION_OR_CODE,300278,7d56b270688d5bf99a28262be06417f710df38c4488f172a3f46d43b00118d21,False,COMPLETE_SHA256_RECORDED
official_repository/data/20220717-3/filtered_prediction/f-1.5-1-1-1-6-0-L_2.csv,/home/lj/zero_perturbation_data/rts_gt_v1/official_repository/data/20220717-3/filtered_prediction/f-1.5-1-1-1-6-0-L_2.csv,https://github.com/norlab-ulaval/RTS_project/blob/449a299bcf8bc11766718db4ed4aea4a489c7c46/data/20220717-3/filtered_prediction/f-1.5-1-1-1-6-0-L_2.csv,OFFICIAL_GIT_METADATA_GT_CALIBRATION_OR_CODE,303385,2a2e5925c98bd724503063a46a4b40326a006d8eeb92738ff1ba1a1d540ddf0a,False,COMPLETE_SHA256_RECORDED
official_repository/data/20220717-3/filtered_prediction/f-1.5-1-1-1-6-0-L_3.csv,/home/lj/zero_perturbation_data/rts_gt_v1/official_repository/data/20220717-3/filtered_prediction/f-1.5-1-1-1-6-0-L_3.csv,https://github.com/norlab-ulaval/RTS_project/blob/449a299bcf8bc11766718db4ed4aea4a489c7c46/data/20220717-3/filtered_prediction/f-1.5-1-1-1-6-0-L_3.csv,OFFICIAL_GIT_METADATA_GT_CALIBRATION_OR_CODE,308900,0d616841efb401ed06371f6cb78e7c8d408cdf2e12c6aedbd45f1678c03d4b33,False,COMPLETE_SHA256_RECORDED
official_repository/data/20220717-3/filtered_prediction/f-2-1-1-0.5-6-0-L_1.csv,/home/lj/zero_perturbation_data/rts_gt_v1/official_repository/data/20220717-3/filtered_prediction/f-2-1-1-0.5-6-0-L_1.csv,https://github.com/norlab-ulaval/RTS_project/blob/449a299bcf8bc11766718db4ed4aea4a489c7c46/data/20220717-3/filtered_prediction/f-2-1-1-0.5-6-0-L_1.csv,OFFICIAL_GIT_METADATA_GT_CALIBRATION_OR_CODE,287396,862f9d8b1831ea96d29ae2f46e39295e9ce22b2003d49f6abd7e4adc9ad7e2d8,False,COMPLETE_SHA256_RECORDED
official_repository/data/20220717-3/filtered_prediction/f-2-1-1-0.5-6-0-L_2.csv,/home/lj/zero_perturbation_data/rts_gt_v1/official_repository/data/20220717-3/filtered_prediction/f-2-1-1-0.5-6-0-L_2.csv,https://github.com/norlab-ulaval/RTS_project/blob/449a299bcf8bc11766718db4ed4aea4a489c7c46/data/20220717-3/filtered_prediction/f-2-1-1-0.5-6-0-L_2.csv,OFFICIAL_GIT_METADATA_GT_CALIBRATION_OR_CODE,290423,920cbb6d983b3dc9dad514c7df419438c6b0b683bcb53c89e87596f4552a5656,False,COMPLETE_SHA256_RECORDED
official_repository/data/20220717-3/filtered_prediction/f-2-1-1-0.5-6-0-L_3.csv,/home/lj/zero_perturbation_data/rts_gt_v1/official_repository/data/20220717-3/filtered_prediction/f-2-1-1-0.5-6-0-L_3.csv,https://github.com/norlab-ulaval/RTS_project/blob/449a299bcf8bc11766718db4ed4aea4a489c7c46/data/20220717-3/filtered_prediction/f-2-1-1-0.5-6-0-L_3.csv,OFFICIAL_GIT_METADATA_GT_CALIBRATION_OR_CODE,295657,1471f1d635f957515094ab543224c9d3fb80fd80f6b5b11fe77155654b93bbbd,False,COMPLETE_SHA256_RECORDED
official_repository/data/20220717-3/filtered_prediction/f-2-1-1-0.75-6-0-L_1.csv,/home/lj/zero_perturbation_data/rts_gt_v1/official_repository/data/20220717-3/filtered_prediction/f-2-1-1-0.75-6-0-L_1.csv,https://github.com/norlab-ulaval/RTS_project/blob/449a299bcf8bc11766718db4ed4aea4a489c7c46/data/20220717-3/filtered_prediction/f-2-1-1-0.75-6-0-L_1.csv,OFFICIAL_GIT_METADATA_GT_CALIBRATION_OR_CODE,287396,862f9d8b1831ea96d29ae2f46e39295e9ce22b2003d49f6abd7e4adc9ad7e2d8,False,COMPLETE_SHA256_RECORDED
official_repository/data/20220717-3/filtered_prediction/f-2-1-1-0.75-6-0-L_2.csv,/home/lj/zero_perturbation_data/rts_gt_v1/official_repository/data/20220717-3/filtered_prediction/f-2-1-1-0.75-6-0-L_2.csv,https://github.com/norlab-ulaval/RTS_project/blob/449a299bcf8bc11766718db4ed4aea4a489c7c46/data/20220717-3/filtered_prediction/f-2-1-1-0.75-6-0-L_2.csv,OFFICIAL_GIT_METADATA_GT_CALIBRATION_OR_CODE,290423,920cbb6d983b3dc9dad514c7df419438c6b0b683bcb53c89e87596f4552a5656,False,COMPLETE_SHA256_RECORDED
official_repository/data/20220717-3/filtered_prediction/f-2-1-1-0.75-6-0-L_3.csv,/home/lj/zero_perturbation_data/rts_gt_v1/official_repository/data/20220717-3/filtered_prediction/f-2-1-1-0.75-6-0-L_3.csv,https://github.com/norlab-ulaval/RTS_project/blob/449a299bcf8bc11766718db4ed4aea4a489c7c46/data/20220717-3/filtered_prediction/f-2-1-1-0.75-6-0-L_3.csv,OFFICIAL_GIT_METADATA_GT_CALIBRATION_OR_CODE,295657,1471f1d635f957515094ab543224c9d3fb80fd80f6b5b11fe77155654b93bbbd,False,COMPLETE_SHA256_RECORDED
official_repository/data/20220717-3/filtered_prediction/f-2-1-1-1-10-0-L_1.csv,/home/lj/zero_perturbation_data/rts_gt_v1/official_repository/data/20220717-3/filtered_prediction/f-2-1-1-1-10-0-L_1.csv,https://github.com/norlab-ulaval/RTS_project/blob/449a299bcf8bc11766718db4ed4aea4a489c7c46/data/20220717-3/filtered_prediction/f-2-1-1-1-10-0-L_1.csv,OFFICIAL_GIT_METADATA_GT_CALIBRATION_OR_CODE,280779,d25f88e0d8170a8b6357f1ee38dbae65fbdbefe8b05b190b95066da29d265f83,False,COMPLETE_SHA256_RECORDED
official_repository/data/20220717-3/filtered_prediction/f-2-1-1-1-10-0-L_2.csv,/home/lj/zero_perturbation_data/rts_gt_v1/official_repository/data/20220717-3/filtered_prediction/f-2-1-1-1-10-0-L_2.csv,https://github.com/norlab-ulaval/RTS_project/blob/449a299bcf8bc11766718db4ed4aea4a489c7c46/data/20220717-3/filtered_prediction/f-2-1-1-1-10-0-L_2.csv,OFFICIAL_GIT_METADATA_GT_CALIBRATION_OR_CODE,283813,1910626022d2fd2a8db94dde3d02b5f40eb9dd0c1f7a1eaf5c2fd17ca0f85991,False,COMPLETE_SHA256_RECORDED
official_repository/data/20220717-3/filtered_prediction/f-2-1-1-1-10-0-L_3.csv,/home/lj/zero_perturbation_data/rts_gt_v1/official_repository/data/20220717-3/filtered_prediction/f-2-1-1-1-10-0-L_3.csv,https://github.com/norlab-ulaval/RTS_project/blob/449a299bcf8bc11766718db4ed4aea4a489c7c46/data/20220717-3/filtered_prediction/f-2-1-1-1-10-0-L_3.csv,OFFICIAL_GIT_METADATA_GT_CALIBRATION_OR_CODE,289075,15bd172f2c195930e0b4ab8f4c3d1ac16cc629bd34dec2e99e75a6cb2bf51f49,False,COMPLETE_SHA256_RECORDED
official_repository/data/20220717-3/filtered_prediction/f-2-1-1-1-12-0-L_1.csv,/home/lj/zero_perturbation_data/rts_gt_v1/official_repository/data/20220717-3/filtered_prediction/f-2-1-1-1-12-0-L_1.csv,https://github.com/norlab-ulaval/RTS_project/blob/449a299bcf8bc11766718db4ed4aea4a489c7c46/data/20220717-3/filtered_prediction/f-2-1-1-1-12-0-L_1.csv,OFFICIAL_GIT_METADATA_GT_CALIBRATION_OR_CODE,280779,d25f88e0d8170a8b6357f1ee38dbae65fbdbefe8b05b190b95066da29d265f83,False,COMPLETE_SHA256_RECORDED
official_repository/data/20220717-3/filtered_prediction/f-2-1-1-1-12-0-L_2.csv,/home/lj/zero_perturbation_data/rts_gt_v1/official_repository/data/20220717-3/filtered_prediction/f-2-1-1-1-12-0-L_2.csv,https://github.com/norlab-ulaval/RTS_project/blob/449a299bcf8bc11766718db4ed4aea4a489c7c46/data/20220717-3/filtered_prediction/f-2-1-1-1-12-0-L_2.csv,OFFICIAL_GIT_METADATA_GT_CALIBRATION_OR_CODE,283813,1910626022d2fd2a8db94dde3d02b5f40eb9dd0c1f7a1eaf5c2fd17ca0f85991,False,COMPLETE_SHA256_RECORDED
official_repository/data/20220717-3/filtered_prediction/f-2-1-1-1-12-0-L_3.csv,/home/lj/zero_perturbation_data/rts_gt_v1/official_repository/data/20220717-3/filtered_prediction/f-2-1-1-1-12-0-L_3.csv,https://github.com/norlab-ulaval/RTS_project/blob/449a299bcf8bc11766718db4ed4aea4a489c7c46/data/20220717-3/filtered_prediction/f-2-1-1-1-12-0-L_3.csv,OFFICIAL_GIT_METADATA_GT_CALIBRATION_OR_CODE,289075,15bd172f2c195930e0b4ab8f4c3d1ac16cc629bd34dec2e99e75a6cb2bf51f49,False,COMPLETE_SHA256_RECORDED
official_repository/data/20220717-3/filtered_prediction/f-2-1-1-1-2-0-L_1.csv,/home/lj/zero_perturbation_data/rts_gt_v1/official_repository/data/20220717-3/filtered_prediction/f-2-1-1-1-2-0-L_1.csv,https://github.com/norlab-ulaval/RTS_project/blob/449a299bcf8bc11766718db4ed4aea4a489c7c46/data/20220717-3/filtered_prediction/f-2-1-1-1-2-0-L_1.csv,OFFICIAL_GIT_METADATA_GT_CALIBRATION_OR_CODE,315784,ba53754cd709a9ead1fc13aeab219e69af27f9e41cbe8811d7cd335686b239ec,False,COMPLETE_SHA256_RECORDED
official_repository/data/20220717-3/filtered_prediction/f-2-1-1-1-2-0-L_2.csv,/home/lj/zero_perturbation_data/rts_gt_v1/official_repository/data/20220717-3/filtered_prediction/f-2-1-1-1-2-0-L_2.csv,https://github.com/norlab-ulaval/RTS_project/blob/449a299bcf8bc11766718db4ed4aea4a489c7c46/data/20220717-3/filtered_prediction/f-2-1-1-1-2-0-L_2.csv,OFFICIAL_GIT_METADATA_GT_CALIBRATION_OR_CODE,318867,6845bbfd973f3d01218cc6645f63051fcf0eeea480d101a945fd0c780bdb49ba,False,COMPLETE_SHA256_RECORDED
official_repository/data/20220717-3/filtered_prediction/f-2-1-1-1-2-0-L_3.csv,/home/lj/zero_perturbation_data/rts_gt_v1/official_repository/data/20220717-3/filtered_prediction/f-2-1-1-1-2-0-L_3.csv,https://github.com/norlab-ulaval/RTS_project/blob/449a299bcf8bc11766718db4ed4aea4a489c7c46/data/20220717-3/filtered_prediction/f-2-1-1-1-2-0-L_3.csv,OFFICIAL_GIT_METADATA_GT_CALIBRATION_OR_CODE,324601,bdfa4484c791bc7fc590c8c655a41d908a96021933522047fd832b2b0cbb6d85,False,COMPLETE_SHA256_RECORDED
official_repository/data/20220717-3/filtered_prediction/f-2-1-1-1-4-0-L_1.csv,/home/lj/zero_perturbation_data/rts_gt_v1/official_repository/data/20220717-3/filtered_prediction/f-2-1-1-1-4-0-L_1.csv,https://github.com/norlab-ulaval/RTS_project/blob/449a299bcf8bc11766718db4ed4aea4a489c7c46/data/20220717-3/filtered_prediction/f-2-1-1-1-4-0-L_1.csv,OFFICIAL_GIT_METADATA_GT_CALIBRATION_OR_CODE,312270,80972b1b8ee6485e9ee1d3c7855e5acd642b982098650144e4f5071af692b9ac,False,COMPLETE_SHA256_RECORDED
official_repository/data/20220717-3/filtered_prediction/f-2-1-1-1-4-0-L_2.csv,/home/lj/zero_perturbation_data/rts_gt_v1/official_repository/data/20220717-3/filtered_prediction/f-2-1-1-1-4-0-L_2.csv,https://github.com/norlab-ulaval/RTS_project/blob/449a299bcf8bc11766718db4ed4aea4a489c7c46/data/20220717-3/filtered_prediction/f-2-1-1-1-4-0-L_2.csv,OFFICIAL_GIT_METADATA_GT_CALIBRATION_OR_CODE,315421,fbdd8b3d745778d621edf5a12788557812f238ebc26da9822a74b8bae3d893d7,False,COMPLETE_SHA256_RECORDED
official_repository/data/20220717-3/filtered_prediction/f-2-1-1-1-4-0-L_3.csv,/home/lj/zero_perturbation_data/rts_gt_v1/official_repository/data/20220717-3/filtered_prediction/f-2-1-1-1-4-0-L_3.csv,https://github.com/norlab-ulaval/RTS_project/blob/449a299bcf8bc11766718db4ed4aea4a489c7c46/data/20220717-3/filtered_prediction/f-2-1-1-1-4-0-L_3.csv,OFFICIAL_GIT_METADATA_GT_CALIBRATION_OR_CODE,321100,ea14aee3be2f6da743e21fe407529245564257e9f6648c8d408d3f4d3d2534cc,False,COMPLETE_SHA256_RECORDED
official_repository/data/20220717-3/filtered_prediction/f-2-1-1-1-6-0-L_1.csv,/home/lj/zero_perturbation_data/rts_gt_v1/official_repository/data/20220717-3/filtered_prediction/f-2-1-1-1-6-0-L_1.csv,https://github.com/norlab-ulaval/RTS_project/blob/449a299bcf8bc11766718db4ed4aea4a489c7c46/data/20220717-3/filtered_prediction/f-2-1-1-1-6-0-L_1.csv,OFFICIAL_GIT_METADATA_GT_CALIBRATION_OR_CODE,300278,7d56b270688d5bf99a28262be06417f710df38c4488f172a3f46d43b00118d21,False,COMPLETE_SHA256_RECORDED
official_repository/data/20220717-3/filtered_prediction/f-2-1-1-1-6-0-L_2.csv,/home/lj/zero_perturbation_data/rts_gt_v1/official_repository/data/20220717-3/filtered_prediction/f-2-1-1-1-6-0-L_2.csv,https://github.com/norlab-ulaval/RTS_project/blob/449a299bcf8bc11766718db4ed4aea4a489c7c46/data/20220717-3/filtered_prediction/f-2-1-1-1-6-0-L_2.csv,OFFICIAL_GIT_METADATA_GT_CALIBRATION_OR_CODE,303385,2a2e5925c98bd724503063a46a4b40326a006d8eeb92738ff1ba1a1d540ddf0a,False,COMPLETE_SHA256_RECORDED
official_repository/data/20220717-3/filtered_prediction/f-2-1-1-1-6-0-L_3.csv,/home/lj/zero_perturbation_data/rts_gt_v1/official_repository/data/20220717-3/filtered_prediction/f-2-1-1-1-6-0-L_3.csv,https://github.com/norlab-ulaval/RTS_project/blob/449a299bcf8bc11766718db4ed4aea4a489c7c46/data/20220717-3/filtered_prediction/f-2-1-1-1-6-0-L_3.csv,OFFICIAL_GIT_METADATA_GT_CALIBRATION_OR_CODE,308900,0d616841efb401ed06371f6cb78e7c8d408cdf2e12c6aedbd45f1678c03d4b33,False,COMPLETE_SHA256_RECORDED
official_repository/data/20220717-3/filtered_prediction/f-2-1-1-1-6-0.25-L_1.csv,/home/lj/zero_perturbation_data/rts_gt_v1/official_repository/data/20220717-3/filtered_prediction/f-2-1-1-1-6-0.25-L_1.csv,https://github.com/norlab-ulaval/RTS_project/blob/449a299bcf8bc11766718db4ed4aea4a489c7c46/data/20220717-3/filtered_prediction/f-2-1-1-1-6-0.25-L_1.csv,OFFICIAL_GIT_METADATA_GT_CALIBRATION_OR_CODE,300278,7d56b270688d5bf99a28262be06417f710df38c4488f172a3f46d43b00118d21,False,COMPLETE_SHA256_RECORDED
official_repository/data/20220717-3/filtered_prediction/f-2-1-1-1-6-0.25-L_2.csv,/home/lj/zero_perturbation_data/rts_gt_v1/official_repository/data/20220717-3/filtered_prediction/f-2-1-1-1-6-0.25-L_2.csv,https://github.com/norlab-ulaval/RTS_project/blob/449a299bcf8bc11766718db4ed4aea4a489c7c46/data/20220717-3/filtered_prediction/f-2-1-1-1-6-0.25-L_2.csv,OFFICIAL_GIT_METADATA_GT_CALIBRATION_OR_CODE,303385,2a2e5925c98bd724503063a46a4b40326a006d8eeb92738ff1ba1a1d540ddf0a,False,COMPLETE_SHA256_RECORDED
official_repository/data/20220717-3/filtered_prediction/f-2-1-1-1-6-0.25-L_3.csv,/home/lj/zero_perturbation_data/rts_gt_v1/official_repository/data/20220717-3/filtered_prediction/f-2-1-1-1-6-0.25-L_3.csv,https://github.com/norlab-ulaval/RTS_project/blob/449a299bcf8bc11766718db4ed4aea4a489c7c46/data/20220717-3/filtered_prediction/f-2-1-1-1-6-0.25-L_3.csv,OFFICIAL_GIT_METADATA_GT_CALIBRATION_OR_CODE,308900,0d616841efb401ed06371f6cb78e7c8d408cdf2e12c6aedbd45f1678c03d4b33,False,COMPLETE_SHA256_RECORDED
official_repository/data/20220717-3/filtered_prediction/f-2-1-1-1-6-0.5-L_1.csv,/home/lj/zero_perturbation_data/rts_gt_v1/official_repository/data/20220717-3/filtered_prediction/f-2-1-1-1-6-0.5-L_1.csv,https://github.com/norlab-ulaval/RTS_project/blob/449a299bcf8bc11766718db4ed4aea4a489c7c46/data/20220717-3/filtered_prediction/f-2-1-1-1-6-0.5-L_1.csv,OFFICIAL_GIT_METADATA_GT_CALIBRATION_OR_CODE,292956,2d14908f6aee5e4d7b8c0d468221ba3a103310a2877e97f3bb062e12ffe5d201,False,COMPLETE_SHA256_RECORDED
official_repository/data/20220717-3/filtered_prediction/f-2-1-1-1-6-0.5-L_2.csv,/home/lj/zero_perturbation_data/rts_gt_v1/official_repository/data/20220717-3/filtered_prediction/f-2-1-1-1-6-0.5-L_2.csv,https://github.com/norlab-ulaval/RTS_project/blob/449a299bcf8bc11766718db4ed4aea4a489c7c46/data/20220717-3/filtered_prediction/f-2-1-1-1-6-0.5-L_2.csv,OFFICIAL_GIT_METADATA_GT_CALIBRATION_OR_CODE,296029,9fd892aab3f88e291e78c2212abd73bf0dea1f6742b3c6e6ff0e6b9a0701b921,False,COMPLETE_SHA256_RECORDED
official_repository/data/20220717-3/filtered_prediction/f-2-1-1-1-6-0.5-L_3.csv,/home/lj/zero_perturbation_data/rts_gt_v1/official_repository/data/20220717-3/filtered_prediction/f-2-1-1-1-6-0.5-L_3.csv,https://github.com/norlab-ulaval/RTS_project/blob/449a299bcf8bc11766718db4ed4aea4a489c7c46/data/20220717-3/filtered_prediction/f-2-1-1-1-6-0.5-L_3.csv,OFFICIAL_GIT_METADATA_GT_CALIBRATION_OR_CODE,301312,56a19a2dd0a269db07448715f92ef45d4abc713ce19011f289472d4054638e92,False,COMPLETE_SHA256_RECORDED
official_repository/data/20220717-3/filtered_prediction/f-2-1-1-1-6-0.75-L_1.csv,/home/lj/zero_perturbation_data/rts_gt_v1/official_repository/data/20220717-3/filtered_prediction/f-2-1-1-1-6-0.75-L_1.csv,https://github.com/norlab-ulaval/RTS_project/blob/449a299bcf8bc11766718db4ed4aea4a489c7c46/data/20220717-3/filtered_prediction/f-2-1-1-1-6-0.75-L_1.csv,OFFICIAL_GIT_METADATA_GT_CALIBRATION_OR_CODE,292956,2d14908f6aee5e4d7b8c0d468221ba3a103310a2877e97f3bb062e12ffe5d201,False,COMPLETE_SHA256_RECORDED
official_repository/data/20220717-3/filtered_prediction/f-2-1-1-1-6-0.75-L_2.csv,/home/lj/zero_perturbation_data/rts_gt_v1/official_repository/data/20220717-3/filtered_prediction/f-2-1-1-1-6-0.75-L_2.csv,https://github.com/norlab-ulaval/RTS_project/blob/449a299bcf8bc11766718db4ed4aea4a489c7c46/data/20220717-3/filtered_prediction/f-2-1-1-1-6-0.75-L_2.csv,OFFICIAL_GIT_METADATA_GT_CALIBRATION_OR_CODE,296029,9fd892aab3f88e291e78c2212abd73bf0dea1f6742b3c6e6ff0e6b9a0701b921,False,COMPLETE_SHA256_RECORDED
official_repository/data/20220717-3/filtered_prediction/f-2-1-1-1-6-0.75-L_3.csv,/home/lj/zero_perturbation_data/rts_gt_v1/official_repository/data/20220717-3/filtered_prediction/f-2-1-1-1-6-0.75-L_3.csv,https://github.com/norlab-ulaval/RTS_project/blob/449a299bcf8bc11766718db4ed4aea4a489c7c46/data/20220717-3/filtered_prediction/f-2-1-1-1-6-0.75-L_3.csv,OFFICIAL_GIT_METADATA_GT_CALIBRATION_OR_CODE,301312,56a19a2dd0a269db07448715f92ef45d4abc713ce19011f289472d4054638e92,False,COMPLETE_SHA256_RECORDED
official_repository/data/20220717-3/filtered_prediction/f-2-1-1-1-6-1-L_1.csv,/home/lj/zero_perturbation_data/rts_gt_v1/official_repository/data/20220717-3/filtered_prediction/f-2-1-1-1-6-1-L_1.csv,https://github.com/norlab-ulaval/RTS_project/blob/449a299bcf8bc11766718db4ed4aea4a489c7c46/data/20220717-3/filtered_prediction/f-2-1-1-1-6-1-L_1.csv,OFFICIAL_GIT_METADATA_GT_CALIBRATION_OR_CODE,280932,1e736f65dfcf3168f1095d5337ecf38c9256b2003919ab6c8d389f29b083f6e9,False,COMPLETE_SHA256_RECORDED
official_repository/data/20220717-3/filtered_prediction/f-2-1-1-1-6-1-L_2.csv,/home/lj/zero_perturbation_data/rts_gt_v1/official_repository/data/20220717-3/filtered_prediction/f-2-1-1-1-6-1-L_2.csv,https://github.com/norlab-ulaval/RTS_project/blob/449a299bcf8bc11766718db4ed4aea4a489c7c46/data/20220717-3/filtered_prediction/f-2-1-1-1-6-1-L_2.csv,OFFICIAL_GIT_METADATA_GT_CALIBRATION_OR_CODE,283868,674487ca69e1eeb1fc0f5e0e03160cef8b7c42812b02536cdf5b0caee6c22370,False,COMPLETE_SHA256_RECORDED
official_repository/data/20220717-3/filtered_prediction/f-2-1-1-1-6-1-L_3.csv,/home/lj/zero_perturbation_data/rts_gt_v1/official_repository/data/20220717-3/filtered_prediction/f-2-1-1-1-6-1-L_3.csv,https://github.com/norlab-ulaval/RTS_project/blob/449a299bcf8bc11766718db4ed4aea4a489c7c46/data/20220717-3/filtered_prediction/f-2-1-1-1-6-1-L_3.csv,OFFICIAL_GIT_METADATA_GT_CALIBRATION_OR_CODE,288907,5448df6bec88e8b19909b1b122c0a4293f1beddea5116e2044347657a4db7373,False,COMPLETE_SHA256_RECORDED
official_repository/data/20220717-3/filtered_prediction/f-2-1-1-1-6-1-SGP-1000_1.csv,/home/lj/zero_perturbation_data/rts_gt_v1/official_repository/data/20220717-3/filtered_prediction/f-2-1-1-1-6-1-SGP-1000_1.csv,https://github.com/norlab-ulaval/RTS_project/blob/449a299bcf8bc11766718db4ed4aea4a489c7c46/data/20220717-3/filtered_prediction/f-2-1-1-1-6-1-SGP-1000_1.csv,OFFICIAL_GIT_METADATA_GT_CALIBRATION_OR_CODE,529456,f8195ae8083ab124410d7155c7ea76f42477557b22a1fe2a588a84935a518ac1,False,COMPLETE_SHA256_RECORDED
official_repository/data/20220717-3/filtered_prediction/f-2-1-1-1-6-1-SGP-1000_2.csv,/home/lj/zero_perturbation_data/rts_gt_v1/official_repository/data/20220717-3/filtered_prediction/f-2-1-1-1-6-1-SGP-1000_2.csv,https://github.com/norlab-ulaval/RTS_project/blob/449a299bcf8bc11766718db4ed4aea4a489c7c46/data/20220717-3/filtered_prediction/f-2-1-1-1-6-1-SGP-1000_2.csv,OFFICIAL_GIT_METADATA_GT_CALIBRATION_OR_CODE,534942,9331ef056b112055c39229f7e23d296b00bd8a1f07bebfc195e8f84b420e4072,False,COMPLETE_SHA256_RECORDED
official_repository/data/20220717-3/filtered_prediction/f-2-1-1-1-6-1-SGP-1000_3.csv,/home/lj/zero_perturbation_data/rts_gt_v1/official_repository/data/20220717-3/filtered_prediction/f-2-1-1-1-6-1-SGP-1000_3.csv,https://github.com/norlab-ulaval/RTS_project/blob/449a299bcf8bc11766718db4ed4aea4a489c7c46/data/20220717-3/filtered_prediction/f-2-1-1-1-6-1-SGP-1000_3.csv,OFFICIAL_GIT_METADATA_GT_CALIBRATION_OR_CODE,539295,30008b756f8499d049bcb17d3c618a5cd7e314439432c69fd8beb7cda07347ef,False,COMPLETE_SHA256_RECORDED
official_repository/data/20220717-3/filtered_prediction/f-2-1-1-1-6-1.25-L_1.csv,/home/lj/zero_perturbation_data/rts_gt_v1/official_repository/data/20220717-3/filtered_prediction/f-2-1-1-1-6-1.25-L_1.csv,https://github.com/norlab-ulaval/RTS_project/blob/449a299bcf8bc11766718db4ed4aea4a489c7c46/data/20220717-3/filtered_prediction/f-2-1-1-1-6-1.25-L_1.csv,OFFICIAL_GIT_METADATA_GT_CALIBRATION_OR_CODE,275179,84518c4e9208c8d6f74518a0539e563088395ca7520489743ef1b545e918ccc2,False,COMPLETE_SHA256_RECORDED
official_repository/data/20220717-3/filtered_prediction/f-2-1-1-1-6-1.25-L_2.csv,/home/lj/zero_perturbation_data/rts_gt_v1/official_repository/data/20220717-3/filtered_prediction/f-2-1-1-1-6-1.25-L_2.csv,https://github.com/norlab-ulaval/RTS_project/blob/449a299bcf8bc11766718db4ed4aea4a489c7c46/data/20220717-3/filtered_prediction/f-2-1-1-1-6-1.25-L_2.csv,OFFICIAL_GIT_METADATA_GT_CALIBRATION_OR_CODE,277996,5bc8e3ddb94b39a9f4207b313d77923a65e364356d3e878391f5df2e3bdef6fa,False,COMPLETE_SHA256_RECORDED
official_repository/data/20220717-3/filtered_prediction/f-2-1-1-1-6-1.25-L_3.csv,/home/lj/zero_perturbation_data/rts_gt_v1/official_repository/data/20220717-3/filtered_prediction/f-2-1-1-1-6-1.25-L_3.csv,https://github.com/norlab-ulaval/RTS_project/blob/449a299bcf8bc11766718db4ed4aea4a489c7c46/data/20220717-3/filtered_prediction/f-2-1-1-1-6-1.25-L_3.csv,OFFICIAL_GIT_METADATA_GT_CALIBRATION_OR_CODE,282933,bb3fe1be209d553c3eab11f68273ade87fb18da22d221648f03b90bf08758514,False,COMPLETE_SHA256_RECORDED
official_repository/data/20220717-3/filtered_prediction/f-2-1-1-1-6-1.5-L_1.csv,/home/lj/zero_perturbation_data/rts_gt_v1/official_repository/data/20220717-3/filtered_prediction/f-2-1-1-1-6-1.5-L_1.csv,https://github.com/norlab-ulaval/RTS_project/blob/449a299bcf8bc11766718db4ed4aea4a489c7c46/data/20220717-3/filtered_prediction/f-2-1-1-1-6-1.5-L_1.csv,OFFICIAL_GIT_METADATA_GT_CALIBRATION_OR_CODE,275179,84518c4e9208c8d6f74518a0539e563088395ca7520489743ef1b545e918ccc2,False,COMPLETE_SHA256_RECORDED
official_repository/data/20220717-3/filtered_prediction/f-2-1-1-1-6-1.5-L_2.csv,/home/lj/zero_perturbation_data/rts_gt_v1/official_repository/data/20220717-3/filtered_prediction/f-2-1-1-1-6-1.5-L_2.csv,https://github.com/norlab-ulaval/RTS_project/blob/449a299bcf8bc11766718db4ed4aea4a489c7c46/data/20220717-3/filtered_prediction/f-2-1-1-1-6-1.5-L_2.csv,OFFICIAL_GIT_METADATA_GT_CALIBRATION_OR_CODE,277996,5bc8e3ddb94b39a9f4207b313d77923a65e364356d3e878391f5df2e3bdef6fa,False,COMPLETE_SHA256_RECORDED
official_repository/data/20220717-3/filtered_prediction/f-2-1-1-1-6-1.5-L_3.csv,/home/lj/zero_perturbation_data/rts_gt_v1/official_repository/data/20220717-3/filtered_prediction/f-2-1-1-1-6-1.5-L_3.csv,https://github.com/norlab-ulaval/RTS_project/blob/449a299bcf8bc11766718db4ed4aea4a489c7c46/data/20220717-3/filtered_prediction/f-2-1-1-1-6-1.5-L_3.csv,OFFICIAL_GIT_METADATA_GT_CALIBRATION_OR_CODE,282933,bb3fe1be209d553c3eab11f68273ade87fb18da22d221648f03b90bf08758514,False,COMPLETE_SHA256_RECORDED
official_repository/data/20220717-3/filtered_prediction/f-2-1-1-1-6-1.75-L_1.csv,/home/lj/zero_perturbation_data/rts_gt_v1/official_repository/data/20220717-3/filtered_prediction/f-2-1-1-1-6-1.75-L_1.csv,https://github.com/norlab-ulaval/RTS_project/blob/449a299bcf8bc11766718db4ed4aea4a489c7c46/data/20220717-3/filtered_prediction/f-2-1-1-1-6-1.75-L_1.csv,OFFICIAL_GIT_METADATA_GT_CALIBRATION_OR_CODE,263878,084b69e75474e0de909d9188b9fb2602063f8f47bdc74c39c8f636d306de3e0e,False,COMPLETE_SHA256_RECORDED
official_repository/data/20220717-3/filtered_prediction/f-2-1-1-1-6-1.75-L_2.csv,/home/lj/zero_perturbation_data/rts_gt_v1/official_repository/data/20220717-3/filtered_prediction/f-2-1-1-1-6-1.75-L_2.csv,https://github.com/norlab-ulaval/RTS_project/blob/449a299bcf8bc11766718db4ed4aea4a489c7c46/data/20220717-3/filtered_prediction/f-2-1-1-1-6-1.75-L_2.csv,OFFICIAL_GIT_METADATA_GT_CALIBRATION_OR_CODE,266687,33cb6f956086f6cbe2cb2444d35c2915d48a5c96d41f0af7cd2f246f810a906b,False,COMPLETE_SHA256_RECORDED
official_repository/data/20220717-3/filtered_prediction/f-2-1-1-1-6-1.75-L_3.csv,/home/lj/zero_perturbation_data/rts_gt_v1/official_repository/data/20220717-3/filtered_prediction/f-2-1-1-1-6-1.75-L_3.csv,https://github.com/norlab-ulaval/RTS_project/blob/449a299bcf8bc11766718db4ed4aea4a489c7c46/data/20220717-3/filtered_prediction/f-2-1-1-1-6-1.75-L_3.csv,OFFICIAL_GIT_METADATA_GT_CALIBRATION_OR_CODE,271355,0c18063e7da3e32275f8470a30f5d4f1fcd4f4c87b5fb14bea180cd4402d29ec,False,COMPLETE_SHA256_RECORDED
official_repository/data/20220717-3/filtered_prediction/f-2-1-1-1-6-2-L_1.csv,/home/lj/zero_perturbation_data/rts_gt_v1/official_repository/data/20220717-3/filtered_prediction/f-2-1-1-1-6-2-L_1.csv,https://github.com/norlab-ulaval/RTS_project/blob/449a299bcf8bc11766718db4ed4aea4a489c7c46/data/20220717-3/filtered_prediction/f-2-1-1-1-6-2-L_1.csv,OFFICIAL_GIT_METADATA_GT_CALIBRATION_OR_CODE,253308,4434303635140e6c601f121ae98c359b0d71fc93f422c3ad510730d11d010607,False,COMPLETE_SHA256_RECORDED
official_repository/data/20220717-3/filtered_prediction/f-2-1-1-1-6-2-L_2.csv,/home/lj/zero_perturbation_data/rts_gt_v1/official_repository/data/20220717-3/filtered_prediction/f-2-1-1-1-6-2-L_2.csv,https://github.com/norlab-ulaval/RTS_project/blob/449a299bcf8bc11766718db4ed4aea4a489c7c46/data/20220717-3/filtered_prediction/f-2-1-1-1-6-2-L_2.csv,OFFICIAL_GIT_METADATA_GT_CALIBRATION_OR_CODE,256111,f666059e09f38c23401a085085b89372a9bdbea4ba4af9f6f45c3798a8350fb1,False,COMPLETE_SHA256_RECORDED
official_repository/data/20220717-3/filtered_prediction/f-2-1-1-1-6-2-L_3.csv,/home/lj/zero_perturbation_data/rts_gt_v1/official_repository/data/20220717-3/filtered_prediction/f-2-1-1-1-6-2-L_3.csv,https://github.com/norlab-ulaval/RTS_project/blob/449a299bcf8bc11766718db4ed4aea4a489c7c46/data/20220717-3/filtered_prediction/f-2-1-1-1-6-2-L_3.csv,OFFICIAL_GIT_METADATA_GT_CALIBRATION_OR_CODE,260798,43120ad341d06aecd27164b2433780f1941fdb475ed73e4c4c2d06fc8fd5560c,False,COMPLETE_SHA256_RECORDED
official_repository/data/20220717-3/filtered_prediction/f-2-1-1-1-8-0-L_1.csv,/home/lj/zero_perturbation_data/rts_gt_v1/official_repository/data/20220717-3/filtered_prediction/f-2-1-1-1-8-0-L_1.csv,https://github.com/norlab-ulaval/RTS_project/blob/449a299bcf8bc11766718db4ed4aea4a489c7c46/data/20220717-3/filtered_prediction/f-2-1-1-1-8-0-L_1.csv,OFFICIAL_GIT_METADATA_GT_CALIBRATION_OR_CODE,294971,f2d5e006dbc21e9ad3daa44e366bda0b280f90d41e1b64fb66b67ce12ba6232d,False,COMPLETE_SHA256_RECORDED
official_repository/data/20220717-3/filtered_prediction/f-2-1-1-1-8-0-L_2.csv,/home/lj/zero_perturbation_data/rts_gt_v1/official_repository/data/20220717-3/filtered_prediction/f-2-1-1-1-8-0-L_2.csv,https://github.com/norlab-ulaval/RTS_project/blob/449a299bcf8bc11766718db4ed4aea4a489c7c46/data/20220717-3/filtered_prediction/f-2-1-1-1-8-0-L_2.csv,OFFICIAL_GIT_METADATA_GT_CALIBRATION_OR_CODE,298003,dd474edf0cbf522fe247bc6bcd68ca0472661f9f60d9d7fc0a9de06551375891,False,COMPLETE_SHA256_RECORDED
official_repository/data/20220717-3/filtered_prediction/f-2-1-1-1-8-0-L_3.csv,/home/lj/zero_perturbation_data/rts_gt_v1/official_repository/data/20220717-3/filtered_prediction/f-2-1-1-1-8-0-L_3.csv,https://github.com/norlab-ulaval/RTS_project/blob/449a299bcf8bc11766718db4ed4aea4a489c7c46/data/20220717-3/filtered_prediction/f-2-1-1-1-8-0-L_3.csv,OFFICIAL_GIT_METADATA_GT_CALIBRATION_OR_CODE,303476,9da6d2531480d725163b97be99faadcc56177ca520214018816c7e37da0edb1e,False,COMPLETE_SHA256_RECORDED
official_repository/data/20220717-3/filtered_prediction/f-2-1-1-1.25-6-0-L_1.csv,/home/lj/zero_perturbation_data/rts_gt_v1/official_repository/data/20220717-3/filtered_prediction/f-2-1-1-1.25-6-0-L_1.csv,https://github.com/norlab-ulaval/RTS_project/blob/449a299bcf8bc11766718db4ed4aea4a489c7c46/data/20220717-3/filtered_prediction/f-2-1-1-1.25-6-0-L_1.csv,OFFICIAL_GIT_METADATA_GT_CALIBRATION_OR_CODE,324989,ef2349c482690e75420bce904f4f29cb14df47444cde069f699d5b8a29cb12c0,False,COMPLETE_SHA256_RECORDED
official_repository/data/20220717-3/filtered_prediction/f-2-1-1-1.25-6-0-L_2.csv,/home/lj/zero_perturbation_data/rts_gt_v1/official_repository/data/20220717-3/filtered_prediction/f-2-1-1-1.25-6-0-L_2.csv,https://github.com/norlab-ulaval/RTS_project/blob/449a299bcf8bc11766718db4ed4aea4a489c7c46/data/20220717-3/filtered_prediction/f-2-1-1-1.25-6-0-L_2.csv,OFFICIAL_GIT_METADATA_GT_CALIBRATION_OR_CODE,328337,45dc93b1048d92af514c639da139fa02ac11d795dea4e2f40b1e0630e1863552,False,COMPLETE_SHA256_RECORDED
official_repository/data/20220717-3/filtered_prediction/f-2-1-1-1.25-6-0-L_3.csv,/home/lj/zero_perturbation_data/rts_gt_v1/official_repository/data/20220717-3/filtered_prediction/f-2-1-1-1.25-6-0-L_3.csv,https://github.com/norlab-ulaval/RTS_project/blob/449a299bcf8bc11766718db4ed4aea4a489c7c46/data/20220717-3/filtered_prediction/f-2-1-1-1.25-6-0-L_3.csv,OFFICIAL_GIT_METADATA_GT_CALIBRATION_OR_CODE,334177,ae6fc79687746df023e6e362c18223f5ada1f7f90dc23b8d7016d4879bef95fe,False,COMPLETE_SHA256_RECORDED
official_repository/data/20220717-3/filtered_prediction/f-2-1-1-1.5-6-0-L_1.csv,/home/lj/zero_perturbation_data/rts_gt_v1/official_repository/data/20220717-3/filtered_prediction/f-2-1-1-1.5-6-0-L_1.csv,https://github.com/norlab-ulaval/RTS_project/blob/449a299bcf8bc11766718db4ed4aea4a489c7c46/data/20220717-3/filtered_prediction/f-2-1-1-1.5-6-0-L_1.csv,OFFICIAL_GIT_METADATA_GT_CALIBRATION_OR_CODE,324989,ef2349c482690e75420bce904f4f29cb14df47444cde069f699d5b8a29cb12c0,False,COMPLETE_SHA256_RECORDED
official_repository/data/20220717-3/filtered_prediction/f-2-1-1-1.5-6-0-L_2.csv,/home/lj/zero_perturbation_data/rts_gt_v1/official_repository/data/20220717-3/filtered_prediction/f-2-1-1-1.5-6-0-L_2.csv,https://github.com/norlab-ulaval/RTS_project/blob/449a299bcf8bc11766718db4ed4aea4a489c7c46/data/20220717-3/filtered_prediction/f-2-1-1-1.5-6-0-L_2.csv,OFFICIAL_GIT_METADATA_GT_CALIBRATION_OR_CODE,328337,45dc93b1048d92af514c639da139fa02ac11d795dea4e2f40b1e0630e1863552,False,COMPLETE_SHA256_RECORDED
official_repository/data/20220717-3/filtered_prediction/f-2-1-1-1.5-6-0-L_3.csv,/home/lj/zero_perturbation_data/rts_gt_v1/official_repository/data/20220717-3/filtered_prediction/f-2-1-1-1.5-6-0-L_3.csv,https://github.com/norlab-ulaval/RTS_project/blob/449a299bcf8bc11766718db4ed4aea4a489c7c46/data/20220717-3/filtered_prediction/f-2-1-1-1.5-6-0-L_3.csv,OFFICIAL_GIT_METADATA_GT_CALIBRATION_OR_CODE,334177,ae6fc79687746df023e6e362c18223f5ada1f7f90dc23b8d7016d4879bef95fe,False,COMPLETE_SHA256_RECORDED
official_repository/data/20220717-3/filtered_prediction/f-2-1-1-1.75-6-0-L_1.csv,/home/lj/zero_perturbation_data/rts_gt_v1/official_repository/data/20220717-3/filtered_prediction/f-2-1-1-1.75-6-0-L_1.csv,https://github.com/norlab-ulaval/RTS_project/blob/449a299bcf8bc11766718db4ed4aea4a489c7c46/data/20220717-3/filtered_prediction/f-2-1-1-1.75-6-0-L_1.csv,OFFICIAL_GIT_METADATA_GT_CALIBRATION_OR_CODE,329731,e451a933e7d61e0e227e08770f67ef2f47e22cb33f8081af5d65e43e52756c75,False,COMPLETE_SHA256_RECORDED
official_repository/data/20220717-3/filtered_prediction/f-2-1-1-1.75-6-0-L_2.csv,/home/lj/zero_perturbation_data/rts_gt_v1/official_repository/data/20220717-3/filtered_prediction/f-2-1-1-1.75-6-0-L_2.csv,https://github.com/norlab-ulaval/RTS_project/blob/449a299bcf8bc11766718db4ed4aea4a489c7c46/data/20220717-3/filtered_prediction/f-2-1-1-1.75-6-0-L_2.csv,OFFICIAL_GIT_METADATA_GT_CALIBRATION_OR_CODE,332827,62aa76f30dcddebd96b001cea9800c24ac5a2df8e35ab3a595a38d356f6f7f5e,False,COMPLETE_SHA256_RECORDED
official_repository/data/20220717-3/filtered_prediction/f-2-1-1-1.75-6-0-L_3.csv,/home/lj/zero_perturbation_data/rts_gt_v1/official_repository/data/20220717-3/filtered_prediction/f-2-1-1-1.75-6-0-L_3.csv,https://github.com/norlab-ulaval/RTS_project/blob/449a299bcf8bc11766718db4ed4aea4a489c7c46/data/20220717-3/filtered_prediction/f-2-1-1-1.75-6-0-L_3.csv,OFFICIAL_GIT_METADATA_GT_CALIBRATION_OR_CODE,338659,dd5b500175780a5e30cf8201cc5ef7eee025e2963653fa5634fc020d4e889014,False,COMPLETE_SHA256_RECORDED
official_repository/data/20220717-3/filtered_prediction/f-2-1-1-2-6-0-L_1.csv,/home/lj/zero_perturbation_data/rts_gt_v1/official_repository/data/20220717-3/filtered_prediction/f-2-1-1-2-6-0-L_1.csv,https://github.com/norlab-ulaval/RTS_project/blob/449a299bcf8bc11766718db4ed4aea4a489c7c46/data/20220717-3/filtered_prediction/f-2-1-1-2-6-0-L_1.csv,OFFICIAL_GIT_METADATA_GT_CALIBRATION_OR_CODE,329731,e451a933e7d61e0e227e08770f67ef2f47e22cb33f8081af5d65e43e52756c75,False,COMPLETE_SHA256_RECORDED
official_repository/data/20220717-3/filtered_prediction/f-2-1-1-2-6-0-L_2.csv,/home/lj/zero_perturbation_data/rts_gt_v1/official_repository/data/20220717-3/filtered_prediction/f-2-1-1-2-6-0-L_2.csv,https://github.com/norlab-ulaval/RTS_project/blob/449a299bcf8bc11766718db4ed4aea4a489c7c46/data/20220717-3/filtered_prediction/f-2-1-1-2-6-0-L_2.csv,OFFICIAL_GIT_METADATA_GT_CALIBRATION_OR_CODE,332827,62aa76f30dcddebd96b001cea9800c24ac5a2df8e35ab3a595a38d356f6f7f5e,False,COMPLETE_SHA256_RECORDED
official_repository/data/20220717-3/filtered_prediction/f-2-1-1-2-6-0-L_3.csv,/home/lj/zero_perturbation_data/rts_gt_v1/official_repository/data/20220717-3/filtered_prediction/f-2-1-1-2-6-0-L_3.csv,https://github.com/norlab-ulaval/RTS_project/blob/449a299bcf8bc11766718db4ed4aea4a489c7c46/data/20220717-3/filtered_prediction/f-2-1-1-2-6-0-L_3.csv,OFFICIAL_GIT_METADATA_GT_CALIBRATION_OR_CODE,338659,dd5b500175780a5e30cf8201cc5ef7eee025e2963653fa5634fc020d4e889014,False,COMPLETE_SHA256_RECORDED
official_repository/data/20220717-3/filtered_prediction/f-2-1-1-2.25-6-0-L_1.csv,/home/lj/zero_perturbation_data/rts_gt_v1/official_repository/data/20220717-3/filtered_prediction/f-2-1-1-2.25-6-0-L_1.csv,https://github.com/norlab-ulaval/RTS_project/blob/449a299bcf8bc11766718db4ed4aea4a489c7c46/data/20220717-3/filtered_prediction/f-2-1-1-2.25-6-0-L_1.csv,OFFICIAL_GIT_METADATA_GT_CALIBRATION_OR_CODE,334824,c812a7ad2c24715182be4a5836715bf9bf1241a7ae1a7f80705be515f2465b44,False,COMPLETE_SHA256_RECORDED
official_repository/data/20220717-3/filtered_prediction/f-2-1-1-2.25-6-0-L_2.csv,/home/lj/zero_perturbation_data/rts_gt_v1/official_repository/data/20220717-3/filtered_prediction/f-2-1-1-2.25-6-0-L_2.csv,https://github.com/norlab-ulaval/RTS_project/blob/449a299bcf8bc11766718db4ed4aea4a489c7c46/data/20220717-3/filtered_prediction/f-2-1-1-2.25-6-0-L_2.csv,OFFICIAL_GIT_METADATA_GT_CALIBRATION_OR_CODE,337995,0de2e4baa9ef045a0bd753514a601ae269c530b0752f1c4e9ba03eed23bfdc0e,False,COMPLETE_SHA256_RECORDED
official_repository/data/20220717-3/filtered_prediction/f-2-1-1-2.25-6-0-L_3.csv,/home/lj/zero_perturbation_data/rts_gt_v1/official_repository/data/20220717-3/filtered_prediction/f-2-1-1-2.25-6-0-L_3.csv,https://github.com/norlab-ulaval/RTS_project/blob/449a299bcf8bc11766718db4ed4aea4a489c7c46/data/20220717-3/filtered_prediction/f-2-1-1-2.25-6-0-L_3.csv,OFFICIAL_GIT_METADATA_GT_CALIBRATION_OR_CODE,343919,7752f5add01431af5a3630310d5554fc94bc92c6aa746417ed6c1c936d6e8a51,False,COMPLETE_SHA256_RECORDED
official_repository/data/20220717-3/filtered_prediction/f-2-1-1-2.5-6-0-L_1.csv,/home/lj/zero_perturbation_data/rts_gt_v1/official_repository/data/20220717-3/filtered_prediction/f-2-1-1-2.5-6-0-L_1.csv,https://github.com/norlab-ulaval/RTS_project/blob/449a299bcf8bc11766718db4ed4aea4a489c7c46/data/20220717-3/filtered_prediction/f-2-1-1-2.5-6-0-L_1.csv,OFFICIAL_GIT_METADATA_GT_CALIBRATION_OR_CODE,338590,df4680512b5387e8f57db039a1a668696435bfbaee62f7d333f71c9507550aa3,False,COMPLETE_SHA256_RECORDED
official_repository/data/20220717-3/filtered_prediction/f-2-1-1-2.5-6-0-L_2.csv,/home/lj/zero_perturbation_data/rts_gt_v1/official_repository/data/20220717-3/filtered_prediction/f-2-1-1-2.5-6-0-L_2.csv,https://github.com/norlab-ulaval/RTS_project/blob/449a299bcf8bc11766718db4ed4aea4a489c7c46/data/20220717-3/filtered_prediction/f-2-1-1-2.5-6-0-L_2.csv,OFFICIAL_GIT_METADATA_GT_CALIBRATION_OR_CODE,341790,0de4e58713ffaeb4eef24025193d96067d3094186c4c61634c1afe819ee5fcd3,False,COMPLETE_SHA256_RECORDED
official_repository/data/20220717-3/filtered_prediction/f-2-1-1-2.5-6-0-L_3.csv,/home/lj/zero_perturbation_data/rts_gt_v1/official_repository/data/20220717-3/filtered_prediction/f-2-1-1-2.5-6-0-L_3.csv,https://github.com/norlab-ulaval/RTS_project/blob/449a299bcf8bc11766718db4ed4aea4a489c7c46/data/20220717-3/filtered_prediction/f-2-1-1-2.5-6-0-L_3.csv,OFFICIAL_GIT_METADATA_GT_CALIBRATION_OR_CODE,347806,78a4178feb4f1148424fe11823ef6afead4520e89b8e820650cbfc253ebce3ea,False,COMPLETE_SHA256_RECORDED
official_repository/data/20220717-3/filtered_prediction/f-2.5-1-1-1-6-0-L_1.csv,/home/lj/zero_perturbation_data/rts_gt_v1/official_repository/data/20220717-3/filtered_prediction/f-2.5-1-1-1-6-0-L_1.csv,https://github.com/norlab-ulaval/RTS_project/blob/449a299bcf8bc11766718db4ed4aea4a489c7c46/data/20220717-3/filtered_prediction/f-2.5-1-1-1-6-0-L_1.csv,OFFICIAL_GIT_METADATA_GT_CALIBRATION_OR_CODE,300278,7d56b270688d5bf99a28262be06417f710df38c4488f172a3f46d43b00118d21,False,COMPLETE_SHA256_RECORDED
official_repository/data/20220717-3/filtered_prediction/f-2.5-1-1-1-6-0-L_2.csv,/home/lj/zero_perturbation_data/rts_gt_v1/official_repository/data/20220717-3/filtered_prediction/f-2.5-1-1-1-6-0-L_2.csv,https://github.com/norlab-ulaval/RTS_project/blob/449a299bcf8bc11766718db4ed4aea4a489c7c46/data/20220717-3/filtered_prediction/f-2.5-1-1-1-6-0-L_2.csv,OFFICIAL_GIT_METADATA_GT_CALIBRATION_OR_CODE,303385,2a2e5925c98bd724503063a46a4b40326a006d8eeb92738ff1ba1a1d540ddf0a,False,COMPLETE_SHA256_RECORDED
official_repository/data/20220717-3/filtered_prediction/f-2.5-1-1-1-6-0-L_3.csv,/home/lj/zero_perturbation_data/rts_gt_v1/official_repository/data/20220717-3/filtered_prediction/f-2.5-1-1-1-6-0-L_3.csv,https://github.com/norlab-ulaval/RTS_project/blob/449a299bcf8bc11766718db4ed4aea4a489c7c46/data/20220717-3/filtered_prediction/f-2.5-1-1-1-6-0-L_3.csv,OFFICIAL_GIT_METADATA_GT_CALIBRATION_OR_CODE,308900,0d616841efb401ed06371f6cb78e7c8d408cdf2e12c6aedbd45f1678c03d4b33,False,COMPLETE_SHA256_RECORDED
official_repository/data/20220717-3/filtered_prediction/f-3-1-1-1-6-0-L_1.csv,/home/lj/zero_perturbation_data/rts_gt_v1/official_repository/data/20220717-3/filtered_prediction/f-3-1-1-1-6-0-L_1.csv,https://github.com/norlab-ulaval/RTS_project/blob/449a299bcf8bc11766718db4ed4aea4a489c7c46/data/20220717-3/filtered_prediction/f-3-1-1-1-6-0-L_1.csv,OFFICIAL_GIT_METADATA_GT_CALIBRATION_OR_CODE,300278,7d56b270688d5bf99a28262be06417f710df38c4488f172a3f46d43b00118d21,False,COMPLETE_SHA256_RECORDED
official_repository/data/20220717-3/filtered_prediction/f-3-1-1-1-6-0-L_2.csv,/home/lj/zero_perturbation_data/rts_gt_v1/official_repository/data/20220717-3/filtered_prediction/f-3-1-1-1-6-0-L_2.csv,https://github.com/norlab-ulaval/RTS_project/blob/449a299bcf8bc11766718db4ed4aea4a489c7c46/data/20220717-3/filtered_prediction/f-3-1-1-1-6-0-L_2.csv,OFFICIAL_GIT_METADATA_GT_CALIBRATION_OR_CODE,303385,2a2e5925c98bd724503063a46a4b40326a006d8eeb92738ff1ba1a1d540ddf0a,False,COMPLETE_SHA256_RECORDED
official_repository/data/20220717-3/filtered_prediction/f-3-1-1-1-6-0-L_3.csv,/home/lj/zero_perturbation_data/rts_gt_v1/official_repository/data/20220717-3/filtered_prediction/f-3-1-1-1-6-0-L_3.csv,https://github.com/norlab-ulaval/RTS_project/blob/449a299bcf8bc11766718db4ed4aea4a489c7c46/data/20220717-3/filtered_prediction/f-3-1-1-1-6-0-L_3.csv,OFFICIAL_GIT_METADATA_GT_CALIBRATION_OR_CODE,308900,0d616841efb401ed06371f6cb78e7c8d408cdf2e12c6aedbd45f1678c03d4b33,False,COMPLETE_SHA256_RECORDED
official_repository/data/20220717-3/list_tf/TF_list_linear_inter_prism_6dof.csv,/home/lj/zero_perturbation_data/rts_gt_v1/official_repository/data/20220717-3/list_tf/TF_list_linear_inter_prism_6dof.csv,https://github.com/norlab-ulaval/RTS_project/blob/449a299bcf8bc11766718db4ed4aea4a489c7c46/data/20220717-3/list_tf/TF_list_linear_inter_prism_6dof.csv,OFFICIAL_GIT_METADATA_GT_CALIBRATION_OR_CODE,544,12f8bf3a18af3a0b5a4a02c25473285bcc1dd82d42fb1c2510b6071101db346a,False,COMPLETE_SHA256_RECORDED
official_repository/data/20220717-3/list_tf/TF_list_static_cp.csv,/home/lj/zero_perturbation_data/rts_gt_v1/official_repository/data/20220717-3/list_tf/TF_list_static_cp.csv,https://github.com/norlab-ulaval/RTS_project/blob/449a299bcf8bc11766718db4ed4aea4a489c7c46/data/20220717-3/list_tf/TF_list_static_cp.csv,OFFICIAL_GIT_METADATA_GT_CALIBRATION_OR_CODE,10904,e62e5ac971254e9e5bd9449ae6ef6c4d968be2ac79cc76def9fe2c733163aa0b,False,COMPLETE_SHA256_RECORDED
official_repository/data/20220717-3/raw_prediction/nf-1-0-1-L_1.csv,/home/lj/zero_perturbation_data/rts_gt_v1/official_repository/data/20220717-3/raw_prediction/nf-1-0-1-L_1.csv,https://github.com/norlab-ulaval/RTS_project/blob/449a299bcf8bc11766718db4ed4aea4a489c7c46/data/20220717-3/raw_prediction/nf-1-0-1-L_1.csv,OFFICIAL_GIT_METADATA_GT_CALIBRATION_OR_CODE,364605,f2c3211c80d6b4e9e1ee9a37528dc592fea0ac3d035529396ae5e5f63bd9d50b,False,COMPLETE_SHA256_RECORDED
official_repository/data/20220717-3/raw_prediction/nf-1-0-1-L_2.csv,/home/lj/zero_perturbation_data/rts_gt_v1/official_repository/data/20220717-3/raw_prediction/nf-1-0-1-L_2.csv,https://github.com/norlab-ulaval/RTS_project/blob/449a299bcf8bc11766718db4ed4aea4a489c7c46/data/20220717-3/raw_prediction/nf-1-0-1-L_2.csv,OFFICIAL_GIT_METADATA_GT_CALIBRATION_OR_CODE,367815,466615e529cd44a463cf13dd93353a63ec60f5136f545f7d914a574e18b2da4f,False,COMPLETE_SHA256_RECORDED
official_repository/data/20220717-3/raw_prediction/nf-1-0-1-L_3.csv,/home/lj/zero_perturbation_data/rts_gt_v1/official_repository/data/20220717-3/raw_prediction/nf-1-0-1-L_3.csv,https://github.com/norlab-ulaval/RTS_project/blob/449a299bcf8bc11766718db4ed4aea4a489c7c46/data/20220717-3/raw_prediction/nf-1-0-1-L_3.csv,OFFICIAL_GIT_METADATA_GT_CALIBRATION_OR_CODE,374265,c215da934f658a497b5cd3da2fe05d0e62d2c4cf9931c93568cd84127accc59f,False,COMPLETE_SHA256_RECORDED
official_repository/data/20220717-3/raw_prediction/nf-1-6-0-L_1.csv,/home/lj/zero_perturbation_data/rts_gt_v1/official_repository/data/20220717-3/raw_prediction/nf-1-6-0-L_1.csv,https://github.com/norlab-ulaval/RTS_project/blob/449a299bcf8bc11766718db4ed4aea4a489c7c46/data/20220717-3/raw_prediction/nf-1-6-0-L_1.csv,OFFICIAL_GIT_METADATA_GT_CALIBRATION_OR_CODE,344957,601268ea69e06035427bc1e3613363c4252a97ca10e1f65880f20cacb5caedd5,False,COMPLETE_SHA256_RECORDED
official_repository/data/20220717-3/raw_prediction/nf-1-6-0-L_2.csv,/home/lj/zero_perturbation_data/rts_gt_v1/official_repository/data/20220717-3/raw_prediction/nf-1-6-0-L_2.csv,https://github.com/norlab-ulaval/RTS_project/blob/449a299bcf8bc11766718db4ed4aea4a489c7c46/data/20220717-3/raw_prediction/nf-1-6-0-L_2.csv,OFFICIAL_GIT_METADATA_GT_CALIBRATION_OR_CODE,348252,4a9d2943b1e55efb2019bfcc1487a65330f6aa193549665244c3bf52f157bfc7,False,COMPLETE_SHA256_RECORDED
official_repository/data/20220717-3/raw_prediction/nf-1-6-0-L_3.csv,/home/lj/zero_perturbation_data/rts_gt_v1/official_repository/data/20220717-3/raw_prediction/nf-1-6-0-L_3.csv,https://github.com/norlab-ulaval/RTS_project/blob/449a299bcf8bc11766718db4ed4aea4a489c7c46/data/20220717-3/raw_prediction/nf-1-6-0-L_3.csv,OFFICIAL_GIT_METADATA_GT_CALIBRATION_OR_CODE,354312,e56c657aad797c5b7dbe01fef1179678cb55902c2f367693b98a02fe08e3a655,False,COMPLETE_SHA256_RECORDED
official_repository/data/20220717-3/raw_prediction/nf-1-6-1-SGP-1000_1.csv,/home/lj/zero_perturbation_data/rts_gt_v1/official_repository/data/20220717-3/raw_prediction/nf-1-6-1-SGP-1000_1.csv,https://github.com/norlab-ulaval/RTS_project/blob/449a299bcf8bc11766718db4ed4aea4a489c7c46/data/20220717-3/raw_prediction/nf-1-6-1-SGP-1000_1.csv,OFFICIAL_GIT_METADATA_GT_CALIBRATION_OR_CODE,648986,9e1d6223ae8044675e7aeadec48624ff37ee9ef0894ae2dabfbd3fc8e268877d,False,COMPLETE_SHA256_RECORDED
official_repository/data/20220717-3/raw_prediction/nf-1-6-1-SGP-1000_2.csv,/home/lj/zero_perturbation_data/rts_gt_v1/official_repository/data/20220717-3/raw_prediction/nf-1-6-1-SGP-1000_2.csv,https://github.com/norlab-ulaval/RTS_project/blob/449a299bcf8bc11766718db4ed4aea4a489c7c46/data/20220717-3/raw_prediction/nf-1-6-1-SGP-1000_2.csv,OFFICIAL_GIT_METADATA_GT_CALIBRATION_OR_CODE,654835,534e8d8b145fcbc02b6705fce8ed1ba6c789937989b3849bc7a1f01287fda28a,False,COMPLETE_SHA256_RECORDED
official_repository/data/20220717-3/raw_prediction/nf-1-6-1-SGP-1000_3.csv,/home/lj/zero_perturbation_data/rts_gt_v1/official_repository/data/20220717-3/raw_prediction/nf-1-6-1-SGP-1000_3.csv,https://github.com/norlab-ulaval/RTS_project/blob/449a299bcf8bc11766718db4ed4aea4a489c7c46/data/20220717-3/raw_prediction/nf-1-6-1-SGP-1000_3.csv,OFFICIAL_GIT_METADATA_GT_CALIBRATION_OR_CODE,660329,4ef6faf54285579f36b6a262bff1562c90b1d45b4466e49c40a40a1eee94c38e,False,COMPLETE_SHA256_RECORDED
official_repository/data/20220717-3/sensors_extrinsic_calibration/calibration_raw.csv,/home/lj/zero_perturbation_data/rts_gt_v1/official_repository/data/20220717-3/sensors_extrinsic_calibration/calibration_raw.csv,https://github.com/norlab-ulaval/RTS_project/blob/449a299bcf8bc11766718db4ed4aea4a489c7c46/data/20220717-3/sensors_extrinsic_calibration/calibration_raw.csv,OFFICIAL_GIT_METADATA_GT_CALIBRATION_OR_CODE,407,6b8ba87819712b915918096f4404c777c696523f5bb6c2529901437f6db43538,False,COMPLETE_SHA256_RECORDED
official_repository/data/20220717-3/sensors_extrinsic_calibration/calibration_results.csv,/home/lj/zero_perturbation_data/rts_gt_v1/official_repository/data/20220717-3/sensors_extrinsic_calibration/calibration_results.csv,https://github.com/norlab-ulaval/RTS_project/blob/449a299bcf8bc11766718db4ed4aea4a489c7c46/data/20220717-3/sensors_extrinsic_calibration/calibration_results.csv,OFFICIAL_GIT_METADATA_GT_CALIBRATION_OR_CODE,242,fd8bfcc8239c75e7a248f263f59f27ffd0ca4bc9eda3fca438baee5763c8c828,False,COMPLETE_SHA256_RECORDED
official_repository/data/20220717-3/total_stations/GCP.txt,/home/lj/zero_perturbation_data/rts_gt_v1/official_repository/data/20220717-3/total_stations/GCP.txt,https://github.com/norlab-ulaval/RTS_project/blob/449a299bcf8bc11766718db4ed4aea4a489c7c46/data/20220717-3/total_stations/GCP.txt,OFFICIAL_GIT_METADATA_GT_CALIBRATION_OR_CODE,3015,b48f3e3ad6f9fa80b20d18e4274fc4a4921618b9e9602d926814c3b55ee97ab3,False,COMPLETE_SHA256_RECORDED
official_repository/data/20220717-3/total_stations/trimble1.csv,/home/lj/zero_perturbation_data/rts_gt_v1/official_repository/data/20220717-3/total_stations/trimble1.csv,https://github.com/norlab-ulaval/RTS_project/blob/449a299bcf8bc11766718db4ed4aea4a489c7c46/data/20220717-3/total_stations/trimble1.csv,OFFICIAL_GIT_METADATA_GT_CALIBRATION_OR_CODE,117816,c0b0f07f0af9cf92d905e87dd07b608b48554789b42a97263ba2df21de352551,False,COMPLETE_SHA256_RECORDED
official_repository/data/20220717-3/total_stations/trimble2.csv,/home/lj/zero_perturbation_data/rts_gt_v1/official_repository/data/20220717-3/total_stations/trimble2.csv,https://github.com/norlab-ulaval/RTS_project/blob/449a299bcf8bc11766718db4ed4aea4a489c7c46/data/20220717-3/total_stations/trimble2.csv,OFFICIAL_GIT_METADATA_GT_CALIBRATION_OR_CODE,96805,f0c0942424b40417eacb21da28a85be91d1f0ba5e9cb864df276fcf211e4e1c2,False,COMPLETE_SHA256_RECORDED
official_repository/data/20220717-3/total_stations/trimble3.csv,/home/lj/zero_perturbation_data/rts_gt_v1/official_repository/data/20220717-3/total_stations/trimble3.csv,https://github.com/norlab-ulaval/RTS_project/blob/449a299bcf8bc11766718db4ed4aea4a489c7c46/data/20220717-3/total_stations/trimble3.csv,OFFICIAL_GIT_METADATA_GT_CALIBRATION_OR_CODE,112912,a8b7e21555b9f5f68354b12c93c1100355ba068782d8252d7398f821fe1b603e,False,COMPLETE_SHA256_RECORDED
official_repository/data/20220717-3/uncertainty/raw_data/prism1.csv,/home/lj/zero_perturbation_data/rts_gt_v1/official_repository/data/20220717-3/uncertainty/raw_data/prism1.csv,https://github.com/norlab-ulaval/RTS_project/blob/449a299bcf8bc11766718db4ed4aea4a489c7c46/data/20220717-3/uncertainty/raw_data/prism1.csv,OFFICIAL_GIT_METADATA_GT_CALIBRATION_OR_CODE,111822,7d57f0a9cbe7df3f1cc938ce4519404db3d1cdd2c935cfc120ccc0f15b40ed4d,False,COMPLETE_SHA256_RECORDED
official_repository/data/20220717-3/uncertainty/raw_data/prism2.csv,/home/lj/zero_perturbation_data/rts_gt_v1/official_repository/data/20220717-3/uncertainty/raw_data/prism2.csv,https://github.com/norlab-ulaval/RTS_project/blob/449a299bcf8bc11766718db4ed4aea4a489c7c46/data/20220717-3/uncertainty/raw_data/prism2.csv,OFFICIAL_GIT_METADATA_GT_CALIBRATION_OR_CODE,91922,d69aa8be033697ed2674235fbd57b7cb2dcfad7b9af9d07e8e36e228306db386,False,COMPLETE_SHA256_RECORDED
official_repository/data/20220717-3/uncertainty/raw_data/prism3.csv,/home/lj/zero_perturbation_data/rts_gt_v1/official_repository/data/20220717-3/uncertainty/raw_data/prism3.csv,https://github.com/norlab-ulaval/RTS_project/blob/449a299bcf8bc11766718db4ed4aea4a489c7c46/data/20220717-3/uncertainty/raw_data/prism3.csv,OFFICIAL_GIT_METADATA_GT_CALIBRATION_OR_CODE,107996,a6873cc8f3b10e00ff610dbf571a9377d8f40357052c0a58edf837bb36b615c0,False,COMPLETE_SHA256_RECORDED
official_repository/data/20220717-3/uncertainty/sensor/.csv,/home/lj/zero_perturbation_data/rts_gt_v1/official_repository/data/20220717-3/uncertainty/sensor/.csv,https://github.com/norlab-ulaval/RTS_project/blob/449a299bcf8bc11766718db4ed4aea4a489c7c46/data/20220717-3/uncertainty/sensor/.csv,OFFICIAL_GIT_METADATA_GT_CALIBRATION_OR_CODE,47258,9832b46e87cccd183270ce57464f12fd429c94b6f00ad917daa817bbe20da56a,False,COMPLETE_SHA256_RECORDED
official_repository/data/20220717-3/uncertainty/static_raw_data/prism1.csv,/home/lj/zero_perturbation_data/rts_gt_v1/official_repository/data/20220717-3/uncertainty/static_raw_data/prism1.csv,https://github.com/norlab-ulaval/RTS_project/blob/449a299bcf8bc11766718db4ed4aea4a489c7c46/data/20220717-3/uncertainty/static_raw_data/prism1.csv,OFFICIAL_GIT_METADATA_GT_CALIBRATION_OR_CODE,13190,849bf7bbb47e4aa3539281015b53cf11922e29802454b844d0a8208f94796e14,False,COMPLETE_SHA256_RECORDED
official_repository/data/20220717-3/uncertainty/static_raw_data/prism2.csv,/home/lj/zero_perturbation_data/rts_gt_v1/official_repository/data/20220717-3/uncertainty/static_raw_data/prism2.csv,https://github.com/norlab-ulaval/RTS_project/blob/449a299bcf8bc11766718db4ed4aea4a489c7c46/data/20220717-3/uncertainty/static_raw_data/prism2.csv,OFFICIAL_GIT_METADATA_GT_CALIBRATION_OR_CODE,6633,2486562fd00d152d6ac89920cedd90a774afa85895b6968384fbc142d0b0fdeb,False,COMPLETE_SHA256_RECORDED
official_repository/data/20220717-3/uncertainty/static_raw_data/prism3.csv,/home/lj/zero_perturbation_data/rts_gt_v1/official_repository/data/20220717-3/uncertainty/static_raw_data/prism3.csv,https://github.com/norlab-ulaval/RTS_project/blob/449a299bcf8bc11766718db4ed4aea4a489c7c46/data/20220717-3/uncertainty/static_raw_data/prism3.csv,OFFICIAL_GIT_METADATA_GT_CALIBRATION_OR_CODE,10399,41c6eb593b179c3c30f105cd573b6e24c73111eab4b5f0b77cc4155e91af04b6,False,COMPLETE_SHA256_RECORDED
official_repository/data/20220717-4/filtered_prediction/f-0.5-1-1-1-6-0-L_1.csv,/home/lj/zero_perturbation_data/rts_gt_v1/official_repository/data/20220717-4/filtered_prediction/f-0.5-1-1-1-6-0-L_1.csv,https://github.com/norlab-ulaval/RTS_project/blob/449a299bcf8bc11766718db4ed4aea4a489c7c46/data/20220717-4/filtered_prediction/f-0.5-1-1-1-6-0-L_1.csv,OFFICIAL_GIT_METADATA_GT_CALIBRATION_OR_CODE,59755,b3208ad2ee570d41877216a1456bfe11b57e1bf7a9646097e2eee678c6d3ed95,False,COMPLETE_SHA256_RECORDED
official_repository/data/20220717-4/filtered_prediction/f-0.5-1-1-1-6-0-L_2.csv,/home/lj/zero_perturbation_data/rts_gt_v1/official_repository/data/20220717-4/filtered_prediction/f-0.5-1-1-1-6-0-L_2.csv,https://github.com/norlab-ulaval/RTS_project/blob/449a299bcf8bc11766718db4ed4aea4a489c7c46/data/20220717-4/filtered_prediction/f-0.5-1-1-1-6-0-L_2.csv,OFFICIAL_GIT_METADATA_GT_CALIBRATION_OR_CODE,59615,06fd3fe721ee4313c44c356945267221d5373060500e5c662e1b4c8bfb557c50,False,COMPLETE_SHA256_RECORDED
official_repository/data/20220717-4/filtered_prediction/f-0.5-1-1-1-6-0-L_3.csv,/home/lj/zero_perturbation_data/rts_gt_v1/official_repository/data/20220717-4/filtered_prediction/f-0.5-1-1-1-6-0-L_3.csv,https://github.com/norlab-ulaval/RTS_project/blob/449a299bcf8bc11766718db4ed4aea4a489c7c46/data/20220717-4/filtered_prediction/f-0.5-1-1-1-6-0-L_3.csv,OFFICIAL_GIT_METADATA_GT_CALIBRATION_OR_CODE,60687,6ead47fce0b2ff0e897e8d773caff1024c3a7476caddd9772ba54b9cab8e8850,False,COMPLETE_SHA256_RECORDED
official_repository/data/20220717-4/filtered_prediction/f-1-0.5-1-1-6-0-L_1.csv,/home/lj/zero_perturbation_data/rts_gt_v1/official_repository/data/20220717-4/filtered_prediction/f-1-0.5-1-1-6-0-L_1.csv,https://github.com/norlab-ulaval/RTS_project/blob/449a299bcf8bc11766718db4ed4aea4a489c7c46/data/20220717-4/filtered_prediction/f-1-0.5-1-1-6-0-L_1.csv,OFFICIAL_GIT_METADATA_GT_CALIBRATION_OR_CODE,157016,31e945282fc45d0afab853879a97d935e61869b8105906238383521e14c15f2a,False,COMPLETE_SHA256_RECORDED
official_repository/data/20220717-4/filtered_prediction/f-1-0.5-1-1-6-0-L_2.csv,/home/lj/zero_perturbation_data/rts_gt_v1/official_repository/data/20220717-4/filtered_prediction/f-1-0.5-1-1-6-0-L_2.csv,https://github.com/norlab-ulaval/RTS_project/blob/449a299bcf8bc11766718db4ed4aea4a489c7c46/data/20220717-4/filtered_prediction/f-1-0.5-1-1-6-0-L_2.csv,OFFICIAL_GIT_METADATA_GT_CALIBRATION_OR_CODE,157879,65123fc1968a1248009c98024b8f9e6213338de5c3f6f30a903e13638fbaa165,False,COMPLETE_SHA256_RECORDED
official_repository/data/20220717-4/filtered_prediction/f-1-0.5-1-1-6-0-L_3.csv,/home/lj/zero_perturbation_data/rts_gt_v1/official_repository/data/20220717-4/filtered_prediction/f-1-0.5-1-1-6-0-L_3.csv,https://github.com/norlab-ulaval/RTS_project/blob/449a299bcf8bc11766718db4ed4aea4a489c7c46/data/20220717-4/filtered_prediction/f-1-0.5-1-1-6-0-L_3.csv,OFFICIAL_GIT_METADATA_GT_CALIBRATION_OR_CODE,161253,cee0f346e1f53c3dbe4bfe3e56743f2b0b513d4f3b8743e5e01328aa1bc10c6d,False,COMPLETE_SHA256_RECORDED
official_repository/data/20220717-4/filtered_prediction/f-1-1-0.5-1-6-0-L_1.csv,/home/lj/zero_perturbation_data/rts_gt_v1/official_repository/data/20220717-4/filtered_prediction/f-1-1-0.5-1-6-0-L_1.csv,https://github.com/norlab-ulaval/RTS_project/blob/449a299bcf8bc11766718db4ed4aea4a489c7c46/data/20220717-4/filtered_prediction/f-1-1-0.5-1-6-0-L_1.csv,OFFICIAL_GIT_METADATA_GT_CALIBRATION_OR_CODE,160393,e7da2db1466f153eb67cc930411dd9b1c1172c2d45f05d84b98513a823bfb91c,False,COMPLETE_SHA256_RECORDED
official_repository/data/20220717-4/filtered_prediction/f-1-1-0.5-1-6-0-L_2.csv,/home/lj/zero_perturbation_data/rts_gt_v1/official_repository/data/20220717-4/filtered_prediction/f-1-1-0.5-1-6-0-L_2.csv,https://github.com/norlab-ulaval/RTS_project/blob/449a299bcf8bc11766718db4ed4aea4a489c7c46/data/20220717-4/filtered_prediction/f-1-1-0.5-1-6-0-L_2.csv,OFFICIAL_GIT_METADATA_GT_CALIBRATION_OR_CODE,161204,9324530712cab07a89505731f90c206270f0dc693dc6dacb1aef6c1e8c2efcae,False,COMPLETE_SHA256_RECORDED
official_repository/data/20220717-4/filtered_prediction/f-1-1-0.5-1-6-0-L_3.csv,/home/lj/zero_perturbation_data/rts_gt_v1/official_repository/data/20220717-4/filtered_prediction/f-1-1-0.5-1-6-0-L_3.csv,https://github.com/norlab-ulaval/RTS_project/blob/449a299bcf8bc11766718db4ed4aea4a489c7c46/data/20220717-4/filtered_prediction/f-1-1-0.5-1-6-0-L_3.csv,OFFICIAL_GIT_METADATA_GT_CALIBRATION_OR_CODE,164601,7d208d6351fcd7a7d853c7857d2b88f2ddc0b33953ff168062172153d39d2307,False,COMPLETE_SHA256_RECORDED
official_repository/data/20220717-4/filtered_prediction/f-1-1-1-1-6-0-L_1.csv,/home/lj/zero_perturbation_data/rts_gt_v1/official_repository/data/20220717-4/filtered_prediction/f-1-1-1-1-6-0-L_1.csv,https://github.com/norlab-ulaval/RTS_project/blob/449a299bcf8bc11766718db4ed4aea4a489c7c46/data/20220717-4/filtered_prediction/f-1-1-1-1-6-0-L_1.csv,OFFICIAL_GIT_METADATA_GT_CALIBRATION_OR_CODE,164364,20b9d0ef87989f5680871101024a9cbba3bd97a67b3d852e026b469e4f21409e,False,COMPLETE_SHA256_RECORDED
official_repository/data/20220717-4/filtered_prediction/f-1-1-1-1-6-0-L_2.csv,/home/lj/zero_perturbation_data/rts_gt_v1/official_repository/data/20220717-4/filtered_prediction/f-1-1-1-1-6-0-L_2.csv,https://github.com/norlab-ulaval/RTS_project/blob/449a299bcf8bc11766718db4ed4aea4a489c7c46/data/20220717-4/filtered_prediction/f-1-1-1-1-6-0-L_2.csv,OFFICIAL_GIT_METADATA_GT_CALIBRATION_OR_CODE,165191,58a9cd07257d2c0176bfb1cb03c0f8a5c6eb3dcfb72fdfaf74fb802ceef92292,False,COMPLETE_SHA256_RECORDED
official_repository/data/20220717-4/filtered_prediction/f-1-1-1-1-6-0-L_3.csv,/home/lj/zero_perturbation_data/rts_gt_v1/official_repository/data/20220717-4/filtered_prediction/f-1-1-1-1-6-0-L_3.csv,https://github.com/norlab-ulaval/RTS_project/blob/449a299bcf8bc11766718db4ed4aea4a489c7c46/data/20220717-4/filtered_prediction/f-1-1-1-1-6-0-L_3.csv,OFFICIAL_GIT_METADATA_GT_CALIBRATION_OR_CODE,168623,429d0a625d390b02c10d0c1cd44f9799e1c72eaaaa487f7b12e5018c065efd74,False,COMPLETE_SHA256_RECORDED
official_repository/data/20220717-4/filtered_prediction/f-1-1-1.5-1-6-0-L_1.csv,/home/lj/zero_perturbation_data/rts_gt_v1/official_repository/data/20220717-4/filtered_prediction/f-1-1-1.5-1-6-0-L_1.csv,https://github.com/norlab-ulaval/RTS_project/blob/449a299bcf8bc11766718db4ed4aea4a489c7c46/data/20220717-4/filtered_prediction/f-1-1-1.5-1-6-0-L_1.csv,OFFICIAL_GIT_METADATA_GT_CALIBRATION_OR_CODE,164536,4961e8950bf3ef61b0854ea5036a46f72e1c0ee26676bb440e92c49b29036ad2,False,COMPLETE_SHA256_RECORDED
official_repository/data/20220717-4/filtered_prediction/f-1-1-1.5-1-6-0-L_2.csv,/home/lj/zero_perturbation_data/rts_gt_v1/official_repository/data/20220717-4/filtered_prediction/f-1-1-1.5-1-6-0-L_2.csv,https://github.com/norlab-ulaval/RTS_project/blob/449a299bcf8bc11766718db4ed4aea4a489c7c46/data/20220717-4/filtered_prediction/f-1-1-1.5-1-6-0-L_2.csv,OFFICIAL_GIT_METADATA_GT_CALIBRATION_OR_CODE,165347,334c27054674adba9f31628475fe0de680a53a0acce973da89c038d9ab010b1e,False,COMPLETE_SHA256_RECORDED
official_repository/data/20220717-4/filtered_prediction/f-1-1-1.5-1-6-0-L_3.csv,/home/lj/zero_perturbation_data/rts_gt_v1/official_repository/data/20220717-4/filtered_prediction/f-1-1-1.5-1-6-0-L_3.csv,https://github.com/norlab-ulaval/RTS_project/blob/449a299bcf8bc11766718db4ed4aea4a489c7c46/data/20220717-4/filtered_prediction/f-1-1-1.5-1-6-0-L_3.csv,OFFICIAL_GIT_METADATA_GT_CALIBRATION_OR_CODE,168772,9a67a5f653f20654b55308853076e9209bd237e506c9297f21542f8793f04295,False,COMPLETE_SHA256_RECORDED
official_repository/data/20220717-4/filtered_prediction/f-1-1-2-1-6-0-L_1.csv,/home/lj/zero_perturbation_data/rts_gt_v1/official_repository/data/20220717-4/filtered_prediction/f-1-1-2-1-6-0-L_1.csv,https://github.com/norlab-ulaval/RTS_project/blob/449a299bcf8bc11766718db4ed4aea4a489c7c46/data/20220717-4/filtered_prediction/f-1-1-2-1-6-0-L_1.csv,OFFICIAL_GIT_METADATA_GT_CALIBRATION_OR_CODE,164536,4961e8950bf3ef61b0854ea5036a46f72e1c0ee26676bb440e92c49b29036ad2,False,COMPLETE_SHA256_RECORDED
official_repository/data/20220717-4/filtered_prediction/f-1-1-2-1-6-0-L_2.csv,/home/lj/zero_perturbation_data/rts_gt_v1/official_repository/data/20220717-4/filtered_prediction/f-1-1-2-1-6-0-L_2.csv,https://github.com/norlab-ulaval/RTS_project/blob/449a299bcf8bc11766718db4ed4aea4a489c7c46/data/20220717-4/filtered_prediction/f-1-1-2-1-6-0-L_2.csv,OFFICIAL_GIT_METADATA_GT_CALIBRATION_OR_CODE,165347,334c27054674adba9f31628475fe0de680a53a0acce973da89c038d9ab010b1e,False,COMPLETE_SHA256_RECORDED
official_repository/data/20220717-4/filtered_prediction/f-1-1-2-1-6-0-L_3.csv,/home/lj/zero_perturbation_data/rts_gt_v1/official_repository/data/20220717-4/filtered_prediction/f-1-1-2-1-6-0-L_3.csv,https://github.com/norlab-ulaval/RTS_project/blob/449a299bcf8bc11766718db4ed4aea4a489c7c46/data/20220717-4/filtered_prediction/f-1-1-2-1-6-0-L_3.csv,OFFICIAL_GIT_METADATA_GT_CALIBRATION_OR_CODE,168772,9a67a5f653f20654b55308853076e9209bd237e506c9297f21542f8793f04295,False,COMPLETE_SHA256_RECORDED
official_repository/data/20220717-4/filtered_prediction/f-1-1-2.5-1-6-0-L_1.csv,/home/lj/zero_perturbation_data/rts_gt_v1/official_repository/data/20220717-4/filtered_prediction/f-1-1-2.5-1-6-0-L_1.csv,https://github.com/norlab-ulaval/RTS_project/blob/449a299bcf8bc11766718db4ed4aea4a489c7c46/data/20220717-4/filtered_prediction/f-1-1-2.5-1-6-0-L_1.csv,OFFICIAL_GIT_METADATA_GT_CALIBRATION_OR_CODE,164536,4961e8950bf3ef61b0854ea5036a46f72e1c0ee26676bb440e92c49b29036ad2,False,COMPLETE_SHA256_RECORDED
official_repository/data/20220717-4/filtered_prediction/f-1-1-2.5-1-6-0-L_2.csv,/home/lj/zero_perturbation_data/rts_gt_v1/official_repository/data/20220717-4/filtered_prediction/f-1-1-2.5-1-6-0-L_2.csv,https://github.com/norlab-ulaval/RTS_project/blob/449a299bcf8bc11766718db4ed4aea4a489c7c46/data/20220717-4/filtered_prediction/f-1-1-2.5-1-6-0-L_2.csv,OFFICIAL_GIT_METADATA_GT_CALIBRATION_OR_CODE,165347,334c27054674adba9f31628475fe0de680a53a0acce973da89c038d9ab010b1e,False,COMPLETE_SHA256_RECORDED
official_repository/data/20220717-4/filtered_prediction/f-1-1-2.5-1-6-0-L_3.csv,/home/lj/zero_perturbation_data/rts_gt_v1/official_repository/data/20220717-4/filtered_prediction/f-1-1-2.5-1-6-0-L_3.csv,https://github.com/norlab-ulaval/RTS_project/blob/449a299bcf8bc11766718db4ed4aea4a489c7c46/data/20220717-4/filtered_prediction/f-1-1-2.5-1-6-0-L_3.csv,OFFICIAL_GIT_METADATA_GT_CALIBRATION_OR_CODE,168772,9a67a5f653f20654b55308853076e9209bd237e506c9297f21542f8793f04295,False,COMPLETE_SHA256_RECORDED
official_repository/data/20220717-4/filtered_prediction/f-1-1-3-1-6-0-L_1.csv,/home/lj/zero_perturbation_data/rts_gt_v1/official_repository/data/20220717-4/filtered_prediction/f-1-1-3-1-6-0-L_1.csv,https://github.com/norlab-ulaval/RTS_project/blob/449a299bcf8bc11766718db4ed4aea4a489c7c46/data/20220717-4/filtered_prediction/f-1-1-3-1-6-0-L_1.csv,OFFICIAL_GIT_METADATA_GT_CALIBRATION_OR_CODE,164536,4961e8950bf3ef61b0854ea5036a46f72e1c0ee26676bb440e92c49b29036ad2,False,COMPLETE_SHA256_RECORDED
official_repository/data/20220717-4/filtered_prediction/f-1-1-3-1-6-0-L_2.csv,/home/lj/zero_perturbation_data/rts_gt_v1/official_repository/data/20220717-4/filtered_prediction/f-1-1-3-1-6-0-L_2.csv,https://github.com/norlab-ulaval/RTS_project/blob/449a299bcf8bc11766718db4ed4aea4a489c7c46/data/20220717-4/filtered_prediction/f-1-1-3-1-6-0-L_2.csv,OFFICIAL_GIT_METADATA_GT_CALIBRATION_OR_CODE,165347,334c27054674adba9f31628475fe0de680a53a0acce973da89c038d9ab010b1e,False,COMPLETE_SHA256_RECORDED
official_repository/data/20220717-4/filtered_prediction/f-1-1-3-1-6-0-L_3.csv,/home/lj/zero_perturbation_data/rts_gt_v1/official_repository/data/20220717-4/filtered_prediction/f-1-1-3-1-6-0-L_3.csv,https://github.com/norlab-ulaval/RTS_project/blob/449a299bcf8bc11766718db4ed4aea4a489c7c46/data/20220717-4/filtered_prediction/f-1-1-3-1-6-0-L_3.csv,OFFICIAL_GIT_METADATA_GT_CALIBRATION_OR_CODE,168772,9a67a5f653f20654b55308853076e9209bd237e506c9297f21542f8793f04295,False,COMPLETE_SHA256_RECORDED
official_repository/data/20220717-4/filtered_prediction/f-1-1.5-1-1-6-0-L_1.csv,/home/lj/zero_perturbation_data/rts_gt_v1/official_repository/data/20220717-4/filtered_prediction/f-1-1.5-1-1-6-0-L_1.csv,https://github.com/norlab-ulaval/RTS_project/blob/449a299bcf8bc11766718db4ed4aea4a489c7c46/data/20220717-4/filtered_prediction/f-1-1.5-1-1-6-0-L_1.csv,OFFICIAL_GIT_METADATA_GT_CALIBRATION_OR_CODE,164364,20b9d0ef87989f5680871101024a9cbba3bd97a67b3d852e026b469e4f21409e,False,COMPLETE_SHA256_RECORDED
official_repository/data/20220717-4/filtered_prediction/f-1-1.5-1-1-6-0-L_2.csv,/home/lj/zero_perturbation_data/rts_gt_v1/official_repository/data/20220717-4/filtered_prediction/f-1-1.5-1-1-6-0-L_2.csv,https://github.com/norlab-ulaval/RTS_project/blob/449a299bcf8bc11766718db4ed4aea4a489c7c46/data/20220717-4/filtered_prediction/f-1-1.5-1-1-6-0-L_2.csv,OFFICIAL_GIT_METADATA_GT_CALIBRATION_OR_CODE,165191,58a9cd07257d2c0176bfb1cb03c0f8a5c6eb3dcfb72fdfaf74fb802ceef92292,False,COMPLETE_SHA256_RECORDED
official_repository/data/20220717-4/filtered_prediction/f-1-1.5-1-1-6-0-L_3.csv,/home/lj/zero_perturbation_data/rts_gt_v1/official_repository/data/20220717-4/filtered_prediction/f-1-1.5-1-1-6-0-L_3.csv,https://github.com/norlab-ulaval/RTS_project/blob/449a299bcf8bc11766718db4ed4aea4a489c7c46/data/20220717-4/filtered_prediction/f-1-1.5-1-1-6-0-L_3.csv,OFFICIAL_GIT_METADATA_GT_CALIBRATION_OR_CODE,168623,429d0a625d390b02c10d0c1cd44f9799e1c72eaaaa487f7b12e5018c065efd74,False,COMPLETE_SHA256_RECORDED
official_repository/data/20220717-4/filtered_prediction/f-1-2-1-1-6-0-L_1.csv,/home/lj/zero_perturbation_data/rts_gt_v1/official_repository/data/20220717-4/filtered_prediction/f-1-2-1-1-6-0-L_1.csv,https://github.com/norlab-ulaval/RTS_project/blob/449a299bcf8bc11766718db4ed4aea4a489c7c46/data/20220717-4/filtered_prediction/f-1-2-1-1-6-0-L_1.csv,OFFICIAL_GIT_METADATA_GT_CALIBRATION_OR_CODE,164364,20b9d0ef87989f5680871101024a9cbba3bd97a67b3d852e026b469e4f21409e,False,COMPLETE_SHA256_RECORDED
official_repository/data/20220717-4/filtered_prediction/f-1-2-1-1-6-0-L_2.csv,/home/lj/zero_perturbation_data/rts_gt_v1/official_repository/data/20220717-4/filtered_prediction/f-1-2-1-1-6-0-L_2.csv,https://github.com/norlab-ulaval/RTS_project/blob/449a299bcf8bc11766718db4ed4aea4a489c7c46/data/20220717-4/filtered_prediction/f-1-2-1-1-6-0-L_2.csv,OFFICIAL_GIT_METADATA_GT_CALIBRATION_OR_CODE,165191,58a9cd07257d2c0176bfb1cb03c0f8a5c6eb3dcfb72fdfaf74fb802ceef92292,False,COMPLETE_SHA256_RECORDED
official_repository/data/20220717-4/filtered_prediction/f-1-2-1-1-6-0-L_3.csv,/home/lj/zero_perturbation_data/rts_gt_v1/official_repository/data/20220717-4/filtered_prediction/f-1-2-1-1-6-0-L_3.csv,https://github.com/norlab-ulaval/RTS_project/blob/449a299bcf8bc11766718db4ed4aea4a489c7c46/data/20220717-4/filtered_prediction/f-1-2-1-1-6-0-L_3.csv,OFFICIAL_GIT_METADATA_GT_CALIBRATION_OR_CODE,168623,429d0a625d390b02c10d0c1cd44f9799e1c72eaaaa487f7b12e5018c065efd74,False,COMPLETE_SHA256_RECORDED
official_repository/data/20220717-4/filtered_prediction/f-1-2.5-1-1-6-0-L_1.csv,/home/lj/zero_perturbation_data/rts_gt_v1/official_repository/data/20220717-4/filtered_prediction/f-1-2.5-1-1-6-0-L_1.csv,https://github.com/norlab-ulaval/RTS_project/blob/449a299bcf8bc11766718db4ed4aea4a489c7c46/data/20220717-4/filtered_prediction/f-1-2.5-1-1-6-0-L_1.csv,OFFICIAL_GIT_METADATA_GT_CALIBRATION_OR_CODE,164364,20b9d0ef87989f5680871101024a9cbba3bd97a67b3d852e026b469e4f21409e,False,COMPLETE_SHA256_RECORDED
official_repository/data/20220717-4/filtered_prediction/f-1-2.5-1-1-6-0-L_2.csv,/home/lj/zero_perturbation_data/rts_gt_v1/official_repository/data/20220717-4/filtered_prediction/f-1-2.5-1-1-6-0-L_2.csv,https://github.com/norlab-ulaval/RTS_project/blob/449a299bcf8bc11766718db4ed4aea4a489c7c46/data/20220717-4/filtered_prediction/f-1-2.5-1-1-6-0-L_2.csv,OFFICIAL_GIT_METADATA_GT_CALIBRATION_OR_CODE,165191,58a9cd07257d2c0176bfb1cb03c0f8a5c6eb3dcfb72fdfaf74fb802ceef92292,False,COMPLETE_SHA256_RECORDED
official_repository/data/20220717-4/filtered_prediction/f-1-2.5-1-1-6-0-L_3.csv,/home/lj/zero_perturbation_data/rts_gt_v1/official_repository/data/20220717-4/filtered_prediction/f-1-2.5-1-1-6-0-L_3.csv,https://github.com/norlab-ulaval/RTS_project/blob/449a299bcf8bc11766718db4ed4aea4a489c7c46/data/20220717-4/filtered_prediction/f-1-2.5-1-1-6-0-L_3.csv,OFFICIAL_GIT_METADATA_GT_CALIBRATION_OR_CODE,168623,429d0a625d390b02c10d0c1cd44f9799e1c72eaaaa487f7b12e5018c065efd74,False,COMPLETE_SHA256_RECORDED
official_repository/data/20220717-4/filtered_prediction/f-1-3-1-1-6-0-L_1.csv,/home/lj/zero_perturbation_data/rts_gt_v1/official_repository/data/20220717-4/filtered_prediction/f-1-3-1-1-6-0-L_1.csv,https://github.com/norlab-ulaval/RTS_project/blob/449a299bcf8bc11766718db4ed4aea4a489c7c46/data/20220717-4/filtered_prediction/f-1-3-1-1-6-0-L_1.csv,OFFICIAL_GIT_METADATA_GT_CALIBRATION_OR_CODE,169795,fa5a5d251201c3f987aa3f590173b12f7df6d9f85b49437beefa2902024fffd1,False,COMPLETE_SHA256_RECORDED
official_repository/data/20220717-4/filtered_prediction/f-1-3-1-1-6-0-L_2.csv,/home/lj/zero_perturbation_data/rts_gt_v1/official_repository/data/20220717-4/filtered_prediction/f-1-3-1-1-6-0-L_2.csv,https://github.com/norlab-ulaval/RTS_project/blob/449a299bcf8bc11766718db4ed4aea4a489c7c46/data/20220717-4/filtered_prediction/f-1-3-1-1-6-0-L_2.csv,OFFICIAL_GIT_METADATA_GT_CALIBRATION_OR_CODE,170542,c055e0dd49d0a8caecf3d9de266374fa96ee2fb96a06d3655bcf6fc537bdc572,False,COMPLETE_SHA256_RECORDED
official_repository/data/20220717-4/filtered_prediction/f-1-3-1-1-6-0-L_3.csv,/home/lj/zero_perturbation_data/rts_gt_v1/official_repository/data/20220717-4/filtered_prediction/f-1-3-1-1-6-0-L_3.csv,https://github.com/norlab-ulaval/RTS_project/blob/449a299bcf8bc11766718db4ed4aea4a489c7c46/data/20220717-4/filtered_prediction/f-1-3-1-1-6-0-L_3.csv,OFFICIAL_GIT_METADATA_GT_CALIBRATION_OR_CODE,174062,684020b802a8467f9ac9c287843efb1038aba6a8d17e423909310468a0669d20,False,COMPLETE_SHA256_RECORDED
official_repository/data/20220717-4/filtered_prediction/f-1.5-1-1-1-6-0-L_1.csv,/home/lj/zero_perturbation_data/rts_gt_v1/official_repository/data/20220717-4/filtered_prediction/f-1.5-1-1-1-6-0-L_1.csv,https://github.com/norlab-ulaval/RTS_project/blob/449a299bcf8bc11766718db4ed4aea4a489c7c46/data/20220717-4/filtered_prediction/f-1.5-1-1-1-6-0-L_1.csv,OFFICIAL_GIT_METADATA_GT_CALIBRATION_OR_CODE,415822,b6e98c15075c2843c85ed80fb9eabc0e3a1a078ddc4f4298b953c767310cdff7,False,COMPLETE_SHA256_RECORDED
official_repository/data/20220717-4/filtered_prediction/f-1.5-1-1-1-6-0-L_2.csv,/home/lj/zero_perturbation_data/rts_gt_v1/official_repository/data/20220717-4/filtered_prediction/f-1.5-1-1-1-6-0-L_2.csv,https://github.com/norlab-ulaval/RTS_project/blob/449a299bcf8bc11766718db4ed4aea4a489c7c46/data/20220717-4/filtered_prediction/f-1.5-1-1-1-6-0-L_2.csv,OFFICIAL_GIT_METADATA_GT_CALIBRATION_OR_CODE,419388,f76dd0559a571fcc28574a6db4b914abff47305cfbb979c2c1063cce75bf9de2,False,COMPLETE_SHA256_RECORDED
official_repository/data/20220717-4/filtered_prediction/f-1.5-1-1-1-6-0-L_3.csv,/home/lj/zero_perturbation_data/rts_gt_v1/official_repository/data/20220717-4/filtered_prediction/f-1.5-1-1-1-6-0-L_3.csv,https://github.com/norlab-ulaval/RTS_project/blob/449a299bcf8bc11766718db4ed4aea4a489c7c46/data/20220717-4/filtered_prediction/f-1.5-1-1-1-6-0-L_3.csv,OFFICIAL_GIT_METADATA_GT_CALIBRATION_OR_CODE,427144,24c5072e969cbc00abf1072bc3afbafdc0748418bce30e047badc9cd663993c2,False,COMPLETE_SHA256_RECORDED
official_repository/data/20220717-4/filtered_prediction/f-2-1-1-0.5-6-0-L_1.csv,/home/lj/zero_perturbation_data/rts_gt_v1/official_repository/data/20220717-4/filtered_prediction/f-2-1-1-0.5-6-0-L_1.csv,https://github.com/norlab-ulaval/RTS_project/blob/449a299bcf8bc11766718db4ed4aea4a489c7c46/data/20220717-4/filtered_prediction/f-2-1-1-0.5-6-0-L_1.csv,OFFICIAL_GIT_METADATA_GT_CALIBRATION_OR_CODE,390786,c76000138a35fa1f669074bcdbef6db904704a061265b94ce74df86d31115eb7,False,COMPLETE_SHA256_RECORDED
official_repository/data/20220717-4/filtered_prediction/f-2-1-1-0.5-6-0-L_2.csv,/home/lj/zero_perturbation_data/rts_gt_v1/official_repository/data/20220717-4/filtered_prediction/f-2-1-1-0.5-6-0-L_2.csv,https://github.com/norlab-ulaval/RTS_project/blob/449a299bcf8bc11766718db4ed4aea4a489c7c46/data/20220717-4/filtered_prediction/f-2-1-1-0.5-6-0-L_2.csv,OFFICIAL_GIT_METADATA_GT_CALIBRATION_OR_CODE,394334,e420431858df6e707341f0301c90e0927858a4f6bcdb3e9c2cf333ffeacc8087,False,COMPLETE_SHA256_RECORDED
official_repository/data/20220717-4/filtered_prediction/f-2-1-1-0.5-6-0-L_3.csv,/home/lj/zero_perturbation_data/rts_gt_v1/official_repository/data/20220717-4/filtered_prediction/f-2-1-1-0.5-6-0-L_3.csv,https://github.com/norlab-ulaval/RTS_project/blob/449a299bcf8bc11766718db4ed4aea4a489c7c46/data/20220717-4/filtered_prediction/f-2-1-1-0.5-6-0-L_3.csv,OFFICIAL_GIT_METADATA_GT_CALIBRATION_OR_CODE,401744,f520dc8d46852a209be14516587ef186464a28074c485fcbda2721c70bf92e47,False,COMPLETE_SHA256_RECORDED
official_repository/data/20220717-4/filtered_prediction/f-2-1-1-0.75-6-0-L_1.csv,/home/lj/zero_perturbation_data/rts_gt_v1/official_repository/data/20220717-4/filtered_prediction/f-2-1-1-0.75-6-0-L_1.csv,https://github.com/norlab-ulaval/RTS_project/blob/449a299bcf8bc11766718db4ed4aea4a489c7c46/data/20220717-4/filtered_prediction/f-2-1-1-0.75-6-0-L_1.csv,OFFICIAL_GIT_METADATA_GT_CALIBRATION_OR_CODE,390786,c76000138a35fa1f669074bcdbef6db904704a061265b94ce74df86d31115eb7,False,COMPLETE_SHA256_RECORDED
official_repository/data/20220717-4/filtered_prediction/f-2-1-1-0.75-6-0-L_2.csv,/home/lj/zero_perturbation_data/rts_gt_v1/official_repository/data/20220717-4/filtered_prediction/f-2-1-1-0.75-6-0-L_2.csv,https://github.com/norlab-ulaval/RTS_project/blob/449a299bcf8bc11766718db4ed4aea4a489c7c46/data/20220717-4/filtered_prediction/f-2-1-1-0.75-6-0-L_2.csv,OFFICIAL_GIT_METADATA_GT_CALIBRATION_OR_CODE,394334,e420431858df6e707341f0301c90e0927858a4f6bcdb3e9c2cf333ffeacc8087,False,COMPLETE_SHA256_RECORDED
official_repository/data/20220717-4/filtered_prediction/f-2-1-1-0.75-6-0-L_3.csv,/home/lj/zero_perturbation_data/rts_gt_v1/official_repository/data/20220717-4/filtered_prediction/f-2-1-1-0.75-6-0-L_3.csv,https://github.com/norlab-ulaval/RTS_project/blob/449a299bcf8bc11766718db4ed4aea4a489c7c46/data/20220717-4/filtered_prediction/f-2-1-1-0.75-6-0-L_3.csv,OFFICIAL_GIT_METADATA_GT_CALIBRATION_OR_CODE,401744,f520dc8d46852a209be14516587ef186464a28074c485fcbda2721c70bf92e47,False,COMPLETE_SHA256_RECORDED
official_repository/data/20220717-4/filtered_prediction/f-2-1-1-1-10-0-L_1.csv,/home/lj/zero_perturbation_data/rts_gt_v1/official_repository/data/20220717-4/filtered_prediction/f-2-1-1-1-10-0-L_1.csv,https://github.com/norlab-ulaval/RTS_project/blob/449a299bcf8bc11766718db4ed4aea4a489c7c46/data/20220717-4/filtered_prediction/f-2-1-1-1-10-0-L_1.csv,OFFICIAL_GIT_METADATA_GT_CALIBRATION_OR_CODE,381746,efcdd6b118d9ba822ca6a1c24bfd389b1abc5d5e5e93a74a598f6c925f769cc9,False,COMPLETE_SHA256_RECORDED
official_repository/data/20220717-4/filtered_prediction/f-2-1-1-1-10-0-L_2.csv,/home/lj/zero_perturbation_data/rts_gt_v1/official_repository/data/20220717-4/filtered_prediction/f-2-1-1-1-10-0-L_2.csv,https://github.com/norlab-ulaval/RTS_project/blob/449a299bcf8bc11766718db4ed4aea4a489c7c46/data/20220717-4/filtered_prediction/f-2-1-1-1-10-0-L_2.csv,OFFICIAL_GIT_METADATA_GT_CALIBRATION_OR_CODE,385214,2e78653cc1f6247b54be0c7f386b6d66f70a8eac5e324b1508daad279d63b6f5,False,COMPLETE_SHA256_RECORDED
official_repository/data/20220717-4/filtered_prediction/f-2-1-1-1-10-0-L_3.csv,/home/lj/zero_perturbation_data/rts_gt_v1/official_repository/data/20220717-4/filtered_prediction/f-2-1-1-1-10-0-L_3.csv,https://github.com/norlab-ulaval/RTS_project/blob/449a299bcf8bc11766718db4ed4aea4a489c7c46/data/20220717-4/filtered_prediction/f-2-1-1-1-10-0-L_3.csv,OFFICIAL_GIT_METADATA_GT_CALIBRATION_OR_CODE,392283,2946980a4b6787fa8b1ccb6b0188d6a4e911db70d41fc1afc385b7633cd94c21,False,COMPLETE_SHA256_RECORDED
official_repository/data/20220717-4/filtered_prediction/f-2-1-1-1-12-0-L_1.csv,/home/lj/zero_perturbation_data/rts_gt_v1/official_repository/data/20220717-4/filtered_prediction/f-2-1-1-1-12-0-L_1.csv,https://github.com/norlab-ulaval/RTS_project/blob/449a299bcf8bc11766718db4ed4aea4a489c7c46/data/20220717-4/filtered_prediction/f-2-1-1-1-12-0-L_1.csv,OFFICIAL_GIT_METADATA_GT_CALIBRATION_OR_CODE,372610,9ee27505be52a853dbc3adaf6bf86a598cdbcabeb0407da83d4f13bee26cfb9a,False,COMPLETE_SHA256_RECORDED
official_repository/data/20220717-4/filtered_prediction/f-2-1-1-1-12-0-L_2.csv,/home/lj/zero_perturbation_data/rts_gt_v1/official_repository/data/20220717-4/filtered_prediction/f-2-1-1-1-12-0-L_2.csv,https://github.com/norlab-ulaval/RTS_project/blob/449a299bcf8bc11766718db4ed4aea4a489c7c46/data/20220717-4/filtered_prediction/f-2-1-1-1-12-0-L_2.csv,OFFICIAL_GIT_METADATA_GT_CALIBRATION_OR_CODE,376169,e02550762b460e6440f4912ba51c709a5e003e44897bbc2fb1536b55e8413065,False,COMPLETE_SHA256_RECORDED
official_repository/data/20220717-4/filtered_prediction/f-2-1-1-1-12-0-L_3.csv,/home/lj/zero_perturbation_data/rts_gt_v1/official_repository/data/20220717-4/filtered_prediction/f-2-1-1-1-12-0-L_3.csv,https://github.com/norlab-ulaval/RTS_project/blob/449a299bcf8bc11766718db4ed4aea4a489c7c46/data/20220717-4/filtered_prediction/f-2-1-1-1-12-0-L_3.csv,OFFICIAL_GIT_METADATA_GT_CALIBRATION_OR_CODE,383121,2de48c8d2207a673752b116d7b4b8916adf9cf7cca76682c2b3d6469af237bb0,False,COMPLETE_SHA256_RECORDED
official_repository/data/20220717-4/filtered_prediction/f-2-1-1-1-2-0-L_1.csv,/home/lj/zero_perturbation_data/rts_gt_v1/official_repository/data/20220717-4/filtered_prediction/f-2-1-1-1-2-0-L_1.csv,https://github.com/norlab-ulaval/RTS_project/blob/449a299bcf8bc11766718db4ed4aea4a489c7c46/data/20220717-4/filtered_prediction/f-2-1-1-1-2-0-L_1.csv,OFFICIAL_GIT_METADATA_GT_CALIBRATION_OR_CODE,424119,c4ccab30cca80d2809426d4654560d3992096d072e517251e094cae60a441efb,False,COMPLETE_SHA256_RECORDED
official_repository/data/20220717-4/filtered_prediction/f-2-1-1-1-2-0-L_2.csv,/home/lj/zero_perturbation_data/rts_gt_v1/official_repository/data/20220717-4/filtered_prediction/f-2-1-1-1-2-0-L_2.csv,https://github.com/norlab-ulaval/RTS_project/blob/449a299bcf8bc11766718db4ed4aea4a489c7c46/data/20220717-4/filtered_prediction/f-2-1-1-1-2-0-L_2.csv,OFFICIAL_GIT_METADATA_GT_CALIBRATION_OR_CODE,427730,0bdacdc7a2d135d3d5e6725e7d54bcd910c9bf8e785049c66888e3a4bda52a25,False,COMPLETE_SHA256_RECORDED
official_repository/data/20220717-4/filtered_prediction/f-2-1-1-1-2-0-L_3.csv,/home/lj/zero_perturbation_data/rts_gt_v1/official_repository/data/20220717-4/filtered_prediction/f-2-1-1-1-2-0-L_3.csv,https://github.com/norlab-ulaval/RTS_project/blob/449a299bcf8bc11766718db4ed4aea4a489c7c46/data/20220717-4/filtered_prediction/f-2-1-1-1-2-0-L_3.csv,OFFICIAL_GIT_METADATA_GT_CALIBRATION_OR_CODE,435565,66bb36b6e45455522d585a151c28ed5ba57f60dfb9baae07f6957a536070e550,False,COMPLETE_SHA256_RECORDED
official_repository/data/20220717-4/filtered_prediction/f-2-1-1-1-4-0-L_1.csv,/home/lj/zero_perturbation_data/rts_gt_v1/official_repository/data/20220717-4/filtered_prediction/f-2-1-1-1-4-0-L_1.csv,https://github.com/norlab-ulaval/RTS_project/blob/449a299bcf8bc11766718db4ed4aea4a489c7c46/data/20220717-4/filtered_prediction/f-2-1-1-1-4-0-L_1.csv,OFFICIAL_GIT_METADATA_GT_CALIBRATION_OR_CODE,422454,41e71caa7b052a34e8575f7a00f1d33473f66ef1bf4ee73c098ad7d30e93692e,False,COMPLETE_SHA256_RECORDED
official_repository/data/20220717-4/filtered_prediction/f-2-1-1-1-4-0-L_2.csv,/home/lj/zero_perturbation_data/rts_gt_v1/official_repository/data/20220717-4/filtered_prediction/f-2-1-1-1-4-0-L_2.csv,https://github.com/norlab-ulaval/RTS_project/blob/449a299bcf8bc11766718db4ed4aea4a489c7c46/data/20220717-4/filtered_prediction/f-2-1-1-1-4-0-L_2.csv,OFFICIAL_GIT_METADATA_GT_CALIBRATION_OR_CODE,426049,a5934dd4dc0f4e0ba4b122455a8e6c3b7d6e0e2c9de3bcec7f67399eb3e40d72,False,COMPLETE_SHA256_RECORDED
official_repository/data/20220717-4/filtered_prediction/f-2-1-1-1-4-0-L_3.csv,/home/lj/zero_perturbation_data/rts_gt_v1/official_repository/data/20220717-4/filtered_prediction/f-2-1-1-1-4-0-L_3.csv,https://github.com/norlab-ulaval/RTS_project/blob/449a299bcf8bc11766718db4ed4aea4a489c7c46/data/20220717-4/filtered_prediction/f-2-1-1-1-4-0-L_3.csv,OFFICIAL_GIT_METADATA_GT_CALIBRATION_OR_CODE,433847,f3520d66cb1bab9e2e3a964e06089b5ab1b8aaef162b0c22fcfe6bf23e39c80f,False,COMPLETE_SHA256_RECORDED
official_repository/data/20220717-4/filtered_prediction/f-2-1-1-1-6-0-L_1.csv,/home/lj/zero_perturbation_data/rts_gt_v1/official_repository/data/20220717-4/filtered_prediction/f-2-1-1-1-6-0-L_1.csv,https://github.com/norlab-ulaval/RTS_project/blob/449a299bcf8bc11766718db4ed4aea4a489c7c46/data/20220717-4/filtered_prediction/f-2-1-1-1-6-0-L_1.csv,OFFICIAL_GIT_METADATA_GT_CALIBRATION_OR_CODE,415822,b6e98c15075c2843c85ed80fb9eabc0e3a1a078ddc4f4298b953c767310cdff7,False,COMPLETE_SHA256_RECORDED
official_repository/data/20220717-4/filtered_prediction/f-2-1-1-1-6-0-L_2.csv,/home/lj/zero_perturbation_data/rts_gt_v1/official_repository/data/20220717-4/filtered_prediction/f-2-1-1-1-6-0-L_2.csv,https://github.com/norlab-ulaval/RTS_project/blob/449a299bcf8bc11766718db4ed4aea4a489c7c46/data/20220717-4/filtered_prediction/f-2-1-1-1-6-0-L_2.csv,OFFICIAL_GIT_METADATA_GT_CALIBRATION_OR_CODE,419388,f76dd0559a571fcc28574a6db4b914abff47305cfbb979c2c1063cce75bf9de2,False,COMPLETE_SHA256_RECORDED
official_repository/data/20220717-4/filtered_prediction/f-2-1-1-1-6-0-L_3.csv,/home/lj/zero_perturbation_data/rts_gt_v1/official_repository/data/20220717-4/filtered_prediction/f-2-1-1-1-6-0-L_3.csv,https://github.com/norlab-ulaval/RTS_project/blob/449a299bcf8bc11766718db4ed4aea4a489c7c46/data/20220717-4/filtered_prediction/f-2-1-1-1-6-0-L_3.csv,OFFICIAL_GIT_METADATA_GT_CALIBRATION_OR_CODE,427144,24c5072e969cbc00abf1072bc3afbafdc0748418bce30e047badc9cd663993c2,False,COMPLETE_SHA256_RECORDED
official_repository/data/20220717-4/filtered_prediction/f-2-1-1-1-6-0.25-L_1.csv,/home/lj/zero_perturbation_data/rts_gt_v1/official_repository/data/20220717-4/filtered_prediction/f-2-1-1-1-6-0.25-L_1.csv,https://github.com/norlab-ulaval/RTS_project/blob/449a299bcf8bc11766718db4ed4aea4a489c7c46/data/20220717-4/filtered_prediction/f-2-1-1-1-6-0.25-L_1.csv,OFFICIAL_GIT_METADATA_GT_CALIBRATION_OR_CODE,415822,b6e98c15075c2843c85ed80fb9eabc0e3a1a078ddc4f4298b953c767310cdff7,False,COMPLETE_SHA256_RECORDED
official_repository/data/20220717-4/filtered_prediction/f-2-1-1-1-6-0.25-L_2.csv,/home/lj/zero_perturbation_data/rts_gt_v1/official_repository/data/20220717-4/filtered_prediction/f-2-1-1-1-6-0.25-L_2.csv,https://github.com/norlab-ulaval/RTS_project/blob/449a299bcf8bc11766718db4ed4aea4a489c7c46/data/20220717-4/filtered_prediction/f-2-1-1-1-6-0.25-L_2.csv,OFFICIAL_GIT_METADATA_GT_CALIBRATION_OR_CODE,419388,f76dd0559a571fcc28574a6db4b914abff47305cfbb979c2c1063cce75bf9de2,False,COMPLETE_SHA256_RECORDED
official_repository/data/20220717-4/filtered_prediction/f-2-1-1-1-6-0.25-L_3.csv,/home/lj/zero_perturbation_data/rts_gt_v1/official_repository/data/20220717-4/filtered_prediction/f-2-1-1-1-6-0.25-L_3.csv,https://github.com/norlab-ulaval/RTS_project/blob/449a299bcf8bc11766718db4ed4aea4a489c7c46/data/20220717-4/filtered_prediction/f-2-1-1-1-6-0.25-L_3.csv,OFFICIAL_GIT_METADATA_GT_CALIBRATION_OR_CODE,427144,24c5072e969cbc00abf1072bc3afbafdc0748418bce30e047badc9cd663993c2,False,COMPLETE_SHA256_RECORDED
official_repository/data/20220717-4/filtered_prediction/f-2-1-1-1-6-0.5-L_1.csv,/home/lj/zero_perturbation_data/rts_gt_v1/official_repository/data/20220717-4/filtered_prediction/f-2-1-1-1-6-0.5-L_1.csv,https://github.com/norlab-ulaval/RTS_project/blob/449a299bcf8bc11766718db4ed4aea4a489c7c46/data/20220717-4/filtered_prediction/f-2-1-1-1-6-0.5-L_1.csv,OFFICIAL_GIT_METADATA_GT_CALIBRATION_OR_CODE,402143,90a36f0de0bc0c209ca919b5cbb8e89c0c43ad593234ed3d75a2ecd38f35b0cb,False,COMPLETE_SHA256_RECORDED
official_repository/data/20220717-4/filtered_prediction/f-2-1-1-1-6-0.5-L_2.csv,/home/lj/zero_perturbation_data/rts_gt_v1/official_repository/data/20220717-4/filtered_prediction/f-2-1-1-1-6-0.5-L_2.csv,https://github.com/norlab-ulaval/RTS_project/blob/449a299bcf8bc11766718db4ed4aea4a489c7c46/data/20220717-4/filtered_prediction/f-2-1-1-1-6-0.5-L_2.csv,OFFICIAL_GIT_METADATA_GT_CALIBRATION_OR_CODE,405380,570a7d3306303039c98ccfcf2183f015d5a186f6c0d43c22a0504e7500bd7b11,False,COMPLETE_SHA256_RECORDED
official_repository/data/20220717-4/filtered_prediction/f-2-1-1-1-6-0.5-L_3.csv,/home/lj/zero_perturbation_data/rts_gt_v1/official_repository/data/20220717-4/filtered_prediction/f-2-1-1-1-6-0.5-L_3.csv,https://github.com/norlab-ulaval/RTS_project/blob/449a299bcf8bc11766718db4ed4aea4a489c7c46/data/20220717-4/filtered_prediction/f-2-1-1-1-6-0.5-L_3.csv,OFFICIAL_GIT_METADATA_GT_CALIBRATION_OR_CODE,413120,cba237723601ea1b5c7aed379fe8500a71834cbea0c733d5d2be03e3f9ba4923,False,COMPLETE_SHA256_RECORDED
official_repository/data/20220717-4/filtered_prediction/f-2-1-1-1-6-0.75-L_1.csv,/home/lj/zero_perturbation_data/rts_gt_v1/official_repository/data/20220717-4/filtered_prediction/f-2-1-1-1-6-0.75-L_1.csv,https://github.com/norlab-ulaval/RTS_project/blob/449a299bcf8bc11766718db4ed4aea4a489c7c46/data/20220717-4/filtered_prediction/f-2-1-1-1-6-0.75-L_1.csv,OFFICIAL_GIT_METADATA_GT_CALIBRATION_OR_CODE,402143,90a36f0de0bc0c209ca919b5cbb8e89c0c43ad593234ed3d75a2ecd38f35b0cb,False,COMPLETE_SHA256_RECORDED
official_repository/data/20220717-4/filtered_prediction/f-2-1-1-1-6-0.75-L_2.csv,/home/lj/zero_perturbation_data/rts_gt_v1/official_repository/data/20220717-4/filtered_prediction/f-2-1-1-1-6-0.75-L_2.csv,https://github.com/norlab-ulaval/RTS_project/blob/449a299bcf8bc11766718db4ed4aea4a489c7c46/data/20220717-4/filtered_prediction/f-2-1-1-1-6-0.75-L_2.csv,OFFICIAL_GIT_METADATA_GT_CALIBRATION_OR_CODE,405380,570a7d3306303039c98ccfcf2183f015d5a186f6c0d43c22a0504e7500bd7b11,False,COMPLETE_SHA256_RECORDED
official_repository/data/20220717-4/filtered_prediction/f-2-1-1-1-6-0.75-L_3.csv,/home/lj/zero_perturbation_data/rts_gt_v1/official_repository/data/20220717-4/filtered_prediction/f-2-1-1-1-6-0.75-L_3.csv,https://github.com/norlab-ulaval/RTS_project/blob/449a299bcf8bc11766718db4ed4aea4a489c7c46/data/20220717-4/filtered_prediction/f-2-1-1-1-6-0.75-L_3.csv,OFFICIAL_GIT_METADATA_GT_CALIBRATION_OR_CODE,413120,cba237723601ea1b5c7aed379fe8500a71834cbea0c733d5d2be03e3f9ba4923,False,COMPLETE_SHA256_RECORDED
official_repository/data/20220717-4/filtered_prediction/f-2-1-1-1-6-1-L_1.csv,/home/lj/zero_perturbation_data/rts_gt_v1/official_repository/data/20220717-4/filtered_prediction/f-2-1-1-1-6-1-L_1.csv,https://github.com/norlab-ulaval/RTS_project/blob/449a299bcf8bc11766718db4ed4aea4a489c7c46/data/20220717-4/filtered_prediction/f-2-1-1-1-6-1-L_1.csv,OFFICIAL_GIT_METADATA_GT_CALIBRATION_OR_CODE,387569,9690bfad649a629daf597099f1c4aa26744eaf400035a6ce67b40a5542cb3056,False,COMPLETE_SHA256_RECORDED
official_repository/data/20220717-4/filtered_prediction/f-2-1-1-1-6-1-L_2.csv,/home/lj/zero_perturbation_data/rts_gt_v1/official_repository/data/20220717-4/filtered_prediction/f-2-1-1-1-6-1-L_2.csv,https://github.com/norlab-ulaval/RTS_project/blob/449a299bcf8bc11766718db4ed4aea4a489c7c46/data/20220717-4/filtered_prediction/f-2-1-1-1-6-1-L_2.csv,OFFICIAL_GIT_METADATA_GT_CALIBRATION_OR_CODE,390933,0ea595585c4a27d4d2e39b55bd6ee39415bb7c862ccf2b918b836a1cffd9a019,False,COMPLETE_SHA256_RECORDED
official_repository/data/20220717-4/filtered_prediction/f-2-1-1-1-6-1-L_3.csv,/home/lj/zero_perturbation_data/rts_gt_v1/official_repository/data/20220717-4/filtered_prediction/f-2-1-1-1-6-1-L_3.csv,https://github.com/norlab-ulaval/RTS_project/blob/449a299bcf8bc11766718db4ed4aea4a489c7c46/data/20220717-4/filtered_prediction/f-2-1-1-1-6-1-L_3.csv,OFFICIAL_GIT_METADATA_GT_CALIBRATION_OR_CODE,398080,1e681cf190fe3feda4fb947c5ee1a4180e3437dbd4c468dee743d44185025b92,False,COMPLETE_SHA256_RECORDED
official_repository/data/20220717-4/filtered_prediction/f-2-1-1-1-6-1-SGP-1000_1.csv,/home/lj/zero_perturbation_data/rts_gt_v1/official_repository/data/20220717-4/filtered_prediction/f-2-1-1-1-6-1-SGP-1000_1.csv,https://github.com/norlab-ulaval/RTS_project/blob/449a299bcf8bc11766718db4ed4aea4a489c7c46/data/20220717-4/filtered_prediction/f-2-1-1-1-6-1-SGP-1000_1.csv,OFFICIAL_GIT_METADATA_GT_CALIBRATION_OR_CODE,729369,7cdce37ab640c84e8a1e3b3bc6c66de35d4ccbaebcc4596862fcb543c51b5d53,False,COMPLETE_SHA256_RECORDED
official_repository/data/20220717-4/filtered_prediction/f-2-1-1-1-6-1-SGP-1000_2.csv,/home/lj/zero_perturbation_data/rts_gt_v1/official_repository/data/20220717-4/filtered_prediction/f-2-1-1-1-6-1-SGP-1000_2.csv,https://github.com/norlab-ulaval/RTS_project/blob/449a299bcf8bc11766718db4ed4aea4a489c7c46/data/20220717-4/filtered_prediction/f-2-1-1-1-6-1-SGP-1000_2.csv,OFFICIAL_GIT_METADATA_GT_CALIBRATION_OR_CODE,736902,6204c37047e69220a49d369d8dd9e82ef8caaee3c150e6a8df4c5a0c2e47dd14,False,COMPLETE_SHA256_RECORDED
official_repository/data/20220717-4/filtered_prediction/f-2-1-1-1-6-1-SGP-1000_3.csv,/home/lj/zero_perturbation_data/rts_gt_v1/official_repository/data/20220717-4/filtered_prediction/f-2-1-1-1-6-1-SGP-1000_3.csv,https://github.com/norlab-ulaval/RTS_project/blob/449a299bcf8bc11766718db4ed4aea4a489c7c46/data/20220717-4/filtered_prediction/f-2-1-1-1-6-1-SGP-1000_3.csv,OFFICIAL_GIT_METADATA_GT_CALIBRATION_OR_CODE,743883,294b3c7491e25982e4281b84ba8174dd801cdb55a0af8b26ecdc284955112eda,False,COMPLETE_SHA256_RECORDED
official_repository/data/20220717-4/filtered_prediction/f-2-1-1-1-6-1.25-L_1.csv,/home/lj/zero_perturbation_data/rts_gt_v1/official_repository/data/20220717-4/filtered_prediction/f-2-1-1-1-6-1.25-L_1.csv,https://github.com/norlab-ulaval/RTS_project/blob/449a299bcf8bc11766718db4ed4aea4a489c7c46/data/20220717-4/filtered_prediction/f-2-1-1-1-6-1.25-L_1.csv,OFFICIAL_GIT_METADATA_GT_CALIBRATION_OR_CODE,369439,7f790438dacd4169543a25793776edb299954c4d9e3bbf4894ababe5c89b94dc,False,COMPLETE_SHA256_RECORDED
official_repository/data/20220717-4/filtered_prediction/f-2-1-1-1-6-1.25-L_2.csv,/home/lj/zero_perturbation_data/rts_gt_v1/official_repository/data/20220717-4/filtered_prediction/f-2-1-1-1-6-1.25-L_2.csv,https://github.com/norlab-ulaval/RTS_project/blob/449a299bcf8bc11766718db4ed4aea4a489c7c46/data/20220717-4/filtered_prediction/f-2-1-1-1-6-1.25-L_2.csv,OFFICIAL_GIT_METADATA_GT_CALIBRATION_OR_CODE,372804,e275962ea882cb41852fe036229a385901a8d6db1d60f08c3d672e6337446279,False,COMPLETE_SHA256_RECORDED
official_repository/data/20220717-4/filtered_prediction/f-2-1-1-1-6-1.25-L_3.csv,/home/lj/zero_perturbation_data/rts_gt_v1/official_repository/data/20220717-4/filtered_prediction/f-2-1-1-1-6-1.25-L_3.csv,https://github.com/norlab-ulaval/RTS_project/blob/449a299bcf8bc11766718db4ed4aea4a489c7c46/data/20220717-4/filtered_prediction/f-2-1-1-1-6-1.25-L_3.csv,OFFICIAL_GIT_METADATA_GT_CALIBRATION_OR_CODE,379518,513e6536165772aab774a7d5b87ecd34f91bdb550c509b385db60a4571e7b919,False,COMPLETE_SHA256_RECORDED
official_repository/data/20220717-4/filtered_prediction/f-2-1-1-1-6-1.5-L_1.csv,/home/lj/zero_perturbation_data/rts_gt_v1/official_repository/data/20220717-4/filtered_prediction/f-2-1-1-1-6-1.5-L_1.csv,https://github.com/norlab-ulaval/RTS_project/blob/449a299bcf8bc11766718db4ed4aea4a489c7c46/data/20220717-4/filtered_prediction/f-2-1-1-1-6-1.5-L_1.csv,OFFICIAL_GIT_METADATA_GT_CALIBRATION_OR_CODE,369439,7f790438dacd4169543a25793776edb299954c4d9e3bbf4894ababe5c89b94dc,False,COMPLETE_SHA256_RECORDED
official_repository/data/20220717-4/filtered_prediction/f-2-1-1-1-6-1.5-L_2.csv,/home/lj/zero_perturbation_data/rts_gt_v1/official_repository/data/20220717-4/filtered_prediction/f-2-1-1-1-6-1.5-L_2.csv,https://github.com/norlab-ulaval/RTS_project/blob/449a299bcf8bc11766718db4ed4aea4a489c7c46/data/20220717-4/filtered_prediction/f-2-1-1-1-6-1.5-L_2.csv,OFFICIAL_GIT_METADATA_GT_CALIBRATION_OR_CODE,372804,e275962ea882cb41852fe036229a385901a8d6db1d60f08c3d672e6337446279,False,COMPLETE_SHA256_RECORDED
official_repository/data/20220717-4/filtered_prediction/f-2-1-1-1-6-1.5-L_3.csv,/home/lj/zero_perturbation_data/rts_gt_v1/official_repository/data/20220717-4/filtered_prediction/f-2-1-1-1-6-1.5-L_3.csv,https://github.com/norlab-ulaval/RTS_project/blob/449a299bcf8bc11766718db4ed4aea4a489c7c46/data/20220717-4/filtered_prediction/f-2-1-1-1-6-1.5-L_3.csv,OFFICIAL_GIT_METADATA_GT_CALIBRATION_OR_CODE,379518,513e6536165772aab774a7d5b87ecd34f91bdb550c509b385db60a4571e7b919,False,COMPLETE_SHA256_RECORDED
official_repository/data/20220717-4/filtered_prediction/f-2-1-1-1-6-1.75-L_1.csv,/home/lj/zero_perturbation_data/rts_gt_v1/official_repository/data/20220717-4/filtered_prediction/f-2-1-1-1-6-1.75-L_1.csv,https://github.com/norlab-ulaval/RTS_project/blob/449a299bcf8bc11766718db4ed4aea4a489c7c46/data/20220717-4/filtered_prediction/f-2-1-1-1-6-1.75-L_1.csv,OFFICIAL_GIT_METADATA_GT_CALIBRATION_OR_CODE,365060,3e1e6511d6bec30773408105520350d8a411d998c7ac4dae44f57ffed079d53a,False,COMPLETE_SHA256_RECORDED
official_repository/data/20220717-4/filtered_prediction/f-2-1-1-1-6-1.75-L_2.csv,/home/lj/zero_perturbation_data/rts_gt_v1/official_repository/data/20220717-4/filtered_prediction/f-2-1-1-1-6-1.75-L_2.csv,https://github.com/norlab-ulaval/RTS_project/blob/449a299bcf8bc11766718db4ed4aea4a489c7c46/data/20220717-4/filtered_prediction/f-2-1-1-1-6-1.75-L_2.csv,OFFICIAL_GIT_METADATA_GT_CALIBRATION_OR_CODE,368460,61d552fbf2390f065ef0c593c74f79c621dc1c83d230ed6c12738a1219172853,False,COMPLETE_SHA256_RECORDED
official_repository/data/20220717-4/filtered_prediction/f-2-1-1-1-6-1.75-L_3.csv,/home/lj/zero_perturbation_data/rts_gt_v1/official_repository/data/20220717-4/filtered_prediction/f-2-1-1-1-6-1.75-L_3.csv,https://github.com/norlab-ulaval/RTS_project/blob/449a299bcf8bc11766718db4ed4aea4a489c7c46/data/20220717-4/filtered_prediction/f-2-1-1-1-6-1.75-L_3.csv,OFFICIAL_GIT_METADATA_GT_CALIBRATION_OR_CODE,375164,972a8b584bf45c21a8ae302a989dd219f373745fc22ac5d12079a4c04dc39d8d,False,COMPLETE_SHA256_RECORDED
official_repository/data/20220717-4/filtered_prediction/f-2-1-1-1-6-2-L_1.csv,/home/lj/zero_perturbation_data/rts_gt_v1/official_repository/data/20220717-4/filtered_prediction/f-2-1-1-1-6-2-L_1.csv,https://github.com/norlab-ulaval/RTS_project/blob/449a299bcf8bc11766718db4ed4aea4a489c7c46/data/20220717-4/filtered_prediction/f-2-1-1-1-6-2-L_1.csv,OFFICIAL_GIT_METADATA_GT_CALIBRATION_OR_CODE,361366,bf9bd8c16d95b362b06281e011f303b20070101867663e07f273906ea0cd9e76,False,COMPLETE_SHA256_RECORDED
official_repository/data/20220717-4/filtered_prediction/f-2-1-1-1-6-2-L_2.csv,/home/lj/zero_perturbation_data/rts_gt_v1/official_repository/data/20220717-4/filtered_prediction/f-2-1-1-1-6-2-L_2.csv,https://github.com/norlab-ulaval/RTS_project/blob/449a299bcf8bc11766718db4ed4aea4a489c7c46/data/20220717-4/filtered_prediction/f-2-1-1-1-6-2-L_2.csv,OFFICIAL_GIT_METADATA_GT_CALIBRATION_OR_CODE,364765,d44f356df05531f3dd1e4a7efd0e41c4eb16952a0ce24c695c01f668ec2ad3cc,False,COMPLETE_SHA256_RECORDED
official_repository/data/20220717-4/filtered_prediction/f-2-1-1-1-6-2-L_3.csv,/home/lj/zero_perturbation_data/rts_gt_v1/official_repository/data/20220717-4/filtered_prediction/f-2-1-1-1-6-2-L_3.csv,https://github.com/norlab-ulaval/RTS_project/blob/449a299bcf8bc11766718db4ed4aea4a489c7c46/data/20220717-4/filtered_prediction/f-2-1-1-1-6-2-L_3.csv,OFFICIAL_GIT_METADATA_GT_CALIBRATION_OR_CODE,371402,52ff88298986d5d95671a0a088256e2508bc64bb242b964d7bdadbf753bddf85,False,COMPLETE_SHA256_RECORDED
official_repository/data/20220717-4/filtered_prediction/f-2-1-1-1-8-0-L_1.csv,/home/lj/zero_perturbation_data/rts_gt_v1/official_repository/data/20220717-4/filtered_prediction/f-2-1-1-1-8-0-L_1.csv,https://github.com/norlab-ulaval/RTS_project/blob/449a299bcf8bc11766718db4ed4aea4a489c7c46/data/20220717-4/filtered_prediction/f-2-1-1-1-8-0-L_1.csv,OFFICIAL_GIT_METADATA_GT_CALIBRATION_OR_CODE,394084,c561c30a700323969ad6df310a61f546c6c4fef5a12e102688464c6be954e87b,False,COMPLETE_SHA256_RECORDED
official_repository/data/20220717-4/filtered_prediction/f-2-1-1-1-8-0-L_2.csv,/home/lj/zero_perturbation_data/rts_gt_v1/official_repository/data/20220717-4/filtered_prediction/f-2-1-1-1-8-0-L_2.csv,https://github.com/norlab-ulaval/RTS_project/blob/449a299bcf8bc11766718db4ed4aea4a489c7c46/data/20220717-4/filtered_prediction/f-2-1-1-1-8-0-L_2.csv,OFFICIAL_GIT_METADATA_GT_CALIBRATION_OR_CODE,397610,da35bdeff75f84f5f0408b92a69c3a62bd833a3f096afaa8aeb9acdfe4200d91,False,COMPLETE_SHA256_RECORDED
official_repository/data/20220717-4/filtered_prediction/f-2-1-1-1-8-0-L_3.csv,/home/lj/zero_perturbation_data/rts_gt_v1/official_repository/data/20220717-4/filtered_prediction/f-2-1-1-1-8-0-L_3.csv,https://github.com/norlab-ulaval/RTS_project/blob/449a299bcf8bc11766718db4ed4aea4a489c7c46/data/20220717-4/filtered_prediction/f-2-1-1-1-8-0-L_3.csv,OFFICIAL_GIT_METADATA_GT_CALIBRATION_OR_CODE,404982,16d07b51e8e374750d427a545f2f1756eef8a2d1470e8344eb1dfec69d9f1fb7,False,COMPLETE_SHA256_RECORDED
official_repository/data/20220717-4/filtered_prediction/f-2-1-1-1.25-6-0-L_1.csv,/home/lj/zero_perturbation_data/rts_gt_v1/official_repository/data/20220717-4/filtered_prediction/f-2-1-1-1.25-6-0-L_1.csv,https://github.com/norlab-ulaval/RTS_project/blob/449a299bcf8bc11766718db4ed4aea4a489c7c46/data/20220717-4/filtered_prediction/f-2-1-1-1.25-6-0-L_1.csv,OFFICIAL_GIT_METADATA_GT_CALIBRATION_OR_CODE,436115,798eb2336aef92c41d4baa5649691067a6ec603901e6ea236d1c970399e7dbb8,False,COMPLETE_SHA256_RECORDED
official_repository/data/20220717-4/filtered_prediction/f-2-1-1-1.25-6-0-L_2.csv,/home/lj/zero_perturbation_data/rts_gt_v1/official_repository/data/20220717-4/filtered_prediction/f-2-1-1-1.25-6-0-L_2.csv,https://github.com/norlab-ulaval/RTS_project/blob/449a299bcf8bc11766718db4ed4aea4a489c7c46/data/20220717-4/filtered_prediction/f-2-1-1-1.25-6-0-L_2.csv,OFFICIAL_GIT_METADATA_GT_CALIBRATION_OR_CODE,439765,cce52e5283af9eeb4f5483030ea5936c6fc5f9d2adc9fa425a5f25b9bf1583b0,False,COMPLETE_SHA256_RECORDED
official_repository/data/20220717-4/filtered_prediction/f-2-1-1-1.25-6-0-L_3.csv,/home/lj/zero_perturbation_data/rts_gt_v1/official_repository/data/20220717-4/filtered_prediction/f-2-1-1-1.25-6-0-L_3.csv,https://github.com/norlab-ulaval/RTS_project/blob/449a299bcf8bc11766718db4ed4aea4a489c7c46/data/20220717-4/filtered_prediction/f-2-1-1-1.25-6-0-L_3.csv,OFFICIAL_GIT_METADATA_GT_CALIBRATION_OR_CODE,447854,b342e15c263f0ed7d11a5b2ec60b86572aea8bab6c5ad3f4ca94fb5b7806c038,False,COMPLETE_SHA256_RECORDED
official_repository/data/20220717-4/filtered_prediction/f-2-1-1-1.5-6-0-L_1.csv,/home/lj/zero_perturbation_data/rts_gt_v1/official_repository/data/20220717-4/filtered_prediction/f-2-1-1-1.5-6-0-L_1.csv,https://github.com/norlab-ulaval/RTS_project/blob/449a299bcf8bc11766718db4ed4aea4a489c7c46/data/20220717-4/filtered_prediction/f-2-1-1-1.5-6-0-L_1.csv,OFFICIAL_GIT_METADATA_GT_CALIBRATION_OR_CODE,436115,798eb2336aef92c41d4baa5649691067a6ec603901e6ea236d1c970399e7dbb8,False,COMPLETE_SHA256_RECORDED
official_repository/data/20220717-4/filtered_prediction/f-2-1-1-1.5-6-0-L_2.csv,/home/lj/zero_perturbation_data/rts_gt_v1/official_repository/data/20220717-4/filtered_prediction/f-2-1-1-1.5-6-0-L_2.csv,https://github.com/norlab-ulaval/RTS_project/blob/449a299bcf8bc11766718db4ed4aea4a489c7c46/data/20220717-4/filtered_prediction/f-2-1-1-1.5-6-0-L_2.csv,OFFICIAL_GIT_METADATA_GT_CALIBRATION_OR_CODE,439765,cce52e5283af9eeb4f5483030ea5936c6fc5f9d2adc9fa425a5f25b9bf1583b0,False,COMPLETE_SHA256_RECORDED
official_repository/data/20220717-4/filtered_prediction/f-2-1-1-1.5-6-0-L_3.csv,/home/lj/zero_perturbation_data/rts_gt_v1/official_repository/data/20220717-4/filtered_prediction/f-2-1-1-1.5-6-0-L_3.csv,https://github.com/norlab-ulaval/RTS_project/blob/449a299bcf8bc11766718db4ed4aea4a489c7c46/data/20220717-4/filtered_prediction/f-2-1-1-1.5-6-0-L_3.csv,OFFICIAL_GIT_METADATA_GT_CALIBRATION_OR_CODE,447854,b342e15c263f0ed7d11a5b2ec60b86572aea8bab6c5ad3f4ca94fb5b7806c038,False,COMPLETE_SHA256_RECORDED
official_repository/data/20220717-4/filtered_prediction/f-2-1-1-1.75-6-0-L_1.csv,/home/lj/zero_perturbation_data/rts_gt_v1/official_repository/data/20220717-4/filtered_prediction/f-2-1-1-1.75-6-0-L_1.csv,https://github.com/norlab-ulaval/RTS_project/blob/449a299bcf8bc11766718db4ed4aea4a489c7c46/data/20220717-4/filtered_prediction/f-2-1-1-1.75-6-0-L_1.csv,OFFICIAL_GIT_METADATA_GT_CALIBRATION_OR_CODE,455111,11209d12af371eaa8c7829215fdd116dc3d873a99e939d4a68ad07bf822b8434,False,COMPLETE_SHA256_RECORDED
official_repository/data/20220717-4/filtered_prediction/f-2-1-1-1.75-6-0-L_2.csv,/home/lj/zero_perturbation_data/rts_gt_v1/official_repository/data/20220717-4/filtered_prediction/f-2-1-1-1.75-6-0-L_2.csv,https://github.com/norlab-ulaval/RTS_project/blob/449a299bcf8bc11766718db4ed4aea4a489c7c46/data/20220717-4/filtered_prediction/f-2-1-1-1.75-6-0-L_2.csv,OFFICIAL_GIT_METADATA_GT_CALIBRATION_OR_CODE,458828,a42bd2b40a533079ee846d773c2319d242f36402e50b4698556acddb45121fb3,False,COMPLETE_SHA256_RECORDED
official_repository/data/20220717-4/filtered_prediction/f-2-1-1-1.75-6-0-L_3.csv,/home/lj/zero_perturbation_data/rts_gt_v1/official_repository/data/20220717-4/filtered_prediction/f-2-1-1-1.75-6-0-L_3.csv,https://github.com/norlab-ulaval/RTS_project/blob/449a299bcf8bc11766718db4ed4aea4a489c7c46/data/20220717-4/filtered_prediction/f-2-1-1-1.75-6-0-L_3.csv,OFFICIAL_GIT_METADATA_GT_CALIBRATION_OR_CODE,467096,cd1fed0e298f21c87e7f39200c9059f2fde5a154df9c6d9b1a586809839983ab,False,COMPLETE_SHA256_RECORDED
official_repository/data/20220717-4/filtered_prediction/f-2-1-1-2-6-0-L_1.csv,/home/lj/zero_perturbation_data/rts_gt_v1/official_repository/data/20220717-4/filtered_prediction/f-2-1-1-2-6-0-L_1.csv,https://github.com/norlab-ulaval/RTS_project/blob/449a299bcf8bc11766718db4ed4aea4a489c7c46/data/20220717-4/filtered_prediction/f-2-1-1-2-6-0-L_1.csv,OFFICIAL_GIT_METADATA_GT_CALIBRATION_OR_CODE,462801,8f2efaa7bf64b6a6dfac6891557351b29195230ea8edadd271a243af0450177c,False,COMPLETE_SHA256_RECORDED
official_repository/data/20220717-4/filtered_prediction/f-2-1-1-2-6-0-L_2.csv,/home/lj/zero_perturbation_data/rts_gt_v1/official_repository/data/20220717-4/filtered_prediction/f-2-1-1-2-6-0-L_2.csv,https://github.com/norlab-ulaval/RTS_project/blob/449a299bcf8bc11766718db4ed4aea4a489c7c46/data/20220717-4/filtered_prediction/f-2-1-1-2-6-0-L_2.csv,OFFICIAL_GIT_METADATA_GT_CALIBRATION_OR_CODE,466556,a246855e5ce87b8117bbc5cbee7357fa2a16365800564cb2d65b28ac3131a846,False,COMPLETE_SHA256_RECORDED
official_repository/data/20220717-4/filtered_prediction/f-2-1-1-2-6-0-L_3.csv,/home/lj/zero_perturbation_data/rts_gt_v1/official_repository/data/20220717-4/filtered_prediction/f-2-1-1-2-6-0-L_3.csv,https://github.com/norlab-ulaval/RTS_project/blob/449a299bcf8bc11766718db4ed4aea4a489c7c46/data/20220717-4/filtered_prediction/f-2-1-1-2-6-0-L_3.csv,OFFICIAL_GIT_METADATA_GT_CALIBRATION_OR_CODE,475005,d547f71ef968b3fe047a6cea2f5aab8e2091b6b4e3e9a612963a45ffdf8f823a,False,COMPLETE_SHA256_RECORDED
official_repository/data/20220717-4/filtered_prediction/f-2-1-1-2.25-6-0-L_1.csv,/home/lj/zero_perturbation_data/rts_gt_v1/official_repository/data/20220717-4/filtered_prediction/f-2-1-1-2.25-6-0-L_1.csv,https://github.com/norlab-ulaval/RTS_project/blob/449a299bcf8bc11766718db4ed4aea4a489c7c46/data/20220717-4/filtered_prediction/f-2-1-1-2.25-6-0-L_1.csv,OFFICIAL_GIT_METADATA_GT_CALIBRATION_OR_CODE,462798,18e01b8c5e30eacfa35eaa910d4ef2f0f63c48a9cff07525cfa75d2afe188cb1,False,COMPLETE_SHA256_RECORDED
official_repository/data/20220717-4/filtered_prediction/f-2-1-1-2.25-6-0-L_2.csv,/home/lj/zero_perturbation_data/rts_gt_v1/official_repository/data/20220717-4/filtered_prediction/f-2-1-1-2.25-6-0-L_2.csv,https://github.com/norlab-ulaval/RTS_project/blob/449a299bcf8bc11766718db4ed4aea4a489c7c46/data/20220717-4/filtered_prediction/f-2-1-1-2.25-6-0-L_2.csv,OFFICIAL_GIT_METADATA_GT_CALIBRATION_OR_CODE,466468,edc95c289454f8998d7e28ff028a2a6bc35bfaf0ac5600ce769babbf6b2d890a,False,COMPLETE_SHA256_RECORDED
official_repository/data/20220717-4/filtered_prediction/f-2-1-1-2.25-6-0-L_3.csv,/home/lj/zero_perturbation_data/rts_gt_v1/official_repository/data/20220717-4/filtered_prediction/f-2-1-1-2.25-6-0-L_3.csv,https://github.com/norlab-ulaval/RTS_project/blob/449a299bcf8bc11766718db4ed4aea4a489c7c46/data/20220717-4/filtered_prediction/f-2-1-1-2.25-6-0-L_3.csv,OFFICIAL_GIT_METADATA_GT_CALIBRATION_OR_CODE,475034,8191e78f3c7d6dc51e3614dc4b871e63d6fd35fd62faea52a9f0eac01a463985,False,COMPLETE_SHA256_RECORDED
official_repository/data/20220717-4/filtered_prediction/f-2-1-1-2.5-6-0-L_1.csv,/home/lj/zero_perturbation_data/rts_gt_v1/official_repository/data/20220717-4/filtered_prediction/f-2-1-1-2.5-6-0-L_1.csv,https://github.com/norlab-ulaval/RTS_project/blob/449a299bcf8bc11766718db4ed4aea4a489c7c46/data/20220717-4/filtered_prediction/f-2-1-1-2.5-6-0-L_1.csv,OFFICIAL_GIT_METADATA_GT_CALIBRATION_OR_CODE,462798,18e01b8c5e30eacfa35eaa910d4ef2f0f63c48a9cff07525cfa75d2afe188cb1,False,COMPLETE_SHA256_RECORDED
official_repository/data/20220717-4/filtered_prediction/f-2-1-1-2.5-6-0-L_2.csv,/home/lj/zero_perturbation_data/rts_gt_v1/official_repository/data/20220717-4/filtered_prediction/f-2-1-1-2.5-6-0-L_2.csv,https://github.com/norlab-ulaval/RTS_project/blob/449a299bcf8bc11766718db4ed4aea4a489c7c46/data/20220717-4/filtered_prediction/f-2-1-1-2.5-6-0-L_2.csv,OFFICIAL_GIT_METADATA_GT_CALIBRATION_OR_CODE,466468,edc95c289454f8998d7e28ff028a2a6bc35bfaf0ac5600ce769babbf6b2d890a,False,COMPLETE_SHA256_RECORDED
official_repository/data/20220717-4/filtered_prediction/f-2-1-1-2.5-6-0-L_3.csv,/home/lj/zero_perturbation_data/rts_gt_v1/official_repository/data/20220717-4/filtered_prediction/f-2-1-1-2.5-6-0-L_3.csv,https://github.com/norlab-ulaval/RTS_project/blob/449a299bcf8bc11766718db4ed4aea4a489c7c46/data/20220717-4/filtered_prediction/f-2-1-1-2.5-6-0-L_3.csv,OFFICIAL_GIT_METADATA_GT_CALIBRATION_OR_CODE,475034,8191e78f3c7d6dc51e3614dc4b871e63d6fd35fd62faea52a9f0eac01a463985,False,COMPLETE_SHA256_RECORDED
official_repository/data/20220717-4/filtered_prediction/f-2.5-1-1-1-6-0-L_1.csv,/home/lj/zero_perturbation_data/rts_gt_v1/official_repository/data/20220717-4/filtered_prediction/f-2.5-1-1-1-6-0-L_1.csv,https://github.com/norlab-ulaval/RTS_project/blob/449a299bcf8bc11766718db4ed4aea4a489c7c46/data/20220717-4/filtered_prediction/f-2.5-1-1-1-6-0-L_1.csv,OFFICIAL_GIT_METADATA_GT_CALIBRATION_OR_CODE,415822,b6e98c15075c2843c85ed80fb9eabc0e3a1a078ddc4f4298b953c767310cdff7,False,COMPLETE_SHA256_RECORDED
official_repository/data/20220717-4/filtered_prediction/f-2.5-1-1-1-6-0-L_2.csv,/home/lj/zero_perturbation_data/rts_gt_v1/official_repository/data/20220717-4/filtered_prediction/f-2.5-1-1-1-6-0-L_2.csv,https://github.com/norlab-ulaval/RTS_project/blob/449a299bcf8bc11766718db4ed4aea4a489c7c46/data/20220717-4/filtered_prediction/f-2.5-1-1-1-6-0-L_2.csv,OFFICIAL_GIT_METADATA_GT_CALIBRATION_OR_CODE,419388,f76dd0559a571fcc28574a6db4b914abff47305cfbb979c2c1063cce75bf9de2,False,COMPLETE_SHA256_RECORDED
official_repository/data/20220717-4/filtered_prediction/f-2.5-1-1-1-6-0-L_3.csv,/home/lj/zero_perturbation_data/rts_gt_v1/official_repository/data/20220717-4/filtered_prediction/f-2.5-1-1-1-6-0-L_3.csv,https://github.com/norlab-ulaval/RTS_project/blob/449a299bcf8bc11766718db4ed4aea4a489c7c46/data/20220717-4/filtered_prediction/f-2.5-1-1-1-6-0-L_3.csv,OFFICIAL_GIT_METADATA_GT_CALIBRATION_OR_CODE,427144,24c5072e969cbc00abf1072bc3afbafdc0748418bce30e047badc9cd663993c2,False,COMPLETE_SHA256_RECORDED
official_repository/data/20220717-4/filtered_prediction/f-3-1-1-1-6-0-L_1.csv,/home/lj/zero_perturbation_data/rts_gt_v1/official_repository/data/20220717-4/filtered_prediction/f-3-1-1-1-6-0-L_1.csv,https://github.com/norlab-ulaval/RTS_project/blob/449a299bcf8bc11766718db4ed4aea4a489c7c46/data/20220717-4/filtered_prediction/f-3-1-1-1-6-0-L_1.csv,OFFICIAL_GIT_METADATA_GT_CALIBRATION_OR_CODE,415822,b6e98c15075c2843c85ed80fb9eabc0e3a1a078ddc4f4298b953c767310cdff7,False,COMPLETE_SHA256_RECORDED
official_repository/data/20220717-4/filtered_prediction/f-3-1-1-1-6-0-L_2.csv,/home/lj/zero_perturbation_data/rts_gt_v1/official_repository/data/20220717-4/filtered_prediction/f-3-1-1-1-6-0-L_2.csv,https://github.com/norlab-ulaval/RTS_project/blob/449a299bcf8bc11766718db4ed4aea4a489c7c46/data/20220717-4/filtered_prediction/f-3-1-1-1-6-0-L_2.csv,OFFICIAL_GIT_METADATA_GT_CALIBRATION_OR_CODE,419388,f76dd0559a571fcc28574a6db4b914abff47305cfbb979c2c1063cce75bf9de2,False,COMPLETE_SHA256_RECORDED
official_repository/data/20220717-4/filtered_prediction/f-3-1-1-1-6-0-L_3.csv,/home/lj/zero_perturbation_data/rts_gt_v1/official_repository/data/20220717-4/filtered_prediction/f-3-1-1-1-6-0-L_3.csv,https://github.com/norlab-ulaval/RTS_project/blob/449a299bcf8bc11766718db4ed4aea4a489c7c46/data/20220717-4/filtered_prediction/f-3-1-1-1-6-0-L_3.csv,OFFICIAL_GIT_METADATA_GT_CALIBRATION_OR_CODE,427144,24c5072e969cbc00abf1072bc3afbafdc0748418bce30e047badc9cd663993c2,False,COMPLETE_SHA256_RECORDED
official_repository/data/20220717-4/list_tf/TF_list_linear_inter_prism_6dof.csv,/home/lj/zero_perturbation_data/rts_gt_v1/official_repository/data/20220717-4/list_tf/TF_list_linear_inter_prism_6dof.csv,https://github.com/norlab-ulaval/RTS_project/blob/449a299bcf8bc11766718db4ed4aea4a489c7c46/data/20220717-4/list_tf/TF_list_linear_inter_prism_6dof.csv,OFFICIAL_GIT_METADATA_GT_CALIBRATION_OR_CODE,535,49940c48d4b17c560d3989ba2d02cba42f305dcfdb7dc1cb367e5ce7ac32c8ad,False,COMPLETE_SHA256_RECORDED
official_repository/data/20220717-4/list_tf/TF_list_static_cp.csv,/home/lj/zero_perturbation_data/rts_gt_v1/official_repository/data/20220717-4/list_tf/TF_list_static_cp.csv,https://github.com/norlab-ulaval/RTS_project/blob/449a299bcf8bc11766718db4ed4aea4a489c7c46/data/20220717-4/list_tf/TF_list_static_cp.csv,OFFICIAL_GIT_METADATA_GT_CALIBRATION_OR_CODE,10904,e62e5ac971254e9e5bd9449ae6ef6c4d968be2ac79cc76def9fe2c733163aa0b,False,COMPLETE_SHA256_RECORDED
official_repository/data/20220717-4/raw_prediction/nf-1-0-1-L_1.csv,/home/lj/zero_perturbation_data/rts_gt_v1/official_repository/data/20220717-4/raw_prediction/nf-1-0-1-L_1.csv,https://github.com/norlab-ulaval/RTS_project/blob/449a299bcf8bc11766718db4ed4aea4a489c7c46/data/20220717-4/raw_prediction/nf-1-0-1-L_1.csv,OFFICIAL_GIT_METADATA_GT_CALIBRATION_OR_CODE,482878,d967ad56061eaefde4a7ea167cfacf45568afd03eb771d1f7395a9c533cfbb30,False,COMPLETE_SHA256_RECORDED
official_repository/data/20220717-4/raw_prediction/nf-1-0-1-L_2.csv,/home/lj/zero_perturbation_data/rts_gt_v1/official_repository/data/20220717-4/raw_prediction/nf-1-0-1-L_2.csv,https://github.com/norlab-ulaval/RTS_project/blob/449a299bcf8bc11766718db4ed4aea4a489c7c46/data/20220717-4/raw_prediction/nf-1-0-1-L_2.csv,OFFICIAL_GIT_METADATA_GT_CALIBRATION_OR_CODE,486532,71813344a8f012063a47e0ea939798474b28967f2711597dda9b90a583ffe17c,False,COMPLETE_SHA256_RECORDED
official_repository/data/20220717-4/raw_prediction/nf-1-0-1-L_3.csv,/home/lj/zero_perturbation_data/rts_gt_v1/official_repository/data/20220717-4/raw_prediction/nf-1-0-1-L_3.csv,https://github.com/norlab-ulaval/RTS_project/blob/449a299bcf8bc11766718db4ed4aea4a489c7c46/data/20220717-4/raw_prediction/nf-1-0-1-L_3.csv,OFFICIAL_GIT_METADATA_GT_CALIBRATION_OR_CODE,495167,7ae6d803f3f105ff9ecb273142629520dcc6711337ddd18c6f4f857de8cc0313,False,COMPLETE_SHA256_RECORDED
official_repository/data/20220717-4/raw_prediction/nf-1-6-0-L_1.csv,/home/lj/zero_perturbation_data/rts_gt_v1/official_repository/data/20220717-4/raw_prediction/nf-1-6-0-L_1.csv,https://github.com/norlab-ulaval/RTS_project/blob/449a299bcf8bc11766718db4ed4aea4a489c7c46/data/20220717-4/raw_prediction/nf-1-6-0-L_1.csv,OFFICIAL_GIT_METADATA_GT_CALIBRATION_OR_CODE,462487,1ac842950d1a3d2e86dbc99920ad9dc5a1d53219599293f03dce90ebe73134b4,False,COMPLETE_SHA256_RECORDED
official_repository/data/20220717-4/raw_prediction/nf-1-6-0-L_2.csv,/home/lj/zero_perturbation_data/rts_gt_v1/official_repository/data/20220717-4/raw_prediction/nf-1-6-0-L_2.csv,https://github.com/norlab-ulaval/RTS_project/blob/449a299bcf8bc11766718db4ed4aea4a489c7c46/data/20220717-4/raw_prediction/nf-1-6-0-L_2.csv,OFFICIAL_GIT_METADATA_GT_CALIBRATION_OR_CODE,465948,06496c0b7848676414605d10691bfee87abacf2519297429a4eeb8eac0da9519,False,COMPLETE_SHA256_RECORDED
official_repository/data/20220717-4/raw_prediction/nf-1-6-0-L_3.csv,/home/lj/zero_perturbation_data/rts_gt_v1/official_repository/data/20220717-4/raw_prediction/nf-1-6-0-L_3.csv,https://github.com/norlab-ulaval/RTS_project/blob/449a299bcf8bc11766718db4ed4aea4a489c7c46/data/20220717-4/raw_prediction/nf-1-6-0-L_3.csv,OFFICIAL_GIT_METADATA_GT_CALIBRATION_OR_CODE,474245,4e8c5f86368f8505ff44e9d9a7ea3cb0e3a9dd6a6adcc4628b3614e59cbefed5,False,COMPLETE_SHA256_RECORDED
official_repository/data/20220717-4/raw_prediction/nf-1-6-1-SGP-1000_1.csv,/home/lj/zero_perturbation_data/rts_gt_v1/official_repository/data/20220717-4/raw_prediction/nf-1-6-1-SGP-1000_1.csv,https://github.com/norlab-ulaval/RTS_project/blob/449a299bcf8bc11766718db4ed4aea4a489c7c46/data/20220717-4/raw_prediction/nf-1-6-1-SGP-1000_1.csv,OFFICIAL_GIT_METADATA_GT_CALIBRATION_OR_CODE,870446,3a8dcd14ce0830b1cc5e815e0e43928d2e27940d46cbe7cd231f1fc33021b512,False,COMPLETE_SHA256_RECORDED
official_repository/data/20220717-4/raw_prediction/nf-1-6-1-SGP-1000_2.csv,/home/lj/zero_perturbation_data/rts_gt_v1/official_repository/data/20220717-4/raw_prediction/nf-1-6-1-SGP-1000_2.csv,https://github.com/norlab-ulaval/RTS_project/blob/449a299bcf8bc11766718db4ed4aea4a489c7c46/data/20220717-4/raw_prediction/nf-1-6-1-SGP-1000_2.csv,OFFICIAL_GIT_METADATA_GT_CALIBRATION_OR_CODE,878208,efff4e6d0db34da807651c9e159d6cabd62748d5e888c9edf5eb65c2f12bc840,False,COMPLETE_SHA256_RECORDED
official_repository/data/20220717-4/raw_prediction/nf-1-6-1-SGP-1000_3.csv,/home/lj/zero_perturbation_data/rts_gt_v1/official_repository/data/20220717-4/raw_prediction/nf-1-6-1-SGP-1000_3.csv,https://github.com/norlab-ulaval/RTS_project/blob/449a299bcf8bc11766718db4ed4aea4a489c7c46/data/20220717-4/raw_prediction/nf-1-6-1-SGP-1000_3.csv,OFFICIAL_GIT_METADATA_GT_CALIBRATION_OR_CODE,885877,3f73412e5f1cfffe9b2d5ce0daa4bb767c2f9c52ea53b564c42b68925895553b,False,COMPLETE_SHA256_RECORDED
official_repository/data/20220717-4/sensors_extrinsic_calibration/calibration_raw.csv,/home/lj/zero_perturbation_data/rts_gt_v1/official_repository/data/20220717-4/sensors_extrinsic_calibration/calibration_raw.csv,https://github.com/norlab-ulaval/RTS_project/blob/449a299bcf8bc11766718db4ed4aea4a489c7c46/data/20220717-4/sensors_extrinsic_calibration/calibration_raw.csv,OFFICIAL_GIT_METADATA_GT_CALIBRATION_OR_CODE,407,6b8ba87819712b915918096f4404c777c696523f5bb6c2529901437f6db43538,False,COMPLETE_SHA256_RECORDED
official_repository/data/20220717-4/sensors_extrinsic_calibration/calibration_results.csv,/home/lj/zero_perturbation_data/rts_gt_v1/official_repository/data/20220717-4/sensors_extrinsic_calibration/calibration_results.csv,https://github.com/norlab-ulaval/RTS_project/blob/449a299bcf8bc11766718db4ed4aea4a489c7c46/data/20220717-4/sensors_extrinsic_calibration/calibration_results.csv,OFFICIAL_GIT_METADATA_GT_CALIBRATION_OR_CODE,242,fd8bfcc8239c75e7a248f263f59f27ffd0ca4bc9eda3fca438baee5763c8c828,False,COMPLETE_SHA256_RECORDED
official_repository/data/20220717-4/total_stations/GCP.txt,/home/lj/zero_perturbation_data/rts_gt_v1/official_repository/data/20220717-4/total_stations/GCP.txt,https://github.com/norlab-ulaval/RTS_project/blob/449a299bcf8bc11766718db4ed4aea4a489c7c46/data/20220717-4/total_stations/GCP.txt,OFFICIAL_GIT_METADATA_GT_CALIBRATION_OR_CODE,3015,b48f3e3ad6f9fa80b20d18e4274fc4a4921618b9e9602d926814c3b55ee97ab3,False,COMPLETE_SHA256_RECORDED
official_repository/data/20220717-4/total_stations/trimble1.csv,/home/lj/zero_perturbation_data/rts_gt_v1/official_repository/data/20220717-4/total_stations/trimble1.csv,https://github.com/norlab-ulaval/RTS_project/blob/449a299bcf8bc11766718db4ed4aea4a489c7c46/data/20220717-4/total_stations/trimble1.csv,OFFICIAL_GIT_METADATA_GT_CALIBRATION_OR_CODE,140615,72886518e2d8d47a919bc0b7861a5f70f62d766b15759cc2440ddffb46e22706,False,COMPLETE_SHA256_RECORDED
official_repository/data/20220717-4/total_stations/trimble2.csv,/home/lj/zero_perturbation_data/rts_gt_v1/official_repository/data/20220717-4/total_stations/trimble2.csv,https://github.com/norlab-ulaval/RTS_project/blob/449a299bcf8bc11766718db4ed4aea4a489c7c46/data/20220717-4/total_stations/trimble2.csv,OFFICIAL_GIT_METADATA_GT_CALIBRATION_OR_CODE,126077,260504c85a02da19f2475f769dc12d3ebe589e4f0e618cfdea6705bcff884218,False,COMPLETE_SHA256_RECORDED
official_repository/data/20220717-4/total_stations/trimble3.csv,/home/lj/zero_perturbation_data/rts_gt_v1/official_repository/data/20220717-4/total_stations/trimble3.csv,https://github.com/norlab-ulaval/RTS_project/blob/449a299bcf8bc11766718db4ed4aea4a489c7c46/data/20220717-4/total_stations/trimble3.csv,OFFICIAL_GIT_METADATA_GT_CALIBRATION_OR_CODE,135067,ebd837d52377033958780773ac46f0185d97f0e264c338bebeaf14f6a834ddd6,False,COMPLETE_SHA256_RECORDED
official_repository/data/20220717-4/uncertainty/raw_data/prism1.csv,/home/lj/zero_perturbation_data/rts_gt_v1/official_repository/data/20220717-4/uncertainty/raw_data/prism1.csv,https://github.com/norlab-ulaval/RTS_project/blob/449a299bcf8bc11766718db4ed4aea4a489c7c46/data/20220717-4/uncertainty/raw_data/prism1.csv,OFFICIAL_GIT_METADATA_GT_CALIBRATION_OR_CODE,133958,3ce5e345886329367d8704792fe0e39c00fd2c0135726d80e2d864fe02afd4ae,False,COMPLETE_SHA256_RECORDED
official_repository/data/20220717-4/uncertainty/raw_data/prism2.csv,/home/lj/zero_perturbation_data/rts_gt_v1/official_repository/data/20220717-4/uncertainty/raw_data/prism2.csv,https://github.com/norlab-ulaval/RTS_project/blob/449a299bcf8bc11766718db4ed4aea4a489c7c46/data/20220717-4/uncertainty/raw_data/prism2.csv,OFFICIAL_GIT_METADATA_GT_CALIBRATION_OR_CODE,119344,a93869c7adeec9b022b8ca257d433c05efc69fa4ce5adce567d86fa088d28dd6,False,COMPLETE_SHA256_RECORDED
official_repository/data/20220717-4/uncertainty/raw_data/prism3.csv,/home/lj/zero_perturbation_data/rts_gt_v1/official_repository/data/20220717-4/uncertainty/raw_data/prism3.csv,https://github.com/norlab-ulaval/RTS_project/blob/449a299bcf8bc11766718db4ed4aea4a489c7c46/data/20220717-4/uncertainty/raw_data/prism3.csv,OFFICIAL_GIT_METADATA_GT_CALIBRATION_OR_CODE,129507,40f7c6573ce6185f47e8b06f7788c8bb3fa176c7acc4adedf5f506df13d4ee87,False,COMPLETE_SHA256_RECORDED
official_repository/data/20220717-4/uncertainty/sensor/.csv,/home/lj/zero_perturbation_data/rts_gt_v1/official_repository/data/20220717-4/uncertainty/sensor/.csv,https://github.com/norlab-ulaval/RTS_project/blob/449a299bcf8bc11766718db4ed4aea4a489c7c46/data/20220717-4/uncertainty/sensor/.csv,OFFICIAL_GIT_METADATA_GT_CALIBRATION_OR_CODE,47258,9832b46e87cccd183270ce57464f12fd429c94b6f00ad917daa817bbe20da56a,False,COMPLETE_SHA256_RECORDED
official_repository/data/20220717-4/uncertainty/static_raw_data/prism1.csv,/home/lj/zero_perturbation_data/rts_gt_v1/official_repository/data/20220717-4/uncertainty/static_raw_data/prism1.csv,https://github.com/norlab-ulaval/RTS_project/blob/449a299bcf8bc11766718db4ed4aea4a489c7c46/data/20220717-4/uncertainty/static_raw_data/prism1.csv,OFFICIAL_GIT_METADATA_GT_CALIBRATION_OR_CODE,18952,747e61dc383e62bca72a560aac90d4d13bb7fd33638deedcdc5670b1576c92eb,False,COMPLETE_SHA256_RECORDED
official_repository/data/20220717-4/uncertainty/static_raw_data/prism2.csv,/home/lj/zero_perturbation_data/rts_gt_v1/official_repository/data/20220717-4/uncertainty/static_raw_data/prism2.csv,https://github.com/norlab-ulaval/RTS_project/blob/449a299bcf8bc11766718db4ed4aea4a489c7c46/data/20220717-4/uncertainty/static_raw_data/prism2.csv,OFFICIAL_GIT_METADATA_GT_CALIBRATION_OR_CODE,16100,f3dca34c0b9bfa02d5bb3fd3afc5137f4342b89a3980e8a9cc4ccd41d56bb5c2,False,COMPLETE_SHA256_RECORDED
official_repository/data/20220717-4/uncertainty/static_raw_data/prism3.csv,/home/lj/zero_perturbation_data/rts_gt_v1/official_repository/data/20220717-4/uncertainty/static_raw_data/prism3.csv,https://github.com/norlab-ulaval/RTS_project/blob/449a299bcf8bc11766718db4ed4aea4a489c7c46/data/20220717-4/uncertainty/static_raw_data/prism3.csv,OFFICIAL_GIT_METADATA_GT_CALIBRATION_OR_CODE,17075,9b365bc3b470350ee307ec8a830419da15ba01160a68e27a6077e841bc20a3ea,False,COMPLETE_SHA256_RECORDED
official_repository/data/20220717-5/filtered_prediction/f-0.5-1-1-1-6-0-L_1.csv,/home/lj/zero_perturbation_data/rts_gt_v1/official_repository/data/20220717-5/filtered_prediction/f-0.5-1-1-1-6-0-L_1.csv,https://github.com/norlab-ulaval/RTS_project/blob/449a299bcf8bc11766718db4ed4aea4a489c7c46/data/20220717-5/filtered_prediction/f-0.5-1-1-1-6-0-L_1.csv,OFFICIAL_GIT_METADATA_GT_CALIBRATION_OR_CODE,0,e3b0c44298fc1c149afbf4c8996fb92427ae41e4649b934ca495991b7852b855,False,COMPLETE_SHA256_RECORDED
official_repository/data/20220717-5/filtered_prediction/f-0.5-1-1-1-6-0-L_2.csv,/home/lj/zero_perturbation_data/rts_gt_v1/official_repository/data/20220717-5/filtered_prediction/f-0.5-1-1-1-6-0-L_2.csv,https://github.com/norlab-ulaval/RTS_project/blob/449a299bcf8bc11766718db4ed4aea4a489c7c46/data/20220717-5/filtered_prediction/f-0.5-1-1-1-6-0-L_2.csv,OFFICIAL_GIT_METADATA_GT_CALIBRATION_OR_CODE,0,e3b0c44298fc1c149afbf4c8996fb92427ae41e4649b934ca495991b7852b855,False,COMPLETE_SHA256_RECORDED
official_repository/data/20220717-5/filtered_prediction/f-0.5-1-1-1-6-0-L_3.csv,/home/lj/zero_perturbation_data/rts_gt_v1/official_repository/data/20220717-5/filtered_prediction/f-0.5-1-1-1-6-0-L_3.csv,https://github.com/norlab-ulaval/RTS_project/blob/449a299bcf8bc11766718db4ed4aea4a489c7c46/data/20220717-5/filtered_prediction/f-0.5-1-1-1-6-0-L_3.csv,OFFICIAL_GIT_METADATA_GT_CALIBRATION_OR_CODE,0,e3b0c44298fc1c149afbf4c8996fb92427ae41e4649b934ca495991b7852b855,False,COMPLETE_SHA256_RECORDED
official_repository/data/20220717-5/filtered_prediction/f-1-0.5-1-1-6-0-L_1.csv,/home/lj/zero_perturbation_data/rts_gt_v1/official_repository/data/20220717-5/filtered_prediction/f-1-0.5-1-1-6-0-L_1.csv,https://github.com/norlab-ulaval/RTS_project/blob/449a299bcf8bc11766718db4ed4aea4a489c7c46/data/20220717-5/filtered_prediction/f-1-0.5-1-1-6-0-L_1.csv,OFFICIAL_GIT_METADATA_GT_CALIBRATION_OR_CODE,56617,8df64e4591b6db2de39aa0a1ef4f392c84132201bf1e548e86412419e8e56c5a,False,COMPLETE_SHA256_RECORDED
official_repository/data/20220717-5/filtered_prediction/f-1-0.5-1-1-6-0-L_2.csv,/home/lj/zero_perturbation_data/rts_gt_v1/official_repository/data/20220717-5/filtered_prediction/f-1-0.5-1-1-6-0-L_2.csv,https://github.com/norlab-ulaval/RTS_project/blob/449a299bcf8bc11766718db4ed4aea4a489c7c46/data/20220717-5/filtered_prediction/f-1-0.5-1-1-6-0-L_2.csv,OFFICIAL_GIT_METADATA_GT_CALIBRATION_OR_CODE,57407,de0b7b379225a13222efbe68d84c29e0baf3ea59434fc7d031e2dc14cbf9cda8,False,COMPLETE_SHA256_RECORDED
official_repository/data/20220717-5/filtered_prediction/f-1-0.5-1-1-6-0-L_3.csv,/home/lj/zero_perturbation_data/rts_gt_v1/official_repository/data/20220717-5/filtered_prediction/f-1-0.5-1-1-6-0-L_3.csv,https://github.com/norlab-ulaval/RTS_project/blob/449a299bcf8bc11766718db4ed4aea4a489c7c46/data/20220717-5/filtered_prediction/f-1-0.5-1-1-6-0-L_3.csv,OFFICIAL_GIT_METADATA_GT_CALIBRATION_OR_CODE,58282,c11a13f5b38a8aa88186abc766e25af1e14d3860cc2d6e44284abd3dc18cc2b0,False,COMPLETE_SHA256_RECORDED
official_repository/data/20220717-5/filtered_prediction/f-1-1-0.5-1-6-0-L_1.csv,/home/lj/zero_perturbation_data/rts_gt_v1/official_repository/data/20220717-5/filtered_prediction/f-1-1-0.5-1-6-0-L_1.csv,https://github.com/norlab-ulaval/RTS_project/blob/449a299bcf8bc11766718db4ed4aea4a489c7c46/data/20220717-5/filtered_prediction/f-1-1-0.5-1-6-0-L_1.csv,OFFICIAL_GIT_METADATA_GT_CALIBRATION_OR_CODE,62927,5fdebbaafe5d27bd36230dc2e5dd1f3592756e21cc12ddf4b871c9eb15ecc160,False,COMPLETE_SHA256_RECORDED
official_repository/data/20220717-5/filtered_prediction/f-1-1-0.5-1-6-0-L_2.csv,/home/lj/zero_perturbation_data/rts_gt_v1/official_repository/data/20220717-5/filtered_prediction/f-1-1-0.5-1-6-0-L_2.csv,https://github.com/norlab-ulaval/RTS_project/blob/449a299bcf8bc11766718db4ed4aea4a489c7c46/data/20220717-5/filtered_prediction/f-1-1-0.5-1-6-0-L_2.csv,OFFICIAL_GIT_METADATA_GT_CALIBRATION_OR_CODE,63757,3fed757336b3b4e05fde43cf094ff43a07993f39d9eb6eb7d717d71904a592b4,False,COMPLETE_SHA256_RECORDED
official_repository/data/20220717-5/filtered_prediction/f-1-1-0.5-1-6-0-L_3.csv,/home/lj/zero_perturbation_data/rts_gt_v1/official_repository/data/20220717-5/filtered_prediction/f-1-1-0.5-1-6-0-L_3.csv,https://github.com/norlab-ulaval/RTS_project/blob/449a299bcf8bc11766718db4ed4aea4a489c7c46/data/20220717-5/filtered_prediction/f-1-1-0.5-1-6-0-L_3.csv,OFFICIAL_GIT_METADATA_GT_CALIBRATION_OR_CODE,64706,ea16874fb45c67f116479a0e2ef571b5984baf1465655672d9663c8785aa55bf,False,COMPLETE_SHA256_RECORDED
official_repository/data/20220717-5/filtered_prediction/f-1-1-1-1-6-0-L_1.csv,/home/lj/zero_perturbation_data/rts_gt_v1/official_repository/data/20220717-5/filtered_prediction/f-1-1-1-1-6-0-L_1.csv,https://github.com/norlab-ulaval/RTS_project/blob/449a299bcf8bc11766718db4ed4aea4a489c7c46/data/20220717-5/filtered_prediction/f-1-1-1-1-6-0-L_1.csv,OFFICIAL_GIT_METADATA_GT_CALIBRATION_OR_CODE,62927,5fdebbaafe5d27bd36230dc2e5dd1f3592756e21cc12ddf4b871c9eb15ecc160,False,COMPLETE_SHA256_RECORDED
official_repository/data/20220717-5/filtered_prediction/f-1-1-1-1-6-0-L_2.csv,/home/lj/zero_perturbation_data/rts_gt_v1/official_repository/data/20220717-5/filtered_prediction/f-1-1-1-1-6-0-L_2.csv,https://github.com/norlab-ulaval/RTS_project/blob/449a299bcf8bc11766718db4ed4aea4a489c7c46/data/20220717-5/filtered_prediction/f-1-1-1-1-6-0-L_2.csv,OFFICIAL_GIT_METADATA_GT_CALIBRATION_OR_CODE,63757,3fed757336b3b4e05fde43cf094ff43a07993f39d9eb6eb7d717d71904a592b4,False,COMPLETE_SHA256_RECORDED
official_repository/data/20220717-5/filtered_prediction/f-1-1-1-1-6-0-L_3.csv,/home/lj/zero_perturbation_data/rts_gt_v1/official_repository/data/20220717-5/filtered_prediction/f-1-1-1-1-6-0-L_3.csv,https://github.com/norlab-ulaval/RTS_project/blob/449a299bcf8bc11766718db4ed4aea4a489c7c46/data/20220717-5/filtered_prediction/f-1-1-1-1-6-0-L_3.csv,OFFICIAL_GIT_METADATA_GT_CALIBRATION_OR_CODE,64706,ea16874fb45c67f116479a0e2ef571b5984baf1465655672d9663c8785aa55bf,False,COMPLETE_SHA256_RECORDED
official_repository/data/20220717-5/filtered_prediction/f-1-1-1.5-1-6-0-L_1.csv,/home/lj/zero_perturbation_data/rts_gt_v1/official_repository/data/20220717-5/filtered_prediction/f-1-1-1.5-1-6-0-L_1.csv,https://github.com/norlab-ulaval/RTS_project/blob/449a299bcf8bc11766718db4ed4aea4a489c7c46/data/20220717-5/filtered_prediction/f-1-1-1.5-1-6-0-L_1.csv,OFFICIAL_GIT_METADATA_GT_CALIBRATION_OR_CODE,62927,5fdebbaafe5d27bd36230dc2e5dd1f3592756e21cc12ddf4b871c9eb15ecc160,False,COMPLETE_SHA256_RECORDED
official_repository/data/20220717-5/filtered_prediction/f-1-1-1.5-1-6-0-L_2.csv,/home/lj/zero_perturbation_data/rts_gt_v1/official_repository/data/20220717-5/filtered_prediction/f-1-1-1.5-1-6-0-L_2.csv,https://github.com/norlab-ulaval/RTS_project/blob/449a299bcf8bc11766718db4ed4aea4a489c7c46/data/20220717-5/filtered_prediction/f-1-1-1.5-1-6-0-L_2.csv,OFFICIAL_GIT_METADATA_GT_CALIBRATION_OR_CODE,63757,3fed757336b3b4e05fde43cf094ff43a07993f39d9eb6eb7d717d71904a592b4,False,COMPLETE_SHA256_RECORDED
official_repository/data/20220717-5/filtered_prediction/f-1-1-1.5-1-6-0-L_3.csv,/home/lj/zero_perturbation_data/rts_gt_v1/official_repository/data/20220717-5/filtered_prediction/f-1-1-1.5-1-6-0-L_3.csv,https://github.com/norlab-ulaval/RTS_project/blob/449a299bcf8bc11766718db4ed4aea4a489c7c46/data/20220717-5/filtered_prediction/f-1-1-1.5-1-6-0-L_3.csv,OFFICIAL_GIT_METADATA_GT_CALIBRATION_OR_CODE,64706,ea16874fb45c67f116479a0e2ef571b5984baf1465655672d9663c8785aa55bf,False,COMPLETE_SHA256_RECORDED
official_repository/data/20220717-5/filtered_prediction/f-1-1-2-1-6-0-L_1.csv,/home/lj/zero_perturbation_data/rts_gt_v1/official_repository/data/20220717-5/filtered_prediction/f-1-1-2-1-6-0-L_1.csv,https://github.com/norlab-ulaval/RTS_project/blob/449a299bcf8bc11766718db4ed4aea4a489c7c46/data/20220717-5/filtered_prediction/f-1-1-2-1-6-0-L_1.csv,OFFICIAL_GIT_METADATA_GT_CALIBRATION_OR_CODE,62927,5fdebbaafe5d27bd36230dc2e5dd1f3592756e21cc12ddf4b871c9eb15ecc160,False,COMPLETE_SHA256_RECORDED
official_repository/data/20220717-5/filtered_prediction/f-1-1-2-1-6-0-L_2.csv,/home/lj/zero_perturbation_data/rts_gt_v1/official_repository/data/20220717-5/filtered_prediction/f-1-1-2-1-6-0-L_2.csv,https://github.com/norlab-ulaval/RTS_project/blob/449a299bcf8bc11766718db4ed4aea4a489c7c46/data/20220717-5/filtered_prediction/f-1-1-2-1-6-0-L_2.csv,OFFICIAL_GIT_METADATA_GT_CALIBRATION_OR_CODE,63757,3fed757336b3b4e05fde43cf094ff43a07993f39d9eb6eb7d717d71904a592b4,False,COMPLETE_SHA256_RECORDED
official_repository/data/20220717-5/filtered_prediction/f-1-1-2-1-6-0-L_3.csv,/home/lj/zero_perturbation_data/rts_gt_v1/official_repository/data/20220717-5/filtered_prediction/f-1-1-2-1-6-0-L_3.csv,https://github.com/norlab-ulaval/RTS_project/blob/449a299bcf8bc11766718db4ed4aea4a489c7c46/data/20220717-5/filtered_prediction/f-1-1-2-1-6-0-L_3.csv,OFFICIAL_GIT_METADATA_GT_CALIBRATION_OR_CODE,64706,ea16874fb45c67f116479a0e2ef571b5984baf1465655672d9663c8785aa55bf,False,COMPLETE_SHA256_RECORDED
official_repository/data/20220717-5/filtered_prediction/f-1-1-2.5-1-6-0-L_1.csv,/home/lj/zero_perturbation_data/rts_gt_v1/official_repository/data/20220717-5/filtered_prediction/f-1-1-2.5-1-6-0-L_1.csv,https://github.com/norlab-ulaval/RTS_project/blob/449a299bcf8bc11766718db4ed4aea4a489c7c46/data/20220717-5/filtered_prediction/f-1-1-2.5-1-6-0-L_1.csv,OFFICIAL_GIT_METADATA_GT_CALIBRATION_OR_CODE,62927,5fdebbaafe5d27bd36230dc2e5dd1f3592756e21cc12ddf4b871c9eb15ecc160,False,COMPLETE_SHA256_RECORDED
official_repository/data/20220717-5/filtered_prediction/f-1-1-2.5-1-6-0-L_2.csv,/home/lj/zero_perturbation_data/rts_gt_v1/official_repository/data/20220717-5/filtered_prediction/f-1-1-2.5-1-6-0-L_2.csv,https://github.com/norlab-ulaval/RTS_project/blob/449a299bcf8bc11766718db4ed4aea4a489c7c46/data/20220717-5/filtered_prediction/f-1-1-2.5-1-6-0-L_2.csv,OFFICIAL_GIT_METADATA_GT_CALIBRATION_OR_CODE,63757,3fed757336b3b4e05fde43cf094ff43a07993f39d9eb6eb7d717d71904a592b4,False,COMPLETE_SHA256_RECORDED
official_repository/data/20220717-5/filtered_prediction/f-1-1-2.5-1-6-0-L_3.csv,/home/lj/zero_perturbation_data/rts_gt_v1/official_repository/data/20220717-5/filtered_prediction/f-1-1-2.5-1-6-0-L_3.csv,https://github.com/norlab-ulaval/RTS_project/blob/449a299bcf8bc11766718db4ed4aea4a489c7c46/data/20220717-5/filtered_prediction/f-1-1-2.5-1-6-0-L_3.csv,OFFICIAL_GIT_METADATA_GT_CALIBRATION_OR_CODE,64706,ea16874fb45c67f116479a0e2ef571b5984baf1465655672d9663c8785aa55bf,False,COMPLETE_SHA256_RECORDED
official_repository/data/20220717-5/filtered_prediction/f-1-1-3-1-6-0-L_1.csv,/home/lj/zero_perturbation_data/rts_gt_v1/official_repository/data/20220717-5/filtered_prediction/f-1-1-3-1-6-0-L_1.csv,https://github.com/norlab-ulaval/RTS_project/blob/449a299bcf8bc11766718db4ed4aea4a489c7c46/data/20220717-5/filtered_prediction/f-1-1-3-1-6-0-L_1.csv,OFFICIAL_GIT_METADATA_GT_CALIBRATION_OR_CODE,62927,5fdebbaafe5d27bd36230dc2e5dd1f3592756e21cc12ddf4b871c9eb15ecc160,False,COMPLETE_SHA256_RECORDED
official_repository/data/20220717-5/filtered_prediction/f-1-1-3-1-6-0-L_2.csv,/home/lj/zero_perturbation_data/rts_gt_v1/official_repository/data/20220717-5/filtered_prediction/f-1-1-3-1-6-0-L_2.csv,https://github.com/norlab-ulaval/RTS_project/blob/449a299bcf8bc11766718db4ed4aea4a489c7c46/data/20220717-5/filtered_prediction/f-1-1-3-1-6-0-L_2.csv,OFFICIAL_GIT_METADATA_GT_CALIBRATION_OR_CODE,63757,3fed757336b3b4e05fde43cf094ff43a07993f39d9eb6eb7d717d71904a592b4,False,COMPLETE_SHA256_RECORDED
official_repository/data/20220717-5/filtered_prediction/f-1-1-3-1-6-0-L_3.csv,/home/lj/zero_perturbation_data/rts_gt_v1/official_repository/data/20220717-5/filtered_prediction/f-1-1-3-1-6-0-L_3.csv,https://github.com/norlab-ulaval/RTS_project/blob/449a299bcf8bc11766718db4ed4aea4a489c7c46/data/20220717-5/filtered_prediction/f-1-1-3-1-6-0-L_3.csv,OFFICIAL_GIT_METADATA_GT_CALIBRATION_OR_CODE,64706,ea16874fb45c67f116479a0e2ef571b5984baf1465655672d9663c8785aa55bf,False,COMPLETE_SHA256_RECORDED
official_repository/data/20220717-5/filtered_prediction/f-1-1.5-1-1-6-0-L_1.csv,/home/lj/zero_perturbation_data/rts_gt_v1/official_repository/data/20220717-5/filtered_prediction/f-1-1.5-1-1-6-0-L_1.csv,https://github.com/norlab-ulaval/RTS_project/blob/449a299bcf8bc11766718db4ed4aea4a489c7c46/data/20220717-5/filtered_prediction/f-1-1.5-1-1-6-0-L_1.csv,OFFICIAL_GIT_METADATA_GT_CALIBRATION_OR_CODE,69348,08a0875025354c2aa92b4b31a3e4505a8f1a64d81259eca4744091004319f213,False,COMPLETE_SHA256_RECORDED
official_repository/data/20220717-5/filtered_prediction/f-1-1.5-1-1-6-0-L_2.csv,/home/lj/zero_perturbation_data/rts_gt_v1/official_repository/data/20220717-5/filtered_prediction/f-1-1.5-1-1-6-0-L_2.csv,https://github.com/norlab-ulaval/RTS_project/blob/449a299bcf8bc11766718db4ed4aea4a489c7c46/data/20220717-5/filtered_prediction/f-1-1.5-1-1-6-0-L_2.csv,OFFICIAL_GIT_METADATA_GT_CALIBRATION_OR_CODE,70081,d717e13d804c4ffd572bfff8e57ac11a6437478b820e12da7b8a3e1d7dd9412b,False,COMPLETE_SHA256_RECORDED
official_repository/data/20220717-5/filtered_prediction/f-1-1.5-1-1-6-0-L_3.csv,/home/lj/zero_perturbation_data/rts_gt_v1/official_repository/data/20220717-5/filtered_prediction/f-1-1.5-1-1-6-0-L_3.csv,https://github.com/norlab-ulaval/RTS_project/blob/449a299bcf8bc11766718db4ed4aea4a489c7c46/data/20220717-5/filtered_prediction/f-1-1.5-1-1-6-0-L_3.csv,OFFICIAL_GIT_METADATA_GT_CALIBRATION_OR_CODE,71146,f90e3af80911ef0338072d6c654d1cb12efa73ec3943fd73e622de252cfc9292,False,COMPLETE_SHA256_RECORDED
official_repository/data/20220717-5/filtered_prediction/f-1-2-1-1-6-0-L_1.csv,/home/lj/zero_perturbation_data/rts_gt_v1/official_repository/data/20220717-5/filtered_prediction/f-1-2-1-1-6-0-L_1.csv,https://github.com/norlab-ulaval/RTS_project/blob/449a299bcf8bc11766718db4ed4aea4a489c7c46/data/20220717-5/filtered_prediction/f-1-2-1-1-6-0-L_1.csv,OFFICIAL_GIT_METADATA_GT_CALIBRATION_OR_CODE,71334,66716b944a01bcc37f4d330d812294caa716ccd4a64a7e5e791d2fc940df7146,False,COMPLETE_SHA256_RECORDED
official_repository/data/20220717-5/filtered_prediction/f-1-2-1-1-6-0-L_2.csv,/home/lj/zero_perturbation_data/rts_gt_v1/official_repository/data/20220717-5/filtered_prediction/f-1-2-1-1-6-0-L_2.csv,https://github.com/norlab-ulaval/RTS_project/blob/449a299bcf8bc11766718db4ed4aea4a489c7c46/data/20220717-5/filtered_prediction/f-1-2-1-1-6-0-L_2.csv,OFFICIAL_GIT_METADATA_GT_CALIBRATION_OR_CODE,72069,6771cb316819f012169a4eeefdbb018de9cd21c91dd9c6e270a7d03d7314fce2,False,COMPLETE_SHA256_RECORDED
official_repository/data/20220717-5/filtered_prediction/f-1-2-1-1-6-0-L_3.csv,/home/lj/zero_perturbation_data/rts_gt_v1/official_repository/data/20220717-5/filtered_prediction/f-1-2-1-1-6-0-L_3.csv,https://github.com/norlab-ulaval/RTS_project/blob/449a299bcf8bc11766718db4ed4aea4a489c7c46/data/20220717-5/filtered_prediction/f-1-2-1-1-6-0-L_3.csv,OFFICIAL_GIT_METADATA_GT_CALIBRATION_OR_CODE,73171,eb058123577e00b35dcd3eb7303de216c41ff4662d1e8845075d14bde2aed564,False,COMPLETE_SHA256_RECORDED
official_repository/data/20220717-5/filtered_prediction/f-1-2.5-1-1-6-0-L_1.csv,/home/lj/zero_perturbation_data/rts_gt_v1/official_repository/data/20220717-5/filtered_prediction/f-1-2.5-1-1-6-0-L_1.csv,https://github.com/norlab-ulaval/RTS_project/blob/449a299bcf8bc11766718db4ed4aea4a489c7c46/data/20220717-5/filtered_prediction/f-1-2.5-1-1-6-0-L_1.csv,OFFICIAL_GIT_METADATA_GT_CALIBRATION_OR_CODE,71334,66716b944a01bcc37f4d330d812294caa716ccd4a64a7e5e791d2fc940df7146,False,COMPLETE_SHA256_RECORDED
official_repository/data/20220717-5/filtered_prediction/f-1-2.5-1-1-6-0-L_2.csv,/home/lj/zero_perturbation_data/rts_gt_v1/official_repository/data/20220717-5/filtered_prediction/f-1-2.5-1-1-6-0-L_2.csv,https://github.com/norlab-ulaval/RTS_project/blob/449a299bcf8bc11766718db4ed4aea4a489c7c46/data/20220717-5/filtered_prediction/f-1-2.5-1-1-6-0-L_2.csv,OFFICIAL_GIT_METADATA_GT_CALIBRATION_OR_CODE,72069,6771cb316819f012169a4eeefdbb018de9cd21c91dd9c6e270a7d03d7314fce2,False,COMPLETE_SHA256_RECORDED
official_repository/data/20220717-5/filtered_prediction/f-1-2.5-1-1-6-0-L_3.csv,/home/lj/zero_perturbation_data/rts_gt_v1/official_repository/data/20220717-5/filtered_prediction/f-1-2.5-1-1-6-0-L_3.csv,https://github.com/norlab-ulaval/RTS_project/blob/449a299bcf8bc11766718db4ed4aea4a489c7c46/data/20220717-5/filtered_prediction/f-1-2.5-1-1-6-0-L_3.csv,OFFICIAL_GIT_METADATA_GT_CALIBRATION_OR_CODE,73171,eb058123577e00b35dcd3eb7303de216c41ff4662d1e8845075d14bde2aed564,False,COMPLETE_SHA256_RECORDED
official_repository/data/20220717-5/filtered_prediction/f-1-3-1-1-6-0-L_1.csv,/home/lj/zero_perturbation_data/rts_gt_v1/official_repository/data/20220717-5/filtered_prediction/f-1-3-1-1-6-0-L_1.csv,https://github.com/norlab-ulaval/RTS_project/blob/449a299bcf8bc11766718db4ed4aea4a489c7c46/data/20220717-5/filtered_prediction/f-1-3-1-1-6-0-L_1.csv,OFFICIAL_GIT_METADATA_GT_CALIBRATION_OR_CODE,71334,66716b944a01bcc37f4d330d812294caa716ccd4a64a7e5e791d2fc940df7146,False,COMPLETE_SHA256_RECORDED
official_repository/data/20220717-5/filtered_prediction/f-1-3-1-1-6-0-L_2.csv,/home/lj/zero_perturbation_data/rts_gt_v1/official_repository/data/20220717-5/filtered_prediction/f-1-3-1-1-6-0-L_2.csv,https://github.com/norlab-ulaval/RTS_project/blob/449a299bcf8bc11766718db4ed4aea4a489c7c46/data/20220717-5/filtered_prediction/f-1-3-1-1-6-0-L_2.csv,OFFICIAL_GIT_METADATA_GT_CALIBRATION_OR_CODE,72069,6771cb316819f012169a4eeefdbb018de9cd21c91dd9c6e270a7d03d7314fce2,False,COMPLETE_SHA256_RECORDED
official_repository/data/20220717-5/filtered_prediction/f-1-3-1-1-6-0-L_3.csv,/home/lj/zero_perturbation_data/rts_gt_v1/official_repository/data/20220717-5/filtered_prediction/f-1-3-1-1-6-0-L_3.csv,https://github.com/norlab-ulaval/RTS_project/blob/449a299bcf8bc11766718db4ed4aea4a489c7c46/data/20220717-5/filtered_prediction/f-1-3-1-1-6-0-L_3.csv,OFFICIAL_GIT_METADATA_GT_CALIBRATION_OR_CODE,73171,eb058123577e00b35dcd3eb7303de216c41ff4662d1e8845075d14bde2aed564,False,COMPLETE_SHA256_RECORDED
official_repository/data/20220717-5/filtered_prediction/f-1.5-1-1-1-6-0-L_1.csv,/home/lj/zero_perturbation_data/rts_gt_v1/official_repository/data/20220717-5/filtered_prediction/f-1.5-1-1-1-6-0-L_1.csv,https://github.com/norlab-ulaval/RTS_project/blob/449a299bcf8bc11766718db4ed4aea4a489c7c46/data/20220717-5/filtered_prediction/f-1.5-1-1-1-6-0-L_1.csv,OFFICIAL_GIT_METADATA_GT_CALIBRATION_OR_CODE,140722,6fe536377f5c065260d4522bcc39612f79b5ff30bbd8c6afa9938f1f9fb83977,False,COMPLETE_SHA256_RECORDED
official_repository/data/20220717-5/filtered_prediction/f-1.5-1-1-1-6-0-L_2.csv,/home/lj/zero_perturbation_data/rts_gt_v1/official_repository/data/20220717-5/filtered_prediction/f-1.5-1-1-1-6-0-L_2.csv,https://github.com/norlab-ulaval/RTS_project/blob/449a299bcf8bc11766718db4ed4aea4a489c7c46/data/20220717-5/filtered_prediction/f-1.5-1-1-1-6-0-L_2.csv,OFFICIAL_GIT_METADATA_GT_CALIBRATION_OR_CODE,142617,c2777b129db58ea3288f63c0a64c3f8c56c73eede2878f8a02ef1f0cec85b24d,False,COMPLETE_SHA256_RECORDED
official_repository/data/20220717-5/filtered_prediction/f-1.5-1-1-1-6-0-L_3.csv,/home/lj/zero_perturbation_data/rts_gt_v1/official_repository/data/20220717-5/filtered_prediction/f-1.5-1-1-1-6-0-L_3.csv,https://github.com/norlab-ulaval/RTS_project/blob/449a299bcf8bc11766718db4ed4aea4a489c7c46/data/20220717-5/filtered_prediction/f-1.5-1-1-1-6-0-L_3.csv,OFFICIAL_GIT_METADATA_GT_CALIBRATION_OR_CODE,144653,052f4c911cb4015b8dd4d851ba166284e7acee4341612fa242230ff229071cf9,False,COMPLETE_SHA256_RECORDED
official_repository/data/20220717-5/filtered_prediction/f-2-1-1-0.5-6-0-L_1.csv,/home/lj/zero_perturbation_data/rts_gt_v1/official_repository/data/20220717-5/filtered_prediction/f-2-1-1-0.5-6-0-L_1.csv,https://github.com/norlab-ulaval/RTS_project/blob/449a299bcf8bc11766718db4ed4aea4a489c7c46/data/20220717-5/filtered_prediction/f-2-1-1-0.5-6-0-L_1.csv,OFFICIAL_GIT_METADATA_GT_CALIBRATION_OR_CODE,140722,6fe536377f5c065260d4522bcc39612f79b5ff30bbd8c6afa9938f1f9fb83977,False,COMPLETE_SHA256_RECORDED
official_repository/data/20220717-5/filtered_prediction/f-2-1-1-0.5-6-0-L_2.csv,/home/lj/zero_perturbation_data/rts_gt_v1/official_repository/data/20220717-5/filtered_prediction/f-2-1-1-0.5-6-0-L_2.csv,https://github.com/norlab-ulaval/RTS_project/blob/449a299bcf8bc11766718db4ed4aea4a489c7c46/data/20220717-5/filtered_prediction/f-2-1-1-0.5-6-0-L_2.csv,OFFICIAL_GIT_METADATA_GT_CALIBRATION_OR_CODE,142617,c2777b129db58ea3288f63c0a64c3f8c56c73eede2878f8a02ef1f0cec85b24d,False,COMPLETE_SHA256_RECORDED
official_repository/data/20220717-5/filtered_prediction/f-2-1-1-0.5-6-0-L_3.csv,/home/lj/zero_perturbation_data/rts_gt_v1/official_repository/data/20220717-5/filtered_prediction/f-2-1-1-0.5-6-0-L_3.csv,https://github.com/norlab-ulaval/RTS_project/blob/449a299bcf8bc11766718db4ed4aea4a489c7c46/data/20220717-5/filtered_prediction/f-2-1-1-0.5-6-0-L_3.csv,OFFICIAL_GIT_METADATA_GT_CALIBRATION_OR_CODE,144653,052f4c911cb4015b8dd4d851ba166284e7acee4341612fa242230ff229071cf9,False,COMPLETE_SHA256_RECORDED
official_repository/data/20220717-5/filtered_prediction/f-2-1-1-0.75-6-0-L_1.csv,/home/lj/zero_perturbation_data/rts_gt_v1/official_repository/data/20220717-5/filtered_prediction/f-2-1-1-0.75-6-0-L_1.csv,https://github.com/norlab-ulaval/RTS_project/blob/449a299bcf8bc11766718db4ed4aea4a489c7c46/data/20220717-5/filtered_prediction/f-2-1-1-0.75-6-0-L_1.csv,OFFICIAL_GIT_METADATA_GT_CALIBRATION_OR_CODE,140722,6fe536377f5c065260d4522bcc39612f79b5ff30bbd8c6afa9938f1f9fb83977,False,COMPLETE_SHA256_RECORDED
official_repository/data/20220717-5/filtered_prediction/f-2-1-1-0.75-6-0-L_2.csv,/home/lj/zero_perturbation_data/rts_gt_v1/official_repository/data/20220717-5/filtered_prediction/f-2-1-1-0.75-6-0-L_2.csv,https://github.com/norlab-ulaval/RTS_project/blob/449a299bcf8bc11766718db4ed4aea4a489c7c46/data/20220717-5/filtered_prediction/f-2-1-1-0.75-6-0-L_2.csv,OFFICIAL_GIT_METADATA_GT_CALIBRATION_OR_CODE,142617,c2777b129db58ea3288f63c0a64c3f8c56c73eede2878f8a02ef1f0cec85b24d,False,COMPLETE_SHA256_RECORDED
official_repository/data/20220717-5/filtered_prediction/f-2-1-1-0.75-6-0-L_3.csv,/home/lj/zero_perturbation_data/rts_gt_v1/official_repository/data/20220717-5/filtered_prediction/f-2-1-1-0.75-6-0-L_3.csv,https://github.com/norlab-ulaval/RTS_project/blob/449a299bcf8bc11766718db4ed4aea4a489c7c46/data/20220717-5/filtered_prediction/f-2-1-1-0.75-6-0-L_3.csv,OFFICIAL_GIT_METADATA_GT_CALIBRATION_OR_CODE,144653,052f4c911cb4015b8dd4d851ba166284e7acee4341612fa242230ff229071cf9,False,COMPLETE_SHA256_RECORDED
official_repository/data/20220717-5/filtered_prediction/f-2-1-1-1-10-0-L_1.csv,/home/lj/zero_perturbation_data/rts_gt_v1/official_repository/data/20220717-5/filtered_prediction/f-2-1-1-1-10-0-L_1.csv,https://github.com/norlab-ulaval/RTS_project/blob/449a299bcf8bc11766718db4ed4aea4a489c7c46/data/20220717-5/filtered_prediction/f-2-1-1-1-10-0-L_1.csv,OFFICIAL_GIT_METADATA_GT_CALIBRATION_OR_CODE,140722,6fe536377f5c065260d4522bcc39612f79b5ff30bbd8c6afa9938f1f9fb83977,False,COMPLETE_SHA256_RECORDED
official_repository/data/20220717-5/filtered_prediction/f-2-1-1-1-10-0-L_2.csv,/home/lj/zero_perturbation_data/rts_gt_v1/official_repository/data/20220717-5/filtered_prediction/f-2-1-1-1-10-0-L_2.csv,https://github.com/norlab-ulaval/RTS_project/blob/449a299bcf8bc11766718db4ed4aea4a489c7c46/data/20220717-5/filtered_prediction/f-2-1-1-1-10-0-L_2.csv,OFFICIAL_GIT_METADATA_GT_CALIBRATION_OR_CODE,142617,c2777b129db58ea3288f63c0a64c3f8c56c73eede2878f8a02ef1f0cec85b24d,False,COMPLETE_SHA256_RECORDED
official_repository/data/20220717-5/filtered_prediction/f-2-1-1-1-10-0-L_3.csv,/home/lj/zero_perturbation_data/rts_gt_v1/official_repository/data/20220717-5/filtered_prediction/f-2-1-1-1-10-0-L_3.csv,https://github.com/norlab-ulaval/RTS_project/blob/449a299bcf8bc11766718db4ed4aea4a489c7c46/data/20220717-5/filtered_prediction/f-2-1-1-1-10-0-L_3.csv,OFFICIAL_GIT_METADATA_GT_CALIBRATION_OR_CODE,144653,052f4c911cb4015b8dd4d851ba166284e7acee4341612fa242230ff229071cf9,False,COMPLETE_SHA256_RECORDED
official_repository/data/20220717-5/filtered_prediction/f-2-1-1-1-12-0-L_1.csv,/home/lj/zero_perturbation_data/rts_gt_v1/official_repository/data/20220717-5/filtered_prediction/f-2-1-1-1-12-0-L_1.csv,https://github.com/norlab-ulaval/RTS_project/blob/449a299bcf8bc11766718db4ed4aea4a489c7c46/data/20220717-5/filtered_prediction/f-2-1-1-1-12-0-L_1.csv,OFFICIAL_GIT_METADATA_GT_CALIBRATION_OR_CODE,140722,6fe536377f5c065260d4522bcc39612f79b5ff30bbd8c6afa9938f1f9fb83977,False,COMPLETE_SHA256_RECORDED
official_repository/data/20220717-5/filtered_prediction/f-2-1-1-1-12-0-L_2.csv,/home/lj/zero_perturbation_data/rts_gt_v1/official_repository/data/20220717-5/filtered_prediction/f-2-1-1-1-12-0-L_2.csv,https://github.com/norlab-ulaval/RTS_project/blob/449a299bcf8bc11766718db4ed4aea4a489c7c46/data/20220717-5/filtered_prediction/f-2-1-1-1-12-0-L_2.csv,OFFICIAL_GIT_METADATA_GT_CALIBRATION_OR_CODE,142617,c2777b129db58ea3288f63c0a64c3f8c56c73eede2878f8a02ef1f0cec85b24d,False,COMPLETE_SHA256_RECORDED
official_repository/data/20220717-5/filtered_prediction/f-2-1-1-1-12-0-L_3.csv,/home/lj/zero_perturbation_data/rts_gt_v1/official_repository/data/20220717-5/filtered_prediction/f-2-1-1-1-12-0-L_3.csv,https://github.com/norlab-ulaval/RTS_project/blob/449a299bcf8bc11766718db4ed4aea4a489c7c46/data/20220717-5/filtered_prediction/f-2-1-1-1-12-0-L_3.csv,OFFICIAL_GIT_METADATA_GT_CALIBRATION_OR_CODE,144653,052f4c911cb4015b8dd4d851ba166284e7acee4341612fa242230ff229071cf9,False,COMPLETE_SHA256_RECORDED
official_repository/data/20220717-5/filtered_prediction/f-2-1-1-1-2-0-L_1.csv,/home/lj/zero_perturbation_data/rts_gt_v1/official_repository/data/20220717-5/filtered_prediction/f-2-1-1-1-2-0-L_1.csv,https://github.com/norlab-ulaval/RTS_project/blob/449a299bcf8bc11766718db4ed4aea4a489c7c46/data/20220717-5/filtered_prediction/f-2-1-1-1-2-0-L_1.csv,OFFICIAL_GIT_METADATA_GT_CALIBRATION_OR_CODE,142839,04d78357aa708d00ecea72df2cb2c3c5938123bb4ae96978da5add7a6a915903,False,COMPLETE_SHA256_RECORDED
official_repository/data/20220717-5/filtered_prediction/f-2-1-1-1-2-0-L_2.csv,/home/lj/zero_perturbation_data/rts_gt_v1/official_repository/data/20220717-5/filtered_prediction/f-2-1-1-1-2-0-L_2.csv,https://github.com/norlab-ulaval/RTS_project/blob/449a299bcf8bc11766718db4ed4aea4a489c7c46/data/20220717-5/filtered_prediction/f-2-1-1-1-2-0-L_2.csv,OFFICIAL_GIT_METADATA_GT_CALIBRATION_OR_CODE,144685,3759de3bd9f99eb8132417c8245d2cbaffb64ce95d359e62de4a68b79ad78f95,False,COMPLETE_SHA256_RECORDED
official_repository/data/20220717-5/filtered_prediction/f-2-1-1-1-2-0-L_3.csv,/home/lj/zero_perturbation_data/rts_gt_v1/official_repository/data/20220717-5/filtered_prediction/f-2-1-1-1-2-0-L_3.csv,https://github.com/norlab-ulaval/RTS_project/blob/449a299bcf8bc11766718db4ed4aea4a489c7c46/data/20220717-5/filtered_prediction/f-2-1-1-1-2-0-L_3.csv,OFFICIAL_GIT_METADATA_GT_CALIBRATION_OR_CODE,146747,825aac3ed4413c74cf1de117cb220d9605c384f49c080e3267643ee9c901d6c6,False,COMPLETE_SHA256_RECORDED
official_repository/data/20220717-5/filtered_prediction/f-2-1-1-1-4-0-L_1.csv,/home/lj/zero_perturbation_data/rts_gt_v1/official_repository/data/20220717-5/filtered_prediction/f-2-1-1-1-4-0-L_1.csv,https://github.com/norlab-ulaval/RTS_project/blob/449a299bcf8bc11766718db4ed4aea4a489c7c46/data/20220717-5/filtered_prediction/f-2-1-1-1-4-0-L_1.csv,OFFICIAL_GIT_METADATA_GT_CALIBRATION_OR_CODE,140722,6fe536377f5c065260d4522bcc39612f79b5ff30bbd8c6afa9938f1f9fb83977,False,COMPLETE_SHA256_RECORDED
official_repository/data/20220717-5/filtered_prediction/f-2-1-1-1-4-0-L_2.csv,/home/lj/zero_perturbation_data/rts_gt_v1/official_repository/data/20220717-5/filtered_prediction/f-2-1-1-1-4-0-L_2.csv,https://github.com/norlab-ulaval/RTS_project/blob/449a299bcf8bc11766718db4ed4aea4a489c7c46/data/20220717-5/filtered_prediction/f-2-1-1-1-4-0-L_2.csv,OFFICIAL_GIT_METADATA_GT_CALIBRATION_OR_CODE,142617,c2777b129db58ea3288f63c0a64c3f8c56c73eede2878f8a02ef1f0cec85b24d,False,COMPLETE_SHA256_RECORDED
official_repository/data/20220717-5/filtered_prediction/f-2-1-1-1-4-0-L_3.csv,/home/lj/zero_perturbation_data/rts_gt_v1/official_repository/data/20220717-5/filtered_prediction/f-2-1-1-1-4-0-L_3.csv,https://github.com/norlab-ulaval/RTS_project/blob/449a299bcf8bc11766718db4ed4aea4a489c7c46/data/20220717-5/filtered_prediction/f-2-1-1-1-4-0-L_3.csv,OFFICIAL_GIT_METADATA_GT_CALIBRATION_OR_CODE,144653,052f4c911cb4015b8dd4d851ba166284e7acee4341612fa242230ff229071cf9,False,COMPLETE_SHA256_RECORDED
official_repository/data/20220717-5/filtered_prediction/f-2-1-1-1-6-0-L_1.csv,/home/lj/zero_perturbation_data/rts_gt_v1/official_repository/data/20220717-5/filtered_prediction/f-2-1-1-1-6-0-L_1.csv,https://github.com/norlab-ulaval/RTS_project/blob/449a299bcf8bc11766718db4ed4aea4a489c7c46/data/20220717-5/filtered_prediction/f-2-1-1-1-6-0-L_1.csv,OFFICIAL_GIT_METADATA_GT_CALIBRATION_OR_CODE,140722,6fe536377f5c065260d4522bcc39612f79b5ff30bbd8c6afa9938f1f9fb83977,False,COMPLETE_SHA256_RECORDED
official_repository/data/20220717-5/filtered_prediction/f-2-1-1-1-6-0-L_2.csv,/home/lj/zero_perturbation_data/rts_gt_v1/official_repository/data/20220717-5/filtered_prediction/f-2-1-1-1-6-0-L_2.csv,https://github.com/norlab-ulaval/RTS_project/blob/449a299bcf8bc11766718db4ed4aea4a489c7c46/data/20220717-5/filtered_prediction/f-2-1-1-1-6-0-L_2.csv,OFFICIAL_GIT_METADATA_GT_CALIBRATION_OR_CODE,142617,c2777b129db58ea3288f63c0a64c3f8c56c73eede2878f8a02ef1f0cec85b24d,False,COMPLETE_SHA256_RECORDED
official_repository/data/20220717-5/filtered_prediction/f-2-1-1-1-6-0-L_3.csv,/home/lj/zero_perturbation_data/rts_gt_v1/official_repository/data/20220717-5/filtered_prediction/f-2-1-1-1-6-0-L_3.csv,https://github.com/norlab-ulaval/RTS_project/blob/449a299bcf8bc11766718db4ed4aea4a489c7c46/data/20220717-5/filtered_prediction/f-2-1-1-1-6-0-L_3.csv,OFFICIAL_GIT_METADATA_GT_CALIBRATION_OR_CODE,144653,a288a43ddb0c5215f543e1f61242a5acb7c276df4b84547184689d55df2de428,False,COMPLETE_SHA256_RECORDED
official_repository/data/20220717-5/filtered_prediction/f-2-1-1-1-6-0.25-L_1.csv,/home/lj/zero_perturbation_data/rts_gt_v1/official_repository/data/20220717-5/filtered_prediction/f-2-1-1-1-6-0.25-L_1.csv,https://github.com/norlab-ulaval/RTS_project/blob/449a299bcf8bc11766718db4ed4aea4a489c7c46/data/20220717-5/filtered_prediction/f-2-1-1-1-6-0.25-L_1.csv,OFFICIAL_GIT_METADATA_GT_CALIBRATION_OR_CODE,140722,6fe536377f5c065260d4522bcc39612f79b5ff30bbd8c6afa9938f1f9fb83977,False,COMPLETE_SHA256_RECORDED
official_repository/data/20220717-5/filtered_prediction/f-2-1-1-1-6-0.25-L_2.csv,/home/lj/zero_perturbation_data/rts_gt_v1/official_repository/data/20220717-5/filtered_prediction/f-2-1-1-1-6-0.25-L_2.csv,https://github.com/norlab-ulaval/RTS_project/blob/449a299bcf8bc11766718db4ed4aea4a489c7c46/data/20220717-5/filtered_prediction/f-2-1-1-1-6-0.25-L_2.csv,OFFICIAL_GIT_METADATA_GT_CALIBRATION_OR_CODE,142617,c2777b129db58ea3288f63c0a64c3f8c56c73eede2878f8a02ef1f0cec85b24d,False,COMPLETE_SHA256_RECORDED
official_repository/data/20220717-5/filtered_prediction/f-2-1-1-1-6-0.25-L_3.csv,/home/lj/zero_perturbation_data/rts_gt_v1/official_repository/data/20220717-5/filtered_prediction/f-2-1-1-1-6-0.25-L_3.csv,https://github.com/norlab-ulaval/RTS_project/blob/449a299bcf8bc11766718db4ed4aea4a489c7c46/data/20220717-5/filtered_prediction/f-2-1-1-1-6-0.25-L_3.csv,OFFICIAL_GIT_METADATA_GT_CALIBRATION_OR_CODE,144653,052f4c911cb4015b8dd4d851ba166284e7acee4341612fa242230ff229071cf9,False,COMPLETE_SHA256_RECORDED
official_repository/data/20220717-5/filtered_prediction/f-2-1-1-1-6-0.5-L_1.csv,/home/lj/zero_perturbation_data/rts_gt_v1/official_repository/data/20220717-5/filtered_prediction/f-2-1-1-1-6-0.5-L_1.csv,https://github.com/norlab-ulaval/RTS_project/blob/449a299bcf8bc11766718db4ed4aea4a489c7c46/data/20220717-5/filtered_prediction/f-2-1-1-1-6-0.5-L_1.csv,OFFICIAL_GIT_METADATA_GT_CALIBRATION_OR_CODE,139740,33da6004b858fd21ad99c63eb558302a69ac7fc0e732e598080abbb56c20b70c,False,COMPLETE_SHA256_RECORDED
official_repository/data/20220717-5/filtered_prediction/f-2-1-1-1-6-0.5-L_2.csv,/home/lj/zero_perturbation_data/rts_gt_v1/official_repository/data/20220717-5/filtered_prediction/f-2-1-1-1-6-0.5-L_2.csv,https://github.com/norlab-ulaval/RTS_project/blob/449a299bcf8bc11766718db4ed4aea4a489c7c46/data/20220717-5/filtered_prediction/f-2-1-1-1-6-0.5-L_2.csv,OFFICIAL_GIT_METADATA_GT_CALIBRATION_OR_CODE,141615,d167060caa4c5b787b1b4495a090354d075ed123cc6809bc3b96906c26d3fb8d,False,COMPLETE_SHA256_RECORDED
official_repository/data/20220717-5/filtered_prediction/f-2-1-1-1-6-0.5-L_3.csv,/home/lj/zero_perturbation_data/rts_gt_v1/official_repository/data/20220717-5/filtered_prediction/f-2-1-1-1-6-0.5-L_3.csv,https://github.com/norlab-ulaval/RTS_project/blob/449a299bcf8bc11766718db4ed4aea4a489c7c46/data/20220717-5/filtered_prediction/f-2-1-1-1-6-0.5-L_3.csv,OFFICIAL_GIT_METADATA_GT_CALIBRATION_OR_CODE,143732,a04126cc097e3b2ca0adf02e31b96a0ba8b40b292527626a794fee2651b384f8,False,COMPLETE_SHA256_RECORDED
official_repository/data/20220717-5/filtered_prediction/f-2-1-1-1-6-0.75-L_1.csv,/home/lj/zero_perturbation_data/rts_gt_v1/official_repository/data/20220717-5/filtered_prediction/f-2-1-1-1-6-0.75-L_1.csv,https://github.com/norlab-ulaval/RTS_project/blob/449a299bcf8bc11766718db4ed4aea4a489c7c46/data/20220717-5/filtered_prediction/f-2-1-1-1-6-0.75-L_1.csv,OFFICIAL_GIT_METADATA_GT_CALIBRATION_OR_CODE,139740,33da6004b858fd21ad99c63eb558302a69ac7fc0e732e598080abbb56c20b70c,False,COMPLETE_SHA256_RECORDED
official_repository/data/20220717-5/filtered_prediction/f-2-1-1-1-6-0.75-L_2.csv,/home/lj/zero_perturbation_data/rts_gt_v1/official_repository/data/20220717-5/filtered_prediction/f-2-1-1-1-6-0.75-L_2.csv,https://github.com/norlab-ulaval/RTS_project/blob/449a299bcf8bc11766718db4ed4aea4a489c7c46/data/20220717-5/filtered_prediction/f-2-1-1-1-6-0.75-L_2.csv,OFFICIAL_GIT_METADATA_GT_CALIBRATION_OR_CODE,141615,d167060caa4c5b787b1b4495a090354d075ed123cc6809bc3b96906c26d3fb8d,False,COMPLETE_SHA256_RECORDED
official_repository/data/20220717-5/filtered_prediction/f-2-1-1-1-6-0.75-L_3.csv,/home/lj/zero_perturbation_data/rts_gt_v1/official_repository/data/20220717-5/filtered_prediction/f-2-1-1-1-6-0.75-L_3.csv,https://github.com/norlab-ulaval/RTS_project/blob/449a299bcf8bc11766718db4ed4aea4a489c7c46/data/20220717-5/filtered_prediction/f-2-1-1-1-6-0.75-L_3.csv,OFFICIAL_GIT_METADATA_GT_CALIBRATION_OR_CODE,143732,a04126cc097e3b2ca0adf02e31b96a0ba8b40b292527626a794fee2651b384f8,False,COMPLETE_SHA256_RECORDED
official_repository/data/20220717-5/filtered_prediction/f-2-1-1-1-6-1-L_1.csv,/home/lj/zero_perturbation_data/rts_gt_v1/official_repository/data/20220717-5/filtered_prediction/f-2-1-1-1-6-1-L_1.csv,https://github.com/norlab-ulaval/RTS_project/blob/449a299bcf8bc11766718db4ed4aea4a489c7c46/data/20220717-5/filtered_prediction/f-2-1-1-1-6-1-L_1.csv,OFFICIAL_GIT_METADATA_GT_CALIBRATION_OR_CODE,139561,863e55b324348c91f9be92de2768fa800f79c8818d3f5b185bc7e9e97c4338d1,False,COMPLETE_SHA256_RECORDED
official_repository/data/20220717-5/filtered_prediction/f-2-1-1-1-6-1-L_2.csv,/home/lj/zero_perturbation_data/rts_gt_v1/official_repository/data/20220717-5/filtered_prediction/f-2-1-1-1-6-1-L_2.csv,https://github.com/norlab-ulaval/RTS_project/blob/449a299bcf8bc11766718db4ed4aea4a489c7c46/data/20220717-5/filtered_prediction/f-2-1-1-1-6-1-L_2.csv,OFFICIAL_GIT_METADATA_GT_CALIBRATION_OR_CODE,141343,ec7c60d2bc0065ca456279598d0cb59577961736f3deb5d99b6c82b28f437b11,False,COMPLETE_SHA256_RECORDED
official_repository/data/20220717-5/filtered_prediction/f-2-1-1-1-6-1-L_3.csv,/home/lj/zero_perturbation_data/rts_gt_v1/official_repository/data/20220717-5/filtered_prediction/f-2-1-1-1-6-1-L_3.csv,https://github.com/norlab-ulaval/RTS_project/blob/449a299bcf8bc11766718db4ed4aea4a489c7c46/data/20220717-5/filtered_prediction/f-2-1-1-1-6-1-L_3.csv,OFFICIAL_GIT_METADATA_GT_CALIBRATION_OR_CODE,143362,f1c3bd6857b1eacd6c6ef433b7d5a7663a857beb6687d6fa41ee4d7819e07a4a,False,COMPLETE_SHA256_RECORDED
official_repository/data/20220717-5/filtered_prediction/f-2-1-1-1-6-1-SGP-1000_1.csv,/home/lj/zero_perturbation_data/rts_gt_v1/official_repository/data/20220717-5/filtered_prediction/f-2-1-1-1-6-1-SGP-1000_1.csv,https://github.com/norlab-ulaval/RTS_project/blob/449a299bcf8bc11766718db4ed4aea4a489c7c46/data/20220717-5/filtered_prediction/f-2-1-1-1-6-1-SGP-1000_1.csv,OFFICIAL_GIT_METADATA_GT_CALIBRATION_OR_CODE,263215,f7239b20507db7a289fdce3aa43acc2a091578351f17b5e6349f44be94754b4c,False,COMPLETE_SHA256_RECORDED
official_repository/data/20220717-5/filtered_prediction/f-2-1-1-1-6-1-SGP-1000_2.csv,/home/lj/zero_perturbation_data/rts_gt_v1/official_repository/data/20220717-5/filtered_prediction/f-2-1-1-1-6-1-SGP-1000_2.csv,https://github.com/norlab-ulaval/RTS_project/blob/449a299bcf8bc11766718db4ed4aea4a489c7c46/data/20220717-5/filtered_prediction/f-2-1-1-1-6-1-SGP-1000_2.csv,OFFICIAL_GIT_METADATA_GT_CALIBRATION_OR_CODE,264968,1fd5448b710b9cb7c9ce86aa4f3345ee30eff67f5463a826f66db803336f9588,False,COMPLETE_SHA256_RECORDED
official_repository/data/20220717-5/filtered_prediction/f-2-1-1-1-6-1-SGP-1000_3.csv,/home/lj/zero_perturbation_data/rts_gt_v1/official_repository/data/20220717-5/filtered_prediction/f-2-1-1-1-6-1-SGP-1000_3.csv,https://github.com/norlab-ulaval/RTS_project/blob/449a299bcf8bc11766718db4ed4aea4a489c7c46/data/20220717-5/filtered_prediction/f-2-1-1-1-6-1-SGP-1000_3.csv,OFFICIAL_GIT_METADATA_GT_CALIBRATION_OR_CODE,266946,f75ff766614a7d863fbd2dd71e3640efce629711dc1b182ffff9bc69da9cff68,False,COMPLETE_SHA256_RECORDED
official_repository/data/20220717-5/filtered_prediction/f-2-1-1-1-6-1.25-L_1.csv,/home/lj/zero_perturbation_data/rts_gt_v1/official_repository/data/20220717-5/filtered_prediction/f-2-1-1-1-6-1.25-L_1.csv,https://github.com/norlab-ulaval/RTS_project/blob/449a299bcf8bc11766718db4ed4aea4a489c7c46/data/20220717-5/filtered_prediction/f-2-1-1-1-6-1.25-L_1.csv,OFFICIAL_GIT_METADATA_GT_CALIBRATION_OR_CODE,138931,e0a429d168f8f2d9fc318fa338b905045b6d7b4817fc555717c49498cde8866b,False,COMPLETE_SHA256_RECORDED
official_repository/data/20220717-5/filtered_prediction/f-2-1-1-1-6-1.25-L_2.csv,/home/lj/zero_perturbation_data/rts_gt_v1/official_repository/data/20220717-5/filtered_prediction/f-2-1-1-1-6-1.25-L_2.csv,https://github.com/norlab-ulaval/RTS_project/blob/449a299bcf8bc11766718db4ed4aea4a489c7c46/data/20220717-5/filtered_prediction/f-2-1-1-1-6-1.25-L_2.csv,OFFICIAL_GIT_METADATA_GT_CALIBRATION_OR_CODE,140694,2c6ce9e0572b46c29f822f76dbcc1438f0b104f3d32aa186933bf0e6851e0b87,False,COMPLETE_SHA256_RECORDED
official_repository/data/20220717-5/filtered_prediction/f-2-1-1-1-6-1.25-L_3.csv,/home/lj/zero_perturbation_data/rts_gt_v1/official_repository/data/20220717-5/filtered_prediction/f-2-1-1-1-6-1.25-L_3.csv,https://github.com/norlab-ulaval/RTS_project/blob/449a299bcf8bc11766718db4ed4aea4a489c7c46/data/20220717-5/filtered_prediction/f-2-1-1-1-6-1.25-L_3.csv,OFFICIAL_GIT_METADATA_GT_CALIBRATION_OR_CODE,142747,372e939435df5b34088a51d693164b1459dc97b0f82f2f1b0e3fb436a652f773,False,COMPLETE_SHA256_RECORDED
official_repository/data/20220717-5/filtered_prediction/f-2-1-1-1-6-1.5-L_1.csv,/home/lj/zero_perturbation_data/rts_gt_v1/official_repository/data/20220717-5/filtered_prediction/f-2-1-1-1-6-1.5-L_1.csv,https://github.com/norlab-ulaval/RTS_project/blob/449a299bcf8bc11766718db4ed4aea4a489c7c46/data/20220717-5/filtered_prediction/f-2-1-1-1-6-1.5-L_1.csv,OFFICIAL_GIT_METADATA_GT_CALIBRATION_OR_CODE,138931,e0a429d168f8f2d9fc318fa338b905045b6d7b4817fc555717c49498cde8866b,False,COMPLETE_SHA256_RECORDED
official_repository/data/20220717-5/filtered_prediction/f-2-1-1-1-6-1.5-L_2.csv,/home/lj/zero_perturbation_data/rts_gt_v1/official_repository/data/20220717-5/filtered_prediction/f-2-1-1-1-6-1.5-L_2.csv,https://github.com/norlab-ulaval/RTS_project/blob/449a299bcf8bc11766718db4ed4aea4a489c7c46/data/20220717-5/filtered_prediction/f-2-1-1-1-6-1.5-L_2.csv,OFFICIAL_GIT_METADATA_GT_CALIBRATION_OR_CODE,140694,2c6ce9e0572b46c29f822f76dbcc1438f0b104f3d32aa186933bf0e6851e0b87,False,COMPLETE_SHA256_RECORDED
official_repository/data/20220717-5/filtered_prediction/f-2-1-1-1-6-1.5-L_3.csv,/home/lj/zero_perturbation_data/rts_gt_v1/official_repository/data/20220717-5/filtered_prediction/f-2-1-1-1-6-1.5-L_3.csv,https://github.com/norlab-ulaval/RTS_project/blob/449a299bcf8bc11766718db4ed4aea4a489c7c46/data/20220717-5/filtered_prediction/f-2-1-1-1-6-1.5-L_3.csv,OFFICIAL_GIT_METADATA_GT_CALIBRATION_OR_CODE,142747,372e939435df5b34088a51d693164b1459dc97b0f82f2f1b0e3fb436a652f773,False,COMPLETE_SHA256_RECORDED
official_repository/data/20220717-5/filtered_prediction/f-2-1-1-1-6-1.75-L_1.csv,/home/lj/zero_perturbation_data/rts_gt_v1/official_repository/data/20220717-5/filtered_prediction/f-2-1-1-1-6-1.75-L_1.csv,https://github.com/norlab-ulaval/RTS_project/blob/449a299bcf8bc11766718db4ed4aea4a489c7c46/data/20220717-5/filtered_prediction/f-2-1-1-1-6-1.75-L_1.csv,OFFICIAL_GIT_METADATA_GT_CALIBRATION_OR_CODE,138226,c9b166052f649a7da01a7e2df54bdd53a05bea9a7073886b5e9d582b54af5db0,False,COMPLETE_SHA256_RECORDED
official_repository/data/20220717-5/filtered_prediction/f-2-1-1-1-6-1.75-L_2.csv,/home/lj/zero_perturbation_data/rts_gt_v1/official_repository/data/20220717-5/filtered_prediction/f-2-1-1-1-6-1.75-L_2.csv,https://github.com/norlab-ulaval/RTS_project/blob/449a299bcf8bc11766718db4ed4aea4a489c7c46/data/20220717-5/filtered_prediction/f-2-1-1-1-6-1.75-L_2.csv,OFFICIAL_GIT_METADATA_GT_CALIBRATION_OR_CODE,140142,ab8f99d2c6923cfc587b729ff2512a72bba248a6627fe7898356276dc873da12,False,COMPLETE_SHA256_RECORDED
official_repository/data/20220717-5/filtered_prediction/f-2-1-1-1-6-1.75-L_3.csv,/home/lj/zero_perturbation_data/rts_gt_v1/official_repository/data/20220717-5/filtered_prediction/f-2-1-1-1-6-1.75-L_3.csv,https://github.com/norlab-ulaval/RTS_project/blob/449a299bcf8bc11766718db4ed4aea4a489c7c46/data/20220717-5/filtered_prediction/f-2-1-1-1-6-1.75-L_3.csv,OFFICIAL_GIT_METADATA_GT_CALIBRATION_OR_CODE,142095,b1f7924169716ce66c9c19243c2bf628beaae82acbf4771b63a31e2ea373a76f,False,COMPLETE_SHA256_RECORDED
official_repository/data/20220717-5/filtered_prediction/f-2-1-1-1-6-2-L_1.csv,/home/lj/zero_perturbation_data/rts_gt_v1/official_repository/data/20220717-5/filtered_prediction/f-2-1-1-1-6-2-L_1.csv,https://github.com/norlab-ulaval/RTS_project/blob/449a299bcf8bc11766718db4ed4aea4a489c7c46/data/20220717-5/filtered_prediction/f-2-1-1-1-6-2-L_1.csv,OFFICIAL_GIT_METADATA_GT_CALIBRATION_OR_CODE,137033,704793c1696f0885133731ce3137e159e05516d6ebb9bc5e0e4c08749444e33e,False,COMPLETE_SHA256_RECORDED
official_repository/data/20220717-5/filtered_prediction/f-2-1-1-1-6-2-L_2.csv,/home/lj/zero_perturbation_data/rts_gt_v1/official_repository/data/20220717-5/filtered_prediction/f-2-1-1-1-6-2-L_2.csv,https://github.com/norlab-ulaval/RTS_project/blob/449a299bcf8bc11766718db4ed4aea4a489c7c46/data/20220717-5/filtered_prediction/f-2-1-1-1-6-2-L_2.csv,OFFICIAL_GIT_METADATA_GT_CALIBRATION_OR_CODE,138766,057f11cfe09515e280d44d842f0261f9e5e061b34a01c13ff4cfaf28103fc5b2,False,COMPLETE_SHA256_RECORDED
official_repository/data/20220717-5/filtered_prediction/f-2-1-1-1-6-2-L_3.csv,/home/lj/zero_perturbation_data/rts_gt_v1/official_repository/data/20220717-5/filtered_prediction/f-2-1-1-1-6-2-L_3.csv,https://github.com/norlab-ulaval/RTS_project/blob/449a299bcf8bc11766718db4ed4aea4a489c7c46/data/20220717-5/filtered_prediction/f-2-1-1-1-6-2-L_3.csv,OFFICIAL_GIT_METADATA_GT_CALIBRATION_OR_CODE,140793,3cc77aa188f480461a7e65e189f016a066f2e6b25887c1b8315cd6b746d05dd7,False,COMPLETE_SHA256_RECORDED
official_repository/data/20220717-5/filtered_prediction/f-2-1-1-1-8-0-L_1.csv,/home/lj/zero_perturbation_data/rts_gt_v1/official_repository/data/20220717-5/filtered_prediction/f-2-1-1-1-8-0-L_1.csv,https://github.com/norlab-ulaval/RTS_project/blob/449a299bcf8bc11766718db4ed4aea4a489c7c46/data/20220717-5/filtered_prediction/f-2-1-1-1-8-0-L_1.csv,OFFICIAL_GIT_METADATA_GT_CALIBRATION_OR_CODE,140722,6fe536377f5c065260d4522bcc39612f79b5ff30bbd8c6afa9938f1f9fb83977,False,COMPLETE_SHA256_RECORDED
official_repository/data/20220717-5/filtered_prediction/f-2-1-1-1-8-0-L_2.csv,/home/lj/zero_perturbation_data/rts_gt_v1/official_repository/data/20220717-5/filtered_prediction/f-2-1-1-1-8-0-L_2.csv,https://github.com/norlab-ulaval/RTS_project/blob/449a299bcf8bc11766718db4ed4aea4a489c7c46/data/20220717-5/filtered_prediction/f-2-1-1-1-8-0-L_2.csv,OFFICIAL_GIT_METADATA_GT_CALIBRATION_OR_CODE,142617,c2777b129db58ea3288f63c0a64c3f8c56c73eede2878f8a02ef1f0cec85b24d,False,COMPLETE_SHA256_RECORDED
official_repository/data/20220717-5/filtered_prediction/f-2-1-1-1-8-0-L_3.csv,/home/lj/zero_perturbation_data/rts_gt_v1/official_repository/data/20220717-5/filtered_prediction/f-2-1-1-1-8-0-L_3.csv,https://github.com/norlab-ulaval/RTS_project/blob/449a299bcf8bc11766718db4ed4aea4a489c7c46/data/20220717-5/filtered_prediction/f-2-1-1-1-8-0-L_3.csv,OFFICIAL_GIT_METADATA_GT_CALIBRATION_OR_CODE,144653,052f4c911cb4015b8dd4d851ba166284e7acee4341612fa242230ff229071cf9,False,COMPLETE_SHA256_RECORDED
official_repository/data/20220717-5/filtered_prediction/f-2-1-1-1.25-6-0-L_1.csv,/home/lj/zero_perturbation_data/rts_gt_v1/official_repository/data/20220717-5/filtered_prediction/f-2-1-1-1.25-6-0-L_1.csv,https://github.com/norlab-ulaval/RTS_project/blob/449a299bcf8bc11766718db4ed4aea4a489c7c46/data/20220717-5/filtered_prediction/f-2-1-1-1.25-6-0-L_1.csv,OFFICIAL_GIT_METADATA_GT_CALIBRATION_OR_CODE,140722,6fe536377f5c065260d4522bcc39612f79b5ff30bbd8c6afa9938f1f9fb83977,False,COMPLETE_SHA256_RECORDED
official_repository/data/20220717-5/filtered_prediction/f-2-1-1-1.25-6-0-L_2.csv,/home/lj/zero_perturbation_data/rts_gt_v1/official_repository/data/20220717-5/filtered_prediction/f-2-1-1-1.25-6-0-L_2.csv,https://github.com/norlab-ulaval/RTS_project/blob/449a299bcf8bc11766718db4ed4aea4a489c7c46/data/20220717-5/filtered_prediction/f-2-1-1-1.25-6-0-L_2.csv,OFFICIAL_GIT_METADATA_GT_CALIBRATION_OR_CODE,142617,c2777b129db58ea3288f63c0a64c3f8c56c73eede2878f8a02ef1f0cec85b24d,False,COMPLETE_SHA256_RECORDED
official_repository/data/20220717-5/filtered_prediction/f-2-1-1-1.25-6-0-L_3.csv,/home/lj/zero_perturbation_data/rts_gt_v1/official_repository/data/20220717-5/filtered_prediction/f-2-1-1-1.25-6-0-L_3.csv,https://github.com/norlab-ulaval/RTS_project/blob/449a299bcf8bc11766718db4ed4aea4a489c7c46/data/20220717-5/filtered_prediction/f-2-1-1-1.25-6-0-L_3.csv,OFFICIAL_GIT_METADATA_GT_CALIBRATION_OR_CODE,144653,052f4c911cb4015b8dd4d851ba166284e7acee4341612fa242230ff229071cf9,False,COMPLETE_SHA256_RECORDED
official_repository/data/20220717-5/filtered_prediction/f-2-1-1-1.5-6-0-L_1.csv,/home/lj/zero_perturbation_data/rts_gt_v1/official_repository/data/20220717-5/filtered_prediction/f-2-1-1-1.5-6-0-L_1.csv,https://github.com/norlab-ulaval/RTS_project/blob/449a299bcf8bc11766718db4ed4aea4a489c7c46/data/20220717-5/filtered_prediction/f-2-1-1-1.5-6-0-L_1.csv,OFFICIAL_GIT_METADATA_GT_CALIBRATION_OR_CODE,140722,6fe536377f5c065260d4522bcc39612f79b5ff30bbd8c6afa9938f1f9fb83977,False,COMPLETE_SHA256_RECORDED
official_repository/data/20220717-5/filtered_prediction/f-2-1-1-1.5-6-0-L_2.csv,/home/lj/zero_perturbation_data/rts_gt_v1/official_repository/data/20220717-5/filtered_prediction/f-2-1-1-1.5-6-0-L_2.csv,https://github.com/norlab-ulaval/RTS_project/blob/449a299bcf8bc11766718db4ed4aea4a489c7c46/data/20220717-5/filtered_prediction/f-2-1-1-1.5-6-0-L_2.csv,OFFICIAL_GIT_METADATA_GT_CALIBRATION_OR_CODE,142617,c2777b129db58ea3288f63c0a64c3f8c56c73eede2878f8a02ef1f0cec85b24d,False,COMPLETE_SHA256_RECORDED
official_repository/data/20220717-5/filtered_prediction/f-2-1-1-1.5-6-0-L_3.csv,/home/lj/zero_perturbation_data/rts_gt_v1/official_repository/data/20220717-5/filtered_prediction/f-2-1-1-1.5-6-0-L_3.csv,https://github.com/norlab-ulaval/RTS_project/blob/449a299bcf8bc11766718db4ed4aea4a489c7c46/data/20220717-5/filtered_prediction/f-2-1-1-1.5-6-0-L_3.csv,OFFICIAL_GIT_METADATA_GT_CALIBRATION_OR_CODE,144653,052f4c911cb4015b8dd4d851ba166284e7acee4341612fa242230ff229071cf9,False,COMPLETE_SHA256_RECORDED
official_repository/data/20220717-5/filtered_prediction/f-2-1-1-1.75-6-0-L_1.csv,/home/lj/zero_perturbation_data/rts_gt_v1/official_repository/data/20220717-5/filtered_prediction/f-2-1-1-1.75-6-0-L_1.csv,https://github.com/norlab-ulaval/RTS_project/blob/449a299bcf8bc11766718db4ed4aea4a489c7c46/data/20220717-5/filtered_prediction/f-2-1-1-1.75-6-0-L_1.csv,OFFICIAL_GIT_METADATA_GT_CALIBRATION_OR_CODE,140722,6fe536377f5c065260d4522bcc39612f79b5ff30bbd8c6afa9938f1f9fb83977,False,COMPLETE_SHA256_RECORDED
official_repository/data/20220717-5/filtered_prediction/f-2-1-1-1.75-6-0-L_2.csv,/home/lj/zero_perturbation_data/rts_gt_v1/official_repository/data/20220717-5/filtered_prediction/f-2-1-1-1.75-6-0-L_2.csv,https://github.com/norlab-ulaval/RTS_project/blob/449a299bcf8bc11766718db4ed4aea4a489c7c46/data/20220717-5/filtered_prediction/f-2-1-1-1.75-6-0-L_2.csv,OFFICIAL_GIT_METADATA_GT_CALIBRATION_OR_CODE,142617,c2777b129db58ea3288f63c0a64c3f8c56c73eede2878f8a02ef1f0cec85b24d,False,COMPLETE_SHA256_RECORDED
official_repository/data/20220717-5/filtered_prediction/f-2-1-1-1.75-6-0-L_3.csv,/home/lj/zero_perturbation_data/rts_gt_v1/official_repository/data/20220717-5/filtered_prediction/f-2-1-1-1.75-6-0-L_3.csv,https://github.com/norlab-ulaval/RTS_project/blob/449a299bcf8bc11766718db4ed4aea4a489c7c46/data/20220717-5/filtered_prediction/f-2-1-1-1.75-6-0-L_3.csv,OFFICIAL_GIT_METADATA_GT_CALIBRATION_OR_CODE,144653,052f4c911cb4015b8dd4d851ba166284e7acee4341612fa242230ff229071cf9,False,COMPLETE_SHA256_RECORDED
official_repository/data/20220717-5/filtered_prediction/f-2-1-1-2-6-0-L_1.csv,/home/lj/zero_perturbation_data/rts_gt_v1/official_repository/data/20220717-5/filtered_prediction/f-2-1-1-2-6-0-L_1.csv,https://github.com/norlab-ulaval/RTS_project/blob/449a299bcf8bc11766718db4ed4aea4a489c7c46/data/20220717-5/filtered_prediction/f-2-1-1-2-6-0-L_1.csv,OFFICIAL_GIT_METADATA_GT_CALIBRATION_OR_CODE,140722,6fe536377f5c065260d4522bcc39612f79b5ff30bbd8c6afa9938f1f9fb83977,False,COMPLETE_SHA256_RECORDED
official_repository/data/20220717-5/filtered_prediction/f-2-1-1-2-6-0-L_2.csv,/home/lj/zero_perturbation_data/rts_gt_v1/official_repository/data/20220717-5/filtered_prediction/f-2-1-1-2-6-0-L_2.csv,https://github.com/norlab-ulaval/RTS_project/blob/449a299bcf8bc11766718db4ed4aea4a489c7c46/data/20220717-5/filtered_prediction/f-2-1-1-2-6-0-L_2.csv,OFFICIAL_GIT_METADATA_GT_CALIBRATION_OR_CODE,142617,c2777b129db58ea3288f63c0a64c3f8c56c73eede2878f8a02ef1f0cec85b24d,False,COMPLETE_SHA256_RECORDED
official_repository/data/20220717-5/filtered_prediction/f-2-1-1-2-6-0-L_3.csv,/home/lj/zero_perturbation_data/rts_gt_v1/official_repository/data/20220717-5/filtered_prediction/f-2-1-1-2-6-0-L_3.csv,https://github.com/norlab-ulaval/RTS_project/blob/449a299bcf8bc11766718db4ed4aea4a489c7c46/data/20220717-5/filtered_prediction/f-2-1-1-2-6-0-L_3.csv,OFFICIAL_GIT_METADATA_GT_CALIBRATION_OR_CODE,144653,052f4c911cb4015b8dd4d851ba166284e7acee4341612fa242230ff229071cf9,False,COMPLETE_SHA256_RECORDED
official_repository/data/20220717-5/filtered_prediction/f-2-1-1-2.25-6-0-L_1.csv,/home/lj/zero_perturbation_data/rts_gt_v1/official_repository/data/20220717-5/filtered_prediction/f-2-1-1-2.25-6-0-L_1.csv,https://github.com/norlab-ulaval/RTS_project/blob/449a299bcf8bc11766718db4ed4aea4a489c7c46/data/20220717-5/filtered_prediction/f-2-1-1-2.25-6-0-L_1.csv,OFFICIAL_GIT_METADATA_GT_CALIBRATION_OR_CODE,140722,6fe536377f5c065260d4522bcc39612f79b5ff30bbd8c6afa9938f1f9fb83977,False,COMPLETE_SHA256_RECORDED
official_repository/data/20220717-5/filtered_prediction/f-2-1-1-2.25-6-0-L_2.csv,/home/lj/zero_perturbation_data/rts_gt_v1/official_repository/data/20220717-5/filtered_prediction/f-2-1-1-2.25-6-0-L_2.csv,https://github.com/norlab-ulaval/RTS_project/blob/449a299bcf8bc11766718db4ed4aea4a489c7c46/data/20220717-5/filtered_prediction/f-2-1-1-2.25-6-0-L_2.csv,OFFICIAL_GIT_METADATA_GT_CALIBRATION_OR_CODE,142617,c2777b129db58ea3288f63c0a64c3f8c56c73eede2878f8a02ef1f0cec85b24d,False,COMPLETE_SHA256_RECORDED
official_repository/data/20220717-5/filtered_prediction/f-2-1-1-2.25-6-0-L_3.csv,/home/lj/zero_perturbation_data/rts_gt_v1/official_repository/data/20220717-5/filtered_prediction/f-2-1-1-2.25-6-0-L_3.csv,https://github.com/norlab-ulaval/RTS_project/blob/449a299bcf8bc11766718db4ed4aea4a489c7c46/data/20220717-5/filtered_prediction/f-2-1-1-2.25-6-0-L_3.csv,OFFICIAL_GIT_METADATA_GT_CALIBRATION_OR_CODE,144653,052f4c911cb4015b8dd4d851ba166284e7acee4341612fa242230ff229071cf9,False,COMPLETE_SHA256_RECORDED
official_repository/data/20220717-5/filtered_prediction/f-2-1-1-2.5-6-0-L_1.csv,/home/lj/zero_perturbation_data/rts_gt_v1/official_repository/data/20220717-5/filtered_prediction/f-2-1-1-2.5-6-0-L_1.csv,https://github.com/norlab-ulaval/RTS_project/blob/449a299bcf8bc11766718db4ed4aea4a489c7c46/data/20220717-5/filtered_prediction/f-2-1-1-2.5-6-0-L_1.csv,OFFICIAL_GIT_METADATA_GT_CALIBRATION_OR_CODE,140722,6fe536377f5c065260d4522bcc39612f79b5ff30bbd8c6afa9938f1f9fb83977,False,COMPLETE_SHA256_RECORDED
official_repository/data/20220717-5/filtered_prediction/f-2-1-1-2.5-6-0-L_2.csv,/home/lj/zero_perturbation_data/rts_gt_v1/official_repository/data/20220717-5/filtered_prediction/f-2-1-1-2.5-6-0-L_2.csv,https://github.com/norlab-ulaval/RTS_project/blob/449a299bcf8bc11766718db4ed4aea4a489c7c46/data/20220717-5/filtered_prediction/f-2-1-1-2.5-6-0-L_2.csv,OFFICIAL_GIT_METADATA_GT_CALIBRATION_OR_CODE,142617,c2777b129db58ea3288f63c0a64c3f8c56c73eede2878f8a02ef1f0cec85b24d,False,COMPLETE_SHA256_RECORDED
official_repository/data/20220717-5/filtered_prediction/f-2-1-1-2.5-6-0-L_3.csv,/home/lj/zero_perturbation_data/rts_gt_v1/official_repository/data/20220717-5/filtered_prediction/f-2-1-1-2.5-6-0-L_3.csv,https://github.com/norlab-ulaval/RTS_project/blob/449a299bcf8bc11766718db4ed4aea4a489c7c46/data/20220717-5/filtered_prediction/f-2-1-1-2.5-6-0-L_3.csv,OFFICIAL_GIT_METADATA_GT_CALIBRATION_OR_CODE,144653,052f4c911cb4015b8dd4d851ba166284e7acee4341612fa242230ff229071cf9,False,COMPLETE_SHA256_RECORDED
official_repository/data/20220717-5/filtered_prediction/f-2.5-1-1-1-6-0-L_1.csv,/home/lj/zero_perturbation_data/rts_gt_v1/official_repository/data/20220717-5/filtered_prediction/f-2.5-1-1-1-6-0-L_1.csv,https://github.com/norlab-ulaval/RTS_project/blob/449a299bcf8bc11766718db4ed4aea4a489c7c46/data/20220717-5/filtered_prediction/f-2.5-1-1-1-6-0-L_1.csv,OFFICIAL_GIT_METADATA_GT_CALIBRATION_OR_CODE,140722,6fe536377f5c065260d4522bcc39612f79b5ff30bbd8c6afa9938f1f9fb83977,False,COMPLETE_SHA256_RECORDED
official_repository/data/20220717-5/filtered_prediction/f-2.5-1-1-1-6-0-L_2.csv,/home/lj/zero_perturbation_data/rts_gt_v1/official_repository/data/20220717-5/filtered_prediction/f-2.5-1-1-1-6-0-L_2.csv,https://github.com/norlab-ulaval/RTS_project/blob/449a299bcf8bc11766718db4ed4aea4a489c7c46/data/20220717-5/filtered_prediction/f-2.5-1-1-1-6-0-L_2.csv,OFFICIAL_GIT_METADATA_GT_CALIBRATION_OR_CODE,142617,c2777b129db58ea3288f63c0a64c3f8c56c73eede2878f8a02ef1f0cec85b24d,False,COMPLETE_SHA256_RECORDED
official_repository/data/20220717-5/filtered_prediction/f-2.5-1-1-1-6-0-L_3.csv,/home/lj/zero_perturbation_data/rts_gt_v1/official_repository/data/20220717-5/filtered_prediction/f-2.5-1-1-1-6-0-L_3.csv,https://github.com/norlab-ulaval/RTS_project/blob/449a299bcf8bc11766718db4ed4aea4a489c7c46/data/20220717-5/filtered_prediction/f-2.5-1-1-1-6-0-L_3.csv,OFFICIAL_GIT_METADATA_GT_CALIBRATION_OR_CODE,144653,052f4c911cb4015b8dd4d851ba166284e7acee4341612fa242230ff229071cf9,False,COMPLETE_SHA256_RECORDED
official_repository/data/20220717-5/filtered_prediction/f-3-1-1-1-6-0-L_1.csv,/home/lj/zero_perturbation_data/rts_gt_v1/official_repository/data/20220717-5/filtered_prediction/f-3-1-1-1-6-0-L_1.csv,https://github.com/norlab-ulaval/RTS_project/blob/449a299bcf8bc11766718db4ed4aea4a489c7c46/data/20220717-5/filtered_prediction/f-3-1-1-1-6-0-L_1.csv,OFFICIAL_GIT_METADATA_GT_CALIBRATION_OR_CODE,140722,6fe536377f5c065260d4522bcc39612f79b5ff30bbd8c6afa9938f1f9fb83977,False,COMPLETE_SHA256_RECORDED
official_repository/data/20220717-5/filtered_prediction/f-3-1-1-1-6-0-L_2.csv,/home/lj/zero_perturbation_data/rts_gt_v1/official_repository/data/20220717-5/filtered_prediction/f-3-1-1-1-6-0-L_2.csv,https://github.com/norlab-ulaval/RTS_project/blob/449a299bcf8bc11766718db4ed4aea4a489c7c46/data/20220717-5/filtered_prediction/f-3-1-1-1-6-0-L_2.csv,OFFICIAL_GIT_METADATA_GT_CALIBRATION_OR_CODE,142617,c2777b129db58ea3288f63c0a64c3f8c56c73eede2878f8a02ef1f0cec85b24d,False,COMPLETE_SHA256_RECORDED
official_repository/data/20220717-5/filtered_prediction/f-3-1-1-1-6-0-L_3.csv,/home/lj/zero_perturbation_data/rts_gt_v1/official_repository/data/20220717-5/filtered_prediction/f-3-1-1-1-6-0-L_3.csv,https://github.com/norlab-ulaval/RTS_project/blob/449a299bcf8bc11766718db4ed4aea4a489c7c46/data/20220717-5/filtered_prediction/f-3-1-1-1-6-0-L_3.csv,OFFICIAL_GIT_METADATA_GT_CALIBRATION_OR_CODE,144653,052f4c911cb4015b8dd4d851ba166284e7acee4341612fa242230ff229071cf9,False,COMPLETE_SHA256_RECORDED
official_repository/data/20220717-5/list_tf/TF_list_linear_dynamic_cp.csv,/home/lj/zero_perturbation_data/rts_gt_v1/official_repository/data/20220717-5/list_tf/TF_list_linear_dynamic_cp.csv,https://github.com/norlab-ulaval/RTS_project/blob/449a299bcf8bc11766718db4ed4aea4a489c7c46/data/20220717-5/list_tf/TF_list_linear_dynamic_cp.csv,OFFICIAL_GIT_METADATA_GT_CALIBRATION_OR_CODE,10932,5832bfa9a61c2aee988c1435e8fd4a00761d9000e892bcca1d71298d6821c346,False,COMPLETE_SHA256_RECORDED
official_repository/data/20220717-5/list_tf/TF_list_static_cp.csv,/home/lj/zero_perturbation_data/rts_gt_v1/official_repository/data/20220717-5/list_tf/TF_list_static_cp.csv,https://github.com/norlab-ulaval/RTS_project/blob/449a299bcf8bc11766718db4ed4aea4a489c7c46/data/20220717-5/list_tf/TF_list_static_cp.csv,OFFICIAL_GIT_METADATA_GT_CALIBRATION_OR_CODE,10904,e62e5ac971254e9e5bd9449ae6ef6c4d968be2ac79cc76def9fe2c733163aa0b,False,COMPLETE_SHA256_RECORDED
official_repository/data/20220717-5/raw_prediction/nf-1-0-1-L_1.csv,/home/lj/zero_perturbation_data/rts_gt_v1/official_repository/data/20220717-5/raw_prediction/nf-1-0-1-L_1.csv,https://github.com/norlab-ulaval/RTS_project/blob/449a299bcf8bc11766718db4ed4aea4a489c7c46/data/20220717-5/raw_prediction/nf-1-0-1-L_1.csv,OFFICIAL_GIT_METADATA_GT_CALIBRATION_OR_CODE,155133,649dd3104bea91d7922be5e0a36e737d500c415ac47d3dfcb016d5fe8827e6e6,False,COMPLETE_SHA256_RECORDED
official_repository/data/20220717-5/raw_prediction/nf-1-0-1-L_2.csv,/home/lj/zero_perturbation_data/rts_gt_v1/official_repository/data/20220717-5/raw_prediction/nf-1-0-1-L_2.csv,https://github.com/norlab-ulaval/RTS_project/blob/449a299bcf8bc11766718db4ed4aea4a489c7c46/data/20220717-5/raw_prediction/nf-1-0-1-L_2.csv,OFFICIAL_GIT_METADATA_GT_CALIBRATION_OR_CODE,157052,71552ceb8e362fdb61fe086e2d1c1999a40385fa5f9ffbfd6e5e54a7dab1ff48,False,COMPLETE_SHA256_RECORDED
official_repository/data/20220717-5/raw_prediction/nf-1-0-1-L_3.csv,/home/lj/zero_perturbation_data/rts_gt_v1/official_repository/data/20220717-5/raw_prediction/nf-1-0-1-L_3.csv,https://github.com/norlab-ulaval/RTS_project/blob/449a299bcf8bc11766718db4ed4aea4a489c7c46/data/20220717-5/raw_prediction/nf-1-0-1-L_3.csv,OFFICIAL_GIT_METADATA_GT_CALIBRATION_OR_CODE,159308,160294dd67133c87ecaffe5bfd42dae2414f9e9174577e99ffe7cf728a0958aa,False,COMPLETE_SHA256_RECORDED
official_repository/data/20220717-5/raw_prediction/nf-1-6-0-L_1.csv,/home/lj/zero_perturbation_data/rts_gt_v1/official_repository/data/20220717-5/raw_prediction/nf-1-6-0-L_1.csv,https://github.com/norlab-ulaval/RTS_project/blob/449a299bcf8bc11766718db4ed4aea4a489c7c46/data/20220717-5/raw_prediction/nf-1-6-0-L_1.csv,OFFICIAL_GIT_METADATA_GT_CALIBRATION_OR_CODE,155133,649dd3104bea91d7922be5e0a36e737d500c415ac47d3dfcb016d5fe8827e6e6,False,COMPLETE_SHA256_RECORDED
official_repository/data/20220717-5/raw_prediction/nf-1-6-0-L_2.csv,/home/lj/zero_perturbation_data/rts_gt_v1/official_repository/data/20220717-5/raw_prediction/nf-1-6-0-L_2.csv,https://github.com/norlab-ulaval/RTS_project/blob/449a299bcf8bc11766718db4ed4aea4a489c7c46/data/20220717-5/raw_prediction/nf-1-6-0-L_2.csv,OFFICIAL_GIT_METADATA_GT_CALIBRATION_OR_CODE,157052,71552ceb8e362fdb61fe086e2d1c1999a40385fa5f9ffbfd6e5e54a7dab1ff48,False,COMPLETE_SHA256_RECORDED
official_repository/data/20220717-5/raw_prediction/nf-1-6-0-L_3.csv,/home/lj/zero_perturbation_data/rts_gt_v1/official_repository/data/20220717-5/raw_prediction/nf-1-6-0-L_3.csv,https://github.com/norlab-ulaval/RTS_project/blob/449a299bcf8bc11766718db4ed4aea4a489c7c46/data/20220717-5/raw_prediction/nf-1-6-0-L_3.csv,OFFICIAL_GIT_METADATA_GT_CALIBRATION_OR_CODE,159308,160294dd67133c87ecaffe5bfd42dae2414f9e9174577e99ffe7cf728a0958aa,False,COMPLETE_SHA256_RECORDED
official_repository/data/20220717-5/raw_prediction/nf-1-6-1-SGP-1000_1.csv,/home/lj/zero_perturbation_data/rts_gt_v1/official_repository/data/20220717-5/raw_prediction/nf-1-6-1-SGP-1000_1.csv,https://github.com/norlab-ulaval/RTS_project/blob/449a299bcf8bc11766718db4ed4aea4a489c7c46/data/20220717-5/raw_prediction/nf-1-6-1-SGP-1000_1.csv,OFFICIAL_GIT_METADATA_GT_CALIBRATION_OR_CODE,292943,e4cc50ce866d69b67e594e22872c3d9e33ee09d9821e2b545bc0792fdfd67876,False,COMPLETE_SHA256_RECORDED
official_repository/data/20220717-5/raw_prediction/nf-1-6-1-SGP-1000_2.csv,/home/lj/zero_perturbation_data/rts_gt_v1/official_repository/data/20220717-5/raw_prediction/nf-1-6-1-SGP-1000_2.csv,https://github.com/norlab-ulaval/RTS_project/blob/449a299bcf8bc11766718db4ed4aea4a489c7c46/data/20220717-5/raw_prediction/nf-1-6-1-SGP-1000_2.csv,OFFICIAL_GIT_METADATA_GT_CALIBRATION_OR_CODE,295506,871dbcf41fcaa90ccc3d6f330facdf3acb2440989bd35b8be35bdb1de2e00394,False,COMPLETE_SHA256_RECORDED
official_repository/data/20220717-5/raw_prediction/nf-1-6-1-SGP-1000_3.csv,/home/lj/zero_perturbation_data/rts_gt_v1/official_repository/data/20220717-5/raw_prediction/nf-1-6-1-SGP-1000_3.csv,https://github.com/norlab-ulaval/RTS_project/blob/449a299bcf8bc11766718db4ed4aea4a489c7c46/data/20220717-5/raw_prediction/nf-1-6-1-SGP-1000_3.csv,OFFICIAL_GIT_METADATA_GT_CALIBRATION_OR_CODE,296764,3e89aa788d53d4b46f5f9bf119a232ff641b038add255eeab3d2bfe93e735ce0,False,COMPLETE_SHA256_RECORDED
official_repository/data/20220717-5/sensors_extrinsic_calibration/calibration_raw.csv,/home/lj/zero_perturbation_data/rts_gt_v1/official_repository/data/20220717-5/sensors_extrinsic_calibration/calibration_raw.csv,https://github.com/norlab-ulaval/RTS_project/blob/449a299bcf8bc11766718db4ed4aea4a489c7c46/data/20220717-5/sensors_extrinsic_calibration/calibration_raw.csv,OFFICIAL_GIT_METADATA_GT_CALIBRATION_OR_CODE,407,6b8ba87819712b915918096f4404c777c696523f5bb6c2529901437f6db43538,False,COMPLETE_SHA256_RECORDED
official_repository/data/20220717-5/sensors_extrinsic_calibration/calibration_results.csv,/home/lj/zero_perturbation_data/rts_gt_v1/official_repository/data/20220717-5/sensors_extrinsic_calibration/calibration_results.csv,https://github.com/norlab-ulaval/RTS_project/blob/449a299bcf8bc11766718db4ed4aea4a489c7c46/data/20220717-5/sensors_extrinsic_calibration/calibration_results.csv,OFFICIAL_GIT_METADATA_GT_CALIBRATION_OR_CODE,242,fd8bfcc8239c75e7a248f263f59f27ffd0ca4bc9eda3fca438baee5763c8c828,False,COMPLETE_SHA256_RECORDED
official_repository/data/20220717-5/total_stations/GCP.txt,/home/lj/zero_perturbation_data/rts_gt_v1/official_repository/data/20220717-5/total_stations/GCP.txt,https://github.com/norlab-ulaval/RTS_project/blob/449a299bcf8bc11766718db4ed4aea4a489c7c46/data/20220717-5/total_stations/GCP.txt,OFFICIAL_GIT_METADATA_GT_CALIBRATION_OR_CODE,3015,b48f3e3ad6f9fa80b20d18e4274fc4a4921618b9e9602d926814c3b55ee97ab3,False,COMPLETE_SHA256_RECORDED
official_repository/data/20220717-5/total_stations/trimble1.csv,/home/lj/zero_perturbation_data/rts_gt_v1/official_repository/data/20220717-5/total_stations/trimble1.csv,https://github.com/norlab-ulaval/RTS_project/blob/449a299bcf8bc11766718db4ed4aea4a489c7c46/data/20220717-5/total_stations/trimble1.csv,OFFICIAL_GIT_METADATA_GT_CALIBRATION_OR_CODE,39069,f6b91e0e07618e08971a71b82c63dcff5c60e176c89a7bf1e00268d793544395,False,COMPLETE_SHA256_RECORDED
official_repository/data/20220717-5/total_stations/trimble2.csv,/home/lj/zero_perturbation_data/rts_gt_v1/official_repository/data/20220717-5/total_stations/trimble2.csv,https://github.com/norlab-ulaval/RTS_project/blob/449a299bcf8bc11766718db4ed4aea4a489c7c46/data/20220717-5/total_stations/trimble2.csv,OFFICIAL_GIT_METADATA_GT_CALIBRATION_OR_CODE,39148,98e23fae1cd261a2071a1d8c9a332f09018c529373917fb9531643cbe9130b1b,False,COMPLETE_SHA256_RECORDED
official_repository/data/20220717-5/total_stations/trimble3.csv,/home/lj/zero_perturbation_data/rts_gt_v1/official_repository/data/20220717-5/total_stations/trimble3.csv,https://github.com/norlab-ulaval/RTS_project/blob/449a299bcf8bc11766718db4ed4aea4a489c7c46/data/20220717-5/total_stations/trimble3.csv,OFFICIAL_GIT_METADATA_GT_CALIBRATION_OR_CODE,39072,25d7071f118975f2abd1508deb5a5cf215a30c672ea7a0c4f6a76abea09e0f88,False,COMPLETE_SHA256_RECORDED
official_repository/data/20220717-5/uncertainty/raw_data/prism1.csv,/home/lj/zero_perturbation_data/rts_gt_v1/official_repository/data/20220717-5/uncertainty/raw_data/prism1.csv,https://github.com/norlab-ulaval/RTS_project/blob/449a299bcf8bc11766718db4ed4aea4a489c7c46/data/20220717-5/uncertainty/raw_data/prism1.csv,OFFICIAL_GIT_METADATA_GT_CALIBRATION_OR_CODE,36965,84dcb44ca76bb35c7cfadc60f76b901d6778419edd3c790c2d0fb6459942a9fd,False,COMPLETE_SHA256_RECORDED
official_repository/data/20220717-5/uncertainty/raw_data/prism2.csv,/home/lj/zero_perturbation_data/rts_gt_v1/official_repository/data/20220717-5/uncertainty/raw_data/prism2.csv,https://github.com/norlab-ulaval/RTS_project/blob/449a299bcf8bc11766718db4ed4aea4a489c7c46/data/20220717-5/uncertainty/raw_data/prism2.csv,OFFICIAL_GIT_METADATA_GT_CALIBRATION_OR_CODE,36809,0af93ec236e9d0a14d783ed0294abf64fd35464cb8ab8c91b0b954be3e037c8d,False,COMPLETE_SHA256_RECORDED
official_repository/data/20220717-5/uncertainty/raw_data/prism3.csv,/home/lj/zero_perturbation_data/rts_gt_v1/official_repository/data/20220717-5/uncertainty/raw_data/prism3.csv,https://github.com/norlab-ulaval/RTS_project/blob/449a299bcf8bc11766718db4ed4aea4a489c7c46/data/20220717-5/uncertainty/raw_data/prism3.csv,OFFICIAL_GIT_METADATA_GT_CALIBRATION_OR_CODE,36898,7234bea2342e295c6fd3a536b47ffc3056bac543329728d1ae6fbefdfe014a8b,False,COMPLETE_SHA256_RECORDED
official_repository/data/20220717-5/uncertainty/sensor/.csv,/home/lj/zero_perturbation_data/rts_gt_v1/official_repository/data/20220717-5/uncertainty/sensor/.csv,https://github.com/norlab-ulaval/RTS_project/blob/449a299bcf8bc11766718db4ed4aea4a489c7c46/data/20220717-5/uncertainty/sensor/.csv,OFFICIAL_GIT_METADATA_GT_CALIBRATION_OR_CODE,47258,9832b46e87cccd183270ce57464f12fd429c94b6f00ad917daa817bbe20da56a,False,COMPLETE_SHA256_RECORDED
official_repository/data/20220717-5/uncertainty/static_raw_data/prism1.csv,/home/lj/zero_perturbation_data/rts_gt_v1/official_repository/data/20220717-5/uncertainty/static_raw_data/prism1.csv,https://github.com/norlab-ulaval/RTS_project/blob/449a299bcf8bc11766718db4ed4aea4a489c7c46/data/20220717-5/uncertainty/static_raw_data/prism1.csv,OFFICIAL_GIT_METADATA_GT_CALIBRATION_OR_CODE,1352,f73486ef1d3e62dccc7c4f4f668d9fe2736f65632ca0111c6a937a99b0d6a061,False,COMPLETE_SHA256_RECORDED
official_repository/data/20220717-5/uncertainty/static_raw_data/prism2.csv,/home/lj/zero_perturbation_data/rts_gt_v1/official_repository/data/20220717-5/uncertainty/static_raw_data/prism2.csv,https://github.com/norlab-ulaval/RTS_project/blob/449a299bcf8bc11766718db4ed4aea4a489c7c46/data/20220717-5/uncertainty/static_raw_data/prism2.csv,OFFICIAL_GIT_METADATA_GT_CALIBRATION_OR_CODE,1645,0a1c8c2095a55e34feb0c89a830a071fb921e7af50e07e8ed74ff0f6b7d2a22e,False,COMPLETE_SHA256_RECORDED
official_repository/data/20220717-5/uncertainty/static_raw_data/prism3.csv,/home/lj/zero_perturbation_data/rts_gt_v1/official_repository/data/20220717-5/uncertainty/static_raw_data/prism3.csv,https://github.com/norlab-ulaval/RTS_project/blob/449a299bcf8bc11766718db4ed4aea4a489c7c46/data/20220717-5/uncertainty/static_raw_data/prism3.csv,OFFICIAL_GIT_METADATA_GT_CALIBRATION_OR_CODE,1490,c1abafc18be92aa1fd20ee4becd62c42df1bf1399331cd05a27732bb96513a16,False,COMPLETE_SHA256_RECORDED
official_repository/doc/install_in_virtualenv.md,/home/lj/zero_perturbation_data/rts_gt_v1/official_repository/doc/install_in_virtualenv.md,https://github.com/norlab-ulaval/RTS_project/blob/449a299bcf8bc11766718db4ed4aea4a489c7c46/doc/install_in_virtualenv.md,OFFICIAL_GIT_METADATA_GT_CALIBRATION_OR_CODE,1651,74223fb13a3648ed3f9d360a10c086cbf5bb3c4dfc8d7e44d41aa2cb0b0eca08,False,COMPLETE_SHA256_RECORDED
official_repository/notebook/Analysis_outliers_drop.ipynb,/home/lj/zero_perturbation_data/rts_gt_v1/official_repository/notebook/Analysis_outliers_drop.ipynb,https://github.com/norlab-ulaval/RTS_project/blob/449a299bcf8bc11766718db4ed4aea4a489c7c46/notebook/Analysis_outliers_drop.ipynb,OFFICIAL_GIT_METADATA_GT_CALIBRATION_OR_CODE,15904,58c64084ecbfce6a6b0c4947cb1bee162cc431e9902a6fdbb86c7499c702c167,False,COMPLETE_SHA256_RECORDED
official_repository/notebook/Analysis_sensibility_and_ablation_tests.ipynb,/home/lj/zero_perturbation_data/rts_gt_v1/official_repository/notebook/Analysis_sensibility_and_ablation_tests.ipynb,https://github.com/norlab-ulaval/RTS_project/blob/449a299bcf8bc11766718db4ed4aea4a489c7c46/notebook/Analysis_sensibility_and_ablation_tests.ipynb,OFFICIAL_GIT_METADATA_GT_CALIBRATION_OR_CODE,49493,28a218655b08c754d81b9d26a8e6b775183410669a8baed494ea97e37b9b2ada,False,COMPLETE_SHA256_RECORDED
official_repository/notebook/Check_length_time_dataset.ipynb,/home/lj/zero_perturbation_data/rts_gt_v1/official_repository/notebook/Check_length_time_dataset.ipynb,https://github.com/norlab-ulaval/RTS_project/blob/449a299bcf8bc11766718db4ed4aea4a489c7c46/notebook/Check_length_time_dataset.ipynb,OFFICIAL_GIT_METADATA_GT_CALIBRATION_OR_CODE,6577,33afa27d44d08d92b99225a4ed8efb173ded51994f60af09308d86e6afd0e64d,False,COMPLETE_SHA256_RECORDED
official_repository/notebook/Check_predicted_data.ipynb,/home/lj/zero_perturbation_data/rts_gt_v1/official_repository/notebook/Check_predicted_data.ipynb,https://github.com/norlab-ulaval/RTS_project/blob/449a299bcf8bc11766718db4ed4aea4a489c7c46/notebook/Check_predicted_data.ipynb,OFFICIAL_GIT_METADATA_GT_CALIBRATION_OR_CODE,4848,169f4adbe0fc6e64ef48c3c7300903a318727e69115c5274275d78d2c7d76460,False,COMPLETE_SHA256_RECORDED
official_repository/notebook/Check_raw_data_deployment.ipynb,/home/lj/zero_perturbation_data/rts_gt_v1/official_repository/notebook/Check_raw_data_deployment.ipynb,https://github.com/norlab-ulaval/RTS_project/blob/449a299bcf8bc11766718db4ed4aea4a489c7c46/notebook/Check_raw_data_deployment.ipynb,OFFICIAL_GIT_METADATA_GT_CALIBRATION_OR_CODE,122775,7d2a6c2b9b89a314a86a34e1968e54f2612bcd9469ffc5bff0d4423d6cd53114,False,COMPLETE_SHA256_RECORDED
official_repository/notebook/Comparison_calibrations.ipynb,/home/lj/zero_perturbation_data/rts_gt_v1/official_repository/notebook/Comparison_calibrations.ipynb,https://github.com/norlab-ulaval/RTS_project/blob/449a299bcf8bc11766718db4ed4aea4a489c7c46/notebook/Comparison_calibrations.ipynb,OFFICIAL_GIT_METADATA_GT_CALIBRATION_OR_CODE,57989,cc1130f05e7229d046aa4a0dd8ae0f1893c3ec477f886bbc57749f2494cf67ae,False,COMPLETE_SHA256_RECORDED
official_repository/notebook/Dynamic_GCP_calibration.ipynb,/home/lj/zero_perturbation_data/rts_gt_v1/official_repository/notebook/Dynamic_GCP_calibration.ipynb,https://github.com/norlab-ulaval/RTS_project/blob/449a299bcf8bc11766718db4ed4aea4a489c7c46/notebook/Dynamic_GCP_calibration.ipynb,OFFICIAL_GIT_METADATA_GT_CALIBRATION_OR_CODE,6709,e8aa00852044199f620c61b58678d85f328ca8e34637175a304e556efbb3e833,False,COMPLETE_SHA256_RECORDED
official_repository/notebook/Dynamic_inter_prism_calibration.ipynb,/home/lj/zero_perturbation_data/rts_gt_v1/official_repository/notebook/Dynamic_inter_prism_calibration.ipynb,https://github.com/norlab-ulaval/RTS_project/blob/449a299bcf8bc11766718db4ed4aea4a489c7c46/notebook/Dynamic_inter_prism_calibration.ipynb,OFFICIAL_GIT_METADATA_GT_CALIBRATION_OR_CODE,27432,8bd492c04913a84d162aba3371115268f66655e866cc79ae18dc7b5d0d943f96,False,COMPLETE_SHA256_RECORDED
official_repository/notebook/Dynamic_inter_prism_calibration_detailed.ipynb,/home/lj/zero_perturbation_data/rts_gt_v1/official_repository/notebook/Dynamic_inter_prism_calibration_detailed.ipynb,https://github.com/norlab-ulaval/RTS_project/blob/449a299bcf8bc11766718db4ed4aea4a489c7c46/notebook/Dynamic_inter_prism_calibration_detailed.ipynb,OFFICIAL_GIT_METADATA_GT_CALIBRATION_OR_CODE,238120,b761010515d1e38bd7767e08c8467c81614b38ebbb224a0fd2e38c46894bc5b9,False,COMPLETE_SHA256_RECORDED
official_repository/notebook/Figure_IROS23_prisms_uncertainty.ipynb,/home/lj/zero_perturbation_data/rts_gt_v1/official_repository/notebook/Figure_IROS23_prisms_uncertainty.ipynb,https://github.com/norlab-ulaval/RTS_project/blob/449a299bcf8bc11766718db4ed4aea4a489c7c46/notebook/Figure_IROS23_prisms_uncertainty.ipynb,OFFICIAL_GIT_METADATA_GT_CALIBRATION_OR_CODE,17917,87dae95820040251ef1d5767ecca164a0e573514630d58bfff81ebabe3f05259,False,COMPLETE_SHA256_RECORDED
official_repository/notebook/Full_pipeline.ipynb,/home/lj/zero_perturbation_data/rts_gt_v1/official_repository/notebook/Full_pipeline.ipynb,https://github.com/norlab-ulaval/RTS_project/blob/449a299bcf8bc11766718db4ed4aea4a489c7c46/notebook/Full_pipeline.ipynb,OFFICIAL_GIT_METADATA_GT_CALIBRATION_OR_CODE,63382,4124d29776199d6b1a6e58e9ebf8438f3e70033ee6598496f2640c8792b00c50,False,COMPLETE_SHA256_RECORDED
official_repository/notebook/Groundtruth_generation_ptp_gps.ipynb,/home/lj/zero_perturbation_data/rts_gt_v1/official_repository/notebook/Groundtruth_generation_ptp_gps.ipynb,https://github.com/norlab-ulaval/RTS_project/blob/449a299bcf8bc11766718db4ed4aea4a489c7c46/notebook/Groundtruth_generation_ptp_gps.ipynb,OFFICIAL_GIT_METADATA_GT_CALIBRATION_OR_CODE,6427,9fed65014edc6fdb5728790cc5f890295c51c8f3622638ec177258befb104937,False,COMPLETE_SHA256_RECORDED
official_repository/notebook/Groundtruth_generation_ptp_prism.ipynb,/home/lj/zero_perturbation_data/rts_gt_v1/official_repository/notebook/Groundtruth_generation_ptp_prism.ipynb,https://github.com/norlab-ulaval/RTS_project/blob/449a299bcf8bc11766718db4ed4aea4a489c7c46/notebook/Groundtruth_generation_ptp_prism.ipynb,OFFICIAL_GIT_METADATA_GT_CALIBRATION_OR_CODE,326510,180f47c62ac8b48b222e27ac05ca8de7dddf9be58427323ccf3770d9ff848098,False,COMPLETE_SHA256_RECORDED
official_repository/notebook/Raw_data_saved.ipynb,/home/lj/zero_perturbation_data/rts_gt_v1/official_repository/notebook/Raw_data_saved.ipynb,https://github.com/norlab-ulaval/RTS_project/blob/449a299bcf8bc11766718db4ed4aea4a489c7c46/notebook/Raw_data_saved.ipynb,OFFICIAL_GIT_METADATA_GT_CALIBRATION_OR_CODE,6033,450a091f70f5a77482e3696de390cdef6d50f3a7b45f45679256690bea17d70e,False,COMPLETE_SHA256_RECORDED
official_repository/notebook/Read_time_corrections.ipynb,/home/lj/zero_perturbation_data/rts_gt_v1/official_repository/notebook/Read_time_corrections.ipynb,https://github.com/norlab-ulaval/RTS_project/blob/449a299bcf8bc11766718db4ed4aea4a489c7c46/notebook/Read_time_corrections.ipynb,OFFICIAL_GIT_METADATA_GT_CALIBRATION_OR_CODE,49463,8283a66919fad9d60fc15014b694284e060dcf3cf3dfc808c6e5ae4f01661dbc,False,COMPLETE_SHA256_RECORDED
official_repository/notebook/Sensors_extrinsic_calibration.ipynb,/home/lj/zero_perturbation_data/rts_gt_v1/official_repository/notebook/Sensors_extrinsic_calibration.ipynb,https://github.com/norlab-ulaval/RTS_project/blob/449a299bcf8bc11766718db4ed4aea4a489c7c46/notebook/Sensors_extrinsic_calibration.ipynb,OFFICIAL_GIT_METADATA_GT_CALIBRATION_OR_CODE,136365,02a4afd1d3fc0c01aa67556b436365e920497d11d0fe639a397ecf501f912e7e,False,COMPLETE_SHA256_RECORDED
official_repository/notebook/Static_GCP_calibration.ipynb,/home/lj/zero_perturbation_data/rts_gt_v1/official_repository/notebook/Static_GCP_calibration.ipynb,https://github.com/norlab-ulaval/RTS_project/blob/449a299bcf8bc11766718db4ed4aea4a489c7c46/notebook/Static_GCP_calibration.ipynb,OFFICIAL_GIT_METADATA_GT_CALIBRATION_OR_CODE,5494,ea0ea58ec7407202171e77b14ed44e0dadccbca142e5b4d466c012b3e947eead,False,COMPLETE_SHA256_RECORDED
official_repository/notebook/Trajectory_simulation.ipynb,/home/lj/zero_perturbation_data/rts_gt_v1/official_repository/notebook/Trajectory_simulation.ipynb,https://github.com/norlab-ulaval/RTS_project/blob/449a299bcf8bc11766718db4ed4aea4a489c7c46/notebook/Trajectory_simulation.ipynb,OFFICIAL_GIT_METADATA_GT_CALIBRATION_OR_CODE,20198,6be98f39f991633813d34503885f813dc7ad9a0284c555c0cbb2c193e67a6fa9,False,COMPLETE_SHA256_RECORDED
official_repository/notebook/Two_points_calibration.ipynb,/home/lj/zero_perturbation_data/rts_gt_v1/official_repository/notebook/Two_points_calibration.ipynb,https://github.com/norlab-ulaval/RTS_project/blob/449a299bcf8bc11766718db4ed4aea4a489c7c46/notebook/Two_points_calibration.ipynb,OFFICIAL_GIT_METADATA_GT_CALIBRATION_OR_CODE,6045,17ebf5277e80ffd07332491b9a6a941cd3fad7bb4e7fd8baf7f5bc8cfd65ecaa,False,COMPLETE_SHA256_RECORDED
official_repository/notebook/Two_points_calibration_with_optimization.ipynb,/home/lj/zero_perturbation_data/rts_gt_v1/official_repository/notebook/Two_points_calibration_with_optimization.ipynb,https://github.com/norlab-ulaval/RTS_project/blob/449a299bcf8bc11766718db4ed4aea4a489c7c46/notebook/Two_points_calibration_with_optimization.ipynb,OFFICIAL_GIT_METADATA_GT_CALIBRATION_OR_CODE,4593,6118ea6a307b7393fd695417e706a0636f0f821af2f14e5ef897c3b8eaa5a88b,False,COMPLETE_SHA256_RECORDED
official_repository/requirements.txt,/home/lj/zero_perturbation_data/rts_gt_v1/official_repository/requirements.txt,https://github.com/norlab-ulaval/RTS_project/blob/449a299bcf8bc11766718db4ed4aea4a489c7c46/requirements.txt,OFFICIAL_GIT_METADATA_GT_CALIBRATION_OR_CODE,400,fce00595c57f1ab212ec0b80d4f970188bcc7f94bbce7392467f4dcfd0476cc6,False,COMPLETE_SHA256_RECORDED
official_repository/scripts/GPs.py,/home/lj/zero_perturbation_data/rts_gt_v1/official_repository/scripts/GPs.py,https://github.com/norlab-ulaval/RTS_project/blob/449a299bcf8bc11766718db4ed4aea4a489c7c46/scripts/GPs.py,OFFICIAL_GIT_METADATA_GT_CALIBRATION_OR_CODE,14215,f7deed5dd986d198280443dc19d6a2636e3b235ca9d938dba57ef76cda800188,False,COMPLETE_SHA256_RECORDED
official_repository/scripts/groundtruth_utils.py,/home/lj/zero_perturbation_data/rts_gt_v1/official_repository/scripts/groundtruth_utils.py,https://github.com/norlab-ulaval/RTS_project/blob/449a299bcf8bc11766718db4ed4aea4a489c7c46/scripts/groundtruth_utils.py,OFFICIAL_GIT_METADATA_GT_CALIBRATION_OR_CODE,78724,3bef291f0de3098c913b624790d09524942fd3d1711745123d167b02e4c1559c,False,COMPLETE_SHA256_RECORDED
official_repository/scripts/liblie.py,/home/lj/zero_perturbation_data/rts_gt_v1/official_repository/scripts/liblie.py,https://github.com/norlab-ulaval/RTS_project/blob/449a299bcf8bc11766718db4ed4aea4a489c7c46/scripts/liblie.py,OFFICIAL_GIT_METADATA_GT_CALIBRATION_OR_CODE,10097,b17bb6810127a8a7d5a10a44f8cf272dd7b9e37e0860c5565ac002de24fef259,False,COMPLETE_SHA256_RECORDED
official_repository/scripts/prediction_utils.py,/home/lj/zero_perturbation_data/rts_gt_v1/official_repository/scripts/prediction_utils.py,https://github.com/norlab-ulaval/RTS_project/blob/449a299bcf8bc11766718db4ed4aea4a489c7c46/scripts/prediction_utils.py,OFFICIAL_GIT_METADATA_GT_CALIBRATION_OR_CODE,33612,379b738f9bac5394265eb7f2e7dfe85dec99fee44e38fe9616f2a237e95a0d91,False,COMPLETE_SHA256_RECORDED
official_repository/scripts/resection_functions.py,/home/lj/zero_perturbation_data/rts_gt_v1/official_repository/scripts/resection_functions.py,https://github.com/norlab-ulaval/RTS_project/blob/449a299bcf8bc11766718db4ed4aea4a489c7c46/scripts/resection_functions.py,OFFICIAL_GIT_METADATA_GT_CALIBRATION_OR_CODE,63746,051965e27c6020b67174448a221bb6e57c4fc3de9efa976356653b6bf97075e7,False,COMPLETE_SHA256_RECORDED
official_repository/scripts/theodolite_function.py,/home/lj/zero_perturbation_data/rts_gt_v1/official_repository/scripts/theodolite_function.py,https://github.com/norlab-ulaval/RTS_project/blob/449a299bcf8bc11766718db4ed4aea4a489c7c46/scripts/theodolite_function.py,OFFICIAL_GIT_METADATA_GT_CALIBRATION_OR_CODE,49492,2519464482103f12c048d7810286f6e98b84d376dc80acd48f786439f5f71612,False,COMPLETE_SHA256_RECORDED
official_repository/scripts/theodolite_plot_function.py,/home/lj/zero_perturbation_data/rts_gt_v1/official_repository/scripts/theodolite_plot_function.py,https://github.com/norlab-ulaval/RTS_project/blob/449a299bcf8bc11766718db4ed4aea4a489c7c46/scripts/theodolite_plot_function.py,OFFICIAL_GIT_METADATA_GT_CALIBRATION_OR_CODE,75748,10bdeff3f5f7ee799fdc09ca47f2638d65cc947bb0728dd471f274a10daed664,False,COMPLETE_SHA256_RECORDED
official_repository/scripts/theodolite_utils.py,/home/lj/zero_perturbation_data/rts_gt_v1/official_repository/scripts/theodolite_utils.py,https://github.com/norlab-ulaval/RTS_project/blob/449a299bcf8bc11766718db4ed4aea4a489c7c46/scripts/theodolite_utils.py,OFFICIAL_GIT_METADATA_GT_CALIBRATION_OR_CODE,156642,b4b4656ccddaeaedc4e1ae3e4c2bd7bcf70c02bf12936c586d0ecae0de20336d,False,COMPLETE_SHA256_RECORDED
official_repository/scripts/theodolite_values.py,/home/lj/zero_perturbation_data/rts_gt_v1/official_repository/scripts/theodolite_values.py,https://github.com/norlab-ulaval/RTS_project/blob/449a299bcf8bc11766718db4ed4aea4a489c7c46/scripts/theodolite_values.py,OFFICIAL_GIT_METADATA_GT_CALIBRATION_OR_CODE,5236,a5f93405cb25081c88409b2a95e1caabb53c04f5bd90b1dba62462d6f6804e53,False,COMPLETE_SHA256_RECORDED
official_sources/rts_dataset_official_page.html,/home/lj/zero_perturbation_data/rts_gt_v1/official_sources/rts_dataset_official_page.html,https://norlab.ulaval.ca/research/RTS_dataset/,OFFICIAL_DATASET_LANDING_PAGE,27852,07428a9e27361525a623e979cd186eb6e3e86df67acc0563d937409ccb6fce0f,False,COMPLETE_SHA256_RECORDED
official_sources/rts_gt_paper_2309.11935.pdf,/home/lj/zero_perturbation_data/rts_gt_v1/official_sources/rts_gt_paper_2309.11935.pdf,https://arxiv.org/pdf/2309.11935,OFFICIAL_PAPER_PREPRINT,5618474,d6f8f46d8a2a48513411504dfe757bb271dd8a65ffd9535a851a413c4038bd26,False,COMPLETE_SHA256_RECORDED
