planned_snapshot_id,scene_variant,condition,geometry_seed,measurement_seed,repeat_index,planned_backend_count,replicate_semantics
synthetic-confirmatory-v3::6a232ef9ea009f45830546db84f88203fb6cfca61b17a469e62237dcb9a73e26,GEOMETRY_RICH_ROOM,IDEAL_MATCHED,1601523854,,0,2,ONE_CONTROL_INPUT
synthetic-confirmatory-v3::60cebce824b6e3962904557a43d9ee7e069dcbebe8f65a637564952efc74d295,GEOMETRY_RICH_ROOM,INDEPENDENT_NOISE_FREE,1601523854,,0,2,ONE_DETERMINISTIC_INDEPENDENT_INPUT
synthetic-confirmatory-v3::7979ea210c3663fa7e53477f902d29b4ddc05fad22e915d5ae8cee784b26cb69,GEOMETRY_RICH_ROOM,FULL_NOISE,1601523854,1607390209,0,2,FIFTEEN_STOCHASTIC_INPUTS_PER_SCENE_GEOMETRY
synthetic-confirmatory-v3::2f606d3adcca1b6924eb3cb493cbfff5005779ed7e6b43a92eda7d2b7bbc3592,GEOMETRY_RICH_ROOM,FULL_NOISE,1601523854,1607390209,1,2,FIFTEEN_STOCHASTIC_INPUTS_PER_SCENE_GEOMETRY
synthetic-confirmatory-v3::e6c69ff254714527c21efd9e3ac710a4a3e1af8bb59f295745455a97b48f4624,GEOMETRY_RICH_ROOM,FULL_NOISE,1601523854,1607390209,2,2,FIFTEEN_STOCHASTIC_INPUTS_PER_SCENE_GEOMETRY
synthetic-confirmatory-v3::fe262c5dbafe6977d834f9f15d73c4eb78812ce2230d9bc0cbbac30e96f39145,GEOMETRY_RICH_ROOM,FULL_NOISE,1601523854,1607390209,3,2,FIFTEEN_STOCHASTIC_INPUTS_PER_SCENE_GEOMETRY
synthetic-confirmatory-v3::d01288c3a1ce41329d307206d4fd1cd9c8a022d8497c4ffd78989d37b2d7fd33,GEOMETRY_RICH_ROOM,FULL_NOISE,1601523854,1607390209,4,2,FIFTEEN_STOCHASTIC_INPUTS_PER_SCENE_GEOMETRY
synthetic-confirmatory-v3::8a3f651838b1761ebfa277b20634a2c501f0354bda5ee4a950fa62446f2058fa,GEOMETRY_RICH_ROOM,FULL_NOISE,1601523854,92844875,0,2,FIFTEEN_STOCHASTIC_INPUTS_PER_SCENE_GEOMETRY
synthetic-confirmatory-v3::f4bbe401edbce02de2eaba82f71a4a03f32b18a3e8446115a00327c7811f5c0e,GEOMETRY_RICH_ROOM,FULL_NOISE,1601523854,92844875,1,2,FIFTEEN_STOCHASTIC_INPUTS_PER_SCENE_GEOMETRY
synthetic-confirmatory-v3::4c2c20658e05b3a81622d143e42198955b2962bcbb6ee315cd802e469dd4887f,GEOMETRY_RICH_ROOM,FULL_NOISE,1601523854,92844875,2,2,FIFTEEN_STOCHASTIC_INPUTS_PER_SCENE_GEOMETRY
synthetic-confirmatory-v3::189fe5508de202e8e2fad086635365e58b04b0104b48f97f1ee6ac0a1ef18f63,GEOMETRY_RICH_ROOM,FULL_NOISE,1601523854,92844875,3,2,FIFTEEN_STOCHASTIC_INPUTS_PER_SCENE_GEOMETRY
synthetic-confirmatory-v3::c5a56facde3f09cf3ebe2df81d7a788386ff0ab97aa9217dd0e07c1e1a39f51d,GEOMETRY_RICH_ROOM,FULL_NOISE,1601523854,92844875,4,2,FIFTEEN_STOCHASTIC_INPUTS_PER_SCENE_GEOMETRY
synthetic-confirmatory-v3::665bf994061e109b2e854e57f94b089be9c7ab20b5251c926e0d5a71cddccb39,GEOMETRY_RICH_ROOM,FULL_NOISE,1601523854,774747940,0,2,FIFTEEN_STOCHASTIC_INPUTS_PER_SCENE_GEOMETRY
synthetic-confirmatory-v3::777b39888ca0f4e1f351454ecd6e979dae0923013cc0b2cfc2ef543064e98ded,GEOMETRY_RICH_ROOM,FULL_NOISE,1601523854,774747940,1,2,FIFTEEN_STOCHASTIC_INPUTS_PER_SCENE_GEOMETRY
synthetic-confirmatory-v3::96bbb8c81f60d8416cc432784570a6efedfa0f06a58bb7790d3e2fd5e8d912a4,GEOMETRY_RICH_ROOM,FULL_NOISE,1601523854,774747940,2,2,FIFTEEN_STOCHASTIC_INPUTS_PER_SCENE_GEOMETRY
synthetic-confirmatory-v3::061993f5a33a46b0c52581fd8e05d7ff4223845d15f86f5c897179d3541f3861,GEOMETRY_RICH_ROOM,FULL_NOISE,1601523854,774747940,3,2,FIFTEEN_STOCHASTIC_INPUTS_PER_SCENE_GEOMETRY
synthetic-confirmatory-v3::867ed151c73d22ac6f4107e084bec401e1adbb8cad02971db356d1b98fb25a6d,GEOMETRY_RICH_ROOM,FULL_NOISE,1601523854,774747940,4,2,FIFTEEN_STOCHASTIC_INPUTS_PER_SCENE_GEOMETRY
synthetic-confirmatory-v3::fe961542b5ef05cd761e4499d08be532ac6b420e0a728fd9fe5f6ab398bb173f,GEOMETRY_RICH_ROOM,IDEAL_MATCHED,326786082,,0,2,ONE_CONTROL_INPUT
synthetic-confirmatory-v3::6b1f410e757850acbb3a24380a704c0cbe1fdd56294d8feeabc0bb7d56e0b6f7,GEOMETRY_RICH_ROOM,INDEPENDENT_NOISE_FREE,326786082,,0,2,ONE_DETERMINISTIC_INDEPENDENT_INPUT
synthetic-confirmatory-v3::941b97a796357db4d9c4affc68b76987168ec37f6ab6fba29cc975e87d2eadc4,GEOMETRY_RICH_ROOM,FULL_NOISE,326786082,1607390209,0,2,FIFTEEN_STOCHASTIC_INPUTS_PER_SCENE_GEOMETRY
synthetic-confirmatory-v3::a0c0775f8592eb5b13b14b80d55148070de369ef98c1ee6a782f5025afbc52ba,GEOMETRY_RICH_ROOM,FULL_NOISE,326786082,1607390209,1,2,FIFTEEN_STOCHASTIC_INPUTS_PER_SCENE_GEOMETRY
synthetic-confirmatory-v3::50966f5efd24499847a6a8c8e56823f0e54671fabd95710d5813c6f2c4f70d54,GEOMETRY_RICH_ROOM,FULL_NOISE,326786082,1607390209,2,2,FIFTEEN_STOCHASTIC_INPUTS_PER_SCENE_GEOMETRY
synthetic-confirmatory-v3::e5c6c6bcb0a08a015808d2c492767e5142906475049a4c9521a070fdd6090785,GEOMETRY_RICH_ROOM,FULL_NOISE,326786082,1607390209,3,2,FIFTEEN_STOCHASTIC_INPUTS_PER_SCENE_GEOMETRY
synthetic-confirmatory-v3::23394b7263e1bee58419b9c08332f7fd7a69667d008ad917cee97b8e40e0d25b,GEOMETRY_RICH_ROOM,FULL_NOISE,326786082,1607390209,4,2,FIFTEEN_STOCHASTIC_INPUTS_PER_SCENE_GEOMETRY
synthetic-confirmatory-v3::397be994dba6664858a1b4392a2c1c878c5394515cf1a58a32a9f8422ad30f50,GEOMETRY_RICH_ROOM,FULL_NOISE,326786082,92844875,0,2,FIFTEEN_STOCHASTIC_INPUTS_PER_SCENE_GEOMETRY
synthetic-confirmatory-v3::e0f5164c7d300fc735695e673880cb4f399de82be219ae4bc9d5c831db84bca2,GEOMETRY_RICH_ROOM,FULL_NOISE,326786082,92844875,1,2,FIFTEEN_STOCHASTIC_INPUTS_PER_SCENE_GEOMETRY
synthetic-confirmatory-v3::5e4abab052f6932b2d6b8100ad0f7bc60057af95832bf4e971e766d0bee2b27a,GEOMETRY_RICH_ROOM,FULL_NOISE,326786082,92844875,2,2,FIFTEEN_STOCHASTIC_INPUTS_PER_SCENE_GEOMETRY
synthetic-confirmatory-v3::1d0bdf874c56755da42acb2aae75521d94cb0fc0afb7b2589b4a5d70a1c1d3b8,GEOMETRY_RICH_ROOM,FULL_NOISE,326786082,92844875,3,2,FIFTEEN_STOCHASTIC_INPUTS_PER_SCENE_GEOMETRY
synthetic-confirmatory-v3::826389a1d2156bc17e2389655d720ba628c5f919f641a5c892a217a27d9dfab7,GEOMETRY_RICH_ROOM,FULL_NOISE,326786082,92844875,4,2,FIFTEEN_STOCHASTIC_INPUTS_PER_SCENE_GEOMETRY
synthetic-confirmatory-v3::dce309c43df77d61bb616c75ad5742715a4d2adf0ab3361d2dc0b22d9c466b69,GEOMETRY_RICH_ROOM,FULL_NOISE,326786082,774747940,0,2,FIFTEEN_STOCHASTIC_INPUTS_PER_SCENE_GEOMETRY
synthetic-confirmatory-v3::9ab345911a395ca8e4e9d8535e832d96f65f518045babf10ea236df681d2cfd1,GEOMETRY_RICH_ROOM,FULL_NOISE,326786082,774747940,1,2,FIFTEEN_STOCHASTIC_INPUTS_PER_SCENE_GEOMETRY
synthetic-confirmatory-v3::d7139680f60123764cca16cfc0756aaafa1c0b984d55469aa862bef76bf14422,GEOMETRY_RICH_ROOM,FULL_NOISE,326786082,774747940,2,2,FIFTEEN_STOCHASTIC_INPUTS_PER_SCENE_GEOMETRY
synthetic-confirmatory-v3::e0b6999b951a8bb93fba2d589eb2a2fe69cdf50f63dcec67a21519cbde496305,GEOMETRY_RICH_ROOM,FULL_NOISE,326786082,774747940,3,2,FIFTEEN_STOCHASTIC_INPUTS_PER_SCENE_GEOMETRY
synthetic-confirmatory-v3::6e6b2afcf39a11a1f64f7d2667b4d9006b180cf26577e2b2313431bc9443d4d3,GEOMETRY_RICH_ROOM,FULL_NOISE,326786082,774747940,4,2,FIFTEEN_STOCHASTIC_INPUTS_PER_SCENE_GEOMETRY
synthetic-confirmatory-v3::fac1d0d9689f67ec104b5ba9832beaa2effb2a37d088e2e10ab6e5ecc831d902,GEOMETRY_RICH_ROOM,IDEAL_MATCHED,944942356,,0,2,ONE_CONTROL_INPUT
synthetic-confirmatory-v3::3de32ebe10feb6009616b239bc5b2940df8839f633fa3adda962cde7f14cf779,GEOMETRY_RICH_ROOM,INDEPENDENT_NOISE_FREE,944942356,,0,2,ONE_DETERMINISTIC_INDEPENDENT_INPUT
synthetic-confirmatory-v3::f74d74e63e852dd9b8faf04a1ea7cd17388ceb8a09151d3089f77cb382380ae2,GEOMETRY_RICH_ROOM,FULL_NOISE,944942356,1607390209,0,2,FIFTEEN_STOCHASTIC_INPUTS_PER_SCENE_GEOMETRY
synthetic-confirmatory-v3::cf16bd1537d94768521eeca1d0678c360f6b7ecbf1c139b76842944c6931bddf,GEOMETRY_RICH_ROOM,FULL_NOISE,944942356,1607390209,1,2,FIFTEEN_STOCHASTIC_INPUTS_PER_SCENE_GEOMETRY
synthetic-confirmatory-v3::612ff0382c3a91fd23940fdfd66d339078247a25fcf04f9d395d71176185cf85,GEOMETRY_RICH_ROOM,FULL_NOISE,944942356,1607390209,2,2,FIFTEEN_STOCHASTIC_INPUTS_PER_SCENE_GEOMETRY
synthetic-confirmatory-v3::bb9d291dd54f13c5d738b5906a7094054d1aaa2006a9d7c7bef31d2fc568a93c,GEOMETRY_RICH_ROOM,FULL_NOISE,944942356,1607390209,3,2,FIFTEEN_STOCHASTIC_INPUTS_PER_SCENE_GEOMETRY
synthetic-confirmatory-v3::d573947dfa939bff5a3809c150b40f3a5bfe76beb8e4082cd8e009ca3f76723d,GEOMETRY_RICH_ROOM,FULL_NOISE,944942356,1607390209,4,2,FIFTEEN_STOCHASTIC_INPUTS_PER_SCENE_GEOMETRY
synthetic-confirmatory-v3::2bcddebd7ec85c7e9f2f92751b09f2aff53c451ea0b097f4f8dbe4cc693e80e0,GEOMETRY_RICH_ROOM,FULL_NOISE,944942356,92844875,0,2,FIFTEEN_STOCHASTIC_INPUTS_PER_SCENE_GEOMETRY
synthetic-confirmatory-v3::efca5888ce061908f46d2cb77348bed9997580d432b6819654e1a5ced188412f,GEOMETRY_RICH_ROOM,FULL_NOISE,944942356,92844875,1,2,FIFTEEN_STOCHASTIC_INPUTS_PER_SCENE_GEOMETRY
synthetic-confirmatory-v3::b9ff59aaf3518cdc2482eeeec72d70de79f4727bff843a61445e6d8f492e04bd,GEOMETRY_RICH_ROOM,FULL_NOISE,944942356,92844875,2,2,FIFTEEN_STOCHASTIC_INPUTS_PER_SCENE_GEOMETRY
synthetic-confirmatory-v3::ef50d040f2f1010d26e82514fc9a170470fd4a062fed215be89d6541fbc8ec46,GEOMETRY_RICH_ROOM,FULL_NOISE,944942356,92844875,3,2,FIFTEEN_STOCHASTIC_INPUTS_PER_SCENE_GEOMETRY
synthetic-confirmatory-v3::256ea83a60269ba5d00379c4e4a972ba411937a846d123e43085a99a9649def6,GEOMETRY_RICH_ROOM,FULL_NOISE,944942356,92844875,4,2,FIFTEEN_STOCHASTIC_INPUTS_PER_SCENE_GEOMETRY
synthetic-confirmatory-v3::4785d16fe24ec2a536cccb8e42ce1b84cdd1a15a695f14f1fb3edc132ece2a62,GEOMETRY_RICH_ROOM,FULL_NOISE,944942356,774747940,0,2,FIFTEEN_STOCHASTIC_INPUTS_PER_SCENE_GEOMETRY
synthetic-confirmatory-v3::909035ab7e35a4035bff1f4e29216ca7c41cab7befd9b6e3b8183c163384e1aa,GEOMETRY_RICH_ROOM,FULL_NOISE,944942356,774747940,1,2,FIFTEEN_STOCHASTIC_INPUTS_PER_SCENE_GEOMETRY
synthetic-confirmatory-v3::a4a14a9925a83f0302c938980b9ef959afc336e25c5b68dd71acb7d6d9d986c0,GEOMETRY_RICH_ROOM,FULL_NOISE,944942356,774747940,2,2,FIFTEEN_STOCHASTIC_INPUTS_PER_SCENE_GEOMETRY
synthetic-confirmatory-v3::b341c8d96f52c8b0a728c1508a3c917d09542490e07e08524f03c489cd1af99e,GEOMETRY_RICH_ROOM,FULL_NOISE,944942356,774747940,3,2,FIFTEEN_STOCHASTIC_INPUTS_PER_SCENE_GEOMETRY
synthetic-confirmatory-v3::bc2ee3bb22e55fab9f5dbef707662e4d8da9226149aaf9305ac5db23ac1257ef,GEOMETRY_RICH_ROOM,FULL_NOISE,944942356,774747940,4,2,FIFTEEN_STOCHASTIC_INPUTS_PER_SCENE_GEOMETRY
synthetic-confirmatory-v3::55bf46f8bf0477237562b5d69d90597f0712300ca25cdce58fd850c8342d2ebb,GEOMETRY_RICH_ROOM,IDEAL_MATCHED,51440372,,0,2,ONE_CONTROL_INPUT
synthetic-confirmatory-v3::4d4391bae00a6f0191aa9853b414914ecd0904bc722da49c05d17fced516a7b8,GEOMETRY_RICH_ROOM,INDEPENDENT_NOISE_FREE,51440372,,0,2,ONE_DETERMINISTIC_INDEPENDENT_INPUT
synthetic-confirmatory-v3::4f324cfe59f3f106c7f814d7987d33659a7444986e7683dcaa0d8b6064513ff9,GEOMETRY_RICH_ROOM,FULL_NOISE,51440372,1607390209,0,2,FIFTEEN_STOCHASTIC_INPUTS_PER_SCENE_GEOMETRY
synthetic-confirmatory-v3::8caca2e6229e85556c0f2a43d323a572c998bbc66cb4ede58f580047e52ffb0a,GEOMETRY_RICH_ROOM,FULL_NOISE,51440372,1607390209,1,2,FIFTEEN_STOCHASTIC_INPUTS_PER_SCENE_GEOMETRY
synthetic-confirmatory-v3::a9a7ae33ff67428733ee06f664240ac1ceeda41d9a381cf6066594f65a4c5b6d,GEOMETRY_RICH_ROOM,FULL_NOISE,51440372,1607390209,2,2,FIFTEEN_STOCHASTIC_INPUTS_PER_SCENE_GEOMETRY
synthetic-confirmatory-v3::4888018abacab4dc98bb53f0f081e6c8a09b02f1762fa741e57d92f28b674386,GEOMETRY_RICH_ROOM,FULL_NOISE,51440372,1607390209,3,2,FIFTEEN_STOCHASTIC_INPUTS_PER_SCENE_GEOMETRY
synthetic-confirmatory-v3::5133b09d9f6e0246ba04899debe876be6c8d6247b75fc6fb97834831dfdb2bf0,GEOMETRY_RICH_ROOM,FULL_NOISE,51440372,1607390209,4,2,FIFTEEN_STOCHASTIC_INPUTS_PER_SCENE_GEOMETRY
synthetic-confirmatory-v3::e454e76d1ca12d08200231ad73b4cfd756ce6e0d655f8cc5c7d432f779425f92,GEOMETRY_RICH_ROOM,FULL_NOISE,51440372,92844875,0,2,FIFTEEN_STOCHASTIC_INPUTS_PER_SCENE_GEOMETRY
synthetic-confirmatory-v3::433ab3fa0bc60860b11751b72c9ebbb34eb00d6cefb0b66a18477c507c45d3d4,GEOMETRY_RICH_ROOM,FULL_NOISE,51440372,92844875,1,2,FIFTEEN_STOCHASTIC_INPUTS_PER_SCENE_GEOMETRY
synthetic-confirmatory-v3::c265442557bd7b5ca990db6c15e9bb76525f8fb92d60e5dee81a605f79897955,GEOMETRY_RICH_ROOM,FULL_NOISE,51440372,92844875,2,2,FIFTEEN_STOCHASTIC_INPUTS_PER_SCENE_GEOMETRY
synthetic-confirmatory-v3::fdc4d70421fdfbf63276b0e3b9cf3cc6dd1732483464134068bf30dc1297ec44,GEOMETRY_RICH_ROOM,FULL_NOISE,51440372,92844875,3,2,FIFTEEN_STOCHASTIC_INPUTS_PER_SCENE_GEOMETRY
synthetic-confirmatory-v3::78fa082592ac0de847a18697044f04577401c5be32b11a6d0f99ec91d5ea47d4,GEOMETRY_RICH_ROOM,FULL_NOISE,51440372,92844875,4,2,FIFTEEN_STOCHASTIC_INPUTS_PER_SCENE_GEOMETRY
synthetic-confirmatory-v3::93e98a42cdd5531fe370e98182042a380c0ed38bd04db728863c680efbc4691e,GEOMETRY_RICH_ROOM,FULL_NOISE,51440372,774747940,0,2,FIFTEEN_STOCHASTIC_INPUTS_PER_SCENE_GEOMETRY
synthetic-confirmatory-v3::eb5047ca57619c7e5b89b1717218fcb658139d13ad3998606e57df5bcc6cc93d,GEOMETRY_RICH_ROOM,FULL_NOISE,51440372,774747940,1,2,FIFTEEN_STOCHASTIC_INPUTS_PER_SCENE_GEOMETRY
synthetic-confirmatory-v3::ca3489a7886b922b8c8f1753bcdc9472d8a56fe11d4028e0519196f63aab889f,GEOMETRY_RICH_ROOM,FULL_NOISE,51440372,774747940,2,2,FIFTEEN_STOCHASTIC_INPUTS_PER_SCENE_GEOMETRY
synthetic-confirmatory-v3::b7df54527719a39e3ab20e20adcb27f7f63211e940622178b641f8cf7c603150,GEOMETRY_RICH_ROOM,FULL_NOISE,51440372,774747940,3,2,FIFTEEN_STOCHASTIC_INPUTS_PER_SCENE_GEOMETRY
synthetic-confirmatory-v3::b76dc3f79631f0e3d9ccb8242acbae30d632d0e29b97af3532af0964e4725d23,GEOMETRY_RICH_ROOM,FULL_NOISE,51440372,774747940,4,2,FIFTEEN_STOCHASTIC_INPUTS_PER_SCENE_GEOMETRY
synthetic-confirmatory-v3::587dc815a5245fcf36ca5eda9e0fd1a20e7f20f6d463df1f73bd177e1dd4f83f,GEOMETRY_RICH_ROOM,IDEAL_MATCHED,183965697,,0,2,ONE_CONTROL_INPUT
synthetic-confirmatory-v3::38b29d0f5eddfeb14861449db39d2c3fbe99e5c31b55a58b2641ddff6b0c554d,GEOMETRY_RICH_ROOM,INDEPENDENT_NOISE_FREE,183965697,,0,2,ONE_DETERMINISTIC_INDEPENDENT_INPUT
synthetic-confirmatory-v3::55172d6237b398a34c7a1c9cab59ebb1d33ee49e9d0c95caa05047b1ed618dd3,GEOMETRY_RICH_ROOM,FULL_NOISE,183965697,1607390209,0,2,FIFTEEN_STOCHASTIC_INPUTS_PER_SCENE_GEOMETRY
synthetic-confirmatory-v3::777e5cb425259c7bada25486826969ff9579e12cd555d1e3b02f516e1cf6e46f,GEOMETRY_RICH_ROOM,FULL_NOISE,183965697,1607390209,1,2,FIFTEEN_STOCHASTIC_INPUTS_PER_SCENE_GEOMETRY
synthetic-confirmatory-v3::95a7135c9e238dc6f8ba166b7033d29935c9a9ac20ecff894a81880218cb3417,GEOMETRY_RICH_ROOM,FULL_NOISE,183965697,1607390209,2,2,FIFTEEN_STOCHASTIC_INPUTS_PER_SCENE_GEOMETRY
synthetic-confirmatory-v3::cc77514121322d8d9694bfb5e67f552422d2661b3adb846c28337cb3ac2c759d,GEOMETRY_RICH_ROOM,FULL_NOISE,183965697,1607390209,3,2,FIFTEEN_STOCHASTIC_INPUTS_PER_SCENE_GEOMETRY
synthetic-confirmatory-v3::ac3ceae4a7f80ec0142cd812acc4cfeac6a774802d3ec6003fc41814252daf8b,GEOMETRY_RICH_ROOM,FULL_NOISE,183965697,1607390209,4,2,FIFTEEN_STOCHASTIC_INPUTS_PER_SCENE_GEOMETRY
synthetic-confirmatory-v3::480930be99cba2026aa8ce96e3d8300113a1cfdc788e8b4d579f63996c9dcdda,GEOMETRY_RICH_ROOM,FULL_NOISE,183965697,92844875,0,2,FIFTEEN_STOCHASTIC_INPUTS_PER_SCENE_GEOMETRY
synthetic-confirmatory-v3::7e399c8cbaaadd24181afe52d03881630d034b7b969af4076972f3d8b8c4e72c,GEOMETRY_RICH_ROOM,FULL_NOISE,183965697,92844875,1,2,FIFTEEN_STOCHASTIC_INPUTS_PER_SCENE_GEOMETRY
synthetic-confirmatory-v3::ed507dd4fe6c37d14bdb67d7b25cefbc597f59b8d9a3b2d17f43755c242dec51,GEOMETRY_RICH_ROOM,FULL_NOISE,183965697,92844875,2,2,FIFTEEN_STOCHASTIC_INPUTS_PER_SCENE_GEOMETRY
synthetic-confirmatory-v3::eeb29880c03f036f910fde057c17cc3d29c6cd89b6d5306f8994a60ba754f6a9,GEOMETRY_RICH_ROOM,FULL_NOISE,183965697,92844875,3,2,FIFTEEN_STOCHASTIC_INPUTS_PER_SCENE_GEOMETRY
synthetic-confirmatory-v3::03ba1df46c75c22c761376ef958d4e06ede839cc89cca70e780f52cf0e1cec25,GEOMETRY_RICH_ROOM,FULL_NOISE,183965697,92844875,4,2,FIFTEEN_STOCHASTIC_INPUTS_PER_SCENE_GEOMETRY
synthetic-confirmatory-v3::187056d6d9656d6b7551545f36ecdfc03f05618f817f9b6403ee42ef6d1b3c0a,GEOMETRY_RICH_ROOM,FULL_NOISE,183965697,774747940,0,2,FIFTEEN_STOCHASTIC_INPUTS_PER_SCENE_GEOMETRY
synthetic-confirmatory-v3::625156c052780e565b55da080e123872e690f3f7df6899cec628459b1c19d2ec,GEOMETRY_RICH_ROOM,FULL_NOISE,183965697,774747940,1,2,FIFTEEN_STOCHASTIC_INPUTS_PER_SCENE_GEOMETRY
synthetic-confirmatory-v3::4baaba9f0defb4269ff5822a6e02de2f526e2d4c49d4ba7d4cf53b27f2695e53,GEOMETRY_RICH_ROOM,FULL_NOISE,183965697,774747940,2,2,FIFTEEN_STOCHASTIC_INPUTS_PER_SCENE_GEOMETRY
synthetic-confirmatory-v3::3107e61187fb7faffa48a81b60f99dde58df9ee01c9dcb1b6792b4da2587b94d,GEOMETRY_RICH_ROOM,FULL_NOISE,183965697,774747940,3,2,FIFTEEN_STOCHASTIC_INPUTS_PER_SCENE_GEOMETRY
synthetic-confirmatory-v3::04eaa35b61bd8bcfcfe22eaa64e005d4ea78775965160af5fa4286cf47b037f1,GEOMETRY_RICH_ROOM,FULL_NOISE,183965697,774747940,4,2,FIFTEEN_STOCHASTIC_INPUTS_PER_SCENE_GEOMETRY
synthetic-confirmatory-v3::b7362a834332b17faf7551a86e2b30689501a1e9c6558912974ad88ef1ac6706,LONG_CORRIDOR,IDEAL_MATCHED,1601523854,,0,2,ONE_CONTROL_INPUT
synthetic-confirmatory-v3::cd4d64bec5ec35d8b1d5710891b013fe54dfcaf11bd30bd7ab0165dd53d58b25,LONG_CORRIDOR,INDEPENDENT_NOISE_FREE,1601523854,,0,2,ONE_DETERMINISTIC_INDEPENDENT_INPUT
synthetic-confirmatory-v3::8a2ba8b754fb9c4a56366242a4f8ab012942d9ed1825f9a800d8cac90428f4bf,LONG_CORRIDOR,FULL_NOISE,1601523854,1607390209,0,2,FIFTEEN_STOCHASTIC_INPUTS_PER_SCENE_GEOMETRY
synthetic-confirmatory-v3::664f1ef521f985ce19615604d4360ef11a12ef64223ceb4ab4de5ad84ad85714,LONG_CORRIDOR,FULL_NOISE,1601523854,1607390209,1,2,FIFTEEN_STOCHASTIC_INPUTS_PER_SCENE_GEOMETRY
synthetic-confirmatory-v3::e069de0856d1c47ef9e473ed3a71183abb21747a3d8a5662fdd30c21c25faca6,LONG_CORRIDOR,FULL_NOISE,1601523854,1607390209,2,2,FIFTEEN_STOCHASTIC_INPUTS_PER_SCENE_GEOMETRY
synthetic-confirmatory-v3::144a12de645d148184e9a4df42e23483547ac054f20de94016281d4c57edc11e,LONG_CORRIDOR,FULL_NOISE,1601523854,1607390209,3,2,FIFTEEN_STOCHASTIC_INPUTS_PER_SCENE_GEOMETRY
synthetic-confirmatory-v3::63bea6f26d499eee562750576252260e58e0012d0f8c2639e2ff2c3fb0f80674,LONG_CORRIDOR,FULL_NOISE,1601523854,1607390209,4,2,FIFTEEN_STOCHASTIC_INPUTS_PER_SCENE_GEOMETRY
synthetic-confirmatory-v3::783fbdb077be0fd9004e82043167e6bfcd1dfefe8d9d3b8d5b0a72cc095628ae,LONG_CORRIDOR,FULL_NOISE,1601523854,92844875,0,2,FIFTEEN_STOCHASTIC_INPUTS_PER_SCENE_GEOMETRY
synthetic-confirmatory-v3::38daa792aa31e00c8197e54242b21885d88ccb9e45c3642f4c7a1ca9bbcc028e,LONG_CORRIDOR,FULL_NOISE,1601523854,92844875,1,2,FIFTEEN_STOCHASTIC_INPUTS_PER_SCENE_GEOMETRY
synthetic-confirmatory-v3::b38b46ed71f3c8e276aef4768f582296c45ee89395f2f3388b4c2203128746b6,LONG_CORRIDOR,FULL_NOISE,1601523854,92844875,2,2,FIFTEEN_STOCHASTIC_INPUTS_PER_SCENE_GEOMETRY
synthetic-confirmatory-v3::637dfdb9136efbb1fce141f9b3bd280c04c44bf8b7052c49955f3eccfb3fc7ef,LONG_CORRIDOR,FULL_NOISE,1601523854,92844875,3,2,FIFTEEN_STOCHASTIC_INPUTS_PER_SCENE_GEOMETRY
synthetic-confirmatory-v3::0119eff13c7e127c023f112ab507ab702303c57c4b3a48c9020120a0288c011b,LONG_CORRIDOR,FULL_NOISE,1601523854,92844875,4,2,FIFTEEN_STOCHASTIC_INPUTS_PER_SCENE_GEOMETRY
synthetic-confirmatory-v3::6b24a3a73f34ef3ade109b596062f7fb0057bd423d49a91b7a3cb6b551a911b3,LONG_CORRIDOR,FULL_NOISE,1601523854,774747940,0,2,FIFTEEN_STOCHASTIC_INPUTS_PER_SCENE_GEOMETRY
synthetic-confirmatory-v3::92373ab9752938dbda800fa949961b7a542941eb27f38df57d20e5faa58c1998,LONG_CORRIDOR,FULL_NOISE,1601523854,774747940,1,2,FIFTEEN_STOCHASTIC_INPUTS_PER_SCENE_GEOMETRY
synthetic-confirmatory-v3::3c2c06817a2ca9bbf831e49d6fd8ff8738fc7d6affb490319b0869505cb4d41a,LONG_CORRIDOR,FULL_NOISE,1601523854,774747940,2,2,FIFTEEN_STOCHASTIC_INPUTS_PER_SCENE_GEOMETRY
synthetic-confirmatory-v3::6fc4b07f75f84d96516fde0e557aff3356cf113b19b8c4e5f73faba32395e57b,LONG_CORRIDOR,FULL_NOISE,1601523854,774747940,3,2,FIFTEEN_STOCHASTIC_INPUTS_PER_SCENE_GEOMETRY
synthetic-confirmatory-v3::d3f378f5afd6002b9f956d962848c59c024689aac9714dc0d6554f448efe06d7,LONG_CORRIDOR,FULL_NOISE,1601523854,774747940,4,2,FIFTEEN_STOCHASTIC_INPUTS_PER_SCENE_GEOMETRY
synthetic-confirmatory-v3::50034e0bf1437b2e93f5b0a2b12b7cbda9a3da0f1d3bbca6c983adda143e1991,LONG_CORRIDOR,IDEAL_MATCHED,326786082,,0,2,ONE_CONTROL_INPUT
synthetic-confirmatory-v3::0f0f85f8b8e5a0d5e72afe832689fa0ce89fb0e5b80f74de5aea208e952b4c18,LONG_CORRIDOR,INDEPENDENT_NOISE_FREE,326786082,,0,2,ONE_DETERMINISTIC_INDEPENDENT_INPUT
synthetic-confirmatory-v3::fb91ad256a4f6b589e218c24ec4dd002ba0371f846422db2cd95c0b930b636a7,LONG_CORRIDOR,FULL_NOISE,326786082,1607390209,0,2,FIFTEEN_STOCHASTIC_INPUTS_PER_SCENE_GEOMETRY
synthetic-confirmatory-v3::a50bb050cea2714a4310b7d4f18809ce786c04607ffb0f909ef7b1d869c51142,LONG_CORRIDOR,FULL_NOISE,326786082,1607390209,1,2,FIFTEEN_STOCHASTIC_INPUTS_PER_SCENE_GEOMETRY
synthetic-confirmatory-v3::ff23c23e3d75e9d14d425cf9419e1fc4b384aef19cb8754d753ea357b68675ac,LONG_CORRIDOR,FULL_NOISE,326786082,1607390209,2,2,FIFTEEN_STOCHASTIC_INPUTS_PER_SCENE_GEOMETRY
synthetic-confirmatory-v3::85d2943f9c9d5ccad74e815666411a4cfa603ac6909f01a7de2b5c6c944ca5c1,LONG_CORRIDOR,FULL_NOISE,326786082,1607390209,3,2,FIFTEEN_STOCHASTIC_INPUTS_PER_SCENE_GEOMETRY
synthetic-confirmatory-v3::9933dd4dd5c34f4fe105abb6c94e8fbe262da28abea256308785c398925a9a59,LONG_CORRIDOR,FULL_NOISE,326786082,1607390209,4,2,FIFTEEN_STOCHASTIC_INPUTS_PER_SCENE_GEOMETRY
synthetic-confirmatory-v3::fc3b57af99d2820bae2262c48bf26bec53de86c81a7613dc0f365efdc1eed25e,LONG_CORRIDOR,FULL_NOISE,326786082,92844875,0,2,FIFTEEN_STOCHASTIC_INPUTS_PER_SCENE_GEOMETRY
synthetic-confirmatory-v3::10609f5c8db2521b68bc7f0fbd35fb209225d0d9aa8077157d3b03c913f3ab65,LONG_CORRIDOR,FULL_NOISE,326786082,92844875,1,2,FIFTEEN_STOCHASTIC_INPUTS_PER_SCENE_GEOMETRY
synthetic-confirmatory-v3::4c0cb8420402bb432c84b5e4f306a707ff73def7921b21790f6cca6176313b37,LONG_CORRIDOR,FULL_NOISE,326786082,92844875,2,2,FIFTEEN_STOCHASTIC_INPUTS_PER_SCENE_GEOMETRY
synthetic-confirmatory-v3::82d9a0324f18f95490bdd9ac2fb74d39a6b4ca9e010036f118d4346993043e2a,LONG_CORRIDOR,FULL_NOISE,326786082,92844875,3,2,FIFTEEN_STOCHASTIC_INPUTS_PER_SCENE_GEOMETRY
synthetic-confirmatory-v3::6bd2b9ef083926597449844d761e6996ef9f62f5ec94a1ea9f94fbbf33dfa4dc,LONG_CORRIDOR,FULL_NOISE,326786082,92844875,4,2,FIFTEEN_STOCHASTIC_INPUTS_PER_SCENE_GEOMETRY
synthetic-confirmatory-v3::b55486d2884d66c863cf74134216316a6e03f17c46468893ce29b8f41bbbc3d5,LONG_CORRIDOR,FULL_NOISE,326786082,774747940,0,2,FIFTEEN_STOCHASTIC_INPUTS_PER_SCENE_GEOMETRY
synthetic-confirmatory-v3::17669fef527c66ff9c1166b7eb01588a1edf9152f367b4b0f4c0535e1847f1f6,LONG_CORRIDOR,FULL_NOISE,326786082,774747940,1,2,FIFTEEN_STOCHASTIC_INPUTS_PER_SCENE_GEOMETRY
synthetic-confirmatory-v3::e6c5d44d35e959b94b217707b9286cacfd64bd044499b47f9b2fa67232845d89,LONG_CORRIDOR,FULL_NOISE,326786082,774747940,2,2,FIFTEEN_STOCHASTIC_INPUTS_PER_SCENE_GEOMETRY
synthetic-confirmatory-v3::b9e621814d7c47a459bcf14872b4e016aca5b32e325e2fe27f69d89726f1ce69,LONG_CORRIDOR,FULL_NOISE,326786082,774747940,3,2,FIFTEEN_STOCHASTIC_INPUTS_PER_SCENE_GEOMETRY
synthetic-confirmatory-v3::356b3f86332e534c4810d7dba547eb164cc24780afec6cc8ac739fae436777ff,LONG_CORRIDOR,FULL_NOISE,326786082,774747940,4,2,FIFTEEN_STOCHASTIC_INPUTS_PER_SCENE_GEOMETRY
synthetic-confirmatory-v3::c55090b0bdd7ec5bb037e5fc40a72639673298d7d14e98ef6ab63258de66e739,LONG_CORRIDOR,IDEAL_MATCHED,944942356,,0,2,ONE_CONTROL_INPUT
synthetic-confirmatory-v3::2238cc2e04b24a21586b73bfce0be451e171dee33011f02f5b41de1669e98f29,LONG_CORRIDOR,INDEPENDENT_NOISE_FREE,944942356,,0,2,ONE_DETERMINISTIC_INDEPENDENT_INPUT
synthetic-confirmatory-v3::5918176d492f449d886bd0516c783e9bbc053cd89b8bd4cca5c105924349919c,LONG_CORRIDOR,FULL_NOISE,944942356,1607390209,0,2,FIFTEEN_STOCHASTIC_INPUTS_PER_SCENE_GEOMETRY
synthetic-confirmatory-v3::4d70de2112f5f3ff1b23ab96e887ae746011a950ba3e6193780cb74396a06ff4,LONG_CORRIDOR,FULL_NOISE,944942356,1607390209,1,2,FIFTEEN_STOCHASTIC_INPUTS_PER_SCENE_GEOMETRY
synthetic-confirmatory-v3::2f1cbd45ba0eb91dff58e530d2106b4aa9466389168bc13ddb7aef6683815c05,LONG_CORRIDOR,FULL_NOISE,944942356,1607390209,2,2,FIFTEEN_STOCHASTIC_INPUTS_PER_SCENE_GEOMETRY
synthetic-confirmatory-v3::0c568a31ff4f8778570a659314521136ddcbe61cacc441eb9b3f0d59e7fcadbb,LONG_CORRIDOR,FULL_NOISE,944942356,1607390209,3,2,FIFTEEN_STOCHASTIC_INPUTS_PER_SCENE_GEOMETRY
synthetic-confirmatory-v3::0210ebe24161df9218c327013ceede830d73e03aede093d497963a37dabe197f,LONG_CORRIDOR,FULL_NOISE,944942356,1607390209,4,2,FIFTEEN_STOCHASTIC_INPUTS_PER_SCENE_GEOMETRY
synthetic-confirmatory-v3::352282e031e124bc7e1de6a74c0a03914093f6089ba172e642b94ccb7f6be942,LONG_CORRIDOR,FULL_NOISE,944942356,92844875,0,2,FIFTEEN_STOCHASTIC_INPUTS_PER_SCENE_GEOMETRY
synthetic-confirmatory-v3::4ae14c4705b8f5e0e2333e8f8e3bb45b7901f4c303f4d827a934862c580910d8,LONG_CORRIDOR,FULL_NOISE,944942356,92844875,1,2,FIFTEEN_STOCHASTIC_INPUTS_PER_SCENE_GEOMETRY
synthetic-confirmatory-v3::16d8bc521c197e7e10cec04129ab9ed616c0a051c36e95df2eabdf54239c7423,LONG_CORRIDOR,FULL_NOISE,944942356,92844875,2,2,FIFTEEN_STOCHASTIC_INPUTS_PER_SCENE_GEOMETRY
synthetic-confirmatory-v3::fa9bf1225d5686b913659566a3c187ea47b4e5a0113d195e88f9ab2486944286,LONG_CORRIDOR,FULL_NOISE,944942356,92844875,3,2,FIFTEEN_STOCHASTIC_INPUTS_PER_SCENE_GEOMETRY
synthetic-confirmatory-v3::ee9eb3dbeaf080861463faae55e6736eb8af858e1cd4b4a998ce79d24c36e5ec,LONG_CORRIDOR,FULL_NOISE,944942356,92844875,4,2,FIFTEEN_STOCHASTIC_INPUTS_PER_SCENE_GEOMETRY
synthetic-confirmatory-v3::3a6192da700a507e002061507c54d21f2323929ee47c22ef9684d5dcf158940f,LONG_CORRIDOR,FULL_NOISE,944942356,774747940,0,2,FIFTEEN_STOCHASTIC_INPUTS_PER_SCENE_GEOMETRY
synthetic-confirmatory-v3::a4f22872964f6e26be3842c79689a507ee0868f62fa7d2f7bda920f5842bfce7,LONG_CORRIDOR,FULL_NOISE,944942356,774747940,1,2,FIFTEEN_STOCHASTIC_INPUTS_PER_SCENE_GEOMETRY
synthetic-confirmatory-v3::1770b291df5b93678b3194edf1966dd1c96488f4178bf1d30601c2165ae77424,LONG_CORRIDOR,FULL_NOISE,944942356,774747940,2,2,FIFTEEN_STOCHASTIC_INPUTS_PER_SCENE_GEOMETRY
synthetic-confirmatory-v3::82b72c380cad63460a6b0556759e563239834217e63303a0fe54397b280cff25,LONG_CORRIDOR,FULL_NOISE,944942356,774747940,3,2,FIFTEEN_STOCHASTIC_INPUTS_PER_SCENE_GEOMETRY
synthetic-confirmatory-v3::e64e84266ce339eeae6a2d44b05bbfe151a0ba44af662678203c648b4e2ecfdb,LONG_CORRIDOR,FULL_NOISE,944942356,774747940,4,2,FIFTEEN_STOCHASTIC_INPUTS_PER_SCENE_GEOMETRY
synthetic-confirmatory-v3::5d12a885c614283a7f2473439f8c7586c76302f14cc381b088ca11d3f3152309,LONG_CORRIDOR,IDEAL_MATCHED,51440372,,0,2,ONE_CONTROL_INPUT
synthetic-confirmatory-v3::3bcab92e2d115f224288d2a2df8fbf5f44029239142292b1ade83bc97c4bebdf,LONG_CORRIDOR,INDEPENDENT_NOISE_FREE,51440372,,0,2,ONE_DETERMINISTIC_INDEPENDENT_INPUT
synthetic-confirmatory-v3::39e3cc156160c74501e93eb3382198e2c805beafe051094f24111db6bb1f28c6,LONG_CORRIDOR,FULL_NOISE,51440372,1607390209,0,2,FIFTEEN_STOCHASTIC_INPUTS_PER_SCENE_GEOMETRY
synthetic-confirmatory-v3::60283a323b5b877649c38628aea559ca5ef79d99d6a1fda61bd4546ccc094e01,LONG_CORRIDOR,FULL_NOISE,51440372,1607390209,1,2,FIFTEEN_STOCHASTIC_INPUTS_PER_SCENE_GEOMETRY
synthetic-confirmatory-v3::453476778a50eed3f6b676f69faced30ee4bda172efbc00ae768f98754053ee3,LONG_CORRIDOR,FULL_NOISE,51440372,1607390209,2,2,FIFTEEN_STOCHASTIC_INPUTS_PER_SCENE_GEOMETRY
synthetic-confirmatory-v3::b0c911016ec23f2dc556b1bf6a455737b27a856f0676254350004b708945a00f,LONG_CORRIDOR,FULL_NOISE,51440372,1607390209,3,2,FIFTEEN_STOCHASTIC_INPUTS_PER_SCENE_GEOMETRY
synthetic-confirmatory-v3::41607a972010ab9eafa6f167c1437c743ef0f9c77d8c996c01b6f7b062efd36e,LONG_CORRIDOR,FULL_NOISE,51440372,1607390209,4,2,FIFTEEN_STOCHASTIC_INPUTS_PER_SCENE_GEOMETRY
synthetic-confirmatory-v3::0feacc0d2f1e5c07f914aeb870ae56d2bd5f15e1e3fa9c8ab62582e966fae575,LONG_CORRIDOR,FULL_NOISE,51440372,92844875,0,2,FIFTEEN_STOCHASTIC_INPUTS_PER_SCENE_GEOMETRY
synthetic-confirmatory-v3::bcf47512116f0da1feccad0111b616277007faa550c52e04e760b0861ddb447b,LONG_CORRIDOR,FULL_NOISE,51440372,92844875,1,2,FIFTEEN_STOCHASTIC_INPUTS_PER_SCENE_GEOMETRY
synthetic-confirmatory-v3::ae7cb3dc458885d3963e06baff0303da699c698ccbf3d6ba10def0c2afbec983,LONG_CORRIDOR,FULL_NOISE,51440372,92844875,2,2,FIFTEEN_STOCHASTIC_INPUTS_PER_SCENE_GEOMETRY
synthetic-confirmatory-v3::61729445b3522addda6934a830462bfa2fddc43da7961a203d7928b1be5e0b5d,LONG_CORRIDOR,FULL_NOISE,51440372,92844875,3,2,FIFTEEN_STOCHASTIC_INPUTS_PER_SCENE_GEOMETRY
synthetic-confirmatory-v3::b0e59daf41ef4b93d7a5468662462c1b604106083ff7ed9f91f3695c30e1b468,LONG_CORRIDOR,FULL_NOISE,51440372,92844875,4,2,FIFTEEN_STOCHASTIC_INPUTS_PER_SCENE_GEOMETRY
synthetic-confirmatory-v3::bea2ebeb6fb30abc91bfd1e2eb34ee3fb4ea19b5392b869a82c7e1d91197bea1,LONG_CORRIDOR,FULL_NOISE,51440372,774747940,0,2,FIFTEEN_STOCHASTIC_INPUTS_PER_SCENE_GEOMETRY
synthetic-confirmatory-v3::6fb430a1cb3af1a8a64f3bf54382a3ad0171180060ff95d3473e3de8d16e7f0b,LONG_CORRIDOR,FULL_NOISE,51440372,774747940,1,2,FIFTEEN_STOCHASTIC_INPUTS_PER_SCENE_GEOMETRY
synthetic-confirmatory-v3::b2dd901c11a6e37d91ebeebddb1db2675c77f0a7f947702cb0bda176f77482f1,LONG_CORRIDOR,FULL_NOISE,51440372,774747940,2,2,FIFTEEN_STOCHASTIC_INPUTS_PER_SCENE_GEOMETRY
synthetic-confirmatory-v3::141ba7032aa5914fed73fe8a0f209afac62e4e716625be5ec94e586155b9b54f,LONG_CORRIDOR,FULL_NOISE,51440372,774747940,3,2,FIFTEEN_STOCHASTIC_INPUTS_PER_SCENE_GEOMETRY
synthetic-confirmatory-v3::73ad4922c45a45d5ceaca3fc8dd90b5d908371cde1e0da3d874efa26ca34196a,LONG_CORRIDOR,FULL_NOISE,51440372,774747940,4,2,FIFTEEN_STOCHASTIC_INPUTS_PER_SCENE_GEOMETRY
synthetic-confirmatory-v3::ca123d144d895ac00707b7a222f5f590735c1d0fcdc584ad699937da4a175ae8,LONG_CORRIDOR,IDEAL_MATCHED,183965697,,0,2,ONE_CONTROL_INPUT
synthetic-confirmatory-v3::7f3a3bbfe500040f37670ed4a97c409e18e1bb68a966b7d4202c99d4cb07e459,LONG_CORRIDOR,INDEPENDENT_NOISE_FREE,183965697,,0,2,ONE_DETERMINISTIC_INDEPENDENT_INPUT
synthetic-confirmatory-v3::9b74431f5f1543cf7561fd398aee75a302bdb1a57a5bcd048de17cf64e50efcc,LONG_CORRIDOR,FULL_NOISE,183965697,1607390209,0,2,FIFTEEN_STOCHASTIC_INPUTS_PER_SCENE_GEOMETRY
synthetic-confirmatory-v3::238a16b84e39a13999e25178890d929d44a5faa26b06f7f28a1e03c63221845e,LONG_CORRIDOR,FULL_NOISE,183965697,1607390209,1,2,FIFTEEN_STOCHASTIC_INPUTS_PER_SCENE_GEOMETRY
synthetic-confirmatory-v3::65be2d0ed5408cf9b8aba268789b95aa0cbccd52a48b1d59be10316c14dd6872,LONG_CORRIDOR,FULL_NOISE,183965697,1607390209,2,2,FIFTEEN_STOCHASTIC_INPUTS_PER_SCENE_GEOMETRY
synthetic-confirmatory-v3::19861d4f5877f9dd2ada556293cfc0d52e0c14e99cd954d2667a4b2cd5829c25,LONG_CORRIDOR,FULL_NOISE,183965697,1607390209,3,2,FIFTEEN_STOCHASTIC_INPUTS_PER_SCENE_GEOMETRY
synthetic-confirmatory-v3::04f2df488ecb6a34a256f8f34d0daf63bf4fd43094172a28ed5815499d44742a,LONG_CORRIDOR,FULL_NOISE,183965697,1607390209,4,2,FIFTEEN_STOCHASTIC_INPUTS_PER_SCENE_GEOMETRY
synthetic-confirmatory-v3::ea2fd3a25ca128eeabfb91342fcfe97d6c9b69ac3f56f8923b3648d3108036bc,LONG_CORRIDOR,FULL_NOISE,183965697,92844875,0,2,FIFTEEN_STOCHASTIC_INPUTS_PER_SCENE_GEOMETRY
synthetic-confirmatory-v3::a9d125ea031ac0c8ec5bdb5fa32574ee32cd70f115f8db6e456b78b22ce69e38,LONG_CORRIDOR,FULL_NOISE,183965697,92844875,1,2,FIFTEEN_STOCHASTIC_INPUTS_PER_SCENE_GEOMETRY
synthetic-confirmatory-v3::44deb2b95b8449d08728768790efe59507326bef7ddc2cb3e50be6ec6bb48ff7,LONG_CORRIDOR,FULL_NOISE,183965697,92844875,2,2,FIFTEEN_STOCHASTIC_INPUTS_PER_SCENE_GEOMETRY
synthetic-confirmatory-v3::e26e9928086f0551c19d8864247d497bb123d6d683d4e8acda2c26fbd9cdcf6f,LONG_CORRIDOR,FULL_NOISE,183965697,92844875,3,2,FIFTEEN_STOCHASTIC_INPUTS_PER_SCENE_GEOMETRY
synthetic-confirmatory-v3::481abc9d7ad43c4a69f2829ca95a0365335ce5fd01e3f56be5583c796259c13a,LONG_CORRIDOR,FULL_NOISE,183965697,92844875,4,2,FIFTEEN_STOCHASTIC_INPUTS_PER_SCENE_GEOMETRY
synthetic-confirmatory-v3::6cf4821fb207ea1b78fd2ae663b9a346ae6db4169a7c2cf6525dba7b6f4d4cb1,LONG_CORRIDOR,FULL_NOISE,183965697,774747940,0,2,FIFTEEN_STOCHASTIC_INPUTS_PER_SCENE_GEOMETRY
synthetic-confirmatory-v3::8c9f1b960556322bd9296e1194ac479719ef42bf74543fd658635cf664193beb,LONG_CORRIDOR,FULL_NOISE,183965697,774747940,1,2,FIFTEEN_STOCHASTIC_INPUTS_PER_SCENE_GEOMETRY
synthetic-confirmatory-v3::d35082ddce70da459ed9d11951c6f9754f12d319f9302ecbee0ffd44225370da,LONG_CORRIDOR,FULL_NOISE,183965697,774747940,2,2,FIFTEEN_STOCHASTIC_INPUTS_PER_SCENE_GEOMETRY
synthetic-confirmatory-v3::e6d024946b64298f2b2a3041b14423a4da1c2182e5d798dc43aaefc2d9e1245c,LONG_CORRIDOR,FULL_NOISE,183965697,774747940,3,2,FIFTEEN_STOCHASTIC_INPUTS_PER_SCENE_GEOMETRY
synthetic-confirmatory-v3::7efdae93da3d90fbba3f85b3d81faf82170df2c14982cebc7bf09184500685a2,LONG_CORRIDOR,FULL_NOISE,183965697,774747940,4,2,FIFTEEN_STOCHASTIC_INPUTS_PER_SCENE_GEOMETRY
synthetic-confirmatory-v3::64fd075695e33c2473d4ad8342973b54dded265111ba34fb5d29b1c10093e4b2,PARALLEL_WALLS,IDEAL_MATCHED,1601523854,,0,2,ONE_CONTROL_INPUT
synthetic-confirmatory-v3::ac00e786ea92b33a48dcdb3a6c050aff8523e53374850b62e04693fc36ba61a5,PARALLEL_WALLS,INDEPENDENT_NOISE_FREE,1601523854,,0,2,ONE_DETERMINISTIC_INDEPENDENT_INPUT
synthetic-confirmatory-v3::61a987e9be3ad8ad1731114778bf2897e9166d1db9a88cd7d844d2322f30ce06,PARALLEL_WALLS,FULL_NOISE,1601523854,1607390209,0,2,FIFTEEN_STOCHASTIC_INPUTS_PER_SCENE_GEOMETRY
synthetic-confirmatory-v3::50e9ea8c53d7f2112461616bc844b18e21a8cb5e1147e21fba50960baf5353a7,PARALLEL_WALLS,FULL_NOISE,1601523854,1607390209,1,2,FIFTEEN_STOCHASTIC_INPUTS_PER_SCENE_GEOMETRY
synthetic-confirmatory-v3::79e3dd3c814838abe2a8852f944f40362f2bf64f01f00651c2c90aff278ddd63,PARALLEL_WALLS,FULL_NOISE,1601523854,1607390209,2,2,FIFTEEN_STOCHASTIC_INPUTS_PER_SCENE_GEOMETRY
synthetic-confirmatory-v3::ee2cea97093e5d8a23a7fc77b256e6955c56f13a5760d8c6c056a81c3d3b660c,PARALLEL_WALLS,FULL_NOISE,1601523854,1607390209,3,2,FIFTEEN_STOCHASTIC_INPUTS_PER_SCENE_GEOMETRY
synthetic-confirmatory-v3::08ff8cb5cd77844646d57abf8dd37b649f53f05db65cb33d1f34d4b3b00dc801,PARALLEL_WALLS,FULL_NOISE,1601523854,1607390209,4,2,FIFTEEN_STOCHASTIC_INPUTS_PER_SCENE_GEOMETRY
synthetic-confirmatory-v3::3b162e470fb4def2eabae6d5d8c75cae5ff16eb85248675aed9146fa8ad3816a,PARALLEL_WALLS,FULL_NOISE,1601523854,92844875,0,2,FIFTEEN_STOCHASTIC_INPUTS_PER_SCENE_GEOMETRY
synthetic-confirmatory-v3::6abbe202b2a3c92a49079fb365983692e11e7f88332df06daa0d33295d6d6774,PARALLEL_WALLS,FULL_NOISE,1601523854,92844875,1,2,FIFTEEN_STOCHASTIC_INPUTS_PER_SCENE_GEOMETRY
synthetic-confirmatory-v3::2d82d3077ef6de694e418528c54ddc292cc84ba35f1d759bf47253c418ae389c,PARALLEL_WALLS,FULL_NOISE,1601523854,92844875,2,2,FIFTEEN_STOCHASTIC_INPUTS_PER_SCENE_GEOMETRY
synthetic-confirmatory-v3::3135a55976589878e7a6ed4256c5a06ae70c5b899823bcd00deb3f8ecd1131c9,PARALLEL_WALLS,FULL_NOISE,1601523854,92844875,3,2,FIFTEEN_STOCHASTIC_INPUTS_PER_SCENE_GEOMETRY
synthetic-confirmatory-v3::719d2e05cf92318922aa72bb348d193780a6f99bb44c6159e2d59c67387b0dcc,PARALLEL_WALLS,FULL_NOISE,1601523854,92844875,4,2,FIFTEEN_STOCHASTIC_INPUTS_PER_SCENE_GEOMETRY
synthetic-confirmatory-v3::5b053cb1321a579d17c9d1d60d5fc11cc5623ab8c5e36ac46ceefb81afc4a8bd,PARALLEL_WALLS,FULL_NOISE,1601523854,774747940,0,2,FIFTEEN_STOCHASTIC_INPUTS_PER_SCENE_GEOMETRY
synthetic-confirmatory-v3::bee03a343f42751ea688dafbb32f2b45c1bcf11bf38227c1cbe334b8ee870c64,PARALLEL_WALLS,FULL_NOISE,1601523854,774747940,1,2,FIFTEEN_STOCHASTIC_INPUTS_PER_SCENE_GEOMETRY
synthetic-confirmatory-v3::92e28e38715373699eebbafb025f57323b3cb41a240b5eb4df79fb80f768320e,PARALLEL_WALLS,FULL_NOISE,1601523854,774747940,2,2,FIFTEEN_STOCHASTIC_INPUTS_PER_SCENE_GEOMETRY
synthetic-confirmatory-v3::f89a35328c5ea2ee5e9b00f642dbc3fcfc5acc32b3d5dbf3999c23fd059420b3,PARALLEL_WALLS,FULL_NOISE,1601523854,774747940,3,2,FIFTEEN_STOCHASTIC_INPUTS_PER_SCENE_GEOMETRY
synthetic-confirmatory-v3::7982eee2e660198a393aee7b4fb2630099b7b6f63a55088b942f6010a6d257d3,PARALLEL_WALLS,FULL_NOISE,1601523854,774747940,4,2,FIFTEEN_STOCHASTIC_INPUTS_PER_SCENE_GEOMETRY
synthetic-confirmatory-v3::a1276416ebf392f2f52b5274144db531a649ea71a6c02ee8c2fe461cfcf140e4,PARALLEL_WALLS,IDEAL_MATCHED,326786082,,0,2,ONE_CONTROL_INPUT
synthetic-confirmatory-v3::dfeba0e56519cb8b787273fd28f516406bc696dc9085226f3d4b3c4af87ca3b6,PARALLEL_WALLS,INDEPENDENT_NOISE_FREE,326786082,,0,2,ONE_DETERMINISTIC_INDEPENDENT_INPUT
synthetic-confirmatory-v3::0ea60c062691970b074a494f9c314c8330f77608171cd79ae9e4fe91e42a9351,PARALLEL_WALLS,FULL_NOISE,326786082,1607390209,0,2,FIFTEEN_STOCHASTIC_INPUTS_PER_SCENE_GEOMETRY
synthetic-confirmatory-v3::841844ee1aa3f66a0de22989cfdadf8917dbc525d05f4db76657ba9b1d8d9b32,PARALLEL_WALLS,FULL_NOISE,326786082,1607390209,1,2,FIFTEEN_STOCHASTIC_INPUTS_PER_SCENE_GEOMETRY
synthetic-confirmatory-v3::13663386c0c69150f7ccd986a667880ebea9b1ed7a53f33334fe10ef41126028,PARALLEL_WALLS,FULL_NOISE,326786082,1607390209,2,2,FIFTEEN_STOCHASTIC_INPUTS_PER_SCENE_GEOMETRY
synthetic-confirmatory-v3::89cb1103b6a94e7a9f261a82f9feb5d46cacd3811def251c89bc82105768b2b5,PARALLEL_WALLS,FULL_NOISE,326786082,1607390209,3,2,FIFTEEN_STOCHASTIC_INPUTS_PER_SCENE_GEOMETRY
synthetic-confirmatory-v3::3a1c3ac11cd4ac21a8c41003ff7bc89123e4a889e00cd71c2be9e37f0dfc5b41,PARALLEL_WALLS,FULL_NOISE,326786082,1607390209,4,2,FIFTEEN_STOCHASTIC_INPUTS_PER_SCENE_GEOMETRY
synthetic-confirmatory-v3::1060a4c0251203bb7b9ff06addee7471441336aace9351afbd20a825d73c0992,PARALLEL_WALLS,FULL_NOISE,326786082,92844875,0,2,FIFTEEN_STOCHASTIC_INPUTS_PER_SCENE_GEOMETRY
synthetic-confirmatory-v3::ce17d26fc119a5300d701eec3d6128caab54a3b18499e4e06027c07080b27bea,PARALLEL_WALLS,FULL_NOISE,326786082,92844875,1,2,FIFTEEN_STOCHASTIC_INPUTS_PER_SCENE_GEOMETRY
synthetic-confirmatory-v3::f9939abfeba8c8fc9fb14c0eee374d1d046cf9d5394d50e89adcb63e2482e1ec,PARALLEL_WALLS,FULL_NOISE,326786082,92844875,2,2,FIFTEEN_STOCHASTIC_INPUTS_PER_SCENE_GEOMETRY
synthetic-confirmatory-v3::9238f72a4ff2c069fa870dddd7c275ec762c003023d0ae3d3f13a3307572c6f9,PARALLEL_WALLS,FULL_NOISE,326786082,92844875,3,2,FIFTEEN_STOCHASTIC_INPUTS_PER_SCENE_GEOMETRY
synthetic-confirmatory-v3::dc36a181ae3de61882ad406f674beaa899761797f4a878cdc869fd331771c2ee,PARALLEL_WALLS,FULL_NOISE,326786082,92844875,4,2,FIFTEEN_STOCHASTIC_INPUTS_PER_SCENE_GEOMETRY
synthetic-confirmatory-v3::9f1a120ac283cc859344600a35dcd91490b7b00673b7e9818f507f44e064849d,PARALLEL_WALLS,FULL_NOISE,326786082,774747940,0,2,FIFTEEN_STOCHASTIC_INPUTS_PER_SCENE_GEOMETRY
synthetic-confirmatory-v3::7a680e70f3c23d6a57cd171b6d0f8d91df1ac43e7d798bbaf6d8e7a90ef11c81,PARALLEL_WALLS,FULL_NOISE,326786082,774747940,1,2,FIFTEEN_STOCHASTIC_INPUTS_PER_SCENE_GEOMETRY
synthetic-confirmatory-v3::0bf74772534e92c1ae527569dfdba1cf643b1e2e3748c6fdc0cf021876acf17a,PARALLEL_WALLS,FULL_NOISE,326786082,774747940,2,2,FIFTEEN_STOCHASTIC_INPUTS_PER_SCENE_GEOMETRY
synthetic-confirmatory-v3::3d2c7d518c57b077ac7fed7e73e2c7189fc81e636012c845aaa1eb7f6ace5ade,PARALLEL_WALLS,FULL_NOISE,326786082,774747940,3,2,FIFTEEN_STOCHASTIC_INPUTS_PER_SCENE_GEOMETRY
synthetic-confirmatory-v3::51688a82bbfdc1203e2dcf77ccbdc98d92f6ee44bb737259bab2c9a1b3ec9122,PARALLEL_WALLS,FULL_NOISE,326786082,774747940,4,2,FIFTEEN_STOCHASTIC_INPUTS_PER_SCENE_GEOMETRY
synthetic-confirmatory-v3::5e75ca1ffa9d40f8f568bb490c48a972b38084d37d0b036f9e287980baddd696,PARALLEL_WALLS,IDEAL_MATCHED,944942356,,0,2,ONE_CONTROL_INPUT
synthetic-confirmatory-v3::f7fe8e6c604617bb18b0e5292944211102bb9317b1cd08f6dff62120ee961ad1,PARALLEL_WALLS,INDEPENDENT_NOISE_FREE,944942356,,0,2,ONE_DETERMINISTIC_INDEPENDENT_INPUT
synthetic-confirmatory-v3::5468d3865c584b08488e5ce685ed31bf8df38139e6bb16be4f9f3b69c618d4ae,PARALLEL_WALLS,FULL_NOISE,944942356,1607390209,0,2,FIFTEEN_STOCHASTIC_INPUTS_PER_SCENE_GEOMETRY
synthetic-confirmatory-v3::e57f28e5e61cec47f687cba4a5acde21584d0bb09190b6fe272de3fc48f954ad,PARALLEL_WALLS,FULL_NOISE,944942356,1607390209,1,2,FIFTEEN_STOCHASTIC_INPUTS_PER_SCENE_GEOMETRY
synthetic-confirmatory-v3::623616cfff5fe247b1b701a83298e4a3212aec3d9879e1096c5d820df511abc4,PARALLEL_WALLS,FULL_NOISE,944942356,1607390209,2,2,FIFTEEN_STOCHASTIC_INPUTS_PER_SCENE_GEOMETRY
synthetic-confirmatory-v3::f6446c927ec29c95294e94fb9b4bbe89ba374e1e64030fcd58bfe8502d28580e,PARALLEL_WALLS,FULL_NOISE,944942356,1607390209,3,2,FIFTEEN_STOCHASTIC_INPUTS_PER_SCENE_GEOMETRY
synthetic-confirmatory-v3::eab13b4bcfb4ca4a51df6d952fb09fce980821621ad07bbca3645b278d11d557,PARALLEL_WALLS,FULL_NOISE,944942356,1607390209,4,2,FIFTEEN_STOCHASTIC_INPUTS_PER_SCENE_GEOMETRY
synthetic-confirmatory-v3::47981b8db8322d00b738484feb79b6ebee1a045c5c31e4f3977e70a55c0a4466,PARALLEL_WALLS,FULL_NOISE,944942356,92844875,0,2,FIFTEEN_STOCHASTIC_INPUTS_PER_SCENE_GEOMETRY
synthetic-confirmatory-v3::231ed03bf8b23479e05ad48e03b99c188aa28c3477f7baead57bdeeeccafa91c,PARALLEL_WALLS,FULL_NOISE,944942356,92844875,1,2,FIFTEEN_STOCHASTIC_INPUTS_PER_SCENE_GEOMETRY
synthetic-confirmatory-v3::54a4f2eb2f1ae59172bbc204fc4095d7779621478b56eb4ff5c90207d662e883,PARALLEL_WALLS,FULL_NOISE,944942356,92844875,2,2,FIFTEEN_STOCHASTIC_INPUTS_PER_SCENE_GEOMETRY
synthetic-confirmatory-v3::594273f35e1de4bbc751a73f20b08a74abb97ebf6a2b8ae5300c3267da2fab02,PARALLEL_WALLS,FULL_NOISE,944942356,92844875,3,2,FIFTEEN_STOCHASTIC_INPUTS_PER_SCENE_GEOMETRY
synthetic-confirmatory-v3::604472852cfbde2b04016c725711d9ca91122bcff0c0cd6552b4f74503883090,PARALLEL_WALLS,FULL_NOISE,944942356,92844875,4,2,FIFTEEN_STOCHASTIC_INPUTS_PER_SCENE_GEOMETRY
synthetic-confirmatory-v3::6d81da984dd65b9dc972c62cb96158f68808a29d82819312a3378ec594914d00,PARALLEL_WALLS,FULL_NOISE,944942356,774747940,0,2,FIFTEEN_STOCHASTIC_INPUTS_PER_SCENE_GEOMETRY
synthetic-confirmatory-v3::6c5b10e26ba97bee05377add7b718bbc90703f3668995abd6baf9de6e5a3099a,PARALLEL_WALLS,FULL_NOISE,944942356,774747940,1,2,FIFTEEN_STOCHASTIC_INPUTS_PER_SCENE_GEOMETRY
synthetic-confirmatory-v3::a943b9db77c5fcacb30214c732c4403e47cfe19fe45327ddbdff589a02f4f73f,PARALLEL_WALLS,FULL_NOISE,944942356,774747940,2,2,FIFTEEN_STOCHASTIC_INPUTS_PER_SCENE_GEOMETRY
synthetic-confirmatory-v3::f1e8f08fd0859250d6189565c8d0317b2dc92fed1c8a165a6e58eed65e3b8bb3,PARALLEL_WALLS,FULL_NOISE,944942356,774747940,3,2,FIFTEEN_STOCHASTIC_INPUTS_PER_SCENE_GEOMETRY
synthetic-confirmatory-v3::70d249821c5e62b3cc395586cc3918b191cf244b5007cb6fbf1cd18706edb827,PARALLEL_WALLS,FULL_NOISE,944942356,774747940,4,2,FIFTEEN_STOCHASTIC_INPUTS_PER_SCENE_GEOMETRY
synthetic-confirmatory-v3::2775d35bcc82b063510f73c84ba6ec773718d1758ddc22a613469d1063670147,PARALLEL_WALLS,IDEAL_MATCHED,51440372,,0,2,ONE_CONTROL_INPUT
synthetic-confirmatory-v3::a02ea7a1f4aee8322a0016c9377fb3a9e10ddc6cb9de1fd99886e78a7ecc188a,PARALLEL_WALLS,INDEPENDENT_NOISE_FREE,51440372,,0,2,ONE_DETERMINISTIC_INDEPENDENT_INPUT
synthetic-confirmatory-v3::1da73781abf89311dc9d39cc4399371f29d0283568eefd3c1fc3c2c272c1a414,PARALLEL_WALLS,FULL_NOISE,51440372,1607390209,0,2,FIFTEEN_STOCHASTIC_INPUTS_PER_SCENE_GEOMETRY
synthetic-confirmatory-v3::ac85f90af803dcbf1c147dcaa144e710baf404ec4d72fec40061f88fc9f52bce,PARALLEL_WALLS,FULL_NOISE,51440372,1607390209,1,2,FIFTEEN_STOCHASTIC_INPUTS_PER_SCENE_GEOMETRY
synthetic-confirmatory-v3::2de4846957bb1a3a6d9d6847520ce383ab6f4b881b81d7e5b77625f884ac65f9,PARALLEL_WALLS,FULL_NOISE,51440372,1607390209,2,2,FIFTEEN_STOCHASTIC_INPUTS_PER_SCENE_GEOMETRY
synthetic-confirmatory-v3::7e7547dcdf3e8dcadc92b92ad3c5f997f29f26becc2f8382c26ee733e8c1d679,PARALLEL_WALLS,FULL_NOISE,51440372,1607390209,3,2,FIFTEEN_STOCHASTIC_INPUTS_PER_SCENE_GEOMETRY
synthetic-confirmatory-v3::62b05dc35a2c9ed21d74ae0415e28e04cbbf00c0f7745751bb325f3b8ca4d1a3,PARALLEL_WALLS,FULL_NOISE,51440372,1607390209,4,2,FIFTEEN_STOCHASTIC_INPUTS_PER_SCENE_GEOMETRY
synthetic-confirmatory-v3::2e97a6bd409e8062bef8c5aecf300b2f560181410b2f2de2a1ad1a2b3680042e,PARALLEL_WALLS,FULL_NOISE,51440372,92844875,0,2,FIFTEEN_STOCHASTIC_INPUTS_PER_SCENE_GEOMETRY
synthetic-confirmatory-v3::f5c602802b6cff63df8bb30fb200fdcd45cef785ae1ecb6147c03aa97704605d,PARALLEL_WALLS,FULL_NOISE,51440372,92844875,1,2,FIFTEEN_STOCHASTIC_INPUTS_PER_SCENE_GEOMETRY
synthetic-confirmatory-v3::8a35e1ca1b45bd1878420e0b9f8adf32f4400fae577131787c8eb20c5195ee8c,PARALLEL_WALLS,FULL_NOISE,51440372,92844875,2,2,FIFTEEN_STOCHASTIC_INPUTS_PER_SCENE_GEOMETRY
synthetic-confirmatory-v3::335cd944bfc579efb45efed57f887b5e8ec2c265b6a36d861984c6a88cd5967e,PARALLEL_WALLS,FULL_NOISE,51440372,92844875,3,2,FIFTEEN_STOCHASTIC_INPUTS_PER_SCENE_GEOMETRY
synthetic-confirmatory-v3::12d487d1fe4fd865d0a5c0e8419f201c260db060b54bf5f693a2939e74adbf35,PARALLEL_WALLS,FULL_NOISE,51440372,92844875,4,2,FIFTEEN_STOCHASTIC_INPUTS_PER_SCENE_GEOMETRY
synthetic-confirmatory-v3::8d32f2745ed6da3ff4c1c75ab39b244ab5ce8318ee80d12f0f896f628ccb795b,PARALLEL_WALLS,FULL_NOISE,51440372,774747940,0,2,FIFTEEN_STOCHASTIC_INPUTS_PER_SCENE_GEOMETRY
synthetic-confirmatory-v3::e038f4f481122ac5aa71c412e682f24214ba901d16d447564400acbbd2956b11,PARALLEL_WALLS,FULL_NOISE,51440372,774747940,1,2,FIFTEEN_STOCHASTIC_INPUTS_PER_SCENE_GEOMETRY
synthetic-confirmatory-v3::cb586ada842df6e3ff3fcf1efc59ba323985974b35956eb26daeb00442a17cc2,PARALLEL_WALLS,FULL_NOISE,51440372,774747940,2,2,FIFTEEN_STOCHASTIC_INPUTS_PER_SCENE_GEOMETRY
synthetic-confirmatory-v3::a86b144b1e0e72a1bbc0b424ec2c39a95eacf6c789d91379e42e20af4b16dc51,PARALLEL_WALLS,FULL_NOISE,51440372,774747940,3,2,FIFTEEN_STOCHASTIC_INPUTS_PER_SCENE_GEOMETRY
synthetic-confirmatory-v3::8c37f779141fd0b53acaebfeace385ba307e1ffc5d315c39248f8373b9a97300,PARALLEL_WALLS,FULL_NOISE,51440372,774747940,4,2,FIFTEEN_STOCHASTIC_INPUTS_PER_SCENE_GEOMETRY
synthetic-confirmatory-v3::f59ff460a95aabb44e280b82d66d0557340f8d5244aa8fd85caa5bb46368ddfa,PARALLEL_WALLS,IDEAL_MATCHED,183965697,,0,2,ONE_CONTROL_INPUT
synthetic-confirmatory-v3::dfa3eaaa54974b146dfca27487c9d27277aa5dc40749b30d20b9dbc1936b8f83,PARALLEL_WALLS,INDEPENDENT_NOISE_FREE,183965697,,0,2,ONE_DETERMINISTIC_INDEPENDENT_INPUT
synthetic-confirmatory-v3::e060085b9d0902dac8b892413c74ac0a26330b999e5bf1431d2915df18c95ef1,PARALLEL_WALLS,FULL_NOISE,183965697,1607390209,0,2,FIFTEEN_STOCHASTIC_INPUTS_PER_SCENE_GEOMETRY
synthetic-confirmatory-v3::f6200afa4a47260d53db2f7da2fbae861f17b72f7205a9452c75332aafdef67c,PARALLEL_WALLS,FULL_NOISE,183965697,1607390209,1,2,FIFTEEN_STOCHASTIC_INPUTS_PER_SCENE_GEOMETRY
synthetic-confirmatory-v3::fe4487a3937f02050b2904547f05b846caa52947e547f4e2d5e7174c7c20bfe9,PARALLEL_WALLS,FULL_NOISE,183965697,1607390209,2,2,FIFTEEN_STOCHASTIC_INPUTS_PER_SCENE_GEOMETRY
synthetic-confirmatory-v3::5626ad0b3acd2fa2abedfac041737d739ae8ac0799202495c4fda69e46f41b8d,PARALLEL_WALLS,FULL_NOISE,183965697,1607390209,3,2,FIFTEEN_STOCHASTIC_INPUTS_PER_SCENE_GEOMETRY
synthetic-confirmatory-v3::ef38242d2ad1f62841344a72cb51f3a3c05141af651e0082f39e3c353c5c744d,PARALLEL_WALLS,FULL_NOISE,183965697,1607390209,4,2,FIFTEEN_STOCHASTIC_INPUTS_PER_SCENE_GEOMETRY
synthetic-confirmatory-v3::f29d3e0d72a0bc5e20b6d955f54c8d0de55ebba0b7909c7fa0cf0a726ce35a5f,PARALLEL_WALLS,FULL_NOISE,183965697,92844875,0,2,FIFTEEN_STOCHASTIC_INPUTS_PER_SCENE_GEOMETRY
synthetic-confirmatory-v3::e9df386bc2fae1abbe003f2fc3174feeeb27552f005387655408dcdc8f9c3e04,PARALLEL_WALLS,FULL_NOISE,183965697,92844875,1,2,FIFTEEN_STOCHASTIC_INPUTS_PER_SCENE_GEOMETRY
synthetic-confirmatory-v3::f70bb3361a9673692406bc9f9fd6f5a3270bb493cb280a91a3d0ba4d95cbdff5,PARALLEL_WALLS,FULL_NOISE,183965697,92844875,2,2,FIFTEEN_STOCHASTIC_INPUTS_PER_SCENE_GEOMETRY
synthetic-confirmatory-v3::ec27d4adce8947a0968cc33200c7c0e9684986ec0b65d00d022642ac7a192d82,PARALLEL_WALLS,FULL_NOISE,183965697,92844875,3,2,FIFTEEN_STOCHASTIC_INPUTS_PER_SCENE_GEOMETRY
synthetic-confirmatory-v3::1e944279a91105c75c5fff657094c20d87de01a7a4327e48c48950c2b2990296,PARALLEL_WALLS,FULL_NOISE,183965697,92844875,4,2,FIFTEEN_STOCHASTIC_INPUTS_PER_SCENE_GEOMETRY
synthetic-confirmatory-v3::ee1e81ad1f17b1bf27b9f9709f7cc16e9dda1f0aa77ae4f44376ec1cb86ba579,PARALLEL_WALLS,FULL_NOISE,183965697,774747940,0,2,FIFTEEN_STOCHASTIC_INPUTS_PER_SCENE_GEOMETRY
synthetic-confirmatory-v3::233007f45f1adfb08e3baada30c8628063225568cbb30502ea307b938f0ded13,PARALLEL_WALLS,FULL_NOISE,183965697,774747940,1,2,FIFTEEN_STOCHASTIC_INPUTS_PER_SCENE_GEOMETRY
synthetic-confirmatory-v3::7012040979f4484c4d358d9957795ba731b529f8996299110f8c5e83d971e801,PARALLEL_WALLS,FULL_NOISE,183965697,774747940,2,2,FIFTEEN_STOCHASTIC_INPUTS_PER_SCENE_GEOMETRY
synthetic-confirmatory-v3::b897c0e65eead023f769035671e42d45712dfa1b18c619c928b10775b952f3f4,PARALLEL_WALLS,FULL_NOISE,183965697,774747940,3,2,FIFTEEN_STOCHASTIC_INPUTS_PER_SCENE_GEOMETRY
synthetic-confirmatory-v3::bdad2efd62f44ca37ff8c8583594534eea07f6f96f950033ff1e7c9b9b15d257,PARALLEL_WALLS,FULL_NOISE,183965697,774747940,4,2,FIFTEEN_STOCHASTIC_INPUTS_PER_SCENE_GEOMETRY
synthetic-confirmatory-v3::6d2205baf7f73a3cf4dce5f44eeb13fb10a879eb095a1f02f73fc9b9e5d83507,END_FACE_TRANSITION_PRESENT,IDEAL_MATCHED,1601523854,,0,2,ONE_CONTROL_INPUT
synthetic-confirmatory-v3::8e8803c5d026d8c155e7bab3de18ceb68354fb8045104ed610979464788ec57e,END_FACE_TRANSITION_PRESENT,INDEPENDENT_NOISE_FREE,1601523854,,0,2,ONE_DETERMINISTIC_INDEPENDENT_INPUT
synthetic-confirmatory-v3::d251a28a3858ab509ceeec1db43b798dd17ab4f2d294755b814e20762af78ae7,END_FACE_TRANSITION_PRESENT,FULL_NOISE,1601523854,1607390209,0,2,FIFTEEN_STOCHASTIC_INPUTS_PER_SCENE_GEOMETRY
synthetic-confirmatory-v3::fdc4639276b037d026bb1c6d1d4dcf5fa5e6fd5fa7d8b35b4e3640222dc424ce,END_FACE_TRANSITION_PRESENT,FULL_NOISE,1601523854,1607390209,1,2,FIFTEEN_STOCHASTIC_INPUTS_PER_SCENE_GEOMETRY
synthetic-confirmatory-v3::1e208c9efd4441532056c48e506e66868a89f1359f8f803292bd4280ce790ca7,END_FACE_TRANSITION_PRESENT,FULL_NOISE,1601523854,1607390209,2,2,FIFTEEN_STOCHASTIC_INPUTS_PER_SCENE_GEOMETRY
synthetic-confirmatory-v3::3c6489e452d522789245eee76af4be5d99f94831f1cc7f8363768b3d46d8259a,END_FACE_TRANSITION_PRESENT,FULL_NOISE,1601523854,1607390209,3,2,FIFTEEN_STOCHASTIC_INPUTS_PER_SCENE_GEOMETRY
synthetic-confirmatory-v3::d08c81b410273f146a28eb9c8dafc266ac30fce9d6455b84982cf53b53d6ebda,END_FACE_TRANSITION_PRESENT,FULL_NOISE,1601523854,1607390209,4,2,FIFTEEN_STOCHASTIC_INPUTS_PER_SCENE_GEOMETRY
synthetic-confirmatory-v3::245baf015e453ced21796b160729241cb5d5839f5212744104bee2cfb443f6e2,END_FACE_TRANSITION_PRESENT,FULL_NOISE,1601523854,92844875,0,2,FIFTEEN_STOCHASTIC_INPUTS_PER_SCENE_GEOMETRY
synthetic-confirmatory-v3::1403cca53e98c2835eb9e81fdf2003cf118dabba61ed927eb0bf4508d8f3c613,END_FACE_TRANSITION_PRESENT,FULL_NOISE,1601523854,92844875,1,2,FIFTEEN_STOCHASTIC_INPUTS_PER_SCENE_GEOMETRY
synthetic-confirmatory-v3::2162f71dffdd784ab87df81f484af80459bff1c59e83b136142d4ad78c692feb,END_FACE_TRANSITION_PRESENT,FULL_NOISE,1601523854,92844875,2,2,FIFTEEN_STOCHASTIC_INPUTS_PER_SCENE_GEOMETRY
synthetic-confirmatory-v3::1731fee491a3a89791e6f6a3211525888f8e5d638c2ea5839358dac4d7c80a2e,END_FACE_TRANSITION_PRESENT,FULL_NOISE,1601523854,92844875,3,2,FIFTEEN_STOCHASTIC_INPUTS_PER_SCENE_GEOMETRY
synthetic-confirmatory-v3::8e3c7093d441dabd6598889b695e827fcd33ce550b8c7b2da2658af3bc9ba994,END_FACE_TRANSITION_PRESENT,FULL_NOISE,1601523854,92844875,4,2,FIFTEEN_STOCHASTIC_INPUTS_PER_SCENE_GEOMETRY
synthetic-confirmatory-v3::b949b42a09fd4c12a520dac5ddea428157ddd410dc477f357f0815f2e2260177,END_FACE_TRANSITION_PRESENT,FULL_NOISE,1601523854,774747940,0,2,FIFTEEN_STOCHASTIC_INPUTS_PER_SCENE_GEOMETRY
synthetic-confirmatory-v3::b8850b2fb57e35096532445fc1d7e26eb80ef0b8898b54c549fda03f47e28a2d,END_FACE_TRANSITION_PRESENT,FULL_NOISE,1601523854,774747940,1,2,FIFTEEN_STOCHASTIC_INPUTS_PER_SCENE_GEOMETRY
synthetic-confirmatory-v3::20c01d469425d8151225ebbad5846c9d13efb329582f5596bff6e7160ba0439b,END_FACE_TRANSITION_PRESENT,FULL_NOISE,1601523854,774747940,2,2,FIFTEEN_STOCHASTIC_INPUTS_PER_SCENE_GEOMETRY
synthetic-confirmatory-v3::aad827674caec95dd033733f1ed601df48954cae571d4a6c32ea5b34cb0694b3,END_FACE_TRANSITION_PRESENT,FULL_NOISE,1601523854,774747940,3,2,FIFTEEN_STOCHASTIC_INPUTS_PER_SCENE_GEOMETRY
synthetic-confirmatory-v3::1054b2dcc9bfffe6a4b4163260f8be671b8cfe83aefd844baed5ba557b64601b,END_FACE_TRANSITION_PRESENT,FULL_NOISE,1601523854,774747940,4,2,FIFTEEN_STOCHASTIC_INPUTS_PER_SCENE_GEOMETRY
synthetic-confirmatory-v3::470fc1251297af12fb9e83f750b053f076ccd0ddef17b0e579bc500527676971,END_FACE_TRANSITION_PRESENT,IDEAL_MATCHED,326786082,,0,2,ONE_CONTROL_INPUT
synthetic-confirmatory-v3::b8c4c7b8d7df68586c4d567d6beb69fbe6a7d310558640ad070c2ed520b94d88,END_FACE_TRANSITION_PRESENT,INDEPENDENT_NOISE_FREE,326786082,,0,2,ONE_DETERMINISTIC_INDEPENDENT_INPUT
synthetic-confirmatory-v3::86da12c2d9089d938c6a04d7f73e08682c743af22afbb7f122d9d152e90043b1,END_FACE_TRANSITION_PRESENT,FULL_NOISE,326786082,1607390209,0,2,FIFTEEN_STOCHASTIC_INPUTS_PER_SCENE_GEOMETRY
synthetic-confirmatory-v3::9648c3e2711fe898281ad61486046708cec222a4f506fa172c65bf18225b12bf,END_FACE_TRANSITION_PRESENT,FULL_NOISE,326786082,1607390209,1,2,FIFTEEN_STOCHASTIC_INPUTS_PER_SCENE_GEOMETRY
synthetic-confirmatory-v3::d63cbe410d9b9f61549c5599fa0008ebc414fb89a3b4965ee30a7d7563b283e2,END_FACE_TRANSITION_PRESENT,FULL_NOISE,326786082,1607390209,2,2,FIFTEEN_STOCHASTIC_INPUTS_PER_SCENE_GEOMETRY
synthetic-confirmatory-v3::165de6593bc058fac9e1ac05247217be778d4aec9a38ccdddb5693463fcdf184,END_FACE_TRANSITION_PRESENT,FULL_NOISE,326786082,1607390209,3,2,FIFTEEN_STOCHASTIC_INPUTS_PER_SCENE_GEOMETRY
synthetic-confirmatory-v3::9c1ed00957365b7a487e386be7ff1890c6c053aff865eff14d1ca2f8668d2a7d,END_FACE_TRANSITION_PRESENT,FULL_NOISE,326786082,1607390209,4,2,FIFTEEN_STOCHASTIC_INPUTS_PER_SCENE_GEOMETRY
synthetic-confirmatory-v3::91bb2fa0149779627f80b98eae171d5161a6fc1377e7b4cb6652740e5670c5ed,END_FACE_TRANSITION_PRESENT,FULL_NOISE,326786082,92844875,0,2,FIFTEEN_STOCHASTIC_INPUTS_PER_SCENE_GEOMETRY
synthetic-confirmatory-v3::50d2213ec944d0ec0a20ca4f0e0d32245aaa500f2b90971d1286a68c766ee597,END_FACE_TRANSITION_PRESENT,FULL_NOISE,326786082,92844875,1,2,FIFTEEN_STOCHASTIC_INPUTS_PER_SCENE_GEOMETRY
synthetic-confirmatory-v3::64cf450c05ae622d0401499fda8849c28f221020e68472aee9da377a3db63c4e,END_FACE_TRANSITION_PRESENT,FULL_NOISE,326786082,92844875,2,2,FIFTEEN_STOCHASTIC_INPUTS_PER_SCENE_GEOMETRY
synthetic-confirmatory-v3::e69652b9832ab3a0982a7f1bd19611e0276d7f8da7102cc6055dbaa8507a69cc,END_FACE_TRANSITION_PRESENT,FULL_NOISE,326786082,92844875,3,2,FIFTEEN_STOCHASTIC_INPUTS_PER_SCENE_GEOMETRY
synthetic-confirmatory-v3::89121199a9d9abab85e23efbf0e0ee88196a5634a6c732c6c50345ba643dc104,END_FACE_TRANSITION_PRESENT,FULL_NOISE,326786082,92844875,4,2,FIFTEEN_STOCHASTIC_INPUTS_PER_SCENE_GEOMETRY
synthetic-confirmatory-v3::c5566ff958df178f4b61489a3c90ee88b3c093b62ca7bf2c88ce49ec3907640d,END_FACE_TRANSITION_PRESENT,FULL_NOISE,326786082,774747940,0,2,FIFTEEN_STOCHASTIC_INPUTS_PER_SCENE_GEOMETRY
synthetic-confirmatory-v3::47a759172e40bfdb848cd5d686ab233f5d16813588754321de108414f0c4959d,END_FACE_TRANSITION_PRESENT,FULL_NOISE,326786082,774747940,1,2,FIFTEEN_STOCHASTIC_INPUTS_PER_SCENE_GEOMETRY
synthetic-confirmatory-v3::4b5c8c7023e4278a22bef0bf4c41cbc186f67fe9af3bf8813011e3592caddb61,END_FACE_TRANSITION_PRESENT,FULL_NOISE,326786082,774747940,2,2,FIFTEEN_STOCHASTIC_INPUTS_PER_SCENE_GEOMETRY
synthetic-confirmatory-v3::e47bb8789211f891917d02e4df23ef9d08cb71b332dbaffea8aad09eeea8006c,END_FACE_TRANSITION_PRESENT,FULL_NOISE,326786082,774747940,3,2,FIFTEEN_STOCHASTIC_INPUTS_PER_SCENE_GEOMETRY
synthetic-confirmatory-v3::42a8fe6eb3dc67580be245ef99b081cf317f7ed4993b98c5a21f11cd71ca6cdc,END_FACE_TRANSITION_PRESENT,FULL_NOISE,326786082,774747940,4,2,FIFTEEN_STOCHASTIC_INPUTS_PER_SCENE_GEOMETRY
synthetic-confirmatory-v3::809d9e334c5696bcac2894a66f54dcda64207d980cc7a27f7894de219f37f90c,END_FACE_TRANSITION_PRESENT,IDEAL_MATCHED,944942356,,0,2,ONE_CONTROL_INPUT
synthetic-confirmatory-v3::716a3a5b112e5badeb6836f203546ec34a3d84dd51bb410eeb73485f3d191c7f,END_FACE_TRANSITION_PRESENT,INDEPENDENT_NOISE_FREE,944942356,,0,2,ONE_DETERMINISTIC_INDEPENDENT_INPUT
synthetic-confirmatory-v3::e8cdc7bdb3183efadb952af4797ac84b8a19162cee4e55ded191391151a7eb56,END_FACE_TRANSITION_PRESENT,FULL_NOISE,944942356,1607390209,0,2,FIFTEEN_STOCHASTIC_INPUTS_PER_SCENE_GEOMETRY
synthetic-confirmatory-v3::9692f009bb7d29d0e02a27bec83ae5789ed7c8f9703e4b1c3fec2eef6353f2a3,END_FACE_TRANSITION_PRESENT,FULL_NOISE,944942356,1607390209,1,2,FIFTEEN_STOCHASTIC_INPUTS_PER_SCENE_GEOMETRY
synthetic-confirmatory-v3::68d1bbc36a625c339379a8f070102e291b3fa655f7fd3a4f3619651e177c37d4,END_FACE_TRANSITION_PRESENT,FULL_NOISE,944942356,1607390209,2,2,FIFTEEN_STOCHASTIC_INPUTS_PER_SCENE_GEOMETRY
synthetic-confirmatory-v3::b648ce316f0dd1e596e3be2c2dea215eed50be02ea59cddae912ae76654feb41,END_FACE_TRANSITION_PRESENT,FULL_NOISE,944942356,1607390209,3,2,FIFTEEN_STOCHASTIC_INPUTS_PER_SCENE_GEOMETRY
synthetic-confirmatory-v3::35de8f962c522432fce4d6d8d26a205fe9013ce6c2a054893a4c5649b8a08ba8,END_FACE_TRANSITION_PRESENT,FULL_NOISE,944942356,1607390209,4,2,FIFTEEN_STOCHASTIC_INPUTS_PER_SCENE_GEOMETRY
synthetic-confirmatory-v3::ff5fd791da686829cbbf95f4fd66997a4ed109039a8449d4e3dbf1534e713f58,END_FACE_TRANSITION_PRESENT,FULL_NOISE,944942356,92844875,0,2,FIFTEEN_STOCHASTIC_INPUTS_PER_SCENE_GEOMETRY
synthetic-confirmatory-v3::56fc194dae3bef5a0b963e69bc695065e68d028664549b70d0d8b0e7c9a3b0dd,END_FACE_TRANSITION_PRESENT,FULL_NOISE,944942356,92844875,1,2,FIFTEEN_STOCHASTIC_INPUTS_PER_SCENE_GEOMETRY
synthetic-confirmatory-v3::cecef8023331fd236f348d92409cce621d085eba3ce06b39a5f365997ffdaeca,END_FACE_TRANSITION_PRESENT,FULL_NOISE,944942356,92844875,2,2,FIFTEEN_STOCHASTIC_INPUTS_PER_SCENE_GEOMETRY
synthetic-confirmatory-v3::6942a62f577d1c75bda65a128be5b40ef0dbe0db99bc71446fa364fae9f86b14,END_FACE_TRANSITION_PRESENT,FULL_NOISE,944942356,92844875,3,2,FIFTEEN_STOCHASTIC_INPUTS_PER_SCENE_GEOMETRY
synthetic-confirmatory-v3::9a2025590f716bf2f970973d0c3552384e384841b12cdaf4e5e06e087f20e733,END_FACE_TRANSITION_PRESENT,FULL_NOISE,944942356,92844875,4,2,FIFTEEN_STOCHASTIC_INPUTS_PER_SCENE_GEOMETRY
synthetic-confirmatory-v3::50d836b36ee844d780b470cbfb90d77c93d17fac6a473c8a39ed0f00ee6258d8,END_FACE_TRANSITION_PRESENT,FULL_NOISE,944942356,774747940,0,2,FIFTEEN_STOCHASTIC_INPUTS_PER_SCENE_GEOMETRY
synthetic-confirmatory-v3::a80c9108b4be2fc6ec434ddb11b8f5638ba33db2cd7bdccc3247101f83148329,END_FACE_TRANSITION_PRESENT,FULL_NOISE,944942356,774747940,1,2,FIFTEEN_STOCHASTIC_INPUTS_PER_SCENE_GEOMETRY
synthetic-confirmatory-v3::862400d706e1ff0f2352928f2635be33549b28de64688500e2934a31253b8a77,END_FACE_TRANSITION_PRESENT,FULL_NOISE,944942356,774747940,2,2,FIFTEEN_STOCHASTIC_INPUTS_PER_SCENE_GEOMETRY
synthetic-confirmatory-v3::85f5c0dc36dd66ab13da92499506fd5681a247cca7c0219624a0946d57e34a69,END_FACE_TRANSITION_PRESENT,FULL_NOISE,944942356,774747940,3,2,FIFTEEN_STOCHASTIC_INPUTS_PER_SCENE_GEOMETRY
synthetic-confirmatory-v3::4e3ffb815d82da4dc1ecaf0ef38ca4162bf7f34bd16628935515c6a188d463b9,END_FACE_TRANSITION_PRESENT,FULL_NOISE,944942356,774747940,4,2,FIFTEEN_STOCHASTIC_INPUTS_PER_SCENE_GEOMETRY
synthetic-confirmatory-v3::142b2095a248ee7a08b8ad820a3a380fe2b6f0ffe7073b4333713f03d53214ba,END_FACE_TRANSITION_PRESENT,IDEAL_MATCHED,51440372,,0,2,ONE_CONTROL_INPUT
synthetic-confirmatory-v3::12bc62bb3f19a94168a88e21752f95d9fd6e6055c13f41e7daa3b7f55b01b045,END_FACE_TRANSITION_PRESENT,INDEPENDENT_NOISE_FREE,51440372,,0,2,ONE_DETERMINISTIC_INDEPENDENT_INPUT
synthetic-confirmatory-v3::f1286dc9a2d01888712b8ebcaccf2f15b5bf87984f8cf87ecf5419036fea3e88,END_FACE_TRANSITION_PRESENT,FULL_NOISE,51440372,1607390209,0,2,FIFTEEN_STOCHASTIC_INPUTS_PER_SCENE_GEOMETRY
synthetic-confirmatory-v3::043c3da480ffa906a2a4638a6aaa4648b376736d75a74651d1176c44b9554d67,END_FACE_TRANSITION_PRESENT,FULL_NOISE,51440372,1607390209,1,2,FIFTEEN_STOCHASTIC_INPUTS_PER_SCENE_GEOMETRY
synthetic-confirmatory-v3::c99b8fe687a52f7419731d5da0307b53fb96db2f5178f1973323488628e5bcda,END_FACE_TRANSITION_PRESENT,FULL_NOISE,51440372,1607390209,2,2,FIFTEEN_STOCHASTIC_INPUTS_PER_SCENE_GEOMETRY
synthetic-confirmatory-v3::af458a4317a098c173c841195e6ae2230f28bd8efd15bda28f1fc1421385062d,END_FACE_TRANSITION_PRESENT,FULL_NOISE,51440372,1607390209,3,2,FIFTEEN_STOCHASTIC_INPUTS_PER_SCENE_GEOMETRY
synthetic-confirmatory-v3::f10d2d18e91ddeba27cc8b73b0c057b5d4f3706125202d71156ca2e8f97480b6,END_FACE_TRANSITION_PRESENT,FULL_NOISE,51440372,1607390209,4,2,FIFTEEN_STOCHASTIC_INPUTS_PER_SCENE_GEOMETRY
synthetic-confirmatory-v3::c94e3d728fb3b936a6cf68f769eb5e2a2f9eb80a10bc46df9e6c877880dae2f1,END_FACE_TRANSITION_PRESENT,FULL_NOISE,51440372,92844875,0,2,FIFTEEN_STOCHASTIC_INPUTS_PER_SCENE_GEOMETRY
synthetic-confirmatory-v3::3337e1166b59bc7bc0b673ed7cca2a3c5adc687c9f0e0634878aaa443b452ca8,END_FACE_TRANSITION_PRESENT,FULL_NOISE,51440372,92844875,1,2,FIFTEEN_STOCHASTIC_INPUTS_PER_SCENE_GEOMETRY
synthetic-confirmatory-v3::4fca6c08d84786a8c653ba78ccf6953c25c47e8007753ac4ddcf2c76e5e289e7,END_FACE_TRANSITION_PRESENT,FULL_NOISE,51440372,92844875,2,2,FIFTEEN_STOCHASTIC_INPUTS_PER_SCENE_GEOMETRY
synthetic-confirmatory-v3::4a066a5f88beccff626068af8269bdda3de6f0b2ba16b1983ef21bad7dabbfd4,END_FACE_TRANSITION_PRESENT,FULL_NOISE,51440372,92844875,3,2,FIFTEEN_STOCHASTIC_INPUTS_PER_SCENE_GEOMETRY
synthetic-confirmatory-v3::3ea93851eb0dc637e4f3d72d57018078edf2f34532f40bdb73e3c8c38eb613a2,END_FACE_TRANSITION_PRESENT,FULL_NOISE,51440372,92844875,4,2,FIFTEEN_STOCHASTIC_INPUTS_PER_SCENE_GEOMETRY
synthetic-confirmatory-v3::ae6f83ac389a5b7b3a72ac8ffde95dc5a3fdbaf48a9f7ca55499017e0044bb4e,END_FACE_TRANSITION_PRESENT,FULL_NOISE,51440372,774747940,0,2,FIFTEEN_STOCHASTIC_INPUTS_PER_SCENE_GEOMETRY
synthetic-confirmatory-v3::83310c84fa84df15e1b1dfd5b3afd5a6f06ac196d24c0a87a11faa6956c21af1,END_FACE_TRANSITION_PRESENT,FULL_NOISE,51440372,774747940,1,2,FIFTEEN_STOCHASTIC_INPUTS_PER_SCENE_GEOMETRY
synthetic-confirmatory-v3::5b74f3321481bb1a537ac157dbd107cfde0e7a2cbdee1b578a7aefb57597c471,END_FACE_TRANSITION_PRESENT,FULL_NOISE,51440372,774747940,2,2,FIFTEEN_STOCHASTIC_INPUTS_PER_SCENE_GEOMETRY
synthetic-confirmatory-v3::731f20202082d88367d4d3474141678d052fc5eeb86e96191d096debf0176682,END_FACE_TRANSITION_PRESENT,FULL_NOISE,51440372,774747940,3,2,FIFTEEN_STOCHASTIC_INPUTS_PER_SCENE_GEOMETRY
synthetic-confirmatory-v3::553967739af8500a022ddae2172f7554da8a4ec4465828037c09b2222befcf38,END_FACE_TRANSITION_PRESENT,FULL_NOISE,51440372,774747940,4,2,FIFTEEN_STOCHASTIC_INPUTS_PER_SCENE_GEOMETRY
synthetic-confirmatory-v3::742c989de66b80267f0bdfd314d31a1dcdb5eca63858c6273ac132d69b1f3f98,END_FACE_TRANSITION_PRESENT,IDEAL_MATCHED,183965697,,0,2,ONE_CONTROL_INPUT
synthetic-confirmatory-v3::75be59dcf73a43506a9c95118a54bace33d85766ffc47851e838df0125f8cdf3,END_FACE_TRANSITION_PRESENT,INDEPENDENT_NOISE_FREE,183965697,,0,2,ONE_DETERMINISTIC_INDEPENDENT_INPUT
synthetic-confirmatory-v3::023a9e1326d69e68c1a71d7589b3f6f4d3cb809df29c69b3214dad759761aa32,END_FACE_TRANSITION_PRESENT,FULL_NOISE,183965697,1607390209,0,2,FIFTEEN_STOCHASTIC_INPUTS_PER_SCENE_GEOMETRY
synthetic-confirmatory-v3::01c20b61541dde7ee0ad17e7c034cea3d611a27bb42bdb8eb664ac7a6478b8f7,END_FACE_TRANSITION_PRESENT,FULL_NOISE,183965697,1607390209,1,2,FIFTEEN_STOCHASTIC_INPUTS_PER_SCENE_GEOMETRY
synthetic-confirmatory-v3::f15fdaf1d6f25e01d0d5e13544f0f1e7ca577a496158398576bb6d7244267697,END_FACE_TRANSITION_PRESENT,FULL_NOISE,183965697,1607390209,2,2,FIFTEEN_STOCHASTIC_INPUTS_PER_SCENE_GEOMETRY
synthetic-confirmatory-v3::0390234909e7a16f5c53eb34dbc7bde4798fae896dd40f623316168f1487a996,END_FACE_TRANSITION_PRESENT,FULL_NOISE,183965697,1607390209,3,2,FIFTEEN_STOCHASTIC_INPUTS_PER_SCENE_GEOMETRY
synthetic-confirmatory-v3::f2bae680a08827153a27a867b4642967fa1aed6cd950973051da125c838d490a,END_FACE_TRANSITION_PRESENT,FULL_NOISE,183965697,1607390209,4,2,FIFTEEN_STOCHASTIC_INPUTS_PER_SCENE_GEOMETRY
synthetic-confirmatory-v3::09f333c544dc4862e99daf6580fd1e4ca738d217042108b48b620f1131e5e66f,END_FACE_TRANSITION_PRESENT,FULL_NOISE,183965697,92844875,0,2,FIFTEEN_STOCHASTIC_INPUTS_PER_SCENE_GEOMETRY
synthetic-confirmatory-v3::e005ad62b6d56967228a1652af0dc0b1609993db1ea2fd845f82013e6be8f06d,END_FACE_TRANSITION_PRESENT,FULL_NOISE,183965697,92844875,1,2,FIFTEEN_STOCHASTIC_INPUTS_PER_SCENE_GEOMETRY
synthetic-confirmatory-v3::4fcacd56c7933d392a5ce7c1cf8c512b7f355171e8bbed389c88eb67eda21593,END_FACE_TRANSITION_PRESENT,FULL_NOISE,183965697,92844875,2,2,FIFTEEN_STOCHASTIC_INPUTS_PER_SCENE_GEOMETRY
synthetic-confirmatory-v3::e48794d44c2397cdc34b75e51b585e17b541828a53411f0d260ddce11d8b1f8d,END_FACE_TRANSITION_PRESENT,FULL_NOISE,183965697,92844875,3,2,FIFTEEN_STOCHASTIC_INPUTS_PER_SCENE_GEOMETRY
synthetic-confirmatory-v3::04ad8249139e57c8b3fdd02a2726bba1df5abf175155403086365cfbfbdceb55,END_FACE_TRANSITION_PRESENT,FULL_NOISE,183965697,92844875,4,2,FIFTEEN_STOCHASTIC_INPUTS_PER_SCENE_GEOMETRY
synthetic-confirmatory-v3::f55520b16dbcac4ab7a6dc7c3e3aacf2122392c304cba630ae2c9d0865766cf0,END_FACE_TRANSITION_PRESENT,FULL_NOISE,183965697,774747940,0,2,FIFTEEN_STOCHASTIC_INPUTS_PER_SCENE_GEOMETRY
synthetic-confirmatory-v3::ea779ef1719fe6667cffc1a2dd092d13585ee446d4ac1df9536e29133d88a2fc,END_FACE_TRANSITION_PRESENT,FULL_NOISE,183965697,774747940,1,2,FIFTEEN_STOCHASTIC_INPUTS_PER_SCENE_GEOMETRY
synthetic-confirmatory-v3::4b2aa74da2129b5e262a68ea9788279f232f066d71a24b8ff399a6f8520d53a2,END_FACE_TRANSITION_PRESENT,FULL_NOISE,183965697,774747940,2,2,FIFTEEN_STOCHASTIC_INPUTS_PER_SCENE_GEOMETRY
synthetic-confirmatory-v3::67ac5a14ea9a6b09e1e6737932da0a6cb6b6212a01bced3fbd082d40db1a931a,END_FACE_TRANSITION_PRESENT,FULL_NOISE,183965697,774747940,3,2,FIFTEEN_STOCHASTIC_INPUTS_PER_SCENE_GEOMETRY
synthetic-confirmatory-v3::1ea1c321a10c4b25746e7480499774c475a8950b73657a076b143ac130b65b22,END_FACE_TRANSITION_PRESENT,FULL_NOISE,183965697,774747940,4,2,FIFTEEN_STOCHASTIC_INPUTS_PER_SCENE_GEOMETRY
synthetic-confirmatory-v3::512015b02cc96dbf3f93660095841dc7f67d5e57cd2051f34432c2ae9de7f6f5,END_FACE_TRANSITION_WEAK,IDEAL_MATCHED,1601523854,,0,2,ONE_CONTROL_INPUT
synthetic-confirmatory-v3::c1df67a1bbdf320c7b83c6cd1cf5725f20b4304265c3bf2d946e2eea3db88c65,END_FACE_TRANSITION_WEAK,INDEPENDENT_NOISE_FREE,1601523854,,0,2,ONE_DETERMINISTIC_INDEPENDENT_INPUT
synthetic-confirmatory-v3::d945b650d83efc82056c18ab96138b0d6a77c4e5c2ee303850424883ad0189bb,END_FACE_TRANSITION_WEAK,FULL_NOISE,1601523854,1607390209,0,2,FIFTEEN_STOCHASTIC_INPUTS_PER_SCENE_GEOMETRY
synthetic-confirmatory-v3::e4011545c9b817651a7cea34e2ef0c9877ddc04b5b9782bab57c6a7fb545a715,END_FACE_TRANSITION_WEAK,FULL_NOISE,1601523854,1607390209,1,2,FIFTEEN_STOCHASTIC_INPUTS_PER_SCENE_GEOMETRY
synthetic-confirmatory-v3::70c3b555e4e7178d5ef7a4b429139feda096e07257767d5f5fd3925452377f82,END_FACE_TRANSITION_WEAK,FULL_NOISE,1601523854,1607390209,2,2,FIFTEEN_STOCHASTIC_INPUTS_PER_SCENE_GEOMETRY
synthetic-confirmatory-v3::3cb791e7bba4b451b602a7aeba76253c2f3e2ad65205245330ca03efca7ee4e5,END_FACE_TRANSITION_WEAK,FULL_NOISE,1601523854,1607390209,3,2,FIFTEEN_STOCHASTIC_INPUTS_PER_SCENE_GEOMETRY
synthetic-confirmatory-v3::5090d3f45aa03673cd09ebc7840cd37920c2ea3a7c097bbbe757b83462b7ba0e,END_FACE_TRANSITION_WEAK,FULL_NOISE,1601523854,1607390209,4,2,FIFTEEN_STOCHASTIC_INPUTS_PER_SCENE_GEOMETRY
synthetic-confirmatory-v3::b05cb8392af2bccc6dc6bbd0846acd8c0a9fd4b2a6472e43ce1b21e980de2900,END_FACE_TRANSITION_WEAK,FULL_NOISE,1601523854,92844875,0,2,FIFTEEN_STOCHASTIC_INPUTS_PER_SCENE_GEOMETRY
synthetic-confirmatory-v3::4e1f4d8cf869b497adb5ee5b6c614359fde579e0fd857df408137252c3105377,END_FACE_TRANSITION_WEAK,FULL_NOISE,1601523854,92844875,1,2,FIFTEEN_STOCHASTIC_INPUTS_PER_SCENE_GEOMETRY
synthetic-confirmatory-v3::289f83e8d149c5f2a74eef5b139e9c3f2a6536c38de4e39e0b4770067dcace59,END_FACE_TRANSITION_WEAK,FULL_NOISE,1601523854,92844875,2,2,FIFTEEN_STOCHASTIC_INPUTS_PER_SCENE_GEOMETRY
synthetic-confirmatory-v3::f5bbf042eff099398075f47c38b8d19fbc59ce64472267b35c24db2abf6f5c99,END_FACE_TRANSITION_WEAK,FULL_NOISE,1601523854,92844875,3,2,FIFTEEN_STOCHASTIC_INPUTS_PER_SCENE_GEOMETRY
synthetic-confirmatory-v3::51d9f10769f066a4efc34b3974fa49d5ae29667167094db33c5049cf967263a7,END_FACE_TRANSITION_WEAK,FULL_NOISE,1601523854,92844875,4,2,FIFTEEN_STOCHASTIC_INPUTS_PER_SCENE_GEOMETRY
synthetic-confirmatory-v3::983ffa58d4461eb6f642692cafa23b7819f8b40b7aa073528ba252f6070343b7,END_FACE_TRANSITION_WEAK,FULL_NOISE,1601523854,774747940,0,2,FIFTEEN_STOCHASTIC_INPUTS_PER_SCENE_GEOMETRY
synthetic-confirmatory-v3::77873425cc6dbdcaf782d0369ca805437cbbf083e718bbf8f846931c60a40851,END_FACE_TRANSITION_WEAK,FULL_NOISE,1601523854,774747940,1,2,FIFTEEN_STOCHASTIC_INPUTS_PER_SCENE_GEOMETRY
synthetic-confirmatory-v3::f6a54ccc411af0520822ccd49e98c1d0929bb328dc16fda8dde757d8cb3ea28b,END_FACE_TRANSITION_WEAK,FULL_NOISE,1601523854,774747940,2,2,FIFTEEN_STOCHASTIC_INPUTS_PER_SCENE_GEOMETRY
synthetic-confirmatory-v3::651f6b5bc80179cb27ce253511d9769bf70ffb7d4d5183121dfaee4f9e54ac1e,END_FACE_TRANSITION_WEAK,FULL_NOISE,1601523854,774747940,3,2,FIFTEEN_STOCHASTIC_INPUTS_PER_SCENE_GEOMETRY
synthetic-confirmatory-v3::f90d5b797e5678a6467c2b737143fba2725a9585de733a29b3af8ed65ca38419,END_FACE_TRANSITION_WEAK,FULL_NOISE,1601523854,774747940,4,2,FIFTEEN_STOCHASTIC_INPUTS_PER_SCENE_GEOMETRY
synthetic-confirmatory-v3::2e05836fdd31b21b648e3c256fd6ae3264cb6b29da2bf548967ce00f0d343f62,END_FACE_TRANSITION_WEAK,IDEAL_MATCHED,326786082,,0,2,ONE_CONTROL_INPUT
synthetic-confirmatory-v3::86a12d4f3b8aceee881c63efe2a3cf4b5069383589b3e3edd486d4b5ba3c1454,END_FACE_TRANSITION_WEAK,INDEPENDENT_NOISE_FREE,326786082,,0,2,ONE_DETERMINISTIC_INDEPENDENT_INPUT
synthetic-confirmatory-v3::303465f48978f5c9baf9697f9be3de6fd12827100764e65650ac81bce4f33c2a,END_FACE_TRANSITION_WEAK,FULL_NOISE,326786082,1607390209,0,2,FIFTEEN_STOCHASTIC_INPUTS_PER_SCENE_GEOMETRY
synthetic-confirmatory-v3::a40b7fe6eabd430e0c9277e8adc2a6cb2e5beea12e62cdf810b31113d24c875f,END_FACE_TRANSITION_WEAK,FULL_NOISE,326786082,1607390209,1,2,FIFTEEN_STOCHASTIC_INPUTS_PER_SCENE_GEOMETRY
synthetic-confirmatory-v3::0f2e9139801485d6c4ce827ee39a1b8c8a2c178c1cfc387970c3b4731a458428,END_FACE_TRANSITION_WEAK,FULL_NOISE,326786082,1607390209,2,2,FIFTEEN_STOCHASTIC_INPUTS_PER_SCENE_GEOMETRY
synthetic-confirmatory-v3::0c126a6834652b7548307ae6a47bf899bcf87ed1bdf06460f40b390eab1c2555,END_FACE_TRANSITION_WEAK,FULL_NOISE,326786082,1607390209,3,2,FIFTEEN_STOCHASTIC_INPUTS_PER_SCENE_GEOMETRY
synthetic-confirmatory-v3::45a1dffa9dc912252c36c246c5e5173796b3668bd9331ab0d1ea5c2512edaf03,END_FACE_TRANSITION_WEAK,FULL_NOISE,326786082,1607390209,4,2,FIFTEEN_STOCHASTIC_INPUTS_PER_SCENE_GEOMETRY
synthetic-confirmatory-v3::29f80e2108f1e39d43630b1340b4c19aaaf39ae49ebbb9edb31ad58b10a6048c,END_FACE_TRANSITION_WEAK,FULL_NOISE,326786082,92844875,0,2,FIFTEEN_STOCHASTIC_INPUTS_PER_SCENE_GEOMETRY
synthetic-confirmatory-v3::9426cf9d0fe4343a6c416f1c96c61b484b482db72f9c1d3a9e38c2afaf77e5c0,END_FACE_TRANSITION_WEAK,FULL_NOISE,326786082,92844875,1,2,FIFTEEN_STOCHASTIC_INPUTS_PER_SCENE_GEOMETRY
synthetic-confirmatory-v3::047f616de9f27abd1513b12f7ad5300e5530f8012f0115f25e2526ff2669d431,END_FACE_TRANSITION_WEAK,FULL_NOISE,326786082,92844875,2,2,FIFTEEN_STOCHASTIC_INPUTS_PER_SCENE_GEOMETRY
synthetic-confirmatory-v3::d513c76d11b19c383b6ce38cc89969292a05cb9f027d23d6bdb6c327e99cb4dd,END_FACE_TRANSITION_WEAK,FULL_NOISE,326786082,92844875,3,2,FIFTEEN_STOCHASTIC_INPUTS_PER_SCENE_GEOMETRY
synthetic-confirmatory-v3::5327ca62a7e6ce2a02b9504ed22d68bd8f91f76bb9e9f095ed67202658375b9f,END_FACE_TRANSITION_WEAK,FULL_NOISE,326786082,92844875,4,2,FIFTEEN_STOCHASTIC_INPUTS_PER_SCENE_GEOMETRY
synthetic-confirmatory-v3::69fd6d505a73fde424554eb5df455badcb63f777c6a8cc572912f25dabfcd2ec,END_FACE_TRANSITION_WEAK,FULL_NOISE,326786082,774747940,0,2,FIFTEEN_STOCHASTIC_INPUTS_PER_SCENE_GEOMETRY
synthetic-confirmatory-v3::eaef77370bf2247d0b732cf50c35aa713058e4f67bc605ee21937d89114b7ddc,END_FACE_TRANSITION_WEAK,FULL_NOISE,326786082,774747940,1,2,FIFTEEN_STOCHASTIC_INPUTS_PER_SCENE_GEOMETRY
synthetic-confirmatory-v3::a1f8fd667f6031f08f211978ae3c2f68b537749ceed0ef506956fea1f4ea7230,END_FACE_TRANSITION_WEAK,FULL_NOISE,326786082,774747940,2,2,FIFTEEN_STOCHASTIC_INPUTS_PER_SCENE_GEOMETRY
synthetic-confirmatory-v3::e689595bd0e6580f8588013b364a16a365a6d4b895190f367931ba72275661e2,END_FACE_TRANSITION_WEAK,FULL_NOISE,326786082,774747940,3,2,FIFTEEN_STOCHASTIC_INPUTS_PER_SCENE_GEOMETRY
synthetic-confirmatory-v3::60931f6dbd4d624b6819a707fc104e9f39ac8fd8b659c137ce76d27fe23d6f32,END_FACE_TRANSITION_WEAK,FULL_NOISE,326786082,774747940,4,2,FIFTEEN_STOCHASTIC_INPUTS_PER_SCENE_GEOMETRY
synthetic-confirmatory-v3::a1f8f8330a533f3c3a3b6836f00d766f159fb285b8e24960a880dfa1cab611ac,END_FACE_TRANSITION_WEAK,IDEAL_MATCHED,944942356,,0,2,ONE_CONTROL_INPUT
synthetic-confirmatory-v3::f8f9f77780df45542a270efa7d97271a4d25c513bb769fbad96cbbb4a772b03e,END_FACE_TRANSITION_WEAK,INDEPENDENT_NOISE_FREE,944942356,,0,2,ONE_DETERMINISTIC_INDEPENDENT_INPUT
synthetic-confirmatory-v3::aa1561c188b7a51d64e6748bd9e8186f7b934fe227e4e9b2a09ee8ce38401f18,END_FACE_TRANSITION_WEAK,FULL_NOISE,944942356,1607390209,0,2,FIFTEEN_STOCHASTIC_INPUTS_PER_SCENE_GEOMETRY
synthetic-confirmatory-v3::a587bfccb29a4d0717de383fb445d5425ed5f47e2e2fe8464ba7a1945407caa1,END_FACE_TRANSITION_WEAK,FULL_NOISE,944942356,1607390209,1,2,FIFTEEN_STOCHASTIC_INPUTS_PER_SCENE_GEOMETRY
synthetic-confirmatory-v3::9e75eff54a369de84587d902a37ef2d53afd263383a734095709e38f0977fe46,END_FACE_TRANSITION_WEAK,FULL_NOISE,944942356,1607390209,2,2,FIFTEEN_STOCHASTIC_INPUTS_PER_SCENE_GEOMETRY
synthetic-confirmatory-v3::479b8a2e56b8c272c35d2dab0bac728def1a84e38ddc1b774bf6d5070e339110,END_FACE_TRANSITION_WEAK,FULL_NOISE,944942356,1607390209,3,2,FIFTEEN_STOCHASTIC_INPUTS_PER_SCENE_GEOMETRY
synthetic-confirmatory-v3::7b93ac12ead58facdb06d6ed88acf01e2f4c58820b94ce79404840aa8eb53485,END_FACE_TRANSITION_WEAK,FULL_NOISE,944942356,1607390209,4,2,FIFTEEN_STOCHASTIC_INPUTS_PER_SCENE_GEOMETRY
synthetic-confirmatory-v3::e8ac67a73f87a77b00d153a208a0831a1cb330464c2cc322d8b463a9cd25db59,END_FACE_TRANSITION_WEAK,FULL_NOISE,944942356,92844875,0,2,FIFTEEN_STOCHASTIC_INPUTS_PER_SCENE_GEOMETRY
synthetic-confirmatory-v3::07727702573db119720ca742392738588e5f65f8b04db979721f78597a26a0bd,END_FACE_TRANSITION_WEAK,FULL_NOISE,944942356,92844875,1,2,FIFTEEN_STOCHASTIC_INPUTS_PER_SCENE_GEOMETRY
synthetic-confirmatory-v3::7e7f3ce4125d4ce8e9f369e10aced91277f2270b0a3586c1a1ed00c7b6015c23,END_FACE_TRANSITION_WEAK,FULL_NOISE,944942356,92844875,2,2,FIFTEEN_STOCHASTIC_INPUTS_PER_SCENE_GEOMETRY
synthetic-confirmatory-v3::4a095aa7c4a1e02d33d979ce7d0f4b72f9beb87975bbae51fc21a0cd9f1be397,END_FACE_TRANSITION_WEAK,FULL_NOISE,944942356,92844875,3,2,FIFTEEN_STOCHASTIC_INPUTS_PER_SCENE_GEOMETRY
synthetic-confirmatory-v3::cd3b67b4ad91cf9f3bad7067fa24ad13c1d9ed808719d7228ff109e53e6c715d,END_FACE_TRANSITION_WEAK,FULL_NOISE,944942356,92844875,4,2,FIFTEEN_STOCHASTIC_INPUTS_PER_SCENE_GEOMETRY
synthetic-confirmatory-v3::739fcc1c7724c24a40ae57e1c12db51258c06cdb867abb2aac1af51e5a4ec13a,END_FACE_TRANSITION_WEAK,FULL_NOISE,944942356,774747940,0,2,FIFTEEN_STOCHASTIC_INPUTS_PER_SCENE_GEOMETRY
synthetic-confirmatory-v3::8f3c714043a18e20f3702ebf893e2464f905b7f7b37880c362d738cfe84689ce,END_FACE_TRANSITION_WEAK,FULL_NOISE,944942356,774747940,1,2,FIFTEEN_STOCHASTIC_INPUTS_PER_SCENE_GEOMETRY
synthetic-confirmatory-v3::ee6f64da175e97fc968077c9e796caad339500fd41b1f4f5fb2b2c13684ba500,END_FACE_TRANSITION_WEAK,FULL_NOISE,944942356,774747940,2,2,FIFTEEN_STOCHASTIC_INPUTS_PER_SCENE_GEOMETRY
synthetic-confirmatory-v3::3b61efe8c28f647a98a173b8cb9298bf9bbe111fc050378f1338081e92099607,END_FACE_TRANSITION_WEAK,FULL_NOISE,944942356,774747940,3,2,FIFTEEN_STOCHASTIC_INPUTS_PER_SCENE_GEOMETRY
synthetic-confirmatory-v3::c830702079f85af08cfc1d72d8eaccb7a3a70769d1827e29772a1666a729736d,END_FACE_TRANSITION_WEAK,FULL_NOISE,944942356,774747940,4,2,FIFTEEN_STOCHASTIC_INPUTS_PER_SCENE_GEOMETRY
synthetic-confirmatory-v3::6b6758776321df357844c66ec46217c622e717e3623b769a14e26bb002b4baf2,END_FACE_TRANSITION_WEAK,IDEAL_MATCHED,51440372,,0,2,ONE_CONTROL_INPUT
synthetic-confirmatory-v3::e70be428fc4e949c082b2d495accc97607a8214a40e1e1ba4cde084f2a0fd303,END_FACE_TRANSITION_WEAK,INDEPENDENT_NOISE_FREE,51440372,,0,2,ONE_DETERMINISTIC_INDEPENDENT_INPUT
synthetic-confirmatory-v3::95ce7b299866c2c10cb2cfb8d769c0f3b914406f0a5f562c93507118dad64f91,END_FACE_TRANSITION_WEAK,FULL_NOISE,51440372,1607390209,0,2,FIFTEEN_STOCHASTIC_INPUTS_PER_SCENE_GEOMETRY
synthetic-confirmatory-v3::3080a4ce77291483d6c64d47f3e6365b705cc237b3e87461b68c2a5ad7ef8e71,END_FACE_TRANSITION_WEAK,FULL_NOISE,51440372,1607390209,1,2,FIFTEEN_STOCHASTIC_INPUTS_PER_SCENE_GEOMETRY
synthetic-confirmatory-v3::5d374be711cf5c54c954c8d046a2eda070bd3da955354b7296c738093a485ea4,END_FACE_TRANSITION_WEAK,FULL_NOISE,51440372,1607390209,2,2,FIFTEEN_STOCHASTIC_INPUTS_PER_SCENE_GEOMETRY
synthetic-confirmatory-v3::056631190024f8c414d514bc53dd46842e3c628c75e067eab84d19e8a55952c2,END_FACE_TRANSITION_WEAK,FULL_NOISE,51440372,1607390209,3,2,FIFTEEN_STOCHASTIC_INPUTS_PER_SCENE_GEOMETRY
synthetic-confirmatory-v3::ce36478b73d348d31c775061f8e048b06f8fc1b454ce581502c57845908df670,END_FACE_TRANSITION_WEAK,FULL_NOISE,51440372,1607390209,4,2,FIFTEEN_STOCHASTIC_INPUTS_PER_SCENE_GEOMETRY
synthetic-confirmatory-v3::575045ea3933782e21699bb82cf749e0ab5194f0b3a86495dce5b9c886c76e32,END_FACE_TRANSITION_WEAK,FULL_NOISE,51440372,92844875,0,2,FIFTEEN_STOCHASTIC_INPUTS_PER_SCENE_GEOMETRY
synthetic-confirmatory-v3::3f1ef8bb07e9d1155b5261a578ddf18af8599004d9bde47667c971ecf4202ae8,END_FACE_TRANSITION_WEAK,FULL_NOISE,51440372,92844875,1,2,FIFTEEN_STOCHASTIC_INPUTS_PER_SCENE_GEOMETRY
synthetic-confirmatory-v3::f26cee85c189a10b3a1b3bbed621fbc76f5384e5efc148f79b87c440cb1da4b4,END_FACE_TRANSITION_WEAK,FULL_NOISE,51440372,92844875,2,2,FIFTEEN_STOCHASTIC_INPUTS_PER_SCENE_GEOMETRY
synthetic-confirmatory-v3::df60d7c9ef4e657da84745a184d7416be72bbdec94523976c7e245de1ca3d67d,END_FACE_TRANSITION_WEAK,FULL_NOISE,51440372,92844875,3,2,FIFTEEN_STOCHASTIC_INPUTS_PER_SCENE_GEOMETRY
synthetic-confirmatory-v3::91b25cc0fa70ffba6324a89c490cb6a917db0c9dfe29485d1973e9c33a3b5ae8,END_FACE_TRANSITION_WEAK,FULL_NOISE,51440372,92844875,4,2,FIFTEEN_STOCHASTIC_INPUTS_PER_SCENE_GEOMETRY
synthetic-confirmatory-v3::a998152db885315d58d35aebcdf5c9f5c3c4902d2eb35d7748bc4f7510480f2e,END_FACE_TRANSITION_WEAK,FULL_NOISE,51440372,774747940,0,2,FIFTEEN_STOCHASTIC_INPUTS_PER_SCENE_GEOMETRY
synthetic-confirmatory-v3::a5bdf38b4c5ee31354c732cac2b0956483bfbc666e2ac4cb5ae050564f523d28,END_FACE_TRANSITION_WEAK,FULL_NOISE,51440372,774747940,1,2,FIFTEEN_STOCHASTIC_INPUTS_PER_SCENE_GEOMETRY
synthetic-confirmatory-v3::b05771ebe2cf5fb938b0d007561dfbdac892f9b377812c6af2cce946d6bcdb25,END_FACE_TRANSITION_WEAK,FULL_NOISE,51440372,774747940,2,2,FIFTEEN_STOCHASTIC_INPUTS_PER_SCENE_GEOMETRY
synthetic-confirmatory-v3::98479cfb87bb314a6060362caf37517c59f7c185883bb54b2c049c8ecd2a99ec,END_FACE_TRANSITION_WEAK,FULL_NOISE,51440372,774747940,3,2,FIFTEEN_STOCHASTIC_INPUTS_PER_SCENE_GEOMETRY
synthetic-confirmatory-v3::67284e695dd989f5bf23d4087f68f3ff444fc81e03667fbb26042aed270da496,END_FACE_TRANSITION_WEAK,FULL_NOISE,51440372,774747940,4,2,FIFTEEN_STOCHASTIC_INPUTS_PER_SCENE_GEOMETRY
synthetic-confirmatory-v3::f2db8b060b19c928899dcebb22d985891845df260631224eede7770218259293,END_FACE_TRANSITION_WEAK,IDEAL_MATCHED,183965697,,0,2,ONE_CONTROL_INPUT
synthetic-confirmatory-v3::d8932c20529541306c054334bc06d26142a2f8855ae5c79f4a506892cd5cfd60,END_FACE_TRANSITION_WEAK,INDEPENDENT_NOISE_FREE,183965697,,0,2,ONE_DETERMINISTIC_INDEPENDENT_INPUT
synthetic-confirmatory-v3::a00ef69ef3113e11cbc8e33d10f7a31f3d7da1b94a41b86feda21ce17bc83424,END_FACE_TRANSITION_WEAK,FULL_NOISE,183965697,1607390209,0,2,FIFTEEN_STOCHASTIC_INPUTS_PER_SCENE_GEOMETRY
synthetic-confirmatory-v3::c67e5d5e58525fc41f2b06b98bed29b24b2eba6db1f7264e7d248822e7066955,END_FACE_TRANSITION_WEAK,FULL_NOISE,183965697,1607390209,1,2,FIFTEEN_STOCHASTIC_INPUTS_PER_SCENE_GEOMETRY
synthetic-confirmatory-v3::7dabfe6fc6815acf512c1258b74aa443d641728589bf7d3470ba977a78a3af87,END_FACE_TRANSITION_WEAK,FULL_NOISE,183965697,1607390209,2,2,FIFTEEN_STOCHASTIC_INPUTS_PER_SCENE_GEOMETRY
synthetic-confirmatory-v3::eeb7d9839c4addf9b4337f611464576976413ef0718e470c33260edf7510a9aa,END_FACE_TRANSITION_WEAK,FULL_NOISE,183965697,1607390209,3,2,FIFTEEN_STOCHASTIC_INPUTS_PER_SCENE_GEOMETRY
synthetic-confirmatory-v3::df162a9e57419044d9ec2277d8da0c529e9265b23d7bb33d037ea0aaaea946e7,END_FACE_TRANSITION_WEAK,FULL_NOISE,183965697,1607390209,4,2,FIFTEEN_STOCHASTIC_INPUTS_PER_SCENE_GEOMETRY
synthetic-confirmatory-v3::63631e7e1d18f80ffee1b2358d11510802c2bc45d746a8ffc5ceb4f4c8b1aabc,END_FACE_TRANSITION_WEAK,FULL_NOISE,183965697,92844875,0,2,FIFTEEN_STOCHASTIC_INPUTS_PER_SCENE_GEOMETRY
synthetic-confirmatory-v3::38bc678b463f765e3b0ec30458352b53e6ed0f3c94b9c5259eb314738542e41a,END_FACE_TRANSITION_WEAK,FULL_NOISE,183965697,92844875,1,2,FIFTEEN_STOCHASTIC_INPUTS_PER_SCENE_GEOMETRY
synthetic-confirmatory-v3::0fc8f595419893efc56f2dd1c0654051f65f48fa432d2e9979b9446f8208fcda,END_FACE_TRANSITION_WEAK,FULL_NOISE,183965697,92844875,2,2,FIFTEEN_STOCHASTIC_INPUTS_PER_SCENE_GEOMETRY
synthetic-confirmatory-v3::14b2095dddf67f281c8195e6743f7e95511ffc545b3dbb136d188d3122074d86,END_FACE_TRANSITION_WEAK,FULL_NOISE,183965697,92844875,3,2,FIFTEEN_STOCHASTIC_INPUTS_PER_SCENE_GEOMETRY
synthetic-confirmatory-v3::17d9817ee93ab79a42bad5a419fb0b89dadba254be3acdb5109a20dd86b1b675,END_FACE_TRANSITION_WEAK,FULL_NOISE,183965697,92844875,4,2,FIFTEEN_STOCHASTIC_INPUTS_PER_SCENE_GEOMETRY
synthetic-confirmatory-v3::e4a8ee98b9d1d6331db4c3f43849cfea295dead88a9b6e81484fba4a0211b1ef,END_FACE_TRANSITION_WEAK,FULL_NOISE,183965697,774747940,0,2,FIFTEEN_STOCHASTIC_INPUTS_PER_SCENE_GEOMETRY
synthetic-confirmatory-v3::0f82284372d125beeea315f19687de4be7655b2000a03d18be76ba573a65e479,END_FACE_TRANSITION_WEAK,FULL_NOISE,183965697,774747940,1,2,FIFTEEN_STOCHASTIC_INPUTS_PER_SCENE_GEOMETRY
synthetic-confirmatory-v3::60ca74bcdd5d32a559ad8e5e91b8fa55e409b55384728b0ba19b117801690c06,END_FACE_TRANSITION_WEAK,FULL_NOISE,183965697,774747940,2,2,FIFTEEN_STOCHASTIC_INPUTS_PER_SCENE_GEOMETRY
synthetic-confirmatory-v3::54a9d657756c4688e89f8926c654b6e1c57c5f44ce4d7e538695f04de4c90007,END_FACE_TRANSITION_WEAK,FULL_NOISE,183965697,774747940,3,2,FIFTEEN_STOCHASTIC_INPUTS_PER_SCENE_GEOMETRY
synthetic-confirmatory-v3::9e2cd589cc243d90571af62a6fc04aebec7fa9e7310f1ae217e121416777ff5e,END_FACE_TRANSITION_WEAK,FULL_NOISE,183965697,774747940,4,2,FIFTEEN_STOCHASTIC_INPUTS_PER_SCENE_GEOMETRY
synthetic-confirmatory-v3::8615763a22ed6cfa67ba0120e8763b184161d9f2cfc47ffd5294249aa46c974a,END_FACE_TRANSITION_ABSENT,IDEAL_MATCHED,1601523854,,0,2,ONE_CONTROL_INPUT
synthetic-confirmatory-v3::9273879cb59b775bedaa6f2e4e634f7d51726bfbeb72f1ab13023fc10fa8505f,END_FACE_TRANSITION_ABSENT,INDEPENDENT_NOISE_FREE,1601523854,,0,2,ONE_DETERMINISTIC_INDEPENDENT_INPUT
synthetic-confirmatory-v3::7f2a109f6a1564310021e6438f61afa200a2a105fcdbf9ddf08b3450ec2442e8,END_FACE_TRANSITION_ABSENT,FULL_NOISE,1601523854,1607390209,0,2,FIFTEEN_STOCHASTIC_INPUTS_PER_SCENE_GEOMETRY
synthetic-confirmatory-v3::8f1fdd205ae3f253b26fc007ffdc0b4d4a305484a8a0813b43aec5a492a3438d,END_FACE_TRANSITION_ABSENT,FULL_NOISE,1601523854,1607390209,1,2,FIFTEEN_STOCHASTIC_INPUTS_PER_SCENE_GEOMETRY
synthetic-confirmatory-v3::c74dd95890af3c8853dc16d426f3a2c4de89511715571b9d58d5fe6a3dba3cd7,END_FACE_TRANSITION_ABSENT,FULL_NOISE,1601523854,1607390209,2,2,FIFTEEN_STOCHASTIC_INPUTS_PER_SCENE_GEOMETRY
synthetic-confirmatory-v3::36565abb0f92a5ea2872a41bf73bfaecf85655767b5329bfeb56d46841b74302,END_FACE_TRANSITION_ABSENT,FULL_NOISE,1601523854,1607390209,3,2,FIFTEEN_STOCHASTIC_INPUTS_PER_SCENE_GEOMETRY
synthetic-confirmatory-v3::9588632e12e75e4995a7832ad25ad981f2bb08bd984f80d205710158cef9fd24,END_FACE_TRANSITION_ABSENT,FULL_NOISE,1601523854,1607390209,4,2,FIFTEEN_STOCHASTIC_INPUTS_PER_SCENE_GEOMETRY
synthetic-confirmatory-v3::58f457d670856d81f1dbaa2f3d3bcbbd910b1f18fd9307168505a34076583a92,END_FACE_TRANSITION_ABSENT,FULL_NOISE,1601523854,92844875,0,2,FIFTEEN_STOCHASTIC_INPUTS_PER_SCENE_GEOMETRY
synthetic-confirmatory-v3::b13f8f736668abab3f4950c7a29419d2577458f17245d37943fd8552ca1b679f,END_FACE_TRANSITION_ABSENT,FULL_NOISE,1601523854,92844875,1,2,FIFTEEN_STOCHASTIC_INPUTS_PER_SCENE_GEOMETRY
synthetic-confirmatory-v3::d1773d44f5f02365703e563c6f3972939115b15afa160d8193255577e2a1b9f2,END_FACE_TRANSITION_ABSENT,FULL_NOISE,1601523854,92844875,2,2,FIFTEEN_STOCHASTIC_INPUTS_PER_SCENE_GEOMETRY
synthetic-confirmatory-v3::8b1a86e1666fbb7a2898b8e49e13b617908390c43464ce274ffd16ed6703cc0a,END_FACE_TRANSITION_ABSENT,FULL_NOISE,1601523854,92844875,3,2,FIFTEEN_STOCHASTIC_INPUTS_PER_SCENE_GEOMETRY
synthetic-confirmatory-v3::c4cc68aefd0fceb999ce5e7d4eec4c8f342e1c599242e063bb07eb2063599b76,END_FACE_TRANSITION_ABSENT,FULL_NOISE,1601523854,92844875,4,2,FIFTEEN_STOCHASTIC_INPUTS_PER_SCENE_GEOMETRY
synthetic-confirmatory-v3::1737213fe3d3e5ae6d6099a8c6b45afcca17f763cfb26a5d3946cdc0e7e318bc,END_FACE_TRANSITION_ABSENT,FULL_NOISE,1601523854,774747940,0,2,FIFTEEN_STOCHASTIC_INPUTS_PER_SCENE_GEOMETRY
synthetic-confirmatory-v3::9e93807ead17d9d486813b9682ab0e2464aac259dba2f27fc244695131b5333e,END_FACE_TRANSITION_ABSENT,FULL_NOISE,1601523854,774747940,1,2,FIFTEEN_STOCHASTIC_INPUTS_PER_SCENE_GEOMETRY
synthetic-confirmatory-v3::04fbd40576a7b844aabc93f99ef7f2c0e28df4883f6a77784154185e2eec9d89,END_FACE_TRANSITION_ABSENT,FULL_NOISE,1601523854,774747940,2,2,FIFTEEN_STOCHASTIC_INPUTS_PER_SCENE_GEOMETRY
synthetic-confirmatory-v3::b8e91c473ea26f8f33b81b2ef1d82598cf4f6cf685eaf8943ffd738e000cacc3,END_FACE_TRANSITION_ABSENT,FULL_NOISE,1601523854,774747940,3,2,FIFTEEN_STOCHASTIC_INPUTS_PER_SCENE_GEOMETRY
synthetic-confirmatory-v3::bbcbb200c9a60fd123506b3ffcd500fa8390899b040ab764212bf33d1ee35a65,END_FACE_TRANSITION_ABSENT,FULL_NOISE,1601523854,774747940,4,2,FIFTEEN_STOCHASTIC_INPUTS_PER_SCENE_GEOMETRY
synthetic-confirmatory-v3::5269e1106ab3306de201fd4f434c495cfe38fb59008323ff1fbd0b42a77a58b6,END_FACE_TRANSITION_ABSENT,IDEAL_MATCHED,326786082,,0,2,ONE_CONTROL_INPUT
synthetic-confirmatory-v3::ffd28abde249ac2eb0519bb2e5f51c3c157498e847f213c8927ad8549f9ca9f7,END_FACE_TRANSITION_ABSENT,INDEPENDENT_NOISE_FREE,326786082,,0,2,ONE_DETERMINISTIC_INDEPENDENT_INPUT
synthetic-confirmatory-v3::e7d1038d786532a816e1cedbb136f05e575662138803d1c1415e18164e8aa9c1,END_FACE_TRANSITION_ABSENT,FULL_NOISE,326786082,1607390209,0,2,FIFTEEN_STOCHASTIC_INPUTS_PER_SCENE_GEOMETRY
synthetic-confirmatory-v3::627654021861b97bc5d28bdb32b133f44ade78beb24790f83071c0c5f8b08ebf,END_FACE_TRANSITION_ABSENT,FULL_NOISE,326786082,1607390209,1,2,FIFTEEN_STOCHASTIC_INPUTS_PER_SCENE_GEOMETRY
synthetic-confirmatory-v3::30c8665059acbe7b1cec5adff5b1b112738f4af909e351eb46d5db24017a419b,END_FACE_TRANSITION_ABSENT,FULL_NOISE,326786082,1607390209,2,2,FIFTEEN_STOCHASTIC_INPUTS_PER_SCENE_GEOMETRY
synthetic-confirmatory-v3::3bf8330fafdeae2d1c1e9f8f09f5fb638789ae86ebfcdb889b12eab95b75e76c,END_FACE_TRANSITION_ABSENT,FULL_NOISE,326786082,1607390209,3,2,FIFTEEN_STOCHASTIC_INPUTS_PER_SCENE_GEOMETRY
synthetic-confirmatory-v3::be541bde3f4acee3d4a4d7a1130fd489cf6608eccc85f6f899518420c23a9b3c,END_FACE_TRANSITION_ABSENT,FULL_NOISE,326786082,1607390209,4,2,FIFTEEN_STOCHASTIC_INPUTS_PER_SCENE_GEOMETRY
synthetic-confirmatory-v3::af97ca173ca97c0e6d1256649b6a97981798545032415e8258c1b82b3d4f321b,END_FACE_TRANSITION_ABSENT,FULL_NOISE,326786082,92844875,0,2,FIFTEEN_STOCHASTIC_INPUTS_PER_SCENE_GEOMETRY
synthetic-confirmatory-v3::19557d7ad58a52db4af0291860691a8f0805c95a6754ea0750d263e182bc6a18,END_FACE_TRANSITION_ABSENT,FULL_NOISE,326786082,92844875,1,2,FIFTEEN_STOCHASTIC_INPUTS_PER_SCENE_GEOMETRY
synthetic-confirmatory-v3::465c559e5c280f12d35292d7cb74631b3485214621532e354ddf5223a1bfaa31,END_FACE_TRANSITION_ABSENT,FULL_NOISE,326786082,92844875,2,2,FIFTEEN_STOCHASTIC_INPUTS_PER_SCENE_GEOMETRY
synthetic-confirmatory-v3::df5184524f28a158d6af2c12d8cfecad8cde7e0e0d4decdd613fa76566478295,END_FACE_TRANSITION_ABSENT,FULL_NOISE,326786082,92844875,3,2,FIFTEEN_STOCHASTIC_INPUTS_PER_SCENE_GEOMETRY
synthetic-confirmatory-v3::39c6e35f691805b992c752c9212eab263cf504e1e8d7bbd8141404227e340d0d,END_FACE_TRANSITION_ABSENT,FULL_NOISE,326786082,92844875,4,2,FIFTEEN_STOCHASTIC_INPUTS_PER_SCENE_GEOMETRY
synthetic-confirmatory-v3::658e27eb4b3308dfa162f96e3fe3862661a9dd9b424d3008f57ac3bbecf26042,END_FACE_TRANSITION_ABSENT,FULL_NOISE,326786082,774747940,0,2,FIFTEEN_STOCHASTIC_INPUTS_PER_SCENE_GEOMETRY
synthetic-confirmatory-v3::b464988d067e5b415bfae1bd5a3f78402ed7587d7b74b63eeb811f6cea2751cc,END_FACE_TRANSITION_ABSENT,FULL_NOISE,326786082,774747940,1,2,FIFTEEN_STOCHASTIC_INPUTS_PER_SCENE_GEOMETRY
synthetic-confirmatory-v3::8452b61d106c806a1aa2c51ad6219fbb0afbca223badf8c9f11a23cc8e5ce896,END_FACE_TRANSITION_ABSENT,FULL_NOISE,326786082,774747940,2,2,FIFTEEN_STOCHASTIC_INPUTS_PER_SCENE_GEOMETRY
synthetic-confirmatory-v3::7ac79825fe23c3ffc1c909142fdb98a1f572ce440c5917e4c2c6ec1972091627,END_FACE_TRANSITION_ABSENT,FULL_NOISE,326786082,774747940,3,2,FIFTEEN_STOCHASTIC_INPUTS_PER_SCENE_GEOMETRY
synthetic-confirmatory-v3::31883896611a2526200b485d316ecfb99d3f99b24bda54122e9660618427eb18,END_FACE_TRANSITION_ABSENT,FULL_NOISE,326786082,774747940,4,2,FIFTEEN_STOCHASTIC_INPUTS_PER_SCENE_GEOMETRY
synthetic-confirmatory-v3::0bf5c8e0f99973bd459a570f27e166a8e072a08a38b3f153fb03a453b82bd014,END_FACE_TRANSITION_ABSENT,IDEAL_MATCHED,944942356,,0,2,ONE_CONTROL_INPUT
synthetic-confirmatory-v3::026b60abad31bf745c5f9e507e75ab44d33f7198d84eb092ade60f20b36780b8,END_FACE_TRANSITION_ABSENT,INDEPENDENT_NOISE_FREE,944942356,,0,2,ONE_DETERMINISTIC_INDEPENDENT_INPUT
synthetic-confirmatory-v3::5d6441dc7ec10aec8c98d5f8c892b5f8f3b542e66f63252b329bbcfe3d2c91f1,END_FACE_TRANSITION_ABSENT,FULL_NOISE,944942356,1607390209,0,2,FIFTEEN_STOCHASTIC_INPUTS_PER_SCENE_GEOMETRY
synthetic-confirmatory-v3::73a20b11a60ef41d9cf579355157c3cba93342cff098931c5bedfaf049712759,END_FACE_TRANSITION_ABSENT,FULL_NOISE,944942356,1607390209,1,2,FIFTEEN_STOCHASTIC_INPUTS_PER_SCENE_GEOMETRY
synthetic-confirmatory-v3::74cacae511dd15ec3e573f362aabad64f97d5ef8f652d84ac5a08691af102f91,END_FACE_TRANSITION_ABSENT,FULL_NOISE,944942356,1607390209,2,2,FIFTEEN_STOCHASTIC_INPUTS_PER_SCENE_GEOMETRY
synthetic-confirmatory-v3::03167d63db9d2446145aa8feef4169c5a6825df5a7bad53b10e6e2a91797ab80,END_FACE_TRANSITION_ABSENT,FULL_NOISE,944942356,1607390209,3,2,FIFTEEN_STOCHASTIC_INPUTS_PER_SCENE_GEOMETRY
synthetic-confirmatory-v3::b149087e96606ad37530955213cbd37bc7aeb0e629ab759b3a87f362e11bac40,END_FACE_TRANSITION_ABSENT,FULL_NOISE,944942356,1607390209,4,2,FIFTEEN_STOCHASTIC_INPUTS_PER_SCENE_GEOMETRY
synthetic-confirmatory-v3::a88ca9d2ccebe7d6873d8e0631a5b33f74836c017941f680808ad2d1e694d5c8,END_FACE_TRANSITION_ABSENT,FULL_NOISE,944942356,92844875,0,2,FIFTEEN_STOCHASTIC_INPUTS_PER_SCENE_GEOMETRY
synthetic-confirmatory-v3::31551fd3625e312a963057f99a50e1f342329821f23a3acfaa9864804a433b6b,END_FACE_TRANSITION_ABSENT,FULL_NOISE,944942356,92844875,1,2,FIFTEEN_STOCHASTIC_INPUTS_PER_SCENE_GEOMETRY
synthetic-confirmatory-v3::2e476aebca2af3f49338eae7517218b15b53f8bada6328d345a2455568414b5b,END_FACE_TRANSITION_ABSENT,FULL_NOISE,944942356,92844875,2,2,FIFTEEN_STOCHASTIC_INPUTS_PER_SCENE_GEOMETRY
synthetic-confirmatory-v3::0c64a62f63521d548ff77970720dacb135eb8a8794dc2ac066062c858ecddafb,END_FACE_TRANSITION_ABSENT,FULL_NOISE,944942356,92844875,3,2,FIFTEEN_STOCHASTIC_INPUTS_PER_SCENE_GEOMETRY
synthetic-confirmatory-v3::642b9232caceb9a13c878ffe4824073f0c8c164442c2c2cc2928420f85b7eeac,END_FACE_TRANSITION_ABSENT,FULL_NOISE,944942356,92844875,4,2,FIFTEEN_STOCHASTIC_INPUTS_PER_SCENE_GEOMETRY
synthetic-confirmatory-v3::4e5ebaad6ffb5b22ea2fe7d73999796e7ee38bc945105814fbd4765ae75d8521,END_FACE_TRANSITION_ABSENT,FULL_NOISE,944942356,774747940,0,2,FIFTEEN_STOCHASTIC_INPUTS_PER_SCENE_GEOMETRY
synthetic-confirmatory-v3::a5770227074753e5656afb9c875a51f77970f330bf152acf3f76a5b6bfd59a2b,END_FACE_TRANSITION_ABSENT,FULL_NOISE,944942356,774747940,1,2,FIFTEEN_STOCHASTIC_INPUTS_PER_SCENE_GEOMETRY
synthetic-confirmatory-v3::9141c632bc5afd5d03973385b92cb1729753a419baaab56a3436755da8016f7c,END_FACE_TRANSITION_ABSENT,FULL_NOISE,944942356,774747940,2,2,FIFTEEN_STOCHASTIC_INPUTS_PER_SCENE_GEOMETRY
synthetic-confirmatory-v3::a928ced7067e8a4266cc326587640104aa48436f001ec99f262fdc47c405a88f,END_FACE_TRANSITION_ABSENT,FULL_NOISE,944942356,774747940,3,2,FIFTEEN_STOCHASTIC_INPUTS_PER_SCENE_GEOMETRY
synthetic-confirmatory-v3::1a8589e7014672a3ad47f9518c92bfd082a510460cf3da0797fcb5a3e1f990e3,END_FACE_TRANSITION_ABSENT,FULL_NOISE,944942356,774747940,4,2,FIFTEEN_STOCHASTIC_INPUTS_PER_SCENE_GEOMETRY
synthetic-confirmatory-v3::77a375c92fd508d2694854791a71941f095a21c13439c53303b02b417b747a55,END_FACE_TRANSITION_ABSENT,IDEAL_MATCHED,51440372,,0,2,ONE_CONTROL_INPUT
synthetic-confirmatory-v3::d38c46d2dbf09d9f32d50f7efbb8c5de2b6df745a8d7b3ff8711e51ae92fd9f7,END_FACE_TRANSITION_ABSENT,INDEPENDENT_NOISE_FREE,51440372,,0,2,ONE_DETERMINISTIC_INDEPENDENT_INPUT
synthetic-confirmatory-v3::e12d851ec75bbd7fe624e85820d37d661a7785f8b2b2e9021b727a8dd6840352,END_FACE_TRANSITION_ABSENT,FULL_NOISE,51440372,1607390209,0,2,FIFTEEN_STOCHASTIC_INPUTS_PER_SCENE_GEOMETRY
synthetic-confirmatory-v3::fe06aa4cd0d8b3985ef18544782da1baeb49c3f28a673bd98485b6631ce92ed6,END_FACE_TRANSITION_ABSENT,FULL_NOISE,51440372,1607390209,1,2,FIFTEEN_STOCHASTIC_INPUTS_PER_SCENE_GEOMETRY
synthetic-confirmatory-v3::3ecb3652217f7ae5ffe5f6f4a255b74fabc744d133c3656f9314595e53a8f8f1,END_FACE_TRANSITION_ABSENT,FULL_NOISE,51440372,1607390209,2,2,FIFTEEN_STOCHASTIC_INPUTS_PER_SCENE_GEOMETRY
synthetic-confirmatory-v3::7a3ba720e4a7ae22c3a4b32595e3b4413bea94c2b19478df065cb8a13ee93b4f,END_FACE_TRANSITION_ABSENT,FULL_NOISE,51440372,1607390209,3,2,FIFTEEN_STOCHASTIC_INPUTS_PER_SCENE_GEOMETRY
synthetic-confirmatory-v3::324f2cb93dc6d339ec1487f380aa226a01971f5282dba6be7f088c983c0061d5,END_FACE_TRANSITION_ABSENT,FULL_NOISE,51440372,1607390209,4,2,FIFTEEN_STOCHASTIC_INPUTS_PER_SCENE_GEOMETRY
synthetic-confirmatory-v3::b3307074dc0f482ff769fd381c404c582d00112d77a00fbe1f27d9d75c22c1b9,END_FACE_TRANSITION_ABSENT,FULL_NOISE,51440372,92844875,0,2,FIFTEEN_STOCHASTIC_INPUTS_PER_SCENE_GEOMETRY
synthetic-confirmatory-v3::2aca971dc3eea430b43cc5eb772384b3ab6fd9c07502a62064e5c5c8d44b7730,END_FACE_TRANSITION_ABSENT,FULL_NOISE,51440372,92844875,1,2,FIFTEEN_STOCHASTIC_INPUTS_PER_SCENE_GEOMETRY
synthetic-confirmatory-v3::510dfcbab0533c229078b5afa195ae74919a50649e60481ed882f69309aca104,END_FACE_TRANSITION_ABSENT,FULL_NOISE,51440372,92844875,2,2,FIFTEEN_STOCHASTIC_INPUTS_PER_SCENE_GEOMETRY
synthetic-confirmatory-v3::70e39bd70ae6354fbd10f4c84b848296dec53cb49bf51781537baed7019e5c6d,END_FACE_TRANSITION_ABSENT,FULL_NOISE,51440372,92844875,3,2,FIFTEEN_STOCHASTIC_INPUTS_PER_SCENE_GEOMETRY
synthetic-confirmatory-v3::2c7c42583bba0a26bb694d1f8a113778c00c70a1351c93709cef7753d46db3b0,END_FACE_TRANSITION_ABSENT,FULL_NOISE,51440372,92844875,4,2,FIFTEEN_STOCHASTIC_INPUTS_PER_SCENE_GEOMETRY
synthetic-confirmatory-v3::73d64e5ff81f5e697c916f85c0bd7dff4ce331493d0be66950a874a82c6b5089,END_FACE_TRANSITION_ABSENT,FULL_NOISE,51440372,774747940,0,2,FIFTEEN_STOCHASTIC_INPUTS_PER_SCENE_GEOMETRY
synthetic-confirmatory-v3::bb5faca2b660a422828a213af2a0200c5980e7842902798e6012df6797f819a0,END_FACE_TRANSITION_ABSENT,FULL_NOISE,51440372,774747940,1,2,FIFTEEN_STOCHASTIC_INPUTS_PER_SCENE_GEOMETRY
synthetic-confirmatory-v3::6e5a64357381a13b6e234a96bf5da179f284c6d78b0365773cd7fea1dff6f3d8,END_FACE_TRANSITION_ABSENT,FULL_NOISE,51440372,774747940,2,2,FIFTEEN_STOCHASTIC_INPUTS_PER_SCENE_GEOMETRY
synthetic-confirmatory-v3::9da13159f1a7b28181447ef0c12476783e6d2f9ef18a53a4251045c61ed3a527,END_FACE_TRANSITION_ABSENT,FULL_NOISE,51440372,774747940,3,2,FIFTEEN_STOCHASTIC_INPUTS_PER_SCENE_GEOMETRY
synthetic-confirmatory-v3::2e5b0615182f202794bf3a6783a5bf889fbd69cc964ede691bbfc4909e126f28,END_FACE_TRANSITION_ABSENT,FULL_NOISE,51440372,774747940,4,2,FIFTEEN_STOCHASTIC_INPUTS_PER_SCENE_GEOMETRY
synthetic-confirmatory-v3::0e8b590b1c5e84c125506ebc32cbb1ba9e832eac6cd36e7c0b692fc1537ec585,END_FACE_TRANSITION_ABSENT,IDEAL_MATCHED,183965697,,0,2,ONE_CONTROL_INPUT
synthetic-confirmatory-v3::6e802d3c80a9629890afa127c647fa4c7d3014971257a3384d0f93015d42e032,END_FACE_TRANSITION_ABSENT,INDEPENDENT_NOISE_FREE,183965697,,0,2,ONE_DETERMINISTIC_INDEPENDENT_INPUT
synthetic-confirmatory-v3::5744459500dcc7922c4ba3482d7c793a6c721987c6fe17a00b067bdf8f8fe648,END_FACE_TRANSITION_ABSENT,FULL_NOISE,183965697,1607390209,0,2,FIFTEEN_STOCHASTIC_INPUTS_PER_SCENE_GEOMETRY
synthetic-confirmatory-v3::f9be0a2aae33fc1110686c141fbaddb671b908d47753830a5fdb691163ca6cef,END_FACE_TRANSITION_ABSENT,FULL_NOISE,183965697,1607390209,1,2,FIFTEEN_STOCHASTIC_INPUTS_PER_SCENE_GEOMETRY
synthetic-confirmatory-v3::98de6360a93901de2baaaab1cf90a1865f51a38c7d0a3ea162b013215e0d4ae6,END_FACE_TRANSITION_ABSENT,FULL_NOISE,183965697,1607390209,2,2,FIFTEEN_STOCHASTIC_INPUTS_PER_SCENE_GEOMETRY
synthetic-confirmatory-v3::0ec131e755c1c4aa7280d63a6bfaabd5ea569ab0c1eadba07a8c88d77d5a9cc4,END_FACE_TRANSITION_ABSENT,FULL_NOISE,183965697,1607390209,3,2,FIFTEEN_STOCHASTIC_INPUTS_PER_SCENE_GEOMETRY
synthetic-confirmatory-v3::b6a9d48a919264777ec7d96b9c2fe4e5d0d89808ef75ad401fd298c9490e40d9,END_FACE_TRANSITION_ABSENT,FULL_NOISE,183965697,1607390209,4,2,FIFTEEN_STOCHASTIC_INPUTS_PER_SCENE_GEOMETRY
synthetic-confirmatory-v3::0470e06971cb9de4d4566d1b52bbf7c9f7659fd7d3919853eea121ccb9ac4d9d,END_FACE_TRANSITION_ABSENT,FULL_NOISE,183965697,92844875,0,2,FIFTEEN_STOCHASTIC_INPUTS_PER_SCENE_GEOMETRY
synthetic-confirmatory-v3::0b6e6e0dabdd160dcb7867a0a14baa659037cf5d76f68ae00a48b5d437909bdf,END_FACE_TRANSITION_ABSENT,FULL_NOISE,183965697,92844875,1,2,FIFTEEN_STOCHASTIC_INPUTS_PER_SCENE_GEOMETRY
synthetic-confirmatory-v3::e95efd807ebaad3758c4f0c602ef775f87e76e6c0e376f6a4b4c5aace2355205,END_FACE_TRANSITION_ABSENT,FULL_NOISE,183965697,92844875,2,2,FIFTEEN_STOCHASTIC_INPUTS_PER_SCENE_GEOMETRY
synthetic-confirmatory-v3::01032c20d76744fd3aa0e028b874c98c8ab5fc9661e71567871a90f1fe09582c,END_FACE_TRANSITION_ABSENT,FULL_NOISE,183965697,92844875,3,2,FIFTEEN_STOCHASTIC_INPUTS_PER_SCENE_GEOMETRY
synthetic-confirmatory-v3::ffc1269e12497500b9481eeac2c4df0ce2e7ac2ac9e656e0d7300319ed8e60e3,END_FACE_TRANSITION_ABSENT,FULL_NOISE,183965697,92844875,4,2,FIFTEEN_STOCHASTIC_INPUTS_PER_SCENE_GEOMETRY
synthetic-confirmatory-v3::d9808beb39d7a23fabeb1d4b48d98f26213ebfd95fefac18c60a8f457e226ce0,END_FACE_TRANSITION_ABSENT,FULL_NOISE,183965697,774747940,0,2,FIFTEEN_STOCHASTIC_INPUTS_PER_SCENE_GEOMETRY
synthetic-confirmatory-v3::fe6a632604341d6cf748375091772e95d90669ed1666ad9317ea42301d1cffd8,END_FACE_TRANSITION_ABSENT,FULL_NOISE,183965697,774747940,1,2,FIFTEEN_STOCHASTIC_INPUTS_PER_SCENE_GEOMETRY
synthetic-confirmatory-v3::c060c18abc741a8ec529b1dcb96e82a9f3ecfd83ad0ca12279f5a72edeb2e6f5,END_FACE_TRANSITION_ABSENT,FULL_NOISE,183965697,774747940,2,2,FIFTEEN_STOCHASTIC_INPUTS_PER_SCENE_GEOMETRY
synthetic-confirmatory-v3::95d174deddad8d10a9ba9552ed2ba2bfca20c5d95ab4d67b76f50b6a24b1f47d,END_FACE_TRANSITION_ABSENT,FULL_NOISE,183965697,774747940,3,2,FIFTEEN_STOCHASTIC_INPUTS_PER_SCENE_GEOMETRY
synthetic-confirmatory-v3::839f87bc3605cf251f89b78af662eda9a9b06f24d3396e73b3bd95977f3715e5,END_FACE_TRANSITION_ABSENT,FULL_NOISE,183965697,774747940,4,2,FIFTEEN_STOCHASTIC_INPUTS_PER_SCENE_GEOMETRY
synthetic-confirmatory-v3::b96882d39b2d66648c5eae601478dcc500097e947c75644a64583dc739d0f9de,REPEATED_STRUCTURE,IDEAL_MATCHED,1601523854,,0,2,ONE_CONTROL_INPUT
synthetic-confirmatory-v3::c28e134438636ad3603d7f85c1427bce91196bdaf1b08df138bbe72b496ec568,REPEATED_STRUCTURE,INDEPENDENT_NOISE_FREE,1601523854,,0,2,ONE_DETERMINISTIC_INDEPENDENT_INPUT
synthetic-confirmatory-v3::237be53f23b454870bbafe5283498762f3610a475f021f37916ab7b9c5273384,REPEATED_STRUCTURE,FULL_NOISE,1601523854,1607390209,0,2,FIFTEEN_STOCHASTIC_INPUTS_PER_SCENE_GEOMETRY
synthetic-confirmatory-v3::dea0d8582656d2b7cf343da601cc9f259355004faa49c8905ab68ba6d50cf98b,REPEATED_STRUCTURE,FULL_NOISE,1601523854,1607390209,1,2,FIFTEEN_STOCHASTIC_INPUTS_PER_SCENE_GEOMETRY
synthetic-confirmatory-v3::502581bdbad939504666a51bf378d819ae8b5a103387824d428804acc57aeab0,REPEATED_STRUCTURE,FULL_NOISE,1601523854,1607390209,2,2,FIFTEEN_STOCHASTIC_INPUTS_PER_SCENE_GEOMETRY
synthetic-confirmatory-v3::3429abf8e9d4dceb16ef2238484a21c7bc09bd5af730686f0fa0a5375877e7e5,REPEATED_STRUCTURE,FULL_NOISE,1601523854,1607390209,3,2,FIFTEEN_STOCHASTIC_INPUTS_PER_SCENE_GEOMETRY
synthetic-confirmatory-v3::f29deaece4ed8b5994c3e295b20e7b79f75cd04b3dfdd7009906c0f7071ad746,REPEATED_STRUCTURE,FULL_NOISE,1601523854,1607390209,4,2,FIFTEEN_STOCHASTIC_INPUTS_PER_SCENE_GEOMETRY
synthetic-confirmatory-v3::59c5422dc11f14efea2af954ae786f8a5c4156b89ef274248c315e4c94feec6e,REPEATED_STRUCTURE,FULL_NOISE,1601523854,92844875,0,2,FIFTEEN_STOCHASTIC_INPUTS_PER_SCENE_GEOMETRY
synthetic-confirmatory-v3::0ee8d6f1643bc69f89b4c12d47626a52b2988874dc9c1443cef3b09e7e97ac31,REPEATED_STRUCTURE,FULL_NOISE,1601523854,92844875,1,2,FIFTEEN_STOCHASTIC_INPUTS_PER_SCENE_GEOMETRY
synthetic-confirmatory-v3::bfe9c6a44ab4af657da68c6b92b36f321e96fe4d8946bd5b5bcbdc921153a00c,REPEATED_STRUCTURE,FULL_NOISE,1601523854,92844875,2,2,FIFTEEN_STOCHASTIC_INPUTS_PER_SCENE_GEOMETRY
synthetic-confirmatory-v3::29268e421ad5a51d04dc212c8af5944a105337cb8f2cc65a1d216128b23180fe,REPEATED_STRUCTURE,FULL_NOISE,1601523854,92844875,3,2,FIFTEEN_STOCHASTIC_INPUTS_PER_SCENE_GEOMETRY
synthetic-confirmatory-v3::6d92c8a1da37b6a956486313fa53382e9fe7528cbc15cb3218e13c5c5d727b5c,REPEATED_STRUCTURE,FULL_NOISE,1601523854,92844875,4,2,FIFTEEN_STOCHASTIC_INPUTS_PER_SCENE_GEOMETRY
synthetic-confirmatory-v3::3cfe38562381bb1e4ddcb83776e94c8c104f4274eef5924910d5d8c58c5302f2,REPEATED_STRUCTURE,FULL_NOISE,1601523854,774747940,0,2,FIFTEEN_STOCHASTIC_INPUTS_PER_SCENE_GEOMETRY
synthetic-confirmatory-v3::b8a27c0c527f52584501a00c7c192d7360fddd1efadd8845866478115cc5b4a1,REPEATED_STRUCTURE,FULL_NOISE,1601523854,774747940,1,2,FIFTEEN_STOCHASTIC_INPUTS_PER_SCENE_GEOMETRY
synthetic-confirmatory-v3::17ea2bf9ac949b8de9f51f47da14f19ed0fbe2f860165d843a2576fb15b51388,REPEATED_STRUCTURE,FULL_NOISE,1601523854,774747940,2,2,FIFTEEN_STOCHASTIC_INPUTS_PER_SCENE_GEOMETRY
synthetic-confirmatory-v3::74b5cab2b08c53eeef98a722f3ff9e5eafbb057351841010f6d6360873ce693b,REPEATED_STRUCTURE,FULL_NOISE,1601523854,774747940,3,2,FIFTEEN_STOCHASTIC_INPUTS_PER_SCENE_GEOMETRY
synthetic-confirmatory-v3::43f8db4408493f14d23339ce1c69d8fcd8aa6f2e1e656bfdc40709f9394a95e0,REPEATED_STRUCTURE,FULL_NOISE,1601523854,774747940,4,2,FIFTEEN_STOCHASTIC_INPUTS_PER_SCENE_GEOMETRY
synthetic-confirmatory-v3::c11f6a4ad8833510c4660aaf4b7fc290d760a2941d81b631735ab62d8e170492,REPEATED_STRUCTURE,IDEAL_MATCHED,326786082,,0,2,ONE_CONTROL_INPUT
synthetic-confirmatory-v3::0fceaf7d447fed83df9eb53eafa7d28d1f00990d0f040862ca899a18eb7bd8e5,REPEATED_STRUCTURE,INDEPENDENT_NOISE_FREE,326786082,,0,2,ONE_DETERMINISTIC_INDEPENDENT_INPUT
synthetic-confirmatory-v3::63a13029ac17b3250919ec1a175acef43d418eabe15919e30375590029dabffa,REPEATED_STRUCTURE,FULL_NOISE,326786082,1607390209,0,2,FIFTEEN_STOCHASTIC_INPUTS_PER_SCENE_GEOMETRY
synthetic-confirmatory-v3::a48fcdf673d336cc4f582e1d8b003cc371548c85452f713b08fb96e4791b273b,REPEATED_STRUCTURE,FULL_NOISE,326786082,1607390209,1,2,FIFTEEN_STOCHASTIC_INPUTS_PER_SCENE_GEOMETRY
synthetic-confirmatory-v3::a550b3a9ae487481f532c465ef38c325e780b1598e164234f24692b28573b880,REPEATED_STRUCTURE,FULL_NOISE,326786082,1607390209,2,2,FIFTEEN_STOCHASTIC_INPUTS_PER_SCENE_GEOMETRY
synthetic-confirmatory-v3::1e561156528a5dd8f63af6e7f92a335e1d74f415abecca9bfce415f03ea2d928,REPEATED_STRUCTURE,FULL_NOISE,326786082,1607390209,3,2,FIFTEEN_STOCHASTIC_INPUTS_PER_SCENE_GEOMETRY
synthetic-confirmatory-v3::e66fa325c1fb07e9c93cb52ff7c5ff3c760a27c42dda9da7a4df6404f5281b67,REPEATED_STRUCTURE,FULL_NOISE,326786082,1607390209,4,2,FIFTEEN_STOCHASTIC_INPUTS_PER_SCENE_GEOMETRY
synthetic-confirmatory-v3::404cf9ef98b9db849b357583e7d8620cfd3d154cfc1c866c879acae5cc671bde,REPEATED_STRUCTURE,FULL_NOISE,326786082,92844875,0,2,FIFTEEN_STOCHASTIC_INPUTS_PER_SCENE_GEOMETRY
synthetic-confirmatory-v3::5b5d845235ee00272994e027e0d583d731f4cf036084269dea4978aa01bb0cac,REPEATED_STRUCTURE,FULL_NOISE,326786082,92844875,1,2,FIFTEEN_STOCHASTIC_INPUTS_PER_SCENE_GEOMETRY
synthetic-confirmatory-v3::0cf420c01793d0fc0c76c27b14f591d9c10d3e364efc170b20e7bef220429047,REPEATED_STRUCTURE,FULL_NOISE,326786082,92844875,2,2,FIFTEEN_STOCHASTIC_INPUTS_PER_SCENE_GEOMETRY
synthetic-confirmatory-v3::4bba5e52941f9e1e646f72456de1c3c0cfbca042d2b9f722462dd45a3e5d599d,REPEATED_STRUCTURE,FULL_NOISE,326786082,92844875,3,2,FIFTEEN_STOCHASTIC_INPUTS_PER_SCENE_GEOMETRY
synthetic-confirmatory-v3::a326e3f7901d878a1c7c53d6e5811ec32c6a642b58784a57b3c710a63f216264,REPEATED_STRUCTURE,FULL_NOISE,326786082,92844875,4,2,FIFTEEN_STOCHASTIC_INPUTS_PER_SCENE_GEOMETRY
synthetic-confirmatory-v3::b9fc335f32f0a32baa0f9b2564e1f6e5b572925c3effec34fb30abd201e13d1c,REPEATED_STRUCTURE,FULL_NOISE,326786082,774747940,0,2,FIFTEEN_STOCHASTIC_INPUTS_PER_SCENE_GEOMETRY
synthetic-confirmatory-v3::934f583d75d54ab81013953a6df1413d4fb02535f842962ad634ede75b089fb5,REPEATED_STRUCTURE,FULL_NOISE,326786082,774747940,1,2,FIFTEEN_STOCHASTIC_INPUTS_PER_SCENE_GEOMETRY
synthetic-confirmatory-v3::632f6006eed5879a155c2f6034297af74789fac96f11f1dd446b33128dce3980,REPEATED_STRUCTURE,FULL_NOISE,326786082,774747940,2,2,FIFTEEN_STOCHASTIC_INPUTS_PER_SCENE_GEOMETRY
synthetic-confirmatory-v3::a7a38bad43cd06ced7ade6e795c651d012f5d447b1e50f48ce9378b3c84bb9e6,REPEATED_STRUCTURE,FULL_NOISE,326786082,774747940,3,2,FIFTEEN_STOCHASTIC_INPUTS_PER_SCENE_GEOMETRY
synthetic-confirmatory-v3::37e63ba9c75bb3c2bc4c47fdd32e9fcd561fd9c067a939559fc6d246d74a093e,REPEATED_STRUCTURE,FULL_NOISE,326786082,774747940,4,2,FIFTEEN_STOCHASTIC_INPUTS_PER_SCENE_GEOMETRY
synthetic-confirmatory-v3::093c1d1a32e68cda22ed5b47eed7eeddf1487dd0664f070a62330307b92426db,REPEATED_STRUCTURE,IDEAL_MATCHED,944942356,,0,2,ONE_CONTROL_INPUT
synthetic-confirmatory-v3::15e768fb5178bd6812f7311c689930270c7509d7c33f22e2ee294bedee368df7,REPEATED_STRUCTURE,INDEPENDENT_NOISE_FREE,944942356,,0,2,ONE_DETERMINISTIC_INDEPENDENT_INPUT
synthetic-confirmatory-v3::e90f87714c308d8add0ab2d02b901af73e3a92bb4c5f3f963e4b17e2a1cd1aeb,REPEATED_STRUCTURE,FULL_NOISE,944942356,1607390209,0,2,FIFTEEN_STOCHASTIC_INPUTS_PER_SCENE_GEOMETRY
synthetic-confirmatory-v3::18366cbffeb5a23e7c70f5080257aa4c935d0a00c035e0e9e1654de1895d44c0,REPEATED_STRUCTURE,FULL_NOISE,944942356,1607390209,1,2,FIFTEEN_STOCHASTIC_INPUTS_PER_SCENE_GEOMETRY
synthetic-confirmatory-v3::6d341950cde954034f0760850bf2ae948e40b1a60c13b7efd93b548d329a4274,REPEATED_STRUCTURE,FULL_NOISE,944942356,1607390209,2,2,FIFTEEN_STOCHASTIC_INPUTS_PER_SCENE_GEOMETRY
synthetic-confirmatory-v3::37b84929e5b49b9036995da23cad773d243041e004e64d9f4d6114d0ea2463a0,REPEATED_STRUCTURE,FULL_NOISE,944942356,1607390209,3,2,FIFTEEN_STOCHASTIC_INPUTS_PER_SCENE_GEOMETRY
synthetic-confirmatory-v3::52be9cf67bf8fd5266ef4f264bdb06ada07c8b9bab0785b551652c777d626e65,REPEATED_STRUCTURE,FULL_NOISE,944942356,1607390209,4,2,FIFTEEN_STOCHASTIC_INPUTS_PER_SCENE_GEOMETRY
synthetic-confirmatory-v3::98c6f47d12e55afed15628d0855d8061ebbf790c48827a4c2787b72622955f77,REPEATED_STRUCTURE,FULL_NOISE,944942356,92844875,0,2,FIFTEEN_STOCHASTIC_INPUTS_PER_SCENE_GEOMETRY
synthetic-confirmatory-v3::f42b7edd9dd9a32e9b0bb74dd926516888c97594db1787846d883b01b654c037,REPEATED_STRUCTURE,FULL_NOISE,944942356,92844875,1,2,FIFTEEN_STOCHASTIC_INPUTS_PER_SCENE_GEOMETRY
synthetic-confirmatory-v3::8f7d62d34dfe038313593b61319602e005a65c38029dfd7b2817d8ad4317f6f9,REPEATED_STRUCTURE,FULL_NOISE,944942356,92844875,2,2,FIFTEEN_STOCHASTIC_INPUTS_PER_SCENE_GEOMETRY
synthetic-confirmatory-v3::1db3f8a41778575dfcd22da978028ac70b534b09a536c8d03127f49e698df4ef,REPEATED_STRUCTURE,FULL_NOISE,944942356,92844875,3,2,FIFTEEN_STOCHASTIC_INPUTS_PER_SCENE_GEOMETRY
synthetic-confirmatory-v3::1ec8872597f3fe39c88566c215dabeb88b15b9b0bcc4b7ea4a548ac5960d3814,REPEATED_STRUCTURE,FULL_NOISE,944942356,92844875,4,2,FIFTEEN_STOCHASTIC_INPUTS_PER_SCENE_GEOMETRY
synthetic-confirmatory-v3::50549943510c3c2fce737bad44c35874f466fcd2f85b1cf96c8fc9407c0c3fd6,REPEATED_STRUCTURE,FULL_NOISE,944942356,774747940,0,2,FIFTEEN_STOCHASTIC_INPUTS_PER_SCENE_GEOMETRY
synthetic-confirmatory-v3::62d09b5e8ba5bb8e2f924fd3677791a70c20f110802a1751bb77ef9a6db08a99,REPEATED_STRUCTURE,FULL_NOISE,944942356,774747940,1,2,FIFTEEN_STOCHASTIC_INPUTS_PER_SCENE_GEOMETRY
synthetic-confirmatory-v3::f384bc86cb15e8fbb6b53868d58f8d5911eea128bb351cee97bc211d4414c4c0,REPEATED_STRUCTURE,FULL_NOISE,944942356,774747940,2,2,FIFTEEN_STOCHASTIC_INPUTS_PER_SCENE_GEOMETRY
synthetic-confirmatory-v3::82707bf50d3a8f1cecbe5c48217f31fb6e2c30b3313df635531a9afd2e3f452f,REPEATED_STRUCTURE,FULL_NOISE,944942356,774747940,3,2,FIFTEEN_STOCHASTIC_INPUTS_PER_SCENE_GEOMETRY
synthetic-confirmatory-v3::2e21eb47220d896cd64f2c240f6b8e1791221e8cdcabe669fb0257e4d4dbe378,REPEATED_STRUCTURE,FULL_NOISE,944942356,774747940,4,2,FIFTEEN_STOCHASTIC_INPUTS_PER_SCENE_GEOMETRY
synthetic-confirmatory-v3::9ecae161a61d6f89c7d386ba7ab4f5285459919155faeebe6c9b6cfe9c00b908,REPEATED_STRUCTURE,IDEAL_MATCHED,51440372,,0,2,ONE_CONTROL_INPUT
synthetic-confirmatory-v3::61586e86a86bbe402f9d592060711de41bddcb2cb6ccac5ad5016a1bb32547cd,REPEATED_STRUCTURE,INDEPENDENT_NOISE_FREE,51440372,,0,2,ONE_DETERMINISTIC_INDEPENDENT_INPUT
synthetic-confirmatory-v3::b6a08a68902af9716f989b2ebf2a1a9c11e6dc7874afdfe5df84793699ceddc8,REPEATED_STRUCTURE,FULL_NOISE,51440372,1607390209,0,2,FIFTEEN_STOCHASTIC_INPUTS_PER_SCENE_GEOMETRY
synthetic-confirmatory-v3::e09ca6002ef0243da652b82ec7be13415d4affb2ea46c19e6fa5279fd2201fda,REPEATED_STRUCTURE,FULL_NOISE,51440372,1607390209,1,2,FIFTEEN_STOCHASTIC_INPUTS_PER_SCENE_GEOMETRY
synthetic-confirmatory-v3::0a616471351ba076a36421eb40b1e54d29826238867f27541a8762b20cc6ee4d,REPEATED_STRUCTURE,FULL_NOISE,51440372,1607390209,2,2,FIFTEEN_STOCHASTIC_INPUTS_PER_SCENE_GEOMETRY
synthetic-confirmatory-v3::5fdc535c3c31851e8ca8161abe818ea01e0b8c44a37cd0ad4769a26a489a7df2,REPEATED_STRUCTURE,FULL_NOISE,51440372,1607390209,3,2,FIFTEEN_STOCHASTIC_INPUTS_PER_SCENE_GEOMETRY
synthetic-confirmatory-v3::40682b4e2b443d6a53d5218eb5cb61807ecf6c060de6aa56dfc7f0315fd81953,REPEATED_STRUCTURE,FULL_NOISE,51440372,1607390209,4,2,FIFTEEN_STOCHASTIC_INPUTS_PER_SCENE_GEOMETRY
synthetic-confirmatory-v3::58b03606b3e7767767b3c3cf31464f7194a1a754958b297021736c3b9a9f36e1,REPEATED_STRUCTURE,FULL_NOISE,51440372,92844875,0,2,FIFTEEN_STOCHASTIC_INPUTS_PER_SCENE_GEOMETRY
synthetic-confirmatory-v3::efce5a6b95caabef032575a36228b2ecd4a1e08067d2bcff7be612cc0ca8c67a,REPEATED_STRUCTURE,FULL_NOISE,51440372,92844875,1,2,FIFTEEN_STOCHASTIC_INPUTS_PER_SCENE_GEOMETRY
synthetic-confirmatory-v3::4ebd47f7d73866f6ff752a85f16a4e35456ac727137612444b8fe94b0c441b1e,REPEATED_STRUCTURE,FULL_NOISE,51440372,92844875,2,2,FIFTEEN_STOCHASTIC_INPUTS_PER_SCENE_GEOMETRY
synthetic-confirmatory-v3::fc69d7ed7e358a971b80ec7c6afe35c56ff90819159c9f8d514c0a2144ed31a1,REPEATED_STRUCTURE,FULL_NOISE,51440372,92844875,3,2,FIFTEEN_STOCHASTIC_INPUTS_PER_SCENE_GEOMETRY
synthetic-confirmatory-v3::16015b61f6f63ffce1e3d4d08278c2c340200ed2bf6feeb74a59500de10296aa,REPEATED_STRUCTURE,FULL_NOISE,51440372,92844875,4,2,FIFTEEN_STOCHASTIC_INPUTS_PER_SCENE_GEOMETRY
synthetic-confirmatory-v3::898c3b2ade7f3b4eb722a4dcb75e9c136aa81d6866656366e096d4a77b9f646b,REPEATED_STRUCTURE,FULL_NOISE,51440372,774747940,0,2,FIFTEEN_STOCHASTIC_INPUTS_PER_SCENE_GEOMETRY
synthetic-confirmatory-v3::b7f1f01ed40edd7f240c685c4879665d93f2a7c32188a4b1cdc57be5cdf91f79,REPEATED_STRUCTURE,FULL_NOISE,51440372,774747940,1,2,FIFTEEN_STOCHASTIC_INPUTS_PER_SCENE_GEOMETRY
synthetic-confirmatory-v3::5f968c7d7387cb2d46bba58016ac9bd45186ea533376be34fe29bf22c471a4ec,REPEATED_STRUCTURE,FULL_NOISE,51440372,774747940,2,2,FIFTEEN_STOCHASTIC_INPUTS_PER_SCENE_GEOMETRY
synthetic-confirmatory-v3::6ff48b10be45200d760f4b30fa208919acb5b0ba3d87b32e5f7138ac8571dc2f,REPEATED_STRUCTURE,FULL_NOISE,51440372,774747940,3,2,FIFTEEN_STOCHASTIC_INPUTS_PER_SCENE_GEOMETRY
synthetic-confirmatory-v3::38bb7114581701c484a15a6ad228c372a37a19041a453f0ece8099e88a13f384,REPEATED_STRUCTURE,FULL_NOISE,51440372,774747940,4,2,FIFTEEN_STOCHASTIC_INPUTS_PER_SCENE_GEOMETRY
synthetic-confirmatory-v3::ca6467e2c5e3849c67d0510b006fa52a140b6e38f368ee53c761f882540aa073,REPEATED_STRUCTURE,IDEAL_MATCHED,183965697,,0,2,ONE_CONTROL_INPUT
synthetic-confirmatory-v3::89e0a117fcc34a3e27e15d18f80f1dfd771c431f1cbaac28d7ecf17b28a61542,REPEATED_STRUCTURE,INDEPENDENT_NOISE_FREE,183965697,,0,2,ONE_DETERMINISTIC_INDEPENDENT_INPUT
synthetic-confirmatory-v3::21a5f88cb9089a7fa5445e6a349b1ed3549e26a623adfa907ad4bc385590a9f7,REPEATED_STRUCTURE,FULL_NOISE,183965697,1607390209,0,2,FIFTEEN_STOCHASTIC_INPUTS_PER_SCENE_GEOMETRY
synthetic-confirmatory-v3::21e7da488c0cd998bbf8a87c4eded913769186baa841fe35c024c3523896983f,REPEATED_STRUCTURE,FULL_NOISE,183965697,1607390209,1,2,FIFTEEN_STOCHASTIC_INPUTS_PER_SCENE_GEOMETRY
synthetic-confirmatory-v3::c562c0af806b8647db776c788275e5bf5c96540d809225f0c18dcad455fb925c,REPEATED_STRUCTURE,FULL_NOISE,183965697,1607390209,2,2,FIFTEEN_STOCHASTIC_INPUTS_PER_SCENE_GEOMETRY
synthetic-confirmatory-v3::d93f4e892b12e3f282114560ec45dbd91d55fbabeb6459b4b782974d63540670,REPEATED_STRUCTURE,FULL_NOISE,183965697,1607390209,3,2,FIFTEEN_STOCHASTIC_INPUTS_PER_SCENE_GEOMETRY
synthetic-confirmatory-v3::e455cb5554aca17a4c6bad6457ee8fa349bfffd8468863d1f7dd8f74cc790c34,REPEATED_STRUCTURE,FULL_NOISE,183965697,1607390209,4,2,FIFTEEN_STOCHASTIC_INPUTS_PER_SCENE_GEOMETRY
synthetic-confirmatory-v3::d179e5cdfd1eca0ce7438e1775badad7257f46477081d08df24e8836c5466c04,REPEATED_STRUCTURE,FULL_NOISE,183965697,92844875,0,2,FIFTEEN_STOCHASTIC_INPUTS_PER_SCENE_GEOMETRY
synthetic-confirmatory-v3::ff8fd7c7e838a4c0e3c23ed3913cadf8ffcb3aa53c0a02ba1e8a01bef421d91a,REPEATED_STRUCTURE,FULL_NOISE,183965697,92844875,1,2,FIFTEEN_STOCHASTIC_INPUTS_PER_SCENE_GEOMETRY
synthetic-confirmatory-v3::3b36bd2c3c6172538b6d73991ab60aef313385039ee8434e0a04f3c9d1c94fea,REPEATED_STRUCTURE,FULL_NOISE,183965697,92844875,2,2,FIFTEEN_STOCHASTIC_INPUTS_PER_SCENE_GEOMETRY
synthetic-confirmatory-v3::a8e68614217bcbf1a951532342a589b8ea2db82d69effb70ce61e0afb4d4ab15,REPEATED_STRUCTURE,FULL_NOISE,183965697,92844875,3,2,FIFTEEN_STOCHASTIC_INPUTS_PER_SCENE_GEOMETRY
synthetic-confirmatory-v3::17e2f8d0b9b466da942d773a9c2f7cd9c71827fbd8026509cf2b6f82bd321870,REPEATED_STRUCTURE,FULL_NOISE,183965697,92844875,4,2,FIFTEEN_STOCHASTIC_INPUTS_PER_SCENE_GEOMETRY
synthetic-confirmatory-v3::957aa8c7065123365034773a741da4574a38f37bc31189b7616f9508e0078502,REPEATED_STRUCTURE,FULL_NOISE,183965697,774747940,0,2,FIFTEEN_STOCHASTIC_INPUTS_PER_SCENE_GEOMETRY
synthetic-confirmatory-v3::828e7c4e8b93b92cafdf96e9df99b7b8f21b48eaf461c2c75f5ecf208080855b,REPEATED_STRUCTURE,FULL_NOISE,183965697,774747940,1,2,FIFTEEN_STOCHASTIC_INPUTS_PER_SCENE_GEOMETRY
synthetic-confirmatory-v3::9e14f8b50970f238cc850cd8d64078459b9938731014492a5cea7db7c300bdbb,REPEATED_STRUCTURE,FULL_NOISE,183965697,774747940,2,2,FIFTEEN_STOCHASTIC_INPUTS_PER_SCENE_GEOMETRY
synthetic-confirmatory-v3::560a3eafbbefba7f59e9d29228b8f0df9dc8a247cc5515c53e59b20d0ba15217,REPEATED_STRUCTURE,FULL_NOISE,183965697,774747940,3,2,FIFTEEN_STOCHASTIC_INPUTS_PER_SCENE_GEOMETRY
synthetic-confirmatory-v3::1a6926e022ed0c30444d141769765706a01605420cb02e022bf67069ca4b7cda,REPEATED_STRUCTURE,FULL_NOISE,183965697,774747940,4,2,FIFTEEN_STOCHASTIC_INPUTS_PER_SCENE_GEOMETRY
