planned_snapshot_id,scene_variant,condition,geometry_seed,measurement_seed,repeat_index,planned_backend_count,replicate_semantics
synthetic-confirmatory-v2::1abf5322f54937138fabab9bd7f9c7845a7ea4a5a318d689761b8e353940d8c0,GEOMETRY_RICH_ROOM,IDEAL_MATCHED,1632408808,,0,2,ONE_CONTROL_INPUT
synthetic-confirmatory-v2::4ce85ace3c8187d4e2ccbb68a68dae25711c66dce52765bf526f8ba2524a557e,GEOMETRY_RICH_ROOM,INDEPENDENT_NOISE_FREE,1632408808,,0,2,ONE_DETERMINISTIC_INDEPENDENT_INPUT
synthetic-confirmatory-v2::fb8e024473290e3e146ec45b61a74ed63c6c567289b0b1069dd95d384a1e07c5,GEOMETRY_RICH_ROOM,FULL_NOISE,1632408808,740417430,0,2,FIFTEEN_STOCHASTIC_INPUTS_PER_SCENE_GEOMETRY
synthetic-confirmatory-v2::eb620de4443e1557042f75f847b3f3062a171c5696aaab95b61e363d6f330acc,GEOMETRY_RICH_ROOM,FULL_NOISE,1632408808,740417430,1,2,FIFTEEN_STOCHASTIC_INPUTS_PER_SCENE_GEOMETRY
synthetic-confirmatory-v2::9dce0e815ad49172a889626ab36bb3a325fc13c5a662bab5b2addb66b41ea079,GEOMETRY_RICH_ROOM,FULL_NOISE,1632408808,740417430,2,2,FIFTEEN_STOCHASTIC_INPUTS_PER_SCENE_GEOMETRY
synthetic-confirmatory-v2::b66f12a0581d1ce12391f80d1d2074f415c9afc20a9417c04e1a31e750d2e1d7,GEOMETRY_RICH_ROOM,FULL_NOISE,1632408808,740417430,3,2,FIFTEEN_STOCHASTIC_INPUTS_PER_SCENE_GEOMETRY
synthetic-confirmatory-v2::a5af2468aeac0348f5e4108d99c08a866bee5fed3725210dce98a30fee82fc75,GEOMETRY_RICH_ROOM,FULL_NOISE,1632408808,740417430,4,2,FIFTEEN_STOCHASTIC_INPUTS_PER_SCENE_GEOMETRY
synthetic-confirmatory-v2::e1f2d3e9e3de3448d84d13a58214abb0738515e808b0e21a0c823be782ecaecc,GEOMETRY_RICH_ROOM,FULL_NOISE,1632408808,23963997,0,2,FIFTEEN_STOCHASTIC_INPUTS_PER_SCENE_GEOMETRY
synthetic-confirmatory-v2::3d25f02f31de1cc83c6308df7300f3efeb58eed077b0fb975eb4fc2eceb1b026,GEOMETRY_RICH_ROOM,FULL_NOISE,1632408808,23963997,1,2,FIFTEEN_STOCHASTIC_INPUTS_PER_SCENE_GEOMETRY
synthetic-confirmatory-v2::75eeadf54dd904efd9e50945406dc0de4f81f96ed77ed10f25f4326bd00f21e1,GEOMETRY_RICH_ROOM,FULL_NOISE,1632408808,23963997,2,2,FIFTEEN_STOCHASTIC_INPUTS_PER_SCENE_GEOMETRY
synthetic-confirmatory-v2::9dd2cc10abca954bc416d0983ea1787e8f1e90d7b24b4585bab868f27e013bca,GEOMETRY_RICH_ROOM,FULL_NOISE,1632408808,23963997,3,2,FIFTEEN_STOCHASTIC_INPUTS_PER_SCENE_GEOMETRY
synthetic-confirmatory-v2::362c22819849d44d5fa03306d8db47b3585a5ed96770ab8fe5bc2a630002b271,GEOMETRY_RICH_ROOM,FULL_NOISE,1632408808,23963997,4,2,FIFTEEN_STOCHASTIC_INPUTS_PER_SCENE_GEOMETRY
synthetic-confirmatory-v2::bbd0eff40471a881be4820bf3ffe59aae93e339df008ef557325c73e34aa7cf9,GEOMETRY_RICH_ROOM,FULL_NOISE,1632408808,925756274,0,2,FIFTEEN_STOCHASTIC_INPUTS_PER_SCENE_GEOMETRY
synthetic-confirmatory-v2::f3d4611a5e9450d73efbeac89ef6c0c29100a267facaf8c383cd3392707f9719,GEOMETRY_RICH_ROOM,FULL_NOISE,1632408808,925756274,1,2,FIFTEEN_STOCHASTIC_INPUTS_PER_SCENE_GEOMETRY
synthetic-confirmatory-v2::8ca2738c19369b09d3da6bb05a51d8c02717fbd0adfe95b74c9879db20bcbf25,GEOMETRY_RICH_ROOM,FULL_NOISE,1632408808,925756274,2,2,FIFTEEN_STOCHASTIC_INPUTS_PER_SCENE_GEOMETRY
synthetic-confirmatory-v2::06da47107b3098881bc34c223086626db032cb298ba3013d8d346da29184ae33,GEOMETRY_RICH_ROOM,FULL_NOISE,1632408808,925756274,3,2,FIFTEEN_STOCHASTIC_INPUTS_PER_SCENE_GEOMETRY
synthetic-confirmatory-v2::475dee34ca41316c476220c0eac9d08e67d0c662ff88a85301b9afd4a2ce5e32,GEOMETRY_RICH_ROOM,FULL_NOISE,1632408808,925756274,4,2,FIFTEEN_STOCHASTIC_INPUTS_PER_SCENE_GEOMETRY
synthetic-confirmatory-v2::2f3c6c9355744db04e2b8b77901aa09d9edcc34887b97d1ed3761cfd00047780,GEOMETRY_RICH_ROOM,IDEAL_MATCHED,2098780325,,0,2,ONE_CONTROL_INPUT
synthetic-confirmatory-v2::7671b43a5b935330a57e00a445111e54d94dbfbec55883ba15730fca0a341106,GEOMETRY_RICH_ROOM,INDEPENDENT_NOISE_FREE,2098780325,,0,2,ONE_DETERMINISTIC_INDEPENDENT_INPUT
synthetic-confirmatory-v2::7308f86970cbf1cb8957fcabdaf7d6b8650340a11b2340bdc08fe5fa60ca1e98,GEOMETRY_RICH_ROOM,FULL_NOISE,2098780325,740417430,0,2,FIFTEEN_STOCHASTIC_INPUTS_PER_SCENE_GEOMETRY
synthetic-confirmatory-v2::76d3c3f4adfc0cec9edad92c69179b6c2a2e33be790d0f0589efda5010152881,GEOMETRY_RICH_ROOM,FULL_NOISE,2098780325,740417430,1,2,FIFTEEN_STOCHASTIC_INPUTS_PER_SCENE_GEOMETRY
synthetic-confirmatory-v2::2ec7ac569643d2b126b42469f16c7e7617d9ead80e19bc6e3249abf00e62955e,GEOMETRY_RICH_ROOM,FULL_NOISE,2098780325,740417430,2,2,FIFTEEN_STOCHASTIC_INPUTS_PER_SCENE_GEOMETRY
synthetic-confirmatory-v2::41f7f12d6aff7742cc00443e2495d29d0fc50e1ea6059d26ecca3af8e623abd3,GEOMETRY_RICH_ROOM,FULL_NOISE,2098780325,740417430,3,2,FIFTEEN_STOCHASTIC_INPUTS_PER_SCENE_GEOMETRY
synthetic-confirmatory-v2::02353da28a4a1f4bc90b755afe50088da0c566cba3e73dc9891123c3ff69810b,GEOMETRY_RICH_ROOM,FULL_NOISE,2098780325,740417430,4,2,FIFTEEN_STOCHASTIC_INPUTS_PER_SCENE_GEOMETRY
synthetic-confirmatory-v2::36b87c319282ca516f3f30218a68262d94cc07206d368d3fd0b5221dcd7f5b85,GEOMETRY_RICH_ROOM,FULL_NOISE,2098780325,23963997,0,2,FIFTEEN_STOCHASTIC_INPUTS_PER_SCENE_GEOMETRY
synthetic-confirmatory-v2::35edefd44ec28d14c109309f8f738957f07391a2e92033f4cfdb35be3939a092,GEOMETRY_RICH_ROOM,FULL_NOISE,2098780325,23963997,1,2,FIFTEEN_STOCHASTIC_INPUTS_PER_SCENE_GEOMETRY
synthetic-confirmatory-v2::423b8fd7ce6d5215d09e2e7c45b9a76c10f6c36b84a67c39659b9950aa074237,GEOMETRY_RICH_ROOM,FULL_NOISE,2098780325,23963997,2,2,FIFTEEN_STOCHASTIC_INPUTS_PER_SCENE_GEOMETRY
synthetic-confirmatory-v2::ccd5058accf5eeee107015b72d87237fa5fe40f53b61fb05fc0f3c4a3ae29396,GEOMETRY_RICH_ROOM,FULL_NOISE,2098780325,23963997,3,2,FIFTEEN_STOCHASTIC_INPUTS_PER_SCENE_GEOMETRY
synthetic-confirmatory-v2::2e4e0d8b1e5ff91e1f29917fab5aef1a2684105b777b78a0f6863db94f1629f7,GEOMETRY_RICH_ROOM,FULL_NOISE,2098780325,23963997,4,2,FIFTEEN_STOCHASTIC_INPUTS_PER_SCENE_GEOMETRY
synthetic-confirmatory-v2::6f3a9ebf9a2f069e5be98dd1a81da1877363f442281c855493d38ed26ac67aa1,GEOMETRY_RICH_ROOM,FULL_NOISE,2098780325,925756274,0,2,FIFTEEN_STOCHASTIC_INPUTS_PER_SCENE_GEOMETRY
synthetic-confirmatory-v2::737aac68cba81735fc2fd14ca1a7a4802e35670e9a7375accef80b49ac58e4f7,GEOMETRY_RICH_ROOM,FULL_NOISE,2098780325,925756274,1,2,FIFTEEN_STOCHASTIC_INPUTS_PER_SCENE_GEOMETRY
synthetic-confirmatory-v2::490b41ee70596ab58203f5b9cd2e3621ffb07da179289ad1c2e413446548a2af,GEOMETRY_RICH_ROOM,FULL_NOISE,2098780325,925756274,2,2,FIFTEEN_STOCHASTIC_INPUTS_PER_SCENE_GEOMETRY
synthetic-confirmatory-v2::8023832fdb369039a4844b6fc43861902b3a3936e655843da507b8ee5e33d8ee,GEOMETRY_RICH_ROOM,FULL_NOISE,2098780325,925756274,3,2,FIFTEEN_STOCHASTIC_INPUTS_PER_SCENE_GEOMETRY
synthetic-confirmatory-v2::630118c7254f002bf38c879bd4a978fec4ab70a076fc0de766f32822d99cd66b,GEOMETRY_RICH_ROOM,FULL_NOISE,2098780325,925756274,4,2,FIFTEEN_STOCHASTIC_INPUTS_PER_SCENE_GEOMETRY
synthetic-confirmatory-v2::c6c5a02757dd85d5ff49accc1e14e205b3a82df94eb25e0a44510366ed9dd198,GEOMETRY_RICH_ROOM,IDEAL_MATCHED,2113923543,,0,2,ONE_CONTROL_INPUT
synthetic-confirmatory-v2::0e6c2ea720ac4c0ff9d7d16a7da566b725f054e1cd1be6042c391a1fb5cb0ffc,GEOMETRY_RICH_ROOM,INDEPENDENT_NOISE_FREE,2113923543,,0,2,ONE_DETERMINISTIC_INDEPENDENT_INPUT
synthetic-confirmatory-v2::1bbb4327597db6b355f104063f50f9712ea6d9680bf5193e2ecc239430b5a812,GEOMETRY_RICH_ROOM,FULL_NOISE,2113923543,740417430,0,2,FIFTEEN_STOCHASTIC_INPUTS_PER_SCENE_GEOMETRY
synthetic-confirmatory-v2::451f123b28f5061cbd0b7a2824f18e27333357cf54b716822dd111a2b7c0f188,GEOMETRY_RICH_ROOM,FULL_NOISE,2113923543,740417430,1,2,FIFTEEN_STOCHASTIC_INPUTS_PER_SCENE_GEOMETRY
synthetic-confirmatory-v2::35329001ac6e8ca50b53e84259f3e92bdfccffc0593ab57871edcc3e19c7d722,GEOMETRY_RICH_ROOM,FULL_NOISE,2113923543,740417430,2,2,FIFTEEN_STOCHASTIC_INPUTS_PER_SCENE_GEOMETRY
synthetic-confirmatory-v2::cca59072d1cb68f4e37c1267e59a625d51519ec879f7bb38017e619ac00de4f1,GEOMETRY_RICH_ROOM,FULL_NOISE,2113923543,740417430,3,2,FIFTEEN_STOCHASTIC_INPUTS_PER_SCENE_GEOMETRY
synthetic-confirmatory-v2::cfd0b59017fd6628735714cb19440f0fa2144dfb65f0687df5fd953355c8f4fe,GEOMETRY_RICH_ROOM,FULL_NOISE,2113923543,740417430,4,2,FIFTEEN_STOCHASTIC_INPUTS_PER_SCENE_GEOMETRY
synthetic-confirmatory-v2::d594c068cd64a905afe071b7fad6070257373c0bfbb26a4721a46ac11a9a0bfb,GEOMETRY_RICH_ROOM,FULL_NOISE,2113923543,23963997,0,2,FIFTEEN_STOCHASTIC_INPUTS_PER_SCENE_GEOMETRY
synthetic-confirmatory-v2::c8b44d3b6aa237fd2b6119b1cf0f3de47dc0db09f6a5f2ac6e3ee707c7caf000,GEOMETRY_RICH_ROOM,FULL_NOISE,2113923543,23963997,1,2,FIFTEEN_STOCHASTIC_INPUTS_PER_SCENE_GEOMETRY
synthetic-confirmatory-v2::10928a25b9246a5fac4adf8e3c2fc6fa0d491518f11db906e9ab222dcc521e97,GEOMETRY_RICH_ROOM,FULL_NOISE,2113923543,23963997,2,2,FIFTEEN_STOCHASTIC_INPUTS_PER_SCENE_GEOMETRY
synthetic-confirmatory-v2::e090a3c940619751f875580520c1f65a014fbb0449bb487b386dfa0b69b0367d,GEOMETRY_RICH_ROOM,FULL_NOISE,2113923543,23963997,3,2,FIFTEEN_STOCHASTIC_INPUTS_PER_SCENE_GEOMETRY
synthetic-confirmatory-v2::e6bd9020b491c165a27488086f2713730eb95b32014babab8ea574e333a0ff7f,GEOMETRY_RICH_ROOM,FULL_NOISE,2113923543,23963997,4,2,FIFTEEN_STOCHASTIC_INPUTS_PER_SCENE_GEOMETRY
synthetic-confirmatory-v2::039f83fbf5f5ff4305b60b14967d0669c34756ab29f253c6c3765fd83cee6a75,GEOMETRY_RICH_ROOM,FULL_NOISE,2113923543,925756274,0,2,FIFTEEN_STOCHASTIC_INPUTS_PER_SCENE_GEOMETRY
synthetic-confirmatory-v2::5f317f427511175ac95b3807f32581e837bbdf866c5aca651a1fc35a4921a10f,GEOMETRY_RICH_ROOM,FULL_NOISE,2113923543,925756274,1,2,FIFTEEN_STOCHASTIC_INPUTS_PER_SCENE_GEOMETRY
synthetic-confirmatory-v2::21700fa08c0f8f22a6ade5be78d06371e5051e54b4765c0847d73bb529750534,GEOMETRY_RICH_ROOM,FULL_NOISE,2113923543,925756274,2,2,FIFTEEN_STOCHASTIC_INPUTS_PER_SCENE_GEOMETRY
synthetic-confirmatory-v2::0a058a01a3f1cc6486f0a4e74a1c0b71407eb958b3d54e191f024beb2738268e,GEOMETRY_RICH_ROOM,FULL_NOISE,2113923543,925756274,3,2,FIFTEEN_STOCHASTIC_INPUTS_PER_SCENE_GEOMETRY
synthetic-confirmatory-v2::6565e9b70bcbcb4e3182cf42ef669822027821902658ceeaef9ad175d45b4ee4,GEOMETRY_RICH_ROOM,FULL_NOISE,2113923543,925756274,4,2,FIFTEEN_STOCHASTIC_INPUTS_PER_SCENE_GEOMETRY
synthetic-confirmatory-v2::58239655c5404338fc4e32adb7faa48dd458ef86307014cd69f18247417afa7c,GEOMETRY_RICH_ROOM,IDEAL_MATCHED,143826534,,0,2,ONE_CONTROL_INPUT
synthetic-confirmatory-v2::8ac035bf2b693907e82569ced8dc886a2e28475a44801107d5db7fd5e821188d,GEOMETRY_RICH_ROOM,INDEPENDENT_NOISE_FREE,143826534,,0,2,ONE_DETERMINISTIC_INDEPENDENT_INPUT
synthetic-confirmatory-v2::4da6b1b4b54cf99823aca3776d863f0ee202eea4d9f23bffa8ce1b3e91516b7e,GEOMETRY_RICH_ROOM,FULL_NOISE,143826534,740417430,0,2,FIFTEEN_STOCHASTIC_INPUTS_PER_SCENE_GEOMETRY
synthetic-confirmatory-v2::e91a2448153d84531a20c47e9a16fb00bf1f281bb623716afc600f20629cf703,GEOMETRY_RICH_ROOM,FULL_NOISE,143826534,740417430,1,2,FIFTEEN_STOCHASTIC_INPUTS_PER_SCENE_GEOMETRY
synthetic-confirmatory-v2::d9938f0f478704295bd1f1dda6c273b5dce5a50f18935ddbb6f8014a28999a47,GEOMETRY_RICH_ROOM,FULL_NOISE,143826534,740417430,2,2,FIFTEEN_STOCHASTIC_INPUTS_PER_SCENE_GEOMETRY
synthetic-confirmatory-v2::144c7500c36824ac38d59f438b5fc8bb4d051cde82ef6de7b66556fe1749c5c4,GEOMETRY_RICH_ROOM,FULL_NOISE,143826534,740417430,3,2,FIFTEEN_STOCHASTIC_INPUTS_PER_SCENE_GEOMETRY
synthetic-confirmatory-v2::d6ba95ab919b4909674f85f629796b1c15eb8e0afab39861dc0b095c6f27b1c0,GEOMETRY_RICH_ROOM,FULL_NOISE,143826534,740417430,4,2,FIFTEEN_STOCHASTIC_INPUTS_PER_SCENE_GEOMETRY
synthetic-confirmatory-v2::ef0e6a736084660e9dba80d3f40f2beed09e6bdca0901e5cb3af5834ad5098af,GEOMETRY_RICH_ROOM,FULL_NOISE,143826534,23963997,0,2,FIFTEEN_STOCHASTIC_INPUTS_PER_SCENE_GEOMETRY
synthetic-confirmatory-v2::19dec81deda6442e4f7988e493080e296b11eeaa6c153eaa7bc11cc2410513e9,GEOMETRY_RICH_ROOM,FULL_NOISE,143826534,23963997,1,2,FIFTEEN_STOCHASTIC_INPUTS_PER_SCENE_GEOMETRY
synthetic-confirmatory-v2::bdcadd440bbd041090efbe61f5cccb0d6e819df1fcdde5fb82bca9b7807d92f1,GEOMETRY_RICH_ROOM,FULL_NOISE,143826534,23963997,2,2,FIFTEEN_STOCHASTIC_INPUTS_PER_SCENE_GEOMETRY
synthetic-confirmatory-v2::d0492be000608bd896a19bc2904ebe327b4cdb151db5131717b634a978c2655c,GEOMETRY_RICH_ROOM,FULL_NOISE,143826534,23963997,3,2,FIFTEEN_STOCHASTIC_INPUTS_PER_SCENE_GEOMETRY
synthetic-confirmatory-v2::b3e184aca97ebce2c716a0c5511009752c04da048c26a3ab32fb06d20566c9c8,GEOMETRY_RICH_ROOM,FULL_NOISE,143826534,23963997,4,2,FIFTEEN_STOCHASTIC_INPUTS_PER_SCENE_GEOMETRY
synthetic-confirmatory-v2::efce0c7723f1fcefd737e654516abe15d94accb4774c45d6691a3960dcf81f1c,GEOMETRY_RICH_ROOM,FULL_NOISE,143826534,925756274,0,2,FIFTEEN_STOCHASTIC_INPUTS_PER_SCENE_GEOMETRY
synthetic-confirmatory-v2::90aadec814fd3623fb4bfb3e8471b8dc70d1819e87863a8386392f5f7fb375e5,GEOMETRY_RICH_ROOM,FULL_NOISE,143826534,925756274,1,2,FIFTEEN_STOCHASTIC_INPUTS_PER_SCENE_GEOMETRY
synthetic-confirmatory-v2::13f1a48917055ca56733d3180349b61ae5b12dbd7d785aeb81d11dea6bff5dc9,GEOMETRY_RICH_ROOM,FULL_NOISE,143826534,925756274,2,2,FIFTEEN_STOCHASTIC_INPUTS_PER_SCENE_GEOMETRY
synthetic-confirmatory-v2::48c331f3eeecaec01407d5d91760cbc239b14cb5ffa304449cadb60417dbed72,GEOMETRY_RICH_ROOM,FULL_NOISE,143826534,925756274,3,2,FIFTEEN_STOCHASTIC_INPUTS_PER_SCENE_GEOMETRY
synthetic-confirmatory-v2::eebffda5dc46a78568eeaceddba8a566375009521a6d801c057c8b0459f52e18,GEOMETRY_RICH_ROOM,FULL_NOISE,143826534,925756274,4,2,FIFTEEN_STOCHASTIC_INPUTS_PER_SCENE_GEOMETRY
synthetic-confirmatory-v2::2a031711bcb10343895790e04ade078e222c9af3dd5babaf3b65d09a060a7949,GEOMETRY_RICH_ROOM,IDEAL_MATCHED,1099133161,,0,2,ONE_CONTROL_INPUT
synthetic-confirmatory-v2::58c445b45ff561074b0cf6300f3cbd9733672da26d92db23c81914f77ccb731b,GEOMETRY_RICH_ROOM,INDEPENDENT_NOISE_FREE,1099133161,,0,2,ONE_DETERMINISTIC_INDEPENDENT_INPUT
synthetic-confirmatory-v2::bde414ed312eedb831a2c1672b06687329ac96ab80064db38e56d1e5cd8e1604,GEOMETRY_RICH_ROOM,FULL_NOISE,1099133161,740417430,0,2,FIFTEEN_STOCHASTIC_INPUTS_PER_SCENE_GEOMETRY
synthetic-confirmatory-v2::a6f15313fec28cd23967fb15223bf961ad919cf57751e5baf68684990e9f7ea9,GEOMETRY_RICH_ROOM,FULL_NOISE,1099133161,740417430,1,2,FIFTEEN_STOCHASTIC_INPUTS_PER_SCENE_GEOMETRY
synthetic-confirmatory-v2::12abeed20031e621480a8d9c4dbb25ff3a0824383ecb1544075405fb18d86465,GEOMETRY_RICH_ROOM,FULL_NOISE,1099133161,740417430,2,2,FIFTEEN_STOCHASTIC_INPUTS_PER_SCENE_GEOMETRY
synthetic-confirmatory-v2::bcdc368c480f27c91765348ca1d6b84b63de9750c6ead22e999ce3a08e3f7aff,GEOMETRY_RICH_ROOM,FULL_NOISE,1099133161,740417430,3,2,FIFTEEN_STOCHASTIC_INPUTS_PER_SCENE_GEOMETRY
synthetic-confirmatory-v2::50ba2270c49071fea885701786ddad8b8ee7dd24fb4091cc0b45e91ae5d86b3d,GEOMETRY_RICH_ROOM,FULL_NOISE,1099133161,740417430,4,2,FIFTEEN_STOCHASTIC_INPUTS_PER_SCENE_GEOMETRY
synthetic-confirmatory-v2::9c9021778f0cabf074d43680567c5e11c2111674d6b6757f304a8546a64478e5,GEOMETRY_RICH_ROOM,FULL_NOISE,1099133161,23963997,0,2,FIFTEEN_STOCHASTIC_INPUTS_PER_SCENE_GEOMETRY
synthetic-confirmatory-v2::0902aa204d8a38112172d95b3cb261428e536e23cd4b9514aaa7db3850afed7b,GEOMETRY_RICH_ROOM,FULL_NOISE,1099133161,23963997,1,2,FIFTEEN_STOCHASTIC_INPUTS_PER_SCENE_GEOMETRY
synthetic-confirmatory-v2::e90842157d40eb52540c5253d5177c321ea46e047c4ffe4aab021e48ce9f366d,GEOMETRY_RICH_ROOM,FULL_NOISE,1099133161,23963997,2,2,FIFTEEN_STOCHASTIC_INPUTS_PER_SCENE_GEOMETRY
synthetic-confirmatory-v2::153c70504acfb8abc46e6e0aed3b8c8e99a59d1324e21f564f168621d1933ea4,GEOMETRY_RICH_ROOM,FULL_NOISE,1099133161,23963997,3,2,FIFTEEN_STOCHASTIC_INPUTS_PER_SCENE_GEOMETRY
synthetic-confirmatory-v2::5baafb8f4b7c1ddff82dcb5dc1182a1a31843eec9ec157f05ead2908af7bf8f7,GEOMETRY_RICH_ROOM,FULL_NOISE,1099133161,23963997,4,2,FIFTEEN_STOCHASTIC_INPUTS_PER_SCENE_GEOMETRY
synthetic-confirmatory-v2::a3c6fbe681424e130e85350320c53d847039d7f0b1d246353d1863b4f81cc9b3,GEOMETRY_RICH_ROOM,FULL_NOISE,1099133161,925756274,0,2,FIFTEEN_STOCHASTIC_INPUTS_PER_SCENE_GEOMETRY
synthetic-confirmatory-v2::00e1154baf99a99911f952769e2b5b5976418fe7a2645640424685fdf6688497,GEOMETRY_RICH_ROOM,FULL_NOISE,1099133161,925756274,1,2,FIFTEEN_STOCHASTIC_INPUTS_PER_SCENE_GEOMETRY
synthetic-confirmatory-v2::a6fef9d96f0c05effc93964098faeb1aa6b2abbd53b486c789ffeac3e02c9393,GEOMETRY_RICH_ROOM,FULL_NOISE,1099133161,925756274,2,2,FIFTEEN_STOCHASTIC_INPUTS_PER_SCENE_GEOMETRY
synthetic-confirmatory-v2::e33be61a59ceac4501b6dd8780089083c29ab820e60d54d361836467e61c8aa0,GEOMETRY_RICH_ROOM,FULL_NOISE,1099133161,925756274,3,2,FIFTEEN_STOCHASTIC_INPUTS_PER_SCENE_GEOMETRY
synthetic-confirmatory-v2::53dca0d0bbb8f5294b0ace7f104faea7ca8388f059586f279b30a537342d6eca,GEOMETRY_RICH_ROOM,FULL_NOISE,1099133161,925756274,4,2,FIFTEEN_STOCHASTIC_INPUTS_PER_SCENE_GEOMETRY
synthetic-confirmatory-v2::2ac1765ce56f8153e7114c2ae23633823806bd9f505df3ef49d795150b1cd74f,LONG_CORRIDOR,IDEAL_MATCHED,1632408808,,0,2,ONE_CONTROL_INPUT
synthetic-confirmatory-v2::1ef8d27769bd524e2e6f1f51e2ca48fe64dc86a2b12094e2b21a7c008d4d652b,LONG_CORRIDOR,INDEPENDENT_NOISE_FREE,1632408808,,0,2,ONE_DETERMINISTIC_INDEPENDENT_INPUT
synthetic-confirmatory-v2::320199b205f19ee8b4f84a10998189da6611dfe52d869748d1cd266df31faa43,LONG_CORRIDOR,FULL_NOISE,1632408808,740417430,0,2,FIFTEEN_STOCHASTIC_INPUTS_PER_SCENE_GEOMETRY
synthetic-confirmatory-v2::a316acb708f6ce212bffc7e6f10a3b083c04e3bf25ca73139ed15c497a678db1,LONG_CORRIDOR,FULL_NOISE,1632408808,740417430,1,2,FIFTEEN_STOCHASTIC_INPUTS_PER_SCENE_GEOMETRY
synthetic-confirmatory-v2::9ef5c6306ba242cf84abe5761a5b9d56e21264a0871e005a748c2780b7172e1d,LONG_CORRIDOR,FULL_NOISE,1632408808,740417430,2,2,FIFTEEN_STOCHASTIC_INPUTS_PER_SCENE_GEOMETRY
synthetic-confirmatory-v2::bed8702578781a82d46851de2d41684ac6a442d0089e4a25d2d2ff415a9a53bd,LONG_CORRIDOR,FULL_NOISE,1632408808,740417430,3,2,FIFTEEN_STOCHASTIC_INPUTS_PER_SCENE_GEOMETRY
synthetic-confirmatory-v2::7ff602b669431382be8b3ea75fa7a6cd8d99b71996197218c027eb43cc3c7e9e,LONG_CORRIDOR,FULL_NOISE,1632408808,740417430,4,2,FIFTEEN_STOCHASTIC_INPUTS_PER_SCENE_GEOMETRY
synthetic-confirmatory-v2::a4f6775d14d84e441e534c647a20b76585fab65f91aa81dc044479b896617600,LONG_CORRIDOR,FULL_NOISE,1632408808,23963997,0,2,FIFTEEN_STOCHASTIC_INPUTS_PER_SCENE_GEOMETRY
synthetic-confirmatory-v2::14b37f3ffe46c3819b7bd6bf3905ced3badda29287cbaa1e6ceedd83d626ee4a,LONG_CORRIDOR,FULL_NOISE,1632408808,23963997,1,2,FIFTEEN_STOCHASTIC_INPUTS_PER_SCENE_GEOMETRY
synthetic-confirmatory-v2::c3cdab5cdf479bb4b9702864faef7f667d038e8c99b978e095574b96463ff3a6,LONG_CORRIDOR,FULL_NOISE,1632408808,23963997,2,2,FIFTEEN_STOCHASTIC_INPUTS_PER_SCENE_GEOMETRY
synthetic-confirmatory-v2::fcf707543acad0691e8d50d0da5d9fb6a54e60a502d56195e251918923c08913,LONG_CORRIDOR,FULL_NOISE,1632408808,23963997,3,2,FIFTEEN_STOCHASTIC_INPUTS_PER_SCENE_GEOMETRY
synthetic-confirmatory-v2::20db5a9086c436d83c556ddcffb97c33ad4b025c21dcf97c6046372a9ce4898d,LONG_CORRIDOR,FULL_NOISE,1632408808,23963997,4,2,FIFTEEN_STOCHASTIC_INPUTS_PER_SCENE_GEOMETRY
synthetic-confirmatory-v2::8b34db9b920f032f2b3a8c2ca41ec01cd0d53a90697aa09b9f145c935db80688,LONG_CORRIDOR,FULL_NOISE,1632408808,925756274,0,2,FIFTEEN_STOCHASTIC_INPUTS_PER_SCENE_GEOMETRY
synthetic-confirmatory-v2::3b574607d8b562ea788cfcea1e7a76d0a2e231c91a27a47132dceb4f4473e661,LONG_CORRIDOR,FULL_NOISE,1632408808,925756274,1,2,FIFTEEN_STOCHASTIC_INPUTS_PER_SCENE_GEOMETRY
synthetic-confirmatory-v2::4f2febcec079e9679824b44a07b70e9871f8cd883101c534bec8f40435f099cf,LONG_CORRIDOR,FULL_NOISE,1632408808,925756274,2,2,FIFTEEN_STOCHASTIC_INPUTS_PER_SCENE_GEOMETRY
synthetic-confirmatory-v2::0345d2fbcd72e922a873f2ad033344689d71f4dfc25f0922cddcaaa39dc8809b,LONG_CORRIDOR,FULL_NOISE,1632408808,925756274,3,2,FIFTEEN_STOCHASTIC_INPUTS_PER_SCENE_GEOMETRY
synthetic-confirmatory-v2::c328faef7060ce8110811e8e06823b796582cfb80c83497f0ab4afcf2eae0f6d,LONG_CORRIDOR,FULL_NOISE,1632408808,925756274,4,2,FIFTEEN_STOCHASTIC_INPUTS_PER_SCENE_GEOMETRY
synthetic-confirmatory-v2::b4b527f8f92d95ef778821040da239d3d31e8e2e3c1432ed2243801c1f0035af,LONG_CORRIDOR,IDEAL_MATCHED,2098780325,,0,2,ONE_CONTROL_INPUT
synthetic-confirmatory-v2::cf456466ec835cb825a25631bdfd7288254218d2a78ff3f5e301c208f3c1274a,LONG_CORRIDOR,INDEPENDENT_NOISE_FREE,2098780325,,0,2,ONE_DETERMINISTIC_INDEPENDENT_INPUT
synthetic-confirmatory-v2::10ef6d34d2e227b6f287066b1659ddde022efbc1721e632ce9a3ed9b71e39770,LONG_CORRIDOR,FULL_NOISE,2098780325,740417430,0,2,FIFTEEN_STOCHASTIC_INPUTS_PER_SCENE_GEOMETRY
synthetic-confirmatory-v2::d62ca95cd57a44aaedba085bac4e87b883457ae700dcdf85a0f31d1637a813fc,LONG_CORRIDOR,FULL_NOISE,2098780325,740417430,1,2,FIFTEEN_STOCHASTIC_INPUTS_PER_SCENE_GEOMETRY
synthetic-confirmatory-v2::755eec1503f9ed059a773f3922621ff6835e4b54a485e5303b971ecad59840e5,LONG_CORRIDOR,FULL_NOISE,2098780325,740417430,2,2,FIFTEEN_STOCHASTIC_INPUTS_PER_SCENE_GEOMETRY
synthetic-confirmatory-v2::cfd070fd178fabd0325cce6ae1a7618fddcdddf9531dbefd6570b883fd074941,LONG_CORRIDOR,FULL_NOISE,2098780325,740417430,3,2,FIFTEEN_STOCHASTIC_INPUTS_PER_SCENE_GEOMETRY
synthetic-confirmatory-v2::8aabdef1260ebf7741b10936fe372bf5207a08a9c6df73a405fa32a371a292dd,LONG_CORRIDOR,FULL_NOISE,2098780325,740417430,4,2,FIFTEEN_STOCHASTIC_INPUTS_PER_SCENE_GEOMETRY
synthetic-confirmatory-v2::9baaab04eeabc81257e3d76998ae735c63bf08f73decc2e21ea34799b8d95bc7,LONG_CORRIDOR,FULL_NOISE,2098780325,23963997,0,2,FIFTEEN_STOCHASTIC_INPUTS_PER_SCENE_GEOMETRY
synthetic-confirmatory-v2::83999bce3cc29346fb5927ed41c7fac16e8b75b1766fd4228b6e84fb5bdb5f9d,LONG_CORRIDOR,FULL_NOISE,2098780325,23963997,1,2,FIFTEEN_STOCHASTIC_INPUTS_PER_SCENE_GEOMETRY
synthetic-confirmatory-v2::e209226cec4db9241e59942e445c1c0083dc966ba270a4f40933368d45138bd2,LONG_CORRIDOR,FULL_NOISE,2098780325,23963997,2,2,FIFTEEN_STOCHASTIC_INPUTS_PER_SCENE_GEOMETRY
synthetic-confirmatory-v2::3a9f27490d2da44a211389c4085391eaee041562095ce0e51916ccbaa30f0329,LONG_CORRIDOR,FULL_NOISE,2098780325,23963997,3,2,FIFTEEN_STOCHASTIC_INPUTS_PER_SCENE_GEOMETRY
synthetic-confirmatory-v2::b130878291610a93d9315561b18e01a56a97d953b833c785fc3b2a8316755b11,LONG_CORRIDOR,FULL_NOISE,2098780325,23963997,4,2,FIFTEEN_STOCHASTIC_INPUTS_PER_SCENE_GEOMETRY
synthetic-confirmatory-v2::92b02ba1d3fc045e86c8265ec8cfc3e9b469f24857eafe8b29f061ffda04e8ce,LONG_CORRIDOR,FULL_NOISE,2098780325,925756274,0,2,FIFTEEN_STOCHASTIC_INPUTS_PER_SCENE_GEOMETRY
synthetic-confirmatory-v2::8ce12c5b0ec90d1175f27c3d1e34f662fa62d23b8bfa5ef272c4aa94ba51cfb0,LONG_CORRIDOR,FULL_NOISE,2098780325,925756274,1,2,FIFTEEN_STOCHASTIC_INPUTS_PER_SCENE_GEOMETRY
synthetic-confirmatory-v2::e34423b703bcc278d3129f4d67213925e9e89806dce6b184327fbb9f8aa6a66b,LONG_CORRIDOR,FULL_NOISE,2098780325,925756274,2,2,FIFTEEN_STOCHASTIC_INPUTS_PER_SCENE_GEOMETRY
synthetic-confirmatory-v2::47b55cbc7e4f3c7bca45dcc8ef93ccc2c66e4fe784fd1a5516ed69a0ebb7610c,LONG_CORRIDOR,FULL_NOISE,2098780325,925756274,3,2,FIFTEEN_STOCHASTIC_INPUTS_PER_SCENE_GEOMETRY
synthetic-confirmatory-v2::2ceeffb8da34cc33efef549c2a9e019e7588f5649520be3ac46afff87cb04049,LONG_CORRIDOR,FULL_NOISE,2098780325,925756274,4,2,FIFTEEN_STOCHASTIC_INPUTS_PER_SCENE_GEOMETRY
synthetic-confirmatory-v2::5d3776c7fbd471ca0b2a35fb3a1131a8cc5d80fbe47ef50b2362e43f9cb99d2c,LONG_CORRIDOR,IDEAL_MATCHED,2113923543,,0,2,ONE_CONTROL_INPUT
synthetic-confirmatory-v2::739b620831332a0a8cac42c6d9979910ddbba36d24da6da1110601eb23bd599c,LONG_CORRIDOR,INDEPENDENT_NOISE_FREE,2113923543,,0,2,ONE_DETERMINISTIC_INDEPENDENT_INPUT
synthetic-confirmatory-v2::7f28af28aa86caecabc3550c5de6889455f648af3c01dc3b1b43ba78c7ba2ba8,LONG_CORRIDOR,FULL_NOISE,2113923543,740417430,0,2,FIFTEEN_STOCHASTIC_INPUTS_PER_SCENE_GEOMETRY
synthetic-confirmatory-v2::8293354d8e2427d06729adfbb5b559217c93ef23902b4da589bacebe7dacbb6e,LONG_CORRIDOR,FULL_NOISE,2113923543,740417430,1,2,FIFTEEN_STOCHASTIC_INPUTS_PER_SCENE_GEOMETRY
synthetic-confirmatory-v2::cd14923622e2c9026ac299c421195522b897db60c9e971fb1fcf06826783fec0,LONG_CORRIDOR,FULL_NOISE,2113923543,740417430,2,2,FIFTEEN_STOCHASTIC_INPUTS_PER_SCENE_GEOMETRY
synthetic-confirmatory-v2::0416f297c11785ef9a871d84f0099ec3a8d1e6217688709115fd570180a77af0,LONG_CORRIDOR,FULL_NOISE,2113923543,740417430,3,2,FIFTEEN_STOCHASTIC_INPUTS_PER_SCENE_GEOMETRY
synthetic-confirmatory-v2::4001c1520add00241f608744e00412284cc88ca8961a69f6cd462a59085e4f21,LONG_CORRIDOR,FULL_NOISE,2113923543,740417430,4,2,FIFTEEN_STOCHASTIC_INPUTS_PER_SCENE_GEOMETRY
synthetic-confirmatory-v2::1903134e0c1355cebcba8467e562792b62d7cc415e31536f096df9cc878902cb,LONG_CORRIDOR,FULL_NOISE,2113923543,23963997,0,2,FIFTEEN_STOCHASTIC_INPUTS_PER_SCENE_GEOMETRY
synthetic-confirmatory-v2::29b3f12f5b98f76f1f0a44b83a67e7e8c86b8920ef7a7e0035855785453b6c97,LONG_CORRIDOR,FULL_NOISE,2113923543,23963997,1,2,FIFTEEN_STOCHASTIC_INPUTS_PER_SCENE_GEOMETRY
synthetic-confirmatory-v2::f8f7a9015da97fa73c21344ac1737c582c1ced911641d40fcb87649405a06547,LONG_CORRIDOR,FULL_NOISE,2113923543,23963997,2,2,FIFTEEN_STOCHASTIC_INPUTS_PER_SCENE_GEOMETRY
synthetic-confirmatory-v2::b0dbf9a214193d131e20ddd68cbcfb4d37b4b7a4c8e6acb9fd0f2024da4b3f3b,LONG_CORRIDOR,FULL_NOISE,2113923543,23963997,3,2,FIFTEEN_STOCHASTIC_INPUTS_PER_SCENE_GEOMETRY
synthetic-confirmatory-v2::2bc33dce324763d91dc67936c9d5da7984607cd8efe3b9dab54884b09f5e0942,LONG_CORRIDOR,FULL_NOISE,2113923543,23963997,4,2,FIFTEEN_STOCHASTIC_INPUTS_PER_SCENE_GEOMETRY
synthetic-confirmatory-v2::fbe17c7e8d76ef72a6a82e36e4922771401e2f6dfe3b16adc1aa227a665feef4,LONG_CORRIDOR,FULL_NOISE,2113923543,925756274,0,2,FIFTEEN_STOCHASTIC_INPUTS_PER_SCENE_GEOMETRY
synthetic-confirmatory-v2::5f957c2ee425b931c43db1e6a2e55f4da01489d6e44fbfb1eaf10cf921f2ba68,LONG_CORRIDOR,FULL_NOISE,2113923543,925756274,1,2,FIFTEEN_STOCHASTIC_INPUTS_PER_SCENE_GEOMETRY
synthetic-confirmatory-v2::793edbf5cec713886702a5c9f9b40f777cdd8be5f546e6367fba99dc11049679,LONG_CORRIDOR,FULL_NOISE,2113923543,925756274,2,2,FIFTEEN_STOCHASTIC_INPUTS_PER_SCENE_GEOMETRY
synthetic-confirmatory-v2::e4c47b1d810b330c331927385c398d396a3abf73d4aef6e0c84648be1c8f7a5d,LONG_CORRIDOR,FULL_NOISE,2113923543,925756274,3,2,FIFTEEN_STOCHASTIC_INPUTS_PER_SCENE_GEOMETRY
synthetic-confirmatory-v2::06b335769f6a01e53a8ad8d4d3ef99a41cd7008cbbb8e18186f8a56ca63d3d99,LONG_CORRIDOR,FULL_NOISE,2113923543,925756274,4,2,FIFTEEN_STOCHASTIC_INPUTS_PER_SCENE_GEOMETRY
synthetic-confirmatory-v2::a5a385043a43e9d31beb0bdd5973c9b31f1ee92a3857f0f993b925c80479f912,LONG_CORRIDOR,IDEAL_MATCHED,143826534,,0,2,ONE_CONTROL_INPUT
synthetic-confirmatory-v2::a0be42f4c20a0c568910f60456374be1af6ad2c175b5a8ddb365a877fb16d76b,LONG_CORRIDOR,INDEPENDENT_NOISE_FREE,143826534,,0,2,ONE_DETERMINISTIC_INDEPENDENT_INPUT
synthetic-confirmatory-v2::0a2b83d9ed2228792aa72187574e37ddb1e8b6333f53f3bb5e57b7ef056fcf30,LONG_CORRIDOR,FULL_NOISE,143826534,740417430,0,2,FIFTEEN_STOCHASTIC_INPUTS_PER_SCENE_GEOMETRY
synthetic-confirmatory-v2::04dc823d5daf7734c531c8b7c30f27095a39a55e31edd91181329934e4558b7a,LONG_CORRIDOR,FULL_NOISE,143826534,740417430,1,2,FIFTEEN_STOCHASTIC_INPUTS_PER_SCENE_GEOMETRY
synthetic-confirmatory-v2::5e5e340af8f744c8754b746cede829a900dcde41742e4bfc3038eaba331b1e04,LONG_CORRIDOR,FULL_NOISE,143826534,740417430,2,2,FIFTEEN_STOCHASTIC_INPUTS_PER_SCENE_GEOMETRY
synthetic-confirmatory-v2::9bf8e8f46973779b1764a0525076b440c90826d1874a4d38c0dd2db2985bbf16,LONG_CORRIDOR,FULL_NOISE,143826534,740417430,3,2,FIFTEEN_STOCHASTIC_INPUTS_PER_SCENE_GEOMETRY
synthetic-confirmatory-v2::7fd09ac488dea05001c05e352e3b3373a9705eccdb19e149922cbc02d6615dbd,LONG_CORRIDOR,FULL_NOISE,143826534,740417430,4,2,FIFTEEN_STOCHASTIC_INPUTS_PER_SCENE_GEOMETRY
synthetic-confirmatory-v2::cb4fe700f6dcf9a6f4e0b54f15ff2758ac320f198152d3b1ac655a7feb2e887b,LONG_CORRIDOR,FULL_NOISE,143826534,23963997,0,2,FIFTEEN_STOCHASTIC_INPUTS_PER_SCENE_GEOMETRY
synthetic-confirmatory-v2::67606691452cdf3b8987e7c2267b2c76cec301c47bc13d2f0e7f46793ad80722,LONG_CORRIDOR,FULL_NOISE,143826534,23963997,1,2,FIFTEEN_STOCHASTIC_INPUTS_PER_SCENE_GEOMETRY
synthetic-confirmatory-v2::7852e3c821a9638e4e1079b1ee9868b9effaa43f32645d9ae2d6c7bb5fd6ff43,LONG_CORRIDOR,FULL_NOISE,143826534,23963997,2,2,FIFTEEN_STOCHASTIC_INPUTS_PER_SCENE_GEOMETRY
synthetic-confirmatory-v2::f24f31424395532aba04cc8ba58647603ae8b304e74c463bb5861e2da218c044,LONG_CORRIDOR,FULL_NOISE,143826534,23963997,3,2,FIFTEEN_STOCHASTIC_INPUTS_PER_SCENE_GEOMETRY
synthetic-confirmatory-v2::9760168f08e339a7e22709674d050e6ca176a5fd5879914e1d8100cc0edd436a,LONG_CORRIDOR,FULL_NOISE,143826534,23963997,4,2,FIFTEEN_STOCHASTIC_INPUTS_PER_SCENE_GEOMETRY
synthetic-confirmatory-v2::6ba8dab0fe11699c0cc7ab8f0a8c65652bb565a3df8d149f4f68b6c74f084498,LONG_CORRIDOR,FULL_NOISE,143826534,925756274,0,2,FIFTEEN_STOCHASTIC_INPUTS_PER_SCENE_GEOMETRY
synthetic-confirmatory-v2::9f6499bc4724bdeee11d8108b8967ec10380247680e840b545e1dff78c9680be,LONG_CORRIDOR,FULL_NOISE,143826534,925756274,1,2,FIFTEEN_STOCHASTIC_INPUTS_PER_SCENE_GEOMETRY
synthetic-confirmatory-v2::2956ee1664dc4984f9dda180940bce2d43b6513f5487869b3a1b7ed8338e5efb,LONG_CORRIDOR,FULL_NOISE,143826534,925756274,2,2,FIFTEEN_STOCHASTIC_INPUTS_PER_SCENE_GEOMETRY
synthetic-confirmatory-v2::83e4e1f573af3f1c5953ac8719d35dd3fd5aad47c28f76d811b4c521a2ef3a06,LONG_CORRIDOR,FULL_NOISE,143826534,925756274,3,2,FIFTEEN_STOCHASTIC_INPUTS_PER_SCENE_GEOMETRY
synthetic-confirmatory-v2::21a0727ffa5ffd6169dbcb5ebb47bb06b63f9c7dbaf34ef0971f7b0167fb2c0a,LONG_CORRIDOR,FULL_NOISE,143826534,925756274,4,2,FIFTEEN_STOCHASTIC_INPUTS_PER_SCENE_GEOMETRY
synthetic-confirmatory-v2::8e73897bdf994800f011192a5238caf7b8a9c2251084eb6bce4afd4c38a94e47,LONG_CORRIDOR,IDEAL_MATCHED,1099133161,,0,2,ONE_CONTROL_INPUT
synthetic-confirmatory-v2::4584d47f2f4e0e595a10690d1596be22fa1f17d9bc33fd42bc28991554a7dfd3,LONG_CORRIDOR,INDEPENDENT_NOISE_FREE,1099133161,,0,2,ONE_DETERMINISTIC_INDEPENDENT_INPUT
synthetic-confirmatory-v2::e26f16eedf448fd82ef74869f8ecf9807e4058ce52fea3e9e44b8ddfc4a2c50c,LONG_CORRIDOR,FULL_NOISE,1099133161,740417430,0,2,FIFTEEN_STOCHASTIC_INPUTS_PER_SCENE_GEOMETRY
synthetic-confirmatory-v2::84643ee048437f80c287e7a4cfa6000110d3baf365e5e3dccc6c8e2d215da5c1,LONG_CORRIDOR,FULL_NOISE,1099133161,740417430,1,2,FIFTEEN_STOCHASTIC_INPUTS_PER_SCENE_GEOMETRY
synthetic-confirmatory-v2::eed3f7ef36fe657d1ed5037c85efcffb24408aaaa97f0e2f8797ef1dabed1d20,LONG_CORRIDOR,FULL_NOISE,1099133161,740417430,2,2,FIFTEEN_STOCHASTIC_INPUTS_PER_SCENE_GEOMETRY
synthetic-confirmatory-v2::e2b9612de48752e28109776de74f9a2fd5f8143a2418bfce4b90c46e3a367f33,LONG_CORRIDOR,FULL_NOISE,1099133161,740417430,3,2,FIFTEEN_STOCHASTIC_INPUTS_PER_SCENE_GEOMETRY
synthetic-confirmatory-v2::31c7c368375482180c5f23b5c9a64157d76fb6909bc25cca806d31371709f625,LONG_CORRIDOR,FULL_NOISE,1099133161,740417430,4,2,FIFTEEN_STOCHASTIC_INPUTS_PER_SCENE_GEOMETRY
synthetic-confirmatory-v2::5c30def0309d9c021313798a2e3a1f894511b87762f451d9cb3d0636fc014ead,LONG_CORRIDOR,FULL_NOISE,1099133161,23963997,0,2,FIFTEEN_STOCHASTIC_INPUTS_PER_SCENE_GEOMETRY
synthetic-confirmatory-v2::44af2b8536b2010f518d65b8435cb184a75789c6f63d6456150658934c0e9eb8,LONG_CORRIDOR,FULL_NOISE,1099133161,23963997,1,2,FIFTEEN_STOCHASTIC_INPUTS_PER_SCENE_GEOMETRY
synthetic-confirmatory-v2::8134cce4b9eda75ae7fd02e056345a0df6818476bc24eaf0575cfc1c9f47eec3,LONG_CORRIDOR,FULL_NOISE,1099133161,23963997,2,2,FIFTEEN_STOCHASTIC_INPUTS_PER_SCENE_GEOMETRY
synthetic-confirmatory-v2::d3abb4f6863e6942988a3dae6178e3e2a445e9b3a66a7c43be358c38ddda5834,LONG_CORRIDOR,FULL_NOISE,1099133161,23963997,3,2,FIFTEEN_STOCHASTIC_INPUTS_PER_SCENE_GEOMETRY
synthetic-confirmatory-v2::1359bdaf17029b2a60dd4621ab9338c4bd2e25afb48af2284881cf06d7fb570d,LONG_CORRIDOR,FULL_NOISE,1099133161,23963997,4,2,FIFTEEN_STOCHASTIC_INPUTS_PER_SCENE_GEOMETRY
synthetic-confirmatory-v2::9750dd763c1856ba3fa235170da3dce76995ee265d8f4a808c01d67bbe17e093,LONG_CORRIDOR,FULL_NOISE,1099133161,925756274,0,2,FIFTEEN_STOCHASTIC_INPUTS_PER_SCENE_GEOMETRY
synthetic-confirmatory-v2::0913e421f4bf23ca331a6afed6f2f64e386485092d2115f72f67582b76dc8b55,LONG_CORRIDOR,FULL_NOISE,1099133161,925756274,1,2,FIFTEEN_STOCHASTIC_INPUTS_PER_SCENE_GEOMETRY
synthetic-confirmatory-v2::e424a2f1dcd38f71b9d6b2b2f308ba11c3b2719f2faa8dcd25ac20972d8138fd,LONG_CORRIDOR,FULL_NOISE,1099133161,925756274,2,2,FIFTEEN_STOCHASTIC_INPUTS_PER_SCENE_GEOMETRY
synthetic-confirmatory-v2::4e14cfbdc0513d4590342c9c0f5667a649d8aa1432f4f3074362580e7e7af6e5,LONG_CORRIDOR,FULL_NOISE,1099133161,925756274,3,2,FIFTEEN_STOCHASTIC_INPUTS_PER_SCENE_GEOMETRY
synthetic-confirmatory-v2::baf08a15ed4ca6043802a56426a5f6907afcc1ddad44a6172109a4b876d2eacd,LONG_CORRIDOR,FULL_NOISE,1099133161,925756274,4,2,FIFTEEN_STOCHASTIC_INPUTS_PER_SCENE_GEOMETRY
synthetic-confirmatory-v2::9eb0c1a5dd06d81ae2ed7f3474ecd13beec3e4422b4d1c45770c476fcdf8f66b,PARALLEL_WALLS,IDEAL_MATCHED,1632408808,,0,2,ONE_CONTROL_INPUT
synthetic-confirmatory-v2::506b979d55da3413fb5c05fc08420185434176f3b9cab67856f5044ffc08fd50,PARALLEL_WALLS,INDEPENDENT_NOISE_FREE,1632408808,,0,2,ONE_DETERMINISTIC_INDEPENDENT_INPUT
synthetic-confirmatory-v2::bf9226f2b8849fc05d85c518154601df3d7a3c651738957b322cb55a09374621,PARALLEL_WALLS,FULL_NOISE,1632408808,740417430,0,2,FIFTEEN_STOCHASTIC_INPUTS_PER_SCENE_GEOMETRY
synthetic-confirmatory-v2::736f2ef890556ecbee691471c41e185de556aa279b42dbc2329043ecda9df044,PARALLEL_WALLS,FULL_NOISE,1632408808,740417430,1,2,FIFTEEN_STOCHASTIC_INPUTS_PER_SCENE_GEOMETRY
synthetic-confirmatory-v2::49f261ff7206ebacbdb66a90f5a0df357826a6395409b7d40476184884bc401e,PARALLEL_WALLS,FULL_NOISE,1632408808,740417430,2,2,FIFTEEN_STOCHASTIC_INPUTS_PER_SCENE_GEOMETRY
synthetic-confirmatory-v2::7621e048762bc88950525171627a1de5018dd3889df2cfd1eb261a4b49af887c,PARALLEL_WALLS,FULL_NOISE,1632408808,740417430,3,2,FIFTEEN_STOCHASTIC_INPUTS_PER_SCENE_GEOMETRY
synthetic-confirmatory-v2::9a1b548f81ce4173bf72349a8eecb5cbb66ba0c8b0121e2137693aa0b1b60e4b,PARALLEL_WALLS,FULL_NOISE,1632408808,740417430,4,2,FIFTEEN_STOCHASTIC_INPUTS_PER_SCENE_GEOMETRY
synthetic-confirmatory-v2::91213c58f3712ec69ff939dd6c6589d93023a675d977ce6bcaa7b2e322afd729,PARALLEL_WALLS,FULL_NOISE,1632408808,23963997,0,2,FIFTEEN_STOCHASTIC_INPUTS_PER_SCENE_GEOMETRY
synthetic-confirmatory-v2::c458ef075498ef0ef218c2a7a2c5ad02bbf502b4d604af49b3a52a5031872a7d,PARALLEL_WALLS,FULL_NOISE,1632408808,23963997,1,2,FIFTEEN_STOCHASTIC_INPUTS_PER_SCENE_GEOMETRY
synthetic-confirmatory-v2::b831c345443f2b9b5dca852294fd2bed22907ac58466bd5a8201cc97d51df118,PARALLEL_WALLS,FULL_NOISE,1632408808,23963997,2,2,FIFTEEN_STOCHASTIC_INPUTS_PER_SCENE_GEOMETRY
synthetic-confirmatory-v2::ad8e83a24d29f90b5e25aa63ea571ec5abf41acbbdbf1803b989d14c4b534cd1,PARALLEL_WALLS,FULL_NOISE,1632408808,23963997,3,2,FIFTEEN_STOCHASTIC_INPUTS_PER_SCENE_GEOMETRY
synthetic-confirmatory-v2::05ed4cd54a3e8cd363593852db1e27a5798fe5e7714541dd4f53082092c12610,PARALLEL_WALLS,FULL_NOISE,1632408808,23963997,4,2,FIFTEEN_STOCHASTIC_INPUTS_PER_SCENE_GEOMETRY
synthetic-confirmatory-v2::165b251233661388966e811741c4adb5f203c0b72ce640f46a4f5f5e70d409d3,PARALLEL_WALLS,FULL_NOISE,1632408808,925756274,0,2,FIFTEEN_STOCHASTIC_INPUTS_PER_SCENE_GEOMETRY
synthetic-confirmatory-v2::5a2aa4afa95116c35b68ddfe8e63d9410b21d17c6540d44209a781921938089a,PARALLEL_WALLS,FULL_NOISE,1632408808,925756274,1,2,FIFTEEN_STOCHASTIC_INPUTS_PER_SCENE_GEOMETRY
synthetic-confirmatory-v2::20eca9d0c5774623b288fbb035f86ce2ecfade81c6ff531f67f18632379661ea,PARALLEL_WALLS,FULL_NOISE,1632408808,925756274,2,2,FIFTEEN_STOCHASTIC_INPUTS_PER_SCENE_GEOMETRY
synthetic-confirmatory-v2::e4bcbad014e94d80f784492d9040d5de36fe3b719abb467088359186d32fd01f,PARALLEL_WALLS,FULL_NOISE,1632408808,925756274,3,2,FIFTEEN_STOCHASTIC_INPUTS_PER_SCENE_GEOMETRY
synthetic-confirmatory-v2::03c1691f151f85906b639b0b7221352d7782244b860286f0214f06382fec83e9,PARALLEL_WALLS,FULL_NOISE,1632408808,925756274,4,2,FIFTEEN_STOCHASTIC_INPUTS_PER_SCENE_GEOMETRY
synthetic-confirmatory-v2::8eb75e0987fed1f652e52a813a72bc5b881a38243e52050aab21350905fe8092,PARALLEL_WALLS,IDEAL_MATCHED,2098780325,,0,2,ONE_CONTROL_INPUT
synthetic-confirmatory-v2::8fdb0ca38ac4acd1095bac07da15102e641f6381424e013fd07cfcfcbb30eaaf,PARALLEL_WALLS,INDEPENDENT_NOISE_FREE,2098780325,,0,2,ONE_DETERMINISTIC_INDEPENDENT_INPUT
synthetic-confirmatory-v2::5161fc9a15d221055ad0da0d4fcc3a3b1f82b40c71a014de1da5cfde5357cced,PARALLEL_WALLS,FULL_NOISE,2098780325,740417430,0,2,FIFTEEN_STOCHASTIC_INPUTS_PER_SCENE_GEOMETRY
synthetic-confirmatory-v2::5dee13f4e51eb2e0a5734a8f2d919c75dadd5039af1b5f26261cd963bf264fd6,PARALLEL_WALLS,FULL_NOISE,2098780325,740417430,1,2,FIFTEEN_STOCHASTIC_INPUTS_PER_SCENE_GEOMETRY
synthetic-confirmatory-v2::ce66ebae359f1232d92d458cbc9eb21a0176ea936caa4c181a5dea06ab00fbf8,PARALLEL_WALLS,FULL_NOISE,2098780325,740417430,2,2,FIFTEEN_STOCHASTIC_INPUTS_PER_SCENE_GEOMETRY
synthetic-confirmatory-v2::b0129aebbac749f0cb43f6c25ce699ee429d48b39fa82cd2b0ed77504511575a,PARALLEL_WALLS,FULL_NOISE,2098780325,740417430,3,2,FIFTEEN_STOCHASTIC_INPUTS_PER_SCENE_GEOMETRY
synthetic-confirmatory-v2::dbd9e5333035609fa3d6aa697125fb3b1351bb01d1be57b2fedc8d219c867365,PARALLEL_WALLS,FULL_NOISE,2098780325,740417430,4,2,FIFTEEN_STOCHASTIC_INPUTS_PER_SCENE_GEOMETRY
synthetic-confirmatory-v2::be4f8411bbb2b4ca028e942a8c7653525b30f5aa5ac2fbe8d320eed75bf07a2c,PARALLEL_WALLS,FULL_NOISE,2098780325,23963997,0,2,FIFTEEN_STOCHASTIC_INPUTS_PER_SCENE_GEOMETRY
synthetic-confirmatory-v2::8f9e3b585b533fe7cd9ee64185901b77cd383456f1593ca4d3409e55a8d28ccc,PARALLEL_WALLS,FULL_NOISE,2098780325,23963997,1,2,FIFTEEN_STOCHASTIC_INPUTS_PER_SCENE_GEOMETRY
synthetic-confirmatory-v2::d21291409991f90301a62779f470d6e81a67b183e5009de4a133eaed2827419b,PARALLEL_WALLS,FULL_NOISE,2098780325,23963997,2,2,FIFTEEN_STOCHASTIC_INPUTS_PER_SCENE_GEOMETRY
synthetic-confirmatory-v2::ca45c3799744855f67ea681962b00d423fdf8b102c3b817af8ed5a45e0f51355,PARALLEL_WALLS,FULL_NOISE,2098780325,23963997,3,2,FIFTEEN_STOCHASTIC_INPUTS_PER_SCENE_GEOMETRY
synthetic-confirmatory-v2::539bf0281762d86801ce9c1879337b9bdb6a43651f13d2100c5f64a0cc260a39,PARALLEL_WALLS,FULL_NOISE,2098780325,23963997,4,2,FIFTEEN_STOCHASTIC_INPUTS_PER_SCENE_GEOMETRY
synthetic-confirmatory-v2::017b0fceb346e2cd73ea41d7adc0bc252915f17ebae3d962e6d83e77e984a5f9,PARALLEL_WALLS,FULL_NOISE,2098780325,925756274,0,2,FIFTEEN_STOCHASTIC_INPUTS_PER_SCENE_GEOMETRY
synthetic-confirmatory-v2::e8832486a44f26f73faffab8b32f844c9225ad7d1ac6c338b1bc37fdf85e1f43,PARALLEL_WALLS,FULL_NOISE,2098780325,925756274,1,2,FIFTEEN_STOCHASTIC_INPUTS_PER_SCENE_GEOMETRY
synthetic-confirmatory-v2::2835b276ea548205d2e7058af648df51ae4e6f0bd99d9c080b5ed588d690c392,PARALLEL_WALLS,FULL_NOISE,2098780325,925756274,2,2,FIFTEEN_STOCHASTIC_INPUTS_PER_SCENE_GEOMETRY
synthetic-confirmatory-v2::01a7d67787f687e8c4ba1b7cd1a4e14c7810e12febfdbf59aad50e33e6ac9a7a,PARALLEL_WALLS,FULL_NOISE,2098780325,925756274,3,2,FIFTEEN_STOCHASTIC_INPUTS_PER_SCENE_GEOMETRY
synthetic-confirmatory-v2::2b461dae5a380abb38424029b380bf13326cd7e00d916d7fb26c91f03ab02252,PARALLEL_WALLS,FULL_NOISE,2098780325,925756274,4,2,FIFTEEN_STOCHASTIC_INPUTS_PER_SCENE_GEOMETRY
synthetic-confirmatory-v2::c990bcbeb289906f45924c2d5ff0bcac797e3ae79a8b8d87ad85704bd85b9b4b,PARALLEL_WALLS,IDEAL_MATCHED,2113923543,,0,2,ONE_CONTROL_INPUT
synthetic-confirmatory-v2::920d09d0466ed2792fca6d06cfd756a3f56ee370b241124a55da05ba2507634e,PARALLEL_WALLS,INDEPENDENT_NOISE_FREE,2113923543,,0,2,ONE_DETERMINISTIC_INDEPENDENT_INPUT
synthetic-confirmatory-v2::39ae43eef75a638eec91df8f313a0623d4d6264e623b99aa77679b2d33d6ba3d,PARALLEL_WALLS,FULL_NOISE,2113923543,740417430,0,2,FIFTEEN_STOCHASTIC_INPUTS_PER_SCENE_GEOMETRY
synthetic-confirmatory-v2::3b9587461c9da766cb8b801380e862e5bedda258223e0c418f6b9370b4116d1e,PARALLEL_WALLS,FULL_NOISE,2113923543,740417430,1,2,FIFTEEN_STOCHASTIC_INPUTS_PER_SCENE_GEOMETRY
synthetic-confirmatory-v2::61eb829983aefe336ed9be3026a35b29b5aff23716d50a5b4a32473e1940abb4,PARALLEL_WALLS,FULL_NOISE,2113923543,740417430,2,2,FIFTEEN_STOCHASTIC_INPUTS_PER_SCENE_GEOMETRY
synthetic-confirmatory-v2::eeda8df951ae737971b422983f774553a10f84a46288e0aea8ff0283af71e851,PARALLEL_WALLS,FULL_NOISE,2113923543,740417430,3,2,FIFTEEN_STOCHASTIC_INPUTS_PER_SCENE_GEOMETRY
synthetic-confirmatory-v2::f468cab186567a1583d9dc8b1cda936b908dd4bd94d7d598eb76d226c89f8dbe,PARALLEL_WALLS,FULL_NOISE,2113923543,740417430,4,2,FIFTEEN_STOCHASTIC_INPUTS_PER_SCENE_GEOMETRY
synthetic-confirmatory-v2::58c25046e85f4a51ea9db05fbfe9f74c98056857a98b3aeaa3b9537aefe4a586,PARALLEL_WALLS,FULL_NOISE,2113923543,23963997,0,2,FIFTEEN_STOCHASTIC_INPUTS_PER_SCENE_GEOMETRY
synthetic-confirmatory-v2::d7115b455ce8985be5ce5c8ac3a291f533bd82e1b5ff1ed9a1391ba07f208eb1,PARALLEL_WALLS,FULL_NOISE,2113923543,23963997,1,2,FIFTEEN_STOCHASTIC_INPUTS_PER_SCENE_GEOMETRY
synthetic-confirmatory-v2::fe8463581ca2287e43d0b1d62fad2eadb7405fe0c60bd3e7f9ca9ac5541b3745,PARALLEL_WALLS,FULL_NOISE,2113923543,23963997,2,2,FIFTEEN_STOCHASTIC_INPUTS_PER_SCENE_GEOMETRY
synthetic-confirmatory-v2::c7d40188307354feddb76684bdaab28e0d035604e17157dbac518aa9d9a7aa5a,PARALLEL_WALLS,FULL_NOISE,2113923543,23963997,3,2,FIFTEEN_STOCHASTIC_INPUTS_PER_SCENE_GEOMETRY
synthetic-confirmatory-v2::cc5c1977d09ea5ae5c8fa9ff7f1559db89c3ecaa2ca2d32689e44f74d09eab73,PARALLEL_WALLS,FULL_NOISE,2113923543,23963997,4,2,FIFTEEN_STOCHASTIC_INPUTS_PER_SCENE_GEOMETRY
synthetic-confirmatory-v2::a7605c554dbc8c6560641b474f5b68cf3dea539fe0641e3e673b57ad8d803d5e,PARALLEL_WALLS,FULL_NOISE,2113923543,925756274,0,2,FIFTEEN_STOCHASTIC_INPUTS_PER_SCENE_GEOMETRY
synthetic-confirmatory-v2::638f047e172eb2223cce8e865396cd487b53b15bfd4169cb9579cfe707bf00c9,PARALLEL_WALLS,FULL_NOISE,2113923543,925756274,1,2,FIFTEEN_STOCHASTIC_INPUTS_PER_SCENE_GEOMETRY
synthetic-confirmatory-v2::cca9ad2bd102687523ed7d1eb74b3c07ab08b5f1117c311aef112e1b7fbc53be,PARALLEL_WALLS,FULL_NOISE,2113923543,925756274,2,2,FIFTEEN_STOCHASTIC_INPUTS_PER_SCENE_GEOMETRY
synthetic-confirmatory-v2::6fd149b12dbacc6ca5420ebcae3d1af05e0ea0994595d885a05580f36f9833db,PARALLEL_WALLS,FULL_NOISE,2113923543,925756274,3,2,FIFTEEN_STOCHASTIC_INPUTS_PER_SCENE_GEOMETRY
synthetic-confirmatory-v2::02b6984e11254054d637c4f70e210cacf820dc2eecc7139a23229a7b894b8e48,PARALLEL_WALLS,FULL_NOISE,2113923543,925756274,4,2,FIFTEEN_STOCHASTIC_INPUTS_PER_SCENE_GEOMETRY
synthetic-confirmatory-v2::492479f17f4c4531876c32504b11e70d2b3bae4268ac38ae7635565244abdb0e,PARALLEL_WALLS,IDEAL_MATCHED,143826534,,0,2,ONE_CONTROL_INPUT
synthetic-confirmatory-v2::fff7a55883c8970a401631d6585dd325f9625b4b7214e8f60b65d2361fa7b1a2,PARALLEL_WALLS,INDEPENDENT_NOISE_FREE,143826534,,0,2,ONE_DETERMINISTIC_INDEPENDENT_INPUT
synthetic-confirmatory-v2::e0ab1cbd6de9fd090ac2d93020c5bb830888e98f7481b4d44b99cecef73561a6,PARALLEL_WALLS,FULL_NOISE,143826534,740417430,0,2,FIFTEEN_STOCHASTIC_INPUTS_PER_SCENE_GEOMETRY
synthetic-confirmatory-v2::6252037e72198f8ff30eae6ba98799df6c298736d3d5709abd60336a909ab6f9,PARALLEL_WALLS,FULL_NOISE,143826534,740417430,1,2,FIFTEEN_STOCHASTIC_INPUTS_PER_SCENE_GEOMETRY
synthetic-confirmatory-v2::24d56924e2f4a0868244b179bcfb7599f4a7f8fe653fbf6fbb385470b087fc4a,PARALLEL_WALLS,FULL_NOISE,143826534,740417430,2,2,FIFTEEN_STOCHASTIC_INPUTS_PER_SCENE_GEOMETRY
synthetic-confirmatory-v2::dfdac06c7e965c0366304482dc59799550f8f3a0f0f2497521843e039704eac1,PARALLEL_WALLS,FULL_NOISE,143826534,740417430,3,2,FIFTEEN_STOCHASTIC_INPUTS_PER_SCENE_GEOMETRY
synthetic-confirmatory-v2::d5090d2892665d7efa936d96b9a9bfdf52e7d1d9c6202bf30c54ff8fbbcfe6a0,PARALLEL_WALLS,FULL_NOISE,143826534,740417430,4,2,FIFTEEN_STOCHASTIC_INPUTS_PER_SCENE_GEOMETRY
synthetic-confirmatory-v2::d415b2b5798462ddf07682e1c97c96c288388e417c4e23151c90716abe1614cb,PARALLEL_WALLS,FULL_NOISE,143826534,23963997,0,2,FIFTEEN_STOCHASTIC_INPUTS_PER_SCENE_GEOMETRY
synthetic-confirmatory-v2::b3832b09483838bd96d7166afadccd0631c8fcdae8bd69077be569d3a438bed5,PARALLEL_WALLS,FULL_NOISE,143826534,23963997,1,2,FIFTEEN_STOCHASTIC_INPUTS_PER_SCENE_GEOMETRY
synthetic-confirmatory-v2::b0c62016ccbd92edf6bf9013488110b467859499296c7e0fc0fca17df306b5c7,PARALLEL_WALLS,FULL_NOISE,143826534,23963997,2,2,FIFTEEN_STOCHASTIC_INPUTS_PER_SCENE_GEOMETRY
synthetic-confirmatory-v2::286a41b8021265cb2764b28203e10c4bc964782ab469d67ef906d63045daf06a,PARALLEL_WALLS,FULL_NOISE,143826534,23963997,3,2,FIFTEEN_STOCHASTIC_INPUTS_PER_SCENE_GEOMETRY
synthetic-confirmatory-v2::7443896f2244dbc683b5d017219fbae024cf191906a2e8b308327dff0a347e59,PARALLEL_WALLS,FULL_NOISE,143826534,23963997,4,2,FIFTEEN_STOCHASTIC_INPUTS_PER_SCENE_GEOMETRY
synthetic-confirmatory-v2::f8ad4b838b2734490f8386dd48be044c928a99fde5223ec951bef42dfcbd8dd2,PARALLEL_WALLS,FULL_NOISE,143826534,925756274,0,2,FIFTEEN_STOCHASTIC_INPUTS_PER_SCENE_GEOMETRY
synthetic-confirmatory-v2::aeecc1bed6a871ff8c2f529dff0a46d4dd7c7afd3c553e0eaca98a7218564702,PARALLEL_WALLS,FULL_NOISE,143826534,925756274,1,2,FIFTEEN_STOCHASTIC_INPUTS_PER_SCENE_GEOMETRY
synthetic-confirmatory-v2::fb8386616213aa7e1baa99b329678cf5ebc9c331344b56af789f9f26b4590fcd,PARALLEL_WALLS,FULL_NOISE,143826534,925756274,2,2,FIFTEEN_STOCHASTIC_INPUTS_PER_SCENE_GEOMETRY
synthetic-confirmatory-v2::41d22c9d882ac126b82bd54775374086810956fe2a88e3161ab212920e20e06f,PARALLEL_WALLS,FULL_NOISE,143826534,925756274,3,2,FIFTEEN_STOCHASTIC_INPUTS_PER_SCENE_GEOMETRY
synthetic-confirmatory-v2::8987b414120549da59ce9c6513397b69210fb347920a8cbe94cbc8b01585bc5b,PARALLEL_WALLS,FULL_NOISE,143826534,925756274,4,2,FIFTEEN_STOCHASTIC_INPUTS_PER_SCENE_GEOMETRY
synthetic-confirmatory-v2::c1ef027ae9930d6f91d7c9cfe5f81dc4f9f415af97d090c1f0c64c18f8536011,PARALLEL_WALLS,IDEAL_MATCHED,1099133161,,0,2,ONE_CONTROL_INPUT
synthetic-confirmatory-v2::4ddd2aa83ca544b2e4e52d1447d8a9b04647ece483832af7ec429ffb226d42ec,PARALLEL_WALLS,INDEPENDENT_NOISE_FREE,1099133161,,0,2,ONE_DETERMINISTIC_INDEPENDENT_INPUT
synthetic-confirmatory-v2::3ef8ed5c3d0165c069f01d181e280ed78c6686b211300171673a13309193ddbc,PARALLEL_WALLS,FULL_NOISE,1099133161,740417430,0,2,FIFTEEN_STOCHASTIC_INPUTS_PER_SCENE_GEOMETRY
synthetic-confirmatory-v2::60dc3935f5b67c62a1b4bb9f698597bfa81dfc1b65622df8e88c7fc64bcb3a1f,PARALLEL_WALLS,FULL_NOISE,1099133161,740417430,1,2,FIFTEEN_STOCHASTIC_INPUTS_PER_SCENE_GEOMETRY
synthetic-confirmatory-v2::47f2be062e02aa8e1368ddd0ed90954b856282a4bec1ac077d9b181bc144d3a3,PARALLEL_WALLS,FULL_NOISE,1099133161,740417430,2,2,FIFTEEN_STOCHASTIC_INPUTS_PER_SCENE_GEOMETRY
synthetic-confirmatory-v2::2f67138bf0e5a809d088390d3a66cc78f5e991fe562d289c20180501dd4c4b11,PARALLEL_WALLS,FULL_NOISE,1099133161,740417430,3,2,FIFTEEN_STOCHASTIC_INPUTS_PER_SCENE_GEOMETRY
synthetic-confirmatory-v2::5219c0427070a3679b595b6f682a2d9e6d6e972ebcbd36bb3e12e39b3b4db6e3,PARALLEL_WALLS,FULL_NOISE,1099133161,740417430,4,2,FIFTEEN_STOCHASTIC_INPUTS_PER_SCENE_GEOMETRY
synthetic-confirmatory-v2::37431a8194e68a3e8b6d144fb9f22bb5f2613aaca2ac77bbffbd96bce9ed6753,PARALLEL_WALLS,FULL_NOISE,1099133161,23963997,0,2,FIFTEEN_STOCHASTIC_INPUTS_PER_SCENE_GEOMETRY
synthetic-confirmatory-v2::dde1762558c2c3661dcf5d35547f15c3829fa7e5d8b7b3c540a0a496f4bd8382,PARALLEL_WALLS,FULL_NOISE,1099133161,23963997,1,2,FIFTEEN_STOCHASTIC_INPUTS_PER_SCENE_GEOMETRY
synthetic-confirmatory-v2::2216222c0512926965713800a18f545d5dd1acaaf83d460b0deffa41df889d8e,PARALLEL_WALLS,FULL_NOISE,1099133161,23963997,2,2,FIFTEEN_STOCHASTIC_INPUTS_PER_SCENE_GEOMETRY
synthetic-confirmatory-v2::3247f7d610182bb669f7e3e130f5dac31d4d9347dc8c2617e823aad165c8042f,PARALLEL_WALLS,FULL_NOISE,1099133161,23963997,3,2,FIFTEEN_STOCHASTIC_INPUTS_PER_SCENE_GEOMETRY
synthetic-confirmatory-v2::e9191d2cc708668225c99ee3ec4472a3eafacfc6905c0f391928fe72c3f720ca,PARALLEL_WALLS,FULL_NOISE,1099133161,23963997,4,2,FIFTEEN_STOCHASTIC_INPUTS_PER_SCENE_GEOMETRY
synthetic-confirmatory-v2::f0cc8a3da5f5c96e144e6caca17d81efcd6617e4be912725c138a19a2fdbffd5,PARALLEL_WALLS,FULL_NOISE,1099133161,925756274,0,2,FIFTEEN_STOCHASTIC_INPUTS_PER_SCENE_GEOMETRY
synthetic-confirmatory-v2::051dbdea48ddd5d87eb572ef137bf949ac39d980bce553ee4a75a89f5c47873e,PARALLEL_WALLS,FULL_NOISE,1099133161,925756274,1,2,FIFTEEN_STOCHASTIC_INPUTS_PER_SCENE_GEOMETRY
synthetic-confirmatory-v2::de2089f0a7c8093606644e99307562b8d12c13f047d1793c2df2e8ac245d56f8,PARALLEL_WALLS,FULL_NOISE,1099133161,925756274,2,2,FIFTEEN_STOCHASTIC_INPUTS_PER_SCENE_GEOMETRY
synthetic-confirmatory-v2::47df9044357e9b3e2e64a5779cee28b247a6286a67142bd907a07dba33bdf0cf,PARALLEL_WALLS,FULL_NOISE,1099133161,925756274,3,2,FIFTEEN_STOCHASTIC_INPUTS_PER_SCENE_GEOMETRY
synthetic-confirmatory-v2::bdc36d52c70114a5ce447fbe2a5ad1ee98f6c844531d6d04c5271aee1e33b485,PARALLEL_WALLS,FULL_NOISE,1099133161,925756274,4,2,FIFTEEN_STOCHASTIC_INPUTS_PER_SCENE_GEOMETRY
synthetic-confirmatory-v2::f4d429d0759326cba712c72b4b9c2997cb461709fde9c1b944599edd517f30ba,END_FACE_TRANSITION_PRESENT,IDEAL_MATCHED,1632408808,,0,2,ONE_CONTROL_INPUT
synthetic-confirmatory-v2::d21146c36a7eea3ab27bac34885af1a478f02cf9ac16015c2ab5473726a38291,END_FACE_TRANSITION_PRESENT,INDEPENDENT_NOISE_FREE,1632408808,,0,2,ONE_DETERMINISTIC_INDEPENDENT_INPUT
synthetic-confirmatory-v2::f50283c9b389b8281f0e51f07b79976bb995b6a986ad44051c6c26c926736fcb,END_FACE_TRANSITION_PRESENT,FULL_NOISE,1632408808,740417430,0,2,FIFTEEN_STOCHASTIC_INPUTS_PER_SCENE_GEOMETRY
synthetic-confirmatory-v2::243cf91ef2a8a09076b2cb06a91058fe016bf649588846e141451f0fa676351f,END_FACE_TRANSITION_PRESENT,FULL_NOISE,1632408808,740417430,1,2,FIFTEEN_STOCHASTIC_INPUTS_PER_SCENE_GEOMETRY
synthetic-confirmatory-v2::714071ee5cbe73dc0240bcdcf998a39218a9ceaea41d3124ce118d63a19f7579,END_FACE_TRANSITION_PRESENT,FULL_NOISE,1632408808,740417430,2,2,FIFTEEN_STOCHASTIC_INPUTS_PER_SCENE_GEOMETRY
synthetic-confirmatory-v2::12532f07ce58c802a72630661a1e7225adc05779a9049be01c0e8cc3f1a38a94,END_FACE_TRANSITION_PRESENT,FULL_NOISE,1632408808,740417430,3,2,FIFTEEN_STOCHASTIC_INPUTS_PER_SCENE_GEOMETRY
synthetic-confirmatory-v2::3f3042d04c416cd4292bac4d7a1a02e6e64e3367e9a3a4d73b1195ab87da9210,END_FACE_TRANSITION_PRESENT,FULL_NOISE,1632408808,740417430,4,2,FIFTEEN_STOCHASTIC_INPUTS_PER_SCENE_GEOMETRY
synthetic-confirmatory-v2::4df0a436480d92df946057980d4638a9adfdc6135f2570a4afc11519a4114a20,END_FACE_TRANSITION_PRESENT,FULL_NOISE,1632408808,23963997,0,2,FIFTEEN_STOCHASTIC_INPUTS_PER_SCENE_GEOMETRY
synthetic-confirmatory-v2::ef1f9135bc583682af470e3a69b9377f07401e7075293c1ab7c3a5673e17442e,END_FACE_TRANSITION_PRESENT,FULL_NOISE,1632408808,23963997,1,2,FIFTEEN_STOCHASTIC_INPUTS_PER_SCENE_GEOMETRY
synthetic-confirmatory-v2::1d3f8cb76f11442d30d1ec50552dca296b9dde692a85d3d0823a720c6ecd94ef,END_FACE_TRANSITION_PRESENT,FULL_NOISE,1632408808,23963997,2,2,FIFTEEN_STOCHASTIC_INPUTS_PER_SCENE_GEOMETRY
synthetic-confirmatory-v2::b6a3449d7bd797ac1acd7bdfef49a92a626ef3d6f79dd9b2461dfc8304bf2b28,END_FACE_TRANSITION_PRESENT,FULL_NOISE,1632408808,23963997,3,2,FIFTEEN_STOCHASTIC_INPUTS_PER_SCENE_GEOMETRY
synthetic-confirmatory-v2::a634f59f0ac4724698994d0945221ba038d8caacacf4eeeb051f03e3bac0afe9,END_FACE_TRANSITION_PRESENT,FULL_NOISE,1632408808,23963997,4,2,FIFTEEN_STOCHASTIC_INPUTS_PER_SCENE_GEOMETRY
synthetic-confirmatory-v2::90141d0e85a6acc89f79067b5247b3f551c363f14eddc171337cbe820b2871b0,END_FACE_TRANSITION_PRESENT,FULL_NOISE,1632408808,925756274,0,2,FIFTEEN_STOCHASTIC_INPUTS_PER_SCENE_GEOMETRY
synthetic-confirmatory-v2::576351fb90fafb3a424a78c6eb2d9ce75c59549b8c9a122f2f13d28d40d1a341,END_FACE_TRANSITION_PRESENT,FULL_NOISE,1632408808,925756274,1,2,FIFTEEN_STOCHASTIC_INPUTS_PER_SCENE_GEOMETRY
synthetic-confirmatory-v2::d232b1e6fda6b93fadfffe5904e575bc35ec6e1a78d0069009b0708c082e4a1f,END_FACE_TRANSITION_PRESENT,FULL_NOISE,1632408808,925756274,2,2,FIFTEEN_STOCHASTIC_INPUTS_PER_SCENE_GEOMETRY
synthetic-confirmatory-v2::0c30668a06699201b882c2a9959e43f2b9f3062bbdc214a0410996ceb1c2bddd,END_FACE_TRANSITION_PRESENT,FULL_NOISE,1632408808,925756274,3,2,FIFTEEN_STOCHASTIC_INPUTS_PER_SCENE_GEOMETRY
synthetic-confirmatory-v2::3e6be6aef65aeb87b6afcfc9515d2fb0bdc8ba824b0ba6937aa4da56bae4c0c2,END_FACE_TRANSITION_PRESENT,FULL_NOISE,1632408808,925756274,4,2,FIFTEEN_STOCHASTIC_INPUTS_PER_SCENE_GEOMETRY
synthetic-confirmatory-v2::56f2195d6cad68c69743968f97411eddfe5e2d1d4fc22f9a955b1fe9cc7f73b2,END_FACE_TRANSITION_PRESENT,IDEAL_MATCHED,2098780325,,0,2,ONE_CONTROL_INPUT
synthetic-confirmatory-v2::ebc327891638714df2aca79d5745fa379560184a54970ca21fbac6c83b86bce5,END_FACE_TRANSITION_PRESENT,INDEPENDENT_NOISE_FREE,2098780325,,0,2,ONE_DETERMINISTIC_INDEPENDENT_INPUT
synthetic-confirmatory-v2::6bd47e0fd3dee2245fe99b6fdc565793ba2af04d0f650759e0af784dbe340581,END_FACE_TRANSITION_PRESENT,FULL_NOISE,2098780325,740417430,0,2,FIFTEEN_STOCHASTIC_INPUTS_PER_SCENE_GEOMETRY
synthetic-confirmatory-v2::75c1d3f5829e3ba3f75646220ac10c51dc9d26927b4d7c9ce5b47c4bf542ddd9,END_FACE_TRANSITION_PRESENT,FULL_NOISE,2098780325,740417430,1,2,FIFTEEN_STOCHASTIC_INPUTS_PER_SCENE_GEOMETRY
synthetic-confirmatory-v2::3473ee5255ba68417dcdb94a1180b068031730a672ce4866b8a0dcc75292e4a8,END_FACE_TRANSITION_PRESENT,FULL_NOISE,2098780325,740417430,2,2,FIFTEEN_STOCHASTIC_INPUTS_PER_SCENE_GEOMETRY
synthetic-confirmatory-v2::75b15d8e8d538f68d74c6ad71bdf4db4b28d5632fc944d37b243648e59f5e5f1,END_FACE_TRANSITION_PRESENT,FULL_NOISE,2098780325,740417430,3,2,FIFTEEN_STOCHASTIC_INPUTS_PER_SCENE_GEOMETRY
synthetic-confirmatory-v2::3a0b6529e5e07198c90580e16dc0ce6acce11d7ded2028c0c3d7010d625f215b,END_FACE_TRANSITION_PRESENT,FULL_NOISE,2098780325,740417430,4,2,FIFTEEN_STOCHASTIC_INPUTS_PER_SCENE_GEOMETRY
synthetic-confirmatory-v2::be8bff18ad26f6740e68660be81420dc00e7cf9a267fa0c3778e7a36b929aa6c,END_FACE_TRANSITION_PRESENT,FULL_NOISE,2098780325,23963997,0,2,FIFTEEN_STOCHASTIC_INPUTS_PER_SCENE_GEOMETRY
synthetic-confirmatory-v2::10cea71f7af586b56777176fd55e53c00013bf888ea2d9202b228fa732c134ee,END_FACE_TRANSITION_PRESENT,FULL_NOISE,2098780325,23963997,1,2,FIFTEEN_STOCHASTIC_INPUTS_PER_SCENE_GEOMETRY
synthetic-confirmatory-v2::be69f1f99fafd0af627f3b0b99d6b3f6514f55fc4490c0717d157ce439ba3a6c,END_FACE_TRANSITION_PRESENT,FULL_NOISE,2098780325,23963997,2,2,FIFTEEN_STOCHASTIC_INPUTS_PER_SCENE_GEOMETRY
synthetic-confirmatory-v2::c427ac392fd48d2624f72d6c093b2f86d445ee4afe4c5db913e87aed40e17d36,END_FACE_TRANSITION_PRESENT,FULL_NOISE,2098780325,23963997,3,2,FIFTEEN_STOCHASTIC_INPUTS_PER_SCENE_GEOMETRY
synthetic-confirmatory-v2::774400556d6263cc282f0bab6b1fa242b80589ba9de79a09eb80281a432ddedf,END_FACE_TRANSITION_PRESENT,FULL_NOISE,2098780325,23963997,4,2,FIFTEEN_STOCHASTIC_INPUTS_PER_SCENE_GEOMETRY
synthetic-confirmatory-v2::0754b69bd83cc76d0afb4c8c174096e3d4c17573a283fc35937a933cdeb3e82c,END_FACE_TRANSITION_PRESENT,FULL_NOISE,2098780325,925756274,0,2,FIFTEEN_STOCHASTIC_INPUTS_PER_SCENE_GEOMETRY
synthetic-confirmatory-v2::7373b8a8e89ca0e581221db6767ac334b391df051c912594e35e15a0dae3b904,END_FACE_TRANSITION_PRESENT,FULL_NOISE,2098780325,925756274,1,2,FIFTEEN_STOCHASTIC_INPUTS_PER_SCENE_GEOMETRY
synthetic-confirmatory-v2::e92e68e1c48e3f0e165ce8f08e63657d8e45928949c909f2e69f40ad5f480c40,END_FACE_TRANSITION_PRESENT,FULL_NOISE,2098780325,925756274,2,2,FIFTEEN_STOCHASTIC_INPUTS_PER_SCENE_GEOMETRY
synthetic-confirmatory-v2::3cd3d0bbc0a33a3f4f9ceeeb2ed348d3ef0db279e5d54ca38fceba497830a456,END_FACE_TRANSITION_PRESENT,FULL_NOISE,2098780325,925756274,3,2,FIFTEEN_STOCHASTIC_INPUTS_PER_SCENE_GEOMETRY
synthetic-confirmatory-v2::effcda9f82077be41856030499e69292da36cda8b73ce8b94e2895ff1fe2f893,END_FACE_TRANSITION_PRESENT,FULL_NOISE,2098780325,925756274,4,2,FIFTEEN_STOCHASTIC_INPUTS_PER_SCENE_GEOMETRY
synthetic-confirmatory-v2::3b84eb5158ef1c3e4bcbae7b69ca0d29e51cc92daef6431a407881dfddfa1b10,END_FACE_TRANSITION_PRESENT,IDEAL_MATCHED,2113923543,,0,2,ONE_CONTROL_INPUT
synthetic-confirmatory-v2::63002b449f6b0bad284225964e9c2ba4fad939776da36e72de9b5a5fbfaee265,END_FACE_TRANSITION_PRESENT,INDEPENDENT_NOISE_FREE,2113923543,,0,2,ONE_DETERMINISTIC_INDEPENDENT_INPUT
synthetic-confirmatory-v2::5b0100278558b9937958d7d87cfd6da7ea35f4b0d87b50f888eebcc6f8f628a8,END_FACE_TRANSITION_PRESENT,FULL_NOISE,2113923543,740417430,0,2,FIFTEEN_STOCHASTIC_INPUTS_PER_SCENE_GEOMETRY
synthetic-confirmatory-v2::c5bb14d2c32d860a224ef4d3264424980eae9319fac45789dcd3cdb4f21e4c0e,END_FACE_TRANSITION_PRESENT,FULL_NOISE,2113923543,740417430,1,2,FIFTEEN_STOCHASTIC_INPUTS_PER_SCENE_GEOMETRY
synthetic-confirmatory-v2::eb4d4917579fad16dddb45621301c8b78bb1d1beeb6eca9b7d83aacf0aee7432,END_FACE_TRANSITION_PRESENT,FULL_NOISE,2113923543,740417430,2,2,FIFTEEN_STOCHASTIC_INPUTS_PER_SCENE_GEOMETRY
synthetic-confirmatory-v2::febd69fb747dd35d18db87553e4bb64a20a5f00267c7dbd3dbdf155bd6241c2d,END_FACE_TRANSITION_PRESENT,FULL_NOISE,2113923543,740417430,3,2,FIFTEEN_STOCHASTIC_INPUTS_PER_SCENE_GEOMETRY
synthetic-confirmatory-v2::9daae9282c55a90dee8dcc1b196726bfb03a815b5aa7c3076bdb96a61e218fb0,END_FACE_TRANSITION_PRESENT,FULL_NOISE,2113923543,740417430,4,2,FIFTEEN_STOCHASTIC_INPUTS_PER_SCENE_GEOMETRY
synthetic-confirmatory-v2::964b113c17f1856ad6366bcf65969dc30b087c3fc9bea49f4c6afbc69a59d184,END_FACE_TRANSITION_PRESENT,FULL_NOISE,2113923543,23963997,0,2,FIFTEEN_STOCHASTIC_INPUTS_PER_SCENE_GEOMETRY
synthetic-confirmatory-v2::37f50b372f3de61f34c22fd3492c57ce3d9e933eb19e87ab73dcec623835525b,END_FACE_TRANSITION_PRESENT,FULL_NOISE,2113923543,23963997,1,2,FIFTEEN_STOCHASTIC_INPUTS_PER_SCENE_GEOMETRY
synthetic-confirmatory-v2::481652e2efc09cc246fd178e353eeeb3e2abc8fd2187a518f646949171bcdb2e,END_FACE_TRANSITION_PRESENT,FULL_NOISE,2113923543,23963997,2,2,FIFTEEN_STOCHASTIC_INPUTS_PER_SCENE_GEOMETRY
synthetic-confirmatory-v2::5d88c063ec1d2ac6a745d11de99b63bf9c3651e0a7fc0d58f34402c1233051fa,END_FACE_TRANSITION_PRESENT,FULL_NOISE,2113923543,23963997,3,2,FIFTEEN_STOCHASTIC_INPUTS_PER_SCENE_GEOMETRY
synthetic-confirmatory-v2::d02a9b0244f17a6560862ae706a7b3d71b4f5d8c0d6b880dff071806f8a22802,END_FACE_TRANSITION_PRESENT,FULL_NOISE,2113923543,23963997,4,2,FIFTEEN_STOCHASTIC_INPUTS_PER_SCENE_GEOMETRY
synthetic-confirmatory-v2::4a0402348b1873f136ca1c76ca0f3deba182f0da7fd9cf74b67f086ee53281f3,END_FACE_TRANSITION_PRESENT,FULL_NOISE,2113923543,925756274,0,2,FIFTEEN_STOCHASTIC_INPUTS_PER_SCENE_GEOMETRY
synthetic-confirmatory-v2::13497cc33c39baa8349fb2d64f18a972558b88b8ef7ac299c73e73ed77cbec98,END_FACE_TRANSITION_PRESENT,FULL_NOISE,2113923543,925756274,1,2,FIFTEEN_STOCHASTIC_INPUTS_PER_SCENE_GEOMETRY
synthetic-confirmatory-v2::022f63c0a1e9f0dd99aa90d29192ab2879bbf84843c1ec76c62123bb4af036a9,END_FACE_TRANSITION_PRESENT,FULL_NOISE,2113923543,925756274,2,2,FIFTEEN_STOCHASTIC_INPUTS_PER_SCENE_GEOMETRY
synthetic-confirmatory-v2::8baa08b202532747f99bf647fd6f9194c62d804c2c7f92e4131f28d0ecb12377,END_FACE_TRANSITION_PRESENT,FULL_NOISE,2113923543,925756274,3,2,FIFTEEN_STOCHASTIC_INPUTS_PER_SCENE_GEOMETRY
synthetic-confirmatory-v2::46682e51410fb4466091f180af2086e88616e8157d2e4694f7a02f371e181df1,END_FACE_TRANSITION_PRESENT,FULL_NOISE,2113923543,925756274,4,2,FIFTEEN_STOCHASTIC_INPUTS_PER_SCENE_GEOMETRY
synthetic-confirmatory-v2::ce1ba530736fa0479d1784d7c961313edb38e503884d841adbdf0ba0c107db7b,END_FACE_TRANSITION_PRESENT,IDEAL_MATCHED,143826534,,0,2,ONE_CONTROL_INPUT
synthetic-confirmatory-v2::90822a9fa47ccf932682afef8695401c9d3685751aec2f56cf55533230047816,END_FACE_TRANSITION_PRESENT,INDEPENDENT_NOISE_FREE,143826534,,0,2,ONE_DETERMINISTIC_INDEPENDENT_INPUT
synthetic-confirmatory-v2::0884ee52aa6f2277f51e986a36919e89f090551e72c05dad6a6155999486d0f9,END_FACE_TRANSITION_PRESENT,FULL_NOISE,143826534,740417430,0,2,FIFTEEN_STOCHASTIC_INPUTS_PER_SCENE_GEOMETRY
synthetic-confirmatory-v2::704f13fb7ed7d3d9e3278f92c62f06517d268d0530fc68c490a13dd3b84faecd,END_FACE_TRANSITION_PRESENT,FULL_NOISE,143826534,740417430,1,2,FIFTEEN_STOCHASTIC_INPUTS_PER_SCENE_GEOMETRY
synthetic-confirmatory-v2::ce256d5b28255e60e34116abc795eed98bb3978b8dbf0cf5f9bc7f280aa761b3,END_FACE_TRANSITION_PRESENT,FULL_NOISE,143826534,740417430,2,2,FIFTEEN_STOCHASTIC_INPUTS_PER_SCENE_GEOMETRY
synthetic-confirmatory-v2::5fd4710f29d50fdca950f843967ba370a8845220d5c6bc1d7a551dc4f59ae1f3,END_FACE_TRANSITION_PRESENT,FULL_NOISE,143826534,740417430,3,2,FIFTEEN_STOCHASTIC_INPUTS_PER_SCENE_GEOMETRY
synthetic-confirmatory-v2::2b89108ad15d934e1ca5590d2d3dd37bc3d4640741dbe02ed14c5d0185830014,END_FACE_TRANSITION_PRESENT,FULL_NOISE,143826534,740417430,4,2,FIFTEEN_STOCHASTIC_INPUTS_PER_SCENE_GEOMETRY
synthetic-confirmatory-v2::f253f21be4a1548e8ac7026d363f356df3b8e021a5fdd2e5f1b3b03dc1b85311,END_FACE_TRANSITION_PRESENT,FULL_NOISE,143826534,23963997,0,2,FIFTEEN_STOCHASTIC_INPUTS_PER_SCENE_GEOMETRY
synthetic-confirmatory-v2::69a80e7e865c551bab7dab0ec699bfd9eb5d46e943983fd307818f72b18f56a1,END_FACE_TRANSITION_PRESENT,FULL_NOISE,143826534,23963997,1,2,FIFTEEN_STOCHASTIC_INPUTS_PER_SCENE_GEOMETRY
synthetic-confirmatory-v2::8cd88a5de54e03e40783f0a1c6f97f7138644d11a2c18fb6cf44a31f6b678d95,END_FACE_TRANSITION_PRESENT,FULL_NOISE,143826534,23963997,2,2,FIFTEEN_STOCHASTIC_INPUTS_PER_SCENE_GEOMETRY
synthetic-confirmatory-v2::1da7a7a55e2e0a476ffd45b928173d7efd81fff2ceec09697f142b3e853da901,END_FACE_TRANSITION_PRESENT,FULL_NOISE,143826534,23963997,3,2,FIFTEEN_STOCHASTIC_INPUTS_PER_SCENE_GEOMETRY
synthetic-confirmatory-v2::aa627b4a6c4aeb95743d297541a1e027f34c67b57d5eced2d90706647532b88d,END_FACE_TRANSITION_PRESENT,FULL_NOISE,143826534,23963997,4,2,FIFTEEN_STOCHASTIC_INPUTS_PER_SCENE_GEOMETRY
synthetic-confirmatory-v2::f05895b24aca5ff69f22f1b6724cfc6e5f77b95d7322ead93f31a9a4ebb06cf4,END_FACE_TRANSITION_PRESENT,FULL_NOISE,143826534,925756274,0,2,FIFTEEN_STOCHASTIC_INPUTS_PER_SCENE_GEOMETRY
synthetic-confirmatory-v2::24c5ab9d441fac03753efdd51b11e9153b8420b459e2bc5f1e69aaa1288d0bfe,END_FACE_TRANSITION_PRESENT,FULL_NOISE,143826534,925756274,1,2,FIFTEEN_STOCHASTIC_INPUTS_PER_SCENE_GEOMETRY
synthetic-confirmatory-v2::288ce31b085bc418c335fdc078173d4a9999bfb4e3e7cdd965e646dcaca07da3,END_FACE_TRANSITION_PRESENT,FULL_NOISE,143826534,925756274,2,2,FIFTEEN_STOCHASTIC_INPUTS_PER_SCENE_GEOMETRY
synthetic-confirmatory-v2::7f289b14a07ba22472b620fd8e6165408d5dc3d496db9b39f1f4de9a3f398152,END_FACE_TRANSITION_PRESENT,FULL_NOISE,143826534,925756274,3,2,FIFTEEN_STOCHASTIC_INPUTS_PER_SCENE_GEOMETRY
synthetic-confirmatory-v2::87b19de60c532d99b2931ae7bada1db4a5a74a984148b55dd2993723fdaefdca,END_FACE_TRANSITION_PRESENT,FULL_NOISE,143826534,925756274,4,2,FIFTEEN_STOCHASTIC_INPUTS_PER_SCENE_GEOMETRY
synthetic-confirmatory-v2::6cd6918087966b7d3cf8a34a9500cdd9cbe2fb8a4d9bb596bec7007ef06f0ffb,END_FACE_TRANSITION_PRESENT,IDEAL_MATCHED,1099133161,,0,2,ONE_CONTROL_INPUT
synthetic-confirmatory-v2::08564d263c9cb3920269de73971c072d90eb0345381ac7bb06a2a8775781cf93,END_FACE_TRANSITION_PRESENT,INDEPENDENT_NOISE_FREE,1099133161,,0,2,ONE_DETERMINISTIC_INDEPENDENT_INPUT
synthetic-confirmatory-v2::280791ac1e58ecfca43df38607032e1af7bb52179075250acbfb8856d5969657,END_FACE_TRANSITION_PRESENT,FULL_NOISE,1099133161,740417430,0,2,FIFTEEN_STOCHASTIC_INPUTS_PER_SCENE_GEOMETRY
synthetic-confirmatory-v2::da80812aece39698bdcb59be91306c3d3907272541259fc1691f3d64c8c8516b,END_FACE_TRANSITION_PRESENT,FULL_NOISE,1099133161,740417430,1,2,FIFTEEN_STOCHASTIC_INPUTS_PER_SCENE_GEOMETRY
synthetic-confirmatory-v2::cd5bae6d1cb8ad2b678215d16a6a8076ea8c9395db2edac62836b35b5ea69edf,END_FACE_TRANSITION_PRESENT,FULL_NOISE,1099133161,740417430,2,2,FIFTEEN_STOCHASTIC_INPUTS_PER_SCENE_GEOMETRY
synthetic-confirmatory-v2::fa37c0dff3bcccaca45917ca02a85ff35631067a08160a72918bc3e1a9add1bd,END_FACE_TRANSITION_PRESENT,FULL_NOISE,1099133161,740417430,3,2,FIFTEEN_STOCHASTIC_INPUTS_PER_SCENE_GEOMETRY
synthetic-confirmatory-v2::679758a55825b0a5a9e9b08bf58860d97fd1c56796b59dea5e061e1834f0d352,END_FACE_TRANSITION_PRESENT,FULL_NOISE,1099133161,740417430,4,2,FIFTEEN_STOCHASTIC_INPUTS_PER_SCENE_GEOMETRY
synthetic-confirmatory-v2::926627f07f0a6493c0c8b68363627e4f30238a415946f4e412c9f352d199f57a,END_FACE_TRANSITION_PRESENT,FULL_NOISE,1099133161,23963997,0,2,FIFTEEN_STOCHASTIC_INPUTS_PER_SCENE_GEOMETRY
synthetic-confirmatory-v2::5fb0903403ae0a122cfc0e196732ce36282a4310059fa3f9e81e11fc07fb0c83,END_FACE_TRANSITION_PRESENT,FULL_NOISE,1099133161,23963997,1,2,FIFTEEN_STOCHASTIC_INPUTS_PER_SCENE_GEOMETRY
synthetic-confirmatory-v2::6ec97a8df8b820dec6b8cb68dd743861e7c956eb49881afa8d3fb5a82d9d1e51,END_FACE_TRANSITION_PRESENT,FULL_NOISE,1099133161,23963997,2,2,FIFTEEN_STOCHASTIC_INPUTS_PER_SCENE_GEOMETRY
synthetic-confirmatory-v2::c3810153fa177b68618e2c3124c7c66be5cadd95177b626fa445c2ab1027eb04,END_FACE_TRANSITION_PRESENT,FULL_NOISE,1099133161,23963997,3,2,FIFTEEN_STOCHASTIC_INPUTS_PER_SCENE_GEOMETRY
synthetic-confirmatory-v2::d541fc881cf7872da7ac7895e0214541d5989d90cc59ceec23962aa975b25647,END_FACE_TRANSITION_PRESENT,FULL_NOISE,1099133161,23963997,4,2,FIFTEEN_STOCHASTIC_INPUTS_PER_SCENE_GEOMETRY
synthetic-confirmatory-v2::ee7ae2e19cb45d2f064e8127f0efdf14167d824626467ddcb8fcbefcfb25f28a,END_FACE_TRANSITION_PRESENT,FULL_NOISE,1099133161,925756274,0,2,FIFTEEN_STOCHASTIC_INPUTS_PER_SCENE_GEOMETRY
synthetic-confirmatory-v2::70642a03567158178972025680b3b6ebc2b1e891b558d229d3d770fe9a3b4f21,END_FACE_TRANSITION_PRESENT,FULL_NOISE,1099133161,925756274,1,2,FIFTEEN_STOCHASTIC_INPUTS_PER_SCENE_GEOMETRY
synthetic-confirmatory-v2::afc9b12612b4f9f3682969a25b2f497e83498286727b36920e0e9a4b9d3e645f,END_FACE_TRANSITION_PRESENT,FULL_NOISE,1099133161,925756274,2,2,FIFTEEN_STOCHASTIC_INPUTS_PER_SCENE_GEOMETRY
synthetic-confirmatory-v2::a3f17364b534ae6d1d29c18441197f3f1920c64eb9aa0b81c798b4e4a9f08f49,END_FACE_TRANSITION_PRESENT,FULL_NOISE,1099133161,925756274,3,2,FIFTEEN_STOCHASTIC_INPUTS_PER_SCENE_GEOMETRY
synthetic-confirmatory-v2::83b4298b3b463da9116d8ecfffe68052327e5d65a7006fd7f768cb27847f16be,END_FACE_TRANSITION_PRESENT,FULL_NOISE,1099133161,925756274,4,2,FIFTEEN_STOCHASTIC_INPUTS_PER_SCENE_GEOMETRY
synthetic-confirmatory-v2::81169b2f6762e1d9e78adb07ea3abe072cce08a45023a8f638e4eb0e073fb3f2,END_FACE_TRANSITION_WEAK,IDEAL_MATCHED,1632408808,,0,2,ONE_CONTROL_INPUT
synthetic-confirmatory-v2::31f58813eef1b13f1f5e9d154fec4cb269108e5de250901f591acdb88ae493e2,END_FACE_TRANSITION_WEAK,INDEPENDENT_NOISE_FREE,1632408808,,0,2,ONE_DETERMINISTIC_INDEPENDENT_INPUT
synthetic-confirmatory-v2::d22ad186cc3a8f85978cef519dcf31a47a7c0e93453e15f048c4f3386c1ed5ee,END_FACE_TRANSITION_WEAK,FULL_NOISE,1632408808,740417430,0,2,FIFTEEN_STOCHASTIC_INPUTS_PER_SCENE_GEOMETRY
synthetic-confirmatory-v2::23dd5dc6de155bf7a5411f51335427660b337db9ef2500572db907f7f8751328,END_FACE_TRANSITION_WEAK,FULL_NOISE,1632408808,740417430,1,2,FIFTEEN_STOCHASTIC_INPUTS_PER_SCENE_GEOMETRY
synthetic-confirmatory-v2::cf36580e9f6022024974edde8f8fe5ae568b1da56ab17de88c0feb0a56056893,END_FACE_TRANSITION_WEAK,FULL_NOISE,1632408808,740417430,2,2,FIFTEEN_STOCHASTIC_INPUTS_PER_SCENE_GEOMETRY
synthetic-confirmatory-v2::5eb696c49939342c81122d75b46bfd91a688a0dc8626f205d47c4579c80f6bba,END_FACE_TRANSITION_WEAK,FULL_NOISE,1632408808,740417430,3,2,FIFTEEN_STOCHASTIC_INPUTS_PER_SCENE_GEOMETRY
synthetic-confirmatory-v2::5ae45d0060eabfa32874200b53f66e21a83baa531fe5e3fcba1a6db28a840bef,END_FACE_TRANSITION_WEAK,FULL_NOISE,1632408808,740417430,4,2,FIFTEEN_STOCHASTIC_INPUTS_PER_SCENE_GEOMETRY
synthetic-confirmatory-v2::f2cc7e391fd8d4fa5cd818cf24107b35c755bb863bbf03fc09523fc647c17d21,END_FACE_TRANSITION_WEAK,FULL_NOISE,1632408808,23963997,0,2,FIFTEEN_STOCHASTIC_INPUTS_PER_SCENE_GEOMETRY
synthetic-confirmatory-v2::37dd072b6147973f4463423f6a7250482762e6866a3ef15db05b81adf0d9b0b3,END_FACE_TRANSITION_WEAK,FULL_NOISE,1632408808,23963997,1,2,FIFTEEN_STOCHASTIC_INPUTS_PER_SCENE_GEOMETRY
synthetic-confirmatory-v2::8a3471a0e44bf18ca061dc788d704bbc1a9c27837c15891c30c929e0f03dc078,END_FACE_TRANSITION_WEAK,FULL_NOISE,1632408808,23963997,2,2,FIFTEEN_STOCHASTIC_INPUTS_PER_SCENE_GEOMETRY
synthetic-confirmatory-v2::87db17be9618299ac377db4dd0a136fd868fc00cfd58b70739225d0b94f55f84,END_FACE_TRANSITION_WEAK,FULL_NOISE,1632408808,23963997,3,2,FIFTEEN_STOCHASTIC_INPUTS_PER_SCENE_GEOMETRY
synthetic-confirmatory-v2::8f1c567aad105d6271ddb1d191b70f50b82c4faee08cb4a18d1a0bf2b71b6bac,END_FACE_TRANSITION_WEAK,FULL_NOISE,1632408808,23963997,4,2,FIFTEEN_STOCHASTIC_INPUTS_PER_SCENE_GEOMETRY
synthetic-confirmatory-v2::2da3ca25b2f3408bdbd9422162c4a640196b13dd5d7a222f65806c1cee0a707d,END_FACE_TRANSITION_WEAK,FULL_NOISE,1632408808,925756274,0,2,FIFTEEN_STOCHASTIC_INPUTS_PER_SCENE_GEOMETRY
synthetic-confirmatory-v2::0994b12fdcb58b5425ad614e51fc82c8999fd770a0bc717bf1a7bbe2465d71d7,END_FACE_TRANSITION_WEAK,FULL_NOISE,1632408808,925756274,1,2,FIFTEEN_STOCHASTIC_INPUTS_PER_SCENE_GEOMETRY
synthetic-confirmatory-v2::6394991ef9a38a883961b16d94f800fde37d8140b359524d4d5ec4c5479db7bc,END_FACE_TRANSITION_WEAK,FULL_NOISE,1632408808,925756274,2,2,FIFTEEN_STOCHASTIC_INPUTS_PER_SCENE_GEOMETRY
synthetic-confirmatory-v2::5006b612d8a5b0f09795a083ed9df085e2637f63be4b1c1ba5406a8b2ea674cd,END_FACE_TRANSITION_WEAK,FULL_NOISE,1632408808,925756274,3,2,FIFTEEN_STOCHASTIC_INPUTS_PER_SCENE_GEOMETRY
synthetic-confirmatory-v2::64da56116082148d787a6e08a6855216de193b90ad04f9e8b90d31948fcc735a,END_FACE_TRANSITION_WEAK,FULL_NOISE,1632408808,925756274,4,2,FIFTEEN_STOCHASTIC_INPUTS_PER_SCENE_GEOMETRY
synthetic-confirmatory-v2::84194fbd1bc04de3904e378be2062a9b497f701798ffb5dc96fa24cc62c737e9,END_FACE_TRANSITION_WEAK,IDEAL_MATCHED,2098780325,,0,2,ONE_CONTROL_INPUT
synthetic-confirmatory-v2::fa75110132da287f594fef0762fa926056c33a429690a47fd3205d6215b2d0ee,END_FACE_TRANSITION_WEAK,INDEPENDENT_NOISE_FREE,2098780325,,0,2,ONE_DETERMINISTIC_INDEPENDENT_INPUT
synthetic-confirmatory-v2::a9ef0c1ac1beff030dc1bc02fe629e2578833aab05aa8e979eaeafb0c0ca295c,END_FACE_TRANSITION_WEAK,FULL_NOISE,2098780325,740417430,0,2,FIFTEEN_STOCHASTIC_INPUTS_PER_SCENE_GEOMETRY
synthetic-confirmatory-v2::58fb33138a5c3fa656133f46de2457978df634c8324e20cd7a65fd94f9e9d38c,END_FACE_TRANSITION_WEAK,FULL_NOISE,2098780325,740417430,1,2,FIFTEEN_STOCHASTIC_INPUTS_PER_SCENE_GEOMETRY
synthetic-confirmatory-v2::d0d3671ab02f3aff0d6e320e5e510534b0d769842742abaae15ed38c4f041e29,END_FACE_TRANSITION_WEAK,FULL_NOISE,2098780325,740417430,2,2,FIFTEEN_STOCHASTIC_INPUTS_PER_SCENE_GEOMETRY
synthetic-confirmatory-v2::c0229d5c5f7bd2d4a407e5f03d0a55b8c33c6c77d40ac16507ad0143f6ae2ceb,END_FACE_TRANSITION_WEAK,FULL_NOISE,2098780325,740417430,3,2,FIFTEEN_STOCHASTIC_INPUTS_PER_SCENE_GEOMETRY
synthetic-confirmatory-v2::ec3a8bcefbed71bd919eb8c0591143317287d377561bd5f6a98c5e4939c31b95,END_FACE_TRANSITION_WEAK,FULL_NOISE,2098780325,740417430,4,2,FIFTEEN_STOCHASTIC_INPUTS_PER_SCENE_GEOMETRY
synthetic-confirmatory-v2::35c5478ba6bf3a22a89eb64a9dfa10eaa7190d1622ae033c3126e4aec74a139d,END_FACE_TRANSITION_WEAK,FULL_NOISE,2098780325,23963997,0,2,FIFTEEN_STOCHASTIC_INPUTS_PER_SCENE_GEOMETRY
synthetic-confirmatory-v2::88a414ef9224ac3f4e4eae59c40cf520dffa475c31177de2987c6c2a48c3ccb4,END_FACE_TRANSITION_WEAK,FULL_NOISE,2098780325,23963997,1,2,FIFTEEN_STOCHASTIC_INPUTS_PER_SCENE_GEOMETRY
synthetic-confirmatory-v2::7e954b05012837cd44b346490d4b5901141f7858e87a8535d4e79ad00d2a687b,END_FACE_TRANSITION_WEAK,FULL_NOISE,2098780325,23963997,2,2,FIFTEEN_STOCHASTIC_INPUTS_PER_SCENE_GEOMETRY
synthetic-confirmatory-v2::1881d8e6936cfa047601a9640cbfdb90b37d2a10866f21d8c7ecd7ffbf90707d,END_FACE_TRANSITION_WEAK,FULL_NOISE,2098780325,23963997,3,2,FIFTEEN_STOCHASTIC_INPUTS_PER_SCENE_GEOMETRY
synthetic-confirmatory-v2::12b1bef71ebad83d133a7259e47b83b6279bd9ee50be2bff4574adf771c356d5,END_FACE_TRANSITION_WEAK,FULL_NOISE,2098780325,23963997,4,2,FIFTEEN_STOCHASTIC_INPUTS_PER_SCENE_GEOMETRY
synthetic-confirmatory-v2::86f29387b3e4e9ae21871462caac99381aa9cb0f42267003b766d56407bf437d,END_FACE_TRANSITION_WEAK,FULL_NOISE,2098780325,925756274,0,2,FIFTEEN_STOCHASTIC_INPUTS_PER_SCENE_GEOMETRY
synthetic-confirmatory-v2::040780072d682c7175b8807fa34d22104b513dfeae8e02d9ed5310f6c2a48f48,END_FACE_TRANSITION_WEAK,FULL_NOISE,2098780325,925756274,1,2,FIFTEEN_STOCHASTIC_INPUTS_PER_SCENE_GEOMETRY
synthetic-confirmatory-v2::3c9d04206a90d1f059b5fc3298bdaa660c7decc669f209e92b9dc87bcc81e3cd,END_FACE_TRANSITION_WEAK,FULL_NOISE,2098780325,925756274,2,2,FIFTEEN_STOCHASTIC_INPUTS_PER_SCENE_GEOMETRY
synthetic-confirmatory-v2::fa6d27c305d45e6741c70a12896e2f3ccdc7e39d25dc613fc2be07558d1c0c9d,END_FACE_TRANSITION_WEAK,FULL_NOISE,2098780325,925756274,3,2,FIFTEEN_STOCHASTIC_INPUTS_PER_SCENE_GEOMETRY
synthetic-confirmatory-v2::4d44e34d848f2bff55fb2c3c3995781e86cb1477b1101af029310813db6d6ff6,END_FACE_TRANSITION_WEAK,FULL_NOISE,2098780325,925756274,4,2,FIFTEEN_STOCHASTIC_INPUTS_PER_SCENE_GEOMETRY
synthetic-confirmatory-v2::14573046548256403b469712bc0d54726f4e95e1e481f01a7318669b0e30e8ab,END_FACE_TRANSITION_WEAK,IDEAL_MATCHED,2113923543,,0,2,ONE_CONTROL_INPUT
synthetic-confirmatory-v2::ea03d1d8ad2afc4ebb9980eccd0601f3edbe43c20f8439a54428c0632c154b08,END_FACE_TRANSITION_WEAK,INDEPENDENT_NOISE_FREE,2113923543,,0,2,ONE_DETERMINISTIC_INDEPENDENT_INPUT
synthetic-confirmatory-v2::069b34d83df37b4efc21caa1f2f9b43b1bca944c1748c889aa79ca16640e840e,END_FACE_TRANSITION_WEAK,FULL_NOISE,2113923543,740417430,0,2,FIFTEEN_STOCHASTIC_INPUTS_PER_SCENE_GEOMETRY
synthetic-confirmatory-v2::83b65d2dfde45933e6d449e695e2ebb390340303bd1361ed169ca19f750f915a,END_FACE_TRANSITION_WEAK,FULL_NOISE,2113923543,740417430,1,2,FIFTEEN_STOCHASTIC_INPUTS_PER_SCENE_GEOMETRY
synthetic-confirmatory-v2::8cb9cbef79853e21122c8682e913ca3dfd506a8b0c1e95d0c00f65a0acb1ebf7,END_FACE_TRANSITION_WEAK,FULL_NOISE,2113923543,740417430,2,2,FIFTEEN_STOCHASTIC_INPUTS_PER_SCENE_GEOMETRY
synthetic-confirmatory-v2::c99ebb7917fcd1820f97114a08deb9c37c73a63e069f299319e7f872e2111bb4,END_FACE_TRANSITION_WEAK,FULL_NOISE,2113923543,740417430,3,2,FIFTEEN_STOCHASTIC_INPUTS_PER_SCENE_GEOMETRY
synthetic-confirmatory-v2::102e86c37c240e8f3ba7fe636a9b688e14820b9e1a4031959905170bd8e9fefb,END_FACE_TRANSITION_WEAK,FULL_NOISE,2113923543,740417430,4,2,FIFTEEN_STOCHASTIC_INPUTS_PER_SCENE_GEOMETRY
synthetic-confirmatory-v2::c2e4efec80738d98d458c362f91698a51b27a5d0971c670466fda2c327645f87,END_FACE_TRANSITION_WEAK,FULL_NOISE,2113923543,23963997,0,2,FIFTEEN_STOCHASTIC_INPUTS_PER_SCENE_GEOMETRY
synthetic-confirmatory-v2::fe836e719860611cdc9540f9752356b71e9780d017aae39af03efeaab04e812a,END_FACE_TRANSITION_WEAK,FULL_NOISE,2113923543,23963997,1,2,FIFTEEN_STOCHASTIC_INPUTS_PER_SCENE_GEOMETRY
synthetic-confirmatory-v2::54aeb507ef2c0bfa9ee40140add7a434cd35ac19480e3ecf2d642189a110da2c,END_FACE_TRANSITION_WEAK,FULL_NOISE,2113923543,23963997,2,2,FIFTEEN_STOCHASTIC_INPUTS_PER_SCENE_GEOMETRY
synthetic-confirmatory-v2::d8fd99f6a1c2805cfc7b644950c8e0a4a4e34c252bda25cbbd3a6945a3be1099,END_FACE_TRANSITION_WEAK,FULL_NOISE,2113923543,23963997,3,2,FIFTEEN_STOCHASTIC_INPUTS_PER_SCENE_GEOMETRY
synthetic-confirmatory-v2::842d79d46b78fe1f6bd9c01848266b15b7aef0eac28b612395ae56d914eb3b71,END_FACE_TRANSITION_WEAK,FULL_NOISE,2113923543,23963997,4,2,FIFTEEN_STOCHASTIC_INPUTS_PER_SCENE_GEOMETRY
synthetic-confirmatory-v2::086b9957b5db13a8b9e75c08e5d0e2b99466928d2cd002bcecc49d29ac8426c6,END_FACE_TRANSITION_WEAK,FULL_NOISE,2113923543,925756274,0,2,FIFTEEN_STOCHASTIC_INPUTS_PER_SCENE_GEOMETRY
synthetic-confirmatory-v2::a5caa73b0f236d7c3b94d458f8c691da337352533a5c3a17a20e7d24eb716842,END_FACE_TRANSITION_WEAK,FULL_NOISE,2113923543,925756274,1,2,FIFTEEN_STOCHASTIC_INPUTS_PER_SCENE_GEOMETRY
synthetic-confirmatory-v2::71c286a0eed21941eb3f4af9c2796495432cd10bf12c8ad7bea34eb1478c8bee,END_FACE_TRANSITION_WEAK,FULL_NOISE,2113923543,925756274,2,2,FIFTEEN_STOCHASTIC_INPUTS_PER_SCENE_GEOMETRY
synthetic-confirmatory-v2::f5a1278a39c10ecad27dcb79332e875eb1d81e61d100ba6ce2da4d30ac0f7981,END_FACE_TRANSITION_WEAK,FULL_NOISE,2113923543,925756274,3,2,FIFTEEN_STOCHASTIC_INPUTS_PER_SCENE_GEOMETRY
synthetic-confirmatory-v2::896833ab51a4725a169618f1e92904f0816cbebd14910686bf4d6c463698e901,END_FACE_TRANSITION_WEAK,FULL_NOISE,2113923543,925756274,4,2,FIFTEEN_STOCHASTIC_INPUTS_PER_SCENE_GEOMETRY
synthetic-confirmatory-v2::ba7c9b34aa8608b1db3e4051b9533ced9ae9c3e822af02eb9899d40f9f004e84,END_FACE_TRANSITION_WEAK,IDEAL_MATCHED,143826534,,0,2,ONE_CONTROL_INPUT
synthetic-confirmatory-v2::737262c05f4434a0284636c91860dbaf59ceba8ea417bee79f22f6f78e978a62,END_FACE_TRANSITION_WEAK,INDEPENDENT_NOISE_FREE,143826534,,0,2,ONE_DETERMINISTIC_INDEPENDENT_INPUT
synthetic-confirmatory-v2::b4a4b720a29140ccb0931fb4ef977249ae342aab9967e0809ccd7bccd926fa2c,END_FACE_TRANSITION_WEAK,FULL_NOISE,143826534,740417430,0,2,FIFTEEN_STOCHASTIC_INPUTS_PER_SCENE_GEOMETRY
synthetic-confirmatory-v2::5436c78f476e23f375ee7742bc15010bf75549d46ddfd89e82eb90f435b8e03d,END_FACE_TRANSITION_WEAK,FULL_NOISE,143826534,740417430,1,2,FIFTEEN_STOCHASTIC_INPUTS_PER_SCENE_GEOMETRY
synthetic-confirmatory-v2::4f28e4e399a548a7a2d0272e12aecb56f9b59e0491b1ec46a0a6ee441f441c4e,END_FACE_TRANSITION_WEAK,FULL_NOISE,143826534,740417430,2,2,FIFTEEN_STOCHASTIC_INPUTS_PER_SCENE_GEOMETRY
synthetic-confirmatory-v2::8b941501b87756dc82aae3dba776b24574412746b4f41a43fb713ef6538cc70a,END_FACE_TRANSITION_WEAK,FULL_NOISE,143826534,740417430,3,2,FIFTEEN_STOCHASTIC_INPUTS_PER_SCENE_GEOMETRY
synthetic-confirmatory-v2::8ee03667800b75f70e546c8612e2c5388fe0074883c0225828d477c12078f981,END_FACE_TRANSITION_WEAK,FULL_NOISE,143826534,740417430,4,2,FIFTEEN_STOCHASTIC_INPUTS_PER_SCENE_GEOMETRY
synthetic-confirmatory-v2::1689e66c8fb4df99a3e654edd32276b204dbb99baa8a6a68b44d7c99c10811eb,END_FACE_TRANSITION_WEAK,FULL_NOISE,143826534,23963997,0,2,FIFTEEN_STOCHASTIC_INPUTS_PER_SCENE_GEOMETRY
synthetic-confirmatory-v2::0ca1cad6d01f6d2d57df8d4cdf1d1f7b9fcdc505fada4fcb4bde861e3b450687,END_FACE_TRANSITION_WEAK,FULL_NOISE,143826534,23963997,1,2,FIFTEEN_STOCHASTIC_INPUTS_PER_SCENE_GEOMETRY
synthetic-confirmatory-v2::afdcf42aec4ba5ac5b86e21a4c0d62b5dd8db1b4f715ba555cf3a5ae7a7d6c76,END_FACE_TRANSITION_WEAK,FULL_NOISE,143826534,23963997,2,2,FIFTEEN_STOCHASTIC_INPUTS_PER_SCENE_GEOMETRY
synthetic-confirmatory-v2::55236eaedf8886f6f8e446739760e688583a51e1545098cf06bb10a1f049dc28,END_FACE_TRANSITION_WEAK,FULL_NOISE,143826534,23963997,3,2,FIFTEEN_STOCHASTIC_INPUTS_PER_SCENE_GEOMETRY
synthetic-confirmatory-v2::53a023bf14339df61076aa2ce396a3bbf1cbb8bab0007b44e362076eebb73ebf,END_FACE_TRANSITION_WEAK,FULL_NOISE,143826534,23963997,4,2,FIFTEEN_STOCHASTIC_INPUTS_PER_SCENE_GEOMETRY
synthetic-confirmatory-v2::b107bb3dc09f990f06af31e9a2d64993618c6ade17ebfd958fbb27059e40fb62,END_FACE_TRANSITION_WEAK,FULL_NOISE,143826534,925756274,0,2,FIFTEEN_STOCHASTIC_INPUTS_PER_SCENE_GEOMETRY
synthetic-confirmatory-v2::9f2c8cb833ad39f5a1a7c6e1e8247d1a377173a34de699e94648a2399adde7da,END_FACE_TRANSITION_WEAK,FULL_NOISE,143826534,925756274,1,2,FIFTEEN_STOCHASTIC_INPUTS_PER_SCENE_GEOMETRY
synthetic-confirmatory-v2::9168dc5933acbfd57eeedd138af7b8bd276b9dd5c442ec026023d56c5839ddcb,END_FACE_TRANSITION_WEAK,FULL_NOISE,143826534,925756274,2,2,FIFTEEN_STOCHASTIC_INPUTS_PER_SCENE_GEOMETRY
synthetic-confirmatory-v2::e48e455b46e5e5cf0b598090d36d09377939db9e2e7861700947c313c7557b3b,END_FACE_TRANSITION_WEAK,FULL_NOISE,143826534,925756274,3,2,FIFTEEN_STOCHASTIC_INPUTS_PER_SCENE_GEOMETRY
synthetic-confirmatory-v2::0bd738828d589abe5277f8481d9741d3fc81f268e97a2cab9ae8829b618d7661,END_FACE_TRANSITION_WEAK,FULL_NOISE,143826534,925756274,4,2,FIFTEEN_STOCHASTIC_INPUTS_PER_SCENE_GEOMETRY
synthetic-confirmatory-v2::c2f01ba4e63e1f28d63c102b569118c60033d66424f3ec6789321615e4ea80cd,END_FACE_TRANSITION_WEAK,IDEAL_MATCHED,1099133161,,0,2,ONE_CONTROL_INPUT
synthetic-confirmatory-v2::69f3e8e1ee126eb5d00f684a90b1d2d1e112de489981ff983a8777d18d82d7a8,END_FACE_TRANSITION_WEAK,INDEPENDENT_NOISE_FREE,1099133161,,0,2,ONE_DETERMINISTIC_INDEPENDENT_INPUT
synthetic-confirmatory-v2::d7147c669190ca5030df704fec83e3ae1d5287b515e3ce31c3cbe982aecaf430,END_FACE_TRANSITION_WEAK,FULL_NOISE,1099133161,740417430,0,2,FIFTEEN_STOCHASTIC_INPUTS_PER_SCENE_GEOMETRY
synthetic-confirmatory-v2::c2a645037444a9602f38c3b1b1b32a183feef51f320e74336808c0da596a749f,END_FACE_TRANSITION_WEAK,FULL_NOISE,1099133161,740417430,1,2,FIFTEEN_STOCHASTIC_INPUTS_PER_SCENE_GEOMETRY
synthetic-confirmatory-v2::b88e25c29d41ca3f105fef0df77569af5effccb61afec3c4fb331de0be477ac8,END_FACE_TRANSITION_WEAK,FULL_NOISE,1099133161,740417430,2,2,FIFTEEN_STOCHASTIC_INPUTS_PER_SCENE_GEOMETRY
synthetic-confirmatory-v2::e13daf9c37eb4ec54e826a5502b1060841c851db16b2c7b3bba58898e7e51644,END_FACE_TRANSITION_WEAK,FULL_NOISE,1099133161,740417430,3,2,FIFTEEN_STOCHASTIC_INPUTS_PER_SCENE_GEOMETRY
synthetic-confirmatory-v2::34c8bb09edb0c71445ad3eda36baabbc0c29a264e33d99728bd46131a4c8c304,END_FACE_TRANSITION_WEAK,FULL_NOISE,1099133161,740417430,4,2,FIFTEEN_STOCHASTIC_INPUTS_PER_SCENE_GEOMETRY
synthetic-confirmatory-v2::9c7525bc9e7e45bf6dc069aa20df3312d6bd34aa990f187a1c34950a9758e63f,END_FACE_TRANSITION_WEAK,FULL_NOISE,1099133161,23963997,0,2,FIFTEEN_STOCHASTIC_INPUTS_PER_SCENE_GEOMETRY
synthetic-confirmatory-v2::1ecec811351867393048a053ef6bb8240fe5031b58d31d69dc4c07a86c0f4603,END_FACE_TRANSITION_WEAK,FULL_NOISE,1099133161,23963997,1,2,FIFTEEN_STOCHASTIC_INPUTS_PER_SCENE_GEOMETRY
synthetic-confirmatory-v2::48ab63c375b86084605cb8e919a85376876b02b4fc069cc41148acdbc2e8ba4a,END_FACE_TRANSITION_WEAK,FULL_NOISE,1099133161,23963997,2,2,FIFTEEN_STOCHASTIC_INPUTS_PER_SCENE_GEOMETRY
synthetic-confirmatory-v2::b5d6fe032f139edae5b6eab1fe6a880a33cdb818e090c985a1c3401ee19df569,END_FACE_TRANSITION_WEAK,FULL_NOISE,1099133161,23963997,3,2,FIFTEEN_STOCHASTIC_INPUTS_PER_SCENE_GEOMETRY
synthetic-confirmatory-v2::b9e5c6b6f51576834a244ff002749fac0f466d9989c2d5c5139be59ded4ba6a7,END_FACE_TRANSITION_WEAK,FULL_NOISE,1099133161,23963997,4,2,FIFTEEN_STOCHASTIC_INPUTS_PER_SCENE_GEOMETRY
synthetic-confirmatory-v2::050efd093a2836bc9d2d3cc41ca4bec0606cabf0d9fd763c19042ab79e7117c0,END_FACE_TRANSITION_WEAK,FULL_NOISE,1099133161,925756274,0,2,FIFTEEN_STOCHASTIC_INPUTS_PER_SCENE_GEOMETRY
synthetic-confirmatory-v2::84cfbd2496751f1d3933aa4cc5d55f21fbe7160d89a0ca6288da72f838d8ddde,END_FACE_TRANSITION_WEAK,FULL_NOISE,1099133161,925756274,1,2,FIFTEEN_STOCHASTIC_INPUTS_PER_SCENE_GEOMETRY
synthetic-confirmatory-v2::3e242fa0235272cc6b836084fd58d6185eaf05d825abd9dcadab045fbe34af94,END_FACE_TRANSITION_WEAK,FULL_NOISE,1099133161,925756274,2,2,FIFTEEN_STOCHASTIC_INPUTS_PER_SCENE_GEOMETRY
synthetic-confirmatory-v2::1a6c40a03ed47e47c1cd84f4091b14969c28f3d5bf8c65c82e9bf2b67831469a,END_FACE_TRANSITION_WEAK,FULL_NOISE,1099133161,925756274,3,2,FIFTEEN_STOCHASTIC_INPUTS_PER_SCENE_GEOMETRY
synthetic-confirmatory-v2::996f273548bd74f8d594ece1000e9723053f8ca7fa87a04ea6f7dc2630d6ea5a,END_FACE_TRANSITION_WEAK,FULL_NOISE,1099133161,925756274,4,2,FIFTEEN_STOCHASTIC_INPUTS_PER_SCENE_GEOMETRY
synthetic-confirmatory-v2::0a8ed2fa320f3c9c48bcee0a8a948c1fc719727a2f5a5820f16e7164aaef92fd,END_FACE_TRANSITION_ABSENT,IDEAL_MATCHED,1632408808,,0,2,ONE_CONTROL_INPUT
synthetic-confirmatory-v2::a9d5d2eb80e76ae6211ededa9eb8889400460c991309c05ac9a788e098d64c29,END_FACE_TRANSITION_ABSENT,INDEPENDENT_NOISE_FREE,1632408808,,0,2,ONE_DETERMINISTIC_INDEPENDENT_INPUT
synthetic-confirmatory-v2::fe5baea1111a7b2158b54a4d4cd2d6d466aa795d1ad2525c40bb0acaa0d73e3a,END_FACE_TRANSITION_ABSENT,FULL_NOISE,1632408808,740417430,0,2,FIFTEEN_STOCHASTIC_INPUTS_PER_SCENE_GEOMETRY
synthetic-confirmatory-v2::581d8a311d3f314c0b6e310c27a9dacd853441f405ed2f85aab786352b323a7c,END_FACE_TRANSITION_ABSENT,FULL_NOISE,1632408808,740417430,1,2,FIFTEEN_STOCHASTIC_INPUTS_PER_SCENE_GEOMETRY
synthetic-confirmatory-v2::b6292daab3a078a68cdaf82231b97af842b150c7d5843a0f95b6d884f44af68a,END_FACE_TRANSITION_ABSENT,FULL_NOISE,1632408808,740417430,2,2,FIFTEEN_STOCHASTIC_INPUTS_PER_SCENE_GEOMETRY
synthetic-confirmatory-v2::568e98321ef7688e09a61bceb2a666a03d75ad68ef535dae2fea0bc6d76c661e,END_FACE_TRANSITION_ABSENT,FULL_NOISE,1632408808,740417430,3,2,FIFTEEN_STOCHASTIC_INPUTS_PER_SCENE_GEOMETRY
synthetic-confirmatory-v2::363bc75cbf93f55736acf89c636e94218da99b4a6c0f2a2c99095612b3489f90,END_FACE_TRANSITION_ABSENT,FULL_NOISE,1632408808,740417430,4,2,FIFTEEN_STOCHASTIC_INPUTS_PER_SCENE_GEOMETRY
synthetic-confirmatory-v2::a43d560f39b0a8536a5dd844bc0996de2aed2166e6cf4eeb6dc56a03acce9327,END_FACE_TRANSITION_ABSENT,FULL_NOISE,1632408808,23963997,0,2,FIFTEEN_STOCHASTIC_INPUTS_PER_SCENE_GEOMETRY
synthetic-confirmatory-v2::5b796f2326b64d0f3f77af586d89a8b97862180c54773ae2cfbda6655d4bbe51,END_FACE_TRANSITION_ABSENT,FULL_NOISE,1632408808,23963997,1,2,FIFTEEN_STOCHASTIC_INPUTS_PER_SCENE_GEOMETRY
synthetic-confirmatory-v2::5ca8a77ad3595829df407f67358b4beec122e02f237d738f558ed3cb1f7d16bd,END_FACE_TRANSITION_ABSENT,FULL_NOISE,1632408808,23963997,2,2,FIFTEEN_STOCHASTIC_INPUTS_PER_SCENE_GEOMETRY
synthetic-confirmatory-v2::65ffea425d95409d1d56813f9586a05fa7dc46eb849daf44ffff0a95bda1c77e,END_FACE_TRANSITION_ABSENT,FULL_NOISE,1632408808,23963997,3,2,FIFTEEN_STOCHASTIC_INPUTS_PER_SCENE_GEOMETRY
synthetic-confirmatory-v2::b06515056d4907d61606cabc8afc1ea7dc52092719acf4b2c7f7e0fca138b5fa,END_FACE_TRANSITION_ABSENT,FULL_NOISE,1632408808,23963997,4,2,FIFTEEN_STOCHASTIC_INPUTS_PER_SCENE_GEOMETRY
synthetic-confirmatory-v2::2a5ad155e4cf84be8f8497b32afe4248810d653d48658f458a58cb8919916782,END_FACE_TRANSITION_ABSENT,FULL_NOISE,1632408808,925756274,0,2,FIFTEEN_STOCHASTIC_INPUTS_PER_SCENE_GEOMETRY
synthetic-confirmatory-v2::5b0f841c932481ac7ae005dcd5a11d4ba4ca6a8661c94fd59983cad6596e8aac,END_FACE_TRANSITION_ABSENT,FULL_NOISE,1632408808,925756274,1,2,FIFTEEN_STOCHASTIC_INPUTS_PER_SCENE_GEOMETRY
synthetic-confirmatory-v2::0c828f342f2d713fd986f866ed451273d22e5de78f840d5b975d3fdd1ed1a0e1,END_FACE_TRANSITION_ABSENT,FULL_NOISE,1632408808,925756274,2,2,FIFTEEN_STOCHASTIC_INPUTS_PER_SCENE_GEOMETRY
synthetic-confirmatory-v2::62d2ff803f343095170188346648a3892bace957329629cc993516b66d35a051,END_FACE_TRANSITION_ABSENT,FULL_NOISE,1632408808,925756274,3,2,FIFTEEN_STOCHASTIC_INPUTS_PER_SCENE_GEOMETRY
synthetic-confirmatory-v2::f6ac667d1a2a2fb9512ef1f71cd4d4d5376235ae3316d371d044f4c423110e08,END_FACE_TRANSITION_ABSENT,FULL_NOISE,1632408808,925756274,4,2,FIFTEEN_STOCHASTIC_INPUTS_PER_SCENE_GEOMETRY
synthetic-confirmatory-v2::6abbb61def65b8268dc772ea9f1da4759e831818cd5406a3301ef05dd288bf74,END_FACE_TRANSITION_ABSENT,IDEAL_MATCHED,2098780325,,0,2,ONE_CONTROL_INPUT
synthetic-confirmatory-v2::34d9288e9ce177f37c83c86e7421ee7775752291ec363d35967f59512a55573a,END_FACE_TRANSITION_ABSENT,INDEPENDENT_NOISE_FREE,2098780325,,0,2,ONE_DETERMINISTIC_INDEPENDENT_INPUT
synthetic-confirmatory-v2::fc134090ae0e8157884831d0ed5361be235f8d27a59bdfdcecab3dd1fc10d619,END_FACE_TRANSITION_ABSENT,FULL_NOISE,2098780325,740417430,0,2,FIFTEEN_STOCHASTIC_INPUTS_PER_SCENE_GEOMETRY
synthetic-confirmatory-v2::27ffdc9c520af93b21e5d6d5b7c9ec652f256bb6acdb6c7c2bf994a8c7e38983,END_FACE_TRANSITION_ABSENT,FULL_NOISE,2098780325,740417430,1,2,FIFTEEN_STOCHASTIC_INPUTS_PER_SCENE_GEOMETRY
synthetic-confirmatory-v2::660640417bbd2de8a8b9550c7347466d9e165a83b123041c9c1de1b876be67a7,END_FACE_TRANSITION_ABSENT,FULL_NOISE,2098780325,740417430,2,2,FIFTEEN_STOCHASTIC_INPUTS_PER_SCENE_GEOMETRY
synthetic-confirmatory-v2::e0ca469d16364883fea5632df4448e982a24884a759e959e3220a81fea99fee4,END_FACE_TRANSITION_ABSENT,FULL_NOISE,2098780325,740417430,3,2,FIFTEEN_STOCHASTIC_INPUTS_PER_SCENE_GEOMETRY
synthetic-confirmatory-v2::1fa96e1e4645573e3da0c76fd023c7e4ac4914f3da1354920896004ef37b03be,END_FACE_TRANSITION_ABSENT,FULL_NOISE,2098780325,740417430,4,2,FIFTEEN_STOCHASTIC_INPUTS_PER_SCENE_GEOMETRY
synthetic-confirmatory-v2::8d82940fa9045430c79064aff4d728eb98496d77b6de807e95c42fda259e7bc4,END_FACE_TRANSITION_ABSENT,FULL_NOISE,2098780325,23963997,0,2,FIFTEEN_STOCHASTIC_INPUTS_PER_SCENE_GEOMETRY
synthetic-confirmatory-v2::65230f370ff2ee9daf513d72fd7e50c47344ecdaa050a71bba71358bf232014e,END_FACE_TRANSITION_ABSENT,FULL_NOISE,2098780325,23963997,1,2,FIFTEEN_STOCHASTIC_INPUTS_PER_SCENE_GEOMETRY
synthetic-confirmatory-v2::f12f31b0f4c2005afda5dd3e6b949ffa8c20ab9b71adeeadda3b74749a700b8f,END_FACE_TRANSITION_ABSENT,FULL_NOISE,2098780325,23963997,2,2,FIFTEEN_STOCHASTIC_INPUTS_PER_SCENE_GEOMETRY
synthetic-confirmatory-v2::0ad2d4467da2b86c29c2e292c7d393b1a9d878ec1befa661f3dfebc40fbae588,END_FACE_TRANSITION_ABSENT,FULL_NOISE,2098780325,23963997,3,2,FIFTEEN_STOCHASTIC_INPUTS_PER_SCENE_GEOMETRY
synthetic-confirmatory-v2::0d342f50112da1af5e4fd43d921fb30988540213bda092a6660c22b955edd55c,END_FACE_TRANSITION_ABSENT,FULL_NOISE,2098780325,23963997,4,2,FIFTEEN_STOCHASTIC_INPUTS_PER_SCENE_GEOMETRY
synthetic-confirmatory-v2::5f105271a613281e8262069f27827d819b570e08c4508a812d2137ddda989e69,END_FACE_TRANSITION_ABSENT,FULL_NOISE,2098780325,925756274,0,2,FIFTEEN_STOCHASTIC_INPUTS_PER_SCENE_GEOMETRY
synthetic-confirmatory-v2::a09c5ccf3c94ecc9436d6c08f2d034c8c767c8b5e8520fe5f487e945038b1e01,END_FACE_TRANSITION_ABSENT,FULL_NOISE,2098780325,925756274,1,2,FIFTEEN_STOCHASTIC_INPUTS_PER_SCENE_GEOMETRY
synthetic-confirmatory-v2::47ef53b30a6b1096ba7734fe8a9f12ac18fd4aee74d71dc81e704d6ab8490156,END_FACE_TRANSITION_ABSENT,FULL_NOISE,2098780325,925756274,2,2,FIFTEEN_STOCHASTIC_INPUTS_PER_SCENE_GEOMETRY
synthetic-confirmatory-v2::f4a04b075a960be5bdcc09f5ebc6d68681f9d21ff196d19abff63d69938d6d66,END_FACE_TRANSITION_ABSENT,FULL_NOISE,2098780325,925756274,3,2,FIFTEEN_STOCHASTIC_INPUTS_PER_SCENE_GEOMETRY
synthetic-confirmatory-v2::845f5d0085e76d794ce3387f8d32cb41ae2639e67830d37caaaf62b6c19a6418,END_FACE_TRANSITION_ABSENT,FULL_NOISE,2098780325,925756274,4,2,FIFTEEN_STOCHASTIC_INPUTS_PER_SCENE_GEOMETRY
synthetic-confirmatory-v2::449b0e3696907294941cdcd5c0e96f265b5f44fc0cefe0d57ee2345273cf9fee,END_FACE_TRANSITION_ABSENT,IDEAL_MATCHED,2113923543,,0,2,ONE_CONTROL_INPUT
synthetic-confirmatory-v2::8d3dbf7a2b191beccd9bf2c0f0821749c36b3518b77299698f5f5c44a2b810e0,END_FACE_TRANSITION_ABSENT,INDEPENDENT_NOISE_FREE,2113923543,,0,2,ONE_DETERMINISTIC_INDEPENDENT_INPUT
synthetic-confirmatory-v2::ee1db933332537709e5035c3603577094d1407338c84e9beca8aa98006d1db51,END_FACE_TRANSITION_ABSENT,FULL_NOISE,2113923543,740417430,0,2,FIFTEEN_STOCHASTIC_INPUTS_PER_SCENE_GEOMETRY
synthetic-confirmatory-v2::e022fe53aa71074ba6649dc8465bf65528eb01788c5d3cdd36c9247f05d84f04,END_FACE_TRANSITION_ABSENT,FULL_NOISE,2113923543,740417430,1,2,FIFTEEN_STOCHASTIC_INPUTS_PER_SCENE_GEOMETRY
synthetic-confirmatory-v2::816da021d3f20272efbc173127cc5f850e3095e229104bc00d6ff8b156fd8876,END_FACE_TRANSITION_ABSENT,FULL_NOISE,2113923543,740417430,2,2,FIFTEEN_STOCHASTIC_INPUTS_PER_SCENE_GEOMETRY
synthetic-confirmatory-v2::b013cc560391a0395fab8337db36ad147d2df85c70e6ddb3d299103988f6c953,END_FACE_TRANSITION_ABSENT,FULL_NOISE,2113923543,740417430,3,2,FIFTEEN_STOCHASTIC_INPUTS_PER_SCENE_GEOMETRY
synthetic-confirmatory-v2::b5ecfb874393cdc5a38a09430f5be88d0b502266e30e4c6bd52331fca7291403,END_FACE_TRANSITION_ABSENT,FULL_NOISE,2113923543,740417430,4,2,FIFTEEN_STOCHASTIC_INPUTS_PER_SCENE_GEOMETRY
synthetic-confirmatory-v2::cd01a01b2351e858f54cf1d40c0713265a65cd0453f26ec69c84404cb64f84a8,END_FACE_TRANSITION_ABSENT,FULL_NOISE,2113923543,23963997,0,2,FIFTEEN_STOCHASTIC_INPUTS_PER_SCENE_GEOMETRY
synthetic-confirmatory-v2::62077905a0595157ebd83d37dc256b3338f7e0ca216391a04f3d42d99d0e9b2e,END_FACE_TRANSITION_ABSENT,FULL_NOISE,2113923543,23963997,1,2,FIFTEEN_STOCHASTIC_INPUTS_PER_SCENE_GEOMETRY
synthetic-confirmatory-v2::7db34672c9e14b915e2d449ad97ee888d2164dec32ebd4e728810cb8e1e279cb,END_FACE_TRANSITION_ABSENT,FULL_NOISE,2113923543,23963997,2,2,FIFTEEN_STOCHASTIC_INPUTS_PER_SCENE_GEOMETRY
synthetic-confirmatory-v2::757ae74ff53d5d52e48f5fcc28540c05c83e918edb6a109ca0a5f44a863e915e,END_FACE_TRANSITION_ABSENT,FULL_NOISE,2113923543,23963997,3,2,FIFTEEN_STOCHASTIC_INPUTS_PER_SCENE_GEOMETRY
synthetic-confirmatory-v2::c036334217a2b951ee271c042bc13da60c4046573f70b3ab5bc9d93a24d4e541,END_FACE_TRANSITION_ABSENT,FULL_NOISE,2113923543,23963997,4,2,FIFTEEN_STOCHASTIC_INPUTS_PER_SCENE_GEOMETRY
synthetic-confirmatory-v2::7ecb2f95395145aa67ed46d360f2c5703a42bf65a74bdf24afc33fae01804016,END_FACE_TRANSITION_ABSENT,FULL_NOISE,2113923543,925756274,0,2,FIFTEEN_STOCHASTIC_INPUTS_PER_SCENE_GEOMETRY
synthetic-confirmatory-v2::30d1c1658cb12fa09965723e317b810d72927da90db4378c14a78c117d426774,END_FACE_TRANSITION_ABSENT,FULL_NOISE,2113923543,925756274,1,2,FIFTEEN_STOCHASTIC_INPUTS_PER_SCENE_GEOMETRY
synthetic-confirmatory-v2::193e665af61d27ea8432381a631634e4b68f3a8ff127149d1df8dbdc1540cf3b,END_FACE_TRANSITION_ABSENT,FULL_NOISE,2113923543,925756274,2,2,FIFTEEN_STOCHASTIC_INPUTS_PER_SCENE_GEOMETRY
synthetic-confirmatory-v2::1c190a0f2a410d044c8a5e44d6979d1e98ba7b3fed008b5dba2d9a2f51d3e978,END_FACE_TRANSITION_ABSENT,FULL_NOISE,2113923543,925756274,3,2,FIFTEEN_STOCHASTIC_INPUTS_PER_SCENE_GEOMETRY
synthetic-confirmatory-v2::6460c67446b2504a86a4b37b57dcf6df7449c8ca8816d71580017de6273b5b87,END_FACE_TRANSITION_ABSENT,FULL_NOISE,2113923543,925756274,4,2,FIFTEEN_STOCHASTIC_INPUTS_PER_SCENE_GEOMETRY
synthetic-confirmatory-v2::fac84a097c4a242f3f20d6cd6a59e39a28bbd9c92dc595e34c8f09f4974f0295,END_FACE_TRANSITION_ABSENT,IDEAL_MATCHED,143826534,,0,2,ONE_CONTROL_INPUT
synthetic-confirmatory-v2::ec3c5184b5940e0df79f1b655bb5912e6aa2adcdabe9c9ebe9394975b4d9c812,END_FACE_TRANSITION_ABSENT,INDEPENDENT_NOISE_FREE,143826534,,0,2,ONE_DETERMINISTIC_INDEPENDENT_INPUT
synthetic-confirmatory-v2::edfddc82b4de7e24e7f17f366d6deeb8bd5813af45928cbbf6c0bf52d83449f2,END_FACE_TRANSITION_ABSENT,FULL_NOISE,143826534,740417430,0,2,FIFTEEN_STOCHASTIC_INPUTS_PER_SCENE_GEOMETRY
synthetic-confirmatory-v2::2c60c29714ffc4ec39b124bcdc11863d685b2bf1e363747d5409587ce2a8759e,END_FACE_TRANSITION_ABSENT,FULL_NOISE,143826534,740417430,1,2,FIFTEEN_STOCHASTIC_INPUTS_PER_SCENE_GEOMETRY
synthetic-confirmatory-v2::166f9e7b596cf439ee7c1b25a56f7520346b2e30da248f7e6de4887f43f41658,END_FACE_TRANSITION_ABSENT,FULL_NOISE,143826534,740417430,2,2,FIFTEEN_STOCHASTIC_INPUTS_PER_SCENE_GEOMETRY
synthetic-confirmatory-v2::1b14af436cbde3551c7ba2d2dfcaac2105fec34b6909a0f4d821e48c5359b919,END_FACE_TRANSITION_ABSENT,FULL_NOISE,143826534,740417430,3,2,FIFTEEN_STOCHASTIC_INPUTS_PER_SCENE_GEOMETRY
synthetic-confirmatory-v2::8bec1d0508af3353525e333f545c9377485ce215d6b1e06fc9aeb8fcc808a865,END_FACE_TRANSITION_ABSENT,FULL_NOISE,143826534,740417430,4,2,FIFTEEN_STOCHASTIC_INPUTS_PER_SCENE_GEOMETRY
synthetic-confirmatory-v2::113cc35ee8e1bf7973623656f75470459c3445689df068de103a6c6ab08a95a2,END_FACE_TRANSITION_ABSENT,FULL_NOISE,143826534,23963997,0,2,FIFTEEN_STOCHASTIC_INPUTS_PER_SCENE_GEOMETRY
synthetic-confirmatory-v2::8148d824777e15ef9e31a0fd64fa54ad09a6d5b7dd61d6a0e26fac0393b2e512,END_FACE_TRANSITION_ABSENT,FULL_NOISE,143826534,23963997,1,2,FIFTEEN_STOCHASTIC_INPUTS_PER_SCENE_GEOMETRY
synthetic-confirmatory-v2::86d123708ed6c56d47f6f8446adb863af7ce821e2adcd2e8e53642d369931f01,END_FACE_TRANSITION_ABSENT,FULL_NOISE,143826534,23963997,2,2,FIFTEEN_STOCHASTIC_INPUTS_PER_SCENE_GEOMETRY
synthetic-confirmatory-v2::241da6f64f0d20fad182a7b45ce3545d58c4967b9dc5d495c115a477e2c81cb6,END_FACE_TRANSITION_ABSENT,FULL_NOISE,143826534,23963997,3,2,FIFTEEN_STOCHASTIC_INPUTS_PER_SCENE_GEOMETRY
synthetic-confirmatory-v2::67e026a2644ffd2a1355c491e23e52c558fe4e47158b14e5c79f00c55f3b6387,END_FACE_TRANSITION_ABSENT,FULL_NOISE,143826534,23963997,4,2,FIFTEEN_STOCHASTIC_INPUTS_PER_SCENE_GEOMETRY
synthetic-confirmatory-v2::88111c680557fcfda9d54c3bd5d22bc558ce48aba9cac430a8f29dc8dd445a4a,END_FACE_TRANSITION_ABSENT,FULL_NOISE,143826534,925756274,0,2,FIFTEEN_STOCHASTIC_INPUTS_PER_SCENE_GEOMETRY
synthetic-confirmatory-v2::f18bbff46e0e79e6401ca09e3489f210b3f9091265675801242bdecbe4c9861c,END_FACE_TRANSITION_ABSENT,FULL_NOISE,143826534,925756274,1,2,FIFTEEN_STOCHASTIC_INPUTS_PER_SCENE_GEOMETRY
synthetic-confirmatory-v2::c76cb3f9942e75f8d86dccc628063f21165ed44613e3cfb8f37fb11022509408,END_FACE_TRANSITION_ABSENT,FULL_NOISE,143826534,925756274,2,2,FIFTEEN_STOCHASTIC_INPUTS_PER_SCENE_GEOMETRY
synthetic-confirmatory-v2::2d2fff62b67b208d147aef1a1af0d31e7b468e2e2d80a37342a90037a8df0198,END_FACE_TRANSITION_ABSENT,FULL_NOISE,143826534,925756274,3,2,FIFTEEN_STOCHASTIC_INPUTS_PER_SCENE_GEOMETRY
synthetic-confirmatory-v2::0489faa3fa0917235346bdc930c410c627608bba56b1e92fa030684cdfb3e80b,END_FACE_TRANSITION_ABSENT,FULL_NOISE,143826534,925756274,4,2,FIFTEEN_STOCHASTIC_INPUTS_PER_SCENE_GEOMETRY
synthetic-confirmatory-v2::737c0adc8613ce73b8922583c87469ad1f6a90b66b3e1ec162d4c9b99e5a4511,END_FACE_TRANSITION_ABSENT,IDEAL_MATCHED,1099133161,,0,2,ONE_CONTROL_INPUT
synthetic-confirmatory-v2::9bc31a1f9af44ef19e25145671875ca1967c0da3753152fc8845b793c0fd069a,END_FACE_TRANSITION_ABSENT,INDEPENDENT_NOISE_FREE,1099133161,,0,2,ONE_DETERMINISTIC_INDEPENDENT_INPUT
synthetic-confirmatory-v2::21acfff13a894976a77524e064d27b0fa13dd153ebd5cb5c95f5bb773d5d32ce,END_FACE_TRANSITION_ABSENT,FULL_NOISE,1099133161,740417430,0,2,FIFTEEN_STOCHASTIC_INPUTS_PER_SCENE_GEOMETRY
synthetic-confirmatory-v2::f430fafc62c252abcbde603c308dc6a9ce3891b5e1c30df2401576c394594a98,END_FACE_TRANSITION_ABSENT,FULL_NOISE,1099133161,740417430,1,2,FIFTEEN_STOCHASTIC_INPUTS_PER_SCENE_GEOMETRY
synthetic-confirmatory-v2::c775d78b24a34d9a9ad244a389a1198f9f5852bc928e67db56f4ae868d8e0ee8,END_FACE_TRANSITION_ABSENT,FULL_NOISE,1099133161,740417430,2,2,FIFTEEN_STOCHASTIC_INPUTS_PER_SCENE_GEOMETRY
synthetic-confirmatory-v2::3a2d00457c91f25e19670c77e5bc6cfe95f7fbbd6b243ab7ad76ce20b99eb350,END_FACE_TRANSITION_ABSENT,FULL_NOISE,1099133161,740417430,3,2,FIFTEEN_STOCHASTIC_INPUTS_PER_SCENE_GEOMETRY
synthetic-confirmatory-v2::0ee63980d14fa5a81799155bd375ef2b53edd18fc503125244a6a4182273d482,END_FACE_TRANSITION_ABSENT,FULL_NOISE,1099133161,740417430,4,2,FIFTEEN_STOCHASTIC_INPUTS_PER_SCENE_GEOMETRY
synthetic-confirmatory-v2::91897a7c6f985a55507277c2e0ee114aa8f6609a1a089ee2189a19c8c86d7f38,END_FACE_TRANSITION_ABSENT,FULL_NOISE,1099133161,23963997,0,2,FIFTEEN_STOCHASTIC_INPUTS_PER_SCENE_GEOMETRY
synthetic-confirmatory-v2::c785e778be60b8d0612c6e2122c9bc21ff28ca8436302dbbd483ad02b0b1e288,END_FACE_TRANSITION_ABSENT,FULL_NOISE,1099133161,23963997,1,2,FIFTEEN_STOCHASTIC_INPUTS_PER_SCENE_GEOMETRY
synthetic-confirmatory-v2::d528bdd3e541d4bd7617e2253381de5439a202cdacd5004fae3a0e2d8c6b18c9,END_FACE_TRANSITION_ABSENT,FULL_NOISE,1099133161,23963997,2,2,FIFTEEN_STOCHASTIC_INPUTS_PER_SCENE_GEOMETRY
synthetic-confirmatory-v2::e95f8c90c79370e203b6aa6673c47838091a82b1dde6796d7faee4fa4ff47f43,END_FACE_TRANSITION_ABSENT,FULL_NOISE,1099133161,23963997,3,2,FIFTEEN_STOCHASTIC_INPUTS_PER_SCENE_GEOMETRY
synthetic-confirmatory-v2::eedcc230d4282f8f634f9f4a2000c7f765c377f98ac9e5207e0a0275137a1679,END_FACE_TRANSITION_ABSENT,FULL_NOISE,1099133161,23963997,4,2,FIFTEEN_STOCHASTIC_INPUTS_PER_SCENE_GEOMETRY
synthetic-confirmatory-v2::cc1ec59b1f7c6dfb6ddb184368eed0768d65ed6f3d3583e42147ec17a88700e3,END_FACE_TRANSITION_ABSENT,FULL_NOISE,1099133161,925756274,0,2,FIFTEEN_STOCHASTIC_INPUTS_PER_SCENE_GEOMETRY
synthetic-confirmatory-v2::2d3a681ed7f2829abbf40d7d0ab6ca131e758c64f94a1175dcc054304462af51,END_FACE_TRANSITION_ABSENT,FULL_NOISE,1099133161,925756274,1,2,FIFTEEN_STOCHASTIC_INPUTS_PER_SCENE_GEOMETRY
synthetic-confirmatory-v2::d397ba7b53c1f15f3031d79a23acc2083612202d8c872cf2f628a59152deac02,END_FACE_TRANSITION_ABSENT,FULL_NOISE,1099133161,925756274,2,2,FIFTEEN_STOCHASTIC_INPUTS_PER_SCENE_GEOMETRY
synthetic-confirmatory-v2::44ceb97b076ba2f2e63c74abd1522fa04971621f787327b9eed7ed52fd713c65,END_FACE_TRANSITION_ABSENT,FULL_NOISE,1099133161,925756274,3,2,FIFTEEN_STOCHASTIC_INPUTS_PER_SCENE_GEOMETRY
synthetic-confirmatory-v2::df6d31d93b59b4dcdff89d653aa0a30fda6df2da663e82846a55e6a9abb235de,END_FACE_TRANSITION_ABSENT,FULL_NOISE,1099133161,925756274,4,2,FIFTEEN_STOCHASTIC_INPUTS_PER_SCENE_GEOMETRY
synthetic-confirmatory-v2::9fe79094d4aac4f2689e5bccf2a23634aeba1bc0a583a67321a4f5b30de09955,REPEATED_STRUCTURE,IDEAL_MATCHED,1632408808,,0,2,ONE_CONTROL_INPUT
synthetic-confirmatory-v2::6331f0fcfeecbb9b31b88e53c06945e6bb163332fc6db3db5cade4d39031a7bd,REPEATED_STRUCTURE,INDEPENDENT_NOISE_FREE,1632408808,,0,2,ONE_DETERMINISTIC_INDEPENDENT_INPUT
synthetic-confirmatory-v2::550b0362f14f9c2e86fce17ccf5089b65c3bc24b2b0e1b5bc77fa5dd27299aae,REPEATED_STRUCTURE,FULL_NOISE,1632408808,740417430,0,2,FIFTEEN_STOCHASTIC_INPUTS_PER_SCENE_GEOMETRY
synthetic-confirmatory-v2::f47b60fcb36d85c53f9a564f1b0a203711712e20b1f73d561256bf9c3d0cd9f2,REPEATED_STRUCTURE,FULL_NOISE,1632408808,740417430,1,2,FIFTEEN_STOCHASTIC_INPUTS_PER_SCENE_GEOMETRY
synthetic-confirmatory-v2::db4eff4c8146cd178c5a2c04683ea8e1b294f5c2854c0025dc0d07fd9688e77b,REPEATED_STRUCTURE,FULL_NOISE,1632408808,740417430,2,2,FIFTEEN_STOCHASTIC_INPUTS_PER_SCENE_GEOMETRY
synthetic-confirmatory-v2::5c190bef066ac0eea4b8bae524866d94b824c21c2e86f2d74a3f298d07db6c58,REPEATED_STRUCTURE,FULL_NOISE,1632408808,740417430,3,2,FIFTEEN_STOCHASTIC_INPUTS_PER_SCENE_GEOMETRY
synthetic-confirmatory-v2::f7ee8d0b79f073e1aa79b89c7aa1b36983a744ed0d5857a8c57cf0c9b9595e4d,REPEATED_STRUCTURE,FULL_NOISE,1632408808,740417430,4,2,FIFTEEN_STOCHASTIC_INPUTS_PER_SCENE_GEOMETRY
synthetic-confirmatory-v2::32cf478de75e43066564d37482d7967c5b5191eb7df42530d4bf54888aedba37,REPEATED_STRUCTURE,FULL_NOISE,1632408808,23963997,0,2,FIFTEEN_STOCHASTIC_INPUTS_PER_SCENE_GEOMETRY
synthetic-confirmatory-v2::5f8717b8ed8b3d3b26a6d2e9344f2f87017d8de0d3807f6d85d88ca1c972f022,REPEATED_STRUCTURE,FULL_NOISE,1632408808,23963997,1,2,FIFTEEN_STOCHASTIC_INPUTS_PER_SCENE_GEOMETRY
synthetic-confirmatory-v2::da5d8ec8313c136f6a0cbe17700398b60d05abd4a7546d4f1c98befecb2f52b8,REPEATED_STRUCTURE,FULL_NOISE,1632408808,23963997,2,2,FIFTEEN_STOCHASTIC_INPUTS_PER_SCENE_GEOMETRY
synthetic-confirmatory-v2::a2ca13a6d119ac128f9ef21a94b69170182b62d03f274499c28b656b8e778401,REPEATED_STRUCTURE,FULL_NOISE,1632408808,23963997,3,2,FIFTEEN_STOCHASTIC_INPUTS_PER_SCENE_GEOMETRY
synthetic-confirmatory-v2::06fb3b71dc97381c79eafdad25565576dc403a967fcf356d33e774870a3727ab,REPEATED_STRUCTURE,FULL_NOISE,1632408808,23963997,4,2,FIFTEEN_STOCHASTIC_INPUTS_PER_SCENE_GEOMETRY
synthetic-confirmatory-v2::e09bccbbb78715db15a130189bbd0c584c73ae3d72e393e7940506e4ac55bc34,REPEATED_STRUCTURE,FULL_NOISE,1632408808,925756274,0,2,FIFTEEN_STOCHASTIC_INPUTS_PER_SCENE_GEOMETRY
synthetic-confirmatory-v2::3b122832f8be2071a1e2fe1683347d28500df1e9ae1fe71814e1bf3b4332e52d,REPEATED_STRUCTURE,FULL_NOISE,1632408808,925756274,1,2,FIFTEEN_STOCHASTIC_INPUTS_PER_SCENE_GEOMETRY
synthetic-confirmatory-v2::30069aa93ddf3982446e670e8bb0987f549baac23caa7625efa40dd84fb39058,REPEATED_STRUCTURE,FULL_NOISE,1632408808,925756274,2,2,FIFTEEN_STOCHASTIC_INPUTS_PER_SCENE_GEOMETRY
synthetic-confirmatory-v2::aa53a37d087250ba9e055d620d08d604e5dd4339870f4a2bbf9ba94308901f15,REPEATED_STRUCTURE,FULL_NOISE,1632408808,925756274,3,2,FIFTEEN_STOCHASTIC_INPUTS_PER_SCENE_GEOMETRY
synthetic-confirmatory-v2::7b1011f1657224fcdf191e9765e82f33c87152c81d48ed37378978881514939b,REPEATED_STRUCTURE,FULL_NOISE,1632408808,925756274,4,2,FIFTEEN_STOCHASTIC_INPUTS_PER_SCENE_GEOMETRY
synthetic-confirmatory-v2::131cd98f8ed1392813a10a4082c2c300d5b759799cd118b32d6bd4d8440cfa48,REPEATED_STRUCTURE,IDEAL_MATCHED,2098780325,,0,2,ONE_CONTROL_INPUT
synthetic-confirmatory-v2::79ebf6e9b03b05276c83eda68ea33b144979828f3317057b86c783bd5b1419fd,REPEATED_STRUCTURE,INDEPENDENT_NOISE_FREE,2098780325,,0,2,ONE_DETERMINISTIC_INDEPENDENT_INPUT
synthetic-confirmatory-v2::31de0abfe77970151ecbaf1f00a6dfded5d2c6defa102a7855b5d40a60d57f16,REPEATED_STRUCTURE,FULL_NOISE,2098780325,740417430,0,2,FIFTEEN_STOCHASTIC_INPUTS_PER_SCENE_GEOMETRY
synthetic-confirmatory-v2::fd59a5b68efdee92ef298d7070d963a23c55639988da82711f8dc9a16730379d,REPEATED_STRUCTURE,FULL_NOISE,2098780325,740417430,1,2,FIFTEEN_STOCHASTIC_INPUTS_PER_SCENE_GEOMETRY
synthetic-confirmatory-v2::e2e76acb99de18f36998fa44067b43a26863db0b0e91b1690d56d63364a11826,REPEATED_STRUCTURE,FULL_NOISE,2098780325,740417430,2,2,FIFTEEN_STOCHASTIC_INPUTS_PER_SCENE_GEOMETRY
synthetic-confirmatory-v2::0d8ac3ce063283f6c846be9f13fb6dc9ac5e973b296a52716a4c1d10cbf7f34d,REPEATED_STRUCTURE,FULL_NOISE,2098780325,740417430,3,2,FIFTEEN_STOCHASTIC_INPUTS_PER_SCENE_GEOMETRY
synthetic-confirmatory-v2::9d98b19406f52540efe00d98bb962bd03799a4581984f31b9ab7170a11d9b606,REPEATED_STRUCTURE,FULL_NOISE,2098780325,740417430,4,2,FIFTEEN_STOCHASTIC_INPUTS_PER_SCENE_GEOMETRY
synthetic-confirmatory-v2::5a996c8f4f4dc8f2c9c3dac03470bc0ad2bfca2501be9a67b1888177ca3c19ea,REPEATED_STRUCTURE,FULL_NOISE,2098780325,23963997,0,2,FIFTEEN_STOCHASTIC_INPUTS_PER_SCENE_GEOMETRY
synthetic-confirmatory-v2::690f4155d5db493b2492f02ca31ebb08e746cfc6d6cba6e508e0ff33b3ff88b1,REPEATED_STRUCTURE,FULL_NOISE,2098780325,23963997,1,2,FIFTEEN_STOCHASTIC_INPUTS_PER_SCENE_GEOMETRY
synthetic-confirmatory-v2::a982fd4a262e7cc42de21890f306df6022cdefdd248d56df2c193cfc95090282,REPEATED_STRUCTURE,FULL_NOISE,2098780325,23963997,2,2,FIFTEEN_STOCHASTIC_INPUTS_PER_SCENE_GEOMETRY
synthetic-confirmatory-v2::765a03e8c8b654cf3696d12255727368c7ab851de7aa892377a92530a4cadc94,REPEATED_STRUCTURE,FULL_NOISE,2098780325,23963997,3,2,FIFTEEN_STOCHASTIC_INPUTS_PER_SCENE_GEOMETRY
synthetic-confirmatory-v2::c8eabedd2cb39403a50e7c3ad854398315c03a4de44859f9aed91d8d3c0336a7,REPEATED_STRUCTURE,FULL_NOISE,2098780325,23963997,4,2,FIFTEEN_STOCHASTIC_INPUTS_PER_SCENE_GEOMETRY
synthetic-confirmatory-v2::9b0de5a68afce35c0c54ecce2a26a4a370d32822f36a688d8404d2536d1db638,REPEATED_STRUCTURE,FULL_NOISE,2098780325,925756274,0,2,FIFTEEN_STOCHASTIC_INPUTS_PER_SCENE_GEOMETRY
synthetic-confirmatory-v2::f33bcb7a30050ebf3e395e9dd699b3db21c106ff47af5abf0e069c53736bca74,REPEATED_STRUCTURE,FULL_NOISE,2098780325,925756274,1,2,FIFTEEN_STOCHASTIC_INPUTS_PER_SCENE_GEOMETRY
synthetic-confirmatory-v2::24212284d05c03cc33ae3a4dff55675fefb1e1bff05737fde9fe0ee87d5ed3ed,REPEATED_STRUCTURE,FULL_NOISE,2098780325,925756274,2,2,FIFTEEN_STOCHASTIC_INPUTS_PER_SCENE_GEOMETRY
synthetic-confirmatory-v2::99cf45846be611513feef85608221e33df1f4aa8d2fa3ca522f96315539ffa55,REPEATED_STRUCTURE,FULL_NOISE,2098780325,925756274,3,2,FIFTEEN_STOCHASTIC_INPUTS_PER_SCENE_GEOMETRY
synthetic-confirmatory-v2::310b73221ecb7097ae58cd9f5c6653284b1712552b6b2f0b87b222cd4081bd85,REPEATED_STRUCTURE,FULL_NOISE,2098780325,925756274,4,2,FIFTEEN_STOCHASTIC_INPUTS_PER_SCENE_GEOMETRY
synthetic-confirmatory-v2::926500168ed9331b01aee0b1c2af18761f651fed51eca4007d7969e89a2b5b4b,REPEATED_STRUCTURE,IDEAL_MATCHED,2113923543,,0,2,ONE_CONTROL_INPUT
synthetic-confirmatory-v2::84e42bada60f33636638c145d3e727baef3def7d7976af7e3102efae995d174f,REPEATED_STRUCTURE,INDEPENDENT_NOISE_FREE,2113923543,,0,2,ONE_DETERMINISTIC_INDEPENDENT_INPUT
synthetic-confirmatory-v2::efafc71a483a7ee5e8992cf4a06e0d5ddf8f9b1116f649c9b4276d7cfec1b0c2,REPEATED_STRUCTURE,FULL_NOISE,2113923543,740417430,0,2,FIFTEEN_STOCHASTIC_INPUTS_PER_SCENE_GEOMETRY
synthetic-confirmatory-v2::6a10170d30eedd7956ac6b413726497ff49e843405493f4bd49054869fb59c7b,REPEATED_STRUCTURE,FULL_NOISE,2113923543,740417430,1,2,FIFTEEN_STOCHASTIC_INPUTS_PER_SCENE_GEOMETRY
synthetic-confirmatory-v2::b014ed0d3730de8cb63127e31246c3882ca46e6f575ddff0d8ab1b36946b524e,REPEATED_STRUCTURE,FULL_NOISE,2113923543,740417430,2,2,FIFTEEN_STOCHASTIC_INPUTS_PER_SCENE_GEOMETRY
synthetic-confirmatory-v2::96bda07a7dba338d0d205890e09560852dc4fb39c00e2afd3dc907a86fe82128,REPEATED_STRUCTURE,FULL_NOISE,2113923543,740417430,3,2,FIFTEEN_STOCHASTIC_INPUTS_PER_SCENE_GEOMETRY
synthetic-confirmatory-v2::c004069f99edac1e008815e2770e70cf0c55cb82d6a2f018bfaa272784716db4,REPEATED_STRUCTURE,FULL_NOISE,2113923543,740417430,4,2,FIFTEEN_STOCHASTIC_INPUTS_PER_SCENE_GEOMETRY
synthetic-confirmatory-v2::70f3fcdb559239e111686d8c83b426b3b8858b29ca9c433b817f70c25a4cfb83,REPEATED_STRUCTURE,FULL_NOISE,2113923543,23963997,0,2,FIFTEEN_STOCHASTIC_INPUTS_PER_SCENE_GEOMETRY
synthetic-confirmatory-v2::2c3edadd68cacdbfadda4477f484d313e92888c4d99d8f4facf7c41f8aa3488e,REPEATED_STRUCTURE,FULL_NOISE,2113923543,23963997,1,2,FIFTEEN_STOCHASTIC_INPUTS_PER_SCENE_GEOMETRY
synthetic-confirmatory-v2::addba20001ba4c88601c7ef82d01012410fbbd62620c8f4e98d8796aa8c7c422,REPEATED_STRUCTURE,FULL_NOISE,2113923543,23963997,2,2,FIFTEEN_STOCHASTIC_INPUTS_PER_SCENE_GEOMETRY
synthetic-confirmatory-v2::fe257fe49c8bd6b622399870fb685dc7c5c6a841a579b08e22dc54b66bd72e25,REPEATED_STRUCTURE,FULL_NOISE,2113923543,23963997,3,2,FIFTEEN_STOCHASTIC_INPUTS_PER_SCENE_GEOMETRY
synthetic-confirmatory-v2::c576ffddebcc4bf337cb82c7151a555d383cd50f29b16e2403d533a9677abc78,REPEATED_STRUCTURE,FULL_NOISE,2113923543,23963997,4,2,FIFTEEN_STOCHASTIC_INPUTS_PER_SCENE_GEOMETRY
synthetic-confirmatory-v2::af1c2fbd15ea12efe34ec39871a08f0e8a8811b047b10e7270d6c47209e001e2,REPEATED_STRUCTURE,FULL_NOISE,2113923543,925756274,0,2,FIFTEEN_STOCHASTIC_INPUTS_PER_SCENE_GEOMETRY
synthetic-confirmatory-v2::996968e7532040854c881e2085a5b6e3ded8e514f560866ef874cb4402831f0d,REPEATED_STRUCTURE,FULL_NOISE,2113923543,925756274,1,2,FIFTEEN_STOCHASTIC_INPUTS_PER_SCENE_GEOMETRY
synthetic-confirmatory-v2::06141c7fed6d68e1d0ee7f16a3be8c735e0f4b67a8f3a577830509580654ff37,REPEATED_STRUCTURE,FULL_NOISE,2113923543,925756274,2,2,FIFTEEN_STOCHASTIC_INPUTS_PER_SCENE_GEOMETRY
synthetic-confirmatory-v2::7fce855c548177c38070920eb9e71c8962d52975520ffd07086bc483d5b5f00a,REPEATED_STRUCTURE,FULL_NOISE,2113923543,925756274,3,2,FIFTEEN_STOCHASTIC_INPUTS_PER_SCENE_GEOMETRY
synthetic-confirmatory-v2::4cbbdc13cd9069eafd7ba7f6860579c7cca48c93a5088eb9ee295ffeaebd5a82,REPEATED_STRUCTURE,FULL_NOISE,2113923543,925756274,4,2,FIFTEEN_STOCHASTIC_INPUTS_PER_SCENE_GEOMETRY
synthetic-confirmatory-v2::7a273abefa3103a7cc6cc1e49bb7f02bb455ee6b9aea87f553c1568e2ea4949f,REPEATED_STRUCTURE,IDEAL_MATCHED,143826534,,0,2,ONE_CONTROL_INPUT
synthetic-confirmatory-v2::f4c8875fb7cdfd1ba338058a8146fe50b6e5bf343c21cea7f6cdc7bd9eddd956,REPEATED_STRUCTURE,INDEPENDENT_NOISE_FREE,143826534,,0,2,ONE_DETERMINISTIC_INDEPENDENT_INPUT
synthetic-confirmatory-v2::4d5f6bea135f4000653b323dcc2f715602fdf8d76bbeb0cf63577ea2944b117d,REPEATED_STRUCTURE,FULL_NOISE,143826534,740417430,0,2,FIFTEEN_STOCHASTIC_INPUTS_PER_SCENE_GEOMETRY
synthetic-confirmatory-v2::bac3bcbee28bf21c0ed711439e5e1c39dcbeed8ef55eb3c98a31aa28587171b8,REPEATED_STRUCTURE,FULL_NOISE,143826534,740417430,1,2,FIFTEEN_STOCHASTIC_INPUTS_PER_SCENE_GEOMETRY
synthetic-confirmatory-v2::1e1f6c841b1cad16ed2e356b28845cff65a6914f9467bcead55c46c1612e904a,REPEATED_STRUCTURE,FULL_NOISE,143826534,740417430,2,2,FIFTEEN_STOCHASTIC_INPUTS_PER_SCENE_GEOMETRY
synthetic-confirmatory-v2::eda943fda00082f8feeac46f9bb49f972d5c80dcfd62c6e50e10bbdb28182f76,REPEATED_STRUCTURE,FULL_NOISE,143826534,740417430,3,2,FIFTEEN_STOCHASTIC_INPUTS_PER_SCENE_GEOMETRY
synthetic-confirmatory-v2::c0f489c3cc4a98b758df163fe1a51ff96da21a23d089a1bbea5c244242a951ad,REPEATED_STRUCTURE,FULL_NOISE,143826534,740417430,4,2,FIFTEEN_STOCHASTIC_INPUTS_PER_SCENE_GEOMETRY
synthetic-confirmatory-v2::54dd947b63b93f4acbdcfcfefa5aa0540ff7dc3b9eb728bb0798ae3ff807d4b9,REPEATED_STRUCTURE,FULL_NOISE,143826534,23963997,0,2,FIFTEEN_STOCHASTIC_INPUTS_PER_SCENE_GEOMETRY
synthetic-confirmatory-v2::e151efd87f1180e9782d759236af5e0af3dbf409450383ec1b22f634a3b8eced,REPEATED_STRUCTURE,FULL_NOISE,143826534,23963997,1,2,FIFTEEN_STOCHASTIC_INPUTS_PER_SCENE_GEOMETRY
synthetic-confirmatory-v2::6fce2563b86e00f493bb6f6d4d5ec440bdd0a051f2a9c53a40aacfd7a073b689,REPEATED_STRUCTURE,FULL_NOISE,143826534,23963997,2,2,FIFTEEN_STOCHASTIC_INPUTS_PER_SCENE_GEOMETRY
synthetic-confirmatory-v2::05ed1326801d6f0e6a56fec9c636c210735b5190b75da779836c03e5385773d0,REPEATED_STRUCTURE,FULL_NOISE,143826534,23963997,3,2,FIFTEEN_STOCHASTIC_INPUTS_PER_SCENE_GEOMETRY
synthetic-confirmatory-v2::f6ffc9e9528770662060ba0e3efc87f27e837dd9ff2e0d75de2c9090bd9e9cf8,REPEATED_STRUCTURE,FULL_NOISE,143826534,23963997,4,2,FIFTEEN_STOCHASTIC_INPUTS_PER_SCENE_GEOMETRY
synthetic-confirmatory-v2::1ed5a24722c93f22b5c35ffe3a9627f7b2b623f7ff2eda8628263c620974df11,REPEATED_STRUCTURE,FULL_NOISE,143826534,925756274,0,2,FIFTEEN_STOCHASTIC_INPUTS_PER_SCENE_GEOMETRY
synthetic-confirmatory-v2::7e30e27fd84224719c71cb9a8e6cade4f1fba0224ecaee0affeded4cd0576424,REPEATED_STRUCTURE,FULL_NOISE,143826534,925756274,1,2,FIFTEEN_STOCHASTIC_INPUTS_PER_SCENE_GEOMETRY
synthetic-confirmatory-v2::343cb879c7a5e207c4f6702dfc12420e845b983fe0c9f02a3ba542577e9d2850,REPEATED_STRUCTURE,FULL_NOISE,143826534,925756274,2,2,FIFTEEN_STOCHASTIC_INPUTS_PER_SCENE_GEOMETRY
synthetic-confirmatory-v2::e0b39aad322bd7d39ce5fce3b5175a61faec3dce083cdd66629cc5f7a369824a,REPEATED_STRUCTURE,FULL_NOISE,143826534,925756274,3,2,FIFTEEN_STOCHASTIC_INPUTS_PER_SCENE_GEOMETRY
synthetic-confirmatory-v2::ab8da814b94584df65cf207e52aa0af7c4e19a4d79376c83264c11aa9d229123,REPEATED_STRUCTURE,FULL_NOISE,143826534,925756274,4,2,FIFTEEN_STOCHASTIC_INPUTS_PER_SCENE_GEOMETRY
synthetic-confirmatory-v2::58e5cd1af57810dfe0e6b7033f0dbc20b166d628e79a8f2bd4f3eb411a417249,REPEATED_STRUCTURE,IDEAL_MATCHED,1099133161,,0,2,ONE_CONTROL_INPUT
synthetic-confirmatory-v2::d57a8c52371bf97b44453909d389239294c6a3cdc683edade682adc69c7e3429,REPEATED_STRUCTURE,INDEPENDENT_NOISE_FREE,1099133161,,0,2,ONE_DETERMINISTIC_INDEPENDENT_INPUT
synthetic-confirmatory-v2::1cccb461b01a83dda075cb53856ddb566c8b86e2b1dcad76bfd9e16c8112a6c8,REPEATED_STRUCTURE,FULL_NOISE,1099133161,740417430,0,2,FIFTEEN_STOCHASTIC_INPUTS_PER_SCENE_GEOMETRY
synthetic-confirmatory-v2::9800d907c121209518355da4da057b86543d1886d823b95bea201a0cec5de08b,REPEATED_STRUCTURE,FULL_NOISE,1099133161,740417430,1,2,FIFTEEN_STOCHASTIC_INPUTS_PER_SCENE_GEOMETRY
synthetic-confirmatory-v2::0377e199bed2dc93f077ab1eb611fb80156b1eaa30981133c485d75e6ad48dd4,REPEATED_STRUCTURE,FULL_NOISE,1099133161,740417430,2,2,FIFTEEN_STOCHASTIC_INPUTS_PER_SCENE_GEOMETRY
synthetic-confirmatory-v2::62725a43d4d04c3e844924a9e5ae25008f80247c005c9dbca01b77813f4fff47,REPEATED_STRUCTURE,FULL_NOISE,1099133161,740417430,3,2,FIFTEEN_STOCHASTIC_INPUTS_PER_SCENE_GEOMETRY
synthetic-confirmatory-v2::bbdb527b86b21cbf7cd15649a8849c85d65b97b1ce4f59a393110f40de71731d,REPEATED_STRUCTURE,FULL_NOISE,1099133161,740417430,4,2,FIFTEEN_STOCHASTIC_INPUTS_PER_SCENE_GEOMETRY
synthetic-confirmatory-v2::a88c78b9ea7beacba07a3ca778e62a9071468841ca03527c2da92ee8422be4ec,REPEATED_STRUCTURE,FULL_NOISE,1099133161,23963997,0,2,FIFTEEN_STOCHASTIC_INPUTS_PER_SCENE_GEOMETRY
synthetic-confirmatory-v2::7e9a3283046ccc6b85c1fdf4737c48e1997974199977b118ea95354f500d8084,REPEATED_STRUCTURE,FULL_NOISE,1099133161,23963997,1,2,FIFTEEN_STOCHASTIC_INPUTS_PER_SCENE_GEOMETRY
synthetic-confirmatory-v2::aa17e6b193c342e4e26d34b6a62765808a131d5a92e2fee2fcea104cbba30d9a,REPEATED_STRUCTURE,FULL_NOISE,1099133161,23963997,2,2,FIFTEEN_STOCHASTIC_INPUTS_PER_SCENE_GEOMETRY
synthetic-confirmatory-v2::ddd04e1c7a5c75f97f1ae8a210450ece191d63ae2be2c1af0f86f7c5ae16f6e2,REPEATED_STRUCTURE,FULL_NOISE,1099133161,23963997,3,2,FIFTEEN_STOCHASTIC_INPUTS_PER_SCENE_GEOMETRY
synthetic-confirmatory-v2::beef670bd759ae329d0d6c284375b8502522ac414f4aad95476fe710f4ab19e7,REPEATED_STRUCTURE,FULL_NOISE,1099133161,23963997,4,2,FIFTEEN_STOCHASTIC_INPUTS_PER_SCENE_GEOMETRY
synthetic-confirmatory-v2::2e18d19a985079d9f07090b9ed887cda0a412e06c710994b931f6d4ce416b141,REPEATED_STRUCTURE,FULL_NOISE,1099133161,925756274,0,2,FIFTEEN_STOCHASTIC_INPUTS_PER_SCENE_GEOMETRY
synthetic-confirmatory-v2::b633c693b7d257b8d0e67782ee1ebb0e4947ae96b00d9dce421a022e4d32af75,REPEATED_STRUCTURE,FULL_NOISE,1099133161,925756274,1,2,FIFTEEN_STOCHASTIC_INPUTS_PER_SCENE_GEOMETRY
synthetic-confirmatory-v2::3f562136f4a16fd45d541dae7cad7eae83dbcf62a05f6fbbf607e7f854c8a62b,REPEATED_STRUCTURE,FULL_NOISE,1099133161,925756274,2,2,FIFTEEN_STOCHASTIC_INPUTS_PER_SCENE_GEOMETRY
synthetic-confirmatory-v2::a2f364c93fa0eb7412e30150df10f1436f8b3b167ad19d69c31190c01025dd98,REPEATED_STRUCTURE,FULL_NOISE,1099133161,925756274,3,2,FIFTEEN_STOCHASTIC_INPUTS_PER_SCENE_GEOMETRY
synthetic-confirmatory-v2::594084f72dee99b70d7ec993e04f59dfb22b97394935ba4a50d74ef7225afb14,REPEATED_STRUCTURE,FULL_NOISE,1099133161,925756274,4,2,FIFTEEN_STOCHASTIC_INPUTS_PER_SCENE_GEOMETRY
