planned_trial_id,planned_snapshot_id,scene_variant,condition,geometry_seed,measurement_seed,repeat_index,backend
synthetic-confirmatory-v1::2a46be243c2f971c6db51e7458eb488d42a5c2ac3d517ccc10fd466aa546287a::open3d_point_to_plane,synthetic-confirmatory-v1::2a46be243c2f971c6db51e7458eb488d42a5c2ac3d517ccc10fd466aa546287a,GEOMETRY_RICH_ROOM,IDEAL_MATCHED,248284635,,0,open3d_point_to_plane
synthetic-confirmatory-v1::2a46be243c2f971c6db51e7458eb488d42a5c2ac3d517ccc10fd466aa546287a::pcl_point_to_plane,synthetic-confirmatory-v1::2a46be243c2f971c6db51e7458eb488d42a5c2ac3d517ccc10fd466aa546287a,GEOMETRY_RICH_ROOM,IDEAL_MATCHED,248284635,,0,pcl_point_to_plane
synthetic-confirmatory-v1::b441411f956ff34e49940125ff58888e99f216f6bebd9a847299eed2d2b593ab::open3d_point_to_plane,synthetic-confirmatory-v1::b441411f956ff34e49940125ff58888e99f216f6bebd9a847299eed2d2b593ab,GEOMETRY_RICH_ROOM,INDEPENDENT_NOISE_FREE,248284635,,0,open3d_point_to_plane
synthetic-confirmatory-v1::b441411f956ff34e49940125ff58888e99f216f6bebd9a847299eed2d2b593ab::pcl_point_to_plane,synthetic-confirmatory-v1::b441411f956ff34e49940125ff58888e99f216f6bebd9a847299eed2d2b593ab,GEOMETRY_RICH_ROOM,INDEPENDENT_NOISE_FREE,248284635,,0,pcl_point_to_plane
synthetic-confirmatory-v1::d3ad96a212205a1554d17333ff2060e3632c0b9fb8bcd6596bb7d64dc9fad338::open3d_point_to_plane,synthetic-confirmatory-v1::d3ad96a212205a1554d17333ff2060e3632c0b9fb8bcd6596bb7d64dc9fad338,GEOMETRY_RICH_ROOM,FULL_NOISE,248284635,469989467,0,open3d_point_to_plane
synthetic-confirmatory-v1::d3ad96a212205a1554d17333ff2060e3632c0b9fb8bcd6596bb7d64dc9fad338::pcl_point_to_plane,synthetic-confirmatory-v1::d3ad96a212205a1554d17333ff2060e3632c0b9fb8bcd6596bb7d64dc9fad338,GEOMETRY_RICH_ROOM,FULL_NOISE,248284635,469989467,0,pcl_point_to_plane
synthetic-confirmatory-v1::ddfda5f8b4b109201b272072234819b1459fe8b2612a8f9620f8bb9f525803f7::open3d_point_to_plane,synthetic-confirmatory-v1::ddfda5f8b4b109201b272072234819b1459fe8b2612a8f9620f8bb9f525803f7,GEOMETRY_RICH_ROOM,FULL_NOISE,248284635,469989467,1,open3d_point_to_plane
synthetic-confirmatory-v1::ddfda5f8b4b109201b272072234819b1459fe8b2612a8f9620f8bb9f525803f7::pcl_point_to_plane,synthetic-confirmatory-v1::ddfda5f8b4b109201b272072234819b1459fe8b2612a8f9620f8bb9f525803f7,GEOMETRY_RICH_ROOM,FULL_NOISE,248284635,469989467,1,pcl_point_to_plane
synthetic-confirmatory-v1::4b5ecc453439bb29db8884390682bec08d8b7734ea5e4cf64137f94dc36d41ee::open3d_point_to_plane,synthetic-confirmatory-v1::4b5ecc453439bb29db8884390682bec08d8b7734ea5e4cf64137f94dc36d41ee,GEOMETRY_RICH_ROOM,FULL_NOISE,248284635,469989467,2,open3d_point_to_plane
synthetic-confirmatory-v1::4b5ecc453439bb29db8884390682bec08d8b7734ea5e4cf64137f94dc36d41ee::pcl_point_to_plane,synthetic-confirmatory-v1::4b5ecc453439bb29db8884390682bec08d8b7734ea5e4cf64137f94dc36d41ee,GEOMETRY_RICH_ROOM,FULL_NOISE,248284635,469989467,2,pcl_point_to_plane
synthetic-confirmatory-v1::2139efad994f1889496edd8666f158e0618d2e7162d799aeb2e93b99f5ce5aa4::open3d_point_to_plane,synthetic-confirmatory-v1::2139efad994f1889496edd8666f158e0618d2e7162d799aeb2e93b99f5ce5aa4,GEOMETRY_RICH_ROOM,FULL_NOISE,248284635,469989467,3,open3d_point_to_plane
synthetic-confirmatory-v1::2139efad994f1889496edd8666f158e0618d2e7162d799aeb2e93b99f5ce5aa4::pcl_point_to_plane,synthetic-confirmatory-v1::2139efad994f1889496edd8666f158e0618d2e7162d799aeb2e93b99f5ce5aa4,GEOMETRY_RICH_ROOM,FULL_NOISE,248284635,469989467,3,pcl_point_to_plane
synthetic-confirmatory-v1::cc173ca4d4611ebf06ba1ceebfb3d4be6b77f1815dd4cb206f2314f965431042::open3d_point_to_plane,synthetic-confirmatory-v1::cc173ca4d4611ebf06ba1ceebfb3d4be6b77f1815dd4cb206f2314f965431042,GEOMETRY_RICH_ROOM,FULL_NOISE,248284635,469989467,4,open3d_point_to_plane
synthetic-confirmatory-v1::cc173ca4d4611ebf06ba1ceebfb3d4be6b77f1815dd4cb206f2314f965431042::pcl_point_to_plane,synthetic-confirmatory-v1::cc173ca4d4611ebf06ba1ceebfb3d4be6b77f1815dd4cb206f2314f965431042,GEOMETRY_RICH_ROOM,FULL_NOISE,248284635,469989467,4,pcl_point_to_plane
synthetic-confirmatory-v1::03b5cca9a210aff835c40b3d891f299302793eb81b38250aa238a51c1fa07308::open3d_point_to_plane,synthetic-confirmatory-v1::03b5cca9a210aff835c40b3d891f299302793eb81b38250aa238a51c1fa07308,GEOMETRY_RICH_ROOM,FULL_NOISE,248284635,1088311622,0,open3d_point_to_plane
synthetic-confirmatory-v1::03b5cca9a210aff835c40b3d891f299302793eb81b38250aa238a51c1fa07308::pcl_point_to_plane,synthetic-confirmatory-v1::03b5cca9a210aff835c40b3d891f299302793eb81b38250aa238a51c1fa07308,GEOMETRY_RICH_ROOM,FULL_NOISE,248284635,1088311622,0,pcl_point_to_plane
synthetic-confirmatory-v1::3e66b11d91c88aa97763c113be14d7a8fb43e892b56fe320602939c9739e0d44::open3d_point_to_plane,synthetic-confirmatory-v1::3e66b11d91c88aa97763c113be14d7a8fb43e892b56fe320602939c9739e0d44,GEOMETRY_RICH_ROOM,FULL_NOISE,248284635,1088311622,1,open3d_point_to_plane
synthetic-confirmatory-v1::3e66b11d91c88aa97763c113be14d7a8fb43e892b56fe320602939c9739e0d44::pcl_point_to_plane,synthetic-confirmatory-v1::3e66b11d91c88aa97763c113be14d7a8fb43e892b56fe320602939c9739e0d44,GEOMETRY_RICH_ROOM,FULL_NOISE,248284635,1088311622,1,pcl_point_to_plane
synthetic-confirmatory-v1::9ea30464dd6e3e97ddc15318b378d9a58f1d8358f46285e07c002df682c08088::open3d_point_to_plane,synthetic-confirmatory-v1::9ea30464dd6e3e97ddc15318b378d9a58f1d8358f46285e07c002df682c08088,GEOMETRY_RICH_ROOM,FULL_NOISE,248284635,1088311622,2,open3d_point_to_plane
synthetic-confirmatory-v1::9ea30464dd6e3e97ddc15318b378d9a58f1d8358f46285e07c002df682c08088::pcl_point_to_plane,synthetic-confirmatory-v1::9ea30464dd6e3e97ddc15318b378d9a58f1d8358f46285e07c002df682c08088,GEOMETRY_RICH_ROOM,FULL_NOISE,248284635,1088311622,2,pcl_point_to_plane
synthetic-confirmatory-v1::1c612f318fe3a64fb6db5da92ab583b2e97ea5d3b66309bb884fe87a53d2b847::open3d_point_to_plane,synthetic-confirmatory-v1::1c612f318fe3a64fb6db5da92ab583b2e97ea5d3b66309bb884fe87a53d2b847,GEOMETRY_RICH_ROOM,FULL_NOISE,248284635,1088311622,3,open3d_point_to_plane
synthetic-confirmatory-v1::1c612f318fe3a64fb6db5da92ab583b2e97ea5d3b66309bb884fe87a53d2b847::pcl_point_to_plane,synthetic-confirmatory-v1::1c612f318fe3a64fb6db5da92ab583b2e97ea5d3b66309bb884fe87a53d2b847,GEOMETRY_RICH_ROOM,FULL_NOISE,248284635,1088311622,3,pcl_point_to_plane
synthetic-confirmatory-v1::63e1d7ddec56e4c30026817723514ec5ff9526bb00199be5b2a628f3ed0d5c15::open3d_point_to_plane,synthetic-confirmatory-v1::63e1d7ddec56e4c30026817723514ec5ff9526bb00199be5b2a628f3ed0d5c15,GEOMETRY_RICH_ROOM,FULL_NOISE,248284635,1088311622,4,open3d_point_to_plane
synthetic-confirmatory-v1::63e1d7ddec56e4c30026817723514ec5ff9526bb00199be5b2a628f3ed0d5c15::pcl_point_to_plane,synthetic-confirmatory-v1::63e1d7ddec56e4c30026817723514ec5ff9526bb00199be5b2a628f3ed0d5c15,GEOMETRY_RICH_ROOM,FULL_NOISE,248284635,1088311622,4,pcl_point_to_plane
synthetic-confirmatory-v1::5f8a65a5d4eb6ed4629462eb8d35855db6057f7d8c0610a0b5a81b2dfacfcfb0::open3d_point_to_plane,synthetic-confirmatory-v1::5f8a65a5d4eb6ed4629462eb8d35855db6057f7d8c0610a0b5a81b2dfacfcfb0,GEOMETRY_RICH_ROOM,FULL_NOISE,248284635,916609326,0,open3d_point_to_plane
synthetic-confirmatory-v1::5f8a65a5d4eb6ed4629462eb8d35855db6057f7d8c0610a0b5a81b2dfacfcfb0::pcl_point_to_plane,synthetic-confirmatory-v1::5f8a65a5d4eb6ed4629462eb8d35855db6057f7d8c0610a0b5a81b2dfacfcfb0,GEOMETRY_RICH_ROOM,FULL_NOISE,248284635,916609326,0,pcl_point_to_plane
synthetic-confirmatory-v1::d29ad4aae0395ac1c4aef6562172b5c04a32558179793b6ed97c31c2aa9301ae::open3d_point_to_plane,synthetic-confirmatory-v1::d29ad4aae0395ac1c4aef6562172b5c04a32558179793b6ed97c31c2aa9301ae,GEOMETRY_RICH_ROOM,FULL_NOISE,248284635,916609326,1,open3d_point_to_plane
synthetic-confirmatory-v1::d29ad4aae0395ac1c4aef6562172b5c04a32558179793b6ed97c31c2aa9301ae::pcl_point_to_plane,synthetic-confirmatory-v1::d29ad4aae0395ac1c4aef6562172b5c04a32558179793b6ed97c31c2aa9301ae,GEOMETRY_RICH_ROOM,FULL_NOISE,248284635,916609326,1,pcl_point_to_plane
synthetic-confirmatory-v1::0ba2489f503b63b957be2e4444bf6826181313963ee09d4670298ea2dbf81d14::open3d_point_to_plane,synthetic-confirmatory-v1::0ba2489f503b63b957be2e4444bf6826181313963ee09d4670298ea2dbf81d14,GEOMETRY_RICH_ROOM,FULL_NOISE,248284635,916609326,2,open3d_point_to_plane
synthetic-confirmatory-v1::0ba2489f503b63b957be2e4444bf6826181313963ee09d4670298ea2dbf81d14::pcl_point_to_plane,synthetic-confirmatory-v1::0ba2489f503b63b957be2e4444bf6826181313963ee09d4670298ea2dbf81d14,GEOMETRY_RICH_ROOM,FULL_NOISE,248284635,916609326,2,pcl_point_to_plane
synthetic-confirmatory-v1::3b2fb0d536b709da86c1b69f566dc83a08a50362050815aa939e9e1332d4e051::open3d_point_to_plane,synthetic-confirmatory-v1::3b2fb0d536b709da86c1b69f566dc83a08a50362050815aa939e9e1332d4e051,GEOMETRY_RICH_ROOM,FULL_NOISE,248284635,916609326,3,open3d_point_to_plane
synthetic-confirmatory-v1::3b2fb0d536b709da86c1b69f566dc83a08a50362050815aa939e9e1332d4e051::pcl_point_to_plane,synthetic-confirmatory-v1::3b2fb0d536b709da86c1b69f566dc83a08a50362050815aa939e9e1332d4e051,GEOMETRY_RICH_ROOM,FULL_NOISE,248284635,916609326,3,pcl_point_to_plane
synthetic-confirmatory-v1::a86315533bf4deb577c2024769e0e0bad23007ef0cb67abc90da3f287c2b8cb9::open3d_point_to_plane,synthetic-confirmatory-v1::a86315533bf4deb577c2024769e0e0bad23007ef0cb67abc90da3f287c2b8cb9,GEOMETRY_RICH_ROOM,FULL_NOISE,248284635,916609326,4,open3d_point_to_plane
synthetic-confirmatory-v1::a86315533bf4deb577c2024769e0e0bad23007ef0cb67abc90da3f287c2b8cb9::pcl_point_to_plane,synthetic-confirmatory-v1::a86315533bf4deb577c2024769e0e0bad23007ef0cb67abc90da3f287c2b8cb9,GEOMETRY_RICH_ROOM,FULL_NOISE,248284635,916609326,4,pcl_point_to_plane
synthetic-confirmatory-v1::4d288ae8b1ad77339425cf4df39b3afce61ad9a595f236aa93a612a3dcaa807d::open3d_point_to_plane,synthetic-confirmatory-v1::4d288ae8b1ad77339425cf4df39b3afce61ad9a595f236aa93a612a3dcaa807d,GEOMETRY_RICH_ROOM,IDEAL_MATCHED,376488233,,0,open3d_point_to_plane
synthetic-confirmatory-v1::4d288ae8b1ad77339425cf4df39b3afce61ad9a595f236aa93a612a3dcaa807d::pcl_point_to_plane,synthetic-confirmatory-v1::4d288ae8b1ad77339425cf4df39b3afce61ad9a595f236aa93a612a3dcaa807d,GEOMETRY_RICH_ROOM,IDEAL_MATCHED,376488233,,0,pcl_point_to_plane
synthetic-confirmatory-v1::360fff0780ee668e6d827b277163b256b7ee18502618c6ae11f5761c48772272::open3d_point_to_plane,synthetic-confirmatory-v1::360fff0780ee668e6d827b277163b256b7ee18502618c6ae11f5761c48772272,GEOMETRY_RICH_ROOM,INDEPENDENT_NOISE_FREE,376488233,,0,open3d_point_to_plane
synthetic-confirmatory-v1::360fff0780ee668e6d827b277163b256b7ee18502618c6ae11f5761c48772272::pcl_point_to_plane,synthetic-confirmatory-v1::360fff0780ee668e6d827b277163b256b7ee18502618c6ae11f5761c48772272,GEOMETRY_RICH_ROOM,INDEPENDENT_NOISE_FREE,376488233,,0,pcl_point_to_plane
synthetic-confirmatory-v1::5d502069e5c70a5ccaf5f1dd77ec4dfc8a21d709cd8d596dad2ca93a5f2ce9b2::open3d_point_to_plane,synthetic-confirmatory-v1::5d502069e5c70a5ccaf5f1dd77ec4dfc8a21d709cd8d596dad2ca93a5f2ce9b2,GEOMETRY_RICH_ROOM,FULL_NOISE,376488233,469989467,0,open3d_point_to_plane
synthetic-confirmatory-v1::5d502069e5c70a5ccaf5f1dd77ec4dfc8a21d709cd8d596dad2ca93a5f2ce9b2::pcl_point_to_plane,synthetic-confirmatory-v1::5d502069e5c70a5ccaf5f1dd77ec4dfc8a21d709cd8d596dad2ca93a5f2ce9b2,GEOMETRY_RICH_ROOM,FULL_NOISE,376488233,469989467,0,pcl_point_to_plane
synthetic-confirmatory-v1::61bf41d710b816a85b1fd38c0260a28ccb5d45b7131095c0277ff9d2a6ed531f::open3d_point_to_plane,synthetic-confirmatory-v1::61bf41d710b816a85b1fd38c0260a28ccb5d45b7131095c0277ff9d2a6ed531f,GEOMETRY_RICH_ROOM,FULL_NOISE,376488233,469989467,1,open3d_point_to_plane
synthetic-confirmatory-v1::61bf41d710b816a85b1fd38c0260a28ccb5d45b7131095c0277ff9d2a6ed531f::pcl_point_to_plane,synthetic-confirmatory-v1::61bf41d710b816a85b1fd38c0260a28ccb5d45b7131095c0277ff9d2a6ed531f,GEOMETRY_RICH_ROOM,FULL_NOISE,376488233,469989467,1,pcl_point_to_plane
synthetic-confirmatory-v1::f7a13259ed89edcd80a04a7a9bd1f68da11712c018d2cefc7df43d3a93fa1ec8::open3d_point_to_plane,synthetic-confirmatory-v1::f7a13259ed89edcd80a04a7a9bd1f68da11712c018d2cefc7df43d3a93fa1ec8,GEOMETRY_RICH_ROOM,FULL_NOISE,376488233,469989467,2,open3d_point_to_plane
synthetic-confirmatory-v1::f7a13259ed89edcd80a04a7a9bd1f68da11712c018d2cefc7df43d3a93fa1ec8::pcl_point_to_plane,synthetic-confirmatory-v1::f7a13259ed89edcd80a04a7a9bd1f68da11712c018d2cefc7df43d3a93fa1ec8,GEOMETRY_RICH_ROOM,FULL_NOISE,376488233,469989467,2,pcl_point_to_plane
synthetic-confirmatory-v1::0dfd426d032b92daedbdca835eac2185d7609ea07eb175a9a9feaa7bc9676196::open3d_point_to_plane,synthetic-confirmatory-v1::0dfd426d032b92daedbdca835eac2185d7609ea07eb175a9a9feaa7bc9676196,GEOMETRY_RICH_ROOM,FULL_NOISE,376488233,469989467,3,open3d_point_to_plane
synthetic-confirmatory-v1::0dfd426d032b92daedbdca835eac2185d7609ea07eb175a9a9feaa7bc9676196::pcl_point_to_plane,synthetic-confirmatory-v1::0dfd426d032b92daedbdca835eac2185d7609ea07eb175a9a9feaa7bc9676196,GEOMETRY_RICH_ROOM,FULL_NOISE,376488233,469989467,3,pcl_point_to_plane
synthetic-confirmatory-v1::60d9754fc4bf4cd58898f5457ab07cd90fe95f1b75bb5b1d5dc80ee5f728980d::open3d_point_to_plane,synthetic-confirmatory-v1::60d9754fc4bf4cd58898f5457ab07cd90fe95f1b75bb5b1d5dc80ee5f728980d,GEOMETRY_RICH_ROOM,FULL_NOISE,376488233,469989467,4,open3d_point_to_plane
synthetic-confirmatory-v1::60d9754fc4bf4cd58898f5457ab07cd90fe95f1b75bb5b1d5dc80ee5f728980d::pcl_point_to_plane,synthetic-confirmatory-v1::60d9754fc4bf4cd58898f5457ab07cd90fe95f1b75bb5b1d5dc80ee5f728980d,GEOMETRY_RICH_ROOM,FULL_NOISE,376488233,469989467,4,pcl_point_to_plane
synthetic-confirmatory-v1::a8e9aa93cdfa0dffee305062d5855c2fa28ffe03f9f71faf3833fd983f800db8::open3d_point_to_plane,synthetic-confirmatory-v1::a8e9aa93cdfa0dffee305062d5855c2fa28ffe03f9f71faf3833fd983f800db8,GEOMETRY_RICH_ROOM,FULL_NOISE,376488233,1088311622,0,open3d_point_to_plane
synthetic-confirmatory-v1::a8e9aa93cdfa0dffee305062d5855c2fa28ffe03f9f71faf3833fd983f800db8::pcl_point_to_plane,synthetic-confirmatory-v1::a8e9aa93cdfa0dffee305062d5855c2fa28ffe03f9f71faf3833fd983f800db8,GEOMETRY_RICH_ROOM,FULL_NOISE,376488233,1088311622,0,pcl_point_to_plane
synthetic-confirmatory-v1::a46d069ae83d42481cd430ce272861c05e983a7bf0a097ec8c170c3a884e5062::open3d_point_to_plane,synthetic-confirmatory-v1::a46d069ae83d42481cd430ce272861c05e983a7bf0a097ec8c170c3a884e5062,GEOMETRY_RICH_ROOM,FULL_NOISE,376488233,1088311622,1,open3d_point_to_plane
synthetic-confirmatory-v1::a46d069ae83d42481cd430ce272861c05e983a7bf0a097ec8c170c3a884e5062::pcl_point_to_plane,synthetic-confirmatory-v1::a46d069ae83d42481cd430ce272861c05e983a7bf0a097ec8c170c3a884e5062,GEOMETRY_RICH_ROOM,FULL_NOISE,376488233,1088311622,1,pcl_point_to_plane
synthetic-confirmatory-v1::41c614775de5503810ba8303d67e2e87af68cc50d777700bfcf2dbf5b9bf43fd::open3d_point_to_plane,synthetic-confirmatory-v1::41c614775de5503810ba8303d67e2e87af68cc50d777700bfcf2dbf5b9bf43fd,GEOMETRY_RICH_ROOM,FULL_NOISE,376488233,1088311622,2,open3d_point_to_plane
synthetic-confirmatory-v1::41c614775de5503810ba8303d67e2e87af68cc50d777700bfcf2dbf5b9bf43fd::pcl_point_to_plane,synthetic-confirmatory-v1::41c614775de5503810ba8303d67e2e87af68cc50d777700bfcf2dbf5b9bf43fd,GEOMETRY_RICH_ROOM,FULL_NOISE,376488233,1088311622,2,pcl_point_to_plane
synthetic-confirmatory-v1::a231e923693b076af7171a527390826396ac0e1835d1e6143de0e82a2f8c3005::open3d_point_to_plane,synthetic-confirmatory-v1::a231e923693b076af7171a527390826396ac0e1835d1e6143de0e82a2f8c3005,GEOMETRY_RICH_ROOM,FULL_NOISE,376488233,1088311622,3,open3d_point_to_plane
synthetic-confirmatory-v1::a231e923693b076af7171a527390826396ac0e1835d1e6143de0e82a2f8c3005::pcl_point_to_plane,synthetic-confirmatory-v1::a231e923693b076af7171a527390826396ac0e1835d1e6143de0e82a2f8c3005,GEOMETRY_RICH_ROOM,FULL_NOISE,376488233,1088311622,3,pcl_point_to_plane
synthetic-confirmatory-v1::c56ec50f3ed34dc9fa17ad3a88f9c7fae73b6b6254d7a7da12b4a79cdd8d3576::open3d_point_to_plane,synthetic-confirmatory-v1::c56ec50f3ed34dc9fa17ad3a88f9c7fae73b6b6254d7a7da12b4a79cdd8d3576,GEOMETRY_RICH_ROOM,FULL_NOISE,376488233,1088311622,4,open3d_point_to_plane
synthetic-confirmatory-v1::c56ec50f3ed34dc9fa17ad3a88f9c7fae73b6b6254d7a7da12b4a79cdd8d3576::pcl_point_to_plane,synthetic-confirmatory-v1::c56ec50f3ed34dc9fa17ad3a88f9c7fae73b6b6254d7a7da12b4a79cdd8d3576,GEOMETRY_RICH_ROOM,FULL_NOISE,376488233,1088311622,4,pcl_point_to_plane
synthetic-confirmatory-v1::303db214f90559cc178ea8353304698f3dac33e1f7ab4ca26655ae360dacbdbe::open3d_point_to_plane,synthetic-confirmatory-v1::303db214f90559cc178ea8353304698f3dac33e1f7ab4ca26655ae360dacbdbe,GEOMETRY_RICH_ROOM,FULL_NOISE,376488233,916609326,0,open3d_point_to_plane
synthetic-confirmatory-v1::303db214f90559cc178ea8353304698f3dac33e1f7ab4ca26655ae360dacbdbe::pcl_point_to_plane,synthetic-confirmatory-v1::303db214f90559cc178ea8353304698f3dac33e1f7ab4ca26655ae360dacbdbe,GEOMETRY_RICH_ROOM,FULL_NOISE,376488233,916609326,0,pcl_point_to_plane
synthetic-confirmatory-v1::15ef6c89cae0821cf88a8a521127a591f169d0125a1d3b2562baf4965865165f::open3d_point_to_plane,synthetic-confirmatory-v1::15ef6c89cae0821cf88a8a521127a591f169d0125a1d3b2562baf4965865165f,GEOMETRY_RICH_ROOM,FULL_NOISE,376488233,916609326,1,open3d_point_to_plane
synthetic-confirmatory-v1::15ef6c89cae0821cf88a8a521127a591f169d0125a1d3b2562baf4965865165f::pcl_point_to_plane,synthetic-confirmatory-v1::15ef6c89cae0821cf88a8a521127a591f169d0125a1d3b2562baf4965865165f,GEOMETRY_RICH_ROOM,FULL_NOISE,376488233,916609326,1,pcl_point_to_plane
synthetic-confirmatory-v1::9c6741c50275bfec51995ad50099b08e47a3a239cef69e710a73d86ec6176ecc::open3d_point_to_plane,synthetic-confirmatory-v1::9c6741c50275bfec51995ad50099b08e47a3a239cef69e710a73d86ec6176ecc,GEOMETRY_RICH_ROOM,FULL_NOISE,376488233,916609326,2,open3d_point_to_plane
synthetic-confirmatory-v1::9c6741c50275bfec51995ad50099b08e47a3a239cef69e710a73d86ec6176ecc::pcl_point_to_plane,synthetic-confirmatory-v1::9c6741c50275bfec51995ad50099b08e47a3a239cef69e710a73d86ec6176ecc,GEOMETRY_RICH_ROOM,FULL_NOISE,376488233,916609326,2,pcl_point_to_plane
synthetic-confirmatory-v1::4340beeea1320646e9429cf1269018c42d96d87a56e25453211bc515034f4ec7::open3d_point_to_plane,synthetic-confirmatory-v1::4340beeea1320646e9429cf1269018c42d96d87a56e25453211bc515034f4ec7,GEOMETRY_RICH_ROOM,FULL_NOISE,376488233,916609326,3,open3d_point_to_plane
synthetic-confirmatory-v1::4340beeea1320646e9429cf1269018c42d96d87a56e25453211bc515034f4ec7::pcl_point_to_plane,synthetic-confirmatory-v1::4340beeea1320646e9429cf1269018c42d96d87a56e25453211bc515034f4ec7,GEOMETRY_RICH_ROOM,FULL_NOISE,376488233,916609326,3,pcl_point_to_plane
synthetic-confirmatory-v1::133e631f427ad1326b52d63735e0ade32af63ff3cdd6b4a72656587eb7864fbb::open3d_point_to_plane,synthetic-confirmatory-v1::133e631f427ad1326b52d63735e0ade32af63ff3cdd6b4a72656587eb7864fbb,GEOMETRY_RICH_ROOM,FULL_NOISE,376488233,916609326,4,open3d_point_to_plane
synthetic-confirmatory-v1::133e631f427ad1326b52d63735e0ade32af63ff3cdd6b4a72656587eb7864fbb::pcl_point_to_plane,synthetic-confirmatory-v1::133e631f427ad1326b52d63735e0ade32af63ff3cdd6b4a72656587eb7864fbb,GEOMETRY_RICH_ROOM,FULL_NOISE,376488233,916609326,4,pcl_point_to_plane
synthetic-confirmatory-v1::0cfc710597dd05f3bd704cf29dad9b9731693595468dcd6613428c9db2741838::open3d_point_to_plane,synthetic-confirmatory-v1::0cfc710597dd05f3bd704cf29dad9b9731693595468dcd6613428c9db2741838,GEOMETRY_RICH_ROOM,IDEAL_MATCHED,198112089,,0,open3d_point_to_plane
synthetic-confirmatory-v1::0cfc710597dd05f3bd704cf29dad9b9731693595468dcd6613428c9db2741838::pcl_point_to_plane,synthetic-confirmatory-v1::0cfc710597dd05f3bd704cf29dad9b9731693595468dcd6613428c9db2741838,GEOMETRY_RICH_ROOM,IDEAL_MATCHED,198112089,,0,pcl_point_to_plane
synthetic-confirmatory-v1::c87109eee16aa2a5805963a03d54ef1d6abff79d0e80182f54daafb1e3e27cec::open3d_point_to_plane,synthetic-confirmatory-v1::c87109eee16aa2a5805963a03d54ef1d6abff79d0e80182f54daafb1e3e27cec,GEOMETRY_RICH_ROOM,INDEPENDENT_NOISE_FREE,198112089,,0,open3d_point_to_plane
synthetic-confirmatory-v1::c87109eee16aa2a5805963a03d54ef1d6abff79d0e80182f54daafb1e3e27cec::pcl_point_to_plane,synthetic-confirmatory-v1::c87109eee16aa2a5805963a03d54ef1d6abff79d0e80182f54daafb1e3e27cec,GEOMETRY_RICH_ROOM,INDEPENDENT_NOISE_FREE,198112089,,0,pcl_point_to_plane
synthetic-confirmatory-v1::b5f4925cdf1088b42fdee506a99f2acbcf139f2b8fb2c272d4a9946a20e3deb2::open3d_point_to_plane,synthetic-confirmatory-v1::b5f4925cdf1088b42fdee506a99f2acbcf139f2b8fb2c272d4a9946a20e3deb2,GEOMETRY_RICH_ROOM,FULL_NOISE,198112089,469989467,0,open3d_point_to_plane
synthetic-confirmatory-v1::b5f4925cdf1088b42fdee506a99f2acbcf139f2b8fb2c272d4a9946a20e3deb2::pcl_point_to_plane,synthetic-confirmatory-v1::b5f4925cdf1088b42fdee506a99f2acbcf139f2b8fb2c272d4a9946a20e3deb2,GEOMETRY_RICH_ROOM,FULL_NOISE,198112089,469989467,0,pcl_point_to_plane
synthetic-confirmatory-v1::61d8af8a9873bc46d7a5eadafd96ba13ca7e5c5744af2d6235e82cf6f65e6471::open3d_point_to_plane,synthetic-confirmatory-v1::61d8af8a9873bc46d7a5eadafd96ba13ca7e5c5744af2d6235e82cf6f65e6471,GEOMETRY_RICH_ROOM,FULL_NOISE,198112089,469989467,1,open3d_point_to_plane
synthetic-confirmatory-v1::61d8af8a9873bc46d7a5eadafd96ba13ca7e5c5744af2d6235e82cf6f65e6471::pcl_point_to_plane,synthetic-confirmatory-v1::61d8af8a9873bc46d7a5eadafd96ba13ca7e5c5744af2d6235e82cf6f65e6471,GEOMETRY_RICH_ROOM,FULL_NOISE,198112089,469989467,1,pcl_point_to_plane
synthetic-confirmatory-v1::cbc289f16abecf8f0452e79cd6afb3823cbd15bc9720bdfd2478a825259a5fab::open3d_point_to_plane,synthetic-confirmatory-v1::cbc289f16abecf8f0452e79cd6afb3823cbd15bc9720bdfd2478a825259a5fab,GEOMETRY_RICH_ROOM,FULL_NOISE,198112089,469989467,2,open3d_point_to_plane
synthetic-confirmatory-v1::cbc289f16abecf8f0452e79cd6afb3823cbd15bc9720bdfd2478a825259a5fab::pcl_point_to_plane,synthetic-confirmatory-v1::cbc289f16abecf8f0452e79cd6afb3823cbd15bc9720bdfd2478a825259a5fab,GEOMETRY_RICH_ROOM,FULL_NOISE,198112089,469989467,2,pcl_point_to_plane
synthetic-confirmatory-v1::581f50560efa860f8ab3935cad96e5ef412dad0097d191919f18bee341a32539::open3d_point_to_plane,synthetic-confirmatory-v1::581f50560efa860f8ab3935cad96e5ef412dad0097d191919f18bee341a32539,GEOMETRY_RICH_ROOM,FULL_NOISE,198112089,469989467,3,open3d_point_to_plane
synthetic-confirmatory-v1::581f50560efa860f8ab3935cad96e5ef412dad0097d191919f18bee341a32539::pcl_point_to_plane,synthetic-confirmatory-v1::581f50560efa860f8ab3935cad96e5ef412dad0097d191919f18bee341a32539,GEOMETRY_RICH_ROOM,FULL_NOISE,198112089,469989467,3,pcl_point_to_plane
synthetic-confirmatory-v1::186a26d1062c80c33c44fbd253ff2a168f5b476f3830ffe07d8259d881d034df::open3d_point_to_plane,synthetic-confirmatory-v1::186a26d1062c80c33c44fbd253ff2a168f5b476f3830ffe07d8259d881d034df,GEOMETRY_RICH_ROOM,FULL_NOISE,198112089,469989467,4,open3d_point_to_plane
synthetic-confirmatory-v1::186a26d1062c80c33c44fbd253ff2a168f5b476f3830ffe07d8259d881d034df::pcl_point_to_plane,synthetic-confirmatory-v1::186a26d1062c80c33c44fbd253ff2a168f5b476f3830ffe07d8259d881d034df,GEOMETRY_RICH_ROOM,FULL_NOISE,198112089,469989467,4,pcl_point_to_plane
synthetic-confirmatory-v1::6e55c090d93b5b14b6829e28c15917bd995afeb8f36ba3ba5f3ef9d6f5cd1607::open3d_point_to_plane,synthetic-confirmatory-v1::6e55c090d93b5b14b6829e28c15917bd995afeb8f36ba3ba5f3ef9d6f5cd1607,GEOMETRY_RICH_ROOM,FULL_NOISE,198112089,1088311622,0,open3d_point_to_plane
synthetic-confirmatory-v1::6e55c090d93b5b14b6829e28c15917bd995afeb8f36ba3ba5f3ef9d6f5cd1607::pcl_point_to_plane,synthetic-confirmatory-v1::6e55c090d93b5b14b6829e28c15917bd995afeb8f36ba3ba5f3ef9d6f5cd1607,GEOMETRY_RICH_ROOM,FULL_NOISE,198112089,1088311622,0,pcl_point_to_plane
synthetic-confirmatory-v1::f51a4c3b6006c64d79eea723d2c9845ba3518684b2f8f7445c1b7056ef1e4bf3::open3d_point_to_plane,synthetic-confirmatory-v1::f51a4c3b6006c64d79eea723d2c9845ba3518684b2f8f7445c1b7056ef1e4bf3,GEOMETRY_RICH_ROOM,FULL_NOISE,198112089,1088311622,1,open3d_point_to_plane
synthetic-confirmatory-v1::f51a4c3b6006c64d79eea723d2c9845ba3518684b2f8f7445c1b7056ef1e4bf3::pcl_point_to_plane,synthetic-confirmatory-v1::f51a4c3b6006c64d79eea723d2c9845ba3518684b2f8f7445c1b7056ef1e4bf3,GEOMETRY_RICH_ROOM,FULL_NOISE,198112089,1088311622,1,pcl_point_to_plane
synthetic-confirmatory-v1::e396a6d90c4e280a14b6d919c742323fb52d97204197aea7623c84cc086c40b9::open3d_point_to_plane,synthetic-confirmatory-v1::e396a6d90c4e280a14b6d919c742323fb52d97204197aea7623c84cc086c40b9,GEOMETRY_RICH_ROOM,FULL_NOISE,198112089,1088311622,2,open3d_point_to_plane
synthetic-confirmatory-v1::e396a6d90c4e280a14b6d919c742323fb52d97204197aea7623c84cc086c40b9::pcl_point_to_plane,synthetic-confirmatory-v1::e396a6d90c4e280a14b6d919c742323fb52d97204197aea7623c84cc086c40b9,GEOMETRY_RICH_ROOM,FULL_NOISE,198112089,1088311622,2,pcl_point_to_plane
synthetic-confirmatory-v1::9e404db5befc0128be44e3cceaa2f44696e5acc094d69252b9cdaf2bcb6314ee::open3d_point_to_plane,synthetic-confirmatory-v1::9e404db5befc0128be44e3cceaa2f44696e5acc094d69252b9cdaf2bcb6314ee,GEOMETRY_RICH_ROOM,FULL_NOISE,198112089,1088311622,3,open3d_point_to_plane
synthetic-confirmatory-v1::9e404db5befc0128be44e3cceaa2f44696e5acc094d69252b9cdaf2bcb6314ee::pcl_point_to_plane,synthetic-confirmatory-v1::9e404db5befc0128be44e3cceaa2f44696e5acc094d69252b9cdaf2bcb6314ee,GEOMETRY_RICH_ROOM,FULL_NOISE,198112089,1088311622,3,pcl_point_to_plane
synthetic-confirmatory-v1::e34ca34829b42ecba6fb5726c653d40a40ac9ea50f026fbe027ebb8066a65b82::open3d_point_to_plane,synthetic-confirmatory-v1::e34ca34829b42ecba6fb5726c653d40a40ac9ea50f026fbe027ebb8066a65b82,GEOMETRY_RICH_ROOM,FULL_NOISE,198112089,1088311622,4,open3d_point_to_plane
synthetic-confirmatory-v1::e34ca34829b42ecba6fb5726c653d40a40ac9ea50f026fbe027ebb8066a65b82::pcl_point_to_plane,synthetic-confirmatory-v1::e34ca34829b42ecba6fb5726c653d40a40ac9ea50f026fbe027ebb8066a65b82,GEOMETRY_RICH_ROOM,FULL_NOISE,198112089,1088311622,4,pcl_point_to_plane
synthetic-confirmatory-v1::d9dfef11bde40a24354786de6ffee0048543aef03d3e8c97f4305b4e910b74ef::open3d_point_to_plane,synthetic-confirmatory-v1::d9dfef11bde40a24354786de6ffee0048543aef03d3e8c97f4305b4e910b74ef,GEOMETRY_RICH_ROOM,FULL_NOISE,198112089,916609326,0,open3d_point_to_plane
synthetic-confirmatory-v1::d9dfef11bde40a24354786de6ffee0048543aef03d3e8c97f4305b4e910b74ef::pcl_point_to_plane,synthetic-confirmatory-v1::d9dfef11bde40a24354786de6ffee0048543aef03d3e8c97f4305b4e910b74ef,GEOMETRY_RICH_ROOM,FULL_NOISE,198112089,916609326,0,pcl_point_to_plane
synthetic-confirmatory-v1::ff815a8ff4b8142f3e76beb9290d1ca512858dd08d1320532f992e13a8a883a4::open3d_point_to_plane,synthetic-confirmatory-v1::ff815a8ff4b8142f3e76beb9290d1ca512858dd08d1320532f992e13a8a883a4,GEOMETRY_RICH_ROOM,FULL_NOISE,198112089,916609326,1,open3d_point_to_plane
synthetic-confirmatory-v1::ff815a8ff4b8142f3e76beb9290d1ca512858dd08d1320532f992e13a8a883a4::pcl_point_to_plane,synthetic-confirmatory-v1::ff815a8ff4b8142f3e76beb9290d1ca512858dd08d1320532f992e13a8a883a4,GEOMETRY_RICH_ROOM,FULL_NOISE,198112089,916609326,1,pcl_point_to_plane
synthetic-confirmatory-v1::2487df34970f8a3c06fd9b5bebd8fc5543b67361bf0129f2f4bd72112e86d9ab::open3d_point_to_plane,synthetic-confirmatory-v1::2487df34970f8a3c06fd9b5bebd8fc5543b67361bf0129f2f4bd72112e86d9ab,GEOMETRY_RICH_ROOM,FULL_NOISE,198112089,916609326,2,open3d_point_to_plane
synthetic-confirmatory-v1::2487df34970f8a3c06fd9b5bebd8fc5543b67361bf0129f2f4bd72112e86d9ab::pcl_point_to_plane,synthetic-confirmatory-v1::2487df34970f8a3c06fd9b5bebd8fc5543b67361bf0129f2f4bd72112e86d9ab,GEOMETRY_RICH_ROOM,FULL_NOISE,198112089,916609326,2,pcl_point_to_plane
synthetic-confirmatory-v1::cefe9b114577910892c7114ebd06b0d5b2dd3327a2fa33e65e97473f098c432c::open3d_point_to_plane,synthetic-confirmatory-v1::cefe9b114577910892c7114ebd06b0d5b2dd3327a2fa33e65e97473f098c432c,GEOMETRY_RICH_ROOM,FULL_NOISE,198112089,916609326,3,open3d_point_to_plane
synthetic-confirmatory-v1::cefe9b114577910892c7114ebd06b0d5b2dd3327a2fa33e65e97473f098c432c::pcl_point_to_plane,synthetic-confirmatory-v1::cefe9b114577910892c7114ebd06b0d5b2dd3327a2fa33e65e97473f098c432c,GEOMETRY_RICH_ROOM,FULL_NOISE,198112089,916609326,3,pcl_point_to_plane
synthetic-confirmatory-v1::12c17bc1e25db4c8edcd6fc8d8f4f87b3bf02fefdca49f502e475dfcd60d3bc2::open3d_point_to_plane,synthetic-confirmatory-v1::12c17bc1e25db4c8edcd6fc8d8f4f87b3bf02fefdca49f502e475dfcd60d3bc2,GEOMETRY_RICH_ROOM,FULL_NOISE,198112089,916609326,4,open3d_point_to_plane
synthetic-confirmatory-v1::12c17bc1e25db4c8edcd6fc8d8f4f87b3bf02fefdca49f502e475dfcd60d3bc2::pcl_point_to_plane,synthetic-confirmatory-v1::12c17bc1e25db4c8edcd6fc8d8f4f87b3bf02fefdca49f502e475dfcd60d3bc2,GEOMETRY_RICH_ROOM,FULL_NOISE,198112089,916609326,4,pcl_point_to_plane
synthetic-confirmatory-v1::ca2043f1b2f97f368a32f0f37db24f6b365ca0e7de23d08d6f3f29a4f5292a56::open3d_point_to_plane,synthetic-confirmatory-v1::ca2043f1b2f97f368a32f0f37db24f6b365ca0e7de23d08d6f3f29a4f5292a56,GEOMETRY_RICH_ROOM,IDEAL_MATCHED,229684695,,0,open3d_point_to_plane
synthetic-confirmatory-v1::ca2043f1b2f97f368a32f0f37db24f6b365ca0e7de23d08d6f3f29a4f5292a56::pcl_point_to_plane,synthetic-confirmatory-v1::ca2043f1b2f97f368a32f0f37db24f6b365ca0e7de23d08d6f3f29a4f5292a56,GEOMETRY_RICH_ROOM,IDEAL_MATCHED,229684695,,0,pcl_point_to_plane
synthetic-confirmatory-v1::c0c0e134481f17bc01ad3824ed8d111e54862656b105c47c6a299569f0bfe9bc::open3d_point_to_plane,synthetic-confirmatory-v1::c0c0e134481f17bc01ad3824ed8d111e54862656b105c47c6a299569f0bfe9bc,GEOMETRY_RICH_ROOM,INDEPENDENT_NOISE_FREE,229684695,,0,open3d_point_to_plane
synthetic-confirmatory-v1::c0c0e134481f17bc01ad3824ed8d111e54862656b105c47c6a299569f0bfe9bc::pcl_point_to_plane,synthetic-confirmatory-v1::c0c0e134481f17bc01ad3824ed8d111e54862656b105c47c6a299569f0bfe9bc,GEOMETRY_RICH_ROOM,INDEPENDENT_NOISE_FREE,229684695,,0,pcl_point_to_plane
synthetic-confirmatory-v1::9a76560615a95bbf42d16486a41ffdd91ecdff3c70374a1a98944710695866e1::open3d_point_to_plane,synthetic-confirmatory-v1::9a76560615a95bbf42d16486a41ffdd91ecdff3c70374a1a98944710695866e1,GEOMETRY_RICH_ROOM,FULL_NOISE,229684695,469989467,0,open3d_point_to_plane
synthetic-confirmatory-v1::9a76560615a95bbf42d16486a41ffdd91ecdff3c70374a1a98944710695866e1::pcl_point_to_plane,synthetic-confirmatory-v1::9a76560615a95bbf42d16486a41ffdd91ecdff3c70374a1a98944710695866e1,GEOMETRY_RICH_ROOM,FULL_NOISE,229684695,469989467,0,pcl_point_to_plane
synthetic-confirmatory-v1::8cd1522f708a23432a334db886d8eeca3452e02bd8c66732d6a3e33e9b83f11d::open3d_point_to_plane,synthetic-confirmatory-v1::8cd1522f708a23432a334db886d8eeca3452e02bd8c66732d6a3e33e9b83f11d,GEOMETRY_RICH_ROOM,FULL_NOISE,229684695,469989467,1,open3d_point_to_plane
synthetic-confirmatory-v1::8cd1522f708a23432a334db886d8eeca3452e02bd8c66732d6a3e33e9b83f11d::pcl_point_to_plane,synthetic-confirmatory-v1::8cd1522f708a23432a334db886d8eeca3452e02bd8c66732d6a3e33e9b83f11d,GEOMETRY_RICH_ROOM,FULL_NOISE,229684695,469989467,1,pcl_point_to_plane
synthetic-confirmatory-v1::905f79698f60f364a49fd0797c03a000709d2b0555577bdd543cbdbaf1dd045f::open3d_point_to_plane,synthetic-confirmatory-v1::905f79698f60f364a49fd0797c03a000709d2b0555577bdd543cbdbaf1dd045f,GEOMETRY_RICH_ROOM,FULL_NOISE,229684695,469989467,2,open3d_point_to_plane
synthetic-confirmatory-v1::905f79698f60f364a49fd0797c03a000709d2b0555577bdd543cbdbaf1dd045f::pcl_point_to_plane,synthetic-confirmatory-v1::905f79698f60f364a49fd0797c03a000709d2b0555577bdd543cbdbaf1dd045f,GEOMETRY_RICH_ROOM,FULL_NOISE,229684695,469989467,2,pcl_point_to_plane
synthetic-confirmatory-v1::9a21dcb0a9ce4e04cc3e44b0a01998abf026cf02a243fd15f06783885fdf038b::open3d_point_to_plane,synthetic-confirmatory-v1::9a21dcb0a9ce4e04cc3e44b0a01998abf026cf02a243fd15f06783885fdf038b,GEOMETRY_RICH_ROOM,FULL_NOISE,229684695,469989467,3,open3d_point_to_plane
synthetic-confirmatory-v1::9a21dcb0a9ce4e04cc3e44b0a01998abf026cf02a243fd15f06783885fdf038b::pcl_point_to_plane,synthetic-confirmatory-v1::9a21dcb0a9ce4e04cc3e44b0a01998abf026cf02a243fd15f06783885fdf038b,GEOMETRY_RICH_ROOM,FULL_NOISE,229684695,469989467,3,pcl_point_to_plane
synthetic-confirmatory-v1::ba9e9ec9ad0cdb8afac2b926c59c0234b27afd89d3b27335f8ab22d31a68a24a::open3d_point_to_plane,synthetic-confirmatory-v1::ba9e9ec9ad0cdb8afac2b926c59c0234b27afd89d3b27335f8ab22d31a68a24a,GEOMETRY_RICH_ROOM,FULL_NOISE,229684695,469989467,4,open3d_point_to_plane
synthetic-confirmatory-v1::ba9e9ec9ad0cdb8afac2b926c59c0234b27afd89d3b27335f8ab22d31a68a24a::pcl_point_to_plane,synthetic-confirmatory-v1::ba9e9ec9ad0cdb8afac2b926c59c0234b27afd89d3b27335f8ab22d31a68a24a,GEOMETRY_RICH_ROOM,FULL_NOISE,229684695,469989467,4,pcl_point_to_plane
synthetic-confirmatory-v1::42d9917c3fbcf7c0e653717e2562abc8e74cd64465c0a5dd8e6a30740949a011::open3d_point_to_plane,synthetic-confirmatory-v1::42d9917c3fbcf7c0e653717e2562abc8e74cd64465c0a5dd8e6a30740949a011,GEOMETRY_RICH_ROOM,FULL_NOISE,229684695,1088311622,0,open3d_point_to_plane
synthetic-confirmatory-v1::42d9917c3fbcf7c0e653717e2562abc8e74cd64465c0a5dd8e6a30740949a011::pcl_point_to_plane,synthetic-confirmatory-v1::42d9917c3fbcf7c0e653717e2562abc8e74cd64465c0a5dd8e6a30740949a011,GEOMETRY_RICH_ROOM,FULL_NOISE,229684695,1088311622,0,pcl_point_to_plane
synthetic-confirmatory-v1::35139882ce9eaea358c53a8d47d56fbdc0083281c4aedaec4487622cadf46c30::open3d_point_to_plane,synthetic-confirmatory-v1::35139882ce9eaea358c53a8d47d56fbdc0083281c4aedaec4487622cadf46c30,GEOMETRY_RICH_ROOM,FULL_NOISE,229684695,1088311622,1,open3d_point_to_plane
synthetic-confirmatory-v1::35139882ce9eaea358c53a8d47d56fbdc0083281c4aedaec4487622cadf46c30::pcl_point_to_plane,synthetic-confirmatory-v1::35139882ce9eaea358c53a8d47d56fbdc0083281c4aedaec4487622cadf46c30,GEOMETRY_RICH_ROOM,FULL_NOISE,229684695,1088311622,1,pcl_point_to_plane
synthetic-confirmatory-v1::e04c08e1b6af575c7db9f51ca71856a15494b341eca0040a85815228547d6e90::open3d_point_to_plane,synthetic-confirmatory-v1::e04c08e1b6af575c7db9f51ca71856a15494b341eca0040a85815228547d6e90,GEOMETRY_RICH_ROOM,FULL_NOISE,229684695,1088311622,2,open3d_point_to_plane
synthetic-confirmatory-v1::e04c08e1b6af575c7db9f51ca71856a15494b341eca0040a85815228547d6e90::pcl_point_to_plane,synthetic-confirmatory-v1::e04c08e1b6af575c7db9f51ca71856a15494b341eca0040a85815228547d6e90,GEOMETRY_RICH_ROOM,FULL_NOISE,229684695,1088311622,2,pcl_point_to_plane
synthetic-confirmatory-v1::c42e09f73304a9730f2b65e7374e1963aa2dcbab15c0bd66a23ef74a4a74ba6b::open3d_point_to_plane,synthetic-confirmatory-v1::c42e09f73304a9730f2b65e7374e1963aa2dcbab15c0bd66a23ef74a4a74ba6b,GEOMETRY_RICH_ROOM,FULL_NOISE,229684695,1088311622,3,open3d_point_to_plane
synthetic-confirmatory-v1::c42e09f73304a9730f2b65e7374e1963aa2dcbab15c0bd66a23ef74a4a74ba6b::pcl_point_to_plane,synthetic-confirmatory-v1::c42e09f73304a9730f2b65e7374e1963aa2dcbab15c0bd66a23ef74a4a74ba6b,GEOMETRY_RICH_ROOM,FULL_NOISE,229684695,1088311622,3,pcl_point_to_plane
synthetic-confirmatory-v1::a551f05b70af7564b25885046dda18350a03fab296c32367cd3bf64c7a5bb77d::open3d_point_to_plane,synthetic-confirmatory-v1::a551f05b70af7564b25885046dda18350a03fab296c32367cd3bf64c7a5bb77d,GEOMETRY_RICH_ROOM,FULL_NOISE,229684695,1088311622,4,open3d_point_to_plane
synthetic-confirmatory-v1::a551f05b70af7564b25885046dda18350a03fab296c32367cd3bf64c7a5bb77d::pcl_point_to_plane,synthetic-confirmatory-v1::a551f05b70af7564b25885046dda18350a03fab296c32367cd3bf64c7a5bb77d,GEOMETRY_RICH_ROOM,FULL_NOISE,229684695,1088311622,4,pcl_point_to_plane
synthetic-confirmatory-v1::8abfc2f275adbb20c60c9365f0f5bb415ed9f81be6af74437066f5373bfc04b3::open3d_point_to_plane,synthetic-confirmatory-v1::8abfc2f275adbb20c60c9365f0f5bb415ed9f81be6af74437066f5373bfc04b3,GEOMETRY_RICH_ROOM,FULL_NOISE,229684695,916609326,0,open3d_point_to_plane
synthetic-confirmatory-v1::8abfc2f275adbb20c60c9365f0f5bb415ed9f81be6af74437066f5373bfc04b3::pcl_point_to_plane,synthetic-confirmatory-v1::8abfc2f275adbb20c60c9365f0f5bb415ed9f81be6af74437066f5373bfc04b3,GEOMETRY_RICH_ROOM,FULL_NOISE,229684695,916609326,0,pcl_point_to_plane
synthetic-confirmatory-v1::fa79eaf7a15fe8480a0b45a58e3eeea6a41cefb3851a9a4949679c868555fe19::open3d_point_to_plane,synthetic-confirmatory-v1::fa79eaf7a15fe8480a0b45a58e3eeea6a41cefb3851a9a4949679c868555fe19,GEOMETRY_RICH_ROOM,FULL_NOISE,229684695,916609326,1,open3d_point_to_plane
synthetic-confirmatory-v1::fa79eaf7a15fe8480a0b45a58e3eeea6a41cefb3851a9a4949679c868555fe19::pcl_point_to_plane,synthetic-confirmatory-v1::fa79eaf7a15fe8480a0b45a58e3eeea6a41cefb3851a9a4949679c868555fe19,GEOMETRY_RICH_ROOM,FULL_NOISE,229684695,916609326,1,pcl_point_to_plane
synthetic-confirmatory-v1::1f225c6fba7ae41fecf04f2e7c12b4b145fc499d0abd77c3ca2b7159ecdb08b0::open3d_point_to_plane,synthetic-confirmatory-v1::1f225c6fba7ae41fecf04f2e7c12b4b145fc499d0abd77c3ca2b7159ecdb08b0,GEOMETRY_RICH_ROOM,FULL_NOISE,229684695,916609326,2,open3d_point_to_plane
synthetic-confirmatory-v1::1f225c6fba7ae41fecf04f2e7c12b4b145fc499d0abd77c3ca2b7159ecdb08b0::pcl_point_to_plane,synthetic-confirmatory-v1::1f225c6fba7ae41fecf04f2e7c12b4b145fc499d0abd77c3ca2b7159ecdb08b0,GEOMETRY_RICH_ROOM,FULL_NOISE,229684695,916609326,2,pcl_point_to_plane
synthetic-confirmatory-v1::d6a33f444db1757add5ad76e4669d637f8f0e832c4a695e3df2a1accadddd3f6::open3d_point_to_plane,synthetic-confirmatory-v1::d6a33f444db1757add5ad76e4669d637f8f0e832c4a695e3df2a1accadddd3f6,GEOMETRY_RICH_ROOM,FULL_NOISE,229684695,916609326,3,open3d_point_to_plane
synthetic-confirmatory-v1::d6a33f444db1757add5ad76e4669d637f8f0e832c4a695e3df2a1accadddd3f6::pcl_point_to_plane,synthetic-confirmatory-v1::d6a33f444db1757add5ad76e4669d637f8f0e832c4a695e3df2a1accadddd3f6,GEOMETRY_RICH_ROOM,FULL_NOISE,229684695,916609326,3,pcl_point_to_plane
synthetic-confirmatory-v1::e3c312c1434633bf2cc777c9ede03295f5b259c4b2252ea3d7024445dcfb5718::open3d_point_to_plane,synthetic-confirmatory-v1::e3c312c1434633bf2cc777c9ede03295f5b259c4b2252ea3d7024445dcfb5718,GEOMETRY_RICH_ROOM,FULL_NOISE,229684695,916609326,4,open3d_point_to_plane
synthetic-confirmatory-v1::e3c312c1434633bf2cc777c9ede03295f5b259c4b2252ea3d7024445dcfb5718::pcl_point_to_plane,synthetic-confirmatory-v1::e3c312c1434633bf2cc777c9ede03295f5b259c4b2252ea3d7024445dcfb5718,GEOMETRY_RICH_ROOM,FULL_NOISE,229684695,916609326,4,pcl_point_to_plane
synthetic-confirmatory-v1::fef64cfd31b202b82f7e2e04dffd41c169007bbb45ee3085f71fa9f3efa63d30::open3d_point_to_plane,synthetic-confirmatory-v1::fef64cfd31b202b82f7e2e04dffd41c169007bbb45ee3085f71fa9f3efa63d30,GEOMETRY_RICH_ROOM,IDEAL_MATCHED,226655024,,0,open3d_point_to_plane
synthetic-confirmatory-v1::fef64cfd31b202b82f7e2e04dffd41c169007bbb45ee3085f71fa9f3efa63d30::pcl_point_to_plane,synthetic-confirmatory-v1::fef64cfd31b202b82f7e2e04dffd41c169007bbb45ee3085f71fa9f3efa63d30,GEOMETRY_RICH_ROOM,IDEAL_MATCHED,226655024,,0,pcl_point_to_plane
synthetic-confirmatory-v1::ca59eb7b0884cef7e1e223abe27ccb61837433c4b6b1fb45e94e56ab526aa3e8::open3d_point_to_plane,synthetic-confirmatory-v1::ca59eb7b0884cef7e1e223abe27ccb61837433c4b6b1fb45e94e56ab526aa3e8,GEOMETRY_RICH_ROOM,INDEPENDENT_NOISE_FREE,226655024,,0,open3d_point_to_plane
synthetic-confirmatory-v1::ca59eb7b0884cef7e1e223abe27ccb61837433c4b6b1fb45e94e56ab526aa3e8::pcl_point_to_plane,synthetic-confirmatory-v1::ca59eb7b0884cef7e1e223abe27ccb61837433c4b6b1fb45e94e56ab526aa3e8,GEOMETRY_RICH_ROOM,INDEPENDENT_NOISE_FREE,226655024,,0,pcl_point_to_plane
synthetic-confirmatory-v1::9e44d88c9bd86591a8d11de74ec8dc8fa4b718b5d540be6b5d7c6aca706e1a86::open3d_point_to_plane,synthetic-confirmatory-v1::9e44d88c9bd86591a8d11de74ec8dc8fa4b718b5d540be6b5d7c6aca706e1a86,GEOMETRY_RICH_ROOM,FULL_NOISE,226655024,469989467,0,open3d_point_to_plane
synthetic-confirmatory-v1::9e44d88c9bd86591a8d11de74ec8dc8fa4b718b5d540be6b5d7c6aca706e1a86::pcl_point_to_plane,synthetic-confirmatory-v1::9e44d88c9bd86591a8d11de74ec8dc8fa4b718b5d540be6b5d7c6aca706e1a86,GEOMETRY_RICH_ROOM,FULL_NOISE,226655024,469989467,0,pcl_point_to_plane
synthetic-confirmatory-v1::1cd9babb8e141097bc4fade68c713aee7a5b8d5cbcacc42e86053ce1126be254::open3d_point_to_plane,synthetic-confirmatory-v1::1cd9babb8e141097bc4fade68c713aee7a5b8d5cbcacc42e86053ce1126be254,GEOMETRY_RICH_ROOM,FULL_NOISE,226655024,469989467,1,open3d_point_to_plane
synthetic-confirmatory-v1::1cd9babb8e141097bc4fade68c713aee7a5b8d5cbcacc42e86053ce1126be254::pcl_point_to_plane,synthetic-confirmatory-v1::1cd9babb8e141097bc4fade68c713aee7a5b8d5cbcacc42e86053ce1126be254,GEOMETRY_RICH_ROOM,FULL_NOISE,226655024,469989467,1,pcl_point_to_plane
synthetic-confirmatory-v1::bc3cab48cceaf738f5590d3099504fe75bfe77733f438761996f85e1ac3bc034::open3d_point_to_plane,synthetic-confirmatory-v1::bc3cab48cceaf738f5590d3099504fe75bfe77733f438761996f85e1ac3bc034,GEOMETRY_RICH_ROOM,FULL_NOISE,226655024,469989467,2,open3d_point_to_plane
synthetic-confirmatory-v1::bc3cab48cceaf738f5590d3099504fe75bfe77733f438761996f85e1ac3bc034::pcl_point_to_plane,synthetic-confirmatory-v1::bc3cab48cceaf738f5590d3099504fe75bfe77733f438761996f85e1ac3bc034,GEOMETRY_RICH_ROOM,FULL_NOISE,226655024,469989467,2,pcl_point_to_plane
synthetic-confirmatory-v1::30624d59537986b25e815018c27e7b2fac6d26d399123a9d7a41eabcd273bdf4::open3d_point_to_plane,synthetic-confirmatory-v1::30624d59537986b25e815018c27e7b2fac6d26d399123a9d7a41eabcd273bdf4,GEOMETRY_RICH_ROOM,FULL_NOISE,226655024,469989467,3,open3d_point_to_plane
synthetic-confirmatory-v1::30624d59537986b25e815018c27e7b2fac6d26d399123a9d7a41eabcd273bdf4::pcl_point_to_plane,synthetic-confirmatory-v1::30624d59537986b25e815018c27e7b2fac6d26d399123a9d7a41eabcd273bdf4,GEOMETRY_RICH_ROOM,FULL_NOISE,226655024,469989467,3,pcl_point_to_plane
synthetic-confirmatory-v1::956c406b3bdcddc4e1ce6fb7e1bcbf34a17dab9a2d27494ebd927c2abd221d66::open3d_point_to_plane,synthetic-confirmatory-v1::956c406b3bdcddc4e1ce6fb7e1bcbf34a17dab9a2d27494ebd927c2abd221d66,GEOMETRY_RICH_ROOM,FULL_NOISE,226655024,469989467,4,open3d_point_to_plane
synthetic-confirmatory-v1::956c406b3bdcddc4e1ce6fb7e1bcbf34a17dab9a2d27494ebd927c2abd221d66::pcl_point_to_plane,synthetic-confirmatory-v1::956c406b3bdcddc4e1ce6fb7e1bcbf34a17dab9a2d27494ebd927c2abd221d66,GEOMETRY_RICH_ROOM,FULL_NOISE,226655024,469989467,4,pcl_point_to_plane
synthetic-confirmatory-v1::fd49baf5d37ccde511750635e9aeda0b8317c89693a4d00536a546109cc1469b::open3d_point_to_plane,synthetic-confirmatory-v1::fd49baf5d37ccde511750635e9aeda0b8317c89693a4d00536a546109cc1469b,GEOMETRY_RICH_ROOM,FULL_NOISE,226655024,1088311622,0,open3d_point_to_plane
synthetic-confirmatory-v1::fd49baf5d37ccde511750635e9aeda0b8317c89693a4d00536a546109cc1469b::pcl_point_to_plane,synthetic-confirmatory-v1::fd49baf5d37ccde511750635e9aeda0b8317c89693a4d00536a546109cc1469b,GEOMETRY_RICH_ROOM,FULL_NOISE,226655024,1088311622,0,pcl_point_to_plane
synthetic-confirmatory-v1::8462749d3cb65422ba362ddae63eaa040a4d539a3eaf0bfd2fee0e2d42811ffa::open3d_point_to_plane,synthetic-confirmatory-v1::8462749d3cb65422ba362ddae63eaa040a4d539a3eaf0bfd2fee0e2d42811ffa,GEOMETRY_RICH_ROOM,FULL_NOISE,226655024,1088311622,1,open3d_point_to_plane
synthetic-confirmatory-v1::8462749d3cb65422ba362ddae63eaa040a4d539a3eaf0bfd2fee0e2d42811ffa::pcl_point_to_plane,synthetic-confirmatory-v1::8462749d3cb65422ba362ddae63eaa040a4d539a3eaf0bfd2fee0e2d42811ffa,GEOMETRY_RICH_ROOM,FULL_NOISE,226655024,1088311622,1,pcl_point_to_plane
synthetic-confirmatory-v1::80f817b15e5faef4ce0a879e04c5869b5136b8942c3ce51bc0df75333f84623a::open3d_point_to_plane,synthetic-confirmatory-v1::80f817b15e5faef4ce0a879e04c5869b5136b8942c3ce51bc0df75333f84623a,GEOMETRY_RICH_ROOM,FULL_NOISE,226655024,1088311622,2,open3d_point_to_plane
synthetic-confirmatory-v1::80f817b15e5faef4ce0a879e04c5869b5136b8942c3ce51bc0df75333f84623a::pcl_point_to_plane,synthetic-confirmatory-v1::80f817b15e5faef4ce0a879e04c5869b5136b8942c3ce51bc0df75333f84623a,GEOMETRY_RICH_ROOM,FULL_NOISE,226655024,1088311622,2,pcl_point_to_plane
synthetic-confirmatory-v1::3f7ea7701f756b76b71a4fa550c6b2062affb7a7f1cb57777f8ae62c78de7713::open3d_point_to_plane,synthetic-confirmatory-v1::3f7ea7701f756b76b71a4fa550c6b2062affb7a7f1cb57777f8ae62c78de7713,GEOMETRY_RICH_ROOM,FULL_NOISE,226655024,1088311622,3,open3d_point_to_plane
synthetic-confirmatory-v1::3f7ea7701f756b76b71a4fa550c6b2062affb7a7f1cb57777f8ae62c78de7713::pcl_point_to_plane,synthetic-confirmatory-v1::3f7ea7701f756b76b71a4fa550c6b2062affb7a7f1cb57777f8ae62c78de7713,GEOMETRY_RICH_ROOM,FULL_NOISE,226655024,1088311622,3,pcl_point_to_plane
synthetic-confirmatory-v1::280dc19635ee7ce39627ee4af7f5777dfd1297e9b5dcfeb09c763dabbb48617a::open3d_point_to_plane,synthetic-confirmatory-v1::280dc19635ee7ce39627ee4af7f5777dfd1297e9b5dcfeb09c763dabbb48617a,GEOMETRY_RICH_ROOM,FULL_NOISE,226655024,1088311622,4,open3d_point_to_plane
synthetic-confirmatory-v1::280dc19635ee7ce39627ee4af7f5777dfd1297e9b5dcfeb09c763dabbb48617a::pcl_point_to_plane,synthetic-confirmatory-v1::280dc19635ee7ce39627ee4af7f5777dfd1297e9b5dcfeb09c763dabbb48617a,GEOMETRY_RICH_ROOM,FULL_NOISE,226655024,1088311622,4,pcl_point_to_plane
synthetic-confirmatory-v1::1c7c3e561272118db5c061056ec050f8a77153296fa97716d82db6a15e0adfa3::open3d_point_to_plane,synthetic-confirmatory-v1::1c7c3e561272118db5c061056ec050f8a77153296fa97716d82db6a15e0adfa3,GEOMETRY_RICH_ROOM,FULL_NOISE,226655024,916609326,0,open3d_point_to_plane
synthetic-confirmatory-v1::1c7c3e561272118db5c061056ec050f8a77153296fa97716d82db6a15e0adfa3::pcl_point_to_plane,synthetic-confirmatory-v1::1c7c3e561272118db5c061056ec050f8a77153296fa97716d82db6a15e0adfa3,GEOMETRY_RICH_ROOM,FULL_NOISE,226655024,916609326,0,pcl_point_to_plane
synthetic-confirmatory-v1::238dcb97506b23205b2888982fc6069077183980308f99525940bed8f5d37635::open3d_point_to_plane,synthetic-confirmatory-v1::238dcb97506b23205b2888982fc6069077183980308f99525940bed8f5d37635,GEOMETRY_RICH_ROOM,FULL_NOISE,226655024,916609326,1,open3d_point_to_plane
synthetic-confirmatory-v1::238dcb97506b23205b2888982fc6069077183980308f99525940bed8f5d37635::pcl_point_to_plane,synthetic-confirmatory-v1::238dcb97506b23205b2888982fc6069077183980308f99525940bed8f5d37635,GEOMETRY_RICH_ROOM,FULL_NOISE,226655024,916609326,1,pcl_point_to_plane
synthetic-confirmatory-v1::600b7b646d51c242b55d22cf130d65bc0115d874f637d8aebf7aa1d13b2d5f2c::open3d_point_to_plane,synthetic-confirmatory-v1::600b7b646d51c242b55d22cf130d65bc0115d874f637d8aebf7aa1d13b2d5f2c,GEOMETRY_RICH_ROOM,FULL_NOISE,226655024,916609326,2,open3d_point_to_plane
synthetic-confirmatory-v1::600b7b646d51c242b55d22cf130d65bc0115d874f637d8aebf7aa1d13b2d5f2c::pcl_point_to_plane,synthetic-confirmatory-v1::600b7b646d51c242b55d22cf130d65bc0115d874f637d8aebf7aa1d13b2d5f2c,GEOMETRY_RICH_ROOM,FULL_NOISE,226655024,916609326,2,pcl_point_to_plane
synthetic-confirmatory-v1::f3b042d7c1360962ebc76c8bc1477a8723292005714edd42c460cdc14378f984::open3d_point_to_plane,synthetic-confirmatory-v1::f3b042d7c1360962ebc76c8bc1477a8723292005714edd42c460cdc14378f984,GEOMETRY_RICH_ROOM,FULL_NOISE,226655024,916609326,3,open3d_point_to_plane
synthetic-confirmatory-v1::f3b042d7c1360962ebc76c8bc1477a8723292005714edd42c460cdc14378f984::pcl_point_to_plane,synthetic-confirmatory-v1::f3b042d7c1360962ebc76c8bc1477a8723292005714edd42c460cdc14378f984,GEOMETRY_RICH_ROOM,FULL_NOISE,226655024,916609326,3,pcl_point_to_plane
synthetic-confirmatory-v1::56ee362d13bed925b2b04bec2c11cded5459dd8f3b1be02f682383d7d8bb05d1::open3d_point_to_plane,synthetic-confirmatory-v1::56ee362d13bed925b2b04bec2c11cded5459dd8f3b1be02f682383d7d8bb05d1,GEOMETRY_RICH_ROOM,FULL_NOISE,226655024,916609326,4,open3d_point_to_plane
synthetic-confirmatory-v1::56ee362d13bed925b2b04bec2c11cded5459dd8f3b1be02f682383d7d8bb05d1::pcl_point_to_plane,synthetic-confirmatory-v1::56ee362d13bed925b2b04bec2c11cded5459dd8f3b1be02f682383d7d8bb05d1,GEOMETRY_RICH_ROOM,FULL_NOISE,226655024,916609326,4,pcl_point_to_plane
synthetic-confirmatory-v1::0603c36df51f5a33d78d8c6f7dc9581877335ce4fffcf535e0b2d89d874e636e::open3d_point_to_plane,synthetic-confirmatory-v1::0603c36df51f5a33d78d8c6f7dc9581877335ce4fffcf535e0b2d89d874e636e,LONG_CORRIDOR,IDEAL_MATCHED,248284635,,0,open3d_point_to_plane
synthetic-confirmatory-v1::0603c36df51f5a33d78d8c6f7dc9581877335ce4fffcf535e0b2d89d874e636e::pcl_point_to_plane,synthetic-confirmatory-v1::0603c36df51f5a33d78d8c6f7dc9581877335ce4fffcf535e0b2d89d874e636e,LONG_CORRIDOR,IDEAL_MATCHED,248284635,,0,pcl_point_to_plane
synthetic-confirmatory-v1::a477a45bb6488f9ccb5417062337f8b329a1290381b47982af3b2fa6d37004bb::open3d_point_to_plane,synthetic-confirmatory-v1::a477a45bb6488f9ccb5417062337f8b329a1290381b47982af3b2fa6d37004bb,LONG_CORRIDOR,INDEPENDENT_NOISE_FREE,248284635,,0,open3d_point_to_plane
synthetic-confirmatory-v1::a477a45bb6488f9ccb5417062337f8b329a1290381b47982af3b2fa6d37004bb::pcl_point_to_plane,synthetic-confirmatory-v1::a477a45bb6488f9ccb5417062337f8b329a1290381b47982af3b2fa6d37004bb,LONG_CORRIDOR,INDEPENDENT_NOISE_FREE,248284635,,0,pcl_point_to_plane
synthetic-confirmatory-v1::a2cac254e2643a96424c2c5baa104361eeca6753e383a65ab43cda81833d7c93::open3d_point_to_plane,synthetic-confirmatory-v1::a2cac254e2643a96424c2c5baa104361eeca6753e383a65ab43cda81833d7c93,LONG_CORRIDOR,FULL_NOISE,248284635,469989467,0,open3d_point_to_plane
synthetic-confirmatory-v1::a2cac254e2643a96424c2c5baa104361eeca6753e383a65ab43cda81833d7c93::pcl_point_to_plane,synthetic-confirmatory-v1::a2cac254e2643a96424c2c5baa104361eeca6753e383a65ab43cda81833d7c93,LONG_CORRIDOR,FULL_NOISE,248284635,469989467,0,pcl_point_to_plane
synthetic-confirmatory-v1::d49bbc1db93ffc8a713e40c87e3c1f0a4da6bc1a991be028cff5ae6c3baea426::open3d_point_to_plane,synthetic-confirmatory-v1::d49bbc1db93ffc8a713e40c87e3c1f0a4da6bc1a991be028cff5ae6c3baea426,LONG_CORRIDOR,FULL_NOISE,248284635,469989467,1,open3d_point_to_plane
synthetic-confirmatory-v1::d49bbc1db93ffc8a713e40c87e3c1f0a4da6bc1a991be028cff5ae6c3baea426::pcl_point_to_plane,synthetic-confirmatory-v1::d49bbc1db93ffc8a713e40c87e3c1f0a4da6bc1a991be028cff5ae6c3baea426,LONG_CORRIDOR,FULL_NOISE,248284635,469989467,1,pcl_point_to_plane
synthetic-confirmatory-v1::d84b9a25e9409e0a6744042a17a569f275bfa974833750833a05e7a2de817458::open3d_point_to_plane,synthetic-confirmatory-v1::d84b9a25e9409e0a6744042a17a569f275bfa974833750833a05e7a2de817458,LONG_CORRIDOR,FULL_NOISE,248284635,469989467,2,open3d_point_to_plane
synthetic-confirmatory-v1::d84b9a25e9409e0a6744042a17a569f275bfa974833750833a05e7a2de817458::pcl_point_to_plane,synthetic-confirmatory-v1::d84b9a25e9409e0a6744042a17a569f275bfa974833750833a05e7a2de817458,LONG_CORRIDOR,FULL_NOISE,248284635,469989467,2,pcl_point_to_plane
synthetic-confirmatory-v1::728bf0da50a8bb42c76c84b64c1dfad08e306e576a0fd34ab70437550d8b8fd1::open3d_point_to_plane,synthetic-confirmatory-v1::728bf0da50a8bb42c76c84b64c1dfad08e306e576a0fd34ab70437550d8b8fd1,LONG_CORRIDOR,FULL_NOISE,248284635,469989467,3,open3d_point_to_plane
synthetic-confirmatory-v1::728bf0da50a8bb42c76c84b64c1dfad08e306e576a0fd34ab70437550d8b8fd1::pcl_point_to_plane,synthetic-confirmatory-v1::728bf0da50a8bb42c76c84b64c1dfad08e306e576a0fd34ab70437550d8b8fd1,LONG_CORRIDOR,FULL_NOISE,248284635,469989467,3,pcl_point_to_plane
synthetic-confirmatory-v1::e23c39f4e1aa7e2b32c228dadf5936a734a71bd885a72239213672ef6677ec39::open3d_point_to_plane,synthetic-confirmatory-v1::e23c39f4e1aa7e2b32c228dadf5936a734a71bd885a72239213672ef6677ec39,LONG_CORRIDOR,FULL_NOISE,248284635,469989467,4,open3d_point_to_plane
synthetic-confirmatory-v1::e23c39f4e1aa7e2b32c228dadf5936a734a71bd885a72239213672ef6677ec39::pcl_point_to_plane,synthetic-confirmatory-v1::e23c39f4e1aa7e2b32c228dadf5936a734a71bd885a72239213672ef6677ec39,LONG_CORRIDOR,FULL_NOISE,248284635,469989467,4,pcl_point_to_plane
synthetic-confirmatory-v1::b0490e38680e110495ff48a1aa73efa72f2e2a21259fa6bc783bfa8b668ea968::open3d_point_to_plane,synthetic-confirmatory-v1::b0490e38680e110495ff48a1aa73efa72f2e2a21259fa6bc783bfa8b668ea968,LONG_CORRIDOR,FULL_NOISE,248284635,1088311622,0,open3d_point_to_plane
synthetic-confirmatory-v1::b0490e38680e110495ff48a1aa73efa72f2e2a21259fa6bc783bfa8b668ea968::pcl_point_to_plane,synthetic-confirmatory-v1::b0490e38680e110495ff48a1aa73efa72f2e2a21259fa6bc783bfa8b668ea968,LONG_CORRIDOR,FULL_NOISE,248284635,1088311622,0,pcl_point_to_plane
synthetic-confirmatory-v1::670132b90dadc7fec1e1c7ec3d95f86cc964f44c0fe9704d9a6b9be3079bf59f::open3d_point_to_plane,synthetic-confirmatory-v1::670132b90dadc7fec1e1c7ec3d95f86cc964f44c0fe9704d9a6b9be3079bf59f,LONG_CORRIDOR,FULL_NOISE,248284635,1088311622,1,open3d_point_to_plane
synthetic-confirmatory-v1::670132b90dadc7fec1e1c7ec3d95f86cc964f44c0fe9704d9a6b9be3079bf59f::pcl_point_to_plane,synthetic-confirmatory-v1::670132b90dadc7fec1e1c7ec3d95f86cc964f44c0fe9704d9a6b9be3079bf59f,LONG_CORRIDOR,FULL_NOISE,248284635,1088311622,1,pcl_point_to_plane
synthetic-confirmatory-v1::1b2929dbc835ae3429b0b3a7b4b6a5d3ab694c93186c5098dd4abe42f74b0dc7::open3d_point_to_plane,synthetic-confirmatory-v1::1b2929dbc835ae3429b0b3a7b4b6a5d3ab694c93186c5098dd4abe42f74b0dc7,LONG_CORRIDOR,FULL_NOISE,248284635,1088311622,2,open3d_point_to_plane
synthetic-confirmatory-v1::1b2929dbc835ae3429b0b3a7b4b6a5d3ab694c93186c5098dd4abe42f74b0dc7::pcl_point_to_plane,synthetic-confirmatory-v1::1b2929dbc835ae3429b0b3a7b4b6a5d3ab694c93186c5098dd4abe42f74b0dc7,LONG_CORRIDOR,FULL_NOISE,248284635,1088311622,2,pcl_point_to_plane
synthetic-confirmatory-v1::4c3514c88840a24658c6c3bac51cf90ea9ced059739bab9d4e3d2d006411abcd::open3d_point_to_plane,synthetic-confirmatory-v1::4c3514c88840a24658c6c3bac51cf90ea9ced059739bab9d4e3d2d006411abcd,LONG_CORRIDOR,FULL_NOISE,248284635,1088311622,3,open3d_point_to_plane
synthetic-confirmatory-v1::4c3514c88840a24658c6c3bac51cf90ea9ced059739bab9d4e3d2d006411abcd::pcl_point_to_plane,synthetic-confirmatory-v1::4c3514c88840a24658c6c3bac51cf90ea9ced059739bab9d4e3d2d006411abcd,LONG_CORRIDOR,FULL_NOISE,248284635,1088311622,3,pcl_point_to_plane
synthetic-confirmatory-v1::7737c2a764cc3af1a5e80fdcba956e32584588914a9d49154fd1faff39cf79c2::open3d_point_to_plane,synthetic-confirmatory-v1::7737c2a764cc3af1a5e80fdcba956e32584588914a9d49154fd1faff39cf79c2,LONG_CORRIDOR,FULL_NOISE,248284635,1088311622,4,open3d_point_to_plane
synthetic-confirmatory-v1::7737c2a764cc3af1a5e80fdcba956e32584588914a9d49154fd1faff39cf79c2::pcl_point_to_plane,synthetic-confirmatory-v1::7737c2a764cc3af1a5e80fdcba956e32584588914a9d49154fd1faff39cf79c2,LONG_CORRIDOR,FULL_NOISE,248284635,1088311622,4,pcl_point_to_plane
synthetic-confirmatory-v1::b7ba4f30089532330ea0d43983f00f06750ad8761dfea1be18275d0691e242f4::open3d_point_to_plane,synthetic-confirmatory-v1::b7ba4f30089532330ea0d43983f00f06750ad8761dfea1be18275d0691e242f4,LONG_CORRIDOR,FULL_NOISE,248284635,916609326,0,open3d_point_to_plane
synthetic-confirmatory-v1::b7ba4f30089532330ea0d43983f00f06750ad8761dfea1be18275d0691e242f4::pcl_point_to_plane,synthetic-confirmatory-v1::b7ba4f30089532330ea0d43983f00f06750ad8761dfea1be18275d0691e242f4,LONG_CORRIDOR,FULL_NOISE,248284635,916609326,0,pcl_point_to_plane
synthetic-confirmatory-v1::b0be21fe792732e8c7178c8de6400744dbe345fccf51d3fbea4655ed3f59e661::open3d_point_to_plane,synthetic-confirmatory-v1::b0be21fe792732e8c7178c8de6400744dbe345fccf51d3fbea4655ed3f59e661,LONG_CORRIDOR,FULL_NOISE,248284635,916609326,1,open3d_point_to_plane
synthetic-confirmatory-v1::b0be21fe792732e8c7178c8de6400744dbe345fccf51d3fbea4655ed3f59e661::pcl_point_to_plane,synthetic-confirmatory-v1::b0be21fe792732e8c7178c8de6400744dbe345fccf51d3fbea4655ed3f59e661,LONG_CORRIDOR,FULL_NOISE,248284635,916609326,1,pcl_point_to_plane
synthetic-confirmatory-v1::facd0245417aa85589e63fc5c87638e5a0ec2a7b1fdbea8b699503ad49fca246::open3d_point_to_plane,synthetic-confirmatory-v1::facd0245417aa85589e63fc5c87638e5a0ec2a7b1fdbea8b699503ad49fca246,LONG_CORRIDOR,FULL_NOISE,248284635,916609326,2,open3d_point_to_plane
synthetic-confirmatory-v1::facd0245417aa85589e63fc5c87638e5a0ec2a7b1fdbea8b699503ad49fca246::pcl_point_to_plane,synthetic-confirmatory-v1::facd0245417aa85589e63fc5c87638e5a0ec2a7b1fdbea8b699503ad49fca246,LONG_CORRIDOR,FULL_NOISE,248284635,916609326,2,pcl_point_to_plane
synthetic-confirmatory-v1::8ba5424c6c10c73ea2a4b760418de0526e9d3fe6df450229076f1ee25aa9a966::open3d_point_to_plane,synthetic-confirmatory-v1::8ba5424c6c10c73ea2a4b760418de0526e9d3fe6df450229076f1ee25aa9a966,LONG_CORRIDOR,FULL_NOISE,248284635,916609326,3,open3d_point_to_plane
synthetic-confirmatory-v1::8ba5424c6c10c73ea2a4b760418de0526e9d3fe6df450229076f1ee25aa9a966::pcl_point_to_plane,synthetic-confirmatory-v1::8ba5424c6c10c73ea2a4b760418de0526e9d3fe6df450229076f1ee25aa9a966,LONG_CORRIDOR,FULL_NOISE,248284635,916609326,3,pcl_point_to_plane
synthetic-confirmatory-v1::b3ad8ea2104e6591bb735dce56f3079a1aba35776a27a7137273a170e61f2d5a::open3d_point_to_plane,synthetic-confirmatory-v1::b3ad8ea2104e6591bb735dce56f3079a1aba35776a27a7137273a170e61f2d5a,LONG_CORRIDOR,FULL_NOISE,248284635,916609326,4,open3d_point_to_plane
synthetic-confirmatory-v1::b3ad8ea2104e6591bb735dce56f3079a1aba35776a27a7137273a170e61f2d5a::pcl_point_to_plane,synthetic-confirmatory-v1::b3ad8ea2104e6591bb735dce56f3079a1aba35776a27a7137273a170e61f2d5a,LONG_CORRIDOR,FULL_NOISE,248284635,916609326,4,pcl_point_to_plane
synthetic-confirmatory-v1::d3cd399fcc67fcfbb7b92b1e1e7db27f5e36348dbda3bedee11fb316d7bbab40::open3d_point_to_plane,synthetic-confirmatory-v1::d3cd399fcc67fcfbb7b92b1e1e7db27f5e36348dbda3bedee11fb316d7bbab40,LONG_CORRIDOR,IDEAL_MATCHED,376488233,,0,open3d_point_to_plane
synthetic-confirmatory-v1::d3cd399fcc67fcfbb7b92b1e1e7db27f5e36348dbda3bedee11fb316d7bbab40::pcl_point_to_plane,synthetic-confirmatory-v1::d3cd399fcc67fcfbb7b92b1e1e7db27f5e36348dbda3bedee11fb316d7bbab40,LONG_CORRIDOR,IDEAL_MATCHED,376488233,,0,pcl_point_to_plane
synthetic-confirmatory-v1::d0fed998ba86ed417ee6f6600b55f312abda5a6e52b45e8a1c6908f7f7948245::open3d_point_to_plane,synthetic-confirmatory-v1::d0fed998ba86ed417ee6f6600b55f312abda5a6e52b45e8a1c6908f7f7948245,LONG_CORRIDOR,INDEPENDENT_NOISE_FREE,376488233,,0,open3d_point_to_plane
synthetic-confirmatory-v1::d0fed998ba86ed417ee6f6600b55f312abda5a6e52b45e8a1c6908f7f7948245::pcl_point_to_plane,synthetic-confirmatory-v1::d0fed998ba86ed417ee6f6600b55f312abda5a6e52b45e8a1c6908f7f7948245,LONG_CORRIDOR,INDEPENDENT_NOISE_FREE,376488233,,0,pcl_point_to_plane
synthetic-confirmatory-v1::15a8a460ef0b1f5e061e076314558fd5826bf76f86c580dab07ee2e0b5d79bb5::open3d_point_to_plane,synthetic-confirmatory-v1::15a8a460ef0b1f5e061e076314558fd5826bf76f86c580dab07ee2e0b5d79bb5,LONG_CORRIDOR,FULL_NOISE,376488233,469989467,0,open3d_point_to_plane
synthetic-confirmatory-v1::15a8a460ef0b1f5e061e076314558fd5826bf76f86c580dab07ee2e0b5d79bb5::pcl_point_to_plane,synthetic-confirmatory-v1::15a8a460ef0b1f5e061e076314558fd5826bf76f86c580dab07ee2e0b5d79bb5,LONG_CORRIDOR,FULL_NOISE,376488233,469989467,0,pcl_point_to_plane
synthetic-confirmatory-v1::8c0f33b716897143ec4ff225c33e76bc8d588efb19f3a8a756503b12127140ec::open3d_point_to_plane,synthetic-confirmatory-v1::8c0f33b716897143ec4ff225c33e76bc8d588efb19f3a8a756503b12127140ec,LONG_CORRIDOR,FULL_NOISE,376488233,469989467,1,open3d_point_to_plane
synthetic-confirmatory-v1::8c0f33b716897143ec4ff225c33e76bc8d588efb19f3a8a756503b12127140ec::pcl_point_to_plane,synthetic-confirmatory-v1::8c0f33b716897143ec4ff225c33e76bc8d588efb19f3a8a756503b12127140ec,LONG_CORRIDOR,FULL_NOISE,376488233,469989467,1,pcl_point_to_plane
synthetic-confirmatory-v1::b912530813aa012eb842ec21c2279a3d35cabec46bf1d9ed578deceef1420506::open3d_point_to_plane,synthetic-confirmatory-v1::b912530813aa012eb842ec21c2279a3d35cabec46bf1d9ed578deceef1420506,LONG_CORRIDOR,FULL_NOISE,376488233,469989467,2,open3d_point_to_plane
synthetic-confirmatory-v1::b912530813aa012eb842ec21c2279a3d35cabec46bf1d9ed578deceef1420506::pcl_point_to_plane,synthetic-confirmatory-v1::b912530813aa012eb842ec21c2279a3d35cabec46bf1d9ed578deceef1420506,LONG_CORRIDOR,FULL_NOISE,376488233,469989467,2,pcl_point_to_plane
synthetic-confirmatory-v1::be3256a5715c1cbad06129c0b63597230c3170a6b56270f66e648c350523730a::open3d_point_to_plane,synthetic-confirmatory-v1::be3256a5715c1cbad06129c0b63597230c3170a6b56270f66e648c350523730a,LONG_CORRIDOR,FULL_NOISE,376488233,469989467,3,open3d_point_to_plane
synthetic-confirmatory-v1::be3256a5715c1cbad06129c0b63597230c3170a6b56270f66e648c350523730a::pcl_point_to_plane,synthetic-confirmatory-v1::be3256a5715c1cbad06129c0b63597230c3170a6b56270f66e648c350523730a,LONG_CORRIDOR,FULL_NOISE,376488233,469989467,3,pcl_point_to_plane
synthetic-confirmatory-v1::afaa2f668087d78acdc8f448b2d90adfbf898219422f66f193fc04e33b173877::open3d_point_to_plane,synthetic-confirmatory-v1::afaa2f668087d78acdc8f448b2d90adfbf898219422f66f193fc04e33b173877,LONG_CORRIDOR,FULL_NOISE,376488233,469989467,4,open3d_point_to_plane
synthetic-confirmatory-v1::afaa2f668087d78acdc8f448b2d90adfbf898219422f66f193fc04e33b173877::pcl_point_to_plane,synthetic-confirmatory-v1::afaa2f668087d78acdc8f448b2d90adfbf898219422f66f193fc04e33b173877,LONG_CORRIDOR,FULL_NOISE,376488233,469989467,4,pcl_point_to_plane
synthetic-confirmatory-v1::ef5d464a32f3fd51074d88f2b7cfc52fa6e5f243bdc7823c585513d08d359034::open3d_point_to_plane,synthetic-confirmatory-v1::ef5d464a32f3fd51074d88f2b7cfc52fa6e5f243bdc7823c585513d08d359034,LONG_CORRIDOR,FULL_NOISE,376488233,1088311622,0,open3d_point_to_plane
synthetic-confirmatory-v1::ef5d464a32f3fd51074d88f2b7cfc52fa6e5f243bdc7823c585513d08d359034::pcl_point_to_plane,synthetic-confirmatory-v1::ef5d464a32f3fd51074d88f2b7cfc52fa6e5f243bdc7823c585513d08d359034,LONG_CORRIDOR,FULL_NOISE,376488233,1088311622,0,pcl_point_to_plane
synthetic-confirmatory-v1::0aa1023de8ab578bfe4806d109b002b7faaae1cea8180393d28340519368d99d::open3d_point_to_plane,synthetic-confirmatory-v1::0aa1023de8ab578bfe4806d109b002b7faaae1cea8180393d28340519368d99d,LONG_CORRIDOR,FULL_NOISE,376488233,1088311622,1,open3d_point_to_plane
synthetic-confirmatory-v1::0aa1023de8ab578bfe4806d109b002b7faaae1cea8180393d28340519368d99d::pcl_point_to_plane,synthetic-confirmatory-v1::0aa1023de8ab578bfe4806d109b002b7faaae1cea8180393d28340519368d99d,LONG_CORRIDOR,FULL_NOISE,376488233,1088311622,1,pcl_point_to_plane
synthetic-confirmatory-v1::4dc043d33c1ebd0e2a2ea60435ef5770226dbce42593707333f5d468de88b56f::open3d_point_to_plane,synthetic-confirmatory-v1::4dc043d33c1ebd0e2a2ea60435ef5770226dbce42593707333f5d468de88b56f,LONG_CORRIDOR,FULL_NOISE,376488233,1088311622,2,open3d_point_to_plane
synthetic-confirmatory-v1::4dc043d33c1ebd0e2a2ea60435ef5770226dbce42593707333f5d468de88b56f::pcl_point_to_plane,synthetic-confirmatory-v1::4dc043d33c1ebd0e2a2ea60435ef5770226dbce42593707333f5d468de88b56f,LONG_CORRIDOR,FULL_NOISE,376488233,1088311622,2,pcl_point_to_plane
synthetic-confirmatory-v1::ee6a43ae9dcffb18cbd73431354d09a52305f81adaf3b49b3641e34bda6fb0e0::open3d_point_to_plane,synthetic-confirmatory-v1::ee6a43ae9dcffb18cbd73431354d09a52305f81adaf3b49b3641e34bda6fb0e0,LONG_CORRIDOR,FULL_NOISE,376488233,1088311622,3,open3d_point_to_plane
synthetic-confirmatory-v1::ee6a43ae9dcffb18cbd73431354d09a52305f81adaf3b49b3641e34bda6fb0e0::pcl_point_to_plane,synthetic-confirmatory-v1::ee6a43ae9dcffb18cbd73431354d09a52305f81adaf3b49b3641e34bda6fb0e0,LONG_CORRIDOR,FULL_NOISE,376488233,1088311622,3,pcl_point_to_plane
synthetic-confirmatory-v1::11bc65724143c699a4f7a25b6b7354276972665188961a261ffa4284c90ace20::open3d_point_to_plane,synthetic-confirmatory-v1::11bc65724143c699a4f7a25b6b7354276972665188961a261ffa4284c90ace20,LONG_CORRIDOR,FULL_NOISE,376488233,1088311622,4,open3d_point_to_plane
synthetic-confirmatory-v1::11bc65724143c699a4f7a25b6b7354276972665188961a261ffa4284c90ace20::pcl_point_to_plane,synthetic-confirmatory-v1::11bc65724143c699a4f7a25b6b7354276972665188961a261ffa4284c90ace20,LONG_CORRIDOR,FULL_NOISE,376488233,1088311622,4,pcl_point_to_plane
synthetic-confirmatory-v1::1c3301904db1acd1b90fd4925bab2ec25777879a46c6948f2f6b285d1d75f3f3::open3d_point_to_plane,synthetic-confirmatory-v1::1c3301904db1acd1b90fd4925bab2ec25777879a46c6948f2f6b285d1d75f3f3,LONG_CORRIDOR,FULL_NOISE,376488233,916609326,0,open3d_point_to_plane
synthetic-confirmatory-v1::1c3301904db1acd1b90fd4925bab2ec25777879a46c6948f2f6b285d1d75f3f3::pcl_point_to_plane,synthetic-confirmatory-v1::1c3301904db1acd1b90fd4925bab2ec25777879a46c6948f2f6b285d1d75f3f3,LONG_CORRIDOR,FULL_NOISE,376488233,916609326,0,pcl_point_to_plane
synthetic-confirmatory-v1::6b849e400da9f74e4ab6e2b6edb51573c2435672d4442372e037ff24f9ff51be::open3d_point_to_plane,synthetic-confirmatory-v1::6b849e400da9f74e4ab6e2b6edb51573c2435672d4442372e037ff24f9ff51be,LONG_CORRIDOR,FULL_NOISE,376488233,916609326,1,open3d_point_to_plane
synthetic-confirmatory-v1::6b849e400da9f74e4ab6e2b6edb51573c2435672d4442372e037ff24f9ff51be::pcl_point_to_plane,synthetic-confirmatory-v1::6b849e400da9f74e4ab6e2b6edb51573c2435672d4442372e037ff24f9ff51be,LONG_CORRIDOR,FULL_NOISE,376488233,916609326,1,pcl_point_to_plane
synthetic-confirmatory-v1::990fca6434817046fe91fb023eefdc0aa53398d5016257a4f693e191812bbf34::open3d_point_to_plane,synthetic-confirmatory-v1::990fca6434817046fe91fb023eefdc0aa53398d5016257a4f693e191812bbf34,LONG_CORRIDOR,FULL_NOISE,376488233,916609326,2,open3d_point_to_plane
synthetic-confirmatory-v1::990fca6434817046fe91fb023eefdc0aa53398d5016257a4f693e191812bbf34::pcl_point_to_plane,synthetic-confirmatory-v1::990fca6434817046fe91fb023eefdc0aa53398d5016257a4f693e191812bbf34,LONG_CORRIDOR,FULL_NOISE,376488233,916609326,2,pcl_point_to_plane
synthetic-confirmatory-v1::eb7059716a75e3eb218a147e74e9649e3851f650cd083653d5b061a464e6ddd1::open3d_point_to_plane,synthetic-confirmatory-v1::eb7059716a75e3eb218a147e74e9649e3851f650cd083653d5b061a464e6ddd1,LONG_CORRIDOR,FULL_NOISE,376488233,916609326,3,open3d_point_to_plane
synthetic-confirmatory-v1::eb7059716a75e3eb218a147e74e9649e3851f650cd083653d5b061a464e6ddd1::pcl_point_to_plane,synthetic-confirmatory-v1::eb7059716a75e3eb218a147e74e9649e3851f650cd083653d5b061a464e6ddd1,LONG_CORRIDOR,FULL_NOISE,376488233,916609326,3,pcl_point_to_plane
synthetic-confirmatory-v1::2af3b572be25de6b95a88ad431406b998703b5ba04ea2de22a5939f7a7891a9f::open3d_point_to_plane,synthetic-confirmatory-v1::2af3b572be25de6b95a88ad431406b998703b5ba04ea2de22a5939f7a7891a9f,LONG_CORRIDOR,FULL_NOISE,376488233,916609326,4,open3d_point_to_plane
synthetic-confirmatory-v1::2af3b572be25de6b95a88ad431406b998703b5ba04ea2de22a5939f7a7891a9f::pcl_point_to_plane,synthetic-confirmatory-v1::2af3b572be25de6b95a88ad431406b998703b5ba04ea2de22a5939f7a7891a9f,LONG_CORRIDOR,FULL_NOISE,376488233,916609326,4,pcl_point_to_plane
synthetic-confirmatory-v1::0e8a60c1a66486c5e332fd0600a6351ef8e9d50124f3d60148f7fe3b69516a0b::open3d_point_to_plane,synthetic-confirmatory-v1::0e8a60c1a66486c5e332fd0600a6351ef8e9d50124f3d60148f7fe3b69516a0b,LONG_CORRIDOR,IDEAL_MATCHED,198112089,,0,open3d_point_to_plane
synthetic-confirmatory-v1::0e8a60c1a66486c5e332fd0600a6351ef8e9d50124f3d60148f7fe3b69516a0b::pcl_point_to_plane,synthetic-confirmatory-v1::0e8a60c1a66486c5e332fd0600a6351ef8e9d50124f3d60148f7fe3b69516a0b,LONG_CORRIDOR,IDEAL_MATCHED,198112089,,0,pcl_point_to_plane
synthetic-confirmatory-v1::6d039cb19364676834aa6f5cfee975e55bf8e6ac486321a7bcac73912940a801::open3d_point_to_plane,synthetic-confirmatory-v1::6d039cb19364676834aa6f5cfee975e55bf8e6ac486321a7bcac73912940a801,LONG_CORRIDOR,INDEPENDENT_NOISE_FREE,198112089,,0,open3d_point_to_plane
synthetic-confirmatory-v1::6d039cb19364676834aa6f5cfee975e55bf8e6ac486321a7bcac73912940a801::pcl_point_to_plane,synthetic-confirmatory-v1::6d039cb19364676834aa6f5cfee975e55bf8e6ac486321a7bcac73912940a801,LONG_CORRIDOR,INDEPENDENT_NOISE_FREE,198112089,,0,pcl_point_to_plane
synthetic-confirmatory-v1::7211256948c65e0abc92dc99e56bc68eb84a8095cabd60cc3a6b73f8f5cf6689::open3d_point_to_plane,synthetic-confirmatory-v1::7211256948c65e0abc92dc99e56bc68eb84a8095cabd60cc3a6b73f8f5cf6689,LONG_CORRIDOR,FULL_NOISE,198112089,469989467,0,open3d_point_to_plane
synthetic-confirmatory-v1::7211256948c65e0abc92dc99e56bc68eb84a8095cabd60cc3a6b73f8f5cf6689::pcl_point_to_plane,synthetic-confirmatory-v1::7211256948c65e0abc92dc99e56bc68eb84a8095cabd60cc3a6b73f8f5cf6689,LONG_CORRIDOR,FULL_NOISE,198112089,469989467,0,pcl_point_to_plane
synthetic-confirmatory-v1::71d110438171c51c22e6c0b578f5007e6ed3cffbb349dab51fc4cca535f423f7::open3d_point_to_plane,synthetic-confirmatory-v1::71d110438171c51c22e6c0b578f5007e6ed3cffbb349dab51fc4cca535f423f7,LONG_CORRIDOR,FULL_NOISE,198112089,469989467,1,open3d_point_to_plane
synthetic-confirmatory-v1::71d110438171c51c22e6c0b578f5007e6ed3cffbb349dab51fc4cca535f423f7::pcl_point_to_plane,synthetic-confirmatory-v1::71d110438171c51c22e6c0b578f5007e6ed3cffbb349dab51fc4cca535f423f7,LONG_CORRIDOR,FULL_NOISE,198112089,469989467,1,pcl_point_to_plane
synthetic-confirmatory-v1::b5c4a15f0c4d410fb1dc46666dd487b9426270ddda0b2aa3002903d04528033f::open3d_point_to_plane,synthetic-confirmatory-v1::b5c4a15f0c4d410fb1dc46666dd487b9426270ddda0b2aa3002903d04528033f,LONG_CORRIDOR,FULL_NOISE,198112089,469989467,2,open3d_point_to_plane
synthetic-confirmatory-v1::b5c4a15f0c4d410fb1dc46666dd487b9426270ddda0b2aa3002903d04528033f::pcl_point_to_plane,synthetic-confirmatory-v1::b5c4a15f0c4d410fb1dc46666dd487b9426270ddda0b2aa3002903d04528033f,LONG_CORRIDOR,FULL_NOISE,198112089,469989467,2,pcl_point_to_plane
synthetic-confirmatory-v1::066a58af7f55a7527af72373cb31910c6991250eeb7d5d7c71172f3d71ec6221::open3d_point_to_plane,synthetic-confirmatory-v1::066a58af7f55a7527af72373cb31910c6991250eeb7d5d7c71172f3d71ec6221,LONG_CORRIDOR,FULL_NOISE,198112089,469989467,3,open3d_point_to_plane
synthetic-confirmatory-v1::066a58af7f55a7527af72373cb31910c6991250eeb7d5d7c71172f3d71ec6221::pcl_point_to_plane,synthetic-confirmatory-v1::066a58af7f55a7527af72373cb31910c6991250eeb7d5d7c71172f3d71ec6221,LONG_CORRIDOR,FULL_NOISE,198112089,469989467,3,pcl_point_to_plane
synthetic-confirmatory-v1::b4c5bb588338705cf723a298602295b19b0df84ec2ae29ac91f00e60761a04d2::open3d_point_to_plane,synthetic-confirmatory-v1::b4c5bb588338705cf723a298602295b19b0df84ec2ae29ac91f00e60761a04d2,LONG_CORRIDOR,FULL_NOISE,198112089,469989467,4,open3d_point_to_plane
synthetic-confirmatory-v1::b4c5bb588338705cf723a298602295b19b0df84ec2ae29ac91f00e60761a04d2::pcl_point_to_plane,synthetic-confirmatory-v1::b4c5bb588338705cf723a298602295b19b0df84ec2ae29ac91f00e60761a04d2,LONG_CORRIDOR,FULL_NOISE,198112089,469989467,4,pcl_point_to_plane
synthetic-confirmatory-v1::8e3be2b2321781c8e6850eb6b69815584455bae1b1c8c7f33b0a18a41207d25b::open3d_point_to_plane,synthetic-confirmatory-v1::8e3be2b2321781c8e6850eb6b69815584455bae1b1c8c7f33b0a18a41207d25b,LONG_CORRIDOR,FULL_NOISE,198112089,1088311622,0,open3d_point_to_plane
synthetic-confirmatory-v1::8e3be2b2321781c8e6850eb6b69815584455bae1b1c8c7f33b0a18a41207d25b::pcl_point_to_plane,synthetic-confirmatory-v1::8e3be2b2321781c8e6850eb6b69815584455bae1b1c8c7f33b0a18a41207d25b,LONG_CORRIDOR,FULL_NOISE,198112089,1088311622,0,pcl_point_to_plane
synthetic-confirmatory-v1::3b6d89760bf8dd56e76817db75f3c56d8d390e3fc21f33e881d0096201248341::open3d_point_to_plane,synthetic-confirmatory-v1::3b6d89760bf8dd56e76817db75f3c56d8d390e3fc21f33e881d0096201248341,LONG_CORRIDOR,FULL_NOISE,198112089,1088311622,1,open3d_point_to_plane
synthetic-confirmatory-v1::3b6d89760bf8dd56e76817db75f3c56d8d390e3fc21f33e881d0096201248341::pcl_point_to_plane,synthetic-confirmatory-v1::3b6d89760bf8dd56e76817db75f3c56d8d390e3fc21f33e881d0096201248341,LONG_CORRIDOR,FULL_NOISE,198112089,1088311622,1,pcl_point_to_plane
synthetic-confirmatory-v1::3994b06f4363a4ba479445735db870585d1a01bd3a04a2ae2ca1f0b9c8cd6d94::open3d_point_to_plane,synthetic-confirmatory-v1::3994b06f4363a4ba479445735db870585d1a01bd3a04a2ae2ca1f0b9c8cd6d94,LONG_CORRIDOR,FULL_NOISE,198112089,1088311622,2,open3d_point_to_plane
synthetic-confirmatory-v1::3994b06f4363a4ba479445735db870585d1a01bd3a04a2ae2ca1f0b9c8cd6d94::pcl_point_to_plane,synthetic-confirmatory-v1::3994b06f4363a4ba479445735db870585d1a01bd3a04a2ae2ca1f0b9c8cd6d94,LONG_CORRIDOR,FULL_NOISE,198112089,1088311622,2,pcl_point_to_plane
synthetic-confirmatory-v1::785db1380f40eeecd54b895570c9736024f9e22339f6348588e6facf2b16a0be::open3d_point_to_plane,synthetic-confirmatory-v1::785db1380f40eeecd54b895570c9736024f9e22339f6348588e6facf2b16a0be,LONG_CORRIDOR,FULL_NOISE,198112089,1088311622,3,open3d_point_to_plane
synthetic-confirmatory-v1::785db1380f40eeecd54b895570c9736024f9e22339f6348588e6facf2b16a0be::pcl_point_to_plane,synthetic-confirmatory-v1::785db1380f40eeecd54b895570c9736024f9e22339f6348588e6facf2b16a0be,LONG_CORRIDOR,FULL_NOISE,198112089,1088311622,3,pcl_point_to_plane
synthetic-confirmatory-v1::76c9ab709f809b73c4fadf97bae22ba1ee15b83a0454c6f38c942496d2d0b3bc::open3d_point_to_plane,synthetic-confirmatory-v1::76c9ab709f809b73c4fadf97bae22ba1ee15b83a0454c6f38c942496d2d0b3bc,LONG_CORRIDOR,FULL_NOISE,198112089,1088311622,4,open3d_point_to_plane
synthetic-confirmatory-v1::76c9ab709f809b73c4fadf97bae22ba1ee15b83a0454c6f38c942496d2d0b3bc::pcl_point_to_plane,synthetic-confirmatory-v1::76c9ab709f809b73c4fadf97bae22ba1ee15b83a0454c6f38c942496d2d0b3bc,LONG_CORRIDOR,FULL_NOISE,198112089,1088311622,4,pcl_point_to_plane
synthetic-confirmatory-v1::1ccdeb8cbce5fe19ca03562d76d021e7e06c0ff1c13e1ec740bcac4d2f6e9c75::open3d_point_to_plane,synthetic-confirmatory-v1::1ccdeb8cbce5fe19ca03562d76d021e7e06c0ff1c13e1ec740bcac4d2f6e9c75,LONG_CORRIDOR,FULL_NOISE,198112089,916609326,0,open3d_point_to_plane
synthetic-confirmatory-v1::1ccdeb8cbce5fe19ca03562d76d021e7e06c0ff1c13e1ec740bcac4d2f6e9c75::pcl_point_to_plane,synthetic-confirmatory-v1::1ccdeb8cbce5fe19ca03562d76d021e7e06c0ff1c13e1ec740bcac4d2f6e9c75,LONG_CORRIDOR,FULL_NOISE,198112089,916609326,0,pcl_point_to_plane
synthetic-confirmatory-v1::36d9b5b7a7d10368c9cff49326ece2166ff1c1f7ec332e5ff29013c8a083fbaf::open3d_point_to_plane,synthetic-confirmatory-v1::36d9b5b7a7d10368c9cff49326ece2166ff1c1f7ec332e5ff29013c8a083fbaf,LONG_CORRIDOR,FULL_NOISE,198112089,916609326,1,open3d_point_to_plane
synthetic-confirmatory-v1::36d9b5b7a7d10368c9cff49326ece2166ff1c1f7ec332e5ff29013c8a083fbaf::pcl_point_to_plane,synthetic-confirmatory-v1::36d9b5b7a7d10368c9cff49326ece2166ff1c1f7ec332e5ff29013c8a083fbaf,LONG_CORRIDOR,FULL_NOISE,198112089,916609326,1,pcl_point_to_plane
synthetic-confirmatory-v1::db37533ee3f73979338f2b96aeef416cf9a1e8d7d3b5576531b8f26298751b86::open3d_point_to_plane,synthetic-confirmatory-v1::db37533ee3f73979338f2b96aeef416cf9a1e8d7d3b5576531b8f26298751b86,LONG_CORRIDOR,FULL_NOISE,198112089,916609326,2,open3d_point_to_plane
synthetic-confirmatory-v1::db37533ee3f73979338f2b96aeef416cf9a1e8d7d3b5576531b8f26298751b86::pcl_point_to_plane,synthetic-confirmatory-v1::db37533ee3f73979338f2b96aeef416cf9a1e8d7d3b5576531b8f26298751b86,LONG_CORRIDOR,FULL_NOISE,198112089,916609326,2,pcl_point_to_plane
synthetic-confirmatory-v1::ebb807f3843774c2d897aea996adeac1f5618602fd6c9bb1cc3230f83eda043b::open3d_point_to_plane,synthetic-confirmatory-v1::ebb807f3843774c2d897aea996adeac1f5618602fd6c9bb1cc3230f83eda043b,LONG_CORRIDOR,FULL_NOISE,198112089,916609326,3,open3d_point_to_plane
synthetic-confirmatory-v1::ebb807f3843774c2d897aea996adeac1f5618602fd6c9bb1cc3230f83eda043b::pcl_point_to_plane,synthetic-confirmatory-v1::ebb807f3843774c2d897aea996adeac1f5618602fd6c9bb1cc3230f83eda043b,LONG_CORRIDOR,FULL_NOISE,198112089,916609326,3,pcl_point_to_plane
synthetic-confirmatory-v1::00c546ebf0a36ac762fcfa19fd94845f5dc06c23fbe5801e1bff06cb02d24fdc::open3d_point_to_plane,synthetic-confirmatory-v1::00c546ebf0a36ac762fcfa19fd94845f5dc06c23fbe5801e1bff06cb02d24fdc,LONG_CORRIDOR,FULL_NOISE,198112089,916609326,4,open3d_point_to_plane
synthetic-confirmatory-v1::00c546ebf0a36ac762fcfa19fd94845f5dc06c23fbe5801e1bff06cb02d24fdc::pcl_point_to_plane,synthetic-confirmatory-v1::00c546ebf0a36ac762fcfa19fd94845f5dc06c23fbe5801e1bff06cb02d24fdc,LONG_CORRIDOR,FULL_NOISE,198112089,916609326,4,pcl_point_to_plane
synthetic-confirmatory-v1::0ac2874ec6f389f09727e92c48c4f7efe5dd2d1c8ba53f82ede00ffb85364381::open3d_point_to_plane,synthetic-confirmatory-v1::0ac2874ec6f389f09727e92c48c4f7efe5dd2d1c8ba53f82ede00ffb85364381,LONG_CORRIDOR,IDEAL_MATCHED,229684695,,0,open3d_point_to_plane
synthetic-confirmatory-v1::0ac2874ec6f389f09727e92c48c4f7efe5dd2d1c8ba53f82ede00ffb85364381::pcl_point_to_plane,synthetic-confirmatory-v1::0ac2874ec6f389f09727e92c48c4f7efe5dd2d1c8ba53f82ede00ffb85364381,LONG_CORRIDOR,IDEAL_MATCHED,229684695,,0,pcl_point_to_plane
synthetic-confirmatory-v1::6788818d01b7f536b368497288c13bfc4cf5e18640a48c91385498d75548403b::open3d_point_to_plane,synthetic-confirmatory-v1::6788818d01b7f536b368497288c13bfc4cf5e18640a48c91385498d75548403b,LONG_CORRIDOR,INDEPENDENT_NOISE_FREE,229684695,,0,open3d_point_to_plane
synthetic-confirmatory-v1::6788818d01b7f536b368497288c13bfc4cf5e18640a48c91385498d75548403b::pcl_point_to_plane,synthetic-confirmatory-v1::6788818d01b7f536b368497288c13bfc4cf5e18640a48c91385498d75548403b,LONG_CORRIDOR,INDEPENDENT_NOISE_FREE,229684695,,0,pcl_point_to_plane
synthetic-confirmatory-v1::fb1c80c1b5d5acb311ec6417f0f8aa99c0220b7f394938d821de0616775fa636::open3d_point_to_plane,synthetic-confirmatory-v1::fb1c80c1b5d5acb311ec6417f0f8aa99c0220b7f394938d821de0616775fa636,LONG_CORRIDOR,FULL_NOISE,229684695,469989467,0,open3d_point_to_plane
synthetic-confirmatory-v1::fb1c80c1b5d5acb311ec6417f0f8aa99c0220b7f394938d821de0616775fa636::pcl_point_to_plane,synthetic-confirmatory-v1::fb1c80c1b5d5acb311ec6417f0f8aa99c0220b7f394938d821de0616775fa636,LONG_CORRIDOR,FULL_NOISE,229684695,469989467,0,pcl_point_to_plane
synthetic-confirmatory-v1::243771c4967576057b2baf3d5b0034e42a3546811b294ae5ecd8febeede5be34::open3d_point_to_plane,synthetic-confirmatory-v1::243771c4967576057b2baf3d5b0034e42a3546811b294ae5ecd8febeede5be34,LONG_CORRIDOR,FULL_NOISE,229684695,469989467,1,open3d_point_to_plane
synthetic-confirmatory-v1::243771c4967576057b2baf3d5b0034e42a3546811b294ae5ecd8febeede5be34::pcl_point_to_plane,synthetic-confirmatory-v1::243771c4967576057b2baf3d5b0034e42a3546811b294ae5ecd8febeede5be34,LONG_CORRIDOR,FULL_NOISE,229684695,469989467,1,pcl_point_to_plane
synthetic-confirmatory-v1::1d443a7aa27fbd02b9aa19adb93c8a88d149b268c5576d45e21f87856af0268a::open3d_point_to_plane,synthetic-confirmatory-v1::1d443a7aa27fbd02b9aa19adb93c8a88d149b268c5576d45e21f87856af0268a,LONG_CORRIDOR,FULL_NOISE,229684695,469989467,2,open3d_point_to_plane
synthetic-confirmatory-v1::1d443a7aa27fbd02b9aa19adb93c8a88d149b268c5576d45e21f87856af0268a::pcl_point_to_plane,synthetic-confirmatory-v1::1d443a7aa27fbd02b9aa19adb93c8a88d149b268c5576d45e21f87856af0268a,LONG_CORRIDOR,FULL_NOISE,229684695,469989467,2,pcl_point_to_plane
synthetic-confirmatory-v1::609a85b47625f8a03053d30cf9f60e7a96d7ad38ad3ea528c1bbba8002f898d0::open3d_point_to_plane,synthetic-confirmatory-v1::609a85b47625f8a03053d30cf9f60e7a96d7ad38ad3ea528c1bbba8002f898d0,LONG_CORRIDOR,FULL_NOISE,229684695,469989467,3,open3d_point_to_plane
synthetic-confirmatory-v1::609a85b47625f8a03053d30cf9f60e7a96d7ad38ad3ea528c1bbba8002f898d0::pcl_point_to_plane,synthetic-confirmatory-v1::609a85b47625f8a03053d30cf9f60e7a96d7ad38ad3ea528c1bbba8002f898d0,LONG_CORRIDOR,FULL_NOISE,229684695,469989467,3,pcl_point_to_plane
synthetic-confirmatory-v1::3defaa79cf599e841e48703593adf716cd953fd8a06da723cd511870780eb135::open3d_point_to_plane,synthetic-confirmatory-v1::3defaa79cf599e841e48703593adf716cd953fd8a06da723cd511870780eb135,LONG_CORRIDOR,FULL_NOISE,229684695,469989467,4,open3d_point_to_plane
synthetic-confirmatory-v1::3defaa79cf599e841e48703593adf716cd953fd8a06da723cd511870780eb135::pcl_point_to_plane,synthetic-confirmatory-v1::3defaa79cf599e841e48703593adf716cd953fd8a06da723cd511870780eb135,LONG_CORRIDOR,FULL_NOISE,229684695,469989467,4,pcl_point_to_plane
synthetic-confirmatory-v1::294bbd6d1d7e5d660d157b1969737db41ff376414e73a9af7a5a0e2fb3e59d57::open3d_point_to_plane,synthetic-confirmatory-v1::294bbd6d1d7e5d660d157b1969737db41ff376414e73a9af7a5a0e2fb3e59d57,LONG_CORRIDOR,FULL_NOISE,229684695,1088311622,0,open3d_point_to_plane
synthetic-confirmatory-v1::294bbd6d1d7e5d660d157b1969737db41ff376414e73a9af7a5a0e2fb3e59d57::pcl_point_to_plane,synthetic-confirmatory-v1::294bbd6d1d7e5d660d157b1969737db41ff376414e73a9af7a5a0e2fb3e59d57,LONG_CORRIDOR,FULL_NOISE,229684695,1088311622,0,pcl_point_to_plane
synthetic-confirmatory-v1::e5398a468a89434e2593ce65febe9f7ec5ef92bba8f10615b1261aa466d69ec8::open3d_point_to_plane,synthetic-confirmatory-v1::e5398a468a89434e2593ce65febe9f7ec5ef92bba8f10615b1261aa466d69ec8,LONG_CORRIDOR,FULL_NOISE,229684695,1088311622,1,open3d_point_to_plane
synthetic-confirmatory-v1::e5398a468a89434e2593ce65febe9f7ec5ef92bba8f10615b1261aa466d69ec8::pcl_point_to_plane,synthetic-confirmatory-v1::e5398a468a89434e2593ce65febe9f7ec5ef92bba8f10615b1261aa466d69ec8,LONG_CORRIDOR,FULL_NOISE,229684695,1088311622,1,pcl_point_to_plane
synthetic-confirmatory-v1::2c62bb4ade4d021a4089827448e9dad9064f8451133094fa3a0350fda4114831::open3d_point_to_plane,synthetic-confirmatory-v1::2c62bb4ade4d021a4089827448e9dad9064f8451133094fa3a0350fda4114831,LONG_CORRIDOR,FULL_NOISE,229684695,1088311622,2,open3d_point_to_plane
synthetic-confirmatory-v1::2c62bb4ade4d021a4089827448e9dad9064f8451133094fa3a0350fda4114831::pcl_point_to_plane,synthetic-confirmatory-v1::2c62bb4ade4d021a4089827448e9dad9064f8451133094fa3a0350fda4114831,LONG_CORRIDOR,FULL_NOISE,229684695,1088311622,2,pcl_point_to_plane
synthetic-confirmatory-v1::0b1995b71bdb881fd6ff47454b5d3d5e7988d59e096ef6fe58bbef1f94d8e476::open3d_point_to_plane,synthetic-confirmatory-v1::0b1995b71bdb881fd6ff47454b5d3d5e7988d59e096ef6fe58bbef1f94d8e476,LONG_CORRIDOR,FULL_NOISE,229684695,1088311622,3,open3d_point_to_plane
synthetic-confirmatory-v1::0b1995b71bdb881fd6ff47454b5d3d5e7988d59e096ef6fe58bbef1f94d8e476::pcl_point_to_plane,synthetic-confirmatory-v1::0b1995b71bdb881fd6ff47454b5d3d5e7988d59e096ef6fe58bbef1f94d8e476,LONG_CORRIDOR,FULL_NOISE,229684695,1088311622,3,pcl_point_to_plane
synthetic-confirmatory-v1::17bf6ef1a7bc5453a9584fd78466838b3a7ccb797c203f7c312d25ad221e959b::open3d_point_to_plane,synthetic-confirmatory-v1::17bf6ef1a7bc5453a9584fd78466838b3a7ccb797c203f7c312d25ad221e959b,LONG_CORRIDOR,FULL_NOISE,229684695,1088311622,4,open3d_point_to_plane
synthetic-confirmatory-v1::17bf6ef1a7bc5453a9584fd78466838b3a7ccb797c203f7c312d25ad221e959b::pcl_point_to_plane,synthetic-confirmatory-v1::17bf6ef1a7bc5453a9584fd78466838b3a7ccb797c203f7c312d25ad221e959b,LONG_CORRIDOR,FULL_NOISE,229684695,1088311622,4,pcl_point_to_plane
synthetic-confirmatory-v1::ef0e4ce8e13ec2c47616a8e0868bfe07ccb23197e3bec4f9343f10dd96e6d7e6::open3d_point_to_plane,synthetic-confirmatory-v1::ef0e4ce8e13ec2c47616a8e0868bfe07ccb23197e3bec4f9343f10dd96e6d7e6,LONG_CORRIDOR,FULL_NOISE,229684695,916609326,0,open3d_point_to_plane
synthetic-confirmatory-v1::ef0e4ce8e13ec2c47616a8e0868bfe07ccb23197e3bec4f9343f10dd96e6d7e6::pcl_point_to_plane,synthetic-confirmatory-v1::ef0e4ce8e13ec2c47616a8e0868bfe07ccb23197e3bec4f9343f10dd96e6d7e6,LONG_CORRIDOR,FULL_NOISE,229684695,916609326,0,pcl_point_to_plane
synthetic-confirmatory-v1::7cdb4d8a875fe55682b47d7e3a183baca39173b9c969d46b57764dc50e046047::open3d_point_to_plane,synthetic-confirmatory-v1::7cdb4d8a875fe55682b47d7e3a183baca39173b9c969d46b57764dc50e046047,LONG_CORRIDOR,FULL_NOISE,229684695,916609326,1,open3d_point_to_plane
synthetic-confirmatory-v1::7cdb4d8a875fe55682b47d7e3a183baca39173b9c969d46b57764dc50e046047::pcl_point_to_plane,synthetic-confirmatory-v1::7cdb4d8a875fe55682b47d7e3a183baca39173b9c969d46b57764dc50e046047,LONG_CORRIDOR,FULL_NOISE,229684695,916609326,1,pcl_point_to_plane
synthetic-confirmatory-v1::3bf2b8c9776ef81cda0377685dbf00cdd8234d46601faaf3e0c51dcd5b2d4c5e::open3d_point_to_plane,synthetic-confirmatory-v1::3bf2b8c9776ef81cda0377685dbf00cdd8234d46601faaf3e0c51dcd5b2d4c5e,LONG_CORRIDOR,FULL_NOISE,229684695,916609326,2,open3d_point_to_plane
synthetic-confirmatory-v1::3bf2b8c9776ef81cda0377685dbf00cdd8234d46601faaf3e0c51dcd5b2d4c5e::pcl_point_to_plane,synthetic-confirmatory-v1::3bf2b8c9776ef81cda0377685dbf00cdd8234d46601faaf3e0c51dcd5b2d4c5e,LONG_CORRIDOR,FULL_NOISE,229684695,916609326,2,pcl_point_to_plane
synthetic-confirmatory-v1::3f85c4faf7ec4ecbf0472965e19b2cee249f1363c291aa53f8a99ce266717eac::open3d_point_to_plane,synthetic-confirmatory-v1::3f85c4faf7ec4ecbf0472965e19b2cee249f1363c291aa53f8a99ce266717eac,LONG_CORRIDOR,FULL_NOISE,229684695,916609326,3,open3d_point_to_plane
synthetic-confirmatory-v1::3f85c4faf7ec4ecbf0472965e19b2cee249f1363c291aa53f8a99ce266717eac::pcl_point_to_plane,synthetic-confirmatory-v1::3f85c4faf7ec4ecbf0472965e19b2cee249f1363c291aa53f8a99ce266717eac,LONG_CORRIDOR,FULL_NOISE,229684695,916609326,3,pcl_point_to_plane
synthetic-confirmatory-v1::44c7eb9b7eb8d393cc2420b8a16743c02563f00445188bb1bb96ec00c90961db::open3d_point_to_plane,synthetic-confirmatory-v1::44c7eb9b7eb8d393cc2420b8a16743c02563f00445188bb1bb96ec00c90961db,LONG_CORRIDOR,FULL_NOISE,229684695,916609326,4,open3d_point_to_plane
synthetic-confirmatory-v1::44c7eb9b7eb8d393cc2420b8a16743c02563f00445188bb1bb96ec00c90961db::pcl_point_to_plane,synthetic-confirmatory-v1::44c7eb9b7eb8d393cc2420b8a16743c02563f00445188bb1bb96ec00c90961db,LONG_CORRIDOR,FULL_NOISE,229684695,916609326,4,pcl_point_to_plane
synthetic-confirmatory-v1::9e344b5723d605f8eb9b38caf25be0814dd20d742275b4bba359f3e5f7a9b26d::open3d_point_to_plane,synthetic-confirmatory-v1::9e344b5723d605f8eb9b38caf25be0814dd20d742275b4bba359f3e5f7a9b26d,LONG_CORRIDOR,IDEAL_MATCHED,226655024,,0,open3d_point_to_plane
synthetic-confirmatory-v1::9e344b5723d605f8eb9b38caf25be0814dd20d742275b4bba359f3e5f7a9b26d::pcl_point_to_plane,synthetic-confirmatory-v1::9e344b5723d605f8eb9b38caf25be0814dd20d742275b4bba359f3e5f7a9b26d,LONG_CORRIDOR,IDEAL_MATCHED,226655024,,0,pcl_point_to_plane
synthetic-confirmatory-v1::9a36585dc48ebd2e6ec28b2fb6bac4e09ec6b46d6082c5841e4daf497b5e1567::open3d_point_to_plane,synthetic-confirmatory-v1::9a36585dc48ebd2e6ec28b2fb6bac4e09ec6b46d6082c5841e4daf497b5e1567,LONG_CORRIDOR,INDEPENDENT_NOISE_FREE,226655024,,0,open3d_point_to_plane
synthetic-confirmatory-v1::9a36585dc48ebd2e6ec28b2fb6bac4e09ec6b46d6082c5841e4daf497b5e1567::pcl_point_to_plane,synthetic-confirmatory-v1::9a36585dc48ebd2e6ec28b2fb6bac4e09ec6b46d6082c5841e4daf497b5e1567,LONG_CORRIDOR,INDEPENDENT_NOISE_FREE,226655024,,0,pcl_point_to_plane
synthetic-confirmatory-v1::4c6dcffd680f402977a737036e5821d1f603b356027307e46395fd1005516149::open3d_point_to_plane,synthetic-confirmatory-v1::4c6dcffd680f402977a737036e5821d1f603b356027307e46395fd1005516149,LONG_CORRIDOR,FULL_NOISE,226655024,469989467,0,open3d_point_to_plane
synthetic-confirmatory-v1::4c6dcffd680f402977a737036e5821d1f603b356027307e46395fd1005516149::pcl_point_to_plane,synthetic-confirmatory-v1::4c6dcffd680f402977a737036e5821d1f603b356027307e46395fd1005516149,LONG_CORRIDOR,FULL_NOISE,226655024,469989467,0,pcl_point_to_plane
synthetic-confirmatory-v1::4cc492d776bf427da5a7dc63e96ad1b1bcee02a2416b8700a058af08f20dddac::open3d_point_to_plane,synthetic-confirmatory-v1::4cc492d776bf427da5a7dc63e96ad1b1bcee02a2416b8700a058af08f20dddac,LONG_CORRIDOR,FULL_NOISE,226655024,469989467,1,open3d_point_to_plane
synthetic-confirmatory-v1::4cc492d776bf427da5a7dc63e96ad1b1bcee02a2416b8700a058af08f20dddac::pcl_point_to_plane,synthetic-confirmatory-v1::4cc492d776bf427da5a7dc63e96ad1b1bcee02a2416b8700a058af08f20dddac,LONG_CORRIDOR,FULL_NOISE,226655024,469989467,1,pcl_point_to_plane
synthetic-confirmatory-v1::9787ebd89e9f183dce38eaceb23db56ac8304f3908aa96602f4bc8f7c4df42e0::open3d_point_to_plane,synthetic-confirmatory-v1::9787ebd89e9f183dce38eaceb23db56ac8304f3908aa96602f4bc8f7c4df42e0,LONG_CORRIDOR,FULL_NOISE,226655024,469989467,2,open3d_point_to_plane
synthetic-confirmatory-v1::9787ebd89e9f183dce38eaceb23db56ac8304f3908aa96602f4bc8f7c4df42e0::pcl_point_to_plane,synthetic-confirmatory-v1::9787ebd89e9f183dce38eaceb23db56ac8304f3908aa96602f4bc8f7c4df42e0,LONG_CORRIDOR,FULL_NOISE,226655024,469989467,2,pcl_point_to_plane
synthetic-confirmatory-v1::0cf8edd1abca9c293980930f3340d5e6656286078e9f5d38e5d591229a9b4249::open3d_point_to_plane,synthetic-confirmatory-v1::0cf8edd1abca9c293980930f3340d5e6656286078e9f5d38e5d591229a9b4249,LONG_CORRIDOR,FULL_NOISE,226655024,469989467,3,open3d_point_to_plane
synthetic-confirmatory-v1::0cf8edd1abca9c293980930f3340d5e6656286078e9f5d38e5d591229a9b4249::pcl_point_to_plane,synthetic-confirmatory-v1::0cf8edd1abca9c293980930f3340d5e6656286078e9f5d38e5d591229a9b4249,LONG_CORRIDOR,FULL_NOISE,226655024,469989467,3,pcl_point_to_plane
synthetic-confirmatory-v1::dc6587f576253e05ae0a11df1d473b4c6e8edf59371c712aaf67eb8c62c6640f::open3d_point_to_plane,synthetic-confirmatory-v1::dc6587f576253e05ae0a11df1d473b4c6e8edf59371c712aaf67eb8c62c6640f,LONG_CORRIDOR,FULL_NOISE,226655024,469989467,4,open3d_point_to_plane
synthetic-confirmatory-v1::dc6587f576253e05ae0a11df1d473b4c6e8edf59371c712aaf67eb8c62c6640f::pcl_point_to_plane,synthetic-confirmatory-v1::dc6587f576253e05ae0a11df1d473b4c6e8edf59371c712aaf67eb8c62c6640f,LONG_CORRIDOR,FULL_NOISE,226655024,469989467,4,pcl_point_to_plane
synthetic-confirmatory-v1::f80fb60c3d1e0a6a265f4946a030f7c6b4f2c68f8e6f4441319f127068be93e3::open3d_point_to_plane,synthetic-confirmatory-v1::f80fb60c3d1e0a6a265f4946a030f7c6b4f2c68f8e6f4441319f127068be93e3,LONG_CORRIDOR,FULL_NOISE,226655024,1088311622,0,open3d_point_to_plane
synthetic-confirmatory-v1::f80fb60c3d1e0a6a265f4946a030f7c6b4f2c68f8e6f4441319f127068be93e3::pcl_point_to_plane,synthetic-confirmatory-v1::f80fb60c3d1e0a6a265f4946a030f7c6b4f2c68f8e6f4441319f127068be93e3,LONG_CORRIDOR,FULL_NOISE,226655024,1088311622,0,pcl_point_to_plane
synthetic-confirmatory-v1::32b00fbaf137a1bbdaf7cc06dd8d486d76bea7c3e310c54733338e331afd2e2c::open3d_point_to_plane,synthetic-confirmatory-v1::32b00fbaf137a1bbdaf7cc06dd8d486d76bea7c3e310c54733338e331afd2e2c,LONG_CORRIDOR,FULL_NOISE,226655024,1088311622,1,open3d_point_to_plane
synthetic-confirmatory-v1::32b00fbaf137a1bbdaf7cc06dd8d486d76bea7c3e310c54733338e331afd2e2c::pcl_point_to_plane,synthetic-confirmatory-v1::32b00fbaf137a1bbdaf7cc06dd8d486d76bea7c3e310c54733338e331afd2e2c,LONG_CORRIDOR,FULL_NOISE,226655024,1088311622,1,pcl_point_to_plane
synthetic-confirmatory-v1::ba9df10866f00ff29b2db6c9e36f0455ecc6b6492fa2d568d3c4550f04bbe7bc::open3d_point_to_plane,synthetic-confirmatory-v1::ba9df10866f00ff29b2db6c9e36f0455ecc6b6492fa2d568d3c4550f04bbe7bc,LONG_CORRIDOR,FULL_NOISE,226655024,1088311622,2,open3d_point_to_plane
synthetic-confirmatory-v1::ba9df10866f00ff29b2db6c9e36f0455ecc6b6492fa2d568d3c4550f04bbe7bc::pcl_point_to_plane,synthetic-confirmatory-v1::ba9df10866f00ff29b2db6c9e36f0455ecc6b6492fa2d568d3c4550f04bbe7bc,LONG_CORRIDOR,FULL_NOISE,226655024,1088311622,2,pcl_point_to_plane
synthetic-confirmatory-v1::599e856c3656d562c5fe3766b55f813b8937f2eb372c4243e1a312f47ee18b20::open3d_point_to_plane,synthetic-confirmatory-v1::599e856c3656d562c5fe3766b55f813b8937f2eb372c4243e1a312f47ee18b20,LONG_CORRIDOR,FULL_NOISE,226655024,1088311622,3,open3d_point_to_plane
synthetic-confirmatory-v1::599e856c3656d562c5fe3766b55f813b8937f2eb372c4243e1a312f47ee18b20::pcl_point_to_plane,synthetic-confirmatory-v1::599e856c3656d562c5fe3766b55f813b8937f2eb372c4243e1a312f47ee18b20,LONG_CORRIDOR,FULL_NOISE,226655024,1088311622,3,pcl_point_to_plane
synthetic-confirmatory-v1::8b2dd49b1905be51502c92c30823d8a96d7599529670a7e6b1c1e88ece0f1137::open3d_point_to_plane,synthetic-confirmatory-v1::8b2dd49b1905be51502c92c30823d8a96d7599529670a7e6b1c1e88ece0f1137,LONG_CORRIDOR,FULL_NOISE,226655024,1088311622,4,open3d_point_to_plane
synthetic-confirmatory-v1::8b2dd49b1905be51502c92c30823d8a96d7599529670a7e6b1c1e88ece0f1137::pcl_point_to_plane,synthetic-confirmatory-v1::8b2dd49b1905be51502c92c30823d8a96d7599529670a7e6b1c1e88ece0f1137,LONG_CORRIDOR,FULL_NOISE,226655024,1088311622,4,pcl_point_to_plane
synthetic-confirmatory-v1::372e06aea9e6333217464d88fa7e260e37727a0d1c35379177f0f7d657cf3758::open3d_point_to_plane,synthetic-confirmatory-v1::372e06aea9e6333217464d88fa7e260e37727a0d1c35379177f0f7d657cf3758,LONG_CORRIDOR,FULL_NOISE,226655024,916609326,0,open3d_point_to_plane
synthetic-confirmatory-v1::372e06aea9e6333217464d88fa7e260e37727a0d1c35379177f0f7d657cf3758::pcl_point_to_plane,synthetic-confirmatory-v1::372e06aea9e6333217464d88fa7e260e37727a0d1c35379177f0f7d657cf3758,LONG_CORRIDOR,FULL_NOISE,226655024,916609326,0,pcl_point_to_plane
synthetic-confirmatory-v1::69b55f4afc053a14d2bad09cfec80c31cc6c7d44f12463ea637c532444f19535::open3d_point_to_plane,synthetic-confirmatory-v1::69b55f4afc053a14d2bad09cfec80c31cc6c7d44f12463ea637c532444f19535,LONG_CORRIDOR,FULL_NOISE,226655024,916609326,1,open3d_point_to_plane
synthetic-confirmatory-v1::69b55f4afc053a14d2bad09cfec80c31cc6c7d44f12463ea637c532444f19535::pcl_point_to_plane,synthetic-confirmatory-v1::69b55f4afc053a14d2bad09cfec80c31cc6c7d44f12463ea637c532444f19535,LONG_CORRIDOR,FULL_NOISE,226655024,916609326,1,pcl_point_to_plane
synthetic-confirmatory-v1::3a082d8cb35212cbad5b3b6e95a003a641f7e9f100d24f24373ea881aeffb319::open3d_point_to_plane,synthetic-confirmatory-v1::3a082d8cb35212cbad5b3b6e95a003a641f7e9f100d24f24373ea881aeffb319,LONG_CORRIDOR,FULL_NOISE,226655024,916609326,2,open3d_point_to_plane
synthetic-confirmatory-v1::3a082d8cb35212cbad5b3b6e95a003a641f7e9f100d24f24373ea881aeffb319::pcl_point_to_plane,synthetic-confirmatory-v1::3a082d8cb35212cbad5b3b6e95a003a641f7e9f100d24f24373ea881aeffb319,LONG_CORRIDOR,FULL_NOISE,226655024,916609326,2,pcl_point_to_plane
synthetic-confirmatory-v1::9c8b51b62e11e56ef4e246d0955f006a34a9ee81869236df03da4facb4ced6ba::open3d_point_to_plane,synthetic-confirmatory-v1::9c8b51b62e11e56ef4e246d0955f006a34a9ee81869236df03da4facb4ced6ba,LONG_CORRIDOR,FULL_NOISE,226655024,916609326,3,open3d_point_to_plane
synthetic-confirmatory-v1::9c8b51b62e11e56ef4e246d0955f006a34a9ee81869236df03da4facb4ced6ba::pcl_point_to_plane,synthetic-confirmatory-v1::9c8b51b62e11e56ef4e246d0955f006a34a9ee81869236df03da4facb4ced6ba,LONG_CORRIDOR,FULL_NOISE,226655024,916609326,3,pcl_point_to_plane
synthetic-confirmatory-v1::003ac036cd7478dd136a2707826fb8d7d93c61d4868772482f259de0578ba4bd::open3d_point_to_plane,synthetic-confirmatory-v1::003ac036cd7478dd136a2707826fb8d7d93c61d4868772482f259de0578ba4bd,LONG_CORRIDOR,FULL_NOISE,226655024,916609326,4,open3d_point_to_plane
synthetic-confirmatory-v1::003ac036cd7478dd136a2707826fb8d7d93c61d4868772482f259de0578ba4bd::pcl_point_to_plane,synthetic-confirmatory-v1::003ac036cd7478dd136a2707826fb8d7d93c61d4868772482f259de0578ba4bd,LONG_CORRIDOR,FULL_NOISE,226655024,916609326,4,pcl_point_to_plane
synthetic-confirmatory-v1::f9ed631b19e33f17f85bf374090b770b95d3c8234c72a3b40220ec1a525ccfef::open3d_point_to_plane,synthetic-confirmatory-v1::f9ed631b19e33f17f85bf374090b770b95d3c8234c72a3b40220ec1a525ccfef,PARALLEL_WALLS,IDEAL_MATCHED,248284635,,0,open3d_point_to_plane
synthetic-confirmatory-v1::f9ed631b19e33f17f85bf374090b770b95d3c8234c72a3b40220ec1a525ccfef::pcl_point_to_plane,synthetic-confirmatory-v1::f9ed631b19e33f17f85bf374090b770b95d3c8234c72a3b40220ec1a525ccfef,PARALLEL_WALLS,IDEAL_MATCHED,248284635,,0,pcl_point_to_plane
synthetic-confirmatory-v1::37f43ae48bd04d2d4b002005362dc0c2959e3d2a75ca719d55609b7ab1d02646::open3d_point_to_plane,synthetic-confirmatory-v1::37f43ae48bd04d2d4b002005362dc0c2959e3d2a75ca719d55609b7ab1d02646,PARALLEL_WALLS,INDEPENDENT_NOISE_FREE,248284635,,0,open3d_point_to_plane
synthetic-confirmatory-v1::37f43ae48bd04d2d4b002005362dc0c2959e3d2a75ca719d55609b7ab1d02646::pcl_point_to_plane,synthetic-confirmatory-v1::37f43ae48bd04d2d4b002005362dc0c2959e3d2a75ca719d55609b7ab1d02646,PARALLEL_WALLS,INDEPENDENT_NOISE_FREE,248284635,,0,pcl_point_to_plane
synthetic-confirmatory-v1::0fa5679f3a66b7930b218b9c20ea6fb2d325bb5bbe4ad03a636a6f8c05a1c128::open3d_point_to_plane,synthetic-confirmatory-v1::0fa5679f3a66b7930b218b9c20ea6fb2d325bb5bbe4ad03a636a6f8c05a1c128,PARALLEL_WALLS,FULL_NOISE,248284635,469989467,0,open3d_point_to_plane
synthetic-confirmatory-v1::0fa5679f3a66b7930b218b9c20ea6fb2d325bb5bbe4ad03a636a6f8c05a1c128::pcl_point_to_plane,synthetic-confirmatory-v1::0fa5679f3a66b7930b218b9c20ea6fb2d325bb5bbe4ad03a636a6f8c05a1c128,PARALLEL_WALLS,FULL_NOISE,248284635,469989467,0,pcl_point_to_plane
synthetic-confirmatory-v1::c5643fd0552af20fb32560fdfaec266240b75b3a4e2dc53b76fcda255341e304::open3d_point_to_plane,synthetic-confirmatory-v1::c5643fd0552af20fb32560fdfaec266240b75b3a4e2dc53b76fcda255341e304,PARALLEL_WALLS,FULL_NOISE,248284635,469989467,1,open3d_point_to_plane
synthetic-confirmatory-v1::c5643fd0552af20fb32560fdfaec266240b75b3a4e2dc53b76fcda255341e304::pcl_point_to_plane,synthetic-confirmatory-v1::c5643fd0552af20fb32560fdfaec266240b75b3a4e2dc53b76fcda255341e304,PARALLEL_WALLS,FULL_NOISE,248284635,469989467,1,pcl_point_to_plane
synthetic-confirmatory-v1::4c666c8a35915a21314bb9e210cde520acedf5ebd858889384abea5388765e02::open3d_point_to_plane,synthetic-confirmatory-v1::4c666c8a35915a21314bb9e210cde520acedf5ebd858889384abea5388765e02,PARALLEL_WALLS,FULL_NOISE,248284635,469989467,2,open3d_point_to_plane
synthetic-confirmatory-v1::4c666c8a35915a21314bb9e210cde520acedf5ebd858889384abea5388765e02::pcl_point_to_plane,synthetic-confirmatory-v1::4c666c8a35915a21314bb9e210cde520acedf5ebd858889384abea5388765e02,PARALLEL_WALLS,FULL_NOISE,248284635,469989467,2,pcl_point_to_plane
synthetic-confirmatory-v1::e2f9196627d9289a5f2a65d2b9de5d84ca6897e79060513fdb2d28f3170f779a::open3d_point_to_plane,synthetic-confirmatory-v1::e2f9196627d9289a5f2a65d2b9de5d84ca6897e79060513fdb2d28f3170f779a,PARALLEL_WALLS,FULL_NOISE,248284635,469989467,3,open3d_point_to_plane
synthetic-confirmatory-v1::e2f9196627d9289a5f2a65d2b9de5d84ca6897e79060513fdb2d28f3170f779a::pcl_point_to_plane,synthetic-confirmatory-v1::e2f9196627d9289a5f2a65d2b9de5d84ca6897e79060513fdb2d28f3170f779a,PARALLEL_WALLS,FULL_NOISE,248284635,469989467,3,pcl_point_to_plane
synthetic-confirmatory-v1::c9a3e8dd54bd22b21b6846b7a80b4162e7391a141ecf4d677e1d6d5c174e65a4::open3d_point_to_plane,synthetic-confirmatory-v1::c9a3e8dd54bd22b21b6846b7a80b4162e7391a141ecf4d677e1d6d5c174e65a4,PARALLEL_WALLS,FULL_NOISE,248284635,469989467,4,open3d_point_to_plane
synthetic-confirmatory-v1::c9a3e8dd54bd22b21b6846b7a80b4162e7391a141ecf4d677e1d6d5c174e65a4::pcl_point_to_plane,synthetic-confirmatory-v1::c9a3e8dd54bd22b21b6846b7a80b4162e7391a141ecf4d677e1d6d5c174e65a4,PARALLEL_WALLS,FULL_NOISE,248284635,469989467,4,pcl_point_to_plane
synthetic-confirmatory-v1::a61a4a1e95f3e06037fe21ccf75583cc5cd7897da4ad450dfe8d9c955de0bd8d::open3d_point_to_plane,synthetic-confirmatory-v1::a61a4a1e95f3e06037fe21ccf75583cc5cd7897da4ad450dfe8d9c955de0bd8d,PARALLEL_WALLS,FULL_NOISE,248284635,1088311622,0,open3d_point_to_plane
synthetic-confirmatory-v1::a61a4a1e95f3e06037fe21ccf75583cc5cd7897da4ad450dfe8d9c955de0bd8d::pcl_point_to_plane,synthetic-confirmatory-v1::a61a4a1e95f3e06037fe21ccf75583cc5cd7897da4ad450dfe8d9c955de0bd8d,PARALLEL_WALLS,FULL_NOISE,248284635,1088311622,0,pcl_point_to_plane
synthetic-confirmatory-v1::74477e89f0a2a0b332dc4b8b5884ee2d0d8e18fff6ffb21320e62b55226d8e1c::open3d_point_to_plane,synthetic-confirmatory-v1::74477e89f0a2a0b332dc4b8b5884ee2d0d8e18fff6ffb21320e62b55226d8e1c,PARALLEL_WALLS,FULL_NOISE,248284635,1088311622,1,open3d_point_to_plane
synthetic-confirmatory-v1::74477e89f0a2a0b332dc4b8b5884ee2d0d8e18fff6ffb21320e62b55226d8e1c::pcl_point_to_plane,synthetic-confirmatory-v1::74477e89f0a2a0b332dc4b8b5884ee2d0d8e18fff6ffb21320e62b55226d8e1c,PARALLEL_WALLS,FULL_NOISE,248284635,1088311622,1,pcl_point_to_plane
synthetic-confirmatory-v1::89957f736629399f560b564eb80ef38604026954fc407d3952ebb6079264e469::open3d_point_to_plane,synthetic-confirmatory-v1::89957f736629399f560b564eb80ef38604026954fc407d3952ebb6079264e469,PARALLEL_WALLS,FULL_NOISE,248284635,1088311622,2,open3d_point_to_plane
synthetic-confirmatory-v1::89957f736629399f560b564eb80ef38604026954fc407d3952ebb6079264e469::pcl_point_to_plane,synthetic-confirmatory-v1::89957f736629399f560b564eb80ef38604026954fc407d3952ebb6079264e469,PARALLEL_WALLS,FULL_NOISE,248284635,1088311622,2,pcl_point_to_plane
synthetic-confirmatory-v1::d3402ff480145ac0bfb8d8ee8d3aa3ca0568e35c7aa1ff004d0bf6f1dddd44ce::open3d_point_to_plane,synthetic-confirmatory-v1::d3402ff480145ac0bfb8d8ee8d3aa3ca0568e35c7aa1ff004d0bf6f1dddd44ce,PARALLEL_WALLS,FULL_NOISE,248284635,1088311622,3,open3d_point_to_plane
synthetic-confirmatory-v1::d3402ff480145ac0bfb8d8ee8d3aa3ca0568e35c7aa1ff004d0bf6f1dddd44ce::pcl_point_to_plane,synthetic-confirmatory-v1::d3402ff480145ac0bfb8d8ee8d3aa3ca0568e35c7aa1ff004d0bf6f1dddd44ce,PARALLEL_WALLS,FULL_NOISE,248284635,1088311622,3,pcl_point_to_plane
synthetic-confirmatory-v1::edcb511bd5023114a3c04f9e74cf03ba4474e9f149125bffa30c0a2c2b86e725::open3d_point_to_plane,synthetic-confirmatory-v1::edcb511bd5023114a3c04f9e74cf03ba4474e9f149125bffa30c0a2c2b86e725,PARALLEL_WALLS,FULL_NOISE,248284635,1088311622,4,open3d_point_to_plane
synthetic-confirmatory-v1::edcb511bd5023114a3c04f9e74cf03ba4474e9f149125bffa30c0a2c2b86e725::pcl_point_to_plane,synthetic-confirmatory-v1::edcb511bd5023114a3c04f9e74cf03ba4474e9f149125bffa30c0a2c2b86e725,PARALLEL_WALLS,FULL_NOISE,248284635,1088311622,4,pcl_point_to_plane
synthetic-confirmatory-v1::6fe73f921ae815e2fa703c53e68b2fdf585581c444e0baa9cf5c193267250b02::open3d_point_to_plane,synthetic-confirmatory-v1::6fe73f921ae815e2fa703c53e68b2fdf585581c444e0baa9cf5c193267250b02,PARALLEL_WALLS,FULL_NOISE,248284635,916609326,0,open3d_point_to_plane
synthetic-confirmatory-v1::6fe73f921ae815e2fa703c53e68b2fdf585581c444e0baa9cf5c193267250b02::pcl_point_to_plane,synthetic-confirmatory-v1::6fe73f921ae815e2fa703c53e68b2fdf585581c444e0baa9cf5c193267250b02,PARALLEL_WALLS,FULL_NOISE,248284635,916609326,0,pcl_point_to_plane
synthetic-confirmatory-v1::077601676799ad4f15562b61fbf638409c29fb145ad31e334ba9d3d7bf19fe42::open3d_point_to_plane,synthetic-confirmatory-v1::077601676799ad4f15562b61fbf638409c29fb145ad31e334ba9d3d7bf19fe42,PARALLEL_WALLS,FULL_NOISE,248284635,916609326,1,open3d_point_to_plane
synthetic-confirmatory-v1::077601676799ad4f15562b61fbf638409c29fb145ad31e334ba9d3d7bf19fe42::pcl_point_to_plane,synthetic-confirmatory-v1::077601676799ad4f15562b61fbf638409c29fb145ad31e334ba9d3d7bf19fe42,PARALLEL_WALLS,FULL_NOISE,248284635,916609326,1,pcl_point_to_plane
synthetic-confirmatory-v1::2cae1fc606412d16c51263d518e8242f182cf1bb4efca38e9b2260a5d6413fa0::open3d_point_to_plane,synthetic-confirmatory-v1::2cae1fc606412d16c51263d518e8242f182cf1bb4efca38e9b2260a5d6413fa0,PARALLEL_WALLS,FULL_NOISE,248284635,916609326,2,open3d_point_to_plane
synthetic-confirmatory-v1::2cae1fc606412d16c51263d518e8242f182cf1bb4efca38e9b2260a5d6413fa0::pcl_point_to_plane,synthetic-confirmatory-v1::2cae1fc606412d16c51263d518e8242f182cf1bb4efca38e9b2260a5d6413fa0,PARALLEL_WALLS,FULL_NOISE,248284635,916609326,2,pcl_point_to_plane
synthetic-confirmatory-v1::7b09d5ed84edd3484df697edd2eeda3b272e724c1bc5ed817bb236c78c8c8c40::open3d_point_to_plane,synthetic-confirmatory-v1::7b09d5ed84edd3484df697edd2eeda3b272e724c1bc5ed817bb236c78c8c8c40,PARALLEL_WALLS,FULL_NOISE,248284635,916609326,3,open3d_point_to_plane
synthetic-confirmatory-v1::7b09d5ed84edd3484df697edd2eeda3b272e724c1bc5ed817bb236c78c8c8c40::pcl_point_to_plane,synthetic-confirmatory-v1::7b09d5ed84edd3484df697edd2eeda3b272e724c1bc5ed817bb236c78c8c8c40,PARALLEL_WALLS,FULL_NOISE,248284635,916609326,3,pcl_point_to_plane
synthetic-confirmatory-v1::e6df68db179fcc82abfc5e835c0d3c9a77dd994c6092f6f6699c1d0d792e8677::open3d_point_to_plane,synthetic-confirmatory-v1::e6df68db179fcc82abfc5e835c0d3c9a77dd994c6092f6f6699c1d0d792e8677,PARALLEL_WALLS,FULL_NOISE,248284635,916609326,4,open3d_point_to_plane
synthetic-confirmatory-v1::e6df68db179fcc82abfc5e835c0d3c9a77dd994c6092f6f6699c1d0d792e8677::pcl_point_to_plane,synthetic-confirmatory-v1::e6df68db179fcc82abfc5e835c0d3c9a77dd994c6092f6f6699c1d0d792e8677,PARALLEL_WALLS,FULL_NOISE,248284635,916609326,4,pcl_point_to_plane
synthetic-confirmatory-v1::611fdd6375126b556b83aaee21c07f6195ec8eabd9691e2cd6bd903487a29b18::open3d_point_to_plane,synthetic-confirmatory-v1::611fdd6375126b556b83aaee21c07f6195ec8eabd9691e2cd6bd903487a29b18,PARALLEL_WALLS,IDEAL_MATCHED,376488233,,0,open3d_point_to_plane
synthetic-confirmatory-v1::611fdd6375126b556b83aaee21c07f6195ec8eabd9691e2cd6bd903487a29b18::pcl_point_to_plane,synthetic-confirmatory-v1::611fdd6375126b556b83aaee21c07f6195ec8eabd9691e2cd6bd903487a29b18,PARALLEL_WALLS,IDEAL_MATCHED,376488233,,0,pcl_point_to_plane
synthetic-confirmatory-v1::103522f7e78cd144cb8f3d3a2ce03b40a78dd0d928f01445e7100e9561487f61::open3d_point_to_plane,synthetic-confirmatory-v1::103522f7e78cd144cb8f3d3a2ce03b40a78dd0d928f01445e7100e9561487f61,PARALLEL_WALLS,INDEPENDENT_NOISE_FREE,376488233,,0,open3d_point_to_plane
synthetic-confirmatory-v1::103522f7e78cd144cb8f3d3a2ce03b40a78dd0d928f01445e7100e9561487f61::pcl_point_to_plane,synthetic-confirmatory-v1::103522f7e78cd144cb8f3d3a2ce03b40a78dd0d928f01445e7100e9561487f61,PARALLEL_WALLS,INDEPENDENT_NOISE_FREE,376488233,,0,pcl_point_to_plane
synthetic-confirmatory-v1::53eec1220f8121bf68f90263de72e3b5fdc17bb7cfbf63529423f6d77f199c65::open3d_point_to_plane,synthetic-confirmatory-v1::53eec1220f8121bf68f90263de72e3b5fdc17bb7cfbf63529423f6d77f199c65,PARALLEL_WALLS,FULL_NOISE,376488233,469989467,0,open3d_point_to_plane
synthetic-confirmatory-v1::53eec1220f8121bf68f90263de72e3b5fdc17bb7cfbf63529423f6d77f199c65::pcl_point_to_plane,synthetic-confirmatory-v1::53eec1220f8121bf68f90263de72e3b5fdc17bb7cfbf63529423f6d77f199c65,PARALLEL_WALLS,FULL_NOISE,376488233,469989467,0,pcl_point_to_plane
synthetic-confirmatory-v1::217c98c450f05711c838d3d0151810720feee1d59d3f785ab2119aaff43b52e2::open3d_point_to_plane,synthetic-confirmatory-v1::217c98c450f05711c838d3d0151810720feee1d59d3f785ab2119aaff43b52e2,PARALLEL_WALLS,FULL_NOISE,376488233,469989467,1,open3d_point_to_plane
synthetic-confirmatory-v1::217c98c450f05711c838d3d0151810720feee1d59d3f785ab2119aaff43b52e2::pcl_point_to_plane,synthetic-confirmatory-v1::217c98c450f05711c838d3d0151810720feee1d59d3f785ab2119aaff43b52e2,PARALLEL_WALLS,FULL_NOISE,376488233,469989467,1,pcl_point_to_plane
synthetic-confirmatory-v1::72f0706f26e27a9ac9eec110bd085ce9839857168237d9966020ed622f14f13c::open3d_point_to_plane,synthetic-confirmatory-v1::72f0706f26e27a9ac9eec110bd085ce9839857168237d9966020ed622f14f13c,PARALLEL_WALLS,FULL_NOISE,376488233,469989467,2,open3d_point_to_plane
synthetic-confirmatory-v1::72f0706f26e27a9ac9eec110bd085ce9839857168237d9966020ed622f14f13c::pcl_point_to_plane,synthetic-confirmatory-v1::72f0706f26e27a9ac9eec110bd085ce9839857168237d9966020ed622f14f13c,PARALLEL_WALLS,FULL_NOISE,376488233,469989467,2,pcl_point_to_plane
synthetic-confirmatory-v1::eb37a86b42e7dcd5c1860a7a25bd7ba458f06979e8f8c70b73f09d78933526cd::open3d_point_to_plane,synthetic-confirmatory-v1::eb37a86b42e7dcd5c1860a7a25bd7ba458f06979e8f8c70b73f09d78933526cd,PARALLEL_WALLS,FULL_NOISE,376488233,469989467,3,open3d_point_to_plane
synthetic-confirmatory-v1::eb37a86b42e7dcd5c1860a7a25bd7ba458f06979e8f8c70b73f09d78933526cd::pcl_point_to_plane,synthetic-confirmatory-v1::eb37a86b42e7dcd5c1860a7a25bd7ba458f06979e8f8c70b73f09d78933526cd,PARALLEL_WALLS,FULL_NOISE,376488233,469989467,3,pcl_point_to_plane
synthetic-confirmatory-v1::e1b4cade57ec9a645c6609d3333003ea50c9f88c8f28a60cada2d0191eff5e0b::open3d_point_to_plane,synthetic-confirmatory-v1::e1b4cade57ec9a645c6609d3333003ea50c9f88c8f28a60cada2d0191eff5e0b,PARALLEL_WALLS,FULL_NOISE,376488233,469989467,4,open3d_point_to_plane
synthetic-confirmatory-v1::e1b4cade57ec9a645c6609d3333003ea50c9f88c8f28a60cada2d0191eff5e0b::pcl_point_to_plane,synthetic-confirmatory-v1::e1b4cade57ec9a645c6609d3333003ea50c9f88c8f28a60cada2d0191eff5e0b,PARALLEL_WALLS,FULL_NOISE,376488233,469989467,4,pcl_point_to_plane
synthetic-confirmatory-v1::ce1d0fde20807cf062c5d071e66798782fa47a1ff14d9fa71d38ccdee866e0bb::open3d_point_to_plane,synthetic-confirmatory-v1::ce1d0fde20807cf062c5d071e66798782fa47a1ff14d9fa71d38ccdee866e0bb,PARALLEL_WALLS,FULL_NOISE,376488233,1088311622,0,open3d_point_to_plane
synthetic-confirmatory-v1::ce1d0fde20807cf062c5d071e66798782fa47a1ff14d9fa71d38ccdee866e0bb::pcl_point_to_plane,synthetic-confirmatory-v1::ce1d0fde20807cf062c5d071e66798782fa47a1ff14d9fa71d38ccdee866e0bb,PARALLEL_WALLS,FULL_NOISE,376488233,1088311622,0,pcl_point_to_plane
synthetic-confirmatory-v1::5da742991555df77b0b74d444a6aa074236474e2e190b9ddeb6f67b981a532ac::open3d_point_to_plane,synthetic-confirmatory-v1::5da742991555df77b0b74d444a6aa074236474e2e190b9ddeb6f67b981a532ac,PARALLEL_WALLS,FULL_NOISE,376488233,1088311622,1,open3d_point_to_plane
synthetic-confirmatory-v1::5da742991555df77b0b74d444a6aa074236474e2e190b9ddeb6f67b981a532ac::pcl_point_to_plane,synthetic-confirmatory-v1::5da742991555df77b0b74d444a6aa074236474e2e190b9ddeb6f67b981a532ac,PARALLEL_WALLS,FULL_NOISE,376488233,1088311622,1,pcl_point_to_plane
synthetic-confirmatory-v1::7178e6aea04eb05efe7e8c737eff338a338ea002395d73a89ff4aabf791285b6::open3d_point_to_plane,synthetic-confirmatory-v1::7178e6aea04eb05efe7e8c737eff338a338ea002395d73a89ff4aabf791285b6,PARALLEL_WALLS,FULL_NOISE,376488233,1088311622,2,open3d_point_to_plane
synthetic-confirmatory-v1::7178e6aea04eb05efe7e8c737eff338a338ea002395d73a89ff4aabf791285b6::pcl_point_to_plane,synthetic-confirmatory-v1::7178e6aea04eb05efe7e8c737eff338a338ea002395d73a89ff4aabf791285b6,PARALLEL_WALLS,FULL_NOISE,376488233,1088311622,2,pcl_point_to_plane
synthetic-confirmatory-v1::4db4083c900cb1f99834684b99ecc2a226557f6f204ce8676833b26b8918c4dc::open3d_point_to_plane,synthetic-confirmatory-v1::4db4083c900cb1f99834684b99ecc2a226557f6f204ce8676833b26b8918c4dc,PARALLEL_WALLS,FULL_NOISE,376488233,1088311622,3,open3d_point_to_plane
synthetic-confirmatory-v1::4db4083c900cb1f99834684b99ecc2a226557f6f204ce8676833b26b8918c4dc::pcl_point_to_plane,synthetic-confirmatory-v1::4db4083c900cb1f99834684b99ecc2a226557f6f204ce8676833b26b8918c4dc,PARALLEL_WALLS,FULL_NOISE,376488233,1088311622,3,pcl_point_to_plane
synthetic-confirmatory-v1::b7022a362d4fc3170eef2d50649f10ef5a02b9ecde0984c8430989c941dd9e96::open3d_point_to_plane,synthetic-confirmatory-v1::b7022a362d4fc3170eef2d50649f10ef5a02b9ecde0984c8430989c941dd9e96,PARALLEL_WALLS,FULL_NOISE,376488233,1088311622,4,open3d_point_to_plane
synthetic-confirmatory-v1::b7022a362d4fc3170eef2d50649f10ef5a02b9ecde0984c8430989c941dd9e96::pcl_point_to_plane,synthetic-confirmatory-v1::b7022a362d4fc3170eef2d50649f10ef5a02b9ecde0984c8430989c941dd9e96,PARALLEL_WALLS,FULL_NOISE,376488233,1088311622,4,pcl_point_to_plane
synthetic-confirmatory-v1::25a9022202018b9a417eaf498bda51e853880296041e1a67602374eb8e3cf4e1::open3d_point_to_plane,synthetic-confirmatory-v1::25a9022202018b9a417eaf498bda51e853880296041e1a67602374eb8e3cf4e1,PARALLEL_WALLS,FULL_NOISE,376488233,916609326,0,open3d_point_to_plane
synthetic-confirmatory-v1::25a9022202018b9a417eaf498bda51e853880296041e1a67602374eb8e3cf4e1::pcl_point_to_plane,synthetic-confirmatory-v1::25a9022202018b9a417eaf498bda51e853880296041e1a67602374eb8e3cf4e1,PARALLEL_WALLS,FULL_NOISE,376488233,916609326,0,pcl_point_to_plane
synthetic-confirmatory-v1::280a9ab622a7b45fc2be00d6a14957bcb0d6af8f6680122f0501110a13f989a2::open3d_point_to_plane,synthetic-confirmatory-v1::280a9ab622a7b45fc2be00d6a14957bcb0d6af8f6680122f0501110a13f989a2,PARALLEL_WALLS,FULL_NOISE,376488233,916609326,1,open3d_point_to_plane
synthetic-confirmatory-v1::280a9ab622a7b45fc2be00d6a14957bcb0d6af8f6680122f0501110a13f989a2::pcl_point_to_plane,synthetic-confirmatory-v1::280a9ab622a7b45fc2be00d6a14957bcb0d6af8f6680122f0501110a13f989a2,PARALLEL_WALLS,FULL_NOISE,376488233,916609326,1,pcl_point_to_plane
synthetic-confirmatory-v1::0572817e3a0c04932fed51cf4a5d28f5c5fdd8dc751e9c53f9a1e63609036613::open3d_point_to_plane,synthetic-confirmatory-v1::0572817e3a0c04932fed51cf4a5d28f5c5fdd8dc751e9c53f9a1e63609036613,PARALLEL_WALLS,FULL_NOISE,376488233,916609326,2,open3d_point_to_plane
synthetic-confirmatory-v1::0572817e3a0c04932fed51cf4a5d28f5c5fdd8dc751e9c53f9a1e63609036613::pcl_point_to_plane,synthetic-confirmatory-v1::0572817e3a0c04932fed51cf4a5d28f5c5fdd8dc751e9c53f9a1e63609036613,PARALLEL_WALLS,FULL_NOISE,376488233,916609326,2,pcl_point_to_plane
synthetic-confirmatory-v1::a702507d6d6bfe1c7faf8791bbf4711d5806fcade182012067f51f0a31ffc013::open3d_point_to_plane,synthetic-confirmatory-v1::a702507d6d6bfe1c7faf8791bbf4711d5806fcade182012067f51f0a31ffc013,PARALLEL_WALLS,FULL_NOISE,376488233,916609326,3,open3d_point_to_plane
synthetic-confirmatory-v1::a702507d6d6bfe1c7faf8791bbf4711d5806fcade182012067f51f0a31ffc013::pcl_point_to_plane,synthetic-confirmatory-v1::a702507d6d6bfe1c7faf8791bbf4711d5806fcade182012067f51f0a31ffc013,PARALLEL_WALLS,FULL_NOISE,376488233,916609326,3,pcl_point_to_plane
synthetic-confirmatory-v1::9a031e8001bc155bd7e6ba1e3b8dc1ee44d1eb6296d93a70641b4e11cc11b78a::open3d_point_to_plane,synthetic-confirmatory-v1::9a031e8001bc155bd7e6ba1e3b8dc1ee44d1eb6296d93a70641b4e11cc11b78a,PARALLEL_WALLS,FULL_NOISE,376488233,916609326,4,open3d_point_to_plane
synthetic-confirmatory-v1::9a031e8001bc155bd7e6ba1e3b8dc1ee44d1eb6296d93a70641b4e11cc11b78a::pcl_point_to_plane,synthetic-confirmatory-v1::9a031e8001bc155bd7e6ba1e3b8dc1ee44d1eb6296d93a70641b4e11cc11b78a,PARALLEL_WALLS,FULL_NOISE,376488233,916609326,4,pcl_point_to_plane
synthetic-confirmatory-v1::8aeaf6f25e9133725e392400f8d34c1261366b846d9416f8309319bb4b4dd8ac::open3d_point_to_plane,synthetic-confirmatory-v1::8aeaf6f25e9133725e392400f8d34c1261366b846d9416f8309319bb4b4dd8ac,PARALLEL_WALLS,IDEAL_MATCHED,198112089,,0,open3d_point_to_plane
synthetic-confirmatory-v1::8aeaf6f25e9133725e392400f8d34c1261366b846d9416f8309319bb4b4dd8ac::pcl_point_to_plane,synthetic-confirmatory-v1::8aeaf6f25e9133725e392400f8d34c1261366b846d9416f8309319bb4b4dd8ac,PARALLEL_WALLS,IDEAL_MATCHED,198112089,,0,pcl_point_to_plane
synthetic-confirmatory-v1::53139b57f6bb2d11761daac4cabc09afac731112224d8ac5153ebaa695edf6d5::open3d_point_to_plane,synthetic-confirmatory-v1::53139b57f6bb2d11761daac4cabc09afac731112224d8ac5153ebaa695edf6d5,PARALLEL_WALLS,INDEPENDENT_NOISE_FREE,198112089,,0,open3d_point_to_plane
synthetic-confirmatory-v1::53139b57f6bb2d11761daac4cabc09afac731112224d8ac5153ebaa695edf6d5::pcl_point_to_plane,synthetic-confirmatory-v1::53139b57f6bb2d11761daac4cabc09afac731112224d8ac5153ebaa695edf6d5,PARALLEL_WALLS,INDEPENDENT_NOISE_FREE,198112089,,0,pcl_point_to_plane
synthetic-confirmatory-v1::b325be164af1435ae8026a0f65e7d456cbd161672a726d4455c5510da0d7d9f5::open3d_point_to_plane,synthetic-confirmatory-v1::b325be164af1435ae8026a0f65e7d456cbd161672a726d4455c5510da0d7d9f5,PARALLEL_WALLS,FULL_NOISE,198112089,469989467,0,open3d_point_to_plane
synthetic-confirmatory-v1::b325be164af1435ae8026a0f65e7d456cbd161672a726d4455c5510da0d7d9f5::pcl_point_to_plane,synthetic-confirmatory-v1::b325be164af1435ae8026a0f65e7d456cbd161672a726d4455c5510da0d7d9f5,PARALLEL_WALLS,FULL_NOISE,198112089,469989467,0,pcl_point_to_plane
synthetic-confirmatory-v1::df979367e9b67f8f199449e1449f2f449676c68858158d5b79c77e2542cca262::open3d_point_to_plane,synthetic-confirmatory-v1::df979367e9b67f8f199449e1449f2f449676c68858158d5b79c77e2542cca262,PARALLEL_WALLS,FULL_NOISE,198112089,469989467,1,open3d_point_to_plane
synthetic-confirmatory-v1::df979367e9b67f8f199449e1449f2f449676c68858158d5b79c77e2542cca262::pcl_point_to_plane,synthetic-confirmatory-v1::df979367e9b67f8f199449e1449f2f449676c68858158d5b79c77e2542cca262,PARALLEL_WALLS,FULL_NOISE,198112089,469989467,1,pcl_point_to_plane
synthetic-confirmatory-v1::9909cf62b65730e1d8b905191ae2248a9e4621120cab85d5803aa98c9fc931d5::open3d_point_to_plane,synthetic-confirmatory-v1::9909cf62b65730e1d8b905191ae2248a9e4621120cab85d5803aa98c9fc931d5,PARALLEL_WALLS,FULL_NOISE,198112089,469989467,2,open3d_point_to_plane
synthetic-confirmatory-v1::9909cf62b65730e1d8b905191ae2248a9e4621120cab85d5803aa98c9fc931d5::pcl_point_to_plane,synthetic-confirmatory-v1::9909cf62b65730e1d8b905191ae2248a9e4621120cab85d5803aa98c9fc931d5,PARALLEL_WALLS,FULL_NOISE,198112089,469989467,2,pcl_point_to_plane
synthetic-confirmatory-v1::8eb7b29d636ae5792465d15473cf7cbaec6d46f96a38c7ac2ea549d52d8dd364::open3d_point_to_plane,synthetic-confirmatory-v1::8eb7b29d636ae5792465d15473cf7cbaec6d46f96a38c7ac2ea549d52d8dd364,PARALLEL_WALLS,FULL_NOISE,198112089,469989467,3,open3d_point_to_plane
synthetic-confirmatory-v1::8eb7b29d636ae5792465d15473cf7cbaec6d46f96a38c7ac2ea549d52d8dd364::pcl_point_to_plane,synthetic-confirmatory-v1::8eb7b29d636ae5792465d15473cf7cbaec6d46f96a38c7ac2ea549d52d8dd364,PARALLEL_WALLS,FULL_NOISE,198112089,469989467,3,pcl_point_to_plane
synthetic-confirmatory-v1::682ee9b577d0929de11d4ca7accfb30eb8df189fde84bd727ca99fec9828d9f5::open3d_point_to_plane,synthetic-confirmatory-v1::682ee9b577d0929de11d4ca7accfb30eb8df189fde84bd727ca99fec9828d9f5,PARALLEL_WALLS,FULL_NOISE,198112089,469989467,4,open3d_point_to_plane
synthetic-confirmatory-v1::682ee9b577d0929de11d4ca7accfb30eb8df189fde84bd727ca99fec9828d9f5::pcl_point_to_plane,synthetic-confirmatory-v1::682ee9b577d0929de11d4ca7accfb30eb8df189fde84bd727ca99fec9828d9f5,PARALLEL_WALLS,FULL_NOISE,198112089,469989467,4,pcl_point_to_plane
synthetic-confirmatory-v1::0ff74c606fb4c7d0a2f048a6f8a7f6caad6b7cc2137711aa07b33ab67b93d410::open3d_point_to_plane,synthetic-confirmatory-v1::0ff74c606fb4c7d0a2f048a6f8a7f6caad6b7cc2137711aa07b33ab67b93d410,PARALLEL_WALLS,FULL_NOISE,198112089,1088311622,0,open3d_point_to_plane
synthetic-confirmatory-v1::0ff74c606fb4c7d0a2f048a6f8a7f6caad6b7cc2137711aa07b33ab67b93d410::pcl_point_to_plane,synthetic-confirmatory-v1::0ff74c606fb4c7d0a2f048a6f8a7f6caad6b7cc2137711aa07b33ab67b93d410,PARALLEL_WALLS,FULL_NOISE,198112089,1088311622,0,pcl_point_to_plane
synthetic-confirmatory-v1::158f614e9316c6893d5fcd3689f9cb92a1618c92458c5931958c5d277d063569::open3d_point_to_plane,synthetic-confirmatory-v1::158f614e9316c6893d5fcd3689f9cb92a1618c92458c5931958c5d277d063569,PARALLEL_WALLS,FULL_NOISE,198112089,1088311622,1,open3d_point_to_plane
synthetic-confirmatory-v1::158f614e9316c6893d5fcd3689f9cb92a1618c92458c5931958c5d277d063569::pcl_point_to_plane,synthetic-confirmatory-v1::158f614e9316c6893d5fcd3689f9cb92a1618c92458c5931958c5d277d063569,PARALLEL_WALLS,FULL_NOISE,198112089,1088311622,1,pcl_point_to_plane
synthetic-confirmatory-v1::3f39792365da85407e136cd7751766823bf1f086a50ae53cb6af76d485c93f61::open3d_point_to_plane,synthetic-confirmatory-v1::3f39792365da85407e136cd7751766823bf1f086a50ae53cb6af76d485c93f61,PARALLEL_WALLS,FULL_NOISE,198112089,1088311622,2,open3d_point_to_plane
synthetic-confirmatory-v1::3f39792365da85407e136cd7751766823bf1f086a50ae53cb6af76d485c93f61::pcl_point_to_plane,synthetic-confirmatory-v1::3f39792365da85407e136cd7751766823bf1f086a50ae53cb6af76d485c93f61,PARALLEL_WALLS,FULL_NOISE,198112089,1088311622,2,pcl_point_to_plane
synthetic-confirmatory-v1::0e4be264de10082ece5a359475b0a10e2b894ed8e80226dd3f3e4234cd9a9fb6::open3d_point_to_plane,synthetic-confirmatory-v1::0e4be264de10082ece5a359475b0a10e2b894ed8e80226dd3f3e4234cd9a9fb6,PARALLEL_WALLS,FULL_NOISE,198112089,1088311622,3,open3d_point_to_plane
synthetic-confirmatory-v1::0e4be264de10082ece5a359475b0a10e2b894ed8e80226dd3f3e4234cd9a9fb6::pcl_point_to_plane,synthetic-confirmatory-v1::0e4be264de10082ece5a359475b0a10e2b894ed8e80226dd3f3e4234cd9a9fb6,PARALLEL_WALLS,FULL_NOISE,198112089,1088311622,3,pcl_point_to_plane
synthetic-confirmatory-v1::a7a6b609919d7a94d750ceb058b6a8979d20c948df4352afa3e19bec7e707e1e::open3d_point_to_plane,synthetic-confirmatory-v1::a7a6b609919d7a94d750ceb058b6a8979d20c948df4352afa3e19bec7e707e1e,PARALLEL_WALLS,FULL_NOISE,198112089,1088311622,4,open3d_point_to_plane
synthetic-confirmatory-v1::a7a6b609919d7a94d750ceb058b6a8979d20c948df4352afa3e19bec7e707e1e::pcl_point_to_plane,synthetic-confirmatory-v1::a7a6b609919d7a94d750ceb058b6a8979d20c948df4352afa3e19bec7e707e1e,PARALLEL_WALLS,FULL_NOISE,198112089,1088311622,4,pcl_point_to_plane
synthetic-confirmatory-v1::07061e1e12c6be22d6dd80d29fde82a4c247547467bc883865a5191bab66a5ad::open3d_point_to_plane,synthetic-confirmatory-v1::07061e1e12c6be22d6dd80d29fde82a4c247547467bc883865a5191bab66a5ad,PARALLEL_WALLS,FULL_NOISE,198112089,916609326,0,open3d_point_to_plane
synthetic-confirmatory-v1::07061e1e12c6be22d6dd80d29fde82a4c247547467bc883865a5191bab66a5ad::pcl_point_to_plane,synthetic-confirmatory-v1::07061e1e12c6be22d6dd80d29fde82a4c247547467bc883865a5191bab66a5ad,PARALLEL_WALLS,FULL_NOISE,198112089,916609326,0,pcl_point_to_plane
synthetic-confirmatory-v1::a78f52b55af5f733f7ada3b4ba39c1ce06734015334a92dde9196fdc417f0138::open3d_point_to_plane,synthetic-confirmatory-v1::a78f52b55af5f733f7ada3b4ba39c1ce06734015334a92dde9196fdc417f0138,PARALLEL_WALLS,FULL_NOISE,198112089,916609326,1,open3d_point_to_plane
synthetic-confirmatory-v1::a78f52b55af5f733f7ada3b4ba39c1ce06734015334a92dde9196fdc417f0138::pcl_point_to_plane,synthetic-confirmatory-v1::a78f52b55af5f733f7ada3b4ba39c1ce06734015334a92dde9196fdc417f0138,PARALLEL_WALLS,FULL_NOISE,198112089,916609326,1,pcl_point_to_plane
synthetic-confirmatory-v1::5d9a5bc384b9c6df0a127f1e91489ce5be78c71da82ff3cdad22b0a3c58cb9d9::open3d_point_to_plane,synthetic-confirmatory-v1::5d9a5bc384b9c6df0a127f1e91489ce5be78c71da82ff3cdad22b0a3c58cb9d9,PARALLEL_WALLS,FULL_NOISE,198112089,916609326,2,open3d_point_to_plane
synthetic-confirmatory-v1::5d9a5bc384b9c6df0a127f1e91489ce5be78c71da82ff3cdad22b0a3c58cb9d9::pcl_point_to_plane,synthetic-confirmatory-v1::5d9a5bc384b9c6df0a127f1e91489ce5be78c71da82ff3cdad22b0a3c58cb9d9,PARALLEL_WALLS,FULL_NOISE,198112089,916609326,2,pcl_point_to_plane
synthetic-confirmatory-v1::6b3539a319061362e8461f55b0624ccbf7c25799eaccac032f6de01402d6913c::open3d_point_to_plane,synthetic-confirmatory-v1::6b3539a319061362e8461f55b0624ccbf7c25799eaccac032f6de01402d6913c,PARALLEL_WALLS,FULL_NOISE,198112089,916609326,3,open3d_point_to_plane
synthetic-confirmatory-v1::6b3539a319061362e8461f55b0624ccbf7c25799eaccac032f6de01402d6913c::pcl_point_to_plane,synthetic-confirmatory-v1::6b3539a319061362e8461f55b0624ccbf7c25799eaccac032f6de01402d6913c,PARALLEL_WALLS,FULL_NOISE,198112089,916609326,3,pcl_point_to_plane
synthetic-confirmatory-v1::80d762542c94001bb923ba8cda6ae7a1cbfaec366626dd3a644d2be121df7d32::open3d_point_to_plane,synthetic-confirmatory-v1::80d762542c94001bb923ba8cda6ae7a1cbfaec366626dd3a644d2be121df7d32,PARALLEL_WALLS,FULL_NOISE,198112089,916609326,4,open3d_point_to_plane
synthetic-confirmatory-v1::80d762542c94001bb923ba8cda6ae7a1cbfaec366626dd3a644d2be121df7d32::pcl_point_to_plane,synthetic-confirmatory-v1::80d762542c94001bb923ba8cda6ae7a1cbfaec366626dd3a644d2be121df7d32,PARALLEL_WALLS,FULL_NOISE,198112089,916609326,4,pcl_point_to_plane
synthetic-confirmatory-v1::94ab930e8598eb6d1427e84aef735981215df8f44e6768ed8d80589df878ba2f::open3d_point_to_plane,synthetic-confirmatory-v1::94ab930e8598eb6d1427e84aef735981215df8f44e6768ed8d80589df878ba2f,PARALLEL_WALLS,IDEAL_MATCHED,229684695,,0,open3d_point_to_plane
synthetic-confirmatory-v1::94ab930e8598eb6d1427e84aef735981215df8f44e6768ed8d80589df878ba2f::pcl_point_to_plane,synthetic-confirmatory-v1::94ab930e8598eb6d1427e84aef735981215df8f44e6768ed8d80589df878ba2f,PARALLEL_WALLS,IDEAL_MATCHED,229684695,,0,pcl_point_to_plane
synthetic-confirmatory-v1::8ce0e40df744a9caa60db8910b07ccb4ef03a31e931cc514f96f6a51397ceba3::open3d_point_to_plane,synthetic-confirmatory-v1::8ce0e40df744a9caa60db8910b07ccb4ef03a31e931cc514f96f6a51397ceba3,PARALLEL_WALLS,INDEPENDENT_NOISE_FREE,229684695,,0,open3d_point_to_plane
synthetic-confirmatory-v1::8ce0e40df744a9caa60db8910b07ccb4ef03a31e931cc514f96f6a51397ceba3::pcl_point_to_plane,synthetic-confirmatory-v1::8ce0e40df744a9caa60db8910b07ccb4ef03a31e931cc514f96f6a51397ceba3,PARALLEL_WALLS,INDEPENDENT_NOISE_FREE,229684695,,0,pcl_point_to_plane
synthetic-confirmatory-v1::d5a5a03c72e343f3aabbe03d35cec7cf46156e72838755417c6b081c43a36c4a::open3d_point_to_plane,synthetic-confirmatory-v1::d5a5a03c72e343f3aabbe03d35cec7cf46156e72838755417c6b081c43a36c4a,PARALLEL_WALLS,FULL_NOISE,229684695,469989467,0,open3d_point_to_plane
synthetic-confirmatory-v1::d5a5a03c72e343f3aabbe03d35cec7cf46156e72838755417c6b081c43a36c4a::pcl_point_to_plane,synthetic-confirmatory-v1::d5a5a03c72e343f3aabbe03d35cec7cf46156e72838755417c6b081c43a36c4a,PARALLEL_WALLS,FULL_NOISE,229684695,469989467,0,pcl_point_to_plane
synthetic-confirmatory-v1::ede97ea83ff7a699c5800210265781408e6e4d9414874d2a551c2a4a03f51cb9::open3d_point_to_plane,synthetic-confirmatory-v1::ede97ea83ff7a699c5800210265781408e6e4d9414874d2a551c2a4a03f51cb9,PARALLEL_WALLS,FULL_NOISE,229684695,469989467,1,open3d_point_to_plane
synthetic-confirmatory-v1::ede97ea83ff7a699c5800210265781408e6e4d9414874d2a551c2a4a03f51cb9::pcl_point_to_plane,synthetic-confirmatory-v1::ede97ea83ff7a699c5800210265781408e6e4d9414874d2a551c2a4a03f51cb9,PARALLEL_WALLS,FULL_NOISE,229684695,469989467,1,pcl_point_to_plane
synthetic-confirmatory-v1::c08c896af55231ad076c5e961a93fda55c1997790789de69d1fe9ff83eca0e3d::open3d_point_to_plane,synthetic-confirmatory-v1::c08c896af55231ad076c5e961a93fda55c1997790789de69d1fe9ff83eca0e3d,PARALLEL_WALLS,FULL_NOISE,229684695,469989467,2,open3d_point_to_plane
synthetic-confirmatory-v1::c08c896af55231ad076c5e961a93fda55c1997790789de69d1fe9ff83eca0e3d::pcl_point_to_plane,synthetic-confirmatory-v1::c08c896af55231ad076c5e961a93fda55c1997790789de69d1fe9ff83eca0e3d,PARALLEL_WALLS,FULL_NOISE,229684695,469989467,2,pcl_point_to_plane
synthetic-confirmatory-v1::90091f05e069080a0af0a164496e33efd9b1feaec328882939628143881a6b59::open3d_point_to_plane,synthetic-confirmatory-v1::90091f05e069080a0af0a164496e33efd9b1feaec328882939628143881a6b59,PARALLEL_WALLS,FULL_NOISE,229684695,469989467,3,open3d_point_to_plane
synthetic-confirmatory-v1::90091f05e069080a0af0a164496e33efd9b1feaec328882939628143881a6b59::pcl_point_to_plane,synthetic-confirmatory-v1::90091f05e069080a0af0a164496e33efd9b1feaec328882939628143881a6b59,PARALLEL_WALLS,FULL_NOISE,229684695,469989467,3,pcl_point_to_plane
synthetic-confirmatory-v1::bd6b655603555858a082320ed2de5d401b59464d1483032757813dcc31a3d769::open3d_point_to_plane,synthetic-confirmatory-v1::bd6b655603555858a082320ed2de5d401b59464d1483032757813dcc31a3d769,PARALLEL_WALLS,FULL_NOISE,229684695,469989467,4,open3d_point_to_plane
synthetic-confirmatory-v1::bd6b655603555858a082320ed2de5d401b59464d1483032757813dcc31a3d769::pcl_point_to_plane,synthetic-confirmatory-v1::bd6b655603555858a082320ed2de5d401b59464d1483032757813dcc31a3d769,PARALLEL_WALLS,FULL_NOISE,229684695,469989467,4,pcl_point_to_plane
synthetic-confirmatory-v1::38f053d9e1536e800babed8ca4892358dca42b341f5bef2190799a94a6b1f964::open3d_point_to_plane,synthetic-confirmatory-v1::38f053d9e1536e800babed8ca4892358dca42b341f5bef2190799a94a6b1f964,PARALLEL_WALLS,FULL_NOISE,229684695,1088311622,0,open3d_point_to_plane
synthetic-confirmatory-v1::38f053d9e1536e800babed8ca4892358dca42b341f5bef2190799a94a6b1f964::pcl_point_to_plane,synthetic-confirmatory-v1::38f053d9e1536e800babed8ca4892358dca42b341f5bef2190799a94a6b1f964,PARALLEL_WALLS,FULL_NOISE,229684695,1088311622,0,pcl_point_to_plane
synthetic-confirmatory-v1::8a6d18f4f16d77eaa8c126fa05c3012c54f01002d17cada092a2eab54457fe92::open3d_point_to_plane,synthetic-confirmatory-v1::8a6d18f4f16d77eaa8c126fa05c3012c54f01002d17cada092a2eab54457fe92,PARALLEL_WALLS,FULL_NOISE,229684695,1088311622,1,open3d_point_to_plane
synthetic-confirmatory-v1::8a6d18f4f16d77eaa8c126fa05c3012c54f01002d17cada092a2eab54457fe92::pcl_point_to_plane,synthetic-confirmatory-v1::8a6d18f4f16d77eaa8c126fa05c3012c54f01002d17cada092a2eab54457fe92,PARALLEL_WALLS,FULL_NOISE,229684695,1088311622,1,pcl_point_to_plane
synthetic-confirmatory-v1::5f354571bcd4b290bfb476419808681e502c25c5a920265446e12476045ff929::open3d_point_to_plane,synthetic-confirmatory-v1::5f354571bcd4b290bfb476419808681e502c25c5a920265446e12476045ff929,PARALLEL_WALLS,FULL_NOISE,229684695,1088311622,2,open3d_point_to_plane
synthetic-confirmatory-v1::5f354571bcd4b290bfb476419808681e502c25c5a920265446e12476045ff929::pcl_point_to_plane,synthetic-confirmatory-v1::5f354571bcd4b290bfb476419808681e502c25c5a920265446e12476045ff929,PARALLEL_WALLS,FULL_NOISE,229684695,1088311622,2,pcl_point_to_plane
synthetic-confirmatory-v1::346b688e8f45abea09315a6cf33454f5477fda1364710ed037eabeb9d1d4df41::open3d_point_to_plane,synthetic-confirmatory-v1::346b688e8f45abea09315a6cf33454f5477fda1364710ed037eabeb9d1d4df41,PARALLEL_WALLS,FULL_NOISE,229684695,1088311622,3,open3d_point_to_plane
synthetic-confirmatory-v1::346b688e8f45abea09315a6cf33454f5477fda1364710ed037eabeb9d1d4df41::pcl_point_to_plane,synthetic-confirmatory-v1::346b688e8f45abea09315a6cf33454f5477fda1364710ed037eabeb9d1d4df41,PARALLEL_WALLS,FULL_NOISE,229684695,1088311622,3,pcl_point_to_plane
synthetic-confirmatory-v1::2998b2a9293a712d3c1d2c8ff70bf8e760b25cff1dec1a2d5f2a4a2d3c72a611::open3d_point_to_plane,synthetic-confirmatory-v1::2998b2a9293a712d3c1d2c8ff70bf8e760b25cff1dec1a2d5f2a4a2d3c72a611,PARALLEL_WALLS,FULL_NOISE,229684695,1088311622,4,open3d_point_to_plane
synthetic-confirmatory-v1::2998b2a9293a712d3c1d2c8ff70bf8e760b25cff1dec1a2d5f2a4a2d3c72a611::pcl_point_to_plane,synthetic-confirmatory-v1::2998b2a9293a712d3c1d2c8ff70bf8e760b25cff1dec1a2d5f2a4a2d3c72a611,PARALLEL_WALLS,FULL_NOISE,229684695,1088311622,4,pcl_point_to_plane
synthetic-confirmatory-v1::8ae88c6c05bfc97e340768eb510320b20e39ac220b99c44997f09fcc030aeef8::open3d_point_to_plane,synthetic-confirmatory-v1::8ae88c6c05bfc97e340768eb510320b20e39ac220b99c44997f09fcc030aeef8,PARALLEL_WALLS,FULL_NOISE,229684695,916609326,0,open3d_point_to_plane
synthetic-confirmatory-v1::8ae88c6c05bfc97e340768eb510320b20e39ac220b99c44997f09fcc030aeef8::pcl_point_to_plane,synthetic-confirmatory-v1::8ae88c6c05bfc97e340768eb510320b20e39ac220b99c44997f09fcc030aeef8,PARALLEL_WALLS,FULL_NOISE,229684695,916609326,0,pcl_point_to_plane
synthetic-confirmatory-v1::73db384e7e3dccbaa260f5b68d86ab396125965fd596ecfa3dcc87d89f645bd0::open3d_point_to_plane,synthetic-confirmatory-v1::73db384e7e3dccbaa260f5b68d86ab396125965fd596ecfa3dcc87d89f645bd0,PARALLEL_WALLS,FULL_NOISE,229684695,916609326,1,open3d_point_to_plane
synthetic-confirmatory-v1::73db384e7e3dccbaa260f5b68d86ab396125965fd596ecfa3dcc87d89f645bd0::pcl_point_to_plane,synthetic-confirmatory-v1::73db384e7e3dccbaa260f5b68d86ab396125965fd596ecfa3dcc87d89f645bd0,PARALLEL_WALLS,FULL_NOISE,229684695,916609326,1,pcl_point_to_plane
synthetic-confirmatory-v1::f5374a83fde573c7e5cbfdf43322e1590778fa16adcccc63f2889c5c7ae5067b::open3d_point_to_plane,synthetic-confirmatory-v1::f5374a83fde573c7e5cbfdf43322e1590778fa16adcccc63f2889c5c7ae5067b,PARALLEL_WALLS,FULL_NOISE,229684695,916609326,2,open3d_point_to_plane
synthetic-confirmatory-v1::f5374a83fde573c7e5cbfdf43322e1590778fa16adcccc63f2889c5c7ae5067b::pcl_point_to_plane,synthetic-confirmatory-v1::f5374a83fde573c7e5cbfdf43322e1590778fa16adcccc63f2889c5c7ae5067b,PARALLEL_WALLS,FULL_NOISE,229684695,916609326,2,pcl_point_to_plane
synthetic-confirmatory-v1::1257607d9cae04ecdf97b6a76202a33e5f3df75f884d214a527784072797cc08::open3d_point_to_plane,synthetic-confirmatory-v1::1257607d9cae04ecdf97b6a76202a33e5f3df75f884d214a527784072797cc08,PARALLEL_WALLS,FULL_NOISE,229684695,916609326,3,open3d_point_to_plane
synthetic-confirmatory-v1::1257607d9cae04ecdf97b6a76202a33e5f3df75f884d214a527784072797cc08::pcl_point_to_plane,synthetic-confirmatory-v1::1257607d9cae04ecdf97b6a76202a33e5f3df75f884d214a527784072797cc08,PARALLEL_WALLS,FULL_NOISE,229684695,916609326,3,pcl_point_to_plane
synthetic-confirmatory-v1::6e5d46f520b1dbfa1deaa67c4afa2ce8e7a73ec1e68128ca3663ec696c6a0ddf::open3d_point_to_plane,synthetic-confirmatory-v1::6e5d46f520b1dbfa1deaa67c4afa2ce8e7a73ec1e68128ca3663ec696c6a0ddf,PARALLEL_WALLS,FULL_NOISE,229684695,916609326,4,open3d_point_to_plane
synthetic-confirmatory-v1::6e5d46f520b1dbfa1deaa67c4afa2ce8e7a73ec1e68128ca3663ec696c6a0ddf::pcl_point_to_plane,synthetic-confirmatory-v1::6e5d46f520b1dbfa1deaa67c4afa2ce8e7a73ec1e68128ca3663ec696c6a0ddf,PARALLEL_WALLS,FULL_NOISE,229684695,916609326,4,pcl_point_to_plane
synthetic-confirmatory-v1::6b99784936659b5974758b779e18055ec4e9d82046632e97efa75aab4f161436::open3d_point_to_plane,synthetic-confirmatory-v1::6b99784936659b5974758b779e18055ec4e9d82046632e97efa75aab4f161436,PARALLEL_WALLS,IDEAL_MATCHED,226655024,,0,open3d_point_to_plane
synthetic-confirmatory-v1::6b99784936659b5974758b779e18055ec4e9d82046632e97efa75aab4f161436::pcl_point_to_plane,synthetic-confirmatory-v1::6b99784936659b5974758b779e18055ec4e9d82046632e97efa75aab4f161436,PARALLEL_WALLS,IDEAL_MATCHED,226655024,,0,pcl_point_to_plane
synthetic-confirmatory-v1::9207fefa05e1ee23700e202ca863b87f7a75d3336c602f5edfe15cb4294e1294::open3d_point_to_plane,synthetic-confirmatory-v1::9207fefa05e1ee23700e202ca863b87f7a75d3336c602f5edfe15cb4294e1294,PARALLEL_WALLS,INDEPENDENT_NOISE_FREE,226655024,,0,open3d_point_to_plane
synthetic-confirmatory-v1::9207fefa05e1ee23700e202ca863b87f7a75d3336c602f5edfe15cb4294e1294::pcl_point_to_plane,synthetic-confirmatory-v1::9207fefa05e1ee23700e202ca863b87f7a75d3336c602f5edfe15cb4294e1294,PARALLEL_WALLS,INDEPENDENT_NOISE_FREE,226655024,,0,pcl_point_to_plane
synthetic-confirmatory-v1::8aeae84da30703d0714852fef158786dda4f33af576e229050199650ff47fca9::open3d_point_to_plane,synthetic-confirmatory-v1::8aeae84da30703d0714852fef158786dda4f33af576e229050199650ff47fca9,PARALLEL_WALLS,FULL_NOISE,226655024,469989467,0,open3d_point_to_plane
synthetic-confirmatory-v1::8aeae84da30703d0714852fef158786dda4f33af576e229050199650ff47fca9::pcl_point_to_plane,synthetic-confirmatory-v1::8aeae84da30703d0714852fef158786dda4f33af576e229050199650ff47fca9,PARALLEL_WALLS,FULL_NOISE,226655024,469989467,0,pcl_point_to_plane
synthetic-confirmatory-v1::bd4f91d5015baa9b084ea165e2b08da27ce75bc7724b0bbbc043027f91326e04::open3d_point_to_plane,synthetic-confirmatory-v1::bd4f91d5015baa9b084ea165e2b08da27ce75bc7724b0bbbc043027f91326e04,PARALLEL_WALLS,FULL_NOISE,226655024,469989467,1,open3d_point_to_plane
synthetic-confirmatory-v1::bd4f91d5015baa9b084ea165e2b08da27ce75bc7724b0bbbc043027f91326e04::pcl_point_to_plane,synthetic-confirmatory-v1::bd4f91d5015baa9b084ea165e2b08da27ce75bc7724b0bbbc043027f91326e04,PARALLEL_WALLS,FULL_NOISE,226655024,469989467,1,pcl_point_to_plane
synthetic-confirmatory-v1::0072f4cecc25e9c9be9c38ef8e0ce8f24df587df38c6ad0d68380f00a3ce0610::open3d_point_to_plane,synthetic-confirmatory-v1::0072f4cecc25e9c9be9c38ef8e0ce8f24df587df38c6ad0d68380f00a3ce0610,PARALLEL_WALLS,FULL_NOISE,226655024,469989467,2,open3d_point_to_plane
synthetic-confirmatory-v1::0072f4cecc25e9c9be9c38ef8e0ce8f24df587df38c6ad0d68380f00a3ce0610::pcl_point_to_plane,synthetic-confirmatory-v1::0072f4cecc25e9c9be9c38ef8e0ce8f24df587df38c6ad0d68380f00a3ce0610,PARALLEL_WALLS,FULL_NOISE,226655024,469989467,2,pcl_point_to_plane
synthetic-confirmatory-v1::877ef3193773678a140ab09648dc0294be3be8a58b97e2e73fdd7fc26e872c22::open3d_point_to_plane,synthetic-confirmatory-v1::877ef3193773678a140ab09648dc0294be3be8a58b97e2e73fdd7fc26e872c22,PARALLEL_WALLS,FULL_NOISE,226655024,469989467,3,open3d_point_to_plane
synthetic-confirmatory-v1::877ef3193773678a140ab09648dc0294be3be8a58b97e2e73fdd7fc26e872c22::pcl_point_to_plane,synthetic-confirmatory-v1::877ef3193773678a140ab09648dc0294be3be8a58b97e2e73fdd7fc26e872c22,PARALLEL_WALLS,FULL_NOISE,226655024,469989467,3,pcl_point_to_plane
synthetic-confirmatory-v1::5c9a88e5fe591d89be5674c5dc28673f2c00ce6213e0c45cdc18342d8d182fd8::open3d_point_to_plane,synthetic-confirmatory-v1::5c9a88e5fe591d89be5674c5dc28673f2c00ce6213e0c45cdc18342d8d182fd8,PARALLEL_WALLS,FULL_NOISE,226655024,469989467,4,open3d_point_to_plane
synthetic-confirmatory-v1::5c9a88e5fe591d89be5674c5dc28673f2c00ce6213e0c45cdc18342d8d182fd8::pcl_point_to_plane,synthetic-confirmatory-v1::5c9a88e5fe591d89be5674c5dc28673f2c00ce6213e0c45cdc18342d8d182fd8,PARALLEL_WALLS,FULL_NOISE,226655024,469989467,4,pcl_point_to_plane
synthetic-confirmatory-v1::6f06907d40087c0706addefc9925e2f3320562497fa893b53120c8234b8d7226::open3d_point_to_plane,synthetic-confirmatory-v1::6f06907d40087c0706addefc9925e2f3320562497fa893b53120c8234b8d7226,PARALLEL_WALLS,FULL_NOISE,226655024,1088311622,0,open3d_point_to_plane
synthetic-confirmatory-v1::6f06907d40087c0706addefc9925e2f3320562497fa893b53120c8234b8d7226::pcl_point_to_plane,synthetic-confirmatory-v1::6f06907d40087c0706addefc9925e2f3320562497fa893b53120c8234b8d7226,PARALLEL_WALLS,FULL_NOISE,226655024,1088311622,0,pcl_point_to_plane
synthetic-confirmatory-v1::51c05c2ae58e690d9e083802697b3a71cd5e1d54f9329b914a1956ef5b5bd5e5::open3d_point_to_plane,synthetic-confirmatory-v1::51c05c2ae58e690d9e083802697b3a71cd5e1d54f9329b914a1956ef5b5bd5e5,PARALLEL_WALLS,FULL_NOISE,226655024,1088311622,1,open3d_point_to_plane
synthetic-confirmatory-v1::51c05c2ae58e690d9e083802697b3a71cd5e1d54f9329b914a1956ef5b5bd5e5::pcl_point_to_plane,synthetic-confirmatory-v1::51c05c2ae58e690d9e083802697b3a71cd5e1d54f9329b914a1956ef5b5bd5e5,PARALLEL_WALLS,FULL_NOISE,226655024,1088311622,1,pcl_point_to_plane
synthetic-confirmatory-v1::dcb703abc8e8258bb90b23742c5b57ba4f1e2559923a81d0d1c2f9ddd95fc977::open3d_point_to_plane,synthetic-confirmatory-v1::dcb703abc8e8258bb90b23742c5b57ba4f1e2559923a81d0d1c2f9ddd95fc977,PARALLEL_WALLS,FULL_NOISE,226655024,1088311622,2,open3d_point_to_plane
synthetic-confirmatory-v1::dcb703abc8e8258bb90b23742c5b57ba4f1e2559923a81d0d1c2f9ddd95fc977::pcl_point_to_plane,synthetic-confirmatory-v1::dcb703abc8e8258bb90b23742c5b57ba4f1e2559923a81d0d1c2f9ddd95fc977,PARALLEL_WALLS,FULL_NOISE,226655024,1088311622,2,pcl_point_to_plane
synthetic-confirmatory-v1::caf947c7bef6498df90286a2d065595ff937ac8b2081267c368d1d293ab0b1ed::open3d_point_to_plane,synthetic-confirmatory-v1::caf947c7bef6498df90286a2d065595ff937ac8b2081267c368d1d293ab0b1ed,PARALLEL_WALLS,FULL_NOISE,226655024,1088311622,3,open3d_point_to_plane
synthetic-confirmatory-v1::caf947c7bef6498df90286a2d065595ff937ac8b2081267c368d1d293ab0b1ed::pcl_point_to_plane,synthetic-confirmatory-v1::caf947c7bef6498df90286a2d065595ff937ac8b2081267c368d1d293ab0b1ed,PARALLEL_WALLS,FULL_NOISE,226655024,1088311622,3,pcl_point_to_plane
synthetic-confirmatory-v1::a6f968f2dcf96a198c49e3be144a2885e1ac0bb1a40c1435a0241b9ec9791198::open3d_point_to_plane,synthetic-confirmatory-v1::a6f968f2dcf96a198c49e3be144a2885e1ac0bb1a40c1435a0241b9ec9791198,PARALLEL_WALLS,FULL_NOISE,226655024,1088311622,4,open3d_point_to_plane
synthetic-confirmatory-v1::a6f968f2dcf96a198c49e3be144a2885e1ac0bb1a40c1435a0241b9ec9791198::pcl_point_to_plane,synthetic-confirmatory-v1::a6f968f2dcf96a198c49e3be144a2885e1ac0bb1a40c1435a0241b9ec9791198,PARALLEL_WALLS,FULL_NOISE,226655024,1088311622,4,pcl_point_to_plane
synthetic-confirmatory-v1::59368bafe3d757554e2b9d6dce764002c19bd7b7ad3d8be72965ee7a51380bfa::open3d_point_to_plane,synthetic-confirmatory-v1::59368bafe3d757554e2b9d6dce764002c19bd7b7ad3d8be72965ee7a51380bfa,PARALLEL_WALLS,FULL_NOISE,226655024,916609326,0,open3d_point_to_plane
synthetic-confirmatory-v1::59368bafe3d757554e2b9d6dce764002c19bd7b7ad3d8be72965ee7a51380bfa::pcl_point_to_plane,synthetic-confirmatory-v1::59368bafe3d757554e2b9d6dce764002c19bd7b7ad3d8be72965ee7a51380bfa,PARALLEL_WALLS,FULL_NOISE,226655024,916609326,0,pcl_point_to_plane
synthetic-confirmatory-v1::0faef9f0e8beb0be57964e084334ee3307ea1db6476506b1865fd40bf008c4ed::open3d_point_to_plane,synthetic-confirmatory-v1::0faef9f0e8beb0be57964e084334ee3307ea1db6476506b1865fd40bf008c4ed,PARALLEL_WALLS,FULL_NOISE,226655024,916609326,1,open3d_point_to_plane
synthetic-confirmatory-v1::0faef9f0e8beb0be57964e084334ee3307ea1db6476506b1865fd40bf008c4ed::pcl_point_to_plane,synthetic-confirmatory-v1::0faef9f0e8beb0be57964e084334ee3307ea1db6476506b1865fd40bf008c4ed,PARALLEL_WALLS,FULL_NOISE,226655024,916609326,1,pcl_point_to_plane
synthetic-confirmatory-v1::f34762f3141d9cc9a02a9b70da7c0b1cf249d043c0b2e8e0c3bb0873d6666075::open3d_point_to_plane,synthetic-confirmatory-v1::f34762f3141d9cc9a02a9b70da7c0b1cf249d043c0b2e8e0c3bb0873d6666075,PARALLEL_WALLS,FULL_NOISE,226655024,916609326,2,open3d_point_to_plane
synthetic-confirmatory-v1::f34762f3141d9cc9a02a9b70da7c0b1cf249d043c0b2e8e0c3bb0873d6666075::pcl_point_to_plane,synthetic-confirmatory-v1::f34762f3141d9cc9a02a9b70da7c0b1cf249d043c0b2e8e0c3bb0873d6666075,PARALLEL_WALLS,FULL_NOISE,226655024,916609326,2,pcl_point_to_plane
synthetic-confirmatory-v1::53a078a4feb2099835910cc23912e3b8a01b35bd638ef7930146c2bec628cb22::open3d_point_to_plane,synthetic-confirmatory-v1::53a078a4feb2099835910cc23912e3b8a01b35bd638ef7930146c2bec628cb22,PARALLEL_WALLS,FULL_NOISE,226655024,916609326,3,open3d_point_to_plane
synthetic-confirmatory-v1::53a078a4feb2099835910cc23912e3b8a01b35bd638ef7930146c2bec628cb22::pcl_point_to_plane,synthetic-confirmatory-v1::53a078a4feb2099835910cc23912e3b8a01b35bd638ef7930146c2bec628cb22,PARALLEL_WALLS,FULL_NOISE,226655024,916609326,3,pcl_point_to_plane
synthetic-confirmatory-v1::e032e688c0770d85ffd60e935f5823361262eaf437c598c9cdd33e8c12b6fc31::open3d_point_to_plane,synthetic-confirmatory-v1::e032e688c0770d85ffd60e935f5823361262eaf437c598c9cdd33e8c12b6fc31,PARALLEL_WALLS,FULL_NOISE,226655024,916609326,4,open3d_point_to_plane
synthetic-confirmatory-v1::e032e688c0770d85ffd60e935f5823361262eaf437c598c9cdd33e8c12b6fc31::pcl_point_to_plane,synthetic-confirmatory-v1::e032e688c0770d85ffd60e935f5823361262eaf437c598c9cdd33e8c12b6fc31,PARALLEL_WALLS,FULL_NOISE,226655024,916609326,4,pcl_point_to_plane
synthetic-confirmatory-v1::14b28502bb1ab1eed693f94bce2169e3d0ca9eb9c4dc6bc47a0f76e3ca1fd1f1::open3d_point_to_plane,synthetic-confirmatory-v1::14b28502bb1ab1eed693f94bce2169e3d0ca9eb9c4dc6bc47a0f76e3ca1fd1f1,END_FACE_TRANSITION_PRESENT,IDEAL_MATCHED,248284635,,0,open3d_point_to_plane
synthetic-confirmatory-v1::14b28502bb1ab1eed693f94bce2169e3d0ca9eb9c4dc6bc47a0f76e3ca1fd1f1::pcl_point_to_plane,synthetic-confirmatory-v1::14b28502bb1ab1eed693f94bce2169e3d0ca9eb9c4dc6bc47a0f76e3ca1fd1f1,END_FACE_TRANSITION_PRESENT,IDEAL_MATCHED,248284635,,0,pcl_point_to_plane
synthetic-confirmatory-v1::bbeca45db52e5eb3b7f168b8f72af83c2ef6a5a3af33971830f0f95faf3021be::open3d_point_to_plane,synthetic-confirmatory-v1::bbeca45db52e5eb3b7f168b8f72af83c2ef6a5a3af33971830f0f95faf3021be,END_FACE_TRANSITION_PRESENT,INDEPENDENT_NOISE_FREE,248284635,,0,open3d_point_to_plane
synthetic-confirmatory-v1::bbeca45db52e5eb3b7f168b8f72af83c2ef6a5a3af33971830f0f95faf3021be::pcl_point_to_plane,synthetic-confirmatory-v1::bbeca45db52e5eb3b7f168b8f72af83c2ef6a5a3af33971830f0f95faf3021be,END_FACE_TRANSITION_PRESENT,INDEPENDENT_NOISE_FREE,248284635,,0,pcl_point_to_plane
synthetic-confirmatory-v1::a043b8c416afa03835ca8e468e06a0b02da1326a91f5abe88743fd5608f5d6cd::open3d_point_to_plane,synthetic-confirmatory-v1::a043b8c416afa03835ca8e468e06a0b02da1326a91f5abe88743fd5608f5d6cd,END_FACE_TRANSITION_PRESENT,FULL_NOISE,248284635,469989467,0,open3d_point_to_plane
synthetic-confirmatory-v1::a043b8c416afa03835ca8e468e06a0b02da1326a91f5abe88743fd5608f5d6cd::pcl_point_to_plane,synthetic-confirmatory-v1::a043b8c416afa03835ca8e468e06a0b02da1326a91f5abe88743fd5608f5d6cd,END_FACE_TRANSITION_PRESENT,FULL_NOISE,248284635,469989467,0,pcl_point_to_plane
synthetic-confirmatory-v1::e45aaaeceea9cd5753e628968f3c365f2d99520dedd2c0acf00555f9840a23c0::open3d_point_to_plane,synthetic-confirmatory-v1::e45aaaeceea9cd5753e628968f3c365f2d99520dedd2c0acf00555f9840a23c0,END_FACE_TRANSITION_PRESENT,FULL_NOISE,248284635,469989467,1,open3d_point_to_plane
synthetic-confirmatory-v1::e45aaaeceea9cd5753e628968f3c365f2d99520dedd2c0acf00555f9840a23c0::pcl_point_to_plane,synthetic-confirmatory-v1::e45aaaeceea9cd5753e628968f3c365f2d99520dedd2c0acf00555f9840a23c0,END_FACE_TRANSITION_PRESENT,FULL_NOISE,248284635,469989467,1,pcl_point_to_plane
synthetic-confirmatory-v1::ef9d2e3c60cbec4204d944fe82f51bafdc79d79fca5152d458985e8ccd078acf::open3d_point_to_plane,synthetic-confirmatory-v1::ef9d2e3c60cbec4204d944fe82f51bafdc79d79fca5152d458985e8ccd078acf,END_FACE_TRANSITION_PRESENT,FULL_NOISE,248284635,469989467,2,open3d_point_to_plane
synthetic-confirmatory-v1::ef9d2e3c60cbec4204d944fe82f51bafdc79d79fca5152d458985e8ccd078acf::pcl_point_to_plane,synthetic-confirmatory-v1::ef9d2e3c60cbec4204d944fe82f51bafdc79d79fca5152d458985e8ccd078acf,END_FACE_TRANSITION_PRESENT,FULL_NOISE,248284635,469989467,2,pcl_point_to_plane
synthetic-confirmatory-v1::cf5eb7995f9a685ba517ec09590911e9588400b1a1d3f1c15400c0abf03ce086::open3d_point_to_plane,synthetic-confirmatory-v1::cf5eb7995f9a685ba517ec09590911e9588400b1a1d3f1c15400c0abf03ce086,END_FACE_TRANSITION_PRESENT,FULL_NOISE,248284635,469989467,3,open3d_point_to_plane
synthetic-confirmatory-v1::cf5eb7995f9a685ba517ec09590911e9588400b1a1d3f1c15400c0abf03ce086::pcl_point_to_plane,synthetic-confirmatory-v1::cf5eb7995f9a685ba517ec09590911e9588400b1a1d3f1c15400c0abf03ce086,END_FACE_TRANSITION_PRESENT,FULL_NOISE,248284635,469989467,3,pcl_point_to_plane
synthetic-confirmatory-v1::d056a19889e917768bba75150f5d5dc0a0a9b28b4a206eaaf50659757a8a6c26::open3d_point_to_plane,synthetic-confirmatory-v1::d056a19889e917768bba75150f5d5dc0a0a9b28b4a206eaaf50659757a8a6c26,END_FACE_TRANSITION_PRESENT,FULL_NOISE,248284635,469989467,4,open3d_point_to_plane
synthetic-confirmatory-v1::d056a19889e917768bba75150f5d5dc0a0a9b28b4a206eaaf50659757a8a6c26::pcl_point_to_plane,synthetic-confirmatory-v1::d056a19889e917768bba75150f5d5dc0a0a9b28b4a206eaaf50659757a8a6c26,END_FACE_TRANSITION_PRESENT,FULL_NOISE,248284635,469989467,4,pcl_point_to_plane
synthetic-confirmatory-v1::960d4707e53427119b300a81810e162b2f87e0335d59479f61663ac5d536b8f4::open3d_point_to_plane,synthetic-confirmatory-v1::960d4707e53427119b300a81810e162b2f87e0335d59479f61663ac5d536b8f4,END_FACE_TRANSITION_PRESENT,FULL_NOISE,248284635,1088311622,0,open3d_point_to_plane
synthetic-confirmatory-v1::960d4707e53427119b300a81810e162b2f87e0335d59479f61663ac5d536b8f4::pcl_point_to_plane,synthetic-confirmatory-v1::960d4707e53427119b300a81810e162b2f87e0335d59479f61663ac5d536b8f4,END_FACE_TRANSITION_PRESENT,FULL_NOISE,248284635,1088311622,0,pcl_point_to_plane
synthetic-confirmatory-v1::5966f5db24d6f854102e4e4521d60f3fa8646842a1a23a4c618f3a4133196d9c::open3d_point_to_plane,synthetic-confirmatory-v1::5966f5db24d6f854102e4e4521d60f3fa8646842a1a23a4c618f3a4133196d9c,END_FACE_TRANSITION_PRESENT,FULL_NOISE,248284635,1088311622,1,open3d_point_to_plane
synthetic-confirmatory-v1::5966f5db24d6f854102e4e4521d60f3fa8646842a1a23a4c618f3a4133196d9c::pcl_point_to_plane,synthetic-confirmatory-v1::5966f5db24d6f854102e4e4521d60f3fa8646842a1a23a4c618f3a4133196d9c,END_FACE_TRANSITION_PRESENT,FULL_NOISE,248284635,1088311622,1,pcl_point_to_plane
synthetic-confirmatory-v1::e9943b06cbbf7373f7eafcb2755779b739d5df70f0b4b1d38944dd4446f77891::open3d_point_to_plane,synthetic-confirmatory-v1::e9943b06cbbf7373f7eafcb2755779b739d5df70f0b4b1d38944dd4446f77891,END_FACE_TRANSITION_PRESENT,FULL_NOISE,248284635,1088311622,2,open3d_point_to_plane
synthetic-confirmatory-v1::e9943b06cbbf7373f7eafcb2755779b739d5df70f0b4b1d38944dd4446f77891::pcl_point_to_plane,synthetic-confirmatory-v1::e9943b06cbbf7373f7eafcb2755779b739d5df70f0b4b1d38944dd4446f77891,END_FACE_TRANSITION_PRESENT,FULL_NOISE,248284635,1088311622,2,pcl_point_to_plane
synthetic-confirmatory-v1::5d677d35549966c9469c18941e424cec3cadd73acc9ea30bfd6f7a8abfd9cb8f::open3d_point_to_plane,synthetic-confirmatory-v1::5d677d35549966c9469c18941e424cec3cadd73acc9ea30bfd6f7a8abfd9cb8f,END_FACE_TRANSITION_PRESENT,FULL_NOISE,248284635,1088311622,3,open3d_point_to_plane
synthetic-confirmatory-v1::5d677d35549966c9469c18941e424cec3cadd73acc9ea30bfd6f7a8abfd9cb8f::pcl_point_to_plane,synthetic-confirmatory-v1::5d677d35549966c9469c18941e424cec3cadd73acc9ea30bfd6f7a8abfd9cb8f,END_FACE_TRANSITION_PRESENT,FULL_NOISE,248284635,1088311622,3,pcl_point_to_plane
synthetic-confirmatory-v1::dd1e82504f3fc011a06866fe7698d4d9b3b27c60eec5ca0e65f9c0023aeffda3::open3d_point_to_plane,synthetic-confirmatory-v1::dd1e82504f3fc011a06866fe7698d4d9b3b27c60eec5ca0e65f9c0023aeffda3,END_FACE_TRANSITION_PRESENT,FULL_NOISE,248284635,1088311622,4,open3d_point_to_plane
synthetic-confirmatory-v1::dd1e82504f3fc011a06866fe7698d4d9b3b27c60eec5ca0e65f9c0023aeffda3::pcl_point_to_plane,synthetic-confirmatory-v1::dd1e82504f3fc011a06866fe7698d4d9b3b27c60eec5ca0e65f9c0023aeffda3,END_FACE_TRANSITION_PRESENT,FULL_NOISE,248284635,1088311622,4,pcl_point_to_plane
synthetic-confirmatory-v1::4b5c6af166fdb3d686b626a01dbea1e233ee781d1566c19186c03be98cee6d71::open3d_point_to_plane,synthetic-confirmatory-v1::4b5c6af166fdb3d686b626a01dbea1e233ee781d1566c19186c03be98cee6d71,END_FACE_TRANSITION_PRESENT,FULL_NOISE,248284635,916609326,0,open3d_point_to_plane
synthetic-confirmatory-v1::4b5c6af166fdb3d686b626a01dbea1e233ee781d1566c19186c03be98cee6d71::pcl_point_to_plane,synthetic-confirmatory-v1::4b5c6af166fdb3d686b626a01dbea1e233ee781d1566c19186c03be98cee6d71,END_FACE_TRANSITION_PRESENT,FULL_NOISE,248284635,916609326,0,pcl_point_to_plane
synthetic-confirmatory-v1::d023f571ed31fc3051d4c32e052dea9a9ccabae4516f1845ed1a3a813e47e7d0::open3d_point_to_plane,synthetic-confirmatory-v1::d023f571ed31fc3051d4c32e052dea9a9ccabae4516f1845ed1a3a813e47e7d0,END_FACE_TRANSITION_PRESENT,FULL_NOISE,248284635,916609326,1,open3d_point_to_plane
synthetic-confirmatory-v1::d023f571ed31fc3051d4c32e052dea9a9ccabae4516f1845ed1a3a813e47e7d0::pcl_point_to_plane,synthetic-confirmatory-v1::d023f571ed31fc3051d4c32e052dea9a9ccabae4516f1845ed1a3a813e47e7d0,END_FACE_TRANSITION_PRESENT,FULL_NOISE,248284635,916609326,1,pcl_point_to_plane
synthetic-confirmatory-v1::4f5cde93e88ef2764949c83a8358d843b174ebefde27d9be0143eb1cda7b5546::open3d_point_to_plane,synthetic-confirmatory-v1::4f5cde93e88ef2764949c83a8358d843b174ebefde27d9be0143eb1cda7b5546,END_FACE_TRANSITION_PRESENT,FULL_NOISE,248284635,916609326,2,open3d_point_to_plane
synthetic-confirmatory-v1::4f5cde93e88ef2764949c83a8358d843b174ebefde27d9be0143eb1cda7b5546::pcl_point_to_plane,synthetic-confirmatory-v1::4f5cde93e88ef2764949c83a8358d843b174ebefde27d9be0143eb1cda7b5546,END_FACE_TRANSITION_PRESENT,FULL_NOISE,248284635,916609326,2,pcl_point_to_plane
synthetic-confirmatory-v1::4e6ecb48def04e83c6b205a1620b2ccbd02049814c4d02ff33c143f4a0314600::open3d_point_to_plane,synthetic-confirmatory-v1::4e6ecb48def04e83c6b205a1620b2ccbd02049814c4d02ff33c143f4a0314600,END_FACE_TRANSITION_PRESENT,FULL_NOISE,248284635,916609326,3,open3d_point_to_plane
synthetic-confirmatory-v1::4e6ecb48def04e83c6b205a1620b2ccbd02049814c4d02ff33c143f4a0314600::pcl_point_to_plane,synthetic-confirmatory-v1::4e6ecb48def04e83c6b205a1620b2ccbd02049814c4d02ff33c143f4a0314600,END_FACE_TRANSITION_PRESENT,FULL_NOISE,248284635,916609326,3,pcl_point_to_plane
synthetic-confirmatory-v1::b73720d1d7b19c5be5b7ef6948017cb18b515b260cc5003f8772c527ae72adc6::open3d_point_to_plane,synthetic-confirmatory-v1::b73720d1d7b19c5be5b7ef6948017cb18b515b260cc5003f8772c527ae72adc6,END_FACE_TRANSITION_PRESENT,FULL_NOISE,248284635,916609326,4,open3d_point_to_plane
synthetic-confirmatory-v1::b73720d1d7b19c5be5b7ef6948017cb18b515b260cc5003f8772c527ae72adc6::pcl_point_to_plane,synthetic-confirmatory-v1::b73720d1d7b19c5be5b7ef6948017cb18b515b260cc5003f8772c527ae72adc6,END_FACE_TRANSITION_PRESENT,FULL_NOISE,248284635,916609326,4,pcl_point_to_plane
synthetic-confirmatory-v1::f85d3b568f7c17e1d262e852d65a494e6209b918ced6cf227428dbcddd0e5656::open3d_point_to_plane,synthetic-confirmatory-v1::f85d3b568f7c17e1d262e852d65a494e6209b918ced6cf227428dbcddd0e5656,END_FACE_TRANSITION_PRESENT,IDEAL_MATCHED,376488233,,0,open3d_point_to_plane
synthetic-confirmatory-v1::f85d3b568f7c17e1d262e852d65a494e6209b918ced6cf227428dbcddd0e5656::pcl_point_to_plane,synthetic-confirmatory-v1::f85d3b568f7c17e1d262e852d65a494e6209b918ced6cf227428dbcddd0e5656,END_FACE_TRANSITION_PRESENT,IDEAL_MATCHED,376488233,,0,pcl_point_to_plane
synthetic-confirmatory-v1::fcd023a2a22ee37ea2dc7fbcd2c7f4f4956b149b5b58c181b583a5961f2040d5::open3d_point_to_plane,synthetic-confirmatory-v1::fcd023a2a22ee37ea2dc7fbcd2c7f4f4956b149b5b58c181b583a5961f2040d5,END_FACE_TRANSITION_PRESENT,INDEPENDENT_NOISE_FREE,376488233,,0,open3d_point_to_plane
synthetic-confirmatory-v1::fcd023a2a22ee37ea2dc7fbcd2c7f4f4956b149b5b58c181b583a5961f2040d5::pcl_point_to_plane,synthetic-confirmatory-v1::fcd023a2a22ee37ea2dc7fbcd2c7f4f4956b149b5b58c181b583a5961f2040d5,END_FACE_TRANSITION_PRESENT,INDEPENDENT_NOISE_FREE,376488233,,0,pcl_point_to_plane
synthetic-confirmatory-v1::a08dba8c75613e514ba9192aad4a1d01fd06b6a4d3e71ae20045df284067947c::open3d_point_to_plane,synthetic-confirmatory-v1::a08dba8c75613e514ba9192aad4a1d01fd06b6a4d3e71ae20045df284067947c,END_FACE_TRANSITION_PRESENT,FULL_NOISE,376488233,469989467,0,open3d_point_to_plane
synthetic-confirmatory-v1::a08dba8c75613e514ba9192aad4a1d01fd06b6a4d3e71ae20045df284067947c::pcl_point_to_plane,synthetic-confirmatory-v1::a08dba8c75613e514ba9192aad4a1d01fd06b6a4d3e71ae20045df284067947c,END_FACE_TRANSITION_PRESENT,FULL_NOISE,376488233,469989467,0,pcl_point_to_plane
synthetic-confirmatory-v1::63ef29bfb3e9076fb6394a83df12c9c1c246b1cf24bad821609f510ffe5a1cc9::open3d_point_to_plane,synthetic-confirmatory-v1::63ef29bfb3e9076fb6394a83df12c9c1c246b1cf24bad821609f510ffe5a1cc9,END_FACE_TRANSITION_PRESENT,FULL_NOISE,376488233,469989467,1,open3d_point_to_plane
synthetic-confirmatory-v1::63ef29bfb3e9076fb6394a83df12c9c1c246b1cf24bad821609f510ffe5a1cc9::pcl_point_to_plane,synthetic-confirmatory-v1::63ef29bfb3e9076fb6394a83df12c9c1c246b1cf24bad821609f510ffe5a1cc9,END_FACE_TRANSITION_PRESENT,FULL_NOISE,376488233,469989467,1,pcl_point_to_plane
synthetic-confirmatory-v1::3a855e30b20cb0a45a6e3cf6871ed087eed5c1797e6b4922b41bb88c2d1c1d26::open3d_point_to_plane,synthetic-confirmatory-v1::3a855e30b20cb0a45a6e3cf6871ed087eed5c1797e6b4922b41bb88c2d1c1d26,END_FACE_TRANSITION_PRESENT,FULL_NOISE,376488233,469989467,2,open3d_point_to_plane
synthetic-confirmatory-v1::3a855e30b20cb0a45a6e3cf6871ed087eed5c1797e6b4922b41bb88c2d1c1d26::pcl_point_to_plane,synthetic-confirmatory-v1::3a855e30b20cb0a45a6e3cf6871ed087eed5c1797e6b4922b41bb88c2d1c1d26,END_FACE_TRANSITION_PRESENT,FULL_NOISE,376488233,469989467,2,pcl_point_to_plane
synthetic-confirmatory-v1::1f70a21d89f18d54f597e9a3588aed3acb36219fe88b2ae3193cc3ce99d8506b::open3d_point_to_plane,synthetic-confirmatory-v1::1f70a21d89f18d54f597e9a3588aed3acb36219fe88b2ae3193cc3ce99d8506b,END_FACE_TRANSITION_PRESENT,FULL_NOISE,376488233,469989467,3,open3d_point_to_plane
synthetic-confirmatory-v1::1f70a21d89f18d54f597e9a3588aed3acb36219fe88b2ae3193cc3ce99d8506b::pcl_point_to_plane,synthetic-confirmatory-v1::1f70a21d89f18d54f597e9a3588aed3acb36219fe88b2ae3193cc3ce99d8506b,END_FACE_TRANSITION_PRESENT,FULL_NOISE,376488233,469989467,3,pcl_point_to_plane
synthetic-confirmatory-v1::c59891e840933d583cb64507619a55c46e6c686aaceffe56702d79e630064e0b::open3d_point_to_plane,synthetic-confirmatory-v1::c59891e840933d583cb64507619a55c46e6c686aaceffe56702d79e630064e0b,END_FACE_TRANSITION_PRESENT,FULL_NOISE,376488233,469989467,4,open3d_point_to_plane
synthetic-confirmatory-v1::c59891e840933d583cb64507619a55c46e6c686aaceffe56702d79e630064e0b::pcl_point_to_plane,synthetic-confirmatory-v1::c59891e840933d583cb64507619a55c46e6c686aaceffe56702d79e630064e0b,END_FACE_TRANSITION_PRESENT,FULL_NOISE,376488233,469989467,4,pcl_point_to_plane
synthetic-confirmatory-v1::5046f18dfca7357dc1f19067eef161111511d1fba309338406477ad0ea4b1e80::open3d_point_to_plane,synthetic-confirmatory-v1::5046f18dfca7357dc1f19067eef161111511d1fba309338406477ad0ea4b1e80,END_FACE_TRANSITION_PRESENT,FULL_NOISE,376488233,1088311622,0,open3d_point_to_plane
synthetic-confirmatory-v1::5046f18dfca7357dc1f19067eef161111511d1fba309338406477ad0ea4b1e80::pcl_point_to_plane,synthetic-confirmatory-v1::5046f18dfca7357dc1f19067eef161111511d1fba309338406477ad0ea4b1e80,END_FACE_TRANSITION_PRESENT,FULL_NOISE,376488233,1088311622,0,pcl_point_to_plane
synthetic-confirmatory-v1::ae7e40001a38a5e7059aa7d0b6a045895b1c0349f4e421c3637fde383162db0d::open3d_point_to_plane,synthetic-confirmatory-v1::ae7e40001a38a5e7059aa7d0b6a045895b1c0349f4e421c3637fde383162db0d,END_FACE_TRANSITION_PRESENT,FULL_NOISE,376488233,1088311622,1,open3d_point_to_plane
synthetic-confirmatory-v1::ae7e40001a38a5e7059aa7d0b6a045895b1c0349f4e421c3637fde383162db0d::pcl_point_to_plane,synthetic-confirmatory-v1::ae7e40001a38a5e7059aa7d0b6a045895b1c0349f4e421c3637fde383162db0d,END_FACE_TRANSITION_PRESENT,FULL_NOISE,376488233,1088311622,1,pcl_point_to_plane
synthetic-confirmatory-v1::d5dc27326334c71f738b669f23fc35d7667c79a16c2c3671f3eeae6cb58289f1::open3d_point_to_plane,synthetic-confirmatory-v1::d5dc27326334c71f738b669f23fc35d7667c79a16c2c3671f3eeae6cb58289f1,END_FACE_TRANSITION_PRESENT,FULL_NOISE,376488233,1088311622,2,open3d_point_to_plane
synthetic-confirmatory-v1::d5dc27326334c71f738b669f23fc35d7667c79a16c2c3671f3eeae6cb58289f1::pcl_point_to_plane,synthetic-confirmatory-v1::d5dc27326334c71f738b669f23fc35d7667c79a16c2c3671f3eeae6cb58289f1,END_FACE_TRANSITION_PRESENT,FULL_NOISE,376488233,1088311622,2,pcl_point_to_plane
synthetic-confirmatory-v1::b74436c6c5ed7ef4835349db2f1b9bb16ec953b11d749ad81d259145ea77f8e3::open3d_point_to_plane,synthetic-confirmatory-v1::b74436c6c5ed7ef4835349db2f1b9bb16ec953b11d749ad81d259145ea77f8e3,END_FACE_TRANSITION_PRESENT,FULL_NOISE,376488233,1088311622,3,open3d_point_to_plane
synthetic-confirmatory-v1::b74436c6c5ed7ef4835349db2f1b9bb16ec953b11d749ad81d259145ea77f8e3::pcl_point_to_plane,synthetic-confirmatory-v1::b74436c6c5ed7ef4835349db2f1b9bb16ec953b11d749ad81d259145ea77f8e3,END_FACE_TRANSITION_PRESENT,FULL_NOISE,376488233,1088311622,3,pcl_point_to_plane
synthetic-confirmatory-v1::56f09db92434cb6af1259658f8840f4508f63a7c5ddb828609377863fc063476::open3d_point_to_plane,synthetic-confirmatory-v1::56f09db92434cb6af1259658f8840f4508f63a7c5ddb828609377863fc063476,END_FACE_TRANSITION_PRESENT,FULL_NOISE,376488233,1088311622,4,open3d_point_to_plane
synthetic-confirmatory-v1::56f09db92434cb6af1259658f8840f4508f63a7c5ddb828609377863fc063476::pcl_point_to_plane,synthetic-confirmatory-v1::56f09db92434cb6af1259658f8840f4508f63a7c5ddb828609377863fc063476,END_FACE_TRANSITION_PRESENT,FULL_NOISE,376488233,1088311622,4,pcl_point_to_plane
synthetic-confirmatory-v1::f65630cfc9fbc16b948c04382339772bacd53fe5216338a2ba9a39a5f3c54e1f::open3d_point_to_plane,synthetic-confirmatory-v1::f65630cfc9fbc16b948c04382339772bacd53fe5216338a2ba9a39a5f3c54e1f,END_FACE_TRANSITION_PRESENT,FULL_NOISE,376488233,916609326,0,open3d_point_to_plane
synthetic-confirmatory-v1::f65630cfc9fbc16b948c04382339772bacd53fe5216338a2ba9a39a5f3c54e1f::pcl_point_to_plane,synthetic-confirmatory-v1::f65630cfc9fbc16b948c04382339772bacd53fe5216338a2ba9a39a5f3c54e1f,END_FACE_TRANSITION_PRESENT,FULL_NOISE,376488233,916609326,0,pcl_point_to_plane
synthetic-confirmatory-v1::b05dd176b0750bbf4d34623e5661d3de32dca1716e97fac186df9cfdeb6b5397::open3d_point_to_plane,synthetic-confirmatory-v1::b05dd176b0750bbf4d34623e5661d3de32dca1716e97fac186df9cfdeb6b5397,END_FACE_TRANSITION_PRESENT,FULL_NOISE,376488233,916609326,1,open3d_point_to_plane
synthetic-confirmatory-v1::b05dd176b0750bbf4d34623e5661d3de32dca1716e97fac186df9cfdeb6b5397::pcl_point_to_plane,synthetic-confirmatory-v1::b05dd176b0750bbf4d34623e5661d3de32dca1716e97fac186df9cfdeb6b5397,END_FACE_TRANSITION_PRESENT,FULL_NOISE,376488233,916609326,1,pcl_point_to_plane
synthetic-confirmatory-v1::c6e5bf5d03dd2221f10a6a039bbb699d71dd8bac9f39dd297c861c1618d1d2d6::open3d_point_to_plane,synthetic-confirmatory-v1::c6e5bf5d03dd2221f10a6a039bbb699d71dd8bac9f39dd297c861c1618d1d2d6,END_FACE_TRANSITION_PRESENT,FULL_NOISE,376488233,916609326,2,open3d_point_to_plane
synthetic-confirmatory-v1::c6e5bf5d03dd2221f10a6a039bbb699d71dd8bac9f39dd297c861c1618d1d2d6::pcl_point_to_plane,synthetic-confirmatory-v1::c6e5bf5d03dd2221f10a6a039bbb699d71dd8bac9f39dd297c861c1618d1d2d6,END_FACE_TRANSITION_PRESENT,FULL_NOISE,376488233,916609326,2,pcl_point_to_plane
synthetic-confirmatory-v1::05e7096bf320ed8210343d137256249c3d51aae3c58488904a9c4cf658017a9e::open3d_point_to_plane,synthetic-confirmatory-v1::05e7096bf320ed8210343d137256249c3d51aae3c58488904a9c4cf658017a9e,END_FACE_TRANSITION_PRESENT,FULL_NOISE,376488233,916609326,3,open3d_point_to_plane
synthetic-confirmatory-v1::05e7096bf320ed8210343d137256249c3d51aae3c58488904a9c4cf658017a9e::pcl_point_to_plane,synthetic-confirmatory-v1::05e7096bf320ed8210343d137256249c3d51aae3c58488904a9c4cf658017a9e,END_FACE_TRANSITION_PRESENT,FULL_NOISE,376488233,916609326,3,pcl_point_to_plane
synthetic-confirmatory-v1::acec93fbe5be13c0b2600678cfa8505f372fd2e865b616b3ea71e25e2ba79da7::open3d_point_to_plane,synthetic-confirmatory-v1::acec93fbe5be13c0b2600678cfa8505f372fd2e865b616b3ea71e25e2ba79da7,END_FACE_TRANSITION_PRESENT,FULL_NOISE,376488233,916609326,4,open3d_point_to_plane
synthetic-confirmatory-v1::acec93fbe5be13c0b2600678cfa8505f372fd2e865b616b3ea71e25e2ba79da7::pcl_point_to_plane,synthetic-confirmatory-v1::acec93fbe5be13c0b2600678cfa8505f372fd2e865b616b3ea71e25e2ba79da7,END_FACE_TRANSITION_PRESENT,FULL_NOISE,376488233,916609326,4,pcl_point_to_plane
synthetic-confirmatory-v1::f85300cb50d734963f8f8735db669618fc6ecfdfc2b79f52666aa7eadb558247::open3d_point_to_plane,synthetic-confirmatory-v1::f85300cb50d734963f8f8735db669618fc6ecfdfc2b79f52666aa7eadb558247,END_FACE_TRANSITION_PRESENT,IDEAL_MATCHED,198112089,,0,open3d_point_to_plane
synthetic-confirmatory-v1::f85300cb50d734963f8f8735db669618fc6ecfdfc2b79f52666aa7eadb558247::pcl_point_to_plane,synthetic-confirmatory-v1::f85300cb50d734963f8f8735db669618fc6ecfdfc2b79f52666aa7eadb558247,END_FACE_TRANSITION_PRESENT,IDEAL_MATCHED,198112089,,0,pcl_point_to_plane
synthetic-confirmatory-v1::dd8158aa645815e5a1faf2d9fb6311b6f23db50c8d5f360e5ea9b1f85b32e431::open3d_point_to_plane,synthetic-confirmatory-v1::dd8158aa645815e5a1faf2d9fb6311b6f23db50c8d5f360e5ea9b1f85b32e431,END_FACE_TRANSITION_PRESENT,INDEPENDENT_NOISE_FREE,198112089,,0,open3d_point_to_plane
synthetic-confirmatory-v1::dd8158aa645815e5a1faf2d9fb6311b6f23db50c8d5f360e5ea9b1f85b32e431::pcl_point_to_plane,synthetic-confirmatory-v1::dd8158aa645815e5a1faf2d9fb6311b6f23db50c8d5f360e5ea9b1f85b32e431,END_FACE_TRANSITION_PRESENT,INDEPENDENT_NOISE_FREE,198112089,,0,pcl_point_to_plane
synthetic-confirmatory-v1::c2d1acbfafcc2b79733658b92764bf1c587bc7cffbae0f6d43cee62b70adc866::open3d_point_to_plane,synthetic-confirmatory-v1::c2d1acbfafcc2b79733658b92764bf1c587bc7cffbae0f6d43cee62b70adc866,END_FACE_TRANSITION_PRESENT,FULL_NOISE,198112089,469989467,0,open3d_point_to_plane
synthetic-confirmatory-v1::c2d1acbfafcc2b79733658b92764bf1c587bc7cffbae0f6d43cee62b70adc866::pcl_point_to_plane,synthetic-confirmatory-v1::c2d1acbfafcc2b79733658b92764bf1c587bc7cffbae0f6d43cee62b70adc866,END_FACE_TRANSITION_PRESENT,FULL_NOISE,198112089,469989467,0,pcl_point_to_plane
synthetic-confirmatory-v1::530640f9d6368e8f7cd7bc7d877536276ea09d47938cf1f1782eb3ae7afd06e7::open3d_point_to_plane,synthetic-confirmatory-v1::530640f9d6368e8f7cd7bc7d877536276ea09d47938cf1f1782eb3ae7afd06e7,END_FACE_TRANSITION_PRESENT,FULL_NOISE,198112089,469989467,1,open3d_point_to_plane
synthetic-confirmatory-v1::530640f9d6368e8f7cd7bc7d877536276ea09d47938cf1f1782eb3ae7afd06e7::pcl_point_to_plane,synthetic-confirmatory-v1::530640f9d6368e8f7cd7bc7d877536276ea09d47938cf1f1782eb3ae7afd06e7,END_FACE_TRANSITION_PRESENT,FULL_NOISE,198112089,469989467,1,pcl_point_to_plane
synthetic-confirmatory-v1::a1fba37451bce5bf96846330a3337f0b14556063a0ac4ac264c9e1cad91aad39::open3d_point_to_plane,synthetic-confirmatory-v1::a1fba37451bce5bf96846330a3337f0b14556063a0ac4ac264c9e1cad91aad39,END_FACE_TRANSITION_PRESENT,FULL_NOISE,198112089,469989467,2,open3d_point_to_plane
synthetic-confirmatory-v1::a1fba37451bce5bf96846330a3337f0b14556063a0ac4ac264c9e1cad91aad39::pcl_point_to_plane,synthetic-confirmatory-v1::a1fba37451bce5bf96846330a3337f0b14556063a0ac4ac264c9e1cad91aad39,END_FACE_TRANSITION_PRESENT,FULL_NOISE,198112089,469989467,2,pcl_point_to_plane
synthetic-confirmatory-v1::2604433bdecb40aa2398c1bc882f33ae232f17e676900895a3e8838445b84d28::open3d_point_to_plane,synthetic-confirmatory-v1::2604433bdecb40aa2398c1bc882f33ae232f17e676900895a3e8838445b84d28,END_FACE_TRANSITION_PRESENT,FULL_NOISE,198112089,469989467,3,open3d_point_to_plane
synthetic-confirmatory-v1::2604433bdecb40aa2398c1bc882f33ae232f17e676900895a3e8838445b84d28::pcl_point_to_plane,synthetic-confirmatory-v1::2604433bdecb40aa2398c1bc882f33ae232f17e676900895a3e8838445b84d28,END_FACE_TRANSITION_PRESENT,FULL_NOISE,198112089,469989467,3,pcl_point_to_plane
synthetic-confirmatory-v1::50bdf6e20fa4a248ca0bb55b08b14759e84ce8997dd030cdda1917e8c05054d4::open3d_point_to_plane,synthetic-confirmatory-v1::50bdf6e20fa4a248ca0bb55b08b14759e84ce8997dd030cdda1917e8c05054d4,END_FACE_TRANSITION_PRESENT,FULL_NOISE,198112089,469989467,4,open3d_point_to_plane
synthetic-confirmatory-v1::50bdf6e20fa4a248ca0bb55b08b14759e84ce8997dd030cdda1917e8c05054d4::pcl_point_to_plane,synthetic-confirmatory-v1::50bdf6e20fa4a248ca0bb55b08b14759e84ce8997dd030cdda1917e8c05054d4,END_FACE_TRANSITION_PRESENT,FULL_NOISE,198112089,469989467,4,pcl_point_to_plane
synthetic-confirmatory-v1::d47fc1b5f47e3b8658e6aa0cc0e222576562286f73d3d8fba67c659e5120bc6e::open3d_point_to_plane,synthetic-confirmatory-v1::d47fc1b5f47e3b8658e6aa0cc0e222576562286f73d3d8fba67c659e5120bc6e,END_FACE_TRANSITION_PRESENT,FULL_NOISE,198112089,1088311622,0,open3d_point_to_plane
synthetic-confirmatory-v1::d47fc1b5f47e3b8658e6aa0cc0e222576562286f73d3d8fba67c659e5120bc6e::pcl_point_to_plane,synthetic-confirmatory-v1::d47fc1b5f47e3b8658e6aa0cc0e222576562286f73d3d8fba67c659e5120bc6e,END_FACE_TRANSITION_PRESENT,FULL_NOISE,198112089,1088311622,0,pcl_point_to_plane
synthetic-confirmatory-v1::378d80551ee68be8ccf25d21740dba2328845b519385c8c95f5ccb82887289c6::open3d_point_to_plane,synthetic-confirmatory-v1::378d80551ee68be8ccf25d21740dba2328845b519385c8c95f5ccb82887289c6,END_FACE_TRANSITION_PRESENT,FULL_NOISE,198112089,1088311622,1,open3d_point_to_plane
synthetic-confirmatory-v1::378d80551ee68be8ccf25d21740dba2328845b519385c8c95f5ccb82887289c6::pcl_point_to_plane,synthetic-confirmatory-v1::378d80551ee68be8ccf25d21740dba2328845b519385c8c95f5ccb82887289c6,END_FACE_TRANSITION_PRESENT,FULL_NOISE,198112089,1088311622,1,pcl_point_to_plane
synthetic-confirmatory-v1::c765a71f459a63b092648362a073a9faf467060e40445f0a8a1fd755759a3e57::open3d_point_to_plane,synthetic-confirmatory-v1::c765a71f459a63b092648362a073a9faf467060e40445f0a8a1fd755759a3e57,END_FACE_TRANSITION_PRESENT,FULL_NOISE,198112089,1088311622,2,open3d_point_to_plane
synthetic-confirmatory-v1::c765a71f459a63b092648362a073a9faf467060e40445f0a8a1fd755759a3e57::pcl_point_to_plane,synthetic-confirmatory-v1::c765a71f459a63b092648362a073a9faf467060e40445f0a8a1fd755759a3e57,END_FACE_TRANSITION_PRESENT,FULL_NOISE,198112089,1088311622,2,pcl_point_to_plane
synthetic-confirmatory-v1::1c13003af0f976c909ecab8e366aeb81f4292e46f3efc805049c9e00c2c577b9::open3d_point_to_plane,synthetic-confirmatory-v1::1c13003af0f976c909ecab8e366aeb81f4292e46f3efc805049c9e00c2c577b9,END_FACE_TRANSITION_PRESENT,FULL_NOISE,198112089,1088311622,3,open3d_point_to_plane
synthetic-confirmatory-v1::1c13003af0f976c909ecab8e366aeb81f4292e46f3efc805049c9e00c2c577b9::pcl_point_to_plane,synthetic-confirmatory-v1::1c13003af0f976c909ecab8e366aeb81f4292e46f3efc805049c9e00c2c577b9,END_FACE_TRANSITION_PRESENT,FULL_NOISE,198112089,1088311622,3,pcl_point_to_plane
synthetic-confirmatory-v1::79a54a06c31966832c6c9c3f262871536383ac3781d81b50afaa221115dcbcb8::open3d_point_to_plane,synthetic-confirmatory-v1::79a54a06c31966832c6c9c3f262871536383ac3781d81b50afaa221115dcbcb8,END_FACE_TRANSITION_PRESENT,FULL_NOISE,198112089,1088311622,4,open3d_point_to_plane
synthetic-confirmatory-v1::79a54a06c31966832c6c9c3f262871536383ac3781d81b50afaa221115dcbcb8::pcl_point_to_plane,synthetic-confirmatory-v1::79a54a06c31966832c6c9c3f262871536383ac3781d81b50afaa221115dcbcb8,END_FACE_TRANSITION_PRESENT,FULL_NOISE,198112089,1088311622,4,pcl_point_to_plane
synthetic-confirmatory-v1::9f90808a2e34ea0c1e6e20069e779f63a2c063f7ce005db805e1810a5faced13::open3d_point_to_plane,synthetic-confirmatory-v1::9f90808a2e34ea0c1e6e20069e779f63a2c063f7ce005db805e1810a5faced13,END_FACE_TRANSITION_PRESENT,FULL_NOISE,198112089,916609326,0,open3d_point_to_plane
synthetic-confirmatory-v1::9f90808a2e34ea0c1e6e20069e779f63a2c063f7ce005db805e1810a5faced13::pcl_point_to_plane,synthetic-confirmatory-v1::9f90808a2e34ea0c1e6e20069e779f63a2c063f7ce005db805e1810a5faced13,END_FACE_TRANSITION_PRESENT,FULL_NOISE,198112089,916609326,0,pcl_point_to_plane
synthetic-confirmatory-v1::8e9fec890369d5c052f6a193daaa7c9505544a063d635ad6886ad668b6e15589::open3d_point_to_plane,synthetic-confirmatory-v1::8e9fec890369d5c052f6a193daaa7c9505544a063d635ad6886ad668b6e15589,END_FACE_TRANSITION_PRESENT,FULL_NOISE,198112089,916609326,1,open3d_point_to_plane
synthetic-confirmatory-v1::8e9fec890369d5c052f6a193daaa7c9505544a063d635ad6886ad668b6e15589::pcl_point_to_plane,synthetic-confirmatory-v1::8e9fec890369d5c052f6a193daaa7c9505544a063d635ad6886ad668b6e15589,END_FACE_TRANSITION_PRESENT,FULL_NOISE,198112089,916609326,1,pcl_point_to_plane
synthetic-confirmatory-v1::2b7dceda86c8e74bf023b2e90d5a8ed659466cab3a7c3b69b7c5862a7ced4080::open3d_point_to_plane,synthetic-confirmatory-v1::2b7dceda86c8e74bf023b2e90d5a8ed659466cab3a7c3b69b7c5862a7ced4080,END_FACE_TRANSITION_PRESENT,FULL_NOISE,198112089,916609326,2,open3d_point_to_plane
synthetic-confirmatory-v1::2b7dceda86c8e74bf023b2e90d5a8ed659466cab3a7c3b69b7c5862a7ced4080::pcl_point_to_plane,synthetic-confirmatory-v1::2b7dceda86c8e74bf023b2e90d5a8ed659466cab3a7c3b69b7c5862a7ced4080,END_FACE_TRANSITION_PRESENT,FULL_NOISE,198112089,916609326,2,pcl_point_to_plane
synthetic-confirmatory-v1::089cffa7754a312328adf7f1510c8091c16b9b5749157434ba8783e9d5978901::open3d_point_to_plane,synthetic-confirmatory-v1::089cffa7754a312328adf7f1510c8091c16b9b5749157434ba8783e9d5978901,END_FACE_TRANSITION_PRESENT,FULL_NOISE,198112089,916609326,3,open3d_point_to_plane
synthetic-confirmatory-v1::089cffa7754a312328adf7f1510c8091c16b9b5749157434ba8783e9d5978901::pcl_point_to_plane,synthetic-confirmatory-v1::089cffa7754a312328adf7f1510c8091c16b9b5749157434ba8783e9d5978901,END_FACE_TRANSITION_PRESENT,FULL_NOISE,198112089,916609326,3,pcl_point_to_plane
synthetic-confirmatory-v1::6e4e64f622c4e831178a1540d8bbf2fb69a2d0fab5d597e1f462fc972868b337::open3d_point_to_plane,synthetic-confirmatory-v1::6e4e64f622c4e831178a1540d8bbf2fb69a2d0fab5d597e1f462fc972868b337,END_FACE_TRANSITION_PRESENT,FULL_NOISE,198112089,916609326,4,open3d_point_to_plane
synthetic-confirmatory-v1::6e4e64f622c4e831178a1540d8bbf2fb69a2d0fab5d597e1f462fc972868b337::pcl_point_to_plane,synthetic-confirmatory-v1::6e4e64f622c4e831178a1540d8bbf2fb69a2d0fab5d597e1f462fc972868b337,END_FACE_TRANSITION_PRESENT,FULL_NOISE,198112089,916609326,4,pcl_point_to_plane
synthetic-confirmatory-v1::0e1a651a5e72ac0b57790f5e65b83bcde9cf0a28e49bfc624b796399531cbb3c::open3d_point_to_plane,synthetic-confirmatory-v1::0e1a651a5e72ac0b57790f5e65b83bcde9cf0a28e49bfc624b796399531cbb3c,END_FACE_TRANSITION_PRESENT,IDEAL_MATCHED,229684695,,0,open3d_point_to_plane
synthetic-confirmatory-v1::0e1a651a5e72ac0b57790f5e65b83bcde9cf0a28e49bfc624b796399531cbb3c::pcl_point_to_plane,synthetic-confirmatory-v1::0e1a651a5e72ac0b57790f5e65b83bcde9cf0a28e49bfc624b796399531cbb3c,END_FACE_TRANSITION_PRESENT,IDEAL_MATCHED,229684695,,0,pcl_point_to_plane
synthetic-confirmatory-v1::002f3cfaf7314f0c581678adc664e43af94df7b6f7d24f9c0b6dc1f8a9400990::open3d_point_to_plane,synthetic-confirmatory-v1::002f3cfaf7314f0c581678adc664e43af94df7b6f7d24f9c0b6dc1f8a9400990,END_FACE_TRANSITION_PRESENT,INDEPENDENT_NOISE_FREE,229684695,,0,open3d_point_to_plane
synthetic-confirmatory-v1::002f3cfaf7314f0c581678adc664e43af94df7b6f7d24f9c0b6dc1f8a9400990::pcl_point_to_plane,synthetic-confirmatory-v1::002f3cfaf7314f0c581678adc664e43af94df7b6f7d24f9c0b6dc1f8a9400990,END_FACE_TRANSITION_PRESENT,INDEPENDENT_NOISE_FREE,229684695,,0,pcl_point_to_plane
synthetic-confirmatory-v1::d4c098f6d4d5175995da9906e33c98b5f79c0756f5772d4da55197a3be4296b0::open3d_point_to_plane,synthetic-confirmatory-v1::d4c098f6d4d5175995da9906e33c98b5f79c0756f5772d4da55197a3be4296b0,END_FACE_TRANSITION_PRESENT,FULL_NOISE,229684695,469989467,0,open3d_point_to_plane
synthetic-confirmatory-v1::d4c098f6d4d5175995da9906e33c98b5f79c0756f5772d4da55197a3be4296b0::pcl_point_to_plane,synthetic-confirmatory-v1::d4c098f6d4d5175995da9906e33c98b5f79c0756f5772d4da55197a3be4296b0,END_FACE_TRANSITION_PRESENT,FULL_NOISE,229684695,469989467,0,pcl_point_to_plane
synthetic-confirmatory-v1::010d68cb3b75a5cc045253947e3a6d75ad8ce1528c00c341a0ce1fe6d4358d0a::open3d_point_to_plane,synthetic-confirmatory-v1::010d68cb3b75a5cc045253947e3a6d75ad8ce1528c00c341a0ce1fe6d4358d0a,END_FACE_TRANSITION_PRESENT,FULL_NOISE,229684695,469989467,1,open3d_point_to_plane
synthetic-confirmatory-v1::010d68cb3b75a5cc045253947e3a6d75ad8ce1528c00c341a0ce1fe6d4358d0a::pcl_point_to_plane,synthetic-confirmatory-v1::010d68cb3b75a5cc045253947e3a6d75ad8ce1528c00c341a0ce1fe6d4358d0a,END_FACE_TRANSITION_PRESENT,FULL_NOISE,229684695,469989467,1,pcl_point_to_plane
synthetic-confirmatory-v1::ea7f923fde961d9ad78c95022720eebb6269adb78e894cc0070874f2bee2783b::open3d_point_to_plane,synthetic-confirmatory-v1::ea7f923fde961d9ad78c95022720eebb6269adb78e894cc0070874f2bee2783b,END_FACE_TRANSITION_PRESENT,FULL_NOISE,229684695,469989467,2,open3d_point_to_plane
synthetic-confirmatory-v1::ea7f923fde961d9ad78c95022720eebb6269adb78e894cc0070874f2bee2783b::pcl_point_to_plane,synthetic-confirmatory-v1::ea7f923fde961d9ad78c95022720eebb6269adb78e894cc0070874f2bee2783b,END_FACE_TRANSITION_PRESENT,FULL_NOISE,229684695,469989467,2,pcl_point_to_plane
synthetic-confirmatory-v1::81b35210e3bba0b93015568f2230f6fc0ca0696c5d85e32cb007fcb5bbd6a37d::open3d_point_to_plane,synthetic-confirmatory-v1::81b35210e3bba0b93015568f2230f6fc0ca0696c5d85e32cb007fcb5bbd6a37d,END_FACE_TRANSITION_PRESENT,FULL_NOISE,229684695,469989467,3,open3d_point_to_plane
synthetic-confirmatory-v1::81b35210e3bba0b93015568f2230f6fc0ca0696c5d85e32cb007fcb5bbd6a37d::pcl_point_to_plane,synthetic-confirmatory-v1::81b35210e3bba0b93015568f2230f6fc0ca0696c5d85e32cb007fcb5bbd6a37d,END_FACE_TRANSITION_PRESENT,FULL_NOISE,229684695,469989467,3,pcl_point_to_plane
synthetic-confirmatory-v1::19f196fee829e38370233fb27c7582e95309de9d665de6aca22b72f8f7953fa6::open3d_point_to_plane,synthetic-confirmatory-v1::19f196fee829e38370233fb27c7582e95309de9d665de6aca22b72f8f7953fa6,END_FACE_TRANSITION_PRESENT,FULL_NOISE,229684695,469989467,4,open3d_point_to_plane
synthetic-confirmatory-v1::19f196fee829e38370233fb27c7582e95309de9d665de6aca22b72f8f7953fa6::pcl_point_to_plane,synthetic-confirmatory-v1::19f196fee829e38370233fb27c7582e95309de9d665de6aca22b72f8f7953fa6,END_FACE_TRANSITION_PRESENT,FULL_NOISE,229684695,469989467,4,pcl_point_to_plane
synthetic-confirmatory-v1::5f4ed7ed2da81eab1c23f12bb2927747f2a93444b9e3cc87055b23037794ab62::open3d_point_to_plane,synthetic-confirmatory-v1::5f4ed7ed2da81eab1c23f12bb2927747f2a93444b9e3cc87055b23037794ab62,END_FACE_TRANSITION_PRESENT,FULL_NOISE,229684695,1088311622,0,open3d_point_to_plane
synthetic-confirmatory-v1::5f4ed7ed2da81eab1c23f12bb2927747f2a93444b9e3cc87055b23037794ab62::pcl_point_to_plane,synthetic-confirmatory-v1::5f4ed7ed2da81eab1c23f12bb2927747f2a93444b9e3cc87055b23037794ab62,END_FACE_TRANSITION_PRESENT,FULL_NOISE,229684695,1088311622,0,pcl_point_to_plane
synthetic-confirmatory-v1::dd57e03427226dc16504781f657f083cc204b6ee9adc0193f9cb50c22d5b42d2::open3d_point_to_plane,synthetic-confirmatory-v1::dd57e03427226dc16504781f657f083cc204b6ee9adc0193f9cb50c22d5b42d2,END_FACE_TRANSITION_PRESENT,FULL_NOISE,229684695,1088311622,1,open3d_point_to_plane
synthetic-confirmatory-v1::dd57e03427226dc16504781f657f083cc204b6ee9adc0193f9cb50c22d5b42d2::pcl_point_to_plane,synthetic-confirmatory-v1::dd57e03427226dc16504781f657f083cc204b6ee9adc0193f9cb50c22d5b42d2,END_FACE_TRANSITION_PRESENT,FULL_NOISE,229684695,1088311622,1,pcl_point_to_plane
synthetic-confirmatory-v1::2967b7bd125463eb29d0ae9bf9c12d34e6d687608cb128dc72fda239be24d52b::open3d_point_to_plane,synthetic-confirmatory-v1::2967b7bd125463eb29d0ae9bf9c12d34e6d687608cb128dc72fda239be24d52b,END_FACE_TRANSITION_PRESENT,FULL_NOISE,229684695,1088311622,2,open3d_point_to_plane
synthetic-confirmatory-v1::2967b7bd125463eb29d0ae9bf9c12d34e6d687608cb128dc72fda239be24d52b::pcl_point_to_plane,synthetic-confirmatory-v1::2967b7bd125463eb29d0ae9bf9c12d34e6d687608cb128dc72fda239be24d52b,END_FACE_TRANSITION_PRESENT,FULL_NOISE,229684695,1088311622,2,pcl_point_to_plane
synthetic-confirmatory-v1::4960405e2b6defde1db1c70fa4c6e58f5f1c0c9ab9a67373517b35150574526e::open3d_point_to_plane,synthetic-confirmatory-v1::4960405e2b6defde1db1c70fa4c6e58f5f1c0c9ab9a67373517b35150574526e,END_FACE_TRANSITION_PRESENT,FULL_NOISE,229684695,1088311622,3,open3d_point_to_plane
synthetic-confirmatory-v1::4960405e2b6defde1db1c70fa4c6e58f5f1c0c9ab9a67373517b35150574526e::pcl_point_to_plane,synthetic-confirmatory-v1::4960405e2b6defde1db1c70fa4c6e58f5f1c0c9ab9a67373517b35150574526e,END_FACE_TRANSITION_PRESENT,FULL_NOISE,229684695,1088311622,3,pcl_point_to_plane
synthetic-confirmatory-v1::b588aa5ab891097e4293df19d066d1945d967bbd1d3d7531c63e731202bc02a8::open3d_point_to_plane,synthetic-confirmatory-v1::b588aa5ab891097e4293df19d066d1945d967bbd1d3d7531c63e731202bc02a8,END_FACE_TRANSITION_PRESENT,FULL_NOISE,229684695,1088311622,4,open3d_point_to_plane
synthetic-confirmatory-v1::b588aa5ab891097e4293df19d066d1945d967bbd1d3d7531c63e731202bc02a8::pcl_point_to_plane,synthetic-confirmatory-v1::b588aa5ab891097e4293df19d066d1945d967bbd1d3d7531c63e731202bc02a8,END_FACE_TRANSITION_PRESENT,FULL_NOISE,229684695,1088311622,4,pcl_point_to_plane
synthetic-confirmatory-v1::409008075561f5c9fbb0002a28615a39a6574f7dfeb3b466f3d99ccbe213960a::open3d_point_to_plane,synthetic-confirmatory-v1::409008075561f5c9fbb0002a28615a39a6574f7dfeb3b466f3d99ccbe213960a,END_FACE_TRANSITION_PRESENT,FULL_NOISE,229684695,916609326,0,open3d_point_to_plane
synthetic-confirmatory-v1::409008075561f5c9fbb0002a28615a39a6574f7dfeb3b466f3d99ccbe213960a::pcl_point_to_plane,synthetic-confirmatory-v1::409008075561f5c9fbb0002a28615a39a6574f7dfeb3b466f3d99ccbe213960a,END_FACE_TRANSITION_PRESENT,FULL_NOISE,229684695,916609326,0,pcl_point_to_plane
synthetic-confirmatory-v1::de84f5761a7c00fee7897b6ff88fae46416bd27782bfaf8dbfa3b6b27a42812e::open3d_point_to_plane,synthetic-confirmatory-v1::de84f5761a7c00fee7897b6ff88fae46416bd27782bfaf8dbfa3b6b27a42812e,END_FACE_TRANSITION_PRESENT,FULL_NOISE,229684695,916609326,1,open3d_point_to_plane
synthetic-confirmatory-v1::de84f5761a7c00fee7897b6ff88fae46416bd27782bfaf8dbfa3b6b27a42812e::pcl_point_to_plane,synthetic-confirmatory-v1::de84f5761a7c00fee7897b6ff88fae46416bd27782bfaf8dbfa3b6b27a42812e,END_FACE_TRANSITION_PRESENT,FULL_NOISE,229684695,916609326,1,pcl_point_to_plane
synthetic-confirmatory-v1::a262ccb40de92fb25280cee652d460b356e8dbbebb5c6a97f13b48a99b00c2c1::open3d_point_to_plane,synthetic-confirmatory-v1::a262ccb40de92fb25280cee652d460b356e8dbbebb5c6a97f13b48a99b00c2c1,END_FACE_TRANSITION_PRESENT,FULL_NOISE,229684695,916609326,2,open3d_point_to_plane
synthetic-confirmatory-v1::a262ccb40de92fb25280cee652d460b356e8dbbebb5c6a97f13b48a99b00c2c1::pcl_point_to_plane,synthetic-confirmatory-v1::a262ccb40de92fb25280cee652d460b356e8dbbebb5c6a97f13b48a99b00c2c1,END_FACE_TRANSITION_PRESENT,FULL_NOISE,229684695,916609326,2,pcl_point_to_plane
synthetic-confirmatory-v1::f3c8f7ecc4b735f4c07ce98bd0c9626402d3f780755e87655fac759eb303fddd::open3d_point_to_plane,synthetic-confirmatory-v1::f3c8f7ecc4b735f4c07ce98bd0c9626402d3f780755e87655fac759eb303fddd,END_FACE_TRANSITION_PRESENT,FULL_NOISE,229684695,916609326,3,open3d_point_to_plane
synthetic-confirmatory-v1::f3c8f7ecc4b735f4c07ce98bd0c9626402d3f780755e87655fac759eb303fddd::pcl_point_to_plane,synthetic-confirmatory-v1::f3c8f7ecc4b735f4c07ce98bd0c9626402d3f780755e87655fac759eb303fddd,END_FACE_TRANSITION_PRESENT,FULL_NOISE,229684695,916609326,3,pcl_point_to_plane
synthetic-confirmatory-v1::eea6659d86707738197ae50c3c4350dc5e99f977d6a2a896b6df0e97db89b5ae::open3d_point_to_plane,synthetic-confirmatory-v1::eea6659d86707738197ae50c3c4350dc5e99f977d6a2a896b6df0e97db89b5ae,END_FACE_TRANSITION_PRESENT,FULL_NOISE,229684695,916609326,4,open3d_point_to_plane
synthetic-confirmatory-v1::eea6659d86707738197ae50c3c4350dc5e99f977d6a2a896b6df0e97db89b5ae::pcl_point_to_plane,synthetic-confirmatory-v1::eea6659d86707738197ae50c3c4350dc5e99f977d6a2a896b6df0e97db89b5ae,END_FACE_TRANSITION_PRESENT,FULL_NOISE,229684695,916609326,4,pcl_point_to_plane
synthetic-confirmatory-v1::b3063ae51c398aeced69c916dda1038ab6631f3d4bd4fc02c89d106daf8bab92::open3d_point_to_plane,synthetic-confirmatory-v1::b3063ae51c398aeced69c916dda1038ab6631f3d4bd4fc02c89d106daf8bab92,END_FACE_TRANSITION_PRESENT,IDEAL_MATCHED,226655024,,0,open3d_point_to_plane
synthetic-confirmatory-v1::b3063ae51c398aeced69c916dda1038ab6631f3d4bd4fc02c89d106daf8bab92::pcl_point_to_plane,synthetic-confirmatory-v1::b3063ae51c398aeced69c916dda1038ab6631f3d4bd4fc02c89d106daf8bab92,END_FACE_TRANSITION_PRESENT,IDEAL_MATCHED,226655024,,0,pcl_point_to_plane
synthetic-confirmatory-v1::d95aa6f63e4dfcda30a7da465799bec7f6a880e66fe9743ca6d6576945058ddd::open3d_point_to_plane,synthetic-confirmatory-v1::d95aa6f63e4dfcda30a7da465799bec7f6a880e66fe9743ca6d6576945058ddd,END_FACE_TRANSITION_PRESENT,INDEPENDENT_NOISE_FREE,226655024,,0,open3d_point_to_plane
synthetic-confirmatory-v1::d95aa6f63e4dfcda30a7da465799bec7f6a880e66fe9743ca6d6576945058ddd::pcl_point_to_plane,synthetic-confirmatory-v1::d95aa6f63e4dfcda30a7da465799bec7f6a880e66fe9743ca6d6576945058ddd,END_FACE_TRANSITION_PRESENT,INDEPENDENT_NOISE_FREE,226655024,,0,pcl_point_to_plane
synthetic-confirmatory-v1::d3bad9fbf10d45060fe70c48720f10e95b19cbdda3bd9547022416ea05869275::open3d_point_to_plane,synthetic-confirmatory-v1::d3bad9fbf10d45060fe70c48720f10e95b19cbdda3bd9547022416ea05869275,END_FACE_TRANSITION_PRESENT,FULL_NOISE,226655024,469989467,0,open3d_point_to_plane
synthetic-confirmatory-v1::d3bad9fbf10d45060fe70c48720f10e95b19cbdda3bd9547022416ea05869275::pcl_point_to_plane,synthetic-confirmatory-v1::d3bad9fbf10d45060fe70c48720f10e95b19cbdda3bd9547022416ea05869275,END_FACE_TRANSITION_PRESENT,FULL_NOISE,226655024,469989467,0,pcl_point_to_plane
synthetic-confirmatory-v1::fc728999fb3d84ce80a9121cca10e4bdb37100a63fa99a90d0fdd716f3581914::open3d_point_to_plane,synthetic-confirmatory-v1::fc728999fb3d84ce80a9121cca10e4bdb37100a63fa99a90d0fdd716f3581914,END_FACE_TRANSITION_PRESENT,FULL_NOISE,226655024,469989467,1,open3d_point_to_plane
synthetic-confirmatory-v1::fc728999fb3d84ce80a9121cca10e4bdb37100a63fa99a90d0fdd716f3581914::pcl_point_to_plane,synthetic-confirmatory-v1::fc728999fb3d84ce80a9121cca10e4bdb37100a63fa99a90d0fdd716f3581914,END_FACE_TRANSITION_PRESENT,FULL_NOISE,226655024,469989467,1,pcl_point_to_plane
synthetic-confirmatory-v1::6782d21d1467ae5572ae8344d9994c19b158e136c4763022f6a58fdae7c2a8ca::open3d_point_to_plane,synthetic-confirmatory-v1::6782d21d1467ae5572ae8344d9994c19b158e136c4763022f6a58fdae7c2a8ca,END_FACE_TRANSITION_PRESENT,FULL_NOISE,226655024,469989467,2,open3d_point_to_plane
synthetic-confirmatory-v1::6782d21d1467ae5572ae8344d9994c19b158e136c4763022f6a58fdae7c2a8ca::pcl_point_to_plane,synthetic-confirmatory-v1::6782d21d1467ae5572ae8344d9994c19b158e136c4763022f6a58fdae7c2a8ca,END_FACE_TRANSITION_PRESENT,FULL_NOISE,226655024,469989467,2,pcl_point_to_plane
synthetic-confirmatory-v1::364d68514f09d095102cb33154d505b7affe8310910391d68af0042190f45d23::open3d_point_to_plane,synthetic-confirmatory-v1::364d68514f09d095102cb33154d505b7affe8310910391d68af0042190f45d23,END_FACE_TRANSITION_PRESENT,FULL_NOISE,226655024,469989467,3,open3d_point_to_plane
synthetic-confirmatory-v1::364d68514f09d095102cb33154d505b7affe8310910391d68af0042190f45d23::pcl_point_to_plane,synthetic-confirmatory-v1::364d68514f09d095102cb33154d505b7affe8310910391d68af0042190f45d23,END_FACE_TRANSITION_PRESENT,FULL_NOISE,226655024,469989467,3,pcl_point_to_plane
synthetic-confirmatory-v1::bc5e2eb0511a203a96b9787d6de1e5e18ffb58f946978af0bf402cf117096443::open3d_point_to_plane,synthetic-confirmatory-v1::bc5e2eb0511a203a96b9787d6de1e5e18ffb58f946978af0bf402cf117096443,END_FACE_TRANSITION_PRESENT,FULL_NOISE,226655024,469989467,4,open3d_point_to_plane
synthetic-confirmatory-v1::bc5e2eb0511a203a96b9787d6de1e5e18ffb58f946978af0bf402cf117096443::pcl_point_to_plane,synthetic-confirmatory-v1::bc5e2eb0511a203a96b9787d6de1e5e18ffb58f946978af0bf402cf117096443,END_FACE_TRANSITION_PRESENT,FULL_NOISE,226655024,469989467,4,pcl_point_to_plane
synthetic-confirmatory-v1::91d4eeae9fc475b4807ea1386af1924e954b31878188bd8ffbe3bfccfe15b70a::open3d_point_to_plane,synthetic-confirmatory-v1::91d4eeae9fc475b4807ea1386af1924e954b31878188bd8ffbe3bfccfe15b70a,END_FACE_TRANSITION_PRESENT,FULL_NOISE,226655024,1088311622,0,open3d_point_to_plane
synthetic-confirmatory-v1::91d4eeae9fc475b4807ea1386af1924e954b31878188bd8ffbe3bfccfe15b70a::pcl_point_to_plane,synthetic-confirmatory-v1::91d4eeae9fc475b4807ea1386af1924e954b31878188bd8ffbe3bfccfe15b70a,END_FACE_TRANSITION_PRESENT,FULL_NOISE,226655024,1088311622,0,pcl_point_to_plane
synthetic-confirmatory-v1::b0166c622ccf18aec0dc80deaea024b363655d1e45f115fe522e902e444889c7::open3d_point_to_plane,synthetic-confirmatory-v1::b0166c622ccf18aec0dc80deaea024b363655d1e45f115fe522e902e444889c7,END_FACE_TRANSITION_PRESENT,FULL_NOISE,226655024,1088311622,1,open3d_point_to_plane
synthetic-confirmatory-v1::b0166c622ccf18aec0dc80deaea024b363655d1e45f115fe522e902e444889c7::pcl_point_to_plane,synthetic-confirmatory-v1::b0166c622ccf18aec0dc80deaea024b363655d1e45f115fe522e902e444889c7,END_FACE_TRANSITION_PRESENT,FULL_NOISE,226655024,1088311622,1,pcl_point_to_plane
synthetic-confirmatory-v1::06ef0aec4431e8ef4030b422f9346b897352d4a82b9947f6ea8b5459787938b6::open3d_point_to_plane,synthetic-confirmatory-v1::06ef0aec4431e8ef4030b422f9346b897352d4a82b9947f6ea8b5459787938b6,END_FACE_TRANSITION_PRESENT,FULL_NOISE,226655024,1088311622,2,open3d_point_to_plane
synthetic-confirmatory-v1::06ef0aec4431e8ef4030b422f9346b897352d4a82b9947f6ea8b5459787938b6::pcl_point_to_plane,synthetic-confirmatory-v1::06ef0aec4431e8ef4030b422f9346b897352d4a82b9947f6ea8b5459787938b6,END_FACE_TRANSITION_PRESENT,FULL_NOISE,226655024,1088311622,2,pcl_point_to_plane
synthetic-confirmatory-v1::2fcf383dab1ee0a9634b52bc7489c17507e464f1fc0539a2109fbb7cdc4476ab::open3d_point_to_plane,synthetic-confirmatory-v1::2fcf383dab1ee0a9634b52bc7489c17507e464f1fc0539a2109fbb7cdc4476ab,END_FACE_TRANSITION_PRESENT,FULL_NOISE,226655024,1088311622,3,open3d_point_to_plane
synthetic-confirmatory-v1::2fcf383dab1ee0a9634b52bc7489c17507e464f1fc0539a2109fbb7cdc4476ab::pcl_point_to_plane,synthetic-confirmatory-v1::2fcf383dab1ee0a9634b52bc7489c17507e464f1fc0539a2109fbb7cdc4476ab,END_FACE_TRANSITION_PRESENT,FULL_NOISE,226655024,1088311622,3,pcl_point_to_plane
synthetic-confirmatory-v1::3613d1d18654ea82add2ce8838542200ac6924a1646677c197e8ba96d7037f73::open3d_point_to_plane,synthetic-confirmatory-v1::3613d1d18654ea82add2ce8838542200ac6924a1646677c197e8ba96d7037f73,END_FACE_TRANSITION_PRESENT,FULL_NOISE,226655024,1088311622,4,open3d_point_to_plane
synthetic-confirmatory-v1::3613d1d18654ea82add2ce8838542200ac6924a1646677c197e8ba96d7037f73::pcl_point_to_plane,synthetic-confirmatory-v1::3613d1d18654ea82add2ce8838542200ac6924a1646677c197e8ba96d7037f73,END_FACE_TRANSITION_PRESENT,FULL_NOISE,226655024,1088311622,4,pcl_point_to_plane
synthetic-confirmatory-v1::1d5e59c0e15e36ab151c17bba87c27986b99a992941d17fa10cc2e176d784efd::open3d_point_to_plane,synthetic-confirmatory-v1::1d5e59c0e15e36ab151c17bba87c27986b99a992941d17fa10cc2e176d784efd,END_FACE_TRANSITION_PRESENT,FULL_NOISE,226655024,916609326,0,open3d_point_to_plane
synthetic-confirmatory-v1::1d5e59c0e15e36ab151c17bba87c27986b99a992941d17fa10cc2e176d784efd::pcl_point_to_plane,synthetic-confirmatory-v1::1d5e59c0e15e36ab151c17bba87c27986b99a992941d17fa10cc2e176d784efd,END_FACE_TRANSITION_PRESENT,FULL_NOISE,226655024,916609326,0,pcl_point_to_plane
synthetic-confirmatory-v1::699dffdcf1fef5d249204e185b001a2e0f3303109964f2377d4258c1bd725263::open3d_point_to_plane,synthetic-confirmatory-v1::699dffdcf1fef5d249204e185b001a2e0f3303109964f2377d4258c1bd725263,END_FACE_TRANSITION_PRESENT,FULL_NOISE,226655024,916609326,1,open3d_point_to_plane
synthetic-confirmatory-v1::699dffdcf1fef5d249204e185b001a2e0f3303109964f2377d4258c1bd725263::pcl_point_to_plane,synthetic-confirmatory-v1::699dffdcf1fef5d249204e185b001a2e0f3303109964f2377d4258c1bd725263,END_FACE_TRANSITION_PRESENT,FULL_NOISE,226655024,916609326,1,pcl_point_to_plane
synthetic-confirmatory-v1::5787b78190d9f1a549ca5a46e22b3315ec3f957327580c68fc2aa70ec85a6fe5::open3d_point_to_plane,synthetic-confirmatory-v1::5787b78190d9f1a549ca5a46e22b3315ec3f957327580c68fc2aa70ec85a6fe5,END_FACE_TRANSITION_PRESENT,FULL_NOISE,226655024,916609326,2,open3d_point_to_plane
synthetic-confirmatory-v1::5787b78190d9f1a549ca5a46e22b3315ec3f957327580c68fc2aa70ec85a6fe5::pcl_point_to_plane,synthetic-confirmatory-v1::5787b78190d9f1a549ca5a46e22b3315ec3f957327580c68fc2aa70ec85a6fe5,END_FACE_TRANSITION_PRESENT,FULL_NOISE,226655024,916609326,2,pcl_point_to_plane
synthetic-confirmatory-v1::f669e0f7e78de76944a78a326c1b9e33dded4f123ff385705c26f7c739af414f::open3d_point_to_plane,synthetic-confirmatory-v1::f669e0f7e78de76944a78a326c1b9e33dded4f123ff385705c26f7c739af414f,END_FACE_TRANSITION_PRESENT,FULL_NOISE,226655024,916609326,3,open3d_point_to_plane
synthetic-confirmatory-v1::f669e0f7e78de76944a78a326c1b9e33dded4f123ff385705c26f7c739af414f::pcl_point_to_plane,synthetic-confirmatory-v1::f669e0f7e78de76944a78a326c1b9e33dded4f123ff385705c26f7c739af414f,END_FACE_TRANSITION_PRESENT,FULL_NOISE,226655024,916609326,3,pcl_point_to_plane
synthetic-confirmatory-v1::946a2ff25e591432c283ad1cd4578af5892cd1d88966541ad90f9873f2ae04d2::open3d_point_to_plane,synthetic-confirmatory-v1::946a2ff25e591432c283ad1cd4578af5892cd1d88966541ad90f9873f2ae04d2,END_FACE_TRANSITION_PRESENT,FULL_NOISE,226655024,916609326,4,open3d_point_to_plane
synthetic-confirmatory-v1::946a2ff25e591432c283ad1cd4578af5892cd1d88966541ad90f9873f2ae04d2::pcl_point_to_plane,synthetic-confirmatory-v1::946a2ff25e591432c283ad1cd4578af5892cd1d88966541ad90f9873f2ae04d2,END_FACE_TRANSITION_PRESENT,FULL_NOISE,226655024,916609326,4,pcl_point_to_plane
synthetic-confirmatory-v1::c7909f5f303541a5f0422b2c6f4e140ab3e965f649a219af4e28de3186f62297::open3d_point_to_plane,synthetic-confirmatory-v1::c7909f5f303541a5f0422b2c6f4e140ab3e965f649a219af4e28de3186f62297,END_FACE_TRANSITION_WEAK,IDEAL_MATCHED,248284635,,0,open3d_point_to_plane
synthetic-confirmatory-v1::c7909f5f303541a5f0422b2c6f4e140ab3e965f649a219af4e28de3186f62297::pcl_point_to_plane,synthetic-confirmatory-v1::c7909f5f303541a5f0422b2c6f4e140ab3e965f649a219af4e28de3186f62297,END_FACE_TRANSITION_WEAK,IDEAL_MATCHED,248284635,,0,pcl_point_to_plane
synthetic-confirmatory-v1::f1b05e7936aa96ccf0ba5153de5a07b624f18a7d6085c69038e26ec4e2462836::open3d_point_to_plane,synthetic-confirmatory-v1::f1b05e7936aa96ccf0ba5153de5a07b624f18a7d6085c69038e26ec4e2462836,END_FACE_TRANSITION_WEAK,INDEPENDENT_NOISE_FREE,248284635,,0,open3d_point_to_plane
synthetic-confirmatory-v1::f1b05e7936aa96ccf0ba5153de5a07b624f18a7d6085c69038e26ec4e2462836::pcl_point_to_plane,synthetic-confirmatory-v1::f1b05e7936aa96ccf0ba5153de5a07b624f18a7d6085c69038e26ec4e2462836,END_FACE_TRANSITION_WEAK,INDEPENDENT_NOISE_FREE,248284635,,0,pcl_point_to_plane
synthetic-confirmatory-v1::d2b4207685db519c5109d255d3753269350b03e922d77f8a0e350dc8b6331e99::open3d_point_to_plane,synthetic-confirmatory-v1::d2b4207685db519c5109d255d3753269350b03e922d77f8a0e350dc8b6331e99,END_FACE_TRANSITION_WEAK,FULL_NOISE,248284635,469989467,0,open3d_point_to_plane
synthetic-confirmatory-v1::d2b4207685db519c5109d255d3753269350b03e922d77f8a0e350dc8b6331e99::pcl_point_to_plane,synthetic-confirmatory-v1::d2b4207685db519c5109d255d3753269350b03e922d77f8a0e350dc8b6331e99,END_FACE_TRANSITION_WEAK,FULL_NOISE,248284635,469989467,0,pcl_point_to_plane
synthetic-confirmatory-v1::18877e540053613c7914edd165bf2e3c98a9619f26c013096f6ea691092d8e7b::open3d_point_to_plane,synthetic-confirmatory-v1::18877e540053613c7914edd165bf2e3c98a9619f26c013096f6ea691092d8e7b,END_FACE_TRANSITION_WEAK,FULL_NOISE,248284635,469989467,1,open3d_point_to_plane
synthetic-confirmatory-v1::18877e540053613c7914edd165bf2e3c98a9619f26c013096f6ea691092d8e7b::pcl_point_to_plane,synthetic-confirmatory-v1::18877e540053613c7914edd165bf2e3c98a9619f26c013096f6ea691092d8e7b,END_FACE_TRANSITION_WEAK,FULL_NOISE,248284635,469989467,1,pcl_point_to_plane
synthetic-confirmatory-v1::e3f5082b9ae732d3090fe9f514b24b77b047047c11e5e6e1de8bb6fe2a6445cc::open3d_point_to_plane,synthetic-confirmatory-v1::e3f5082b9ae732d3090fe9f514b24b77b047047c11e5e6e1de8bb6fe2a6445cc,END_FACE_TRANSITION_WEAK,FULL_NOISE,248284635,469989467,2,open3d_point_to_plane
synthetic-confirmatory-v1::e3f5082b9ae732d3090fe9f514b24b77b047047c11e5e6e1de8bb6fe2a6445cc::pcl_point_to_plane,synthetic-confirmatory-v1::e3f5082b9ae732d3090fe9f514b24b77b047047c11e5e6e1de8bb6fe2a6445cc,END_FACE_TRANSITION_WEAK,FULL_NOISE,248284635,469989467,2,pcl_point_to_plane
synthetic-confirmatory-v1::259154282a6a2277911fe8faea668a5a2e817f8de1081407a276edf6777ce38d::open3d_point_to_plane,synthetic-confirmatory-v1::259154282a6a2277911fe8faea668a5a2e817f8de1081407a276edf6777ce38d,END_FACE_TRANSITION_WEAK,FULL_NOISE,248284635,469989467,3,open3d_point_to_plane
synthetic-confirmatory-v1::259154282a6a2277911fe8faea668a5a2e817f8de1081407a276edf6777ce38d::pcl_point_to_plane,synthetic-confirmatory-v1::259154282a6a2277911fe8faea668a5a2e817f8de1081407a276edf6777ce38d,END_FACE_TRANSITION_WEAK,FULL_NOISE,248284635,469989467,3,pcl_point_to_plane
synthetic-confirmatory-v1::7a4b1e2735542527d0bfaf604110432a28e9accb3a7297663dd45aa84ef564ca::open3d_point_to_plane,synthetic-confirmatory-v1::7a4b1e2735542527d0bfaf604110432a28e9accb3a7297663dd45aa84ef564ca,END_FACE_TRANSITION_WEAK,FULL_NOISE,248284635,469989467,4,open3d_point_to_plane
synthetic-confirmatory-v1::7a4b1e2735542527d0bfaf604110432a28e9accb3a7297663dd45aa84ef564ca::pcl_point_to_plane,synthetic-confirmatory-v1::7a4b1e2735542527d0bfaf604110432a28e9accb3a7297663dd45aa84ef564ca,END_FACE_TRANSITION_WEAK,FULL_NOISE,248284635,469989467,4,pcl_point_to_plane
synthetic-confirmatory-v1::48eab03bef5c39237933369f39aa5abd61951e7c7a6abc759e14afaf32638111::open3d_point_to_plane,synthetic-confirmatory-v1::48eab03bef5c39237933369f39aa5abd61951e7c7a6abc759e14afaf32638111,END_FACE_TRANSITION_WEAK,FULL_NOISE,248284635,1088311622,0,open3d_point_to_plane
synthetic-confirmatory-v1::48eab03bef5c39237933369f39aa5abd61951e7c7a6abc759e14afaf32638111::pcl_point_to_plane,synthetic-confirmatory-v1::48eab03bef5c39237933369f39aa5abd61951e7c7a6abc759e14afaf32638111,END_FACE_TRANSITION_WEAK,FULL_NOISE,248284635,1088311622,0,pcl_point_to_plane
synthetic-confirmatory-v1::f399fb0f2fbaa8be3ad219e1c43ae3d36ae8572966975c70c02e3002f12ef9d3::open3d_point_to_plane,synthetic-confirmatory-v1::f399fb0f2fbaa8be3ad219e1c43ae3d36ae8572966975c70c02e3002f12ef9d3,END_FACE_TRANSITION_WEAK,FULL_NOISE,248284635,1088311622,1,open3d_point_to_plane
synthetic-confirmatory-v1::f399fb0f2fbaa8be3ad219e1c43ae3d36ae8572966975c70c02e3002f12ef9d3::pcl_point_to_plane,synthetic-confirmatory-v1::f399fb0f2fbaa8be3ad219e1c43ae3d36ae8572966975c70c02e3002f12ef9d3,END_FACE_TRANSITION_WEAK,FULL_NOISE,248284635,1088311622,1,pcl_point_to_plane
synthetic-confirmatory-v1::9fb896d3033bda725e85ee74cd50d7bbba136fb6bac7e2880e9a01252a8b3045::open3d_point_to_plane,synthetic-confirmatory-v1::9fb896d3033bda725e85ee74cd50d7bbba136fb6bac7e2880e9a01252a8b3045,END_FACE_TRANSITION_WEAK,FULL_NOISE,248284635,1088311622,2,open3d_point_to_plane
synthetic-confirmatory-v1::9fb896d3033bda725e85ee74cd50d7bbba136fb6bac7e2880e9a01252a8b3045::pcl_point_to_plane,synthetic-confirmatory-v1::9fb896d3033bda725e85ee74cd50d7bbba136fb6bac7e2880e9a01252a8b3045,END_FACE_TRANSITION_WEAK,FULL_NOISE,248284635,1088311622,2,pcl_point_to_plane
synthetic-confirmatory-v1::8755df9723e3156505584a88eb067ee630a42aa5f588b9de24bf9112b4995b4e::open3d_point_to_plane,synthetic-confirmatory-v1::8755df9723e3156505584a88eb067ee630a42aa5f588b9de24bf9112b4995b4e,END_FACE_TRANSITION_WEAK,FULL_NOISE,248284635,1088311622,3,open3d_point_to_plane
synthetic-confirmatory-v1::8755df9723e3156505584a88eb067ee630a42aa5f588b9de24bf9112b4995b4e::pcl_point_to_plane,synthetic-confirmatory-v1::8755df9723e3156505584a88eb067ee630a42aa5f588b9de24bf9112b4995b4e,END_FACE_TRANSITION_WEAK,FULL_NOISE,248284635,1088311622,3,pcl_point_to_plane
synthetic-confirmatory-v1::ef77c918c75ffad9281d5f1bf66ac5949b91fa0d4dec0fb603906ffb9e092a15::open3d_point_to_plane,synthetic-confirmatory-v1::ef77c918c75ffad9281d5f1bf66ac5949b91fa0d4dec0fb603906ffb9e092a15,END_FACE_TRANSITION_WEAK,FULL_NOISE,248284635,1088311622,4,open3d_point_to_plane
synthetic-confirmatory-v1::ef77c918c75ffad9281d5f1bf66ac5949b91fa0d4dec0fb603906ffb9e092a15::pcl_point_to_plane,synthetic-confirmatory-v1::ef77c918c75ffad9281d5f1bf66ac5949b91fa0d4dec0fb603906ffb9e092a15,END_FACE_TRANSITION_WEAK,FULL_NOISE,248284635,1088311622,4,pcl_point_to_plane
synthetic-confirmatory-v1::68178e9d0a9c10d9abb74ecb48d1456a4f1c2469501daf8e1a61c5dfae3b01b0::open3d_point_to_plane,synthetic-confirmatory-v1::68178e9d0a9c10d9abb74ecb48d1456a4f1c2469501daf8e1a61c5dfae3b01b0,END_FACE_TRANSITION_WEAK,FULL_NOISE,248284635,916609326,0,open3d_point_to_plane
synthetic-confirmatory-v1::68178e9d0a9c10d9abb74ecb48d1456a4f1c2469501daf8e1a61c5dfae3b01b0::pcl_point_to_plane,synthetic-confirmatory-v1::68178e9d0a9c10d9abb74ecb48d1456a4f1c2469501daf8e1a61c5dfae3b01b0,END_FACE_TRANSITION_WEAK,FULL_NOISE,248284635,916609326,0,pcl_point_to_plane
synthetic-confirmatory-v1::4ce528d7b41949f308ba73b1cccab91b2dd5d8a49ee038fbf4804ef70ffc6d07::open3d_point_to_plane,synthetic-confirmatory-v1::4ce528d7b41949f308ba73b1cccab91b2dd5d8a49ee038fbf4804ef70ffc6d07,END_FACE_TRANSITION_WEAK,FULL_NOISE,248284635,916609326,1,open3d_point_to_plane
synthetic-confirmatory-v1::4ce528d7b41949f308ba73b1cccab91b2dd5d8a49ee038fbf4804ef70ffc6d07::pcl_point_to_plane,synthetic-confirmatory-v1::4ce528d7b41949f308ba73b1cccab91b2dd5d8a49ee038fbf4804ef70ffc6d07,END_FACE_TRANSITION_WEAK,FULL_NOISE,248284635,916609326,1,pcl_point_to_plane
synthetic-confirmatory-v1::e2b238d6ef9cfbce59b00e8cf9a7801c68a78e409a97c4399319b27a00caaf52::open3d_point_to_plane,synthetic-confirmatory-v1::e2b238d6ef9cfbce59b00e8cf9a7801c68a78e409a97c4399319b27a00caaf52,END_FACE_TRANSITION_WEAK,FULL_NOISE,248284635,916609326,2,open3d_point_to_plane
synthetic-confirmatory-v1::e2b238d6ef9cfbce59b00e8cf9a7801c68a78e409a97c4399319b27a00caaf52::pcl_point_to_plane,synthetic-confirmatory-v1::e2b238d6ef9cfbce59b00e8cf9a7801c68a78e409a97c4399319b27a00caaf52,END_FACE_TRANSITION_WEAK,FULL_NOISE,248284635,916609326,2,pcl_point_to_plane
synthetic-confirmatory-v1::d76c25ac295eacaa05550cf76f340da1d88140c7f30cbb090a1aa330734171d4::open3d_point_to_plane,synthetic-confirmatory-v1::d76c25ac295eacaa05550cf76f340da1d88140c7f30cbb090a1aa330734171d4,END_FACE_TRANSITION_WEAK,FULL_NOISE,248284635,916609326,3,open3d_point_to_plane
synthetic-confirmatory-v1::d76c25ac295eacaa05550cf76f340da1d88140c7f30cbb090a1aa330734171d4::pcl_point_to_plane,synthetic-confirmatory-v1::d76c25ac295eacaa05550cf76f340da1d88140c7f30cbb090a1aa330734171d4,END_FACE_TRANSITION_WEAK,FULL_NOISE,248284635,916609326,3,pcl_point_to_plane
synthetic-confirmatory-v1::4832a930fcc2f1f1534180db0c28e4f37328a6ac25746a79b67bb43ef708dc96::open3d_point_to_plane,synthetic-confirmatory-v1::4832a930fcc2f1f1534180db0c28e4f37328a6ac25746a79b67bb43ef708dc96,END_FACE_TRANSITION_WEAK,FULL_NOISE,248284635,916609326,4,open3d_point_to_plane
synthetic-confirmatory-v1::4832a930fcc2f1f1534180db0c28e4f37328a6ac25746a79b67bb43ef708dc96::pcl_point_to_plane,synthetic-confirmatory-v1::4832a930fcc2f1f1534180db0c28e4f37328a6ac25746a79b67bb43ef708dc96,END_FACE_TRANSITION_WEAK,FULL_NOISE,248284635,916609326,4,pcl_point_to_plane
synthetic-confirmatory-v1::2d1cf8a7d48bda46fbbdd369f04f2efbbf0a2b689660149c44449f9fdcf6d0bf::open3d_point_to_plane,synthetic-confirmatory-v1::2d1cf8a7d48bda46fbbdd369f04f2efbbf0a2b689660149c44449f9fdcf6d0bf,END_FACE_TRANSITION_WEAK,IDEAL_MATCHED,376488233,,0,open3d_point_to_plane
synthetic-confirmatory-v1::2d1cf8a7d48bda46fbbdd369f04f2efbbf0a2b689660149c44449f9fdcf6d0bf::pcl_point_to_plane,synthetic-confirmatory-v1::2d1cf8a7d48bda46fbbdd369f04f2efbbf0a2b689660149c44449f9fdcf6d0bf,END_FACE_TRANSITION_WEAK,IDEAL_MATCHED,376488233,,0,pcl_point_to_plane
synthetic-confirmatory-v1::154124438dd5f6617954bdbb6e75a808b3004366a8efc1ea39f3bce941778518::open3d_point_to_plane,synthetic-confirmatory-v1::154124438dd5f6617954bdbb6e75a808b3004366a8efc1ea39f3bce941778518,END_FACE_TRANSITION_WEAK,INDEPENDENT_NOISE_FREE,376488233,,0,open3d_point_to_plane
synthetic-confirmatory-v1::154124438dd5f6617954bdbb6e75a808b3004366a8efc1ea39f3bce941778518::pcl_point_to_plane,synthetic-confirmatory-v1::154124438dd5f6617954bdbb6e75a808b3004366a8efc1ea39f3bce941778518,END_FACE_TRANSITION_WEAK,INDEPENDENT_NOISE_FREE,376488233,,0,pcl_point_to_plane
synthetic-confirmatory-v1::6789773a6c14aa1a12203b995df9eb24147b73ce466db05e4420e40b7c1cb12e::open3d_point_to_plane,synthetic-confirmatory-v1::6789773a6c14aa1a12203b995df9eb24147b73ce466db05e4420e40b7c1cb12e,END_FACE_TRANSITION_WEAK,FULL_NOISE,376488233,469989467,0,open3d_point_to_plane
synthetic-confirmatory-v1::6789773a6c14aa1a12203b995df9eb24147b73ce466db05e4420e40b7c1cb12e::pcl_point_to_plane,synthetic-confirmatory-v1::6789773a6c14aa1a12203b995df9eb24147b73ce466db05e4420e40b7c1cb12e,END_FACE_TRANSITION_WEAK,FULL_NOISE,376488233,469989467,0,pcl_point_to_plane
synthetic-confirmatory-v1::ac87c179d4a57002f372145cf0175e5b187a5164c123f7b173833c169ae56b73::open3d_point_to_plane,synthetic-confirmatory-v1::ac87c179d4a57002f372145cf0175e5b187a5164c123f7b173833c169ae56b73,END_FACE_TRANSITION_WEAK,FULL_NOISE,376488233,469989467,1,open3d_point_to_plane
synthetic-confirmatory-v1::ac87c179d4a57002f372145cf0175e5b187a5164c123f7b173833c169ae56b73::pcl_point_to_plane,synthetic-confirmatory-v1::ac87c179d4a57002f372145cf0175e5b187a5164c123f7b173833c169ae56b73,END_FACE_TRANSITION_WEAK,FULL_NOISE,376488233,469989467,1,pcl_point_to_plane
synthetic-confirmatory-v1::ed06ca4c15bd3f1055ad06e369c6913efd5ef94521c48d1889841d5e3ecd9747::open3d_point_to_plane,synthetic-confirmatory-v1::ed06ca4c15bd3f1055ad06e369c6913efd5ef94521c48d1889841d5e3ecd9747,END_FACE_TRANSITION_WEAK,FULL_NOISE,376488233,469989467,2,open3d_point_to_plane
synthetic-confirmatory-v1::ed06ca4c15bd3f1055ad06e369c6913efd5ef94521c48d1889841d5e3ecd9747::pcl_point_to_plane,synthetic-confirmatory-v1::ed06ca4c15bd3f1055ad06e369c6913efd5ef94521c48d1889841d5e3ecd9747,END_FACE_TRANSITION_WEAK,FULL_NOISE,376488233,469989467,2,pcl_point_to_plane
synthetic-confirmatory-v1::4530103ac40d258656249d9c1c905e900c5d78427ac8c6980bbe1ca308bc986f::open3d_point_to_plane,synthetic-confirmatory-v1::4530103ac40d258656249d9c1c905e900c5d78427ac8c6980bbe1ca308bc986f,END_FACE_TRANSITION_WEAK,FULL_NOISE,376488233,469989467,3,open3d_point_to_plane
synthetic-confirmatory-v1::4530103ac40d258656249d9c1c905e900c5d78427ac8c6980bbe1ca308bc986f::pcl_point_to_plane,synthetic-confirmatory-v1::4530103ac40d258656249d9c1c905e900c5d78427ac8c6980bbe1ca308bc986f,END_FACE_TRANSITION_WEAK,FULL_NOISE,376488233,469989467,3,pcl_point_to_plane
synthetic-confirmatory-v1::3dc7d69acd75159caf800a3e03c832a907061a1db8911b9a36d4b805fc8aafe7::open3d_point_to_plane,synthetic-confirmatory-v1::3dc7d69acd75159caf800a3e03c832a907061a1db8911b9a36d4b805fc8aafe7,END_FACE_TRANSITION_WEAK,FULL_NOISE,376488233,469989467,4,open3d_point_to_plane
synthetic-confirmatory-v1::3dc7d69acd75159caf800a3e03c832a907061a1db8911b9a36d4b805fc8aafe7::pcl_point_to_plane,synthetic-confirmatory-v1::3dc7d69acd75159caf800a3e03c832a907061a1db8911b9a36d4b805fc8aafe7,END_FACE_TRANSITION_WEAK,FULL_NOISE,376488233,469989467,4,pcl_point_to_plane
synthetic-confirmatory-v1::ec550bb25bd7bd7a7ccc3bc1cd885c858d9bbc55319152f1ec34c9c51aaf7514::open3d_point_to_plane,synthetic-confirmatory-v1::ec550bb25bd7bd7a7ccc3bc1cd885c858d9bbc55319152f1ec34c9c51aaf7514,END_FACE_TRANSITION_WEAK,FULL_NOISE,376488233,1088311622,0,open3d_point_to_plane
synthetic-confirmatory-v1::ec550bb25bd7bd7a7ccc3bc1cd885c858d9bbc55319152f1ec34c9c51aaf7514::pcl_point_to_plane,synthetic-confirmatory-v1::ec550bb25bd7bd7a7ccc3bc1cd885c858d9bbc55319152f1ec34c9c51aaf7514,END_FACE_TRANSITION_WEAK,FULL_NOISE,376488233,1088311622,0,pcl_point_to_plane
synthetic-confirmatory-v1::ebf2199907616b5444071c5b260e0853f7139c41c36e3376243d1e48698a855d::open3d_point_to_plane,synthetic-confirmatory-v1::ebf2199907616b5444071c5b260e0853f7139c41c36e3376243d1e48698a855d,END_FACE_TRANSITION_WEAK,FULL_NOISE,376488233,1088311622,1,open3d_point_to_plane
synthetic-confirmatory-v1::ebf2199907616b5444071c5b260e0853f7139c41c36e3376243d1e48698a855d::pcl_point_to_plane,synthetic-confirmatory-v1::ebf2199907616b5444071c5b260e0853f7139c41c36e3376243d1e48698a855d,END_FACE_TRANSITION_WEAK,FULL_NOISE,376488233,1088311622,1,pcl_point_to_plane
synthetic-confirmatory-v1::9870cc68574a02bce801164c9d94342491d55461ec91bbf133632c78527fa6e3::open3d_point_to_plane,synthetic-confirmatory-v1::9870cc68574a02bce801164c9d94342491d55461ec91bbf133632c78527fa6e3,END_FACE_TRANSITION_WEAK,FULL_NOISE,376488233,1088311622,2,open3d_point_to_plane
synthetic-confirmatory-v1::9870cc68574a02bce801164c9d94342491d55461ec91bbf133632c78527fa6e3::pcl_point_to_plane,synthetic-confirmatory-v1::9870cc68574a02bce801164c9d94342491d55461ec91bbf133632c78527fa6e3,END_FACE_TRANSITION_WEAK,FULL_NOISE,376488233,1088311622,2,pcl_point_to_plane
synthetic-confirmatory-v1::52d1ea4cf2dfdcd14c0fc3c3c3c861ae957d3fe23f5d4677455520ad177c39f0::open3d_point_to_plane,synthetic-confirmatory-v1::52d1ea4cf2dfdcd14c0fc3c3c3c861ae957d3fe23f5d4677455520ad177c39f0,END_FACE_TRANSITION_WEAK,FULL_NOISE,376488233,1088311622,3,open3d_point_to_plane
synthetic-confirmatory-v1::52d1ea4cf2dfdcd14c0fc3c3c3c861ae957d3fe23f5d4677455520ad177c39f0::pcl_point_to_plane,synthetic-confirmatory-v1::52d1ea4cf2dfdcd14c0fc3c3c3c861ae957d3fe23f5d4677455520ad177c39f0,END_FACE_TRANSITION_WEAK,FULL_NOISE,376488233,1088311622,3,pcl_point_to_plane
synthetic-confirmatory-v1::5e9c80b35fa25aa7e7f839ac695c8b5e1ce736a3e0fbf798a02b1a1ab148851a::open3d_point_to_plane,synthetic-confirmatory-v1::5e9c80b35fa25aa7e7f839ac695c8b5e1ce736a3e0fbf798a02b1a1ab148851a,END_FACE_TRANSITION_WEAK,FULL_NOISE,376488233,1088311622,4,open3d_point_to_plane
synthetic-confirmatory-v1::5e9c80b35fa25aa7e7f839ac695c8b5e1ce736a3e0fbf798a02b1a1ab148851a::pcl_point_to_plane,synthetic-confirmatory-v1::5e9c80b35fa25aa7e7f839ac695c8b5e1ce736a3e0fbf798a02b1a1ab148851a,END_FACE_TRANSITION_WEAK,FULL_NOISE,376488233,1088311622,4,pcl_point_to_plane
synthetic-confirmatory-v1::b3c61635ebde4e931df366b561b9bea2e46ca0b8e371a640a13d5c45602cf7db::open3d_point_to_plane,synthetic-confirmatory-v1::b3c61635ebde4e931df366b561b9bea2e46ca0b8e371a640a13d5c45602cf7db,END_FACE_TRANSITION_WEAK,FULL_NOISE,376488233,916609326,0,open3d_point_to_plane
synthetic-confirmatory-v1::b3c61635ebde4e931df366b561b9bea2e46ca0b8e371a640a13d5c45602cf7db::pcl_point_to_plane,synthetic-confirmatory-v1::b3c61635ebde4e931df366b561b9bea2e46ca0b8e371a640a13d5c45602cf7db,END_FACE_TRANSITION_WEAK,FULL_NOISE,376488233,916609326,0,pcl_point_to_plane
synthetic-confirmatory-v1::a09fc2fcdfb99cc6013ed25d37107b9078cba0cb4e2301f0bfce6bd221b259c7::open3d_point_to_plane,synthetic-confirmatory-v1::a09fc2fcdfb99cc6013ed25d37107b9078cba0cb4e2301f0bfce6bd221b259c7,END_FACE_TRANSITION_WEAK,FULL_NOISE,376488233,916609326,1,open3d_point_to_plane
synthetic-confirmatory-v1::a09fc2fcdfb99cc6013ed25d37107b9078cba0cb4e2301f0bfce6bd221b259c7::pcl_point_to_plane,synthetic-confirmatory-v1::a09fc2fcdfb99cc6013ed25d37107b9078cba0cb4e2301f0bfce6bd221b259c7,END_FACE_TRANSITION_WEAK,FULL_NOISE,376488233,916609326,1,pcl_point_to_plane
synthetic-confirmatory-v1::0585e0a2240d3aa486fe206d57e154def90cf912ff410ba0e6e7468bbd218cc9::open3d_point_to_plane,synthetic-confirmatory-v1::0585e0a2240d3aa486fe206d57e154def90cf912ff410ba0e6e7468bbd218cc9,END_FACE_TRANSITION_WEAK,FULL_NOISE,376488233,916609326,2,open3d_point_to_plane
synthetic-confirmatory-v1::0585e0a2240d3aa486fe206d57e154def90cf912ff410ba0e6e7468bbd218cc9::pcl_point_to_plane,synthetic-confirmatory-v1::0585e0a2240d3aa486fe206d57e154def90cf912ff410ba0e6e7468bbd218cc9,END_FACE_TRANSITION_WEAK,FULL_NOISE,376488233,916609326,2,pcl_point_to_plane
synthetic-confirmatory-v1::149cdb7daac8a218c4baf26bc02761eba5c95767de60c0b2fe9389db09c8eb9e::open3d_point_to_plane,synthetic-confirmatory-v1::149cdb7daac8a218c4baf26bc02761eba5c95767de60c0b2fe9389db09c8eb9e,END_FACE_TRANSITION_WEAK,FULL_NOISE,376488233,916609326,3,open3d_point_to_plane
synthetic-confirmatory-v1::149cdb7daac8a218c4baf26bc02761eba5c95767de60c0b2fe9389db09c8eb9e::pcl_point_to_plane,synthetic-confirmatory-v1::149cdb7daac8a218c4baf26bc02761eba5c95767de60c0b2fe9389db09c8eb9e,END_FACE_TRANSITION_WEAK,FULL_NOISE,376488233,916609326,3,pcl_point_to_plane
synthetic-confirmatory-v1::f541025cd585970074b3da50db397ba39a135ff1759571c00944a7b9f83d2f0b::open3d_point_to_plane,synthetic-confirmatory-v1::f541025cd585970074b3da50db397ba39a135ff1759571c00944a7b9f83d2f0b,END_FACE_TRANSITION_WEAK,FULL_NOISE,376488233,916609326,4,open3d_point_to_plane
synthetic-confirmatory-v1::f541025cd585970074b3da50db397ba39a135ff1759571c00944a7b9f83d2f0b::pcl_point_to_plane,synthetic-confirmatory-v1::f541025cd585970074b3da50db397ba39a135ff1759571c00944a7b9f83d2f0b,END_FACE_TRANSITION_WEAK,FULL_NOISE,376488233,916609326,4,pcl_point_to_plane
synthetic-confirmatory-v1::55a0b96dc69006c158f875993ba6c348faf30e272cd816df8fa44fc7ffb00089::open3d_point_to_plane,synthetic-confirmatory-v1::55a0b96dc69006c158f875993ba6c348faf30e272cd816df8fa44fc7ffb00089,END_FACE_TRANSITION_WEAK,IDEAL_MATCHED,198112089,,0,open3d_point_to_plane
synthetic-confirmatory-v1::55a0b96dc69006c158f875993ba6c348faf30e272cd816df8fa44fc7ffb00089::pcl_point_to_plane,synthetic-confirmatory-v1::55a0b96dc69006c158f875993ba6c348faf30e272cd816df8fa44fc7ffb00089,END_FACE_TRANSITION_WEAK,IDEAL_MATCHED,198112089,,0,pcl_point_to_plane
synthetic-confirmatory-v1::23dfdc863965a6c7ed0ef8dfea9f3f3280344ad8b72c2459bd6d29195f288e28::open3d_point_to_plane,synthetic-confirmatory-v1::23dfdc863965a6c7ed0ef8dfea9f3f3280344ad8b72c2459bd6d29195f288e28,END_FACE_TRANSITION_WEAK,INDEPENDENT_NOISE_FREE,198112089,,0,open3d_point_to_plane
synthetic-confirmatory-v1::23dfdc863965a6c7ed0ef8dfea9f3f3280344ad8b72c2459bd6d29195f288e28::pcl_point_to_plane,synthetic-confirmatory-v1::23dfdc863965a6c7ed0ef8dfea9f3f3280344ad8b72c2459bd6d29195f288e28,END_FACE_TRANSITION_WEAK,INDEPENDENT_NOISE_FREE,198112089,,0,pcl_point_to_plane
synthetic-confirmatory-v1::ea864b5cb696c200d6d94df623f23578868be0e0d9cac99c12129c9844d6e7f8::open3d_point_to_plane,synthetic-confirmatory-v1::ea864b5cb696c200d6d94df623f23578868be0e0d9cac99c12129c9844d6e7f8,END_FACE_TRANSITION_WEAK,FULL_NOISE,198112089,469989467,0,open3d_point_to_plane
synthetic-confirmatory-v1::ea864b5cb696c200d6d94df623f23578868be0e0d9cac99c12129c9844d6e7f8::pcl_point_to_plane,synthetic-confirmatory-v1::ea864b5cb696c200d6d94df623f23578868be0e0d9cac99c12129c9844d6e7f8,END_FACE_TRANSITION_WEAK,FULL_NOISE,198112089,469989467,0,pcl_point_to_plane
synthetic-confirmatory-v1::ad628b707f68b41fcc70968a70c37e06e3639668ae320eb51e65c2a7c4798d34::open3d_point_to_plane,synthetic-confirmatory-v1::ad628b707f68b41fcc70968a70c37e06e3639668ae320eb51e65c2a7c4798d34,END_FACE_TRANSITION_WEAK,FULL_NOISE,198112089,469989467,1,open3d_point_to_plane
synthetic-confirmatory-v1::ad628b707f68b41fcc70968a70c37e06e3639668ae320eb51e65c2a7c4798d34::pcl_point_to_plane,synthetic-confirmatory-v1::ad628b707f68b41fcc70968a70c37e06e3639668ae320eb51e65c2a7c4798d34,END_FACE_TRANSITION_WEAK,FULL_NOISE,198112089,469989467,1,pcl_point_to_plane
synthetic-confirmatory-v1::627c062f4efc8528f821cbfe7077dd36e6874cf2e66bf4620b38c55802454d9c::open3d_point_to_plane,synthetic-confirmatory-v1::627c062f4efc8528f821cbfe7077dd36e6874cf2e66bf4620b38c55802454d9c,END_FACE_TRANSITION_WEAK,FULL_NOISE,198112089,469989467,2,open3d_point_to_plane
synthetic-confirmatory-v1::627c062f4efc8528f821cbfe7077dd36e6874cf2e66bf4620b38c55802454d9c::pcl_point_to_plane,synthetic-confirmatory-v1::627c062f4efc8528f821cbfe7077dd36e6874cf2e66bf4620b38c55802454d9c,END_FACE_TRANSITION_WEAK,FULL_NOISE,198112089,469989467,2,pcl_point_to_plane
synthetic-confirmatory-v1::9ba824a00afc0da69bf7614842c64eaa825406fbcede49a058753a8a885ec1ef::open3d_point_to_plane,synthetic-confirmatory-v1::9ba824a00afc0da69bf7614842c64eaa825406fbcede49a058753a8a885ec1ef,END_FACE_TRANSITION_WEAK,FULL_NOISE,198112089,469989467,3,open3d_point_to_plane
synthetic-confirmatory-v1::9ba824a00afc0da69bf7614842c64eaa825406fbcede49a058753a8a885ec1ef::pcl_point_to_plane,synthetic-confirmatory-v1::9ba824a00afc0da69bf7614842c64eaa825406fbcede49a058753a8a885ec1ef,END_FACE_TRANSITION_WEAK,FULL_NOISE,198112089,469989467,3,pcl_point_to_plane
synthetic-confirmatory-v1::406f3d68405376e4fa243cb1e392421b4518fb4c7e9a229417fd778faa398928::open3d_point_to_plane,synthetic-confirmatory-v1::406f3d68405376e4fa243cb1e392421b4518fb4c7e9a229417fd778faa398928,END_FACE_TRANSITION_WEAK,FULL_NOISE,198112089,469989467,4,open3d_point_to_plane
synthetic-confirmatory-v1::406f3d68405376e4fa243cb1e392421b4518fb4c7e9a229417fd778faa398928::pcl_point_to_plane,synthetic-confirmatory-v1::406f3d68405376e4fa243cb1e392421b4518fb4c7e9a229417fd778faa398928,END_FACE_TRANSITION_WEAK,FULL_NOISE,198112089,469989467,4,pcl_point_to_plane
synthetic-confirmatory-v1::291010f8125108029034bd616f2025a0e00cf587196fa0cf5395189ec55c2d56::open3d_point_to_plane,synthetic-confirmatory-v1::291010f8125108029034bd616f2025a0e00cf587196fa0cf5395189ec55c2d56,END_FACE_TRANSITION_WEAK,FULL_NOISE,198112089,1088311622,0,open3d_point_to_plane
synthetic-confirmatory-v1::291010f8125108029034bd616f2025a0e00cf587196fa0cf5395189ec55c2d56::pcl_point_to_plane,synthetic-confirmatory-v1::291010f8125108029034bd616f2025a0e00cf587196fa0cf5395189ec55c2d56,END_FACE_TRANSITION_WEAK,FULL_NOISE,198112089,1088311622,0,pcl_point_to_plane
synthetic-confirmatory-v1::7b189ef718d3581eaefeb20f751bec4be80e3484cac2e9e8a97c4464499d01dd::open3d_point_to_plane,synthetic-confirmatory-v1::7b189ef718d3581eaefeb20f751bec4be80e3484cac2e9e8a97c4464499d01dd,END_FACE_TRANSITION_WEAK,FULL_NOISE,198112089,1088311622,1,open3d_point_to_plane
synthetic-confirmatory-v1::7b189ef718d3581eaefeb20f751bec4be80e3484cac2e9e8a97c4464499d01dd::pcl_point_to_plane,synthetic-confirmatory-v1::7b189ef718d3581eaefeb20f751bec4be80e3484cac2e9e8a97c4464499d01dd,END_FACE_TRANSITION_WEAK,FULL_NOISE,198112089,1088311622,1,pcl_point_to_plane
synthetic-confirmatory-v1::654b2d8607eeda923b407b2169a1665ff5ea049fc14d03d0c493928ac5cefb59::open3d_point_to_plane,synthetic-confirmatory-v1::654b2d8607eeda923b407b2169a1665ff5ea049fc14d03d0c493928ac5cefb59,END_FACE_TRANSITION_WEAK,FULL_NOISE,198112089,1088311622,2,open3d_point_to_plane
synthetic-confirmatory-v1::654b2d8607eeda923b407b2169a1665ff5ea049fc14d03d0c493928ac5cefb59::pcl_point_to_plane,synthetic-confirmatory-v1::654b2d8607eeda923b407b2169a1665ff5ea049fc14d03d0c493928ac5cefb59,END_FACE_TRANSITION_WEAK,FULL_NOISE,198112089,1088311622,2,pcl_point_to_plane
synthetic-confirmatory-v1::a77511908957ff8f9b6189e3bde04eabcb057320367864336f2485d23d9182c5::open3d_point_to_plane,synthetic-confirmatory-v1::a77511908957ff8f9b6189e3bde04eabcb057320367864336f2485d23d9182c5,END_FACE_TRANSITION_WEAK,FULL_NOISE,198112089,1088311622,3,open3d_point_to_plane
synthetic-confirmatory-v1::a77511908957ff8f9b6189e3bde04eabcb057320367864336f2485d23d9182c5::pcl_point_to_plane,synthetic-confirmatory-v1::a77511908957ff8f9b6189e3bde04eabcb057320367864336f2485d23d9182c5,END_FACE_TRANSITION_WEAK,FULL_NOISE,198112089,1088311622,3,pcl_point_to_plane
synthetic-confirmatory-v1::78e2f4f33a4673eabd0f8823315afb082adc44ecc3409b3ebfba7a47f723f624::open3d_point_to_plane,synthetic-confirmatory-v1::78e2f4f33a4673eabd0f8823315afb082adc44ecc3409b3ebfba7a47f723f624,END_FACE_TRANSITION_WEAK,FULL_NOISE,198112089,1088311622,4,open3d_point_to_plane
synthetic-confirmatory-v1::78e2f4f33a4673eabd0f8823315afb082adc44ecc3409b3ebfba7a47f723f624::pcl_point_to_plane,synthetic-confirmatory-v1::78e2f4f33a4673eabd0f8823315afb082adc44ecc3409b3ebfba7a47f723f624,END_FACE_TRANSITION_WEAK,FULL_NOISE,198112089,1088311622,4,pcl_point_to_plane
synthetic-confirmatory-v1::48c8e4705ed6d0c186bb40233a5f6bed49d42b0df6e5fc911c0e5d12a1ba2620::open3d_point_to_plane,synthetic-confirmatory-v1::48c8e4705ed6d0c186bb40233a5f6bed49d42b0df6e5fc911c0e5d12a1ba2620,END_FACE_TRANSITION_WEAK,FULL_NOISE,198112089,916609326,0,open3d_point_to_plane
synthetic-confirmatory-v1::48c8e4705ed6d0c186bb40233a5f6bed49d42b0df6e5fc911c0e5d12a1ba2620::pcl_point_to_plane,synthetic-confirmatory-v1::48c8e4705ed6d0c186bb40233a5f6bed49d42b0df6e5fc911c0e5d12a1ba2620,END_FACE_TRANSITION_WEAK,FULL_NOISE,198112089,916609326,0,pcl_point_to_plane
synthetic-confirmatory-v1::13380fb61035337919dfa47bc22bade2dd13445f4c1d9c7afcd1e693e013eae8::open3d_point_to_plane,synthetic-confirmatory-v1::13380fb61035337919dfa47bc22bade2dd13445f4c1d9c7afcd1e693e013eae8,END_FACE_TRANSITION_WEAK,FULL_NOISE,198112089,916609326,1,open3d_point_to_plane
synthetic-confirmatory-v1::13380fb61035337919dfa47bc22bade2dd13445f4c1d9c7afcd1e693e013eae8::pcl_point_to_plane,synthetic-confirmatory-v1::13380fb61035337919dfa47bc22bade2dd13445f4c1d9c7afcd1e693e013eae8,END_FACE_TRANSITION_WEAK,FULL_NOISE,198112089,916609326,1,pcl_point_to_plane
synthetic-confirmatory-v1::af06bbc5510a93bfac29e1a07d8044753e72d43cdccc56aec6f1b8cde0049bf4::open3d_point_to_plane,synthetic-confirmatory-v1::af06bbc5510a93bfac29e1a07d8044753e72d43cdccc56aec6f1b8cde0049bf4,END_FACE_TRANSITION_WEAK,FULL_NOISE,198112089,916609326,2,open3d_point_to_plane
synthetic-confirmatory-v1::af06bbc5510a93bfac29e1a07d8044753e72d43cdccc56aec6f1b8cde0049bf4::pcl_point_to_plane,synthetic-confirmatory-v1::af06bbc5510a93bfac29e1a07d8044753e72d43cdccc56aec6f1b8cde0049bf4,END_FACE_TRANSITION_WEAK,FULL_NOISE,198112089,916609326,2,pcl_point_to_plane
synthetic-confirmatory-v1::5dd89ce2220073f192b1776dd785b350bc54cae1532dbf1185d575561435dbd7::open3d_point_to_plane,synthetic-confirmatory-v1::5dd89ce2220073f192b1776dd785b350bc54cae1532dbf1185d575561435dbd7,END_FACE_TRANSITION_WEAK,FULL_NOISE,198112089,916609326,3,open3d_point_to_plane
synthetic-confirmatory-v1::5dd89ce2220073f192b1776dd785b350bc54cae1532dbf1185d575561435dbd7::pcl_point_to_plane,synthetic-confirmatory-v1::5dd89ce2220073f192b1776dd785b350bc54cae1532dbf1185d575561435dbd7,END_FACE_TRANSITION_WEAK,FULL_NOISE,198112089,916609326,3,pcl_point_to_plane
synthetic-confirmatory-v1::bbd268d80d714b7a3958a02855adb775bdd1c1e9074e3d16b552686cdcbe621e::open3d_point_to_plane,synthetic-confirmatory-v1::bbd268d80d714b7a3958a02855adb775bdd1c1e9074e3d16b552686cdcbe621e,END_FACE_TRANSITION_WEAK,FULL_NOISE,198112089,916609326,4,open3d_point_to_plane
synthetic-confirmatory-v1::bbd268d80d714b7a3958a02855adb775bdd1c1e9074e3d16b552686cdcbe621e::pcl_point_to_plane,synthetic-confirmatory-v1::bbd268d80d714b7a3958a02855adb775bdd1c1e9074e3d16b552686cdcbe621e,END_FACE_TRANSITION_WEAK,FULL_NOISE,198112089,916609326,4,pcl_point_to_plane
synthetic-confirmatory-v1::9d3bbd81c219d671ea689af50e4d193d719176e8e224e6487b7f3573c146e6ff::open3d_point_to_plane,synthetic-confirmatory-v1::9d3bbd81c219d671ea689af50e4d193d719176e8e224e6487b7f3573c146e6ff,END_FACE_TRANSITION_WEAK,IDEAL_MATCHED,229684695,,0,open3d_point_to_plane
synthetic-confirmatory-v1::9d3bbd81c219d671ea689af50e4d193d719176e8e224e6487b7f3573c146e6ff::pcl_point_to_plane,synthetic-confirmatory-v1::9d3bbd81c219d671ea689af50e4d193d719176e8e224e6487b7f3573c146e6ff,END_FACE_TRANSITION_WEAK,IDEAL_MATCHED,229684695,,0,pcl_point_to_plane
synthetic-confirmatory-v1::e497e53a75246b5fba395bd4b56c56fec605f99b8f20d7f29dddee6ca0bb5638::open3d_point_to_plane,synthetic-confirmatory-v1::e497e53a75246b5fba395bd4b56c56fec605f99b8f20d7f29dddee6ca0bb5638,END_FACE_TRANSITION_WEAK,INDEPENDENT_NOISE_FREE,229684695,,0,open3d_point_to_plane
synthetic-confirmatory-v1::e497e53a75246b5fba395bd4b56c56fec605f99b8f20d7f29dddee6ca0bb5638::pcl_point_to_plane,synthetic-confirmatory-v1::e497e53a75246b5fba395bd4b56c56fec605f99b8f20d7f29dddee6ca0bb5638,END_FACE_TRANSITION_WEAK,INDEPENDENT_NOISE_FREE,229684695,,0,pcl_point_to_plane
synthetic-confirmatory-v1::616622e51548c6338584a379f7d37b8070bb9aa8002bb5c98b6f388d0b1d8a7c::open3d_point_to_plane,synthetic-confirmatory-v1::616622e51548c6338584a379f7d37b8070bb9aa8002bb5c98b6f388d0b1d8a7c,END_FACE_TRANSITION_WEAK,FULL_NOISE,229684695,469989467,0,open3d_point_to_plane
synthetic-confirmatory-v1::616622e51548c6338584a379f7d37b8070bb9aa8002bb5c98b6f388d0b1d8a7c::pcl_point_to_plane,synthetic-confirmatory-v1::616622e51548c6338584a379f7d37b8070bb9aa8002bb5c98b6f388d0b1d8a7c,END_FACE_TRANSITION_WEAK,FULL_NOISE,229684695,469989467,0,pcl_point_to_plane
synthetic-confirmatory-v1::086556022befafd1dbdf2546397ac253868d6bf959ea2e6682b0395460a3b9db::open3d_point_to_plane,synthetic-confirmatory-v1::086556022befafd1dbdf2546397ac253868d6bf959ea2e6682b0395460a3b9db,END_FACE_TRANSITION_WEAK,FULL_NOISE,229684695,469989467,1,open3d_point_to_plane
synthetic-confirmatory-v1::086556022befafd1dbdf2546397ac253868d6bf959ea2e6682b0395460a3b9db::pcl_point_to_plane,synthetic-confirmatory-v1::086556022befafd1dbdf2546397ac253868d6bf959ea2e6682b0395460a3b9db,END_FACE_TRANSITION_WEAK,FULL_NOISE,229684695,469989467,1,pcl_point_to_plane
synthetic-confirmatory-v1::b5f8df01b9b3322f41875cd666d39a87c3a97f985a5ffbcbc2fe6a510db279eb::open3d_point_to_plane,synthetic-confirmatory-v1::b5f8df01b9b3322f41875cd666d39a87c3a97f985a5ffbcbc2fe6a510db279eb,END_FACE_TRANSITION_WEAK,FULL_NOISE,229684695,469989467,2,open3d_point_to_plane
synthetic-confirmatory-v1::b5f8df01b9b3322f41875cd666d39a87c3a97f985a5ffbcbc2fe6a510db279eb::pcl_point_to_plane,synthetic-confirmatory-v1::b5f8df01b9b3322f41875cd666d39a87c3a97f985a5ffbcbc2fe6a510db279eb,END_FACE_TRANSITION_WEAK,FULL_NOISE,229684695,469989467,2,pcl_point_to_plane
synthetic-confirmatory-v1::f8bcf753e3a1bc53a42c4564aed51621c56e3e6b3dc60bdceb086edbce41a9be::open3d_point_to_plane,synthetic-confirmatory-v1::f8bcf753e3a1bc53a42c4564aed51621c56e3e6b3dc60bdceb086edbce41a9be,END_FACE_TRANSITION_WEAK,FULL_NOISE,229684695,469989467,3,open3d_point_to_plane
synthetic-confirmatory-v1::f8bcf753e3a1bc53a42c4564aed51621c56e3e6b3dc60bdceb086edbce41a9be::pcl_point_to_plane,synthetic-confirmatory-v1::f8bcf753e3a1bc53a42c4564aed51621c56e3e6b3dc60bdceb086edbce41a9be,END_FACE_TRANSITION_WEAK,FULL_NOISE,229684695,469989467,3,pcl_point_to_plane
synthetic-confirmatory-v1::018620760e0bc54598609918f5f61695dbb265aa96d898d366b30d99617256f7::open3d_point_to_plane,synthetic-confirmatory-v1::018620760e0bc54598609918f5f61695dbb265aa96d898d366b30d99617256f7,END_FACE_TRANSITION_WEAK,FULL_NOISE,229684695,469989467,4,open3d_point_to_plane
synthetic-confirmatory-v1::018620760e0bc54598609918f5f61695dbb265aa96d898d366b30d99617256f7::pcl_point_to_plane,synthetic-confirmatory-v1::018620760e0bc54598609918f5f61695dbb265aa96d898d366b30d99617256f7,END_FACE_TRANSITION_WEAK,FULL_NOISE,229684695,469989467,4,pcl_point_to_plane
synthetic-confirmatory-v1::5cf12963f5ee4f2a5924ad8422c43f42fb5d611d6cd409fc06008d42ac3ef817::open3d_point_to_plane,synthetic-confirmatory-v1::5cf12963f5ee4f2a5924ad8422c43f42fb5d611d6cd409fc06008d42ac3ef817,END_FACE_TRANSITION_WEAK,FULL_NOISE,229684695,1088311622,0,open3d_point_to_plane
synthetic-confirmatory-v1::5cf12963f5ee4f2a5924ad8422c43f42fb5d611d6cd409fc06008d42ac3ef817::pcl_point_to_plane,synthetic-confirmatory-v1::5cf12963f5ee4f2a5924ad8422c43f42fb5d611d6cd409fc06008d42ac3ef817,END_FACE_TRANSITION_WEAK,FULL_NOISE,229684695,1088311622,0,pcl_point_to_plane
synthetic-confirmatory-v1::02b280b6dc0e25377c76cf4ca5f528c24ef35ce5e3606a934396821b8f65a547::open3d_point_to_plane,synthetic-confirmatory-v1::02b280b6dc0e25377c76cf4ca5f528c24ef35ce5e3606a934396821b8f65a547,END_FACE_TRANSITION_WEAK,FULL_NOISE,229684695,1088311622,1,open3d_point_to_plane
synthetic-confirmatory-v1::02b280b6dc0e25377c76cf4ca5f528c24ef35ce5e3606a934396821b8f65a547::pcl_point_to_plane,synthetic-confirmatory-v1::02b280b6dc0e25377c76cf4ca5f528c24ef35ce5e3606a934396821b8f65a547,END_FACE_TRANSITION_WEAK,FULL_NOISE,229684695,1088311622,1,pcl_point_to_plane
synthetic-confirmatory-v1::6e04a9b6a071b55601a0b9c57ff38c639f35b6a37ab0fefd386cc7da2b2d1662::open3d_point_to_plane,synthetic-confirmatory-v1::6e04a9b6a071b55601a0b9c57ff38c639f35b6a37ab0fefd386cc7da2b2d1662,END_FACE_TRANSITION_WEAK,FULL_NOISE,229684695,1088311622,2,open3d_point_to_plane
synthetic-confirmatory-v1::6e04a9b6a071b55601a0b9c57ff38c639f35b6a37ab0fefd386cc7da2b2d1662::pcl_point_to_plane,synthetic-confirmatory-v1::6e04a9b6a071b55601a0b9c57ff38c639f35b6a37ab0fefd386cc7da2b2d1662,END_FACE_TRANSITION_WEAK,FULL_NOISE,229684695,1088311622,2,pcl_point_to_plane
synthetic-confirmatory-v1::efa84da2f27cd777cacc56556aa8cd3fd5c5f8dd6940d9191705578e53940b52::open3d_point_to_plane,synthetic-confirmatory-v1::efa84da2f27cd777cacc56556aa8cd3fd5c5f8dd6940d9191705578e53940b52,END_FACE_TRANSITION_WEAK,FULL_NOISE,229684695,1088311622,3,open3d_point_to_plane
synthetic-confirmatory-v1::efa84da2f27cd777cacc56556aa8cd3fd5c5f8dd6940d9191705578e53940b52::pcl_point_to_plane,synthetic-confirmatory-v1::efa84da2f27cd777cacc56556aa8cd3fd5c5f8dd6940d9191705578e53940b52,END_FACE_TRANSITION_WEAK,FULL_NOISE,229684695,1088311622,3,pcl_point_to_plane
synthetic-confirmatory-v1::e652395a043ccb11cc6d071c77f363d0e8456b7da8fc129a20d15b43937000c4::open3d_point_to_plane,synthetic-confirmatory-v1::e652395a043ccb11cc6d071c77f363d0e8456b7da8fc129a20d15b43937000c4,END_FACE_TRANSITION_WEAK,FULL_NOISE,229684695,1088311622,4,open3d_point_to_plane
synthetic-confirmatory-v1::e652395a043ccb11cc6d071c77f363d0e8456b7da8fc129a20d15b43937000c4::pcl_point_to_plane,synthetic-confirmatory-v1::e652395a043ccb11cc6d071c77f363d0e8456b7da8fc129a20d15b43937000c4,END_FACE_TRANSITION_WEAK,FULL_NOISE,229684695,1088311622,4,pcl_point_to_plane
synthetic-confirmatory-v1::4a46b3ddc555861eb79e719f329aa039a32a6e919daac65c6cd515848d9fe9dc::open3d_point_to_plane,synthetic-confirmatory-v1::4a46b3ddc555861eb79e719f329aa039a32a6e919daac65c6cd515848d9fe9dc,END_FACE_TRANSITION_WEAK,FULL_NOISE,229684695,916609326,0,open3d_point_to_plane
synthetic-confirmatory-v1::4a46b3ddc555861eb79e719f329aa039a32a6e919daac65c6cd515848d9fe9dc::pcl_point_to_plane,synthetic-confirmatory-v1::4a46b3ddc555861eb79e719f329aa039a32a6e919daac65c6cd515848d9fe9dc,END_FACE_TRANSITION_WEAK,FULL_NOISE,229684695,916609326,0,pcl_point_to_plane
synthetic-confirmatory-v1::a82f084cc735e99c1a49fff914422d5b98e239ff6fb48404e2e2c5c92b2874d4::open3d_point_to_plane,synthetic-confirmatory-v1::a82f084cc735e99c1a49fff914422d5b98e239ff6fb48404e2e2c5c92b2874d4,END_FACE_TRANSITION_WEAK,FULL_NOISE,229684695,916609326,1,open3d_point_to_plane
synthetic-confirmatory-v1::a82f084cc735e99c1a49fff914422d5b98e239ff6fb48404e2e2c5c92b2874d4::pcl_point_to_plane,synthetic-confirmatory-v1::a82f084cc735e99c1a49fff914422d5b98e239ff6fb48404e2e2c5c92b2874d4,END_FACE_TRANSITION_WEAK,FULL_NOISE,229684695,916609326,1,pcl_point_to_plane
synthetic-confirmatory-v1::b7ba1efadc1219221805594d4dbb1c2abc5e345667b2649c11bbeaec2ea3e125::open3d_point_to_plane,synthetic-confirmatory-v1::b7ba1efadc1219221805594d4dbb1c2abc5e345667b2649c11bbeaec2ea3e125,END_FACE_TRANSITION_WEAK,FULL_NOISE,229684695,916609326,2,open3d_point_to_plane
synthetic-confirmatory-v1::b7ba1efadc1219221805594d4dbb1c2abc5e345667b2649c11bbeaec2ea3e125::pcl_point_to_plane,synthetic-confirmatory-v1::b7ba1efadc1219221805594d4dbb1c2abc5e345667b2649c11bbeaec2ea3e125,END_FACE_TRANSITION_WEAK,FULL_NOISE,229684695,916609326,2,pcl_point_to_plane
synthetic-confirmatory-v1::5219a97cfcf48a2710ed0fdc811d6fa19427b02bf718b52c7f5e2d6d78d2e34e::open3d_point_to_plane,synthetic-confirmatory-v1::5219a97cfcf48a2710ed0fdc811d6fa19427b02bf718b52c7f5e2d6d78d2e34e,END_FACE_TRANSITION_WEAK,FULL_NOISE,229684695,916609326,3,open3d_point_to_plane
synthetic-confirmatory-v1::5219a97cfcf48a2710ed0fdc811d6fa19427b02bf718b52c7f5e2d6d78d2e34e::pcl_point_to_plane,synthetic-confirmatory-v1::5219a97cfcf48a2710ed0fdc811d6fa19427b02bf718b52c7f5e2d6d78d2e34e,END_FACE_TRANSITION_WEAK,FULL_NOISE,229684695,916609326,3,pcl_point_to_plane
synthetic-confirmatory-v1::f05cd3ef4446f781abe58926ea068151538c6bf2d3a3c86ff0e55009f7a51dab::open3d_point_to_plane,synthetic-confirmatory-v1::f05cd3ef4446f781abe58926ea068151538c6bf2d3a3c86ff0e55009f7a51dab,END_FACE_TRANSITION_WEAK,FULL_NOISE,229684695,916609326,4,open3d_point_to_plane
synthetic-confirmatory-v1::f05cd3ef4446f781abe58926ea068151538c6bf2d3a3c86ff0e55009f7a51dab::pcl_point_to_plane,synthetic-confirmatory-v1::f05cd3ef4446f781abe58926ea068151538c6bf2d3a3c86ff0e55009f7a51dab,END_FACE_TRANSITION_WEAK,FULL_NOISE,229684695,916609326,4,pcl_point_to_plane
synthetic-confirmatory-v1::892ffdb322fda9a05e6378bb5b50768bb27880000006e7c85a5908246984eec1::open3d_point_to_plane,synthetic-confirmatory-v1::892ffdb322fda9a05e6378bb5b50768bb27880000006e7c85a5908246984eec1,END_FACE_TRANSITION_WEAK,IDEAL_MATCHED,226655024,,0,open3d_point_to_plane
synthetic-confirmatory-v1::892ffdb322fda9a05e6378bb5b50768bb27880000006e7c85a5908246984eec1::pcl_point_to_plane,synthetic-confirmatory-v1::892ffdb322fda9a05e6378bb5b50768bb27880000006e7c85a5908246984eec1,END_FACE_TRANSITION_WEAK,IDEAL_MATCHED,226655024,,0,pcl_point_to_plane
synthetic-confirmatory-v1::e18b6ad776f31222b26209b5dd2c9a33c2a6ba9f4fb090a981ace489b731b5e8::open3d_point_to_plane,synthetic-confirmatory-v1::e18b6ad776f31222b26209b5dd2c9a33c2a6ba9f4fb090a981ace489b731b5e8,END_FACE_TRANSITION_WEAK,INDEPENDENT_NOISE_FREE,226655024,,0,open3d_point_to_plane
synthetic-confirmatory-v1::e18b6ad776f31222b26209b5dd2c9a33c2a6ba9f4fb090a981ace489b731b5e8::pcl_point_to_plane,synthetic-confirmatory-v1::e18b6ad776f31222b26209b5dd2c9a33c2a6ba9f4fb090a981ace489b731b5e8,END_FACE_TRANSITION_WEAK,INDEPENDENT_NOISE_FREE,226655024,,0,pcl_point_to_plane
synthetic-confirmatory-v1::cf57e2ede7b9519d7c27d4af1f869aef94fd308f360d9209dc74428ad7d493c0::open3d_point_to_plane,synthetic-confirmatory-v1::cf57e2ede7b9519d7c27d4af1f869aef94fd308f360d9209dc74428ad7d493c0,END_FACE_TRANSITION_WEAK,FULL_NOISE,226655024,469989467,0,open3d_point_to_plane
synthetic-confirmatory-v1::cf57e2ede7b9519d7c27d4af1f869aef94fd308f360d9209dc74428ad7d493c0::pcl_point_to_plane,synthetic-confirmatory-v1::cf57e2ede7b9519d7c27d4af1f869aef94fd308f360d9209dc74428ad7d493c0,END_FACE_TRANSITION_WEAK,FULL_NOISE,226655024,469989467,0,pcl_point_to_plane
synthetic-confirmatory-v1::577c3d64b5b76616d3e6ea0379cf79e07e20f62b9636a61ed8035dc73d196315::open3d_point_to_plane,synthetic-confirmatory-v1::577c3d64b5b76616d3e6ea0379cf79e07e20f62b9636a61ed8035dc73d196315,END_FACE_TRANSITION_WEAK,FULL_NOISE,226655024,469989467,1,open3d_point_to_plane
synthetic-confirmatory-v1::577c3d64b5b76616d3e6ea0379cf79e07e20f62b9636a61ed8035dc73d196315::pcl_point_to_plane,synthetic-confirmatory-v1::577c3d64b5b76616d3e6ea0379cf79e07e20f62b9636a61ed8035dc73d196315,END_FACE_TRANSITION_WEAK,FULL_NOISE,226655024,469989467,1,pcl_point_to_plane
synthetic-confirmatory-v1::9b9719261d6fc92f617d01c307fe2689a6c9b795fd5ddd0d545d970c3c90730e::open3d_point_to_plane,synthetic-confirmatory-v1::9b9719261d6fc92f617d01c307fe2689a6c9b795fd5ddd0d545d970c3c90730e,END_FACE_TRANSITION_WEAK,FULL_NOISE,226655024,469989467,2,open3d_point_to_plane
synthetic-confirmatory-v1::9b9719261d6fc92f617d01c307fe2689a6c9b795fd5ddd0d545d970c3c90730e::pcl_point_to_plane,synthetic-confirmatory-v1::9b9719261d6fc92f617d01c307fe2689a6c9b795fd5ddd0d545d970c3c90730e,END_FACE_TRANSITION_WEAK,FULL_NOISE,226655024,469989467,2,pcl_point_to_plane
synthetic-confirmatory-v1::faa0023b4658b80eaa0aac520fba304f3cf7ae2efe7039dfae6e0400338ae763::open3d_point_to_plane,synthetic-confirmatory-v1::faa0023b4658b80eaa0aac520fba304f3cf7ae2efe7039dfae6e0400338ae763,END_FACE_TRANSITION_WEAK,FULL_NOISE,226655024,469989467,3,open3d_point_to_plane
synthetic-confirmatory-v1::faa0023b4658b80eaa0aac520fba304f3cf7ae2efe7039dfae6e0400338ae763::pcl_point_to_plane,synthetic-confirmatory-v1::faa0023b4658b80eaa0aac520fba304f3cf7ae2efe7039dfae6e0400338ae763,END_FACE_TRANSITION_WEAK,FULL_NOISE,226655024,469989467,3,pcl_point_to_plane
synthetic-confirmatory-v1::d9cc618a8f6acf3a27d67984d9baeebccdf19f290c942fc29996f6236d7825dc::open3d_point_to_plane,synthetic-confirmatory-v1::d9cc618a8f6acf3a27d67984d9baeebccdf19f290c942fc29996f6236d7825dc,END_FACE_TRANSITION_WEAK,FULL_NOISE,226655024,469989467,4,open3d_point_to_plane
synthetic-confirmatory-v1::d9cc618a8f6acf3a27d67984d9baeebccdf19f290c942fc29996f6236d7825dc::pcl_point_to_plane,synthetic-confirmatory-v1::d9cc618a8f6acf3a27d67984d9baeebccdf19f290c942fc29996f6236d7825dc,END_FACE_TRANSITION_WEAK,FULL_NOISE,226655024,469989467,4,pcl_point_to_plane
synthetic-confirmatory-v1::7f95ddb24c127012de331f9d390fec29a7b602b1b5bdfc75a53ec955709ef26f::open3d_point_to_plane,synthetic-confirmatory-v1::7f95ddb24c127012de331f9d390fec29a7b602b1b5bdfc75a53ec955709ef26f,END_FACE_TRANSITION_WEAK,FULL_NOISE,226655024,1088311622,0,open3d_point_to_plane
synthetic-confirmatory-v1::7f95ddb24c127012de331f9d390fec29a7b602b1b5bdfc75a53ec955709ef26f::pcl_point_to_plane,synthetic-confirmatory-v1::7f95ddb24c127012de331f9d390fec29a7b602b1b5bdfc75a53ec955709ef26f,END_FACE_TRANSITION_WEAK,FULL_NOISE,226655024,1088311622,0,pcl_point_to_plane
synthetic-confirmatory-v1::69b072f16b05b888ba758ff327373f4704f05a2c5501015f4ec6d01a474498a8::open3d_point_to_plane,synthetic-confirmatory-v1::69b072f16b05b888ba758ff327373f4704f05a2c5501015f4ec6d01a474498a8,END_FACE_TRANSITION_WEAK,FULL_NOISE,226655024,1088311622,1,open3d_point_to_plane
synthetic-confirmatory-v1::69b072f16b05b888ba758ff327373f4704f05a2c5501015f4ec6d01a474498a8::pcl_point_to_plane,synthetic-confirmatory-v1::69b072f16b05b888ba758ff327373f4704f05a2c5501015f4ec6d01a474498a8,END_FACE_TRANSITION_WEAK,FULL_NOISE,226655024,1088311622,1,pcl_point_to_plane
synthetic-confirmatory-v1::854c4f68cdad2b3c94b8086d07cc8806d0a2db966fb16e26ef675bd760218bf4::open3d_point_to_plane,synthetic-confirmatory-v1::854c4f68cdad2b3c94b8086d07cc8806d0a2db966fb16e26ef675bd760218bf4,END_FACE_TRANSITION_WEAK,FULL_NOISE,226655024,1088311622,2,open3d_point_to_plane
synthetic-confirmatory-v1::854c4f68cdad2b3c94b8086d07cc8806d0a2db966fb16e26ef675bd760218bf4::pcl_point_to_plane,synthetic-confirmatory-v1::854c4f68cdad2b3c94b8086d07cc8806d0a2db966fb16e26ef675bd760218bf4,END_FACE_TRANSITION_WEAK,FULL_NOISE,226655024,1088311622,2,pcl_point_to_plane
synthetic-confirmatory-v1::68efbbead17bd64de6289a9cb632990cbd793c95bed9875afcd278f45e4c7957::open3d_point_to_plane,synthetic-confirmatory-v1::68efbbead17bd64de6289a9cb632990cbd793c95bed9875afcd278f45e4c7957,END_FACE_TRANSITION_WEAK,FULL_NOISE,226655024,1088311622,3,open3d_point_to_plane
synthetic-confirmatory-v1::68efbbead17bd64de6289a9cb632990cbd793c95bed9875afcd278f45e4c7957::pcl_point_to_plane,synthetic-confirmatory-v1::68efbbead17bd64de6289a9cb632990cbd793c95bed9875afcd278f45e4c7957,END_FACE_TRANSITION_WEAK,FULL_NOISE,226655024,1088311622,3,pcl_point_to_plane
synthetic-confirmatory-v1::424caf15d3adef099d4b4db8be7485f86e08e4759437c48a47957be07be0b9d2::open3d_point_to_plane,synthetic-confirmatory-v1::424caf15d3adef099d4b4db8be7485f86e08e4759437c48a47957be07be0b9d2,END_FACE_TRANSITION_WEAK,FULL_NOISE,226655024,1088311622,4,open3d_point_to_plane
synthetic-confirmatory-v1::424caf15d3adef099d4b4db8be7485f86e08e4759437c48a47957be07be0b9d2::pcl_point_to_plane,synthetic-confirmatory-v1::424caf15d3adef099d4b4db8be7485f86e08e4759437c48a47957be07be0b9d2,END_FACE_TRANSITION_WEAK,FULL_NOISE,226655024,1088311622,4,pcl_point_to_plane
synthetic-confirmatory-v1::8ab79270321ec62151d2061d48c1344260dc4e33a24363e6bcbedb8d83c10c67::open3d_point_to_plane,synthetic-confirmatory-v1::8ab79270321ec62151d2061d48c1344260dc4e33a24363e6bcbedb8d83c10c67,END_FACE_TRANSITION_WEAK,FULL_NOISE,226655024,916609326,0,open3d_point_to_plane
synthetic-confirmatory-v1::8ab79270321ec62151d2061d48c1344260dc4e33a24363e6bcbedb8d83c10c67::pcl_point_to_plane,synthetic-confirmatory-v1::8ab79270321ec62151d2061d48c1344260dc4e33a24363e6bcbedb8d83c10c67,END_FACE_TRANSITION_WEAK,FULL_NOISE,226655024,916609326,0,pcl_point_to_plane
synthetic-confirmatory-v1::9a01f7c9c2e7caa1ef9eb5f496c134d55c9623dfddc6a02c224bb0e414027a7f::open3d_point_to_plane,synthetic-confirmatory-v1::9a01f7c9c2e7caa1ef9eb5f496c134d55c9623dfddc6a02c224bb0e414027a7f,END_FACE_TRANSITION_WEAK,FULL_NOISE,226655024,916609326,1,open3d_point_to_plane
synthetic-confirmatory-v1::9a01f7c9c2e7caa1ef9eb5f496c134d55c9623dfddc6a02c224bb0e414027a7f::pcl_point_to_plane,synthetic-confirmatory-v1::9a01f7c9c2e7caa1ef9eb5f496c134d55c9623dfddc6a02c224bb0e414027a7f,END_FACE_TRANSITION_WEAK,FULL_NOISE,226655024,916609326,1,pcl_point_to_plane
synthetic-confirmatory-v1::a737bd0a2bbd35e562a69181d5f36bea5733f38e6785d3a83d09c88e24997f57::open3d_point_to_plane,synthetic-confirmatory-v1::a737bd0a2bbd35e562a69181d5f36bea5733f38e6785d3a83d09c88e24997f57,END_FACE_TRANSITION_WEAK,FULL_NOISE,226655024,916609326,2,open3d_point_to_plane
synthetic-confirmatory-v1::a737bd0a2bbd35e562a69181d5f36bea5733f38e6785d3a83d09c88e24997f57::pcl_point_to_plane,synthetic-confirmatory-v1::a737bd0a2bbd35e562a69181d5f36bea5733f38e6785d3a83d09c88e24997f57,END_FACE_TRANSITION_WEAK,FULL_NOISE,226655024,916609326,2,pcl_point_to_plane
synthetic-confirmatory-v1::45592187fa7121a0ff3d9cd6feb713844d37c1322e4fa7ab65fcdbd579e3bebf::open3d_point_to_plane,synthetic-confirmatory-v1::45592187fa7121a0ff3d9cd6feb713844d37c1322e4fa7ab65fcdbd579e3bebf,END_FACE_TRANSITION_WEAK,FULL_NOISE,226655024,916609326,3,open3d_point_to_plane
synthetic-confirmatory-v1::45592187fa7121a0ff3d9cd6feb713844d37c1322e4fa7ab65fcdbd579e3bebf::pcl_point_to_plane,synthetic-confirmatory-v1::45592187fa7121a0ff3d9cd6feb713844d37c1322e4fa7ab65fcdbd579e3bebf,END_FACE_TRANSITION_WEAK,FULL_NOISE,226655024,916609326,3,pcl_point_to_plane
synthetic-confirmatory-v1::15f5a4a533d323af1c987ac3fc9aa525331793ac724bf0ef78d7fac66bf6243a::open3d_point_to_plane,synthetic-confirmatory-v1::15f5a4a533d323af1c987ac3fc9aa525331793ac724bf0ef78d7fac66bf6243a,END_FACE_TRANSITION_WEAK,FULL_NOISE,226655024,916609326,4,open3d_point_to_plane
synthetic-confirmatory-v1::15f5a4a533d323af1c987ac3fc9aa525331793ac724bf0ef78d7fac66bf6243a::pcl_point_to_plane,synthetic-confirmatory-v1::15f5a4a533d323af1c987ac3fc9aa525331793ac724bf0ef78d7fac66bf6243a,END_FACE_TRANSITION_WEAK,FULL_NOISE,226655024,916609326,4,pcl_point_to_plane
synthetic-confirmatory-v1::3d7325dbb9a64fa38e18440a8ff104a73dcae9b59e1ce818cc587bb27207b982::open3d_point_to_plane,synthetic-confirmatory-v1::3d7325dbb9a64fa38e18440a8ff104a73dcae9b59e1ce818cc587bb27207b982,END_FACE_TRANSITION_ABSENT,IDEAL_MATCHED,248284635,,0,open3d_point_to_plane
synthetic-confirmatory-v1::3d7325dbb9a64fa38e18440a8ff104a73dcae9b59e1ce818cc587bb27207b982::pcl_point_to_plane,synthetic-confirmatory-v1::3d7325dbb9a64fa38e18440a8ff104a73dcae9b59e1ce818cc587bb27207b982,END_FACE_TRANSITION_ABSENT,IDEAL_MATCHED,248284635,,0,pcl_point_to_plane
synthetic-confirmatory-v1::55a4581d7db05485a33c11bdc9235ab865fa99323bd8a31328b6457cdf22ab7f::open3d_point_to_plane,synthetic-confirmatory-v1::55a4581d7db05485a33c11bdc9235ab865fa99323bd8a31328b6457cdf22ab7f,END_FACE_TRANSITION_ABSENT,INDEPENDENT_NOISE_FREE,248284635,,0,open3d_point_to_plane
synthetic-confirmatory-v1::55a4581d7db05485a33c11bdc9235ab865fa99323bd8a31328b6457cdf22ab7f::pcl_point_to_plane,synthetic-confirmatory-v1::55a4581d7db05485a33c11bdc9235ab865fa99323bd8a31328b6457cdf22ab7f,END_FACE_TRANSITION_ABSENT,INDEPENDENT_NOISE_FREE,248284635,,0,pcl_point_to_plane
synthetic-confirmatory-v1::6961e18cf941350bda78fc149fbb91028e3a9162f1d3cb21c31de45fb0ce98b4::open3d_point_to_plane,synthetic-confirmatory-v1::6961e18cf941350bda78fc149fbb91028e3a9162f1d3cb21c31de45fb0ce98b4,END_FACE_TRANSITION_ABSENT,FULL_NOISE,248284635,469989467,0,open3d_point_to_plane
synthetic-confirmatory-v1::6961e18cf941350bda78fc149fbb91028e3a9162f1d3cb21c31de45fb0ce98b4::pcl_point_to_plane,synthetic-confirmatory-v1::6961e18cf941350bda78fc149fbb91028e3a9162f1d3cb21c31de45fb0ce98b4,END_FACE_TRANSITION_ABSENT,FULL_NOISE,248284635,469989467,0,pcl_point_to_plane
synthetic-confirmatory-v1::4f1204946f7744b73621312c84ff93ce20e71d698f8836b2f5a1ac84f98d00f0::open3d_point_to_plane,synthetic-confirmatory-v1::4f1204946f7744b73621312c84ff93ce20e71d698f8836b2f5a1ac84f98d00f0,END_FACE_TRANSITION_ABSENT,FULL_NOISE,248284635,469989467,1,open3d_point_to_plane
synthetic-confirmatory-v1::4f1204946f7744b73621312c84ff93ce20e71d698f8836b2f5a1ac84f98d00f0::pcl_point_to_plane,synthetic-confirmatory-v1::4f1204946f7744b73621312c84ff93ce20e71d698f8836b2f5a1ac84f98d00f0,END_FACE_TRANSITION_ABSENT,FULL_NOISE,248284635,469989467,1,pcl_point_to_plane
synthetic-confirmatory-v1::38c4ccac2bc4c65fe6d1bc137693913d6564659f66a2492db5df493422b7d73f::open3d_point_to_plane,synthetic-confirmatory-v1::38c4ccac2bc4c65fe6d1bc137693913d6564659f66a2492db5df493422b7d73f,END_FACE_TRANSITION_ABSENT,FULL_NOISE,248284635,469989467,2,open3d_point_to_plane
synthetic-confirmatory-v1::38c4ccac2bc4c65fe6d1bc137693913d6564659f66a2492db5df493422b7d73f::pcl_point_to_plane,synthetic-confirmatory-v1::38c4ccac2bc4c65fe6d1bc137693913d6564659f66a2492db5df493422b7d73f,END_FACE_TRANSITION_ABSENT,FULL_NOISE,248284635,469989467,2,pcl_point_to_plane
synthetic-confirmatory-v1::50e45f2547e65e45379ddab75ac35bab32ccabf892e08c80541b6541cbd10a32::open3d_point_to_plane,synthetic-confirmatory-v1::50e45f2547e65e45379ddab75ac35bab32ccabf892e08c80541b6541cbd10a32,END_FACE_TRANSITION_ABSENT,FULL_NOISE,248284635,469989467,3,open3d_point_to_plane
synthetic-confirmatory-v1::50e45f2547e65e45379ddab75ac35bab32ccabf892e08c80541b6541cbd10a32::pcl_point_to_plane,synthetic-confirmatory-v1::50e45f2547e65e45379ddab75ac35bab32ccabf892e08c80541b6541cbd10a32,END_FACE_TRANSITION_ABSENT,FULL_NOISE,248284635,469989467,3,pcl_point_to_plane
synthetic-confirmatory-v1::435f11ff880171a6584795db9eea64d37833bc5347c73100637a6bf094d0cdcc::open3d_point_to_plane,synthetic-confirmatory-v1::435f11ff880171a6584795db9eea64d37833bc5347c73100637a6bf094d0cdcc,END_FACE_TRANSITION_ABSENT,FULL_NOISE,248284635,469989467,4,open3d_point_to_plane
synthetic-confirmatory-v1::435f11ff880171a6584795db9eea64d37833bc5347c73100637a6bf094d0cdcc::pcl_point_to_plane,synthetic-confirmatory-v1::435f11ff880171a6584795db9eea64d37833bc5347c73100637a6bf094d0cdcc,END_FACE_TRANSITION_ABSENT,FULL_NOISE,248284635,469989467,4,pcl_point_to_plane
synthetic-confirmatory-v1::ccea88910d97c7e7a88555be42c87c634ab2745a351662b450399335538b4b3a::open3d_point_to_plane,synthetic-confirmatory-v1::ccea88910d97c7e7a88555be42c87c634ab2745a351662b450399335538b4b3a,END_FACE_TRANSITION_ABSENT,FULL_NOISE,248284635,1088311622,0,open3d_point_to_plane
synthetic-confirmatory-v1::ccea88910d97c7e7a88555be42c87c634ab2745a351662b450399335538b4b3a::pcl_point_to_plane,synthetic-confirmatory-v1::ccea88910d97c7e7a88555be42c87c634ab2745a351662b450399335538b4b3a,END_FACE_TRANSITION_ABSENT,FULL_NOISE,248284635,1088311622,0,pcl_point_to_plane
synthetic-confirmatory-v1::689a12ecf2de91d6c93f0c2bf8c6f87cae19b8ea57dde5b946b6f729799d3c23::open3d_point_to_plane,synthetic-confirmatory-v1::689a12ecf2de91d6c93f0c2bf8c6f87cae19b8ea57dde5b946b6f729799d3c23,END_FACE_TRANSITION_ABSENT,FULL_NOISE,248284635,1088311622,1,open3d_point_to_plane
synthetic-confirmatory-v1::689a12ecf2de91d6c93f0c2bf8c6f87cae19b8ea57dde5b946b6f729799d3c23::pcl_point_to_plane,synthetic-confirmatory-v1::689a12ecf2de91d6c93f0c2bf8c6f87cae19b8ea57dde5b946b6f729799d3c23,END_FACE_TRANSITION_ABSENT,FULL_NOISE,248284635,1088311622,1,pcl_point_to_plane
synthetic-confirmatory-v1::4bd5aed5f16dd5a7f4b786378697acaee24367457720d16d6a23aa907d03c393::open3d_point_to_plane,synthetic-confirmatory-v1::4bd5aed5f16dd5a7f4b786378697acaee24367457720d16d6a23aa907d03c393,END_FACE_TRANSITION_ABSENT,FULL_NOISE,248284635,1088311622,2,open3d_point_to_plane
synthetic-confirmatory-v1::4bd5aed5f16dd5a7f4b786378697acaee24367457720d16d6a23aa907d03c393::pcl_point_to_plane,synthetic-confirmatory-v1::4bd5aed5f16dd5a7f4b786378697acaee24367457720d16d6a23aa907d03c393,END_FACE_TRANSITION_ABSENT,FULL_NOISE,248284635,1088311622,2,pcl_point_to_plane
synthetic-confirmatory-v1::1ce96d623ce7f6f36039c8074e5916f0a1a3c4fe49442bbba93a3c5c709451d0::open3d_point_to_plane,synthetic-confirmatory-v1::1ce96d623ce7f6f36039c8074e5916f0a1a3c4fe49442bbba93a3c5c709451d0,END_FACE_TRANSITION_ABSENT,FULL_NOISE,248284635,1088311622,3,open3d_point_to_plane
synthetic-confirmatory-v1::1ce96d623ce7f6f36039c8074e5916f0a1a3c4fe49442bbba93a3c5c709451d0::pcl_point_to_plane,synthetic-confirmatory-v1::1ce96d623ce7f6f36039c8074e5916f0a1a3c4fe49442bbba93a3c5c709451d0,END_FACE_TRANSITION_ABSENT,FULL_NOISE,248284635,1088311622,3,pcl_point_to_plane
synthetic-confirmatory-v1::edf4c93c76d46f3e465d291263a59b41d8d978d4529ea9804d46db14965c0448::open3d_point_to_plane,synthetic-confirmatory-v1::edf4c93c76d46f3e465d291263a59b41d8d978d4529ea9804d46db14965c0448,END_FACE_TRANSITION_ABSENT,FULL_NOISE,248284635,1088311622,4,open3d_point_to_plane
synthetic-confirmatory-v1::edf4c93c76d46f3e465d291263a59b41d8d978d4529ea9804d46db14965c0448::pcl_point_to_plane,synthetic-confirmatory-v1::edf4c93c76d46f3e465d291263a59b41d8d978d4529ea9804d46db14965c0448,END_FACE_TRANSITION_ABSENT,FULL_NOISE,248284635,1088311622,4,pcl_point_to_plane
synthetic-confirmatory-v1::e6f774836fbdb0f424fbbfb6c1b72c77649f84060e401b3163b7be345d777a6b::open3d_point_to_plane,synthetic-confirmatory-v1::e6f774836fbdb0f424fbbfb6c1b72c77649f84060e401b3163b7be345d777a6b,END_FACE_TRANSITION_ABSENT,FULL_NOISE,248284635,916609326,0,open3d_point_to_plane
synthetic-confirmatory-v1::e6f774836fbdb0f424fbbfb6c1b72c77649f84060e401b3163b7be345d777a6b::pcl_point_to_plane,synthetic-confirmatory-v1::e6f774836fbdb0f424fbbfb6c1b72c77649f84060e401b3163b7be345d777a6b,END_FACE_TRANSITION_ABSENT,FULL_NOISE,248284635,916609326,0,pcl_point_to_plane
synthetic-confirmatory-v1::07624756710eaf93bc45a9813be9376d34aa8e4a541ac8afd9e6a27532273e78::open3d_point_to_plane,synthetic-confirmatory-v1::07624756710eaf93bc45a9813be9376d34aa8e4a541ac8afd9e6a27532273e78,END_FACE_TRANSITION_ABSENT,FULL_NOISE,248284635,916609326,1,open3d_point_to_plane
synthetic-confirmatory-v1::07624756710eaf93bc45a9813be9376d34aa8e4a541ac8afd9e6a27532273e78::pcl_point_to_plane,synthetic-confirmatory-v1::07624756710eaf93bc45a9813be9376d34aa8e4a541ac8afd9e6a27532273e78,END_FACE_TRANSITION_ABSENT,FULL_NOISE,248284635,916609326,1,pcl_point_to_plane
synthetic-confirmatory-v1::79e0081c2bf96337404b9390fb31e154b09410c229a92f627f107b5b857e275c::open3d_point_to_plane,synthetic-confirmatory-v1::79e0081c2bf96337404b9390fb31e154b09410c229a92f627f107b5b857e275c,END_FACE_TRANSITION_ABSENT,FULL_NOISE,248284635,916609326,2,open3d_point_to_plane
synthetic-confirmatory-v1::79e0081c2bf96337404b9390fb31e154b09410c229a92f627f107b5b857e275c::pcl_point_to_plane,synthetic-confirmatory-v1::79e0081c2bf96337404b9390fb31e154b09410c229a92f627f107b5b857e275c,END_FACE_TRANSITION_ABSENT,FULL_NOISE,248284635,916609326,2,pcl_point_to_plane
synthetic-confirmatory-v1::fdbe805efe7a1208df2f447ceb631a2b089eff57e7bc9d6d6be46590540a5305::open3d_point_to_plane,synthetic-confirmatory-v1::fdbe805efe7a1208df2f447ceb631a2b089eff57e7bc9d6d6be46590540a5305,END_FACE_TRANSITION_ABSENT,FULL_NOISE,248284635,916609326,3,open3d_point_to_plane
synthetic-confirmatory-v1::fdbe805efe7a1208df2f447ceb631a2b089eff57e7bc9d6d6be46590540a5305::pcl_point_to_plane,synthetic-confirmatory-v1::fdbe805efe7a1208df2f447ceb631a2b089eff57e7bc9d6d6be46590540a5305,END_FACE_TRANSITION_ABSENT,FULL_NOISE,248284635,916609326,3,pcl_point_to_plane
synthetic-confirmatory-v1::661ef93fdb364622e91a7260ff75ccf52c0557856edf5712090d1cbe1cfdf1cc::open3d_point_to_plane,synthetic-confirmatory-v1::661ef93fdb364622e91a7260ff75ccf52c0557856edf5712090d1cbe1cfdf1cc,END_FACE_TRANSITION_ABSENT,FULL_NOISE,248284635,916609326,4,open3d_point_to_plane
synthetic-confirmatory-v1::661ef93fdb364622e91a7260ff75ccf52c0557856edf5712090d1cbe1cfdf1cc::pcl_point_to_plane,synthetic-confirmatory-v1::661ef93fdb364622e91a7260ff75ccf52c0557856edf5712090d1cbe1cfdf1cc,END_FACE_TRANSITION_ABSENT,FULL_NOISE,248284635,916609326,4,pcl_point_to_plane
synthetic-confirmatory-v1::b35824b42eaa89f1453d34ebeeb8eb30556e3c7c9363344e9a57790818d9dd56::open3d_point_to_plane,synthetic-confirmatory-v1::b35824b42eaa89f1453d34ebeeb8eb30556e3c7c9363344e9a57790818d9dd56,END_FACE_TRANSITION_ABSENT,IDEAL_MATCHED,376488233,,0,open3d_point_to_plane
synthetic-confirmatory-v1::b35824b42eaa89f1453d34ebeeb8eb30556e3c7c9363344e9a57790818d9dd56::pcl_point_to_plane,synthetic-confirmatory-v1::b35824b42eaa89f1453d34ebeeb8eb30556e3c7c9363344e9a57790818d9dd56,END_FACE_TRANSITION_ABSENT,IDEAL_MATCHED,376488233,,0,pcl_point_to_plane
synthetic-confirmatory-v1::2adc8c176223b9cb923a96b282aa48b3b07f2df3fd910fb30d60ec63a0770168::open3d_point_to_plane,synthetic-confirmatory-v1::2adc8c176223b9cb923a96b282aa48b3b07f2df3fd910fb30d60ec63a0770168,END_FACE_TRANSITION_ABSENT,INDEPENDENT_NOISE_FREE,376488233,,0,open3d_point_to_plane
synthetic-confirmatory-v1::2adc8c176223b9cb923a96b282aa48b3b07f2df3fd910fb30d60ec63a0770168::pcl_point_to_plane,synthetic-confirmatory-v1::2adc8c176223b9cb923a96b282aa48b3b07f2df3fd910fb30d60ec63a0770168,END_FACE_TRANSITION_ABSENT,INDEPENDENT_NOISE_FREE,376488233,,0,pcl_point_to_plane
synthetic-confirmatory-v1::fafa2b031ab97e9635ad0d7b6764d874dbcb22f0b8fa9fa899c03ff8b1a3fed9::open3d_point_to_plane,synthetic-confirmatory-v1::fafa2b031ab97e9635ad0d7b6764d874dbcb22f0b8fa9fa899c03ff8b1a3fed9,END_FACE_TRANSITION_ABSENT,FULL_NOISE,376488233,469989467,0,open3d_point_to_plane
synthetic-confirmatory-v1::fafa2b031ab97e9635ad0d7b6764d874dbcb22f0b8fa9fa899c03ff8b1a3fed9::pcl_point_to_plane,synthetic-confirmatory-v1::fafa2b031ab97e9635ad0d7b6764d874dbcb22f0b8fa9fa899c03ff8b1a3fed9,END_FACE_TRANSITION_ABSENT,FULL_NOISE,376488233,469989467,0,pcl_point_to_plane
synthetic-confirmatory-v1::98e002ffde50964b6921f54d4175813ce91c1bc53498adf2717652e98ca4a556::open3d_point_to_plane,synthetic-confirmatory-v1::98e002ffde50964b6921f54d4175813ce91c1bc53498adf2717652e98ca4a556,END_FACE_TRANSITION_ABSENT,FULL_NOISE,376488233,469989467,1,open3d_point_to_plane
synthetic-confirmatory-v1::98e002ffde50964b6921f54d4175813ce91c1bc53498adf2717652e98ca4a556::pcl_point_to_plane,synthetic-confirmatory-v1::98e002ffde50964b6921f54d4175813ce91c1bc53498adf2717652e98ca4a556,END_FACE_TRANSITION_ABSENT,FULL_NOISE,376488233,469989467,1,pcl_point_to_plane
synthetic-confirmatory-v1::0a0bda0b62f1bdcc87f9787941fae9113cf59b736bfee4a01bf69775c25d05d5::open3d_point_to_plane,synthetic-confirmatory-v1::0a0bda0b62f1bdcc87f9787941fae9113cf59b736bfee4a01bf69775c25d05d5,END_FACE_TRANSITION_ABSENT,FULL_NOISE,376488233,469989467,2,open3d_point_to_plane
synthetic-confirmatory-v1::0a0bda0b62f1bdcc87f9787941fae9113cf59b736bfee4a01bf69775c25d05d5::pcl_point_to_plane,synthetic-confirmatory-v1::0a0bda0b62f1bdcc87f9787941fae9113cf59b736bfee4a01bf69775c25d05d5,END_FACE_TRANSITION_ABSENT,FULL_NOISE,376488233,469989467,2,pcl_point_to_plane
synthetic-confirmatory-v1::718c58d432dad1feaa228c9717459e23304bfe6ac33ece41f4b03945f110dd82::open3d_point_to_plane,synthetic-confirmatory-v1::718c58d432dad1feaa228c9717459e23304bfe6ac33ece41f4b03945f110dd82,END_FACE_TRANSITION_ABSENT,FULL_NOISE,376488233,469989467,3,open3d_point_to_plane
synthetic-confirmatory-v1::718c58d432dad1feaa228c9717459e23304bfe6ac33ece41f4b03945f110dd82::pcl_point_to_plane,synthetic-confirmatory-v1::718c58d432dad1feaa228c9717459e23304bfe6ac33ece41f4b03945f110dd82,END_FACE_TRANSITION_ABSENT,FULL_NOISE,376488233,469989467,3,pcl_point_to_plane
synthetic-confirmatory-v1::12a589e6a8413cbb631628d13475f9e9178767bdb9d4c4f87b0be3ae7dc6c84a::open3d_point_to_plane,synthetic-confirmatory-v1::12a589e6a8413cbb631628d13475f9e9178767bdb9d4c4f87b0be3ae7dc6c84a,END_FACE_TRANSITION_ABSENT,FULL_NOISE,376488233,469989467,4,open3d_point_to_plane
synthetic-confirmatory-v1::12a589e6a8413cbb631628d13475f9e9178767bdb9d4c4f87b0be3ae7dc6c84a::pcl_point_to_plane,synthetic-confirmatory-v1::12a589e6a8413cbb631628d13475f9e9178767bdb9d4c4f87b0be3ae7dc6c84a,END_FACE_TRANSITION_ABSENT,FULL_NOISE,376488233,469989467,4,pcl_point_to_plane
synthetic-confirmatory-v1::10f8bda6a48f3be0ce6d49ad8571cbf002c9e32b0bbbda12d09729606a9e3fe0::open3d_point_to_plane,synthetic-confirmatory-v1::10f8bda6a48f3be0ce6d49ad8571cbf002c9e32b0bbbda12d09729606a9e3fe0,END_FACE_TRANSITION_ABSENT,FULL_NOISE,376488233,1088311622,0,open3d_point_to_plane
synthetic-confirmatory-v1::10f8bda6a48f3be0ce6d49ad8571cbf002c9e32b0bbbda12d09729606a9e3fe0::pcl_point_to_plane,synthetic-confirmatory-v1::10f8bda6a48f3be0ce6d49ad8571cbf002c9e32b0bbbda12d09729606a9e3fe0,END_FACE_TRANSITION_ABSENT,FULL_NOISE,376488233,1088311622,0,pcl_point_to_plane
synthetic-confirmatory-v1::fc8854275e6b15fd4f0067a09db0a8f1e954080f2005493363a17442f7f49de4::open3d_point_to_plane,synthetic-confirmatory-v1::fc8854275e6b15fd4f0067a09db0a8f1e954080f2005493363a17442f7f49de4,END_FACE_TRANSITION_ABSENT,FULL_NOISE,376488233,1088311622,1,open3d_point_to_plane
synthetic-confirmatory-v1::fc8854275e6b15fd4f0067a09db0a8f1e954080f2005493363a17442f7f49de4::pcl_point_to_plane,synthetic-confirmatory-v1::fc8854275e6b15fd4f0067a09db0a8f1e954080f2005493363a17442f7f49de4,END_FACE_TRANSITION_ABSENT,FULL_NOISE,376488233,1088311622,1,pcl_point_to_plane
synthetic-confirmatory-v1::ca1bd14357f1b1999f233f9266777ca3cec7016e816c8c5c06bca03443e91798::open3d_point_to_plane,synthetic-confirmatory-v1::ca1bd14357f1b1999f233f9266777ca3cec7016e816c8c5c06bca03443e91798,END_FACE_TRANSITION_ABSENT,FULL_NOISE,376488233,1088311622,2,open3d_point_to_plane
synthetic-confirmatory-v1::ca1bd14357f1b1999f233f9266777ca3cec7016e816c8c5c06bca03443e91798::pcl_point_to_plane,synthetic-confirmatory-v1::ca1bd14357f1b1999f233f9266777ca3cec7016e816c8c5c06bca03443e91798,END_FACE_TRANSITION_ABSENT,FULL_NOISE,376488233,1088311622,2,pcl_point_to_plane
synthetic-confirmatory-v1::e112bf8be3defe9c94455016c8049e3dcb83caa59289a9403e18e415cde7030e::open3d_point_to_plane,synthetic-confirmatory-v1::e112bf8be3defe9c94455016c8049e3dcb83caa59289a9403e18e415cde7030e,END_FACE_TRANSITION_ABSENT,FULL_NOISE,376488233,1088311622,3,open3d_point_to_plane
synthetic-confirmatory-v1::e112bf8be3defe9c94455016c8049e3dcb83caa59289a9403e18e415cde7030e::pcl_point_to_plane,synthetic-confirmatory-v1::e112bf8be3defe9c94455016c8049e3dcb83caa59289a9403e18e415cde7030e,END_FACE_TRANSITION_ABSENT,FULL_NOISE,376488233,1088311622,3,pcl_point_to_plane
synthetic-confirmatory-v1::48bdbcec82f3fbafaeafab54f0e74199515c5c887293fba361cd5830462b6174::open3d_point_to_plane,synthetic-confirmatory-v1::48bdbcec82f3fbafaeafab54f0e74199515c5c887293fba361cd5830462b6174,END_FACE_TRANSITION_ABSENT,FULL_NOISE,376488233,1088311622,4,open3d_point_to_plane
synthetic-confirmatory-v1::48bdbcec82f3fbafaeafab54f0e74199515c5c887293fba361cd5830462b6174::pcl_point_to_plane,synthetic-confirmatory-v1::48bdbcec82f3fbafaeafab54f0e74199515c5c887293fba361cd5830462b6174,END_FACE_TRANSITION_ABSENT,FULL_NOISE,376488233,1088311622,4,pcl_point_to_plane
synthetic-confirmatory-v1::10d6fac45d7d5e77d017a3261bd85868bf1fb39926d2bb39f861e336ac5226ea::open3d_point_to_plane,synthetic-confirmatory-v1::10d6fac45d7d5e77d017a3261bd85868bf1fb39926d2bb39f861e336ac5226ea,END_FACE_TRANSITION_ABSENT,FULL_NOISE,376488233,916609326,0,open3d_point_to_plane
synthetic-confirmatory-v1::10d6fac45d7d5e77d017a3261bd85868bf1fb39926d2bb39f861e336ac5226ea::pcl_point_to_plane,synthetic-confirmatory-v1::10d6fac45d7d5e77d017a3261bd85868bf1fb39926d2bb39f861e336ac5226ea,END_FACE_TRANSITION_ABSENT,FULL_NOISE,376488233,916609326,0,pcl_point_to_plane
synthetic-confirmatory-v1::4a67c217e654204635d7b6e62c799cb2d0aa6c4ead0203d6ae25b7b0c76cc823::open3d_point_to_plane,synthetic-confirmatory-v1::4a67c217e654204635d7b6e62c799cb2d0aa6c4ead0203d6ae25b7b0c76cc823,END_FACE_TRANSITION_ABSENT,FULL_NOISE,376488233,916609326,1,open3d_point_to_plane
synthetic-confirmatory-v1::4a67c217e654204635d7b6e62c799cb2d0aa6c4ead0203d6ae25b7b0c76cc823::pcl_point_to_plane,synthetic-confirmatory-v1::4a67c217e654204635d7b6e62c799cb2d0aa6c4ead0203d6ae25b7b0c76cc823,END_FACE_TRANSITION_ABSENT,FULL_NOISE,376488233,916609326,1,pcl_point_to_plane
synthetic-confirmatory-v1::a7f2cc8598e11f9ea6e2526ac31f0aa6757b4f23cfa7876f9c649d853dd5b527::open3d_point_to_plane,synthetic-confirmatory-v1::a7f2cc8598e11f9ea6e2526ac31f0aa6757b4f23cfa7876f9c649d853dd5b527,END_FACE_TRANSITION_ABSENT,FULL_NOISE,376488233,916609326,2,open3d_point_to_plane
synthetic-confirmatory-v1::a7f2cc8598e11f9ea6e2526ac31f0aa6757b4f23cfa7876f9c649d853dd5b527::pcl_point_to_plane,synthetic-confirmatory-v1::a7f2cc8598e11f9ea6e2526ac31f0aa6757b4f23cfa7876f9c649d853dd5b527,END_FACE_TRANSITION_ABSENT,FULL_NOISE,376488233,916609326,2,pcl_point_to_plane
synthetic-confirmatory-v1::fd4cd267b0da706b6d34723f457861beefc920a8141659364d456d7c5afdf9e5::open3d_point_to_plane,synthetic-confirmatory-v1::fd4cd267b0da706b6d34723f457861beefc920a8141659364d456d7c5afdf9e5,END_FACE_TRANSITION_ABSENT,FULL_NOISE,376488233,916609326,3,open3d_point_to_plane
synthetic-confirmatory-v1::fd4cd267b0da706b6d34723f457861beefc920a8141659364d456d7c5afdf9e5::pcl_point_to_plane,synthetic-confirmatory-v1::fd4cd267b0da706b6d34723f457861beefc920a8141659364d456d7c5afdf9e5,END_FACE_TRANSITION_ABSENT,FULL_NOISE,376488233,916609326,3,pcl_point_to_plane
synthetic-confirmatory-v1::8111cb365d433cf97e971e29aa0538b6e33ff8d45b8a5b5426b1fbd4abc6e9f0::open3d_point_to_plane,synthetic-confirmatory-v1::8111cb365d433cf97e971e29aa0538b6e33ff8d45b8a5b5426b1fbd4abc6e9f0,END_FACE_TRANSITION_ABSENT,FULL_NOISE,376488233,916609326,4,open3d_point_to_plane
synthetic-confirmatory-v1::8111cb365d433cf97e971e29aa0538b6e33ff8d45b8a5b5426b1fbd4abc6e9f0::pcl_point_to_plane,synthetic-confirmatory-v1::8111cb365d433cf97e971e29aa0538b6e33ff8d45b8a5b5426b1fbd4abc6e9f0,END_FACE_TRANSITION_ABSENT,FULL_NOISE,376488233,916609326,4,pcl_point_to_plane
synthetic-confirmatory-v1::546ff6cd50980c028986c2662b8d32dc1c643057b9186ba6dc4c03b6d3d60ac1::open3d_point_to_plane,synthetic-confirmatory-v1::546ff6cd50980c028986c2662b8d32dc1c643057b9186ba6dc4c03b6d3d60ac1,END_FACE_TRANSITION_ABSENT,IDEAL_MATCHED,198112089,,0,open3d_point_to_plane
synthetic-confirmatory-v1::546ff6cd50980c028986c2662b8d32dc1c643057b9186ba6dc4c03b6d3d60ac1::pcl_point_to_plane,synthetic-confirmatory-v1::546ff6cd50980c028986c2662b8d32dc1c643057b9186ba6dc4c03b6d3d60ac1,END_FACE_TRANSITION_ABSENT,IDEAL_MATCHED,198112089,,0,pcl_point_to_plane
synthetic-confirmatory-v1::9e884ab33a1a411b2dd147fa113f75d54888e3b34b4a146a1ee4cc4ddaf287a7::open3d_point_to_plane,synthetic-confirmatory-v1::9e884ab33a1a411b2dd147fa113f75d54888e3b34b4a146a1ee4cc4ddaf287a7,END_FACE_TRANSITION_ABSENT,INDEPENDENT_NOISE_FREE,198112089,,0,open3d_point_to_plane
synthetic-confirmatory-v1::9e884ab33a1a411b2dd147fa113f75d54888e3b34b4a146a1ee4cc4ddaf287a7::pcl_point_to_plane,synthetic-confirmatory-v1::9e884ab33a1a411b2dd147fa113f75d54888e3b34b4a146a1ee4cc4ddaf287a7,END_FACE_TRANSITION_ABSENT,INDEPENDENT_NOISE_FREE,198112089,,0,pcl_point_to_plane
synthetic-confirmatory-v1::cccfd2d408169d45fdfa8b21ece066793851d0e80932b4e087286b5a62135a1d::open3d_point_to_plane,synthetic-confirmatory-v1::cccfd2d408169d45fdfa8b21ece066793851d0e80932b4e087286b5a62135a1d,END_FACE_TRANSITION_ABSENT,FULL_NOISE,198112089,469989467,0,open3d_point_to_plane
synthetic-confirmatory-v1::cccfd2d408169d45fdfa8b21ece066793851d0e80932b4e087286b5a62135a1d::pcl_point_to_plane,synthetic-confirmatory-v1::cccfd2d408169d45fdfa8b21ece066793851d0e80932b4e087286b5a62135a1d,END_FACE_TRANSITION_ABSENT,FULL_NOISE,198112089,469989467,0,pcl_point_to_plane
synthetic-confirmatory-v1::129a0668ad0f9b22ded6759269848847786edb21626eb40fbe65c30e84197e4a::open3d_point_to_plane,synthetic-confirmatory-v1::129a0668ad0f9b22ded6759269848847786edb21626eb40fbe65c30e84197e4a,END_FACE_TRANSITION_ABSENT,FULL_NOISE,198112089,469989467,1,open3d_point_to_plane
synthetic-confirmatory-v1::129a0668ad0f9b22ded6759269848847786edb21626eb40fbe65c30e84197e4a::pcl_point_to_plane,synthetic-confirmatory-v1::129a0668ad0f9b22ded6759269848847786edb21626eb40fbe65c30e84197e4a,END_FACE_TRANSITION_ABSENT,FULL_NOISE,198112089,469989467,1,pcl_point_to_plane
synthetic-confirmatory-v1::03f698e39c4de564f046127187cbde02c14f119a8aa1bbb206782b1a99fbc9d8::open3d_point_to_plane,synthetic-confirmatory-v1::03f698e39c4de564f046127187cbde02c14f119a8aa1bbb206782b1a99fbc9d8,END_FACE_TRANSITION_ABSENT,FULL_NOISE,198112089,469989467,2,open3d_point_to_plane
synthetic-confirmatory-v1::03f698e39c4de564f046127187cbde02c14f119a8aa1bbb206782b1a99fbc9d8::pcl_point_to_plane,synthetic-confirmatory-v1::03f698e39c4de564f046127187cbde02c14f119a8aa1bbb206782b1a99fbc9d8,END_FACE_TRANSITION_ABSENT,FULL_NOISE,198112089,469989467,2,pcl_point_to_plane
synthetic-confirmatory-v1::aa99f4543234c77e7dab6b1458fa213465d8ea4a5c2dd4b14cda38b43d9051db::open3d_point_to_plane,synthetic-confirmatory-v1::aa99f4543234c77e7dab6b1458fa213465d8ea4a5c2dd4b14cda38b43d9051db,END_FACE_TRANSITION_ABSENT,FULL_NOISE,198112089,469989467,3,open3d_point_to_plane
synthetic-confirmatory-v1::aa99f4543234c77e7dab6b1458fa213465d8ea4a5c2dd4b14cda38b43d9051db::pcl_point_to_plane,synthetic-confirmatory-v1::aa99f4543234c77e7dab6b1458fa213465d8ea4a5c2dd4b14cda38b43d9051db,END_FACE_TRANSITION_ABSENT,FULL_NOISE,198112089,469989467,3,pcl_point_to_plane
synthetic-confirmatory-v1::fff0c1390d170c7cc5bb9de56f4b6b38821e7640172566e3de4a6a6209a655ad::open3d_point_to_plane,synthetic-confirmatory-v1::fff0c1390d170c7cc5bb9de56f4b6b38821e7640172566e3de4a6a6209a655ad,END_FACE_TRANSITION_ABSENT,FULL_NOISE,198112089,469989467,4,open3d_point_to_plane
synthetic-confirmatory-v1::fff0c1390d170c7cc5bb9de56f4b6b38821e7640172566e3de4a6a6209a655ad::pcl_point_to_plane,synthetic-confirmatory-v1::fff0c1390d170c7cc5bb9de56f4b6b38821e7640172566e3de4a6a6209a655ad,END_FACE_TRANSITION_ABSENT,FULL_NOISE,198112089,469989467,4,pcl_point_to_plane
synthetic-confirmatory-v1::3b7f0c716c601fd3d47af37b345d3980737bbc365be62f02f7163685af01cac2::open3d_point_to_plane,synthetic-confirmatory-v1::3b7f0c716c601fd3d47af37b345d3980737bbc365be62f02f7163685af01cac2,END_FACE_TRANSITION_ABSENT,FULL_NOISE,198112089,1088311622,0,open3d_point_to_plane
synthetic-confirmatory-v1::3b7f0c716c601fd3d47af37b345d3980737bbc365be62f02f7163685af01cac2::pcl_point_to_plane,synthetic-confirmatory-v1::3b7f0c716c601fd3d47af37b345d3980737bbc365be62f02f7163685af01cac2,END_FACE_TRANSITION_ABSENT,FULL_NOISE,198112089,1088311622,0,pcl_point_to_plane
synthetic-confirmatory-v1::424b5f45c22df8df6fe9a3e007a19e81cc719767029c9ee601d3f3e49e471ee1::open3d_point_to_plane,synthetic-confirmatory-v1::424b5f45c22df8df6fe9a3e007a19e81cc719767029c9ee601d3f3e49e471ee1,END_FACE_TRANSITION_ABSENT,FULL_NOISE,198112089,1088311622,1,open3d_point_to_plane
synthetic-confirmatory-v1::424b5f45c22df8df6fe9a3e007a19e81cc719767029c9ee601d3f3e49e471ee1::pcl_point_to_plane,synthetic-confirmatory-v1::424b5f45c22df8df6fe9a3e007a19e81cc719767029c9ee601d3f3e49e471ee1,END_FACE_TRANSITION_ABSENT,FULL_NOISE,198112089,1088311622,1,pcl_point_to_plane
synthetic-confirmatory-v1::9bcfc7f56e1860a058765b41329204755e80f06a31d4c98d19526816ddd45838::open3d_point_to_plane,synthetic-confirmatory-v1::9bcfc7f56e1860a058765b41329204755e80f06a31d4c98d19526816ddd45838,END_FACE_TRANSITION_ABSENT,FULL_NOISE,198112089,1088311622,2,open3d_point_to_plane
synthetic-confirmatory-v1::9bcfc7f56e1860a058765b41329204755e80f06a31d4c98d19526816ddd45838::pcl_point_to_plane,synthetic-confirmatory-v1::9bcfc7f56e1860a058765b41329204755e80f06a31d4c98d19526816ddd45838,END_FACE_TRANSITION_ABSENT,FULL_NOISE,198112089,1088311622,2,pcl_point_to_plane
synthetic-confirmatory-v1::350995ff18fb1c002f9719df40dc4d0f5d7352123f26169be3aefb5e0ca81eb8::open3d_point_to_plane,synthetic-confirmatory-v1::350995ff18fb1c002f9719df40dc4d0f5d7352123f26169be3aefb5e0ca81eb8,END_FACE_TRANSITION_ABSENT,FULL_NOISE,198112089,1088311622,3,open3d_point_to_plane
synthetic-confirmatory-v1::350995ff18fb1c002f9719df40dc4d0f5d7352123f26169be3aefb5e0ca81eb8::pcl_point_to_plane,synthetic-confirmatory-v1::350995ff18fb1c002f9719df40dc4d0f5d7352123f26169be3aefb5e0ca81eb8,END_FACE_TRANSITION_ABSENT,FULL_NOISE,198112089,1088311622,3,pcl_point_to_plane
synthetic-confirmatory-v1::baa00a157f257bc389e37106b996d0a34438be9a1afa27fa75d07bd51ccbffae::open3d_point_to_plane,synthetic-confirmatory-v1::baa00a157f257bc389e37106b996d0a34438be9a1afa27fa75d07bd51ccbffae,END_FACE_TRANSITION_ABSENT,FULL_NOISE,198112089,1088311622,4,open3d_point_to_plane
synthetic-confirmatory-v1::baa00a157f257bc389e37106b996d0a34438be9a1afa27fa75d07bd51ccbffae::pcl_point_to_plane,synthetic-confirmatory-v1::baa00a157f257bc389e37106b996d0a34438be9a1afa27fa75d07bd51ccbffae,END_FACE_TRANSITION_ABSENT,FULL_NOISE,198112089,1088311622,4,pcl_point_to_plane
synthetic-confirmatory-v1::d26ec00fe61b5052057adefddb6252a6b661d1fb8e2d06cf232c00d31500178f::open3d_point_to_plane,synthetic-confirmatory-v1::d26ec00fe61b5052057adefddb6252a6b661d1fb8e2d06cf232c00d31500178f,END_FACE_TRANSITION_ABSENT,FULL_NOISE,198112089,916609326,0,open3d_point_to_plane
synthetic-confirmatory-v1::d26ec00fe61b5052057adefddb6252a6b661d1fb8e2d06cf232c00d31500178f::pcl_point_to_plane,synthetic-confirmatory-v1::d26ec00fe61b5052057adefddb6252a6b661d1fb8e2d06cf232c00d31500178f,END_FACE_TRANSITION_ABSENT,FULL_NOISE,198112089,916609326,0,pcl_point_to_plane
synthetic-confirmatory-v1::c70405c166c1253bff889502fd4ef16e2b205773312a853962cd6e0331a5b7f3::open3d_point_to_plane,synthetic-confirmatory-v1::c70405c166c1253bff889502fd4ef16e2b205773312a853962cd6e0331a5b7f3,END_FACE_TRANSITION_ABSENT,FULL_NOISE,198112089,916609326,1,open3d_point_to_plane
synthetic-confirmatory-v1::c70405c166c1253bff889502fd4ef16e2b205773312a853962cd6e0331a5b7f3::pcl_point_to_plane,synthetic-confirmatory-v1::c70405c166c1253bff889502fd4ef16e2b205773312a853962cd6e0331a5b7f3,END_FACE_TRANSITION_ABSENT,FULL_NOISE,198112089,916609326,1,pcl_point_to_plane
synthetic-confirmatory-v1::d321442447b61d7d5b5041da6a68d6d4149c80683c6c0fb475c4217bf7b83fd0::open3d_point_to_plane,synthetic-confirmatory-v1::d321442447b61d7d5b5041da6a68d6d4149c80683c6c0fb475c4217bf7b83fd0,END_FACE_TRANSITION_ABSENT,FULL_NOISE,198112089,916609326,2,open3d_point_to_plane
synthetic-confirmatory-v1::d321442447b61d7d5b5041da6a68d6d4149c80683c6c0fb475c4217bf7b83fd0::pcl_point_to_plane,synthetic-confirmatory-v1::d321442447b61d7d5b5041da6a68d6d4149c80683c6c0fb475c4217bf7b83fd0,END_FACE_TRANSITION_ABSENT,FULL_NOISE,198112089,916609326,2,pcl_point_to_plane
synthetic-confirmatory-v1::43c363995b10395a7de0d7272c5938e44674c09234d5fac54c4389cd7d9c90b0::open3d_point_to_plane,synthetic-confirmatory-v1::43c363995b10395a7de0d7272c5938e44674c09234d5fac54c4389cd7d9c90b0,END_FACE_TRANSITION_ABSENT,FULL_NOISE,198112089,916609326,3,open3d_point_to_plane
synthetic-confirmatory-v1::43c363995b10395a7de0d7272c5938e44674c09234d5fac54c4389cd7d9c90b0::pcl_point_to_plane,synthetic-confirmatory-v1::43c363995b10395a7de0d7272c5938e44674c09234d5fac54c4389cd7d9c90b0,END_FACE_TRANSITION_ABSENT,FULL_NOISE,198112089,916609326,3,pcl_point_to_plane
synthetic-confirmatory-v1::cbab04882f97128e4f746c3a898af5f173cd0ecf9b99ff8ff314a6a447acb1da::open3d_point_to_plane,synthetic-confirmatory-v1::cbab04882f97128e4f746c3a898af5f173cd0ecf9b99ff8ff314a6a447acb1da,END_FACE_TRANSITION_ABSENT,FULL_NOISE,198112089,916609326,4,open3d_point_to_plane
synthetic-confirmatory-v1::cbab04882f97128e4f746c3a898af5f173cd0ecf9b99ff8ff314a6a447acb1da::pcl_point_to_plane,synthetic-confirmatory-v1::cbab04882f97128e4f746c3a898af5f173cd0ecf9b99ff8ff314a6a447acb1da,END_FACE_TRANSITION_ABSENT,FULL_NOISE,198112089,916609326,4,pcl_point_to_plane
synthetic-confirmatory-v1::145f5f1a0f27787600c1eb948b0e6853e21d6cbc5f6354d3c060c62d1e28f665::open3d_point_to_plane,synthetic-confirmatory-v1::145f5f1a0f27787600c1eb948b0e6853e21d6cbc5f6354d3c060c62d1e28f665,END_FACE_TRANSITION_ABSENT,IDEAL_MATCHED,229684695,,0,open3d_point_to_plane
synthetic-confirmatory-v1::145f5f1a0f27787600c1eb948b0e6853e21d6cbc5f6354d3c060c62d1e28f665::pcl_point_to_plane,synthetic-confirmatory-v1::145f5f1a0f27787600c1eb948b0e6853e21d6cbc5f6354d3c060c62d1e28f665,END_FACE_TRANSITION_ABSENT,IDEAL_MATCHED,229684695,,0,pcl_point_to_plane
synthetic-confirmatory-v1::6da3caf6545891210bdb725efc35382fdd8519405b2f2284e6aa4722ab89db9c::open3d_point_to_plane,synthetic-confirmatory-v1::6da3caf6545891210bdb725efc35382fdd8519405b2f2284e6aa4722ab89db9c,END_FACE_TRANSITION_ABSENT,INDEPENDENT_NOISE_FREE,229684695,,0,open3d_point_to_plane
synthetic-confirmatory-v1::6da3caf6545891210bdb725efc35382fdd8519405b2f2284e6aa4722ab89db9c::pcl_point_to_plane,synthetic-confirmatory-v1::6da3caf6545891210bdb725efc35382fdd8519405b2f2284e6aa4722ab89db9c,END_FACE_TRANSITION_ABSENT,INDEPENDENT_NOISE_FREE,229684695,,0,pcl_point_to_plane
synthetic-confirmatory-v1::44bd4c6cae0789e183f64b52bb7cad98353da51ecae885b5ada57d050fabb1e5::open3d_point_to_plane,synthetic-confirmatory-v1::44bd4c6cae0789e183f64b52bb7cad98353da51ecae885b5ada57d050fabb1e5,END_FACE_TRANSITION_ABSENT,FULL_NOISE,229684695,469989467,0,open3d_point_to_plane
synthetic-confirmatory-v1::44bd4c6cae0789e183f64b52bb7cad98353da51ecae885b5ada57d050fabb1e5::pcl_point_to_plane,synthetic-confirmatory-v1::44bd4c6cae0789e183f64b52bb7cad98353da51ecae885b5ada57d050fabb1e5,END_FACE_TRANSITION_ABSENT,FULL_NOISE,229684695,469989467,0,pcl_point_to_plane
synthetic-confirmatory-v1::aa24b815115659004825591e3b3307542cc06dda8ce12c3069a855a4719fc5b9::open3d_point_to_plane,synthetic-confirmatory-v1::aa24b815115659004825591e3b3307542cc06dda8ce12c3069a855a4719fc5b9,END_FACE_TRANSITION_ABSENT,FULL_NOISE,229684695,469989467,1,open3d_point_to_plane
synthetic-confirmatory-v1::aa24b815115659004825591e3b3307542cc06dda8ce12c3069a855a4719fc5b9::pcl_point_to_plane,synthetic-confirmatory-v1::aa24b815115659004825591e3b3307542cc06dda8ce12c3069a855a4719fc5b9,END_FACE_TRANSITION_ABSENT,FULL_NOISE,229684695,469989467,1,pcl_point_to_plane
synthetic-confirmatory-v1::c66f37d4a64047a41fdcfc496f49c5fe9503180fe9fcb84b902a67d4da44db60::open3d_point_to_plane,synthetic-confirmatory-v1::c66f37d4a64047a41fdcfc496f49c5fe9503180fe9fcb84b902a67d4da44db60,END_FACE_TRANSITION_ABSENT,FULL_NOISE,229684695,469989467,2,open3d_point_to_plane
synthetic-confirmatory-v1::c66f37d4a64047a41fdcfc496f49c5fe9503180fe9fcb84b902a67d4da44db60::pcl_point_to_plane,synthetic-confirmatory-v1::c66f37d4a64047a41fdcfc496f49c5fe9503180fe9fcb84b902a67d4da44db60,END_FACE_TRANSITION_ABSENT,FULL_NOISE,229684695,469989467,2,pcl_point_to_plane
synthetic-confirmatory-v1::39dca7a0f37e8e129d8d789b52a2e819d80dc07baa2e4738e371b0e561247e75::open3d_point_to_plane,synthetic-confirmatory-v1::39dca7a0f37e8e129d8d789b52a2e819d80dc07baa2e4738e371b0e561247e75,END_FACE_TRANSITION_ABSENT,FULL_NOISE,229684695,469989467,3,open3d_point_to_plane
synthetic-confirmatory-v1::39dca7a0f37e8e129d8d789b52a2e819d80dc07baa2e4738e371b0e561247e75::pcl_point_to_plane,synthetic-confirmatory-v1::39dca7a0f37e8e129d8d789b52a2e819d80dc07baa2e4738e371b0e561247e75,END_FACE_TRANSITION_ABSENT,FULL_NOISE,229684695,469989467,3,pcl_point_to_plane
synthetic-confirmatory-v1::2b49efddaaab99fb5dbd9afed5ab1e8810b45f53ea50a90873502f62ad907716::open3d_point_to_plane,synthetic-confirmatory-v1::2b49efddaaab99fb5dbd9afed5ab1e8810b45f53ea50a90873502f62ad907716,END_FACE_TRANSITION_ABSENT,FULL_NOISE,229684695,469989467,4,open3d_point_to_plane
synthetic-confirmatory-v1::2b49efddaaab99fb5dbd9afed5ab1e8810b45f53ea50a90873502f62ad907716::pcl_point_to_plane,synthetic-confirmatory-v1::2b49efddaaab99fb5dbd9afed5ab1e8810b45f53ea50a90873502f62ad907716,END_FACE_TRANSITION_ABSENT,FULL_NOISE,229684695,469989467,4,pcl_point_to_plane
synthetic-confirmatory-v1::59eddefe88e434a4aacf1713b5be6b8f7557381490c6a09e51f2d2cd0ebaa28b::open3d_point_to_plane,synthetic-confirmatory-v1::59eddefe88e434a4aacf1713b5be6b8f7557381490c6a09e51f2d2cd0ebaa28b,END_FACE_TRANSITION_ABSENT,FULL_NOISE,229684695,1088311622,0,open3d_point_to_plane
synthetic-confirmatory-v1::59eddefe88e434a4aacf1713b5be6b8f7557381490c6a09e51f2d2cd0ebaa28b::pcl_point_to_plane,synthetic-confirmatory-v1::59eddefe88e434a4aacf1713b5be6b8f7557381490c6a09e51f2d2cd0ebaa28b,END_FACE_TRANSITION_ABSENT,FULL_NOISE,229684695,1088311622,0,pcl_point_to_plane
synthetic-confirmatory-v1::f21d7340c41668d0062c6a0257c001c45876b25cf017da6c7b55af0e345d28cd::open3d_point_to_plane,synthetic-confirmatory-v1::f21d7340c41668d0062c6a0257c001c45876b25cf017da6c7b55af0e345d28cd,END_FACE_TRANSITION_ABSENT,FULL_NOISE,229684695,1088311622,1,open3d_point_to_plane
synthetic-confirmatory-v1::f21d7340c41668d0062c6a0257c001c45876b25cf017da6c7b55af0e345d28cd::pcl_point_to_plane,synthetic-confirmatory-v1::f21d7340c41668d0062c6a0257c001c45876b25cf017da6c7b55af0e345d28cd,END_FACE_TRANSITION_ABSENT,FULL_NOISE,229684695,1088311622,1,pcl_point_to_plane
synthetic-confirmatory-v1::93ab7409abe9a7cade7a20de3469e9e5272cfec545ab3782b8a1642b1912d1f8::open3d_point_to_plane,synthetic-confirmatory-v1::93ab7409abe9a7cade7a20de3469e9e5272cfec545ab3782b8a1642b1912d1f8,END_FACE_TRANSITION_ABSENT,FULL_NOISE,229684695,1088311622,2,open3d_point_to_plane
synthetic-confirmatory-v1::93ab7409abe9a7cade7a20de3469e9e5272cfec545ab3782b8a1642b1912d1f8::pcl_point_to_plane,synthetic-confirmatory-v1::93ab7409abe9a7cade7a20de3469e9e5272cfec545ab3782b8a1642b1912d1f8,END_FACE_TRANSITION_ABSENT,FULL_NOISE,229684695,1088311622,2,pcl_point_to_plane
synthetic-confirmatory-v1::a73c1eb03981bb41d8da91fb518a1459e6926fd1971c1f4deae9c3864b5063ed::open3d_point_to_plane,synthetic-confirmatory-v1::a73c1eb03981bb41d8da91fb518a1459e6926fd1971c1f4deae9c3864b5063ed,END_FACE_TRANSITION_ABSENT,FULL_NOISE,229684695,1088311622,3,open3d_point_to_plane
synthetic-confirmatory-v1::a73c1eb03981bb41d8da91fb518a1459e6926fd1971c1f4deae9c3864b5063ed::pcl_point_to_plane,synthetic-confirmatory-v1::a73c1eb03981bb41d8da91fb518a1459e6926fd1971c1f4deae9c3864b5063ed,END_FACE_TRANSITION_ABSENT,FULL_NOISE,229684695,1088311622,3,pcl_point_to_plane
synthetic-confirmatory-v1::3f7dadfa8030fd31a7c23b6a453a5b1347c5f5517b3e600540cd2418fa41aa99::open3d_point_to_plane,synthetic-confirmatory-v1::3f7dadfa8030fd31a7c23b6a453a5b1347c5f5517b3e600540cd2418fa41aa99,END_FACE_TRANSITION_ABSENT,FULL_NOISE,229684695,1088311622,4,open3d_point_to_plane
synthetic-confirmatory-v1::3f7dadfa8030fd31a7c23b6a453a5b1347c5f5517b3e600540cd2418fa41aa99::pcl_point_to_plane,synthetic-confirmatory-v1::3f7dadfa8030fd31a7c23b6a453a5b1347c5f5517b3e600540cd2418fa41aa99,END_FACE_TRANSITION_ABSENT,FULL_NOISE,229684695,1088311622,4,pcl_point_to_plane
synthetic-confirmatory-v1::535b3c6df0d6f50833db1ce1bbb7ce161c960a51fdddd83390288d85dc756121::open3d_point_to_plane,synthetic-confirmatory-v1::535b3c6df0d6f50833db1ce1bbb7ce161c960a51fdddd83390288d85dc756121,END_FACE_TRANSITION_ABSENT,FULL_NOISE,229684695,916609326,0,open3d_point_to_plane
synthetic-confirmatory-v1::535b3c6df0d6f50833db1ce1bbb7ce161c960a51fdddd83390288d85dc756121::pcl_point_to_plane,synthetic-confirmatory-v1::535b3c6df0d6f50833db1ce1bbb7ce161c960a51fdddd83390288d85dc756121,END_FACE_TRANSITION_ABSENT,FULL_NOISE,229684695,916609326,0,pcl_point_to_plane
synthetic-confirmatory-v1::27c05d09d5baf492bc3811aa6719f916727271607ba87ba3e726ff455f99fe32::open3d_point_to_plane,synthetic-confirmatory-v1::27c05d09d5baf492bc3811aa6719f916727271607ba87ba3e726ff455f99fe32,END_FACE_TRANSITION_ABSENT,FULL_NOISE,229684695,916609326,1,open3d_point_to_plane
synthetic-confirmatory-v1::27c05d09d5baf492bc3811aa6719f916727271607ba87ba3e726ff455f99fe32::pcl_point_to_plane,synthetic-confirmatory-v1::27c05d09d5baf492bc3811aa6719f916727271607ba87ba3e726ff455f99fe32,END_FACE_TRANSITION_ABSENT,FULL_NOISE,229684695,916609326,1,pcl_point_to_plane
synthetic-confirmatory-v1::90ee11a7bca8b93ea430a7bc5fd2df3b88f4adaf3931a6a6133815aa6b95bc67::open3d_point_to_plane,synthetic-confirmatory-v1::90ee11a7bca8b93ea430a7bc5fd2df3b88f4adaf3931a6a6133815aa6b95bc67,END_FACE_TRANSITION_ABSENT,FULL_NOISE,229684695,916609326,2,open3d_point_to_plane
synthetic-confirmatory-v1::90ee11a7bca8b93ea430a7bc5fd2df3b88f4adaf3931a6a6133815aa6b95bc67::pcl_point_to_plane,synthetic-confirmatory-v1::90ee11a7bca8b93ea430a7bc5fd2df3b88f4adaf3931a6a6133815aa6b95bc67,END_FACE_TRANSITION_ABSENT,FULL_NOISE,229684695,916609326,2,pcl_point_to_plane
synthetic-confirmatory-v1::8d814890b4aa7e781a6c6195d92e4fdacc1b6c2d99ad167bdeb96f55e197ee63::open3d_point_to_plane,synthetic-confirmatory-v1::8d814890b4aa7e781a6c6195d92e4fdacc1b6c2d99ad167bdeb96f55e197ee63,END_FACE_TRANSITION_ABSENT,FULL_NOISE,229684695,916609326,3,open3d_point_to_plane
synthetic-confirmatory-v1::8d814890b4aa7e781a6c6195d92e4fdacc1b6c2d99ad167bdeb96f55e197ee63::pcl_point_to_plane,synthetic-confirmatory-v1::8d814890b4aa7e781a6c6195d92e4fdacc1b6c2d99ad167bdeb96f55e197ee63,END_FACE_TRANSITION_ABSENT,FULL_NOISE,229684695,916609326,3,pcl_point_to_plane
synthetic-confirmatory-v1::47e94cf1cffa6cf8b1adab9543caa47f64b9ad3099dd66f391ea7bccbb3bddae::open3d_point_to_plane,synthetic-confirmatory-v1::47e94cf1cffa6cf8b1adab9543caa47f64b9ad3099dd66f391ea7bccbb3bddae,END_FACE_TRANSITION_ABSENT,FULL_NOISE,229684695,916609326,4,open3d_point_to_plane
synthetic-confirmatory-v1::47e94cf1cffa6cf8b1adab9543caa47f64b9ad3099dd66f391ea7bccbb3bddae::pcl_point_to_plane,synthetic-confirmatory-v1::47e94cf1cffa6cf8b1adab9543caa47f64b9ad3099dd66f391ea7bccbb3bddae,END_FACE_TRANSITION_ABSENT,FULL_NOISE,229684695,916609326,4,pcl_point_to_plane
synthetic-confirmatory-v1::d555113fff860063b79e1cb2ca338a95e90d6f213387f858d98f5ab7e33c90cd::open3d_point_to_plane,synthetic-confirmatory-v1::d555113fff860063b79e1cb2ca338a95e90d6f213387f858d98f5ab7e33c90cd,END_FACE_TRANSITION_ABSENT,IDEAL_MATCHED,226655024,,0,open3d_point_to_plane
synthetic-confirmatory-v1::d555113fff860063b79e1cb2ca338a95e90d6f213387f858d98f5ab7e33c90cd::pcl_point_to_plane,synthetic-confirmatory-v1::d555113fff860063b79e1cb2ca338a95e90d6f213387f858d98f5ab7e33c90cd,END_FACE_TRANSITION_ABSENT,IDEAL_MATCHED,226655024,,0,pcl_point_to_plane
synthetic-confirmatory-v1::bbd5ddd580c3147b7f83a11d21d340cc3cbd03ff65b0d04fd50c5b2eb01f6868::open3d_point_to_plane,synthetic-confirmatory-v1::bbd5ddd580c3147b7f83a11d21d340cc3cbd03ff65b0d04fd50c5b2eb01f6868,END_FACE_TRANSITION_ABSENT,INDEPENDENT_NOISE_FREE,226655024,,0,open3d_point_to_plane
synthetic-confirmatory-v1::bbd5ddd580c3147b7f83a11d21d340cc3cbd03ff65b0d04fd50c5b2eb01f6868::pcl_point_to_plane,synthetic-confirmatory-v1::bbd5ddd580c3147b7f83a11d21d340cc3cbd03ff65b0d04fd50c5b2eb01f6868,END_FACE_TRANSITION_ABSENT,INDEPENDENT_NOISE_FREE,226655024,,0,pcl_point_to_plane
synthetic-confirmatory-v1::78f7eb79e3c7c2cd8f73c8076ae0d81260d3a7f375d9f7ebdafeed3f69105d48::open3d_point_to_plane,synthetic-confirmatory-v1::78f7eb79e3c7c2cd8f73c8076ae0d81260d3a7f375d9f7ebdafeed3f69105d48,END_FACE_TRANSITION_ABSENT,FULL_NOISE,226655024,469989467,0,open3d_point_to_plane
synthetic-confirmatory-v1::78f7eb79e3c7c2cd8f73c8076ae0d81260d3a7f375d9f7ebdafeed3f69105d48::pcl_point_to_plane,synthetic-confirmatory-v1::78f7eb79e3c7c2cd8f73c8076ae0d81260d3a7f375d9f7ebdafeed3f69105d48,END_FACE_TRANSITION_ABSENT,FULL_NOISE,226655024,469989467,0,pcl_point_to_plane
synthetic-confirmatory-v1::74c163b1ad22775b89ba8198cfe5ce8ef4c1578356cbbb8d7d2b41f9adf59301::open3d_point_to_plane,synthetic-confirmatory-v1::74c163b1ad22775b89ba8198cfe5ce8ef4c1578356cbbb8d7d2b41f9adf59301,END_FACE_TRANSITION_ABSENT,FULL_NOISE,226655024,469989467,1,open3d_point_to_plane
synthetic-confirmatory-v1::74c163b1ad22775b89ba8198cfe5ce8ef4c1578356cbbb8d7d2b41f9adf59301::pcl_point_to_plane,synthetic-confirmatory-v1::74c163b1ad22775b89ba8198cfe5ce8ef4c1578356cbbb8d7d2b41f9adf59301,END_FACE_TRANSITION_ABSENT,FULL_NOISE,226655024,469989467,1,pcl_point_to_plane
synthetic-confirmatory-v1::68ca920faa9c204b5c533cf3f3edc95460311560080353a60346ea4ae10e7baa::open3d_point_to_plane,synthetic-confirmatory-v1::68ca920faa9c204b5c533cf3f3edc95460311560080353a60346ea4ae10e7baa,END_FACE_TRANSITION_ABSENT,FULL_NOISE,226655024,469989467,2,open3d_point_to_plane
synthetic-confirmatory-v1::68ca920faa9c204b5c533cf3f3edc95460311560080353a60346ea4ae10e7baa::pcl_point_to_plane,synthetic-confirmatory-v1::68ca920faa9c204b5c533cf3f3edc95460311560080353a60346ea4ae10e7baa,END_FACE_TRANSITION_ABSENT,FULL_NOISE,226655024,469989467,2,pcl_point_to_plane
synthetic-confirmatory-v1::95087acdd206b145048695c116725be4df023ae3dbaa08529cb4a5ea7cd0ba0e::open3d_point_to_plane,synthetic-confirmatory-v1::95087acdd206b145048695c116725be4df023ae3dbaa08529cb4a5ea7cd0ba0e,END_FACE_TRANSITION_ABSENT,FULL_NOISE,226655024,469989467,3,open3d_point_to_plane
synthetic-confirmatory-v1::95087acdd206b145048695c116725be4df023ae3dbaa08529cb4a5ea7cd0ba0e::pcl_point_to_plane,synthetic-confirmatory-v1::95087acdd206b145048695c116725be4df023ae3dbaa08529cb4a5ea7cd0ba0e,END_FACE_TRANSITION_ABSENT,FULL_NOISE,226655024,469989467,3,pcl_point_to_plane
synthetic-confirmatory-v1::43b37c0d84a35a193a253d6f1493748fff522b903d72137cc6af50f642536fa7::open3d_point_to_plane,synthetic-confirmatory-v1::43b37c0d84a35a193a253d6f1493748fff522b903d72137cc6af50f642536fa7,END_FACE_TRANSITION_ABSENT,FULL_NOISE,226655024,469989467,4,open3d_point_to_plane
synthetic-confirmatory-v1::43b37c0d84a35a193a253d6f1493748fff522b903d72137cc6af50f642536fa7::pcl_point_to_plane,synthetic-confirmatory-v1::43b37c0d84a35a193a253d6f1493748fff522b903d72137cc6af50f642536fa7,END_FACE_TRANSITION_ABSENT,FULL_NOISE,226655024,469989467,4,pcl_point_to_plane
synthetic-confirmatory-v1::95a60b11b498c9286c5f218182545dc9e21c34d792684a0d3e66a1a8624b00e6::open3d_point_to_plane,synthetic-confirmatory-v1::95a60b11b498c9286c5f218182545dc9e21c34d792684a0d3e66a1a8624b00e6,END_FACE_TRANSITION_ABSENT,FULL_NOISE,226655024,1088311622,0,open3d_point_to_plane
synthetic-confirmatory-v1::95a60b11b498c9286c5f218182545dc9e21c34d792684a0d3e66a1a8624b00e6::pcl_point_to_plane,synthetic-confirmatory-v1::95a60b11b498c9286c5f218182545dc9e21c34d792684a0d3e66a1a8624b00e6,END_FACE_TRANSITION_ABSENT,FULL_NOISE,226655024,1088311622,0,pcl_point_to_plane
synthetic-confirmatory-v1::d71fe881d0d9b6d848e46492ddfb2aff149252254e37d9f0ed79efd57bd016e7::open3d_point_to_plane,synthetic-confirmatory-v1::d71fe881d0d9b6d848e46492ddfb2aff149252254e37d9f0ed79efd57bd016e7,END_FACE_TRANSITION_ABSENT,FULL_NOISE,226655024,1088311622,1,open3d_point_to_plane
synthetic-confirmatory-v1::d71fe881d0d9b6d848e46492ddfb2aff149252254e37d9f0ed79efd57bd016e7::pcl_point_to_plane,synthetic-confirmatory-v1::d71fe881d0d9b6d848e46492ddfb2aff149252254e37d9f0ed79efd57bd016e7,END_FACE_TRANSITION_ABSENT,FULL_NOISE,226655024,1088311622,1,pcl_point_to_plane
synthetic-confirmatory-v1::16e7fbc15e6f4700b48053f90b614f48266478c96a5207b08411a22762eced0e::open3d_point_to_plane,synthetic-confirmatory-v1::16e7fbc15e6f4700b48053f90b614f48266478c96a5207b08411a22762eced0e,END_FACE_TRANSITION_ABSENT,FULL_NOISE,226655024,1088311622,2,open3d_point_to_plane
synthetic-confirmatory-v1::16e7fbc15e6f4700b48053f90b614f48266478c96a5207b08411a22762eced0e::pcl_point_to_plane,synthetic-confirmatory-v1::16e7fbc15e6f4700b48053f90b614f48266478c96a5207b08411a22762eced0e,END_FACE_TRANSITION_ABSENT,FULL_NOISE,226655024,1088311622,2,pcl_point_to_plane
synthetic-confirmatory-v1::6da78e6d64ca02525ec1dd7307f62ca786d6b156ad29592b730c3e5870173244::open3d_point_to_plane,synthetic-confirmatory-v1::6da78e6d64ca02525ec1dd7307f62ca786d6b156ad29592b730c3e5870173244,END_FACE_TRANSITION_ABSENT,FULL_NOISE,226655024,1088311622,3,open3d_point_to_plane
synthetic-confirmatory-v1::6da78e6d64ca02525ec1dd7307f62ca786d6b156ad29592b730c3e5870173244::pcl_point_to_plane,synthetic-confirmatory-v1::6da78e6d64ca02525ec1dd7307f62ca786d6b156ad29592b730c3e5870173244,END_FACE_TRANSITION_ABSENT,FULL_NOISE,226655024,1088311622,3,pcl_point_to_plane
synthetic-confirmatory-v1::4fc8a3f8c8b0d664d52ed022473841db4fe7f5b6a85beda680935821b88f49d4::open3d_point_to_plane,synthetic-confirmatory-v1::4fc8a3f8c8b0d664d52ed022473841db4fe7f5b6a85beda680935821b88f49d4,END_FACE_TRANSITION_ABSENT,FULL_NOISE,226655024,1088311622,4,open3d_point_to_plane
synthetic-confirmatory-v1::4fc8a3f8c8b0d664d52ed022473841db4fe7f5b6a85beda680935821b88f49d4::pcl_point_to_plane,synthetic-confirmatory-v1::4fc8a3f8c8b0d664d52ed022473841db4fe7f5b6a85beda680935821b88f49d4,END_FACE_TRANSITION_ABSENT,FULL_NOISE,226655024,1088311622,4,pcl_point_to_plane
synthetic-confirmatory-v1::d26880fd53034d140f671d8edb57a16d477807023133b13ca300621f5af487d7::open3d_point_to_plane,synthetic-confirmatory-v1::d26880fd53034d140f671d8edb57a16d477807023133b13ca300621f5af487d7,END_FACE_TRANSITION_ABSENT,FULL_NOISE,226655024,916609326,0,open3d_point_to_plane
synthetic-confirmatory-v1::d26880fd53034d140f671d8edb57a16d477807023133b13ca300621f5af487d7::pcl_point_to_plane,synthetic-confirmatory-v1::d26880fd53034d140f671d8edb57a16d477807023133b13ca300621f5af487d7,END_FACE_TRANSITION_ABSENT,FULL_NOISE,226655024,916609326,0,pcl_point_to_plane
synthetic-confirmatory-v1::ff7ecac8f66f194f09dce944e2aed7b5605f40e7222fb80815de6f96caab0206::open3d_point_to_plane,synthetic-confirmatory-v1::ff7ecac8f66f194f09dce944e2aed7b5605f40e7222fb80815de6f96caab0206,END_FACE_TRANSITION_ABSENT,FULL_NOISE,226655024,916609326,1,open3d_point_to_plane
synthetic-confirmatory-v1::ff7ecac8f66f194f09dce944e2aed7b5605f40e7222fb80815de6f96caab0206::pcl_point_to_plane,synthetic-confirmatory-v1::ff7ecac8f66f194f09dce944e2aed7b5605f40e7222fb80815de6f96caab0206,END_FACE_TRANSITION_ABSENT,FULL_NOISE,226655024,916609326,1,pcl_point_to_plane
synthetic-confirmatory-v1::5f4bc4399921f5231144d994f73c7f34a4d15662d0f6c636a6c7336f41726d0c::open3d_point_to_plane,synthetic-confirmatory-v1::5f4bc4399921f5231144d994f73c7f34a4d15662d0f6c636a6c7336f41726d0c,END_FACE_TRANSITION_ABSENT,FULL_NOISE,226655024,916609326,2,open3d_point_to_plane
synthetic-confirmatory-v1::5f4bc4399921f5231144d994f73c7f34a4d15662d0f6c636a6c7336f41726d0c::pcl_point_to_plane,synthetic-confirmatory-v1::5f4bc4399921f5231144d994f73c7f34a4d15662d0f6c636a6c7336f41726d0c,END_FACE_TRANSITION_ABSENT,FULL_NOISE,226655024,916609326,2,pcl_point_to_plane
synthetic-confirmatory-v1::803ca0fc7d0573236fec7df97877ed1fee6eed653c5a13fdcd28628f0fcbad49::open3d_point_to_plane,synthetic-confirmatory-v1::803ca0fc7d0573236fec7df97877ed1fee6eed653c5a13fdcd28628f0fcbad49,END_FACE_TRANSITION_ABSENT,FULL_NOISE,226655024,916609326,3,open3d_point_to_plane
synthetic-confirmatory-v1::803ca0fc7d0573236fec7df97877ed1fee6eed653c5a13fdcd28628f0fcbad49::pcl_point_to_plane,synthetic-confirmatory-v1::803ca0fc7d0573236fec7df97877ed1fee6eed653c5a13fdcd28628f0fcbad49,END_FACE_TRANSITION_ABSENT,FULL_NOISE,226655024,916609326,3,pcl_point_to_plane
synthetic-confirmatory-v1::e15bba13c84bf28a631739fc7c6ced6205344b9cee0ab27ff31b5ea70c576c43::open3d_point_to_plane,synthetic-confirmatory-v1::e15bba13c84bf28a631739fc7c6ced6205344b9cee0ab27ff31b5ea70c576c43,END_FACE_TRANSITION_ABSENT,FULL_NOISE,226655024,916609326,4,open3d_point_to_plane
synthetic-confirmatory-v1::e15bba13c84bf28a631739fc7c6ced6205344b9cee0ab27ff31b5ea70c576c43::pcl_point_to_plane,synthetic-confirmatory-v1::e15bba13c84bf28a631739fc7c6ced6205344b9cee0ab27ff31b5ea70c576c43,END_FACE_TRANSITION_ABSENT,FULL_NOISE,226655024,916609326,4,pcl_point_to_plane
synthetic-confirmatory-v1::108beb33cb3a93b3d681af9f25a4fd69649bb49afd05aa6240813aa0e675fae7::open3d_point_to_plane,synthetic-confirmatory-v1::108beb33cb3a93b3d681af9f25a4fd69649bb49afd05aa6240813aa0e675fae7,REPEATED_STRUCTURE,IDEAL_MATCHED,248284635,,0,open3d_point_to_plane
synthetic-confirmatory-v1::108beb33cb3a93b3d681af9f25a4fd69649bb49afd05aa6240813aa0e675fae7::pcl_point_to_plane,synthetic-confirmatory-v1::108beb33cb3a93b3d681af9f25a4fd69649bb49afd05aa6240813aa0e675fae7,REPEATED_STRUCTURE,IDEAL_MATCHED,248284635,,0,pcl_point_to_plane
synthetic-confirmatory-v1::67c02d3bde96ed4eca7e8901220e987249be201e6ccebb5d17e450cf3f93b73d::open3d_point_to_plane,synthetic-confirmatory-v1::67c02d3bde96ed4eca7e8901220e987249be201e6ccebb5d17e450cf3f93b73d,REPEATED_STRUCTURE,INDEPENDENT_NOISE_FREE,248284635,,0,open3d_point_to_plane
synthetic-confirmatory-v1::67c02d3bde96ed4eca7e8901220e987249be201e6ccebb5d17e450cf3f93b73d::pcl_point_to_plane,synthetic-confirmatory-v1::67c02d3bde96ed4eca7e8901220e987249be201e6ccebb5d17e450cf3f93b73d,REPEATED_STRUCTURE,INDEPENDENT_NOISE_FREE,248284635,,0,pcl_point_to_plane
synthetic-confirmatory-v1::3a690c9610921c60129af4f84eb57ff519f4306c3af90b3b16a61bb9e17b29e0::open3d_point_to_plane,synthetic-confirmatory-v1::3a690c9610921c60129af4f84eb57ff519f4306c3af90b3b16a61bb9e17b29e0,REPEATED_STRUCTURE,FULL_NOISE,248284635,469989467,0,open3d_point_to_plane
synthetic-confirmatory-v1::3a690c9610921c60129af4f84eb57ff519f4306c3af90b3b16a61bb9e17b29e0::pcl_point_to_plane,synthetic-confirmatory-v1::3a690c9610921c60129af4f84eb57ff519f4306c3af90b3b16a61bb9e17b29e0,REPEATED_STRUCTURE,FULL_NOISE,248284635,469989467,0,pcl_point_to_plane
synthetic-confirmatory-v1::141038bf6dae447243a1d0967ed54f8656e324290166d937eb919a8ee6cdab4a::open3d_point_to_plane,synthetic-confirmatory-v1::141038bf6dae447243a1d0967ed54f8656e324290166d937eb919a8ee6cdab4a,REPEATED_STRUCTURE,FULL_NOISE,248284635,469989467,1,open3d_point_to_plane
synthetic-confirmatory-v1::141038bf6dae447243a1d0967ed54f8656e324290166d937eb919a8ee6cdab4a::pcl_point_to_plane,synthetic-confirmatory-v1::141038bf6dae447243a1d0967ed54f8656e324290166d937eb919a8ee6cdab4a,REPEATED_STRUCTURE,FULL_NOISE,248284635,469989467,1,pcl_point_to_plane
synthetic-confirmatory-v1::576e575a5661e270167c83dc661a01757b4e0bc6174c8e07b6035f1bf591cd1d::open3d_point_to_plane,synthetic-confirmatory-v1::576e575a5661e270167c83dc661a01757b4e0bc6174c8e07b6035f1bf591cd1d,REPEATED_STRUCTURE,FULL_NOISE,248284635,469989467,2,open3d_point_to_plane
synthetic-confirmatory-v1::576e575a5661e270167c83dc661a01757b4e0bc6174c8e07b6035f1bf591cd1d::pcl_point_to_plane,synthetic-confirmatory-v1::576e575a5661e270167c83dc661a01757b4e0bc6174c8e07b6035f1bf591cd1d,REPEATED_STRUCTURE,FULL_NOISE,248284635,469989467,2,pcl_point_to_plane
synthetic-confirmatory-v1::00d1405f233a5a4787189991871e9c9bbf330992f48bdd9851926377aff5e5ba::open3d_point_to_plane,synthetic-confirmatory-v1::00d1405f233a5a4787189991871e9c9bbf330992f48bdd9851926377aff5e5ba,REPEATED_STRUCTURE,FULL_NOISE,248284635,469989467,3,open3d_point_to_plane
synthetic-confirmatory-v1::00d1405f233a5a4787189991871e9c9bbf330992f48bdd9851926377aff5e5ba::pcl_point_to_plane,synthetic-confirmatory-v1::00d1405f233a5a4787189991871e9c9bbf330992f48bdd9851926377aff5e5ba,REPEATED_STRUCTURE,FULL_NOISE,248284635,469989467,3,pcl_point_to_plane
synthetic-confirmatory-v1::2cc3092233a6d3accd8b8accf3ba571e1b774ba6c95da0eb71428a9022f84d42::open3d_point_to_plane,synthetic-confirmatory-v1::2cc3092233a6d3accd8b8accf3ba571e1b774ba6c95da0eb71428a9022f84d42,REPEATED_STRUCTURE,FULL_NOISE,248284635,469989467,4,open3d_point_to_plane
synthetic-confirmatory-v1::2cc3092233a6d3accd8b8accf3ba571e1b774ba6c95da0eb71428a9022f84d42::pcl_point_to_plane,synthetic-confirmatory-v1::2cc3092233a6d3accd8b8accf3ba571e1b774ba6c95da0eb71428a9022f84d42,REPEATED_STRUCTURE,FULL_NOISE,248284635,469989467,4,pcl_point_to_plane
synthetic-confirmatory-v1::01d6b7e502ed9e562fb5615b73635bd84284cde504e3437102de216221c457c5::open3d_point_to_plane,synthetic-confirmatory-v1::01d6b7e502ed9e562fb5615b73635bd84284cde504e3437102de216221c457c5,REPEATED_STRUCTURE,FULL_NOISE,248284635,1088311622,0,open3d_point_to_plane
synthetic-confirmatory-v1::01d6b7e502ed9e562fb5615b73635bd84284cde504e3437102de216221c457c5::pcl_point_to_plane,synthetic-confirmatory-v1::01d6b7e502ed9e562fb5615b73635bd84284cde504e3437102de216221c457c5,REPEATED_STRUCTURE,FULL_NOISE,248284635,1088311622,0,pcl_point_to_plane
synthetic-confirmatory-v1::2218ecdc7cfc7444075e2df856be6fdd48ab6f798b994baf0d46a67aa4bac2aa::open3d_point_to_plane,synthetic-confirmatory-v1::2218ecdc7cfc7444075e2df856be6fdd48ab6f798b994baf0d46a67aa4bac2aa,REPEATED_STRUCTURE,FULL_NOISE,248284635,1088311622,1,open3d_point_to_plane
synthetic-confirmatory-v1::2218ecdc7cfc7444075e2df856be6fdd48ab6f798b994baf0d46a67aa4bac2aa::pcl_point_to_plane,synthetic-confirmatory-v1::2218ecdc7cfc7444075e2df856be6fdd48ab6f798b994baf0d46a67aa4bac2aa,REPEATED_STRUCTURE,FULL_NOISE,248284635,1088311622,1,pcl_point_to_plane
synthetic-confirmatory-v1::cb6cb9cf60c924d888be445de1856c55961ed765d79984029b4bbf85020868ad::open3d_point_to_plane,synthetic-confirmatory-v1::cb6cb9cf60c924d888be445de1856c55961ed765d79984029b4bbf85020868ad,REPEATED_STRUCTURE,FULL_NOISE,248284635,1088311622,2,open3d_point_to_plane
synthetic-confirmatory-v1::cb6cb9cf60c924d888be445de1856c55961ed765d79984029b4bbf85020868ad::pcl_point_to_plane,synthetic-confirmatory-v1::cb6cb9cf60c924d888be445de1856c55961ed765d79984029b4bbf85020868ad,REPEATED_STRUCTURE,FULL_NOISE,248284635,1088311622,2,pcl_point_to_plane
synthetic-confirmatory-v1::f3e31f6b4f62f96ac8e3650d36b6a9594e0f74cc6b3cefbf59c00bf9fe169b8e::open3d_point_to_plane,synthetic-confirmatory-v1::f3e31f6b4f62f96ac8e3650d36b6a9594e0f74cc6b3cefbf59c00bf9fe169b8e,REPEATED_STRUCTURE,FULL_NOISE,248284635,1088311622,3,open3d_point_to_plane
synthetic-confirmatory-v1::f3e31f6b4f62f96ac8e3650d36b6a9594e0f74cc6b3cefbf59c00bf9fe169b8e::pcl_point_to_plane,synthetic-confirmatory-v1::f3e31f6b4f62f96ac8e3650d36b6a9594e0f74cc6b3cefbf59c00bf9fe169b8e,REPEATED_STRUCTURE,FULL_NOISE,248284635,1088311622,3,pcl_point_to_plane
synthetic-confirmatory-v1::9ebb9abf823681f892a4c5f45f6f501080cd6748ec387db00c2ec6dda0690ae4::open3d_point_to_plane,synthetic-confirmatory-v1::9ebb9abf823681f892a4c5f45f6f501080cd6748ec387db00c2ec6dda0690ae4,REPEATED_STRUCTURE,FULL_NOISE,248284635,1088311622,4,open3d_point_to_plane
synthetic-confirmatory-v1::9ebb9abf823681f892a4c5f45f6f501080cd6748ec387db00c2ec6dda0690ae4::pcl_point_to_plane,synthetic-confirmatory-v1::9ebb9abf823681f892a4c5f45f6f501080cd6748ec387db00c2ec6dda0690ae4,REPEATED_STRUCTURE,FULL_NOISE,248284635,1088311622,4,pcl_point_to_plane
synthetic-confirmatory-v1::00e5ac8b8a2791414453f015b7b7ffef686bee32d45c291133631f0f02589bdf::open3d_point_to_plane,synthetic-confirmatory-v1::00e5ac8b8a2791414453f015b7b7ffef686bee32d45c291133631f0f02589bdf,REPEATED_STRUCTURE,FULL_NOISE,248284635,916609326,0,open3d_point_to_plane
synthetic-confirmatory-v1::00e5ac8b8a2791414453f015b7b7ffef686bee32d45c291133631f0f02589bdf::pcl_point_to_plane,synthetic-confirmatory-v1::00e5ac8b8a2791414453f015b7b7ffef686bee32d45c291133631f0f02589bdf,REPEATED_STRUCTURE,FULL_NOISE,248284635,916609326,0,pcl_point_to_plane
synthetic-confirmatory-v1::71bc80b781b0dfef1b2033c340b3596acda61bbeff2a785ee404cd1bb6cae8ee::open3d_point_to_plane,synthetic-confirmatory-v1::71bc80b781b0dfef1b2033c340b3596acda61bbeff2a785ee404cd1bb6cae8ee,REPEATED_STRUCTURE,FULL_NOISE,248284635,916609326,1,open3d_point_to_plane
synthetic-confirmatory-v1::71bc80b781b0dfef1b2033c340b3596acda61bbeff2a785ee404cd1bb6cae8ee::pcl_point_to_plane,synthetic-confirmatory-v1::71bc80b781b0dfef1b2033c340b3596acda61bbeff2a785ee404cd1bb6cae8ee,REPEATED_STRUCTURE,FULL_NOISE,248284635,916609326,1,pcl_point_to_plane
synthetic-confirmatory-v1::f83da44e20c51556650b26bdf634e68615e300a3fbd83bc381212679f0f9d8cd::open3d_point_to_plane,synthetic-confirmatory-v1::f83da44e20c51556650b26bdf634e68615e300a3fbd83bc381212679f0f9d8cd,REPEATED_STRUCTURE,FULL_NOISE,248284635,916609326,2,open3d_point_to_plane
synthetic-confirmatory-v1::f83da44e20c51556650b26bdf634e68615e300a3fbd83bc381212679f0f9d8cd::pcl_point_to_plane,synthetic-confirmatory-v1::f83da44e20c51556650b26bdf634e68615e300a3fbd83bc381212679f0f9d8cd,REPEATED_STRUCTURE,FULL_NOISE,248284635,916609326,2,pcl_point_to_plane
synthetic-confirmatory-v1::8e83e0f38937bfafdf6a33d52b1168501153c8e63e563b134b197597b2573d6a::open3d_point_to_plane,synthetic-confirmatory-v1::8e83e0f38937bfafdf6a33d52b1168501153c8e63e563b134b197597b2573d6a,REPEATED_STRUCTURE,FULL_NOISE,248284635,916609326,3,open3d_point_to_plane
synthetic-confirmatory-v1::8e83e0f38937bfafdf6a33d52b1168501153c8e63e563b134b197597b2573d6a::pcl_point_to_plane,synthetic-confirmatory-v1::8e83e0f38937bfafdf6a33d52b1168501153c8e63e563b134b197597b2573d6a,REPEATED_STRUCTURE,FULL_NOISE,248284635,916609326,3,pcl_point_to_plane
synthetic-confirmatory-v1::8633536d89e1b795f9a1e0cfc7a3d6d40f46ff5d94a1510a49c5f87f46417d22::open3d_point_to_plane,synthetic-confirmatory-v1::8633536d89e1b795f9a1e0cfc7a3d6d40f46ff5d94a1510a49c5f87f46417d22,REPEATED_STRUCTURE,FULL_NOISE,248284635,916609326,4,open3d_point_to_plane
synthetic-confirmatory-v1::8633536d89e1b795f9a1e0cfc7a3d6d40f46ff5d94a1510a49c5f87f46417d22::pcl_point_to_plane,synthetic-confirmatory-v1::8633536d89e1b795f9a1e0cfc7a3d6d40f46ff5d94a1510a49c5f87f46417d22,REPEATED_STRUCTURE,FULL_NOISE,248284635,916609326,4,pcl_point_to_plane
synthetic-confirmatory-v1::99937cab3e235f2d9ef81445728621c5ac0f664079818bb641f5b427d92f7774::open3d_point_to_plane,synthetic-confirmatory-v1::99937cab3e235f2d9ef81445728621c5ac0f664079818bb641f5b427d92f7774,REPEATED_STRUCTURE,IDEAL_MATCHED,376488233,,0,open3d_point_to_plane
synthetic-confirmatory-v1::99937cab3e235f2d9ef81445728621c5ac0f664079818bb641f5b427d92f7774::pcl_point_to_plane,synthetic-confirmatory-v1::99937cab3e235f2d9ef81445728621c5ac0f664079818bb641f5b427d92f7774,REPEATED_STRUCTURE,IDEAL_MATCHED,376488233,,0,pcl_point_to_plane
synthetic-confirmatory-v1::b0c25c9e54a391d690dd0e945b88985768a0c7e3826aa9bbf9acf6b3c81b946e::open3d_point_to_plane,synthetic-confirmatory-v1::b0c25c9e54a391d690dd0e945b88985768a0c7e3826aa9bbf9acf6b3c81b946e,REPEATED_STRUCTURE,INDEPENDENT_NOISE_FREE,376488233,,0,open3d_point_to_plane
synthetic-confirmatory-v1::b0c25c9e54a391d690dd0e945b88985768a0c7e3826aa9bbf9acf6b3c81b946e::pcl_point_to_plane,synthetic-confirmatory-v1::b0c25c9e54a391d690dd0e945b88985768a0c7e3826aa9bbf9acf6b3c81b946e,REPEATED_STRUCTURE,INDEPENDENT_NOISE_FREE,376488233,,0,pcl_point_to_plane
synthetic-confirmatory-v1::646d75ec6cf8adccba0dc37f01c70b9b19522e1c62ae4bfcdb0a014990a637b2::open3d_point_to_plane,synthetic-confirmatory-v1::646d75ec6cf8adccba0dc37f01c70b9b19522e1c62ae4bfcdb0a014990a637b2,REPEATED_STRUCTURE,FULL_NOISE,376488233,469989467,0,open3d_point_to_plane
synthetic-confirmatory-v1::646d75ec6cf8adccba0dc37f01c70b9b19522e1c62ae4bfcdb0a014990a637b2::pcl_point_to_plane,synthetic-confirmatory-v1::646d75ec6cf8adccba0dc37f01c70b9b19522e1c62ae4bfcdb0a014990a637b2,REPEATED_STRUCTURE,FULL_NOISE,376488233,469989467,0,pcl_point_to_plane
synthetic-confirmatory-v1::cc7174b92f4848f510e92a7366c9abad0b249bd33f3c30c92e13399aba8aa676::open3d_point_to_plane,synthetic-confirmatory-v1::cc7174b92f4848f510e92a7366c9abad0b249bd33f3c30c92e13399aba8aa676,REPEATED_STRUCTURE,FULL_NOISE,376488233,469989467,1,open3d_point_to_plane
synthetic-confirmatory-v1::cc7174b92f4848f510e92a7366c9abad0b249bd33f3c30c92e13399aba8aa676::pcl_point_to_plane,synthetic-confirmatory-v1::cc7174b92f4848f510e92a7366c9abad0b249bd33f3c30c92e13399aba8aa676,REPEATED_STRUCTURE,FULL_NOISE,376488233,469989467,1,pcl_point_to_plane
synthetic-confirmatory-v1::e37eebfa30c138164bcf11df76d80e1f97413edd26cd85db6e77680f189b7289::open3d_point_to_plane,synthetic-confirmatory-v1::e37eebfa30c138164bcf11df76d80e1f97413edd26cd85db6e77680f189b7289,REPEATED_STRUCTURE,FULL_NOISE,376488233,469989467,2,open3d_point_to_plane
synthetic-confirmatory-v1::e37eebfa30c138164bcf11df76d80e1f97413edd26cd85db6e77680f189b7289::pcl_point_to_plane,synthetic-confirmatory-v1::e37eebfa30c138164bcf11df76d80e1f97413edd26cd85db6e77680f189b7289,REPEATED_STRUCTURE,FULL_NOISE,376488233,469989467,2,pcl_point_to_plane
synthetic-confirmatory-v1::cb81ad784de7a89d7a970f137e9bb53982d26731e6cc66bc23c6a811aa6a9ca2::open3d_point_to_plane,synthetic-confirmatory-v1::cb81ad784de7a89d7a970f137e9bb53982d26731e6cc66bc23c6a811aa6a9ca2,REPEATED_STRUCTURE,FULL_NOISE,376488233,469989467,3,open3d_point_to_plane
synthetic-confirmatory-v1::cb81ad784de7a89d7a970f137e9bb53982d26731e6cc66bc23c6a811aa6a9ca2::pcl_point_to_plane,synthetic-confirmatory-v1::cb81ad784de7a89d7a970f137e9bb53982d26731e6cc66bc23c6a811aa6a9ca2,REPEATED_STRUCTURE,FULL_NOISE,376488233,469989467,3,pcl_point_to_plane
synthetic-confirmatory-v1::5964931cdfea5419e945d3a15efbdeac90d19831e4ef790419d73aa90f39a791::open3d_point_to_plane,synthetic-confirmatory-v1::5964931cdfea5419e945d3a15efbdeac90d19831e4ef790419d73aa90f39a791,REPEATED_STRUCTURE,FULL_NOISE,376488233,469989467,4,open3d_point_to_plane
synthetic-confirmatory-v1::5964931cdfea5419e945d3a15efbdeac90d19831e4ef790419d73aa90f39a791::pcl_point_to_plane,synthetic-confirmatory-v1::5964931cdfea5419e945d3a15efbdeac90d19831e4ef790419d73aa90f39a791,REPEATED_STRUCTURE,FULL_NOISE,376488233,469989467,4,pcl_point_to_plane
synthetic-confirmatory-v1::8e78dbf26c976f96e26665ac22a578c0dcc63549baf9d78af47ef03d03b5b31d::open3d_point_to_plane,synthetic-confirmatory-v1::8e78dbf26c976f96e26665ac22a578c0dcc63549baf9d78af47ef03d03b5b31d,REPEATED_STRUCTURE,FULL_NOISE,376488233,1088311622,0,open3d_point_to_plane
synthetic-confirmatory-v1::8e78dbf26c976f96e26665ac22a578c0dcc63549baf9d78af47ef03d03b5b31d::pcl_point_to_plane,synthetic-confirmatory-v1::8e78dbf26c976f96e26665ac22a578c0dcc63549baf9d78af47ef03d03b5b31d,REPEATED_STRUCTURE,FULL_NOISE,376488233,1088311622,0,pcl_point_to_plane
synthetic-confirmatory-v1::f0ac2e658989bf0860c9130906baf61e03e1a9d628d0f2c520fc5652f8357098::open3d_point_to_plane,synthetic-confirmatory-v1::f0ac2e658989bf0860c9130906baf61e03e1a9d628d0f2c520fc5652f8357098,REPEATED_STRUCTURE,FULL_NOISE,376488233,1088311622,1,open3d_point_to_plane
synthetic-confirmatory-v1::f0ac2e658989bf0860c9130906baf61e03e1a9d628d0f2c520fc5652f8357098::pcl_point_to_plane,synthetic-confirmatory-v1::f0ac2e658989bf0860c9130906baf61e03e1a9d628d0f2c520fc5652f8357098,REPEATED_STRUCTURE,FULL_NOISE,376488233,1088311622,1,pcl_point_to_plane
synthetic-confirmatory-v1::b8d6bf43f7930faf497480d055d1355fa6fde92ee81d5c7ad5fc34a6c5c03cc3::open3d_point_to_plane,synthetic-confirmatory-v1::b8d6bf43f7930faf497480d055d1355fa6fde92ee81d5c7ad5fc34a6c5c03cc3,REPEATED_STRUCTURE,FULL_NOISE,376488233,1088311622,2,open3d_point_to_plane
synthetic-confirmatory-v1::b8d6bf43f7930faf497480d055d1355fa6fde92ee81d5c7ad5fc34a6c5c03cc3::pcl_point_to_plane,synthetic-confirmatory-v1::b8d6bf43f7930faf497480d055d1355fa6fde92ee81d5c7ad5fc34a6c5c03cc3,REPEATED_STRUCTURE,FULL_NOISE,376488233,1088311622,2,pcl_point_to_plane
synthetic-confirmatory-v1::0c82879401de5e6e0dea1615e442a274c3d6d29e8e918efa3fbee95698b0ccac::open3d_point_to_plane,synthetic-confirmatory-v1::0c82879401de5e6e0dea1615e442a274c3d6d29e8e918efa3fbee95698b0ccac,REPEATED_STRUCTURE,FULL_NOISE,376488233,1088311622,3,open3d_point_to_plane
synthetic-confirmatory-v1::0c82879401de5e6e0dea1615e442a274c3d6d29e8e918efa3fbee95698b0ccac::pcl_point_to_plane,synthetic-confirmatory-v1::0c82879401de5e6e0dea1615e442a274c3d6d29e8e918efa3fbee95698b0ccac,REPEATED_STRUCTURE,FULL_NOISE,376488233,1088311622,3,pcl_point_to_plane
synthetic-confirmatory-v1::8ec80dd763a80f668c14cb61e1714414b6d3e5f13c206435914ddc35cd5c15ca::open3d_point_to_plane,synthetic-confirmatory-v1::8ec80dd763a80f668c14cb61e1714414b6d3e5f13c206435914ddc35cd5c15ca,REPEATED_STRUCTURE,FULL_NOISE,376488233,1088311622,4,open3d_point_to_plane
synthetic-confirmatory-v1::8ec80dd763a80f668c14cb61e1714414b6d3e5f13c206435914ddc35cd5c15ca::pcl_point_to_plane,synthetic-confirmatory-v1::8ec80dd763a80f668c14cb61e1714414b6d3e5f13c206435914ddc35cd5c15ca,REPEATED_STRUCTURE,FULL_NOISE,376488233,1088311622,4,pcl_point_to_plane
synthetic-confirmatory-v1::5000452a836ed3e49db5bb09a097f42a6d01be4d30471f4d553736f7d48dc314::open3d_point_to_plane,synthetic-confirmatory-v1::5000452a836ed3e49db5bb09a097f42a6d01be4d30471f4d553736f7d48dc314,REPEATED_STRUCTURE,FULL_NOISE,376488233,916609326,0,open3d_point_to_plane
synthetic-confirmatory-v1::5000452a836ed3e49db5bb09a097f42a6d01be4d30471f4d553736f7d48dc314::pcl_point_to_plane,synthetic-confirmatory-v1::5000452a836ed3e49db5bb09a097f42a6d01be4d30471f4d553736f7d48dc314,REPEATED_STRUCTURE,FULL_NOISE,376488233,916609326,0,pcl_point_to_plane
synthetic-confirmatory-v1::a8bcb652808adc4f2a458677292e63a891c647aad1cd6c58bc53660e7d3863bf::open3d_point_to_plane,synthetic-confirmatory-v1::a8bcb652808adc4f2a458677292e63a891c647aad1cd6c58bc53660e7d3863bf,REPEATED_STRUCTURE,FULL_NOISE,376488233,916609326,1,open3d_point_to_plane
synthetic-confirmatory-v1::a8bcb652808adc4f2a458677292e63a891c647aad1cd6c58bc53660e7d3863bf::pcl_point_to_plane,synthetic-confirmatory-v1::a8bcb652808adc4f2a458677292e63a891c647aad1cd6c58bc53660e7d3863bf,REPEATED_STRUCTURE,FULL_NOISE,376488233,916609326,1,pcl_point_to_plane
synthetic-confirmatory-v1::3bc465c0e724b523262b19307e4bca586c0a1ca4337e7174e84ca93c4cabe125::open3d_point_to_plane,synthetic-confirmatory-v1::3bc465c0e724b523262b19307e4bca586c0a1ca4337e7174e84ca93c4cabe125,REPEATED_STRUCTURE,FULL_NOISE,376488233,916609326,2,open3d_point_to_plane
synthetic-confirmatory-v1::3bc465c0e724b523262b19307e4bca586c0a1ca4337e7174e84ca93c4cabe125::pcl_point_to_plane,synthetic-confirmatory-v1::3bc465c0e724b523262b19307e4bca586c0a1ca4337e7174e84ca93c4cabe125,REPEATED_STRUCTURE,FULL_NOISE,376488233,916609326,2,pcl_point_to_plane
synthetic-confirmatory-v1::69efb87a91232e8a6452f25bae4e838af5d360c85fb21f13cbf9de354ab52c96::open3d_point_to_plane,synthetic-confirmatory-v1::69efb87a91232e8a6452f25bae4e838af5d360c85fb21f13cbf9de354ab52c96,REPEATED_STRUCTURE,FULL_NOISE,376488233,916609326,3,open3d_point_to_plane
synthetic-confirmatory-v1::69efb87a91232e8a6452f25bae4e838af5d360c85fb21f13cbf9de354ab52c96::pcl_point_to_plane,synthetic-confirmatory-v1::69efb87a91232e8a6452f25bae4e838af5d360c85fb21f13cbf9de354ab52c96,REPEATED_STRUCTURE,FULL_NOISE,376488233,916609326,3,pcl_point_to_plane
synthetic-confirmatory-v1::4b6dfb4019fb376c23eb644b81820e04d25a1bd0f7ef8984c0497249ac21b359::open3d_point_to_plane,synthetic-confirmatory-v1::4b6dfb4019fb376c23eb644b81820e04d25a1bd0f7ef8984c0497249ac21b359,REPEATED_STRUCTURE,FULL_NOISE,376488233,916609326,4,open3d_point_to_plane
synthetic-confirmatory-v1::4b6dfb4019fb376c23eb644b81820e04d25a1bd0f7ef8984c0497249ac21b359::pcl_point_to_plane,synthetic-confirmatory-v1::4b6dfb4019fb376c23eb644b81820e04d25a1bd0f7ef8984c0497249ac21b359,REPEATED_STRUCTURE,FULL_NOISE,376488233,916609326,4,pcl_point_to_plane
synthetic-confirmatory-v1::254d3b789b709f18b782c929b08ff5ce282fea3f517e4581008307cf089c1656::open3d_point_to_plane,synthetic-confirmatory-v1::254d3b789b709f18b782c929b08ff5ce282fea3f517e4581008307cf089c1656,REPEATED_STRUCTURE,IDEAL_MATCHED,198112089,,0,open3d_point_to_plane
synthetic-confirmatory-v1::254d3b789b709f18b782c929b08ff5ce282fea3f517e4581008307cf089c1656::pcl_point_to_plane,synthetic-confirmatory-v1::254d3b789b709f18b782c929b08ff5ce282fea3f517e4581008307cf089c1656,REPEATED_STRUCTURE,IDEAL_MATCHED,198112089,,0,pcl_point_to_plane
synthetic-confirmatory-v1::102ba0bbc4270cc4df970cf9c909352309e2bba684c9e4ed1fc8a13864fae71a::open3d_point_to_plane,synthetic-confirmatory-v1::102ba0bbc4270cc4df970cf9c909352309e2bba684c9e4ed1fc8a13864fae71a,REPEATED_STRUCTURE,INDEPENDENT_NOISE_FREE,198112089,,0,open3d_point_to_plane
synthetic-confirmatory-v1::102ba0bbc4270cc4df970cf9c909352309e2bba684c9e4ed1fc8a13864fae71a::pcl_point_to_plane,synthetic-confirmatory-v1::102ba0bbc4270cc4df970cf9c909352309e2bba684c9e4ed1fc8a13864fae71a,REPEATED_STRUCTURE,INDEPENDENT_NOISE_FREE,198112089,,0,pcl_point_to_plane
synthetic-confirmatory-v1::2822608b985ea3ec09723dd308fb4c2bf1263676f076add0c723432fff70792e::open3d_point_to_plane,synthetic-confirmatory-v1::2822608b985ea3ec09723dd308fb4c2bf1263676f076add0c723432fff70792e,REPEATED_STRUCTURE,FULL_NOISE,198112089,469989467,0,open3d_point_to_plane
synthetic-confirmatory-v1::2822608b985ea3ec09723dd308fb4c2bf1263676f076add0c723432fff70792e::pcl_point_to_plane,synthetic-confirmatory-v1::2822608b985ea3ec09723dd308fb4c2bf1263676f076add0c723432fff70792e,REPEATED_STRUCTURE,FULL_NOISE,198112089,469989467,0,pcl_point_to_plane
synthetic-confirmatory-v1::5495eb3394567d1d4b1b0a864cce128cc79421a46a2f3a68749a6d15d3b8c4f8::open3d_point_to_plane,synthetic-confirmatory-v1::5495eb3394567d1d4b1b0a864cce128cc79421a46a2f3a68749a6d15d3b8c4f8,REPEATED_STRUCTURE,FULL_NOISE,198112089,469989467,1,open3d_point_to_plane
synthetic-confirmatory-v1::5495eb3394567d1d4b1b0a864cce128cc79421a46a2f3a68749a6d15d3b8c4f8::pcl_point_to_plane,synthetic-confirmatory-v1::5495eb3394567d1d4b1b0a864cce128cc79421a46a2f3a68749a6d15d3b8c4f8,REPEATED_STRUCTURE,FULL_NOISE,198112089,469989467,1,pcl_point_to_plane
synthetic-confirmatory-v1::79233016b65058c670eb9aa5f9a43f330ff255980bf02e9a3863c2f25ea7e18d::open3d_point_to_plane,synthetic-confirmatory-v1::79233016b65058c670eb9aa5f9a43f330ff255980bf02e9a3863c2f25ea7e18d,REPEATED_STRUCTURE,FULL_NOISE,198112089,469989467,2,open3d_point_to_plane
synthetic-confirmatory-v1::79233016b65058c670eb9aa5f9a43f330ff255980bf02e9a3863c2f25ea7e18d::pcl_point_to_plane,synthetic-confirmatory-v1::79233016b65058c670eb9aa5f9a43f330ff255980bf02e9a3863c2f25ea7e18d,REPEATED_STRUCTURE,FULL_NOISE,198112089,469989467,2,pcl_point_to_plane
synthetic-confirmatory-v1::34bd9b6964fe9758d8624b7d36d79a4e17da7ecddbc05f14ace37c79f5edbd70::open3d_point_to_plane,synthetic-confirmatory-v1::34bd9b6964fe9758d8624b7d36d79a4e17da7ecddbc05f14ace37c79f5edbd70,REPEATED_STRUCTURE,FULL_NOISE,198112089,469989467,3,open3d_point_to_plane
synthetic-confirmatory-v1::34bd9b6964fe9758d8624b7d36d79a4e17da7ecddbc05f14ace37c79f5edbd70::pcl_point_to_plane,synthetic-confirmatory-v1::34bd9b6964fe9758d8624b7d36d79a4e17da7ecddbc05f14ace37c79f5edbd70,REPEATED_STRUCTURE,FULL_NOISE,198112089,469989467,3,pcl_point_to_plane
synthetic-confirmatory-v1::d5ed4d4cd7c76956780df4b8ffb91a4ce6cc6501482ee691ab3f34770ca2983f::open3d_point_to_plane,synthetic-confirmatory-v1::d5ed4d4cd7c76956780df4b8ffb91a4ce6cc6501482ee691ab3f34770ca2983f,REPEATED_STRUCTURE,FULL_NOISE,198112089,469989467,4,open3d_point_to_plane
synthetic-confirmatory-v1::d5ed4d4cd7c76956780df4b8ffb91a4ce6cc6501482ee691ab3f34770ca2983f::pcl_point_to_plane,synthetic-confirmatory-v1::d5ed4d4cd7c76956780df4b8ffb91a4ce6cc6501482ee691ab3f34770ca2983f,REPEATED_STRUCTURE,FULL_NOISE,198112089,469989467,4,pcl_point_to_plane
synthetic-confirmatory-v1::57441403ce99cd5609a4490bbb2b49c7260d254a9baee33bcd432d54a42f40e4::open3d_point_to_plane,synthetic-confirmatory-v1::57441403ce99cd5609a4490bbb2b49c7260d254a9baee33bcd432d54a42f40e4,REPEATED_STRUCTURE,FULL_NOISE,198112089,1088311622,0,open3d_point_to_plane
synthetic-confirmatory-v1::57441403ce99cd5609a4490bbb2b49c7260d254a9baee33bcd432d54a42f40e4::pcl_point_to_plane,synthetic-confirmatory-v1::57441403ce99cd5609a4490bbb2b49c7260d254a9baee33bcd432d54a42f40e4,REPEATED_STRUCTURE,FULL_NOISE,198112089,1088311622,0,pcl_point_to_plane
synthetic-confirmatory-v1::4ed4d9881cb38012152b343e6488d201788287864442c5d1b10f71698c8df044::open3d_point_to_plane,synthetic-confirmatory-v1::4ed4d9881cb38012152b343e6488d201788287864442c5d1b10f71698c8df044,REPEATED_STRUCTURE,FULL_NOISE,198112089,1088311622,1,open3d_point_to_plane
synthetic-confirmatory-v1::4ed4d9881cb38012152b343e6488d201788287864442c5d1b10f71698c8df044::pcl_point_to_plane,synthetic-confirmatory-v1::4ed4d9881cb38012152b343e6488d201788287864442c5d1b10f71698c8df044,REPEATED_STRUCTURE,FULL_NOISE,198112089,1088311622,1,pcl_point_to_plane
synthetic-confirmatory-v1::62aae67cd283f1636d4aee0a127a067b601fee12337d071455844614259929df::open3d_point_to_plane,synthetic-confirmatory-v1::62aae67cd283f1636d4aee0a127a067b601fee12337d071455844614259929df,REPEATED_STRUCTURE,FULL_NOISE,198112089,1088311622,2,open3d_point_to_plane
synthetic-confirmatory-v1::62aae67cd283f1636d4aee0a127a067b601fee12337d071455844614259929df::pcl_point_to_plane,synthetic-confirmatory-v1::62aae67cd283f1636d4aee0a127a067b601fee12337d071455844614259929df,REPEATED_STRUCTURE,FULL_NOISE,198112089,1088311622,2,pcl_point_to_plane
synthetic-confirmatory-v1::a82e6ce607c8e5eb8fff2794a94b5174e6c0bead5c618828e99058c16bc14397::open3d_point_to_plane,synthetic-confirmatory-v1::a82e6ce607c8e5eb8fff2794a94b5174e6c0bead5c618828e99058c16bc14397,REPEATED_STRUCTURE,FULL_NOISE,198112089,1088311622,3,open3d_point_to_plane
synthetic-confirmatory-v1::a82e6ce607c8e5eb8fff2794a94b5174e6c0bead5c618828e99058c16bc14397::pcl_point_to_plane,synthetic-confirmatory-v1::a82e6ce607c8e5eb8fff2794a94b5174e6c0bead5c618828e99058c16bc14397,REPEATED_STRUCTURE,FULL_NOISE,198112089,1088311622,3,pcl_point_to_plane
synthetic-confirmatory-v1::2260b2c03822fd99af94f2f63e5c200a3451a8b192fb94f487d86d38c6fb31e4::open3d_point_to_plane,synthetic-confirmatory-v1::2260b2c03822fd99af94f2f63e5c200a3451a8b192fb94f487d86d38c6fb31e4,REPEATED_STRUCTURE,FULL_NOISE,198112089,1088311622,4,open3d_point_to_plane
synthetic-confirmatory-v1::2260b2c03822fd99af94f2f63e5c200a3451a8b192fb94f487d86d38c6fb31e4::pcl_point_to_plane,synthetic-confirmatory-v1::2260b2c03822fd99af94f2f63e5c200a3451a8b192fb94f487d86d38c6fb31e4,REPEATED_STRUCTURE,FULL_NOISE,198112089,1088311622,4,pcl_point_to_plane
synthetic-confirmatory-v1::a15984eea5123196c88ca826c08aace16a541d24edf9207d95850e8e9400e2a0::open3d_point_to_plane,synthetic-confirmatory-v1::a15984eea5123196c88ca826c08aace16a541d24edf9207d95850e8e9400e2a0,REPEATED_STRUCTURE,FULL_NOISE,198112089,916609326,0,open3d_point_to_plane
synthetic-confirmatory-v1::a15984eea5123196c88ca826c08aace16a541d24edf9207d95850e8e9400e2a0::pcl_point_to_plane,synthetic-confirmatory-v1::a15984eea5123196c88ca826c08aace16a541d24edf9207d95850e8e9400e2a0,REPEATED_STRUCTURE,FULL_NOISE,198112089,916609326,0,pcl_point_to_plane
synthetic-confirmatory-v1::78c558ba301ac5ec32b28599eb30ac85a02a3f71844002fb0d4ab1789a72d0b6::open3d_point_to_plane,synthetic-confirmatory-v1::78c558ba301ac5ec32b28599eb30ac85a02a3f71844002fb0d4ab1789a72d0b6,REPEATED_STRUCTURE,FULL_NOISE,198112089,916609326,1,open3d_point_to_plane
synthetic-confirmatory-v1::78c558ba301ac5ec32b28599eb30ac85a02a3f71844002fb0d4ab1789a72d0b6::pcl_point_to_plane,synthetic-confirmatory-v1::78c558ba301ac5ec32b28599eb30ac85a02a3f71844002fb0d4ab1789a72d0b6,REPEATED_STRUCTURE,FULL_NOISE,198112089,916609326,1,pcl_point_to_plane
synthetic-confirmatory-v1::111fef5eac03cdcfe037c5624223bc08face5a8a9bbecd192bb68a0a20c8dc4c::open3d_point_to_plane,synthetic-confirmatory-v1::111fef5eac03cdcfe037c5624223bc08face5a8a9bbecd192bb68a0a20c8dc4c,REPEATED_STRUCTURE,FULL_NOISE,198112089,916609326,2,open3d_point_to_plane
synthetic-confirmatory-v1::111fef5eac03cdcfe037c5624223bc08face5a8a9bbecd192bb68a0a20c8dc4c::pcl_point_to_plane,synthetic-confirmatory-v1::111fef5eac03cdcfe037c5624223bc08face5a8a9bbecd192bb68a0a20c8dc4c,REPEATED_STRUCTURE,FULL_NOISE,198112089,916609326,2,pcl_point_to_plane
synthetic-confirmatory-v1::ac1ab56baaf615497f233ee1acb734a31d5634a5cdc611a6b54c631fa9e8cbff::open3d_point_to_plane,synthetic-confirmatory-v1::ac1ab56baaf615497f233ee1acb734a31d5634a5cdc611a6b54c631fa9e8cbff,REPEATED_STRUCTURE,FULL_NOISE,198112089,916609326,3,open3d_point_to_plane
synthetic-confirmatory-v1::ac1ab56baaf615497f233ee1acb734a31d5634a5cdc611a6b54c631fa9e8cbff::pcl_point_to_plane,synthetic-confirmatory-v1::ac1ab56baaf615497f233ee1acb734a31d5634a5cdc611a6b54c631fa9e8cbff,REPEATED_STRUCTURE,FULL_NOISE,198112089,916609326,3,pcl_point_to_plane
synthetic-confirmatory-v1::3dcf4227884845369b74940d4b61844cf3a3871619d8047f88213b7ca5e0cf2a::open3d_point_to_plane,synthetic-confirmatory-v1::3dcf4227884845369b74940d4b61844cf3a3871619d8047f88213b7ca5e0cf2a,REPEATED_STRUCTURE,FULL_NOISE,198112089,916609326,4,open3d_point_to_plane
synthetic-confirmatory-v1::3dcf4227884845369b74940d4b61844cf3a3871619d8047f88213b7ca5e0cf2a::pcl_point_to_plane,synthetic-confirmatory-v1::3dcf4227884845369b74940d4b61844cf3a3871619d8047f88213b7ca5e0cf2a,REPEATED_STRUCTURE,FULL_NOISE,198112089,916609326,4,pcl_point_to_plane
synthetic-confirmatory-v1::59f8ae6a2ec6af2e1efdf9f0b3ca32e32613f3ebe45a40275b763fb20cd8c3b1::open3d_point_to_plane,synthetic-confirmatory-v1::59f8ae6a2ec6af2e1efdf9f0b3ca32e32613f3ebe45a40275b763fb20cd8c3b1,REPEATED_STRUCTURE,IDEAL_MATCHED,229684695,,0,open3d_point_to_plane
synthetic-confirmatory-v1::59f8ae6a2ec6af2e1efdf9f0b3ca32e32613f3ebe45a40275b763fb20cd8c3b1::pcl_point_to_plane,synthetic-confirmatory-v1::59f8ae6a2ec6af2e1efdf9f0b3ca32e32613f3ebe45a40275b763fb20cd8c3b1,REPEATED_STRUCTURE,IDEAL_MATCHED,229684695,,0,pcl_point_to_plane
synthetic-confirmatory-v1::02c101ce4a55a1fddeeb39a78a345e071521f0f347008a025b1c906694e8b079::open3d_point_to_plane,synthetic-confirmatory-v1::02c101ce4a55a1fddeeb39a78a345e071521f0f347008a025b1c906694e8b079,REPEATED_STRUCTURE,INDEPENDENT_NOISE_FREE,229684695,,0,open3d_point_to_plane
synthetic-confirmatory-v1::02c101ce4a55a1fddeeb39a78a345e071521f0f347008a025b1c906694e8b079::pcl_point_to_plane,synthetic-confirmatory-v1::02c101ce4a55a1fddeeb39a78a345e071521f0f347008a025b1c906694e8b079,REPEATED_STRUCTURE,INDEPENDENT_NOISE_FREE,229684695,,0,pcl_point_to_plane
synthetic-confirmatory-v1::1053d29d7b45764cf19ede0fdd9112279cbce6c44cbdcff804d4180b435735f7::open3d_point_to_plane,synthetic-confirmatory-v1::1053d29d7b45764cf19ede0fdd9112279cbce6c44cbdcff804d4180b435735f7,REPEATED_STRUCTURE,FULL_NOISE,229684695,469989467,0,open3d_point_to_plane
synthetic-confirmatory-v1::1053d29d7b45764cf19ede0fdd9112279cbce6c44cbdcff804d4180b435735f7::pcl_point_to_plane,synthetic-confirmatory-v1::1053d29d7b45764cf19ede0fdd9112279cbce6c44cbdcff804d4180b435735f7,REPEATED_STRUCTURE,FULL_NOISE,229684695,469989467,0,pcl_point_to_plane
synthetic-confirmatory-v1::47de36eb3dbc308285dda869ce33168881b27ab38ee47f8997025b79c615673c::open3d_point_to_plane,synthetic-confirmatory-v1::47de36eb3dbc308285dda869ce33168881b27ab38ee47f8997025b79c615673c,REPEATED_STRUCTURE,FULL_NOISE,229684695,469989467,1,open3d_point_to_plane
synthetic-confirmatory-v1::47de36eb3dbc308285dda869ce33168881b27ab38ee47f8997025b79c615673c::pcl_point_to_plane,synthetic-confirmatory-v1::47de36eb3dbc308285dda869ce33168881b27ab38ee47f8997025b79c615673c,REPEATED_STRUCTURE,FULL_NOISE,229684695,469989467,1,pcl_point_to_plane
synthetic-confirmatory-v1::ed863fc743468edf559578d161a95f19f05b933896b018d0dc1e4334b9bc0685::open3d_point_to_plane,synthetic-confirmatory-v1::ed863fc743468edf559578d161a95f19f05b933896b018d0dc1e4334b9bc0685,REPEATED_STRUCTURE,FULL_NOISE,229684695,469989467,2,open3d_point_to_plane
synthetic-confirmatory-v1::ed863fc743468edf559578d161a95f19f05b933896b018d0dc1e4334b9bc0685::pcl_point_to_plane,synthetic-confirmatory-v1::ed863fc743468edf559578d161a95f19f05b933896b018d0dc1e4334b9bc0685,REPEATED_STRUCTURE,FULL_NOISE,229684695,469989467,2,pcl_point_to_plane
synthetic-confirmatory-v1::c22516df4e18eb3388cd38e1069451a04fb89b44346953dcdc8f863dd912c0c3::open3d_point_to_plane,synthetic-confirmatory-v1::c22516df4e18eb3388cd38e1069451a04fb89b44346953dcdc8f863dd912c0c3,REPEATED_STRUCTURE,FULL_NOISE,229684695,469989467,3,open3d_point_to_plane
synthetic-confirmatory-v1::c22516df4e18eb3388cd38e1069451a04fb89b44346953dcdc8f863dd912c0c3::pcl_point_to_plane,synthetic-confirmatory-v1::c22516df4e18eb3388cd38e1069451a04fb89b44346953dcdc8f863dd912c0c3,REPEATED_STRUCTURE,FULL_NOISE,229684695,469989467,3,pcl_point_to_plane
synthetic-confirmatory-v1::82d43579f5fa4e6c8ea494e61ddcd9eefbda265c2df388b5f2716b584eec443a::open3d_point_to_plane,synthetic-confirmatory-v1::82d43579f5fa4e6c8ea494e61ddcd9eefbda265c2df388b5f2716b584eec443a,REPEATED_STRUCTURE,FULL_NOISE,229684695,469989467,4,open3d_point_to_plane
synthetic-confirmatory-v1::82d43579f5fa4e6c8ea494e61ddcd9eefbda265c2df388b5f2716b584eec443a::pcl_point_to_plane,synthetic-confirmatory-v1::82d43579f5fa4e6c8ea494e61ddcd9eefbda265c2df388b5f2716b584eec443a,REPEATED_STRUCTURE,FULL_NOISE,229684695,469989467,4,pcl_point_to_plane
synthetic-confirmatory-v1::79c9c44ad841177f1f1f1386d1ef5fa3b5647af9671faffaea76056d5f4aba15::open3d_point_to_plane,synthetic-confirmatory-v1::79c9c44ad841177f1f1f1386d1ef5fa3b5647af9671faffaea76056d5f4aba15,REPEATED_STRUCTURE,FULL_NOISE,229684695,1088311622,0,open3d_point_to_plane
synthetic-confirmatory-v1::79c9c44ad841177f1f1f1386d1ef5fa3b5647af9671faffaea76056d5f4aba15::pcl_point_to_plane,synthetic-confirmatory-v1::79c9c44ad841177f1f1f1386d1ef5fa3b5647af9671faffaea76056d5f4aba15,REPEATED_STRUCTURE,FULL_NOISE,229684695,1088311622,0,pcl_point_to_plane
synthetic-confirmatory-v1::d5edae9117a978f8a9db7547d970bc2a7afbfc3fd0a18efdc8a8bbbca0dedaf9::open3d_point_to_plane,synthetic-confirmatory-v1::d5edae9117a978f8a9db7547d970bc2a7afbfc3fd0a18efdc8a8bbbca0dedaf9,REPEATED_STRUCTURE,FULL_NOISE,229684695,1088311622,1,open3d_point_to_plane
synthetic-confirmatory-v1::d5edae9117a978f8a9db7547d970bc2a7afbfc3fd0a18efdc8a8bbbca0dedaf9::pcl_point_to_plane,synthetic-confirmatory-v1::d5edae9117a978f8a9db7547d970bc2a7afbfc3fd0a18efdc8a8bbbca0dedaf9,REPEATED_STRUCTURE,FULL_NOISE,229684695,1088311622,1,pcl_point_to_plane
synthetic-confirmatory-v1::84068765aeea134273c7060a91dd063ff77d2f84e5bfd9063c2038122327c817::open3d_point_to_plane,synthetic-confirmatory-v1::84068765aeea134273c7060a91dd063ff77d2f84e5bfd9063c2038122327c817,REPEATED_STRUCTURE,FULL_NOISE,229684695,1088311622,2,open3d_point_to_plane
synthetic-confirmatory-v1::84068765aeea134273c7060a91dd063ff77d2f84e5bfd9063c2038122327c817::pcl_point_to_plane,synthetic-confirmatory-v1::84068765aeea134273c7060a91dd063ff77d2f84e5bfd9063c2038122327c817,REPEATED_STRUCTURE,FULL_NOISE,229684695,1088311622,2,pcl_point_to_plane
synthetic-confirmatory-v1::16ca6c988b7998570e0eeeec822a9a449946bc7e4e7e6a45f78828f72df9d667::open3d_point_to_plane,synthetic-confirmatory-v1::16ca6c988b7998570e0eeeec822a9a449946bc7e4e7e6a45f78828f72df9d667,REPEATED_STRUCTURE,FULL_NOISE,229684695,1088311622,3,open3d_point_to_plane
synthetic-confirmatory-v1::16ca6c988b7998570e0eeeec822a9a449946bc7e4e7e6a45f78828f72df9d667::pcl_point_to_plane,synthetic-confirmatory-v1::16ca6c988b7998570e0eeeec822a9a449946bc7e4e7e6a45f78828f72df9d667,REPEATED_STRUCTURE,FULL_NOISE,229684695,1088311622,3,pcl_point_to_plane
synthetic-confirmatory-v1::5f5695eb511b0540151abd6ecfbb0e09ebb91c95b2b180773dd2c414725a9684::open3d_point_to_plane,synthetic-confirmatory-v1::5f5695eb511b0540151abd6ecfbb0e09ebb91c95b2b180773dd2c414725a9684,REPEATED_STRUCTURE,FULL_NOISE,229684695,1088311622,4,open3d_point_to_plane
synthetic-confirmatory-v1::5f5695eb511b0540151abd6ecfbb0e09ebb91c95b2b180773dd2c414725a9684::pcl_point_to_plane,synthetic-confirmatory-v1::5f5695eb511b0540151abd6ecfbb0e09ebb91c95b2b180773dd2c414725a9684,REPEATED_STRUCTURE,FULL_NOISE,229684695,1088311622,4,pcl_point_to_plane
synthetic-confirmatory-v1::5e6a804aed0d92dd139b51f3111bf5b398f182bdb299cd8451b1772cf7be5756::open3d_point_to_plane,synthetic-confirmatory-v1::5e6a804aed0d92dd139b51f3111bf5b398f182bdb299cd8451b1772cf7be5756,REPEATED_STRUCTURE,FULL_NOISE,229684695,916609326,0,open3d_point_to_plane
synthetic-confirmatory-v1::5e6a804aed0d92dd139b51f3111bf5b398f182bdb299cd8451b1772cf7be5756::pcl_point_to_plane,synthetic-confirmatory-v1::5e6a804aed0d92dd139b51f3111bf5b398f182bdb299cd8451b1772cf7be5756,REPEATED_STRUCTURE,FULL_NOISE,229684695,916609326,0,pcl_point_to_plane
synthetic-confirmatory-v1::f648db85a5afb6b93ab577ab31d4f6687ca15ec2d3b877359e77e56a004692be::open3d_point_to_plane,synthetic-confirmatory-v1::f648db85a5afb6b93ab577ab31d4f6687ca15ec2d3b877359e77e56a004692be,REPEATED_STRUCTURE,FULL_NOISE,229684695,916609326,1,open3d_point_to_plane
synthetic-confirmatory-v1::f648db85a5afb6b93ab577ab31d4f6687ca15ec2d3b877359e77e56a004692be::pcl_point_to_plane,synthetic-confirmatory-v1::f648db85a5afb6b93ab577ab31d4f6687ca15ec2d3b877359e77e56a004692be,REPEATED_STRUCTURE,FULL_NOISE,229684695,916609326,1,pcl_point_to_plane
synthetic-confirmatory-v1::7913a484a254e31a7433f51d88c923d7a97cd4926be4b28acb9bc7fb5eec3211::open3d_point_to_plane,synthetic-confirmatory-v1::7913a484a254e31a7433f51d88c923d7a97cd4926be4b28acb9bc7fb5eec3211,REPEATED_STRUCTURE,FULL_NOISE,229684695,916609326,2,open3d_point_to_plane
synthetic-confirmatory-v1::7913a484a254e31a7433f51d88c923d7a97cd4926be4b28acb9bc7fb5eec3211::pcl_point_to_plane,synthetic-confirmatory-v1::7913a484a254e31a7433f51d88c923d7a97cd4926be4b28acb9bc7fb5eec3211,REPEATED_STRUCTURE,FULL_NOISE,229684695,916609326,2,pcl_point_to_plane
synthetic-confirmatory-v1::253ddaa44a09553aaf3a9e5ee61cdaf942c899722a308b5d889da3ce5500847a::open3d_point_to_plane,synthetic-confirmatory-v1::253ddaa44a09553aaf3a9e5ee61cdaf942c899722a308b5d889da3ce5500847a,REPEATED_STRUCTURE,FULL_NOISE,229684695,916609326,3,open3d_point_to_plane
synthetic-confirmatory-v1::253ddaa44a09553aaf3a9e5ee61cdaf942c899722a308b5d889da3ce5500847a::pcl_point_to_plane,synthetic-confirmatory-v1::253ddaa44a09553aaf3a9e5ee61cdaf942c899722a308b5d889da3ce5500847a,REPEATED_STRUCTURE,FULL_NOISE,229684695,916609326,3,pcl_point_to_plane
synthetic-confirmatory-v1::4b88f4e7cc75c27a9f934af2b26100a86670a0440b8306769c5a9ff4eae8fa17::open3d_point_to_plane,synthetic-confirmatory-v1::4b88f4e7cc75c27a9f934af2b26100a86670a0440b8306769c5a9ff4eae8fa17,REPEATED_STRUCTURE,FULL_NOISE,229684695,916609326,4,open3d_point_to_plane
synthetic-confirmatory-v1::4b88f4e7cc75c27a9f934af2b26100a86670a0440b8306769c5a9ff4eae8fa17::pcl_point_to_plane,synthetic-confirmatory-v1::4b88f4e7cc75c27a9f934af2b26100a86670a0440b8306769c5a9ff4eae8fa17,REPEATED_STRUCTURE,FULL_NOISE,229684695,916609326,4,pcl_point_to_plane
synthetic-confirmatory-v1::6e22b688951955f93179c45634f1bdc358ad3a4451638f710a239a95d356c1b2::open3d_point_to_plane,synthetic-confirmatory-v1::6e22b688951955f93179c45634f1bdc358ad3a4451638f710a239a95d356c1b2,REPEATED_STRUCTURE,IDEAL_MATCHED,226655024,,0,open3d_point_to_plane
synthetic-confirmatory-v1::6e22b688951955f93179c45634f1bdc358ad3a4451638f710a239a95d356c1b2::pcl_point_to_plane,synthetic-confirmatory-v1::6e22b688951955f93179c45634f1bdc358ad3a4451638f710a239a95d356c1b2,REPEATED_STRUCTURE,IDEAL_MATCHED,226655024,,0,pcl_point_to_plane
synthetic-confirmatory-v1::cece6bf2ec0f540ded1a0da54802f90020bd8e63037839682edf18b6c408dbe2::open3d_point_to_plane,synthetic-confirmatory-v1::cece6bf2ec0f540ded1a0da54802f90020bd8e63037839682edf18b6c408dbe2,REPEATED_STRUCTURE,INDEPENDENT_NOISE_FREE,226655024,,0,open3d_point_to_plane
synthetic-confirmatory-v1::cece6bf2ec0f540ded1a0da54802f90020bd8e63037839682edf18b6c408dbe2::pcl_point_to_plane,synthetic-confirmatory-v1::cece6bf2ec0f540ded1a0da54802f90020bd8e63037839682edf18b6c408dbe2,REPEATED_STRUCTURE,INDEPENDENT_NOISE_FREE,226655024,,0,pcl_point_to_plane
synthetic-confirmatory-v1::24941c42d129eb04a038e39a88118ec8178cf275296359bd7b07bb57c12f8d36::open3d_point_to_plane,synthetic-confirmatory-v1::24941c42d129eb04a038e39a88118ec8178cf275296359bd7b07bb57c12f8d36,REPEATED_STRUCTURE,FULL_NOISE,226655024,469989467,0,open3d_point_to_plane
synthetic-confirmatory-v1::24941c42d129eb04a038e39a88118ec8178cf275296359bd7b07bb57c12f8d36::pcl_point_to_plane,synthetic-confirmatory-v1::24941c42d129eb04a038e39a88118ec8178cf275296359bd7b07bb57c12f8d36,REPEATED_STRUCTURE,FULL_NOISE,226655024,469989467,0,pcl_point_to_plane
synthetic-confirmatory-v1::3d62786310eaf1a599c7917ecdd71123c83338c2e9287a527c91d00ab2a7de19::open3d_point_to_plane,synthetic-confirmatory-v1::3d62786310eaf1a599c7917ecdd71123c83338c2e9287a527c91d00ab2a7de19,REPEATED_STRUCTURE,FULL_NOISE,226655024,469989467,1,open3d_point_to_plane
synthetic-confirmatory-v1::3d62786310eaf1a599c7917ecdd71123c83338c2e9287a527c91d00ab2a7de19::pcl_point_to_plane,synthetic-confirmatory-v1::3d62786310eaf1a599c7917ecdd71123c83338c2e9287a527c91d00ab2a7de19,REPEATED_STRUCTURE,FULL_NOISE,226655024,469989467,1,pcl_point_to_plane
synthetic-confirmatory-v1::ff0724608a45e66d2160c6bb2a1b912e00162f013d6f6b95646ac8e19b62afa6::open3d_point_to_plane,synthetic-confirmatory-v1::ff0724608a45e66d2160c6bb2a1b912e00162f013d6f6b95646ac8e19b62afa6,REPEATED_STRUCTURE,FULL_NOISE,226655024,469989467,2,open3d_point_to_plane
synthetic-confirmatory-v1::ff0724608a45e66d2160c6bb2a1b912e00162f013d6f6b95646ac8e19b62afa6::pcl_point_to_plane,synthetic-confirmatory-v1::ff0724608a45e66d2160c6bb2a1b912e00162f013d6f6b95646ac8e19b62afa6,REPEATED_STRUCTURE,FULL_NOISE,226655024,469989467,2,pcl_point_to_plane
synthetic-confirmatory-v1::f83c4411d63dd2e41c8417e79a3f542261d6f8e76f4811f518a4a9c1c620744d::open3d_point_to_plane,synthetic-confirmatory-v1::f83c4411d63dd2e41c8417e79a3f542261d6f8e76f4811f518a4a9c1c620744d,REPEATED_STRUCTURE,FULL_NOISE,226655024,469989467,3,open3d_point_to_plane
synthetic-confirmatory-v1::f83c4411d63dd2e41c8417e79a3f542261d6f8e76f4811f518a4a9c1c620744d::pcl_point_to_plane,synthetic-confirmatory-v1::f83c4411d63dd2e41c8417e79a3f542261d6f8e76f4811f518a4a9c1c620744d,REPEATED_STRUCTURE,FULL_NOISE,226655024,469989467,3,pcl_point_to_plane
synthetic-confirmatory-v1::7d1e5e92b59ef155270b91773385f2bc71f8d530f3904eb12509efc776473272::open3d_point_to_plane,synthetic-confirmatory-v1::7d1e5e92b59ef155270b91773385f2bc71f8d530f3904eb12509efc776473272,REPEATED_STRUCTURE,FULL_NOISE,226655024,469989467,4,open3d_point_to_plane
synthetic-confirmatory-v1::7d1e5e92b59ef155270b91773385f2bc71f8d530f3904eb12509efc776473272::pcl_point_to_plane,synthetic-confirmatory-v1::7d1e5e92b59ef155270b91773385f2bc71f8d530f3904eb12509efc776473272,REPEATED_STRUCTURE,FULL_NOISE,226655024,469989467,4,pcl_point_to_plane
synthetic-confirmatory-v1::52a96299e489d44130189c05f5de0525dd3577cc12183ea38c5a444570dc804d::open3d_point_to_plane,synthetic-confirmatory-v1::52a96299e489d44130189c05f5de0525dd3577cc12183ea38c5a444570dc804d,REPEATED_STRUCTURE,FULL_NOISE,226655024,1088311622,0,open3d_point_to_plane
synthetic-confirmatory-v1::52a96299e489d44130189c05f5de0525dd3577cc12183ea38c5a444570dc804d::pcl_point_to_plane,synthetic-confirmatory-v1::52a96299e489d44130189c05f5de0525dd3577cc12183ea38c5a444570dc804d,REPEATED_STRUCTURE,FULL_NOISE,226655024,1088311622,0,pcl_point_to_plane
synthetic-confirmatory-v1::26006f7c82dee4318ea5a73e112c912c04ab638023784066d384e8a2ff0a95c2::open3d_point_to_plane,synthetic-confirmatory-v1::26006f7c82dee4318ea5a73e112c912c04ab638023784066d384e8a2ff0a95c2,REPEATED_STRUCTURE,FULL_NOISE,226655024,1088311622,1,open3d_point_to_plane
synthetic-confirmatory-v1::26006f7c82dee4318ea5a73e112c912c04ab638023784066d384e8a2ff0a95c2::pcl_point_to_plane,synthetic-confirmatory-v1::26006f7c82dee4318ea5a73e112c912c04ab638023784066d384e8a2ff0a95c2,REPEATED_STRUCTURE,FULL_NOISE,226655024,1088311622,1,pcl_point_to_plane
synthetic-confirmatory-v1::df718a30439fd26c5eb0a61486b23c1139cec1f8a95134a7e29911b7e249a9d1::open3d_point_to_plane,synthetic-confirmatory-v1::df718a30439fd26c5eb0a61486b23c1139cec1f8a95134a7e29911b7e249a9d1,REPEATED_STRUCTURE,FULL_NOISE,226655024,1088311622,2,open3d_point_to_plane
synthetic-confirmatory-v1::df718a30439fd26c5eb0a61486b23c1139cec1f8a95134a7e29911b7e249a9d1::pcl_point_to_plane,synthetic-confirmatory-v1::df718a30439fd26c5eb0a61486b23c1139cec1f8a95134a7e29911b7e249a9d1,REPEATED_STRUCTURE,FULL_NOISE,226655024,1088311622,2,pcl_point_to_plane
synthetic-confirmatory-v1::43d6009f1b74db1050c451b7e4f439799ab2d60b1d47d8c5f992ffa1810f3177::open3d_point_to_plane,synthetic-confirmatory-v1::43d6009f1b74db1050c451b7e4f439799ab2d60b1d47d8c5f992ffa1810f3177,REPEATED_STRUCTURE,FULL_NOISE,226655024,1088311622,3,open3d_point_to_plane
synthetic-confirmatory-v1::43d6009f1b74db1050c451b7e4f439799ab2d60b1d47d8c5f992ffa1810f3177::pcl_point_to_plane,synthetic-confirmatory-v1::43d6009f1b74db1050c451b7e4f439799ab2d60b1d47d8c5f992ffa1810f3177,REPEATED_STRUCTURE,FULL_NOISE,226655024,1088311622,3,pcl_point_to_plane
synthetic-confirmatory-v1::1125506698dcd31d40195675a2474384737bd5de1335ee98d47fc5e79e7cfb39::open3d_point_to_plane,synthetic-confirmatory-v1::1125506698dcd31d40195675a2474384737bd5de1335ee98d47fc5e79e7cfb39,REPEATED_STRUCTURE,FULL_NOISE,226655024,1088311622,4,open3d_point_to_plane
synthetic-confirmatory-v1::1125506698dcd31d40195675a2474384737bd5de1335ee98d47fc5e79e7cfb39::pcl_point_to_plane,synthetic-confirmatory-v1::1125506698dcd31d40195675a2474384737bd5de1335ee98d47fc5e79e7cfb39,REPEATED_STRUCTURE,FULL_NOISE,226655024,1088311622,4,pcl_point_to_plane
synthetic-confirmatory-v1::1c712c70ec76fc48a7399d8aef3a1a0f11921d7106319d47bf5228f57d81d046::open3d_point_to_plane,synthetic-confirmatory-v1::1c712c70ec76fc48a7399d8aef3a1a0f11921d7106319d47bf5228f57d81d046,REPEATED_STRUCTURE,FULL_NOISE,226655024,916609326,0,open3d_point_to_plane
synthetic-confirmatory-v1::1c712c70ec76fc48a7399d8aef3a1a0f11921d7106319d47bf5228f57d81d046::pcl_point_to_plane,synthetic-confirmatory-v1::1c712c70ec76fc48a7399d8aef3a1a0f11921d7106319d47bf5228f57d81d046,REPEATED_STRUCTURE,FULL_NOISE,226655024,916609326,0,pcl_point_to_plane
synthetic-confirmatory-v1::48aa0d0630e0230cce1646243f120989fd47785027d4638e515032cd5185f512::open3d_point_to_plane,synthetic-confirmatory-v1::48aa0d0630e0230cce1646243f120989fd47785027d4638e515032cd5185f512,REPEATED_STRUCTURE,FULL_NOISE,226655024,916609326,1,open3d_point_to_plane
synthetic-confirmatory-v1::48aa0d0630e0230cce1646243f120989fd47785027d4638e515032cd5185f512::pcl_point_to_plane,synthetic-confirmatory-v1::48aa0d0630e0230cce1646243f120989fd47785027d4638e515032cd5185f512,REPEATED_STRUCTURE,FULL_NOISE,226655024,916609326,1,pcl_point_to_plane
synthetic-confirmatory-v1::aaab45210ca85faf4f9e34513b3e6ea625444a4fbfa4f12c8e55afa6f0ad345c::open3d_point_to_plane,synthetic-confirmatory-v1::aaab45210ca85faf4f9e34513b3e6ea625444a4fbfa4f12c8e55afa6f0ad345c,REPEATED_STRUCTURE,FULL_NOISE,226655024,916609326,2,open3d_point_to_plane
synthetic-confirmatory-v1::aaab45210ca85faf4f9e34513b3e6ea625444a4fbfa4f12c8e55afa6f0ad345c::pcl_point_to_plane,synthetic-confirmatory-v1::aaab45210ca85faf4f9e34513b3e6ea625444a4fbfa4f12c8e55afa6f0ad345c,REPEATED_STRUCTURE,FULL_NOISE,226655024,916609326,2,pcl_point_to_plane
synthetic-confirmatory-v1::e9e09ed9e1ae260de97c712249bf940b02f66f62e9dc2e8a3052b0a2ed97656c::open3d_point_to_plane,synthetic-confirmatory-v1::e9e09ed9e1ae260de97c712249bf940b02f66f62e9dc2e8a3052b0a2ed97656c,REPEATED_STRUCTURE,FULL_NOISE,226655024,916609326,3,open3d_point_to_plane
synthetic-confirmatory-v1::e9e09ed9e1ae260de97c712249bf940b02f66f62e9dc2e8a3052b0a2ed97656c::pcl_point_to_plane,synthetic-confirmatory-v1::e9e09ed9e1ae260de97c712249bf940b02f66f62e9dc2e8a3052b0a2ed97656c,REPEATED_STRUCTURE,FULL_NOISE,226655024,916609326,3,pcl_point_to_plane
synthetic-confirmatory-v1::b64d8b172d8dabac282eaafc1a2c90d905efbc9d81a847bd95fe4a442f2cdbac::open3d_point_to_plane,synthetic-confirmatory-v1::b64d8b172d8dabac282eaafc1a2c90d905efbc9d81a847bd95fe4a442f2cdbac,REPEATED_STRUCTURE,FULL_NOISE,226655024,916609326,4,open3d_point_to_plane
synthetic-confirmatory-v1::b64d8b172d8dabac282eaafc1a2c90d905efbc9d81a847bd95fe4a442f2cdbac::pcl_point_to_plane,synthetic-confirmatory-v1::b64d8b172d8dabac282eaafc1a2c90d905efbc9d81a847bd95fe4a442f2cdbac,REPEATED_STRUCTURE,FULL_NOISE,226655024,916609326,4,pcl_point_to_plane
