scene_id,station_id,snapshot_id,query_timestamp,source_path,source_sha256,target_path,target_sha256,T0,open3d_source_sha256,pcl_source_sha256,open3d_target_sha256,pcl_target_sha256,backend_inputs_byte_identical
FMB1_R01,S01,FMB1_R01_S01_Q01,1787144103.7640028,/home/lj/ZPRM/zero_perturbation_runtime/mid360_formal_batch1_ingest_v1/snapshots/FMB1_R01/S01/FMB1_R01_S01_Q01.npy,b138575f54b85431360e767afed21bf0689d9289c0be93b12df7463f6c5f6a91,/home/lj/ZPRM/zero_perturbation_runtime/mid360_formal_batch1_ingest_v1/targets/FMB1_R01/S01/target_points.npy,720673d9b628a1f642026936b6fec5fb3e59a4f7472f5f84713a4f1d99756ad2,"[[1.0,0.0,0.0,0.0],[0.0,1.0,0.0,0.0],[0.0,0.0,1.0,0.0],[0.0,0.0,0.0,1.0]]",b138575f54b85431360e767afed21bf0689d9289c0be93b12df7463f6c5f6a91,b138575f54b85431360e767afed21bf0689d9289c0be93b12df7463f6c5f6a91,720673d9b628a1f642026936b6fec5fb3e59a4f7472f5f84713a4f1d99756ad2,720673d9b628a1f642026936b6fec5fb3e59a4f7472f5f84713a4f1d99756ad2,True
FMB1_R01,S01,FMB1_R01_S01_Q02,1787144105.2641664,/home/lj/ZPRM/zero_perturbation_runtime/mid360_formal_batch1_ingest_v1/snapshots/FMB1_R01/S01/FMB1_R01_S01_Q02.npy,e7ccc5916d176f912d51ac21ade3528baedaa7b7487a798d389edfd822270df5,/home/lj/ZPRM/zero_perturbation_runtime/mid360_formal_batch1_ingest_v1/targets/FMB1_R01/S01/target_points.npy,720673d9b628a1f642026936b6fec5fb3e59a4f7472f5f84713a4f1d99756ad2,"[[1.0,0.0,0.0,0.0],[0.0,1.0,0.0,0.0],[0.0,0.0,1.0,0.0],[0.0,0.0,0.0,1.0]]",e7ccc5916d176f912d51ac21ade3528baedaa7b7487a798d389edfd822270df5,e7ccc5916d176f912d51ac21ade3528baedaa7b7487a798d389edfd822270df5,720673d9b628a1f642026936b6fec5fb3e59a4f7472f5f84713a4f1d99756ad2,720673d9b628a1f642026936b6fec5fb3e59a4f7472f5f84713a4f1d99756ad2,True
FMB1_R01,S01,FMB1_R01_S01_Q03,1787144106.7641795,/home/lj/ZPRM/zero_perturbation_runtime/mid360_formal_batch1_ingest_v1/snapshots/FMB1_R01/S01/FMB1_R01_S01_Q03.npy,5aca332fab82ff8f6256ff441126ae9a5430f97bc6d3bc658606f7105ea18cd6,/home/lj/ZPRM/zero_perturbation_runtime/mid360_formal_batch1_ingest_v1/targets/FMB1_R01/S01/target_points.npy,720673d9b628a1f642026936b6fec5fb3e59a4f7472f5f84713a4f1d99756ad2,"[[1.0,0.0,0.0,0.0],[0.0,1.0,0.0,0.0],[0.0,0.0,1.0,0.0],[0.0,0.0,0.0,1.0]]",5aca332fab82ff8f6256ff441126ae9a5430f97bc6d3bc658606f7105ea18cd6,5aca332fab82ff8f6256ff441126ae9a5430f97bc6d3bc658606f7105ea18cd6,720673d9b628a1f642026936b6fec5fb3e59a4f7472f5f84713a4f1d99756ad2,720673d9b628a1f642026936b6fec5fb3e59a4f7472f5f84713a4f1d99756ad2,True
FMB1_R01,S01,FMB1_R01_S01_Q04,1787144108.1653411,/home/lj/ZPRM/zero_perturbation_runtime/mid360_formal_batch1_ingest_v1/snapshots/FMB1_R01/S01/FMB1_R01_S01_Q04.npy,2b498c7764b5839ed3681a291f0e3d655f162cba08551761139ca9403f02e65c,/home/lj/ZPRM/zero_perturbation_runtime/mid360_formal_batch1_ingest_v1/targets/FMB1_R01/S01/target_points.npy,720673d9b628a1f642026936b6fec5fb3e59a4f7472f5f84713a4f1d99756ad2,"[[1.0,0.0,0.0,0.0],[0.0,1.0,0.0,0.0],[0.0,0.0,1.0,0.0],[0.0,0.0,0.0,1.0]]",2b498c7764b5839ed3681a291f0e3d655f162cba08551761139ca9403f02e65c,2b498c7764b5839ed3681a291f0e3d655f162cba08551761139ca9403f02e65c,720673d9b628a1f642026936b6fec5fb3e59a4f7472f5f84713a4f1d99756ad2,720673d9b628a1f642026936b6fec5fb3e59a4f7472f5f84713a4f1d99756ad2,True
FMB1_R01,S01,FMB1_R01_S01_Q05,1787144109.6639335,/home/lj/ZPRM/zero_perturbation_runtime/mid360_formal_batch1_ingest_v1/snapshots/FMB1_R01/S01/FMB1_R01_S01_Q05.npy,2eb1ac29fd0d65185ea9f59d074898378b2776a640ebb8662045d14500669748,/home/lj/ZPRM/zero_perturbation_runtime/mid360_formal_batch1_ingest_v1/targets/FMB1_R01/S01/target_points.npy,720673d9b628a1f642026936b6fec5fb3e59a4f7472f5f84713a4f1d99756ad2,"[[1.0,0.0,0.0,0.0],[0.0,1.0,0.0,0.0],[0.0,0.0,1.0,0.0],[0.0,0.0,0.0,1.0]]",2eb1ac29fd0d65185ea9f59d074898378b2776a640ebb8662045d14500669748,2eb1ac29fd0d65185ea9f59d074898378b2776a640ebb8662045d14500669748,720673d9b628a1f642026936b6fec5fb3e59a4f7472f5f84713a4f1d99756ad2,720673d9b628a1f642026936b6fec5fb3e59a4f7472f5f84713a4f1d99756ad2,True
FMB1_R01,S01,FMB1_R01_S01_Q06,1787144111.1628811,/home/lj/ZPRM/zero_perturbation_runtime/mid360_formal_batch1_ingest_v1/snapshots/FMB1_R01/S01/FMB1_R01_S01_Q06.npy,dbdae97a20b42aeae972321409722960c5c0bbf36a11d192cc4140f0ee4344bc,/home/lj/ZPRM/zero_perturbation_runtime/mid360_formal_batch1_ingest_v1/targets/FMB1_R01/S01/target_points.npy,720673d9b628a1f642026936b6fec5fb3e59a4f7472f5f84713a4f1d99756ad2,"[[1.0,0.0,0.0,0.0],[0.0,1.0,0.0,0.0],[0.0,0.0,1.0,0.0],[0.0,0.0,0.0,1.0]]",dbdae97a20b42aeae972321409722960c5c0bbf36a11d192cc4140f0ee4344bc,dbdae97a20b42aeae972321409722960c5c0bbf36a11d192cc4140f0ee4344bc,720673d9b628a1f642026936b6fec5fb3e59a4f7472f5f84713a4f1d99756ad2,720673d9b628a1f642026936b6fec5fb3e59a4f7472f5f84713a4f1d99756ad2,True
FMB1_R01,S01,FMB1_R01_S01_Q07,1787144112.6651077,/home/lj/ZPRM/zero_perturbation_runtime/mid360_formal_batch1_ingest_v1/snapshots/FMB1_R01/S01/FMB1_R01_S01_Q07.npy,0fa1c343914d270f22c221aa9462c7a0aff8fa7285aabe9913ed918d7286b0fc,/home/lj/ZPRM/zero_perturbation_runtime/mid360_formal_batch1_ingest_v1/targets/FMB1_R01/S01/target_points.npy,720673d9b628a1f642026936b6fec5fb3e59a4f7472f5f84713a4f1d99756ad2,"[[1.0,0.0,0.0,0.0],[0.0,1.0,0.0,0.0],[0.0,0.0,1.0,0.0],[0.0,0.0,0.0,1.0]]",0fa1c343914d270f22c221aa9462c7a0aff8fa7285aabe9913ed918d7286b0fc,0fa1c343914d270f22c221aa9462c7a0aff8fa7285aabe9913ed918d7286b0fc,720673d9b628a1f642026936b6fec5fb3e59a4f7472f5f84713a4f1d99756ad2,720673d9b628a1f642026936b6fec5fb3e59a4f7472f5f84713a4f1d99756ad2,True
FMB1_R01,S01,FMB1_R01_S01_Q08,1787144114.06477,/home/lj/ZPRM/zero_perturbation_runtime/mid360_formal_batch1_ingest_v1/snapshots/FMB1_R01/S01/FMB1_R01_S01_Q08.npy,494923af855a191f271e9476d0938c577cf4daa987ea5e60618543c45b55310c,/home/lj/ZPRM/zero_perturbation_runtime/mid360_formal_batch1_ingest_v1/targets/FMB1_R01/S01/target_points.npy,720673d9b628a1f642026936b6fec5fb3e59a4f7472f5f84713a4f1d99756ad2,"[[1.0,0.0,0.0,0.0],[0.0,1.0,0.0,0.0],[0.0,0.0,1.0,0.0],[0.0,0.0,0.0,1.0]]",494923af855a191f271e9476d0938c577cf4daa987ea5e60618543c45b55310c,494923af855a191f271e9476d0938c577cf4daa987ea5e60618543c45b55310c,720673d9b628a1f642026936b6fec5fb3e59a4f7472f5f84713a4f1d99756ad2,720673d9b628a1f642026936b6fec5fb3e59a4f7472f5f84713a4f1d99756ad2,True
FMB1_R01,S01,FMB1_R01_S01_Q09,1787144115.563863,/home/lj/ZPRM/zero_perturbation_runtime/mid360_formal_batch1_ingest_v1/snapshots/FMB1_R01/S01/FMB1_R01_S01_Q09.npy,6c8abaf6f9e5b4ba9e71f9f0c8a94e718210d6a4538f4ba7c9c62cc723aa1dbe,/home/lj/ZPRM/zero_perturbation_runtime/mid360_formal_batch1_ingest_v1/targets/FMB1_R01/S01/target_points.npy,720673d9b628a1f642026936b6fec5fb3e59a4f7472f5f84713a4f1d99756ad2,"[[1.0,0.0,0.0,0.0],[0.0,1.0,0.0,0.0],[0.0,0.0,1.0,0.0],[0.0,0.0,0.0,1.0]]",6c8abaf6f9e5b4ba9e71f9f0c8a94e718210d6a4538f4ba7c9c62cc723aa1dbe,6c8abaf6f9e5b4ba9e71f9f0c8a94e718210d6a4538f4ba7c9c62cc723aa1dbe,720673d9b628a1f642026936b6fec5fb3e59a4f7472f5f84713a4f1d99756ad2,720673d9b628a1f642026936b6fec5fb3e59a4f7472f5f84713a4f1d99756ad2,True
FMB1_R01,S01,FMB1_R01_S01_Q10,1787144117.0637145,/home/lj/ZPRM/zero_perturbation_runtime/mid360_formal_batch1_ingest_v1/snapshots/FMB1_R01/S01/FMB1_R01_S01_Q10.npy,1f707f8c43d10a01147a5035041fb8f7ef9b579fcd35a14a6ed4be58d7371a39,/home/lj/ZPRM/zero_perturbation_runtime/mid360_formal_batch1_ingest_v1/targets/FMB1_R01/S01/target_points.npy,720673d9b628a1f642026936b6fec5fb3e59a4f7472f5f84713a4f1d99756ad2,"[[1.0,0.0,0.0,0.0],[0.0,1.0,0.0,0.0],[0.0,0.0,1.0,0.0],[0.0,0.0,0.0,1.0]]",1f707f8c43d10a01147a5035041fb8f7ef9b579fcd35a14a6ed4be58d7371a39,1f707f8c43d10a01147a5035041fb8f7ef9b579fcd35a14a6ed4be58d7371a39,720673d9b628a1f642026936b6fec5fb3e59a4f7472f5f84713a4f1d99756ad2,720673d9b628a1f642026936b6fec5fb3e59a4f7472f5f84713a4f1d99756ad2,True
FMB1_R01,S02,FMB1_R01_S02_Q01,1787144260.06838,/home/lj/ZPRM/zero_perturbation_runtime/mid360_formal_batch1_ingest_v1/snapshots/FMB1_R01/S02/FMB1_R01_S02_Q01.npy,462e58006ac28a7df37052eb23993a63fdb211f4f5e079ec357dae7e3d5117b1,/home/lj/ZPRM/zero_perturbation_runtime/mid360_formal_batch1_ingest_v1/targets/FMB1_R01/S02/target_points.npy,9fb178c817d62101fd71f29b3a96aa9c6ce3bfa13789e99a24871ea85aa3e431,"[[1.0,0.0,0.0,0.0],[0.0,1.0,0.0,0.0],[0.0,0.0,1.0,0.0],[0.0,0.0,0.0,1.0]]",462e58006ac28a7df37052eb23993a63fdb211f4f5e079ec357dae7e3d5117b1,462e58006ac28a7df37052eb23993a63fdb211f4f5e079ec357dae7e3d5117b1,9fb178c817d62101fd71f29b3a96aa9c6ce3bfa13789e99a24871ea85aa3e431,9fb178c817d62101fd71f29b3a96aa9c6ce3bfa13789e99a24871ea85aa3e431,True
FMB1_R01,S02,FMB1_R01_S02_Q02,1787144261.5702286,/home/lj/ZPRM/zero_perturbation_runtime/mid360_formal_batch1_ingest_v1/snapshots/FMB1_R01/S02/FMB1_R01_S02_Q02.npy,3ec7064b682ecee100e5f69188f6dc8a210ec1fad60a2a0eb44c27c8a538376a,/home/lj/ZPRM/zero_perturbation_runtime/mid360_formal_batch1_ingest_v1/targets/FMB1_R01/S02/target_points.npy,9fb178c817d62101fd71f29b3a96aa9c6ce3bfa13789e99a24871ea85aa3e431,"[[1.0,0.0,0.0,0.0],[0.0,1.0,0.0,0.0],[0.0,0.0,1.0,0.0],[0.0,0.0,0.0,1.0]]",3ec7064b682ecee100e5f69188f6dc8a210ec1fad60a2a0eb44c27c8a538376a,3ec7064b682ecee100e5f69188f6dc8a210ec1fad60a2a0eb44c27c8a538376a,9fb178c817d62101fd71f29b3a96aa9c6ce3bfa13789e99a24871ea85aa3e431,9fb178c817d62101fd71f29b3a96aa9c6ce3bfa13789e99a24871ea85aa3e431,True
FMB1_R01,S02,FMB1_R01_S02_Q03,1787144263.0733047,/home/lj/ZPRM/zero_perturbation_runtime/mid360_formal_batch1_ingest_v1/snapshots/FMB1_R01/S02/FMB1_R01_S02_Q03.npy,aaf8ab1c3c96e82c4c10d6b5f0cdde74bb3344997183b7bdf6c3d24e377529d1,/home/lj/ZPRM/zero_perturbation_runtime/mid360_formal_batch1_ingest_v1/targets/FMB1_R01/S02/target_points.npy,9fb178c817d62101fd71f29b3a96aa9c6ce3bfa13789e99a24871ea85aa3e431,"[[1.0,0.0,0.0,0.0],[0.0,1.0,0.0,0.0],[0.0,0.0,1.0,0.0],[0.0,0.0,0.0,1.0]]",aaf8ab1c3c96e82c4c10d6b5f0cdde74bb3344997183b7bdf6c3d24e377529d1,aaf8ab1c3c96e82c4c10d6b5f0cdde74bb3344997183b7bdf6c3d24e377529d1,9fb178c817d62101fd71f29b3a96aa9c6ce3bfa13789e99a24871ea85aa3e431,9fb178c817d62101fd71f29b3a96aa9c6ce3bfa13789e99a24871ea85aa3e431,True
FMB1_R01,S02,FMB1_R01_S02_Q04,1787144264.4697597,/home/lj/ZPRM/zero_perturbation_runtime/mid360_formal_batch1_ingest_v1/snapshots/FMB1_R01/S02/FMB1_R01_S02_Q04.npy,a5e265709286a36f582f1e328c16eb267d7a96f91e032c93dd64273fbed0cc3c,/home/lj/ZPRM/zero_perturbation_runtime/mid360_formal_batch1_ingest_v1/targets/FMB1_R01/S02/target_points.npy,9fb178c817d62101fd71f29b3a96aa9c6ce3bfa13789e99a24871ea85aa3e431,"[[1.0,0.0,0.0,0.0],[0.0,1.0,0.0,0.0],[0.0,0.0,1.0,0.0],[0.0,0.0,0.0,1.0]]",a5e265709286a36f582f1e328c16eb267d7a96f91e032c93dd64273fbed0cc3c,a5e265709286a36f582f1e328c16eb267d7a96f91e032c93dd64273fbed0cc3c,9fb178c817d62101fd71f29b3a96aa9c6ce3bfa13789e99a24871ea85aa3e431,9fb178c817d62101fd71f29b3a96aa9c6ce3bfa13789e99a24871ea85aa3e431,True
FMB1_R01,S02,FMB1_R01_S02_Q05,1787144265.9707358,/home/lj/ZPRM/zero_perturbation_runtime/mid360_formal_batch1_ingest_v1/snapshots/FMB1_R01/S02/FMB1_R01_S02_Q05.npy,4188bd9d2c52a467301bf538c7d760148a13df46459c399fd44e52cbacbeaa6a,/home/lj/ZPRM/zero_perturbation_runtime/mid360_formal_batch1_ingest_v1/targets/FMB1_R01/S02/target_points.npy,9fb178c817d62101fd71f29b3a96aa9c6ce3bfa13789e99a24871ea85aa3e431,"[[1.0,0.0,0.0,0.0],[0.0,1.0,0.0,0.0],[0.0,0.0,1.0,0.0],[0.0,0.0,0.0,1.0]]",4188bd9d2c52a467301bf538c7d760148a13df46459c399fd44e52cbacbeaa6a,4188bd9d2c52a467301bf538c7d760148a13df46459c399fd44e52cbacbeaa6a,9fb178c817d62101fd71f29b3a96aa9c6ce3bfa13789e99a24871ea85aa3e431,9fb178c817d62101fd71f29b3a96aa9c6ce3bfa13789e99a24871ea85aa3e431,True
FMB1_R01,S02,FMB1_R01_S02_Q06,1787144267.4695487,/home/lj/ZPRM/zero_perturbation_runtime/mid360_formal_batch1_ingest_v1/snapshots/FMB1_R01/S02/FMB1_R01_S02_Q06.npy,23b3a6ca8da5edceaed94caca667eb3ddb1955edae36e188be53009a56cf9634,/home/lj/ZPRM/zero_perturbation_runtime/mid360_formal_batch1_ingest_v1/targets/FMB1_R01/S02/target_points.npy,9fb178c817d62101fd71f29b3a96aa9c6ce3bfa13789e99a24871ea85aa3e431,"[[1.0,0.0,0.0,0.0],[0.0,1.0,0.0,0.0],[0.0,0.0,1.0,0.0],[0.0,0.0,0.0,1.0]]",23b3a6ca8da5edceaed94caca667eb3ddb1955edae36e188be53009a56cf9634,23b3a6ca8da5edceaed94caca667eb3ddb1955edae36e188be53009a56cf9634,9fb178c817d62101fd71f29b3a96aa9c6ce3bfa13789e99a24871ea85aa3e431,9fb178c817d62101fd71f29b3a96aa9c6ce3bfa13789e99a24871ea85aa3e431,True
FMB1_R01,S02,FMB1_R01_S02_Q07,1787144268.9693923,/home/lj/ZPRM/zero_perturbation_runtime/mid360_formal_batch1_ingest_v1/snapshots/FMB1_R01/S02/FMB1_R01_S02_Q07.npy,0c75ce6fd889fbf1b59fec6f2fac596e7db743fab4ba310cf277fb6e0e3eec5a,/home/lj/ZPRM/zero_perturbation_runtime/mid360_formal_batch1_ingest_v1/targets/FMB1_R01/S02/target_points.npy,9fb178c817d62101fd71f29b3a96aa9c6ce3bfa13789e99a24871ea85aa3e431,"[[1.0,0.0,0.0,0.0],[0.0,1.0,0.0,0.0],[0.0,0.0,1.0,0.0],[0.0,0.0,0.0,1.0]]",0c75ce6fd889fbf1b59fec6f2fac596e7db743fab4ba310cf277fb6e0e3eec5a,0c75ce6fd889fbf1b59fec6f2fac596e7db743fab4ba310cf277fb6e0e3eec5a,9fb178c817d62101fd71f29b3a96aa9c6ce3bfa13789e99a24871ea85aa3e431,9fb178c817d62101fd71f29b3a96aa9c6ce3bfa13789e99a24871ea85aa3e431,True
FMB1_R01,S02,FMB1_R01_S02_Q08,1787144270.3694787,/home/lj/ZPRM/zero_perturbation_runtime/mid360_formal_batch1_ingest_v1/snapshots/FMB1_R01/S02/FMB1_R01_S02_Q08.npy,5dcc940e7a6973adca01fed2e2fe6af1e60ca9e971aaf9c7b85c7c2e3d6cb4f0,/home/lj/ZPRM/zero_perturbation_runtime/mid360_formal_batch1_ingest_v1/targets/FMB1_R01/S02/target_points.npy,9fb178c817d62101fd71f29b3a96aa9c6ce3bfa13789e99a24871ea85aa3e431,"[[1.0,0.0,0.0,0.0],[0.0,1.0,0.0,0.0],[0.0,0.0,1.0,0.0],[0.0,0.0,0.0,1.0]]",5dcc940e7a6973adca01fed2e2fe6af1e60ca9e971aaf9c7b85c7c2e3d6cb4f0,5dcc940e7a6973adca01fed2e2fe6af1e60ca9e971aaf9c7b85c7c2e3d6cb4f0,9fb178c817d62101fd71f29b3a96aa9c6ce3bfa13789e99a24871ea85aa3e431,9fb178c817d62101fd71f29b3a96aa9c6ce3bfa13789e99a24871ea85aa3e431,True
FMB1_R01,S02,FMB1_R01_S02_Q09,1787144271.86952,/home/lj/ZPRM/zero_perturbation_runtime/mid360_formal_batch1_ingest_v1/snapshots/FMB1_R01/S02/FMB1_R01_S02_Q09.npy,b9fd4a12939c8db1c643b92807318d4f73b6d0b46f8639b2d56bf8c013767312,/home/lj/ZPRM/zero_perturbation_runtime/mid360_formal_batch1_ingest_v1/targets/FMB1_R01/S02/target_points.npy,9fb178c817d62101fd71f29b3a96aa9c6ce3bfa13789e99a24871ea85aa3e431,"[[1.0,0.0,0.0,0.0],[0.0,1.0,0.0,0.0],[0.0,0.0,1.0,0.0],[0.0,0.0,0.0,1.0]]",b9fd4a12939c8db1c643b92807318d4f73b6d0b46f8639b2d56bf8c013767312,b9fd4a12939c8db1c643b92807318d4f73b6d0b46f8639b2d56bf8c013767312,9fb178c817d62101fd71f29b3a96aa9c6ce3bfa13789e99a24871ea85aa3e431,9fb178c817d62101fd71f29b3a96aa9c6ce3bfa13789e99a24871ea85aa3e431,True
FMB1_R01,S02,FMB1_R01_S02_Q10,1787144273.3694143,/home/lj/ZPRM/zero_perturbation_runtime/mid360_formal_batch1_ingest_v1/snapshots/FMB1_R01/S02/FMB1_R01_S02_Q10.npy,2cb96aaf30d7968637e154bb171423be970a6acdd7be0a6ea66b7a7ca45affa0,/home/lj/ZPRM/zero_perturbation_runtime/mid360_formal_batch1_ingest_v1/targets/FMB1_R01/S02/target_points.npy,9fb178c817d62101fd71f29b3a96aa9c6ce3bfa13789e99a24871ea85aa3e431,"[[1.0,0.0,0.0,0.0],[0.0,1.0,0.0,0.0],[0.0,0.0,1.0,0.0],[0.0,0.0,0.0,1.0]]",2cb96aaf30d7968637e154bb171423be970a6acdd7be0a6ea66b7a7ca45affa0,2cb96aaf30d7968637e154bb171423be970a6acdd7be0a6ea66b7a7ca45affa0,9fb178c817d62101fd71f29b3a96aa9c6ce3bfa13789e99a24871ea85aa3e431,9fb178c817d62101fd71f29b3a96aa9c6ce3bfa13789e99a24871ea85aa3e431,True
FMB1_R01,S03,FMB1_R01_S03_Q01,1787144411.6246002,/home/lj/ZPRM/zero_perturbation_runtime/mid360_formal_batch1_ingest_v1/snapshots/FMB1_R01/S03/FMB1_R01_S03_Q01.npy,3d9fc8176c989e926fd95108f25c35a72f3aea7b08c23c25680546afca49e797,/home/lj/ZPRM/zero_perturbation_runtime/mid360_formal_batch1_ingest_v1/targets/FMB1_R01/S03/target_points.npy,1aeaa921ed894587b4b9e42c42b66107bf41bed441f7727a8d4880994c4dfcad,"[[1.0,0.0,0.0,0.0],[0.0,1.0,0.0,0.0],[0.0,0.0,1.0,0.0],[0.0,0.0,0.0,1.0]]",3d9fc8176c989e926fd95108f25c35a72f3aea7b08c23c25680546afca49e797,3d9fc8176c989e926fd95108f25c35a72f3aea7b08c23c25680546afca49e797,1aeaa921ed894587b4b9e42c42b66107bf41bed441f7727a8d4880994c4dfcad,1aeaa921ed894587b4b9e42c42b66107bf41bed441f7727a8d4880994c4dfcad,True
FMB1_R01,S03,FMB1_R01_S03_Q02,1787144413.1310403,/home/lj/ZPRM/zero_perturbation_runtime/mid360_formal_batch1_ingest_v1/snapshots/FMB1_R01/S03/FMB1_R01_S03_Q02.npy,17899169a05a4afc1d925331cb2cd8681c4dc1e64c9356ace14df4e54a31ea3d,/home/lj/ZPRM/zero_perturbation_runtime/mid360_formal_batch1_ingest_v1/targets/FMB1_R01/S03/target_points.npy,1aeaa921ed894587b4b9e42c42b66107bf41bed441f7727a8d4880994c4dfcad,"[[1.0,0.0,0.0,0.0],[0.0,1.0,0.0,0.0],[0.0,0.0,1.0,0.0],[0.0,0.0,0.0,1.0]]",17899169a05a4afc1d925331cb2cd8681c4dc1e64c9356ace14df4e54a31ea3d,17899169a05a4afc1d925331cb2cd8681c4dc1e64c9356ace14df4e54a31ea3d,1aeaa921ed894587b4b9e42c42b66107bf41bed441f7727a8d4880994c4dfcad,1aeaa921ed894587b4b9e42c42b66107bf41bed441f7727a8d4880994c4dfcad,True
FMB1_R01,S03,FMB1_R01_S03_Q03,1787144414.6246254,/home/lj/ZPRM/zero_perturbation_runtime/mid360_formal_batch1_ingest_v1/snapshots/FMB1_R01/S03/FMB1_R01_S03_Q03.npy,67871696653151109e0664d311442eafa74b4e55cbd7449ac77bab09b28127ea,/home/lj/ZPRM/zero_perturbation_runtime/mid360_formal_batch1_ingest_v1/targets/FMB1_R01/S03/target_points.npy,1aeaa921ed894587b4b9e42c42b66107bf41bed441f7727a8d4880994c4dfcad,"[[1.0,0.0,0.0,0.0],[0.0,1.0,0.0,0.0],[0.0,0.0,1.0,0.0],[0.0,0.0,0.0,1.0]]",67871696653151109e0664d311442eafa74b4e55cbd7449ac77bab09b28127ea,67871696653151109e0664d311442eafa74b4e55cbd7449ac77bab09b28127ea,1aeaa921ed894587b4b9e42c42b66107bf41bed441f7727a8d4880994c4dfcad,1aeaa921ed894587b4b9e42c42b66107bf41bed441f7727a8d4880994c4dfcad,True
FMB1_R01,S03,FMB1_R01_S03_Q04,1787144416.0254169,/home/lj/ZPRM/zero_perturbation_runtime/mid360_formal_batch1_ingest_v1/snapshots/FMB1_R01/S03/FMB1_R01_S03_Q04.npy,e74cb84fd8683ca19038544eacac88bfe9973f0c73c179fe0350870a6023efa3,/home/lj/ZPRM/zero_perturbation_runtime/mid360_formal_batch1_ingest_v1/targets/FMB1_R01/S03/target_points.npy,1aeaa921ed894587b4b9e42c42b66107bf41bed441f7727a8d4880994c4dfcad,"[[1.0,0.0,0.0,0.0],[0.0,1.0,0.0,0.0],[0.0,0.0,1.0,0.0],[0.0,0.0,0.0,1.0]]",e74cb84fd8683ca19038544eacac88bfe9973f0c73c179fe0350870a6023efa3,e74cb84fd8683ca19038544eacac88bfe9973f0c73c179fe0350870a6023efa3,1aeaa921ed894587b4b9e42c42b66107bf41bed441f7727a8d4880994c4dfcad,1aeaa921ed894587b4b9e42c42b66107bf41bed441f7727a8d4880994c4dfcad,True
FMB1_R01,S03,FMB1_R01_S03_Q05,1787144417.5246296,/home/lj/ZPRM/zero_perturbation_runtime/mid360_formal_batch1_ingest_v1/snapshots/FMB1_R01/S03/FMB1_R01_S03_Q05.npy,1981d814371985b75034d280174d66508fecce3c05c1e340ad913d8ec9918b25,/home/lj/ZPRM/zero_perturbation_runtime/mid360_formal_batch1_ingest_v1/targets/FMB1_R01/S03/target_points.npy,1aeaa921ed894587b4b9e42c42b66107bf41bed441f7727a8d4880994c4dfcad,"[[1.0,0.0,0.0,0.0],[0.0,1.0,0.0,0.0],[0.0,0.0,1.0,0.0],[0.0,0.0,0.0,1.0]]",1981d814371985b75034d280174d66508fecce3c05c1e340ad913d8ec9918b25,1981d814371985b75034d280174d66508fecce3c05c1e340ad913d8ec9918b25,1aeaa921ed894587b4b9e42c42b66107bf41bed441f7727a8d4880994c4dfcad,1aeaa921ed894587b4b9e42c42b66107bf41bed441f7727a8d4880994c4dfcad,True
FMB1_R01,S03,FMB1_R01_S03_Q06,1787144419.025579,/home/lj/ZPRM/zero_perturbation_runtime/mid360_formal_batch1_ingest_v1/snapshots/FMB1_R01/S03/FMB1_R01_S03_Q06.npy,664cfe9dce98f9357941cddf07d5a87fb9634aa9c6d5705f182c25be1e1288aa,/home/lj/ZPRM/zero_perturbation_runtime/mid360_formal_batch1_ingest_v1/targets/FMB1_R01/S03/target_points.npy,1aeaa921ed894587b4b9e42c42b66107bf41bed441f7727a8d4880994c4dfcad,"[[1.0,0.0,0.0,0.0],[0.0,1.0,0.0,0.0],[0.0,0.0,1.0,0.0],[0.0,0.0,0.0,1.0]]",664cfe9dce98f9357941cddf07d5a87fb9634aa9c6d5705f182c25be1e1288aa,664cfe9dce98f9357941cddf07d5a87fb9634aa9c6d5705f182c25be1e1288aa,1aeaa921ed894587b4b9e42c42b66107bf41bed441f7727a8d4880994c4dfcad,1aeaa921ed894587b4b9e42c42b66107bf41bed441f7727a8d4880994c4dfcad,True
FMB1_R01,S03,FMB1_R01_S03_Q07,1787144420.5263624,/home/lj/ZPRM/zero_perturbation_runtime/mid360_formal_batch1_ingest_v1/snapshots/FMB1_R01/S03/FMB1_R01_S03_Q07.npy,f096d78ef6d186db1ea9b8e971af51fb9864286aba8f0234762f35cd994fedb9,/home/lj/ZPRM/zero_perturbation_runtime/mid360_formal_batch1_ingest_v1/targets/FMB1_R01/S03/target_points.npy,1aeaa921ed894587b4b9e42c42b66107bf41bed441f7727a8d4880994c4dfcad,"[[1.0,0.0,0.0,0.0],[0.0,1.0,0.0,0.0],[0.0,0.0,1.0,0.0],[0.0,0.0,0.0,1.0]]",f096d78ef6d186db1ea9b8e971af51fb9864286aba8f0234762f35cd994fedb9,f096d78ef6d186db1ea9b8e971af51fb9864286aba8f0234762f35cd994fedb9,1aeaa921ed894587b4b9e42c42b66107bf41bed441f7727a8d4880994c4dfcad,1aeaa921ed894587b4b9e42c42b66107bf41bed441f7727a8d4880994c4dfcad,True
FMB1_R01,S03,FMB1_R01_S03_Q08,1787144421.9245074,/home/lj/ZPRM/zero_perturbation_runtime/mid360_formal_batch1_ingest_v1/snapshots/FMB1_R01/S03/FMB1_R01_S03_Q08.npy,a77ffa4d44b48be33d1f263c209b17d34d2b7a93830c90329df6680db98b38ec,/home/lj/ZPRM/zero_perturbation_runtime/mid360_formal_batch1_ingest_v1/targets/FMB1_R01/S03/target_points.npy,1aeaa921ed894587b4b9e42c42b66107bf41bed441f7727a8d4880994c4dfcad,"[[1.0,0.0,0.0,0.0],[0.0,1.0,0.0,0.0],[0.0,0.0,1.0,0.0],[0.0,0.0,0.0,1.0]]",a77ffa4d44b48be33d1f263c209b17d34d2b7a93830c90329df6680db98b38ec,a77ffa4d44b48be33d1f263c209b17d34d2b7a93830c90329df6680db98b38ec,1aeaa921ed894587b4b9e42c42b66107bf41bed441f7727a8d4880994c4dfcad,1aeaa921ed894587b4b9e42c42b66107bf41bed441f7727a8d4880994c4dfcad,True
FMB1_R01,S03,FMB1_R01_S03_Q09,1787144423.4244528,/home/lj/ZPRM/zero_perturbation_runtime/mid360_formal_batch1_ingest_v1/snapshots/FMB1_R01/S03/FMB1_R01_S03_Q09.npy,56962772b7ca3072fe266599eb31856acb9187edd773e5d0fe2a4a0317f0ef54,/home/lj/ZPRM/zero_perturbation_runtime/mid360_formal_batch1_ingest_v1/targets/FMB1_R01/S03/target_points.npy,1aeaa921ed894587b4b9e42c42b66107bf41bed441f7727a8d4880994c4dfcad,"[[1.0,0.0,0.0,0.0],[0.0,1.0,0.0,0.0],[0.0,0.0,1.0,0.0],[0.0,0.0,0.0,1.0]]",56962772b7ca3072fe266599eb31856acb9187edd773e5d0fe2a4a0317f0ef54,56962772b7ca3072fe266599eb31856acb9187edd773e5d0fe2a4a0317f0ef54,1aeaa921ed894587b4b9e42c42b66107bf41bed441f7727a8d4880994c4dfcad,1aeaa921ed894587b4b9e42c42b66107bf41bed441f7727a8d4880994c4dfcad,True
FMB1_R01,S03,FMB1_R01_S03_Q10,1787144424.9245002,/home/lj/ZPRM/zero_perturbation_runtime/mid360_formal_batch1_ingest_v1/snapshots/FMB1_R01/S03/FMB1_R01_S03_Q10.npy,07774ceefd3788928000006bc469a046cbd25243f8a2682ba6fe1b68bb11e0bf,/home/lj/ZPRM/zero_perturbation_runtime/mid360_formal_batch1_ingest_v1/targets/FMB1_R01/S03/target_points.npy,1aeaa921ed894587b4b9e42c42b66107bf41bed441f7727a8d4880994c4dfcad,"[[1.0,0.0,0.0,0.0],[0.0,1.0,0.0,0.0],[0.0,0.0,1.0,0.0],[0.0,0.0,0.0,1.0]]",07774ceefd3788928000006bc469a046cbd25243f8a2682ba6fe1b68bb11e0bf,07774ceefd3788928000006bc469a046cbd25243f8a2682ba6fe1b68bb11e0bf,1aeaa921ed894587b4b9e42c42b66107bf41bed441f7727a8d4880994c4dfcad,1aeaa921ed894587b4b9e42c42b66107bf41bed441f7727a8d4880994c4dfcad,True
FMB1_R02,S01,FMB1_R02_S01_Q01,1787144624.7816367,/home/lj/ZPRM/zero_perturbation_runtime/mid360_formal_batch1_ingest_v1/snapshots/FMB1_R02/S01/FMB1_R02_S01_Q01.npy,753e83e680d54300e0108b6ebaff2809f2ad45581ccf9e2c9f791616d0a61c02,/home/lj/ZPRM/zero_perturbation_runtime/mid360_formal_batch1_ingest_v1/targets/FMB1_R02/S01/target_points.npy,1fa465e03f319de788b3011f7b2f7dcce63a85ffa1557cb3fa5900d14d4af752,"[[1.0,0.0,0.0,0.0],[0.0,1.0,0.0,0.0],[0.0,0.0,1.0,0.0],[0.0,0.0,0.0,1.0]]",753e83e680d54300e0108b6ebaff2809f2ad45581ccf9e2c9f791616d0a61c02,753e83e680d54300e0108b6ebaff2809f2ad45581ccf9e2c9f791616d0a61c02,1fa465e03f319de788b3011f7b2f7dcce63a85ffa1557cb3fa5900d14d4af752,1fa465e03f319de788b3011f7b2f7dcce63a85ffa1557cb3fa5900d14d4af752,True
FMB1_R02,S01,FMB1_R02_S01_Q02,1787144626.2810895,/home/lj/ZPRM/zero_perturbation_runtime/mid360_formal_batch1_ingest_v1/snapshots/FMB1_R02/S01/FMB1_R02_S01_Q02.npy,6c5badbf91fed6a892b07755399154db7b04278d7910fd49e610603316802d82,/home/lj/ZPRM/zero_perturbation_runtime/mid360_formal_batch1_ingest_v1/targets/FMB1_R02/S01/target_points.npy,1fa465e03f319de788b3011f7b2f7dcce63a85ffa1557cb3fa5900d14d4af752,"[[1.0,0.0,0.0,0.0],[0.0,1.0,0.0,0.0],[0.0,0.0,1.0,0.0],[0.0,0.0,0.0,1.0]]",6c5badbf91fed6a892b07755399154db7b04278d7910fd49e610603316802d82,6c5badbf91fed6a892b07755399154db7b04278d7910fd49e610603316802d82,1fa465e03f319de788b3011f7b2f7dcce63a85ffa1557cb3fa5900d14d4af752,1fa465e03f319de788b3011f7b2f7dcce63a85ffa1557cb3fa5900d14d4af752,True
FMB1_R02,S01,FMB1_R02_S01_Q03,1787144627.7811615,/home/lj/ZPRM/zero_perturbation_runtime/mid360_formal_batch1_ingest_v1/snapshots/FMB1_R02/S01/FMB1_R02_S01_Q03.npy,5e02375a45f7e1d7a1086ceaa99ef917c3aabbaf94ca00d1326f79da828d9ed4,/home/lj/ZPRM/zero_perturbation_runtime/mid360_formal_batch1_ingest_v1/targets/FMB1_R02/S01/target_points.npy,1fa465e03f319de788b3011f7b2f7dcce63a85ffa1557cb3fa5900d14d4af752,"[[1.0,0.0,0.0,0.0],[0.0,1.0,0.0,0.0],[0.0,0.0,1.0,0.0],[0.0,0.0,0.0,1.0]]",5e02375a45f7e1d7a1086ceaa99ef917c3aabbaf94ca00d1326f79da828d9ed4,5e02375a45f7e1d7a1086ceaa99ef917c3aabbaf94ca00d1326f79da828d9ed4,1fa465e03f319de788b3011f7b2f7dcce63a85ffa1557cb3fa5900d14d4af752,1fa465e03f319de788b3011f7b2f7dcce63a85ffa1557cb3fa5900d14d4af752,True
FMB1_R02,S01,FMB1_R02_S01_Q04,1787144629.1811419,/home/lj/ZPRM/zero_perturbation_runtime/mid360_formal_batch1_ingest_v1/snapshots/FMB1_R02/S01/FMB1_R02_S01_Q04.npy,f33c4ae786dd35a2df005b9aca50e0cb91ff46cf579121d6264d5b37ed88f9d1,/home/lj/ZPRM/zero_perturbation_runtime/mid360_formal_batch1_ingest_v1/targets/FMB1_R02/S01/target_points.npy,1fa465e03f319de788b3011f7b2f7dcce63a85ffa1557cb3fa5900d14d4af752,"[[1.0,0.0,0.0,0.0],[0.0,1.0,0.0,0.0],[0.0,0.0,1.0,0.0],[0.0,0.0,0.0,1.0]]",f33c4ae786dd35a2df005b9aca50e0cb91ff46cf579121d6264d5b37ed88f9d1,f33c4ae786dd35a2df005b9aca50e0cb91ff46cf579121d6264d5b37ed88f9d1,1fa465e03f319de788b3011f7b2f7dcce63a85ffa1557cb3fa5900d14d4af752,1fa465e03f319de788b3011f7b2f7dcce63a85ffa1557cb3fa5900d14d4af752,True
FMB1_R02,S01,FMB1_R02_S01_Q05,1787144630.6811514,/home/lj/ZPRM/zero_perturbation_runtime/mid360_formal_batch1_ingest_v1/snapshots/FMB1_R02/S01/FMB1_R02_S01_Q05.npy,cf5e2e6210ea71a5ad25a1cbcdc8daa50160d875efdef6d9cf5c37166db44071,/home/lj/ZPRM/zero_perturbation_runtime/mid360_formal_batch1_ingest_v1/targets/FMB1_R02/S01/target_points.npy,1fa465e03f319de788b3011f7b2f7dcce63a85ffa1557cb3fa5900d14d4af752,"[[1.0,0.0,0.0,0.0],[0.0,1.0,0.0,0.0],[0.0,0.0,1.0,0.0],[0.0,0.0,0.0,1.0]]",cf5e2e6210ea71a5ad25a1cbcdc8daa50160d875efdef6d9cf5c37166db44071,cf5e2e6210ea71a5ad25a1cbcdc8daa50160d875efdef6d9cf5c37166db44071,1fa465e03f319de788b3011f7b2f7dcce63a85ffa1557cb3fa5900d14d4af752,1fa465e03f319de788b3011f7b2f7dcce63a85ffa1557cb3fa5900d14d4af752,True
FMB1_R02,S01,FMB1_R02_S01_Q06,1787144632.1804733,/home/lj/ZPRM/zero_perturbation_runtime/mid360_formal_batch1_ingest_v1/snapshots/FMB1_R02/S01/FMB1_R02_S01_Q06.npy,7006e703551014d3ba330099c1357a819cfcb5eea4aeeeb924310e176d1989c7,/home/lj/ZPRM/zero_perturbation_runtime/mid360_formal_batch1_ingest_v1/targets/FMB1_R02/S01/target_points.npy,1fa465e03f319de788b3011f7b2f7dcce63a85ffa1557cb3fa5900d14d4af752,"[[1.0,0.0,0.0,0.0],[0.0,1.0,0.0,0.0],[0.0,0.0,1.0,0.0],[0.0,0.0,0.0,1.0]]",7006e703551014d3ba330099c1357a819cfcb5eea4aeeeb924310e176d1989c7,7006e703551014d3ba330099c1357a819cfcb5eea4aeeeb924310e176d1989c7,1fa465e03f319de788b3011f7b2f7dcce63a85ffa1557cb3fa5900d14d4af752,1fa465e03f319de788b3011f7b2f7dcce63a85ffa1557cb3fa5900d14d4af752,True
FMB1_R02,S01,FMB1_R02_S01_Q07,1787144633.680929,/home/lj/ZPRM/zero_perturbation_runtime/mid360_formal_batch1_ingest_v1/snapshots/FMB1_R02/S01/FMB1_R02_S01_Q07.npy,9722615ed08c6e05cbe79944cf609e8e48e874e345919d373168294771c87fa9,/home/lj/ZPRM/zero_perturbation_runtime/mid360_formal_batch1_ingest_v1/targets/FMB1_R02/S01/target_points.npy,1fa465e03f319de788b3011f7b2f7dcce63a85ffa1557cb3fa5900d14d4af752,"[[1.0,0.0,0.0,0.0],[0.0,1.0,0.0,0.0],[0.0,0.0,1.0,0.0],[0.0,0.0,0.0,1.0]]",9722615ed08c6e05cbe79944cf609e8e48e874e345919d373168294771c87fa9,9722615ed08c6e05cbe79944cf609e8e48e874e345919d373168294771c87fa9,1fa465e03f319de788b3011f7b2f7dcce63a85ffa1557cb3fa5900d14d4af752,1fa465e03f319de788b3011f7b2f7dcce63a85ffa1557cb3fa5900d14d4af752,True
FMB1_R02,S01,FMB1_R02_S01_Q08,1787144635.0776868,/home/lj/ZPRM/zero_perturbation_runtime/mid360_formal_batch1_ingest_v1/snapshots/FMB1_R02/S01/FMB1_R02_S01_Q08.npy,166eccf789fe23be9642a0af9ed79c322823ef8245b2fccded65d2dbd1804ce8,/home/lj/ZPRM/zero_perturbation_runtime/mid360_formal_batch1_ingest_v1/targets/FMB1_R02/S01/target_points.npy,1fa465e03f319de788b3011f7b2f7dcce63a85ffa1557cb3fa5900d14d4af752,"[[1.0,0.0,0.0,0.0],[0.0,1.0,0.0,0.0],[0.0,0.0,1.0,0.0],[0.0,0.0,0.0,1.0]]",166eccf789fe23be9642a0af9ed79c322823ef8245b2fccded65d2dbd1804ce8,166eccf789fe23be9642a0af9ed79c322823ef8245b2fccded65d2dbd1804ce8,1fa465e03f319de788b3011f7b2f7dcce63a85ffa1557cb3fa5900d14d4af752,1fa465e03f319de788b3011f7b2f7dcce63a85ffa1557cb3fa5900d14d4af752,True
FMB1_R02,S01,FMB1_R02_S01_Q09,1787144636.5806859,/home/lj/ZPRM/zero_perturbation_runtime/mid360_formal_batch1_ingest_v1/snapshots/FMB1_R02/S01/FMB1_R02_S01_Q09.npy,448359b455896e0edd570b596ab99caceb9aaec96b10f813f24e8a42e636f1e3,/home/lj/ZPRM/zero_perturbation_runtime/mid360_formal_batch1_ingest_v1/targets/FMB1_R02/S01/target_points.npy,1fa465e03f319de788b3011f7b2f7dcce63a85ffa1557cb3fa5900d14d4af752,"[[1.0,0.0,0.0,0.0],[0.0,1.0,0.0,0.0],[0.0,0.0,1.0,0.0],[0.0,0.0,0.0,1.0]]",448359b455896e0edd570b596ab99caceb9aaec96b10f813f24e8a42e636f1e3,448359b455896e0edd570b596ab99caceb9aaec96b10f813f24e8a42e636f1e3,1fa465e03f319de788b3011f7b2f7dcce63a85ffa1557cb3fa5900d14d4af752,1fa465e03f319de788b3011f7b2f7dcce63a85ffa1557cb3fa5900d14d4af752,True
FMB1_R02,S01,FMB1_R02_S01_Q10,1787144638.0806851,/home/lj/ZPRM/zero_perturbation_runtime/mid360_formal_batch1_ingest_v1/snapshots/FMB1_R02/S01/FMB1_R02_S01_Q10.npy,7bc90694bdc1d127e66a0cc272fcee44a311e740b889186a716c40c6552778ca,/home/lj/ZPRM/zero_perturbation_runtime/mid360_formal_batch1_ingest_v1/targets/FMB1_R02/S01/target_points.npy,1fa465e03f319de788b3011f7b2f7dcce63a85ffa1557cb3fa5900d14d4af752,"[[1.0,0.0,0.0,0.0],[0.0,1.0,0.0,0.0],[0.0,0.0,1.0,0.0],[0.0,0.0,0.0,1.0]]",7bc90694bdc1d127e66a0cc272fcee44a311e740b889186a716c40c6552778ca,7bc90694bdc1d127e66a0cc272fcee44a311e740b889186a716c40c6552778ca,1fa465e03f319de788b3011f7b2f7dcce63a85ffa1557cb3fa5900d14d4af752,1fa465e03f319de788b3011f7b2f7dcce63a85ffa1557cb3fa5900d14d4af752,True
FMB1_R02,S02,FMB1_R02_S02_Q01,1787144758.905385,/home/lj/ZPRM/zero_perturbation_runtime/mid360_formal_batch1_ingest_v1/snapshots/FMB1_R02/S02/FMB1_R02_S02_Q01.npy,8ec237403b7c8576ee37a555d7608e167210d9691d49c5bac4c1ec54f696ef10,/home/lj/ZPRM/zero_perturbation_runtime/mid360_formal_batch1_ingest_v1/targets/FMB1_R02/S02/target_points.npy,c338d9459f28f92d10cf0880c65a423bb1ba3362030950348e213daaa85f0352,"[[1.0,0.0,0.0,0.0],[0.0,1.0,0.0,0.0],[0.0,0.0,1.0,0.0],[0.0,0.0,0.0,1.0]]",8ec237403b7c8576ee37a555d7608e167210d9691d49c5bac4c1ec54f696ef10,8ec237403b7c8576ee37a555d7608e167210d9691d49c5bac4c1ec54f696ef10,c338d9459f28f92d10cf0880c65a423bb1ba3362030950348e213daaa85f0352,c338d9459f28f92d10cf0880c65a423bb1ba3362030950348e213daaa85f0352,True
FMB1_R02,S02,FMB1_R02_S02_Q02,1787144760.4045763,/home/lj/ZPRM/zero_perturbation_runtime/mid360_formal_batch1_ingest_v1/snapshots/FMB1_R02/S02/FMB1_R02_S02_Q02.npy,592f3f885d1aacea72afab500df35e98d0e112115250d2deb0e83e2f868d8223,/home/lj/ZPRM/zero_perturbation_runtime/mid360_formal_batch1_ingest_v1/targets/FMB1_R02/S02/target_points.npy,c338d9459f28f92d10cf0880c65a423bb1ba3362030950348e213daaa85f0352,"[[1.0,0.0,0.0,0.0],[0.0,1.0,0.0,0.0],[0.0,0.0,1.0,0.0],[0.0,0.0,0.0,1.0]]",592f3f885d1aacea72afab500df35e98d0e112115250d2deb0e83e2f868d8223,592f3f885d1aacea72afab500df35e98d0e112115250d2deb0e83e2f868d8223,c338d9459f28f92d10cf0880c65a423bb1ba3362030950348e213daaa85f0352,c338d9459f28f92d10cf0880c65a423bb1ba3362030950348e213daaa85f0352,True
FMB1_R02,S02,FMB1_R02_S02_Q03,1787144761.9036202,/home/lj/ZPRM/zero_perturbation_runtime/mid360_formal_batch1_ingest_v1/snapshots/FMB1_R02/S02/FMB1_R02_S02_Q03.npy,d1f5729b71eab1a1facd2e34e0231a7083e79a986ea2e9645d499f23fe95ccdd,/home/lj/ZPRM/zero_perturbation_runtime/mid360_formal_batch1_ingest_v1/targets/FMB1_R02/S02/target_points.npy,c338d9459f28f92d10cf0880c65a423bb1ba3362030950348e213daaa85f0352,"[[1.0,0.0,0.0,0.0],[0.0,1.0,0.0,0.0],[0.0,0.0,1.0,0.0],[0.0,0.0,0.0,1.0]]",d1f5729b71eab1a1facd2e34e0231a7083e79a986ea2e9645d499f23fe95ccdd,d1f5729b71eab1a1facd2e34e0231a7083e79a986ea2e9645d499f23fe95ccdd,c338d9459f28f92d10cf0880c65a423bb1ba3362030950348e213daaa85f0352,c338d9459f28f92d10cf0880c65a423bb1ba3362030950348e213daaa85f0352,True
FMB1_R02,S02,FMB1_R02_S02_Q04,1787144763.3074636,/home/lj/ZPRM/zero_perturbation_runtime/mid360_formal_batch1_ingest_v1/snapshots/FMB1_R02/S02/FMB1_R02_S02_Q04.npy,cbeca27dc3ae96d0b6efdce9cd4e049b78c4f64ab03a577d130c0735f3cb4fce,/home/lj/ZPRM/zero_perturbation_runtime/mid360_formal_batch1_ingest_v1/targets/FMB1_R02/S02/target_points.npy,c338d9459f28f92d10cf0880c65a423bb1ba3362030950348e213daaa85f0352,"[[1.0,0.0,0.0,0.0],[0.0,1.0,0.0,0.0],[0.0,0.0,1.0,0.0],[0.0,0.0,0.0,1.0]]",cbeca27dc3ae96d0b6efdce9cd4e049b78c4f64ab03a577d130c0735f3cb4fce,cbeca27dc3ae96d0b6efdce9cd4e049b78c4f64ab03a577d130c0735f3cb4fce,c338d9459f28f92d10cf0880c65a423bb1ba3362030950348e213daaa85f0352,c338d9459f28f92d10cf0880c65a423bb1ba3362030950348e213daaa85f0352,True
FMB1_R02,S02,FMB1_R02_S02_Q05,1787144764.8061678,/home/lj/ZPRM/zero_perturbation_runtime/mid360_formal_batch1_ingest_v1/snapshots/FMB1_R02/S02/FMB1_R02_S02_Q05.npy,1d0b69a706ccb0f941b81302f25c81254589795bff98282a6c538d3ad6ace51f,/home/lj/ZPRM/zero_perturbation_runtime/mid360_formal_batch1_ingest_v1/targets/FMB1_R02/S02/target_points.npy,c338d9459f28f92d10cf0880c65a423bb1ba3362030950348e213daaa85f0352,"[[1.0,0.0,0.0,0.0],[0.0,1.0,0.0,0.0],[0.0,0.0,1.0,0.0],[0.0,0.0,0.0,1.0]]",1d0b69a706ccb0f941b81302f25c81254589795bff98282a6c538d3ad6ace51f,1d0b69a706ccb0f941b81302f25c81254589795bff98282a6c538d3ad6ace51f,c338d9459f28f92d10cf0880c65a423bb1ba3362030950348e213daaa85f0352,c338d9459f28f92d10cf0880c65a423bb1ba3362030950348e213daaa85f0352,True
FMB1_R02,S02,FMB1_R02_S02_Q06,1787144766.3052564,/home/lj/ZPRM/zero_perturbation_runtime/mid360_formal_batch1_ingest_v1/snapshots/FMB1_R02/S02/FMB1_R02_S02_Q06.npy,67e4fb90abcd7454d3f7e7c4b5dc6335ef9da9a9ead5dde93a886add3ef12a52,/home/lj/ZPRM/zero_perturbation_runtime/mid360_formal_batch1_ingest_v1/targets/FMB1_R02/S02/target_points.npy,c338d9459f28f92d10cf0880c65a423bb1ba3362030950348e213daaa85f0352,"[[1.0,0.0,0.0,0.0],[0.0,1.0,0.0,0.0],[0.0,0.0,1.0,0.0],[0.0,0.0,0.0,1.0]]",67e4fb90abcd7454d3f7e7c4b5dc6335ef9da9a9ead5dde93a886add3ef12a52,67e4fb90abcd7454d3f7e7c4b5dc6335ef9da9a9ead5dde93a886add3ef12a52,c338d9459f28f92d10cf0880c65a423bb1ba3362030950348e213daaa85f0352,c338d9459f28f92d10cf0880c65a423bb1ba3362030950348e213daaa85f0352,True
FMB1_R02,S02,FMB1_R02_S02_Q07,1787144767.8045762,/home/lj/ZPRM/zero_perturbation_runtime/mid360_formal_batch1_ingest_v1/snapshots/FMB1_R02/S02/FMB1_R02_S02_Q07.npy,5de12efb1fa1014ffe9e7f37188755747ff5ad61232834b08d02230b165ec88b,/home/lj/ZPRM/zero_perturbation_runtime/mid360_formal_batch1_ingest_v1/targets/FMB1_R02/S02/target_points.npy,c338d9459f28f92d10cf0880c65a423bb1ba3362030950348e213daaa85f0352,"[[1.0,0.0,0.0,0.0],[0.0,1.0,0.0,0.0],[0.0,0.0,1.0,0.0],[0.0,0.0,0.0,1.0]]",5de12efb1fa1014ffe9e7f37188755747ff5ad61232834b08d02230b165ec88b,5de12efb1fa1014ffe9e7f37188755747ff5ad61232834b08d02230b165ec88b,c338d9459f28f92d10cf0880c65a423bb1ba3362030950348e213daaa85f0352,c338d9459f28f92d10cf0880c65a423bb1ba3362030950348e213daaa85f0352,True
FMB1_R02,S02,FMB1_R02_S02_Q08,1787144769.203941,/home/lj/ZPRM/zero_perturbation_runtime/mid360_formal_batch1_ingest_v1/snapshots/FMB1_R02/S02/FMB1_R02_S02_Q08.npy,7591e40faba756ead0a8016052add9a8c40771a7be2bb8fb6ed5f40b4a761968,/home/lj/ZPRM/zero_perturbation_runtime/mid360_formal_batch1_ingest_v1/targets/FMB1_R02/S02/target_points.npy,c338d9459f28f92d10cf0880c65a423bb1ba3362030950348e213daaa85f0352,"[[1.0,0.0,0.0,0.0],[0.0,1.0,0.0,0.0],[0.0,0.0,1.0,0.0],[0.0,0.0,0.0,1.0]]",7591e40faba756ead0a8016052add9a8c40771a7be2bb8fb6ed5f40b4a761968,7591e40faba756ead0a8016052add9a8c40771a7be2bb8fb6ed5f40b4a761968,c338d9459f28f92d10cf0880c65a423bb1ba3362030950348e213daaa85f0352,c338d9459f28f92d10cf0880c65a423bb1ba3362030950348e213daaa85f0352,True
FMB1_R02,S02,FMB1_R02_S02_Q09,1787144770.705103,/home/lj/ZPRM/zero_perturbation_runtime/mid360_formal_batch1_ingest_v1/snapshots/FMB1_R02/S02/FMB1_R02_S02_Q09.npy,cc6b698fbbd3cd0795517d1057b867ba403cfc0e5f0603ff74574aff23d42474,/home/lj/ZPRM/zero_perturbation_runtime/mid360_formal_batch1_ingest_v1/targets/FMB1_R02/S02/target_points.npy,c338d9459f28f92d10cf0880c65a423bb1ba3362030950348e213daaa85f0352,"[[1.0,0.0,0.0,0.0],[0.0,1.0,0.0,0.0],[0.0,0.0,1.0,0.0],[0.0,0.0,0.0,1.0]]",cc6b698fbbd3cd0795517d1057b867ba403cfc0e5f0603ff74574aff23d42474,cc6b698fbbd3cd0795517d1057b867ba403cfc0e5f0603ff74574aff23d42474,c338d9459f28f92d10cf0880c65a423bb1ba3362030950348e213daaa85f0352,c338d9459f28f92d10cf0880c65a423bb1ba3362030950348e213daaa85f0352,True
FMB1_R02,S02,FMB1_R02_S02_Q10,1787144772.2042625,/home/lj/ZPRM/zero_perturbation_runtime/mid360_formal_batch1_ingest_v1/snapshots/FMB1_R02/S02/FMB1_R02_S02_Q10.npy,8282b916358155d0e63eca553bc8f6af69c331b78938b09d52cd744a8bfbef87,/home/lj/ZPRM/zero_perturbation_runtime/mid360_formal_batch1_ingest_v1/targets/FMB1_R02/S02/target_points.npy,c338d9459f28f92d10cf0880c65a423bb1ba3362030950348e213daaa85f0352,"[[1.0,0.0,0.0,0.0],[0.0,1.0,0.0,0.0],[0.0,0.0,1.0,0.0],[0.0,0.0,0.0,1.0]]",8282b916358155d0e63eca553bc8f6af69c331b78938b09d52cd744a8bfbef87,8282b916358155d0e63eca553bc8f6af69c331b78938b09d52cd744a8bfbef87,c338d9459f28f92d10cf0880c65a423bb1ba3362030950348e213daaa85f0352,c338d9459f28f92d10cf0880c65a423bb1ba3362030950348e213daaa85f0352,True
FMB1_R02,S03,FMB1_R02_S03_Q01,1787144939.0827322,/home/lj/ZPRM/zero_perturbation_runtime/mid360_formal_batch1_ingest_v1/snapshots/FMB1_R02/S03/FMB1_R02_S03_Q01.npy,334dece9e61dfb44735d3eba8843897eaf663150312e3ea36e112fbf05d71927,/home/lj/ZPRM/zero_perturbation_runtime/mid360_formal_batch1_ingest_v1/targets/FMB1_R02/S03/target_points.npy,87884a27c9c29bbee45eeb2420fd7c1c3071e90e4275fab4859c0f789cdf527f,"[[1.0,0.0,0.0,0.0],[0.0,1.0,0.0,0.0],[0.0,0.0,1.0,0.0],[0.0,0.0,0.0,1.0]]",334dece9e61dfb44735d3eba8843897eaf663150312e3ea36e112fbf05d71927,334dece9e61dfb44735d3eba8843897eaf663150312e3ea36e112fbf05d71927,87884a27c9c29bbee45eeb2420fd7c1c3071e90e4275fab4859c0f789cdf527f,87884a27c9c29bbee45eeb2420fd7c1c3071e90e4275fab4859c0f789cdf527f,True
FMB1_R02,S03,FMB1_R02_S03_Q02,1787144940.5831664,/home/lj/ZPRM/zero_perturbation_runtime/mid360_formal_batch1_ingest_v1/snapshots/FMB1_R02/S03/FMB1_R02_S03_Q02.npy,6544f52af170672d251bb5bfe621cb07d31d2b3e1b5fec46097b3b475b9ce764,/home/lj/ZPRM/zero_perturbation_runtime/mid360_formal_batch1_ingest_v1/targets/FMB1_R02/S03/target_points.npy,87884a27c9c29bbee45eeb2420fd7c1c3071e90e4275fab4859c0f789cdf527f,"[[1.0,0.0,0.0,0.0],[0.0,1.0,0.0,0.0],[0.0,0.0,1.0,0.0],[0.0,0.0,0.0,1.0]]",6544f52af170672d251bb5bfe621cb07d31d2b3e1b5fec46097b3b475b9ce764,6544f52af170672d251bb5bfe621cb07d31d2b3e1b5fec46097b3b475b9ce764,87884a27c9c29bbee45eeb2420fd7c1c3071e90e4275fab4859c0f789cdf527f,87884a27c9c29bbee45eeb2420fd7c1c3071e90e4275fab4859c0f789cdf527f,True
FMB1_R02,S03,FMB1_R02_S03_Q03,1787144942.0822434,/home/lj/ZPRM/zero_perturbation_runtime/mid360_formal_batch1_ingest_v1/snapshots/FMB1_R02/S03/FMB1_R02_S03_Q03.npy,6f149a8733a38a5adad9325aedabff67b8c6a120043b6293b1cfd7c7e69aa1a5,/home/lj/ZPRM/zero_perturbation_runtime/mid360_formal_batch1_ingest_v1/targets/FMB1_R02/S03/target_points.npy,87884a27c9c29bbee45eeb2420fd7c1c3071e90e4275fab4859c0f789cdf527f,"[[1.0,0.0,0.0,0.0],[0.0,1.0,0.0,0.0],[0.0,0.0,1.0,0.0],[0.0,0.0,0.0,1.0]]",6f149a8733a38a5adad9325aedabff67b8c6a120043b6293b1cfd7c7e69aa1a5,6f149a8733a38a5adad9325aedabff67b8c6a120043b6293b1cfd7c7e69aa1a5,87884a27c9c29bbee45eeb2420fd7c1c3071e90e4275fab4859c0f789cdf527f,87884a27c9c29bbee45eeb2420fd7c1c3071e90e4275fab4859c0f789cdf527f,True
FMB1_R02,S03,FMB1_R02_S03_Q04,1787144943.4824593,/home/lj/ZPRM/zero_perturbation_runtime/mid360_formal_batch1_ingest_v1/snapshots/FMB1_R02/S03/FMB1_R02_S03_Q04.npy,f67c129d3f4880ef4b9264e3a8adad4ee36cfdc5b701d474c2e93dabf56d64f0,/home/lj/ZPRM/zero_perturbation_runtime/mid360_formal_batch1_ingest_v1/targets/FMB1_R02/S03/target_points.npy,87884a27c9c29bbee45eeb2420fd7c1c3071e90e4275fab4859c0f789cdf527f,"[[1.0,0.0,0.0,0.0],[0.0,1.0,0.0,0.0],[0.0,0.0,1.0,0.0],[0.0,0.0,0.0,1.0]]",f67c129d3f4880ef4b9264e3a8adad4ee36cfdc5b701d474c2e93dabf56d64f0,f67c129d3f4880ef4b9264e3a8adad4ee36cfdc5b701d474c2e93dabf56d64f0,87884a27c9c29bbee45eeb2420fd7c1c3071e90e4275fab4859c0f789cdf527f,87884a27c9c29bbee45eeb2420fd7c1c3071e90e4275fab4859c0f789cdf527f,True
FMB1_R02,S03,FMB1_R02_S03_Q05,1787144944.9825306,/home/lj/ZPRM/zero_perturbation_runtime/mid360_formal_batch1_ingest_v1/snapshots/FMB1_R02/S03/FMB1_R02_S03_Q05.npy,ef49af847713b6272e80f559be8d8826dab99464fc47fb16197bbf66da5742c7,/home/lj/ZPRM/zero_perturbation_runtime/mid360_formal_batch1_ingest_v1/targets/FMB1_R02/S03/target_points.npy,87884a27c9c29bbee45eeb2420fd7c1c3071e90e4275fab4859c0f789cdf527f,"[[1.0,0.0,0.0,0.0],[0.0,1.0,0.0,0.0],[0.0,0.0,1.0,0.0],[0.0,0.0,0.0,1.0]]",ef49af847713b6272e80f559be8d8826dab99464fc47fb16197bbf66da5742c7,ef49af847713b6272e80f559be8d8826dab99464fc47fb16197bbf66da5742c7,87884a27c9c29bbee45eeb2420fd7c1c3071e90e4275fab4859c0f789cdf527f,87884a27c9c29bbee45eeb2420fd7c1c3071e90e4275fab4859c0f789cdf527f,True
FMB1_R02,S03,FMB1_R02_S03_Q06,1787144946.4828634,/home/lj/ZPRM/zero_perturbation_runtime/mid360_formal_batch1_ingest_v1/snapshots/FMB1_R02/S03/FMB1_R02_S03_Q06.npy,55d48203310c05d9157a74d4067c8a8c0c86489a049106f31c3d9cd5ce6e3d82,/home/lj/ZPRM/zero_perturbation_runtime/mid360_formal_batch1_ingest_v1/targets/FMB1_R02/S03/target_points.npy,87884a27c9c29bbee45eeb2420fd7c1c3071e90e4275fab4859c0f789cdf527f,"[[1.0,0.0,0.0,0.0],[0.0,1.0,0.0,0.0],[0.0,0.0,1.0,0.0],[0.0,0.0,0.0,1.0]]",55d48203310c05d9157a74d4067c8a8c0c86489a049106f31c3d9cd5ce6e3d82,55d48203310c05d9157a74d4067c8a8c0c86489a049106f31c3d9cd5ce6e3d82,87884a27c9c29bbee45eeb2420fd7c1c3071e90e4275fab4859c0f789cdf527f,87884a27c9c29bbee45eeb2420fd7c1c3071e90e4275fab4859c0f789cdf527f,True
FMB1_R02,S03,FMB1_R02_S03_Q07,1787144947.9832964,/home/lj/ZPRM/zero_perturbation_runtime/mid360_formal_batch1_ingest_v1/snapshots/FMB1_R02/S03/FMB1_R02_S03_Q07.npy,86ec2d83fbbd05e6bd3e38087b856922c1c26550798a723e1788339b9d0b4095,/home/lj/ZPRM/zero_perturbation_runtime/mid360_formal_batch1_ingest_v1/targets/FMB1_R02/S03/target_points.npy,87884a27c9c29bbee45eeb2420fd7c1c3071e90e4275fab4859c0f789cdf527f,"[[1.0,0.0,0.0,0.0],[0.0,1.0,0.0,0.0],[0.0,0.0,1.0,0.0],[0.0,0.0,0.0,1.0]]",86ec2d83fbbd05e6bd3e38087b856922c1c26550798a723e1788339b9d0b4095,86ec2d83fbbd05e6bd3e38087b856922c1c26550798a723e1788339b9d0b4095,87884a27c9c29bbee45eeb2420fd7c1c3071e90e4275fab4859c0f789cdf527f,87884a27c9c29bbee45eeb2420fd7c1c3071e90e4275fab4859c0f789cdf527f,True
FMB1_R02,S03,FMB1_R02_S03_Q08,1787144949.3864384,/home/lj/ZPRM/zero_perturbation_runtime/mid360_formal_batch1_ingest_v1/snapshots/FMB1_R02/S03/FMB1_R02_S03_Q08.npy,0e827566bdbeae52e41b5c0760bff4cda01630b02a22a161557c137d4046d372,/home/lj/ZPRM/zero_perturbation_runtime/mid360_formal_batch1_ingest_v1/targets/FMB1_R02/S03/target_points.npy,87884a27c9c29bbee45eeb2420fd7c1c3071e90e4275fab4859c0f789cdf527f,"[[1.0,0.0,0.0,0.0],[0.0,1.0,0.0,0.0],[0.0,0.0,1.0,0.0],[0.0,0.0,0.0,1.0]]",0e827566bdbeae52e41b5c0760bff4cda01630b02a22a161557c137d4046d372,0e827566bdbeae52e41b5c0760bff4cda01630b02a22a161557c137d4046d372,87884a27c9c29bbee45eeb2420fd7c1c3071e90e4275fab4859c0f789cdf527f,87884a27c9c29bbee45eeb2420fd7c1c3071e90e4275fab4859c0f789cdf527f,True
FMB1_R02,S03,FMB1_R02_S03_Q09,1787144950.882322,/home/lj/ZPRM/zero_perturbation_runtime/mid360_formal_batch1_ingest_v1/snapshots/FMB1_R02/S03/FMB1_R02_S03_Q09.npy,8192bf69c111e470a5f47af9e4cde42cd8ee82f824cbc246f1757ae45e508bbe,/home/lj/ZPRM/zero_perturbation_runtime/mid360_formal_batch1_ingest_v1/targets/FMB1_R02/S03/target_points.npy,87884a27c9c29bbee45eeb2420fd7c1c3071e90e4275fab4859c0f789cdf527f,"[[1.0,0.0,0.0,0.0],[0.0,1.0,0.0,0.0],[0.0,0.0,1.0,0.0],[0.0,0.0,0.0,1.0]]",8192bf69c111e470a5f47af9e4cde42cd8ee82f824cbc246f1757ae45e508bbe,8192bf69c111e470a5f47af9e4cde42cd8ee82f824cbc246f1757ae45e508bbe,87884a27c9c29bbee45eeb2420fd7c1c3071e90e4275fab4859c0f789cdf527f,87884a27c9c29bbee45eeb2420fd7c1c3071e90e4275fab4859c0f789cdf527f,True
FMB1_R02,S03,FMB1_R02_S03_Q10,1787144952.3824725,/home/lj/ZPRM/zero_perturbation_runtime/mid360_formal_batch1_ingest_v1/snapshots/FMB1_R02/S03/FMB1_R02_S03_Q10.npy,46c2bc52ee93703b775751cafd2fc7cf06214058350a9941dd04625feb8af52d,/home/lj/ZPRM/zero_perturbation_runtime/mid360_formal_batch1_ingest_v1/targets/FMB1_R02/S03/target_points.npy,87884a27c9c29bbee45eeb2420fd7c1c3071e90e4275fab4859c0f789cdf527f,"[[1.0,0.0,0.0,0.0],[0.0,1.0,0.0,0.0],[0.0,0.0,1.0,0.0],[0.0,0.0,0.0,1.0]]",46c2bc52ee93703b775751cafd2fc7cf06214058350a9941dd04625feb8af52d,46c2bc52ee93703b775751cafd2fc7cf06214058350a9941dd04625feb8af52d,87884a27c9c29bbee45eeb2420fd7c1c3071e90e4275fab4859c0f789cdf527f,87884a27c9c29bbee45eeb2420fd7c1c3071e90e4275fab4859c0f789cdf527f,True
FMB1_R03,S01,FMB1_R03_S01_Q01,1787145314.6984565,/home/lj/ZPRM/zero_perturbation_runtime/mid360_formal_batch1_ingest_v1/snapshots/FMB1_R03/S01/FMB1_R03_S01_Q01.npy,9c726ff7959237696f258f44f18fb55bf53b743875ed256846c6cf7b5c75e5d8,/home/lj/ZPRM/zero_perturbation_runtime/mid360_formal_batch1_ingest_v1/targets/FMB1_R03/S01/target_points.npy,198845c8670aadb92e8d49a6a1578ff6d8f335daf97e562bee7fa8ae36a23934,"[[1.0,0.0,0.0,0.0],[0.0,1.0,0.0,0.0],[0.0,0.0,1.0,0.0],[0.0,0.0,0.0,1.0]]",9c726ff7959237696f258f44f18fb55bf53b743875ed256846c6cf7b5c75e5d8,9c726ff7959237696f258f44f18fb55bf53b743875ed256846c6cf7b5c75e5d8,198845c8670aadb92e8d49a6a1578ff6d8f335daf97e562bee7fa8ae36a23934,198845c8670aadb92e8d49a6a1578ff6d8f335daf97e562bee7fa8ae36a23934,True
FMB1_R03,S01,FMB1_R03_S01_Q02,1787145316.1986566,/home/lj/ZPRM/zero_perturbation_runtime/mid360_formal_batch1_ingest_v1/snapshots/FMB1_R03/S01/FMB1_R03_S01_Q02.npy,6895c13bca55d135ae52f0a36827a6115895fbdbc387ca23966d54e4c9b3d7f5,/home/lj/ZPRM/zero_perturbation_runtime/mid360_formal_batch1_ingest_v1/targets/FMB1_R03/S01/target_points.npy,198845c8670aadb92e8d49a6a1578ff6d8f335daf97e562bee7fa8ae36a23934,"[[1.0,0.0,0.0,0.0],[0.0,1.0,0.0,0.0],[0.0,0.0,1.0,0.0],[0.0,0.0,0.0,1.0]]",6895c13bca55d135ae52f0a36827a6115895fbdbc387ca23966d54e4c9b3d7f5,6895c13bca55d135ae52f0a36827a6115895fbdbc387ca23966d54e4c9b3d7f5,198845c8670aadb92e8d49a6a1578ff6d8f335daf97e562bee7fa8ae36a23934,198845c8670aadb92e8d49a6a1578ff6d8f335daf97e562bee7fa8ae36a23934,True
FMB1_R03,S01,FMB1_R03_S01_Q03,1787145317.6980171,/home/lj/ZPRM/zero_perturbation_runtime/mid360_formal_batch1_ingest_v1/snapshots/FMB1_R03/S01/FMB1_R03_S01_Q03.npy,5379d6bd716d828610bbf76d2346b094f28c874f1449bda3cc03878f55d6666c,/home/lj/ZPRM/zero_perturbation_runtime/mid360_formal_batch1_ingest_v1/targets/FMB1_R03/S01/target_points.npy,198845c8670aadb92e8d49a6a1578ff6d8f335daf97e562bee7fa8ae36a23934,"[[1.0,0.0,0.0,0.0],[0.0,1.0,0.0,0.0],[0.0,0.0,1.0,0.0],[0.0,0.0,0.0,1.0]]",5379d6bd716d828610bbf76d2346b094f28c874f1449bda3cc03878f55d6666c,5379d6bd716d828610bbf76d2346b094f28c874f1449bda3cc03878f55d6666c,198845c8670aadb92e8d49a6a1578ff6d8f335daf97e562bee7fa8ae36a23934,198845c8670aadb92e8d49a6a1578ff6d8f335daf97e562bee7fa8ae36a23934,True
FMB1_R03,S01,FMB1_R03_S01_Q04,1787145319.0975602,/home/lj/ZPRM/zero_perturbation_runtime/mid360_formal_batch1_ingest_v1/snapshots/FMB1_R03/S01/FMB1_R03_S01_Q04.npy,fddcaa52d5e6398f7f608dacb9214846fc9155e6a05225bd7f066cdda64321b5,/home/lj/ZPRM/zero_perturbation_runtime/mid360_formal_batch1_ingest_v1/targets/FMB1_R03/S01/target_points.npy,198845c8670aadb92e8d49a6a1578ff6d8f335daf97e562bee7fa8ae36a23934,"[[1.0,0.0,0.0,0.0],[0.0,1.0,0.0,0.0],[0.0,0.0,1.0,0.0],[0.0,0.0,0.0,1.0]]",fddcaa52d5e6398f7f608dacb9214846fc9155e6a05225bd7f066cdda64321b5,fddcaa52d5e6398f7f608dacb9214846fc9155e6a05225bd7f066cdda64321b5,198845c8670aadb92e8d49a6a1578ff6d8f335daf97e562bee7fa8ae36a23934,198845c8670aadb92e8d49a6a1578ff6d8f335daf97e562bee7fa8ae36a23934,True
FMB1_R03,S01,FMB1_R03_S01_Q05,1787145320.597915,/home/lj/ZPRM/zero_perturbation_runtime/mid360_formal_batch1_ingest_v1/snapshots/FMB1_R03/S01/FMB1_R03_S01_Q05.npy,37c7105a78986f1393dd7fcf2747924f6a30c2f62921b36e499a604ce7204eb3,/home/lj/ZPRM/zero_perturbation_runtime/mid360_formal_batch1_ingest_v1/targets/FMB1_R03/S01/target_points.npy,198845c8670aadb92e8d49a6a1578ff6d8f335daf97e562bee7fa8ae36a23934,"[[1.0,0.0,0.0,0.0],[0.0,1.0,0.0,0.0],[0.0,0.0,1.0,0.0],[0.0,0.0,0.0,1.0]]",37c7105a78986f1393dd7fcf2747924f6a30c2f62921b36e499a604ce7204eb3,37c7105a78986f1393dd7fcf2747924f6a30c2f62921b36e499a604ce7204eb3,198845c8670aadb92e8d49a6a1578ff6d8f335daf97e562bee7fa8ae36a23934,198845c8670aadb92e8d49a6a1578ff6d8f335daf97e562bee7fa8ae36a23934,True
FMB1_R03,S01,FMB1_R03_S01_Q06,1787145322.0982907,/home/lj/ZPRM/zero_perturbation_runtime/mid360_formal_batch1_ingest_v1/snapshots/FMB1_R03/S01/FMB1_R03_S01_Q06.npy,47a360f07021e961e543404756b67ddecc4ae3ff8790779bd1325b9f2556ade9,/home/lj/ZPRM/zero_perturbation_runtime/mid360_formal_batch1_ingest_v1/targets/FMB1_R03/S01/target_points.npy,198845c8670aadb92e8d49a6a1578ff6d8f335daf97e562bee7fa8ae36a23934,"[[1.0,0.0,0.0,0.0],[0.0,1.0,0.0,0.0],[0.0,0.0,1.0,0.0],[0.0,0.0,0.0,1.0]]",47a360f07021e961e543404756b67ddecc4ae3ff8790779bd1325b9f2556ade9,47a360f07021e961e543404756b67ddecc4ae3ff8790779bd1325b9f2556ade9,198845c8670aadb92e8d49a6a1578ff6d8f335daf97e562bee7fa8ae36a23934,198845c8670aadb92e8d49a6a1578ff6d8f335daf97e562bee7fa8ae36a23934,True
FMB1_R03,S01,FMB1_R03_S01_Q07,1787145323.5986853,/home/lj/ZPRM/zero_perturbation_runtime/mid360_formal_batch1_ingest_v1/snapshots/FMB1_R03/S01/FMB1_R03_S01_Q07.npy,0e5c7d74ff6c00b619d875cef8a708e1322ca419a75e6cadd47a17aa2375ac77,/home/lj/ZPRM/zero_perturbation_runtime/mid360_formal_batch1_ingest_v1/targets/FMB1_R03/S01/target_points.npy,198845c8670aadb92e8d49a6a1578ff6d8f335daf97e562bee7fa8ae36a23934,"[[1.0,0.0,0.0,0.0],[0.0,1.0,0.0,0.0],[0.0,0.0,1.0,0.0],[0.0,0.0,0.0,1.0]]",0e5c7d74ff6c00b619d875cef8a708e1322ca419a75e6cadd47a17aa2375ac77,0e5c7d74ff6c00b619d875cef8a708e1322ca419a75e6cadd47a17aa2375ac77,198845c8670aadb92e8d49a6a1578ff6d8f335daf97e562bee7fa8ae36a23934,198845c8670aadb92e8d49a6a1578ff6d8f335daf97e562bee7fa8ae36a23934,True
FMB1_R03,S01,FMB1_R03_S01_Q08,1787145324.9958236,/home/lj/ZPRM/zero_perturbation_runtime/mid360_formal_batch1_ingest_v1/snapshots/FMB1_R03/S01/FMB1_R03_S01_Q08.npy,dad43e7366092a0e82bf88f4aa671d3741bf370da5eed5d744559cfcdcad73dd,/home/lj/ZPRM/zero_perturbation_runtime/mid360_formal_batch1_ingest_v1/targets/FMB1_R03/S01/target_points.npy,198845c8670aadb92e8d49a6a1578ff6d8f335daf97e562bee7fa8ae36a23934,"[[1.0,0.0,0.0,0.0],[0.0,1.0,0.0,0.0],[0.0,0.0,1.0,0.0],[0.0,0.0,0.0,1.0]]",dad43e7366092a0e82bf88f4aa671d3741bf370da5eed5d744559cfcdcad73dd,dad43e7366092a0e82bf88f4aa671d3741bf370da5eed5d744559cfcdcad73dd,198845c8670aadb92e8d49a6a1578ff6d8f335daf97e562bee7fa8ae36a23934,198845c8670aadb92e8d49a6a1578ff6d8f335daf97e562bee7fa8ae36a23934,True
FMB1_R03,S01,FMB1_R03_S01_Q09,1787145326.4976282,/home/lj/ZPRM/zero_perturbation_runtime/mid360_formal_batch1_ingest_v1/snapshots/FMB1_R03/S01/FMB1_R03_S01_Q09.npy,8cc13f2f8550a89273722dd639e6c67db65859fb8dcbc41371580221a3142298,/home/lj/ZPRM/zero_perturbation_runtime/mid360_formal_batch1_ingest_v1/targets/FMB1_R03/S01/target_points.npy,198845c8670aadb92e8d49a6a1578ff6d8f335daf97e562bee7fa8ae36a23934,"[[1.0,0.0,0.0,0.0],[0.0,1.0,0.0,0.0],[0.0,0.0,1.0,0.0],[0.0,0.0,0.0,1.0]]",8cc13f2f8550a89273722dd639e6c67db65859fb8dcbc41371580221a3142298,8cc13f2f8550a89273722dd639e6c67db65859fb8dcbc41371580221a3142298,198845c8670aadb92e8d49a6a1578ff6d8f335daf97e562bee7fa8ae36a23934,198845c8670aadb92e8d49a6a1578ff6d8f335daf97e562bee7fa8ae36a23934,True
FMB1_R03,S01,FMB1_R03_S01_Q10,1787145327.9980516,/home/lj/ZPRM/zero_perturbation_runtime/mid360_formal_batch1_ingest_v1/snapshots/FMB1_R03/S01/FMB1_R03_S01_Q10.npy,66a3fb3bc67ffe3d2cbf18c167107932de7f77e0c87f1c8c4f38cc8bd90595b7,/home/lj/ZPRM/zero_perturbation_runtime/mid360_formal_batch1_ingest_v1/targets/FMB1_R03/S01/target_points.npy,198845c8670aadb92e8d49a6a1578ff6d8f335daf97e562bee7fa8ae36a23934,"[[1.0,0.0,0.0,0.0],[0.0,1.0,0.0,0.0],[0.0,0.0,1.0,0.0],[0.0,0.0,0.0,1.0]]",66a3fb3bc67ffe3d2cbf18c167107932de7f77e0c87f1c8c4f38cc8bd90595b7,66a3fb3bc67ffe3d2cbf18c167107932de7f77e0c87f1c8c4f38cc8bd90595b7,198845c8670aadb92e8d49a6a1578ff6d8f335daf97e562bee7fa8ae36a23934,198845c8670aadb92e8d49a6a1578ff6d8f335daf97e562bee7fa8ae36a23934,True
FMB1_R03,S02,FMB1_R03_S02_Q01,1787145518.3971293,/home/lj/ZPRM/zero_perturbation_runtime/mid360_formal_batch1_ingest_v1/snapshots/FMB1_R03/S02/FMB1_R03_S02_Q01.npy,61430be4da2d0aea5170ecb1fdee057d549675b0212203b5e4e276fb74ee2c46,/home/lj/ZPRM/zero_perturbation_runtime/mid360_formal_batch1_ingest_v1/targets/FMB1_R03/S02/target_points.npy,88dd38cbb577c739e021f94b520d2dc6cb5472ebb91f98ce76b3cf1aa982ca28,"[[1.0,0.0,0.0,0.0],[0.0,1.0,0.0,0.0],[0.0,0.0,1.0,0.0],[0.0,0.0,0.0,1.0]]",61430be4da2d0aea5170ecb1fdee057d549675b0212203b5e4e276fb74ee2c46,61430be4da2d0aea5170ecb1fdee057d549675b0212203b5e4e276fb74ee2c46,88dd38cbb577c739e021f94b520d2dc6cb5472ebb91f98ce76b3cf1aa982ca28,88dd38cbb577c739e021f94b520d2dc6cb5472ebb91f98ce76b3cf1aa982ca28,True
FMB1_R03,S02,FMB1_R03_S02_Q02,1787145519.8976715,/home/lj/ZPRM/zero_perturbation_runtime/mid360_formal_batch1_ingest_v1/snapshots/FMB1_R03/S02/FMB1_R03_S02_Q02.npy,11a5942b11d580e193fab536743fa944b687af4cc293dadfb61f32dd536dfede,/home/lj/ZPRM/zero_perturbation_runtime/mid360_formal_batch1_ingest_v1/targets/FMB1_R03/S02/target_points.npy,88dd38cbb577c739e021f94b520d2dc6cb5472ebb91f98ce76b3cf1aa982ca28,"[[1.0,0.0,0.0,0.0],[0.0,1.0,0.0,0.0],[0.0,0.0,1.0,0.0],[0.0,0.0,0.0,1.0]]",11a5942b11d580e193fab536743fa944b687af4cc293dadfb61f32dd536dfede,11a5942b11d580e193fab536743fa944b687af4cc293dadfb61f32dd536dfede,88dd38cbb577c739e021f94b520d2dc6cb5472ebb91f98ce76b3cf1aa982ca28,88dd38cbb577c739e021f94b520d2dc6cb5472ebb91f98ce76b3cf1aa982ca28,True
FMB1_R03,S02,FMB1_R03_S02_Q03,1787145521.398621,/home/lj/ZPRM/zero_perturbation_runtime/mid360_formal_batch1_ingest_v1/snapshots/FMB1_R03/S02/FMB1_R03_S02_Q03.npy,eb7f9f7e86aa192d192c75ead954f1bd102d5edcb6815243b1fe597bb4716a4c,/home/lj/ZPRM/zero_perturbation_runtime/mid360_formal_batch1_ingest_v1/targets/FMB1_R03/S02/target_points.npy,88dd38cbb577c739e021f94b520d2dc6cb5472ebb91f98ce76b3cf1aa982ca28,"[[1.0,0.0,0.0,0.0],[0.0,1.0,0.0,0.0],[0.0,0.0,1.0,0.0],[0.0,0.0,0.0,1.0]]",eb7f9f7e86aa192d192c75ead954f1bd102d5edcb6815243b1fe597bb4716a4c,eb7f9f7e86aa192d192c75ead954f1bd102d5edcb6815243b1fe597bb4716a4c,88dd38cbb577c739e021f94b520d2dc6cb5472ebb91f98ce76b3cf1aa982ca28,88dd38cbb577c739e021f94b520d2dc6cb5472ebb91f98ce76b3cf1aa982ca28,True
FMB1_R03,S02,FMB1_R03_S02_Q04,1787145522.7972467,/home/lj/ZPRM/zero_perturbation_runtime/mid360_formal_batch1_ingest_v1/snapshots/FMB1_R03/S02/FMB1_R03_S02_Q04.npy,558eb6b6f9f15b04f4bb70ca663bffcb44db6e7813b6448f0346fd229a6b22ba,/home/lj/ZPRM/zero_perturbation_runtime/mid360_formal_batch1_ingest_v1/targets/FMB1_R03/S02/target_points.npy,88dd38cbb577c739e021f94b520d2dc6cb5472ebb91f98ce76b3cf1aa982ca28,"[[1.0,0.0,0.0,0.0],[0.0,1.0,0.0,0.0],[0.0,0.0,1.0,0.0],[0.0,0.0,0.0,1.0]]",558eb6b6f9f15b04f4bb70ca663bffcb44db6e7813b6448f0346fd229a6b22ba,558eb6b6f9f15b04f4bb70ca663bffcb44db6e7813b6448f0346fd229a6b22ba,88dd38cbb577c739e021f94b520d2dc6cb5472ebb91f98ce76b3cf1aa982ca28,88dd38cbb577c739e021f94b520d2dc6cb5472ebb91f98ce76b3cf1aa982ca28,True
FMB1_R03,S02,FMB1_R03_S02_Q05,1787145524.29748,/home/lj/ZPRM/zero_perturbation_runtime/mid360_formal_batch1_ingest_v1/snapshots/FMB1_R03/S02/FMB1_R03_S02_Q05.npy,b493e2f8e7bb13b0eb3099d5297cc64eacfb6c28db50637c801dd402fc045809,/home/lj/ZPRM/zero_perturbation_runtime/mid360_formal_batch1_ingest_v1/targets/FMB1_R03/S02/target_points.npy,88dd38cbb577c739e021f94b520d2dc6cb5472ebb91f98ce76b3cf1aa982ca28,"[[1.0,0.0,0.0,0.0],[0.0,1.0,0.0,0.0],[0.0,0.0,1.0,0.0],[0.0,0.0,0.0,1.0]]",b493e2f8e7bb13b0eb3099d5297cc64eacfb6c28db50637c801dd402fc045809,b493e2f8e7bb13b0eb3099d5297cc64eacfb6c28db50637c801dd402fc045809,88dd38cbb577c739e021f94b520d2dc6cb5472ebb91f98ce76b3cf1aa982ca28,88dd38cbb577c739e021f94b520d2dc6cb5472ebb91f98ce76b3cf1aa982ca28,True
FMB1_R03,S02,FMB1_R03_S02_Q06,1787145525.7987363,/home/lj/ZPRM/zero_perturbation_runtime/mid360_formal_batch1_ingest_v1/snapshots/FMB1_R03/S02/FMB1_R03_S02_Q06.npy,d1d18dbcc63011467c6cc50c0df300629399b5455aca2312ccd03df80972e94a,/home/lj/ZPRM/zero_perturbation_runtime/mid360_formal_batch1_ingest_v1/targets/FMB1_R03/S02/target_points.npy,88dd38cbb577c739e021f94b520d2dc6cb5472ebb91f98ce76b3cf1aa982ca28,"[[1.0,0.0,0.0,0.0],[0.0,1.0,0.0,0.0],[0.0,0.0,1.0,0.0],[0.0,0.0,0.0,1.0]]",d1d18dbcc63011467c6cc50c0df300629399b5455aca2312ccd03df80972e94a,d1d18dbcc63011467c6cc50c0df300629399b5455aca2312ccd03df80972e94a,88dd38cbb577c739e021f94b520d2dc6cb5472ebb91f98ce76b3cf1aa982ca28,88dd38cbb577c739e021f94b520d2dc6cb5472ebb91f98ce76b3cf1aa982ca28,True
FMB1_R03,S02,FMB1_R03_S02_Q07,1787145527.2974837,/home/lj/ZPRM/zero_perturbation_runtime/mid360_formal_batch1_ingest_v1/snapshots/FMB1_R03/S02/FMB1_R03_S02_Q07.npy,e0f9b8a642d3689ad429f03e0c8819a56152b4ece9434c21b1a02b869b24396e,/home/lj/ZPRM/zero_perturbation_runtime/mid360_formal_batch1_ingest_v1/targets/FMB1_R03/S02/target_points.npy,88dd38cbb577c739e021f94b520d2dc6cb5472ebb91f98ce76b3cf1aa982ca28,"[[1.0,0.0,0.0,0.0],[0.0,1.0,0.0,0.0],[0.0,0.0,1.0,0.0],[0.0,0.0,0.0,1.0]]",e0f9b8a642d3689ad429f03e0c8819a56152b4ece9434c21b1a02b869b24396e,e0f9b8a642d3689ad429f03e0c8819a56152b4ece9434c21b1a02b869b24396e,88dd38cbb577c739e021f94b520d2dc6cb5472ebb91f98ce76b3cf1aa982ca28,88dd38cbb577c739e021f94b520d2dc6cb5472ebb91f98ce76b3cf1aa982ca28,True
FMB1_R03,S02,FMB1_R03_S02_Q08,1787145528.697658,/home/lj/ZPRM/zero_perturbation_runtime/mid360_formal_batch1_ingest_v1/snapshots/FMB1_R03/S02/FMB1_R03_S02_Q08.npy,4cc39c0143ae81b2561ab870922ad12a6b51bca389e1099f2b964ec5b5044a7d,/home/lj/ZPRM/zero_perturbation_runtime/mid360_formal_batch1_ingest_v1/targets/FMB1_R03/S02/target_points.npy,88dd38cbb577c739e021f94b520d2dc6cb5472ebb91f98ce76b3cf1aa982ca28,"[[1.0,0.0,0.0,0.0],[0.0,1.0,0.0,0.0],[0.0,0.0,1.0,0.0],[0.0,0.0,0.0,1.0]]",4cc39c0143ae81b2561ab870922ad12a6b51bca389e1099f2b964ec5b5044a7d,4cc39c0143ae81b2561ab870922ad12a6b51bca389e1099f2b964ec5b5044a7d,88dd38cbb577c739e021f94b520d2dc6cb5472ebb91f98ce76b3cf1aa982ca28,88dd38cbb577c739e021f94b520d2dc6cb5472ebb91f98ce76b3cf1aa982ca28,True
FMB1_R03,S02,FMB1_R03_S02_Q09,1787145530.1981797,/home/lj/ZPRM/zero_perturbation_runtime/mid360_formal_batch1_ingest_v1/snapshots/FMB1_R03/S02/FMB1_R03_S02_Q09.npy,c857d555aff7e905f945b7b56c9d5b7e8c688a0568c24187dd7114acd886863c,/home/lj/ZPRM/zero_perturbation_runtime/mid360_formal_batch1_ingest_v1/targets/FMB1_R03/S02/target_points.npy,88dd38cbb577c739e021f94b520d2dc6cb5472ebb91f98ce76b3cf1aa982ca28,"[[1.0,0.0,0.0,0.0],[0.0,1.0,0.0,0.0],[0.0,0.0,1.0,0.0],[0.0,0.0,0.0,1.0]]",c857d555aff7e905f945b7b56c9d5b7e8c688a0568c24187dd7114acd886863c,c857d555aff7e905f945b7b56c9d5b7e8c688a0568c24187dd7114acd886863c,88dd38cbb577c739e021f94b520d2dc6cb5472ebb91f98ce76b3cf1aa982ca28,88dd38cbb577c739e021f94b520d2dc6cb5472ebb91f98ce76b3cf1aa982ca28,True
FMB1_R03,S02,FMB1_R03_S02_Q10,1787145531.697947,/home/lj/ZPRM/zero_perturbation_runtime/mid360_formal_batch1_ingest_v1/snapshots/FMB1_R03/S02/FMB1_R03_S02_Q10.npy,c74e9585b36a5e2dd527a314f7f6fdecb089ff61d3ce1e90343aad98a693ebe8,/home/lj/ZPRM/zero_perturbation_runtime/mid360_formal_batch1_ingest_v1/targets/FMB1_R03/S02/target_points.npy,88dd38cbb577c739e021f94b520d2dc6cb5472ebb91f98ce76b3cf1aa982ca28,"[[1.0,0.0,0.0,0.0],[0.0,1.0,0.0,0.0],[0.0,0.0,1.0,0.0],[0.0,0.0,0.0,1.0]]",c74e9585b36a5e2dd527a314f7f6fdecb089ff61d3ce1e90343aad98a693ebe8,c74e9585b36a5e2dd527a314f7f6fdecb089ff61d3ce1e90343aad98a693ebe8,88dd38cbb577c739e021f94b520d2dc6cb5472ebb91f98ce76b3cf1aa982ca28,88dd38cbb577c739e021f94b520d2dc6cb5472ebb91f98ce76b3cf1aa982ca28,True
FMB1_R03,S03,FMB1_R03_S03_Q01,1787145650.9719772,/home/lj/ZPRM/zero_perturbation_runtime/mid360_formal_batch1_ingest_v1/snapshots/FMB1_R03/S03/FMB1_R03_S03_Q01.npy,bf4ff010bc47e5648a0a4a1f684418c9c8a3b8addb0178643312d2e585e74cbc,/home/lj/ZPRM/zero_perturbation_runtime/mid360_formal_batch1_ingest_v1/targets/FMB1_R03/S03/target_points.npy,efd894da786e05accd0a8e6720973dcd33ec5bc29188b95ba777593f1e629b06,"[[1.0,0.0,0.0,0.0],[0.0,1.0,0.0,0.0],[0.0,0.0,1.0,0.0],[0.0,0.0,0.0,1.0]]",bf4ff010bc47e5648a0a4a1f684418c9c8a3b8addb0178643312d2e585e74cbc,bf4ff010bc47e5648a0a4a1f684418c9c8a3b8addb0178643312d2e585e74cbc,efd894da786e05accd0a8e6720973dcd33ec5bc29188b95ba777593f1e629b06,efd894da786e05accd0a8e6720973dcd33ec5bc29188b95ba777593f1e629b06,True
FMB1_R03,S03,FMB1_R03_S03_Q02,1787145652.471796,/home/lj/ZPRM/zero_perturbation_runtime/mid360_formal_batch1_ingest_v1/snapshots/FMB1_R03/S03/FMB1_R03_S03_Q02.npy,5c1ab1cac78318bceb67ae6b0923e75dc3cb6cbe04209d4b31863e7e9db59592,/home/lj/ZPRM/zero_perturbation_runtime/mid360_formal_batch1_ingest_v1/targets/FMB1_R03/S03/target_points.npy,efd894da786e05accd0a8e6720973dcd33ec5bc29188b95ba777593f1e629b06,"[[1.0,0.0,0.0,0.0],[0.0,1.0,0.0,0.0],[0.0,0.0,1.0,0.0],[0.0,0.0,0.0,1.0]]",5c1ab1cac78318bceb67ae6b0923e75dc3cb6cbe04209d4b31863e7e9db59592,5c1ab1cac78318bceb67ae6b0923e75dc3cb6cbe04209d4b31863e7e9db59592,efd894da786e05accd0a8e6720973dcd33ec5bc29188b95ba777593f1e629b06,efd894da786e05accd0a8e6720973dcd33ec5bc29188b95ba777593f1e629b06,True
FMB1_R03,S03,FMB1_R03_S03_Q03,1787145653.972574,/home/lj/ZPRM/zero_perturbation_runtime/mid360_formal_batch1_ingest_v1/snapshots/FMB1_R03/S03/FMB1_R03_S03_Q03.npy,7790a7173bdd5c29d4e2f4a97389472fd3d60d1a7a23fcf0660eac42e18a9181,/home/lj/ZPRM/zero_perturbation_runtime/mid360_formal_batch1_ingest_v1/targets/FMB1_R03/S03/target_points.npy,efd894da786e05accd0a8e6720973dcd33ec5bc29188b95ba777593f1e629b06,"[[1.0,0.0,0.0,0.0],[0.0,1.0,0.0,0.0],[0.0,0.0,1.0,0.0],[0.0,0.0,0.0,1.0]]",7790a7173bdd5c29d4e2f4a97389472fd3d60d1a7a23fcf0660eac42e18a9181,7790a7173bdd5c29d4e2f4a97389472fd3d60d1a7a23fcf0660eac42e18a9181,efd894da786e05accd0a8e6720973dcd33ec5bc29188b95ba777593f1e629b06,efd894da786e05accd0a8e6720973dcd33ec5bc29188b95ba777593f1e629b06,True
FMB1_R03,S03,FMB1_R03_S03_Q04,1787145655.37132,/home/lj/ZPRM/zero_perturbation_runtime/mid360_formal_batch1_ingest_v1/snapshots/FMB1_R03/S03/FMB1_R03_S03_Q04.npy,c9a51f213506abffa75284b86ba2ad83d7b9bad5f504384770a206ff17d43cab,/home/lj/ZPRM/zero_perturbation_runtime/mid360_formal_batch1_ingest_v1/targets/FMB1_R03/S03/target_points.npy,efd894da786e05accd0a8e6720973dcd33ec5bc29188b95ba777593f1e629b06,"[[1.0,0.0,0.0,0.0],[0.0,1.0,0.0,0.0],[0.0,0.0,1.0,0.0],[0.0,0.0,0.0,1.0]]",c9a51f213506abffa75284b86ba2ad83d7b9bad5f504384770a206ff17d43cab,c9a51f213506abffa75284b86ba2ad83d7b9bad5f504384770a206ff17d43cab,efd894da786e05accd0a8e6720973dcd33ec5bc29188b95ba777593f1e629b06,efd894da786e05accd0a8e6720973dcd33ec5bc29188b95ba777593f1e629b06,True
FMB1_R03,S03,FMB1_R03_S03_Q05,1787145656.87293,/home/lj/ZPRM/zero_perturbation_runtime/mid360_formal_batch1_ingest_v1/snapshots/FMB1_R03/S03/FMB1_R03_S03_Q05.npy,8c802b52b1778ae77091a7e90ed6e55c7622115730ff2e3b794b00fba2399852,/home/lj/ZPRM/zero_perturbation_runtime/mid360_formal_batch1_ingest_v1/targets/FMB1_R03/S03/target_points.npy,efd894da786e05accd0a8e6720973dcd33ec5bc29188b95ba777593f1e629b06,"[[1.0,0.0,0.0,0.0],[0.0,1.0,0.0,0.0],[0.0,0.0,1.0,0.0],[0.0,0.0,0.0,1.0]]",8c802b52b1778ae77091a7e90ed6e55c7622115730ff2e3b794b00fba2399852,8c802b52b1778ae77091a7e90ed6e55c7622115730ff2e3b794b00fba2399852,efd894da786e05accd0a8e6720973dcd33ec5bc29188b95ba777593f1e629b06,efd894da786e05accd0a8e6720973dcd33ec5bc29188b95ba777593f1e629b06,True
FMB1_R03,S03,FMB1_R03_S03_Q06,1787145658.3729289,/home/lj/ZPRM/zero_perturbation_runtime/mid360_formal_batch1_ingest_v1/snapshots/FMB1_R03/S03/FMB1_R03_S03_Q06.npy,2ab5620734f3eaadd070fb6600142c1135945df44bec046bb05c57a5c95eaef2,/home/lj/ZPRM/zero_perturbation_runtime/mid360_formal_batch1_ingest_v1/targets/FMB1_R03/S03/target_points.npy,efd894da786e05accd0a8e6720973dcd33ec5bc29188b95ba777593f1e629b06,"[[1.0,0.0,0.0,0.0],[0.0,1.0,0.0,0.0],[0.0,0.0,1.0,0.0],[0.0,0.0,0.0,1.0]]",2ab5620734f3eaadd070fb6600142c1135945df44bec046bb05c57a5c95eaef2,2ab5620734f3eaadd070fb6600142c1135945df44bec046bb05c57a5c95eaef2,efd894da786e05accd0a8e6720973dcd33ec5bc29188b95ba777593f1e629b06,efd894da786e05accd0a8e6720973dcd33ec5bc29188b95ba777593f1e629b06,True
FMB1_R03,S03,FMB1_R03_S03_Q07,1787145659.872913,/home/lj/ZPRM/zero_perturbation_runtime/mid360_formal_batch1_ingest_v1/snapshots/FMB1_R03/S03/FMB1_R03_S03_Q07.npy,ccfdb6d0b0b97e409a44f820b6cc15222054976c386f7760781cfc0c0c0aac3a,/home/lj/ZPRM/zero_perturbation_runtime/mid360_formal_batch1_ingest_v1/targets/FMB1_R03/S03/target_points.npy,efd894da786e05accd0a8e6720973dcd33ec5bc29188b95ba777593f1e629b06,"[[1.0,0.0,0.0,0.0],[0.0,1.0,0.0,0.0],[0.0,0.0,1.0,0.0],[0.0,0.0,0.0,1.0]]",ccfdb6d0b0b97e409a44f820b6cc15222054976c386f7760781cfc0c0c0aac3a,ccfdb6d0b0b97e409a44f820b6cc15222054976c386f7760781cfc0c0c0aac3a,efd894da786e05accd0a8e6720973dcd33ec5bc29188b95ba777593f1e629b06,efd894da786e05accd0a8e6720973dcd33ec5bc29188b95ba777593f1e629b06,True
FMB1_R03,S03,FMB1_R03_S03_Q08,1787145661.2725308,/home/lj/ZPRM/zero_perturbation_runtime/mid360_formal_batch1_ingest_v1/snapshots/FMB1_R03/S03/FMB1_R03_S03_Q08.npy,b9089fa6b4c309c4f52aba96b5ff6adff40a5a9b73144a3b5e3ed10bfd7ef994,/home/lj/ZPRM/zero_perturbation_runtime/mid360_formal_batch1_ingest_v1/targets/FMB1_R03/S03/target_points.npy,efd894da786e05accd0a8e6720973dcd33ec5bc29188b95ba777593f1e629b06,"[[1.0,0.0,0.0,0.0],[0.0,1.0,0.0,0.0],[0.0,0.0,1.0,0.0],[0.0,0.0,0.0,1.0]]",b9089fa6b4c309c4f52aba96b5ff6adff40a5a9b73144a3b5e3ed10bfd7ef994,b9089fa6b4c309c4f52aba96b5ff6adff40a5a9b73144a3b5e3ed10bfd7ef994,efd894da786e05accd0a8e6720973dcd33ec5bc29188b95ba777593f1e629b06,efd894da786e05accd0a8e6720973dcd33ec5bc29188b95ba777593f1e629b06,True
FMB1_R03,S03,FMB1_R03_S03_Q09,1787145662.7726152,/home/lj/ZPRM/zero_perturbation_runtime/mid360_formal_batch1_ingest_v1/snapshots/FMB1_R03/S03/FMB1_R03_S03_Q09.npy,705280c7316bb71ad5747e3395dfe74c3ec4f18f8f8de6c5ffe99d6398768276,/home/lj/ZPRM/zero_perturbation_runtime/mid360_formal_batch1_ingest_v1/targets/FMB1_R03/S03/target_points.npy,efd894da786e05accd0a8e6720973dcd33ec5bc29188b95ba777593f1e629b06,"[[1.0,0.0,0.0,0.0],[0.0,1.0,0.0,0.0],[0.0,0.0,1.0,0.0],[0.0,0.0,0.0,1.0]]",705280c7316bb71ad5747e3395dfe74c3ec4f18f8f8de6c5ffe99d6398768276,705280c7316bb71ad5747e3395dfe74c3ec4f18f8f8de6c5ffe99d6398768276,efd894da786e05accd0a8e6720973dcd33ec5bc29188b95ba777593f1e629b06,efd894da786e05accd0a8e6720973dcd33ec5bc29188b95ba777593f1e629b06,True
FMB1_R03,S03,FMB1_R03_S03_Q10,1787145664.2721257,/home/lj/ZPRM/zero_perturbation_runtime/mid360_formal_batch1_ingest_v1/snapshots/FMB1_R03/S03/FMB1_R03_S03_Q10.npy,253953f0b2b535acb31829ad8d96bc029b9849b8b4da601bd2f4d645b6b63b81,/home/lj/ZPRM/zero_perturbation_runtime/mid360_formal_batch1_ingest_v1/targets/FMB1_R03/S03/target_points.npy,efd894da786e05accd0a8e6720973dcd33ec5bc29188b95ba777593f1e629b06,"[[1.0,0.0,0.0,0.0],[0.0,1.0,0.0,0.0],[0.0,0.0,1.0,0.0],[0.0,0.0,0.0,1.0]]",253953f0b2b535acb31829ad8d96bc029b9849b8b4da601bd2f4d645b6b63b81,253953f0b2b535acb31829ad8d96bc029b9849b8b4da601bd2f4d645b6b63b81,efd894da786e05accd0a8e6720973dcd33ec5bc29188b95ba777593f1e629b06,efd894da786e05accd0a8e6720973dcd33ec5bc29188b95ba777593f1e629b06,True
FMB1_W01,S01,FMB1_W01_S01_Q01,1787145921.2597284,/home/lj/ZPRM/zero_perturbation_runtime/mid360_formal_batch1_ingest_v1/snapshots/FMB1_W01/S01/FMB1_W01_S01_Q01.npy,b00806d5d7c34ae8036137c1426a37057886bd1a5747d970ec3aaf862889d9e8,/home/lj/ZPRM/zero_perturbation_runtime/mid360_formal_batch1_ingest_v1/targets/FMB1_W01/S01/target_points.npy,e117799f82e414ef1db49271dcc6e266ffdf17a81d37be1083e0b4a473c1157f,"[[1.0,0.0,0.0,0.0],[0.0,1.0,0.0,0.0],[0.0,0.0,1.0,0.0],[0.0,0.0,0.0,1.0]]",b00806d5d7c34ae8036137c1426a37057886bd1a5747d970ec3aaf862889d9e8,b00806d5d7c34ae8036137c1426a37057886bd1a5747d970ec3aaf862889d9e8,e117799f82e414ef1db49271dcc6e266ffdf17a81d37be1083e0b4a473c1157f,e117799f82e414ef1db49271dcc6e266ffdf17a81d37be1083e0b4a473c1157f,True
FMB1_W01,S01,FMB1_W01_S01_Q02,1787145922.7578726,/home/lj/ZPRM/zero_perturbation_runtime/mid360_formal_batch1_ingest_v1/snapshots/FMB1_W01/S01/FMB1_W01_S01_Q02.npy,cdded5232485c1b8a739d223fad513bfb0937ae1c7b4a26963aefab7e99c3dc5,/home/lj/ZPRM/zero_perturbation_runtime/mid360_formal_batch1_ingest_v1/targets/FMB1_W01/S01/target_points.npy,e117799f82e414ef1db49271dcc6e266ffdf17a81d37be1083e0b4a473c1157f,"[[1.0,0.0,0.0,0.0],[0.0,1.0,0.0,0.0],[0.0,0.0,1.0,0.0],[0.0,0.0,0.0,1.0]]",cdded5232485c1b8a739d223fad513bfb0937ae1c7b4a26963aefab7e99c3dc5,cdded5232485c1b8a739d223fad513bfb0937ae1c7b4a26963aefab7e99c3dc5,e117799f82e414ef1db49271dcc6e266ffdf17a81d37be1083e0b4a473c1157f,e117799f82e414ef1db49271dcc6e266ffdf17a81d37be1083e0b4a473c1157f,True
FMB1_W01,S01,FMB1_W01_S01_Q03,1787145924.1588984,/home/lj/ZPRM/zero_perturbation_runtime/mid360_formal_batch1_ingest_v1/snapshots/FMB1_W01/S01/FMB1_W01_S01_Q03.npy,cfb0e30697ec5f15dde1ecee8082995da7a10da4a62fa4a581a16fe62a330f20,/home/lj/ZPRM/zero_perturbation_runtime/mid360_formal_batch1_ingest_v1/targets/FMB1_W01/S01/target_points.npy,e117799f82e414ef1db49271dcc6e266ffdf17a81d37be1083e0b4a473c1157f,"[[1.0,0.0,0.0,0.0],[0.0,1.0,0.0,0.0],[0.0,0.0,1.0,0.0],[0.0,0.0,0.0,1.0]]",cfb0e30697ec5f15dde1ecee8082995da7a10da4a62fa4a581a16fe62a330f20,cfb0e30697ec5f15dde1ecee8082995da7a10da4a62fa4a581a16fe62a330f20,e117799f82e414ef1db49271dcc6e266ffdf17a81d37be1083e0b4a473c1157f,e117799f82e414ef1db49271dcc6e266ffdf17a81d37be1083e0b4a473c1157f,True
FMB1_W01,S01,FMB1_W01_S01_Q04,1787145925.6577125,/home/lj/ZPRM/zero_perturbation_runtime/mid360_formal_batch1_ingest_v1/snapshots/FMB1_W01/S01/FMB1_W01_S01_Q04.npy,10abc5cde15b8d8c1b77242beb024b60da53724c3ac9c977d29ebc362804f9b9,/home/lj/ZPRM/zero_perturbation_runtime/mid360_formal_batch1_ingest_v1/targets/FMB1_W01/S01/target_points.npy,e117799f82e414ef1db49271dcc6e266ffdf17a81d37be1083e0b4a473c1157f,"[[1.0,0.0,0.0,0.0],[0.0,1.0,0.0,0.0],[0.0,0.0,1.0,0.0],[0.0,0.0,0.0,1.0]]",10abc5cde15b8d8c1b77242beb024b60da53724c3ac9c977d29ebc362804f9b9,10abc5cde15b8d8c1b77242beb024b60da53724c3ac9c977d29ebc362804f9b9,e117799f82e414ef1db49271dcc6e266ffdf17a81d37be1083e0b4a473c1157f,e117799f82e414ef1db49271dcc6e266ffdf17a81d37be1083e0b4a473c1157f,True
FMB1_W01,S01,FMB1_W01_S01_Q05,1787145927.1581645,/home/lj/ZPRM/zero_perturbation_runtime/mid360_formal_batch1_ingest_v1/snapshots/FMB1_W01/S01/FMB1_W01_S01_Q05.npy,3ec34b2307f5e4769abfd114c00dc5e25407ffe2f2c045d052584c94dcf81dbf,/home/lj/ZPRM/zero_perturbation_runtime/mid360_formal_batch1_ingest_v1/targets/FMB1_W01/S01/target_points.npy,e117799f82e414ef1db49271dcc6e266ffdf17a81d37be1083e0b4a473c1157f,"[[1.0,0.0,0.0,0.0],[0.0,1.0,0.0,0.0],[0.0,0.0,1.0,0.0],[0.0,0.0,0.0,1.0]]",3ec34b2307f5e4769abfd114c00dc5e25407ffe2f2c045d052584c94dcf81dbf,3ec34b2307f5e4769abfd114c00dc5e25407ffe2f2c045d052584c94dcf81dbf,e117799f82e414ef1db49271dcc6e266ffdf17a81d37be1083e0b4a473c1157f,e117799f82e414ef1db49271dcc6e266ffdf17a81d37be1083e0b4a473c1157f,True
FMB1_W01,S01,FMB1_W01_S01_Q06,1787145928.5589437,/home/lj/ZPRM/zero_perturbation_runtime/mid360_formal_batch1_ingest_v1/snapshots/FMB1_W01/S01/FMB1_W01_S01_Q06.npy,103efeefe5df0a4ace3549461ab30fa1a6f82e22c1ae6edb9f45135c957f3f85,/home/lj/ZPRM/zero_perturbation_runtime/mid360_formal_batch1_ingest_v1/targets/FMB1_W01/S01/target_points.npy,e117799f82e414ef1db49271dcc6e266ffdf17a81d37be1083e0b4a473c1157f,"[[1.0,0.0,0.0,0.0],[0.0,1.0,0.0,0.0],[0.0,0.0,1.0,0.0],[0.0,0.0,0.0,1.0]]",103efeefe5df0a4ace3549461ab30fa1a6f82e22c1ae6edb9f45135c957f3f85,103efeefe5df0a4ace3549461ab30fa1a6f82e22c1ae6edb9f45135c957f3f85,e117799f82e414ef1db49271dcc6e266ffdf17a81d37be1083e0b4a473c1157f,e117799f82e414ef1db49271dcc6e266ffdf17a81d37be1083e0b4a473c1157f,True
FMB1_W01,S01,FMB1_W01_S01_Q07,1787145930.0588458,/home/lj/ZPRM/zero_perturbation_runtime/mid360_formal_batch1_ingest_v1/snapshots/FMB1_W01/S01/FMB1_W01_S01_Q07.npy,c1bb4df7fd93dfc622d0973c24fa197aa458087cbcf294606afc407f41df094c,/home/lj/ZPRM/zero_perturbation_runtime/mid360_formal_batch1_ingest_v1/targets/FMB1_W01/S01/target_points.npy,e117799f82e414ef1db49271dcc6e266ffdf17a81d37be1083e0b4a473c1157f,"[[1.0,0.0,0.0,0.0],[0.0,1.0,0.0,0.0],[0.0,0.0,1.0,0.0],[0.0,0.0,0.0,1.0]]",c1bb4df7fd93dfc622d0973c24fa197aa458087cbcf294606afc407f41df094c,c1bb4df7fd93dfc622d0973c24fa197aa458087cbcf294606afc407f41df094c,e117799f82e414ef1db49271dcc6e266ffdf17a81d37be1083e0b4a473c1157f,e117799f82e414ef1db49271dcc6e266ffdf17a81d37be1083e0b4a473c1157f,True
FMB1_W01,S01,FMB1_W01_S01_Q08,1787145931.458935,/home/lj/ZPRM/zero_perturbation_runtime/mid360_formal_batch1_ingest_v1/snapshots/FMB1_W01/S01/FMB1_W01_S01_Q08.npy,7d1798a3deda60aba314d7e50526f0a0709207d6b7753154a4875cd0838240de,/home/lj/ZPRM/zero_perturbation_runtime/mid360_formal_batch1_ingest_v1/targets/FMB1_W01/S01/target_points.npy,e117799f82e414ef1db49271dcc6e266ffdf17a81d37be1083e0b4a473c1157f,"[[1.0,0.0,0.0,0.0],[0.0,1.0,0.0,0.0],[0.0,0.0,1.0,0.0],[0.0,0.0,0.0,1.0]]",7d1798a3deda60aba314d7e50526f0a0709207d6b7753154a4875cd0838240de,7d1798a3deda60aba314d7e50526f0a0709207d6b7753154a4875cd0838240de,e117799f82e414ef1db49271dcc6e266ffdf17a81d37be1083e0b4a473c1157f,e117799f82e414ef1db49271dcc6e266ffdf17a81d37be1083e0b4a473c1157f,True
FMB1_W01,S01,FMB1_W01_S01_Q09,1787145932.9587362,/home/lj/ZPRM/zero_perturbation_runtime/mid360_formal_batch1_ingest_v1/snapshots/FMB1_W01/S01/FMB1_W01_S01_Q09.npy,9652718879ab014844cad4d0fa8c5759ca92619be091a691e6d80907ff76c5be,/home/lj/ZPRM/zero_perturbation_runtime/mid360_formal_batch1_ingest_v1/targets/FMB1_W01/S01/target_points.npy,e117799f82e414ef1db49271dcc6e266ffdf17a81d37be1083e0b4a473c1157f,"[[1.0,0.0,0.0,0.0],[0.0,1.0,0.0,0.0],[0.0,0.0,1.0,0.0],[0.0,0.0,0.0,1.0]]",9652718879ab014844cad4d0fa8c5759ca92619be091a691e6d80907ff76c5be,9652718879ab014844cad4d0fa8c5759ca92619be091a691e6d80907ff76c5be,e117799f82e414ef1db49271dcc6e266ffdf17a81d37be1083e0b4a473c1157f,e117799f82e414ef1db49271dcc6e266ffdf17a81d37be1083e0b4a473c1157f,True
FMB1_W01,S01,FMB1_W01_S01_Q10,1787145934.458622,/home/lj/ZPRM/zero_perturbation_runtime/mid360_formal_batch1_ingest_v1/snapshots/FMB1_W01/S01/FMB1_W01_S01_Q10.npy,3ca72701d921616a85265fe6e4798eb293e805bc038480cc5283988b8c457952,/home/lj/ZPRM/zero_perturbation_runtime/mid360_formal_batch1_ingest_v1/targets/FMB1_W01/S01/target_points.npy,e117799f82e414ef1db49271dcc6e266ffdf17a81d37be1083e0b4a473c1157f,"[[1.0,0.0,0.0,0.0],[0.0,1.0,0.0,0.0],[0.0,0.0,1.0,0.0],[0.0,0.0,0.0,1.0]]",3ca72701d921616a85265fe6e4798eb293e805bc038480cc5283988b8c457952,3ca72701d921616a85265fe6e4798eb293e805bc038480cc5283988b8c457952,e117799f82e414ef1db49271dcc6e266ffdf17a81d37be1083e0b4a473c1157f,e117799f82e414ef1db49271dcc6e266ffdf17a81d37be1083e0b4a473c1157f,True
FMB1_W01,S02,FMB1_W01_S02_Q01,1787146137.102594,/home/lj/ZPRM/zero_perturbation_runtime/mid360_formal_batch1_ingest_v1/snapshots/FMB1_W01/S02/FMB1_W01_S02_Q01.npy,d32dd45e7ce1d92bb36cce0cf83e58a45991725e49e314e7e40e62343b7b7744,/home/lj/ZPRM/zero_perturbation_runtime/mid360_formal_batch1_ingest_v1/targets/FMB1_W01/S02/target_points.npy,dbfbc030502cadd298fe1ca0b8665656a3569b4816e3edd745b08586598d5df8,"[[1.0,0.0,0.0,0.0],[0.0,1.0,0.0,0.0],[0.0,0.0,1.0,0.0],[0.0,0.0,0.0,1.0]]",d32dd45e7ce1d92bb36cce0cf83e58a45991725e49e314e7e40e62343b7b7744,d32dd45e7ce1d92bb36cce0cf83e58a45991725e49e314e7e40e62343b7b7744,dbfbc030502cadd298fe1ca0b8665656a3569b4816e3edd745b08586598d5df8,dbfbc030502cadd298fe1ca0b8665656a3569b4816e3edd745b08586598d5df8,True
FMB1_W01,S02,FMB1_W01_S02_Q02,1787146138.6025286,/home/lj/ZPRM/zero_perturbation_runtime/mid360_formal_batch1_ingest_v1/snapshots/FMB1_W01/S02/FMB1_W01_S02_Q02.npy,3803af203ab0f84bbf6f240606535b87094527edd0e0ada5882c51889a30826e,/home/lj/ZPRM/zero_perturbation_runtime/mid360_formal_batch1_ingest_v1/targets/FMB1_W01/S02/target_points.npy,dbfbc030502cadd298fe1ca0b8665656a3569b4816e3edd745b08586598d5df8,"[[1.0,0.0,0.0,0.0],[0.0,1.0,0.0,0.0],[0.0,0.0,1.0,0.0],[0.0,0.0,0.0,1.0]]",3803af203ab0f84bbf6f240606535b87094527edd0e0ada5882c51889a30826e,3803af203ab0f84bbf6f240606535b87094527edd0e0ada5882c51889a30826e,dbfbc030502cadd298fe1ca0b8665656a3569b4816e3edd745b08586598d5df8,dbfbc030502cadd298fe1ca0b8665656a3569b4816e3edd745b08586598d5df8,True
FMB1_W01,S02,FMB1_W01_S02_Q03,1787146140.0026324,/home/lj/ZPRM/zero_perturbation_runtime/mid360_formal_batch1_ingest_v1/snapshots/FMB1_W01/S02/FMB1_W01_S02_Q03.npy,3c022abaf377a0c94712b3be39ca4d4c58264b92ed146682c67f9f29275933be,/home/lj/ZPRM/zero_perturbation_runtime/mid360_formal_batch1_ingest_v1/targets/FMB1_W01/S02/target_points.npy,dbfbc030502cadd298fe1ca0b8665656a3569b4816e3edd745b08586598d5df8,"[[1.0,0.0,0.0,0.0],[0.0,1.0,0.0,0.0],[0.0,0.0,1.0,0.0],[0.0,0.0,0.0,1.0]]",3c022abaf377a0c94712b3be39ca4d4c58264b92ed146682c67f9f29275933be,3c022abaf377a0c94712b3be39ca4d4c58264b92ed146682c67f9f29275933be,dbfbc030502cadd298fe1ca0b8665656a3569b4816e3edd745b08586598d5df8,dbfbc030502cadd298fe1ca0b8665656a3569b4816e3edd745b08586598d5df8,True
FMB1_W01,S02,FMB1_W01_S02_Q04,1787146141.5026133,/home/lj/ZPRM/zero_perturbation_runtime/mid360_formal_batch1_ingest_v1/snapshots/FMB1_W01/S02/FMB1_W01_S02_Q04.npy,7a7b1ca35745c9221b139314fa953ae4f34677c6d1ad203ea198ebe1c086dd20,/home/lj/ZPRM/zero_perturbation_runtime/mid360_formal_batch1_ingest_v1/targets/FMB1_W01/S02/target_points.npy,dbfbc030502cadd298fe1ca0b8665656a3569b4816e3edd745b08586598d5df8,"[[1.0,0.0,0.0,0.0],[0.0,1.0,0.0,0.0],[0.0,0.0,1.0,0.0],[0.0,0.0,0.0,1.0]]",7a7b1ca35745c9221b139314fa953ae4f34677c6d1ad203ea198ebe1c086dd20,7a7b1ca35745c9221b139314fa953ae4f34677c6d1ad203ea198ebe1c086dd20,dbfbc030502cadd298fe1ca0b8665656a3569b4816e3edd745b08586598d5df8,dbfbc030502cadd298fe1ca0b8665656a3569b4816e3edd745b08586598d5df8,True
FMB1_W01,S02,FMB1_W01_S02_Q05,1787146143.0028315,/home/lj/ZPRM/zero_perturbation_runtime/mid360_formal_batch1_ingest_v1/snapshots/FMB1_W01/S02/FMB1_W01_S02_Q05.npy,093ceff879f8fc41e3877756bfb6e7a3cf943c8f07ec61c9d6d71c826d676ff3,/home/lj/ZPRM/zero_perturbation_runtime/mid360_formal_batch1_ingest_v1/targets/FMB1_W01/S02/target_points.npy,dbfbc030502cadd298fe1ca0b8665656a3569b4816e3edd745b08586598d5df8,"[[1.0,0.0,0.0,0.0],[0.0,1.0,0.0,0.0],[0.0,0.0,1.0,0.0],[0.0,0.0,0.0,1.0]]",093ceff879f8fc41e3877756bfb6e7a3cf943c8f07ec61c9d6d71c826d676ff3,093ceff879f8fc41e3877756bfb6e7a3cf943c8f07ec61c9d6d71c826d676ff3,dbfbc030502cadd298fe1ca0b8665656a3569b4816e3edd745b08586598d5df8,dbfbc030502cadd298fe1ca0b8665656a3569b4816e3edd745b08586598d5df8,True
FMB1_W01,S02,FMB1_W01_S02_Q06,1787146144.40297,/home/lj/ZPRM/zero_perturbation_runtime/mid360_formal_batch1_ingest_v1/snapshots/FMB1_W01/S02/FMB1_W01_S02_Q06.npy,2428928d160d4fe55e5e38f3ab3b7ebc1b30e95d6fed92e0a7b0ee36670b51ea,/home/lj/ZPRM/zero_perturbation_runtime/mid360_formal_batch1_ingest_v1/targets/FMB1_W01/S02/target_points.npy,dbfbc030502cadd298fe1ca0b8665656a3569b4816e3edd745b08586598d5df8,"[[1.0,0.0,0.0,0.0],[0.0,1.0,0.0,0.0],[0.0,0.0,1.0,0.0],[0.0,0.0,0.0,1.0]]",2428928d160d4fe55e5e38f3ab3b7ebc1b30e95d6fed92e0a7b0ee36670b51ea,2428928d160d4fe55e5e38f3ab3b7ebc1b30e95d6fed92e0a7b0ee36670b51ea,dbfbc030502cadd298fe1ca0b8665656a3569b4816e3edd745b08586598d5df8,dbfbc030502cadd298fe1ca0b8665656a3569b4816e3edd745b08586598d5df8,True
FMB1_W01,S02,FMB1_W01_S02_Q07,1787146145.9029777,/home/lj/ZPRM/zero_perturbation_runtime/mid360_formal_batch1_ingest_v1/snapshots/FMB1_W01/S02/FMB1_W01_S02_Q07.npy,a1f87956a52e59433453e58867dd5de203a3f596017302a5f0647abb99d09058,/home/lj/ZPRM/zero_perturbation_runtime/mid360_formal_batch1_ingest_v1/targets/FMB1_W01/S02/target_points.npy,dbfbc030502cadd298fe1ca0b8665656a3569b4816e3edd745b08586598d5df8,"[[1.0,0.0,0.0,0.0],[0.0,1.0,0.0,0.0],[0.0,0.0,1.0,0.0],[0.0,0.0,0.0,1.0]]",a1f87956a52e59433453e58867dd5de203a3f596017302a5f0647abb99d09058,a1f87956a52e59433453e58867dd5de203a3f596017302a5f0647abb99d09058,dbfbc030502cadd298fe1ca0b8665656a3569b4816e3edd745b08586598d5df8,dbfbc030502cadd298fe1ca0b8665656a3569b4816e3edd745b08586598d5df8,True
FMB1_W01,S02,FMB1_W01_S02_Q08,1787146147.3031328,/home/lj/ZPRM/zero_perturbation_runtime/mid360_formal_batch1_ingest_v1/snapshots/FMB1_W01/S02/FMB1_W01_S02_Q08.npy,9a7c9fbe664805f1eb58f5ec1117771466cf17118f5e4769c6f81db23ae5efff,/home/lj/ZPRM/zero_perturbation_runtime/mid360_formal_batch1_ingest_v1/targets/FMB1_W01/S02/target_points.npy,dbfbc030502cadd298fe1ca0b8665656a3569b4816e3edd745b08586598d5df8,"[[1.0,0.0,0.0,0.0],[0.0,1.0,0.0,0.0],[0.0,0.0,1.0,0.0],[0.0,0.0,0.0,1.0]]",9a7c9fbe664805f1eb58f5ec1117771466cf17118f5e4769c6f81db23ae5efff,9a7c9fbe664805f1eb58f5ec1117771466cf17118f5e4769c6f81db23ae5efff,dbfbc030502cadd298fe1ca0b8665656a3569b4816e3edd745b08586598d5df8,dbfbc030502cadd298fe1ca0b8665656a3569b4816e3edd745b08586598d5df8,True
FMB1_W01,S02,FMB1_W01_S02_Q09,1787146148.8031764,/home/lj/ZPRM/zero_perturbation_runtime/mid360_formal_batch1_ingest_v1/snapshots/FMB1_W01/S02/FMB1_W01_S02_Q09.npy,46e8cec48b3333f8e1db1f68f3cf581d0d9503c6cbc9b482ac5859aafc0d236f,/home/lj/ZPRM/zero_perturbation_runtime/mid360_formal_batch1_ingest_v1/targets/FMB1_W01/S02/target_points.npy,dbfbc030502cadd298fe1ca0b8665656a3569b4816e3edd745b08586598d5df8,"[[1.0,0.0,0.0,0.0],[0.0,1.0,0.0,0.0],[0.0,0.0,1.0,0.0],[0.0,0.0,0.0,1.0]]",46e8cec48b3333f8e1db1f68f3cf581d0d9503c6cbc9b482ac5859aafc0d236f,46e8cec48b3333f8e1db1f68f3cf581d0d9503c6cbc9b482ac5859aafc0d236f,dbfbc030502cadd298fe1ca0b8665656a3569b4816e3edd745b08586598d5df8,dbfbc030502cadd298fe1ca0b8665656a3569b4816e3edd745b08586598d5df8,True
FMB1_W01,S02,FMB1_W01_S02_Q10,1787146150.303116,/home/lj/ZPRM/zero_perturbation_runtime/mid360_formal_batch1_ingest_v1/snapshots/FMB1_W01/S02/FMB1_W01_S02_Q10.npy,fb92390a7d9e1849441c1f284e824f2a6d9cdc8cf1c538b8054f2e6ef2eba8c1,/home/lj/ZPRM/zero_perturbation_runtime/mid360_formal_batch1_ingest_v1/targets/FMB1_W01/S02/target_points.npy,dbfbc030502cadd298fe1ca0b8665656a3569b4816e3edd745b08586598d5df8,"[[1.0,0.0,0.0,0.0],[0.0,1.0,0.0,0.0],[0.0,0.0,1.0,0.0],[0.0,0.0,0.0,1.0]]",fb92390a7d9e1849441c1f284e824f2a6d9cdc8cf1c538b8054f2e6ef2eba8c1,fb92390a7d9e1849441c1f284e824f2a6d9cdc8cf1c538b8054f2e6ef2eba8c1,dbfbc030502cadd298fe1ca0b8665656a3569b4816e3edd745b08586598d5df8,dbfbc030502cadd298fe1ca0b8665656a3569b4816e3edd745b08586598d5df8,True
FMB1_W01,S03,FMB1_W01_S03_Q01,1787146268.3859055,/home/lj/ZPRM/zero_perturbation_runtime/mid360_formal_batch1_ingest_v1/snapshots/FMB1_W01/S03/FMB1_W01_S03_Q01.npy,d363687f1b814ed66ef3d43b986ad38d44a14f1811a9ab3e2ea431fa15693bc4,/home/lj/ZPRM/zero_perturbation_runtime/mid360_formal_batch1_ingest_v1/targets/FMB1_W01/S03/target_points.npy,7b9700f4bea501bf5444440c52c66c162afa8ffeed9b27fbcdc606e391cae1ac,"[[1.0,0.0,0.0,0.0],[0.0,1.0,0.0,0.0],[0.0,0.0,1.0,0.0],[0.0,0.0,0.0,1.0]]",d363687f1b814ed66ef3d43b986ad38d44a14f1811a9ab3e2ea431fa15693bc4,d363687f1b814ed66ef3d43b986ad38d44a14f1811a9ab3e2ea431fa15693bc4,7b9700f4bea501bf5444440c52c66c162afa8ffeed9b27fbcdc606e391cae1ac,7b9700f4bea501bf5444440c52c66c162afa8ffeed9b27fbcdc606e391cae1ac,True
FMB1_W01,S03,FMB1_W01_S03_Q02,1787146269.886684,/home/lj/ZPRM/zero_perturbation_runtime/mid360_formal_batch1_ingest_v1/snapshots/FMB1_W01/S03/FMB1_W01_S03_Q02.npy,1f5f2c3c55763ccb75ccc807917b9e0617c91b9d10e29f7dd1a268d809b0a43a,/home/lj/ZPRM/zero_perturbation_runtime/mid360_formal_batch1_ingest_v1/targets/FMB1_W01/S03/target_points.npy,7b9700f4bea501bf5444440c52c66c162afa8ffeed9b27fbcdc606e391cae1ac,"[[1.0,0.0,0.0,0.0],[0.0,1.0,0.0,0.0],[0.0,0.0,1.0,0.0],[0.0,0.0,0.0,1.0]]",1f5f2c3c55763ccb75ccc807917b9e0617c91b9d10e29f7dd1a268d809b0a43a,1f5f2c3c55763ccb75ccc807917b9e0617c91b9d10e29f7dd1a268d809b0a43a,7b9700f4bea501bf5444440c52c66c162afa8ffeed9b27fbcdc606e391cae1ac,7b9700f4bea501bf5444440c52c66c162afa8ffeed9b27fbcdc606e391cae1ac,True
FMB1_W01,S03,FMB1_W01_S03_Q03,1787146271.3871346,/home/lj/ZPRM/zero_perturbation_runtime/mid360_formal_batch1_ingest_v1/snapshots/FMB1_W01/S03/FMB1_W01_S03_Q03.npy,ffeae0d122e28f35dd1af025bb45487cd67a9324500b336175d6b9a847eca6c1,/home/lj/ZPRM/zero_perturbation_runtime/mid360_formal_batch1_ingest_v1/targets/FMB1_W01/S03/target_points.npy,7b9700f4bea501bf5444440c52c66c162afa8ffeed9b27fbcdc606e391cae1ac,"[[1.0,0.0,0.0,0.0],[0.0,1.0,0.0,0.0],[0.0,0.0,1.0,0.0],[0.0,0.0,0.0,1.0]]",ffeae0d122e28f35dd1af025bb45487cd67a9324500b336175d6b9a847eca6c1,ffeae0d122e28f35dd1af025bb45487cd67a9324500b336175d6b9a847eca6c1,7b9700f4bea501bf5444440c52c66c162afa8ffeed9b27fbcdc606e391cae1ac,7b9700f4bea501bf5444440c52c66c162afa8ffeed9b27fbcdc606e391cae1ac,True
FMB1_W01,S03,FMB1_W01_S03_Q04,1787146272.786044,/home/lj/ZPRM/zero_perturbation_runtime/mid360_formal_batch1_ingest_v1/snapshots/FMB1_W01/S03/FMB1_W01_S03_Q04.npy,7aa5a43a3bdfac37ea826cf596f496da607075f14cc126fa5a8514170ec72758,/home/lj/ZPRM/zero_perturbation_runtime/mid360_formal_batch1_ingest_v1/targets/FMB1_W01/S03/target_points.npy,7b9700f4bea501bf5444440c52c66c162afa8ffeed9b27fbcdc606e391cae1ac,"[[1.0,0.0,0.0,0.0],[0.0,1.0,0.0,0.0],[0.0,0.0,1.0,0.0],[0.0,0.0,0.0,1.0]]",7aa5a43a3bdfac37ea826cf596f496da607075f14cc126fa5a8514170ec72758,7aa5a43a3bdfac37ea826cf596f496da607075f14cc126fa5a8514170ec72758,7b9700f4bea501bf5444440c52c66c162afa8ffeed9b27fbcdc606e391cae1ac,7b9700f4bea501bf5444440c52c66c162afa8ffeed9b27fbcdc606e391cae1ac,True
FMB1_W01,S03,FMB1_W01_S03_Q05,1787146274.28596,/home/lj/ZPRM/zero_perturbation_runtime/mid360_formal_batch1_ingest_v1/snapshots/FMB1_W01/S03/FMB1_W01_S03_Q05.npy,af0e6f5314d2afd830feb2ee028e516bf9929c456e91ecd88ff875d362d9f6cd,/home/lj/ZPRM/zero_perturbation_runtime/mid360_formal_batch1_ingest_v1/targets/FMB1_W01/S03/target_points.npy,7b9700f4bea501bf5444440c52c66c162afa8ffeed9b27fbcdc606e391cae1ac,"[[1.0,0.0,0.0,0.0],[0.0,1.0,0.0,0.0],[0.0,0.0,1.0,0.0],[0.0,0.0,0.0,1.0]]",af0e6f5314d2afd830feb2ee028e516bf9929c456e91ecd88ff875d362d9f6cd,af0e6f5314d2afd830feb2ee028e516bf9929c456e91ecd88ff875d362d9f6cd,7b9700f4bea501bf5444440c52c66c162afa8ffeed9b27fbcdc606e391cae1ac,7b9700f4bea501bf5444440c52c66c162afa8ffeed9b27fbcdc606e391cae1ac,True
FMB1_W01,S03,FMB1_W01_S03_Q06,1787146275.7860625,/home/lj/ZPRM/zero_perturbation_runtime/mid360_formal_batch1_ingest_v1/snapshots/FMB1_W01/S03/FMB1_W01_S03_Q06.npy,330483e11cba4f9fa30c56933d62a20f36d90f7f62ca080be3a1eb7fb9dc07b6,/home/lj/ZPRM/zero_perturbation_runtime/mid360_formal_batch1_ingest_v1/targets/FMB1_W01/S03/target_points.npy,7b9700f4bea501bf5444440c52c66c162afa8ffeed9b27fbcdc606e391cae1ac,"[[1.0,0.0,0.0,0.0],[0.0,1.0,0.0,0.0],[0.0,0.0,1.0,0.0],[0.0,0.0,0.0,1.0]]",330483e11cba4f9fa30c56933d62a20f36d90f7f62ca080be3a1eb7fb9dc07b6,330483e11cba4f9fa30c56933d62a20f36d90f7f62ca080be3a1eb7fb9dc07b6,7b9700f4bea501bf5444440c52c66c162afa8ffeed9b27fbcdc606e391cae1ac,7b9700f4bea501bf5444440c52c66c162afa8ffeed9b27fbcdc606e391cae1ac,True
FMB1_W01,S03,FMB1_W01_S03_Q07,1787146277.2860918,/home/lj/ZPRM/zero_perturbation_runtime/mid360_formal_batch1_ingest_v1/snapshots/FMB1_W01/S03/FMB1_W01_S03_Q07.npy,5b4747a487321c8fbab3a127df97a44d8ead389c42f8b2d44fb4b03168982771,/home/lj/ZPRM/zero_perturbation_runtime/mid360_formal_batch1_ingest_v1/targets/FMB1_W01/S03/target_points.npy,7b9700f4bea501bf5444440c52c66c162afa8ffeed9b27fbcdc606e391cae1ac,"[[1.0,0.0,0.0,0.0],[0.0,1.0,0.0,0.0],[0.0,0.0,1.0,0.0],[0.0,0.0,0.0,1.0]]",5b4747a487321c8fbab3a127df97a44d8ead389c42f8b2d44fb4b03168982771,5b4747a487321c8fbab3a127df97a44d8ead389c42f8b2d44fb4b03168982771,7b9700f4bea501bf5444440c52c66c162afa8ffeed9b27fbcdc606e391cae1ac,7b9700f4bea501bf5444440c52c66c162afa8ffeed9b27fbcdc606e391cae1ac,True
FMB1_W01,S03,FMB1_W01_S03_Q08,1787146278.686212,/home/lj/ZPRM/zero_perturbation_runtime/mid360_formal_batch1_ingest_v1/snapshots/FMB1_W01/S03/FMB1_W01_S03_Q08.npy,ca00ec1e492fa3ace7f14b930fa6555c70a16d82a3969ea59916aa4b6bc1cb5a,/home/lj/ZPRM/zero_perturbation_runtime/mid360_formal_batch1_ingest_v1/targets/FMB1_W01/S03/target_points.npy,7b9700f4bea501bf5444440c52c66c162afa8ffeed9b27fbcdc606e391cae1ac,"[[1.0,0.0,0.0,0.0],[0.0,1.0,0.0,0.0],[0.0,0.0,1.0,0.0],[0.0,0.0,0.0,1.0]]",ca00ec1e492fa3ace7f14b930fa6555c70a16d82a3969ea59916aa4b6bc1cb5a,ca00ec1e492fa3ace7f14b930fa6555c70a16d82a3969ea59916aa4b6bc1cb5a,7b9700f4bea501bf5444440c52c66c162afa8ffeed9b27fbcdc606e391cae1ac,7b9700f4bea501bf5444440c52c66c162afa8ffeed9b27fbcdc606e391cae1ac,True
FMB1_W01,S03,FMB1_W01_S03_Q09,1787146280.186161,/home/lj/ZPRM/zero_perturbation_runtime/mid360_formal_batch1_ingest_v1/snapshots/FMB1_W01/S03/FMB1_W01_S03_Q09.npy,67f2767023f2a1ef190eb578ba331232407cbfbf0b791634a0664f360247a1dc,/home/lj/ZPRM/zero_perturbation_runtime/mid360_formal_batch1_ingest_v1/targets/FMB1_W01/S03/target_points.npy,7b9700f4bea501bf5444440c52c66c162afa8ffeed9b27fbcdc606e391cae1ac,"[[1.0,0.0,0.0,0.0],[0.0,1.0,0.0,0.0],[0.0,0.0,1.0,0.0],[0.0,0.0,0.0,1.0]]",67f2767023f2a1ef190eb578ba331232407cbfbf0b791634a0664f360247a1dc,67f2767023f2a1ef190eb578ba331232407cbfbf0b791634a0664f360247a1dc,7b9700f4bea501bf5444440c52c66c162afa8ffeed9b27fbcdc606e391cae1ac,7b9700f4bea501bf5444440c52c66c162afa8ffeed9b27fbcdc606e391cae1ac,True
FMB1_W01,S03,FMB1_W01_S03_Q10,1787146281.6871235,/home/lj/ZPRM/zero_perturbation_runtime/mid360_formal_batch1_ingest_v1/snapshots/FMB1_W01/S03/FMB1_W01_S03_Q10.npy,f1b62db17d6c34de7f41b6475ac9c1ebc7ea6e3a0c450777ac4e47d30609791b,/home/lj/ZPRM/zero_perturbation_runtime/mid360_formal_batch1_ingest_v1/targets/FMB1_W01/S03/target_points.npy,7b9700f4bea501bf5444440c52c66c162afa8ffeed9b27fbcdc606e391cae1ac,"[[1.0,0.0,0.0,0.0],[0.0,1.0,0.0,0.0],[0.0,0.0,1.0,0.0],[0.0,0.0,0.0,1.0]]",f1b62db17d6c34de7f41b6475ac9c1ebc7ea6e3a0c450777ac4e47d30609791b,f1b62db17d6c34de7f41b6475ac9c1ebc7ea6e3a0c450777ac4e47d30609791b,7b9700f4bea501bf5444440c52c66c162afa8ffeed9b27fbcdc606e391cae1ac,7b9700f4bea501bf5444440c52c66c162afa8ffeed9b27fbcdc606e391cae1ac,True
FMB1_W02,S01,FMB1_W02_S01_Q01,1787146519.3914256,/home/lj/ZPRM/zero_perturbation_runtime/mid360_formal_batch1_ingest_v1/snapshots/FMB1_W02/S01/FMB1_W02_S01_Q01.npy,1392aeda7dce5c6680d142f8452c6766d7e57e3fec674d6706b121539d3da037,/home/lj/ZPRM/zero_perturbation_runtime/mid360_formal_batch1_ingest_v1/targets/FMB1_W02/S01/target_points.npy,f34f1867c3491f16db0dc5a00766da5d0b4d78def5f16114b335e5f9737d96c7,"[[1.0,0.0,0.0,0.0],[0.0,1.0,0.0,0.0],[0.0,0.0,1.0,0.0],[0.0,0.0,0.0,1.0]]",1392aeda7dce5c6680d142f8452c6766d7e57e3fec674d6706b121539d3da037,1392aeda7dce5c6680d142f8452c6766d7e57e3fec674d6706b121539d3da037,f34f1867c3491f16db0dc5a00766da5d0b4d78def5f16114b335e5f9737d96c7,f34f1867c3491f16db0dc5a00766da5d0b4d78def5f16114b335e5f9737d96c7,True
FMB1_W02,S01,FMB1_W02_S01_Q02,1787146520.889177,/home/lj/ZPRM/zero_perturbation_runtime/mid360_formal_batch1_ingest_v1/snapshots/FMB1_W02/S01/FMB1_W02_S01_Q02.npy,2a66c47fa58e6d8d6c541b6281a4ecfc3d8561729800ea7cbfa44814ee43ae2d,/home/lj/ZPRM/zero_perturbation_runtime/mid360_formal_batch1_ingest_v1/targets/FMB1_W02/S01/target_points.npy,f34f1867c3491f16db0dc5a00766da5d0b4d78def5f16114b335e5f9737d96c7,"[[1.0,0.0,0.0,0.0],[0.0,1.0,0.0,0.0],[0.0,0.0,1.0,0.0],[0.0,0.0,0.0,1.0]]",2a66c47fa58e6d8d6c541b6281a4ecfc3d8561729800ea7cbfa44814ee43ae2d,2a66c47fa58e6d8d6c541b6281a4ecfc3d8561729800ea7cbfa44814ee43ae2d,f34f1867c3491f16db0dc5a00766da5d0b4d78def5f16114b335e5f9737d96c7,f34f1867c3491f16db0dc5a00766da5d0b4d78def5f16114b335e5f9737d96c7,True
FMB1_W02,S01,FMB1_W02_S01_Q03,1787146522.2904882,/home/lj/ZPRM/zero_perturbation_runtime/mid360_formal_batch1_ingest_v1/snapshots/FMB1_W02/S01/FMB1_W02_S01_Q03.npy,d80667dd3565c314b5691094081c2d6762d626802e6393c67c30c95228ca394e,/home/lj/ZPRM/zero_perturbation_runtime/mid360_formal_batch1_ingest_v1/targets/FMB1_W02/S01/target_points.npy,f34f1867c3491f16db0dc5a00766da5d0b4d78def5f16114b335e5f9737d96c7,"[[1.0,0.0,0.0,0.0],[0.0,1.0,0.0,0.0],[0.0,0.0,1.0,0.0],[0.0,0.0,0.0,1.0]]",d80667dd3565c314b5691094081c2d6762d626802e6393c67c30c95228ca394e,d80667dd3565c314b5691094081c2d6762d626802e6393c67c30c95228ca394e,f34f1867c3491f16db0dc5a00766da5d0b4d78def5f16114b335e5f9737d96c7,f34f1867c3491f16db0dc5a00766da5d0b4d78def5f16114b335e5f9737d96c7,True
FMB1_W02,S01,FMB1_W02_S01_Q04,1787146523.7894073,/home/lj/ZPRM/zero_perturbation_runtime/mid360_formal_batch1_ingest_v1/snapshots/FMB1_W02/S01/FMB1_W02_S01_Q04.npy,06da65c4eb61ba63bb23e638a142f0685a4ddcbf2868f2b4b32dcfc5e5cecf61,/home/lj/ZPRM/zero_perturbation_runtime/mid360_formal_batch1_ingest_v1/targets/FMB1_W02/S01/target_points.npy,f34f1867c3491f16db0dc5a00766da5d0b4d78def5f16114b335e5f9737d96c7,"[[1.0,0.0,0.0,0.0],[0.0,1.0,0.0,0.0],[0.0,0.0,1.0,0.0],[0.0,0.0,0.0,1.0]]",06da65c4eb61ba63bb23e638a142f0685a4ddcbf2868f2b4b32dcfc5e5cecf61,06da65c4eb61ba63bb23e638a142f0685a4ddcbf2868f2b4b32dcfc5e5cecf61,f34f1867c3491f16db0dc5a00766da5d0b4d78def5f16114b335e5f9737d96c7,f34f1867c3491f16db0dc5a00766da5d0b4d78def5f16114b335e5f9737d96c7,True
FMB1_W02,S01,FMB1_W02_S01_Q05,1787146525.2890189,/home/lj/ZPRM/zero_perturbation_runtime/mid360_formal_batch1_ingest_v1/snapshots/FMB1_W02/S01/FMB1_W02_S01_Q05.npy,c12ec6fc38a7c0d5cd612f437c7b0d27a735864c55bbe64bca59c8944470838a,/home/lj/ZPRM/zero_perturbation_runtime/mid360_formal_batch1_ingest_v1/targets/FMB1_W02/S01/target_points.npy,f34f1867c3491f16db0dc5a00766da5d0b4d78def5f16114b335e5f9737d96c7,"[[1.0,0.0,0.0,0.0],[0.0,1.0,0.0,0.0],[0.0,0.0,1.0,0.0],[0.0,0.0,0.0,1.0]]",c12ec6fc38a7c0d5cd612f437c7b0d27a735864c55bbe64bca59c8944470838a,c12ec6fc38a7c0d5cd612f437c7b0d27a735864c55bbe64bca59c8944470838a,f34f1867c3491f16db0dc5a00766da5d0b4d78def5f16114b335e5f9737d96c7,f34f1867c3491f16db0dc5a00766da5d0b4d78def5f16114b335e5f9737d96c7,True
FMB1_W02,S01,FMB1_W02_S01_Q06,1787146526.6896493,/home/lj/ZPRM/zero_perturbation_runtime/mid360_formal_batch1_ingest_v1/snapshots/FMB1_W02/S01/FMB1_W02_S01_Q06.npy,06b71344afb3f89e8e84376bc3dd2141781a0211a6d45341f3eda3c5f7630026,/home/lj/ZPRM/zero_perturbation_runtime/mid360_formal_batch1_ingest_v1/targets/FMB1_W02/S01/target_points.npy,f34f1867c3491f16db0dc5a00766da5d0b4d78def5f16114b335e5f9737d96c7,"[[1.0,0.0,0.0,0.0],[0.0,1.0,0.0,0.0],[0.0,0.0,1.0,0.0],[0.0,0.0,0.0,1.0]]",06b71344afb3f89e8e84376bc3dd2141781a0211a6d45341f3eda3c5f7630026,06b71344afb3f89e8e84376bc3dd2141781a0211a6d45341f3eda3c5f7630026,f34f1867c3491f16db0dc5a00766da5d0b4d78def5f16114b335e5f9737d96c7,f34f1867c3491f16db0dc5a00766da5d0b4d78def5f16114b335e5f9737d96c7,True
FMB1_W02,S01,FMB1_W02_S01_Q07,1787146528.189077,/home/lj/ZPRM/zero_perturbation_runtime/mid360_formal_batch1_ingest_v1/snapshots/FMB1_W02/S01/FMB1_W02_S01_Q07.npy,ac16279c1845596d489fb3a31e08df845ffe2d0cf14248a1f4e35c57b0ce658a,/home/lj/ZPRM/zero_perturbation_runtime/mid360_formal_batch1_ingest_v1/targets/FMB1_W02/S01/target_points.npy,f34f1867c3491f16db0dc5a00766da5d0b4d78def5f16114b335e5f9737d96c7,"[[1.0,0.0,0.0,0.0],[0.0,1.0,0.0,0.0],[0.0,0.0,1.0,0.0],[0.0,0.0,0.0,1.0]]",ac16279c1845596d489fb3a31e08df845ffe2d0cf14248a1f4e35c57b0ce658a,ac16279c1845596d489fb3a31e08df845ffe2d0cf14248a1f4e35c57b0ce658a,f34f1867c3491f16db0dc5a00766da5d0b4d78def5f16114b335e5f9737d96c7,f34f1867c3491f16db0dc5a00766da5d0b4d78def5f16114b335e5f9737d96c7,True
FMB1_W02,S01,FMB1_W02_S01_Q08,1787146529.5890706,/home/lj/ZPRM/zero_perturbation_runtime/mid360_formal_batch1_ingest_v1/snapshots/FMB1_W02/S01/FMB1_W02_S01_Q08.npy,6484d7a30df5b5583feb63c24913c115e306e4e8af54a8fd026d7c6146ce175e,/home/lj/ZPRM/zero_perturbation_runtime/mid360_formal_batch1_ingest_v1/targets/FMB1_W02/S01/target_points.npy,f34f1867c3491f16db0dc5a00766da5d0b4d78def5f16114b335e5f9737d96c7,"[[1.0,0.0,0.0,0.0],[0.0,1.0,0.0,0.0],[0.0,0.0,1.0,0.0],[0.0,0.0,0.0,1.0]]",6484d7a30df5b5583feb63c24913c115e306e4e8af54a8fd026d7c6146ce175e,6484d7a30df5b5583feb63c24913c115e306e4e8af54a8fd026d7c6146ce175e,f34f1867c3491f16db0dc5a00766da5d0b4d78def5f16114b335e5f9737d96c7,f34f1867c3491f16db0dc5a00766da5d0b4d78def5f16114b335e5f9737d96c7,True
FMB1_W02,S01,FMB1_W02_S01_Q09,1787146531.0889544,/home/lj/ZPRM/zero_perturbation_runtime/mid360_formal_batch1_ingest_v1/snapshots/FMB1_W02/S01/FMB1_W02_S01_Q09.npy,65e80038496723835abf63244b2dbea769b0ecdfdd2e6ac86311c5157df63695,/home/lj/ZPRM/zero_perturbation_runtime/mid360_formal_batch1_ingest_v1/targets/FMB1_W02/S01/target_points.npy,f34f1867c3491f16db0dc5a00766da5d0b4d78def5f16114b335e5f9737d96c7,"[[1.0,0.0,0.0,0.0],[0.0,1.0,0.0,0.0],[0.0,0.0,1.0,0.0],[0.0,0.0,0.0,1.0]]",65e80038496723835abf63244b2dbea769b0ecdfdd2e6ac86311c5157df63695,65e80038496723835abf63244b2dbea769b0ecdfdd2e6ac86311c5157df63695,f34f1867c3491f16db0dc5a00766da5d0b4d78def5f16114b335e5f9737d96c7,f34f1867c3491f16db0dc5a00766da5d0b4d78def5f16114b335e5f9737d96c7,True
FMB1_W02,S01,FMB1_W02_S01_Q10,1787146532.5891776,/home/lj/ZPRM/zero_perturbation_runtime/mid360_formal_batch1_ingest_v1/snapshots/FMB1_W02/S01/FMB1_W02_S01_Q10.npy,7cc49b1bf6014b08b2e809a94dc4d5abcb403a74248b1dfb0ea99b7d45cb0b34,/home/lj/ZPRM/zero_perturbation_runtime/mid360_formal_batch1_ingest_v1/targets/FMB1_W02/S01/target_points.npy,f34f1867c3491f16db0dc5a00766da5d0b4d78def5f16114b335e5f9737d96c7,"[[1.0,0.0,0.0,0.0],[0.0,1.0,0.0,0.0],[0.0,0.0,1.0,0.0],[0.0,0.0,0.0,1.0]]",7cc49b1bf6014b08b2e809a94dc4d5abcb403a74248b1dfb0ea99b7d45cb0b34,7cc49b1bf6014b08b2e809a94dc4d5abcb403a74248b1dfb0ea99b7d45cb0b34,f34f1867c3491f16db0dc5a00766da5d0b4d78def5f16114b335e5f9737d96c7,f34f1867c3491f16db0dc5a00766da5d0b4d78def5f16114b335e5f9737d96c7,True
FMB1_W02,S02,FMB1_W02_S02_Q01,1787146697.1022835,/home/lj/ZPRM/zero_perturbation_runtime/mid360_formal_batch1_ingest_v1/snapshots/FMB1_W02/S02/FMB1_W02_S02_Q01.npy,ae11e137e3dc14aa14128dd178eebec85265dc711f5f19fe769d4c0fecff29ec,/home/lj/ZPRM/zero_perturbation_runtime/mid360_formal_batch1_ingest_v1/targets/FMB1_W02/S02/target_points.npy,05cedd04e39f37e61a257e781abd65c86ab34141101418339e453a2f5560f8af,"[[1.0,0.0,0.0,0.0],[0.0,1.0,0.0,0.0],[0.0,0.0,1.0,0.0],[0.0,0.0,0.0,1.0]]",ae11e137e3dc14aa14128dd178eebec85265dc711f5f19fe769d4c0fecff29ec,ae11e137e3dc14aa14128dd178eebec85265dc711f5f19fe769d4c0fecff29ec,05cedd04e39f37e61a257e781abd65c86ab34141101418339e453a2f5560f8af,05cedd04e39f37e61a257e781abd65c86ab34141101418339e453a2f5560f8af,True
FMB1_W02,S02,FMB1_W02_S02_Q02,1787146698.6022081,/home/lj/ZPRM/zero_perturbation_runtime/mid360_formal_batch1_ingest_v1/snapshots/FMB1_W02/S02/FMB1_W02_S02_Q02.npy,ac91bfec6332325488a881bf38f4758f952dcae79afd01be3abe9fc3c814527e,/home/lj/ZPRM/zero_perturbation_runtime/mid360_formal_batch1_ingest_v1/targets/FMB1_W02/S02/target_points.npy,05cedd04e39f37e61a257e781abd65c86ab34141101418339e453a2f5560f8af,"[[1.0,0.0,0.0,0.0],[0.0,1.0,0.0,0.0],[0.0,0.0,1.0,0.0],[0.0,0.0,0.0,1.0]]",ac91bfec6332325488a881bf38f4758f952dcae79afd01be3abe9fc3c814527e,ac91bfec6332325488a881bf38f4758f952dcae79afd01be3abe9fc3c814527e,05cedd04e39f37e61a257e781abd65c86ab34141101418339e453a2f5560f8af,05cedd04e39f37e61a257e781abd65c86ab34141101418339e453a2f5560f8af,True
FMB1_W02,S02,FMB1_W02_S02_Q03,1787146700.1026182,/home/lj/ZPRM/zero_perturbation_runtime/mid360_formal_batch1_ingest_v1/snapshots/FMB1_W02/S02/FMB1_W02_S02_Q03.npy,1b2eca76d93b31d29b9fbab8326a9ab44131b47b668b63dcb36021beabc965b4,/home/lj/ZPRM/zero_perturbation_runtime/mid360_formal_batch1_ingest_v1/targets/FMB1_W02/S02/target_points.npy,05cedd04e39f37e61a257e781abd65c86ab34141101418339e453a2f5560f8af,"[[1.0,0.0,0.0,0.0],[0.0,1.0,0.0,0.0],[0.0,0.0,1.0,0.0],[0.0,0.0,0.0,1.0]]",1b2eca76d93b31d29b9fbab8326a9ab44131b47b668b63dcb36021beabc965b4,1b2eca76d93b31d29b9fbab8326a9ab44131b47b668b63dcb36021beabc965b4,05cedd04e39f37e61a257e781abd65c86ab34141101418339e453a2f5560f8af,05cedd04e39f37e61a257e781abd65c86ab34141101418339e453a2f5560f8af,True
FMB1_W02,S02,FMB1_W02_S02_Q04,1787146701.501935,/home/lj/ZPRM/zero_perturbation_runtime/mid360_formal_batch1_ingest_v1/snapshots/FMB1_W02/S02/FMB1_W02_S02_Q04.npy,c07ecb51911c11b718d2bbcbf2adc3a220bcc88432d4966fa28f1a5bbbdc64d2,/home/lj/ZPRM/zero_perturbation_runtime/mid360_formal_batch1_ingest_v1/targets/FMB1_W02/S02/target_points.npy,05cedd04e39f37e61a257e781abd65c86ab34141101418339e453a2f5560f8af,"[[1.0,0.0,0.0,0.0],[0.0,1.0,0.0,0.0],[0.0,0.0,1.0,0.0],[0.0,0.0,0.0,1.0]]",c07ecb51911c11b718d2bbcbf2adc3a220bcc88432d4966fa28f1a5bbbdc64d2,c07ecb51911c11b718d2bbcbf2adc3a220bcc88432d4966fa28f1a5bbbdc64d2,05cedd04e39f37e61a257e781abd65c86ab34141101418339e453a2f5560f8af,05cedd04e39f37e61a257e781abd65c86ab34141101418339e453a2f5560f8af,True
FMB1_W02,S02,FMB1_W02_S02_Q05,1787146703.001846,/home/lj/ZPRM/zero_perturbation_runtime/mid360_formal_batch1_ingest_v1/snapshots/FMB1_W02/S02/FMB1_W02_S02_Q05.npy,e727e53c964daa105f6015fedbaafe92c1f2289df62bccab23ac6b2ab0f59fde,/home/lj/ZPRM/zero_perturbation_runtime/mid360_formal_batch1_ingest_v1/targets/FMB1_W02/S02/target_points.npy,05cedd04e39f37e61a257e781abd65c86ab34141101418339e453a2f5560f8af,"[[1.0,0.0,0.0,0.0],[0.0,1.0,0.0,0.0],[0.0,0.0,1.0,0.0],[0.0,0.0,0.0,1.0]]",e727e53c964daa105f6015fedbaafe92c1f2289df62bccab23ac6b2ab0f59fde,e727e53c964daa105f6015fedbaafe92c1f2289df62bccab23ac6b2ab0f59fde,05cedd04e39f37e61a257e781abd65c86ab34141101418339e453a2f5560f8af,05cedd04e39f37e61a257e781abd65c86ab34141101418339e453a2f5560f8af,True
FMB1_W02,S02,FMB1_W02_S02_Q06,1787146704.5018399,/home/lj/ZPRM/zero_perturbation_runtime/mid360_formal_batch1_ingest_v1/snapshots/FMB1_W02/S02/FMB1_W02_S02_Q06.npy,50079cbae8353b9078658073e465a7ffa0c75e46ea7adfc92ef6aed5004d06e1,/home/lj/ZPRM/zero_perturbation_runtime/mid360_formal_batch1_ingest_v1/targets/FMB1_W02/S02/target_points.npy,05cedd04e39f37e61a257e781abd65c86ab34141101418339e453a2f5560f8af,"[[1.0,0.0,0.0,0.0],[0.0,1.0,0.0,0.0],[0.0,0.0,1.0,0.0],[0.0,0.0,0.0,1.0]]",50079cbae8353b9078658073e465a7ffa0c75e46ea7adfc92ef6aed5004d06e1,50079cbae8353b9078658073e465a7ffa0c75e46ea7adfc92ef6aed5004d06e1,05cedd04e39f37e61a257e781abd65c86ab34141101418339e453a2f5560f8af,05cedd04e39f37e61a257e781abd65c86ab34141101418339e453a2f5560f8af,True
FMB1_W02,S02,FMB1_W02_S02_Q07,1787146706.001802,/home/lj/ZPRM/zero_perturbation_runtime/mid360_formal_batch1_ingest_v1/snapshots/FMB1_W02/S02/FMB1_W02_S02_Q07.npy,2be4832ce8439ed09b1f8e4bcf2cac95cbe8c9dfc89b18550973b899f73b019b,/home/lj/ZPRM/zero_perturbation_runtime/mid360_formal_batch1_ingest_v1/targets/FMB1_W02/S02/target_points.npy,05cedd04e39f37e61a257e781abd65c86ab34141101418339e453a2f5560f8af,"[[1.0,0.0,0.0,0.0],[0.0,1.0,0.0,0.0],[0.0,0.0,1.0,0.0],[0.0,0.0,0.0,1.0]]",2be4832ce8439ed09b1f8e4bcf2cac95cbe8c9dfc89b18550973b899f73b019b,2be4832ce8439ed09b1f8e4bcf2cac95cbe8c9dfc89b18550973b899f73b019b,05cedd04e39f37e61a257e781abd65c86ab34141101418339e453a2f5560f8af,05cedd04e39f37e61a257e781abd65c86ab34141101418339e453a2f5560f8af,True
FMB1_W02,S02,FMB1_W02_S02_Q08,1787146707.4018033,/home/lj/ZPRM/zero_perturbation_runtime/mid360_formal_batch1_ingest_v1/snapshots/FMB1_W02/S02/FMB1_W02_S02_Q08.npy,9ffb5c5e02019b4e59f17d42d008ef51b9fd312abe039a74ee364be633216f17,/home/lj/ZPRM/zero_perturbation_runtime/mid360_formal_batch1_ingest_v1/targets/FMB1_W02/S02/target_points.npy,05cedd04e39f37e61a257e781abd65c86ab34141101418339e453a2f5560f8af,"[[1.0,0.0,0.0,0.0],[0.0,1.0,0.0,0.0],[0.0,0.0,1.0,0.0],[0.0,0.0,0.0,1.0]]",9ffb5c5e02019b4e59f17d42d008ef51b9fd312abe039a74ee364be633216f17,9ffb5c5e02019b4e59f17d42d008ef51b9fd312abe039a74ee364be633216f17,05cedd04e39f37e61a257e781abd65c86ab34141101418339e453a2f5560f8af,05cedd04e39f37e61a257e781abd65c86ab34141101418339e453a2f5560f8af,True
FMB1_W02,S02,FMB1_W02_S02_Q09,1787146708.9017236,/home/lj/ZPRM/zero_perturbation_runtime/mid360_formal_batch1_ingest_v1/snapshots/FMB1_W02/S02/FMB1_W02_S02_Q09.npy,52768a97b253777dae2b808953c2879f26e88e33b4e9e229c3916dfe30b17ec5,/home/lj/ZPRM/zero_perturbation_runtime/mid360_formal_batch1_ingest_v1/targets/FMB1_W02/S02/target_points.npy,05cedd04e39f37e61a257e781abd65c86ab34141101418339e453a2f5560f8af,"[[1.0,0.0,0.0,0.0],[0.0,1.0,0.0,0.0],[0.0,0.0,1.0,0.0],[0.0,0.0,0.0,1.0]]",52768a97b253777dae2b808953c2879f26e88e33b4e9e229c3916dfe30b17ec5,52768a97b253777dae2b808953c2879f26e88e33b4e9e229c3916dfe30b17ec5,05cedd04e39f37e61a257e781abd65c86ab34141101418339e453a2f5560f8af,05cedd04e39f37e61a257e781abd65c86ab34141101418339e453a2f5560f8af,True
FMB1_W02,S02,FMB1_W02_S02_Q10,1787146710.4033022,/home/lj/ZPRM/zero_perturbation_runtime/mid360_formal_batch1_ingest_v1/snapshots/FMB1_W02/S02/FMB1_W02_S02_Q10.npy,50be57442b4c5feb5ef1ec5892801f3e06dba9c662891e37926b58c5fc539828,/home/lj/ZPRM/zero_perturbation_runtime/mid360_formal_batch1_ingest_v1/targets/FMB1_W02/S02/target_points.npy,05cedd04e39f37e61a257e781abd65c86ab34141101418339e453a2f5560f8af,"[[1.0,0.0,0.0,0.0],[0.0,1.0,0.0,0.0],[0.0,0.0,1.0,0.0],[0.0,0.0,0.0,1.0]]",50be57442b4c5feb5ef1ec5892801f3e06dba9c662891e37926b58c5fc539828,50be57442b4c5feb5ef1ec5892801f3e06dba9c662891e37926b58c5fc539828,05cedd04e39f37e61a257e781abd65c86ab34141101418339e453a2f5560f8af,05cedd04e39f37e61a257e781abd65c86ab34141101418339e453a2f5560f8af,True
FMB1_W02,S03,FMB1_W02_S03_Q01,1787146877.0175514,/home/lj/ZPRM/zero_perturbation_runtime/mid360_formal_batch1_ingest_v1/snapshots/FMB1_W02/S03/FMB1_W02_S03_Q01.npy,649702e528cea2b0d5265d86909aa675f5ee3a3a30387a7138f398cbc292a0f6,/home/lj/ZPRM/zero_perturbation_runtime/mid360_formal_batch1_ingest_v1/targets/FMB1_W02/S03/target_points.npy,220e7ecaf2034bb958bfa80002d140a74d5b5698a19f5fb920b366b1174297ad,"[[1.0,0.0,0.0,0.0],[0.0,1.0,0.0,0.0],[0.0,0.0,1.0,0.0],[0.0,0.0,0.0,1.0]]",649702e528cea2b0d5265d86909aa675f5ee3a3a30387a7138f398cbc292a0f6,649702e528cea2b0d5265d86909aa675f5ee3a3a30387a7138f398cbc292a0f6,220e7ecaf2034bb958bfa80002d140a74d5b5698a19f5fb920b366b1174297ad,220e7ecaf2034bb958bfa80002d140a74d5b5698a19f5fb920b366b1174297ad,True
FMB1_W02,S03,FMB1_W02_S03_Q02,1787146878.517591,/home/lj/ZPRM/zero_perturbation_runtime/mid360_formal_batch1_ingest_v1/snapshots/FMB1_W02/S03/FMB1_W02_S03_Q02.npy,c5078b2b6bf03873edf788416fdf9774567335a16147b2698e199d95b60f9ab4,/home/lj/ZPRM/zero_perturbation_runtime/mid360_formal_batch1_ingest_v1/targets/FMB1_W02/S03/target_points.npy,220e7ecaf2034bb958bfa80002d140a74d5b5698a19f5fb920b366b1174297ad,"[[1.0,0.0,0.0,0.0],[0.0,1.0,0.0,0.0],[0.0,0.0,1.0,0.0],[0.0,0.0,0.0,1.0]]",c5078b2b6bf03873edf788416fdf9774567335a16147b2698e199d95b60f9ab4,c5078b2b6bf03873edf788416fdf9774567335a16147b2698e199d95b60f9ab4,220e7ecaf2034bb958bfa80002d140a74d5b5698a19f5fb920b366b1174297ad,220e7ecaf2034bb958bfa80002d140a74d5b5698a19f5fb920b366b1174297ad,True
FMB1_W02,S03,FMB1_W02_S03_Q03,1787146880.0174458,/home/lj/ZPRM/zero_perturbation_runtime/mid360_formal_batch1_ingest_v1/snapshots/FMB1_W02/S03/FMB1_W02_S03_Q03.npy,0ed2068d51f6e4aa578adc9b8b75291a97eaaaeebd40d59bd67675061c9ae6c9,/home/lj/ZPRM/zero_perturbation_runtime/mid360_formal_batch1_ingest_v1/targets/FMB1_W02/S03/target_points.npy,220e7ecaf2034bb958bfa80002d140a74d5b5698a19f5fb920b366b1174297ad,"[[1.0,0.0,0.0,0.0],[0.0,1.0,0.0,0.0],[0.0,0.0,1.0,0.0],[0.0,0.0,0.0,1.0]]",0ed2068d51f6e4aa578adc9b8b75291a97eaaaeebd40d59bd67675061c9ae6c9,0ed2068d51f6e4aa578adc9b8b75291a97eaaaeebd40d59bd67675061c9ae6c9,220e7ecaf2034bb958bfa80002d140a74d5b5698a19f5fb920b366b1174297ad,220e7ecaf2034bb958bfa80002d140a74d5b5698a19f5fb920b366b1174297ad,True
FMB1_W02,S03,FMB1_W02_S03_Q04,1787146881.4177625,/home/lj/ZPRM/zero_perturbation_runtime/mid360_formal_batch1_ingest_v1/snapshots/FMB1_W02/S03/FMB1_W02_S03_Q04.npy,01a227545e6316c86252946272caea746a877e89fb80411e044b7663b4995961,/home/lj/ZPRM/zero_perturbation_runtime/mid360_formal_batch1_ingest_v1/targets/FMB1_W02/S03/target_points.npy,220e7ecaf2034bb958bfa80002d140a74d5b5698a19f5fb920b366b1174297ad,"[[1.0,0.0,0.0,0.0],[0.0,1.0,0.0,0.0],[0.0,0.0,1.0,0.0],[0.0,0.0,0.0,1.0]]",01a227545e6316c86252946272caea746a877e89fb80411e044b7663b4995961,01a227545e6316c86252946272caea746a877e89fb80411e044b7663b4995961,220e7ecaf2034bb958bfa80002d140a74d5b5698a19f5fb920b366b1174297ad,220e7ecaf2034bb958bfa80002d140a74d5b5698a19f5fb920b366b1174297ad,True
FMB1_W02,S03,FMB1_W02_S03_Q05,1787146882.9174151,/home/lj/ZPRM/zero_perturbation_runtime/mid360_formal_batch1_ingest_v1/snapshots/FMB1_W02/S03/FMB1_W02_S03_Q05.npy,d1191b17c52d884b691c1231d56d2afc40b6830cd4d473f3204acb20f7bd706c,/home/lj/ZPRM/zero_perturbation_runtime/mid360_formal_batch1_ingest_v1/targets/FMB1_W02/S03/target_points.npy,220e7ecaf2034bb958bfa80002d140a74d5b5698a19f5fb920b366b1174297ad,"[[1.0,0.0,0.0,0.0],[0.0,1.0,0.0,0.0],[0.0,0.0,1.0,0.0],[0.0,0.0,0.0,1.0]]",d1191b17c52d884b691c1231d56d2afc40b6830cd4d473f3204acb20f7bd706c,d1191b17c52d884b691c1231d56d2afc40b6830cd4d473f3204acb20f7bd706c,220e7ecaf2034bb958bfa80002d140a74d5b5698a19f5fb920b366b1174297ad,220e7ecaf2034bb958bfa80002d140a74d5b5698a19f5fb920b366b1174297ad,True
FMB1_W02,S03,FMB1_W02_S03_Q06,1787146884.4187722,/home/lj/ZPRM/zero_perturbation_runtime/mid360_formal_batch1_ingest_v1/snapshots/FMB1_W02/S03/FMB1_W02_S03_Q06.npy,d96aa71a0c4c1848615f382b7069f58a84fdb37ca46ed1c08bb8a3d4522b03e5,/home/lj/ZPRM/zero_perturbation_runtime/mid360_formal_batch1_ingest_v1/targets/FMB1_W02/S03/target_points.npy,220e7ecaf2034bb958bfa80002d140a74d5b5698a19f5fb920b366b1174297ad,"[[1.0,0.0,0.0,0.0],[0.0,1.0,0.0,0.0],[0.0,0.0,1.0,0.0],[0.0,0.0,0.0,1.0]]",d96aa71a0c4c1848615f382b7069f58a84fdb37ca46ed1c08bb8a3d4522b03e5,d96aa71a0c4c1848615f382b7069f58a84fdb37ca46ed1c08bb8a3d4522b03e5,220e7ecaf2034bb958bfa80002d140a74d5b5698a19f5fb920b366b1174297ad,220e7ecaf2034bb958bfa80002d140a74d5b5698a19f5fb920b366b1174297ad,True
FMB1_W02,S03,FMB1_W02_S03_Q07,1787146885.9176702,/home/lj/ZPRM/zero_perturbation_runtime/mid360_formal_batch1_ingest_v1/snapshots/FMB1_W02/S03/FMB1_W02_S03_Q07.npy,69f324d35ce0af1690d0da74483dad66e5645f828b4af0b10967e763aba1e0e7,/home/lj/ZPRM/zero_perturbation_runtime/mid360_formal_batch1_ingest_v1/targets/FMB1_W02/S03/target_points.npy,220e7ecaf2034bb958bfa80002d140a74d5b5698a19f5fb920b366b1174297ad,"[[1.0,0.0,0.0,0.0],[0.0,1.0,0.0,0.0],[0.0,0.0,1.0,0.0],[0.0,0.0,0.0,1.0]]",69f324d35ce0af1690d0da74483dad66e5645f828b4af0b10967e763aba1e0e7,69f324d35ce0af1690d0da74483dad66e5645f828b4af0b10967e763aba1e0e7,220e7ecaf2034bb958bfa80002d140a74d5b5698a19f5fb920b366b1174297ad,220e7ecaf2034bb958bfa80002d140a74d5b5698a19f5fb920b366b1174297ad,True
FMB1_W02,S03,FMB1_W02_S03_Q08,1787146887.3175719,/home/lj/ZPRM/zero_perturbation_runtime/mid360_formal_batch1_ingest_v1/snapshots/FMB1_W02/S03/FMB1_W02_S03_Q08.npy,d8a84475d1f27ee4aae00d1ec4a8aab8e152879bf40a97f8e0db015a91f2753e,/home/lj/ZPRM/zero_perturbation_runtime/mid360_formal_batch1_ingest_v1/targets/FMB1_W02/S03/target_points.npy,220e7ecaf2034bb958bfa80002d140a74d5b5698a19f5fb920b366b1174297ad,"[[1.0,0.0,0.0,0.0],[0.0,1.0,0.0,0.0],[0.0,0.0,1.0,0.0],[0.0,0.0,0.0,1.0]]",d8a84475d1f27ee4aae00d1ec4a8aab8e152879bf40a97f8e0db015a91f2753e,d8a84475d1f27ee4aae00d1ec4a8aab8e152879bf40a97f8e0db015a91f2753e,220e7ecaf2034bb958bfa80002d140a74d5b5698a19f5fb920b366b1174297ad,220e7ecaf2034bb958bfa80002d140a74d5b5698a19f5fb920b366b1174297ad,True
FMB1_W02,S03,FMB1_W02_S03_Q09,1787146888.8160806,/home/lj/ZPRM/zero_perturbation_runtime/mid360_formal_batch1_ingest_v1/snapshots/FMB1_W02/S03/FMB1_W02_S03_Q09.npy,a4f1e662c88fcda341a0ceed5e891866939237cdadd3dea5417ffee10f063df5,/home/lj/ZPRM/zero_perturbation_runtime/mid360_formal_batch1_ingest_v1/targets/FMB1_W02/S03/target_points.npy,220e7ecaf2034bb958bfa80002d140a74d5b5698a19f5fb920b366b1174297ad,"[[1.0,0.0,0.0,0.0],[0.0,1.0,0.0,0.0],[0.0,0.0,1.0,0.0],[0.0,0.0,0.0,1.0]]",a4f1e662c88fcda341a0ceed5e891866939237cdadd3dea5417ffee10f063df5,a4f1e662c88fcda341a0ceed5e891866939237cdadd3dea5417ffee10f063df5,220e7ecaf2034bb958bfa80002d140a74d5b5698a19f5fb920b366b1174297ad,220e7ecaf2034bb958bfa80002d140a74d5b5698a19f5fb920b366b1174297ad,True
FMB1_W02,S03,FMB1_W02_S03_Q10,1787146890.3175488,/home/lj/ZPRM/zero_perturbation_runtime/mid360_formal_batch1_ingest_v1/snapshots/FMB1_W02/S03/FMB1_W02_S03_Q10.npy,41663d20aba813188c3aec68bfdbefe4dce8d5fe60fad2d69721927cdf83b966,/home/lj/ZPRM/zero_perturbation_runtime/mid360_formal_batch1_ingest_v1/targets/FMB1_W02/S03/target_points.npy,220e7ecaf2034bb958bfa80002d140a74d5b5698a19f5fb920b366b1174297ad,"[[1.0,0.0,0.0,0.0],[0.0,1.0,0.0,0.0],[0.0,0.0,1.0,0.0],[0.0,0.0,0.0,1.0]]",41663d20aba813188c3aec68bfdbefe4dce8d5fe60fad2d69721927cdf83b966,41663d20aba813188c3aec68bfdbefe4dce8d5fe60fad2d69721927cdf83b966,220e7ecaf2034bb958bfa80002d140a74d5b5698a19f5fb920b366b1174297ad,220e7ecaf2034bb958bfa80002d140a74d5b5698a19f5fb920b366b1174297ad,True
FMB1_W03,S01,FMB1_W03_S01_Q01,1787147320.1127489,/home/lj/ZPRM/zero_perturbation_runtime/mid360_formal_batch1_ingest_v1/snapshots/FMB1_W03/S01/FMB1_W03_S01_Q01.npy,bdd6de51972a23b28686d1faae64991add2b3053e7e3d4bf7ec6d0e0ad0cc225,/home/lj/ZPRM/zero_perturbation_runtime/mid360_formal_batch1_ingest_v1/targets/FMB1_W03/S01/target_points.npy,d73ca93907f9aebe81bfc7e684d25cdc4b62e0c69902a2f85ed7aaef5d4a349e,"[[1.0,0.0,0.0,0.0],[0.0,1.0,0.0,0.0],[0.0,0.0,1.0,0.0],[0.0,0.0,0.0,1.0]]",bdd6de51972a23b28686d1faae64991add2b3053e7e3d4bf7ec6d0e0ad0cc225,bdd6de51972a23b28686d1faae64991add2b3053e7e3d4bf7ec6d0e0ad0cc225,d73ca93907f9aebe81bfc7e684d25cdc4b62e0c69902a2f85ed7aaef5d4a349e,d73ca93907f9aebe81bfc7e684d25cdc4b62e0c69902a2f85ed7aaef5d4a349e,True
FMB1_W03,S01,FMB1_W03_S01_Q02,1787147321.6140814,/home/lj/ZPRM/zero_perturbation_runtime/mid360_formal_batch1_ingest_v1/snapshots/FMB1_W03/S01/FMB1_W03_S01_Q02.npy,7c9d39a2860b31ef245da72f14684a9b2f8b97e8abafc38b655686e2dfb32372,/home/lj/ZPRM/zero_perturbation_runtime/mid360_formal_batch1_ingest_v1/targets/FMB1_W03/S01/target_points.npy,d73ca93907f9aebe81bfc7e684d25cdc4b62e0c69902a2f85ed7aaef5d4a349e,"[[1.0,0.0,0.0,0.0],[0.0,1.0,0.0,0.0],[0.0,0.0,1.0,0.0],[0.0,0.0,0.0,1.0]]",7c9d39a2860b31ef245da72f14684a9b2f8b97e8abafc38b655686e2dfb32372,7c9d39a2860b31ef245da72f14684a9b2f8b97e8abafc38b655686e2dfb32372,d73ca93907f9aebe81bfc7e684d25cdc4b62e0c69902a2f85ed7aaef5d4a349e,d73ca93907f9aebe81bfc7e684d25cdc4b62e0c69902a2f85ed7aaef5d4a349e,True
FMB1_W03,S01,FMB1_W03_S01_Q03,1787147323.1126988,/home/lj/ZPRM/zero_perturbation_runtime/mid360_formal_batch1_ingest_v1/snapshots/FMB1_W03/S01/FMB1_W03_S01_Q03.npy,684386189dadf9ca81f863d912034f57e3a3c6c8be616b34051abc297dbcde11,/home/lj/ZPRM/zero_perturbation_runtime/mid360_formal_batch1_ingest_v1/targets/FMB1_W03/S01/target_points.npy,d73ca93907f9aebe81bfc7e684d25cdc4b62e0c69902a2f85ed7aaef5d4a349e,"[[1.0,0.0,0.0,0.0],[0.0,1.0,0.0,0.0],[0.0,0.0,1.0,0.0],[0.0,0.0,0.0,1.0]]",684386189dadf9ca81f863d912034f57e3a3c6c8be616b34051abc297dbcde11,684386189dadf9ca81f863d912034f57e3a3c6c8be616b34051abc297dbcde11,d73ca93907f9aebe81bfc7e684d25cdc4b62e0c69902a2f85ed7aaef5d4a349e,d73ca93907f9aebe81bfc7e684d25cdc4b62e0c69902a2f85ed7aaef5d4a349e,True
FMB1_W03,S01,FMB1_W03_S01_Q04,1787147324.5127854,/home/lj/ZPRM/zero_perturbation_runtime/mid360_formal_batch1_ingest_v1/snapshots/FMB1_W03/S01/FMB1_W03_S01_Q04.npy,7217245bf7167305aa7a36d0177fde6487ec108a3d622b86a3a04d7ce5a4db98,/home/lj/ZPRM/zero_perturbation_runtime/mid360_formal_batch1_ingest_v1/targets/FMB1_W03/S01/target_points.npy,d73ca93907f9aebe81bfc7e684d25cdc4b62e0c69902a2f85ed7aaef5d4a349e,"[[1.0,0.0,0.0,0.0],[0.0,1.0,0.0,0.0],[0.0,0.0,1.0,0.0],[0.0,0.0,0.0,1.0]]",7217245bf7167305aa7a36d0177fde6487ec108a3d622b86a3a04d7ce5a4db98,7217245bf7167305aa7a36d0177fde6487ec108a3d622b86a3a04d7ce5a4db98,d73ca93907f9aebe81bfc7e684d25cdc4b62e0c69902a2f85ed7aaef5d4a349e,d73ca93907f9aebe81bfc7e684d25cdc4b62e0c69902a2f85ed7aaef5d4a349e,True
FMB1_W03,S01,FMB1_W03_S01_Q05,1787147326.0128691,/home/lj/ZPRM/zero_perturbation_runtime/mid360_formal_batch1_ingest_v1/snapshots/FMB1_W03/S01/FMB1_W03_S01_Q05.npy,75359328ae248b75b41cef0a66e105aa22683257a3e4ce4eeb32f2ffafa330a7,/home/lj/ZPRM/zero_perturbation_runtime/mid360_formal_batch1_ingest_v1/targets/FMB1_W03/S01/target_points.npy,d73ca93907f9aebe81bfc7e684d25cdc4b62e0c69902a2f85ed7aaef5d4a349e,"[[1.0,0.0,0.0,0.0],[0.0,1.0,0.0,0.0],[0.0,0.0,1.0,0.0],[0.0,0.0,0.0,1.0]]",75359328ae248b75b41cef0a66e105aa22683257a3e4ce4eeb32f2ffafa330a7,75359328ae248b75b41cef0a66e105aa22683257a3e4ce4eeb32f2ffafa330a7,d73ca93907f9aebe81bfc7e684d25cdc4b62e0c69902a2f85ed7aaef5d4a349e,d73ca93907f9aebe81bfc7e684d25cdc4b62e0c69902a2f85ed7aaef5d4a349e,True
FMB1_W03,S01,FMB1_W03_S01_Q06,1787147327.513013,/home/lj/ZPRM/zero_perturbation_runtime/mid360_formal_batch1_ingest_v1/snapshots/FMB1_W03/S01/FMB1_W03_S01_Q06.npy,e6eb19807fdd2dd9542df9c19007377df1cd5404970c783d20a0e18354dc8466,/home/lj/ZPRM/zero_perturbation_runtime/mid360_formal_batch1_ingest_v1/targets/FMB1_W03/S01/target_points.npy,d73ca93907f9aebe81bfc7e684d25cdc4b62e0c69902a2f85ed7aaef5d4a349e,"[[1.0,0.0,0.0,0.0],[0.0,1.0,0.0,0.0],[0.0,0.0,1.0,0.0],[0.0,0.0,0.0,1.0]]",e6eb19807fdd2dd9542df9c19007377df1cd5404970c783d20a0e18354dc8466,e6eb19807fdd2dd9542df9c19007377df1cd5404970c783d20a0e18354dc8466,d73ca93907f9aebe81bfc7e684d25cdc4b62e0c69902a2f85ed7aaef5d4a349e,d73ca93907f9aebe81bfc7e684d25cdc4b62e0c69902a2f85ed7aaef5d4a349e,True
FMB1_W03,S01,FMB1_W03_S01_Q07,1787147329.0130181,/home/lj/ZPRM/zero_perturbation_runtime/mid360_formal_batch1_ingest_v1/snapshots/FMB1_W03/S01/FMB1_W03_S01_Q07.npy,c9c804340ef841977bf591f89695aa3d2ca586c03b7e5d263b0f28799b9c86c4,/home/lj/ZPRM/zero_perturbation_runtime/mid360_formal_batch1_ingest_v1/targets/FMB1_W03/S01/target_points.npy,d73ca93907f9aebe81bfc7e684d25cdc4b62e0c69902a2f85ed7aaef5d4a349e,"[[1.0,0.0,0.0,0.0],[0.0,1.0,0.0,0.0],[0.0,0.0,1.0,0.0],[0.0,0.0,0.0,1.0]]",c9c804340ef841977bf591f89695aa3d2ca586c03b7e5d263b0f28799b9c86c4,c9c804340ef841977bf591f89695aa3d2ca586c03b7e5d263b0f28799b9c86c4,d73ca93907f9aebe81bfc7e684d25cdc4b62e0c69902a2f85ed7aaef5d4a349e,d73ca93907f9aebe81bfc7e684d25cdc4b62e0c69902a2f85ed7aaef5d4a349e,True
FMB1_W03,S01,FMB1_W03_S01_Q08,1787147330.4143534,/home/lj/ZPRM/zero_perturbation_runtime/mid360_formal_batch1_ingest_v1/snapshots/FMB1_W03/S01/FMB1_W03_S01_Q08.npy,049166fb58e9e9f20fcc4a6665f8f4531d5eee506d8398f64d7571965527e26f,/home/lj/ZPRM/zero_perturbation_runtime/mid360_formal_batch1_ingest_v1/targets/FMB1_W03/S01/target_points.npy,d73ca93907f9aebe81bfc7e684d25cdc4b62e0c69902a2f85ed7aaef5d4a349e,"[[1.0,0.0,0.0,0.0],[0.0,1.0,0.0,0.0],[0.0,0.0,1.0,0.0],[0.0,0.0,0.0,1.0]]",049166fb58e9e9f20fcc4a6665f8f4531d5eee506d8398f64d7571965527e26f,049166fb58e9e9f20fcc4a6665f8f4531d5eee506d8398f64d7571965527e26f,d73ca93907f9aebe81bfc7e684d25cdc4b62e0c69902a2f85ed7aaef5d4a349e,d73ca93907f9aebe81bfc7e684d25cdc4b62e0c69902a2f85ed7aaef5d4a349e,True
FMB1_W03,S01,FMB1_W03_S01_Q09,1787147331.9141989,/home/lj/ZPRM/zero_perturbation_runtime/mid360_formal_batch1_ingest_v1/snapshots/FMB1_W03/S01/FMB1_W03_S01_Q09.npy,2701c966a25162aa61b9ad078cf444a70b69334e3d4690f3c1ca89f3b6f70d1e,/home/lj/ZPRM/zero_perturbation_runtime/mid360_formal_batch1_ingest_v1/targets/FMB1_W03/S01/target_points.npy,d73ca93907f9aebe81bfc7e684d25cdc4b62e0c69902a2f85ed7aaef5d4a349e,"[[1.0,0.0,0.0,0.0],[0.0,1.0,0.0,0.0],[0.0,0.0,1.0,0.0],[0.0,0.0,0.0,1.0]]",2701c966a25162aa61b9ad078cf444a70b69334e3d4690f3c1ca89f3b6f70d1e,2701c966a25162aa61b9ad078cf444a70b69334e3d4690f3c1ca89f3b6f70d1e,d73ca93907f9aebe81bfc7e684d25cdc4b62e0c69902a2f85ed7aaef5d4a349e,d73ca93907f9aebe81bfc7e684d25cdc4b62e0c69902a2f85ed7aaef5d4a349e,True
FMB1_W03,S01,FMB1_W03_S01_Q10,1787147333.4131336,/home/lj/ZPRM/zero_perturbation_runtime/mid360_formal_batch1_ingest_v1/snapshots/FMB1_W03/S01/FMB1_W03_S01_Q10.npy,15d9ba57f80f82b229e55b1d85aa928fc9c033e974f48728617bac0c33e70557,/home/lj/ZPRM/zero_perturbation_runtime/mid360_formal_batch1_ingest_v1/targets/FMB1_W03/S01/target_points.npy,d73ca93907f9aebe81bfc7e684d25cdc4b62e0c69902a2f85ed7aaef5d4a349e,"[[1.0,0.0,0.0,0.0],[0.0,1.0,0.0,0.0],[0.0,0.0,1.0,0.0],[0.0,0.0,0.0,1.0]]",15d9ba57f80f82b229e55b1d85aa928fc9c033e974f48728617bac0c33e70557,15d9ba57f80f82b229e55b1d85aa928fc9c033e974f48728617bac0c33e70557,d73ca93907f9aebe81bfc7e684d25cdc4b62e0c69902a2f85ed7aaef5d4a349e,d73ca93907f9aebe81bfc7e684d25cdc4b62e0c69902a2f85ed7aaef5d4a349e,True
FMB1_W03,S02,FMB1_W03_S02_Q01,1787147424.6553698,/home/lj/ZPRM/zero_perturbation_runtime/mid360_formal_batch1_ingest_v1/snapshots/FMB1_W03/S02/FMB1_W03_S02_Q01.npy,f9c3d88b7382467b2ec04dd5ae374fee680315847de6bedc1a914bfc28437f22,/home/lj/ZPRM/zero_perturbation_runtime/mid360_formal_batch1_ingest_v1/targets/FMB1_W03/S02/target_points.npy,db23d98d22361f9d1782a118ae00160662da81ab5dcaec618b28c8d945a53b7d,"[[1.0,0.0,0.0,0.0],[0.0,1.0,0.0,0.0],[0.0,0.0,1.0,0.0],[0.0,0.0,0.0,1.0]]",f9c3d88b7382467b2ec04dd5ae374fee680315847de6bedc1a914bfc28437f22,f9c3d88b7382467b2ec04dd5ae374fee680315847de6bedc1a914bfc28437f22,db23d98d22361f9d1782a118ae00160662da81ab5dcaec618b28c8d945a53b7d,db23d98d22361f9d1782a118ae00160662da81ab5dcaec618b28c8d945a53b7d,True
FMB1_W03,S02,FMB1_W03_S02_Q02,1787147426.1565337,/home/lj/ZPRM/zero_perturbation_runtime/mid360_formal_batch1_ingest_v1/snapshots/FMB1_W03/S02/FMB1_W03_S02_Q02.npy,9147a2f034a2435ae841253ee3243b7e0281a531134f17f01a0f39da3535865b,/home/lj/ZPRM/zero_perturbation_runtime/mid360_formal_batch1_ingest_v1/targets/FMB1_W03/S02/target_points.npy,db23d98d22361f9d1782a118ae00160662da81ab5dcaec618b28c8d945a53b7d,"[[1.0,0.0,0.0,0.0],[0.0,1.0,0.0,0.0],[0.0,0.0,1.0,0.0],[0.0,0.0,0.0,1.0]]",9147a2f034a2435ae841253ee3243b7e0281a531134f17f01a0f39da3535865b,9147a2f034a2435ae841253ee3243b7e0281a531134f17f01a0f39da3535865b,db23d98d22361f9d1782a118ae00160662da81ab5dcaec618b28c8d945a53b7d,db23d98d22361f9d1782a118ae00160662da81ab5dcaec618b28c8d945a53b7d,True
FMB1_W03,S02,FMB1_W03_S02_Q03,1787147427.5555751,/home/lj/ZPRM/zero_perturbation_runtime/mid360_formal_batch1_ingest_v1/snapshots/FMB1_W03/S02/FMB1_W03_S02_Q03.npy,acbcdf21bac735e0f4c976fc1af68b50bfdb6f70cb3dacdf5d1679df2ef09f78,/home/lj/ZPRM/zero_perturbation_runtime/mid360_formal_batch1_ingest_v1/targets/FMB1_W03/S02/target_points.npy,db23d98d22361f9d1782a118ae00160662da81ab5dcaec618b28c8d945a53b7d,"[[1.0,0.0,0.0,0.0],[0.0,1.0,0.0,0.0],[0.0,0.0,1.0,0.0],[0.0,0.0,0.0,1.0]]",acbcdf21bac735e0f4c976fc1af68b50bfdb6f70cb3dacdf5d1679df2ef09f78,acbcdf21bac735e0f4c976fc1af68b50bfdb6f70cb3dacdf5d1679df2ef09f78,db23d98d22361f9d1782a118ae00160662da81ab5dcaec618b28c8d945a53b7d,db23d98d22361f9d1782a118ae00160662da81ab5dcaec618b28c8d945a53b7d,True
FMB1_W03,S02,FMB1_W03_S02_Q04,1787147429.0564759,/home/lj/ZPRM/zero_perturbation_runtime/mid360_formal_batch1_ingest_v1/snapshots/FMB1_W03/S02/FMB1_W03_S02_Q04.npy,1ff7db599ec894c717aa6b26a8fe90a08f2e8cef1cd84704e8057c68ae2401a3,/home/lj/ZPRM/zero_perturbation_runtime/mid360_formal_batch1_ingest_v1/targets/FMB1_W03/S02/target_points.npy,db23d98d22361f9d1782a118ae00160662da81ab5dcaec618b28c8d945a53b7d,"[[1.0,0.0,0.0,0.0],[0.0,1.0,0.0,0.0],[0.0,0.0,1.0,0.0],[0.0,0.0,0.0,1.0]]",1ff7db599ec894c717aa6b26a8fe90a08f2e8cef1cd84704e8057c68ae2401a3,1ff7db599ec894c717aa6b26a8fe90a08f2e8cef1cd84704e8057c68ae2401a3,db23d98d22361f9d1782a118ae00160662da81ab5dcaec618b28c8d945a53b7d,db23d98d22361f9d1782a118ae00160662da81ab5dcaec618b28c8d945a53b7d,True
FMB1_W03,S02,FMB1_W03_S02_Q05,1787147430.556666,/home/lj/ZPRM/zero_perturbation_runtime/mid360_formal_batch1_ingest_v1/snapshots/FMB1_W03/S02/FMB1_W03_S02_Q05.npy,37fdb5e7200ceb50fd9da0b0ce5526cefbe9fbaaef884e3e3cd095e6f22729fd,/home/lj/ZPRM/zero_perturbation_runtime/mid360_formal_batch1_ingest_v1/targets/FMB1_W03/S02/target_points.npy,db23d98d22361f9d1782a118ae00160662da81ab5dcaec618b28c8d945a53b7d,"[[1.0,0.0,0.0,0.0],[0.0,1.0,0.0,0.0],[0.0,0.0,1.0,0.0],[0.0,0.0,0.0,1.0]]",37fdb5e7200ceb50fd9da0b0ce5526cefbe9fbaaef884e3e3cd095e6f22729fd,37fdb5e7200ceb50fd9da0b0ce5526cefbe9fbaaef884e3e3cd095e6f22729fd,db23d98d22361f9d1782a118ae00160662da81ab5dcaec618b28c8d945a53b7d,db23d98d22361f9d1782a118ae00160662da81ab5dcaec618b28c8d945a53b7d,True
FMB1_W03,S02,FMB1_W03_S02_Q06,1787147431.955287,/home/lj/ZPRM/zero_perturbation_runtime/mid360_formal_batch1_ingest_v1/snapshots/FMB1_W03/S02/FMB1_W03_S02_Q06.npy,1d5d8315a81b052f178bdf3156ee994ab3bbc2c5fe955ae5a732e45498b93482,/home/lj/ZPRM/zero_perturbation_runtime/mid360_formal_batch1_ingest_v1/targets/FMB1_W03/S02/target_points.npy,db23d98d22361f9d1782a118ae00160662da81ab5dcaec618b28c8d945a53b7d,"[[1.0,0.0,0.0,0.0],[0.0,1.0,0.0,0.0],[0.0,0.0,1.0,0.0],[0.0,0.0,0.0,1.0]]",1d5d8315a81b052f178bdf3156ee994ab3bbc2c5fe955ae5a732e45498b93482,1d5d8315a81b052f178bdf3156ee994ab3bbc2c5fe955ae5a732e45498b93482,db23d98d22361f9d1782a118ae00160662da81ab5dcaec618b28c8d945a53b7d,db23d98d22361f9d1782a118ae00160662da81ab5dcaec618b28c8d945a53b7d,True
FMB1_W03,S02,FMB1_W03_S02_Q07,1787147433.4547837,/home/lj/ZPRM/zero_perturbation_runtime/mid360_formal_batch1_ingest_v1/snapshots/FMB1_W03/S02/FMB1_W03_S02_Q07.npy,50dc186b8a760fb468ed634afe75a4146b2f358c30deb0042f5f3f4bfa7d77dd,/home/lj/ZPRM/zero_perturbation_runtime/mid360_formal_batch1_ingest_v1/targets/FMB1_W03/S02/target_points.npy,db23d98d22361f9d1782a118ae00160662da81ab5dcaec618b28c8d945a53b7d,"[[1.0,0.0,0.0,0.0],[0.0,1.0,0.0,0.0],[0.0,0.0,1.0,0.0],[0.0,0.0,0.0,1.0]]",50dc186b8a760fb468ed634afe75a4146b2f358c30deb0042f5f3f4bfa7d77dd,50dc186b8a760fb468ed634afe75a4146b2f358c30deb0042f5f3f4bfa7d77dd,db23d98d22361f9d1782a118ae00160662da81ab5dcaec618b28c8d945a53b7d,db23d98d22361f9d1782a118ae00160662da81ab5dcaec618b28c8d945a53b7d,True
FMB1_W03,S02,FMB1_W03_S02_Q08,1787147434.8547552,/home/lj/ZPRM/zero_perturbation_runtime/mid360_formal_batch1_ingest_v1/snapshots/FMB1_W03/S02/FMB1_W03_S02_Q08.npy,a014a2f03a1f62bedcef7fe40fbe75c5ca6d8b7a8fe7f558b8d1e8cba898d118,/home/lj/ZPRM/zero_perturbation_runtime/mid360_formal_batch1_ingest_v1/targets/FMB1_W03/S02/target_points.npy,db23d98d22361f9d1782a118ae00160662da81ab5dcaec618b28c8d945a53b7d,"[[1.0,0.0,0.0,0.0],[0.0,1.0,0.0,0.0],[0.0,0.0,1.0,0.0],[0.0,0.0,0.0,1.0]]",a014a2f03a1f62bedcef7fe40fbe75c5ca6d8b7a8fe7f558b8d1e8cba898d118,a014a2f03a1f62bedcef7fe40fbe75c5ca6d8b7a8fe7f558b8d1e8cba898d118,db23d98d22361f9d1782a118ae00160662da81ab5dcaec618b28c8d945a53b7d,db23d98d22361f9d1782a118ae00160662da81ab5dcaec618b28c8d945a53b7d,True
FMB1_W03,S02,FMB1_W03_S02_Q09,1787147436.3557174,/home/lj/ZPRM/zero_perturbation_runtime/mid360_formal_batch1_ingest_v1/snapshots/FMB1_W03/S02/FMB1_W03_S02_Q09.npy,129e453a0ce7231aabcf818d2af2c373ee2da2844e18911e0d6c09078d390922,/home/lj/ZPRM/zero_perturbation_runtime/mid360_formal_batch1_ingest_v1/targets/FMB1_W03/S02/target_points.npy,db23d98d22361f9d1782a118ae00160662da81ab5dcaec618b28c8d945a53b7d,"[[1.0,0.0,0.0,0.0],[0.0,1.0,0.0,0.0],[0.0,0.0,1.0,0.0],[0.0,0.0,0.0,1.0]]",129e453a0ce7231aabcf818d2af2c373ee2da2844e18911e0d6c09078d390922,129e453a0ce7231aabcf818d2af2c373ee2da2844e18911e0d6c09078d390922,db23d98d22361f9d1782a118ae00160662da81ab5dcaec618b28c8d945a53b7d,db23d98d22361f9d1782a118ae00160662da81ab5dcaec618b28c8d945a53b7d,True
FMB1_W03,S02,FMB1_W03_S02_Q10,1787147437.857419,/home/lj/ZPRM/zero_perturbation_runtime/mid360_formal_batch1_ingest_v1/snapshots/FMB1_W03/S02/FMB1_W03_S02_Q10.npy,5dad339c57f1fc86abb17d4c4e68cbc9d975894f0980b87b7d04d1c69be6fd03,/home/lj/ZPRM/zero_perturbation_runtime/mid360_formal_batch1_ingest_v1/targets/FMB1_W03/S02/target_points.npy,db23d98d22361f9d1782a118ae00160662da81ab5dcaec618b28c8d945a53b7d,"[[1.0,0.0,0.0,0.0],[0.0,1.0,0.0,0.0],[0.0,0.0,1.0,0.0],[0.0,0.0,0.0,1.0]]",5dad339c57f1fc86abb17d4c4e68cbc9d975894f0980b87b7d04d1c69be6fd03,5dad339c57f1fc86abb17d4c4e68cbc9d975894f0980b87b7d04d1c69be6fd03,db23d98d22361f9d1782a118ae00160662da81ab5dcaec618b28c8d945a53b7d,db23d98d22361f9d1782a118ae00160662da81ab5dcaec618b28c8d945a53b7d,True
FMB1_W03,S03,FMB1_W03_S03_Q01,1787147539.1962261,/home/lj/ZPRM/zero_perturbation_runtime/mid360_formal_batch1_ingest_v1/snapshots/FMB1_W03/S03/FMB1_W03_S03_Q01.npy,cc66ca42fb002fcb23ce97c4b332d808bbebfbd1c2a081b424ad3375783bcf97,/home/lj/ZPRM/zero_perturbation_runtime/mid360_formal_batch1_ingest_v1/targets/FMB1_W03/S03/target_points.npy,c93642e480852abeaf29ef1b72c8e43a99f06b81bcc695b2f3effb3c05d30495,"[[1.0,0.0,0.0,0.0],[0.0,1.0,0.0,0.0],[0.0,0.0,1.0,0.0],[0.0,0.0,0.0,1.0]]",cc66ca42fb002fcb23ce97c4b332d808bbebfbd1c2a081b424ad3375783bcf97,cc66ca42fb002fcb23ce97c4b332d808bbebfbd1c2a081b424ad3375783bcf97,c93642e480852abeaf29ef1b72c8e43a99f06b81bcc695b2f3effb3c05d30495,c93642e480852abeaf29ef1b72c8e43a99f06b81bcc695b2f3effb3c05d30495,True
FMB1_W03,S03,FMB1_W03_S03_Q02,1787147540.6952796,/home/lj/ZPRM/zero_perturbation_runtime/mid360_formal_batch1_ingest_v1/snapshots/FMB1_W03/S03/FMB1_W03_S03_Q02.npy,925ed9b5de703e64edfd5e87f2f7f6eb329ef45f40acc8c3964cb1b88bd8f0ae,/home/lj/ZPRM/zero_perturbation_runtime/mid360_formal_batch1_ingest_v1/targets/FMB1_W03/S03/target_points.npy,c93642e480852abeaf29ef1b72c8e43a99f06b81bcc695b2f3effb3c05d30495,"[[1.0,0.0,0.0,0.0],[0.0,1.0,0.0,0.0],[0.0,0.0,1.0,0.0],[0.0,0.0,0.0,1.0]]",925ed9b5de703e64edfd5e87f2f7f6eb329ef45f40acc8c3964cb1b88bd8f0ae,925ed9b5de703e64edfd5e87f2f7f6eb329ef45f40acc8c3964cb1b88bd8f0ae,c93642e480852abeaf29ef1b72c8e43a99f06b81bcc695b2f3effb3c05d30495,c93642e480852abeaf29ef1b72c8e43a99f06b81bcc695b2f3effb3c05d30495,True
FMB1_W03,S03,FMB1_W03_S03_Q03,1787147542.1953201,/home/lj/ZPRM/zero_perturbation_runtime/mid360_formal_batch1_ingest_v1/snapshots/FMB1_W03/S03/FMB1_W03_S03_Q03.npy,80907eb97460523d6d6bd76c856d92ae40c0f2bf7ec493cb2e87dddbc42d309b,/home/lj/ZPRM/zero_perturbation_runtime/mid360_formal_batch1_ingest_v1/targets/FMB1_W03/S03/target_points.npy,c93642e480852abeaf29ef1b72c8e43a99f06b81bcc695b2f3effb3c05d30495,"[[1.0,0.0,0.0,0.0],[0.0,1.0,0.0,0.0],[0.0,0.0,1.0,0.0],[0.0,0.0,0.0,1.0]]",80907eb97460523d6d6bd76c856d92ae40c0f2bf7ec493cb2e87dddbc42d309b,80907eb97460523d6d6bd76c856d92ae40c0f2bf7ec493cb2e87dddbc42d309b,c93642e480852abeaf29ef1b72c8e43a99f06b81bcc695b2f3effb3c05d30495,c93642e480852abeaf29ef1b72c8e43a99f06b81bcc695b2f3effb3c05d30495,True
FMB1_W03,S03,FMB1_W03_S03_Q04,1787147543.5941756,/home/lj/ZPRM/zero_perturbation_runtime/mid360_formal_batch1_ingest_v1/snapshots/FMB1_W03/S03/FMB1_W03_S03_Q04.npy,24e098df44c30d72921c0b8d0650bed5fad12a2e9b67c69de8cfe71468957cd5,/home/lj/ZPRM/zero_perturbation_runtime/mid360_formal_batch1_ingest_v1/targets/FMB1_W03/S03/target_points.npy,c93642e480852abeaf29ef1b72c8e43a99f06b81bcc695b2f3effb3c05d30495,"[[1.0,0.0,0.0,0.0],[0.0,1.0,0.0,0.0],[0.0,0.0,1.0,0.0],[0.0,0.0,0.0,1.0]]",24e098df44c30d72921c0b8d0650bed5fad12a2e9b67c69de8cfe71468957cd5,24e098df44c30d72921c0b8d0650bed5fad12a2e9b67c69de8cfe71468957cd5,c93642e480852abeaf29ef1b72c8e43a99f06b81bcc695b2f3effb3c05d30495,c93642e480852abeaf29ef1b72c8e43a99f06b81bcc695b2f3effb3c05d30495,True
FMB1_W03,S03,FMB1_W03_S03_Q05,1787147545.0954263,/home/lj/ZPRM/zero_perturbation_runtime/mid360_formal_batch1_ingest_v1/snapshots/FMB1_W03/S03/FMB1_W03_S03_Q05.npy,4f7fe5d103720c6631ee19e43a27f0b5380e7eba386377a5a1bb4eb9c851581d,/home/lj/ZPRM/zero_perturbation_runtime/mid360_formal_batch1_ingest_v1/targets/FMB1_W03/S03/target_points.npy,c93642e480852abeaf29ef1b72c8e43a99f06b81bcc695b2f3effb3c05d30495,"[[1.0,0.0,0.0,0.0],[0.0,1.0,0.0,0.0],[0.0,0.0,1.0,0.0],[0.0,0.0,0.0,1.0]]",4f7fe5d103720c6631ee19e43a27f0b5380e7eba386377a5a1bb4eb9c851581d,4f7fe5d103720c6631ee19e43a27f0b5380e7eba386377a5a1bb4eb9c851581d,c93642e480852abeaf29ef1b72c8e43a99f06b81bcc695b2f3effb3c05d30495,c93642e480852abeaf29ef1b72c8e43a99f06b81bcc695b2f3effb3c05d30495,True
FMB1_W03,S03,FMB1_W03_S03_Q06,1787147546.595497,/home/lj/ZPRM/zero_perturbation_runtime/mid360_formal_batch1_ingest_v1/snapshots/FMB1_W03/S03/FMB1_W03_S03_Q06.npy,07f329a761726f602297af40f555cd5a3a59d4b572e8669d3b27f3766e747ffc,/home/lj/ZPRM/zero_perturbation_runtime/mid360_formal_batch1_ingest_v1/targets/FMB1_W03/S03/target_points.npy,c93642e480852abeaf29ef1b72c8e43a99f06b81bcc695b2f3effb3c05d30495,"[[1.0,0.0,0.0,0.0],[0.0,1.0,0.0,0.0],[0.0,0.0,1.0,0.0],[0.0,0.0,0.0,1.0]]",07f329a761726f602297af40f555cd5a3a59d4b572e8669d3b27f3766e747ffc,07f329a761726f602297af40f555cd5a3a59d4b572e8669d3b27f3766e747ffc,c93642e480852abeaf29ef1b72c8e43a99f06b81bcc695b2f3effb3c05d30495,c93642e480852abeaf29ef1b72c8e43a99f06b81bcc695b2f3effb3c05d30495,True
FMB1_W03,S03,FMB1_W03_S03_Q07,1787147548.0959637,/home/lj/ZPRM/zero_perturbation_runtime/mid360_formal_batch1_ingest_v1/snapshots/FMB1_W03/S03/FMB1_W03_S03_Q07.npy,4b3c203abf39137a500f445ef4fe40e3574d480965111f6de674f812e8a7f545,/home/lj/ZPRM/zero_perturbation_runtime/mid360_formal_batch1_ingest_v1/targets/FMB1_W03/S03/target_points.npy,c93642e480852abeaf29ef1b72c8e43a99f06b81bcc695b2f3effb3c05d30495,"[[1.0,0.0,0.0,0.0],[0.0,1.0,0.0,0.0],[0.0,0.0,1.0,0.0],[0.0,0.0,0.0,1.0]]",4b3c203abf39137a500f445ef4fe40e3574d480965111f6de674f812e8a7f545,4b3c203abf39137a500f445ef4fe40e3574d480965111f6de674f812e8a7f545,c93642e480852abeaf29ef1b72c8e43a99f06b81bcc695b2f3effb3c05d30495,c93642e480852abeaf29ef1b72c8e43a99f06b81bcc695b2f3effb3c05d30495,True
FMB1_W03,S03,FMB1_W03_S03_Q08,1787147549.4956157,/home/lj/ZPRM/zero_perturbation_runtime/mid360_formal_batch1_ingest_v1/snapshots/FMB1_W03/S03/FMB1_W03_S03_Q08.npy,d67d5306d3020517ab8fe72ecfdc78cbdbfc6c169b2732ed69c12b6338ff7eb4,/home/lj/ZPRM/zero_perturbation_runtime/mid360_formal_batch1_ingest_v1/targets/FMB1_W03/S03/target_points.npy,c93642e480852abeaf29ef1b72c8e43a99f06b81bcc695b2f3effb3c05d30495,"[[1.0,0.0,0.0,0.0],[0.0,1.0,0.0,0.0],[0.0,0.0,1.0,0.0],[0.0,0.0,0.0,1.0]]",d67d5306d3020517ab8fe72ecfdc78cbdbfc6c169b2732ed69c12b6338ff7eb4,d67d5306d3020517ab8fe72ecfdc78cbdbfc6c169b2732ed69c12b6338ff7eb4,c93642e480852abeaf29ef1b72c8e43a99f06b81bcc695b2f3effb3c05d30495,c93642e480852abeaf29ef1b72c8e43a99f06b81bcc695b2f3effb3c05d30495,True
FMB1_W03,S03,FMB1_W03_S03_Q09,1787147550.9957154,/home/lj/ZPRM/zero_perturbation_runtime/mid360_formal_batch1_ingest_v1/snapshots/FMB1_W03/S03/FMB1_W03_S03_Q09.npy,83b65b18c24cc6ad6d718499ae911fbee0280689ccba139e8c8406fd1957ea26,/home/lj/ZPRM/zero_perturbation_runtime/mid360_formal_batch1_ingest_v1/targets/FMB1_W03/S03/target_points.npy,c93642e480852abeaf29ef1b72c8e43a99f06b81bcc695b2f3effb3c05d30495,"[[1.0,0.0,0.0,0.0],[0.0,1.0,0.0,0.0],[0.0,0.0,1.0,0.0],[0.0,0.0,0.0,1.0]]",83b65b18c24cc6ad6d718499ae911fbee0280689ccba139e8c8406fd1957ea26,83b65b18c24cc6ad6d718499ae911fbee0280689ccba139e8c8406fd1957ea26,c93642e480852abeaf29ef1b72c8e43a99f06b81bcc695b2f3effb3c05d30495,c93642e480852abeaf29ef1b72c8e43a99f06b81bcc695b2f3effb3c05d30495,True
FMB1_W03,S03,FMB1_W03_S03_Q10,1787147552.4971538,/home/lj/ZPRM/zero_perturbation_runtime/mid360_formal_batch1_ingest_v1/snapshots/FMB1_W03/S03/FMB1_W03_S03_Q10.npy,e98c6f12e898a0cd928da8277c109adc52ca58203f3ef04f07c05a9671c3859c,/home/lj/ZPRM/zero_perturbation_runtime/mid360_formal_batch1_ingest_v1/targets/FMB1_W03/S03/target_points.npy,c93642e480852abeaf29ef1b72c8e43a99f06b81bcc695b2f3effb3c05d30495,"[[1.0,0.0,0.0,0.0],[0.0,1.0,0.0,0.0],[0.0,0.0,1.0,0.0],[0.0,0.0,0.0,1.0]]",e98c6f12e898a0cd928da8277c109adc52ca58203f3ef04f07c05a9671c3859c,e98c6f12e898a0cd928da8277c109adc52ca58203f3ef04f07c05a9671c3859c,c93642e480852abeaf29ef1b72c8e43a99f06b81bcc695b2f3effb3c05d30495,c93642e480852abeaf29ef1b72c8e43a99f06b81bcc695b2f3effb3c05d30495,True
