scene_id,station_id,snapshot_id,selection_index,quantile,candidate_count,target_sequence_rank,selected_sequence_rank,query_frame_index,query_timestamp,query_bag_sha256,source_path,source_npy_sha256,source_array_sha256,source_point_count,target_npy_sha256,target_array_sha256,selection_method,selection_frozen_before_registration,source_size_bytes
FMB1_R01,S01,FMB1_R01_S01_Q01,0,0.05,148,7.3500000000000005,7,7,1787144103.7640028,2611163603dcecf427f44a4db42eecfc5de661596b880ec60e595baec861a4db,/home/lj/ZPRM/zero_perturbation_runtime/mid360_formal_batch1_ingest_v1/snapshots/FMB1_R01/S01/FMB1_R01_S01_Q01.npy,b138575f54b85431360e767afed21bf0689d9289c0be93b12df7463f6c5f6a91,bde2c6817d834347b8b86cc30db5edda2faa5c0f563c77cc3aeeb413189ce776,16007,720673d9b628a1f642026936b6fec5fb3e59a4f7472f5f84713a4f1d99756ad2,90fed5cad99bb2279358050d6a13cca42a1fe753a4982806677dd19bc56c2f6d,FIXED_QUANTILE_SEQUENCE_RANK_NEAREST_UNUSED_EARLIER_TIE,True,384296
FMB1_R01,S01,FMB1_R01_S01_Q02,1,0.15,148,22.05,22,22,1787144105.2641664,2611163603dcecf427f44a4db42eecfc5de661596b880ec60e595baec861a4db,/home/lj/ZPRM/zero_perturbation_runtime/mid360_formal_batch1_ingest_v1/snapshots/FMB1_R01/S01/FMB1_R01_S01_Q02.npy,e7ccc5916d176f912d51ac21ade3528baedaa7b7487a798d389edfd822270df5,2da64d5290119a0b98636b2adfe31eb6d8d775b2d7f612c716bdc3454e378e25,16032,720673d9b628a1f642026936b6fec5fb3e59a4f7472f5f84713a4f1d99756ad2,90fed5cad99bb2279358050d6a13cca42a1fe753a4982806677dd19bc56c2f6d,FIXED_QUANTILE_SEQUENCE_RANK_NEAREST_UNUSED_EARLIER_TIE,True,384896
FMB1_R01,S01,FMB1_R01_S01_Q03,2,0.25,148,36.75,37,37,1787144106.7641795,2611163603dcecf427f44a4db42eecfc5de661596b880ec60e595baec861a4db,/home/lj/ZPRM/zero_perturbation_runtime/mid360_formal_batch1_ingest_v1/snapshots/FMB1_R01/S01/FMB1_R01_S01_Q03.npy,5aca332fab82ff8f6256ff441126ae9a5430f97bc6d3bc658606f7105ea18cd6,dca140c321eede8feac278061109586149e9826cff556413001b692e8b1a88b1,15978,720673d9b628a1f642026936b6fec5fb3e59a4f7472f5f84713a4f1d99756ad2,90fed5cad99bb2279358050d6a13cca42a1fe753a4982806677dd19bc56c2f6d,FIXED_QUANTILE_SEQUENCE_RANK_NEAREST_UNUSED_EARLIER_TIE,True,383600
FMB1_R01,S01,FMB1_R01_S01_Q04,3,0.35,148,51.449999999999996,51,51,1787144108.1653411,2611163603dcecf427f44a4db42eecfc5de661596b880ec60e595baec861a4db,/home/lj/ZPRM/zero_perturbation_runtime/mid360_formal_batch1_ingest_v1/snapshots/FMB1_R01/S01/FMB1_R01_S01_Q04.npy,2b498c7764b5839ed3681a291f0e3d655f162cba08551761139ca9403f02e65c,6c887e18e7e97c8543569aa8188055ec368f75094db85b0091db254ced88959a,15942,720673d9b628a1f642026936b6fec5fb3e59a4f7472f5f84713a4f1d99756ad2,90fed5cad99bb2279358050d6a13cca42a1fe753a4982806677dd19bc56c2f6d,FIXED_QUANTILE_SEQUENCE_RANK_NEAREST_UNUSED_EARLIER_TIE,True,382736
FMB1_R01,S01,FMB1_R01_S01_Q05,4,0.45,148,66.15,66,66,1787144109.6639335,2611163603dcecf427f44a4db42eecfc5de661596b880ec60e595baec861a4db,/home/lj/ZPRM/zero_perturbation_runtime/mid360_formal_batch1_ingest_v1/snapshots/FMB1_R01/S01/FMB1_R01_S01_Q05.npy,2eb1ac29fd0d65185ea9f59d074898378b2776a640ebb8662045d14500669748,02fe7a77479380ecfcf699f65ddd61425ccf61f74c75bec618239eb3f99c4e01,16031,720673d9b628a1f642026936b6fec5fb3e59a4f7472f5f84713a4f1d99756ad2,90fed5cad99bb2279358050d6a13cca42a1fe753a4982806677dd19bc56c2f6d,FIXED_QUANTILE_SEQUENCE_RANK_NEAREST_UNUSED_EARLIER_TIE,True,384872
FMB1_R01,S01,FMB1_R01_S01_Q06,5,0.55,148,80.85000000000001,81,81,1787144111.1628811,2611163603dcecf427f44a4db42eecfc5de661596b880ec60e595baec861a4db,/home/lj/ZPRM/zero_perturbation_runtime/mid360_formal_batch1_ingest_v1/snapshots/FMB1_R01/S01/FMB1_R01_S01_Q06.npy,dbdae97a20b42aeae972321409722960c5c0bbf36a11d192cc4140f0ee4344bc,425b30ebdc4f7913b5f3bfd7b960a8bb4d5916abf636f2fd76bdc39143c24d0b,16145,720673d9b628a1f642026936b6fec5fb3e59a4f7472f5f84713a4f1d99756ad2,90fed5cad99bb2279358050d6a13cca42a1fe753a4982806677dd19bc56c2f6d,FIXED_QUANTILE_SEQUENCE_RANK_NEAREST_UNUSED_EARLIER_TIE,True,387608
FMB1_R01,S01,FMB1_R01_S01_Q07,6,0.65,148,95.55,96,96,1787144112.6651077,2611163603dcecf427f44a4db42eecfc5de661596b880ec60e595baec861a4db,/home/lj/ZPRM/zero_perturbation_runtime/mid360_formal_batch1_ingest_v1/snapshots/FMB1_R01/S01/FMB1_R01_S01_Q07.npy,0fa1c343914d270f22c221aa9462c7a0aff8fa7285aabe9913ed918d7286b0fc,34dd5bc16485352efb3464851d586df3a5367497624f354007764714e1a1f996,16025,720673d9b628a1f642026936b6fec5fb3e59a4f7472f5f84713a4f1d99756ad2,90fed5cad99bb2279358050d6a13cca42a1fe753a4982806677dd19bc56c2f6d,FIXED_QUANTILE_SEQUENCE_RANK_NEAREST_UNUSED_EARLIER_TIE,True,384728
FMB1_R01,S01,FMB1_R01_S01_Q08,7,0.75,148,110.25,110,110,1787144114.06477,2611163603dcecf427f44a4db42eecfc5de661596b880ec60e595baec861a4db,/home/lj/ZPRM/zero_perturbation_runtime/mid360_formal_batch1_ingest_v1/snapshots/FMB1_R01/S01/FMB1_R01_S01_Q08.npy,494923af855a191f271e9476d0938c577cf4daa987ea5e60618543c45b55310c,3686265c33911fe1252e45931ae5f8296cfb84dccb9312b4e41a1d5fa796dccf,16110,720673d9b628a1f642026936b6fec5fb3e59a4f7472f5f84713a4f1d99756ad2,90fed5cad99bb2279358050d6a13cca42a1fe753a4982806677dd19bc56c2f6d,FIXED_QUANTILE_SEQUENCE_RANK_NEAREST_UNUSED_EARLIER_TIE,True,386768
FMB1_R01,S01,FMB1_R01_S01_Q09,8,0.85,148,124.95,125,125,1787144115.563863,2611163603dcecf427f44a4db42eecfc5de661596b880ec60e595baec861a4db,/home/lj/ZPRM/zero_perturbation_runtime/mid360_formal_batch1_ingest_v1/snapshots/FMB1_R01/S01/FMB1_R01_S01_Q09.npy,6c8abaf6f9e5b4ba9e71f9f0c8a94e718210d6a4538f4ba7c9c62cc723aa1dbe,1ca8e326ab8654cf2d9e836b000dfcd1229efb0dc19e830bfc1a4f07813045f1,16014,720673d9b628a1f642026936b6fec5fb3e59a4f7472f5f84713a4f1d99756ad2,90fed5cad99bb2279358050d6a13cca42a1fe753a4982806677dd19bc56c2f6d,FIXED_QUANTILE_SEQUENCE_RANK_NEAREST_UNUSED_EARLIER_TIE,True,384464
FMB1_R01,S01,FMB1_R01_S01_Q10,9,0.95,148,139.65,140,140,1787144117.0637145,2611163603dcecf427f44a4db42eecfc5de661596b880ec60e595baec861a4db,/home/lj/ZPRM/zero_perturbation_runtime/mid360_formal_batch1_ingest_v1/snapshots/FMB1_R01/S01/FMB1_R01_S01_Q10.npy,1f707f8c43d10a01147a5035041fb8f7ef9b579fcd35a14a6ed4be58d7371a39,d7d42a3f57316ea23746c372c2eaa6abfc79c6c958c5b71ee27b7db641bf6714,16001,720673d9b628a1f642026936b6fec5fb3e59a4f7472f5f84713a4f1d99756ad2,90fed5cad99bb2279358050d6a13cca42a1fe753a4982806677dd19bc56c2f6d,FIXED_QUANTILE_SEQUENCE_RANK_NEAREST_UNUSED_EARLIER_TIE,True,384152
FMB1_R01,S02,FMB1_R01_S02_Q01,0,0.05,148,7.3500000000000005,7,7,1787144260.06838,e7b17a656c62af36298945cef76f1dfcf32143bdf09d8aa5bf0359689b410b75,/home/lj/ZPRM/zero_perturbation_runtime/mid360_formal_batch1_ingest_v1/snapshots/FMB1_R01/S02/FMB1_R01_S02_Q01.npy,462e58006ac28a7df37052eb23993a63fdb211f4f5e079ec357dae7e3d5117b1,61a120618a3c745fe401f1c55064f3a4b72f98f7781a7f6bd907a3d3cd40bd0b,15092,9fb178c817d62101fd71f29b3a96aa9c6ce3bfa13789e99a24871ea85aa3e431,6eb160a0acb754097333104a1d275b1116060e2aedb3404eeabf254cc321440d,FIXED_QUANTILE_SEQUENCE_RANK_NEAREST_UNUSED_EARLIER_TIE,True,362336
FMB1_R01,S02,FMB1_R01_S02_Q02,1,0.15,148,22.05,22,22,1787144261.5702286,e7b17a656c62af36298945cef76f1dfcf32143bdf09d8aa5bf0359689b410b75,/home/lj/ZPRM/zero_perturbation_runtime/mid360_formal_batch1_ingest_v1/snapshots/FMB1_R01/S02/FMB1_R01_S02_Q02.npy,3ec7064b682ecee100e5f69188f6dc8a210ec1fad60a2a0eb44c27c8a538376a,8b7ca0ce369fb0cef6bbef1123cc14d065b46491dfc1fcc8ad2532344797a1f6,14699,9fb178c817d62101fd71f29b3a96aa9c6ce3bfa13789e99a24871ea85aa3e431,6eb160a0acb754097333104a1d275b1116060e2aedb3404eeabf254cc321440d,FIXED_QUANTILE_SEQUENCE_RANK_NEAREST_UNUSED_EARLIER_TIE,True,352904
FMB1_R01,S02,FMB1_R01_S02_Q03,2,0.25,148,36.75,37,37,1787144263.0733047,e7b17a656c62af36298945cef76f1dfcf32143bdf09d8aa5bf0359689b410b75,/home/lj/ZPRM/zero_perturbation_runtime/mid360_formal_batch1_ingest_v1/snapshots/FMB1_R01/S02/FMB1_R01_S02_Q03.npy,aaf8ab1c3c96e82c4c10d6b5f0cdde74bb3344997183b7bdf6c3d24e377529d1,b2f728066dd99799d145e0a11acc5cdbbdbff077480a1d20b7f10314cdb07f27,14654,9fb178c817d62101fd71f29b3a96aa9c6ce3bfa13789e99a24871ea85aa3e431,6eb160a0acb754097333104a1d275b1116060e2aedb3404eeabf254cc321440d,FIXED_QUANTILE_SEQUENCE_RANK_NEAREST_UNUSED_EARLIER_TIE,True,351824
FMB1_R01,S02,FMB1_R01_S02_Q04,3,0.35,148,51.449999999999996,51,51,1787144264.4697597,e7b17a656c62af36298945cef76f1dfcf32143bdf09d8aa5bf0359689b410b75,/home/lj/ZPRM/zero_perturbation_runtime/mid360_formal_batch1_ingest_v1/snapshots/FMB1_R01/S02/FMB1_R01_S02_Q04.npy,a5e265709286a36f582f1e328c16eb267d7a96f91e032c93dd64273fbed0cc3c,5b84aade849e65bc7691f9312e771de5da7153a9d581a2046a08f0b8b2f4d1e3,14832,9fb178c817d62101fd71f29b3a96aa9c6ce3bfa13789e99a24871ea85aa3e431,6eb160a0acb754097333104a1d275b1116060e2aedb3404eeabf254cc321440d,FIXED_QUANTILE_SEQUENCE_RANK_NEAREST_UNUSED_EARLIER_TIE,True,356096
FMB1_R01,S02,FMB1_R01_S02_Q05,4,0.45,148,66.15,66,66,1787144265.9707358,e7b17a656c62af36298945cef76f1dfcf32143bdf09d8aa5bf0359689b410b75,/home/lj/ZPRM/zero_perturbation_runtime/mid360_formal_batch1_ingest_v1/snapshots/FMB1_R01/S02/FMB1_R01_S02_Q05.npy,4188bd9d2c52a467301bf538c7d760148a13df46459c399fd44e52cbacbeaa6a,921b723e37c0e38ba14828511bc19313c0f469dc971b755724d49d86c46f742d,14719,9fb178c817d62101fd71f29b3a96aa9c6ce3bfa13789e99a24871ea85aa3e431,6eb160a0acb754097333104a1d275b1116060e2aedb3404eeabf254cc321440d,FIXED_QUANTILE_SEQUENCE_RANK_NEAREST_UNUSED_EARLIER_TIE,True,353384
FMB1_R01,S02,FMB1_R01_S02_Q06,5,0.55,148,80.85000000000001,81,81,1787144267.4695487,e7b17a656c62af36298945cef76f1dfcf32143bdf09d8aa5bf0359689b410b75,/home/lj/ZPRM/zero_perturbation_runtime/mid360_formal_batch1_ingest_v1/snapshots/FMB1_R01/S02/FMB1_R01_S02_Q06.npy,23b3a6ca8da5edceaed94caca667eb3ddb1955edae36e188be53009a56cf9634,53c92e9cbfdf226a87f3d504a67a26ce1bbfae3a40f2ff56a11d97e50e975a01,14546,9fb178c817d62101fd71f29b3a96aa9c6ce3bfa13789e99a24871ea85aa3e431,6eb160a0acb754097333104a1d275b1116060e2aedb3404eeabf254cc321440d,FIXED_QUANTILE_SEQUENCE_RANK_NEAREST_UNUSED_EARLIER_TIE,True,349232
FMB1_R01,S02,FMB1_R01_S02_Q07,6,0.65,148,95.55,96,96,1787144268.9693923,e7b17a656c62af36298945cef76f1dfcf32143bdf09d8aa5bf0359689b410b75,/home/lj/ZPRM/zero_perturbation_runtime/mid360_formal_batch1_ingest_v1/snapshots/FMB1_R01/S02/FMB1_R01_S02_Q07.npy,0c75ce6fd889fbf1b59fec6f2fac596e7db743fab4ba310cf277fb6e0e3eec5a,f618734be517467172804f7e6f2f9a77da865f3549dc0042fe7461eb08fa08b3,14724,9fb178c817d62101fd71f29b3a96aa9c6ce3bfa13789e99a24871ea85aa3e431,6eb160a0acb754097333104a1d275b1116060e2aedb3404eeabf254cc321440d,FIXED_QUANTILE_SEQUENCE_RANK_NEAREST_UNUSED_EARLIER_TIE,True,353504
FMB1_R01,S02,FMB1_R01_S02_Q08,7,0.75,148,110.25,110,110,1787144270.3694787,e7b17a656c62af36298945cef76f1dfcf32143bdf09d8aa5bf0359689b410b75,/home/lj/ZPRM/zero_perturbation_runtime/mid360_formal_batch1_ingest_v1/snapshots/FMB1_R01/S02/FMB1_R01_S02_Q08.npy,5dcc940e7a6973adca01fed2e2fe6af1e60ca9e971aaf9c7b85c7c2e3d6cb4f0,163000bcccfc3456bcbdda546563927dbd3542fc49cd2d02eaf64ea0a7c81a01,14613,9fb178c817d62101fd71f29b3a96aa9c6ce3bfa13789e99a24871ea85aa3e431,6eb160a0acb754097333104a1d275b1116060e2aedb3404eeabf254cc321440d,FIXED_QUANTILE_SEQUENCE_RANK_NEAREST_UNUSED_EARLIER_TIE,True,350840
FMB1_R01,S02,FMB1_R01_S02_Q09,8,0.85,148,124.95,125,125,1787144271.86952,e7b17a656c62af36298945cef76f1dfcf32143bdf09d8aa5bf0359689b410b75,/home/lj/ZPRM/zero_perturbation_runtime/mid360_formal_batch1_ingest_v1/snapshots/FMB1_R01/S02/FMB1_R01_S02_Q09.npy,b9fd4a12939c8db1c643b92807318d4f73b6d0b46f8639b2d56bf8c013767312,6f51d6eedf296d7682c41b6827b25d4a570d432ea83dab4ef38adfbf0263e1c1,14792,9fb178c817d62101fd71f29b3a96aa9c6ce3bfa13789e99a24871ea85aa3e431,6eb160a0acb754097333104a1d275b1116060e2aedb3404eeabf254cc321440d,FIXED_QUANTILE_SEQUENCE_RANK_NEAREST_UNUSED_EARLIER_TIE,True,355136
FMB1_R01,S02,FMB1_R01_S02_Q10,9,0.95,148,139.65,140,140,1787144273.3694143,e7b17a656c62af36298945cef76f1dfcf32143bdf09d8aa5bf0359689b410b75,/home/lj/ZPRM/zero_perturbation_runtime/mid360_formal_batch1_ingest_v1/snapshots/FMB1_R01/S02/FMB1_R01_S02_Q10.npy,2cb96aaf30d7968637e154bb171423be970a6acdd7be0a6ea66b7a7ca45affa0,bf01e4fa83f1a5845d8fbe13696adf417d959c2bf983caf7aa33b4aa96d90d03,14703,9fb178c817d62101fd71f29b3a96aa9c6ce3bfa13789e99a24871ea85aa3e431,6eb160a0acb754097333104a1d275b1116060e2aedb3404eeabf254cc321440d,FIXED_QUANTILE_SEQUENCE_RANK_NEAREST_UNUSED_EARLIER_TIE,True,353000
FMB1_R01,S03,FMB1_R01_S03_Q01,0,0.05,148,7.3500000000000005,7,7,1787144411.6246002,1928a64316b7424c27201b57246948ca0cbbb0133a129814bfb7eaab494251a7,/home/lj/ZPRM/zero_perturbation_runtime/mid360_formal_batch1_ingest_v1/snapshots/FMB1_R01/S03/FMB1_R01_S03_Q01.npy,3d9fc8176c989e926fd95108f25c35a72f3aea7b08c23c25680546afca49e797,c9ddf1255b59cf0765996a5fea20667dfe555df8c3679be9099cfc2aff6d4a7e,14446,1aeaa921ed894587b4b9e42c42b66107bf41bed441f7727a8d4880994c4dfcad,3436351ecfb3599c42b0394814b21cbc0b6c351313445f1c3e4c8ef110dd6791,FIXED_QUANTILE_SEQUENCE_RANK_NEAREST_UNUSED_EARLIER_TIE,True,346832
FMB1_R01,S03,FMB1_R01_S03_Q02,1,0.15,148,22.05,22,22,1787144413.1310403,1928a64316b7424c27201b57246948ca0cbbb0133a129814bfb7eaab494251a7,/home/lj/ZPRM/zero_perturbation_runtime/mid360_formal_batch1_ingest_v1/snapshots/FMB1_R01/S03/FMB1_R01_S03_Q02.npy,17899169a05a4afc1d925331cb2cd8681c4dc1e64c9356ace14df4e54a31ea3d,83cd9dd0b04b1c146c27d380498fc64f5618806fb73293132e5914ce032251d4,14535,1aeaa921ed894587b4b9e42c42b66107bf41bed441f7727a8d4880994c4dfcad,3436351ecfb3599c42b0394814b21cbc0b6c351313445f1c3e4c8ef110dd6791,FIXED_QUANTILE_SEQUENCE_RANK_NEAREST_UNUSED_EARLIER_TIE,True,348968
FMB1_R01,S03,FMB1_R01_S03_Q03,2,0.25,148,36.75,37,37,1787144414.6246254,1928a64316b7424c27201b57246948ca0cbbb0133a129814bfb7eaab494251a7,/home/lj/ZPRM/zero_perturbation_runtime/mid360_formal_batch1_ingest_v1/snapshots/FMB1_R01/S03/FMB1_R01_S03_Q03.npy,67871696653151109e0664d311442eafa74b4e55cbd7449ac77bab09b28127ea,b8bb767f0efc4a430797082998925fb8b75b81fa645f2af83a75da65dc20c264,14643,1aeaa921ed894587b4b9e42c42b66107bf41bed441f7727a8d4880994c4dfcad,3436351ecfb3599c42b0394814b21cbc0b6c351313445f1c3e4c8ef110dd6791,FIXED_QUANTILE_SEQUENCE_RANK_NEAREST_UNUSED_EARLIER_TIE,True,351560
FMB1_R01,S03,FMB1_R01_S03_Q04,3,0.35,148,51.449999999999996,51,51,1787144416.0254169,1928a64316b7424c27201b57246948ca0cbbb0133a129814bfb7eaab494251a7,/home/lj/ZPRM/zero_perturbation_runtime/mid360_formal_batch1_ingest_v1/snapshots/FMB1_R01/S03/FMB1_R01_S03_Q04.npy,e74cb84fd8683ca19038544eacac88bfe9973f0c73c179fe0350870a6023efa3,71a67796c6c739d0bf40556ae8c87c3414e1f86200ac4881c25aa8af3a674399,14594,1aeaa921ed894587b4b9e42c42b66107bf41bed441f7727a8d4880994c4dfcad,3436351ecfb3599c42b0394814b21cbc0b6c351313445f1c3e4c8ef110dd6791,FIXED_QUANTILE_SEQUENCE_RANK_NEAREST_UNUSED_EARLIER_TIE,True,350384
FMB1_R01,S03,FMB1_R01_S03_Q05,4,0.45,148,66.15,66,66,1787144417.5246296,1928a64316b7424c27201b57246948ca0cbbb0133a129814bfb7eaab494251a7,/home/lj/ZPRM/zero_perturbation_runtime/mid360_formal_batch1_ingest_v1/snapshots/FMB1_R01/S03/FMB1_R01_S03_Q05.npy,1981d814371985b75034d280174d66508fecce3c05c1e340ad913d8ec9918b25,57e847ae105fed12adfc8fac5b9c097faeddc8a9adef9ed7bde412961489f51e,14436,1aeaa921ed894587b4b9e42c42b66107bf41bed441f7727a8d4880994c4dfcad,3436351ecfb3599c42b0394814b21cbc0b6c351313445f1c3e4c8ef110dd6791,FIXED_QUANTILE_SEQUENCE_RANK_NEAREST_UNUSED_EARLIER_TIE,True,346592
FMB1_R01,S03,FMB1_R01_S03_Q06,5,0.55,148,80.85000000000001,81,81,1787144419.025579,1928a64316b7424c27201b57246948ca0cbbb0133a129814bfb7eaab494251a7,/home/lj/ZPRM/zero_perturbation_runtime/mid360_formal_batch1_ingest_v1/snapshots/FMB1_R01/S03/FMB1_R01_S03_Q06.npy,664cfe9dce98f9357941cddf07d5a87fb9634aa9c6d5705f182c25be1e1288aa,f24ffcc44dc2b785c305a7894abd9b432c3f0b0499e2c87f87745fb18c614290,14482,1aeaa921ed894587b4b9e42c42b66107bf41bed441f7727a8d4880994c4dfcad,3436351ecfb3599c42b0394814b21cbc0b6c351313445f1c3e4c8ef110dd6791,FIXED_QUANTILE_SEQUENCE_RANK_NEAREST_UNUSED_EARLIER_TIE,True,347696
FMB1_R01,S03,FMB1_R01_S03_Q07,6,0.65,148,95.55,96,96,1787144420.5263624,1928a64316b7424c27201b57246948ca0cbbb0133a129814bfb7eaab494251a7,/home/lj/ZPRM/zero_perturbation_runtime/mid360_formal_batch1_ingest_v1/snapshots/FMB1_R01/S03/FMB1_R01_S03_Q07.npy,f096d78ef6d186db1ea9b8e971af51fb9864286aba8f0234762f35cd994fedb9,cea9eede89c9022b46e1d26734dbfcf1e2449b11c64bc120a8f6d210f0b060a1,14729,1aeaa921ed894587b4b9e42c42b66107bf41bed441f7727a8d4880994c4dfcad,3436351ecfb3599c42b0394814b21cbc0b6c351313445f1c3e4c8ef110dd6791,FIXED_QUANTILE_SEQUENCE_RANK_NEAREST_UNUSED_EARLIER_TIE,True,353624
FMB1_R01,S03,FMB1_R01_S03_Q08,7,0.75,148,110.25,110,110,1787144421.9245074,1928a64316b7424c27201b57246948ca0cbbb0133a129814bfb7eaab494251a7,/home/lj/ZPRM/zero_perturbation_runtime/mid360_formal_batch1_ingest_v1/snapshots/FMB1_R01/S03/FMB1_R01_S03_Q08.npy,a77ffa4d44b48be33d1f263c209b17d34d2b7a93830c90329df6680db98b38ec,546fea874b4b778ee39ce8f7bd4514907e542f263eb97316b8acc37b9a9f2884,14693,1aeaa921ed894587b4b9e42c42b66107bf41bed441f7727a8d4880994c4dfcad,3436351ecfb3599c42b0394814b21cbc0b6c351313445f1c3e4c8ef110dd6791,FIXED_QUANTILE_SEQUENCE_RANK_NEAREST_UNUSED_EARLIER_TIE,True,352760
FMB1_R01,S03,FMB1_R01_S03_Q09,8,0.85,148,124.95,125,125,1787144423.4244528,1928a64316b7424c27201b57246948ca0cbbb0133a129814bfb7eaab494251a7,/home/lj/ZPRM/zero_perturbation_runtime/mid360_formal_batch1_ingest_v1/snapshots/FMB1_R01/S03/FMB1_R01_S03_Q09.npy,56962772b7ca3072fe266599eb31856acb9187edd773e5d0fe2a4a0317f0ef54,b2bf8f5e949c0cba37ecb4d65fde52eb3f7687d3599bf223b2c49abbaeffdda1,14461,1aeaa921ed894587b4b9e42c42b66107bf41bed441f7727a8d4880994c4dfcad,3436351ecfb3599c42b0394814b21cbc0b6c351313445f1c3e4c8ef110dd6791,FIXED_QUANTILE_SEQUENCE_RANK_NEAREST_UNUSED_EARLIER_TIE,True,347192
FMB1_R01,S03,FMB1_R01_S03_Q10,9,0.95,148,139.65,140,140,1787144424.9245002,1928a64316b7424c27201b57246948ca0cbbb0133a129814bfb7eaab494251a7,/home/lj/ZPRM/zero_perturbation_runtime/mid360_formal_batch1_ingest_v1/snapshots/FMB1_R01/S03/FMB1_R01_S03_Q10.npy,07774ceefd3788928000006bc469a046cbd25243f8a2682ba6fe1b68bb11e0bf,952da8bcb6184a4f493e5ffad35efd114ed8b7b15fd712013a74aaad322438f7,14532,1aeaa921ed894587b4b9e42c42b66107bf41bed441f7727a8d4880994c4dfcad,3436351ecfb3599c42b0394814b21cbc0b6c351313445f1c3e4c8ef110dd6791,FIXED_QUANTILE_SEQUENCE_RANK_NEAREST_UNUSED_EARLIER_TIE,True,348896
FMB1_R02,S01,FMB1_R02_S01_Q01,0,0.05,148,7.3500000000000005,7,7,1787144624.7816367,89813a5ed1c60df0d1f5bfec677fe531c0b8fcd9f85748cfa60c3fa2dfc3b0ea,/home/lj/ZPRM/zero_perturbation_runtime/mid360_formal_batch1_ingest_v1/snapshots/FMB1_R02/S01/FMB1_R02_S01_Q01.npy,753e83e680d54300e0108b6ebaff2809f2ad45581ccf9e2c9f791616d0a61c02,cfdd9caea2f6d0cb0405da1249a68b5fe005820046e23a9faa3030e51c3979a8,15251,1fa465e03f319de788b3011f7b2f7dcce63a85ffa1557cb3fa5900d14d4af752,1a55e1757c774739d8d49ce385352a2cbb49d1a1c6494dc518944c65bdcc4b35,FIXED_QUANTILE_SEQUENCE_RANK_NEAREST_UNUSED_EARLIER_TIE,True,366152
FMB1_R02,S01,FMB1_R02_S01_Q02,1,0.15,148,22.05,22,22,1787144626.2810895,89813a5ed1c60df0d1f5bfec677fe531c0b8fcd9f85748cfa60c3fa2dfc3b0ea,/home/lj/ZPRM/zero_perturbation_runtime/mid360_formal_batch1_ingest_v1/snapshots/FMB1_R02/S01/FMB1_R02_S01_Q02.npy,6c5badbf91fed6a892b07755399154db7b04278d7910fd49e610603316802d82,aadeb9baf2b23b3a305ff65788ffc90525797795ba86193f096e84fa19d10ce6,14951,1fa465e03f319de788b3011f7b2f7dcce63a85ffa1557cb3fa5900d14d4af752,1a55e1757c774739d8d49ce385352a2cbb49d1a1c6494dc518944c65bdcc4b35,FIXED_QUANTILE_SEQUENCE_RANK_NEAREST_UNUSED_EARLIER_TIE,True,358952
FMB1_R02,S01,FMB1_R02_S01_Q03,2,0.25,148,36.75,37,37,1787144627.7811615,89813a5ed1c60df0d1f5bfec677fe531c0b8fcd9f85748cfa60c3fa2dfc3b0ea,/home/lj/ZPRM/zero_perturbation_runtime/mid360_formal_batch1_ingest_v1/snapshots/FMB1_R02/S01/FMB1_R02_S01_Q03.npy,5e02375a45f7e1d7a1086ceaa99ef917c3aabbaf94ca00d1326f79da828d9ed4,b17a613ce181e49290aed08b74b8cd4b51832fbbc0253608593626277b9bf6ee,15109,1fa465e03f319de788b3011f7b2f7dcce63a85ffa1557cb3fa5900d14d4af752,1a55e1757c774739d8d49ce385352a2cbb49d1a1c6494dc518944c65bdcc4b35,FIXED_QUANTILE_SEQUENCE_RANK_NEAREST_UNUSED_EARLIER_TIE,True,362744
FMB1_R02,S01,FMB1_R02_S01_Q04,3,0.35,148,51.449999999999996,51,51,1787144629.1811419,89813a5ed1c60df0d1f5bfec677fe531c0b8fcd9f85748cfa60c3fa2dfc3b0ea,/home/lj/ZPRM/zero_perturbation_runtime/mid360_formal_batch1_ingest_v1/snapshots/FMB1_R02/S01/FMB1_R02_S01_Q04.npy,f33c4ae786dd35a2df005b9aca50e0cb91ff46cf579121d6264d5b37ed88f9d1,495565cc7359ed059c0a0db05fe4a6b31890fc0d4dd759db1c85970d6e9bb490,15058,1fa465e03f319de788b3011f7b2f7dcce63a85ffa1557cb3fa5900d14d4af752,1a55e1757c774739d8d49ce385352a2cbb49d1a1c6494dc518944c65bdcc4b35,FIXED_QUANTILE_SEQUENCE_RANK_NEAREST_UNUSED_EARLIER_TIE,True,361520
FMB1_R02,S01,FMB1_R02_S01_Q05,4,0.45,148,66.15,66,66,1787144630.6811514,89813a5ed1c60df0d1f5bfec677fe531c0b8fcd9f85748cfa60c3fa2dfc3b0ea,/home/lj/ZPRM/zero_perturbation_runtime/mid360_formal_batch1_ingest_v1/snapshots/FMB1_R02/S01/FMB1_R02_S01_Q05.npy,cf5e2e6210ea71a5ad25a1cbcdc8daa50160d875efdef6d9cf5c37166db44071,fb8af11004dc7ab61796e7ca4653cf889a587fd3e2a4837898f0ff46fc0ac07a,15164,1fa465e03f319de788b3011f7b2f7dcce63a85ffa1557cb3fa5900d14d4af752,1a55e1757c774739d8d49ce385352a2cbb49d1a1c6494dc518944c65bdcc4b35,FIXED_QUANTILE_SEQUENCE_RANK_NEAREST_UNUSED_EARLIER_TIE,True,364064
FMB1_R02,S01,FMB1_R02_S01_Q06,5,0.55,148,80.85000000000001,81,81,1787144632.1804733,89813a5ed1c60df0d1f5bfec677fe531c0b8fcd9f85748cfa60c3fa2dfc3b0ea,/home/lj/ZPRM/zero_perturbation_runtime/mid360_formal_batch1_ingest_v1/snapshots/FMB1_R02/S01/FMB1_R02_S01_Q06.npy,7006e703551014d3ba330099c1357a819cfcb5eea4aeeeb924310e176d1989c7,2db9fe15b12848d68bc93688b7de79ce86f4d9704a0727f93dc1e148986e7e3f,15003,1fa465e03f319de788b3011f7b2f7dcce63a85ffa1557cb3fa5900d14d4af752,1a55e1757c774739d8d49ce385352a2cbb49d1a1c6494dc518944c65bdcc4b35,FIXED_QUANTILE_SEQUENCE_RANK_NEAREST_UNUSED_EARLIER_TIE,True,360200
FMB1_R02,S01,FMB1_R02_S01_Q07,6,0.65,148,95.55,96,96,1787144633.680929,89813a5ed1c60df0d1f5bfec677fe531c0b8fcd9f85748cfa60c3fa2dfc3b0ea,/home/lj/ZPRM/zero_perturbation_runtime/mid360_formal_batch1_ingest_v1/snapshots/FMB1_R02/S01/FMB1_R02_S01_Q07.npy,9722615ed08c6e05cbe79944cf609e8e48e874e345919d373168294771c87fa9,736ac08c2db772512612a88cc4b72c915629a75a663b5c00292acc86c6d6abf3,14941,1fa465e03f319de788b3011f7b2f7dcce63a85ffa1557cb3fa5900d14d4af752,1a55e1757c774739d8d49ce385352a2cbb49d1a1c6494dc518944c65bdcc4b35,FIXED_QUANTILE_SEQUENCE_RANK_NEAREST_UNUSED_EARLIER_TIE,True,358712
FMB1_R02,S01,FMB1_R02_S01_Q08,7,0.75,148,110.25,110,110,1787144635.0776868,89813a5ed1c60df0d1f5bfec677fe531c0b8fcd9f85748cfa60c3fa2dfc3b0ea,/home/lj/ZPRM/zero_perturbation_runtime/mid360_formal_batch1_ingest_v1/snapshots/FMB1_R02/S01/FMB1_R02_S01_Q08.npy,166eccf789fe23be9642a0af9ed79c322823ef8245b2fccded65d2dbd1804ce8,66901b0fca85f90b54fafcf55d3bc5ac27ea34a64eedf6651e8d071ee0963912,15517,1fa465e03f319de788b3011f7b2f7dcce63a85ffa1557cb3fa5900d14d4af752,1a55e1757c774739d8d49ce385352a2cbb49d1a1c6494dc518944c65bdcc4b35,FIXED_QUANTILE_SEQUENCE_RANK_NEAREST_UNUSED_EARLIER_TIE,True,372536
FMB1_R02,S01,FMB1_R02_S01_Q09,8,0.85,148,124.95,125,125,1787144636.5806859,89813a5ed1c60df0d1f5bfec677fe531c0b8fcd9f85748cfa60c3fa2dfc3b0ea,/home/lj/ZPRM/zero_perturbation_runtime/mid360_formal_batch1_ingest_v1/snapshots/FMB1_R02/S01/FMB1_R02_S01_Q09.npy,448359b455896e0edd570b596ab99caceb9aaec96b10f813f24e8a42e636f1e3,96df05556d0768c92592edb970eeb357c1be0d7d823c62eeb0c95a6106756386,15205,1fa465e03f319de788b3011f7b2f7dcce63a85ffa1557cb3fa5900d14d4af752,1a55e1757c774739d8d49ce385352a2cbb49d1a1c6494dc518944c65bdcc4b35,FIXED_QUANTILE_SEQUENCE_RANK_NEAREST_UNUSED_EARLIER_TIE,True,365048
FMB1_R02,S01,FMB1_R02_S01_Q10,9,0.95,148,139.65,140,140,1787144638.0806851,89813a5ed1c60df0d1f5bfec677fe531c0b8fcd9f85748cfa60c3fa2dfc3b0ea,/home/lj/ZPRM/zero_perturbation_runtime/mid360_formal_batch1_ingest_v1/snapshots/FMB1_R02/S01/FMB1_R02_S01_Q10.npy,7bc90694bdc1d127e66a0cc272fcee44a311e740b889186a716c40c6552778ca,8e472d0ef2c5404cf227e29f9de81da5377df096c9c2eb211d166e4c1e647d8a,15013,1fa465e03f319de788b3011f7b2f7dcce63a85ffa1557cb3fa5900d14d4af752,1a55e1757c774739d8d49ce385352a2cbb49d1a1c6494dc518944c65bdcc4b35,FIXED_QUANTILE_SEQUENCE_RANK_NEAREST_UNUSED_EARLIER_TIE,True,360440
FMB1_R02,S02,FMB1_R02_S02_Q01,0,0.05,148,7.3500000000000005,7,7,1787144758.905385,dbf11631d99d7c3bdebc3d8b657afa13596efd02338791423d5bf6b7cc89d880,/home/lj/ZPRM/zero_perturbation_runtime/mid360_formal_batch1_ingest_v1/snapshots/FMB1_R02/S02/FMB1_R02_S02_Q01.npy,8ec237403b7c8576ee37a555d7608e167210d9691d49c5bac4c1ec54f696ef10,1f46873faa2a653cc3b49e47109e19c53307d79eb8bbfb13427d2c67c3dd635a,14850,c338d9459f28f92d10cf0880c65a423bb1ba3362030950348e213daaa85f0352,0b571a45d0de96c90a2c54f015d8368ec46612e5dbebd1a18cf637f899da2224,FIXED_QUANTILE_SEQUENCE_RANK_NEAREST_UNUSED_EARLIER_TIE,True,356528
FMB1_R02,S02,FMB1_R02_S02_Q02,1,0.15,148,22.05,22,22,1787144760.4045763,dbf11631d99d7c3bdebc3d8b657afa13596efd02338791423d5bf6b7cc89d880,/home/lj/ZPRM/zero_perturbation_runtime/mid360_formal_batch1_ingest_v1/snapshots/FMB1_R02/S02/FMB1_R02_S02_Q02.npy,592f3f885d1aacea72afab500df35e98d0e112115250d2deb0e83e2f868d8223,ce47b10ce249c1aedbe1d2c455353915a67300812d760d8c10fdacbabe99265f,14974,c338d9459f28f92d10cf0880c65a423bb1ba3362030950348e213daaa85f0352,0b571a45d0de96c90a2c54f015d8368ec46612e5dbebd1a18cf637f899da2224,FIXED_QUANTILE_SEQUENCE_RANK_NEAREST_UNUSED_EARLIER_TIE,True,359504
FMB1_R02,S02,FMB1_R02_S02_Q03,2,0.25,148,36.75,37,37,1787144761.9036202,dbf11631d99d7c3bdebc3d8b657afa13596efd02338791423d5bf6b7cc89d880,/home/lj/ZPRM/zero_perturbation_runtime/mid360_formal_batch1_ingest_v1/snapshots/FMB1_R02/S02/FMB1_R02_S02_Q03.npy,d1f5729b71eab1a1facd2e34e0231a7083e79a986ea2e9645d499f23fe95ccdd,d49161e7c6c3da447b0487f921c489a66b5a3430f152b4360d31aee438db80f3,15454,c338d9459f28f92d10cf0880c65a423bb1ba3362030950348e213daaa85f0352,0b571a45d0de96c90a2c54f015d8368ec46612e5dbebd1a18cf637f899da2224,FIXED_QUANTILE_SEQUENCE_RANK_NEAREST_UNUSED_EARLIER_TIE,True,371024
FMB1_R02,S02,FMB1_R02_S02_Q04,3,0.35,148,51.449999999999996,51,51,1787144763.3074636,dbf11631d99d7c3bdebc3d8b657afa13596efd02338791423d5bf6b7cc89d880,/home/lj/ZPRM/zero_perturbation_runtime/mid360_formal_batch1_ingest_v1/snapshots/FMB1_R02/S02/FMB1_R02_S02_Q04.npy,cbeca27dc3ae96d0b6efdce9cd4e049b78c4f64ab03a577d130c0735f3cb4fce,083dd70073c396fd6ef0a55cff97b26bfe316d0efac5b9e92cb8f8a71ed2733d,15082,c338d9459f28f92d10cf0880c65a423bb1ba3362030950348e213daaa85f0352,0b571a45d0de96c90a2c54f015d8368ec46612e5dbebd1a18cf637f899da2224,FIXED_QUANTILE_SEQUENCE_RANK_NEAREST_UNUSED_EARLIER_TIE,True,362096
FMB1_R02,S02,FMB1_R02_S02_Q05,4,0.45,148,66.15,66,66,1787144764.8061678,dbf11631d99d7c3bdebc3d8b657afa13596efd02338791423d5bf6b7cc89d880,/home/lj/ZPRM/zero_perturbation_runtime/mid360_formal_batch1_ingest_v1/snapshots/FMB1_R02/S02/FMB1_R02_S02_Q05.npy,1d0b69a706ccb0f941b81302f25c81254589795bff98282a6c538d3ad6ace51f,d734df8fa9bcef96e22606b90fc5f7d15ed49de05daa95a253c027593e3c16a5,14981,c338d9459f28f92d10cf0880c65a423bb1ba3362030950348e213daaa85f0352,0b571a45d0de96c90a2c54f015d8368ec46612e5dbebd1a18cf637f899da2224,FIXED_QUANTILE_SEQUENCE_RANK_NEAREST_UNUSED_EARLIER_TIE,True,359672
FMB1_R02,S02,FMB1_R02_S02_Q06,5,0.55,148,80.85000000000001,81,81,1787144766.3052564,dbf11631d99d7c3bdebc3d8b657afa13596efd02338791423d5bf6b7cc89d880,/home/lj/ZPRM/zero_perturbation_runtime/mid360_formal_batch1_ingest_v1/snapshots/FMB1_R02/S02/FMB1_R02_S02_Q06.npy,67e4fb90abcd7454d3f7e7c4b5dc6335ef9da9a9ead5dde93a886add3ef12a52,be75e4363906c2c95989abcef52554ff48e1ee62528a74d9b8b51ce012a2be7b,14997,c338d9459f28f92d10cf0880c65a423bb1ba3362030950348e213daaa85f0352,0b571a45d0de96c90a2c54f015d8368ec46612e5dbebd1a18cf637f899da2224,FIXED_QUANTILE_SEQUENCE_RANK_NEAREST_UNUSED_EARLIER_TIE,True,360056
FMB1_R02,S02,FMB1_R02_S02_Q07,6,0.65,148,95.55,96,96,1787144767.8045762,dbf11631d99d7c3bdebc3d8b657afa13596efd02338791423d5bf6b7cc89d880,/home/lj/ZPRM/zero_perturbation_runtime/mid360_formal_batch1_ingest_v1/snapshots/FMB1_R02/S02/FMB1_R02_S02_Q07.npy,5de12efb1fa1014ffe9e7f37188755747ff5ad61232834b08d02230b165ec88b,75de58c1a10d8b443f01a8d79dc64c3b0a432e7a7148862a41c17a1b363d2f15,15258,c338d9459f28f92d10cf0880c65a423bb1ba3362030950348e213daaa85f0352,0b571a45d0de96c90a2c54f015d8368ec46612e5dbebd1a18cf637f899da2224,FIXED_QUANTILE_SEQUENCE_RANK_NEAREST_UNUSED_EARLIER_TIE,True,366320
FMB1_R02,S02,FMB1_R02_S02_Q08,7,0.75,148,110.25,110,110,1787144769.203941,dbf11631d99d7c3bdebc3d8b657afa13596efd02338791423d5bf6b7cc89d880,/home/lj/ZPRM/zero_perturbation_runtime/mid360_formal_batch1_ingest_v1/snapshots/FMB1_R02/S02/FMB1_R02_S02_Q08.npy,7591e40faba756ead0a8016052add9a8c40771a7be2bb8fb6ed5f40b4a761968,c472166d9d903c594c843801abdfe8b1b8e181442b5ccb0f7cf2545f1e407e61,15352,c338d9459f28f92d10cf0880c65a423bb1ba3362030950348e213daaa85f0352,0b571a45d0de96c90a2c54f015d8368ec46612e5dbebd1a18cf637f899da2224,FIXED_QUANTILE_SEQUENCE_RANK_NEAREST_UNUSED_EARLIER_TIE,True,368576
FMB1_R02,S02,FMB1_R02_S02_Q09,8,0.85,148,124.95,125,125,1787144770.705103,dbf11631d99d7c3bdebc3d8b657afa13596efd02338791423d5bf6b7cc89d880,/home/lj/ZPRM/zero_perturbation_runtime/mid360_formal_batch1_ingest_v1/snapshots/FMB1_R02/S02/FMB1_R02_S02_Q09.npy,cc6b698fbbd3cd0795517d1057b867ba403cfc0e5f0603ff74574aff23d42474,7cfb456c21b5bde5fe274f058d81a277b4da91e0eb5872e0567f45ee17cc9e3f,15011,c338d9459f28f92d10cf0880c65a423bb1ba3362030950348e213daaa85f0352,0b571a45d0de96c90a2c54f015d8368ec46612e5dbebd1a18cf637f899da2224,FIXED_QUANTILE_SEQUENCE_RANK_NEAREST_UNUSED_EARLIER_TIE,True,360392
FMB1_R02,S02,FMB1_R02_S02_Q10,9,0.95,148,139.65,140,140,1787144772.2042625,dbf11631d99d7c3bdebc3d8b657afa13596efd02338791423d5bf6b7cc89d880,/home/lj/ZPRM/zero_perturbation_runtime/mid360_formal_batch1_ingest_v1/snapshots/FMB1_R02/S02/FMB1_R02_S02_Q10.npy,8282b916358155d0e63eca553bc8f6af69c331b78938b09d52cd744a8bfbef87,7253954bd893adf3f2405b776bfbc62969f9c27e8d9657d689cb7449da7c3971,15240,c338d9459f28f92d10cf0880c65a423bb1ba3362030950348e213daaa85f0352,0b571a45d0de96c90a2c54f015d8368ec46612e5dbebd1a18cf637f899da2224,FIXED_QUANTILE_SEQUENCE_RANK_NEAREST_UNUSED_EARLIER_TIE,True,365888
FMB1_R02,S03,FMB1_R02_S03_Q01,0,0.05,148,7.3500000000000005,7,7,1787144939.0827322,9afa8ed736a05a6e8756d8a8e7c3fc09e87c65e9ffdacaa6db51d04896fbb774,/home/lj/ZPRM/zero_perturbation_runtime/mid360_formal_batch1_ingest_v1/snapshots/FMB1_R02/S03/FMB1_R02_S03_Q01.npy,334dece9e61dfb44735d3eba8843897eaf663150312e3ea36e112fbf05d71927,a9515fa6744c6eb25d23d001b6e99f11b896eeea350c3953aedc51459ede4a5f,16644,87884a27c9c29bbee45eeb2420fd7c1c3071e90e4275fab4859c0f789cdf527f,bca47dc140297479c36ebb9b76252a7cebb10eccc23ef053f14a181452587774,FIXED_QUANTILE_SEQUENCE_RANK_NEAREST_UNUSED_EARLIER_TIE,True,399584
FMB1_R02,S03,FMB1_R02_S03_Q02,1,0.15,148,22.05,22,22,1787144940.5831664,9afa8ed736a05a6e8756d8a8e7c3fc09e87c65e9ffdacaa6db51d04896fbb774,/home/lj/ZPRM/zero_perturbation_runtime/mid360_formal_batch1_ingest_v1/snapshots/FMB1_R02/S03/FMB1_R02_S03_Q02.npy,6544f52af170672d251bb5bfe621cb07d31d2b3e1b5fec46097b3b475b9ce764,279990931d5d27a97de6255af9154ba188be6fbc88aa1c97372b2cc7bc420277,16187,87884a27c9c29bbee45eeb2420fd7c1c3071e90e4275fab4859c0f789cdf527f,bca47dc140297479c36ebb9b76252a7cebb10eccc23ef053f14a181452587774,FIXED_QUANTILE_SEQUENCE_RANK_NEAREST_UNUSED_EARLIER_TIE,True,388616
FMB1_R02,S03,FMB1_R02_S03_Q03,2,0.25,148,36.75,37,37,1787144942.0822434,9afa8ed736a05a6e8756d8a8e7c3fc09e87c65e9ffdacaa6db51d04896fbb774,/home/lj/ZPRM/zero_perturbation_runtime/mid360_formal_batch1_ingest_v1/snapshots/FMB1_R02/S03/FMB1_R02_S03_Q03.npy,6f149a8733a38a5adad9325aedabff67b8c6a120043b6293b1cfd7c7e69aa1a5,17d81747a56e322d02ccef2d141cf777890bb4935e0b46a015b3fc0a416211e6,16384,87884a27c9c29bbee45eeb2420fd7c1c3071e90e4275fab4859c0f789cdf527f,bca47dc140297479c36ebb9b76252a7cebb10eccc23ef053f14a181452587774,FIXED_QUANTILE_SEQUENCE_RANK_NEAREST_UNUSED_EARLIER_TIE,True,393344
FMB1_R02,S03,FMB1_R02_S03_Q04,3,0.35,148,51.449999999999996,51,51,1787144943.4824593,9afa8ed736a05a6e8756d8a8e7c3fc09e87c65e9ffdacaa6db51d04896fbb774,/home/lj/ZPRM/zero_perturbation_runtime/mid360_formal_batch1_ingest_v1/snapshots/FMB1_R02/S03/FMB1_R02_S03_Q04.npy,f67c129d3f4880ef4b9264e3a8adad4ee36cfdc5b701d474c2e93dabf56d64f0,0d2c8dd52c233d15ca16b168e64c184a4e5891f13f4cc02845dcfc200c3b8715,16241,87884a27c9c29bbee45eeb2420fd7c1c3071e90e4275fab4859c0f789cdf527f,bca47dc140297479c36ebb9b76252a7cebb10eccc23ef053f14a181452587774,FIXED_QUANTILE_SEQUENCE_RANK_NEAREST_UNUSED_EARLIER_TIE,True,389912
FMB1_R02,S03,FMB1_R02_S03_Q05,4,0.45,148,66.15,66,66,1787144944.9825306,9afa8ed736a05a6e8756d8a8e7c3fc09e87c65e9ffdacaa6db51d04896fbb774,/home/lj/ZPRM/zero_perturbation_runtime/mid360_formal_batch1_ingest_v1/snapshots/FMB1_R02/S03/FMB1_R02_S03_Q05.npy,ef49af847713b6272e80f559be8d8826dab99464fc47fb16197bbf66da5742c7,607443f3667640d48d39d181d454618d6f6ebe93ebb3b0396c80609d00f66532,16075,87884a27c9c29bbee45eeb2420fd7c1c3071e90e4275fab4859c0f789cdf527f,bca47dc140297479c36ebb9b76252a7cebb10eccc23ef053f14a181452587774,FIXED_QUANTILE_SEQUENCE_RANK_NEAREST_UNUSED_EARLIER_TIE,True,385928
FMB1_R02,S03,FMB1_R02_S03_Q06,5,0.55,148,80.85000000000001,81,81,1787144946.4828634,9afa8ed736a05a6e8756d8a8e7c3fc09e87c65e9ffdacaa6db51d04896fbb774,/home/lj/ZPRM/zero_perturbation_runtime/mid360_formal_batch1_ingest_v1/snapshots/FMB1_R02/S03/FMB1_R02_S03_Q06.npy,55d48203310c05d9157a74d4067c8a8c0c86489a049106f31c3d9cd5ce6e3d82,5443ba839c671c9357c5aa48333e1a3274a4f331b1557005c322ad90eebbc439,16362,87884a27c9c29bbee45eeb2420fd7c1c3071e90e4275fab4859c0f789cdf527f,bca47dc140297479c36ebb9b76252a7cebb10eccc23ef053f14a181452587774,FIXED_QUANTILE_SEQUENCE_RANK_NEAREST_UNUSED_EARLIER_TIE,True,392816
FMB1_R02,S03,FMB1_R02_S03_Q07,6,0.65,148,95.55,96,96,1787144947.9832964,9afa8ed736a05a6e8756d8a8e7c3fc09e87c65e9ffdacaa6db51d04896fbb774,/home/lj/ZPRM/zero_perturbation_runtime/mid360_formal_batch1_ingest_v1/snapshots/FMB1_R02/S03/FMB1_R02_S03_Q07.npy,86ec2d83fbbd05e6bd3e38087b856922c1c26550798a723e1788339b9d0b4095,d52ba642c6a284828261026473f0c7a17a336818bda1bb8d430c5b89be11e41c,16267,87884a27c9c29bbee45eeb2420fd7c1c3071e90e4275fab4859c0f789cdf527f,bca47dc140297479c36ebb9b76252a7cebb10eccc23ef053f14a181452587774,FIXED_QUANTILE_SEQUENCE_RANK_NEAREST_UNUSED_EARLIER_TIE,True,390536
FMB1_R02,S03,FMB1_R02_S03_Q08,7,0.75,148,110.25,110,110,1787144949.3864384,9afa8ed736a05a6e8756d8a8e7c3fc09e87c65e9ffdacaa6db51d04896fbb774,/home/lj/ZPRM/zero_perturbation_runtime/mid360_formal_batch1_ingest_v1/snapshots/FMB1_R02/S03/FMB1_R02_S03_Q08.npy,0e827566bdbeae52e41b5c0760bff4cda01630b02a22a161557c137d4046d372,e411910fe5d182e700752958550a38ed7ebc71e1943bde2a18333a423329fdf8,16315,87884a27c9c29bbee45eeb2420fd7c1c3071e90e4275fab4859c0f789cdf527f,bca47dc140297479c36ebb9b76252a7cebb10eccc23ef053f14a181452587774,FIXED_QUANTILE_SEQUENCE_RANK_NEAREST_UNUSED_EARLIER_TIE,True,391688
FMB1_R02,S03,FMB1_R02_S03_Q09,8,0.85,148,124.95,125,125,1787144950.882322,9afa8ed736a05a6e8756d8a8e7c3fc09e87c65e9ffdacaa6db51d04896fbb774,/home/lj/ZPRM/zero_perturbation_runtime/mid360_formal_batch1_ingest_v1/snapshots/FMB1_R02/S03/FMB1_R02_S03_Q09.npy,8192bf69c111e470a5f47af9e4cde42cd8ee82f824cbc246f1757ae45e508bbe,f2a4f5cf16e61b0560604f5acf1a47a3f8153bf3d2de1bfd7f7e0856b63fe0e1,16247,87884a27c9c29bbee45eeb2420fd7c1c3071e90e4275fab4859c0f789cdf527f,bca47dc140297479c36ebb9b76252a7cebb10eccc23ef053f14a181452587774,FIXED_QUANTILE_SEQUENCE_RANK_NEAREST_UNUSED_EARLIER_TIE,True,390056
FMB1_R02,S03,FMB1_R02_S03_Q10,9,0.95,148,139.65,140,140,1787144952.3824725,9afa8ed736a05a6e8756d8a8e7c3fc09e87c65e9ffdacaa6db51d04896fbb774,/home/lj/ZPRM/zero_perturbation_runtime/mid360_formal_batch1_ingest_v1/snapshots/FMB1_R02/S03/FMB1_R02_S03_Q10.npy,46c2bc52ee93703b775751cafd2fc7cf06214058350a9941dd04625feb8af52d,75ed8094ec0f85b5792eb586b170de02b7cd108547708c5ee35867c0593e3b9f,16380,87884a27c9c29bbee45eeb2420fd7c1c3071e90e4275fab4859c0f789cdf527f,bca47dc140297479c36ebb9b76252a7cebb10eccc23ef053f14a181452587774,FIXED_QUANTILE_SEQUENCE_RANK_NEAREST_UNUSED_EARLIER_TIE,True,393248
FMB1_R03,S01,FMB1_R03_S01_Q01,0,0.05,148,7.3500000000000005,7,7,1787145314.6984565,f37b702bcee4c042f5d6fad1ba938b159de35c62d8390d04f34341dfe7e4cfa4,/home/lj/ZPRM/zero_perturbation_runtime/mid360_formal_batch1_ingest_v1/snapshots/FMB1_R03/S01/FMB1_R03_S01_Q01.npy,9c726ff7959237696f258f44f18fb55bf53b743875ed256846c6cf7b5c75e5d8,a55c0bb407dfc69a9b4bcf0d50a892b31c65fdbcdf5bedad5633114724105c49,12285,198845c8670aadb92e8d49a6a1578ff6d8f335daf97e562bee7fa8ae36a23934,2331947c491fc10d506553f5b5a6984fad2295423bdaa8074cf2bc694e7d634b,FIXED_QUANTILE_SEQUENCE_RANK_NEAREST_UNUSED_EARLIER_TIE,True,294968
FMB1_R03,S01,FMB1_R03_S01_Q02,1,0.15,148,22.05,22,22,1787145316.1986566,f37b702bcee4c042f5d6fad1ba938b159de35c62d8390d04f34341dfe7e4cfa4,/home/lj/ZPRM/zero_perturbation_runtime/mid360_formal_batch1_ingest_v1/snapshots/FMB1_R03/S01/FMB1_R03_S01_Q02.npy,6895c13bca55d135ae52f0a36827a6115895fbdbc387ca23966d54e4c9b3d7f5,fe6565f4d6b4889547ea99a983d73855a163c4c06a4a73b3f35a15a1c0c2b18b,12305,198845c8670aadb92e8d49a6a1578ff6d8f335daf97e562bee7fa8ae36a23934,2331947c491fc10d506553f5b5a6984fad2295423bdaa8074cf2bc694e7d634b,FIXED_QUANTILE_SEQUENCE_RANK_NEAREST_UNUSED_EARLIER_TIE,True,295448
FMB1_R03,S01,FMB1_R03_S01_Q03,2,0.25,148,36.75,37,37,1787145317.6980171,f37b702bcee4c042f5d6fad1ba938b159de35c62d8390d04f34341dfe7e4cfa4,/home/lj/ZPRM/zero_perturbation_runtime/mid360_formal_batch1_ingest_v1/snapshots/FMB1_R03/S01/FMB1_R03_S01_Q03.npy,5379d6bd716d828610bbf76d2346b094f28c874f1449bda3cc03878f55d6666c,ab76ef5643e23171d3e32588f42e88efcd44c7f42fd0c3de71fcc5d067f43489,12549,198845c8670aadb92e8d49a6a1578ff6d8f335daf97e562bee7fa8ae36a23934,2331947c491fc10d506553f5b5a6984fad2295423bdaa8074cf2bc694e7d634b,FIXED_QUANTILE_SEQUENCE_RANK_NEAREST_UNUSED_EARLIER_TIE,True,301304
FMB1_R03,S01,FMB1_R03_S01_Q04,3,0.35,148,51.449999999999996,51,51,1787145319.0975602,f37b702bcee4c042f5d6fad1ba938b159de35c62d8390d04f34341dfe7e4cfa4,/home/lj/ZPRM/zero_perturbation_runtime/mid360_formal_batch1_ingest_v1/snapshots/FMB1_R03/S01/FMB1_R03_S01_Q04.npy,fddcaa52d5e6398f7f608dacb9214846fc9155e6a05225bd7f066cdda64321b5,76e790e331e4e6ba5c6744f2533663c17c9d673caa656a2656cb4153900bb10f,12499,198845c8670aadb92e8d49a6a1578ff6d8f335daf97e562bee7fa8ae36a23934,2331947c491fc10d506553f5b5a6984fad2295423bdaa8074cf2bc694e7d634b,FIXED_QUANTILE_SEQUENCE_RANK_NEAREST_UNUSED_EARLIER_TIE,True,300104
FMB1_R03,S01,FMB1_R03_S01_Q05,4,0.45,148,66.15,66,66,1787145320.597915,f37b702bcee4c042f5d6fad1ba938b159de35c62d8390d04f34341dfe7e4cfa4,/home/lj/ZPRM/zero_perturbation_runtime/mid360_formal_batch1_ingest_v1/snapshots/FMB1_R03/S01/FMB1_R03_S01_Q05.npy,37c7105a78986f1393dd7fcf2747924f6a30c2f62921b36e499a604ce7204eb3,ab0b5f4e37420a186b43d8c63c303788196ca199f290ac1de5b77ccb5da3de77,12624,198845c8670aadb92e8d49a6a1578ff6d8f335daf97e562bee7fa8ae36a23934,2331947c491fc10d506553f5b5a6984fad2295423bdaa8074cf2bc694e7d634b,FIXED_QUANTILE_SEQUENCE_RANK_NEAREST_UNUSED_EARLIER_TIE,True,303104
FMB1_R03,S01,FMB1_R03_S01_Q06,5,0.55,148,80.85000000000001,81,81,1787145322.0982907,f37b702bcee4c042f5d6fad1ba938b159de35c62d8390d04f34341dfe7e4cfa4,/home/lj/ZPRM/zero_perturbation_runtime/mid360_formal_batch1_ingest_v1/snapshots/FMB1_R03/S01/FMB1_R03_S01_Q06.npy,47a360f07021e961e543404756b67ddecc4ae3ff8790779bd1325b9f2556ade9,cdeac379b092fd055bd8c553a66b0342fbfa16f0d5fcbf179bd5c5d941c21467,12397,198845c8670aadb92e8d49a6a1578ff6d8f335daf97e562bee7fa8ae36a23934,2331947c491fc10d506553f5b5a6984fad2295423bdaa8074cf2bc694e7d634b,FIXED_QUANTILE_SEQUENCE_RANK_NEAREST_UNUSED_EARLIER_TIE,True,297656
FMB1_R03,S01,FMB1_R03_S01_Q07,6,0.65,148,95.55,96,96,1787145323.5986853,f37b702bcee4c042f5d6fad1ba938b159de35c62d8390d04f34341dfe7e4cfa4,/home/lj/ZPRM/zero_perturbation_runtime/mid360_formal_batch1_ingest_v1/snapshots/FMB1_R03/S01/FMB1_R03_S01_Q07.npy,0e5c7d74ff6c00b619d875cef8a708e1322ca419a75e6cadd47a17aa2375ac77,950340daa454d7c4cfe23a117b0cbde2eac737434d4fe834c003e6ac4f12e752,12444,198845c8670aadb92e8d49a6a1578ff6d8f335daf97e562bee7fa8ae36a23934,2331947c491fc10d506553f5b5a6984fad2295423bdaa8074cf2bc694e7d634b,FIXED_QUANTILE_SEQUENCE_RANK_NEAREST_UNUSED_EARLIER_TIE,True,298784
FMB1_R03,S01,FMB1_R03_S01_Q08,7,0.75,148,110.25,110,110,1787145324.9958236,f37b702bcee4c042f5d6fad1ba938b159de35c62d8390d04f34341dfe7e4cfa4,/home/lj/ZPRM/zero_perturbation_runtime/mid360_formal_batch1_ingest_v1/snapshots/FMB1_R03/S01/FMB1_R03_S01_Q08.npy,dad43e7366092a0e82bf88f4aa671d3741bf370da5eed5d744559cfcdcad73dd,e9d7815d957510e83e70ef9b5c0a3a119e69eec7128a5c74d876469e1433d1de,12767,198845c8670aadb92e8d49a6a1578ff6d8f335daf97e562bee7fa8ae36a23934,2331947c491fc10d506553f5b5a6984fad2295423bdaa8074cf2bc694e7d634b,FIXED_QUANTILE_SEQUENCE_RANK_NEAREST_UNUSED_EARLIER_TIE,True,306536
FMB1_R03,S01,FMB1_R03_S01_Q09,8,0.85,148,124.95,125,125,1787145326.4976282,f37b702bcee4c042f5d6fad1ba938b159de35c62d8390d04f34341dfe7e4cfa4,/home/lj/ZPRM/zero_perturbation_runtime/mid360_formal_batch1_ingest_v1/snapshots/FMB1_R03/S01/FMB1_R03_S01_Q09.npy,8cc13f2f8550a89273722dd639e6c67db65859fb8dcbc41371580221a3142298,4033573e42a3a7c89411412aec528498672ca95310e376c74b9d801479cc22a4,12307,198845c8670aadb92e8d49a6a1578ff6d8f335daf97e562bee7fa8ae36a23934,2331947c491fc10d506553f5b5a6984fad2295423bdaa8074cf2bc694e7d634b,FIXED_QUANTILE_SEQUENCE_RANK_NEAREST_UNUSED_EARLIER_TIE,True,295496
FMB1_R03,S01,FMB1_R03_S01_Q10,9,0.95,148,139.65,140,140,1787145327.9980516,f37b702bcee4c042f5d6fad1ba938b159de35c62d8390d04f34341dfe7e4cfa4,/home/lj/ZPRM/zero_perturbation_runtime/mid360_formal_batch1_ingest_v1/snapshots/FMB1_R03/S01/FMB1_R03_S01_Q10.npy,66a3fb3bc67ffe3d2cbf18c167107932de7f77e0c87f1c8c4f38cc8bd90595b7,bcb7f0e3700fc6f6624c9462c01b701e5cb317d8f49a51dbbd415515e58cd5fc,12423,198845c8670aadb92e8d49a6a1578ff6d8f335daf97e562bee7fa8ae36a23934,2331947c491fc10d506553f5b5a6984fad2295423bdaa8074cf2bc694e7d634b,FIXED_QUANTILE_SEQUENCE_RANK_NEAREST_UNUSED_EARLIER_TIE,True,298280
FMB1_R03,S02,FMB1_R03_S02_Q01,0,0.05,148,7.3500000000000005,7,7,1787145518.3971293,75d4731807271dbf3e471f6499f8018ec7704f5c51770f41ed49e0c72df6da15,/home/lj/ZPRM/zero_perturbation_runtime/mid360_formal_batch1_ingest_v1/snapshots/FMB1_R03/S02/FMB1_R03_S02_Q01.npy,61430be4da2d0aea5170ecb1fdee057d549675b0212203b5e4e276fb74ee2c46,f9f27dc2ed5a007c2b2970798ebbe67d89724e327e5064293640dbec137087b7,13129,88dd38cbb577c739e021f94b520d2dc6cb5472ebb91f98ce76b3cf1aa982ca28,2f2ff33f83b5c6aad556d973241872e2f88bb8b4de1272e9dccf6f34f67439f2,FIXED_QUANTILE_SEQUENCE_RANK_NEAREST_UNUSED_EARLIER_TIE,True,315224
FMB1_R03,S02,FMB1_R03_S02_Q02,1,0.15,148,22.05,22,22,1787145519.8976715,75d4731807271dbf3e471f6499f8018ec7704f5c51770f41ed49e0c72df6da15,/home/lj/ZPRM/zero_perturbation_runtime/mid360_formal_batch1_ingest_v1/snapshots/FMB1_R03/S02/FMB1_R03_S02_Q02.npy,11a5942b11d580e193fab536743fa944b687af4cc293dadfb61f32dd536dfede,e741ff18a37c02f0cb2b2dc2ef34e380ee872e55442d316f34531305cd783d92,13379,88dd38cbb577c739e021f94b520d2dc6cb5472ebb91f98ce76b3cf1aa982ca28,2f2ff33f83b5c6aad556d973241872e2f88bb8b4de1272e9dccf6f34f67439f2,FIXED_QUANTILE_SEQUENCE_RANK_NEAREST_UNUSED_EARLIER_TIE,True,321224
FMB1_R03,S02,FMB1_R03_S02_Q03,2,0.25,148,36.75,37,37,1787145521.398621,75d4731807271dbf3e471f6499f8018ec7704f5c51770f41ed49e0c72df6da15,/home/lj/ZPRM/zero_perturbation_runtime/mid360_formal_batch1_ingest_v1/snapshots/FMB1_R03/S02/FMB1_R03_S02_Q03.npy,eb7f9f7e86aa192d192c75ead954f1bd102d5edcb6815243b1fe597bb4716a4c,2af4920dff05059b8f76d73f5a73c9bc3be062d3932d485d1fb9251c06f0a3d4,13160,88dd38cbb577c739e021f94b520d2dc6cb5472ebb91f98ce76b3cf1aa982ca28,2f2ff33f83b5c6aad556d973241872e2f88bb8b4de1272e9dccf6f34f67439f2,FIXED_QUANTILE_SEQUENCE_RANK_NEAREST_UNUSED_EARLIER_TIE,True,315968
FMB1_R03,S02,FMB1_R03_S02_Q04,3,0.35,148,51.449999999999996,51,51,1787145522.7972467,75d4731807271dbf3e471f6499f8018ec7704f5c51770f41ed49e0c72df6da15,/home/lj/ZPRM/zero_perturbation_runtime/mid360_formal_batch1_ingest_v1/snapshots/FMB1_R03/S02/FMB1_R03_S02_Q04.npy,558eb6b6f9f15b04f4bb70ca663bffcb44db6e7813b6448f0346fd229a6b22ba,2644214167c5bb876495356ad57eee9d3f38b60726d53a6f572092a8fe84817d,13249,88dd38cbb577c739e021f94b520d2dc6cb5472ebb91f98ce76b3cf1aa982ca28,2f2ff33f83b5c6aad556d973241872e2f88bb8b4de1272e9dccf6f34f67439f2,FIXED_QUANTILE_SEQUENCE_RANK_NEAREST_UNUSED_EARLIER_TIE,True,318104
FMB1_R03,S02,FMB1_R03_S02_Q05,4,0.45,148,66.15,66,66,1787145524.29748,75d4731807271dbf3e471f6499f8018ec7704f5c51770f41ed49e0c72df6da15,/home/lj/ZPRM/zero_perturbation_runtime/mid360_formal_batch1_ingest_v1/snapshots/FMB1_R03/S02/FMB1_R03_S02_Q05.npy,b493e2f8e7bb13b0eb3099d5297cc64eacfb6c28db50637c801dd402fc045809,d49e1d3885514324a79c24ccf57543637d233ee86d9d50793638c01e7075dae6,13203,88dd38cbb577c739e021f94b520d2dc6cb5472ebb91f98ce76b3cf1aa982ca28,2f2ff33f83b5c6aad556d973241872e2f88bb8b4de1272e9dccf6f34f67439f2,FIXED_QUANTILE_SEQUENCE_RANK_NEAREST_UNUSED_EARLIER_TIE,True,317000
FMB1_R03,S02,FMB1_R03_S02_Q06,5,0.55,148,80.85000000000001,81,81,1787145525.7987363,75d4731807271dbf3e471f6499f8018ec7704f5c51770f41ed49e0c72df6da15,/home/lj/ZPRM/zero_perturbation_runtime/mid360_formal_batch1_ingest_v1/snapshots/FMB1_R03/S02/FMB1_R03_S02_Q06.npy,d1d18dbcc63011467c6cc50c0df300629399b5455aca2312ccd03df80972e94a,08b7d5f5f215c36406cd0d2bba6278f476bc2b624afd56a6bc560851a726f061,13427,88dd38cbb577c739e021f94b520d2dc6cb5472ebb91f98ce76b3cf1aa982ca28,2f2ff33f83b5c6aad556d973241872e2f88bb8b4de1272e9dccf6f34f67439f2,FIXED_QUANTILE_SEQUENCE_RANK_NEAREST_UNUSED_EARLIER_TIE,True,322376
FMB1_R03,S02,FMB1_R03_S02_Q07,6,0.65,148,95.55,96,96,1787145527.2974837,75d4731807271dbf3e471f6499f8018ec7704f5c51770f41ed49e0c72df6da15,/home/lj/ZPRM/zero_perturbation_runtime/mid360_formal_batch1_ingest_v1/snapshots/FMB1_R03/S02/FMB1_R03_S02_Q07.npy,e0f9b8a642d3689ad429f03e0c8819a56152b4ece9434c21b1a02b869b24396e,1cc6d296f5bc03931676927a45a960e8cf74ec224604fb3af814d0de7a6c814b,13216,88dd38cbb577c739e021f94b520d2dc6cb5472ebb91f98ce76b3cf1aa982ca28,2f2ff33f83b5c6aad556d973241872e2f88bb8b4de1272e9dccf6f34f67439f2,FIXED_QUANTILE_SEQUENCE_RANK_NEAREST_UNUSED_EARLIER_TIE,True,317312
FMB1_R03,S02,FMB1_R03_S02_Q08,7,0.75,148,110.25,110,110,1787145528.697658,75d4731807271dbf3e471f6499f8018ec7704f5c51770f41ed49e0c72df6da15,/home/lj/ZPRM/zero_perturbation_runtime/mid360_formal_batch1_ingest_v1/snapshots/FMB1_R03/S02/FMB1_R03_S02_Q08.npy,4cc39c0143ae81b2561ab870922ad12a6b51bca389e1099f2b964ec5b5044a7d,a2c2f9e48eac75851551d41802f547c5c7b06532eb8bd678425aeac6e971c2a9,13262,88dd38cbb577c739e021f94b520d2dc6cb5472ebb91f98ce76b3cf1aa982ca28,2f2ff33f83b5c6aad556d973241872e2f88bb8b4de1272e9dccf6f34f67439f2,FIXED_QUANTILE_SEQUENCE_RANK_NEAREST_UNUSED_EARLIER_TIE,True,318416
FMB1_R03,S02,FMB1_R03_S02_Q09,8,0.85,148,124.95,125,125,1787145530.1981797,75d4731807271dbf3e471f6499f8018ec7704f5c51770f41ed49e0c72df6da15,/home/lj/ZPRM/zero_perturbation_runtime/mid360_formal_batch1_ingest_v1/snapshots/FMB1_R03/S02/FMB1_R03_S02_Q09.npy,c857d555aff7e905f945b7b56c9d5b7e8c688a0568c24187dd7114acd886863c,18b733faab6dc79c3fcb3a97de112b894a91cdaa666f4d752c4daa8f4038a148,13139,88dd38cbb577c739e021f94b520d2dc6cb5472ebb91f98ce76b3cf1aa982ca28,2f2ff33f83b5c6aad556d973241872e2f88bb8b4de1272e9dccf6f34f67439f2,FIXED_QUANTILE_SEQUENCE_RANK_NEAREST_UNUSED_EARLIER_TIE,True,315464
FMB1_R03,S02,FMB1_R03_S02_Q10,9,0.95,148,139.65,140,140,1787145531.697947,75d4731807271dbf3e471f6499f8018ec7704f5c51770f41ed49e0c72df6da15,/home/lj/ZPRM/zero_perturbation_runtime/mid360_formal_batch1_ingest_v1/snapshots/FMB1_R03/S02/FMB1_R03_S02_Q10.npy,c74e9585b36a5e2dd527a314f7f6fdecb089ff61d3ce1e90343aad98a693ebe8,a689efbac87761f93dbabd5a101d379422be56f756f44cf73c58197548701570,13192,88dd38cbb577c739e021f94b520d2dc6cb5472ebb91f98ce76b3cf1aa982ca28,2f2ff33f83b5c6aad556d973241872e2f88bb8b4de1272e9dccf6f34f67439f2,FIXED_QUANTILE_SEQUENCE_RANK_NEAREST_UNUSED_EARLIER_TIE,True,316736
FMB1_R03,S03,FMB1_R03_S03_Q01,0,0.05,148,7.3500000000000005,7,7,1787145650.9719772,9a5f07f8f7cdf37167ee3c61ce77addb1b3ecbfef18f6ef2ebd9e85871a9af62,/home/lj/ZPRM/zero_perturbation_runtime/mid360_formal_batch1_ingest_v1/snapshots/FMB1_R03/S03/FMB1_R03_S03_Q01.npy,bf4ff010bc47e5648a0a4a1f684418c9c8a3b8addb0178643312d2e585e74cbc,6935fe8f5000dc8d0da0881d847122e314fd21464c1885a4bbde0f2a858b63bd,13306,efd894da786e05accd0a8e6720973dcd33ec5bc29188b95ba777593f1e629b06,8ae5f6ed6cc3554e28a9b0de8fc26e07d6e5a077e03ae3e95b7bf0fff494a92f,FIXED_QUANTILE_SEQUENCE_RANK_NEAREST_UNUSED_EARLIER_TIE,True,319472
FMB1_R03,S03,FMB1_R03_S03_Q02,1,0.15,148,22.05,22,22,1787145652.471796,9a5f07f8f7cdf37167ee3c61ce77addb1b3ecbfef18f6ef2ebd9e85871a9af62,/home/lj/ZPRM/zero_perturbation_runtime/mid360_formal_batch1_ingest_v1/snapshots/FMB1_R03/S03/FMB1_R03_S03_Q02.npy,5c1ab1cac78318bceb67ae6b0923e75dc3cb6cbe04209d4b31863e7e9db59592,49529b9cd242b4bc7ac1e5740eabae2e2a78267beeb42440abb9091d5142347e,13258,efd894da786e05accd0a8e6720973dcd33ec5bc29188b95ba777593f1e629b06,8ae5f6ed6cc3554e28a9b0de8fc26e07d6e5a077e03ae3e95b7bf0fff494a92f,FIXED_QUANTILE_SEQUENCE_RANK_NEAREST_UNUSED_EARLIER_TIE,True,318320
FMB1_R03,S03,FMB1_R03_S03_Q03,2,0.25,148,36.75,37,37,1787145653.972574,9a5f07f8f7cdf37167ee3c61ce77addb1b3ecbfef18f6ef2ebd9e85871a9af62,/home/lj/ZPRM/zero_perturbation_runtime/mid360_formal_batch1_ingest_v1/snapshots/FMB1_R03/S03/FMB1_R03_S03_Q03.npy,7790a7173bdd5c29d4e2f4a97389472fd3d60d1a7a23fcf0660eac42e18a9181,e8775f7af81e7c1efd1ee87f77bf2e36561eee9e02c826a21178f92a7ce42387,13328,efd894da786e05accd0a8e6720973dcd33ec5bc29188b95ba777593f1e629b06,8ae5f6ed6cc3554e28a9b0de8fc26e07d6e5a077e03ae3e95b7bf0fff494a92f,FIXED_QUANTILE_SEQUENCE_RANK_NEAREST_UNUSED_EARLIER_TIE,True,320000
FMB1_R03,S03,FMB1_R03_S03_Q04,3,0.35,148,51.449999999999996,51,51,1787145655.37132,9a5f07f8f7cdf37167ee3c61ce77addb1b3ecbfef18f6ef2ebd9e85871a9af62,/home/lj/ZPRM/zero_perturbation_runtime/mid360_formal_batch1_ingest_v1/snapshots/FMB1_R03/S03/FMB1_R03_S03_Q04.npy,c9a51f213506abffa75284b86ba2ad83d7b9bad5f504384770a206ff17d43cab,99388554c5f0b828a97650c579b03ac0f6b443573b364cd3ff1fdd92662e4b2e,13517,efd894da786e05accd0a8e6720973dcd33ec5bc29188b95ba777593f1e629b06,8ae5f6ed6cc3554e28a9b0de8fc26e07d6e5a077e03ae3e95b7bf0fff494a92f,FIXED_QUANTILE_SEQUENCE_RANK_NEAREST_UNUSED_EARLIER_TIE,True,324536
FMB1_R03,S03,FMB1_R03_S03_Q05,4,0.45,148,66.15,66,66,1787145656.87293,9a5f07f8f7cdf37167ee3c61ce77addb1b3ecbfef18f6ef2ebd9e85871a9af62,/home/lj/ZPRM/zero_perturbation_runtime/mid360_formal_batch1_ingest_v1/snapshots/FMB1_R03/S03/FMB1_R03_S03_Q05.npy,8c802b52b1778ae77091a7e90ed6e55c7622115730ff2e3b794b00fba2399852,84c77be81de8cf13987c0bd8a69be7c19cee38edc41a95a6e11e047d0283cd9d,13466,efd894da786e05accd0a8e6720973dcd33ec5bc29188b95ba777593f1e629b06,8ae5f6ed6cc3554e28a9b0de8fc26e07d6e5a077e03ae3e95b7bf0fff494a92f,FIXED_QUANTILE_SEQUENCE_RANK_NEAREST_UNUSED_EARLIER_TIE,True,323312
FMB1_R03,S03,FMB1_R03_S03_Q06,5,0.55,148,80.85000000000001,81,81,1787145658.3729289,9a5f07f8f7cdf37167ee3c61ce77addb1b3ecbfef18f6ef2ebd9e85871a9af62,/home/lj/ZPRM/zero_perturbation_runtime/mid360_formal_batch1_ingest_v1/snapshots/FMB1_R03/S03/FMB1_R03_S03_Q06.npy,2ab5620734f3eaadd070fb6600142c1135945df44bec046bb05c57a5c95eaef2,722acc62f74b1381ef9bdc5c3cd6358f6d1693f0d167d28bb35c5842e0dc41e9,13168,efd894da786e05accd0a8e6720973dcd33ec5bc29188b95ba777593f1e629b06,8ae5f6ed6cc3554e28a9b0de8fc26e07d6e5a077e03ae3e95b7bf0fff494a92f,FIXED_QUANTILE_SEQUENCE_RANK_NEAREST_UNUSED_EARLIER_TIE,True,316160
FMB1_R03,S03,FMB1_R03_S03_Q07,6,0.65,148,95.55,96,96,1787145659.872913,9a5f07f8f7cdf37167ee3c61ce77addb1b3ecbfef18f6ef2ebd9e85871a9af62,/home/lj/ZPRM/zero_perturbation_runtime/mid360_formal_batch1_ingest_v1/snapshots/FMB1_R03/S03/FMB1_R03_S03_Q07.npy,ccfdb6d0b0b97e409a44f820b6cc15222054976c386f7760781cfc0c0c0aac3a,9bf430ddeb0af044515bf9e84d9cf43417f695b1a45c7f0bdd288f078d0fc361,13426,efd894da786e05accd0a8e6720973dcd33ec5bc29188b95ba777593f1e629b06,8ae5f6ed6cc3554e28a9b0de8fc26e07d6e5a077e03ae3e95b7bf0fff494a92f,FIXED_QUANTILE_SEQUENCE_RANK_NEAREST_UNUSED_EARLIER_TIE,True,322352
FMB1_R03,S03,FMB1_R03_S03_Q08,7,0.75,148,110.25,110,110,1787145661.2725308,9a5f07f8f7cdf37167ee3c61ce77addb1b3ecbfef18f6ef2ebd9e85871a9af62,/home/lj/ZPRM/zero_perturbation_runtime/mid360_formal_batch1_ingest_v1/snapshots/FMB1_R03/S03/FMB1_R03_S03_Q08.npy,b9089fa6b4c309c4f52aba96b5ff6adff40a5a9b73144a3b5e3ed10bfd7ef994,aafb8cadf5bf64b34b257ba1cb7108a3b5cbc3db3123fd2483bf29ebc5b2f9ef,13318,efd894da786e05accd0a8e6720973dcd33ec5bc29188b95ba777593f1e629b06,8ae5f6ed6cc3554e28a9b0de8fc26e07d6e5a077e03ae3e95b7bf0fff494a92f,FIXED_QUANTILE_SEQUENCE_RANK_NEAREST_UNUSED_EARLIER_TIE,True,319760
FMB1_R03,S03,FMB1_R03_S03_Q09,8,0.85,148,124.95,125,125,1787145662.7726152,9a5f07f8f7cdf37167ee3c61ce77addb1b3ecbfef18f6ef2ebd9e85871a9af62,/home/lj/ZPRM/zero_perturbation_runtime/mid360_formal_batch1_ingest_v1/snapshots/FMB1_R03/S03/FMB1_R03_S03_Q09.npy,705280c7316bb71ad5747e3395dfe74c3ec4f18f8f8de6c5ffe99d6398768276,42adc21c9787cc4626cb52ae544761f1fb9e05fcd26a0ece66d4d61f96ed2aac,13303,efd894da786e05accd0a8e6720973dcd33ec5bc29188b95ba777593f1e629b06,8ae5f6ed6cc3554e28a9b0de8fc26e07d6e5a077e03ae3e95b7bf0fff494a92f,FIXED_QUANTILE_SEQUENCE_RANK_NEAREST_UNUSED_EARLIER_TIE,True,319400
FMB1_R03,S03,FMB1_R03_S03_Q10,9,0.95,148,139.65,140,140,1787145664.2721257,9a5f07f8f7cdf37167ee3c61ce77addb1b3ecbfef18f6ef2ebd9e85871a9af62,/home/lj/ZPRM/zero_perturbation_runtime/mid360_formal_batch1_ingest_v1/snapshots/FMB1_R03/S03/FMB1_R03_S03_Q10.npy,253953f0b2b535acb31829ad8d96bc029b9849b8b4da601bd2f4d645b6b63b81,b77fdae106688af132b2688edf516dde7f3c4cae6e7567f7bcdcc85bd658b184,13345,efd894da786e05accd0a8e6720973dcd33ec5bc29188b95ba777593f1e629b06,8ae5f6ed6cc3554e28a9b0de8fc26e07d6e5a077e03ae3e95b7bf0fff494a92f,FIXED_QUANTILE_SEQUENCE_RANK_NEAREST_UNUSED_EARLIER_TIE,True,320408
FMB1_W01,S01,FMB1_W01_S01_Q01,0,0.05,147,7.300000000000001,7,7,1787145921.2597284,96a5f068f5b41c87ececdac8555a16bcb5ddeccb879ce3931b0f1698881d47b8,/home/lj/ZPRM/zero_perturbation_runtime/mid360_formal_batch1_ingest_v1/snapshots/FMB1_W01/S01/FMB1_W01_S01_Q01.npy,b00806d5d7c34ae8036137c1426a37057886bd1a5747d970ec3aaf862889d9e8,16e47d9f8eae76d04fba6ebfdb04dcf4607e8bf811b8e418b1ca7516f7ec4b86,16365,e117799f82e414ef1db49271dcc6e266ffdf17a81d37be1083e0b4a473c1157f,3eae4d35f32c60f30f7a9d998717d1134f4fa80a0e247dbee544c98ec2197d8a,FIXED_QUANTILE_SEQUENCE_RANK_NEAREST_UNUSED_EARLIER_TIE,True,392888
FMB1_W01,S01,FMB1_W01_S01_Q02,1,0.15,147,21.9,22,22,1787145922.7578726,96a5f068f5b41c87ececdac8555a16bcb5ddeccb879ce3931b0f1698881d47b8,/home/lj/ZPRM/zero_perturbation_runtime/mid360_formal_batch1_ingest_v1/snapshots/FMB1_W01/S01/FMB1_W01_S01_Q02.npy,cdded5232485c1b8a739d223fad513bfb0937ae1c7b4a26963aefab7e99c3dc5,d33b0d2331ac10b1084530f5f1ed9d35fa0c4243e2a40de66326f2242d1033c3,16272,e117799f82e414ef1db49271dcc6e266ffdf17a81d37be1083e0b4a473c1157f,3eae4d35f32c60f30f7a9d998717d1134f4fa80a0e247dbee544c98ec2197d8a,FIXED_QUANTILE_SEQUENCE_RANK_NEAREST_UNUSED_EARLIER_TIE,True,390656
FMB1_W01,S01,FMB1_W01_S01_Q03,2,0.25,147,36.5,36,36,1787145924.1588984,96a5f068f5b41c87ececdac8555a16bcb5ddeccb879ce3931b0f1698881d47b8,/home/lj/ZPRM/zero_perturbation_runtime/mid360_formal_batch1_ingest_v1/snapshots/FMB1_W01/S01/FMB1_W01_S01_Q03.npy,cfb0e30697ec5f15dde1ecee8082995da7a10da4a62fa4a581a16fe62a330f20,707f95b7f321f688ee8d5253ef11a3f6e74ff936ec250549abd07be2cf0ca329,16078,e117799f82e414ef1db49271dcc6e266ffdf17a81d37be1083e0b4a473c1157f,3eae4d35f32c60f30f7a9d998717d1134f4fa80a0e247dbee544c98ec2197d8a,FIXED_QUANTILE_SEQUENCE_RANK_NEAREST_UNUSED_EARLIER_TIE,True,386000
FMB1_W01,S01,FMB1_W01_S01_Q04,3,0.35,147,51.099999999999994,51,51,1787145925.6577125,96a5f068f5b41c87ececdac8555a16bcb5ddeccb879ce3931b0f1698881d47b8,/home/lj/ZPRM/zero_perturbation_runtime/mid360_formal_batch1_ingest_v1/snapshots/FMB1_W01/S01/FMB1_W01_S01_Q04.npy,10abc5cde15b8d8c1b77242beb024b60da53724c3ac9c977d29ebc362804f9b9,3d2c0134048fa04d0cb46850fa4c872922744a3f97efcb5f9d7f6157e012e5bd,16169,e117799f82e414ef1db49271dcc6e266ffdf17a81d37be1083e0b4a473c1157f,3eae4d35f32c60f30f7a9d998717d1134f4fa80a0e247dbee544c98ec2197d8a,FIXED_QUANTILE_SEQUENCE_RANK_NEAREST_UNUSED_EARLIER_TIE,True,388184
FMB1_W01,S01,FMB1_W01_S01_Q05,4,0.45,147,65.7,66,66,1787145927.1581645,96a5f068f5b41c87ececdac8555a16bcb5ddeccb879ce3931b0f1698881d47b8,/home/lj/ZPRM/zero_perturbation_runtime/mid360_formal_batch1_ingest_v1/snapshots/FMB1_W01/S01/FMB1_W01_S01_Q05.npy,3ec34b2307f5e4769abfd114c00dc5e25407ffe2f2c045d052584c94dcf81dbf,b7b633c8f55093adacb9eb9a34a88cc17f8bd4fc73951b9a7bc2c483b97239b0,16358,e117799f82e414ef1db49271dcc6e266ffdf17a81d37be1083e0b4a473c1157f,3eae4d35f32c60f30f7a9d998717d1134f4fa80a0e247dbee544c98ec2197d8a,FIXED_QUANTILE_SEQUENCE_RANK_NEAREST_UNUSED_EARLIER_TIE,True,392720
FMB1_W01,S01,FMB1_W01_S01_Q06,5,0.55,147,80.30000000000001,80,80,1787145928.5589437,96a5f068f5b41c87ececdac8555a16bcb5ddeccb879ce3931b0f1698881d47b8,/home/lj/ZPRM/zero_perturbation_runtime/mid360_formal_batch1_ingest_v1/snapshots/FMB1_W01/S01/FMB1_W01_S01_Q06.npy,103efeefe5df0a4ace3549461ab30fa1a6f82e22c1ae6edb9f45135c957f3f85,7779226fd02a8b1f7d13c86268f453571177d3d65692924b64ad842bb4bf7d28,16279,e117799f82e414ef1db49271dcc6e266ffdf17a81d37be1083e0b4a473c1157f,3eae4d35f32c60f30f7a9d998717d1134f4fa80a0e247dbee544c98ec2197d8a,FIXED_QUANTILE_SEQUENCE_RANK_NEAREST_UNUSED_EARLIER_TIE,True,390824
FMB1_W01,S01,FMB1_W01_S01_Q07,6,0.65,147,94.9,95,95,1787145930.0588458,96a5f068f5b41c87ececdac8555a16bcb5ddeccb879ce3931b0f1698881d47b8,/home/lj/ZPRM/zero_perturbation_runtime/mid360_formal_batch1_ingest_v1/snapshots/FMB1_W01/S01/FMB1_W01_S01_Q07.npy,c1bb4df7fd93dfc622d0973c24fa197aa458087cbcf294606afc407f41df094c,29d4e9c07bb14f2c7ffadf6dbe30934ce692ae4f3c06c680d43e469e68a1994b,16294,e117799f82e414ef1db49271dcc6e266ffdf17a81d37be1083e0b4a473c1157f,3eae4d35f32c60f30f7a9d998717d1134f4fa80a0e247dbee544c98ec2197d8a,FIXED_QUANTILE_SEQUENCE_RANK_NEAREST_UNUSED_EARLIER_TIE,True,391184
FMB1_W01,S01,FMB1_W01_S01_Q08,7,0.75,147,109.5,109,109,1787145931.458935,96a5f068f5b41c87ececdac8555a16bcb5ddeccb879ce3931b0f1698881d47b8,/home/lj/ZPRM/zero_perturbation_runtime/mid360_formal_batch1_ingest_v1/snapshots/FMB1_W01/S01/FMB1_W01_S01_Q08.npy,7d1798a3deda60aba314d7e50526f0a0709207d6b7753154a4875cd0838240de,f47c4794a9fb736ac0378b07f432ac458dccdf3a17b5ff6dbd0a978cc8b371b3,16169,e117799f82e414ef1db49271dcc6e266ffdf17a81d37be1083e0b4a473c1157f,3eae4d35f32c60f30f7a9d998717d1134f4fa80a0e247dbee544c98ec2197d8a,FIXED_QUANTILE_SEQUENCE_RANK_NEAREST_UNUSED_EARLIER_TIE,True,388184
FMB1_W01,S01,FMB1_W01_S01_Q09,8,0.85,147,124.1,124,124,1787145932.9587362,96a5f068f5b41c87ececdac8555a16bcb5ddeccb879ce3931b0f1698881d47b8,/home/lj/ZPRM/zero_perturbation_runtime/mid360_formal_batch1_ingest_v1/snapshots/FMB1_W01/S01/FMB1_W01_S01_Q09.npy,9652718879ab014844cad4d0fa8c5759ca92619be091a691e6d80907ff76c5be,319de3c42deff3e7ff5481ebe2bf9dd2bb8eb5935ccb5fc452c7ab3e082c3776,16326,e117799f82e414ef1db49271dcc6e266ffdf17a81d37be1083e0b4a473c1157f,3eae4d35f32c60f30f7a9d998717d1134f4fa80a0e247dbee544c98ec2197d8a,FIXED_QUANTILE_SEQUENCE_RANK_NEAREST_UNUSED_EARLIER_TIE,True,391952
FMB1_W01,S01,FMB1_W01_S01_Q10,9,0.95,147,138.7,139,139,1787145934.458622,96a5f068f5b41c87ececdac8555a16bcb5ddeccb879ce3931b0f1698881d47b8,/home/lj/ZPRM/zero_perturbation_runtime/mid360_formal_batch1_ingest_v1/snapshots/FMB1_W01/S01/FMB1_W01_S01_Q10.npy,3ca72701d921616a85265fe6e4798eb293e805bc038480cc5283988b8c457952,101e85face11dedd60237453accc6fa8da0d51f38844c814f917b9eba450d361,16341,e117799f82e414ef1db49271dcc6e266ffdf17a81d37be1083e0b4a473c1157f,3eae4d35f32c60f30f7a9d998717d1134f4fa80a0e247dbee544c98ec2197d8a,FIXED_QUANTILE_SEQUENCE_RANK_NEAREST_UNUSED_EARLIER_TIE,True,392312
FMB1_W01,S02,FMB1_W01_S02_Q01,0,0.05,147,7.300000000000001,7,7,1787146137.102594,6c4ac9f69445d956d27ec9cc0b1f01aa14d2dee3c919000807d20c5cfdb14e01,/home/lj/ZPRM/zero_perturbation_runtime/mid360_formal_batch1_ingest_v1/snapshots/FMB1_W01/S02/FMB1_W01_S02_Q01.npy,d32dd45e7ce1d92bb36cce0cf83e58a45991725e49e314e7e40e62343b7b7744,f5000a32e0bd7faaa8d7ef9772f7833b42ac4cc4b930a9cec921f40bebf96715,16219,dbfbc030502cadd298fe1ca0b8665656a3569b4816e3edd745b08586598d5df8,545292e4ebc658dedc67e9e6de4c4336fc6723b020234cf33a6072ac5ff8f8e7,FIXED_QUANTILE_SEQUENCE_RANK_NEAREST_UNUSED_EARLIER_TIE,True,389384
FMB1_W01,S02,FMB1_W01_S02_Q02,1,0.15,147,21.9,22,22,1787146138.6025286,6c4ac9f69445d956d27ec9cc0b1f01aa14d2dee3c919000807d20c5cfdb14e01,/home/lj/ZPRM/zero_perturbation_runtime/mid360_formal_batch1_ingest_v1/snapshots/FMB1_W01/S02/FMB1_W01_S02_Q02.npy,3803af203ab0f84bbf6f240606535b87094527edd0e0ada5882c51889a30826e,1d2d1f3e629fe7c138551d1f0310b18bedbc276aa6a0dce5ba1d19bc64350b68,16445,dbfbc030502cadd298fe1ca0b8665656a3569b4816e3edd745b08586598d5df8,545292e4ebc658dedc67e9e6de4c4336fc6723b020234cf33a6072ac5ff8f8e7,FIXED_QUANTILE_SEQUENCE_RANK_NEAREST_UNUSED_EARLIER_TIE,True,394808
FMB1_W01,S02,FMB1_W01_S02_Q03,2,0.25,147,36.5,36,36,1787146140.0026324,6c4ac9f69445d956d27ec9cc0b1f01aa14d2dee3c919000807d20c5cfdb14e01,/home/lj/ZPRM/zero_perturbation_runtime/mid360_formal_batch1_ingest_v1/snapshots/FMB1_W01/S02/FMB1_W01_S02_Q03.npy,3c022abaf377a0c94712b3be39ca4d4c58264b92ed146682c67f9f29275933be,6443febd920b510d1ec2745b12b144dd565ca41c4ce507c37257b3e106684981,16308,dbfbc030502cadd298fe1ca0b8665656a3569b4816e3edd745b08586598d5df8,545292e4ebc658dedc67e9e6de4c4336fc6723b020234cf33a6072ac5ff8f8e7,FIXED_QUANTILE_SEQUENCE_RANK_NEAREST_UNUSED_EARLIER_TIE,True,391520
FMB1_W01,S02,FMB1_W01_S02_Q04,3,0.35,147,51.099999999999994,51,51,1787146141.5026133,6c4ac9f69445d956d27ec9cc0b1f01aa14d2dee3c919000807d20c5cfdb14e01,/home/lj/ZPRM/zero_perturbation_runtime/mid360_formal_batch1_ingest_v1/snapshots/FMB1_W01/S02/FMB1_W01_S02_Q04.npy,7a7b1ca35745c9221b139314fa953ae4f34677c6d1ad203ea198ebe1c086dd20,bc14fb8757b2b254e8c0e5d8c78dcebab0f40edfde3839d2848ccfb60c7d910b,16304,dbfbc030502cadd298fe1ca0b8665656a3569b4816e3edd745b08586598d5df8,545292e4ebc658dedc67e9e6de4c4336fc6723b020234cf33a6072ac5ff8f8e7,FIXED_QUANTILE_SEQUENCE_RANK_NEAREST_UNUSED_EARLIER_TIE,True,391424
FMB1_W01,S02,FMB1_W01_S02_Q05,4,0.45,147,65.7,66,66,1787146143.0028315,6c4ac9f69445d956d27ec9cc0b1f01aa14d2dee3c919000807d20c5cfdb14e01,/home/lj/ZPRM/zero_perturbation_runtime/mid360_formal_batch1_ingest_v1/snapshots/FMB1_W01/S02/FMB1_W01_S02_Q05.npy,093ceff879f8fc41e3877756bfb6e7a3cf943c8f07ec61c9d6d71c826d676ff3,e60148e625cda97397f23b8b527a5437bc0da9b5c913e9b273a8e481259bb98f,16218,dbfbc030502cadd298fe1ca0b8665656a3569b4816e3edd745b08586598d5df8,545292e4ebc658dedc67e9e6de4c4336fc6723b020234cf33a6072ac5ff8f8e7,FIXED_QUANTILE_SEQUENCE_RANK_NEAREST_UNUSED_EARLIER_TIE,True,389360
FMB1_W01,S02,FMB1_W01_S02_Q06,5,0.55,147,80.30000000000001,80,80,1787146144.40297,6c4ac9f69445d956d27ec9cc0b1f01aa14d2dee3c919000807d20c5cfdb14e01,/home/lj/ZPRM/zero_perturbation_runtime/mid360_formal_batch1_ingest_v1/snapshots/FMB1_W01/S02/FMB1_W01_S02_Q06.npy,2428928d160d4fe55e5e38f3ab3b7ebc1b30e95d6fed92e0a7b0ee36670b51ea,d1c3438fb6a3686b14e8ba6832f755456cef46203084ffe47da99da31292522f,16234,dbfbc030502cadd298fe1ca0b8665656a3569b4816e3edd745b08586598d5df8,545292e4ebc658dedc67e9e6de4c4336fc6723b020234cf33a6072ac5ff8f8e7,FIXED_QUANTILE_SEQUENCE_RANK_NEAREST_UNUSED_EARLIER_TIE,True,389744
FMB1_W01,S02,FMB1_W01_S02_Q07,6,0.65,147,94.9,95,95,1787146145.9029777,6c4ac9f69445d956d27ec9cc0b1f01aa14d2dee3c919000807d20c5cfdb14e01,/home/lj/ZPRM/zero_perturbation_runtime/mid360_formal_batch1_ingest_v1/snapshots/FMB1_W01/S02/FMB1_W01_S02_Q07.npy,a1f87956a52e59433453e58867dd5de203a3f596017302a5f0647abb99d09058,85b0621956275733357aada32d7482091b388df112fe516dffacaedff09d9419,16220,dbfbc030502cadd298fe1ca0b8665656a3569b4816e3edd745b08586598d5df8,545292e4ebc658dedc67e9e6de4c4336fc6723b020234cf33a6072ac5ff8f8e7,FIXED_QUANTILE_SEQUENCE_RANK_NEAREST_UNUSED_EARLIER_TIE,True,389408
FMB1_W01,S02,FMB1_W01_S02_Q08,7,0.75,147,109.5,109,109,1787146147.3031328,6c4ac9f69445d956d27ec9cc0b1f01aa14d2dee3c919000807d20c5cfdb14e01,/home/lj/ZPRM/zero_perturbation_runtime/mid360_formal_batch1_ingest_v1/snapshots/FMB1_W01/S02/FMB1_W01_S02_Q08.npy,9a7c9fbe664805f1eb58f5ec1117771466cf17118f5e4769c6f81db23ae5efff,240a603193448f86b7bc2d6ad9d68e8e24fd9a72cb8442ca001ad7340ad4965f,16327,dbfbc030502cadd298fe1ca0b8665656a3569b4816e3edd745b08586598d5df8,545292e4ebc658dedc67e9e6de4c4336fc6723b020234cf33a6072ac5ff8f8e7,FIXED_QUANTILE_SEQUENCE_RANK_NEAREST_UNUSED_EARLIER_TIE,True,391976
FMB1_W01,S02,FMB1_W01_S02_Q09,8,0.85,147,124.1,124,124,1787146148.8031764,6c4ac9f69445d956d27ec9cc0b1f01aa14d2dee3c919000807d20c5cfdb14e01,/home/lj/ZPRM/zero_perturbation_runtime/mid360_formal_batch1_ingest_v1/snapshots/FMB1_W01/S02/FMB1_W01_S02_Q09.npy,46e8cec48b3333f8e1db1f68f3cf581d0d9503c6cbc9b482ac5859aafc0d236f,47e51289a107afbfe7fdc7fc9a74c81e37c0b0585c436ee811a14c6ddda4343a,16241,dbfbc030502cadd298fe1ca0b8665656a3569b4816e3edd745b08586598d5df8,545292e4ebc658dedc67e9e6de4c4336fc6723b020234cf33a6072ac5ff8f8e7,FIXED_QUANTILE_SEQUENCE_RANK_NEAREST_UNUSED_EARLIER_TIE,True,389912
FMB1_W01,S02,FMB1_W01_S02_Q10,9,0.95,147,138.7,139,139,1787146150.303116,6c4ac9f69445d956d27ec9cc0b1f01aa14d2dee3c919000807d20c5cfdb14e01,/home/lj/ZPRM/zero_perturbation_runtime/mid360_formal_batch1_ingest_v1/snapshots/FMB1_W01/S02/FMB1_W01_S02_Q10.npy,fb92390a7d9e1849441c1f284e824f2a6d9cdc8cf1c538b8054f2e6ef2eba8c1,9c31aeb0863e045cf7d1ff27f86822fd98692c675dd5bd5137ca8a253fe4312e,16248,dbfbc030502cadd298fe1ca0b8665656a3569b4816e3edd745b08586598d5df8,545292e4ebc658dedc67e9e6de4c4336fc6723b020234cf33a6072ac5ff8f8e7,FIXED_QUANTILE_SEQUENCE_RANK_NEAREST_UNUSED_EARLIER_TIE,True,390080
FMB1_W01,S03,FMB1_W01_S03_Q01,0,0.05,148,7.3500000000000005,7,7,1787146268.3859055,6c63c4356ca3f172467f917aea7740b331b26a26b285419cec432d8ce80aea1d,/home/lj/ZPRM/zero_perturbation_runtime/mid360_formal_batch1_ingest_v1/snapshots/FMB1_W01/S03/FMB1_W01_S03_Q01.npy,d363687f1b814ed66ef3d43b986ad38d44a14f1811a9ab3e2ea431fa15693bc4,8f9d3f159518cacd3aade3c080759f48bbb594884c77b353c30858a59a44c2d9,15943,7b9700f4bea501bf5444440c52c66c162afa8ffeed9b27fbcdc606e391cae1ac,3eedace32211b428dc7df18af433aa8734123e5f9d43654855025570fcf87633,FIXED_QUANTILE_SEQUENCE_RANK_NEAREST_UNUSED_EARLIER_TIE,True,382760
FMB1_W01,S03,FMB1_W01_S03_Q02,1,0.15,148,22.05,22,22,1787146269.886684,6c63c4356ca3f172467f917aea7740b331b26a26b285419cec432d8ce80aea1d,/home/lj/ZPRM/zero_perturbation_runtime/mid360_formal_batch1_ingest_v1/snapshots/FMB1_W01/S03/FMB1_W01_S03_Q02.npy,1f5f2c3c55763ccb75ccc807917b9e0617c91b9d10e29f7dd1a268d809b0a43a,024035233ebfbe518857188340c8a169135836c6eef45cc36884669ddcc9ad5d,15848,7b9700f4bea501bf5444440c52c66c162afa8ffeed9b27fbcdc606e391cae1ac,3eedace32211b428dc7df18af433aa8734123e5f9d43654855025570fcf87633,FIXED_QUANTILE_SEQUENCE_RANK_NEAREST_UNUSED_EARLIER_TIE,True,380480
FMB1_W01,S03,FMB1_W01_S03_Q03,2,0.25,148,36.75,37,37,1787146271.3871346,6c63c4356ca3f172467f917aea7740b331b26a26b285419cec432d8ce80aea1d,/home/lj/ZPRM/zero_perturbation_runtime/mid360_formal_batch1_ingest_v1/snapshots/FMB1_W01/S03/FMB1_W01_S03_Q03.npy,ffeae0d122e28f35dd1af025bb45487cd67a9324500b336175d6b9a847eca6c1,be15d6c717df174774a922dfed356ca36bc3a19c8e47d7b32506564c89fb3cdb,15840,7b9700f4bea501bf5444440c52c66c162afa8ffeed9b27fbcdc606e391cae1ac,3eedace32211b428dc7df18af433aa8734123e5f9d43654855025570fcf87633,FIXED_QUANTILE_SEQUENCE_RANK_NEAREST_UNUSED_EARLIER_TIE,True,380288
FMB1_W01,S03,FMB1_W01_S03_Q04,3,0.35,148,51.449999999999996,51,51,1787146272.786044,6c63c4356ca3f172467f917aea7740b331b26a26b285419cec432d8ce80aea1d,/home/lj/ZPRM/zero_perturbation_runtime/mid360_formal_batch1_ingest_v1/snapshots/FMB1_W01/S03/FMB1_W01_S03_Q04.npy,7aa5a43a3bdfac37ea826cf596f496da607075f14cc126fa5a8514170ec72758,09702cf9d28296a4ad224b91fc48b432351f1750c1026e3b82d61f103e28ebf8,15877,7b9700f4bea501bf5444440c52c66c162afa8ffeed9b27fbcdc606e391cae1ac,3eedace32211b428dc7df18af433aa8734123e5f9d43654855025570fcf87633,FIXED_QUANTILE_SEQUENCE_RANK_NEAREST_UNUSED_EARLIER_TIE,True,381176
FMB1_W01,S03,FMB1_W01_S03_Q05,4,0.45,148,66.15,66,66,1787146274.28596,6c63c4356ca3f172467f917aea7740b331b26a26b285419cec432d8ce80aea1d,/home/lj/ZPRM/zero_perturbation_runtime/mid360_formal_batch1_ingest_v1/snapshots/FMB1_W01/S03/FMB1_W01_S03_Q05.npy,af0e6f5314d2afd830feb2ee028e516bf9929c456e91ecd88ff875d362d9f6cd,cbbd7de924f92b10e144a2e0daf04a905884008dc69911504dc354b57ca5845a,15994,7b9700f4bea501bf5444440c52c66c162afa8ffeed9b27fbcdc606e391cae1ac,3eedace32211b428dc7df18af433aa8734123e5f9d43654855025570fcf87633,FIXED_QUANTILE_SEQUENCE_RANK_NEAREST_UNUSED_EARLIER_TIE,True,383984
FMB1_W01,S03,FMB1_W01_S03_Q06,5,0.55,148,80.85000000000001,81,81,1787146275.7860625,6c63c4356ca3f172467f917aea7740b331b26a26b285419cec432d8ce80aea1d,/home/lj/ZPRM/zero_perturbation_runtime/mid360_formal_batch1_ingest_v1/snapshots/FMB1_W01/S03/FMB1_W01_S03_Q06.npy,330483e11cba4f9fa30c56933d62a20f36d90f7f62ca080be3a1eb7fb9dc07b6,045aa471651d7b259017f10c908e72f574221afd3f65be6ffe4e2da657382757,15735,7b9700f4bea501bf5444440c52c66c162afa8ffeed9b27fbcdc606e391cae1ac,3eedace32211b428dc7df18af433aa8734123e5f9d43654855025570fcf87633,FIXED_QUANTILE_SEQUENCE_RANK_NEAREST_UNUSED_EARLIER_TIE,True,377768
FMB1_W01,S03,FMB1_W01_S03_Q07,6,0.65,148,95.55,96,96,1787146277.2860918,6c63c4356ca3f172467f917aea7740b331b26a26b285419cec432d8ce80aea1d,/home/lj/ZPRM/zero_perturbation_runtime/mid360_formal_batch1_ingest_v1/snapshots/FMB1_W01/S03/FMB1_W01_S03_Q07.npy,5b4747a487321c8fbab3a127df97a44d8ead389c42f8b2d44fb4b03168982771,93c948180a763d68d0b483dbb4626648bb70ad8197081626dc3ed55b7f3fb976,15853,7b9700f4bea501bf5444440c52c66c162afa8ffeed9b27fbcdc606e391cae1ac,3eedace32211b428dc7df18af433aa8734123e5f9d43654855025570fcf87633,FIXED_QUANTILE_SEQUENCE_RANK_NEAREST_UNUSED_EARLIER_TIE,True,380600
FMB1_W01,S03,FMB1_W01_S03_Q08,7,0.75,148,110.25,110,110,1787146278.686212,6c63c4356ca3f172467f917aea7740b331b26a26b285419cec432d8ce80aea1d,/home/lj/ZPRM/zero_perturbation_runtime/mid360_formal_batch1_ingest_v1/snapshots/FMB1_W01/S03/FMB1_W01_S03_Q08.npy,ca00ec1e492fa3ace7f14b930fa6555c70a16d82a3969ea59916aa4b6bc1cb5a,8d19ca8011fc7ab6eff95c352e8fb0707962e1456b164046fdf545f7765317cc,15839,7b9700f4bea501bf5444440c52c66c162afa8ffeed9b27fbcdc606e391cae1ac,3eedace32211b428dc7df18af433aa8734123e5f9d43654855025570fcf87633,FIXED_QUANTILE_SEQUENCE_RANK_NEAREST_UNUSED_EARLIER_TIE,True,380264
FMB1_W01,S03,FMB1_W01_S03_Q09,8,0.85,148,124.95,125,125,1787146280.186161,6c63c4356ca3f172467f917aea7740b331b26a26b285419cec432d8ce80aea1d,/home/lj/ZPRM/zero_perturbation_runtime/mid360_formal_batch1_ingest_v1/snapshots/FMB1_W01/S03/FMB1_W01_S03_Q09.npy,67f2767023f2a1ef190eb578ba331232407cbfbf0b791634a0664f360247a1dc,ff0662f7faaa4d063b091e94d306a5f5ab6ad2f4ecf13d872abb1fcf2ef816a3,15781,7b9700f4bea501bf5444440c52c66c162afa8ffeed9b27fbcdc606e391cae1ac,3eedace32211b428dc7df18af433aa8734123e5f9d43654855025570fcf87633,FIXED_QUANTILE_SEQUENCE_RANK_NEAREST_UNUSED_EARLIER_TIE,True,378872
FMB1_W01,S03,FMB1_W01_S03_Q10,9,0.95,148,139.65,140,140,1787146281.6871235,6c63c4356ca3f172467f917aea7740b331b26a26b285419cec432d8ce80aea1d,/home/lj/ZPRM/zero_perturbation_runtime/mid360_formal_batch1_ingest_v1/snapshots/FMB1_W01/S03/FMB1_W01_S03_Q10.npy,f1b62db17d6c34de7f41b6475ac9c1ebc7ea6e3a0c450777ac4e47d30609791b,ed96ad544f07d76eae5719edb07e6e03c15787b48559e722eaab6cd37ce723a6,15794,7b9700f4bea501bf5444440c52c66c162afa8ffeed9b27fbcdc606e391cae1ac,3eedace32211b428dc7df18af433aa8734123e5f9d43654855025570fcf87633,FIXED_QUANTILE_SEQUENCE_RANK_NEAREST_UNUSED_EARLIER_TIE,True,379184
FMB1_W02,S01,FMB1_W02_S01_Q01,0,0.05,147,7.300000000000001,7,7,1787146519.3914256,4006d97ee438e2426fb81c1b75f66fb36fd9ce3a7e8efb2362d036906f4d81c7,/home/lj/ZPRM/zero_perturbation_runtime/mid360_formal_batch1_ingest_v1/snapshots/FMB1_W02/S01/FMB1_W02_S01_Q01.npy,1392aeda7dce5c6680d142f8452c6766d7e57e3fec674d6706b121539d3da037,83e40fc0eeff510fb53723ea392b0b4485cd56314816035e33f6cc8809022bbc,16605,f34f1867c3491f16db0dc5a00766da5d0b4d78def5f16114b335e5f9737d96c7,78964894845f3b1107b12d5dc4fcb235ba44a166e51b3c22b4932cf05e792251,FIXED_QUANTILE_SEQUENCE_RANK_NEAREST_UNUSED_EARLIER_TIE,True,398648
FMB1_W02,S01,FMB1_W02_S01_Q02,1,0.15,147,21.9,22,22,1787146520.889177,4006d97ee438e2426fb81c1b75f66fb36fd9ce3a7e8efb2362d036906f4d81c7,/home/lj/ZPRM/zero_perturbation_runtime/mid360_formal_batch1_ingest_v1/snapshots/FMB1_W02/S01/FMB1_W02_S01_Q02.npy,2a66c47fa58e6d8d6c541b6281a4ecfc3d8561729800ea7cbfa44814ee43ae2d,ef443d02c8a4d39ac851cf78d96126e9398a11d685cce733ef4de0fc74f5525b,16655,f34f1867c3491f16db0dc5a00766da5d0b4d78def5f16114b335e5f9737d96c7,78964894845f3b1107b12d5dc4fcb235ba44a166e51b3c22b4932cf05e792251,FIXED_QUANTILE_SEQUENCE_RANK_NEAREST_UNUSED_EARLIER_TIE,True,399848
FMB1_W02,S01,FMB1_W02_S01_Q03,2,0.25,147,36.5,36,36,1787146522.2904882,4006d97ee438e2426fb81c1b75f66fb36fd9ce3a7e8efb2362d036906f4d81c7,/home/lj/ZPRM/zero_perturbation_runtime/mid360_formal_batch1_ingest_v1/snapshots/FMB1_W02/S01/FMB1_W02_S01_Q03.npy,d80667dd3565c314b5691094081c2d6762d626802e6393c67c30c95228ca394e,03715615fe7f913fa9316af1c7fd7689cd6fe4c207e1ab65fe9c18d4d290deaa,16585,f34f1867c3491f16db0dc5a00766da5d0b4d78def5f16114b335e5f9737d96c7,78964894845f3b1107b12d5dc4fcb235ba44a166e51b3c22b4932cf05e792251,FIXED_QUANTILE_SEQUENCE_RANK_NEAREST_UNUSED_EARLIER_TIE,True,398168
FMB1_W02,S01,FMB1_W02_S01_Q04,3,0.35,147,51.099999999999994,51,51,1787146523.7894073,4006d97ee438e2426fb81c1b75f66fb36fd9ce3a7e8efb2362d036906f4d81c7,/home/lj/ZPRM/zero_perturbation_runtime/mid360_formal_batch1_ingest_v1/snapshots/FMB1_W02/S01/FMB1_W02_S01_Q04.npy,06da65c4eb61ba63bb23e638a142f0685a4ddcbf2868f2b4b32dcfc5e5cecf61,cd8a08a4d193e22583eeeb7ad3ed3d82427f6820aaa20f687a486ec6ff900a97,16506,f34f1867c3491f16db0dc5a00766da5d0b4d78def5f16114b335e5f9737d96c7,78964894845f3b1107b12d5dc4fcb235ba44a166e51b3c22b4932cf05e792251,FIXED_QUANTILE_SEQUENCE_RANK_NEAREST_UNUSED_EARLIER_TIE,True,396272
FMB1_W02,S01,FMB1_W02_S01_Q05,4,0.45,147,65.7,66,66,1787146525.2890189,4006d97ee438e2426fb81c1b75f66fb36fd9ce3a7e8efb2362d036906f4d81c7,/home/lj/ZPRM/zero_perturbation_runtime/mid360_formal_batch1_ingest_v1/snapshots/FMB1_W02/S01/FMB1_W02_S01_Q05.npy,c12ec6fc38a7c0d5cd612f437c7b0d27a735864c55bbe64bca59c8944470838a,5a6c14ffe2c5096d0a697d56e2ec426232fc20aaf7f5477673441e561b6394bf,16663,f34f1867c3491f16db0dc5a00766da5d0b4d78def5f16114b335e5f9737d96c7,78964894845f3b1107b12d5dc4fcb235ba44a166e51b3c22b4932cf05e792251,FIXED_QUANTILE_SEQUENCE_RANK_NEAREST_UNUSED_EARLIER_TIE,True,400040
FMB1_W02,S01,FMB1_W02_S01_Q06,5,0.55,147,80.30000000000001,80,80,1787146526.6896493,4006d97ee438e2426fb81c1b75f66fb36fd9ce3a7e8efb2362d036906f4d81c7,/home/lj/ZPRM/zero_perturbation_runtime/mid360_formal_batch1_ingest_v1/snapshots/FMB1_W02/S01/FMB1_W02_S01_Q06.npy,06b71344afb3f89e8e84376bc3dd2141781a0211a6d45341f3eda3c5f7630026,c8b4298f18571a3c63c8d4ce562e38197ddd4d346d2ab5129c35ebba1981d9f0,16587,f34f1867c3491f16db0dc5a00766da5d0b4d78def5f16114b335e5f9737d96c7,78964894845f3b1107b12d5dc4fcb235ba44a166e51b3c22b4932cf05e792251,FIXED_QUANTILE_SEQUENCE_RANK_NEAREST_UNUSED_EARLIER_TIE,True,398216
FMB1_W02,S01,FMB1_W02_S01_Q07,6,0.65,147,94.9,95,95,1787146528.189077,4006d97ee438e2426fb81c1b75f66fb36fd9ce3a7e8efb2362d036906f4d81c7,/home/lj/ZPRM/zero_perturbation_runtime/mid360_formal_batch1_ingest_v1/snapshots/FMB1_W02/S01/FMB1_W02_S01_Q07.npy,ac16279c1845596d489fb3a31e08df845ffe2d0cf14248a1f4e35c57b0ce658a,30f789156b9e350a2de097f17fde44197850086427c1181dc8e6c82551f0845b,16775,f34f1867c3491f16db0dc5a00766da5d0b4d78def5f16114b335e5f9737d96c7,78964894845f3b1107b12d5dc4fcb235ba44a166e51b3c22b4932cf05e792251,FIXED_QUANTILE_SEQUENCE_RANK_NEAREST_UNUSED_EARLIER_TIE,True,402728
FMB1_W02,S01,FMB1_W02_S01_Q08,7,0.75,147,109.5,109,109,1787146529.5890706,4006d97ee438e2426fb81c1b75f66fb36fd9ce3a7e8efb2362d036906f4d81c7,/home/lj/ZPRM/zero_perturbation_runtime/mid360_formal_batch1_ingest_v1/snapshots/FMB1_W02/S01/FMB1_W02_S01_Q08.npy,6484d7a30df5b5583feb63c24913c115e306e4e8af54a8fd026d7c6146ce175e,e32325401390c5250158ef2bc7835091ea080783d202d4dcac585b51dac873fd,16587,f34f1867c3491f16db0dc5a00766da5d0b4d78def5f16114b335e5f9737d96c7,78964894845f3b1107b12d5dc4fcb235ba44a166e51b3c22b4932cf05e792251,FIXED_QUANTILE_SEQUENCE_RANK_NEAREST_UNUSED_EARLIER_TIE,True,398216
FMB1_W02,S01,FMB1_W02_S01_Q09,8,0.85,147,124.1,124,124,1787146531.0889544,4006d97ee438e2426fb81c1b75f66fb36fd9ce3a7e8efb2362d036906f4d81c7,/home/lj/ZPRM/zero_perturbation_runtime/mid360_formal_batch1_ingest_v1/snapshots/FMB1_W02/S01/FMB1_W02_S01_Q09.npy,65e80038496723835abf63244b2dbea769b0ecdfdd2e6ac86311c5157df63695,0c49b3a11f013a5cae079d05d5bc5748a9fd6ae208caec840e3b9d76a4d063f3,16570,f34f1867c3491f16db0dc5a00766da5d0b4d78def5f16114b335e5f9737d96c7,78964894845f3b1107b12d5dc4fcb235ba44a166e51b3c22b4932cf05e792251,FIXED_QUANTILE_SEQUENCE_RANK_NEAREST_UNUSED_EARLIER_TIE,True,397808
FMB1_W02,S01,FMB1_W02_S01_Q10,9,0.95,147,138.7,139,139,1787146532.5891776,4006d97ee438e2426fb81c1b75f66fb36fd9ce3a7e8efb2362d036906f4d81c7,/home/lj/ZPRM/zero_perturbation_runtime/mid360_formal_batch1_ingest_v1/snapshots/FMB1_W02/S01/FMB1_W02_S01_Q10.npy,7cc49b1bf6014b08b2e809a94dc4d5abcb403a74248b1dfb0ea99b7d45cb0b34,a99170447a403f65a536896055fb58954cdf824ff84046823b3a46e21997df83,16486,f34f1867c3491f16db0dc5a00766da5d0b4d78def5f16114b335e5f9737d96c7,78964894845f3b1107b12d5dc4fcb235ba44a166e51b3c22b4932cf05e792251,FIXED_QUANTILE_SEQUENCE_RANK_NEAREST_UNUSED_EARLIER_TIE,True,395792
FMB1_W02,S02,FMB1_W02_S02_Q01,0,0.05,148,7.3500000000000005,7,7,1787146697.1022835,58ef557c7dabafde6c34508647ed1018681f68c3efd16464e9a1694ad9b093dd,/home/lj/ZPRM/zero_perturbation_runtime/mid360_formal_batch1_ingest_v1/snapshots/FMB1_W02/S02/FMB1_W02_S02_Q01.npy,ae11e137e3dc14aa14128dd178eebec85265dc711f5f19fe769d4c0fecff29ec,7ef30d5198ccd4f64be0b766f92dd598540c187d35f25bff87c19d492e2fd211,16638,05cedd04e39f37e61a257e781abd65c86ab34141101418339e453a2f5560f8af,0ba69a64e3e684254e1baad6a0022efdd656dcfc2e561bbbf34b5576283e174b,FIXED_QUANTILE_SEQUENCE_RANK_NEAREST_UNUSED_EARLIER_TIE,True,399440
FMB1_W02,S02,FMB1_W02_S02_Q02,1,0.15,148,22.05,22,22,1787146698.6022081,58ef557c7dabafde6c34508647ed1018681f68c3efd16464e9a1694ad9b093dd,/home/lj/ZPRM/zero_perturbation_runtime/mid360_formal_batch1_ingest_v1/snapshots/FMB1_W02/S02/FMB1_W02_S02_Q02.npy,ac91bfec6332325488a881bf38f4758f952dcae79afd01be3abe9fc3c814527e,5dfb1d743ac4012dc9e5111adba538cf5e62f0bda81b2160770a29587b3a9df2,16485,05cedd04e39f37e61a257e781abd65c86ab34141101418339e453a2f5560f8af,0ba69a64e3e684254e1baad6a0022efdd656dcfc2e561bbbf34b5576283e174b,FIXED_QUANTILE_SEQUENCE_RANK_NEAREST_UNUSED_EARLIER_TIE,True,395768
FMB1_W02,S02,FMB1_W02_S02_Q03,2,0.25,148,36.75,37,37,1787146700.1026182,58ef557c7dabafde6c34508647ed1018681f68c3efd16464e9a1694ad9b093dd,/home/lj/ZPRM/zero_perturbation_runtime/mid360_formal_batch1_ingest_v1/snapshots/FMB1_W02/S02/FMB1_W02_S02_Q03.npy,1b2eca76d93b31d29b9fbab8326a9ab44131b47b668b63dcb36021beabc965b4,6d7d059c3b4bdd2d23757d006cc4356b1bfa3cb4e3aef3c90931406db5ffab88,16458,05cedd04e39f37e61a257e781abd65c86ab34141101418339e453a2f5560f8af,0ba69a64e3e684254e1baad6a0022efdd656dcfc2e561bbbf34b5576283e174b,FIXED_QUANTILE_SEQUENCE_RANK_NEAREST_UNUSED_EARLIER_TIE,True,395120
FMB1_W02,S02,FMB1_W02_S02_Q04,3,0.35,148,51.449999999999996,51,51,1787146701.501935,58ef557c7dabafde6c34508647ed1018681f68c3efd16464e9a1694ad9b093dd,/home/lj/ZPRM/zero_perturbation_runtime/mid360_formal_batch1_ingest_v1/snapshots/FMB1_W02/S02/FMB1_W02_S02_Q04.npy,c07ecb51911c11b718d2bbcbf2adc3a220bcc88432d4966fa28f1a5bbbdc64d2,64943f13a49264f9f4e299b4eefc54caeedcb836664c9e1a1de1683567b6540b,16436,05cedd04e39f37e61a257e781abd65c86ab34141101418339e453a2f5560f8af,0ba69a64e3e684254e1baad6a0022efdd656dcfc2e561bbbf34b5576283e174b,FIXED_QUANTILE_SEQUENCE_RANK_NEAREST_UNUSED_EARLIER_TIE,True,394592
FMB1_W02,S02,FMB1_W02_S02_Q05,4,0.45,148,66.15,66,66,1787146703.001846,58ef557c7dabafde6c34508647ed1018681f68c3efd16464e9a1694ad9b093dd,/home/lj/ZPRM/zero_perturbation_runtime/mid360_formal_batch1_ingest_v1/snapshots/FMB1_W02/S02/FMB1_W02_S02_Q05.npy,e727e53c964daa105f6015fedbaafe92c1f2289df62bccab23ac6b2ab0f59fde,8697728267231eca3a0fee4560ff9e8da96fe71acb6841b48b60aaaed77649ba,16617,05cedd04e39f37e61a257e781abd65c86ab34141101418339e453a2f5560f8af,0ba69a64e3e684254e1baad6a0022efdd656dcfc2e561bbbf34b5576283e174b,FIXED_QUANTILE_SEQUENCE_RANK_NEAREST_UNUSED_EARLIER_TIE,True,398936
FMB1_W02,S02,FMB1_W02_S02_Q06,5,0.55,148,80.85000000000001,81,81,1787146704.5018399,58ef557c7dabafde6c34508647ed1018681f68c3efd16464e9a1694ad9b093dd,/home/lj/ZPRM/zero_perturbation_runtime/mid360_formal_batch1_ingest_v1/snapshots/FMB1_W02/S02/FMB1_W02_S02_Q06.npy,50079cbae8353b9078658073e465a7ffa0c75e46ea7adfc92ef6aed5004d06e1,8c77002bdcd4e6d708f7b46f43bf8271fdb474220b43bcdbeb07cb17c73a4b51,16512,05cedd04e39f37e61a257e781abd65c86ab34141101418339e453a2f5560f8af,0ba69a64e3e684254e1baad6a0022efdd656dcfc2e561bbbf34b5576283e174b,FIXED_QUANTILE_SEQUENCE_RANK_NEAREST_UNUSED_EARLIER_TIE,True,396416
FMB1_W02,S02,FMB1_W02_S02_Q07,6,0.65,148,95.55,96,96,1787146706.001802,58ef557c7dabafde6c34508647ed1018681f68c3efd16464e9a1694ad9b093dd,/home/lj/ZPRM/zero_perturbation_runtime/mid360_formal_batch1_ingest_v1/snapshots/FMB1_W02/S02/FMB1_W02_S02_Q07.npy,2be4832ce8439ed09b1f8e4bcf2cac95cbe8c9dfc89b18550973b899f73b019b,8d988f81782c16d5c707f79bf6c7ce2c1f22dec32a1529de0398f4c236eff217,16569,05cedd04e39f37e61a257e781abd65c86ab34141101418339e453a2f5560f8af,0ba69a64e3e684254e1baad6a0022efdd656dcfc2e561bbbf34b5576283e174b,FIXED_QUANTILE_SEQUENCE_RANK_NEAREST_UNUSED_EARLIER_TIE,True,397784
FMB1_W02,S02,FMB1_W02_S02_Q08,7,0.75,148,110.25,110,110,1787146707.4018033,58ef557c7dabafde6c34508647ed1018681f68c3efd16464e9a1694ad9b093dd,/home/lj/ZPRM/zero_perturbation_runtime/mid360_formal_batch1_ingest_v1/snapshots/FMB1_W02/S02/FMB1_W02_S02_Q08.npy,9ffb5c5e02019b4e59f17d42d008ef51b9fd312abe039a74ee364be633216f17,7e67dc34167a864344425b0e8798c34d9a187c28e45dde3c33957bef8cc6462d,16506,05cedd04e39f37e61a257e781abd65c86ab34141101418339e453a2f5560f8af,0ba69a64e3e684254e1baad6a0022efdd656dcfc2e561bbbf34b5576283e174b,FIXED_QUANTILE_SEQUENCE_RANK_NEAREST_UNUSED_EARLIER_TIE,True,396272
FMB1_W02,S02,FMB1_W02_S02_Q09,8,0.85,148,124.95,125,125,1787146708.9017236,58ef557c7dabafde6c34508647ed1018681f68c3efd16464e9a1694ad9b093dd,/home/lj/ZPRM/zero_perturbation_runtime/mid360_formal_batch1_ingest_v1/snapshots/FMB1_W02/S02/FMB1_W02_S02_Q09.npy,52768a97b253777dae2b808953c2879f26e88e33b4e9e229c3916dfe30b17ec5,8452e0eee7d4858e8ad36a7c53749c8b3e9ba6a5dee8a7d7255aabdecf123ab6,16690,05cedd04e39f37e61a257e781abd65c86ab34141101418339e453a2f5560f8af,0ba69a64e3e684254e1baad6a0022efdd656dcfc2e561bbbf34b5576283e174b,FIXED_QUANTILE_SEQUENCE_RANK_NEAREST_UNUSED_EARLIER_TIE,True,400688
FMB1_W02,S02,FMB1_W02_S02_Q10,9,0.95,148,139.65,140,140,1787146710.4033022,58ef557c7dabafde6c34508647ed1018681f68c3efd16464e9a1694ad9b093dd,/home/lj/ZPRM/zero_perturbation_runtime/mid360_formal_batch1_ingest_v1/snapshots/FMB1_W02/S02/FMB1_W02_S02_Q10.npy,50be57442b4c5feb5ef1ec5892801f3e06dba9c662891e37926b58c5fc539828,9702e8c52e83fb98ecc5b3241f817f3ca07062341834fc477777e4b7067cd219,16506,05cedd04e39f37e61a257e781abd65c86ab34141101418339e453a2f5560f8af,0ba69a64e3e684254e1baad6a0022efdd656dcfc2e561bbbf34b5576283e174b,FIXED_QUANTILE_SEQUENCE_RANK_NEAREST_UNUSED_EARLIER_TIE,True,396272
FMB1_W02,S03,FMB1_W02_S03_Q01,0,0.05,148,7.3500000000000005,7,7,1787146877.0175514,d0d3ca6245824577a9fd9236c3a21b224d13c2d44c94814ba5c8db87b5ed948f,/home/lj/ZPRM/zero_perturbation_runtime/mid360_formal_batch1_ingest_v1/snapshots/FMB1_W02/S03/FMB1_W02_S03_Q01.npy,649702e528cea2b0d5265d86909aa675f5ee3a3a30387a7138f398cbc292a0f6,cc8a00140f1cb8c1242ec339480e4893ac6c31c04c57557e18a09fb4278401c9,16625,220e7ecaf2034bb958bfa80002d140a74d5b5698a19f5fb920b366b1174297ad,341571070cb87cef1f1599556e8ebc1317b16fb91e2ee36fe9cd5221fdc72429,FIXED_QUANTILE_SEQUENCE_RANK_NEAREST_UNUSED_EARLIER_TIE,True,399128
FMB1_W02,S03,FMB1_W02_S03_Q02,1,0.15,148,22.05,22,22,1787146878.517591,d0d3ca6245824577a9fd9236c3a21b224d13c2d44c94814ba5c8db87b5ed948f,/home/lj/ZPRM/zero_perturbation_runtime/mid360_formal_batch1_ingest_v1/snapshots/FMB1_W02/S03/FMB1_W02_S03_Q02.npy,c5078b2b6bf03873edf788416fdf9774567335a16147b2698e199d95b60f9ab4,fc8b9388d4410265a34046365f3e92d01ac77d3118ad1a0799a7bcba39a35d1c,16628,220e7ecaf2034bb958bfa80002d140a74d5b5698a19f5fb920b366b1174297ad,341571070cb87cef1f1599556e8ebc1317b16fb91e2ee36fe9cd5221fdc72429,FIXED_QUANTILE_SEQUENCE_RANK_NEAREST_UNUSED_EARLIER_TIE,True,399200
FMB1_W02,S03,FMB1_W02_S03_Q03,2,0.25,148,36.75,37,37,1787146880.0174458,d0d3ca6245824577a9fd9236c3a21b224d13c2d44c94814ba5c8db87b5ed948f,/home/lj/ZPRM/zero_perturbation_runtime/mid360_formal_batch1_ingest_v1/snapshots/FMB1_W02/S03/FMB1_W02_S03_Q03.npy,0ed2068d51f6e4aa578adc9b8b75291a97eaaaeebd40d59bd67675061c9ae6c9,b0a1a57c3b6d3ee5035a97e6040dac61d5bd334dbf0bbee3dca203b0e6866cde,16588,220e7ecaf2034bb958bfa80002d140a74d5b5698a19f5fb920b366b1174297ad,341571070cb87cef1f1599556e8ebc1317b16fb91e2ee36fe9cd5221fdc72429,FIXED_QUANTILE_SEQUENCE_RANK_NEAREST_UNUSED_EARLIER_TIE,True,398240
FMB1_W02,S03,FMB1_W02_S03_Q04,3,0.35,148,51.449999999999996,51,51,1787146881.4177625,d0d3ca6245824577a9fd9236c3a21b224d13c2d44c94814ba5c8db87b5ed948f,/home/lj/ZPRM/zero_perturbation_runtime/mid360_formal_batch1_ingest_v1/snapshots/FMB1_W02/S03/FMB1_W02_S03_Q04.npy,01a227545e6316c86252946272caea746a877e89fb80411e044b7663b4995961,aafd61d5376bf2fac7a291765e149c0bc95e63870cd7f16c49f0c10f1919c1b7,16524,220e7ecaf2034bb958bfa80002d140a74d5b5698a19f5fb920b366b1174297ad,341571070cb87cef1f1599556e8ebc1317b16fb91e2ee36fe9cd5221fdc72429,FIXED_QUANTILE_SEQUENCE_RANK_NEAREST_UNUSED_EARLIER_TIE,True,396704
FMB1_W02,S03,FMB1_W02_S03_Q05,4,0.45,148,66.15,66,66,1787146882.9174151,d0d3ca6245824577a9fd9236c3a21b224d13c2d44c94814ba5c8db87b5ed948f,/home/lj/ZPRM/zero_perturbation_runtime/mid360_formal_batch1_ingest_v1/snapshots/FMB1_W02/S03/FMB1_W02_S03_Q05.npy,d1191b17c52d884b691c1231d56d2afc40b6830cd4d473f3204acb20f7bd706c,5593cc7a4375b8a22ea548c86ea13117131a0e0b515a275268cd73c007352c1d,16581,220e7ecaf2034bb958bfa80002d140a74d5b5698a19f5fb920b366b1174297ad,341571070cb87cef1f1599556e8ebc1317b16fb91e2ee36fe9cd5221fdc72429,FIXED_QUANTILE_SEQUENCE_RANK_NEAREST_UNUSED_EARLIER_TIE,True,398072
FMB1_W02,S03,FMB1_W02_S03_Q06,5,0.55,148,80.85000000000001,81,81,1787146884.4187722,d0d3ca6245824577a9fd9236c3a21b224d13c2d44c94814ba5c8db87b5ed948f,/home/lj/ZPRM/zero_perturbation_runtime/mid360_formal_batch1_ingest_v1/snapshots/FMB1_W02/S03/FMB1_W02_S03_Q06.npy,d96aa71a0c4c1848615f382b7069f58a84fdb37ca46ed1c08bb8a3d4522b03e5,ee29a9fe50b6f4a7bcd90b3ac4e437e381be9d4147aa181285043c7ab41bbe0f,16668,220e7ecaf2034bb958bfa80002d140a74d5b5698a19f5fb920b366b1174297ad,341571070cb87cef1f1599556e8ebc1317b16fb91e2ee36fe9cd5221fdc72429,FIXED_QUANTILE_SEQUENCE_RANK_NEAREST_UNUSED_EARLIER_TIE,True,400160
FMB1_W02,S03,FMB1_W02_S03_Q07,6,0.65,148,95.55,96,96,1787146885.9176702,d0d3ca6245824577a9fd9236c3a21b224d13c2d44c94814ba5c8db87b5ed948f,/home/lj/ZPRM/zero_perturbation_runtime/mid360_formal_batch1_ingest_v1/snapshots/FMB1_W02/S03/FMB1_W02_S03_Q07.npy,69f324d35ce0af1690d0da74483dad66e5645f828b4af0b10967e763aba1e0e7,f58079992f68576bcde9594d951daa55a7fc68b5e10dce4794b1e8992e0d27b9,16500,220e7ecaf2034bb958bfa80002d140a74d5b5698a19f5fb920b366b1174297ad,341571070cb87cef1f1599556e8ebc1317b16fb91e2ee36fe9cd5221fdc72429,FIXED_QUANTILE_SEQUENCE_RANK_NEAREST_UNUSED_EARLIER_TIE,True,396128
FMB1_W02,S03,FMB1_W02_S03_Q08,7,0.75,148,110.25,110,110,1787146887.3175719,d0d3ca6245824577a9fd9236c3a21b224d13c2d44c94814ba5c8db87b5ed948f,/home/lj/ZPRM/zero_perturbation_runtime/mid360_formal_batch1_ingest_v1/snapshots/FMB1_W02/S03/FMB1_W02_S03_Q08.npy,d8a84475d1f27ee4aae00d1ec4a8aab8e152879bf40a97f8e0db015a91f2753e,384a5e093c4a43b2624f5acecba18fd34548e54c3b6dda39cc5ef4c656dd4bc1,16503,220e7ecaf2034bb958bfa80002d140a74d5b5698a19f5fb920b366b1174297ad,341571070cb87cef1f1599556e8ebc1317b16fb91e2ee36fe9cd5221fdc72429,FIXED_QUANTILE_SEQUENCE_RANK_NEAREST_UNUSED_EARLIER_TIE,True,396200
FMB1_W02,S03,FMB1_W02_S03_Q09,8,0.85,148,124.95,125,125,1787146888.8160806,d0d3ca6245824577a9fd9236c3a21b224d13c2d44c94814ba5c8db87b5ed948f,/home/lj/ZPRM/zero_perturbation_runtime/mid360_formal_batch1_ingest_v1/snapshots/FMB1_W02/S03/FMB1_W02_S03_Q09.npy,a4f1e662c88fcda341a0ceed5e891866939237cdadd3dea5417ffee10f063df5,6639b9c795864a8749a31b17d2f7b967794f72f37f47a71603d84a9e57906c70,16776,220e7ecaf2034bb958bfa80002d140a74d5b5698a19f5fb920b366b1174297ad,341571070cb87cef1f1599556e8ebc1317b16fb91e2ee36fe9cd5221fdc72429,FIXED_QUANTILE_SEQUENCE_RANK_NEAREST_UNUSED_EARLIER_TIE,True,402752
FMB1_W02,S03,FMB1_W02_S03_Q10,9,0.95,148,139.65,140,140,1787146890.3175488,d0d3ca6245824577a9fd9236c3a21b224d13c2d44c94814ba5c8db87b5ed948f,/home/lj/ZPRM/zero_perturbation_runtime/mid360_formal_batch1_ingest_v1/snapshots/FMB1_W02/S03/FMB1_W02_S03_Q10.npy,41663d20aba813188c3aec68bfdbefe4dce8d5fe60fad2d69721927cdf83b966,2415f111ebb554e61ef569383a329d324164215a34896dbfbd0e0eef2f661eb8,16587,220e7ecaf2034bb958bfa80002d140a74d5b5698a19f5fb920b366b1174297ad,341571070cb87cef1f1599556e8ebc1317b16fb91e2ee36fe9cd5221fdc72429,FIXED_QUANTILE_SEQUENCE_RANK_NEAREST_UNUSED_EARLIER_TIE,True,398216
FMB1_W03,S01,FMB1_W03_S01_Q01,0,0.05,148,7.3500000000000005,7,7,1787147320.1127489,0af276ea57bcfd33e043a04731e9b5446250f2d9ea3dd4ce5652454a0b9d7767,/home/lj/ZPRM/zero_perturbation_runtime/mid360_formal_batch1_ingest_v1/snapshots/FMB1_W03/S01/FMB1_W03_S01_Q01.npy,bdd6de51972a23b28686d1faae64991add2b3053e7e3d4bf7ec6d0e0ad0cc225,e158955c350c3106c4dfc2a92490c81da43e4992fbf637b0325e4031bf70e0b9,15216,d73ca93907f9aebe81bfc7e684d25cdc4b62e0c69902a2f85ed7aaef5d4a349e,2df09201d1c716238b3116f433a930ed0c8c3468ff9ca88dfe1192671ba7fb70,FIXED_QUANTILE_SEQUENCE_RANK_NEAREST_UNUSED_EARLIER_TIE,True,365312
FMB1_W03,S01,FMB1_W03_S01_Q02,1,0.15,148,22.05,22,22,1787147321.6140814,0af276ea57bcfd33e043a04731e9b5446250f2d9ea3dd4ce5652454a0b9d7767,/home/lj/ZPRM/zero_perturbation_runtime/mid360_formal_batch1_ingest_v1/snapshots/FMB1_W03/S01/FMB1_W03_S01_Q02.npy,7c9d39a2860b31ef245da72f14684a9b2f8b97e8abafc38b655686e2dfb32372,cf8e70d87f43b37d1e8997513ac20500cd81f00392620d3ec14cefe67305f8bf,15268,d73ca93907f9aebe81bfc7e684d25cdc4b62e0c69902a2f85ed7aaef5d4a349e,2df09201d1c716238b3116f433a930ed0c8c3468ff9ca88dfe1192671ba7fb70,FIXED_QUANTILE_SEQUENCE_RANK_NEAREST_UNUSED_EARLIER_TIE,True,366560
FMB1_W03,S01,FMB1_W03_S01_Q03,2,0.25,148,36.75,37,37,1787147323.1126988,0af276ea57bcfd33e043a04731e9b5446250f2d9ea3dd4ce5652454a0b9d7767,/home/lj/ZPRM/zero_perturbation_runtime/mid360_formal_batch1_ingest_v1/snapshots/FMB1_W03/S01/FMB1_W03_S01_Q03.npy,684386189dadf9ca81f863d912034f57e3a3c6c8be616b34051abc297dbcde11,d3fca34489b8b070f7f4845f513b50ca9740a406654f65f8822ab357bfd9a5cf,15291,d73ca93907f9aebe81bfc7e684d25cdc4b62e0c69902a2f85ed7aaef5d4a349e,2df09201d1c716238b3116f433a930ed0c8c3468ff9ca88dfe1192671ba7fb70,FIXED_QUANTILE_SEQUENCE_RANK_NEAREST_UNUSED_EARLIER_TIE,True,367112
FMB1_W03,S01,FMB1_W03_S01_Q04,3,0.35,148,51.449999999999996,51,51,1787147324.5127854,0af276ea57bcfd33e043a04731e9b5446250f2d9ea3dd4ce5652454a0b9d7767,/home/lj/ZPRM/zero_perturbation_runtime/mid360_formal_batch1_ingest_v1/snapshots/FMB1_W03/S01/FMB1_W03_S01_Q04.npy,7217245bf7167305aa7a36d0177fde6487ec108a3d622b86a3a04d7ce5a4db98,12b7c16fdabec1e3b2932b55db756d3ae71ec681b13a8a0c3cc6d1e202ef026a,15253,d73ca93907f9aebe81bfc7e684d25cdc4b62e0c69902a2f85ed7aaef5d4a349e,2df09201d1c716238b3116f433a930ed0c8c3468ff9ca88dfe1192671ba7fb70,FIXED_QUANTILE_SEQUENCE_RANK_NEAREST_UNUSED_EARLIER_TIE,True,366200
FMB1_W03,S01,FMB1_W03_S01_Q05,4,0.45,148,66.15,66,66,1787147326.0128691,0af276ea57bcfd33e043a04731e9b5446250f2d9ea3dd4ce5652454a0b9d7767,/home/lj/ZPRM/zero_perturbation_runtime/mid360_formal_batch1_ingest_v1/snapshots/FMB1_W03/S01/FMB1_W03_S01_Q05.npy,75359328ae248b75b41cef0a66e105aa22683257a3e4ce4eeb32f2ffafa330a7,e671cf323b32493504620ceb679c547a38bdd6c30231546ff330bdcf4138417f,15041,d73ca93907f9aebe81bfc7e684d25cdc4b62e0c69902a2f85ed7aaef5d4a349e,2df09201d1c716238b3116f433a930ed0c8c3468ff9ca88dfe1192671ba7fb70,FIXED_QUANTILE_SEQUENCE_RANK_NEAREST_UNUSED_EARLIER_TIE,True,361112
FMB1_W03,S01,FMB1_W03_S01_Q06,5,0.55,148,80.85000000000001,81,81,1787147327.513013,0af276ea57bcfd33e043a04731e9b5446250f2d9ea3dd4ce5652454a0b9d7767,/home/lj/ZPRM/zero_perturbation_runtime/mid360_formal_batch1_ingest_v1/snapshots/FMB1_W03/S01/FMB1_W03_S01_Q06.npy,e6eb19807fdd2dd9542df9c19007377df1cd5404970c783d20a0e18354dc8466,9df38da10efa6546efa0e7fe0b2e5e753c4a91ae9e8f5c130a97c28f2da6aa41,15378,d73ca93907f9aebe81bfc7e684d25cdc4b62e0c69902a2f85ed7aaef5d4a349e,2df09201d1c716238b3116f433a930ed0c8c3468ff9ca88dfe1192671ba7fb70,FIXED_QUANTILE_SEQUENCE_RANK_NEAREST_UNUSED_EARLIER_TIE,True,369200
FMB1_W03,S01,FMB1_W03_S01_Q07,6,0.65,148,95.55,96,96,1787147329.0130181,0af276ea57bcfd33e043a04731e9b5446250f2d9ea3dd4ce5652454a0b9d7767,/home/lj/ZPRM/zero_perturbation_runtime/mid360_formal_batch1_ingest_v1/snapshots/FMB1_W03/S01/FMB1_W03_S01_Q07.npy,c9c804340ef841977bf591f89695aa3d2ca586c03b7e5d263b0f28799b9c86c4,a891bcde6bd56e574762e2f73a3e1d13f9702609b41e4ea0480eddafeba73676,15157,d73ca93907f9aebe81bfc7e684d25cdc4b62e0c69902a2f85ed7aaef5d4a349e,2df09201d1c716238b3116f433a930ed0c8c3468ff9ca88dfe1192671ba7fb70,FIXED_QUANTILE_SEQUENCE_RANK_NEAREST_UNUSED_EARLIER_TIE,True,363896
FMB1_W03,S01,FMB1_W03_S01_Q08,7,0.75,148,110.25,110,110,1787147330.4143534,0af276ea57bcfd33e043a04731e9b5446250f2d9ea3dd4ce5652454a0b9d7767,/home/lj/ZPRM/zero_perturbation_runtime/mid360_formal_batch1_ingest_v1/snapshots/FMB1_W03/S01/FMB1_W03_S01_Q08.npy,049166fb58e9e9f20fcc4a6665f8f4531d5eee506d8398f64d7571965527e26f,07d3fd39adc670cbcebd30b83e35ab7f204388b4d9a421f6035e08f23cee651e,15203,d73ca93907f9aebe81bfc7e684d25cdc4b62e0c69902a2f85ed7aaef5d4a349e,2df09201d1c716238b3116f433a930ed0c8c3468ff9ca88dfe1192671ba7fb70,FIXED_QUANTILE_SEQUENCE_RANK_NEAREST_UNUSED_EARLIER_TIE,True,365000
FMB1_W03,S01,FMB1_W03_S01_Q09,8,0.85,148,124.95,125,125,1787147331.9141989,0af276ea57bcfd33e043a04731e9b5446250f2d9ea3dd4ce5652454a0b9d7767,/home/lj/ZPRM/zero_perturbation_runtime/mid360_formal_batch1_ingest_v1/snapshots/FMB1_W03/S01/FMB1_W03_S01_Q09.npy,2701c966a25162aa61b9ad078cf444a70b69334e3d4690f3c1ca89f3b6f70d1e,14344be10a8267257cebd86d5ff4bb87cc9d9e2eed85dbd84c9b382445786af3,15113,d73ca93907f9aebe81bfc7e684d25cdc4b62e0c69902a2f85ed7aaef5d4a349e,2df09201d1c716238b3116f433a930ed0c8c3468ff9ca88dfe1192671ba7fb70,FIXED_QUANTILE_SEQUENCE_RANK_NEAREST_UNUSED_EARLIER_TIE,True,362840
FMB1_W03,S01,FMB1_W03_S01_Q10,9,0.95,148,139.65,140,140,1787147333.4131336,0af276ea57bcfd33e043a04731e9b5446250f2d9ea3dd4ce5652454a0b9d7767,/home/lj/ZPRM/zero_perturbation_runtime/mid360_formal_batch1_ingest_v1/snapshots/FMB1_W03/S01/FMB1_W03_S01_Q10.npy,15d9ba57f80f82b229e55b1d85aa928fc9c033e974f48728617bac0c33e70557,852068b3eed697be41bf96724cb39ca056e6914431b55b8d13b0a6eafd736ec0,15190,d73ca93907f9aebe81bfc7e684d25cdc4b62e0c69902a2f85ed7aaef5d4a349e,2df09201d1c716238b3116f433a930ed0c8c3468ff9ca88dfe1192671ba7fb70,FIXED_QUANTILE_SEQUENCE_RANK_NEAREST_UNUSED_EARLIER_TIE,True,364688
FMB1_W03,S02,FMB1_W03_S02_Q01,0,0.05,147,7.300000000000001,7,7,1787147424.6553698,f8df11e302ad279e32e2a0b20e296e6c156486fc9aff4adc0dc4d7a8b2a185f6,/home/lj/ZPRM/zero_perturbation_runtime/mid360_formal_batch1_ingest_v1/snapshots/FMB1_W03/S02/FMB1_W03_S02_Q01.npy,f9c3d88b7382467b2ec04dd5ae374fee680315847de6bedc1a914bfc28437f22,b54aaa931f212e398f906701cd52609fc99d3aa5af49b33019eb81ac754284d2,15456,db23d98d22361f9d1782a118ae00160662da81ab5dcaec618b28c8d945a53b7d,3ba182e899f17ad2f4e0fbb57e1d13b72c77ff14e67cd561f0286bc715b7a0cf,FIXED_QUANTILE_SEQUENCE_RANK_NEAREST_UNUSED_EARLIER_TIE,True,371072
FMB1_W03,S02,FMB1_W03_S02_Q02,1,0.15,147,21.9,22,22,1787147426.1565337,f8df11e302ad279e32e2a0b20e296e6c156486fc9aff4adc0dc4d7a8b2a185f6,/home/lj/ZPRM/zero_perturbation_runtime/mid360_formal_batch1_ingest_v1/snapshots/FMB1_W03/S02/FMB1_W03_S02_Q02.npy,9147a2f034a2435ae841253ee3243b7e0281a531134f17f01a0f39da3535865b,363323ca666eb78fa9067f223a010967fd109dad68521d2a48a991038b99a357,15609,db23d98d22361f9d1782a118ae00160662da81ab5dcaec618b28c8d945a53b7d,3ba182e899f17ad2f4e0fbb57e1d13b72c77ff14e67cd561f0286bc715b7a0cf,FIXED_QUANTILE_SEQUENCE_RANK_NEAREST_UNUSED_EARLIER_TIE,True,374744
FMB1_W03,S02,FMB1_W03_S02_Q03,2,0.25,147,36.5,36,36,1787147427.5555751,f8df11e302ad279e32e2a0b20e296e6c156486fc9aff4adc0dc4d7a8b2a185f6,/home/lj/ZPRM/zero_perturbation_runtime/mid360_formal_batch1_ingest_v1/snapshots/FMB1_W03/S02/FMB1_W03_S02_Q03.npy,acbcdf21bac735e0f4c976fc1af68b50bfdb6f70cb3dacdf5d1679df2ef09f78,6641708a54253952f11dc1eac80a7b2139938f79c2609223541e2935c43f3378,15615,db23d98d22361f9d1782a118ae00160662da81ab5dcaec618b28c8d945a53b7d,3ba182e899f17ad2f4e0fbb57e1d13b72c77ff14e67cd561f0286bc715b7a0cf,FIXED_QUANTILE_SEQUENCE_RANK_NEAREST_UNUSED_EARLIER_TIE,True,374888
FMB1_W03,S02,FMB1_W03_S02_Q04,3,0.35,147,51.099999999999994,51,51,1787147429.0564759,f8df11e302ad279e32e2a0b20e296e6c156486fc9aff4adc0dc4d7a8b2a185f6,/home/lj/ZPRM/zero_perturbation_runtime/mid360_formal_batch1_ingest_v1/snapshots/FMB1_W03/S02/FMB1_W03_S02_Q04.npy,1ff7db599ec894c717aa6b26a8fe90a08f2e8cef1cd84704e8057c68ae2401a3,3d920e382a637c6c1a0cd976af19d84883b04831678fda9b4e5ac794d92bbf38,15428,db23d98d22361f9d1782a118ae00160662da81ab5dcaec618b28c8d945a53b7d,3ba182e899f17ad2f4e0fbb57e1d13b72c77ff14e67cd561f0286bc715b7a0cf,FIXED_QUANTILE_SEQUENCE_RANK_NEAREST_UNUSED_EARLIER_TIE,True,370400
FMB1_W03,S02,FMB1_W03_S02_Q05,4,0.45,147,65.7,66,66,1787147430.556666,f8df11e302ad279e32e2a0b20e296e6c156486fc9aff4adc0dc4d7a8b2a185f6,/home/lj/ZPRM/zero_perturbation_runtime/mid360_formal_batch1_ingest_v1/snapshots/FMB1_W03/S02/FMB1_W03_S02_Q05.npy,37fdb5e7200ceb50fd9da0b0ce5526cefbe9fbaaef884e3e3cd095e6f22729fd,e5f8d6c531ec7e38be33b1b052a73b2b6a4368d83e238493e1b31ae2af831e02,15634,db23d98d22361f9d1782a118ae00160662da81ab5dcaec618b28c8d945a53b7d,3ba182e899f17ad2f4e0fbb57e1d13b72c77ff14e67cd561f0286bc715b7a0cf,FIXED_QUANTILE_SEQUENCE_RANK_NEAREST_UNUSED_EARLIER_TIE,True,375344
FMB1_W03,S02,FMB1_W03_S02_Q06,5,0.55,147,80.30000000000001,80,80,1787147431.955287,f8df11e302ad279e32e2a0b20e296e6c156486fc9aff4adc0dc4d7a8b2a185f6,/home/lj/ZPRM/zero_perturbation_runtime/mid360_formal_batch1_ingest_v1/snapshots/FMB1_W03/S02/FMB1_W03_S02_Q06.npy,1d5d8315a81b052f178bdf3156ee994ab3bbc2c5fe955ae5a732e45498b93482,3e064cbd1a45b2dda5ff13ef50f0f88571a70b56372d354d098629465955076f,15730,db23d98d22361f9d1782a118ae00160662da81ab5dcaec618b28c8d945a53b7d,3ba182e899f17ad2f4e0fbb57e1d13b72c77ff14e67cd561f0286bc715b7a0cf,FIXED_QUANTILE_SEQUENCE_RANK_NEAREST_UNUSED_EARLIER_TIE,True,377648
FMB1_W03,S02,FMB1_W03_S02_Q07,6,0.65,147,94.9,95,95,1787147433.4547837,f8df11e302ad279e32e2a0b20e296e6c156486fc9aff4adc0dc4d7a8b2a185f6,/home/lj/ZPRM/zero_perturbation_runtime/mid360_formal_batch1_ingest_v1/snapshots/FMB1_W03/S02/FMB1_W03_S02_Q07.npy,50dc186b8a760fb468ed634afe75a4146b2f358c30deb0042f5f3f4bfa7d77dd,5e2209960ca6c97c952b0b30aace59a5b3d4bfcd6694d5d81ed6197e1bf0070d,15802,db23d98d22361f9d1782a118ae00160662da81ab5dcaec618b28c8d945a53b7d,3ba182e899f17ad2f4e0fbb57e1d13b72c77ff14e67cd561f0286bc715b7a0cf,FIXED_QUANTILE_SEQUENCE_RANK_NEAREST_UNUSED_EARLIER_TIE,True,379376
FMB1_W03,S02,FMB1_W03_S02_Q08,7,0.75,147,109.5,109,109,1787147434.8547552,f8df11e302ad279e32e2a0b20e296e6c156486fc9aff4adc0dc4d7a8b2a185f6,/home/lj/ZPRM/zero_perturbation_runtime/mid360_formal_batch1_ingest_v1/snapshots/FMB1_W03/S02/FMB1_W03_S02_Q08.npy,a014a2f03a1f62bedcef7fe40fbe75c5ca6d8b7a8fe7f558b8d1e8cba898d118,f8238193edb4db042d4ae5fe2ffcba081ba8d46ca78cbcecd5c4ffcb8108fcf4,15817,db23d98d22361f9d1782a118ae00160662da81ab5dcaec618b28c8d945a53b7d,3ba182e899f17ad2f4e0fbb57e1d13b72c77ff14e67cd561f0286bc715b7a0cf,FIXED_QUANTILE_SEQUENCE_RANK_NEAREST_UNUSED_EARLIER_TIE,True,379736
FMB1_W03,S02,FMB1_W03_S02_Q09,8,0.85,147,124.1,124,124,1787147436.3557174,f8df11e302ad279e32e2a0b20e296e6c156486fc9aff4adc0dc4d7a8b2a185f6,/home/lj/ZPRM/zero_perturbation_runtime/mid360_formal_batch1_ingest_v1/snapshots/FMB1_W03/S02/FMB1_W03_S02_Q09.npy,129e453a0ce7231aabcf818d2af2c373ee2da2844e18911e0d6c09078d390922,e133a7479100d35ecc706823a9bd0454e480dbc83ab2f9f1becd7bd59cf4ed70,15531,db23d98d22361f9d1782a118ae00160662da81ab5dcaec618b28c8d945a53b7d,3ba182e899f17ad2f4e0fbb57e1d13b72c77ff14e67cd561f0286bc715b7a0cf,FIXED_QUANTILE_SEQUENCE_RANK_NEAREST_UNUSED_EARLIER_TIE,True,372872
FMB1_W03,S02,FMB1_W03_S02_Q10,9,0.95,147,138.7,139,139,1787147437.857419,f8df11e302ad279e32e2a0b20e296e6c156486fc9aff4adc0dc4d7a8b2a185f6,/home/lj/ZPRM/zero_perturbation_runtime/mid360_formal_batch1_ingest_v1/snapshots/FMB1_W03/S02/FMB1_W03_S02_Q10.npy,5dad339c57f1fc86abb17d4c4e68cbc9d975894f0980b87b7d04d1c69be6fd03,9c04fc3f18eba91296c7858f5592073f78ce8647f798e6471c588635c9af8059,15806,db23d98d22361f9d1782a118ae00160662da81ab5dcaec618b28c8d945a53b7d,3ba182e899f17ad2f4e0fbb57e1d13b72c77ff14e67cd561f0286bc715b7a0cf,FIXED_QUANTILE_SEQUENCE_RANK_NEAREST_UNUSED_EARLIER_TIE,True,379472
FMB1_W03,S03,FMB1_W03_S03_Q01,0,0.05,148,7.3500000000000005,7,7,1787147539.1962261,9141c6b3a8a43134cf298d4a22a8a7878d0a323cb860f7157599869617ec84f7,/home/lj/ZPRM/zero_perturbation_runtime/mid360_formal_batch1_ingest_v1/snapshots/FMB1_W03/S03/FMB1_W03_S03_Q01.npy,cc66ca42fb002fcb23ce97c4b332d808bbebfbd1c2a081b424ad3375783bcf97,b696db1dd2d0ae2334f872f3213a19315d87ee1e330723d730d46fe1f592c315,15583,c93642e480852abeaf29ef1b72c8e43a99f06b81bcc695b2f3effb3c05d30495,ed371ff65ae06879870603c9a7451b7599f0005b538118099dd669f22164e75f,FIXED_QUANTILE_SEQUENCE_RANK_NEAREST_UNUSED_EARLIER_TIE,True,374120
FMB1_W03,S03,FMB1_W03_S03_Q02,1,0.15,148,22.05,22,22,1787147540.6952796,9141c6b3a8a43134cf298d4a22a8a7878d0a323cb860f7157599869617ec84f7,/home/lj/ZPRM/zero_perturbation_runtime/mid360_formal_batch1_ingest_v1/snapshots/FMB1_W03/S03/FMB1_W03_S03_Q02.npy,925ed9b5de703e64edfd5e87f2f7f6eb329ef45f40acc8c3964cb1b88bd8f0ae,fe5cfdffeaaea26045c71306dc9e1275a3b60f3acc577e078f8ef873d321fbf5,15577,c93642e480852abeaf29ef1b72c8e43a99f06b81bcc695b2f3effb3c05d30495,ed371ff65ae06879870603c9a7451b7599f0005b538118099dd669f22164e75f,FIXED_QUANTILE_SEQUENCE_RANK_NEAREST_UNUSED_EARLIER_TIE,True,373976
FMB1_W03,S03,FMB1_W03_S03_Q03,2,0.25,148,36.75,37,37,1787147542.1953201,9141c6b3a8a43134cf298d4a22a8a7878d0a323cb860f7157599869617ec84f7,/home/lj/ZPRM/zero_perturbation_runtime/mid360_formal_batch1_ingest_v1/snapshots/FMB1_W03/S03/FMB1_W03_S03_Q03.npy,80907eb97460523d6d6bd76c856d92ae40c0f2bf7ec493cb2e87dddbc42d309b,c5f5c1082b8780a9306c9210afa065a89f982b89d973ffc5181da2f5312d91a7,15591,c93642e480852abeaf29ef1b72c8e43a99f06b81bcc695b2f3effb3c05d30495,ed371ff65ae06879870603c9a7451b7599f0005b538118099dd669f22164e75f,FIXED_QUANTILE_SEQUENCE_RANK_NEAREST_UNUSED_EARLIER_TIE,True,374312
FMB1_W03,S03,FMB1_W03_S03_Q04,3,0.35,148,51.449999999999996,51,51,1787147543.5941756,9141c6b3a8a43134cf298d4a22a8a7878d0a323cb860f7157599869617ec84f7,/home/lj/ZPRM/zero_perturbation_runtime/mid360_formal_batch1_ingest_v1/snapshots/FMB1_W03/S03/FMB1_W03_S03_Q04.npy,24e098df44c30d72921c0b8d0650bed5fad12a2e9b67c69de8cfe71468957cd5,83d980e27c09466b377e9e541655c590d1dce16f9df67e6bf7dbcab738cc93c9,15727,c93642e480852abeaf29ef1b72c8e43a99f06b81bcc695b2f3effb3c05d30495,ed371ff65ae06879870603c9a7451b7599f0005b538118099dd669f22164e75f,FIXED_QUANTILE_SEQUENCE_RANK_NEAREST_UNUSED_EARLIER_TIE,True,377576
FMB1_W03,S03,FMB1_W03_S03_Q05,4,0.45,148,66.15,66,66,1787147545.0954263,9141c6b3a8a43134cf298d4a22a8a7878d0a323cb860f7157599869617ec84f7,/home/lj/ZPRM/zero_perturbation_runtime/mid360_formal_batch1_ingest_v1/snapshots/FMB1_W03/S03/FMB1_W03_S03_Q05.npy,4f7fe5d103720c6631ee19e43a27f0b5380e7eba386377a5a1bb4eb9c851581d,c5f33a48745c9eca30d3100098109b5a52c9c46aad955d88ac8af113f27c626f,15553,c93642e480852abeaf29ef1b72c8e43a99f06b81bcc695b2f3effb3c05d30495,ed371ff65ae06879870603c9a7451b7599f0005b538118099dd669f22164e75f,FIXED_QUANTILE_SEQUENCE_RANK_NEAREST_UNUSED_EARLIER_TIE,True,373400
FMB1_W03,S03,FMB1_W03_S03_Q06,5,0.55,148,80.85000000000001,81,81,1787147546.595497,9141c6b3a8a43134cf298d4a22a8a7878d0a323cb860f7157599869617ec84f7,/home/lj/ZPRM/zero_perturbation_runtime/mid360_formal_batch1_ingest_v1/snapshots/FMB1_W03/S03/FMB1_W03_S03_Q06.npy,07f329a761726f602297af40f555cd5a3a59d4b572e8669d3b27f3766e747ffc,0d801dd75070a0a29bdb34f7562ddb5839ccaab98284b4b2a6b7f72ab4369ed5,15561,c93642e480852abeaf29ef1b72c8e43a99f06b81bcc695b2f3effb3c05d30495,ed371ff65ae06879870603c9a7451b7599f0005b538118099dd669f22164e75f,FIXED_QUANTILE_SEQUENCE_RANK_NEAREST_UNUSED_EARLIER_TIE,True,373592
FMB1_W03,S03,FMB1_W03_S03_Q07,6,0.65,148,95.55,96,96,1787147548.0959637,9141c6b3a8a43134cf298d4a22a8a7878d0a323cb860f7157599869617ec84f7,/home/lj/ZPRM/zero_perturbation_runtime/mid360_formal_batch1_ingest_v1/snapshots/FMB1_W03/S03/FMB1_W03_S03_Q07.npy,4b3c203abf39137a500f445ef4fe40e3574d480965111f6de674f812e8a7f545,d6a60d054e697180f337c2d52a5664e44b0f6292f54b09d71c11961c6b5e956b,15568,c93642e480852abeaf29ef1b72c8e43a99f06b81bcc695b2f3effb3c05d30495,ed371ff65ae06879870603c9a7451b7599f0005b538118099dd669f22164e75f,FIXED_QUANTILE_SEQUENCE_RANK_NEAREST_UNUSED_EARLIER_TIE,True,373760
FMB1_W03,S03,FMB1_W03_S03_Q08,7,0.75,148,110.25,110,110,1787147549.4956157,9141c6b3a8a43134cf298d4a22a8a7878d0a323cb860f7157599869617ec84f7,/home/lj/ZPRM/zero_perturbation_runtime/mid360_formal_batch1_ingest_v1/snapshots/FMB1_W03/S03/FMB1_W03_S03_Q08.npy,d67d5306d3020517ab8fe72ecfdc78cbdbfc6c169b2732ed69c12b6338ff7eb4,03efe9cf32ff7a3c070fbf2795ac7f8b5ae5f494bf00ecb1a4e30fc9f13052db,15537,c93642e480852abeaf29ef1b72c8e43a99f06b81bcc695b2f3effb3c05d30495,ed371ff65ae06879870603c9a7451b7599f0005b538118099dd669f22164e75f,FIXED_QUANTILE_SEQUENCE_RANK_NEAREST_UNUSED_EARLIER_TIE,True,373016
FMB1_W03,S03,FMB1_W03_S03_Q09,8,0.85,148,124.95,125,125,1787147550.9957154,9141c6b3a8a43134cf298d4a22a8a7878d0a323cb860f7157599869617ec84f7,/home/lj/ZPRM/zero_perturbation_runtime/mid360_formal_batch1_ingest_v1/snapshots/FMB1_W03/S03/FMB1_W03_S03_Q09.npy,83b65b18c24cc6ad6d718499ae911fbee0280689ccba139e8c8406fd1957ea26,c5198ac9d61875c15d908337fd96e9068bf84ee05b4739d49e5d003eda237aea,15590,c93642e480852abeaf29ef1b72c8e43a99f06b81bcc695b2f3effb3c05d30495,ed371ff65ae06879870603c9a7451b7599f0005b538118099dd669f22164e75f,FIXED_QUANTILE_SEQUENCE_RANK_NEAREST_UNUSED_EARLIER_TIE,True,374288
FMB1_W03,S03,FMB1_W03_S03_Q10,9,0.95,148,139.65,140,140,1787147552.4971538,9141c6b3a8a43134cf298d4a22a8a7878d0a323cb860f7157599869617ec84f7,/home/lj/ZPRM/zero_perturbation_runtime/mid360_formal_batch1_ingest_v1/snapshots/FMB1_W03/S03/FMB1_W03_S03_Q10.npy,e98c6f12e898a0cd928da8277c109adc52ca58203f3ef04f07c05a9671c3859c,91c0a347b1e9808f46d464922809247793d4a50b85bf4c73fec4f3aaac593c0e,15564,c93642e480852abeaf29ef1b72c8e43a99f06b81bcc695b2f3effb3c05d30495,ed371ff65ae06879870603c9a7451b7599f0005b538118099dd669f22164e75f,FIXED_QUANTILE_SEQUENCE_RANK_NEAREST_UNUSED_EARLIER_TIE,True,373664
