run_id,scene_id,scene_class,snapshot_id,backend,source_file,source_file_sha256,source_array_sha256,target_file,target_file_sha256,target_array_sha256,backend_contract_sha256,geometry_lambda_min,geometry_lambda_mid,geometry_lambda_max,geometry_condition_number,geometry_entropy,direction_class,direction_vector_x,direction_vector_y,direction_vector_z,direction_source,direction_frame,perturbation_sign,perturbation_magnitude_m,perturbation_vector_x_m,perturbation_vector_y_m,perturbation_vector_z_m,T_star,T_initial,transform_convention,perturbation_composition,PILOT_ONLY,PILOT_NONFORMAL_DO_NOT_CITE,FORMAL_MEASUREMENT_RESULT,MEASUREMENT_EVIDENCE,NO_OBVIOUS_MOTION,ACCELERATION_UNIT_UNKNOWN,POINT_COORDINATE_UNIT_STATUS,T_est,initial_translation_error_m,final_translation_error_m,initial_rotation_error_deg,final_rotation_error_deg,final_translation_error_vector_x_m,final_translation_error_vector_y_m,final_translation_error_vector_z_m,translation_error_reduction_ratio,solver_success,finite_transform,pose_recovered,fitness,rmse,correspondence_count,iteration_count,runtime_ms,backend_version,failure_reason
CP-R_TEST_01_Q01-W-10MM-POS-O3D,R_TEST_01,Rich,R_TEST_01_Q01,open3d,/home/lj/zero_perturbation_runtime/real_data/mid360_two_scene_pilot_v1/canonical_sources/R_TEST_01_Q01/source_points.npy,ea0425eba9828b4b7d20ec7d70c03629aad052b37129bd2f2eb66c741404be7f,613bb78470decf3b64194fab7c3579af1a98be115a387dedc0cda1b44ad2444e,/home/lj/zero_perturbation_runtime/real_data/mid360_two_scene_pilot_v1/target_maps/R_TEST_01/target_points.npy,43c6f299b5b24d220e6ee1a5ad8395ebb1380f992ff4fe207f822e25c92a65f7,d08c60b22a7dc3f1345b9401225fec550da80c4f7025bb8a198065f0dbe75b59,6a1ebdee6b34390f1430eab371e1c4108db1f124b59b7239d74785efa6474af9,0.2536293412739258,0.30027579079570843,0.4460948679303659,1.758845667026248,0.9733148533997634,weak,0.9922607333298499,-0.11404226616495552,-0.04912228231332634,lambda_min,TARGET_FRAME,1,0.01,0.009922607333298498,-0.0011404226616495553,-0.0004912228231332634,"[[1.0,0.0,0.0,0.0],[0.0,1.0,0.0,0.0],[0.0,0.0,1.0,0.0],[0.0,0.0,0.0,1.0]]","[[1.0,0.0,0.0,0.009922607333298498],[0.0,1.0,0.0,-0.0011404226616495553],[0.0,0.0,1.0,-0.0004912228231332634],[0.0,0.0,0.0,1.0]]",source/query_to_target/map,LEFT: T_initial=Delta_T@T_star,true,true,false,false,true,true,ASSUMED_METERS_FROM_SCALE,"[[0.9999999621292917,1.008363700846981e-05,-0.0002750267899119878,0.0003663987133005333],[-1.011463297778567e-05,0.9999999935981484,-0.00011270047849313372,-5.05637209273435e-06],[0.0002750256517205913,0.00011270325602012582,0.9999999558294325,0.0005179236993752462],[0.0,0.0,0.0,1.0]]",0.01,0.0006344434902980461,0.0,0.017039414975905696,0.0003663987133005333,-5.05637209273435e-06,0.0005179236993752462,0.9365556509701953,true,true,true,0.9999349678090654,0.019890650366468865,15376,,33.498012000563904,0.19.0+b012259,
CP-R_TEST_01_Q01-W-10MM-POS-PCL,R_TEST_01,Rich,R_TEST_01_Q01,pcl,/home/lj/zero_perturbation_runtime/real_data/mid360_two_scene_pilot_v1/canonical_sources/R_TEST_01_Q01/source_points.npy,ea0425eba9828b4b7d20ec7d70c03629aad052b37129bd2f2eb66c741404be7f,613bb78470decf3b64194fab7c3579af1a98be115a387dedc0cda1b44ad2444e,/home/lj/zero_perturbation_runtime/real_data/mid360_two_scene_pilot_v1/target_maps/R_TEST_01/target_points.npy,43c6f299b5b24d220e6ee1a5ad8395ebb1380f992ff4fe207f822e25c92a65f7,d08c60b22a7dc3f1345b9401225fec550da80c4f7025bb8a198065f0dbe75b59,6a1ebdee6b34390f1430eab371e1c4108db1f124b59b7239d74785efa6474af9,0.2536293412739258,0.30027579079570843,0.4460948679303659,1.758845667026248,0.9733148533997634,weak,0.9922607333298499,-0.11404226616495552,-0.04912228231332634,lambda_min,TARGET_FRAME,1,0.01,0.009922607333298498,-0.0011404226616495553,-0.0004912228231332634,"[[1.0,0.0,0.0,0.0],[0.0,1.0,0.0,0.0],[0.0,0.0,1.0,0.0],[0.0,0.0,0.0,1.0]]","[[1.0,0.0,0.0,0.009922607333298498],[0.0,1.0,0.0,-0.0011404226616495553],[0.0,0.0,1.0,-0.0004912228231332634],[0.0,0.0,0.0,1.0]]",source/query_to_target/map,LEFT: T_initial=Delta_T@T_star,true,true,false,false,true,true,ASSUMED_METERS_FROM_SCALE,"[[1.0,1.899215203593485e-05,-0.00016992169548757374,0.00031414919067174196],[-1.8979497326654382e-05,1.0,7.447641110047698e-05,-0.00016901078925002366],[0.0001699231070233509,-7.44731878512539e-05,1.0,0.0005411437014117837],[0.0,0.0,0.0,1.0]]",0.01,0.0006481441710455106,0.0,0.010685406214104819,0.00031414919067174196,-0.00016901078925002366,0.0005411437014117837,0.935185582895449,true,true,true,0.0003953113542729871,,15376,6,1077.140372,1.15.1,
CP-R_TEST_01_Q01-W-10MM-NEG-O3D,R_TEST_01,Rich,R_TEST_01_Q01,open3d,/home/lj/zero_perturbation_runtime/real_data/mid360_two_scene_pilot_v1/canonical_sources/R_TEST_01_Q01/source_points.npy,ea0425eba9828b4b7d20ec7d70c03629aad052b37129bd2f2eb66c741404be7f,613bb78470decf3b64194fab7c3579af1a98be115a387dedc0cda1b44ad2444e,/home/lj/zero_perturbation_runtime/real_data/mid360_two_scene_pilot_v1/target_maps/R_TEST_01/target_points.npy,43c6f299b5b24d220e6ee1a5ad8395ebb1380f992ff4fe207f822e25c92a65f7,d08c60b22a7dc3f1345b9401225fec550da80c4f7025bb8a198065f0dbe75b59,6a1ebdee6b34390f1430eab371e1c4108db1f124b59b7239d74785efa6474af9,0.2536293412739258,0.30027579079570843,0.4460948679303659,1.758845667026248,0.9733148533997634,weak,0.9922607333298499,-0.11404226616495552,-0.04912228231332634,lambda_min,TARGET_FRAME,-1,0.01,-0.009922607333298498,0.0011404226616495553,0.0004912228231332634,"[[1.0,0.0,0.0,0.0],[0.0,1.0,0.0,0.0],[0.0,0.0,1.0,0.0],[0.0,0.0,0.0,1.0]]","[[1.0,0.0,0.0,-0.009922607333298498],[0.0,1.0,0.0,0.0011404226616495553],[0.0,0.0,1.0,0.0004912228231332634],[0.0,0.0,0.0,1.0]]",source/query_to_target/map,LEFT: T_initial=Delta_T@T_star,true,true,false,false,true,true,ASSUMED_METERS_FROM_SCALE,"[[0.9999999621292918,1.0083638527324475e-05,-0.0002750267897175712,0.0003663987126839486],[-1.011463449604603e-05,0.9999999935981483,-0.00011270047641165114,-5.056374693066311e-06],[0.0002750256515260243,0.00011270325393905896,0.999999955829433,0.000517923701135859],[0.0,0.0,0.0,1.0]]",0.01,0.0006344434913999496,0.0,0.017039414923356883,0.0003663987126839486,-5.056374693066311e-06,0.000517923701135859,0.936555650860005,true,true,true,0.9999349678090654,0.01989065036643752,15376,,31.265128999621083,0.19.0+b012259,
CP-R_TEST_01_Q01-W-10MM-NEG-PCL,R_TEST_01,Rich,R_TEST_01_Q01,pcl,/home/lj/zero_perturbation_runtime/real_data/mid360_two_scene_pilot_v1/canonical_sources/R_TEST_01_Q01/source_points.npy,ea0425eba9828b4b7d20ec7d70c03629aad052b37129bd2f2eb66c741404be7f,613bb78470decf3b64194fab7c3579af1a98be115a387dedc0cda1b44ad2444e,/home/lj/zero_perturbation_runtime/real_data/mid360_two_scene_pilot_v1/target_maps/R_TEST_01/target_points.npy,43c6f299b5b24d220e6ee1a5ad8395ebb1380f992ff4fe207f822e25c92a65f7,d08c60b22a7dc3f1345b9401225fec550da80c4f7025bb8a198065f0dbe75b59,6a1ebdee6b34390f1430eab371e1c4108db1f124b59b7239d74785efa6474af9,0.2536293412739258,0.30027579079570843,0.4460948679303659,1.758845667026248,0.9733148533997634,weak,0.9922607333298499,-0.11404226616495552,-0.04912228231332634,lambda_min,TARGET_FRAME,-1,0.01,-0.009922607333298498,0.0011404226616495553,0.0004912228231332634,"[[1.0,0.0,0.0,0.0],[0.0,1.0,0.0,0.0],[0.0,0.0,1.0,0.0],[0.0,0.0,0.0,1.0]]","[[1.0,0.0,0.0,-0.009922607333298498],[0.0,1.0,0.0,0.0011404226616495553],[0.0,0.0,1.0,0.0004912228231332634],[0.0,0.0,0.0,1.0]]",source/query_to_target/map,LEFT: T_initial=Delta_T@T_star,true,true,false,false,true,true,ASSUMED_METERS_FROM_SCALE,"[[1.0,1.8992708646692336e-05,-0.00016991692245937884,0.00031407710048370063],[-1.8980057575390674e-05,1.0,7.448361429851502e-05,-0.00016897209570743144],[0.000169918333995156,-7.448038377333432e-05,1.0,0.0005412857863120735],[0.0,0.0,0.0,1.0]]",0.01,0.0006482177848836682,0.0,0.010685325039599899,0.00031407710048370063,-0.00016897209570743144,0.0005412857863120735,0.9351782215116332,true,true,true,0.00039531130592110477,,15376,7,1218.351415,1.15.1,
CP-R_TEST_01_Q01-W-30MM-POS-O3D,R_TEST_01,Rich,R_TEST_01_Q01,open3d,/home/lj/zero_perturbation_runtime/real_data/mid360_two_scene_pilot_v1/canonical_sources/R_TEST_01_Q01/source_points.npy,ea0425eba9828b4b7d20ec7d70c03629aad052b37129bd2f2eb66c741404be7f,613bb78470decf3b64194fab7c3579af1a98be115a387dedc0cda1b44ad2444e,/home/lj/zero_perturbation_runtime/real_data/mid360_two_scene_pilot_v1/target_maps/R_TEST_01/target_points.npy,43c6f299b5b24d220e6ee1a5ad8395ebb1380f992ff4fe207f822e25c92a65f7,d08c60b22a7dc3f1345b9401225fec550da80c4f7025bb8a198065f0dbe75b59,6a1ebdee6b34390f1430eab371e1c4108db1f124b59b7239d74785efa6474af9,0.2536293412739258,0.30027579079570843,0.4460948679303659,1.758845667026248,0.9733148533997634,weak,0.9922607333298499,-0.11404226616495552,-0.04912228231332634,lambda_min,TARGET_FRAME,1,0.03,0.029767821999895496,-0.0034212679849486656,-0.0014736684693997901,"[[1.0,0.0,0.0,0.0],[0.0,1.0,0.0,0.0],[0.0,0.0,1.0,0.0],[0.0,0.0,0.0,1.0]]","[[1.0,0.0,0.0,0.029767821999895496],[0.0,1.0,0.0,-0.0034212679849486656],[0.0,0.0,1.0,-0.0014736684693997901],[0.0,0.0,0.0,1.0]]",source/query_to_target/map,LEFT: T_initial=Delta_T@T_star,true,true,false,false,true,true,ASSUMED_METERS_FROM_SCALE,"[[0.9999999622829582,9.9586832059711e-06,-0.00027447205136193407,0.0003671942231175724],[-9.989876555924471e-06,0.9999999934922341,-0.00011364741079758999,-4.13187571588406e-06],[0.000274470917797173,0.00011365014845305704,0.9999999558746786,0.000514164715461905],[0.0,0.0,0.0,1.0]]",0.030000000000000002,0.0006318338583155154,0.0,0.017030454110011816,0.0003671942231175724,-4.13187571588406e-06,0.000514164715461905,0.9789388713894829,true,true,true,0.9999349678090654,0.019890640851546487,15376,,32.924333999289956,0.19.0+b012259,
CP-R_TEST_01_Q01-W-30MM-POS-PCL,R_TEST_01,Rich,R_TEST_01_Q01,pcl,/home/lj/zero_perturbation_runtime/real_data/mid360_two_scene_pilot_v1/canonical_sources/R_TEST_01_Q01/source_points.npy,ea0425eba9828b4b7d20ec7d70c03629aad052b37129bd2f2eb66c741404be7f,613bb78470decf3b64194fab7c3579af1a98be115a387dedc0cda1b44ad2444e,/home/lj/zero_perturbation_runtime/real_data/mid360_two_scene_pilot_v1/target_maps/R_TEST_01/target_points.npy,43c6f299b5b24d220e6ee1a5ad8395ebb1380f992ff4fe207f822e25c92a65f7,d08c60b22a7dc3f1345b9401225fec550da80c4f7025bb8a198065f0dbe75b59,6a1ebdee6b34390f1430eab371e1c4108db1f124b59b7239d74785efa6474af9,0.2536293412739258,0.30027579079570843,0.4460948679303659,1.758845667026248,0.9733148533997634,weak,0.9922607333298499,-0.11404226616495552,-0.04912228231332634,lambda_min,TARGET_FRAME,1,0.03,0.029767821999895496,-0.0034212679849486656,-0.0014736684693997901,"[[1.0,0.0,0.0,0.0],[0.0,1.0,0.0,0.0],[0.0,0.0,1.0,0.0],[0.0,0.0,0.0,1.0]]","[[1.0,0.0,0.0,0.029767821999895496],[0.0,1.0,0.0,-0.0034212679849486656],[0.0,0.0,1.0,-0.0014736684693997901],[0.0,0.0,0.0,1.0]]",source/query_to_target/map,LEFT: T_initial=Delta_T@T_star,true,true,false,false,true,true,ASSUMED_METERS_FROM_SCALE,"[[1.0,1.893947228381876e-05,-0.00017039282829500735,0.0003137436287943274],[-1.8926815755548887e-05,1.0,7.432561687892303e-05,-0.00016907490498851985],[0.00017039422527886927,-7.432240090565756e-05,1.0,0.0005382396630011499],[0.0,0.0,0.0,1.0]]",0.030000000000000002,0.000645541108631744,0.0,0.010706261145940754,0.0003137436287943274,-0.00016907490498851985,0.0005382396630011499,0.9784819630456085,true,true,true,0.00039531141491738633,,15376,7,1194.272968,1.15.1,
CP-R_TEST_01_Q01-W-30MM-NEG-O3D,R_TEST_01,Rich,R_TEST_01_Q01,open3d,/home/lj/zero_perturbation_runtime/real_data/mid360_two_scene_pilot_v1/canonical_sources/R_TEST_01_Q01/source_points.npy,ea0425eba9828b4b7d20ec7d70c03629aad052b37129bd2f2eb66c741404be7f,613bb78470decf3b64194fab7c3579af1a98be115a387dedc0cda1b44ad2444e,/home/lj/zero_perturbation_runtime/real_data/mid360_two_scene_pilot_v1/target_maps/R_TEST_01/target_points.npy,43c6f299b5b24d220e6ee1a5ad8395ebb1380f992ff4fe207f822e25c92a65f7,d08c60b22a7dc3f1345b9401225fec550da80c4f7025bb8a198065f0dbe75b59,6a1ebdee6b34390f1430eab371e1c4108db1f124b59b7239d74785efa6474af9,0.2536293412739258,0.30027579079570843,0.4460948679303659,1.758845667026248,0.9733148533997634,weak,0.9922607333298499,-0.11404226616495552,-0.04912228231332634,lambda_min,TARGET_FRAME,-1,0.03,-0.029767821999895496,0.0034212679849486656,0.0014736684693997901,"[[1.0,0.0,0.0,0.0],[0.0,1.0,0.0,0.0],[0.0,0.0,1.0,0.0],[0.0,0.0,0.0,1.0]]","[[1.0,0.0,0.0,-0.029767821999895496],[0.0,1.0,0.0,0.0034212679849486656],[0.0,0.0,1.0,0.0014736684693997901],[0.0,0.0,0.0,1.0]]",source/query_to_target/map,LEFT: T_initial=Delta_T@T_star,true,true,false,false,true,true,ASSUMED_METERS_FROM_SCALE,"[[0.9999999621294953,1.0082528344125678e-05,-0.00027502609017066287,0.0003663982070505076],[-1.0113518877245782e-05,0.9999999936003544,-0.00011268099917869501,-5.086270708080771e-06],[0.00027502495230122536,0.00011268377639296338,0.9999999558318201,0.0005179348675845297],[0.0,0.0,0.0,1.0]]",0.030000000000000002,0.0006344525540490374,0.0,0.017038952816076425,0.0003663982070505076,-5.086270708080771e-06,0.0005179348675845297,0.9788515815316987,true,true,true,0.9999349678090654,0.01989064959714927,15376,,37.725094000052195,0.19.0+b012259,
CP-R_TEST_01_Q01-W-30MM-NEG-PCL,R_TEST_01,Rich,R_TEST_01_Q01,pcl,/home/lj/zero_perturbation_runtime/real_data/mid360_two_scene_pilot_v1/canonical_sources/R_TEST_01_Q01/source_points.npy,ea0425eba9828b4b7d20ec7d70c03629aad052b37129bd2f2eb66c741404be7f,613bb78470decf3b64194fab7c3579af1a98be115a387dedc0cda1b44ad2444e,/home/lj/zero_perturbation_runtime/real_data/mid360_two_scene_pilot_v1/target_maps/R_TEST_01/target_points.npy,43c6f299b5b24d220e6ee1a5ad8395ebb1380f992ff4fe207f822e25c92a65f7,d08c60b22a7dc3f1345b9401225fec550da80c4f7025bb8a198065f0dbe75b59,6a1ebdee6b34390f1430eab371e1c4108db1f124b59b7239d74785efa6474af9,0.2536293412739258,0.30027579079570843,0.4460948679303659,1.758845667026248,0.9733148533997634,weak,0.9922607333298499,-0.11404226616495552,-0.04912228231332634,lambda_min,TARGET_FRAME,-1,0.03,-0.029767821999895496,0.0034212679849486656,0.0014736684693997901,"[[1.0,0.0,0.0,0.0],[0.0,1.0,0.0,0.0],[0.0,0.0,1.0,0.0],[0.0,0.0,0.0,1.0]]","[[1.0,0.0,0.0,-0.029767821999895496],[0.0,1.0,0.0,0.0034212679849486656],[0.0,0.0,1.0,0.0014736684693997901],[0.0,0.0,0.0,1.0]]",source/query_to_target/map,LEFT: T_initial=Delta_T@T_star,true,true,false,false,true,true,ASSUMED_METERS_FROM_SCALE,"[[1.0,1.9672796042868868e-05,-0.00016904884250834584,0.00031602155650034547],[-1.9660144971567206e-05,1.0,7.488023402402177e-05,-0.00016880799375940114],[0.00016905029769986868,-7.487690163543448e-05,1.0,0.0005458973464556038],[0.0,0.0,0.0,1.0]]",0.030000000000000002,0.0006529698888901728,0.0,0.010653214078399234,0.00031602155650034547,-0.00016880799375940114,0.0005458973464556038,0.9782343370369943,true,true,true,0.00039531187473532467,,15376,7,1130.812336,1.15.1,
CP-R_TEST_01_Q01-W-50MM-POS-O3D,R_TEST_01,Rich,R_TEST_01_Q01,open3d,/home/lj/zero_perturbation_runtime/real_data/mid360_two_scene_pilot_v1/canonical_sources/R_TEST_01_Q01/source_points.npy,ea0425eba9828b4b7d20ec7d70c03629aad052b37129bd2f2eb66c741404be7f,613bb78470decf3b64194fab7c3579af1a98be115a387dedc0cda1b44ad2444e,/home/lj/zero_perturbation_runtime/real_data/mid360_two_scene_pilot_v1/target_maps/R_TEST_01/target_points.npy,43c6f299b5b24d220e6ee1a5ad8395ebb1380f992ff4fe207f822e25c92a65f7,d08c60b22a7dc3f1345b9401225fec550da80c4f7025bb8a198065f0dbe75b59,6a1ebdee6b34390f1430eab371e1c4108db1f124b59b7239d74785efa6474af9,0.2536293412739258,0.30027579079570843,0.4460948679303659,1.758845667026248,0.9733148533997634,weak,0.9922607333298499,-0.11404226616495552,-0.04912228231332634,lambda_min,TARGET_FRAME,1,0.05,0.0496130366664925,-0.005702113308247776,-0.0024561141156663174,"[[1.0,0.0,0.0,0.0],[0.0,1.0,0.0,0.0],[0.0,0.0,1.0,0.0],[0.0,0.0,0.0,1.0]]","[[1.0,0.0,0.0,0.0496130366664925],[0.0,1.0,0.0,-0.005702113308247776],[0.0,0.0,1.0,-0.0024561141156663174],[0.0,0.0,0.0,1.0]]",source/query_to_target/map,LEFT: T_initial=Delta_T@T_star,true,true,false,false,true,true,ASSUMED_METERS_FROM_SCALE,"[[0.9999999621292919,1.0083637492958914e-05,-0.0002750267897203138,0.00036639871300626084],[-1.011463346170488e-05,0.9999999935981484,-0.00011270047649949833,-5.056374044425129e-06],[0.0002750256515288829,0.00011270325402662167,0.9999999558294328,0.0005179237010324032],[0.0,0.0,0.0,1.0]]",0.05000000000000001,0.0006344434914964639,0.0,0.01703941492340069,0.00036639871300626084,-5.056374044425129e-06,0.0005179237010324032,0.9873111301700708,true,true,true,0.9999349678090654,0.01989065036640385,15376,,40.29185599938501,0.19.0+b012259,
CP-R_TEST_01_Q01-W-50MM-POS-PCL,R_TEST_01,Rich,R_TEST_01_Q01,pcl,/home/lj/zero_perturbation_runtime/real_data/mid360_two_scene_pilot_v1/canonical_sources/R_TEST_01_Q01/source_points.npy,ea0425eba9828b4b7d20ec7d70c03629aad052b37129bd2f2eb66c741404be7f,613bb78470decf3b64194fab7c3579af1a98be115a387dedc0cda1b44ad2444e,/home/lj/zero_perturbation_runtime/real_data/mid360_two_scene_pilot_v1/target_maps/R_TEST_01/target_points.npy,43c6f299b5b24d220e6ee1a5ad8395ebb1380f992ff4fe207f822e25c92a65f7,d08c60b22a7dc3f1345b9401225fec550da80c4f7025bb8a198065f0dbe75b59,6a1ebdee6b34390f1430eab371e1c4108db1f124b59b7239d74785efa6474af9,0.2536293412739258,0.30027579079570843,0.4460948679303659,1.758845667026248,0.9733148533997634,weak,0.9922607333298499,-0.11404226616495552,-0.04912228231332634,lambda_min,TARGET_FRAME,1,0.05,0.0496130366664925,-0.005702113308247776,-0.0024561141156663174,"[[1.0,0.0,0.0,0.0],[0.0,1.0,0.0,0.0],[0.0,0.0,1.0,0.0],[0.0,0.0,0.0,1.0]]","[[1.0,0.0,0.0,0.0496130366664925],[0.0,1.0,0.0,-0.005702113308247776],[0.0,0.0,1.0,-0.0024561141156663174],[0.0,0.0,0.0,1.0]]",source/query_to_target/map,LEFT: T_initial=Delta_T@T_star,true,true,false,false,true,true,ASSUMED_METERS_FROM_SCALE,"[[0.9999999403953552,1.8986671420861967e-05,-0.00016991639859043062,0.0003141610650345683],[-1.8974003978655674e-05,1.0,7.447115785907954e-05,-0.00016903509094845504],[0.000169917824678123,-7.446794188581407e-05,0.9999999403953552,0.0005413724575191736],[0.0,0.0,0.0,1.0]]",0.05000000000000001,0.0006483472638300837,0.0,0.010684978543470676,0.0003141610650345683,-0.00016903509094845504,0.0005413724575191736,0.9870330547233983,true,true,true,0.00039531149759328875,,15376,7,1068.336483,1.15.1,
CP-R_TEST_01_Q01-W-50MM-NEG-O3D,R_TEST_01,Rich,R_TEST_01_Q01,open3d,/home/lj/zero_perturbation_runtime/real_data/mid360_two_scene_pilot_v1/canonical_sources/R_TEST_01_Q01/source_points.npy,ea0425eba9828b4b7d20ec7d70c03629aad052b37129bd2f2eb66c741404be7f,613bb78470decf3b64194fab7c3579af1a98be115a387dedc0cda1b44ad2444e,/home/lj/zero_perturbation_runtime/real_data/mid360_two_scene_pilot_v1/target_maps/R_TEST_01/target_points.npy,43c6f299b5b24d220e6ee1a5ad8395ebb1380f992ff4fe207f822e25c92a65f7,d08c60b22a7dc3f1345b9401225fec550da80c4f7025bb8a198065f0dbe75b59,6a1ebdee6b34390f1430eab371e1c4108db1f124b59b7239d74785efa6474af9,0.2536293412739258,0.30027579079570843,0.4460948679303659,1.758845667026248,0.9733148533997634,weak,0.9922607333298499,-0.11404226616495552,-0.04912228231332634,lambda_min,TARGET_FRAME,-1,0.05,-0.0496130366664925,0.005702113308247776,0.0024561141156663174,"[[1.0,0.0,0.0,0.0],[0.0,1.0,0.0,0.0],[0.0,0.0,1.0,0.0],[0.0,0.0,0.0,1.0]]","[[1.0,0.0,0.0,-0.0496130366664925],[0.0,1.0,0.0,0.005702113308247776],[0.0,0.0,1.0,0.0024561141156663174],[0.0,0.0,0.0,1.0]]",source/query_to_target/map,LEFT: T_initial=Delta_T@T_star,true,true,false,false,true,true,ASSUMED_METERS_FROM_SCALE,"[[0.9999999621292914,1.0083638188970213e-05,-0.0002750267900613682,0.0003663987130522461],[-1.0114634158923755e-05,0.9999999935981481,-0.0001127004807505222,-5.056370841238495e-06],[0.0002750256518698157,0.00011270325827784049,0.9999999558294321,0.000517923697528596],[0.0,0.0,0.0,1.0]]",0.05000000000000001,0.0006344434886371826,0.0,0.01703941503513543,0.0003663987130522461,-5.056370841238495e-06,0.000517923697528596,0.9873111302272564,true,true,true,0.9999349678090654,0.01989065036660154,15376,,32.22215099958703,0.19.0+b012259,
CP-R_TEST_01_Q01-W-50MM-NEG-PCL,R_TEST_01,Rich,R_TEST_01_Q01,pcl,/home/lj/zero_perturbation_runtime/real_data/mid360_two_scene_pilot_v1/canonical_sources/R_TEST_01_Q01/source_points.npy,ea0425eba9828b4b7d20ec7d70c03629aad052b37129bd2f2eb66c741404be7f,613bb78470decf3b64194fab7c3579af1a98be115a387dedc0cda1b44ad2444e,/home/lj/zero_perturbation_runtime/real_data/mid360_two_scene_pilot_v1/target_maps/R_TEST_01/target_points.npy,43c6f299b5b24d220e6ee1a5ad8395ebb1380f992ff4fe207f822e25c92a65f7,d08c60b22a7dc3f1345b9401225fec550da80c4f7025bb8a198065f0dbe75b59,6a1ebdee6b34390f1430eab371e1c4108db1f124b59b7239d74785efa6474af9,0.2536293412739258,0.30027579079570843,0.4460948679303659,1.758845667026248,0.9733148533997634,weak,0.9922607333298499,-0.11404226616495552,-0.04912228231332634,lambda_min,TARGET_FRAME,-1,0.05,-0.0496130366664925,0.005702113308247776,0.0024561141156663174,"[[1.0,0.0,0.0,0.0],[0.0,1.0,0.0,0.0],[0.0,0.0,1.0,0.0],[0.0,0.0,0.0,1.0]]","[[1.0,0.0,0.0,-0.0496130366664925],[0.0,1.0,0.0,0.005702113308247776],[0.0,0.0,1.0,0.0024561141156663174],[0.0,0.0,0.0,1.0]]",source/query_to_target/map,LEFT: T_initial=Delta_T@T_star,true,true,false,false,true,true,ASSUMED_METERS_FROM_SCALE,"[[1.0,1.8948549040942453e-05,-0.00016966505791060627,0.00031358408159576356],[-1.8935965272248723e-05,1.0,7.418995664920658e-05,-0.0001690022472757846],[0.00016966646944638342,-7.418672612402588e-05,1.0,0.0005439905798994005],[0.0,0.0,0.0,1.0]]",0.05000000000000001,0.0006502480194770377,0.0,0.010665204190532088,0.00031358408159576356,-0.0001690022472757846,0.0005439905798994005,0.9869950396104592,true,true,true,0.000395311707120297,,15376,8,1081.533596,1.15.1,
CP-R_TEST_01_Q01-S-10MM-POS-O3D,R_TEST_01,Rich,R_TEST_01_Q01,open3d,/home/lj/zero_perturbation_runtime/real_data/mid360_two_scene_pilot_v1/canonical_sources/R_TEST_01_Q01/source_points.npy,ea0425eba9828b4b7d20ec7d70c03629aad052b37129bd2f2eb66c741404be7f,613bb78470decf3b64194fab7c3579af1a98be115a387dedc0cda1b44ad2444e,/home/lj/zero_perturbation_runtime/real_data/mid360_two_scene_pilot_v1/target_maps/R_TEST_01/target_points.npy,43c6f299b5b24d220e6ee1a5ad8395ebb1380f992ff4fe207f822e25c92a65f7,d08c60b22a7dc3f1345b9401225fec550da80c4f7025bb8a198065f0dbe75b59,6a1ebdee6b34390f1430eab371e1c4108db1f124b59b7239d74785efa6474af9,0.2536293412739258,0.30027579079570843,0.4460948679303659,1.758845667026248,0.9733148533997634,strong,0.11262137474247069,0.993160774305118,-0.030791270398839755,lambda_max,TARGET_FRAME,1,0.01,0.001126213747424707,0.00993160774305118,-0.00030791270398839755,"[[1.0,0.0,0.0,0.0],[0.0,1.0,0.0,0.0],[0.0,0.0,1.0,0.0],[0.0,0.0,0.0,1.0]]","[[1.0,0.0,0.0,0.001126213747424707],[0.0,1.0,0.0,0.00993160774305118],[0.0,0.0,1.0,-0.00030791270398839755],[0.0,0.0,0.0,1.0]]",source/query_to_target/map,LEFT: T_initial=Delta_T@T_star,true,true,false,false,true,true,ASSUMED_METERS_FROM_SCALE,"[[0.9999999622911211,1.0024981308910932e-05,-0.0002744398948549932,0.0003651956676706426],[-1.005611479683953e-05,0.9999999935148262,-0.00011344259461258564,-4.286737744526683e-06],[0.00027443875581531203,0.00011344535013388007,0.9999999559067598,0.0005148926310057217],[0.0,0.0,0.0,1.0]]",0.01,0.0006312690973506394,0.0,0.017024396825525135,0.0003651956676706426,-4.286737744526683e-06,0.0005148926310057217,0.936873090264936,true,true,true,0.9999349678090654,0.019890644146012628,15376,,32.67172100004245,0.19.0+b012259,
CP-R_TEST_01_Q01-S-10MM-POS-PCL,R_TEST_01,Rich,R_TEST_01_Q01,pcl,/home/lj/zero_perturbation_runtime/real_data/mid360_two_scene_pilot_v1/canonical_sources/R_TEST_01_Q01/source_points.npy,ea0425eba9828b4b7d20ec7d70c03629aad052b37129bd2f2eb66c741404be7f,613bb78470decf3b64194fab7c3579af1a98be115a387dedc0cda1b44ad2444e,/home/lj/zero_perturbation_runtime/real_data/mid360_two_scene_pilot_v1/target_maps/R_TEST_01/target_points.npy,43c6f299b5b24d220e6ee1a5ad8395ebb1380f992ff4fe207f822e25c92a65f7,d08c60b22a7dc3f1345b9401225fec550da80c4f7025bb8a198065f0dbe75b59,6a1ebdee6b34390f1430eab371e1c4108db1f124b59b7239d74785efa6474af9,0.2536293412739258,0.30027579079570843,0.4460948679303659,1.758845667026248,0.9733148533997634,strong,0.11262137474247069,0.993160774305118,-0.030791270398839755,lambda_max,TARGET_FRAME,1,0.01,0.001126213747424707,0.00993160774305118,-0.00030791270398839755,"[[1.0,0.0,0.0,0.0],[0.0,1.0,0.0,0.0],[0.0,0.0,1.0,0.0],[0.0,0.0,0.0,1.0]]","[[1.0,0.0,0.0,0.001126213747424707],[0.0,1.0,0.0,0.00993160774305118],[0.0,0.0,1.0,-0.00030791270398839755],[0.0,0.0,0.0,1.0]]",source/query_to_target/map,LEFT: T_initial=Delta_T@T_star,true,true,false,false,true,true,ASSUMED_METERS_FROM_SCALE,"[[1.0,1.9741064534173347e-05,-0.00016954162856563926,0.0003167600661981851],[-1.9728351617231965e-05,1.0,7.497187471017241e-05,-0.00016848128871060908],[0.00016954309830907732,-7.496852049371228e-05,1.0,0.0005427185678854585],[0.0,0.0,0.0,1.0]]",0.01,0.0006505892161042244,0.0,0.010681415019916278,0.0003167600661981851,-0.00016848128871060908,0.0005427185678854585,0.9349410783895775,true,true,true,0.000395311587487102,,15376,7,1069.147403,1.15.1,
CP-R_TEST_01_Q01-S-10MM-NEG-O3D,R_TEST_01,Rich,R_TEST_01_Q01,open3d,/home/lj/zero_perturbation_runtime/real_data/mid360_two_scene_pilot_v1/canonical_sources/R_TEST_01_Q01/source_points.npy,ea0425eba9828b4b7d20ec7d70c03629aad052b37129bd2f2eb66c741404be7f,613bb78470decf3b64194fab7c3579af1a98be115a387dedc0cda1b44ad2444e,/home/lj/zero_perturbation_runtime/real_data/mid360_two_scene_pilot_v1/target_maps/R_TEST_01/target_points.npy,43c6f299b5b24d220e6ee1a5ad8395ebb1380f992ff4fe207f822e25c92a65f7,d08c60b22a7dc3f1345b9401225fec550da80c4f7025bb8a198065f0dbe75b59,6a1ebdee6b34390f1430eab371e1c4108db1f124b59b7239d74785efa6474af9,0.2536293412739258,0.30027579079570843,0.4460948679303659,1.758845667026248,0.9733148533997634,strong,0.11262137474247069,0.993160774305118,-0.030791270398839755,lambda_max,TARGET_FRAME,-1,0.01,-0.001126213747424707,-0.00993160774305118,0.00030791270398839755,"[[1.0,0.0,0.0,0.0],[0.0,1.0,0.0,0.0],[0.0,0.0,1.0,0.0],[0.0,0.0,0.0,1.0]]","[[1.0,0.0,0.0,-0.001126213747424707],[0.0,1.0,0.0,-0.00993160774305118],[0.0,0.0,1.0,0.00030791270398839755],[0.0,0.0,0.0,1.0]]",source/query_to_target/map,LEFT: T_initial=Delta_T@T_star,true,true,false,false,true,true,ASSUMED_METERS_FROM_SCALE,"[[0.9999999621292899,1.008363558254032e-05,-0.0002750267962075716,0.0003663987182988358],[-1.0114631562266153e-05,0.9999999935981438,-0.0001127005137642028,-5.056341564522944e-06],[0.000275025658015979,0.00011270329129086774,0.9999999558294269,0.0005179236711400577],[0.0,0.0,0.0,1.0]]",0.01,0.0006344434698917165,0.0,0.017039416072542706,0.0003663987182988358,-5.056341564522944e-06,0.0005179236711400577,0.9365556530108283,true,true,true,0.9999349678090654,0.01989065036799732,15376,,33.905149000020174,0.19.0+b012259,
CP-R_TEST_01_Q01-S-10MM-NEG-PCL,R_TEST_01,Rich,R_TEST_01_Q01,pcl,/home/lj/zero_perturbation_runtime/real_data/mid360_two_scene_pilot_v1/canonical_sources/R_TEST_01_Q01/source_points.npy,ea0425eba9828b4b7d20ec7d70c03629aad052b37129bd2f2eb66c741404be7f,613bb78470decf3b64194fab7c3579af1a98be115a387dedc0cda1b44ad2444e,/home/lj/zero_perturbation_runtime/real_data/mid360_two_scene_pilot_v1/target_maps/R_TEST_01/target_points.npy,43c6f299b5b24d220e6ee1a5ad8395ebb1380f992ff4fe207f822e25c92a65f7,d08c60b22a7dc3f1345b9401225fec550da80c4f7025bb8a198065f0dbe75b59,6a1ebdee6b34390f1430eab371e1c4108db1f124b59b7239d74785efa6474af9,0.2536293412739258,0.30027579079570843,0.4460948679303659,1.758845667026248,0.9733148533997634,strong,0.11262137474247069,0.993160774305118,-0.030791270398839755,lambda_max,TARGET_FRAME,-1,0.01,-0.001126213747424707,-0.00993160774305118,0.00030791270398839755,"[[1.0,0.0,0.0,0.0],[0.0,1.0,0.0,0.0],[0.0,0.0,1.0,0.0],[0.0,0.0,0.0,1.0]]","[[1.0,0.0,0.0,-0.001126213747424707],[0.0,1.0,0.0,-0.00993160774305118],[0.0,0.0,1.0,0.00030791270398839755],[0.0,0.0,0.0,1.0]]",source/query_to_target/map,LEFT: T_initial=Delta_T@T_star,true,true,false,false,true,true,ASSUMED_METERS_FROM_SCALE,"[[1.0,1.8944676412502304e-05,-0.00016966622206382453,0.0003136497689411044],[-1.8932092643808573e-05,1.0,7.418460154440254e-05,-0.00016909399710129946],[0.00016966763359960169,-7.41814001230523e-05,1.0,0.00054404471302405],[0.0,0.0,0.0,1.0]]",0.01,0.0006503488349969756,0.0,0.010665120459860896,0.0003136497689411044,-0.00016909399710129946,0.00054404471302405,0.9349651165003025,true,true,true,0.00039531175145259624,,15376,6,1050.975467,1.15.1,
CP-R_TEST_01_Q01-S-30MM-POS-O3D,R_TEST_01,Rich,R_TEST_01_Q01,open3d,/home/lj/zero_perturbation_runtime/real_data/mid360_two_scene_pilot_v1/canonical_sources/R_TEST_01_Q01/source_points.npy,ea0425eba9828b4b7d20ec7d70c03629aad052b37129bd2f2eb66c741404be7f,613bb78470decf3b64194fab7c3579af1a98be115a387dedc0cda1b44ad2444e,/home/lj/zero_perturbation_runtime/real_data/mid360_two_scene_pilot_v1/target_maps/R_TEST_01/target_points.npy,43c6f299b5b24d220e6ee1a5ad8395ebb1380f992ff4fe207f822e25c92a65f7,d08c60b22a7dc3f1345b9401225fec550da80c4f7025bb8a198065f0dbe75b59,6a1ebdee6b34390f1430eab371e1c4108db1f124b59b7239d74785efa6474af9,0.2536293412739258,0.30027579079570843,0.4460948679303659,1.758845667026248,0.9733148533997634,strong,0.11262137474247069,0.993160774305118,-0.030791270398839755,lambda_max,TARGET_FRAME,1,0.03,0.003378641242274121,0.029794823229153538,-0.0009237381119651927,"[[1.0,0.0,0.0,0.0],[0.0,1.0,0.0,0.0],[0.0,0.0,1.0,0.0],[0.0,0.0,0.0,1.0]]","[[1.0,0.0,0.0,0.003378641242274121],[0.0,1.0,0.0,0.029794823229153538],[0.0,0.0,1.0,-0.0009237381119651927],[0.0,0.0,0.0,1.0]]",source/query_to_target/map,LEFT: T_initial=Delta_T@T_star,true,true,false,false,true,true,ASSUMED_METERS_FROM_SCALE,"[[0.9999999622829551,9.95868399209973e-06,-0.00027447206288604825,0.0003671942310779965],[-9.989877355156386e-06,0.9999999934922293,-0.00011364745376583089,-4.131839973093651e-06],[0.00027447092932076847,0.00011365019142163051,0.9999999558746706,0.0005141646823903466],[0.0,0.0,0.0,1.0]]",0.03,0.0006318338357955281,0.0,0.017030455662551815,0.0003671942310779965,-4.131839973093651e-06,0.0005141646823903466,0.9789388721401491,true,true,true,0.9999349678090654,0.019890640853672835,15376,,39.23516900067625,0.19.0+b012259,
CP-R_TEST_01_Q01-S-30MM-POS-PCL,R_TEST_01,Rich,R_TEST_01_Q01,pcl,/home/lj/zero_perturbation_runtime/real_data/mid360_two_scene_pilot_v1/canonical_sources/R_TEST_01_Q01/source_points.npy,ea0425eba9828b4b7d20ec7d70c03629aad052b37129bd2f2eb66c741404be7f,613bb78470decf3b64194fab7c3579af1a98be115a387dedc0cda1b44ad2444e,/home/lj/zero_perturbation_runtime/real_data/mid360_two_scene_pilot_v1/target_maps/R_TEST_01/target_points.npy,43c6f299b5b24d220e6ee1a5ad8395ebb1380f992ff4fe207f822e25c92a65f7,d08c60b22a7dc3f1345b9401225fec550da80c4f7025bb8a198065f0dbe75b59,6a1ebdee6b34390f1430eab371e1c4108db1f124b59b7239d74785efa6474af9,0.2536293412739258,0.30027579079570843,0.4460948679303659,1.758845667026248,0.9733148533997634,strong,0.11262137474247069,0.993160774305118,-0.030791270398839755,lambda_max,TARGET_FRAME,1,0.03,0.003378641242274121,0.029794823229153538,-0.0009237381119651927,"[[1.0,0.0,0.0,0.0],[0.0,1.0,0.0,0.0],[0.0,0.0,1.0,0.0],[0.0,0.0,0.0,1.0]]","[[1.0,0.0,0.0,0.003378641242274121],[0.0,1.0,0.0,0.029794823229153538],[0.0,0.0,1.0,-0.0009237381119651927],[0.0,0.0,0.0,1.0]]",source/query_to_target/map,LEFT: T_initial=Delta_T@T_star,true,true,false,false,true,true,ASSUMED_METERS_FROM_SCALE,"[[1.0,1.968512879102491e-05,-0.00016921368660405278,0.0003161679196637124],[-1.967248499568086e-05,1.0,7.476503378711641e-05,-0.00016875611618161201],[0.00016921515634749085,-7.476165774278343e-05,1.0,0.0005452819168567657],[0.0,0.0,0.0,1.0]]",0.03,0.0006525129493153146,0.0,0.01065922236118718,0.0003161679196637124,-0.00016875611618161201,0.0005452819168567657,0.9782495683561562,true,true,true,0.00039531190446880066,,15376,7,1058.026836,1.15.1,
CP-R_TEST_01_Q01-S-30MM-NEG-O3D,R_TEST_01,Rich,R_TEST_01_Q01,open3d,/home/lj/zero_perturbation_runtime/real_data/mid360_two_scene_pilot_v1/canonical_sources/R_TEST_01_Q01/source_points.npy,ea0425eba9828b4b7d20ec7d70c03629aad052b37129bd2f2eb66c741404be7f,613bb78470decf3b64194fab7c3579af1a98be115a387dedc0cda1b44ad2444e,/home/lj/zero_perturbation_runtime/real_data/mid360_two_scene_pilot_v1/target_maps/R_TEST_01/target_points.npy,43c6f299b5b24d220e6ee1a5ad8395ebb1380f992ff4fe207f822e25c92a65f7,d08c60b22a7dc3f1345b9401225fec550da80c4f7025bb8a198065f0dbe75b59,6a1ebdee6b34390f1430eab371e1c4108db1f124b59b7239d74785efa6474af9,0.2536293412739258,0.30027579079570843,0.4460948679303659,1.758845667026248,0.9733148533997634,strong,0.11262137474247069,0.993160774305118,-0.030791270398839755,lambda_max,TARGET_FRAME,-1,0.03,-0.003378641242274121,-0.029794823229153538,0.0009237381119651927,"[[1.0,0.0,0.0,0.0],[0.0,1.0,0.0,0.0],[0.0,0.0,1.0,0.0],[0.0,0.0,0.0,1.0]]","[[1.0,0.0,0.0,-0.003378641242274121],[0.0,1.0,0.0,-0.029794823229153538],[0.0,0.0,1.0,0.0009237381119651927],[0.0,0.0,0.0,1.0]]",source/query_to_target/map,LEFT: T_initial=Delta_T@T_star,true,true,false,false,true,true,ASSUMED_METERS_FROM_SCALE,"[[0.99999996212929,1.0083635582550843e-05,-0.00027502679620736034,0.00036639871829893177],[-1.0114631562276382e-05,0.9999999935981442,-0.00011270051376343437,-5.056341564823752e-06],[0.0002750256580157678,0.00011270329129009927,0.9999999558294267,0.000517923671140355],[0.0,0.0,0.0,1.0]]",0.03,0.0006344434698920171,0.0,0.017039416072523697,0.00036639871829893177,-5.056341564823752e-06,0.000517923671140355,0.9788518843369327,true,true,true,0.9999349678090654,0.01989065036799728,15376,,43.25613000037265,0.19.0+b012259,
CP-R_TEST_01_Q01-S-30MM-NEG-PCL,R_TEST_01,Rich,R_TEST_01_Q01,pcl,/home/lj/zero_perturbation_runtime/real_data/mid360_two_scene_pilot_v1/canonical_sources/R_TEST_01_Q01/source_points.npy,ea0425eba9828b4b7d20ec7d70c03629aad052b37129bd2f2eb66c741404be7f,613bb78470decf3b64194fab7c3579af1a98be115a387dedc0cda1b44ad2444e,/home/lj/zero_perturbation_runtime/real_data/mid360_two_scene_pilot_v1/target_maps/R_TEST_01/target_points.npy,43c6f299b5b24d220e6ee1a5ad8395ebb1380f992ff4fe207f822e25c92a65f7,d08c60b22a7dc3f1345b9401225fec550da80c4f7025bb8a198065f0dbe75b59,6a1ebdee6b34390f1430eab371e1c4108db1f124b59b7239d74785efa6474af9,0.2536293412739258,0.30027579079570843,0.4460948679303659,1.758845667026248,0.9733148533997634,strong,0.11262137474247069,0.993160774305118,-0.030791270398839755,lambda_max,TARGET_FRAME,-1,0.03,-0.003378641242274121,-0.029794823229153538,0.0009237381119651927,"[[1.0,0.0,0.0,0.0],[0.0,1.0,0.0,0.0],[0.0,0.0,1.0,0.0],[0.0,0.0,0.0,1.0]]","[[1.0,0.0,0.0,-0.003378641242274121],[0.0,1.0,0.0,-0.029794823229153538],[0.0,0.0,1.0,0.0009237381119651927],[0.0,0.0,0.0,1.0]]",source/query_to_target/map,LEFT: T_initial=Delta_T@T_star,true,true,false,false,true,true,ASSUMED_METERS_FROM_SCALE,"[[0.9999999403953552,1.8994363927049562e-05,-0.00016991296433843672,0.0003141541965305805],[-1.8981703760800883e-05,1.0,7.446789823006839e-05,-0.0001689514028839767],[0.00016991437587421387,-7.446466042893007e-05,1.0,0.0005414812476374209],[0.0,0.0,0.0,1.0]]",0.03,0.0006484129681593485,0.0,0.01068476862578853,0.0003141541965305805,-0.0001689514028839767,0.0005414812476374209,0.9783862343946884,true,true,true,0.00039531154095589306,,15376,7,1208.983403,1.15.1,
CP-R_TEST_01_Q01-S-50MM-POS-O3D,R_TEST_01,Rich,R_TEST_01_Q01,open3d,/home/lj/zero_perturbation_runtime/real_data/mid360_two_scene_pilot_v1/canonical_sources/R_TEST_01_Q01/source_points.npy,ea0425eba9828b4b7d20ec7d70c03629aad052b37129bd2f2eb66c741404be7f,613bb78470decf3b64194fab7c3579af1a98be115a387dedc0cda1b44ad2444e,/home/lj/zero_perturbation_runtime/real_data/mid360_two_scene_pilot_v1/target_maps/R_TEST_01/target_points.npy,43c6f299b5b24d220e6ee1a5ad8395ebb1380f992ff4fe207f822e25c92a65f7,d08c60b22a7dc3f1345b9401225fec550da80c4f7025bb8a198065f0dbe75b59,6a1ebdee6b34390f1430eab371e1c4108db1f124b59b7239d74785efa6474af9,0.2536293412739258,0.30027579079570843,0.4460948679303659,1.758845667026248,0.9733148533997634,strong,0.11262137474247069,0.993160774305118,-0.030791270398839755,lambda_max,TARGET_FRAME,1,0.05,0.005631068737123535,0.0496580387152559,-0.0015395635199419878,"[[1.0,0.0,0.0,0.0],[0.0,1.0,0.0,0.0],[0.0,0.0,1.0,0.0],[0.0,0.0,0.0,1.0]]","[[1.0,0.0,0.0,0.005631068737123535],[0.0,1.0,0.0,0.0496580387152559],[0.0,0.0,1.0,-0.0015395635199419878],[0.0,0.0,0.0,1.0]]",source/query_to_target/map,LEFT: T_initial=Delta_T@T_star,true,true,false,false,true,true,ASSUMED_METERS_FROM_SCALE,"[[0.9999999622829551,9.958683992105073e-06,-0.00027447206288602554,0.0003671942310780347],[-9.989877355161717e-06,0.9999999934922292,-0.00011364745376587473,-4.131839973039326e-06],[0.0002744709293207457,0.00011365019142167429,0.9999999558746705,0.00051416468239123],[0.0,0.0,0.0,1.0]]",0.05,0.0006318338357962688,0.0,0.017030455662532376,0.0003671942310780347,-4.131839973039326e-06,0.00051416468239123,0.9873633232840746,true,true,true,0.9999349678090654,0.019890640853672828,15376,,39.262233000044944,0.19.0+b012259,
CP-R_TEST_01_Q01-S-50MM-POS-PCL,R_TEST_01,Rich,R_TEST_01_Q01,pcl,/home/lj/zero_perturbation_runtime/real_data/mid360_two_scene_pilot_v1/canonical_sources/R_TEST_01_Q01/source_points.npy,ea0425eba9828b4b7d20ec7d70c03629aad052b37129bd2f2eb66c741404be7f,613bb78470decf3b64194fab7c3579af1a98be115a387dedc0cda1b44ad2444e,/home/lj/zero_perturbation_runtime/real_data/mid360_two_scene_pilot_v1/target_maps/R_TEST_01/target_points.npy,43c6f299b5b24d220e6ee1a5ad8395ebb1380f992ff4fe207f822e25c92a65f7,d08c60b22a7dc3f1345b9401225fec550da80c4f7025bb8a198065f0dbe75b59,6a1ebdee6b34390f1430eab371e1c4108db1f124b59b7239d74785efa6474af9,0.2536293412739258,0.30027579079570843,0.4460948679303659,1.758845667026248,0.9733148533997634,strong,0.11262137474247069,0.993160774305118,-0.030791270398839755,lambda_max,TARGET_FRAME,1,0.05,0.005631068737123535,0.0496580387152559,-0.0015395635199419878,"[[1.0,0.0,0.0,0.0],[0.0,1.0,0.0,0.0],[0.0,0.0,1.0,0.0],[0.0,0.0,0.0,1.0]]","[[1.0,0.0,0.0,0.005631068737123535],[0.0,1.0,0.0,0.0496580387152559],[0.0,0.0,1.0,-0.0015395635199419878],[0.0,0.0,0.0,1.0]]",source/query_to_target/map,LEFT: T_initial=Delta_T@T_star,true,true,false,false,true,true,ASSUMED_METERS_FROM_SCALE,"[[1.0,1.899761991808191e-05,-0.0001699264394119382,0.0003141528577543795],[-1.898502159747295e-05,0.9999998807907104,7.446832751156762e-05,-0.00016901560593396425],[0.00016992782184388489,-7.44651842978783e-05,0.9999999403953552,0.0005412295577116311],[0.0,0.0,0.0,1.0]]",0.05,0.0006482188883588601,0.0,0.010685501565503836,0.0003141528577543795,-0.00016901560593396425,0.0005412295577116311,0.9870356222328228,true,true,true,0.0003953112869762831,,15376,9,1092.291283,1.15.1,
CP-R_TEST_01_Q01-S-50MM-NEG-O3D,R_TEST_01,Rich,R_TEST_01_Q01,open3d,/home/lj/zero_perturbation_runtime/real_data/mid360_two_scene_pilot_v1/canonical_sources/R_TEST_01_Q01/source_points.npy,ea0425eba9828b4b7d20ec7d70c03629aad052b37129bd2f2eb66c741404be7f,613bb78470decf3b64194fab7c3579af1a98be115a387dedc0cda1b44ad2444e,/home/lj/zero_perturbation_runtime/real_data/mid360_two_scene_pilot_v1/target_maps/R_TEST_01/target_points.npy,43c6f299b5b24d220e6ee1a5ad8395ebb1380f992ff4fe207f822e25c92a65f7,d08c60b22a7dc3f1345b9401225fec550da80c4f7025bb8a198065f0dbe75b59,6a1ebdee6b34390f1430eab371e1c4108db1f124b59b7239d74785efa6474af9,0.2536293412739258,0.30027579079570843,0.4460948679303659,1.758845667026248,0.9733148533997634,strong,0.11262137474247069,0.993160774305118,-0.030791270398839755,lambda_max,TARGET_FRAME,-1,0.05,-0.005631068737123535,-0.0496580387152559,0.0015395635199419878,"[[1.0,0.0,0.0,0.0],[0.0,1.0,0.0,0.0],[0.0,0.0,1.0,0.0],[0.0,0.0,0.0,1.0]]","[[1.0,0.0,0.0,-0.005631068737123535],[0.0,1.0,0.0,-0.0496580387152559],[0.0,0.0,1.0,0.0015395635199419878],[0.0,0.0,0.0,1.0]]",source/query_to_target/map,LEFT: T_initial=Delta_T@T_star,true,true,false,false,true,true,ASSUMED_METERS_FROM_SCALE,"[[0.9999999621292901,1.0083635582501829e-05,-0.00027502679620759003,0.00036639871829925236],[-1.0114631562227619e-05,0.999999993598144,-0.00011270051376413871,-5.056341564642039e-06],[0.0002750256580159974,0.00011270329129080358,0.9999999558294268,0.0005179236711394734],[0.0,0.0,0.0,1.0]]",0.05,0.000634443469891481,0.0,0.01703941607255204,0.00036639871829925236,-5.056341564642039e-06,0.0005179236711394734,0.9873111306021704,true,true,true,0.9999349678090654,0.019890650367997312,15376,,40.87315300057526,0.19.0+b012259,
CP-R_TEST_01_Q01-S-50MM-NEG-PCL,R_TEST_01,Rich,R_TEST_01_Q01,pcl,/home/lj/zero_perturbation_runtime/real_data/mid360_two_scene_pilot_v1/canonical_sources/R_TEST_01_Q01/source_points.npy,ea0425eba9828b4b7d20ec7d70c03629aad052b37129bd2f2eb66c741404be7f,613bb78470decf3b64194fab7c3579af1a98be115a387dedc0cda1b44ad2444e,/home/lj/zero_perturbation_runtime/real_data/mid360_two_scene_pilot_v1/target_maps/R_TEST_01/target_points.npy,43c6f299b5b24d220e6ee1a5ad8395ebb1380f992ff4fe207f822e25c92a65f7,d08c60b22a7dc3f1345b9401225fec550da80c4f7025bb8a198065f0dbe75b59,6a1ebdee6b34390f1430eab371e1c4108db1f124b59b7239d74785efa6474af9,0.2536293412739258,0.30027579079570843,0.4460948679303659,1.758845667026248,0.9733148533997634,strong,0.11262137474247069,0.993160774305118,-0.030791270398839755,lambda_max,TARGET_FRAME,-1,0.05,-0.005631068737123535,-0.0496580387152559,0.0015395635199419878,"[[1.0,0.0,0.0,0.0],[0.0,1.0,0.0,0.0],[0.0,0.0,1.0,0.0],[0.0,0.0,0.0,1.0]]","[[1.0,0.0,0.0,-0.005631068737123535],[0.0,1.0,0.0,-0.0496580387152559],[0.0,0.0,1.0,0.0015395635199419878],[0.0,0.0,0.0,1.0]]",source/query_to_target/map,LEFT: T_initial=Delta_T@T_star,true,true,false,false,true,true,ASSUMED_METERS_FROM_SCALE,"[[0.9999999403953552,1.8988819647347555e-05,-0.00016991487063933164,0.0003140692424494773],[-1.897619767987635e-05,1.0,7.447722600772977e-05,-0.00016893415886443108],[0.0001699162821751088,-7.447392999893054e-05,0.9999999403953552,0.000541370187420398],[0.0,0.0,0.0,1.0]]",0.05,0.0006482745706192849,0.0,0.010685048985618553,0.0003140692424494773,-0.00016893415886443108,0.000541370187420398,0.9870345085876143,true,true,true,0.000395311493588495,,15376,8,1174.450036,1.15.1,
CP-R_TEST_01_Q02-W-10MM-POS-O3D,R_TEST_01,Rich,R_TEST_01_Q02,open3d,/home/lj/zero_perturbation_runtime/real_data/mid360_two_scene_pilot_v1/canonical_sources/R_TEST_01_Q02/source_points.npy,58d3d3263669758becf1d84c2ddcd407eadff022434e3c2a2f7e887e4d9b0a81,e233190c9450f497a5343feaf2b90fd5a0928e0593f04b7361ff175e65104eb7,/home/lj/zero_perturbation_runtime/real_data/mid360_two_scene_pilot_v1/target_maps/R_TEST_01/target_points.npy,43c6f299b5b24d220e6ee1a5ad8395ebb1380f992ff4fe207f822e25c92a65f7,d08c60b22a7dc3f1345b9401225fec550da80c4f7025bb8a198065f0dbe75b59,6a1ebdee6b34390f1430eab371e1c4108db1f124b59b7239d74785efa6474af9,0.25529579402819513,0.2944313204890375,0.45027288548276734,1.763730135847983,0.9719907647526036,weak,0.9765884366231045,-0.10302183452468287,-0.18884259865085973,lambda_min,TARGET_FRAME,1,0.01,0.009765884366231044,-0.0010302183452468288,-0.0018884259865085973,"[[1.0,0.0,0.0,0.0],[0.0,1.0,0.0,0.0],[0.0,0.0,1.0,0.0],[0.0,0.0,0.0,1.0]]","[[1.0,0.0,0.0,0.009765884366231044],[0.0,1.0,0.0,-0.0010302183452468288],[0.0,0.0,1.0,-0.0018884259865085973],[0.0,0.0,0.0,1.0]]",source/query_to_target/map,LEFT: T_initial=Delta_T@T_star,true,true,false,false,true,true,ASSUMED_METERS_FROM_SCALE,"[[0.9999999935254511,-6.832117821349424e-05,-9.100172880055789e-05,0.00019562787613580798],[6.829986934163305e-05,0.9999999702564408,-0.00023414150739609036,0.0004254965460819201],[9.10177229174966e-05,0.00023413529047394278,0.9999999684482194,-0.00041109696406316394],[0.0,0.0,0.0,1.0]]",0.01,0.0006231519000300014,0.0,0.01491561003639328,0.00019562787613580798,0.0004254965460819201,-0.00041109696406316394,0.9376848099969999,true,true,true,1.0,0.019935288068204434,15372,,37.74600299948361,0.19.0+b012259,
CP-R_TEST_01_Q02-W-10MM-POS-PCL,R_TEST_01,Rich,R_TEST_01_Q02,pcl,/home/lj/zero_perturbation_runtime/real_data/mid360_two_scene_pilot_v1/canonical_sources/R_TEST_01_Q02/source_points.npy,58d3d3263669758becf1d84c2ddcd407eadff022434e3c2a2f7e887e4d9b0a81,e233190c9450f497a5343feaf2b90fd5a0928e0593f04b7361ff175e65104eb7,/home/lj/zero_perturbation_runtime/real_data/mid360_two_scene_pilot_v1/target_maps/R_TEST_01/target_points.npy,43c6f299b5b24d220e6ee1a5ad8395ebb1380f992ff4fe207f822e25c92a65f7,d08c60b22a7dc3f1345b9401225fec550da80c4f7025bb8a198065f0dbe75b59,6a1ebdee6b34390f1430eab371e1c4108db1f124b59b7239d74785efa6474af9,0.25529579402819513,0.2944313204890375,0.45027288548276734,1.763730135847983,0.9719907647526036,weak,0.9765884366231045,-0.10302183452468287,-0.18884259865085973,lambda_min,TARGET_FRAME,1,0.01,0.009765884366231044,-0.0010302183452468288,-0.0018884259865085973,"[[1.0,0.0,0.0,0.0],[0.0,1.0,0.0,0.0],[0.0,0.0,1.0,0.0],[0.0,0.0,0.0,1.0]]","[[1.0,0.0,0.0,0.009765884366231044],[0.0,1.0,0.0,-0.0010302183452468288],[0.0,0.0,1.0,-0.0018884259865085973],[0.0,0.0,0.0,1.0]]",source/query_to_target/map,LEFT: T_initial=Delta_T@T_star,true,true,false,false,true,true,ASSUMED_METERS_FROM_SCALE,"[[1.0,-0.0001349815574940294,-0.00017781431961338967,0.0002783361414913088],[0.00013493659207597375,1.0,-0.0002527886244934052,0.0005088251200504601],[0.00017784845840651542,0.0002527646138332784,1.0,-0.000374061637558043],[0.0,0.0,0.0,1.0]]",0.01,0.0006901421006917631,0.0,0.01932269639654966,0.0002783361414913088,0.0005088251200504601,-0.000374061637558043,0.9309857899308237,true,true,true,0.00039731014394308976,,15372,6,1129.244182,1.15.1,
CP-R_TEST_01_Q02-W-10MM-NEG-O3D,R_TEST_01,Rich,R_TEST_01_Q02,open3d,/home/lj/zero_perturbation_runtime/real_data/mid360_two_scene_pilot_v1/canonical_sources/R_TEST_01_Q02/source_points.npy,58d3d3263669758becf1d84c2ddcd407eadff022434e3c2a2f7e887e4d9b0a81,e233190c9450f497a5343feaf2b90fd5a0928e0593f04b7361ff175e65104eb7,/home/lj/zero_perturbation_runtime/real_data/mid360_two_scene_pilot_v1/target_maps/R_TEST_01/target_points.npy,43c6f299b5b24d220e6ee1a5ad8395ebb1380f992ff4fe207f822e25c92a65f7,d08c60b22a7dc3f1345b9401225fec550da80c4f7025bb8a198065f0dbe75b59,6a1ebdee6b34390f1430eab371e1c4108db1f124b59b7239d74785efa6474af9,0.25529579402819513,0.2944313204890375,0.45027288548276734,1.763730135847983,0.9719907647526036,weak,0.9765884366231045,-0.10302183452468287,-0.18884259865085973,lambda_min,TARGET_FRAME,-1,0.01,-0.009765884366231044,0.0010302183452468288,0.0018884259865085973,"[[1.0,0.0,0.0,0.0],[0.0,1.0,0.0,0.0],[0.0,0.0,1.0,0.0],[0.0,0.0,0.0,1.0]]","[[1.0,0.0,0.0,-0.009765884366231044],[0.0,1.0,0.0,0.0010302183452468288],[0.0,0.0,1.0,0.0018884259865085973],[0.0,0.0,0.0,1.0]]",source/query_to_target/map,LEFT: T_initial=Delta_T@T_star,true,true,false,false,true,true,ASSUMED_METERS_FROM_SCALE,"[[0.9999999936738295,-6.959189936951283e-05,-8.837029481786059e-05,0.00018445325214452404],[6.957075877668073e-05,0.9999999689697422,-0.0002392079095989862,0.0004287327995784205],[8.838693900848077e-05,0.00023920176009725245,0.9999999674851329,-0.0004118135776646616],[0.0,0.0,0.0,1.0]]",0.01,0.000622434927048611,0.0,0.015145096036229311,0.00018445325214452404,0.0004287327995784205,-0.0004118135776646616,0.9377565072951389,true,true,true,1.0,0.01993516129992448,15372,,42.08035600004223,0.19.0+b012259,
CP-R_TEST_01_Q02-W-10MM-NEG-PCL,R_TEST_01,Rich,R_TEST_01_Q02,pcl,/home/lj/zero_perturbation_runtime/real_data/mid360_two_scene_pilot_v1/canonical_sources/R_TEST_01_Q02/source_points.npy,58d3d3263669758becf1d84c2ddcd407eadff022434e3c2a2f7e887e4d9b0a81,e233190c9450f497a5343feaf2b90fd5a0928e0593f04b7361ff175e65104eb7,/home/lj/zero_perturbation_runtime/real_data/mid360_two_scene_pilot_v1/target_maps/R_TEST_01/target_points.npy,43c6f299b5b24d220e6ee1a5ad8395ebb1380f992ff4fe207f822e25c92a65f7,d08c60b22a7dc3f1345b9401225fec550da80c4f7025bb8a198065f0dbe75b59,6a1ebdee6b34390f1430eab371e1c4108db1f124b59b7239d74785efa6474af9,0.25529579402819513,0.2944313204890375,0.45027288548276734,1.763730135847983,0.9719907647526036,weak,0.9765884366231045,-0.10302183452468287,-0.18884259865085973,lambda_min,TARGET_FRAME,-1,0.01,-0.009765884366231044,0.0010302183452468288,0.0018884259865085973,"[[1.0,0.0,0.0,0.0],[0.0,1.0,0.0,0.0],[0.0,0.0,1.0,0.0],[0.0,0.0,0.0,1.0]]","[[1.0,0.0,0.0,-0.009765884366231044],[0.0,1.0,0.0,0.0010302183452468288],[0.0,0.0,1.0,0.0018884259865085973],[0.0,0.0,0.0,1.0]]",source/query_to_target/map,LEFT: T_initial=Delta_T@T_star,true,true,false,false,true,true,ASSUMED_METERS_FROM_SCALE,"[[1.0,-0.00013595899508800358,-0.00017764497897587717,0.00027570370002649724],[0.00013591408787760884,0.9999999403953552,-0.00025283946888521314,0.0005056918598711491],[0.00017767937970347703,0.0002528153418097645,0.9999999403953552,-0.00037484781933017075],[0.0,0.0,0.0,1.0]]",0.01,0.0006872027903063455,0.0,0.0193422520470613,0.00027570370002649724,0.0005056918598711491,-0.00037484781933017075,0.9312797209693655,true,true,true,0.0003973084577415434,,15372,7,1060.779985,1.15.1,
CP-R_TEST_01_Q02-W-30MM-POS-O3D,R_TEST_01,Rich,R_TEST_01_Q02,open3d,/home/lj/zero_perturbation_runtime/real_data/mid360_two_scene_pilot_v1/canonical_sources/R_TEST_01_Q02/source_points.npy,58d3d3263669758becf1d84c2ddcd407eadff022434e3c2a2f7e887e4d9b0a81,e233190c9450f497a5343feaf2b90fd5a0928e0593f04b7361ff175e65104eb7,/home/lj/zero_perturbation_runtime/real_data/mid360_two_scene_pilot_v1/target_maps/R_TEST_01/target_points.npy,43c6f299b5b24d220e6ee1a5ad8395ebb1380f992ff4fe207f822e25c92a65f7,d08c60b22a7dc3f1345b9401225fec550da80c4f7025bb8a198065f0dbe75b59,6a1ebdee6b34390f1430eab371e1c4108db1f124b59b7239d74785efa6474af9,0.25529579402819513,0.2944313204890375,0.45027288548276734,1.763730135847983,0.9719907647526036,weak,0.9765884366231045,-0.10302183452468287,-0.18884259865085973,lambda_min,TARGET_FRAME,1,0.03,0.029297653098693133,-0.003090655035740486,-0.005665277959525792,"[[1.0,0.0,0.0,0.0],[0.0,1.0,0.0,0.0],[0.0,0.0,1.0,0.0],[0.0,0.0,0.0,1.0]]","[[1.0,0.0,0.0,0.029297653098693133],[0.0,1.0,0.0,-0.003090655035740486],[0.0,0.0,1.0,-0.005665277959525792],[0.0,0.0,0.0,1.0]]",source/query_to_target/map,LEFT: T_initial=Delta_T@T_star,true,true,false,false,true,true,ASSUMED_METERS_FROM_SCALE,"[[0.9999999933308527,-6.892771043871725e-05,-9.266749886881145e-05,0.0001951865186238357],[6.890565731162178e-05,0.999999969312719,-0.00023796338201235849,0.000426102835345882],[9.26838982961883e-05,0.00023795699511042467,0.9999999673930813,-0.0004125574346418832],[0.0,0.0,0.0,1.0]]",0.03,0.0006243917361885762,0.0,0.015155069155215486,0.0001951865186238357,0.000426102835345882,-0.0004125574346418832,0.9791869421270475,true,true,true,1.0,0.019935293650149594,15372,,46.59365499992418,0.19.0+b012259,
CP-R_TEST_01_Q02-W-30MM-POS-PCL,R_TEST_01,Rich,R_TEST_01_Q02,pcl,/home/lj/zero_perturbation_runtime/real_data/mid360_two_scene_pilot_v1/canonical_sources/R_TEST_01_Q02/source_points.npy,58d3d3263669758becf1d84c2ddcd407eadff022434e3c2a2f7e887e4d9b0a81,e233190c9450f497a5343feaf2b90fd5a0928e0593f04b7361ff175e65104eb7,/home/lj/zero_perturbation_runtime/real_data/mid360_two_scene_pilot_v1/target_maps/R_TEST_01/target_points.npy,43c6f299b5b24d220e6ee1a5ad8395ebb1380f992ff4fe207f822e25c92a65f7,d08c60b22a7dc3f1345b9401225fec550da80c4f7025bb8a198065f0dbe75b59,6a1ebdee6b34390f1430eab371e1c4108db1f124b59b7239d74785efa6474af9,0.25529579402819513,0.2944313204890375,0.45027288548276734,1.763730135847983,0.9719907647526036,weak,0.9765884366231045,-0.10302183452468287,-0.18884259865085973,lambda_min,TARGET_FRAME,1,0.03,0.029297653098693133,-0.003090655035740486,-0.005665277959525792,"[[1.0,0.0,0.0,0.0],[0.0,1.0,0.0,0.0],[0.0,0.0,1.0,0.0],[0.0,0.0,0.0,1.0]]","[[1.0,0.0,0.0,0.029297653098693133],[0.0,1.0,0.0,-0.003090655035740486],[0.0,0.0,1.0,-0.005665277959525792],[0.0,0.0,0.0,1.0]]",source/query_to_target/map,LEFT: T_initial=Delta_T@T_star,true,true,false,false,true,true,ASSUMED_METERS_FROM_SCALE,"[[1.0,-0.00013571704039350152,-0.00018052553059533238,0.0002758280897978693],[0.0001356705470243469,1.0,-0.00025750105851329863,0.0005120253772474825],[0.00018056048429571092,0.000257476611295715,1.0,-0.0003740995016414672],[0.0,0.0,0.0,1.0]]",0.03,0.0006915211921520283,0.0,0.019624041033620917,0.0002758280897978693,0.0005120253772474825,-0.0003740995016414672,0.9769492935949324,true,true,true,0.0003973098797310997,,15372,8,1142.540796,1.15.1,
CP-R_TEST_01_Q02-W-30MM-NEG-O3D,R_TEST_01,Rich,R_TEST_01_Q02,open3d,/home/lj/zero_perturbation_runtime/real_data/mid360_two_scene_pilot_v1/canonical_sources/R_TEST_01_Q02/source_points.npy,58d3d3263669758becf1d84c2ddcd407eadff022434e3c2a2f7e887e4d9b0a81,e233190c9450f497a5343feaf2b90fd5a0928e0593f04b7361ff175e65104eb7,/home/lj/zero_perturbation_runtime/real_data/mid360_two_scene_pilot_v1/target_maps/R_TEST_01/target_points.npy,43c6f299b5b24d220e6ee1a5ad8395ebb1380f992ff4fe207f822e25c92a65f7,d08c60b22a7dc3f1345b9401225fec550da80c4f7025bb8a198065f0dbe75b59,6a1ebdee6b34390f1430eab371e1c4108db1f124b59b7239d74785efa6474af9,0.25529579402819513,0.2944313204890375,0.45027288548276734,1.763730135847983,0.9719907647526036,weak,0.9765884366231045,-0.10302183452468287,-0.18884259865085973,lambda_min,TARGET_FRAME,-1,0.03,-0.029297653098693133,0.003090655035740486,0.005665277959525792,"[[1.0,0.0,0.0,0.0],[0.0,1.0,0.0,0.0],[0.0,0.0,1.0,0.0],[0.0,0.0,0.0,1.0]]","[[1.0,0.0,0.0,-0.029297653098693133],[0.0,1.0,0.0,0.003090655035740486],[0.0,0.0,1.0,0.005665277959525792],[0.0,0.0,0.0,1.0]]",source/query_to_target/map,LEFT: T_initial=Delta_T@T_star,true,true,false,false,true,true,ASSUMED_METERS_FROM_SCALE,"[[0.9999999936811098,-6.947262814763669e-05,-8.838175213863139e-05,0.00018436504046499401],[6.945145857259897e-05,0.9999999689069726,-0.00023950479898095274,0.00042771466826529303],[8.839838841841438e-05,0.0002394986592259511,0.9999999674130579,-0.00041205530551821363],[0.0,0.0,0.0,1.0]]",0.03,0.0006218680570672986,0.0,0.015158914923890142,0.00018436504046499401,0.00042771466826529303,-0.00041205530551821363,0.9792710647644234,true,true,true,1.0,0.01993517325968055,15372,,33.97134900023957,0.19.0+b012259,
CP-R_TEST_01_Q02-W-30MM-NEG-PCL,R_TEST_01,Rich,R_TEST_01_Q02,pcl,/home/lj/zero_perturbation_runtime/real_data/mid360_two_scene_pilot_v1/canonical_sources/R_TEST_01_Q02/source_points.npy,58d3d3263669758becf1d84c2ddcd407eadff022434e3c2a2f7e887e4d9b0a81,e233190c9450f497a5343feaf2b90fd5a0928e0593f04b7361ff175e65104eb7,/home/lj/zero_perturbation_runtime/real_data/mid360_two_scene_pilot_v1/target_maps/R_TEST_01/target_points.npy,43c6f299b5b24d220e6ee1a5ad8395ebb1380f992ff4fe207f822e25c92a65f7,d08c60b22a7dc3f1345b9401225fec550da80c4f7025bb8a198065f0dbe75b59,6a1ebdee6b34390f1430eab371e1c4108db1f124b59b7239d74785efa6474af9,0.25529579402819513,0.2944313204890375,0.45027288548276734,1.763730135847983,0.9719907647526036,weak,0.9765884366231045,-0.10302183452468287,-0.18884259865085973,lambda_min,TARGET_FRAME,-1,0.03,-0.029297653098693133,0.003090655035740486,0.005665277959525792,"[[1.0,0.0,0.0,0.0],[0.0,1.0,0.0,0.0],[0.0,0.0,1.0,0.0],[0.0,0.0,0.0,1.0]]","[[1.0,0.0,0.0,-0.029297653098693133],[0.0,1.0,0.0,0.003090655035740486],[0.0,0.0,1.0,0.005665277959525792],[0.0,0.0,0.0,1.0]]",source/query_to_target/map,LEFT: T_initial=Delta_T@T_star,true,true,false,false,true,true,ASSUMED_METERS_FROM_SCALE,"[[1.0,-0.00013595877680927515,-0.0001776326389517635,0.00027572171529754996],[0.00013591388415079564,0.9999999403953552,-0.0002528435143176466,0.0005057113594375551],[0.00017766699602361768,0.00025281935813836753,0.9999999403953552,-0.0003747314040083438],[0.0,0.0,0.0,1.0]]",0.03,0.000687160875269298,0.0,0.019342047409559044,0.00027572171529754996,0.0005057113594375551,-0.0003747314040083438,0.9770946374910234,true,true,true,0.0003973084207653839,,15372,8,1190.916588,1.15.1,
CP-R_TEST_01_Q02-W-50MM-POS-O3D,R_TEST_01,Rich,R_TEST_01_Q02,open3d,/home/lj/zero_perturbation_runtime/real_data/mid360_two_scene_pilot_v1/canonical_sources/R_TEST_01_Q02/source_points.npy,58d3d3263669758becf1d84c2ddcd407eadff022434e3c2a2f7e887e4d9b0a81,e233190c9450f497a5343feaf2b90fd5a0928e0593f04b7361ff175e65104eb7,/home/lj/zero_perturbation_runtime/real_data/mid360_two_scene_pilot_v1/target_maps/R_TEST_01/target_points.npy,43c6f299b5b24d220e6ee1a5ad8395ebb1380f992ff4fe207f822e25c92a65f7,d08c60b22a7dc3f1345b9401225fec550da80c4f7025bb8a198065f0dbe75b59,6a1ebdee6b34390f1430eab371e1c4108db1f124b59b7239d74785efa6474af9,0.25529579402819513,0.2944313204890375,0.45027288548276734,1.763730135847983,0.9719907647526036,weak,0.9765884366231045,-0.10302183452468287,-0.18884259865085973,lambda_min,TARGET_FRAME,1,0.05,0.048829421831155226,-0.005151091726234144,-0.009442129932542988,"[[1.0,0.0,0.0,0.0],[0.0,1.0,0.0,0.0],[0.0,0.0,1.0,0.0],[0.0,0.0,0.0,1.0]]","[[1.0,0.0,0.0,0.048829421831155226],[0.0,1.0,0.0,-0.005151091726234144],[0.0,0.0,1.0,-0.009442129932542988],[0.0,0.0,0.0,1.0]]",source/query_to_target/map,LEFT: T_initial=Delta_T@T_star,true,true,false,false,true,true,ASSUMED_METERS_FROM_SCALE,"[[0.9999999935254512,-6.832116383706391e-05,-9.100173693561539e-05,0.00019562787716080325],[6.829985496782015e-05,0.9999999702564536,-0.0002341414577154031,0.0004254964950588105],[9.10177310457946e-05,0.0002341352407940083,0.9999999684482301,-0.0004110969160975872],[0.0,0.0,0.0,1.0]]",0.05000000000000001,0.0006231518338693399,0.0,0.01491560742302643,0.00019562787716080325,0.0004254964950588105,-0.0004110969160975872,0.9875369633226132,true,true,true,1.0,0.01993528806783956,15372,,35.25436699965212,0.19.0+b012259,
CP-R_TEST_01_Q02-W-50MM-POS-PCL,R_TEST_01,Rich,R_TEST_01_Q02,pcl,/home/lj/zero_perturbation_runtime/real_data/mid360_two_scene_pilot_v1/canonical_sources/R_TEST_01_Q02/source_points.npy,58d3d3263669758becf1d84c2ddcd407eadff022434e3c2a2f7e887e4d9b0a81,e233190c9450f497a5343feaf2b90fd5a0928e0593f04b7361ff175e65104eb7,/home/lj/zero_perturbation_runtime/real_data/mid360_two_scene_pilot_v1/target_maps/R_TEST_01/target_points.npy,43c6f299b5b24d220e6ee1a5ad8395ebb1380f992ff4fe207f822e25c92a65f7,d08c60b22a7dc3f1345b9401225fec550da80c4f7025bb8a198065f0dbe75b59,6a1ebdee6b34390f1430eab371e1c4108db1f124b59b7239d74785efa6474af9,0.25529579402819513,0.2944313204890375,0.45027288548276734,1.763730135847983,0.9719907647526036,weak,0.9765884366231045,-0.10302183452468287,-0.18884259865085973,lambda_min,TARGET_FRAME,1,0.05,0.048829421831155226,-0.005151091726234144,-0.009442129932542988,"[[1.0,0.0,0.0,0.0],[0.0,1.0,0.0,0.0],[0.0,0.0,1.0,0.0],[0.0,0.0,0.0,1.0]]","[[1.0,0.0,0.0,0.048829421831155226],[0.0,1.0,0.0,-0.005151091726234144],[0.0,0.0,1.0,-0.009442129932542988],[0.0,0.0,0.0,1.0]]",source/query_to_target/map,LEFT: T_initial=Delta_T@T_star,true,true,false,false,true,true,ASSUMED_METERS_FROM_SCALE,"[[1.0,-0.0001357071741949767,-0.0001805339561542496,0.0002759048074949533],[0.00013566069537773728,1.0,-0.00025749942869879305,0.0005119842826388776],[0.0001805689389584586,0.00025747495237737894,1.0,-0.0003743036650121212],[0.0,0.0,0.0,1.0]]",0.05000000000000001,0.0006916318400056346,0.0,0.019624001334939658,0.0002759048074949533,0.0005119842826388776,-0.0003743036650121212,0.9861673631998873,true,true,true,0.00039731003301356465,,15372,9,1223.561347,1.15.1,
CP-R_TEST_01_Q02-W-50MM-NEG-O3D,R_TEST_01,Rich,R_TEST_01_Q02,open3d,/home/lj/zero_perturbation_runtime/real_data/mid360_two_scene_pilot_v1/canonical_sources/R_TEST_01_Q02/source_points.npy,58d3d3263669758becf1d84c2ddcd407eadff022434e3c2a2f7e887e4d9b0a81,e233190c9450f497a5343feaf2b90fd5a0928e0593f04b7361ff175e65104eb7,/home/lj/zero_perturbation_runtime/real_data/mid360_two_scene_pilot_v1/target_maps/R_TEST_01/target_points.npy,43c6f299b5b24d220e6ee1a5ad8395ebb1380f992ff4fe207f822e25c92a65f7,d08c60b22a7dc3f1345b9401225fec550da80c4f7025bb8a198065f0dbe75b59,6a1ebdee6b34390f1430eab371e1c4108db1f124b59b7239d74785efa6474af9,0.25529579402819513,0.2944313204890375,0.45027288548276734,1.763730135847983,0.9719907647526036,weak,0.9765884366231045,-0.10302183452468287,-0.18884259865085973,lambda_min,TARGET_FRAME,-1,0.05,-0.048829421831155226,0.005151091726234144,0.009442129932542988,"[[1.0,0.0,0.0,0.0],[0.0,1.0,0.0,0.0],[0.0,0.0,1.0,0.0],[0.0,0.0,0.0,1.0]]","[[1.0,0.0,0.0,-0.048829421831155226],[0.0,1.0,0.0,0.005151091726234144],[0.0,0.0,1.0,0.009442129932542988],[0.0,0.0,0.0,1.0]]",source/query_to_target/map,LEFT: T_initial=Delta_T@T_star,true,true,false,false,true,true,ASSUMED_METERS_FROM_SCALE,"[[0.9999999933283916,-6.892185065936635e-05,-9.269840806133774e-05,0.00019521506838177428],[6.889980539105363e-05,0.9999999693521565,-0.00023779929062556703,0.00042594871302277873],[9.271479478752683e-05,0.00023779290213678792,0.9999999674292508,-0.0004128426826235135],[0.0,0.0,0.0,1.0]]",0.05000000000000001,0.0006244840347397533,0.0,0.015147144828787418,0.00019521506838177428,0.00042594871302277873,-0.0004128426826235135,0.9875103193052049,true,true,true,1.0,0.019935297139472927,15372,,33.68021400001453,0.19.0+b012259,
CP-R_TEST_01_Q02-W-50MM-NEG-PCL,R_TEST_01,Rich,R_TEST_01_Q02,pcl,/home/lj/zero_perturbation_runtime/real_data/mid360_two_scene_pilot_v1/canonical_sources/R_TEST_01_Q02/source_points.npy,58d3d3263669758becf1d84c2ddcd407eadff022434e3c2a2f7e887e4d9b0a81,e233190c9450f497a5343feaf2b90fd5a0928e0593f04b7361ff175e65104eb7,/home/lj/zero_perturbation_runtime/real_data/mid360_two_scene_pilot_v1/target_maps/R_TEST_01/target_points.npy,43c6f299b5b24d220e6ee1a5ad8395ebb1380f992ff4fe207f822e25c92a65f7,d08c60b22a7dc3f1345b9401225fec550da80c4f7025bb8a198065f0dbe75b59,6a1ebdee6b34390f1430eab371e1c4108db1f124b59b7239d74785efa6474af9,0.25529579402819513,0.2944313204890375,0.45027288548276734,1.763730135847983,0.9719907647526036,weak,0.9765884366231045,-0.10302183452468287,-0.18884259865085973,lambda_min,TARGET_FRAME,-1,0.05,-0.048829421831155226,0.005151091726234144,0.009442129932542988,"[[1.0,0.0,0.0,0.0],[0.0,1.0,0.0,0.0],[0.0,0.0,1.0,0.0],[0.0,0.0,0.0,1.0]]","[[1.0,0.0,0.0,-0.048829421831155226],[0.0,1.0,0.0,0.005151091726234144],[0.0,0.0,1.0,0.009442129932542988],[0.0,0.0,0.0,1.0]]",source/query_to_target/map,LEFT: T_initial=Delta_T@T_star,true,true,false,false,true,true,ASSUMED_METERS_FROM_SCALE,"[[1.0,-0.00013577727077063173,-0.00017750354891177267,0.00027567247161641717],[0.00013573230535257608,0.9999999403953552,-0.00025338688283227384,0.0005084775038994849],[0.0001775379350874573,0.00025336287217214704,0.9999999403953552,-0.00037290010368451476],[0.0,0.0,0.0,1.0]]",0.05000000000000001,0.0006881854189874099,0.0,0.01935731026350328,0.00027567247161641717,0.0005084775038994849,-0.00037290010368451476,0.9862362916202518,true,true,true,0.00039730756350253257,,15372,8,1154.530387,1.15.1,
CP-R_TEST_01_Q02-S-10MM-POS-O3D,R_TEST_01,Rich,R_TEST_01_Q02,open3d,/home/lj/zero_perturbation_runtime/real_data/mid360_two_scene_pilot_v1/canonical_sources/R_TEST_01_Q02/source_points.npy,58d3d3263669758becf1d84c2ddcd407eadff022434e3c2a2f7e887e4d9b0a81,e233190c9450f497a5343feaf2b90fd5a0928e0593f04b7361ff175e65104eb7,/home/lj/zero_perturbation_runtime/real_data/mid360_two_scene_pilot_v1/target_maps/R_TEST_01/target_points.npy,43c6f299b5b24d220e6ee1a5ad8395ebb1380f992ff4fe207f822e25c92a65f7,d08c60b22a7dc3f1345b9401225fec550da80c4f7025bb8a198065f0dbe75b59,6a1ebdee6b34390f1430eab371e1c4108db1f124b59b7239d74785efa6474af9,0.25529579402819513,0.2944313204890375,0.45027288548276734,1.763730135847983,0.9719907647526036,strong,0.09541572717285077,0.9942327348519906,-0.048960269166003365,lambda_max,TARGET_FRAME,1,0.01,0.0009541572717285077,0.009942327348519906,-0.0004896026916600336,"[[1.0,0.0,0.0,0.0],[0.0,1.0,0.0,0.0],[0.0,0.0,1.0,0.0],[0.0,0.0,0.0,1.0]]","[[1.0,0.0,0.0,0.0009541572717285077],[0.0,1.0,0.0,0.009942327348519906],[0.0,0.0,1.0,-0.0004896026916600336],[0.0,0.0,0.0,1.0]]",source/query_to_target/map,LEFT: T_initial=Delta_T@T_star,true,true,false,false,true,true,ASSUMED_METERS_FROM_SCALE,"[[0.9999999936811095,-6.947262749839019e-05,-8.838175610078142e-05,0.00018436504299654274],[6.945145792298817e-05,0.9999999689069744,-0.00023950479236741073,0.0004277146622766946],[8.839839237994943e-05,0.00023949865261219125,0.9999999674130592,-0.0004120552988101512],[0.0,0.0,0.0,1.0]]",0.01,0.0006218680492541058,0.0,0.015158914646925477,0.00018436504299654274,0.0004277146622766946,-0.0004120552988101512,0.9378131950745894,true,true,true,1.0,0.01993517325957891,15372,,33.883331000652106,0.19.0+b012259,
CP-R_TEST_01_Q02-S-10MM-POS-PCL,R_TEST_01,Rich,R_TEST_01_Q02,pcl,/home/lj/zero_perturbation_runtime/real_data/mid360_two_scene_pilot_v1/canonical_sources/R_TEST_01_Q02/source_points.npy,58d3d3263669758becf1d84c2ddcd407eadff022434e3c2a2f7e887e4d9b0a81,e233190c9450f497a5343feaf2b90fd5a0928e0593f04b7361ff175e65104eb7,/home/lj/zero_perturbation_runtime/real_data/mid360_two_scene_pilot_v1/target_maps/R_TEST_01/target_points.npy,43c6f299b5b24d220e6ee1a5ad8395ebb1380f992ff4fe207f822e25c92a65f7,d08c60b22a7dc3f1345b9401225fec550da80c4f7025bb8a198065f0dbe75b59,6a1ebdee6b34390f1430eab371e1c4108db1f124b59b7239d74785efa6474af9,0.25529579402819513,0.2944313204890375,0.45027288548276734,1.763730135847983,0.9719907647526036,strong,0.09541572717285077,0.9942327348519906,-0.048960269166003365,lambda_max,TARGET_FRAME,1,0.01,0.0009541572717285077,0.009942327348519906,-0.0004896026916600336,"[[1.0,0.0,0.0,0.0],[0.0,1.0,0.0,0.0],[0.0,0.0,1.0,0.0],[0.0,0.0,0.0,1.0]]","[[1.0,0.0,0.0,0.0009541572717285077],[0.0,1.0,0.0,0.009942327348519906],[0.0,0.0,1.0,-0.0004896026916600336],[0.0,0.0,0.0,1.0]]",source/query_to_target/map,LEFT: T_initial=Delta_T@T_star,true,true,false,false,true,true,ASSUMED_METERS_FROM_SCALE,"[[1.0,-0.00013578070502262563,-0.00017750609549693763,0.0002757265174295753],[0.00013573571050073951,0.9999999403953552,-0.0002533895312808454,0.0005084533477202058],[0.0001775404962245375,0.0002533654624130577,0.9999999403953552,-0.00037276852526701987],[0.0,0.0,0.0,1.0]]",0.01,0.000688117935132834,0.0,0.019357578433330472,0.0002757265174295753,0.0005084533477202058,-0.00037276852526701987,0.9311882064867166,true,true,true,0.000397307518533235,,15372,5,1035.6737,1.15.1,
CP-R_TEST_01_Q02-S-10MM-NEG-O3D,R_TEST_01,Rich,R_TEST_01_Q02,open3d,/home/lj/zero_perturbation_runtime/real_data/mid360_two_scene_pilot_v1/canonical_sources/R_TEST_01_Q02/source_points.npy,58d3d3263669758becf1d84c2ddcd407eadff022434e3c2a2f7e887e4d9b0a81,e233190c9450f497a5343feaf2b90fd5a0928e0593f04b7361ff175e65104eb7,/home/lj/zero_perturbation_runtime/real_data/mid360_two_scene_pilot_v1/target_maps/R_TEST_01/target_points.npy,43c6f299b5b24d220e6ee1a5ad8395ebb1380f992ff4fe207f822e25c92a65f7,d08c60b22a7dc3f1345b9401225fec550da80c4f7025bb8a198065f0dbe75b59,6a1ebdee6b34390f1430eab371e1c4108db1f124b59b7239d74785efa6474af9,0.25529579402819513,0.2944313204890375,0.45027288548276734,1.763730135847983,0.9719907647526036,strong,0.09541572717285077,0.9942327348519906,-0.048960269166003365,lambda_max,TARGET_FRAME,-1,0.01,-0.0009541572717285077,-0.009942327348519906,0.0004896026916600336,"[[1.0,0.0,0.0,0.0],[0.0,1.0,0.0,0.0],[0.0,0.0,1.0,0.0],[0.0,0.0,0.0,1.0]]","[[1.0,0.0,0.0,-0.0009541572717285077],[0.0,1.0,0.0,-0.009942327348519906],[0.0,0.0,1.0,0.0004896026916600336],[0.0,0.0,0.0,1.0]]",source/query_to_target/map,LEFT: T_initial=Delta_T@T_star,true,true,false,false,true,true,ASSUMED_METERS_FROM_SCALE,"[[0.999999993796657,-6.96613952105473e-05,-8.691360857007685e-05,0.00018854623914714807],[6.964082047940773e-05,0.9999999695600214,-0.00023670680567757364,0.00042738580980233317],[8.693009525076784e-05,0.00023670075147418822,0.9999999682079559,-0.0004112768334902486],[0.0,0.0,0.0,1.0]]",0.01,0.0006223800675493194,0.0,0.014988664132735375,0.00018854623914714807,0.00042738580980233317,-0.0004112768334902486,0.937761993245068,true,true,true,1.0,0.019935184493511972,15372,,74.4225730004473,0.19.0+b012259,
CP-R_TEST_01_Q02-S-10MM-NEG-PCL,R_TEST_01,Rich,R_TEST_01_Q02,pcl,/home/lj/zero_perturbation_runtime/real_data/mid360_two_scene_pilot_v1/canonical_sources/R_TEST_01_Q02/source_points.npy,58d3d3263669758becf1d84c2ddcd407eadff022434e3c2a2f7e887e4d9b0a81,e233190c9450f497a5343feaf2b90fd5a0928e0593f04b7361ff175e65104eb7,/home/lj/zero_perturbation_runtime/real_data/mid360_two_scene_pilot_v1/target_maps/R_TEST_01/target_points.npy,43c6f299b5b24d220e6ee1a5ad8395ebb1380f992ff4fe207f822e25c92a65f7,d08c60b22a7dc3f1345b9401225fec550da80c4f7025bb8a198065f0dbe75b59,6a1ebdee6b34390f1430eab371e1c4108db1f124b59b7239d74785efa6474af9,0.25529579402819513,0.2944313204890375,0.45027288548276734,1.763730135847983,0.9719907647526036,strong,0.09541572717285077,0.9942327348519906,-0.048960269166003365,lambda_max,TARGET_FRAME,-1,0.01,-0.0009541572717285077,-0.009942327348519906,0.0004896026916600336,"[[1.0,0.0,0.0,0.0],[0.0,1.0,0.0,0.0],[0.0,0.0,1.0,0.0],[0.0,0.0,0.0,1.0]]","[[1.0,0.0,0.0,-0.0009541572717285077],[0.0,1.0,0.0,-0.009942327348519906],[0.0,0.0,1.0,0.0004896026916600336],[0.0,0.0,0.0,1.0]]",source/query_to_target/map,LEFT: T_initial=Delta_T@T_star,true,true,false,false,true,true,ASSUMED_METERS_FROM_SCALE,"[[1.0,-0.00013623281847685575,-0.00017908708832692355,0.00028402110910974443],[0.00013618810044135898,1.0,-0.00024972864775918424,0.0005012060282751918],[0.00017912108160089701,0.00024970422964543104,1.0,-0.00036589300725609064],[0.0,0.0,0.0,1.0]]",0.01,0.0006824611094840697,0.0,0.019259382693629503,0.00028402110910974443,0.0005012060282751918,-0.00036589300725609064,0.9317538890515931,true,true,true,0.00039730664840669064,,15372,6,1058.501467,1.15.1,
CP-R_TEST_01_Q02-S-30MM-POS-O3D,R_TEST_01,Rich,R_TEST_01_Q02,open3d,/home/lj/zero_perturbation_runtime/real_data/mid360_two_scene_pilot_v1/canonical_sources/R_TEST_01_Q02/source_points.npy,58d3d3263669758becf1d84c2ddcd407eadff022434e3c2a2f7e887e4d9b0a81,e233190c9450f497a5343feaf2b90fd5a0928e0593f04b7361ff175e65104eb7,/home/lj/zero_perturbation_runtime/real_data/mid360_two_scene_pilot_v1/target_maps/R_TEST_01/target_points.npy,43c6f299b5b24d220e6ee1a5ad8395ebb1380f992ff4fe207f822e25c92a65f7,d08c60b22a7dc3f1345b9401225fec550da80c4f7025bb8a198065f0dbe75b59,6a1ebdee6b34390f1430eab371e1c4108db1f124b59b7239d74785efa6474af9,0.25529579402819513,0.2944313204890375,0.45027288548276734,1.763730135847983,0.9719907647526036,strong,0.09541572717285077,0.9942327348519906,-0.048960269166003365,lambda_max,TARGET_FRAME,1,0.03,0.002862471815185523,0.029826982045559718,-0.001468808074980101,"[[1.0,0.0,0.0,0.0],[0.0,1.0,0.0,0.0],[0.0,0.0,1.0,0.0],[0.0,0.0,0.0,1.0]]","[[1.0,0.0,0.0,0.002862471815185523],[0.0,1.0,0.0,0.029826982045559718],[0.0,0.0,1.0,-0.001468808074980101],[0.0,0.0,0.0,1.0]]",source/query_to_target/map,LEFT: T_initial=Delta_T@T_star,true,true,false,false,true,true,ASSUMED_METERS_FROM_SCALE,"[[0.9999999936811097,-6.947262749840532e-05,-8.838175610075332e-05,0.0001843650429966224],[6.94514579230033e-05,0.9999999689069743,-0.00023950479236744724,0.0004277146622766934],[8.83983923799213e-05,0.0002394986526122276,0.9999999674130592,-0.0004120552988098965],[0.0,0.0,0.0,1.0]]",0.030000000000000002,0.0006218680492539599,0.0,0.01515891464692085,0.0001843650429966224,0.0004277146622766934,-0.0004120552988098965,0.979271065024868,true,true,true,1.0,0.019935173259578897,15372,,48.534425999605446,0.19.0+b012259,
CP-R_TEST_01_Q02-S-30MM-POS-PCL,R_TEST_01,Rich,R_TEST_01_Q02,pcl,/home/lj/zero_perturbation_runtime/real_data/mid360_two_scene_pilot_v1/canonical_sources/R_TEST_01_Q02/source_points.npy,58d3d3263669758becf1d84c2ddcd407eadff022434e3c2a2f7e887e4d9b0a81,e233190c9450f497a5343feaf2b90fd5a0928e0593f04b7361ff175e65104eb7,/home/lj/zero_perturbation_runtime/real_data/mid360_two_scene_pilot_v1/target_maps/R_TEST_01/target_points.npy,43c6f299b5b24d220e6ee1a5ad8395ebb1380f992ff4fe207f822e25c92a65f7,d08c60b22a7dc3f1345b9401225fec550da80c4f7025bb8a198065f0dbe75b59,6a1ebdee6b34390f1430eab371e1c4108db1f124b59b7239d74785efa6474af9,0.25529579402819513,0.2944313204890375,0.45027288548276734,1.763730135847983,0.9719907647526036,strong,0.09541572717285077,0.9942327348519906,-0.048960269166003365,lambda_max,TARGET_FRAME,1,0.03,0.002862471815185523,0.029826982045559718,-0.001468808074980101,"[[1.0,0.0,0.0,0.0],[0.0,1.0,0.0,0.0],[0.0,0.0,1.0,0.0],[0.0,0.0,0.0,1.0]]","[[1.0,0.0,0.0,0.002862471815185523],[0.0,1.0,0.0,0.029826982045559718],[0.0,0.0,1.0,-0.001468808074980101],[0.0,0.0,0.0,1.0]]",source/query_to_target/map,LEFT: T_initial=Delta_T@T_star,true,true,false,false,true,true,ASSUMED_METERS_FROM_SCALE,"[[0.9999999403953552,-0.00013565924018621445,-0.0001775710261426866,0.0002782013325486332],[0.00013561420200858265,0.9999999403953552,-0.000253658858127892,0.0005049812607467175],[0.000177605397766456,0.00025363476015627384,0.9999999403953552,-0.0003730955650098622],[0.0,0.0,0.0,1.0]]",0.030000000000000002,0.0006867331037362388,0.0,0.019368313106575573,0.0002782013325486332,0.0005049812607467175,-0.0003730955650098622,0.9771088965421254,true,true,true,0.0003973093330574904,,15372,6,1047.594981,1.15.1,
CP-R_TEST_01_Q02-S-30MM-NEG-O3D,R_TEST_01,Rich,R_TEST_01_Q02,open3d,/home/lj/zero_perturbation_runtime/real_data/mid360_two_scene_pilot_v1/canonical_sources/R_TEST_01_Q02/source_points.npy,58d3d3263669758becf1d84c2ddcd407eadff022434e3c2a2f7e887e4d9b0a81,e233190c9450f497a5343feaf2b90fd5a0928e0593f04b7361ff175e65104eb7,/home/lj/zero_perturbation_runtime/real_data/mid360_two_scene_pilot_v1/target_maps/R_TEST_01/target_points.npy,43c6f299b5b24d220e6ee1a5ad8395ebb1380f992ff4fe207f822e25c92a65f7,d08c60b22a7dc3f1345b9401225fec550da80c4f7025bb8a198065f0dbe75b59,6a1ebdee6b34390f1430eab371e1c4108db1f124b59b7239d74785efa6474af9,0.25529579402819513,0.2944313204890375,0.45027288548276734,1.763730135847983,0.9719907647526036,strong,0.09541572717285077,0.9942327348519906,-0.048960269166003365,lambda_max,TARGET_FRAME,-1,0.03,-0.002862471815185523,-0.029826982045559718,0.001468808074980101,"[[1.0,0.0,0.0,0.0],[0.0,1.0,0.0,0.0],[0.0,0.0,1.0,0.0],[0.0,0.0,0.0,1.0]]","[[1.0,0.0,0.0,-0.002862471815185523],[0.0,1.0,0.0,-0.029826982045559718],[0.0,0.0,1.0,0.001468808074980101],[0.0,0.0,0.0,1.0]]",source/query_to_target/map,LEFT: T_initial=Delta_T@T_star,true,true,false,false,true,true,ASSUMED_METERS_FROM_SCALE,"[[0.9999999936811097,-6.94726274985456e-05,-8.838175610085697e-05,0.0001843650429964759],[6.94514579231435e-05,0.9999999689069741,-0.00023950479236826616,0.0004277146622776596],[8.839839238002511e-05,0.00023949865261304663,0.9999999674130593,-0.0004120552988113632],[0.0,0.0,0.0,1.0]]",0.030000000000000002,0.0006218680492555528,0.0,0.015158914646982533,0.0001843650429964759,0.0004277146622776596,-0.0004120552988113632,0.9792710650248149,true,true,true,1.0,0.019935173259578925,15372,,41.009112000210735,0.19.0+b012259,
CP-R_TEST_01_Q02-S-30MM-NEG-PCL,R_TEST_01,Rich,R_TEST_01_Q02,pcl,/home/lj/zero_perturbation_runtime/real_data/mid360_two_scene_pilot_v1/canonical_sources/R_TEST_01_Q02/source_points.npy,58d3d3263669758becf1d84c2ddcd407eadff022434e3c2a2f7e887e4d9b0a81,e233190c9450f497a5343feaf2b90fd5a0928e0593f04b7361ff175e65104eb7,/home/lj/zero_perturbation_runtime/real_data/mid360_two_scene_pilot_v1/target_maps/R_TEST_01/target_points.npy,43c6f299b5b24d220e6ee1a5ad8395ebb1380f992ff4fe207f822e25c92a65f7,d08c60b22a7dc3f1345b9401225fec550da80c4f7025bb8a198065f0dbe75b59,6a1ebdee6b34390f1430eab371e1c4108db1f124b59b7239d74785efa6474af9,0.25529579402819513,0.2944313204890375,0.45027288548276734,1.763730135847983,0.9719907647526036,strong,0.09541572717285077,0.9942327348519906,-0.048960269166003365,lambda_max,TARGET_FRAME,-1,0.03,-0.002862471815185523,-0.029826982045559718,0.001468808074980101,"[[1.0,0.0,0.0,0.0],[0.0,1.0,0.0,0.0],[0.0,0.0,1.0,0.0],[0.0,0.0,0.0,1.0]]","[[1.0,0.0,0.0,-0.002862471815185523],[0.0,1.0,0.0,-0.029826982045559718],[0.0,0.0,1.0,0.001468808074980101],[0.0,0.0,0.0,1.0]]",source/query_to_target/map,LEFT: T_initial=Delta_T@T_star,true,true,false,false,true,true,ASSUMED_METERS_FROM_SCALE,"[[1.0,-0.00013596219650935382,-0.00017765036318451166,0.0002757844631560147],[0.00013591728929895908,0.9999999403953552,-0.0002528380136936903,0.0005056221270933747],[0.00017768472025636584,0.0002528138575144112,1.0,-0.0003750657197088003],[0.0,0.0,0.0,1.0]]",0.030000000000000002,0.0006873027714372759,0.0,0.019342424053706633,0.0002757844631560147,0.0005056221270933747,-0.0003750657197088003,0.9770899076187575,true,true,true,0.00039730853199805544,,15372,7,1060.366173,1.15.1,
CP-R_TEST_01_Q02-S-50MM-POS-O3D,R_TEST_01,Rich,R_TEST_01_Q02,open3d,/home/lj/zero_perturbation_runtime/real_data/mid360_two_scene_pilot_v1/canonical_sources/R_TEST_01_Q02/source_points.npy,58d3d3263669758becf1d84c2ddcd407eadff022434e3c2a2f7e887e4d9b0a81,e233190c9450f497a5343feaf2b90fd5a0928e0593f04b7361ff175e65104eb7,/home/lj/zero_perturbation_runtime/real_data/mid360_two_scene_pilot_v1/target_maps/R_TEST_01/target_points.npy,43c6f299b5b24d220e6ee1a5ad8395ebb1380f992ff4fe207f822e25c92a65f7,d08c60b22a7dc3f1345b9401225fec550da80c4f7025bb8a198065f0dbe75b59,6a1ebdee6b34390f1430eab371e1c4108db1f124b59b7239d74785efa6474af9,0.25529579402819513,0.2944313204890375,0.45027288548276734,1.763730135847983,0.9719907647526036,strong,0.09541572717285077,0.9942327348519906,-0.048960269166003365,lambda_max,TARGET_FRAME,1,0.05,0.004770786358642538,0.049711636742599534,-0.0024480134583001684,"[[1.0,0.0,0.0,0.0],[0.0,1.0,0.0,0.0],[0.0,0.0,1.0,0.0],[0.0,0.0,0.0,1.0]]","[[1.0,0.0,0.0,0.004770786358642538],[0.0,1.0,0.0,0.049711636742599534],[0.0,0.0,1.0,-0.0024480134583001684],[0.0,0.0,0.0,1.0]]",source/query_to_target/map,LEFT: T_initial=Delta_T@T_star,true,true,false,false,true,true,ASSUMED_METERS_FROM_SCALE,"[[0.9999999937762936,-7.05436322071569e-05,-8.64349956883872e-05,0.00018077322120769283],[7.05232111010039e-05,0.999999969608575,-0.00023623997415240508,0.00042533189687449035],[8.645165828735376e-05,0.00023623387700866925,0.9999999683598326,-0.0004105607639490286],[0.0,0.0,0.0,1.0]]",0.05,0.0006181798451090649,0.0,0.014968932115854495,0.00018077322120769283,0.00042533189687449035,-0.0004105607639490286,0.9876364030978187,true,true,true,1.0,0.019935044327417106,15372,,37.26888900018821,0.19.0+b012259,
CP-R_TEST_01_Q02-S-50MM-POS-PCL,R_TEST_01,Rich,R_TEST_01_Q02,pcl,/home/lj/zero_perturbation_runtime/real_data/mid360_two_scene_pilot_v1/canonical_sources/R_TEST_01_Q02/source_points.npy,58d3d3263669758becf1d84c2ddcd407eadff022434e3c2a2f7e887e4d9b0a81,e233190c9450f497a5343feaf2b90fd5a0928e0593f04b7361ff175e65104eb7,/home/lj/zero_perturbation_runtime/real_data/mid360_two_scene_pilot_v1/target_maps/R_TEST_01/target_points.npy,43c6f299b5b24d220e6ee1a5ad8395ebb1380f992ff4fe207f822e25c92a65f7,d08c60b22a7dc3f1345b9401225fec550da80c4f7025bb8a198065f0dbe75b59,6a1ebdee6b34390f1430eab371e1c4108db1f124b59b7239d74785efa6474af9,0.25529579402819513,0.2944313204890375,0.45027288548276734,1.763730135847983,0.9719907647526036,strong,0.09541572717285077,0.9942327348519906,-0.048960269166003365,lambda_max,TARGET_FRAME,1,0.05,0.004770786358642538,0.049711636742599534,-0.0024480134583001684,"[[1.0,0.0,0.0,0.0],[0.0,1.0,0.0,0.0],[0.0,0.0,1.0,0.0],[0.0,0.0,0.0,1.0]]","[[1.0,0.0,0.0,0.004770786358642538],[0.0,1.0,0.0,0.049711636742599534],[0.0,0.0,1.0,-0.0024480134583001684],[0.0,0.0,0.0,1.0]]",source/query_to_target/map,LEFT: T_initial=Delta_T@T_star,true,true,false,false,true,true,ASSUMED_METERS_FROM_SCALE,"[[1.0,-0.0001357064174953848,-0.0001805237989174202,0.0002757806214503944],[0.00013565995323006064,0.9999999403953552,-0.00025750603526830673,0.000512023048941046],[0.0001805587235139683,0.00025748152984306216,1.0,-0.00037419036380015314],[0.0,0.0,0.0,1.0]]",0.05,0.0006915496960995222,0.0,0.019623961038275753,0.0002757806214503944,0.000512023048941046,-0.00037419036380015314,0.9861690060780095,true,true,true,0.0003973098281339564,,15372,8,1080.491714,1.15.1,
CP-R_TEST_01_Q02-S-50MM-NEG-O3D,R_TEST_01,Rich,R_TEST_01_Q02,open3d,/home/lj/zero_perturbation_runtime/real_data/mid360_two_scene_pilot_v1/canonical_sources/R_TEST_01_Q02/source_points.npy,58d3d3263669758becf1d84c2ddcd407eadff022434e3c2a2f7e887e4d9b0a81,e233190c9450f497a5343feaf2b90fd5a0928e0593f04b7361ff175e65104eb7,/home/lj/zero_perturbation_runtime/real_data/mid360_two_scene_pilot_v1/target_maps/R_TEST_01/target_points.npy,43c6f299b5b24d220e6ee1a5ad8395ebb1380f992ff4fe207f822e25c92a65f7,d08c60b22a7dc3f1345b9401225fec550da80c4f7025bb8a198065f0dbe75b59,6a1ebdee6b34390f1430eab371e1c4108db1f124b59b7239d74785efa6474af9,0.25529579402819513,0.2944313204890375,0.45027288548276734,1.763730135847983,0.9719907647526036,strong,0.09541572717285077,0.9942327348519906,-0.048960269166003365,lambda_max,TARGET_FRAME,-1,0.05,-0.004770786358642538,-0.049711636742599534,0.0024480134583001684,"[[1.0,0.0,0.0,0.0],[0.0,1.0,0.0,0.0],[0.0,0.0,1.0,0.0],[0.0,0.0,0.0,1.0]]","[[1.0,0.0,0.0,-0.004770786358642538],[0.0,1.0,0.0,-0.049711636742599534],[0.0,0.0,1.0,0.0024480134583001684],[0.0,0.0,0.0,1.0]]",source/query_to_target/map,LEFT: T_initial=Delta_T@T_star,true,true,false,false,true,true,ASSUMED_METERS_FROM_SCALE,"[[0.9999999939337618,-6.614152862675992e-05,-8.807822939095585e-05,0.0001781686299477361],[6.612088173413156e-05,0.9999999703428792,-0.00023439767475954776,0.00042089498252840526],[8.80937301993243e-05,0.00023439184952744668,0.9999999686499773,-0.0004039026848462107],[0.0,0.0,0.0,1.0]]",0.05,0.0006099459204232924,0.0,0.014838764263078752,0.0001781686299477361,0.00042089498252840526,-0.0004039026848462107,0.9878010815915341,true,true,true,1.0,0.019935119560342475,15372,,41.26388900021993,0.19.0+b012259,
CP-R_TEST_01_Q02-S-50MM-NEG-PCL,R_TEST_01,Rich,R_TEST_01_Q02,pcl,/home/lj/zero_perturbation_runtime/real_data/mid360_two_scene_pilot_v1/canonical_sources/R_TEST_01_Q02/source_points.npy,58d3d3263669758becf1d84c2ddcd407eadff022434e3c2a2f7e887e4d9b0a81,e233190c9450f497a5343feaf2b90fd5a0928e0593f04b7361ff175e65104eb7,/home/lj/zero_perturbation_runtime/real_data/mid360_two_scene_pilot_v1/target_maps/R_TEST_01/target_points.npy,43c6f299b5b24d220e6ee1a5ad8395ebb1380f992ff4fe207f822e25c92a65f7,d08c60b22a7dc3f1345b9401225fec550da80c4f7025bb8a198065f0dbe75b59,6a1ebdee6b34390f1430eab371e1c4108db1f124b59b7239d74785efa6474af9,0.25529579402819513,0.2944313204890375,0.45027288548276734,1.763730135847983,0.9719907647526036,strong,0.09541572717285077,0.9942327348519906,-0.048960269166003365,lambda_max,TARGET_FRAME,-1,0.05,-0.004770786358642538,-0.049711636742599534,0.0024480134583001684,"[[1.0,0.0,0.0,0.0],[0.0,1.0,0.0,0.0],[0.0,0.0,1.0,0.0],[0.0,0.0,0.0,1.0]]","[[1.0,0.0,0.0,-0.004770786358642538],[0.0,1.0,0.0,-0.049711636742599534],[0.0,0.0,1.0,0.0024480134583001684],[0.0,0.0,0.0,1.0]]",source/query_to_target/map,LEFT: T_initial=Delta_T@T_star,true,true,false,false,true,true,ASSUMED_METERS_FROM_SCALE,"[[1.0,-0.00013596456847153604,-0.0001776457211235538,0.0002758001792244613],[0.00013591964670922607,1.0,-0.0002528298646211624,0.0005057128146290779],[0.00017768010729923844,0.0002528057084418833,1.0,-0.00037487203371711075],[0.0,0.0,0.0,1.0]]",0.05,0.000687270129864169,0.0,0.019341988985853698,0.0002758001792244613,0.0005057128146290779,-0.00037487203371711075,0.9862545974027166,true,true,true,0.0003973084214643708,,15372,8,1076.043656,1.15.1,
CP-R_TEST_01_Q03-W-10MM-POS-O3D,R_TEST_01,Rich,R_TEST_01_Q03,open3d,/home/lj/zero_perturbation_runtime/real_data/mid360_two_scene_pilot_v1/canonical_sources/R_TEST_01_Q03/source_points.npy,6bb6e40b1252f6a44aad71bb316e7cc3b2020164cc2d7522e24cd2d014446801,8950f5b17ff80e6952baf368df81921325fd897ed735daac6cf06bbd28a5866d,/home/lj/zero_perturbation_runtime/real_data/mid360_two_scene_pilot_v1/target_maps/R_TEST_01/target_points.npy,43c6f299b5b24d220e6ee1a5ad8395ebb1380f992ff4fe207f822e25c92a65f7,d08c60b22a7dc3f1345b9401225fec550da80c4f7025bb8a198065f0dbe75b59,6a1ebdee6b34390f1430eab371e1c4108db1f124b59b7239d74785efa6474af9,0.2535039833280639,0.2937445333464529,0.4527514833254835,1.7859738430207226,0.9707870686256072,weak,0.9901793197255586,-0.10395255779939754,-0.09348144476201198,lambda_min,TARGET_FRAME,1,0.01,0.009901793197255586,-0.0010395255779939753,-0.0009348144476201197,"[[1.0,0.0,0.0,0.0],[0.0,1.0,0.0,0.0],[0.0,0.0,1.0,0.0],[0.0,0.0,0.0,1.0]]","[[1.0,0.0,0.0,0.009901793197255586],[0.0,1.0,0.0,-0.0010395255779939753],[0.0,0.0,1.0,-0.0009348144476201197],[0.0,0.0,0.0,1.0]]",source/query_to_target/map,LEFT: T_initial=Delta_T@T_star,true,true,false,false,true,true,ASSUMED_METERS_FROM_SCALE,"[[0.9999999868158288,-4.213599385793256e-05,-0.00015682123714410768,0.0005353870632625959],[4.2100159861347027e-05,0.99999997300801,-0.00022849847992220502,0.0002797107975854179],[0.00015683086092173698,0.00022849187471048852,0.9999999615977716,0.00014945435112133606],[0.0,0.0,0.0,1.0]]",0.01,0.0006222652496033482,0.0,0.016061059685442206,0.0005353870632625959,0.0002797107975854179,0.00014945435112133606,0.9377734750396651,true,true,true,1.0,0.019729437361305877,15372,,43.31954200006294,0.19.0+b012259,
CP-R_TEST_01_Q03-W-10MM-POS-PCL,R_TEST_01,Rich,R_TEST_01_Q03,pcl,/home/lj/zero_perturbation_runtime/real_data/mid360_two_scene_pilot_v1/canonical_sources/R_TEST_01_Q03/source_points.npy,6bb6e40b1252f6a44aad71bb316e7cc3b2020164cc2d7522e24cd2d014446801,8950f5b17ff80e6952baf368df81921325fd897ed735daac6cf06bbd28a5866d,/home/lj/zero_perturbation_runtime/real_data/mid360_two_scene_pilot_v1/target_maps/R_TEST_01/target_points.npy,43c6f299b5b24d220e6ee1a5ad8395ebb1380f992ff4fe207f822e25c92a65f7,d08c60b22a7dc3f1345b9401225fec550da80c4f7025bb8a198065f0dbe75b59,6a1ebdee6b34390f1430eab371e1c4108db1f124b59b7239d74785efa6474af9,0.2535039833280639,0.2937445333464529,0.4527514833254835,1.7859738430207226,0.9707870686256072,weak,0.9901793197255586,-0.10395255779939754,-0.09348144476201198,lambda_min,TARGET_FRAME,1,0.01,0.009901793197255586,-0.0010395255779939753,-0.0009348144476201197,"[[1.0,0.0,0.0,0.0],[0.0,1.0,0.0,0.0],[0.0,0.0,1.0,0.0],[0.0,0.0,0.0,1.0]]","[[1.0,0.0,0.0,0.009901793197255586],[0.0,1.0,0.0,-0.0010395255779939753],[0.0,0.0,1.0,-0.0009348144476201197],[0.0,0.0,0.0,1.0]]",source/query_to_target/map,LEFT: T_initial=Delta_T@T_star,true,true,false,false,true,true,ASSUMED_METERS_FROM_SCALE,"[[1.0,-7.878514225012623e-06,-0.00024216326710302383,0.0005993332015350461],[7.772724529786501e-06,1.0,-0.0004368241352494806,0.00044093315955251455],[0.00024216665769927204,0.00043682230170816183,0.9999998807907104,8.694629650563002e-05],[0.0,0.0,0.0,1.0]]",0.01,0.0007491208154438484,0.0,0.028620353519387878,0.0005993332015350461,0.00044093315955251455,8.694629650563002e-05,0.9250879184556151,true,true,true,0.000389483272294815,,15372,8,1077.964665,1.15.1,
CP-R_TEST_01_Q03-W-10MM-NEG-O3D,R_TEST_01,Rich,R_TEST_01_Q03,open3d,/home/lj/zero_perturbation_runtime/real_data/mid360_two_scene_pilot_v1/canonical_sources/R_TEST_01_Q03/source_points.npy,6bb6e40b1252f6a44aad71bb316e7cc3b2020164cc2d7522e24cd2d014446801,8950f5b17ff80e6952baf368df81921325fd897ed735daac6cf06bbd28a5866d,/home/lj/zero_perturbation_runtime/real_data/mid360_two_scene_pilot_v1/target_maps/R_TEST_01/target_points.npy,43c6f299b5b24d220e6ee1a5ad8395ebb1380f992ff4fe207f822e25c92a65f7,d08c60b22a7dc3f1345b9401225fec550da80c4f7025bb8a198065f0dbe75b59,6a1ebdee6b34390f1430eab371e1c4108db1f124b59b7239d74785efa6474af9,0.2535039833280639,0.2937445333464529,0.4527514833254835,1.7859738430207226,0.9707870686256072,weak,0.9901793197255586,-0.10395255779939754,-0.09348144476201198,lambda_min,TARGET_FRAME,-1,0.01,-0.009901793197255586,0.0010395255779939753,0.0009348144476201197,"[[1.0,0.0,0.0,0.0],[0.0,1.0,0.0,0.0],[0.0,0.0,1.0,0.0],[0.0,0.0,0.0,1.0]]","[[1.0,0.0,0.0,-0.009901793197255586],[0.0,1.0,0.0,0.0010395255779939753],[0.0,0.0,1.0,0.0009348144476201197],[0.0,0.0,0.0,1.0]]",source/query_to_target/map,LEFT: T_initial=Delta_T@T_star,true,true,false,false,true,true,ASSUMED_METERS_FROM_SCALE,"[[0.9999999898746559,-6.653349396748236e-05,-0.00012579341189580066,0.000513284543348076],[6.651425412296623e-05,0.9999999860916955,-0.00015294594794636545,0.0002254233940659985],[0.0001258035861745327,0.00015293757934276925,0.9999999803917771,0.00014370696225432498],[0.0,0.0,0.0,1.0]]",0.01,0.0005787300061623238,0.0,0.011969453376447907,0.000513284543348076,0.0002254233940659985,0.00014370696225432498,0.9421269993837676,true,true,true,1.0,0.019728506976389792,15372,,33.494276000055834,0.19.0+b012259,
CP-R_TEST_01_Q03-W-10MM-NEG-PCL,R_TEST_01,Rich,R_TEST_01_Q03,pcl,/home/lj/zero_perturbation_runtime/real_data/mid360_two_scene_pilot_v1/canonical_sources/R_TEST_01_Q03/source_points.npy,6bb6e40b1252f6a44aad71bb316e7cc3b2020164cc2d7522e24cd2d014446801,8950f5b17ff80e6952baf368df81921325fd897ed735daac6cf06bbd28a5866d,/home/lj/zero_perturbation_runtime/real_data/mid360_two_scene_pilot_v1/target_maps/R_TEST_01/target_points.npy,43c6f299b5b24d220e6ee1a5ad8395ebb1380f992ff4fe207f822e25c92a65f7,d08c60b22a7dc3f1345b9401225fec550da80c4f7025bb8a198065f0dbe75b59,6a1ebdee6b34390f1430eab371e1c4108db1f124b59b7239d74785efa6474af9,0.2535039833280639,0.2937445333464529,0.4527514833254835,1.7859738430207226,0.9707870686256072,weak,0.9901793197255586,-0.10395255779939754,-0.09348144476201198,lambda_min,TARGET_FRAME,-1,0.01,-0.009901793197255586,0.0010395255779939753,0.0009348144476201197,"[[1.0,0.0,0.0,0.0],[0.0,1.0,0.0,0.0],[0.0,0.0,1.0,0.0],[0.0,0.0,0.0,1.0]]","[[1.0,0.0,0.0,-0.009901793197255586],[0.0,1.0,0.0,0.0010395255779939753],[0.0,0.0,1.0,0.0009348144476201197],[0.0,0.0,0.0,1.0]]",source/query_to_target/map,LEFT: T_initial=Delta_T@T_star,true,true,false,false,true,true,ASSUMED_METERS_FROM_SCALE,"[[1.0,-7.563576673419448e-06,-0.00024262358783744276,0.0005963559378869832],[7.457357241946738e-06,0.9999999403953552,-0.00043779105180874467,0.00044387602247297764],[0.0002426268911221996,0.00043778924737125635,0.9999999403953552,8.845351112540811e-05],[0.0,0.0,0.0,1.0]]",0.01,0.000748659035616286,0.0,0.028681309502294965,0.0005963559378869832,0.00044387602247297764,8.845351112540811e-05,0.9251340964383714,true,true,true,0.0003894843572116632,,15372,7,1068.766981,1.15.1,
CP-R_TEST_01_Q03-W-30MM-POS-O3D,R_TEST_01,Rich,R_TEST_01_Q03,open3d,/home/lj/zero_perturbation_runtime/real_data/mid360_two_scene_pilot_v1/canonical_sources/R_TEST_01_Q03/source_points.npy,6bb6e40b1252f6a44aad71bb316e7cc3b2020164cc2d7522e24cd2d014446801,8950f5b17ff80e6952baf368df81921325fd897ed735daac6cf06bbd28a5866d,/home/lj/zero_perturbation_runtime/real_data/mid360_two_scene_pilot_v1/target_maps/R_TEST_01/target_points.npy,43c6f299b5b24d220e6ee1a5ad8395ebb1380f992ff4fe207f822e25c92a65f7,d08c60b22a7dc3f1345b9401225fec550da80c4f7025bb8a198065f0dbe75b59,6a1ebdee6b34390f1430eab371e1c4108db1f124b59b7239d74785efa6474af9,0.2535039833280639,0.2937445333464529,0.4527514833254835,1.7859738430207226,0.9707870686256072,weak,0.9901793197255586,-0.10395255779939754,-0.09348144476201198,lambda_min,TARGET_FRAME,1,0.03,0.029705379591766758,-0.003118576733981926,-0.0028044433428603592,"[[1.0,0.0,0.0,0.0],[0.0,1.0,0.0,0.0],[0.0,0.0,1.0,0.0],[0.0,0.0,0.0,1.0]]","[[1.0,0.0,0.0,0.029705379591766758],[0.0,1.0,0.0,-0.003118576733981926],[0.0,0.0,1.0,-0.0028044433428603592],[0.0,0.0,0.0,1.0]]",source/query_to_target/map,LEFT: T_initial=Delta_T@T_star,true,true,false,false,true,true,ASSUMED_METERS_FROM_SCALE,"[[0.9999999868158281,-4.21359943118102e-05,-0.0001568212406511309,0.000535387065806494],[4.2100160313971056e-05,0.9999999730080095,-0.00022849848280603505,0.00027971080040445074],[0.00015683086442898526,0.00022849187759409979,0.9999999615977702,0.00014945435019479125],[0.0,0.0,0.0,1.0]]",0.030000000000000002,0.0006222652528367086,0.0,0.01606105993643203,0.000535387065806494,0.00027971080040445074,0.00014945435019479125,0.979257824905443,true,true,true,1.0,0.019729437361388474,15372,,37.25191899957281,0.19.0+b012259,
CP-R_TEST_01_Q03-W-30MM-POS-PCL,R_TEST_01,Rich,R_TEST_01_Q03,pcl,/home/lj/zero_perturbation_runtime/real_data/mid360_two_scene_pilot_v1/canonical_sources/R_TEST_01_Q03/source_points.npy,6bb6e40b1252f6a44aad71bb316e7cc3b2020164cc2d7522e24cd2d014446801,8950f5b17ff80e6952baf368df81921325fd897ed735daac6cf06bbd28a5866d,/home/lj/zero_perturbation_runtime/real_data/mid360_two_scene_pilot_v1/target_maps/R_TEST_01/target_points.npy,43c6f299b5b24d220e6ee1a5ad8395ebb1380f992ff4fe207f822e25c92a65f7,d08c60b22a7dc3f1345b9401225fec550da80c4f7025bb8a198065f0dbe75b59,6a1ebdee6b34390f1430eab371e1c4108db1f124b59b7239d74785efa6474af9,0.2535039833280639,0.2937445333464529,0.4527514833254835,1.7859738430207226,0.9707870686256072,weak,0.9901793197255586,-0.10395255779939754,-0.09348144476201198,lambda_min,TARGET_FRAME,1,0.03,0.029705379591766758,-0.003118576733981926,-0.0028044433428603592,"[[1.0,0.0,0.0,0.0],[0.0,1.0,0.0,0.0],[0.0,0.0,1.0,0.0],[0.0,0.0,0.0,1.0]]","[[1.0,0.0,0.0,0.029705379591766758],[0.0,1.0,0.0,-0.003118576733981926],[0.0,0.0,1.0,-0.0028044433428603592],[0.0,0.0,0.0,1.0]]",source/query_to_target/map,LEFT: T_initial=Delta_T@T_star,true,true,false,false,true,true,ASSUMED_METERS_FROM_SCALE,"[[1.0,-7.87462431617314e-06,-0.0002421731041977182,0.0005994390812702477],[7.768836439936422e-06,1.0,-0.00043682180694304407,0.0004409235261846334],[0.00024217652389779687,0.0004368199151940644,0.9999999403953552,8.668992813909426e-05],[0.0,0.0,0.0,1.0]]",0.030000000000000002,0.0007491701487232196,0.0,0.028620504712324368,0.0005994390812702477,0.0004409235261846334,8.668992813909426e-05,0.9750276617092261,true,true,true,0.00038948337326527664,,15372,8,1151.13993,1.15.1,
CP-R_TEST_01_Q03-W-30MM-NEG-O3D,R_TEST_01,Rich,R_TEST_01_Q03,open3d,/home/lj/zero_perturbation_runtime/real_data/mid360_two_scene_pilot_v1/canonical_sources/R_TEST_01_Q03/source_points.npy,6bb6e40b1252f6a44aad71bb316e7cc3b2020164cc2d7522e24cd2d014446801,8950f5b17ff80e6952baf368df81921325fd897ed735daac6cf06bbd28a5866d,/home/lj/zero_perturbation_runtime/real_data/mid360_two_scene_pilot_v1/target_maps/R_TEST_01/target_points.npy,43c6f299b5b24d220e6ee1a5ad8395ebb1380f992ff4fe207f822e25c92a65f7,d08c60b22a7dc3f1345b9401225fec550da80c4f7025bb8a198065f0dbe75b59,6a1ebdee6b34390f1430eab371e1c4108db1f124b59b7239d74785efa6474af9,0.2535039833280639,0.2937445333464529,0.4527514833254835,1.7859738430207226,0.9707870686256072,weak,0.9901793197255586,-0.10395255779939754,-0.09348144476201198,lambda_min,TARGET_FRAME,-1,0.03,-0.029705379591766758,0.003118576733981926,0.0028044433428603592,"[[1.0,0.0,0.0,0.0],[0.0,1.0,0.0,0.0],[0.0,0.0,1.0,0.0],[0.0,0.0,0.0,1.0]]","[[1.0,0.0,0.0,-0.029705379591766758],[0.0,1.0,0.0,0.003118576733981926],[0.0,0.0,1.0,0.0028044433428603592],[0.0,0.0,0.0,1.0]]",source/query_to_target/map,LEFT: T_initial=Delta_T@T_star,true,true,false,false,true,true,ASSUMED_METERS_FROM_SCALE,"[[0.9999999898746557,-6.653349396749715e-05,-0.00012579341189581424,0.0005132845433486329],[6.651425412298095e-05,0.9999999860916957,-0.00015294594794638505,0.00022542339406610309],[0.0001258035861745463,0.00015293757934278877,0.9999999803917768,0.0001437069622542244],[0.0,0.0,0.0,1.0]]",0.030000000000000002,0.0005787300061628335,0.0,0.011969453376434675,0.0005132845433486329,0.00022542339406610309,0.0001437069622542244,0.9807089997945723,true,true,true,1.0,0.019728506976389806,15372,,38.737103000130446,0.19.0+b012259,
CP-R_TEST_01_Q03-W-30MM-NEG-PCL,R_TEST_01,Rich,R_TEST_01_Q03,pcl,/home/lj/zero_perturbation_runtime/real_data/mid360_two_scene_pilot_v1/canonical_sources/R_TEST_01_Q03/source_points.npy,6bb6e40b1252f6a44aad71bb316e7cc3b2020164cc2d7522e24cd2d014446801,8950f5b17ff80e6952baf368df81921325fd897ed735daac6cf06bbd28a5866d,/home/lj/zero_perturbation_runtime/real_data/mid360_two_scene_pilot_v1/target_maps/R_TEST_01/target_points.npy,43c6f299b5b24d220e6ee1a5ad8395ebb1380f992ff4fe207f822e25c92a65f7,d08c60b22a7dc3f1345b9401225fec550da80c4f7025bb8a198065f0dbe75b59,6a1ebdee6b34390f1430eab371e1c4108db1f124b59b7239d74785efa6474af9,0.2535039833280639,0.2937445333464529,0.4527514833254835,1.7859738430207226,0.9707870686256072,weak,0.9901793197255586,-0.10395255779939754,-0.09348144476201198,lambda_min,TARGET_FRAME,-1,0.03,-0.029705379591766758,0.003118576733981926,0.0028044433428603592,"[[1.0,0.0,0.0,0.0],[0.0,1.0,0.0,0.0],[0.0,0.0,1.0,0.0],[0.0,0.0,0.0,1.0]]","[[1.0,0.0,0.0,-0.029705379591766758],[0.0,1.0,0.0,0.003118576733981926],[0.0,0.0,1.0,0.0028044433428603592],[0.0,0.0,0.0,1.0]]",source/query_to_target/map,LEFT: T_initial=Delta_T@T_star,true,true,false,false,true,true,ASSUMED_METERS_FROM_SCALE,"[[1.0,-7.736729457974434e-06,-0.0002421322133159265,0.000599329941906035],[7.63068237574771e-06,0.9999999403953552,-0.0004379439924377948,0.00044303853064775467],[0.00024213557480834424,0.0004379421297926456,0.9999999403953552,8.625682676211e-05],[0.0,0.0,0.0,1.0]]",0.030000000000000002,0.0007502797871905396,0.0,0.02867549202583169,0.000599329941906035,0.00044303853064775467,8.625682676211e-05,0.9749906737603153,true,true,true,0.00038948467426013714,,15372,8,1186.668005,1.15.1,
CP-R_TEST_01_Q03-W-50MM-POS-O3D,R_TEST_01,Rich,R_TEST_01_Q03,open3d,/home/lj/zero_perturbation_runtime/real_data/mid360_two_scene_pilot_v1/canonical_sources/R_TEST_01_Q03/source_points.npy,6bb6e40b1252f6a44aad71bb316e7cc3b2020164cc2d7522e24cd2d014446801,8950f5b17ff80e6952baf368df81921325fd897ed735daac6cf06bbd28a5866d,/home/lj/zero_perturbation_runtime/real_data/mid360_two_scene_pilot_v1/target_maps/R_TEST_01/target_points.npy,43c6f299b5b24d220e6ee1a5ad8395ebb1380f992ff4fe207f822e25c92a65f7,d08c60b22a7dc3f1345b9401225fec550da80c4f7025bb8a198065f0dbe75b59,6a1ebdee6b34390f1430eab371e1c4108db1f124b59b7239d74785efa6474af9,0.2535039833280639,0.2937445333464529,0.4527514833254835,1.7859738430207226,0.9707870686256072,weak,0.9901793197255586,-0.10395255779939754,-0.09348144476201198,lambda_min,TARGET_FRAME,1,0.05,0.049508965986277936,-0.005197627889969877,-0.004674072238100599,"[[1.0,0.0,0.0,0.0],[0.0,1.0,0.0,0.0],[0.0,0.0,1.0,0.0],[0.0,0.0,0.0,1.0]]","[[1.0,0.0,0.0,0.049508965986277936],[0.0,1.0,0.0,-0.005197627889969877],[0.0,0.0,1.0,-0.004674072238100599],[0.0,0.0,0.0,1.0]]",source/query_to_target/map,LEFT: T_initial=Delta_T@T_star,true,true,false,false,true,true,ASSUMED_METERS_FROM_SCALE,"[[0.9999999868158276,-4.213600646638787e-05,-0.00015682124031503712,0.0005353870683449902],[4.210017247665457e-05,0.9999999730080207,-0.000228498431609356,0.00027971076419432394],[0.00015683086409351338,0.000228491826395528,0.9999999615977819,0.0001494543955517204],[0.0,0.0,0.0,1.0]]",0.05000000000000001,0.0006222652496379224,0.0,0.01606105763923502,0.0005353870683449902,0.00027971076419432394,0.0001494543955517204,0.9875546950072416,true,true,true,1.0,0.019729437359926702,15372,,33.545020000019576,0.19.0+b012259,
CP-R_TEST_01_Q03-W-50MM-POS-PCL,R_TEST_01,Rich,R_TEST_01_Q03,pcl,/home/lj/zero_perturbation_runtime/real_data/mid360_two_scene_pilot_v1/canonical_sources/R_TEST_01_Q03/source_points.npy,6bb6e40b1252f6a44aad71bb316e7cc3b2020164cc2d7522e24cd2d014446801,8950f5b17ff80e6952baf368df81921325fd897ed735daac6cf06bbd28a5866d,/home/lj/zero_perturbation_runtime/real_data/mid360_two_scene_pilot_v1/target_maps/R_TEST_01/target_points.npy,43c6f299b5b24d220e6ee1a5ad8395ebb1380f992ff4fe207f822e25c92a65f7,d08c60b22a7dc3f1345b9401225fec550da80c4f7025bb8a198065f0dbe75b59,6a1ebdee6b34390f1430eab371e1c4108db1f124b59b7239d74785efa6474af9,0.2535039833280639,0.2937445333464529,0.4527514833254835,1.7859738430207226,0.9707870686256072,weak,0.9901793197255586,-0.10395255779939754,-0.09348144476201198,lambda_min,TARGET_FRAME,1,0.05,0.049508965986277936,-0.005197627889969877,-0.004674072238100599,"[[1.0,0.0,0.0,0.0],[0.0,1.0,0.0,0.0],[0.0,0.0,1.0,0.0],[0.0,0.0,0.0,1.0]]","[[1.0,0.0,0.0,0.049508965986277936],[0.0,1.0,0.0,-0.005197627889969877],[0.0,0.0,1.0,-0.004674072238100599],[0.0,0.0,0.0,1.0]]",source/query_to_target/map,LEFT: T_initial=Delta_T@T_star,true,true,false,false,true,true,ASSUMED_METERS_FROM_SCALE,"[[0.9999999403953552,-8.240968782047275e-06,-0.00024215361918322742,0.0005981744034215808],[8.134795280057006e-06,1.0,-0.00043845834443345666,0.00044702921877615154],[0.00024215724261011928,0.0004384563653729856,0.9999999403953552,8.397897909162566e-05],[0.0,0.0,0.0,1.0]]",0.05000000000000001,0.0007514653739711844,0.0,0.02870233398315378,0.0005981744034215808,0.00044702921877615154,8.397897909162566e-05,0.9849706925205763,true,true,true,0.00038948701288773845,,15372,8,1241.270891,1.15.1,
CP-R_TEST_01_Q03-W-50MM-NEG-O3D,R_TEST_01,Rich,R_TEST_01_Q03,open3d,/home/lj/zero_perturbation_runtime/real_data/mid360_two_scene_pilot_v1/canonical_sources/R_TEST_01_Q03/source_points.npy,6bb6e40b1252f6a44aad71bb316e7cc3b2020164cc2d7522e24cd2d014446801,8950f5b17ff80e6952baf368df81921325fd897ed735daac6cf06bbd28a5866d,/home/lj/zero_perturbation_runtime/real_data/mid360_two_scene_pilot_v1/target_maps/R_TEST_01/target_points.npy,43c6f299b5b24d220e6ee1a5ad8395ebb1380f992ff4fe207f822e25c92a65f7,d08c60b22a7dc3f1345b9401225fec550da80c4f7025bb8a198065f0dbe75b59,6a1ebdee6b34390f1430eab371e1c4108db1f124b59b7239d74785efa6474af9,0.2535039833280639,0.2937445333464529,0.4527514833254835,1.7859738430207226,0.9707870686256072,weak,0.9901793197255586,-0.10395255779939754,-0.09348144476201198,lambda_min,TARGET_FRAME,-1,0.05,-0.049508965986277936,0.005197627889969877,0.004674072238100599,"[[1.0,0.0,0.0,0.0],[0.0,1.0,0.0,0.0],[0.0,0.0,1.0,0.0],[0.0,0.0,0.0,1.0]]","[[1.0,0.0,0.0,-0.049508965986277936],[0.0,1.0,0.0,0.005197627889969877],[0.0,0.0,1.0,0.004674072238100599],[0.0,0.0,0.0,1.0]]",source/query_to_target/map,LEFT: T_initial=Delta_T@T_star,true,true,false,false,true,true,ASSUMED_METERS_FROM_SCALE,"[[0.9999999898996181,-6.640047679412781e-05,-0.00012566519257488818,0.0005139176048583791],[6.638145193610433e-05,0.999999986337083,-0.00015139133508227173,0.00022312015437366808],[0.000125675243314767,0.0001513829917152205,0.9999999806444613,0.00013942045870635162],[0.0,0.0,0.0,1.0]]",0.05000000000000001,0.0005773490903924523,0.0,0.011897512100081711,0.0005139176048583791,0.00022312015437366808,0.00013942045870635162,0.9884530181921509,true,true,true,1.0,0.019728558443840055,15372,,34.63811700021324,0.19.0+b012259,
CP-R_TEST_01_Q03-W-50MM-NEG-PCL,R_TEST_01,Rich,R_TEST_01_Q03,pcl,/home/lj/zero_perturbation_runtime/real_data/mid360_two_scene_pilot_v1/canonical_sources/R_TEST_01_Q03/source_points.npy,6bb6e40b1252f6a44aad71bb316e7cc3b2020164cc2d7522e24cd2d014446801,8950f5b17ff80e6952baf368df81921325fd897ed735daac6cf06bbd28a5866d,/home/lj/zero_perturbation_runtime/real_data/mid360_two_scene_pilot_v1/target_maps/R_TEST_01/target_points.npy,43c6f299b5b24d220e6ee1a5ad8395ebb1380f992ff4fe207f822e25c92a65f7,d08c60b22a7dc3f1345b9401225fec550da80c4f7025bb8a198065f0dbe75b59,6a1ebdee6b34390f1430eab371e1c4108db1f124b59b7239d74785efa6474af9,0.2535039833280639,0.2937445333464529,0.4527514833254835,1.7859738430207226,0.9707870686256072,weak,0.9901793197255586,-0.10395255779939754,-0.09348144476201198,lambda_min,TARGET_FRAME,-1,0.05,-0.049508965986277936,0.005197627889969877,0.004674072238100599,"[[1.0,0.0,0.0,0.0],[0.0,1.0,0.0,0.0],[0.0,0.0,1.0,0.0],[0.0,0.0,0.0,1.0]]","[[1.0,0.0,0.0,-0.049508965986277936],[0.0,1.0,0.0,0.005197627889969877],[0.0,0.0,1.0,0.004674072238100599],[0.0,0.0,0.0,1.0]]",source/query_to_target/map,LEFT: T_initial=Delta_T@T_star,true,true,false,false,true,true,ASSUMED_METERS_FROM_SCALE,"[[1.0,-6.913335255376296e-06,-0.00024176921579055488,0.0006045964546501637],[6.8075455601501744e-06,0.9999999403953552,-0.00043757070670835674,0.0004433419671840966],[0.00024177222803700715,0.0004375690477900207,0.9999999403953552,8.50097494549118e-05],[0.0,0.0,0.0,1.0]]",0.05000000000000001,0.0007545300725250113,0.0,0.028646029929729807,0.0006045964546501637,0.0004433419671840966,8.50097494549118e-05,0.9849093985494998,true,true,true,0.0003894842364808657,,15372,8,1199.758489,1.15.1,
CP-R_TEST_01_Q03-S-10MM-POS-O3D,R_TEST_01,Rich,R_TEST_01_Q03,open3d,/home/lj/zero_perturbation_runtime/real_data/mid360_two_scene_pilot_v1/canonical_sources/R_TEST_01_Q03/source_points.npy,6bb6e40b1252f6a44aad71bb316e7cc3b2020164cc2d7522e24cd2d014446801,8950f5b17ff80e6952baf368df81921325fd897ed735daac6cf06bbd28a5866d,/home/lj/zero_perturbation_runtime/real_data/mid360_two_scene_pilot_v1/target_maps/R_TEST_01/target_points.npy,43c6f299b5b24d220e6ee1a5ad8395ebb1380f992ff4fe207f822e25c92a65f7,d08c60b22a7dc3f1345b9401225fec550da80c4f7025bb8a198065f0dbe75b59,6a1ebdee6b34390f1430eab371e1c4108db1f124b59b7239d74785efa6474af9,0.2535039833280639,0.2937445333464529,0.4527514833254835,1.7859738430207226,0.9707870686256072,strong,0.10002626331853963,0.9939319165659176,-0.04576124865136622,lambda_max,TARGET_FRAME,1,0.01,0.0010002626331853963,0.009939319165659176,-0.00045761248651366224,"[[1.0,0.0,0.0,0.0],[0.0,1.0,0.0,0.0],[0.0,0.0,1.0,0.0],[0.0,0.0,0.0,1.0]]","[[1.0,0.0,0.0,0.0010002626331853963],[0.0,1.0,0.0,0.009939319165659176],[0.0,0.0,1.0,-0.00045761248651366224],[0.0,0.0,0.0,1.0]]",source/query_to_target/map,LEFT: T_initial=Delta_T@T_star,true,true,false,false,true,true,ASSUMED_METERS_FROM_SCALE,"[[0.9999999898657138,-6.612825623269947e-05,-0.00012607785511114188,0.0005174933674706711],[6.610897876413078e-05,0.9999999861256968,-0.00015289934172443162,0.00022490814811103392],[0.00012608796432874694,0.0001528910052966598,0.9999999803630828,0.00014362030659947724],[0.0,0.0,0.0,1.0]]",0.01,0.0005822455263293979,0.0,0.011969951780546202,0.0005174933674706711,0.00022490814811103392,0.00014362030659947724,0.9417754473670602,true,true,true,1.0,0.01972848791619551,15372,,37.47689400006493,0.19.0+b012259,
CP-R_TEST_01_Q03-S-10MM-POS-PCL,R_TEST_01,Rich,R_TEST_01_Q03,pcl,/home/lj/zero_perturbation_runtime/real_data/mid360_two_scene_pilot_v1/canonical_sources/R_TEST_01_Q03/source_points.npy,6bb6e40b1252f6a44aad71bb316e7cc3b2020164cc2d7522e24cd2d014446801,8950f5b17ff80e6952baf368df81921325fd897ed735daac6cf06bbd28a5866d,/home/lj/zero_perturbation_runtime/real_data/mid360_two_scene_pilot_v1/target_maps/R_TEST_01/target_points.npy,43c6f299b5b24d220e6ee1a5ad8395ebb1380f992ff4fe207f822e25c92a65f7,d08c60b22a7dc3f1345b9401225fec550da80c4f7025bb8a198065f0dbe75b59,6a1ebdee6b34390f1430eab371e1c4108db1f124b59b7239d74785efa6474af9,0.2535039833280639,0.2937445333464529,0.4527514833254835,1.7859738430207226,0.9707870686256072,strong,0.10002626331853963,0.9939319165659176,-0.04576124865136622,lambda_max,TARGET_FRAME,1,0.01,0.0010002626331853963,0.009939319165659176,-0.00045761248651366224,"[[1.0,0.0,0.0,0.0],[0.0,1.0,0.0,0.0],[0.0,0.0,1.0,0.0],[0.0,0.0,0.0,1.0]]","[[1.0,0.0,0.0,0.0010002626331853963],[0.0,1.0,0.0,0.009939319165659176],[0.0,0.0,1.0,-0.00045761248651366224],[0.0,0.0,0.0,1.0]]",source/query_to_target/map,LEFT: T_initial=Delta_T@T_star,true,true,false,false,true,true,ASSUMED_METERS_FROM_SCALE,"[[1.0,-6.730155746481614e-06,-0.000241799236391671,0.0006070456001907587],[6.624355137319071e-06,0.9999999403953552,-0.0004375445132609457,0.0004425377701409161],[0.0002418021613266319,0.00043754291255027056,0.9999999403953552,8.463190170004964e-05],[0.0,0.0,0.0,1.0]]",0.01,0.0007559805536504359,0.0,0.028645406465549125,0.0006070456001907587,0.0004425377701409161,8.463190170004964e-05,0.9244019446349564,true,true,true,0.00038948398796085786,,15372,7,1158.665991,1.15.1,
CP-R_TEST_01_Q03-S-10MM-NEG-O3D,R_TEST_01,Rich,R_TEST_01_Q03,open3d,/home/lj/zero_perturbation_runtime/real_data/mid360_two_scene_pilot_v1/canonical_sources/R_TEST_01_Q03/source_points.npy,6bb6e40b1252f6a44aad71bb316e7cc3b2020164cc2d7522e24cd2d014446801,8950f5b17ff80e6952baf368df81921325fd897ed735daac6cf06bbd28a5866d,/home/lj/zero_perturbation_runtime/real_data/mid360_two_scene_pilot_v1/target_maps/R_TEST_01/target_points.npy,43c6f299b5b24d220e6ee1a5ad8395ebb1380f992ff4fe207f822e25c92a65f7,d08c60b22a7dc3f1345b9401225fec550da80c4f7025bb8a198065f0dbe75b59,6a1ebdee6b34390f1430eab371e1c4108db1f124b59b7239d74785efa6474af9,0.2535039833280639,0.2937445333464529,0.4527514833254835,1.7859738430207226,0.9707870686256072,strong,0.10002626331853963,0.9939319165659176,-0.04576124865136622,lambda_max,TARGET_FRAME,-1,0.01,-0.0010002626331853963,-0.009939319165659176,0.00045761248651366224,"[[1.0,0.0,0.0,0.0],[0.0,1.0,0.0,0.0],[0.0,0.0,1.0,0.0],[0.0,0.0,0.0,1.0]]","[[1.0,0.0,0.0,-0.0010002626331853963],[0.0,1.0,0.0,-0.009939319165659176],[0.0,0.0,1.0,0.00045761248651366224],[0.0,0.0,0.0,1.0]]",source/query_to_target/map,LEFT: T_initial=Delta_T@T_star,true,true,false,false,true,true,ASSUMED_METERS_FROM_SCALE,"[[0.9999999898878118,-6.600729727614373e-05,-0.000125965918630979,0.000518370720745032],[6.59882493973473e-05,0.9999999863901335,-0.00015121270847353837,0.00022212628746550863],[0.00012597589805879978,0.00015120439467399284,0.9999999806336518,0.00013944913075965065],[0.0,0.0,0.0,1.0]]",0.01,0.0005809426406957539,0.0,0.01189331246595635,0.000518370720745032,0.00022212628746550863,0.00013944913075965065,0.9419057359304246,true,true,true,1.0,0.019728533498828593,15372,,34.875307000220346,0.19.0+b012259,
CP-R_TEST_01_Q03-S-10MM-NEG-PCL,R_TEST_01,Rich,R_TEST_01_Q03,pcl,/home/lj/zero_perturbation_runtime/real_data/mid360_two_scene_pilot_v1/canonical_sources/R_TEST_01_Q03/source_points.npy,6bb6e40b1252f6a44aad71bb316e7cc3b2020164cc2d7522e24cd2d014446801,8950f5b17ff80e6952baf368df81921325fd897ed735daac6cf06bbd28a5866d,/home/lj/zero_perturbation_runtime/real_data/mid360_two_scene_pilot_v1/target_maps/R_TEST_01/target_points.npy,43c6f299b5b24d220e6ee1a5ad8395ebb1380f992ff4fe207f822e25c92a65f7,d08c60b22a7dc3f1345b9401225fec550da80c4f7025bb8a198065f0dbe75b59,6a1ebdee6b34390f1430eab371e1c4108db1f124b59b7239d74785efa6474af9,0.2535039833280639,0.2937445333464529,0.4527514833254835,1.7859738430207226,0.9707870686256072,strong,0.10002626331853963,0.9939319165659176,-0.04576124865136622,lambda_max,TARGET_FRAME,-1,0.01,-0.0010002626331853963,-0.009939319165659176,0.00045761248651366224,"[[1.0,0.0,0.0,0.0],[0.0,1.0,0.0,0.0],[0.0,0.0,1.0,0.0],[0.0,0.0,0.0,1.0]]","[[1.0,0.0,0.0,-0.0010002626331853963],[0.0,1.0,0.0,-0.009939319165659176],[0.0,0.0,1.0,0.00045761248651366224],[0.0,0.0,0.0,1.0]]",source/query_to_target/map,LEFT: T_initial=Delta_T@T_star,true,true,false,false,true,true,ASSUMED_METERS_FROM_SCALE,"[[1.0,-7.056331924104597e-06,-0.00024234825104940683,0.0006009982316754758],[6.9502430051215924e-06,1.0,-0.0004377516743261367,0.0004415561561472714],[0.00024235130695160478,0.0004377499863039702,1.0,8.799284842098132e-05],[0.0,0.0,0.0,1.0]]",0.01,0.0007509417120401823,0.0,0.028671269517925903,0.0006009982316754758,0.0004415561561472714,8.799284842098132e-05,0.9249058287959817,true,true,true,0.0003894833528775665,,15372,7,1069.42616,1.15.1,
CP-R_TEST_01_Q03-S-30MM-POS-O3D,R_TEST_01,Rich,R_TEST_01_Q03,open3d,/home/lj/zero_perturbation_runtime/real_data/mid360_two_scene_pilot_v1/canonical_sources/R_TEST_01_Q03/source_points.npy,6bb6e40b1252f6a44aad71bb316e7cc3b2020164cc2d7522e24cd2d014446801,8950f5b17ff80e6952baf368df81921325fd897ed735daac6cf06bbd28a5866d,/home/lj/zero_perturbation_runtime/real_data/mid360_two_scene_pilot_v1/target_maps/R_TEST_01/target_points.npy,43c6f299b5b24d220e6ee1a5ad8395ebb1380f992ff4fe207f822e25c92a65f7,d08c60b22a7dc3f1345b9401225fec550da80c4f7025bb8a198065f0dbe75b59,6a1ebdee6b34390f1430eab371e1c4108db1f124b59b7239d74785efa6474af9,0.2535039833280639,0.2937445333464529,0.4527514833254835,1.7859738430207226,0.9707870686256072,strong,0.10002626331853963,0.9939319165659176,-0.04576124865136622,lambda_max,TARGET_FRAME,1,0.03,0.0030007878995561886,0.029817957496977528,-0.0013728374595409867,"[[1.0,0.0,0.0,0.0],[0.0,1.0,0.0,0.0],[0.0,0.0,1.0,0.0],[0.0,0.0,0.0,1.0]]","[[1.0,0.0,0.0,0.0030007878995561886],[0.0,1.0,0.0,0.029817957496977528],[0.0,0.0,1.0,-0.0013728374595409867],[0.0,0.0,0.0,1.0]]",source/query_to_target/map,LEFT: T_initial=Delta_T@T_star,true,true,false,false,true,true,ASSUMED_METERS_FROM_SCALE,"[[0.999999989864222,-6.615764493070668e-05,-0.0001260742709903264,0.0005175249283230335],[6.6138383041692e-05,0.9999999861419742,-0.00015278012248740814,0.00022451757170431085],[0.00012608437681628178,0.00015277178259043628,0.9999999803817557,0.00014371652889506837],[0.0,0.0,0.0,1.0]]",0.030000000000000002,0.0005821465727094924,0.0,0.011965362846168523,0.0005175249283230335,0.00022451757170431085,0.00014371652889506837,0.9805951142430169,true,true,true,1.0,0.0197284842078471,15372,,40.22504300064611,0.19.0+b012259,
CP-R_TEST_01_Q03-S-30MM-POS-PCL,R_TEST_01,Rich,R_TEST_01_Q03,pcl,/home/lj/zero_perturbation_runtime/real_data/mid360_two_scene_pilot_v1/canonical_sources/R_TEST_01_Q03/source_points.npy,6bb6e40b1252f6a44aad71bb316e7cc3b2020164cc2d7522e24cd2d014446801,8950f5b17ff80e6952baf368df81921325fd897ed735daac6cf06bbd28a5866d,/home/lj/zero_perturbation_runtime/real_data/mid360_two_scene_pilot_v1/target_maps/R_TEST_01/target_points.npy,43c6f299b5b24d220e6ee1a5ad8395ebb1380f992ff4fe207f822e25c92a65f7,d08c60b22a7dc3f1345b9401225fec550da80c4f7025bb8a198065f0dbe75b59,6a1ebdee6b34390f1430eab371e1c4108db1f124b59b7239d74785efa6474af9,0.2535039833280639,0.2937445333464529,0.4527514833254835,1.7859738430207226,0.9707870686256072,strong,0.10002626331853963,0.9939319165659176,-0.04576124865136622,lambda_max,TARGET_FRAME,1,0.03,0.0030007878995561886,0.029817957496977528,-0.0013728374595409867,"[[1.0,0.0,0.0,0.0],[0.0,1.0,0.0,0.0],[0.0,0.0,1.0,0.0],[0.0,0.0,0.0,1.0]]","[[1.0,0.0,0.0,0.0030007878995561886],[0.0,1.0,0.0,0.029817957496977528],[0.0,0.0,1.0,-0.0013728374595409867],[0.0,0.0,0.0,1.0]]",source/query_to_target/map,LEFT: T_initial=Delta_T@T_star,true,true,false,false,true,true,ASSUMED_METERS_FROM_SCALE,"[[1.0,-7.98786732048029e-06,-0.00024216878227889538,0.0006019065040163696],[7.882063982833643e-06,0.9999999403953552,-0.00043679805821739137,0.00044075908954255283],[0.00024217227473855019,0.00043679613736458123,0.9999999403953552,8.664534834679216e-05],[0.0,0.0,0.0,1.0]]",0.030000000000000002,0.0007510442270477318,0.0,0.02861929802388641,0.0006019065040163696,0.00044075908954255283,8.664534834679216e-05,0.9749651924317423,true,true,true,0.00038948271507269867,,15372,8,1101.014021,1.15.1,
CP-R_TEST_01_Q03-S-30MM-NEG-O3D,R_TEST_01,Rich,R_TEST_01_Q03,open3d,/home/lj/zero_perturbation_runtime/real_data/mid360_two_scene_pilot_v1/canonical_sources/R_TEST_01_Q03/source_points.npy,6bb6e40b1252f6a44aad71bb316e7cc3b2020164cc2d7522e24cd2d014446801,8950f5b17ff80e6952baf368df81921325fd897ed735daac6cf06bbd28a5866d,/home/lj/zero_perturbation_runtime/real_data/mid360_two_scene_pilot_v1/target_maps/R_TEST_01/target_points.npy,43c6f299b5b24d220e6ee1a5ad8395ebb1380f992ff4fe207f822e25c92a65f7,d08c60b22a7dc3f1345b9401225fec550da80c4f7025bb8a198065f0dbe75b59,6a1ebdee6b34390f1430eab371e1c4108db1f124b59b7239d74785efa6474af9,0.2535039833280639,0.2937445333464529,0.4527514833254835,1.7859738430207226,0.9707870686256072,strong,0.10002626331853963,0.9939319165659176,-0.04576124865136622,lambda_max,TARGET_FRAME,-1,0.03,-0.0030007878995561886,-0.029817957496977528,0.0013728374595409867,"[[1.0,0.0,0.0,0.0],[0.0,1.0,0.0,0.0],[0.0,0.0,1.0,0.0],[0.0,0.0,0.0,1.0]]","[[1.0,0.0,0.0,-0.0030007878995561886],[0.0,1.0,0.0,-0.029817957496977528],[0.0,0.0,1.0,0.0013728374595409867],[0.0,0.0,0.0,1.0]]",source/query_to_target/map,LEFT: T_initial=Delta_T@T_star,true,true,false,false,true,true,ASSUMED_METERS_FROM_SCALE,"[[0.9999999868158279,-4.21360064663892e-05,-0.00015682124031502336,0.0005353870683453429],[4.210017247665593e-05,0.9999999730080207,-0.0002284984316093517,0.00027971076419480256],[0.00015683086409349955,0.00022849182639552378,0.9999999615977819,0.00014945439555223697],[0.0,0.0,0.0,1.0]]",0.030000000000000002,0.0006222652496385651,0.0,0.016061057639248612,0.0005353870683453429,0.00027971076419480256,0.00014945439555223697,0.9792578250120478,true,true,true,1.0,0.019729437359926712,15372,,46.67392800001835,0.19.0+b012259,
CP-R_TEST_01_Q03-S-30MM-NEG-PCL,R_TEST_01,Rich,R_TEST_01_Q03,pcl,/home/lj/zero_perturbation_runtime/real_data/mid360_two_scene_pilot_v1/canonical_sources/R_TEST_01_Q03/source_points.npy,6bb6e40b1252f6a44aad71bb316e7cc3b2020164cc2d7522e24cd2d014446801,8950f5b17ff80e6952baf368df81921325fd897ed735daac6cf06bbd28a5866d,/home/lj/zero_perturbation_runtime/real_data/mid360_two_scene_pilot_v1/target_maps/R_TEST_01/target_points.npy,43c6f299b5b24d220e6ee1a5ad8395ebb1380f992ff4fe207f822e25c92a65f7,d08c60b22a7dc3f1345b9401225fec550da80c4f7025bb8a198065f0dbe75b59,6a1ebdee6b34390f1430eab371e1c4108db1f124b59b7239d74785efa6474af9,0.2535039833280639,0.2937445333464529,0.4527514833254835,1.7859738430207226,0.9707870686256072,strong,0.10002626331853963,0.9939319165659176,-0.04576124865136622,lambda_max,TARGET_FRAME,-1,0.03,-0.0030007878995561886,-0.029817957496977528,0.0013728374595409867,"[[1.0,0.0,0.0,0.0],[0.0,1.0,0.0,0.0],[0.0,0.0,1.0,0.0],[0.0,0.0,0.0,1.0]]","[[1.0,0.0,0.0,-0.0030007878995561886],[0.0,1.0,0.0,-0.029817957496977528],[0.0,0.0,1.0,0.0013728374595409867],[0.0,0.0,0.0,1.0]]",source/query_to_target/map,LEFT: T_initial=Delta_T@T_star,true,true,false,false,true,true,ASSUMED_METERS_FROM_SCALE,"[[1.0,-7.544289928773651e-06,-0.00024245132226496935,0.0005962440045550466],[7.4382787715876475e-06,0.9999999403953552,-0.00043724250281229615,0.0004433605936355889],[0.00024245456734206527,0.00043724069837480783,0.9999999403953552,8.749733387958258e-05],[0.0,0.0,0.0,1.0]]",0.030000000000000002,0.00074815193135671,0.0,0.028649022067853542,0.0005962440045550466,0.0004433605936355889,8.749733387958258e-05,0.9750616022881097,true,true,true,0.00038948438709264586,,15372,7,1077.696971,1.15.1,
CP-R_TEST_01_Q03-S-50MM-POS-O3D,R_TEST_01,Rich,R_TEST_01_Q03,open3d,/home/lj/zero_perturbation_runtime/real_data/mid360_two_scene_pilot_v1/canonical_sources/R_TEST_01_Q03/source_points.npy,6bb6e40b1252f6a44aad71bb316e7cc3b2020164cc2d7522e24cd2d014446801,8950f5b17ff80e6952baf368df81921325fd897ed735daac6cf06bbd28a5866d,/home/lj/zero_perturbation_runtime/real_data/mid360_two_scene_pilot_v1/target_maps/R_TEST_01/target_points.npy,43c6f299b5b24d220e6ee1a5ad8395ebb1380f992ff4fe207f822e25c92a65f7,d08c60b22a7dc3f1345b9401225fec550da80c4f7025bb8a198065f0dbe75b59,6a1ebdee6b34390f1430eab371e1c4108db1f124b59b7239d74785efa6474af9,0.2535039833280639,0.2937445333464529,0.4527514833254835,1.7859738430207226,0.9707870686256072,strong,0.10002626331853963,0.9939319165659176,-0.04576124865136622,lambda_max,TARGET_FRAME,1,0.05,0.005001313165926982,0.049696595828295886,-0.002288062432568311,"[[1.0,0.0,0.0,0.0],[0.0,1.0,0.0,0.0],[0.0,0.0,1.0,0.0],[0.0,0.0,0.0,1.0]]","[[1.0,0.0,0.0,0.005001313165926982],[0.0,1.0,0.0,0.049696595828295886],[0.0,0.0,1.0,-0.002288062432568311],[0.0,0.0,0.0,1.0]]",source/query_to_target/map,LEFT: T_initial=Delta_T@T_star,true,true,false,false,true,true,ASSUMED_METERS_FROM_SCALE,"[[0.9999999898657139,-6.612825623269443e-05,-0.00012607785511116197,0.0005174933674703515],[6.61089787641256e-05,0.999999986125697,-0.0001528993417245095,0.0002249081481107893],[0.00012608796432876697,0.0001528910052967377,0.9999999803630828,0.0001436203065995831],[0.0,0.0,0.0,1.0]]",0.05000000000000001,0.0005822455263290456,0.0,0.01196995178055611,0.0005174933674703515,0.0002249081481107893,0.0001436203065995831,0.9883550894734191,true,true,true,1.0,0.01972848791619551,15372,,36.652759999924456,0.19.0+b012259,
CP-R_TEST_01_Q03-S-50MM-POS-PCL,R_TEST_01,Rich,R_TEST_01_Q03,pcl,/home/lj/zero_perturbation_runtime/real_data/mid360_two_scene_pilot_v1/canonical_sources/R_TEST_01_Q03/source_points.npy,6bb6e40b1252f6a44aad71bb316e7cc3b2020164cc2d7522e24cd2d014446801,8950f5b17ff80e6952baf368df81921325fd897ed735daac6cf06bbd28a5866d,/home/lj/zero_perturbation_runtime/real_data/mid360_two_scene_pilot_v1/target_maps/R_TEST_01/target_points.npy,43c6f299b5b24d220e6ee1a5ad8395ebb1380f992ff4fe207f822e25c92a65f7,d08c60b22a7dc3f1345b9401225fec550da80c4f7025bb8a198065f0dbe75b59,6a1ebdee6b34390f1430eab371e1c4108db1f124b59b7239d74785efa6474af9,0.2535039833280639,0.2937445333464529,0.4527514833254835,1.7859738430207226,0.9707870686256072,strong,0.10002626331853963,0.9939319165659176,-0.04576124865136622,lambda_max,TARGET_FRAME,1,0.05,0.005001313165926982,0.049696595828295886,-0.002288062432568311,"[[1.0,0.0,0.0,0.0],[0.0,1.0,0.0,0.0],[0.0,0.0,1.0,0.0],[0.0,0.0,0.0,1.0]]","[[1.0,0.0,0.0,0.005001313165926982],[0.0,1.0,0.0,0.049696595828295886],[0.0,0.0,1.0,-0.002288062432568311],[0.0,0.0,0.0,1.0]]",source/query_to_target/map,LEFT: T_initial=Delta_T@T_star,true,true,false,false,true,true,ASSUMED_METERS_FROM_SCALE,"[[0.9999999403953552,-8.234914275817573e-06,-0.00024216015299316496,0.0005982033326290548],[8.128746230795514e-06,0.9999998807907104,-0.00043846448534168303,0.0004470675194170326],[0.00024216373276431113,0.00043846259359270334,0.9999998807907104,8.38946143630892e-05],[0.0,0.0,0.0,1.0]]",0.05000000000000001,0.0007515017634080028,0.0,0.028702820987289414,0.0005982033326290548,0.0004470675194170326,8.38946143630892e-05,0.98496996473184,true,true,true,0.0003894870161678232,,15372,7,1078.192121,1.15.1,
CP-R_TEST_01_Q03-S-50MM-NEG-O3D,R_TEST_01,Rich,R_TEST_01_Q03,open3d,/home/lj/zero_perturbation_runtime/real_data/mid360_two_scene_pilot_v1/canonical_sources/R_TEST_01_Q03/source_points.npy,6bb6e40b1252f6a44aad71bb316e7cc3b2020164cc2d7522e24cd2d014446801,8950f5b17ff80e6952baf368df81921325fd897ed735daac6cf06bbd28a5866d,/home/lj/zero_perturbation_runtime/real_data/mid360_two_scene_pilot_v1/target_maps/R_TEST_01/target_points.npy,43c6f299b5b24d220e6ee1a5ad8395ebb1380f992ff4fe207f822e25c92a65f7,d08c60b22a7dc3f1345b9401225fec550da80c4f7025bb8a198065f0dbe75b59,6a1ebdee6b34390f1430eab371e1c4108db1f124b59b7239d74785efa6474af9,0.2535039833280639,0.2937445333464529,0.4527514833254835,1.7859738430207226,0.9707870686256072,strong,0.10002626331853963,0.9939319165659176,-0.04576124865136622,lambda_max,TARGET_FRAME,-1,0.05,-0.005001313165926982,-0.049696595828295886,0.002288062432568311,"[[1.0,0.0,0.0,0.0],[0.0,1.0,0.0,0.0],[0.0,0.0,1.0,0.0],[0.0,0.0,0.0,1.0]]","[[1.0,0.0,0.0,-0.005001313165926982],[0.0,1.0,0.0,-0.049696595828295886],[0.0,0.0,1.0,0.002288062432568311],[0.0,0.0,0.0,1.0]]",source/query_to_target/map,LEFT: T_initial=Delta_T@T_star,true,true,false,false,true,true,ASSUMED_METERS_FROM_SCALE,"[[0.9999999868158277,-4.2136006466896786e-05,-0.0001568212403161753,0.000535387068345584],[4.210017247716307e-05,0.9999999730080209,-0.00022849843161020203,0.00027971076419605856],[0.00015683086409465168,0.00022849182639637393,0.9999999615977818,0.00014945439555128921],[0.0,0.0,0.0,1.0]]",0.05000000000000001,0.0006222652496391095,0.0,0.016061057639329614,0.000535387068345584,0.00027971076419605856,0.00014945439555128921,0.9875546950072178,true,true,true,1.0,0.019729437359926754,15372,,42.32772599971213,0.19.0+b012259,
CP-R_TEST_01_Q03-S-50MM-NEG-PCL,R_TEST_01,Rich,R_TEST_01_Q03,pcl,/home/lj/zero_perturbation_runtime/real_data/mid360_two_scene_pilot_v1/canonical_sources/R_TEST_01_Q03/source_points.npy,6bb6e40b1252f6a44aad71bb316e7cc3b2020164cc2d7522e24cd2d014446801,8950f5b17ff80e6952baf368df81921325fd897ed735daac6cf06bbd28a5866d,/home/lj/zero_perturbation_runtime/real_data/mid360_two_scene_pilot_v1/target_maps/R_TEST_01/target_points.npy,43c6f299b5b24d220e6ee1a5ad8395ebb1380f992ff4fe207f822e25c92a65f7,d08c60b22a7dc3f1345b9401225fec550da80c4f7025bb8a198065f0dbe75b59,6a1ebdee6b34390f1430eab371e1c4108db1f124b59b7239d74785efa6474af9,0.2535039833280639,0.2937445333464529,0.4527514833254835,1.7859738430207226,0.9707870686256072,strong,0.10002626331853963,0.9939319165659176,-0.04576124865136622,lambda_max,TARGET_FRAME,-1,0.05,-0.005001313165926982,-0.049696595828295886,0.002288062432568311,"[[1.0,0.0,0.0,0.0],[0.0,1.0,0.0,0.0],[0.0,0.0,1.0,0.0],[0.0,0.0,0.0,1.0]]","[[1.0,0.0,0.0,-0.005001313165926982],[0.0,1.0,0.0,-0.049696595828295886],[0.0,0.0,1.0,0.002288062432568311],[0.0,0.0,0.0,1.0]]",source/query_to_target/map,LEFT: T_initial=Delta_T@T_star,true,true,false,false,true,true,ASSUMED_METERS_FROM_SCALE,"[[1.0,-7.363654731307179e-06,-0.00024227581161540002,0.0005973938968963921],[7.257726338139037e-06,1.0,-0.00043725501745939255,0.0004431561101227999],[0.0002422789839329198,0.00043725327122956514,0.9999999403953552,8.706408698344603e-05],[0.0,0.0,0.0,1.0]]",0.05000000000000001,0.000748897163321166,0.0,0.028644621126416723,0.0005973938968963921,0.0004431561101227999,8.706408698344603e-05,0.9850220567335767,true,true,true,0.0003894843686020441,,15372,7,1073.693866,1.15.1,
CP-R_TEST_01_Q04-W-10MM-POS-O3D,R_TEST_01,Rich,R_TEST_01_Q04,open3d,/home/lj/zero_perturbation_runtime/real_data/mid360_two_scene_pilot_v1/canonical_sources/R_TEST_01_Q04/source_points.npy,f152478ee07afab66a780213d3435457b88937567ff7e175e5eeb652005e9017,fd1dca82d562ebf21b66f4c256d42251cacbb66869e40c362b3718809022dfd6,/home/lj/zero_perturbation_runtime/real_data/mid360_two_scene_pilot_v1/target_maps/R_TEST_01/target_points.npy,43c6f299b5b24d220e6ee1a5ad8395ebb1380f992ff4fe207f822e25c92a65f7,d08c60b22a7dc3f1345b9401225fec550da80c4f7025bb8a198065f0dbe75b59,6a1ebdee6b34390f1430eab371e1c4108db1f124b59b7239d74785efa6474af9,0.2549266309248976,0.2870611201973129,0.45801224887778963,1.7966433997738034,0.9688050897573318,weak,0.9916858789846642,-0.10054501297153282,-0.0803107576166998,lambda_min,TARGET_FRAME,1,0.01,0.009916858789846642,-0.001005450129715328,-0.000803107576166998,"[[1.0,0.0,0.0,0.0],[0.0,1.0,0.0,0.0],[0.0,0.0,1.0,0.0],[0.0,0.0,0.0,1.0]]","[[1.0,0.0,0.0,0.009916858789846642],[0.0,1.0,0.0,-0.001005450129715328],[0.0,0.0,1.0,-0.000803107576166998],[0.0,0.0,0.0,1.0]]",source/query_to_target/map,LEFT: T_initial=Delta_T@T_star,true,true,false,false,true,true,ASSUMED_METERS_FROM_SCALE,"[[0.9999999781470422,2.5565596475533428e-05,-0.0002074905176958272,0.00043285858681983745],[-2.5605644930849915e-05,0.9999999810451542,-0.0001930130629298353,0.0001297858638527888],[0.000207485579268795,0.00019301837164045172,0.9999999598468204,0.00017896173990530702],[0.0,0.0,0.0,1.0]]",0.01,0.00048604344557829,0.0,0.01630273691480571,0.00043285858681983745,0.0001297858638527888,0.00017896173990530702,0.951395655442171,true,true,true,1.0,0.01973860286839635,15260,,39.884781999717234,0.19.0+b012259,
CP-R_TEST_01_Q04-W-10MM-POS-PCL,R_TEST_01,Rich,R_TEST_01_Q04,pcl,/home/lj/zero_perturbation_runtime/real_data/mid360_two_scene_pilot_v1/canonical_sources/R_TEST_01_Q04/source_points.npy,f152478ee07afab66a780213d3435457b88937567ff7e175e5eeb652005e9017,fd1dca82d562ebf21b66f4c256d42251cacbb66869e40c362b3718809022dfd6,/home/lj/zero_perturbation_runtime/real_data/mid360_two_scene_pilot_v1/target_maps/R_TEST_01/target_points.npy,43c6f299b5b24d220e6ee1a5ad8395ebb1380f992ff4fe207f822e25c92a65f7,d08c60b22a7dc3f1345b9401225fec550da80c4f7025bb8a198065f0dbe75b59,6a1ebdee6b34390f1430eab371e1c4108db1f124b59b7239d74785efa6474af9,0.2549266309248976,0.2870611201973129,0.45801224887778963,1.7966433997738034,0.9688050897573318,weak,0.9916858789846642,-0.10054501297153282,-0.0803107576166998,lambda_min,TARGET_FRAME,1,0.01,0.009916858789846642,-0.001005450129715328,-0.000803107576166998,"[[1.0,0.0,0.0,0.0],[0.0,1.0,0.0,0.0],[0.0,0.0,1.0,0.0],[0.0,0.0,0.0,1.0]]","[[1.0,0.0,0.0,0.009916858789846642],[0.0,1.0,0.0,-0.001005450129715328],[0.0,0.0,1.0,-0.000803107576166998],[0.0,0.0,0.0,1.0]]",source/query_to_target/map,LEFT: T_initial=Delta_T@T_star,true,true,false,false,true,true,ASSUMED_METERS_FROM_SCALE,"[[1.0,-6.524461059598252e-05,-0.000227840879233554,0.000367591594113037],[6.519190355902538e-05,1.0,-0.00023124052677303553,0.00026290598907507956],[0.00022785594046581537,0.00023122569837141782,1.0,0.00015449705824721605],[0.0,0.0,0.0,1.0]]",0.01,0.00047761122281742214,0.0,0.018971485394252034,0.000367591594113037,0.00026290598907507956,0.00015449705824721605,0.9522388777182578,true,true,true,0.0003895780890635466,,15260,8,1071.911866,1.15.1,
CP-R_TEST_01_Q04-W-10MM-NEG-O3D,R_TEST_01,Rich,R_TEST_01_Q04,open3d,/home/lj/zero_perturbation_runtime/real_data/mid360_two_scene_pilot_v1/canonical_sources/R_TEST_01_Q04/source_points.npy,f152478ee07afab66a780213d3435457b88937567ff7e175e5eeb652005e9017,fd1dca82d562ebf21b66f4c256d42251cacbb66869e40c362b3718809022dfd6,/home/lj/zero_perturbation_runtime/real_data/mid360_two_scene_pilot_v1/target_maps/R_TEST_01/target_points.npy,43c6f299b5b24d220e6ee1a5ad8395ebb1380f992ff4fe207f822e25c92a65f7,d08c60b22a7dc3f1345b9401225fec550da80c4f7025bb8a198065f0dbe75b59,6a1ebdee6b34390f1430eab371e1c4108db1f124b59b7239d74785efa6474af9,0.2549266309248976,0.2870611201973129,0.45801224887778963,1.7966433997738034,0.9688050897573318,weak,0.9916858789846642,-0.10054501297153282,-0.0803107576166998,lambda_min,TARGET_FRAME,-1,0.01,-0.009916858789846642,0.001005450129715328,0.000803107576166998,"[[1.0,0.0,0.0,0.0],[0.0,1.0,0.0,0.0],[0.0,0.0,1.0,0.0],[0.0,0.0,0.0,1.0]]","[[1.0,0.0,0.0,-0.009916858789846642],[0.0,1.0,0.0,0.001005450129715328],[0.0,0.0,1.0,0.000803107576166998],[0.0,0.0,0.0,1.0]]",source/query_to_target/map,LEFT: T_initial=Delta_T@T_star,true,true,false,false,true,true,ASSUMED_METERS_FROM_SCALE,"[[0.9999999788854806,2.124249161617174e-05,-0.00020439617201097493,0.0003984790084307379],[-2.1281928348903632e-05,0.9999999811601588,-0.00019294237847680202,0.0001392397213562268],[0.00020439206958332623,0.0001929467243476039,0.9999999604977208,0.00018162568266088063],[0.0,0.0,0.0,1.0]]",0.01,0.0004595226966813878,0.0,0.016150565409448633,0.0003984790084307379,0.0001392397213562268,0.00018162568266088063,0.9540477303318612,true,true,true,1.0,0.01973846566617953,15260,,44.1979059996811,0.19.0+b012259,
CP-R_TEST_01_Q04-W-10MM-NEG-PCL,R_TEST_01,Rich,R_TEST_01_Q04,pcl,/home/lj/zero_perturbation_runtime/real_data/mid360_two_scene_pilot_v1/canonical_sources/R_TEST_01_Q04/source_points.npy,f152478ee07afab66a780213d3435457b88937567ff7e175e5eeb652005e9017,fd1dca82d562ebf21b66f4c256d42251cacbb66869e40c362b3718809022dfd6,/home/lj/zero_perturbation_runtime/real_data/mid360_two_scene_pilot_v1/target_maps/R_TEST_01/target_points.npy,43c6f299b5b24d220e6ee1a5ad8395ebb1380f992ff4fe207f822e25c92a65f7,d08c60b22a7dc3f1345b9401225fec550da80c4f7025bb8a198065f0dbe75b59,6a1ebdee6b34390f1430eab371e1c4108db1f124b59b7239d74785efa6474af9,0.2549266309248976,0.2870611201973129,0.45801224887778963,1.7966433997738034,0.9688050897573318,weak,0.9916858789846642,-0.10054501297153282,-0.0803107576166998,lambda_min,TARGET_FRAME,-1,0.01,-0.009916858789846642,0.001005450129715328,0.000803107576166998,"[[1.0,0.0,0.0,0.0],[0.0,1.0,0.0,0.0],[0.0,0.0,1.0,0.0],[0.0,0.0,0.0,1.0]]","[[1.0,0.0,0.0,-0.009916858789846642],[0.0,1.0,0.0,0.001005450129715328],[0.0,0.0,1.0,0.000803107576166998],[0.0,0.0,0.0,1.0]]",source/query_to_target/map,LEFT: T_initial=Delta_T@T_star,true,true,false,false,true,true,ASSUMED_METERS_FROM_SCALE,"[[1.0,-6.524695345433429e-05,-0.00022783983149565756,0.0003675731422845274],[6.519426096929237e-05,1.0,-0.00023123413848225027,0.00026296719443053007],[0.00022785490727983415,0.00023121926642488688,1.0,0.000154431676492095],[0.0,0.0,0.0,1.0]]",0.01,0.00047760957170030075,0.0,0.01897121441264801,0.0003675731422845274,0.00026296719443053007,0.000154431676492095,0.95223904282997,true,true,true,0.0003895781149764814,,15260,8,1083.359938,1.15.1,
CP-R_TEST_01_Q04-W-30MM-POS-O3D,R_TEST_01,Rich,R_TEST_01_Q04,open3d,/home/lj/zero_perturbation_runtime/real_data/mid360_two_scene_pilot_v1/canonical_sources/R_TEST_01_Q04/source_points.npy,f152478ee07afab66a780213d3435457b88937567ff7e175e5eeb652005e9017,fd1dca82d562ebf21b66f4c256d42251cacbb66869e40c362b3718809022dfd6,/home/lj/zero_perturbation_runtime/real_data/mid360_two_scene_pilot_v1/target_maps/R_TEST_01/target_points.npy,43c6f299b5b24d220e6ee1a5ad8395ebb1380f992ff4fe207f822e25c92a65f7,d08c60b22a7dc3f1345b9401225fec550da80c4f7025bb8a198065f0dbe75b59,6a1ebdee6b34390f1430eab371e1c4108db1f124b59b7239d74785efa6474af9,0.2549266309248976,0.2870611201973129,0.45801224887778963,1.7966433997738034,0.9688050897573318,weak,0.9916858789846642,-0.10054501297153282,-0.0803107576166998,lambda_min,TARGET_FRAME,1,0.03,0.029750576369539924,-0.003016350389145984,-0.0024093227285009937,"[[1.0,0.0,0.0,0.0],[0.0,1.0,0.0,0.0],[0.0,0.0,1.0,0.0],[0.0,0.0,0.0,1.0]]","[[1.0,0.0,0.0,0.029750576369539924],[0.0,1.0,0.0,-0.003016350389145984],[0.0,0.0,1.0,-0.0024093227285009937],[0.0,0.0,0.0,1.0]]",source/query_to_target/map,LEFT: T_initial=Delta_T@T_star,true,true,false,false,true,true,ASSUMED_METERS_FROM_SCALE,"[[0.9999999783372879,2.5799856334488696e-05,-0.00020654246680288263,0.0004379289014244192],[-2.583966497108909e-05,0.9999999810922036,-0.00019273791621554412,0.0001301988994054478],[0.00020653749028707105,0.00019274324902846267,0.9999999600961517,0.00017162344913093343],[0.0,0.0,0.0,1.0]]",0.03,0.0004880451663532656,0.0,0.016253668219365004,0.0004379289014244192,0.0001301988994054478,0.00017162344913093343,0.9837318277882244,true,true,true,1.0,0.019738483774649828,15260,,33.04341500006558,0.19.0+b012259,
CP-R_TEST_01_Q04-W-30MM-POS-PCL,R_TEST_01,Rich,R_TEST_01_Q04,pcl,/home/lj/zero_perturbation_runtime/real_data/mid360_two_scene_pilot_v1/canonical_sources/R_TEST_01_Q04/source_points.npy,f152478ee07afab66a780213d3435457b88937567ff7e175e5eeb652005e9017,fd1dca82d562ebf21b66f4c256d42251cacbb66869e40c362b3718809022dfd6,/home/lj/zero_perturbation_runtime/real_data/mid360_two_scene_pilot_v1/target_maps/R_TEST_01/target_points.npy,43c6f299b5b24d220e6ee1a5ad8395ebb1380f992ff4fe207f822e25c92a65f7,d08c60b22a7dc3f1345b9401225fec550da80c4f7025bb8a198065f0dbe75b59,6a1ebdee6b34390f1430eab371e1c4108db1f124b59b7239d74785efa6474af9,0.2549266309248976,0.2870611201973129,0.45801224887778963,1.7966433997738034,0.9688050897573318,weak,0.9916858789846642,-0.10054501297153282,-0.0803107576166998,lambda_min,TARGET_FRAME,1,0.03,0.029750576369539924,-0.003016350389145984,-0.0024093227285009937,"[[1.0,0.0,0.0,0.0],[0.0,1.0,0.0,0.0],[0.0,0.0,1.0,0.0],[0.0,0.0,0.0,1.0]]","[[1.0,0.0,0.0,0.029750576369539924],[0.0,1.0,0.0,-0.003016350389145984],[0.0,0.0,1.0,-0.0024093227285009937],[0.0,0.0,0.0,1.0]]",source/query_to_target/map,LEFT: T_initial=Delta_T@T_star,true,true,false,false,true,true,ASSUMED_METERS_FROM_SCALE,"[[0.9999999403953552,-6.541046604979783e-05,-0.00022838375298306346,0.00036499116686172783],[6.535754801006988e-05,1.0,-0.000231764221098274,0.0002624857588671148],[0.0002283988578710705,0.00023174926172941923,0.9999999403953552,0.00015318015357479453],[0.0,0.0,0.0,1.0]]",0.03,0.0004749541924694722,0.0,0.01901571298392682,0.00036499116686172783,0.0002624857588671148,0.00015318015357479453,0.9841681935843509,true,true,true,0.00038957723337255815,,15260,8,1269.337147,1.15.1,
CP-R_TEST_01_Q04-W-30MM-NEG-O3D,R_TEST_01,Rich,R_TEST_01_Q04,open3d,/home/lj/zero_perturbation_runtime/real_data/mid360_two_scene_pilot_v1/canonical_sources/R_TEST_01_Q04/source_points.npy,f152478ee07afab66a780213d3435457b88937567ff7e175e5eeb652005e9017,fd1dca82d562ebf21b66f4c256d42251cacbb66869e40c362b3718809022dfd6,/home/lj/zero_perturbation_runtime/real_data/mid360_two_scene_pilot_v1/target_maps/R_TEST_01/target_points.npy,43c6f299b5b24d220e6ee1a5ad8395ebb1380f992ff4fe207f822e25c92a65f7,d08c60b22a7dc3f1345b9401225fec550da80c4f7025bb8a198065f0dbe75b59,6a1ebdee6b34390f1430eab371e1c4108db1f124b59b7239d74785efa6474af9,0.2549266309248976,0.2870611201973129,0.45801224887778963,1.7966433997738034,0.9688050897573318,weak,0.9916858789846642,-0.10054501297153282,-0.0803107576166998,lambda_min,TARGET_FRAME,-1,0.03,-0.029750576369539924,0.003016350389145984,0.0024093227285009937,"[[1.0,0.0,0.0,0.0],[0.0,1.0,0.0,0.0],[0.0,0.0,1.0,0.0],[0.0,0.0,0.0,1.0]]","[[1.0,0.0,0.0,-0.029750576369539924],[0.0,1.0,0.0,0.003016350389145984],[0.0,0.0,1.0,0.0024093227285009937],[0.0,0.0,0.0,1.0]]",source/query_to_target/map,LEFT: T_initial=Delta_T@T_star,true,true,false,false,true,true,ASSUMED_METERS_FROM_SCALE,"[[0.9999999788973657,2.1483594369704595e-05,-0.00020431280806365313,0.00039889311969902976],[-2.1522873266993516e-05,0.9999999812886262,-0.000192248569531246,0.00013680639600099727],[0.00020430867405039392,0.00019225296287296944,0.9999999606483813,0.00018130968107954467],[0.0,0.0,0.0,1.0]]",0.03,0.00045902604651933685,0.0,0.01612096224104104,0.00039889311969902976,0.00013680639600099727,0.00018130968107954467,0.9846991317826888,true,true,true,1.0,0.019738478623434155,15260,,31.88639099971624,0.19.0+b012259,
CP-R_TEST_01_Q04-W-30MM-NEG-PCL,R_TEST_01,Rich,R_TEST_01_Q04,pcl,/home/lj/zero_perturbation_runtime/real_data/mid360_two_scene_pilot_v1/canonical_sources/R_TEST_01_Q04/source_points.npy,f152478ee07afab66a780213d3435457b88937567ff7e175e5eeb652005e9017,fd1dca82d562ebf21b66f4c256d42251cacbb66869e40c362b3718809022dfd6,/home/lj/zero_perturbation_runtime/real_data/mid360_two_scene_pilot_v1/target_maps/R_TEST_01/target_points.npy,43c6f299b5b24d220e6ee1a5ad8395ebb1380f992ff4fe207f822e25c92a65f7,d08c60b22a7dc3f1345b9401225fec550da80c4f7025bb8a198065f0dbe75b59,6a1ebdee6b34390f1430eab371e1c4108db1f124b59b7239d74785efa6474af9,0.2549266309248976,0.2870611201973129,0.45801224887778963,1.7966433997738034,0.9688050897573318,weak,0.9916858789846642,-0.10054501297153282,-0.0803107576166998,lambda_min,TARGET_FRAME,-1,0.03,-0.029750576369539924,0.003016350389145984,0.0024093227285009937,"[[1.0,0.0,0.0,0.0],[0.0,1.0,0.0,0.0],[0.0,0.0,1.0,0.0],[0.0,0.0,0.0,1.0]]","[[1.0,0.0,0.0,-0.029750576369539924],[0.0,1.0,0.0,0.003016350389145984],[0.0,0.0,1.0,0.0024093227285009937],[0.0,0.0,0.0,1.0]]",source/query_to_target/map,LEFT: T_initial=Delta_T@T_star,true,true,false,false,true,true,ASSUMED_METERS_FROM_SCALE,"[[1.0,-6.524325726786628e-05,-0.00022784048633184284,0.00036759921931661665],[6.51905793347396e-05,1.0,-0.00023123416758608073,0.0002630004019010812],[0.00022785553301218897,0.00023121933918446302,1.0,0.00015464832540601492],[0.0,0.0,0.0,1.0]]",0.03,0.0004777180151440816,0.0,0.0189712000635273,0.00036759921931661665,0.0002630004019010812,0.00015464832540601492,0.9840760661618639,true,true,true,0.0003895782003847203,,15260,9,1230.575328,1.15.1,
CP-R_TEST_01_Q04-W-50MM-POS-O3D,R_TEST_01,Rich,R_TEST_01_Q04,open3d,/home/lj/zero_perturbation_runtime/real_data/mid360_two_scene_pilot_v1/canonical_sources/R_TEST_01_Q04/source_points.npy,f152478ee07afab66a780213d3435457b88937567ff7e175e5eeb652005e9017,fd1dca82d562ebf21b66f4c256d42251cacbb66869e40c362b3718809022dfd6,/home/lj/zero_perturbation_runtime/real_data/mid360_two_scene_pilot_v1/target_maps/R_TEST_01/target_points.npy,43c6f299b5b24d220e6ee1a5ad8395ebb1380f992ff4fe207f822e25c92a65f7,d08c60b22a7dc3f1345b9401225fec550da80c4f7025bb8a198065f0dbe75b59,6a1ebdee6b34390f1430eab371e1c4108db1f124b59b7239d74785efa6474af9,0.2549266309248976,0.2870611201973129,0.45801224887778963,1.7966433997738034,0.9688050897573318,weak,0.9916858789846642,-0.10054501297153282,-0.0803107576166998,lambda_min,TARGET_FRAME,1,0.05,0.049584293949233214,-0.005027250648576641,-0.0040155378808349905,"[[1.0,0.0,0.0,0.0],[0.0,1.0,0.0,0.0],[0.0,0.0,1.0,0.0],[0.0,0.0,0.0,1.0]]","[[1.0,0.0,0.0,0.049584293949233214],[0.0,1.0,0.0,-0.005027250648576641],[0.0,0.0,1.0,-0.0040155378808349905],[0.0,0.0,0.0,1.0]]",source/query_to_target/map,LEFT: T_initial=Delta_T@T_star,true,true,false,false,true,true,ASSUMED_METERS_FROM_SCALE,"[[0.9999999783372883,2.5799856341728795e-05,-0.00020654246681546648,0.00043792890143024726],[-2.5839664978331986e-05,0.9999999810922031,-0.00019273791621740602,0.00013019889940263515],[0.00020653749029965352,0.00019274324903032636,0.9999999600961517,0.00017162344913417273],[0.0,0.0,0.0,1.0]]",0.05,0.00048804516635888396,0.0,0.016253668219992516,0.00043792890143024726,0.00013019889940263515,0.00017162344913417273,0.9902390966728223,true,true,true,1.0,0.0197384837746503,15260,,36.39681200002087,0.19.0+b012259,
CP-R_TEST_01_Q04-W-50MM-POS-PCL,R_TEST_01,Rich,R_TEST_01_Q04,pcl,/home/lj/zero_perturbation_runtime/real_data/mid360_two_scene_pilot_v1/canonical_sources/R_TEST_01_Q04/source_points.npy,f152478ee07afab66a780213d3435457b88937567ff7e175e5eeb652005e9017,fd1dca82d562ebf21b66f4c256d42251cacbb66869e40c362b3718809022dfd6,/home/lj/zero_perturbation_runtime/real_data/mid360_two_scene_pilot_v1/target_maps/R_TEST_01/target_points.npy,43c6f299b5b24d220e6ee1a5ad8395ebb1380f992ff4fe207f822e25c92a65f7,d08c60b22a7dc3f1345b9401225fec550da80c4f7025bb8a198065f0dbe75b59,6a1ebdee6b34390f1430eab371e1c4108db1f124b59b7239d74785efa6474af9,0.2549266309248976,0.2870611201973129,0.45801224887778963,1.7966433997738034,0.9688050897573318,weak,0.9916858789846642,-0.10054501297153282,-0.0803107576166998,lambda_min,TARGET_FRAME,1,0.05,0.049584293949233214,-0.005027250648576641,-0.0040155378808349905,"[[1.0,0.0,0.0,0.0],[0.0,1.0,0.0,0.0],[0.0,0.0,1.0,0.0],[0.0,0.0,0.0,1.0]]","[[1.0,0.0,0.0,0.049584293949233214],[0.0,1.0,0.0,-0.005027250648576641],[0.0,0.0,1.0,-0.0040155378808349905],[0.0,0.0,0.0,1.0]]",source/query_to_target/map,LEFT: T_initial=Delta_T@T_star,true,true,false,false,true,true,ASSUMED_METERS_FROM_SCALE,"[[0.9999999403953552,-6.591649434994906e-05,-0.00022847905347589403,0.00036509957863017917],[6.586371455341578e-05,1.0,-0.00023108771711122245,0.0002614833938423544],[0.0002284942747792229,0.00023107269953470677,0.9999999403953552,0.00015210504352580756],[0.0,0.0,0.0,1.0]]",0.05,0.00047413838890901673,0.0,0.018998171953498174,0.00036509957863017917,0.0002614833938423544,0.00015210504352580756,0.9905172322218196,true,true,true,0.00038957760609719863,,15260,8,1074.376911,1.15.1,
CP-R_TEST_01_Q04-W-50MM-NEG-O3D,R_TEST_01,Rich,R_TEST_01_Q04,open3d,/home/lj/zero_perturbation_runtime/real_data/mid360_two_scene_pilot_v1/canonical_sources/R_TEST_01_Q04/source_points.npy,f152478ee07afab66a780213d3435457b88937567ff7e175e5eeb652005e9017,fd1dca82d562ebf21b66f4c256d42251cacbb66869e40c362b3718809022dfd6,/home/lj/zero_perturbation_runtime/real_data/mid360_two_scene_pilot_v1/target_maps/R_TEST_01/target_points.npy,43c6f299b5b24d220e6ee1a5ad8395ebb1380f992ff4fe207f822e25c92a65f7,d08c60b22a7dc3f1345b9401225fec550da80c4f7025bb8a198065f0dbe75b59,6a1ebdee6b34390f1430eab371e1c4108db1f124b59b7239d74785efa6474af9,0.2549266309248976,0.2870611201973129,0.45801224887778963,1.7966433997738034,0.9688050897573318,weak,0.9916858789846642,-0.10054501297153282,-0.0803107576166998,lambda_min,TARGET_FRAME,-1,0.05,-0.049584293949233214,0.005027250648576641,0.0040155378808349905,"[[1.0,0.0,0.0,0.0],[0.0,1.0,0.0,0.0],[0.0,0.0,1.0,0.0],[0.0,0.0,0.0,1.0]]","[[1.0,0.0,0.0,-0.049584293949233214],[0.0,1.0,0.0,0.005027250648576641],[0.0,0.0,1.0,0.0040155378808349905],[0.0,0.0,0.0,1.0]]",source/query_to_target/map,LEFT: T_initial=Delta_T@T_star,true,true,false,false,true,true,ASSUMED_METERS_FROM_SCALE,"[[0.9999999789084137,2.1198061204829615e-05,-0.0002042885573999608,0.000395950144799191],[-2.1237394395950177e-05,0.9999999812392053,-0.00019253717086904813,0.000137417087220725],[0.00020428447215261282,0.00019254150536479776,0.9999999605978106,0.00018227741466367173],[0.0,0.0,0.0,1.0]]",0.05,0.0004570394172532614,0.0,0.016130015767089927,0.000395950144799191,0.000137417087220725,0.00018227741466367173,0.9908592116549347,true,true,true,1.0,0.019738472680563838,15260,,31.97145400008594,0.19.0+b012259,
CP-R_TEST_01_Q04-W-50MM-NEG-PCL,R_TEST_01,Rich,R_TEST_01_Q04,pcl,/home/lj/zero_perturbation_runtime/real_data/mid360_two_scene_pilot_v1/canonical_sources/R_TEST_01_Q04/source_points.npy,f152478ee07afab66a780213d3435457b88937567ff7e175e5eeb652005e9017,fd1dca82d562ebf21b66f4c256d42251cacbb66869e40c362b3718809022dfd6,/home/lj/zero_perturbation_runtime/real_data/mid360_two_scene_pilot_v1/target_maps/R_TEST_01/target_points.npy,43c6f299b5b24d220e6ee1a5ad8395ebb1380f992ff4fe207f822e25c92a65f7,d08c60b22a7dc3f1345b9401225fec550da80c4f7025bb8a198065f0dbe75b59,6a1ebdee6b34390f1430eab371e1c4108db1f124b59b7239d74785efa6474af9,0.2549266309248976,0.2870611201973129,0.45801224887778963,1.7966433997738034,0.9688050897573318,weak,0.9916858789846642,-0.10054501297153282,-0.0803107576166998,lambda_min,TARGET_FRAME,-1,0.05,-0.049584293949233214,0.005027250648576641,0.0040155378808349905,"[[1.0,0.0,0.0,0.0],[0.0,1.0,0.0,0.0],[0.0,0.0,1.0,0.0],[0.0,0.0,0.0,1.0]]","[[1.0,0.0,0.0,-0.049584293949233214],[0.0,1.0,0.0,0.005027250648576641],[0.0,0.0,1.0,0.0040155378808349905],[0.0,0.0,0.0,1.0]]",source/query_to_target/map,LEFT: T_initial=Delta_T@T_star,true,true,false,false,true,true,ASSUMED_METERS_FROM_SCALE,"[[1.0,-6.524239870486781e-05,-0.0002278421015944332,0.0003676390624605119],[6.518971349578351e-05,0.9999999403953552,-0.00023124182189349085,0.0002628832880873233],[0.00022785714827477932,0.00023122694983612746,1.0,0.00015449953207280487],[0.0,0.0,0.0,1.0]]",0.05,0.00047763606314134456,0.0,0.018971559707818657,0.0003676390624605119,0.0002628832880873233,0.00015449953207280487,0.9904472787371731,true,true,true,0.00038957796873689094,,15260,9,1099.115295,1.15.1,
CP-R_TEST_01_Q04-S-10MM-POS-O3D,R_TEST_01,Rich,R_TEST_01_Q04,open3d,/home/lj/zero_perturbation_runtime/real_data/mid360_two_scene_pilot_v1/canonical_sources/R_TEST_01_Q04/source_points.npy,f152478ee07afab66a780213d3435457b88937567ff7e175e5eeb652005e9017,fd1dca82d562ebf21b66f4c256d42251cacbb66869e40c362b3718809022dfd6,/home/lj/zero_perturbation_runtime/real_data/mid360_two_scene_pilot_v1/target_maps/R_TEST_01/target_points.npy,43c6f299b5b24d220e6ee1a5ad8395ebb1380f992ff4fe207f822e25c92a65f7,d08c60b22a7dc3f1345b9401225fec550da80c4f7025bb8a198065f0dbe75b59,6a1ebdee6b34390f1430eab371e1c4108db1f124b59b7239d74785efa6474af9,0.2549266309248976,0.2870611201973129,0.45801224887778963,1.7966433997738034,0.9688050897573318,strong,0.09788424537633204,0.9945312586570152,-0.03641771630949986,lambda_max,TARGET_FRAME,1,0.01,0.0009788424537633205,0.009945312586570151,-0.0003641771630949986,"[[1.0,0.0,0.0,0.0],[0.0,1.0,0.0,0.0],[0.0,0.0,1.0,0.0],[0.0,0.0,0.0,1.0]]","[[1.0,0.0,0.0,0.0009788424537633205],[0.0,1.0,0.0,0.009945312586570151],[0.0,0.0,1.0,-0.0003641771630949986],[0.0,0.0,0.0,1.0]]",source/query_to_target/map,LEFT: T_initial=Delta_T@T_star,true,true,false,false,true,true,ASSUMED_METERS_FROM_SCALE,"[[0.9999999787319858,2.109115455869062e-05,-0.00020516137746712124,0.00040026569045548263],[-2.1131219378364434e-05,0.9999999807087745,-0.0001952842080882246,0.00014081604817460793],[0.0002051572547398912,0.00019528853924499255,0.9999999598864429,0.0001784273791080244],[0.0,0.0,0.0,1.0]]",0.01,0.0004603021963826334,0.0,0.016273695665739406,0.00040026569045548263,0.00014081604817460793,0.0001784273791080244,0.9539697803617366,true,true,true,1.0,0.01973833685752567,15260,,33.9912400004323,0.19.0+b012259,
CP-R_TEST_01_Q04-S-10MM-POS-PCL,R_TEST_01,Rich,R_TEST_01_Q04,pcl,/home/lj/zero_perturbation_runtime/real_data/mid360_two_scene_pilot_v1/canonical_sources/R_TEST_01_Q04/source_points.npy,f152478ee07afab66a780213d3435457b88937567ff7e175e5eeb652005e9017,fd1dca82d562ebf21b66f4c256d42251cacbb66869e40c362b3718809022dfd6,/home/lj/zero_perturbation_runtime/real_data/mid360_two_scene_pilot_v1/target_maps/R_TEST_01/target_points.npy,43c6f299b5b24d220e6ee1a5ad8395ebb1380f992ff4fe207f822e25c92a65f7,d08c60b22a7dc3f1345b9401225fec550da80c4f7025bb8a198065f0dbe75b59,6a1ebdee6b34390f1430eab371e1c4108db1f124b59b7239d74785efa6474af9,0.2549266309248976,0.2870611201973129,0.45801224887778963,1.7966433997738034,0.9688050897573318,strong,0.09788424537633204,0.9945312586570152,-0.03641771630949986,lambda_max,TARGET_FRAME,1,0.01,0.0009788424537633205,0.009945312586570151,-0.0003641771630949986,"[[1.0,0.0,0.0,0.0],[0.0,1.0,0.0,0.0],[0.0,0.0,1.0,0.0],[0.0,0.0,0.0,1.0]]","[[1.0,0.0,0.0,0.0009788424537633205],[0.0,1.0,0.0,0.009945312586570151],[0.0,0.0,1.0,-0.0003641771630949986],[0.0,0.0,0.0,1.0]]",source/query_to_target/map,LEFT: T_initial=Delta_T@T_star,true,true,false,false,true,true,ASSUMED_METERS_FROM_SCALE,"[[1.0,-6.586312520084903e-05,-0.0002279281325172633,0.000366219348507002],[6.581012712558731e-05,0.9999999403953552,-0.00023247272474691272,0.00026264667394571006],[0.000227943470235914,0.00023245772172231227,0.9999999403953552,0.00014776414900552481],[0.0,0.0,0.0,1.0]]",0.01,0.00047427221116882237,0.0,0.019031280760320006,0.000366219348507002,0.00026264667394571006,0.00014776414900552481,0.9525727788831178,true,true,true,0.0003895715952321685,,15260,5,1179.613556,1.15.1,
CP-R_TEST_01_Q04-S-10MM-NEG-O3D,R_TEST_01,Rich,R_TEST_01_Q04,open3d,/home/lj/zero_perturbation_runtime/real_data/mid360_two_scene_pilot_v1/canonical_sources/R_TEST_01_Q04/source_points.npy,f152478ee07afab66a780213d3435457b88937567ff7e175e5eeb652005e9017,fd1dca82d562ebf21b66f4c256d42251cacbb66869e40c362b3718809022dfd6,/home/lj/zero_perturbation_runtime/real_data/mid360_two_scene_pilot_v1/target_maps/R_TEST_01/target_points.npy,43c6f299b5b24d220e6ee1a5ad8395ebb1380f992ff4fe207f822e25c92a65f7,d08c60b22a7dc3f1345b9401225fec550da80c4f7025bb8a198065f0dbe75b59,6a1ebdee6b34390f1430eab371e1c4108db1f124b59b7239d74785efa6474af9,0.2549266309248976,0.2870611201973129,0.45801224887778963,1.7966433997738034,0.9688050897573318,strong,0.09788424537633204,0.9945312586570152,-0.03641771630949986,lambda_max,TARGET_FRAME,-1,0.01,-0.0009788424537633205,-0.009945312586570151,0.0003641771630949986,"[[1.0,0.0,0.0,0.0],[0.0,1.0,0.0,0.0],[0.0,0.0,1.0,0.0],[0.0,0.0,0.0,1.0]]","[[1.0,0.0,0.0,-0.0009788424537633205],[0.0,1.0,0.0,-0.009945312586570151],[0.0,0.0,1.0,0.0003641771630949986],[0.0,0.0,0.0,1.0]]",source/query_to_target/map,LEFT: T_initial=Delta_T@T_star,true,true,false,false,true,true,ASSUMED_METERS_FROM_SCALE,"[[0.999999978814855,2.1548724811624244e-05,-0.00020470940790181242,0.00040308879063579437],[-2.15883993087921e-05,0.9999999809860783,-0.00019380862827412867,0.00013624972890180829],[0.00020470522768068693,0.00019381304351670482,0.9999999602661361,0.00018223871024077544],[0.0,0.0,0.0,1.0]]",0.01,0.00046287742359318504,0.0,0.016198899150295293,0.00040308879063579437,0.00013624972890180829,0.00018223871024077544,0.9537122576406815,true,true,true,1.0,0.01973843677011049,15260,,33.330514000226685,0.19.0+b012259,
CP-R_TEST_01_Q04-S-10MM-NEG-PCL,R_TEST_01,Rich,R_TEST_01_Q04,pcl,/home/lj/zero_perturbation_runtime/real_data/mid360_two_scene_pilot_v1/canonical_sources/R_TEST_01_Q04/source_points.npy,f152478ee07afab66a780213d3435457b88937567ff7e175e5eeb652005e9017,fd1dca82d562ebf21b66f4c256d42251cacbb66869e40c362b3718809022dfd6,/home/lj/zero_perturbation_runtime/real_data/mid360_two_scene_pilot_v1/target_maps/R_TEST_01/target_points.npy,43c6f299b5b24d220e6ee1a5ad8395ebb1380f992ff4fe207f822e25c92a65f7,d08c60b22a7dc3f1345b9401225fec550da80c4f7025bb8a198065f0dbe75b59,6a1ebdee6b34390f1430eab371e1c4108db1f124b59b7239d74785efa6474af9,0.2549266309248976,0.2870611201973129,0.45801224887778963,1.7966433997738034,0.9688050897573318,strong,0.09788424537633204,0.9945312586570152,-0.03641771630949986,lambda_max,TARGET_FRAME,-1,0.01,-0.0009788424537633205,-0.009945312586570151,0.0003641771630949986,"[[1.0,0.0,0.0,0.0],[0.0,1.0,0.0,0.0],[0.0,0.0,1.0,0.0],[0.0,0.0,0.0,1.0]]","[[1.0,0.0,0.0,-0.0009788424537633205],[0.0,1.0,0.0,-0.009945312586570151],[0.0,0.0,1.0,0.0003641771630949986],[0.0,0.0,0.0,1.0]]",source/query_to_target/map,LEFT: T_initial=Delta_T@T_star,true,true,false,false,true,true,ASSUMED_METERS_FROM_SCALE,"[[1.0,-6.547218072228134e-05,-0.00022785596956964582,0.00036642031045630574],[6.541954644490033e-05,1.0,-0.0002309815608896315,0.0002625588676892221],[0.0002278710890095681,0.00023096664517652243,1.0,0.00015157085726968944],[0.0,0.0,0.0,1.0]]",0.01,0.0004755783086838702,0.0,0.018964295477566392,0.00036642031045630574,0.0002625588676892221,0.00015157085726968944,0.952442169131613,true,true,true,0.00038957656885096014,,15260,6,1182.292574,1.15.1,
CP-R_TEST_01_Q04-S-30MM-POS-O3D,R_TEST_01,Rich,R_TEST_01_Q04,open3d,/home/lj/zero_perturbation_runtime/real_data/mid360_two_scene_pilot_v1/canonical_sources/R_TEST_01_Q04/source_points.npy,f152478ee07afab66a780213d3435457b88937567ff7e175e5eeb652005e9017,fd1dca82d562ebf21b66f4c256d42251cacbb66869e40c362b3718809022dfd6,/home/lj/zero_perturbation_runtime/real_data/mid360_two_scene_pilot_v1/target_maps/R_TEST_01/target_points.npy,43c6f299b5b24d220e6ee1a5ad8395ebb1380f992ff4fe207f822e25c92a65f7,d08c60b22a7dc3f1345b9401225fec550da80c4f7025bb8a198065f0dbe75b59,6a1ebdee6b34390f1430eab371e1c4108db1f124b59b7239d74785efa6474af9,0.2549266309248976,0.2870611201973129,0.45801224887778963,1.7966433997738034,0.9688050897573318,strong,0.09788424537633204,0.9945312586570152,-0.03641771630949986,lambda_max,TARGET_FRAME,1,0.03,0.002936527361289961,0.029835937759710454,-0.0010925314892849957,"[[1.0,0.0,0.0,0.0],[0.0,1.0,0.0,0.0],[0.0,0.0,1.0,0.0],[0.0,0.0,0.0,1.0]]","[[1.0,0.0,0.0,0.002936527361289961],[0.0,1.0,0.0,0.029835937759710454],[0.0,0.0,1.0,-0.0010925314892849957],[0.0,0.0,0.0,1.0]]",source/query_to_target/map,LEFT: T_initial=Delta_T@T_star,true,true,false,false,true,true,ASSUMED_METERS_FROM_SCALE,"[[0.9999999787753273,2.1355728680759085e-05,-0.00020492261358071815,0.0003980994862346716],[-2.1395732893234878e-05,0.9999999807164703,-0.0001952159865287871,0.000139724022231475],[0.00020491844064944437,0.00019522036685489557,0.9999999599487199,0.0001772467551246885],[0.0,0.0,0.0,1.0]]",0.03,0.0004576269392541074,0.0,0.01626226251974402,0.0003980994862346716,0.000139724022231475,0.0001772467551246885,0.9847457686915297,true,true,true,1.0,0.019738305683993495,15260,,39.59525200025382,0.19.0+b012259,
CP-R_TEST_01_Q04-S-30MM-POS-PCL,R_TEST_01,Rich,R_TEST_01_Q04,pcl,/home/lj/zero_perturbation_runtime/real_data/mid360_two_scene_pilot_v1/canonical_sources/R_TEST_01_Q04/source_points.npy,f152478ee07afab66a780213d3435457b88937567ff7e175e5eeb652005e9017,fd1dca82d562ebf21b66f4c256d42251cacbb66869e40c362b3718809022dfd6,/home/lj/zero_perturbation_runtime/real_data/mid360_two_scene_pilot_v1/target_maps/R_TEST_01/target_points.npy,43c6f299b5b24d220e6ee1a5ad8395ebb1380f992ff4fe207f822e25c92a65f7,d08c60b22a7dc3f1345b9401225fec550da80c4f7025bb8a198065f0dbe75b59,6a1ebdee6b34390f1430eab371e1c4108db1f124b59b7239d74785efa6474af9,0.2549266309248976,0.2870611201973129,0.45801224887778963,1.7966433997738034,0.9688050897573318,strong,0.09788424537633204,0.9945312586570152,-0.03641771630949986,lambda_max,TARGET_FRAME,1,0.03,0.002936527361289961,0.029835937759710454,-0.0010925314892849957,"[[1.0,0.0,0.0,0.0],[0.0,1.0,0.0,0.0],[0.0,0.0,1.0,0.0],[0.0,0.0,0.0,1.0]]","[[1.0,0.0,0.0,0.002936527361289961],[0.0,1.0,0.0,0.029835937759710454],[0.0,0.0,1.0,-0.0010925314892849957],[0.0,0.0,0.0,1.0]]",source/query_to_target/map,LEFT: T_initial=Delta_T@T_star,true,true,false,false,true,true,ASSUMED_METERS_FROM_SCALE,"[[1.0,-6.586489325854927e-05,-0.00022792044910602272,0.0003662512463051826],[6.581188790732995e-05,0.9999999403953552,-0.00023246726777870208,0.00026269207592122257],[0.00022793574316892773,0.00023245227930601686,0.9999999403953552,0.000148013758007437],[0.0,0.0,0.0,1.0]]",0.03,0.00047439980473371296,0.0,0.019030779317589903,0.0003662512463051826,0.00026269207592122257,0.000148013758007437,0.9841866731755429,true,true,true,0.0003895717431145542,,15260,6,1058.44222,1.15.1,
CP-R_TEST_01_Q04-S-30MM-NEG-O3D,R_TEST_01,Rich,R_TEST_01_Q04,open3d,/home/lj/zero_perturbation_runtime/real_data/mid360_two_scene_pilot_v1/canonical_sources/R_TEST_01_Q04/source_points.npy,f152478ee07afab66a780213d3435457b88937567ff7e175e5eeb652005e9017,fd1dca82d562ebf21b66f4c256d42251cacbb66869e40c362b3718809022dfd6,/home/lj/zero_perturbation_runtime/real_data/mid360_two_scene_pilot_v1/target_maps/R_TEST_01/target_points.npy,43c6f299b5b24d220e6ee1a5ad8395ebb1380f992ff4fe207f822e25c92a65f7,d08c60b22a7dc3f1345b9401225fec550da80c4f7025bb8a198065f0dbe75b59,6a1ebdee6b34390f1430eab371e1c4108db1f124b59b7239d74785efa6474af9,0.2549266309248976,0.2870611201973129,0.45801224887778963,1.7966433997738034,0.9688050897573318,strong,0.09788424537633204,0.9945312586570152,-0.03641771630949986,lambda_max,TARGET_FRAME,-1,0.03,-0.002936527361289961,-0.029835937759710454,0.0010925314892849957,"[[1.0,0.0,0.0,0.0],[0.0,1.0,0.0,0.0],[0.0,0.0,1.0,0.0],[0.0,0.0,0.0,1.0]]","[[1.0,0.0,0.0,-0.002936527361289961],[0.0,1.0,0.0,-0.029835937759710454],[0.0,0.0,1.0,0.0010925314892849957],[0.0,0.0,0.0,1.0]]",source/query_to_target/map,LEFT: T_initial=Delta_T@T_star,true,true,false,false,true,true,ASSUMED_METERS_FROM_SCALE,"[[0.9999999788708208,2.118703963572023e-05,-0.00020447363392848885,0.00039794321937284297],[-2.1226531853739313e-05,0.9999999811230628,-0.00019314064462771884,0.0001391619789190752],[0.00020446953799015992,0.00019314498081291945,0.9999999604436112,0.00018165956205131082],[0.0,0.0,0.0,1.0]]",0.03,0.00045904799172436184,0.0,0.016161321050192124,0.00039794321937284297,0.0001391619789190752,0.00018165956205131082,0.9846984002758546,true,true,true,1.0,0.019738456339762043,15260,,45.00573700079258,0.19.0+b012259,
CP-R_TEST_01_Q04-S-30MM-NEG-PCL,R_TEST_01,Rich,R_TEST_01_Q04,pcl,/home/lj/zero_perturbation_runtime/real_data/mid360_two_scene_pilot_v1/canonical_sources/R_TEST_01_Q04/source_points.npy,f152478ee07afab66a780213d3435457b88937567ff7e175e5eeb652005e9017,fd1dca82d562ebf21b66f4c256d42251cacbb66869e40c362b3718809022dfd6,/home/lj/zero_perturbation_runtime/real_data/mid360_two_scene_pilot_v1/target_maps/R_TEST_01/target_points.npy,43c6f299b5b24d220e6ee1a5ad8395ebb1380f992ff4fe207f822e25c92a65f7,d08c60b22a7dc3f1345b9401225fec550da80c4f7025bb8a198065f0dbe75b59,6a1ebdee6b34390f1430eab371e1c4108db1f124b59b7239d74785efa6474af9,0.2549266309248976,0.2870611201973129,0.45801224887778963,1.7966433997738034,0.9688050897573318,strong,0.09788424537633204,0.9945312586570152,-0.03641771630949986,lambda_max,TARGET_FRAME,-1,0.03,-0.002936527361289961,-0.029835937759710454,0.0010925314892849957,"[[1.0,0.0,0.0,0.0],[0.0,1.0,0.0,0.0],[0.0,0.0,1.0,0.0],[0.0,0.0,0.0,1.0]]","[[1.0,0.0,0.0,-0.002936527361289961],[0.0,1.0,0.0,-0.029835937759710454],[0.0,0.0,1.0,0.0010925314892849957],[0.0,0.0,0.0,1.0]]",source/query_to_target/map,LEFT: T_initial=Delta_T@T_star,true,true,false,false,true,true,ASSUMED_METERS_FROM_SCALE,"[[1.0,-3.390251731616445e-05,-0.00021498065325431526,0.0003310962056275457],[3.3856675145216286e-05,1.0,-0.00021325566922314465,0.00021044227469246835],[0.00021498784190043807,0.0002132483641617,1.0,0.00014353801088873297],[0.0,0.0,0.0,1.0]]",0.03,0.00041774849961261664,0.0,0.017458060011399285,0.0003310962056275457,0.00021044227469246835,0.00014353801088873297,0.9860750500129127,true,true,true,0.0003895597209708836,,15260,8,1096.269671,1.15.1,
CP-R_TEST_01_Q04-S-50MM-POS-O3D,R_TEST_01,Rich,R_TEST_01_Q04,open3d,/home/lj/zero_perturbation_runtime/real_data/mid360_two_scene_pilot_v1/canonical_sources/R_TEST_01_Q04/source_points.npy,f152478ee07afab66a780213d3435457b88937567ff7e175e5eeb652005e9017,fd1dca82d562ebf21b66f4c256d42251cacbb66869e40c362b3718809022dfd6,/home/lj/zero_perturbation_runtime/real_data/mid360_two_scene_pilot_v1/target_maps/R_TEST_01/target_points.npy,43c6f299b5b24d220e6ee1a5ad8395ebb1380f992ff4fe207f822e25c92a65f7,d08c60b22a7dc3f1345b9401225fec550da80c4f7025bb8a198065f0dbe75b59,6a1ebdee6b34390f1430eab371e1c4108db1f124b59b7239d74785efa6474af9,0.2549266309248976,0.2870611201973129,0.45801224887778963,1.7966433997738034,0.9688050897573318,strong,0.09788424537633204,0.9945312586570152,-0.03641771630949986,lambda_max,TARGET_FRAME,1,0.05,0.004894212268816603,0.049726562932850764,-0.001820885815474993,"[[1.0,0.0,0.0,0.0],[0.0,1.0,0.0,0.0],[0.0,0.0,1.0,0.0],[0.0,0.0,0.0,1.0]]","[[1.0,0.0,0.0,0.004894212268816603],[0.0,1.0,0.0,0.049726562932850764],[0.0,0.0,1.0,-0.001820885815474993],[0.0,0.0,0.0,1.0]]",source/query_to_target/map,LEFT: T_initial=Delta_T@T_star,true,true,false,false,true,true,ASSUMED_METERS_FROM_SCALE,"[[0.9999999788422316,2.0977920505837813e-05,-0.00020463495189286732,0.000400645224291398],[-2.1017417271518207e-05,0.9999999811525864,-0.0001930106074887252,0.00014033173005619838],[0.00020463089907484715,0.00019301490430322364,0.9999999604357199,0.00018280637881604663],[0.0,0.0,0.0,1.0]]",0.05,0.000462198834208727,0.0,0.016162027602876928,0.000400645224291398,0.00014033173005619838,0.00018280637881604663,0.9907560233158255,true,true,true,1.0,0.01973849699877308,15260,,42.82106299979205,0.19.0+b012259,
CP-R_TEST_01_Q04-S-50MM-POS-PCL,R_TEST_01,Rich,R_TEST_01_Q04,pcl,/home/lj/zero_perturbation_runtime/real_data/mid360_two_scene_pilot_v1/canonical_sources/R_TEST_01_Q04/source_points.npy,f152478ee07afab66a780213d3435457b88937567ff7e175e5eeb652005e9017,fd1dca82d562ebf21b66f4c256d42251cacbb66869e40c362b3718809022dfd6,/home/lj/zero_perturbation_runtime/real_data/mid360_two_scene_pilot_v1/target_maps/R_TEST_01/target_points.npy,43c6f299b5b24d220e6ee1a5ad8395ebb1380f992ff4fe207f822e25c92a65f7,d08c60b22a7dc3f1345b9401225fec550da80c4f7025bb8a198065f0dbe75b59,6a1ebdee6b34390f1430eab371e1c4108db1f124b59b7239d74785efa6474af9,0.2549266309248976,0.2870611201973129,0.45801224887778963,1.7966433997738034,0.9688050897573318,strong,0.09788424537633204,0.9945312586570152,-0.03641771630949986,lambda_max,TARGET_FRAME,1,0.05,0.004894212268816603,0.049726562932850764,-0.001820885815474993,"[[1.0,0.0,0.0,0.0],[0.0,1.0,0.0,0.0],[0.0,0.0,1.0,0.0],[0.0,0.0,0.0,1.0]]","[[1.0,0.0,0.0,0.004894212268816603],[0.0,1.0,0.0,0.049726562932850764],[0.0,0.0,1.0,-0.001820885815474993],[0.0,0.0,0.0,1.0]]",source/query_to_target/map,LEFT: T_initial=Delta_T@T_star,true,true,false,false,true,true,ASSUMED_METERS_FROM_SCALE,"[[1.0,-6.598678010050207e-05,-0.0002270769327878952,0.00037133440491743386],[6.593418220290914e-05,1.0,-0.00023171624343376607,0.0002611631352920085],[0.00022709218319505453,0.00023170126951299608,1.0,0.00014792243018746376],[0.0,0.0,0.0,1.0]]",0.05,0.00047746881454551745,0.0,0.01896889466005113,0.00037133440491743386,0.0002611631352920085,0.00014792243018746376,0.9904506237090897,true,true,true,0.0003895713080361289,,15260,6,1098.496738,1.15.1,
CP-R_TEST_01_Q04-S-50MM-NEG-O3D,R_TEST_01,Rich,R_TEST_01_Q04,open3d,/home/lj/zero_perturbation_runtime/real_data/mid360_two_scene_pilot_v1/canonical_sources/R_TEST_01_Q04/source_points.npy,f152478ee07afab66a780213d3435457b88937567ff7e175e5eeb652005e9017,fd1dca82d562ebf21b66f4c256d42251cacbb66869e40c362b3718809022dfd6,/home/lj/zero_perturbation_runtime/real_data/mid360_two_scene_pilot_v1/target_maps/R_TEST_01/target_points.npy,43c6f299b5b24d220e6ee1a5ad8395ebb1380f992ff4fe207f822e25c92a65f7,d08c60b22a7dc3f1345b9401225fec550da80c4f7025bb8a198065f0dbe75b59,6a1ebdee6b34390f1430eab371e1c4108db1f124b59b7239d74785efa6474af9,0.2549266309248976,0.2870611201973129,0.45801224887778963,1.7966433997738034,0.9688050897573318,strong,0.09788424537633204,0.9945312586570152,-0.03641771630949986,lambda_max,TARGET_FRAME,-1,0.05,-0.004894212268816603,-0.049726562932850764,0.001820885815474993,"[[1.0,0.0,0.0,0.0],[0.0,1.0,0.0,0.0],[0.0,0.0,1.0,0.0],[0.0,0.0,0.0,1.0]]","[[1.0,0.0,0.0,-0.004894212268816603],[0.0,1.0,0.0,-0.049726562932850764],[0.0,0.0,1.0,0.001820885815474993],[0.0,0.0,0.0,1.0]]",source/query_to_target/map,LEFT: T_initial=Delta_T@T_star,true,true,false,false,true,true,ASSUMED_METERS_FROM_SCALE,"[[0.999999978870821,2.1187039635721377e-05,-0.00020447363392848153,0.0003979432193724466],[-2.1226531853740495e-05,0.9999999811230627,-0.00019314064462774104,0.00013916197891862436],[0.00020446953799015265,0.00019314498081294176,0.9999999604436115,0.00018165956205124547],[0.0,0.0,0.0,1.0]]",0.05,0.00045904799172385573,0.0,0.01616132105020418,0.0003979432193724466,0.00013916197891862436,0.00018165956205124547,0.9908190401655229,true,true,true,1.0,0.019738456339762026,15260,,41.494144999887794,0.19.0+b012259,
CP-R_TEST_01_Q04-S-50MM-NEG-PCL,R_TEST_01,Rich,R_TEST_01_Q04,pcl,/home/lj/zero_perturbation_runtime/real_data/mid360_two_scene_pilot_v1/canonical_sources/R_TEST_01_Q04/source_points.npy,f152478ee07afab66a780213d3435457b88937567ff7e175e5eeb652005e9017,fd1dca82d562ebf21b66f4c256d42251cacbb66869e40c362b3718809022dfd6,/home/lj/zero_perturbation_runtime/real_data/mid360_two_scene_pilot_v1/target_maps/R_TEST_01/target_points.npy,43c6f299b5b24d220e6ee1a5ad8395ebb1380f992ff4fe207f822e25c92a65f7,d08c60b22a7dc3f1345b9401225fec550da80c4f7025bb8a198065f0dbe75b59,6a1ebdee6b34390f1430eab371e1c4108db1f124b59b7239d74785efa6474af9,0.2549266309248976,0.2870611201973129,0.45801224887778963,1.7966433997738034,0.9688050897573318,strong,0.09788424537633204,0.9945312586570152,-0.03641771630949986,lambda_max,TARGET_FRAME,-1,0.05,-0.004894212268816603,-0.049726562932850764,0.001820885815474993,"[[1.0,0.0,0.0,0.0],[0.0,1.0,0.0,0.0],[0.0,0.0,1.0,0.0],[0.0,0.0,0.0,1.0]]","[[1.0,0.0,0.0,-0.004894212268816603],[0.0,1.0,0.0,-0.049726562932850764],[0.0,0.0,1.0,0.001820885815474993],[0.0,0.0,0.0,1.0]]",source/query_to_target/map,LEFT: T_initial=Delta_T@T_star,true,true,false,false,true,true,ASSUMED_METERS_FROM_SCALE,"[[0.9999999403953552,-3.378845940460451e-05,-0.00021483043383341283,0.00033110452932305634],[3.3742620871635154e-05,0.9999999403953552,-0.00021332073083613068,0.00020959733228664845],[0.00021483768068719655,0.00021331346943043172,1.0,0.00014389365969691426],[0.0,0.0,0.0,1.0]]",0.05,0.0004174525557963369,0.0,0.017453875469463972,0.00033110452932305634,0.00020959733228664845,0.00014389365969691426,0.9916509488840732,true,true,true,0.0003895594863129904,,15260,8,1158.832006,1.15.1,
CP-R_TEST_01_Q05-W-10MM-POS-O3D,R_TEST_01,Rich,R_TEST_01_Q05,open3d,/home/lj/zero_perturbation_runtime/real_data/mid360_two_scene_pilot_v1/canonical_sources/R_TEST_01_Q05/source_points.npy,f76a227b96a4308a80e63e2b307e86ea59528878de9d8f3cce8e7a8d3c85c11a,d057bff7bce05877a9331e60ea3f7b42739153e8e2bf644ef07e1dba7e9961d4,/home/lj/zero_perturbation_runtime/real_data/mid360_two_scene_pilot_v1/target_maps/R_TEST_01/target_points.npy,43c6f299b5b24d220e6ee1a5ad8395ebb1380f992ff4fe207f822e25c92a65f7,d08c60b22a7dc3f1345b9401225fec550da80c4f7025bb8a198065f0dbe75b59,6a1ebdee6b34390f1430eab371e1c4108db1f124b59b7239d74785efa6474af9,0.2412841460487334,0.3008017352156844,0.45791411873558235,1.8978209975018212,0.9667395231485169,weak,0.990916832556133,-0.09912966010198203,-0.09086881447992096,lambda_min,TARGET_FRAME,1,0.01,0.00990916832556133,-0.0009912966010198203,-0.0009086881447992096,"[[1.0,0.0,0.0,0.0],[0.0,1.0,0.0,0.0],[0.0,0.0,1.0,0.0],[0.0,0.0,0.0,1.0]]","[[1.0,0.0,0.0,0.00990916832556133],[0.0,1.0,0.0,-0.0009912966010198203],[0.0,0.0,1.0,-0.0009086881447992096],[0.0,0.0,0.0,1.0]]",source/query_to_target/map,LEFT: T_initial=Delta_T@T_star,true,true,false,false,true,true,ASSUMED_METERS_FROM_SCALE,"[[0.999999979223459,-0.00012260112764403874,0.00016285590036412264,1.6023682201279163e-05],[0.00012263393251892314,0.999999972191368,-0.00020144026880077222,0.0004935682913316843],[-0.000162831199031215,0.00020146023627503593,0.9999999664498863,6.940272761631792e-05],[0.0,0.0,0.0,1.0]]",0.010000000000000002,0.0004986814165376034,0.0,0.016420543269228947,1.6023682201279163e-05,0.0004935682913316843,6.940272761631792e-05,0.9501318583462397,true,true,true,1.0,0.019891133542062435,15366,,32.50958699936746,0.19.0+b012259,
CP-R_TEST_01_Q05-W-10MM-POS-PCL,R_TEST_01,Rich,R_TEST_01_Q05,pcl,/home/lj/zero_perturbation_runtime/real_data/mid360_two_scene_pilot_v1/canonical_sources/R_TEST_01_Q05/source_points.npy,f76a227b96a4308a80e63e2b307e86ea59528878de9d8f3cce8e7a8d3c85c11a,d057bff7bce05877a9331e60ea3f7b42739153e8e2bf644ef07e1dba7e9961d4,/home/lj/zero_perturbation_runtime/real_data/mid360_two_scene_pilot_v1/target_maps/R_TEST_01/target_points.npy,43c6f299b5b24d220e6ee1a5ad8395ebb1380f992ff4fe207f822e25c92a65f7,d08c60b22a7dc3f1345b9401225fec550da80c4f7025bb8a198065f0dbe75b59,6a1ebdee6b34390f1430eab371e1c4108db1f124b59b7239d74785efa6474af9,0.2412841460487334,0.3008017352156844,0.45791411873558235,1.8978209975018212,0.9667395231485169,weak,0.990916832556133,-0.09912966010198203,-0.09086881447992096,lambda_min,TARGET_FRAME,1,0.01,0.00990916832556133,-0.0009912966010198203,-0.0009086881447992096,"[[1.0,0.0,0.0,0.0],[0.0,1.0,0.0,0.0],[0.0,0.0,1.0,0.0],[0.0,0.0,0.0,1.0]]","[[1.0,0.0,0.0,0.00990916832556133],[0.0,1.0,0.0,-0.0009912966010198203],[0.0,0.0,1.0,-0.0009086881447992096],[0.0,0.0,0.0,1.0]]",source/query_to_target/map,LEFT: T_initial=Delta_T@T_star,true,true,false,false,true,true,ASSUMED_METERS_FROM_SCALE,"[[1.0,-0.00014083962014410645,0.00015067995991557837,2.823596150847152e-05],[0.0001408769894624129,1.0,-0.0002478957758285105,0.0005353232263587415],[-0.00015064503531903028,0.0002479169925209135,1.0,6.171340646687895e-05],[0.0,0.0,0.0,1.0]]",0.010000000000000002,0.0005396079787579002,0.0,0.018477140158770746,2.823596150847152e-05,0.0005353232263587415,6.171340646687895e-05,0.94603920212421,true,true,true,0.0003957585496712216,,15366,9,1229.190219,1.15.1,
CP-R_TEST_01_Q05-W-10MM-NEG-O3D,R_TEST_01,Rich,R_TEST_01_Q05,open3d,/home/lj/zero_perturbation_runtime/real_data/mid360_two_scene_pilot_v1/canonical_sources/R_TEST_01_Q05/source_points.npy,f76a227b96a4308a80e63e2b307e86ea59528878de9d8f3cce8e7a8d3c85c11a,d057bff7bce05877a9331e60ea3f7b42739153e8e2bf644ef07e1dba7e9961d4,/home/lj/zero_perturbation_runtime/real_data/mid360_two_scene_pilot_v1/target_maps/R_TEST_01/target_points.npy,43c6f299b5b24d220e6ee1a5ad8395ebb1380f992ff4fe207f822e25c92a65f7,d08c60b22a7dc3f1345b9401225fec550da80c4f7025bb8a198065f0dbe75b59,6a1ebdee6b34390f1430eab371e1c4108db1f124b59b7239d74785efa6474af9,0.2412841460487334,0.3008017352156844,0.45791411873558235,1.8978209975018212,0.9667395231485169,weak,0.990916832556133,-0.09912966010198203,-0.09086881447992096,lambda_min,TARGET_FRAME,-1,0.01,-0.00990916832556133,0.0009912966010198203,0.0009086881447992096,"[[1.0,0.0,0.0,0.0],[0.0,1.0,0.0,0.0],[0.0,0.0,1.0,0.0],[0.0,0.0,0.0,1.0]]","[[1.0,0.0,0.0,-0.00990916832556133],[0.0,1.0,0.0,0.0009912966010198203],[0.0,0.0,1.0,0.0009086881447992096],[0.0,0.0,0.0,1.0]]",source/query_to_target/map,LEFT: T_initial=Delta_T@T_star,true,true,false,false,true,true,ASSUMED_METERS_FROM_SCALE,"[[0.9999999810250643,-0.0001111601102962579,0.00015997906452410704,1.733210429331926e-05],[0.00011119108341409854,0.9999999750755745,-0.000193611449667086,0.00047801997827201926],[-0.00015995753866662114,0.00019362923423882922,0.9999999684606522,8.036750776093632e-05],[0.0,0.0,0.0,1.0]]",0.010000000000000002,0.0004850385941037274,0.0,0.015736920753477157,1.733210429331926e-05,0.00047801997827201926,8.036750776093632e-05,0.9514961405896273,true,true,true,1.0,0.019890033676145107,15366,,33.046771999579505,0.19.0+b012259,
CP-R_TEST_01_Q05-W-10MM-NEG-PCL,R_TEST_01,Rich,R_TEST_01_Q05,pcl,/home/lj/zero_perturbation_runtime/real_data/mid360_two_scene_pilot_v1/canonical_sources/R_TEST_01_Q05/source_points.npy,f76a227b96a4308a80e63e2b307e86ea59528878de9d8f3cce8e7a8d3c85c11a,d057bff7bce05877a9331e60ea3f7b42739153e8e2bf644ef07e1dba7e9961d4,/home/lj/zero_perturbation_runtime/real_data/mid360_two_scene_pilot_v1/target_maps/R_TEST_01/target_points.npy,43c6f299b5b24d220e6ee1a5ad8395ebb1380f992ff4fe207f822e25c92a65f7,d08c60b22a7dc3f1345b9401225fec550da80c4f7025bb8a198065f0dbe75b59,6a1ebdee6b34390f1430eab371e1c4108db1f124b59b7239d74785efa6474af9,0.2412841460487334,0.3008017352156844,0.45791411873558235,1.8978209975018212,0.9667395231485169,weak,0.990916832556133,-0.09912966010198203,-0.09086881447992096,lambda_min,TARGET_FRAME,-1,0.01,-0.00990916832556133,0.0009912966010198203,0.0009086881447992096,"[[1.0,0.0,0.0,0.0],[0.0,1.0,0.0,0.0],[0.0,0.0,1.0,0.0],[0.0,0.0,0.0,1.0]]","[[1.0,0.0,0.0,-0.00990916832556133],[0.0,1.0,0.0,0.0009912966010198203],[0.0,0.0,1.0,0.0009086881447992096],[0.0,0.0,0.0,1.0]]",source/query_to_target/map,LEFT: T_initial=Delta_T@T_star,true,true,false,false,true,true,ASSUMED_METERS_FROM_SCALE,"[[1.0,-0.00010625420691212639,0.00015411943604703993,-3.5558591662265826e-06],[0.00010629105236148462,1.0,-0.0002391395828453824,0.0005080666742287576],[-0.0001540940284030512,0.00023915593919809908,1.0,6.941614265087992e-05],[0.0,0.0,0.0,1.0]]",0.010000000000000002,0.0005127991716615851,0.0,0.017400795676913303,-3.5558591662265826e-06,0.0005080666742287576,6.941614265087992e-05,0.9487200828338415,true,true,true,0.0003956177129935838,,15366,6,1072.720815,1.15.1,
CP-R_TEST_01_Q05-W-30MM-POS-O3D,R_TEST_01,Rich,R_TEST_01_Q05,open3d,/home/lj/zero_perturbation_runtime/real_data/mid360_two_scene_pilot_v1/canonical_sources/R_TEST_01_Q05/source_points.npy,f76a227b96a4308a80e63e2b307e86ea59528878de9d8f3cce8e7a8d3c85c11a,d057bff7bce05877a9331e60ea3f7b42739153e8e2bf644ef07e1dba7e9961d4,/home/lj/zero_perturbation_runtime/real_data/mid360_two_scene_pilot_v1/target_maps/R_TEST_01/target_points.npy,43c6f299b5b24d220e6ee1a5ad8395ebb1380f992ff4fe207f822e25c92a65f7,d08c60b22a7dc3f1345b9401225fec550da80c4f7025bb8a198065f0dbe75b59,6a1ebdee6b34390f1430eab371e1c4108db1f124b59b7239d74785efa6474af9,0.2412841460487334,0.3008017352156844,0.45791411873558235,1.8978209975018212,0.9667395231485169,weak,0.990916832556133,-0.09912966010198203,-0.09086881447992096,lambda_min,TARGET_FRAME,1,0.03,0.02972750497668399,-0.002973889803059461,-0.0027260644343976284,"[[1.0,0.0,0.0,0.0],[0.0,1.0,0.0,0.0],[0.0,0.0,1.0,0.0],[0.0,0.0,0.0,1.0]]","[[1.0,0.0,0.0,0.02972750497668399],[0.0,1.0,0.0,-0.002973889803059461],[0.0,0.0,1.0,-0.0027260644343976284],[0.0,0.0,0.0,1.0]]",source/query_to_target/map,LEFT: T_initial=Delta_T@T_star,true,true,false,false,true,true,ASSUMED_METERS_FROM_SCALE,"[[0.9999999788661755,-0.00012356316995769045,0.0001643161331282704,4.1749033690870185e-05],[0.0001235960563676909,0.9999999723327966,-0.0002001459988396389,0.0004924496850159561],[-0.0001642913979080315,0.0002001663034358408,0.9999999664708932,6.27251663928863e-05],[0.0,0.0,0.0,1.0]]",0.030000000000000002,0.0004981808111373331,0.0,0.016440008844217712,4.1749033690870185e-05,0.0004924496850159561,6.27251663928863e-05,0.9833939729620889,true,true,true,1.0,0.019891358976016536,15366,,40.67592699993838,0.19.0+b012259,
CP-R_TEST_01_Q05-W-30MM-POS-PCL,R_TEST_01,Rich,R_TEST_01_Q05,pcl,/home/lj/zero_perturbation_runtime/real_data/mid360_two_scene_pilot_v1/canonical_sources/R_TEST_01_Q05/source_points.npy,f76a227b96a4308a80e63e2b307e86ea59528878de9d8f3cce8e7a8d3c85c11a,d057bff7bce05877a9331e60ea3f7b42739153e8e2bf644ef07e1dba7e9961d4,/home/lj/zero_perturbation_runtime/real_data/mid360_two_scene_pilot_v1/target_maps/R_TEST_01/target_points.npy,43c6f299b5b24d220e6ee1a5ad8395ebb1380f992ff4fe207f822e25c92a65f7,d08c60b22a7dc3f1345b9401225fec550da80c4f7025bb8a198065f0dbe75b59,6a1ebdee6b34390f1430eab371e1c4108db1f124b59b7239d74785efa6474af9,0.2412841460487334,0.3008017352156844,0.45791411873558235,1.8978209975018212,0.9667395231485169,weak,0.990916832556133,-0.09912966010198203,-0.09086881447992096,lambda_min,TARGET_FRAME,1,0.03,0.02972750497668399,-0.002973889803059461,-0.0027260644343976284,"[[1.0,0.0,0.0,0.0],[0.0,1.0,0.0,0.0],[0.0,0.0,1.0,0.0],[0.0,0.0,0.0,1.0]]","[[1.0,0.0,0.0,0.02972750497668399],[0.0,1.0,0.0,-0.002973889803059461],[0.0,0.0,1.0,-0.0027260644343976284],[0.0,0.0,0.0,1.0]]",source/query_to_target/map,LEFT: T_initial=Delta_T@T_star,true,true,false,false,true,true,ASSUMED_METERS_FROM_SCALE,"[[1.0,-0.00014084357826504856,0.00015069432265590876,2.8256190489628352e-05],[0.00014088096213527024,1.0,-0.00024790753377601504,0.0005352451116777956],[-0.00015065938350744545,0.00024792872136458755,1.0,6.200661300681531e-05],[0.0,0.0,0.0,1.0]]",0.030000000000000002,0.0005395651600432881,0.0,0.018478140908545326,2.8256190489628352e-05,0.0005352451116777956,6.200661300681531e-05,0.9820144946652237,true,true,true,0.0003957586158165799,,15366,10,1257.787232,1.15.1,
CP-R_TEST_01_Q05-W-30MM-NEG-O3D,R_TEST_01,Rich,R_TEST_01_Q05,open3d,/home/lj/zero_perturbation_runtime/real_data/mid360_two_scene_pilot_v1/canonical_sources/R_TEST_01_Q05/source_points.npy,f76a227b96a4308a80e63e2b307e86ea59528878de9d8f3cce8e7a8d3c85c11a,d057bff7bce05877a9331e60ea3f7b42739153e8e2bf644ef07e1dba7e9961d4,/home/lj/zero_perturbation_runtime/real_data/mid360_two_scene_pilot_v1/target_maps/R_TEST_01/target_points.npy,43c6f299b5b24d220e6ee1a5ad8395ebb1380f992ff4fe207f822e25c92a65f7,d08c60b22a7dc3f1345b9401225fec550da80c4f7025bb8a198065f0dbe75b59,6a1ebdee6b34390f1430eab371e1c4108db1f124b59b7239d74785efa6474af9,0.2412841460487334,0.3008017352156844,0.45791411873558235,1.8978209975018212,0.9667395231485169,weak,0.990916832556133,-0.09912966010198203,-0.09086881447992096,lambda_min,TARGET_FRAME,-1,0.03,-0.02972750497668399,0.002973889803059461,0.0027260644343976284,"[[1.0,0.0,0.0,0.0],[0.0,1.0,0.0,0.0],[0.0,0.0,1.0,0.0],[0.0,0.0,0.0,1.0]]","[[1.0,0.0,0.0,-0.02972750497668399],[0.0,1.0,0.0,0.002973889803059461],[0.0,0.0,1.0,0.0027260644343976284],[0.0,0.0,0.0,1.0]]",source/query_to_target/map,LEFT: T_initial=Delta_T@T_star,true,true,false,false,true,true,ASSUMED_METERS_FROM_SCALE,"[[0.9999999709636074,-0.00013423133982653715,0.0002001367828202669,-4.483399012368271e-06],[0.00013425903776002941,0.9999999814116353,-0.00013838800566754814,0.000447774097174214],[-0.0002001182030926348,0.00013841487182114157,0.9999999703970138,8.404889476283505e-05],[0.0,0.0,0.0,1.0]]",0.030000000000000002,0.0004556160221916484,0.0,0.01592242851032508,-4.483399012368271e-06,0.000447774097174214,8.404889476283505e-05,0.9848127992602784,true,true,true,1.0,0.01989153380526636,15366,,34.85817799992219,0.19.0+b012259,
CP-R_TEST_01_Q05-W-30MM-NEG-PCL,R_TEST_01,Rich,R_TEST_01_Q05,pcl,/home/lj/zero_perturbation_runtime/real_data/mid360_two_scene_pilot_v1/canonical_sources/R_TEST_01_Q05/source_points.npy,f76a227b96a4308a80e63e2b307e86ea59528878de9d8f3cce8e7a8d3c85c11a,d057bff7bce05877a9331e60ea3f7b42739153e8e2bf644ef07e1dba7e9961d4,/home/lj/zero_perturbation_runtime/real_data/mid360_two_scene_pilot_v1/target_maps/R_TEST_01/target_points.npy,43c6f299b5b24d220e6ee1a5ad8395ebb1380f992ff4fe207f822e25c92a65f7,d08c60b22a7dc3f1345b9401225fec550da80c4f7025bb8a198065f0dbe75b59,6a1ebdee6b34390f1430eab371e1c4108db1f124b59b7239d74785efa6474af9,0.2412841460487334,0.3008017352156844,0.45791411873558235,1.8978209975018212,0.9667395231485169,weak,0.990916832556133,-0.09912966010198203,-0.09086881447992096,lambda_min,TARGET_FRAME,-1,0.03,-0.02972750497668399,0.002973889803059461,0.0027260644343976284,"[[1.0,0.0,0.0,0.0],[0.0,1.0,0.0,0.0],[0.0,0.0,1.0,0.0],[0.0,0.0,0.0,1.0]]","[[1.0,0.0,0.0,-0.02972750497668399],[0.0,1.0,0.0,0.002973889803059461],[0.0,0.0,1.0,0.0027260644343976284],[0.0,0.0,0.0,1.0]]",source/query_to_target/map,LEFT: T_initial=Delta_T@T_star,true,true,false,false,true,true,ASSUMED_METERS_FROM_SCALE,"[[1.0,-0.0001462434302084148,0.0001484488311689347,2.955389027192723e-05],[0.00014628039207309484,0.9999999403953552,-0.00024879869306460023,0.000540934328455478],[-0.0001484124077251181,0.00024882046272978187,0.9999999403953552,6.387550092767924e-05],[0.0,0.0,0.0,1.0]]",0.030000000000000002,0.0005454937760878175,0.0,0.01859514263713964,2.955389027192723e-05,0.000540934328455478,6.387550092767924e-05,0.9818168741304061,true,true,true,0.00039578011606940727,,15366,9,1097.59802,1.15.1,
CP-R_TEST_01_Q05-W-50MM-POS-O3D,R_TEST_01,Rich,R_TEST_01_Q05,open3d,/home/lj/zero_perturbation_runtime/real_data/mid360_two_scene_pilot_v1/canonical_sources/R_TEST_01_Q05/source_points.npy,f76a227b96a4308a80e63e2b307e86ea59528878de9d8f3cce8e7a8d3c85c11a,d057bff7bce05877a9331e60ea3f7b42739153e8e2bf644ef07e1dba7e9961d4,/home/lj/zero_perturbation_runtime/real_data/mid360_two_scene_pilot_v1/target_maps/R_TEST_01/target_points.npy,43c6f299b5b24d220e6ee1a5ad8395ebb1380f992ff4fe207f822e25c92a65f7,d08c60b22a7dc3f1345b9401225fec550da80c4f7025bb8a198065f0dbe75b59,6a1ebdee6b34390f1430eab371e1c4108db1f124b59b7239d74785efa6474af9,0.2412841460487334,0.3008017352156844,0.45791411873558235,1.8978209975018212,0.9667395231485169,weak,0.990916832556133,-0.09912966010198203,-0.09086881447992096,lambda_min,TARGET_FRAME,1,0.05,0.049545841627806654,-0.004956483005099102,-0.004543440723996048,"[[1.0,0.0,0.0,0.0],[0.0,1.0,0.0,0.0],[0.0,0.0,1.0,0.0],[0.0,0.0,0.0,1.0]]","[[1.0,0.0,0.0,0.049545841627806654],[0.0,1.0,0.0,-0.004956483005099102],[0.0,0.0,1.0,-0.004543440723996048],[0.0,0.0,0.0,1.0]]",source/query_to_target/map,LEFT: T_initial=Delta_T@T_star,true,true,false,false,true,true,ASSUMED_METERS_FROM_SCALE,"[[0.9999999795855566,-0.00011999101730169161,0.00016257626415916708,1.5714079272436064e-05],[0.00012002355971482653,0.9999999727627387,-0.00020017209348238734,0.0004932939526351515],[-0.00016255224087790245,0.00020019160237793503,0.9999999667500451,7.71563558018303e-05],[0.0,0.0,0.0,1.0]]",0.05000000000000001,0.0004995387464796001,0.0,0.016296762957518033,1.5714079272436064e-05,0.0004932939526351515,7.71563558018303e-05,0.990009225070408,true,true,true,1.0,0.019890870764521888,15366,,34.822036999685224,0.19.0+b012259,
CP-R_TEST_01_Q05-W-50MM-POS-PCL,R_TEST_01,Rich,R_TEST_01_Q05,pcl,/home/lj/zero_perturbation_runtime/real_data/mid360_two_scene_pilot_v1/canonical_sources/R_TEST_01_Q05/source_points.npy,f76a227b96a4308a80e63e2b307e86ea59528878de9d8f3cce8e7a8d3c85c11a,d057bff7bce05877a9331e60ea3f7b42739153e8e2bf644ef07e1dba7e9961d4,/home/lj/zero_perturbation_runtime/real_data/mid360_two_scene_pilot_v1/target_maps/R_TEST_01/target_points.npy,43c6f299b5b24d220e6ee1a5ad8395ebb1380f992ff4fe207f822e25c92a65f7,d08c60b22a7dc3f1345b9401225fec550da80c4f7025bb8a198065f0dbe75b59,6a1ebdee6b34390f1430eab371e1c4108db1f124b59b7239d74785efa6474af9,0.2412841460487334,0.3008017352156844,0.45791411873558235,1.8978209975018212,0.9667395231485169,weak,0.990916832556133,-0.09912966010198203,-0.09086881447992096,lambda_min,TARGET_FRAME,1,0.05,0.049545841627806654,-0.004956483005099102,-0.004543440723996048,"[[1.0,0.0,0.0,0.0],[0.0,1.0,0.0,0.0],[0.0,0.0,1.0,0.0],[0.0,0.0,0.0,1.0]]","[[1.0,0.0,0.0,0.049545841627806654],[0.0,1.0,0.0,-0.004956483005099102],[0.0,0.0,1.0,-0.004543440723996048],[0.0,0.0,0.0,1.0]]",source/query_to_target/map,LEFT: T_initial=Delta_T@T_star,true,true,false,false,true,true,ASSUMED_METERS_FROM_SCALE,"[[1.0,-0.00013229985779616982,0.00015110975073184818,3.0223483918234706e-05],[0.00013233764912001789,1.0,-0.0002500690461602062,0.0005274568102322519],[-0.00015107665967661887,0.00025008904049173,1.0,5.400638474384323e-05],[0.0,0.0,0.0,1.0]]",0.05000000000000001,0.0005310751690991,0.0,0.0183772971018308,3.0223483918234706e-05,0.0005274568102322519,5.400638474384323e-05,0.989378496618018,true,true,true,0.0003957292495912399,,15366,9,1174.179836,1.15.1,
CP-R_TEST_01_Q05-W-50MM-NEG-O3D,R_TEST_01,Rich,R_TEST_01_Q05,open3d,/home/lj/zero_perturbation_runtime/real_data/mid360_two_scene_pilot_v1/canonical_sources/R_TEST_01_Q05/source_points.npy,f76a227b96a4308a80e63e2b307e86ea59528878de9d8f3cce8e7a8d3c85c11a,d057bff7bce05877a9331e60ea3f7b42739153e8e2bf644ef07e1dba7e9961d4,/home/lj/zero_perturbation_runtime/real_data/mid360_two_scene_pilot_v1/target_maps/R_TEST_01/target_points.npy,43c6f299b5b24d220e6ee1a5ad8395ebb1380f992ff4fe207f822e25c92a65f7,d08c60b22a7dc3f1345b9401225fec550da80c4f7025bb8a198065f0dbe75b59,6a1ebdee6b34390f1430eab371e1c4108db1f124b59b7239d74785efa6474af9,0.2412841460487334,0.3008017352156844,0.45791411873558235,1.8978209975018212,0.9667395231485169,weak,0.990916832556133,-0.09912966010198203,-0.09086881447992096,lambda_min,TARGET_FRAME,-1,0.05,-0.049545841627806654,0.004956483005099102,0.004543440723996048,"[[1.0,0.0,0.0,0.0],[0.0,1.0,0.0,0.0],[0.0,0.0,1.0,0.0],[0.0,0.0,0.0,1.0]]","[[1.0,0.0,0.0,-0.049545841627806654],[0.0,1.0,0.0,0.004956483005099102],[0.0,0.0,1.0,0.004543440723996048],[0.0,0.0,0.0,1.0]]",source/query_to_target/map,LEFT: T_initial=Delta_T@T_star,true,true,false,false,true,true,ASSUMED_METERS_FROM_SCALE,"[[0.9999999709636072,-0.00013423133982603063,0.00020013678281643413,-4.483399010198006e-06],[0.00013425903775951968,0.9999999814116353,-0.00013838800565429914,0.0004477740971626672],[-0.00020011820308880383,0.00013841487180789173,0.9999999703970135,8.404889477669861e-05],[0.0,0.0,0.0,1.0]]",0.05000000000000001,0.00045561602218283646,0.0,0.015922428509777826,-4.483399010198006e-06,0.0004477740971626672,8.404889477669861e-05,0.9908876795563433,true,true,true,1.0,0.01989153380526622,15366,,34.42548399925727,0.19.0+b012259,
CP-R_TEST_01_Q05-W-50MM-NEG-PCL,R_TEST_01,Rich,R_TEST_01_Q05,pcl,/home/lj/zero_perturbation_runtime/real_data/mid360_two_scene_pilot_v1/canonical_sources/R_TEST_01_Q05/source_points.npy,f76a227b96a4308a80e63e2b307e86ea59528878de9d8f3cce8e7a8d3c85c11a,d057bff7bce05877a9331e60ea3f7b42739153e8e2bf644ef07e1dba7e9961d4,/home/lj/zero_perturbation_runtime/real_data/mid360_two_scene_pilot_v1/target_maps/R_TEST_01/target_points.npy,43c6f299b5b24d220e6ee1a5ad8395ebb1380f992ff4fe207f822e25c92a65f7,d08c60b22a7dc3f1345b9401225fec550da80c4f7025bb8a198065f0dbe75b59,6a1ebdee6b34390f1430eab371e1c4108db1f124b59b7239d74785efa6474af9,0.2412841460487334,0.3008017352156844,0.45791411873558235,1.8978209975018212,0.9667395231485169,weak,0.990916832556133,-0.09912966010198203,-0.09086881447992096,lambda_min,TARGET_FRAME,-1,0.05,-0.049545841627806654,0.004956483005099102,0.004543440723996048,"[[1.0,0.0,0.0,0.0],[0.0,1.0,0.0,0.0],[0.0,0.0,1.0,0.0],[0.0,0.0,0.0,1.0]]","[[1.0,0.0,0.0,-0.049545841627806654],[0.0,1.0,0.0,0.004956483005099102],[0.0,0.0,1.0,0.004543440723996048],[0.0,0.0,0.0,1.0]]",source/query_to_target/map,LEFT: T_initial=Delta_T@T_star,true,true,false,false,true,true,ASSUMED_METERS_FROM_SCALE,"[[0.9999999403953552,-0.00014582963194698095,0.00014849661965854466,3.0136287023196928e-05],[0.00014586647739633918,1.0,-0.00024819650570861995,0.0005404399707913399],[-0.00014846039994154125,0.00024821815895847976,0.9999999403953552,6.274591578403488e-05],[0.0,0.0,0.0,1.0]]",0.05000000000000001,0.0005449042188972903,0.0,0.01855927010052144,3.0136287023196928e-05,0.0005404399707913399,6.274591578403488e-05,0.9891019156220542,true,true,true,0.0003957783831490728,,15366,9,1234.027574,1.15.1,
CP-R_TEST_01_Q05-S-10MM-POS-O3D,R_TEST_01,Rich,R_TEST_01_Q05,open3d,/home/lj/zero_perturbation_runtime/real_data/mid360_two_scene_pilot_v1/canonical_sources/R_TEST_01_Q05/source_points.npy,f76a227b96a4308a80e63e2b307e86ea59528878de9d8f3cce8e7a8d3c85c11a,d057bff7bce05877a9331e60ea3f7b42739153e8e2bf644ef07e1dba7e9961d4,/home/lj/zero_perturbation_runtime/real_data/mid360_two_scene_pilot_v1/target_maps/R_TEST_01/target_points.npy,43c6f299b5b24d220e6ee1a5ad8395ebb1380f992ff4fe207f822e25c92a65f7,d08c60b22a7dc3f1345b9401225fec550da80c4f7025bb8a198065f0dbe75b59,6a1ebdee6b34390f1430eab371e1c4108db1f124b59b7239d74785efa6474af9,0.2412841460487334,0.3008017352156844,0.45791411873558235,1.8978209975018212,0.9667395231485169,strong,0.09496353796612403,0.9942696862004683,-0.049088874093617244,lambda_max,TARGET_FRAME,1,0.01,0.0009496353796612403,0.009942696862004684,-0.0004908887409361724,"[[1.0,0.0,0.0,0.0],[0.0,1.0,0.0,0.0],[0.0,0.0,1.0,0.0],[0.0,0.0,0.0,1.0]]","[[1.0,0.0,0.0,0.0009496353796612403],[0.0,1.0,0.0,0.009942696862004684],[0.0,0.0,1.0,-0.0004908887409361724],[0.0,0.0,0.0,1.0]]",source/query_to_target/map,LEFT: T_initial=Delta_T@T_star,true,true,false,false,true,true,ASSUMED_METERS_FROM_SCALE,"[[0.9999999795855571,-0.0001199910173016882,0.00016257626415915792,1.5714079271813966e-05],[0.00012002355971482296,0.9999999727627388,-0.00020017209348235872,0.0004932939526355776],[-0.00016255224087789342,0.00020019160237790633,0.999999966750045,7.715635580177244e-05],[0.0,0.0,0.0,1.0]]",0.010000000000000002,0.0004995387464799923,0.0,0.016296762957523803,1.5714079271813966e-05,0.0004932939526355776,7.715635580177244e-05,0.9500461253520007,true,true,true,1.0,0.019890870764521888,15366,,34.961729000315245,0.19.0+b012259,
CP-R_TEST_01_Q05-S-10MM-POS-PCL,R_TEST_01,Rich,R_TEST_01_Q05,pcl,/home/lj/zero_perturbation_runtime/real_data/mid360_two_scene_pilot_v1/canonical_sources/R_TEST_01_Q05/source_points.npy,f76a227b96a4308a80e63e2b307e86ea59528878de9d8f3cce8e7a8d3c85c11a,d057bff7bce05877a9331e60ea3f7b42739153e8e2bf644ef07e1dba7e9961d4,/home/lj/zero_perturbation_runtime/real_data/mid360_two_scene_pilot_v1/target_maps/R_TEST_01/target_points.npy,43c6f299b5b24d220e6ee1a5ad8395ebb1380f992ff4fe207f822e25c92a65f7,d08c60b22a7dc3f1345b9401225fec550da80c4f7025bb8a198065f0dbe75b59,6a1ebdee6b34390f1430eab371e1c4108db1f124b59b7239d74785efa6474af9,0.2412841460487334,0.3008017352156844,0.45791411873558235,1.8978209975018212,0.9667395231485169,strong,0.09496353796612403,0.9942696862004683,-0.049088874093617244,lambda_max,TARGET_FRAME,1,0.01,0.0009496353796612403,0.009942696862004684,-0.0004908887409361724,"[[1.0,0.0,0.0,0.0],[0.0,1.0,0.0,0.0],[0.0,0.0,1.0,0.0],[0.0,0.0,0.0,1.0]]","[[1.0,0.0,0.0,0.0009496353796612403],[0.0,1.0,0.0,0.009942696862004684],[0.0,0.0,1.0,-0.0004908887409361724],[0.0,0.0,0.0,1.0]]",source/query_to_target/map,LEFT: T_initial=Delta_T@T_star,true,true,false,false,true,true,ASSUMED_METERS_FROM_SCALE,"[[1.0,-0.00014561395801138133,0.00014911075413692743,3.529639798216522e-05],[0.00014565109449904412,0.9999999403953552,-0.0002488680474925786,0.000540022854693234],[-0.0001490745198680088,0.0002488898462615907,0.9999999403953552,5.492136187967844e-05],[0.0,0.0,0.0,1.0]]",0.010000000000000002,0.0005439548467403004,0.0,0.018599359355985078,3.529639798216522e-05,0.000540022854693234,5.492136187967844e-05,0.94560451532597,true,true,true,0.00039577876595187696,,15366,6,1049.72225,1.15.1,
CP-R_TEST_01_Q05-S-10MM-NEG-O3D,R_TEST_01,Rich,R_TEST_01_Q05,open3d,/home/lj/zero_perturbation_runtime/real_data/mid360_two_scene_pilot_v1/canonical_sources/R_TEST_01_Q05/source_points.npy,f76a227b96a4308a80e63e2b307e86ea59528878de9d8f3cce8e7a8d3c85c11a,d057bff7bce05877a9331e60ea3f7b42739153e8e2bf644ef07e1dba7e9961d4,/home/lj/zero_perturbation_runtime/real_data/mid360_two_scene_pilot_v1/target_maps/R_TEST_01/target_points.npy,43c6f299b5b24d220e6ee1a5ad8395ebb1380f992ff4fe207f822e25c92a65f7,d08c60b22a7dc3f1345b9401225fec550da80c4f7025bb8a198065f0dbe75b59,6a1ebdee6b34390f1430eab371e1c4108db1f124b59b7239d74785efa6474af9,0.2412841460487334,0.3008017352156844,0.45791411873558235,1.8978209975018212,0.9667395231485169,strong,0.09496353796612403,0.9942696862004683,-0.049088874093617244,lambda_max,TARGET_FRAME,-1,0.01,-0.0009496353796612403,-0.009942696862004684,0.0004908887409361724,"[[1.0,0.0,0.0,0.0],[0.0,1.0,0.0,0.0],[0.0,0.0,1.0,0.0],[0.0,0.0,0.0,1.0]]","[[1.0,0.0,0.0,-0.0009496353796612403],[0.0,1.0,0.0,-0.009942696862004684],[0.0,0.0,1.0,0.0004908887409361724],[0.0,0.0,0.0,1.0]]",source/query_to_target/map,LEFT: T_initial=Delta_T@T_star,true,true,false,false,true,true,ASSUMED_METERS_FROM_SCALE,"[[0.999999980778933,-0.00011177716111552383,0.00016108382680499292,2.825908206721839e-05],[0.0001118083001222853,0.9999999750644374,-0.0001933132924065134,0.00047810975481287805],[-0.00016106221477724597,0.00019333129919967798,0.9999999683409851,7.251461824179302e-05],[0.0,0.0,0.0,1.0]]",0.010000000000000002,0.0004844026044782017,0.0,0.015776187105177808,2.825908206721839e-05,0.00047810975481287805,7.251461824179302e-05,0.9515597395521799,true,true,true,1.0,0.019890143219516824,15366,,39.13338100028341,0.19.0+b012259,
CP-R_TEST_01_Q05-S-10MM-NEG-PCL,R_TEST_01,Rich,R_TEST_01_Q05,pcl,/home/lj/zero_perturbation_runtime/real_data/mid360_two_scene_pilot_v1/canonical_sources/R_TEST_01_Q05/source_points.npy,f76a227b96a4308a80e63e2b307e86ea59528878de9d8f3cce8e7a8d3c85c11a,d057bff7bce05877a9331e60ea3f7b42739153e8e2bf644ef07e1dba7e9961d4,/home/lj/zero_perturbation_runtime/real_data/mid360_two_scene_pilot_v1/target_maps/R_TEST_01/target_points.npy,43c6f299b5b24d220e6ee1a5ad8395ebb1380f992ff4fe207f822e25c92a65f7,d08c60b22a7dc3f1345b9401225fec550da80c4f7025bb8a198065f0dbe75b59,6a1ebdee6b34390f1430eab371e1c4108db1f124b59b7239d74785efa6474af9,0.2412841460487334,0.3008017352156844,0.45791411873558235,1.8978209975018212,0.9667395231485169,strong,0.09496353796612403,0.9942696862004683,-0.049088874093617244,lambda_max,TARGET_FRAME,-1,0.01,-0.0009496353796612403,-0.009942696862004684,0.0004908887409361724,"[[1.0,0.0,0.0,0.0],[0.0,1.0,0.0,0.0],[0.0,0.0,1.0,0.0],[0.0,0.0,0.0,1.0]]","[[1.0,0.0,0.0,-0.0009496353796612403],[0.0,1.0,0.0,-0.009942696862004684],[0.0,0.0,1.0,0.0004908887409361724],[0.0,0.0,0.0,1.0]]",source/query_to_target/map,LEFT: T_initial=Delta_T@T_star,true,true,false,false,true,true,ASSUMED_METERS_FROM_SCALE,"[[1.0,-0.00010242785356240347,0.0001531644957140088,2.775880420813337e-05],[0.00010246405872749165,1.0,-0.0002363870880799368,0.0005054879002273083],[-0.00015314026677515358,0.0002364027313888073,1.0,5.235826029093005e-05],[0.0,0.0,0.0,1.0]]",0.010000000000000002,0.0005089498559858048,0.0,0.017172815055247582,2.775880420813337e-05,0.0005054879002273083,5.235826029093005e-05,0.9491050144014195,true,true,true,0.0003956087005374795,,15366,8,1068.301748,1.15.1,
CP-R_TEST_01_Q05-S-30MM-POS-O3D,R_TEST_01,Rich,R_TEST_01_Q05,open3d,/home/lj/zero_perturbation_runtime/real_data/mid360_two_scene_pilot_v1/canonical_sources/R_TEST_01_Q05/source_points.npy,f76a227b96a4308a80e63e2b307e86ea59528878de9d8f3cce8e7a8d3c85c11a,d057bff7bce05877a9331e60ea3f7b42739153e8e2bf644ef07e1dba7e9961d4,/home/lj/zero_perturbation_runtime/real_data/mid360_two_scene_pilot_v1/target_maps/R_TEST_01/target_points.npy,43c6f299b5b24d220e6ee1a5ad8395ebb1380f992ff4fe207f822e25c92a65f7,d08c60b22a7dc3f1345b9401225fec550da80c4f7025bb8a198065f0dbe75b59,6a1ebdee6b34390f1430eab371e1c4108db1f124b59b7239d74785efa6474af9,0.2412841460487334,0.3008017352156844,0.45791411873558235,1.8978209975018212,0.9667395231485169,strong,0.09496353796612403,0.9942696862004683,-0.049088874093617244,lambda_max,TARGET_FRAME,1,0.03,0.002848906138983721,0.029828090586014048,-0.0014726662228085172,"[[1.0,0.0,0.0,0.0],[0.0,1.0,0.0,0.0],[0.0,0.0,1.0,0.0],[0.0,0.0,0.0,1.0]]","[[1.0,0.0,0.0,0.002848906138983721],[0.0,1.0,0.0,0.029828090586014048],[0.0,0.0,1.0,-0.0014726662228085172],[0.0,0.0,0.0,1.0]]",source/query_to_target/map,LEFT: T_initial=Delta_T@T_star,true,true,false,false,true,true,ASSUMED_METERS_FROM_SCALE,"[[0.9999999680161068,-0.00015000606816395508,0.000203631933457331,1.3307090277764012e-05],[0.00015003099909932527,0.9999999812518241,-0.00012242160996876378,0.0004414306834740796],[-0.00020361356565523405,0.00012245215715566923,0.9999999717734921,8.472931051799666e-05],[0.0,0.0,0.0,1.0]]",0.030000000000000002,0.0004496856491204814,0.0,0.016099867027594607,1.3307090277764012e-05,0.0004414306834740796,8.472931051799666e-05,0.9850104783626507,true,true,true,1.0,0.019892946174658123,15366,,33.64205599973502,0.19.0+b012259,
CP-R_TEST_01_Q05-S-30MM-POS-PCL,R_TEST_01,Rich,R_TEST_01_Q05,pcl,/home/lj/zero_perturbation_runtime/real_data/mid360_two_scene_pilot_v1/canonical_sources/R_TEST_01_Q05/source_points.npy,f76a227b96a4308a80e63e2b307e86ea59528878de9d8f3cce8e7a8d3c85c11a,d057bff7bce05877a9331e60ea3f7b42739153e8e2bf644ef07e1dba7e9961d4,/home/lj/zero_perturbation_runtime/real_data/mid360_two_scene_pilot_v1/target_maps/R_TEST_01/target_points.npy,43c6f299b5b24d220e6ee1a5ad8395ebb1380f992ff4fe207f822e25c92a65f7,d08c60b22a7dc3f1345b9401225fec550da80c4f7025bb8a198065f0dbe75b59,6a1ebdee6b34390f1430eab371e1c4108db1f124b59b7239d74785efa6474af9,0.2412841460487334,0.3008017352156844,0.45791411873558235,1.8978209975018212,0.9667395231485169,strong,0.09496353796612403,0.9942696862004683,-0.049088874093617244,lambda_max,TARGET_FRAME,1,0.03,0.002848906138983721,0.029828090586014048,-0.0014726662228085172,"[[1.0,0.0,0.0,0.0],[0.0,1.0,0.0,0.0],[0.0,0.0,1.0,0.0],[0.0,0.0,0.0,1.0]]","[[1.0,0.0,0.0,0.002848906138983721],[0.0,1.0,0.0,0.029828090586014048],[0.0,0.0,1.0,-0.0014726662228085172],[0.0,0.0,0.0,1.0]]",source/query_to_target/map,LEFT: T_initial=Delta_T@T_star,true,true,false,false,true,true,ASSUMED_METERS_FROM_SCALE,"[[0.9999999403953552,-0.00015327332948800176,0.00014822438242845237,5.699163011740893e-05],[0.0001533095637569204,0.9999999403953552,-0.00024460494751110673,0.0005484261200763285],[-0.00014818688214290887,0.00024462767760269344,0.9999999403953552,6.160222983453423e-05],[0.0,0.0,0.0,1.0]]",0.030000000000000002,0.0005548099582794111,0.0,0.018592487145147395,5.699163011740893e-05,0.0005484261200763285,6.160222983453423e-05,0.9815063347240196,true,true,true,0.00039580853707492966,,15366,7,1072.218116,1.15.1,
CP-R_TEST_01_Q05-S-30MM-NEG-O3D,R_TEST_01,Rich,R_TEST_01_Q05,open3d,/home/lj/zero_perturbation_runtime/real_data/mid360_two_scene_pilot_v1/canonical_sources/R_TEST_01_Q05/source_points.npy,f76a227b96a4308a80e63e2b307e86ea59528878de9d8f3cce8e7a8d3c85c11a,d057bff7bce05877a9331e60ea3f7b42739153e8e2bf644ef07e1dba7e9961d4,/home/lj/zero_perturbation_runtime/real_data/mid360_two_scene_pilot_v1/target_maps/R_TEST_01/target_points.npy,43c6f299b5b24d220e6ee1a5ad8395ebb1380f992ff4fe207f822e25c92a65f7,d08c60b22a7dc3f1345b9401225fec550da80c4f7025bb8a198065f0dbe75b59,6a1ebdee6b34390f1430eab371e1c4108db1f124b59b7239d74785efa6474af9,0.2412841460487334,0.3008017352156844,0.45791411873558235,1.8978209975018212,0.9667395231485169,strong,0.09496353796612403,0.9942696862004683,-0.049088874093617244,lambda_max,TARGET_FRAME,-1,0.03,-0.002848906138983721,-0.029828090586014048,0.0014726662228085172,"[[1.0,0.0,0.0,0.0],[0.0,1.0,0.0,0.0],[0.0,0.0,1.0,0.0],[0.0,0.0,0.0,1.0]]","[[1.0,0.0,0.0,-0.002848906138983721],[0.0,1.0,0.0,-0.029828090586014048],[0.0,0.0,1.0,0.0014726662228085172],[0.0,0.0,0.0,1.0]]",source/query_to_target/map,LEFT: T_initial=Delta_T@T_star,true,true,false,false,true,true,ASSUMED_METERS_FROM_SCALE,"[[0.9999999810250645,-0.00011116011029089645,0.00015997906453150214,1.733210428697116e-05],[0.00011119108340873664,0.9999999750755745,-0.00019361144965499388,0.000478019978258262],[-0.00015995753867401857,0.00019362923422673692,0.9999999684606521,8.036750776845689e-05],[0.0,0.0,0.0,1.0]]",0.030000000000000002,0.00048503859409118843,0.0,0.015736920753107814,1.733210428697116e-05,0.000478019978258262,8.036750776845689e-05,0.983832046863627,true,true,true,1.0,0.019890033676144354,15366,,37.697056000070006,0.19.0+b012259,
CP-R_TEST_01_Q05-S-30MM-NEG-PCL,R_TEST_01,Rich,R_TEST_01_Q05,pcl,/home/lj/zero_perturbation_runtime/real_data/mid360_two_scene_pilot_v1/canonical_sources/R_TEST_01_Q05/source_points.npy,f76a227b96a4308a80e63e2b307e86ea59528878de9d8f3cce8e7a8d3c85c11a,d057bff7bce05877a9331e60ea3f7b42739153e8e2bf644ef07e1dba7e9961d4,/home/lj/zero_perturbation_runtime/real_data/mid360_two_scene_pilot_v1/target_maps/R_TEST_01/target_points.npy,43c6f299b5b24d220e6ee1a5ad8395ebb1380f992ff4fe207f822e25c92a65f7,d08c60b22a7dc3f1345b9401225fec550da80c4f7025bb8a198065f0dbe75b59,6a1ebdee6b34390f1430eab371e1c4108db1f124b59b7239d74785efa6474af9,0.2412841460487334,0.3008017352156844,0.45791411873558235,1.8978209975018212,0.9667395231485169,strong,0.09496353796612403,0.9942696862004683,-0.049088874093617244,lambda_max,TARGET_FRAME,-1,0.03,-0.002848906138983721,-0.029828090586014048,0.0014726662228085172,"[[1.0,0.0,0.0,0.0],[0.0,1.0,0.0,0.0],[0.0,0.0,1.0,0.0],[0.0,0.0,0.0,1.0]]","[[1.0,0.0,0.0,-0.002848906138983721],[0.0,1.0,0.0,-0.029828090586014048],[0.0,0.0,1.0,0.0014726662228085172],[0.0,0.0,0.0,1.0]]",source/query_to_target/map,LEFT: T_initial=Delta_T@T_star,true,true,false,false,true,true,ASSUMED_METERS_FROM_SCALE,"[[1.0,-0.00010557103087194264,0.00015557253209408373,1.1416981578804553e-05],[0.00010560792725300416,1.0,-0.00023721375328022987,0.0005088387406431139],[-0.0001555474882479757,0.00023723016784060746,1.0,6.725535786245018e-05],[0.0,0.0,0.0,1.0]]",0.030000000000000002,0.000513391171144233,0.0,0.01734296114733241,1.1416981578804553e-05,0.0005088387406431139,6.725535786245018e-05,0.9828869609618589,true,true,true,0.0003956168135853316,,15366,9,1096.488908,1.15.1,
CP-R_TEST_01_Q05-S-50MM-POS-O3D,R_TEST_01,Rich,R_TEST_01_Q05,open3d,/home/lj/zero_perturbation_runtime/real_data/mid360_two_scene_pilot_v1/canonical_sources/R_TEST_01_Q05/source_points.npy,f76a227b96a4308a80e63e2b307e86ea59528878de9d8f3cce8e7a8d3c85c11a,d057bff7bce05877a9331e60ea3f7b42739153e8e2bf644ef07e1dba7e9961d4,/home/lj/zero_perturbation_runtime/real_data/mid360_two_scene_pilot_v1/target_maps/R_TEST_01/target_points.npy,43c6f299b5b24d220e6ee1a5ad8395ebb1380f992ff4fe207f822e25c92a65f7,d08c60b22a7dc3f1345b9401225fec550da80c4f7025bb8a198065f0dbe75b59,6a1ebdee6b34390f1430eab371e1c4108db1f124b59b7239d74785efa6474af9,0.2412841460487334,0.3008017352156844,0.45791411873558235,1.8978209975018212,0.9667395231485169,strong,0.09496353796612403,0.9942696862004683,-0.049088874093617244,lambda_max,TARGET_FRAME,1,0.05,0.004748176898306202,0.04971348431002342,-0.0024544437046808624,"[[1.0,0.0,0.0,0.0],[0.0,1.0,0.0,0.0],[0.0,0.0,1.0,0.0],[0.0,0.0,0.0,1.0]]","[[1.0,0.0,0.0,0.004748176898306202],[0.0,1.0,0.0,0.04971348431002342],[0.0,0.0,1.0,-0.0024544437046808624],[0.0,0.0,0.0,1.0]]",source/query_to_target/map,LEFT: T_initial=Delta_T@T_star,true,true,false,false,true,true,ASSUMED_METERS_FROM_SCALE,"[[0.9999999680161076,-0.00015000606842027235,0.00020363193111452588,1.330709178880906e-05],[0.00015003099935318335,0.9999999812518254,-0.00012242159930043678,0.00044143067457986645],[-0.0002036135633139981,0.00012245214648704257,0.9999999717734938,8.47293207481866e-05],[0.0,0.0,0.0,1.0]]",0.05000000000000001,0.00044968564236181794,0.0,0.01609986667182574,1.330709178880906e-05,0.00044143067457986645,8.47293207481866e-05,0.9910062871527636,true,true,true,1.0,0.01989294617461412,15366,,33.52244200050336,0.19.0+b012259,
CP-R_TEST_01_Q05-S-50MM-POS-PCL,R_TEST_01,Rich,R_TEST_01_Q05,pcl,/home/lj/zero_perturbation_runtime/real_data/mid360_two_scene_pilot_v1/canonical_sources/R_TEST_01_Q05/source_points.npy,f76a227b96a4308a80e63e2b307e86ea59528878de9d8f3cce8e7a8d3c85c11a,d057bff7bce05877a9331e60ea3f7b42739153e8e2bf644ef07e1dba7e9961d4,/home/lj/zero_perturbation_runtime/real_data/mid360_two_scene_pilot_v1/target_maps/R_TEST_01/target_points.npy,43c6f299b5b24d220e6ee1a5ad8395ebb1380f992ff4fe207f822e25c92a65f7,d08c60b22a7dc3f1345b9401225fec550da80c4f7025bb8a198065f0dbe75b59,6a1ebdee6b34390f1430eab371e1c4108db1f124b59b7239d74785efa6474af9,0.2412841460487334,0.3008017352156844,0.45791411873558235,1.8978209975018212,0.9667395231485169,strong,0.09496353796612403,0.9942696862004683,-0.049088874093617244,lambda_max,TARGET_FRAME,1,0.05,0.004748176898306202,0.04971348431002342,-0.0024544437046808624,"[[1.0,0.0,0.0,0.0],[0.0,1.0,0.0,0.0],[0.0,0.0,1.0,0.0],[0.0,0.0,0.0,1.0]]","[[1.0,0.0,0.0,0.004748176898306202],[0.0,1.0,0.0,0.04971348431002342],[0.0,0.0,1.0,-0.0024544437046808624],[0.0,0.0,0.0,1.0]]",source/query_to_target/map,LEFT: T_initial=Delta_T@T_star,true,true,false,false,true,true,ASSUMED_METERS_FROM_SCALE,"[[0.9999999403953552,-0.0001532688911538571,0.00014813742018304765,5.665261051035486e-05],[0.00015330521273426712,0.9999999403953552,-0.0002448965678922832,0.0005482377018779516],[-0.00014809986168984324,0.00024491926888003945,1.0,6.0270838730502874e-05],[0.0,0.0,0.0,1.0]]",0.05000000000000001,0.0005544426661426175,0.0,0.018602691489722406,5.665261051035486e-05,0.0005482377018779516,6.0270838730502874e-05,0.9889111466771476,true,true,true,0.00039580862185333753,,15366,8,1136.051339,1.15.1,
CP-R_TEST_01_Q05-S-50MM-NEG-O3D,R_TEST_01,Rich,R_TEST_01_Q05,open3d,/home/lj/zero_perturbation_runtime/real_data/mid360_two_scene_pilot_v1/canonical_sources/R_TEST_01_Q05/source_points.npy,f76a227b96a4308a80e63e2b307e86ea59528878de9d8f3cce8e7a8d3c85c11a,d057bff7bce05877a9331e60ea3f7b42739153e8e2bf644ef07e1dba7e9961d4,/home/lj/zero_perturbation_runtime/real_data/mid360_two_scene_pilot_v1/target_maps/R_TEST_01/target_points.npy,43c6f299b5b24d220e6ee1a5ad8395ebb1380f992ff4fe207f822e25c92a65f7,d08c60b22a7dc3f1345b9401225fec550da80c4f7025bb8a198065f0dbe75b59,6a1ebdee6b34390f1430eab371e1c4108db1f124b59b7239d74785efa6474af9,0.2412841460487334,0.3008017352156844,0.45791411873558235,1.8978209975018212,0.9667395231485169,strong,0.09496353796612403,0.9942696862004683,-0.049088874093617244,lambda_max,TARGET_FRAME,-1,0.05,-0.004748176898306202,-0.04971348431002342,0.0024544437046808624,"[[1.0,0.0,0.0,0.0],[0.0,1.0,0.0,0.0],[0.0,0.0,1.0,0.0],[0.0,0.0,0.0,1.0]]","[[1.0,0.0,0.0,-0.004748176898306202],[0.0,1.0,0.0,-0.04971348431002342],[0.0,0.0,1.0,0.0024544437046808624],[0.0,0.0,0.0,1.0]]",source/query_to_target/map,LEFT: T_initial=Delta_T@T_star,true,true,false,false,true,true,ASSUMED_METERS_FROM_SCALE,"[[0.9999999807789333,-0.00011177716091006072,0.0001610838267686095,2.8259082001334256e-05],[0.00011180829991690321,0.9999999750644369,-0.00019331329295290702,0.00047810975516692677],[-0.0001610622147408411,0.00019333129974603435,0.999999968340985,7.251461777514424e-05],[0.0,0.0,0.0,1.0]]",0.05000000000000001,0.00048440260475395057,0.0,0.01577618712115307,2.8259082001334256e-05,0.00047810975516692677,7.251461777514424e-05,0.9903119479049209,true,true,true,1.0,0.019890143219505645,15366,,37.328751999666565,0.19.0+b012259,
CP-R_TEST_01_Q05-S-50MM-NEG-PCL,R_TEST_01,Rich,R_TEST_01_Q05,pcl,/home/lj/zero_perturbation_runtime/real_data/mid360_two_scene_pilot_v1/canonical_sources/R_TEST_01_Q05/source_points.npy,f76a227b96a4308a80e63e2b307e86ea59528878de9d8f3cce8e7a8d3c85c11a,d057bff7bce05877a9331e60ea3f7b42739153e8e2bf644ef07e1dba7e9961d4,/home/lj/zero_perturbation_runtime/real_data/mid360_two_scene_pilot_v1/target_maps/R_TEST_01/target_points.npy,43c6f299b5b24d220e6ee1a5ad8395ebb1380f992ff4fe207f822e25c92a65f7,d08c60b22a7dc3f1345b9401225fec550da80c4f7025bb8a198065f0dbe75b59,6a1ebdee6b34390f1430eab371e1c4108db1f124b59b7239d74785efa6474af9,0.2412841460487334,0.3008017352156844,0.45791411873558235,1.8978209975018212,0.9667395231485169,strong,0.09496353796612403,0.9942696862004683,-0.049088874093617244,lambda_max,TARGET_FRAME,-1,0.05,-0.004748176898306202,-0.04971348431002342,0.0024544437046808624,"[[1.0,0.0,0.0,0.0],[0.0,1.0,0.0,0.0],[0.0,0.0,1.0,0.0],[0.0,0.0,0.0,1.0]]","[[1.0,0.0,0.0,-0.004748176898306202],[0.0,1.0,0.0,-0.04971348431002342],[0.0,0.0,1.0,0.0024544437046808624],[0.0,0.0,0.0,1.0]]",source/query_to_target/map,LEFT: T_initial=Delta_T@T_star,true,true,false,false,true,true,ASSUMED_METERS_FROM_SCALE,"[[0.9999999403953552,-0.00010229092731606215,0.0001532166643301025,2.6436779080540873e-05],[0.00010232714703306556,0.9999999403953552,-0.00023634651734028012,0.000505301752127707],[-0.00015319249359890819,0.00023636218975298107,1.0,5.249789319350384e-05],[0.0,0.0,0.0,1.0]]",0.05000000000000001,0.0005087089470229912,0.0,0.01716983163703736,2.6436779080540873e-05,0.000505301752127707,5.249789319350384e-05,0.9898258210595402,true,true,true,0.00039560801585660253,,15366,9,1091.696542,1.15.1,
CP-R_TEST_01_Q06-W-10MM-POS-O3D,R_TEST_01,Rich,R_TEST_01_Q06,open3d,/home/lj/zero_perturbation_runtime/real_data/mid360_two_scene_pilot_v1/canonical_sources/R_TEST_01_Q06/source_points.npy,325ec45c672bb2f7b4a1d1899adf5e972f3bc953cf67f30a32b97eac195e2e29,f6bb3f5ba310894a2220cdb08ffb37fa9be44b45ddaa2535c2d86dad4d2cae5f,/home/lj/zero_perturbation_runtime/real_data/mid360_two_scene_pilot_v1/target_maps/R_TEST_01/target_points.npy,43c6f299b5b24d220e6ee1a5ad8395ebb1380f992ff4fe207f822e25c92a65f7,d08c60b22a7dc3f1345b9401225fec550da80c4f7025bb8a198065f0dbe75b59,6a1ebdee6b34390f1430eab371e1c4108db1f124b59b7239d74785efa6474af9,0.24720409335928786,0.29904118325837087,0.4537547233823416,1.8355469653281664,0.9694310675734957,weak,0.9841055041167887,-0.09567276347719332,-0.14960975601770876,lambda_min,TARGET_FRAME,1,0.01,0.009841055041167886,-0.0009567276347719332,-0.0014960975601770877,"[[1.0,0.0,0.0,0.0],[0.0,1.0,0.0,0.0],[0.0,0.0,1.0,0.0],[0.0,0.0,0.0,1.0]]","[[1.0,0.0,0.0,0.009841055041167886],[0.0,1.0,0.0,-0.0009567276347719332],[0.0,0.0,1.0,-0.0014960975601770877],[0.0,0.0,0.0,1.0]]",source/query_to_target/map,LEFT: T_initial=Delta_T@T_star,true,true,false,false,true,true,ASSUMED_METERS_FROM_SCALE,"[[0.9999999790384155,0.00019944850306487198,-4.6297546658628846e-05,-4.4500105014590866e-05],[-0.00019946544990062092,0.9999999130093173,-0.0003663262099742299,0.00016716869684878257],[4.6224479416960845e-05,0.0003663354370564256,0.9999999318308205,0.00018813223384953049],[0.0,0.0,0.0,1.0]]",0.01,0.0002555765442399678,0.0,0.024045220157800463,-4.4500105014590866e-05,0.00016716869684878257,0.00018813223384953049,0.9744423455760032,true,true,true,1.0,0.019984392792020564,15395,,31.365795000056096,0.19.0+b012259,
CP-R_TEST_01_Q06-W-10MM-POS-PCL,R_TEST_01,Rich,R_TEST_01_Q06,pcl,/home/lj/zero_perturbation_runtime/real_data/mid360_two_scene_pilot_v1/canonical_sources/R_TEST_01_Q06/source_points.npy,325ec45c672bb2f7b4a1d1899adf5e972f3bc953cf67f30a32b97eac195e2e29,f6bb3f5ba310894a2220cdb08ffb37fa9be44b45ddaa2535c2d86dad4d2cae5f,/home/lj/zero_perturbation_runtime/real_data/mid360_two_scene_pilot_v1/target_maps/R_TEST_01/target_points.npy,43c6f299b5b24d220e6ee1a5ad8395ebb1380f992ff4fe207f822e25c92a65f7,d08c60b22a7dc3f1345b9401225fec550da80c4f7025bb8a198065f0dbe75b59,6a1ebdee6b34390f1430eab371e1c4108db1f124b59b7239d74785efa6474af9,0.24720409335928786,0.29904118325837087,0.4537547233823416,1.8355469653281664,0.9694310675734957,weak,0.9841055041167887,-0.09567276347719332,-0.14960975601770876,lambda_min,TARGET_FRAME,1,0.01,0.009841055041167886,-0.0009567276347719332,-0.0014960975601770877,"[[1.0,0.0,0.0,0.0],[0.0,1.0,0.0,0.0],[0.0,0.0,1.0,0.0],[0.0,0.0,0.0,1.0]]","[[1.0,0.0,0.0,0.009841055041167886],[0.0,1.0,0.0,-0.0009567276347719332],[0.0,0.0,1.0,-0.0014960975601770877],[0.0,0.0,0.0,1.0]]",source/query_to_target/map,LEFT: T_initial=Delta_T@T_star,true,true,false,false,true,true,ASSUMED_METERS_FROM_SCALE,"[[1.0,0.00014019726950209588,-5.391666854848154e-05,-0.00010950274008791894],[-0.00014021777315065265,1.0,-0.00038037641206756234,0.00022807103232480586],[5.3863346693105996e-05,0.0003803838917519897,1.0,0.00019905292720068246],[0.0,0.0,0.0,1.0]]",0.01,0.00032191507218461385,0.0,0.023431895292516384,-0.00010950274008791894,0.00022807103232480586,0.00019905292720068246,0.9678084927815386,true,true,true,0.00039941418335944287,,15395,8,1090.359014,1.15.1,
CP-R_TEST_01_Q06-W-10MM-NEG-O3D,R_TEST_01,Rich,R_TEST_01_Q06,open3d,/home/lj/zero_perturbation_runtime/real_data/mid360_two_scene_pilot_v1/canonical_sources/R_TEST_01_Q06/source_points.npy,325ec45c672bb2f7b4a1d1899adf5e972f3bc953cf67f30a32b97eac195e2e29,f6bb3f5ba310894a2220cdb08ffb37fa9be44b45ddaa2535c2d86dad4d2cae5f,/home/lj/zero_perturbation_runtime/real_data/mid360_two_scene_pilot_v1/target_maps/R_TEST_01/target_points.npy,43c6f299b5b24d220e6ee1a5ad8395ebb1380f992ff4fe207f822e25c92a65f7,d08c60b22a7dc3f1345b9401225fec550da80c4f7025bb8a198065f0dbe75b59,6a1ebdee6b34390f1430eab371e1c4108db1f124b59b7239d74785efa6474af9,0.24720409335928786,0.29904118325837087,0.4537547233823416,1.8355469653281664,0.9694310675734957,weak,0.9841055041167887,-0.09567276347719332,-0.14960975601770876,lambda_min,TARGET_FRAME,-1,0.01,-0.009841055041167886,0.0009567276347719332,0.0014960975601770877,"[[1.0,0.0,0.0,0.0],[0.0,1.0,0.0,0.0],[0.0,0.0,1.0,0.0],[0.0,0.0,0.0,1.0]]","[[1.0,0.0,0.0,-0.009841055041167886],[0.0,1.0,0.0,0.0009567276347719332],[0.0,0.0,1.0,0.0014960975601770877],[0.0,0.0,0.0,1.0]]",source/query_to_target/map,LEFT: T_initial=Delta_T@T_star,true,true,false,false,true,true,ASSUMED_METERS_FROM_SCALE,"[[0.999999979034,0.00019948667913922716,-4.622839849156524e-05,-4.473179926586599e-05],[-0.00019950355072913294,0.9999999133972729,-0.0003652448225723793,0.00016213772511669395],[4.6155533011332094e-05,0.00036525403764429986,0.9999999322295752,0.0001888944998049267],[0.0,0.0,0.0,1.0]]",0.01,0.00025292431244965715,0.0,0.023991758825099383,-4.473179926586599e-05,0.00016213772511669395,0.0001888944998049267,0.9747075687550343,true,true,true,1.0,0.01998443397880591,15395,,33.66752700003417,0.19.0+b012259,
CP-R_TEST_01_Q06-W-10MM-NEG-PCL,R_TEST_01,Rich,R_TEST_01_Q06,pcl,/home/lj/zero_perturbation_runtime/real_data/mid360_two_scene_pilot_v1/canonical_sources/R_TEST_01_Q06/source_points.npy,325ec45c672bb2f7b4a1d1899adf5e972f3bc953cf67f30a32b97eac195e2e29,f6bb3f5ba310894a2220cdb08ffb37fa9be44b45ddaa2535c2d86dad4d2cae5f,/home/lj/zero_perturbation_runtime/real_data/mid360_two_scene_pilot_v1/target_maps/R_TEST_01/target_points.npy,43c6f299b5b24d220e6ee1a5ad8395ebb1380f992ff4fe207f822e25c92a65f7,d08c60b22a7dc3f1345b9401225fec550da80c4f7025bb8a198065f0dbe75b59,6a1ebdee6b34390f1430eab371e1c4108db1f124b59b7239d74785efa6474af9,0.24720409335928786,0.29904118325837087,0.4537547233823416,1.8355469653281664,0.9694310675734957,weak,0.9841055041167887,-0.09567276347719332,-0.14960975601770876,lambda_min,TARGET_FRAME,-1,0.01,-0.009841055041167886,0.0009567276347719332,0.0014960975601770877,"[[1.0,0.0,0.0,0.0],[0.0,1.0,0.0,0.0],[0.0,0.0,1.0,0.0],[0.0,0.0,0.0,1.0]]","[[1.0,0.0,0.0,-0.009841055041167886],[0.0,1.0,0.0,0.0009567276347719332],[0.0,0.0,1.0,0.0014960975601770877],[0.0,0.0,0.0,1.0]]",source/query_to_target/map,LEFT: T_initial=Delta_T@T_star,true,true,false,false,true,true,ASSUMED_METERS_FROM_SCALE,"[[1.0,0.00013169691374059767,-4.5095021050656214e-05,-0.00012176568998256698],[-0.00013171456521376967,0.9999999403953552,-0.0003912495158147067,0.0002392983587924391],[4.5043496356811374e-05,0.0003912554820999503,0.9999999403953552,0.00018283304234500974],[0.0,0.0,0.0,1.0]]",0.01,0.0003248361266097379,0.0,0.023793700395080674,-0.00012176568998256698,0.0002392983587924391,0.00018283304234500974,0.9675163873390262,true,true,true,0.0003994292643616496,,15395,9,1224.010585,1.15.1,
CP-R_TEST_01_Q06-W-30MM-POS-O3D,R_TEST_01,Rich,R_TEST_01_Q06,open3d,/home/lj/zero_perturbation_runtime/real_data/mid360_two_scene_pilot_v1/canonical_sources/R_TEST_01_Q06/source_points.npy,325ec45c672bb2f7b4a1d1899adf5e972f3bc953cf67f30a32b97eac195e2e29,f6bb3f5ba310894a2220cdb08ffb37fa9be44b45ddaa2535c2d86dad4d2cae5f,/home/lj/zero_perturbation_runtime/real_data/mid360_two_scene_pilot_v1/target_maps/R_TEST_01/target_points.npy,43c6f299b5b24d220e6ee1a5ad8395ebb1380f992ff4fe207f822e25c92a65f7,d08c60b22a7dc3f1345b9401225fec550da80c4f7025bb8a198065f0dbe75b59,6a1ebdee6b34390f1430eab371e1c4108db1f124b59b7239d74785efa6474af9,0.24720409335928786,0.29904118325837087,0.4537547233823416,1.8355469653281664,0.9694310675734957,weak,0.9841055041167887,-0.09567276347719332,-0.14960975601770876,lambda_min,TARGET_FRAME,1,0.03,0.02952316512350366,-0.0028701829043157995,-0.004488292680531263,"[[1.0,0.0,0.0,0.0],[0.0,1.0,0.0,0.0],[0.0,0.0,1.0,0.0],[0.0,0.0,0.0,1.0]]","[[1.0,0.0,0.0,0.02952316512350366],[0.0,1.0,0.0,-0.0028701829043157995],[0.0,0.0,1.0,-0.004488292680531263],[0.0,0.0,0.0,1.0]]",source/query_to_target/map,LEFT: T_initial=Delta_T@T_star,true,true,false,false,true,true,ASSUMED_METERS_FROM_SCALE,"[[0.9999999791340723,0.0001990273404631675,-4.6043157960182694e-05,-4.6604625094625235e-05],[-0.00019904430357901536,0.9999999122182617,-0.00036870697671426036,0.00016898402322627413],[4.596977114944859e-05,0.0003687161336491581,0.9999999309675941,0.00019157781952101096],[0.0,0.0,0.0,1.0]]",0.030000000000000002,0.0002596722012814879,0.0,0.02415138251566819,-4.6604625094625235e-05,0.00016898402322627413,0.00019157781952101096,0.9913442599572837,true,true,true,1.0,0.019984357798400392,15395,,31.86938600083522,0.19.0+b012259,
CP-R_TEST_01_Q06-W-30MM-POS-PCL,R_TEST_01,Rich,R_TEST_01_Q06,pcl,/home/lj/zero_perturbation_runtime/real_data/mid360_two_scene_pilot_v1/canonical_sources/R_TEST_01_Q06/source_points.npy,325ec45c672bb2f7b4a1d1899adf5e972f3bc953cf67f30a32b97eac195e2e29,f6bb3f5ba310894a2220cdb08ffb37fa9be44b45ddaa2535c2d86dad4d2cae5f,/home/lj/zero_perturbation_runtime/real_data/mid360_two_scene_pilot_v1/target_maps/R_TEST_01/target_points.npy,43c6f299b5b24d220e6ee1a5ad8395ebb1380f992ff4fe207f822e25c92a65f7,d08c60b22a7dc3f1345b9401225fec550da80c4f7025bb8a198065f0dbe75b59,6a1ebdee6b34390f1430eab371e1c4108db1f124b59b7239d74785efa6474af9,0.24720409335928786,0.29904118325837087,0.4537547233823416,1.8355469653281664,0.9694310675734957,weak,0.9841055041167887,-0.09567276347719332,-0.14960975601770876,lambda_min,TARGET_FRAME,1,0.03,0.02952316512350366,-0.0028701829043157995,-0.004488292680531263,"[[1.0,0.0,0.0,0.0],[0.0,1.0,0.0,0.0],[0.0,0.0,1.0,0.0],[0.0,0.0,0.0,1.0]]","[[1.0,0.0,0.0,0.02952316512350366],[0.0,1.0,0.0,-0.0028701829043157995],[0.0,0.0,1.0,-0.004488292680531263],[0.0,0.0,0.0,1.0]]",source/query_to_target/map,LEFT: T_initial=Delta_T@T_star,true,true,false,false,true,true,ASSUMED_METERS_FROM_SCALE,"[[1.0,0.00013147479330655187,-4.513985913945362e-05,-0.00011896412615897134],[-0.00013149248843546957,1.0,-0.00039225342334248126,0.00024072552332654595],[4.50882944278419e-05,0.00039225927321240306,0.9999999403953552,0.00018076164997182786],[0.0,0.0,0.0,1.0]]",0.030000000000000002,0.00032369123403970133,0.0,0.023844150831893864,-0.00011896412615897134,0.00024072552332654595,0.00018076164997182786,0.9892102921986766,true,true,true,0.00039943045226863415,,15395,10,1188.274965,1.15.1,
CP-R_TEST_01_Q06-W-30MM-NEG-O3D,R_TEST_01,Rich,R_TEST_01_Q06,open3d,/home/lj/zero_perturbation_runtime/real_data/mid360_two_scene_pilot_v1/canonical_sources/R_TEST_01_Q06/source_points.npy,325ec45c672bb2f7b4a1d1899adf5e972f3bc953cf67f30a32b97eac195e2e29,f6bb3f5ba310894a2220cdb08ffb37fa9be44b45ddaa2535c2d86dad4d2cae5f,/home/lj/zero_perturbation_runtime/real_data/mid360_two_scene_pilot_v1/target_maps/R_TEST_01/target_points.npy,43c6f299b5b24d220e6ee1a5ad8395ebb1380f992ff4fe207f822e25c92a65f7,d08c60b22a7dc3f1345b9401225fec550da80c4f7025bb8a198065f0dbe75b59,6a1ebdee6b34390f1430eab371e1c4108db1f124b59b7239d74785efa6474af9,0.24720409335928786,0.29904118325837087,0.4537547233823416,1.8355469653281664,0.9694310675734957,weak,0.9841055041167887,-0.09567276347719332,-0.14960975601770876,lambda_min,TARGET_FRAME,-1,0.03,-0.02952316512350366,0.0028701829043157995,0.004488292680531263,"[[1.0,0.0,0.0,0.0],[0.0,1.0,0.0,0.0],[0.0,0.0,1.0,0.0],[0.0,0.0,0.0,1.0]]","[[1.0,0.0,0.0,-0.02952316512350366],[0.0,1.0,0.0,0.0028701829043157995],[0.0,0.0,1.0,0.004488292680531263],[0.0,0.0,0.0,1.0]]",source/query_to_target/map,LEFT: T_initial=Delta_T@T_star,true,true,false,false,true,true,ASSUMED_METERS_FROM_SCALE,"[[0.9999999790340002,0.00019948667913922228,-4.6228398491576995e-05,-4.4731799265740136e-05],[-0.000199503550729128,0.9999999133972727,-0.0003652448225723335,0.00016213772511685626],[4.6155533011343864e-05,0.00036525403764425433,0.9999999322295752,0.00018889449980433198],[0.0,0.0,0.0,1.0]]",0.030000000000000002,0.00025292431244929476,0.0,0.02399175882509706,-4.4731799265740136e-05,0.00016213772511685626,0.00018889449980433198,0.9915691895850235,true,true,true,1.0,0.019984433978805904,15395,,45.973057999617595,0.19.0+b012259,
CP-R_TEST_01_Q06-W-30MM-NEG-PCL,R_TEST_01,Rich,R_TEST_01_Q06,pcl,/home/lj/zero_perturbation_runtime/real_data/mid360_two_scene_pilot_v1/canonical_sources/R_TEST_01_Q06/source_points.npy,325ec45c672bb2f7b4a1d1899adf5e972f3bc953cf67f30a32b97eac195e2e29,f6bb3f5ba310894a2220cdb08ffb37fa9be44b45ddaa2535c2d86dad4d2cae5f,/home/lj/zero_perturbation_runtime/real_data/mid360_two_scene_pilot_v1/target_maps/R_TEST_01/target_points.npy,43c6f299b5b24d220e6ee1a5ad8395ebb1380f992ff4fe207f822e25c92a65f7,d08c60b22a7dc3f1345b9401225fec550da80c4f7025bb8a198065f0dbe75b59,6a1ebdee6b34390f1430eab371e1c4108db1f124b59b7239d74785efa6474af9,0.24720409335928786,0.29904118325837087,0.4537547233823416,1.8355469653281664,0.9694310675734957,weak,0.9841055041167887,-0.09567276347719332,-0.14960975601770876,lambda_min,TARGET_FRAME,-1,0.03,-0.02952316512350366,0.0028701829043157995,0.004488292680531263,"[[1.0,0.0,0.0,0.0],[0.0,1.0,0.0,0.0],[0.0,0.0,1.0,0.0],[0.0,0.0,0.0,1.0]]","[[1.0,0.0,0.0,-0.02952316512350366],[0.0,1.0,0.0,0.0028701829043157995],[0.0,0.0,1.0,0.004488292680531263],[0.0,0.0,0.0,1.0]]",source/query_to_target/map,LEFT: T_initial=Delta_T@T_star,true,true,false,false,true,true,ASSUMED_METERS_FROM_SCALE,"[[1.0,0.00013755570398643613,-4.3398071284173056e-05,-0.00010993284377036616],[-0.00013757229316979647,0.9999999403953552,-0.00038240011781454086,0.00023019671789370477],[4.334546611062251e-05,0.00038240611320361495,0.9999999403953552,0.00017592188669368625],[0.0,0.0,0.0,1.0]]",0.030000000000000002,0.0003098778296140913,0.0,0.02341688461667308,-0.00010993284377036616,0.00023019671789370477,0.00017592188669368625,0.9896707390128636,true,true,true,0.00039942548601571635,,15395,7,1203.335948,1.15.1,
CP-R_TEST_01_Q06-W-50MM-POS-O3D,R_TEST_01,Rich,R_TEST_01_Q06,open3d,/home/lj/zero_perturbation_runtime/real_data/mid360_two_scene_pilot_v1/canonical_sources/R_TEST_01_Q06/source_points.npy,325ec45c672bb2f7b4a1d1899adf5e972f3bc953cf67f30a32b97eac195e2e29,f6bb3f5ba310894a2220cdb08ffb37fa9be44b45ddaa2535c2d86dad4d2cae5f,/home/lj/zero_perturbation_runtime/real_data/mid360_two_scene_pilot_v1/target_maps/R_TEST_01/target_points.npy,43c6f299b5b24d220e6ee1a5ad8395ebb1380f992ff4fe207f822e25c92a65f7,d08c60b22a7dc3f1345b9401225fec550da80c4f7025bb8a198065f0dbe75b59,6a1ebdee6b34390f1430eab371e1c4108db1f124b59b7239d74785efa6474af9,0.24720409335928786,0.29904118325837087,0.4537547233823416,1.8355469653281664,0.9694310675734957,weak,0.9841055041167887,-0.09567276347719332,-0.14960975601770876,lambda_min,TARGET_FRAME,1,0.05,0.049205275205839435,-0.004783638173859666,-0.007480487800885439,"[[1.0,0.0,0.0,0.0],[0.0,1.0,0.0,0.0],[0.0,0.0,1.0,0.0],[0.0,0.0,0.0,1.0]]","[[1.0,0.0,0.0,0.049205275205839435],[0.0,1.0,0.0,-0.004783638173859666],[0.0,0.0,1.0,-0.007480487800885439],[0.0,0.0,0.0,1.0]]",source/query_to_target/map,LEFT: T_initial=Delta_T@T_star,true,true,false,false,true,true,ASSUMED_METERS_FROM_SCALE,"[[0.9999999790384156,0.00019944850306492345,-4.6297546658621054e-05,-4.450010501452171e-05],[-0.00019946544990067256,0.9999999130093172,-0.00036632620997416836,0.00016716869684914654],[4.622447941695302e-05,0.00036633543705636416,0.9999999318308199,0.00018813223384958825],[0.0,0.0,0.0,1.0]]",0.05,0.00025557654424023635,0.0,0.024045220157798135,-4.450010501452171e-05,0.00016716869684914654,0.00018813223384958825,0.9948884691151952,true,true,true,1.0,0.01998439279202057,15395,,32.838737000020046,0.19.0+b012259,
CP-R_TEST_01_Q06-W-50MM-POS-PCL,R_TEST_01,Rich,R_TEST_01_Q06,pcl,/home/lj/zero_perturbation_runtime/real_data/mid360_two_scene_pilot_v1/canonical_sources/R_TEST_01_Q06/source_points.npy,325ec45c672bb2f7b4a1d1899adf5e972f3bc953cf67f30a32b97eac195e2e29,f6bb3f5ba310894a2220cdb08ffb37fa9be44b45ddaa2535c2d86dad4d2cae5f,/home/lj/zero_perturbation_runtime/real_data/mid360_two_scene_pilot_v1/target_maps/R_TEST_01/target_points.npy,43c6f299b5b24d220e6ee1a5ad8395ebb1380f992ff4fe207f822e25c92a65f7,d08c60b22a7dc3f1345b9401225fec550da80c4f7025bb8a198065f0dbe75b59,6a1ebdee6b34390f1430eab371e1c4108db1f124b59b7239d74785efa6474af9,0.24720409335928786,0.29904118325837087,0.4537547233823416,1.8355469653281664,0.9694310675734957,weak,0.9841055041167887,-0.09567276347719332,-0.14960975601770876,lambda_min,TARGET_FRAME,1,0.05,0.049205275205839435,-0.004783638173859666,-0.007480487800885439,"[[1.0,0.0,0.0,0.0],[0.0,1.0,0.0,0.0],[0.0,0.0,1.0,0.0],[0.0,0.0,0.0,1.0]]","[[1.0,0.0,0.0,0.049205275205839435],[0.0,1.0,0.0,-0.004783638173859666],[0.0,0.0,1.0,-0.007480487800885439],[0.0,0.0,0.0,1.0]]",source/query_to_target/map,LEFT: T_initial=Delta_T@T_star,true,true,false,false,true,true,ASSUMED_METERS_FROM_SCALE,"[[1.0,0.0001316685666097328,-4.513495878200047e-05,-0.00012142951163696125],[-0.00013168621808290482,0.9999999403953552,-0.0003917048452422023,0.00023878581123426557],[4.5083375880494714e-05,0.0003917108697351068,1.0,0.0001821750629460439],[0.0,0.0,0.0,1.0]]",0.05,0.0003239622562932174,0.0,0.02381801553082687,-0.00012142951163696125,0.00023878581123426557,0.0001821750629460439,0.9935207548741356,true,true,true,0.00039942995052437045,,15395,10,1118.825122,1.15.1,
CP-R_TEST_01_Q06-W-50MM-NEG-O3D,R_TEST_01,Rich,R_TEST_01_Q06,open3d,/home/lj/zero_perturbation_runtime/real_data/mid360_two_scene_pilot_v1/canonical_sources/R_TEST_01_Q06/source_points.npy,325ec45c672bb2f7b4a1d1899adf5e972f3bc953cf67f30a32b97eac195e2e29,f6bb3f5ba310894a2220cdb08ffb37fa9be44b45ddaa2535c2d86dad4d2cae5f,/home/lj/zero_perturbation_runtime/real_data/mid360_two_scene_pilot_v1/target_maps/R_TEST_01/target_points.npy,43c6f299b5b24d220e6ee1a5ad8395ebb1380f992ff4fe207f822e25c92a65f7,d08c60b22a7dc3f1345b9401225fec550da80c4f7025bb8a198065f0dbe75b59,6a1ebdee6b34390f1430eab371e1c4108db1f124b59b7239d74785efa6474af9,0.24720409335928786,0.29904118325837087,0.4537547233823416,1.8355469653281664,0.9694310675734957,weak,0.9841055041167887,-0.09567276347719332,-0.14960975601770876,lambda_min,TARGET_FRAME,-1,0.05,-0.049205275205839435,0.004783638173859666,0.007480487800885439,"[[1.0,0.0,0.0,0.0],[0.0,1.0,0.0,0.0],[0.0,0.0,1.0,0.0],[0.0,0.0,0.0,1.0]]","[[1.0,0.0,0.0,-0.049205275205839435],[0.0,1.0,0.0,0.004783638173859666],[0.0,0.0,1.0,0.007480487800885439],[0.0,0.0,0.0,1.0]]",source/query_to_target/map,LEFT: T_initial=Delta_T@T_star,true,true,false,false,true,true,ASSUMED_METERS_FROM_SCALE,"[[0.9999999790340017,0.00019948667156444898,-4.6228396582767004e-05,-4.4731797213331356e-05],[-0.0001995035431551761,0.9999999133972619,-0.0003652448554622533,0.00016213775754980912],[4.615553109873922e-05,0.0003652540705334428,0.999999932229563,0.00018889447127884863],[0.0,0.0,0.0,1.0]]",0.05,0.0002529243115735042,0.0,0.02399176024999522,-4.4731797213331356e-05,0.00016213775754980912,0.00018889447127884863,0.9949415137685299,true,true,true,1.0,0.019984433979221308,15395,,35.07854600047722,0.19.0+b012259,
CP-R_TEST_01_Q06-W-50MM-NEG-PCL,R_TEST_01,Rich,R_TEST_01_Q06,pcl,/home/lj/zero_perturbation_runtime/real_data/mid360_two_scene_pilot_v1/canonical_sources/R_TEST_01_Q06/source_points.npy,325ec45c672bb2f7b4a1d1899adf5e972f3bc953cf67f30a32b97eac195e2e29,f6bb3f5ba310894a2220cdb08ffb37fa9be44b45ddaa2535c2d86dad4d2cae5f,/home/lj/zero_perturbation_runtime/real_data/mid360_two_scene_pilot_v1/target_maps/R_TEST_01/target_points.npy,43c6f299b5b24d220e6ee1a5ad8395ebb1380f992ff4fe207f822e25c92a65f7,d08c60b22a7dc3f1345b9401225fec550da80c4f7025bb8a198065f0dbe75b59,6a1ebdee6b34390f1430eab371e1c4108db1f124b59b7239d74785efa6474af9,0.24720409335928786,0.29904118325837087,0.4537547233823416,1.8355469653281664,0.9694310675734957,weak,0.9841055041167887,-0.09567276347719332,-0.14960975601770876,lambda_min,TARGET_FRAME,-1,0.05,-0.049205275205839435,0.004783638173859666,0.007480487800885439,"[[1.0,0.0,0.0,0.0],[0.0,1.0,0.0,0.0],[0.0,0.0,1.0,0.0],[0.0,0.0,0.0,1.0]]","[[1.0,0.0,0.0,-0.049205275205839435],[0.0,1.0,0.0,0.004783638173859666],[0.0,0.0,1.0,0.007480487800885439],[0.0,0.0,0.0,1.0]]",source/query_to_target/map,LEFT: T_initial=Delta_T@T_star,true,true,false,false,true,true,ASSUMED_METERS_FROM_SCALE,"[[1.0,0.00013168850273359567,-4.5095395762473345e-05,-0.00012168737885076553],[-0.00013170612510293722,0.9999999403953552,-0.00039124698378145695,0.00023938374943099916],[4.504386379267089e-05,0.0003912529500667006,0.9999999403953552,0.00018266479310113937],[0.0,0.0,0.0,1.0]]",0.05,0.000324775036451226,0.0,0.023793412920527435,-0.00012168737885076553,0.00023938374943099916,0.00018266479310113937,0.9935044992709755,true,true,true,0.00039942933681064174,,15395,10,1193.507087,1.15.1,
CP-R_TEST_01_Q06-S-10MM-POS-O3D,R_TEST_01,Rich,R_TEST_01_Q06,open3d,/home/lj/zero_perturbation_runtime/real_data/mid360_two_scene_pilot_v1/canonical_sources/R_TEST_01_Q06/source_points.npy,325ec45c672bb2f7b4a1d1899adf5e972f3bc953cf67f30a32b97eac195e2e29,f6bb3f5ba310894a2220cdb08ffb37fa9be44b45ddaa2535c2d86dad4d2cae5f,/home/lj/zero_perturbation_runtime/real_data/mid360_two_scene_pilot_v1/target_maps/R_TEST_01/target_points.npy,43c6f299b5b24d220e6ee1a5ad8395ebb1380f992ff4fe207f822e25c92a65f7,d08c60b22a7dc3f1345b9401225fec550da80c4f7025bb8a198065f0dbe75b59,6a1ebdee6b34390f1430eab371e1c4108db1f124b59b7239d74785efa6474af9,0.24720409335928786,0.29904118325837087,0.4537547233823416,1.8355469653281664,0.9694310675734957,strong,0.08968958621128309,0.9948950517034413,-0.04625596416956401,lambda_max,TARGET_FRAME,1,0.01,0.0008968958621128309,0.009948950517034413,-0.0004625596416956401,"[[1.0,0.0,0.0,0.0],[0.0,1.0,0.0,0.0],[0.0,0.0,1.0,0.0],[0.0,0.0,0.0,1.0]]","[[1.0,0.0,0.0,0.0008968958621128309],[0.0,1.0,0.0,0.009948950517034413],[0.0,0.0,1.0,-0.0004625596416956401],[0.0,0.0,0.0,1.0]]",source/query_to_target/map,LEFT: T_initial=Delta_T@T_star,true,true,false,false,true,true,ASSUMED_METERS_FROM_SCALE,"[[0.9999999790384154,0.00019944850305825412,-4.629754665785061e-05,-4.450010501064198e-05],[-0.0001994654498940053,0.9999999130093172,-0.0003663262100270004,0.00016716869689718355],[4.622447941617453e-05,0.00036633543710919565,0.99999993183082,0.00018813223380476053],[0.0,0.0,0.0,1.0]]",0.010000000000000002,0.000255576544237983,0.0,0.0240452201602542,-4.450010501064198e-05,0.00016716869689718355,0.00018813223380476053,0.9744423455762017,true,true,true,1.0,0.019984392792021122,15395,,32.74444799990306,0.19.0+b012259,
CP-R_TEST_01_Q06-S-10MM-POS-PCL,R_TEST_01,Rich,R_TEST_01_Q06,pcl,/home/lj/zero_perturbation_runtime/real_data/mid360_two_scene_pilot_v1/canonical_sources/R_TEST_01_Q06/source_points.npy,325ec45c672bb2f7b4a1d1899adf5e972f3bc953cf67f30a32b97eac195e2e29,f6bb3f5ba310894a2220cdb08ffb37fa9be44b45ddaa2535c2d86dad4d2cae5f,/home/lj/zero_perturbation_runtime/real_data/mid360_two_scene_pilot_v1/target_maps/R_TEST_01/target_points.npy,43c6f299b5b24d220e6ee1a5ad8395ebb1380f992ff4fe207f822e25c92a65f7,d08c60b22a7dc3f1345b9401225fec550da80c4f7025bb8a198065f0dbe75b59,6a1ebdee6b34390f1430eab371e1c4108db1f124b59b7239d74785efa6474af9,0.24720409335928786,0.29904118325837087,0.4537547233823416,1.8355469653281664,0.9694310675734957,strong,0.08968958621128309,0.9948950517034413,-0.04625596416956401,lambda_max,TARGET_FRAME,1,0.01,0.0008968958621128309,0.009948950517034413,-0.0004625596416956401,"[[1.0,0.0,0.0,0.0],[0.0,1.0,0.0,0.0],[0.0,0.0,1.0,0.0],[0.0,0.0,0.0,1.0]]","[[1.0,0.0,0.0,0.0008968958621128309],[0.0,1.0,0.0,0.009948950517034413],[0.0,0.0,1.0,-0.0004625596416956401],[0.0,0.0,0.0,1.0]]",source/query_to_target/map,LEFT: T_initial=Delta_T@T_star,true,true,false,false,true,true,ASSUMED_METERS_FROM_SCALE,"[[1.0,0.00013266161840874702,-4.517358320299536e-05,-0.0001194392389152199],[-0.00013267932808957994,0.9999999403953552,-0.00039175988058559597,0.00024015101371333003],[4.512160739977844e-05,0.00039176581776700914,0.9999999403953552,0.00018083714530803263],[0.0,0.0,0.0,1.0]]",0.010000000000000002,0.00032348155172025735,0.0,0.02383930612156824,-0.0001194392389152199,0.00024015101371333003,0.00018083714530803263,0.9676518448279743,true,true,true,0.00039942877549013284,,15395,8,1103.652312,1.15.1,
CP-R_TEST_01_Q06-S-10MM-NEG-O3D,R_TEST_01,Rich,R_TEST_01_Q06,open3d,/home/lj/zero_perturbation_runtime/real_data/mid360_two_scene_pilot_v1/canonical_sources/R_TEST_01_Q06/source_points.npy,325ec45c672bb2f7b4a1d1899adf5e972f3bc953cf67f30a32b97eac195e2e29,f6bb3f5ba310894a2220cdb08ffb37fa9be44b45ddaa2535c2d86dad4d2cae5f,/home/lj/zero_perturbation_runtime/real_data/mid360_two_scene_pilot_v1/target_maps/R_TEST_01/target_points.npy,43c6f299b5b24d220e6ee1a5ad8395ebb1380f992ff4fe207f822e25c92a65f7,d08c60b22a7dc3f1345b9401225fec550da80c4f7025bb8a198065f0dbe75b59,6a1ebdee6b34390f1430eab371e1c4108db1f124b59b7239d74785efa6474af9,0.24720409335928786,0.29904118325837087,0.4537547233823416,1.8355469653281664,0.9694310675734957,strong,0.08968958621128309,0.9948950517034413,-0.04625596416956401,lambda_max,TARGET_FRAME,-1,0.01,-0.0008968958621128309,-0.009948950517034413,0.0004625596416956401,"[[1.0,0.0,0.0,0.0],[0.0,1.0,0.0,0.0],[0.0,0.0,1.0,0.0],[0.0,0.0,0.0,1.0]]","[[1.0,0.0,0.0,-0.0008968958621128309],[0.0,1.0,0.0,-0.009948950517034413],[0.0,0.0,1.0,0.0004625596416956401],[0.0,0.0,0.0,1.0]]",source/query_to_target/map,LEFT: T_initial=Delta_T@T_star,true,true,false,false,true,true,ASSUMED_METERS_FROM_SCALE,"[[0.9999999790340015,0.0001994866715644085,-4.6228396582808245e-05,-4.473179721320869e-05],[-0.00019950354315513574,0.999999913397262,-0.00036524485546217297,0.0001621377575500791],[4.6155531098780366e-05,0.00036525407053336265,0.9999999322295632,0.00018889447127821185],[0.0,0.0,0.0,1.0]]",0.010000000000000002,0.00025292431157318004,0.0,0.02399176024999056,-4.473179721320869e-05,0.0001621377575500791,0.00018889447127821185,0.974707568842682,true,true,true,1.0,0.019984433979221304,15395,,32.54285599996365,0.19.0+b012259,
CP-R_TEST_01_Q06-S-10MM-NEG-PCL,R_TEST_01,Rich,R_TEST_01_Q06,pcl,/home/lj/zero_perturbation_runtime/real_data/mid360_two_scene_pilot_v1/canonical_sources/R_TEST_01_Q06/source_points.npy,325ec45c672bb2f7b4a1d1899adf5e972f3bc953cf67f30a32b97eac195e2e29,f6bb3f5ba310894a2220cdb08ffb37fa9be44b45ddaa2535c2d86dad4d2cae5f,/home/lj/zero_perturbation_runtime/real_data/mid360_two_scene_pilot_v1/target_maps/R_TEST_01/target_points.npy,43c6f299b5b24d220e6ee1a5ad8395ebb1380f992ff4fe207f822e25c92a65f7,d08c60b22a7dc3f1345b9401225fec550da80c4f7025bb8a198065f0dbe75b59,6a1ebdee6b34390f1430eab371e1c4108db1f124b59b7239d74785efa6474af9,0.24720409335928786,0.29904118325837087,0.4537547233823416,1.8355469653281664,0.9694310675734957,strong,0.08968958621128309,0.9948950517034413,-0.04625596416956401,lambda_max,TARGET_FRAME,-1,0.01,-0.0008968958621128309,-0.009948950517034413,0.0004625596416956401,"[[1.0,0.0,0.0,0.0],[0.0,1.0,0.0,0.0],[0.0,0.0,1.0,0.0],[0.0,0.0,0.0,1.0]]","[[1.0,0.0,0.0,-0.0008968958621128309],[0.0,1.0,0.0,-0.009948950517034413],[0.0,0.0,1.0,0.0004625596416956401],[0.0,0.0,0.0,1.0]]",source/query_to_target/map,LEFT: T_initial=Delta_T@T_star,true,true,false,false,true,true,ASSUMED_METERS_FROM_SCALE,"[[1.0,0.00013160855451133102,-4.5096006942912936e-05,-0.0001192831841763109],[-0.00013162620598450303,1.0,-0.0003915084234904498,0.00023931429313961416],[4.504447497311048e-05,0.00039151436067186296,1.0,0.00018110612290911376],[0.0,0.0,0.0,1.0]]",0.010000000000000002,0.00032295392346792123,0.0,0.02380607678858504,-0.0001192831841763109,0.00023931429313961416,0.00018110612290911376,0.9677046076532079,true,true,true,0.00039943037012970194,,15395,7,1069.052115,1.15.1,
CP-R_TEST_01_Q06-S-30MM-POS-O3D,R_TEST_01,Rich,R_TEST_01_Q06,open3d,/home/lj/zero_perturbation_runtime/real_data/mid360_two_scene_pilot_v1/canonical_sources/R_TEST_01_Q06/source_points.npy,325ec45c672bb2f7b4a1d1899adf5e972f3bc953cf67f30a32b97eac195e2e29,f6bb3f5ba310894a2220cdb08ffb37fa9be44b45ddaa2535c2d86dad4d2cae5f,/home/lj/zero_perturbation_runtime/real_data/mid360_two_scene_pilot_v1/target_maps/R_TEST_01/target_points.npy,43c6f299b5b24d220e6ee1a5ad8395ebb1380f992ff4fe207f822e25c92a65f7,d08c60b22a7dc3f1345b9401225fec550da80c4f7025bb8a198065f0dbe75b59,6a1ebdee6b34390f1430eab371e1c4108db1f124b59b7239d74785efa6474af9,0.24720409335928786,0.29904118325837087,0.4537547233823416,1.8355469653281664,0.9694310675734957,strong,0.08968958621128309,0.9948950517034413,-0.04625596416956401,lambda_max,TARGET_FRAME,1,0.03,0.0026906875863384927,0.029846851551103237,-0.0013876789250869203,"[[1.0,0.0,0.0,0.0],[0.0,1.0,0.0,0.0],[0.0,0.0,1.0,0.0],[0.0,0.0,0.0,1.0]]","[[1.0,0.0,0.0,0.0026906875863384927],[0.0,1.0,0.0,0.029846851551103237],[0.0,0.0,1.0,-0.0013876789250869203],[0.0,0.0,0.0,1.0]]",source/query_to_target/map,LEFT: T_initial=Delta_T@T_star,true,true,false,false,true,true,ASSUMED_METERS_FROM_SCALE,"[[0.9999999790384156,0.00019944850280745146,-4.629754575057187e-05,-4.450010472187402e-05],[-0.00019946544964398626,0.9999999130093085,-0.00036632623417015347,0.00016716871741972945],[4.6224478504172005e-05,0.00036633546125215574,0.9999999318308113,0.00018813221282352828],[0.0,0.0,0.0,1.0]]",0.030000000000000002,0.0002555765421667107,0.0,0.02404522135518361,-4.450010472187402e-05,0.00016716871741972945,0.00018813221282352828,0.9914807819277763,true,true,true,1.0,0.019984392792225893,15395,,34.713537999778055,0.19.0+b012259,
CP-R_TEST_01_Q06-S-30MM-POS-PCL,R_TEST_01,Rich,R_TEST_01_Q06,pcl,/home/lj/zero_perturbation_runtime/real_data/mid360_two_scene_pilot_v1/canonical_sources/R_TEST_01_Q06/source_points.npy,325ec45c672bb2f7b4a1d1899adf5e972f3bc953cf67f30a32b97eac195e2e29,f6bb3f5ba310894a2220cdb08ffb37fa9be44b45ddaa2535c2d86dad4d2cae5f,/home/lj/zero_perturbation_runtime/real_data/mid360_two_scene_pilot_v1/target_maps/R_TEST_01/target_points.npy,43c6f299b5b24d220e6ee1a5ad8395ebb1380f992ff4fe207f822e25c92a65f7,d08c60b22a7dc3f1345b9401225fec550da80c4f7025bb8a198065f0dbe75b59,6a1ebdee6b34390f1430eab371e1c4108db1f124b59b7239d74785efa6474af9,0.24720409335928786,0.29904118325837087,0.4537547233823416,1.8355469653281664,0.9694310675734957,strong,0.08968958621128309,0.9948950517034413,-0.04625596416956401,lambda_max,TARGET_FRAME,1,0.03,0.0026906875863384927,0.029846851551103237,-0.0013876789250869203,"[[1.0,0.0,0.0,0.0],[0.0,1.0,0.0,0.0],[0.0,0.0,1.0,0.0],[0.0,0.0,0.0,1.0]]","[[1.0,0.0,0.0,0.0026906875863384927],[0.0,1.0,0.0,0.029846851551103237],[0.0,0.0,1.0,-0.0013876789250869203],[0.0,0.0,0.0,1.0]]",source/query_to_target/map,LEFT: T_initial=Delta_T@T_star,true,true,false,false,true,true,ASSUMED_METERS_FROM_SCALE,"[[1.0,0.00013160445087123662,-4.514941610977985e-05,-0.00011900866229552776],[-0.00013162217510398477,1.0,-0.0003924488555639982,0.0002399102522758767],[4.5097771362634376e-05,0.0003924547345377505,0.9999999403953552,0.00018022017320618033],[0.0,0.0,0.0,1.0]]",0.030000000000000002,0.0003227991661682406,0.0,0.02385711267186024,-0.00011900866229552776,0.0002399102522758767,0.00018022017320618033,0.989240027794392,true,true,true,0.00039943096658634096,,15395,8,1102.91269,1.15.1,
CP-R_TEST_01_Q06-S-30MM-NEG-O3D,R_TEST_01,Rich,R_TEST_01_Q06,open3d,/home/lj/zero_perturbation_runtime/real_data/mid360_two_scene_pilot_v1/canonical_sources/R_TEST_01_Q06/source_points.npy,325ec45c672bb2f7b4a1d1899adf5e972f3bc953cf67f30a32b97eac195e2e29,f6bb3f5ba310894a2220cdb08ffb37fa9be44b45ddaa2535c2d86dad4d2cae5f,/home/lj/zero_perturbation_runtime/real_data/mid360_two_scene_pilot_v1/target_maps/R_TEST_01/target_points.npy,43c6f299b5b24d220e6ee1a5ad8395ebb1380f992ff4fe207f822e25c92a65f7,d08c60b22a7dc3f1345b9401225fec550da80c4f7025bb8a198065f0dbe75b59,6a1ebdee6b34390f1430eab371e1c4108db1f124b59b7239d74785efa6474af9,0.24720409335928786,0.29904118325837087,0.4537547233823416,1.8355469653281664,0.9694310675734957,strong,0.08968958621128309,0.9948950517034413,-0.04625596416956401,lambda_max,TARGET_FRAME,-1,0.03,-0.0026906875863384927,-0.029846851551103237,0.0013876789250869203,"[[1.0,0.0,0.0,0.0],[0.0,1.0,0.0,0.0],[0.0,0.0,1.0,0.0],[0.0,0.0,0.0,1.0]]","[[1.0,0.0,0.0,-0.0026906875863384927],[0.0,1.0,0.0,-0.029846851551103237],[0.0,0.0,1.0,0.0013876789250869203],[0.0,0.0,0.0,1.0]]",source/query_to_target/map,LEFT: T_initial=Delta_T@T_star,true,true,false,false,true,true,ASSUMED_METERS_FROM_SCALE,"[[0.999999979036301,0.0001994496472587928,-4.633827134428625e-05,-4.640389968592174e-05],[-0.0001994665607013927,0.9999999133910822,-0.00036528197254586206,0.0001623386058841215],[4.6265411970404464e-05,0.0003652912078238146,0.9999999322109201,0.0001887303453716744],[0.0,0.0,0.0,1.0]]",0.030000000000000002,0.0002532316886382364,0.0,0.02399330112839765,-4.640389968592174e-05,0.0001623386058841215,0.0001887303453716744,0.9915589437120588,true,true,true,1.0,0.019984432516593584,15395,,34.469145000002754,0.19.0+b012259,
CP-R_TEST_01_Q06-S-30MM-NEG-PCL,R_TEST_01,Rich,R_TEST_01_Q06,pcl,/home/lj/zero_perturbation_runtime/real_data/mid360_two_scene_pilot_v1/canonical_sources/R_TEST_01_Q06/source_points.npy,325ec45c672bb2f7b4a1d1899adf5e972f3bc953cf67f30a32b97eac195e2e29,f6bb3f5ba310894a2220cdb08ffb37fa9be44b45ddaa2535c2d86dad4d2cae5f,/home/lj/zero_perturbation_runtime/real_data/mid360_two_scene_pilot_v1/target_maps/R_TEST_01/target_points.npy,43c6f299b5b24d220e6ee1a5ad8395ebb1380f992ff4fe207f822e25c92a65f7,d08c60b22a7dc3f1345b9401225fec550da80c4f7025bb8a198065f0dbe75b59,6a1ebdee6b34390f1430eab371e1c4108db1f124b59b7239d74785efa6474af9,0.24720409335928786,0.29904118325837087,0.4537547233823416,1.8355469653281664,0.9694310675734957,strong,0.08968958621128309,0.9948950517034413,-0.04625596416956401,lambda_max,TARGET_FRAME,-1,0.03,-0.0026906875863384927,-0.029846851551103237,0.0013876789250869203,"[[1.0,0.0,0.0,0.0],[0.0,1.0,0.0,0.0],[0.0,0.0,1.0,0.0],[0.0,0.0,0.0,1.0]]","[[1.0,0.0,0.0,-0.0026906875863384927],[0.0,1.0,0.0,-0.029846851551103237],[0.0,0.0,1.0,0.0013876789250869203],[0.0,0.0,0.0,1.0]]",source/query_to_target/map,LEFT: T_initial=Delta_T@T_star,true,true,false,false,true,true,ASSUMED_METERS_FROM_SCALE,"[[1.0,0.0001315646368311718,-4.512284795055166e-05,-0.00011901219113497064],[-0.00013158234651200473,0.9999999403953552,-0.0003921244933735579,0.00023981458798516542],[4.507124322117306e-05,0.00039213040145114064,0.9999999403953552,0.00018098670989274979],[0.0,0.0,0.0,1.0]]",0.030000000000000002,0.00032315805329133265,0.0,0.02383871207939623,-0.00011901219113497064,0.00023981458798516542,0.00018098670989274979,0.9892280648902889,true,true,true,0.0003994306116706589,,15395,8,1185.152288,1.15.1,
CP-R_TEST_01_Q06-S-50MM-POS-O3D,R_TEST_01,Rich,R_TEST_01_Q06,open3d,/home/lj/zero_perturbation_runtime/real_data/mid360_two_scene_pilot_v1/canonical_sources/R_TEST_01_Q06/source_points.npy,325ec45c672bb2f7b4a1d1899adf5e972f3bc953cf67f30a32b97eac195e2e29,f6bb3f5ba310894a2220cdb08ffb37fa9be44b45ddaa2535c2d86dad4d2cae5f,/home/lj/zero_perturbation_runtime/real_data/mid360_two_scene_pilot_v1/target_maps/R_TEST_01/target_points.npy,43c6f299b5b24d220e6ee1a5ad8395ebb1380f992ff4fe207f822e25c92a65f7,d08c60b22a7dc3f1345b9401225fec550da80c4f7025bb8a198065f0dbe75b59,6a1ebdee6b34390f1430eab371e1c4108db1f124b59b7239d74785efa6474af9,0.24720409335928786,0.29904118325837087,0.4537547233823416,1.8355469653281664,0.9694310675734957,strong,0.08968958621128309,0.9948950517034413,-0.04625596416956401,lambda_max,TARGET_FRAME,1,0.05,0.004484479310564155,0.04974475258517207,-0.002312798208478201,"[[1.0,0.0,0.0,0.0],[0.0,1.0,0.0,0.0],[0.0,0.0,1.0,0.0],[0.0,0.0,0.0,1.0]]","[[1.0,0.0,0.0,0.004484479310564155],[0.0,1.0,0.0,0.04974475258517207],[0.0,0.0,1.0,-0.002312798208478201],[0.0,0.0,0.0,1.0]]",source/query_to_target/map,LEFT: T_initial=Delta_T@T_star,true,true,false,false,true,true,ASSUMED_METERS_FROM_SCALE,"[[0.9999999790339997,0.00019948667913919927,-4.6228398491566505e-05,-4.4731799265714244e-05],[-0.00019950355072910516,0.9999999133972723,-0.00036524482257236816,0.00016213772511688808],[4.615553301133337e-05,0.00036525403764428913,0.9999999322295752,0.00018889449980449662],[0.0,0.0,0.0,1.0]]",0.05000000000000002,0.00025292431244943353,0.0,0.023991758825098106,-4.4731799265714244e-05,0.00016213772511688808,0.00018889449980449662,0.9949415137510114,true,true,true,1.0,0.019984433978805918,15395,,40.691039000193996,0.19.0+b012259,
CP-R_TEST_01_Q06-S-50MM-POS-PCL,R_TEST_01,Rich,R_TEST_01_Q06,pcl,/home/lj/zero_perturbation_runtime/real_data/mid360_two_scene_pilot_v1/canonical_sources/R_TEST_01_Q06/source_points.npy,325ec45c672bb2f7b4a1d1899adf5e972f3bc953cf67f30a32b97eac195e2e29,f6bb3f5ba310894a2220cdb08ffb37fa9be44b45ddaa2535c2d86dad4d2cae5f,/home/lj/zero_perturbation_runtime/real_data/mid360_two_scene_pilot_v1/target_maps/R_TEST_01/target_points.npy,43c6f299b5b24d220e6ee1a5ad8395ebb1380f992ff4fe207f822e25c92a65f7,d08c60b22a7dc3f1345b9401225fec550da80c4f7025bb8a198065f0dbe75b59,6a1ebdee6b34390f1430eab371e1c4108db1f124b59b7239d74785efa6474af9,0.24720409335928786,0.29904118325837087,0.4537547233823416,1.8355469653281664,0.9694310675734957,strong,0.08968958621128309,0.9948950517034413,-0.04625596416956401,lambda_max,TARGET_FRAME,1,0.05,0.004484479310564155,0.04974475258517207,-0.002312798208478201,"[[1.0,0.0,0.0,0.0],[0.0,1.0,0.0,0.0],[0.0,0.0,1.0,0.0],[0.0,0.0,0.0,1.0]]","[[1.0,0.0,0.0,0.004484479310564155],[0.0,1.0,0.0,0.04974475258517207],[0.0,0.0,1.0,-0.002312798208478201],[0.0,0.0,0.0,1.0]]",source/query_to_target/map,LEFT: T_initial=Delta_T@T_star,true,true,false,false,true,true,ASSUMED_METERS_FROM_SCALE,"[[1.0,0.00013186992146074772,-4.4865912059322e-05,-0.00011484262358862907],[-0.00013188738375902176,0.9999998807907104,-0.0003912225947715342,0.00023947336012497544],[4.481435098568909e-05,0.0003912285319529474,0.9999998807907104,0.00017947907326743007],[0.0,0.0,0.0,1.0]]",0.05000000000000002,0.00032054493623079,0.0,0.023793970772985718,-0.00011484262358862907,0.00023947336012497544,0.00017947907326743007,0.9935891012753842,true,true,true,0.0003994308717294442,,15395,8,1171.498355,1.15.1,
CP-R_TEST_01_Q06-S-50MM-NEG-O3D,R_TEST_01,Rich,R_TEST_01_Q06,open3d,/home/lj/zero_perturbation_runtime/real_data/mid360_two_scene_pilot_v1/canonical_sources/R_TEST_01_Q06/source_points.npy,325ec45c672bb2f7b4a1d1899adf5e972f3bc953cf67f30a32b97eac195e2e29,f6bb3f5ba310894a2220cdb08ffb37fa9be44b45ddaa2535c2d86dad4d2cae5f,/home/lj/zero_perturbation_runtime/real_data/mid360_two_scene_pilot_v1/target_maps/R_TEST_01/target_points.npy,43c6f299b5b24d220e6ee1a5ad8395ebb1380f992ff4fe207f822e25c92a65f7,d08c60b22a7dc3f1345b9401225fec550da80c4f7025bb8a198065f0dbe75b59,6a1ebdee6b34390f1430eab371e1c4108db1f124b59b7239d74785efa6474af9,0.24720409335928786,0.29904118325837087,0.4537547233823416,1.8355469653281664,0.9694310675734957,strong,0.08968958621128309,0.9948950517034413,-0.04625596416956401,lambda_max,TARGET_FRAME,-1,0.05,-0.004484479310564155,-0.04974475258517207,0.002312798208478201,"[[1.0,0.0,0.0,0.0],[0.0,1.0,0.0,0.0],[0.0,0.0,1.0,0.0],[0.0,0.0,0.0,1.0]]","[[1.0,0.0,0.0,-0.004484479310564155],[0.0,1.0,0.0,-0.04974475258517207],[0.0,0.0,1.0,0.002312798208478201],[0.0,0.0,0.0,1.0]]",source/query_to_target/map,LEFT: T_initial=Delta_T@T_star,true,true,false,false,true,true,ASSUMED_METERS_FROM_SCALE,"[[0.9999999765339705,0.00021196560066417622,-4.475089503654398e-05,-8.786761680811064e-05],[-0.00021198208856921762,0.9999999095417635,-0.000368754740757522,0.00015715649837383638],[4.46727276683345e-05,0.00036876421849250766,0.9999999310086469,0.00018340291295347496],[0.0,0.0,0.0,1.0]]",0.05000000000000002,0.00025701266806226207,0.0,0.02450462333722615,-8.786761680811064e-05,0.00015715649837383638,0.00018340291295347496,0.9948597466387548,true,true,true,1.0,0.019984176405231476,15395,,28.77911799987487,0.19.0+b012259,
CP-R_TEST_01_Q06-S-50MM-NEG-PCL,R_TEST_01,Rich,R_TEST_01_Q06,pcl,/home/lj/zero_perturbation_runtime/real_data/mid360_two_scene_pilot_v1/canonical_sources/R_TEST_01_Q06/source_points.npy,325ec45c672bb2f7b4a1d1899adf5e972f3bc953cf67f30a32b97eac195e2e29,f6bb3f5ba310894a2220cdb08ffb37fa9be44b45ddaa2535c2d86dad4d2cae5f,/home/lj/zero_perturbation_runtime/real_data/mid360_two_scene_pilot_v1/target_maps/R_TEST_01/target_points.npy,43c6f299b5b24d220e6ee1a5ad8395ebb1380f992ff4fe207f822e25c92a65f7,d08c60b22a7dc3f1345b9401225fec550da80c4f7025bb8a198065f0dbe75b59,6a1ebdee6b34390f1430eab371e1c4108db1f124b59b7239d74785efa6474af9,0.24720409335928786,0.29904118325837087,0.4537547233823416,1.8355469653281664,0.9694310675734957,strong,0.08968958621128309,0.9948950517034413,-0.04625596416956401,lambda_max,TARGET_FRAME,-1,0.05,-0.004484479310564155,-0.04974475258517207,0.002312798208478201,"[[1.0,0.0,0.0,0.0],[0.0,1.0,0.0,0.0],[0.0,0.0,1.0,0.0],[0.0,0.0,0.0,1.0]]","[[1.0,0.0,0.0,-0.004484479310564155],[0.0,1.0,0.0,-0.04974475258517207],[0.0,0.0,1.0,0.002312798208478201],[0.0,0.0,0.0,1.0]]",source/query_to_target/map,LEFT: T_initial=Delta_T@T_star,true,true,false,false,true,true,ASSUMED_METERS_FROM_SCALE,"[[1.0,0.0001442419015802443,-5.20323337696027e-05,-9.215983300236985e-05],[-0.00014426127017941326,0.9999999403953552,-0.0003753961354959756,0.00021931833180133253],[5.197818609303795e-05,0.00037540358607657254,1.0,0.00019578164210543036],[0.0,0.0,0.0,1.0]]",0.05000000000000002,0.000308098063721022,0.0,0.023233994414837776,-9.215983300236985e-05,0.00021931833180133253,0.00019578164210543036,0.9938380387255795,true,true,true,0.0003994133236318134,,15395,7,1152.918416,1.15.1,
CP-R_TEST_01_Q07-W-10MM-POS-O3D,R_TEST_01,Rich,R_TEST_01_Q07,open3d,/home/lj/zero_perturbation_runtime/real_data/mid360_two_scene_pilot_v1/canonical_sources/R_TEST_01_Q07/source_points.npy,07038ada9ddf64fd44d76275c17e97e82d03fd9ed8e0479a5e4c994d8666f5e6,87949f4088bbdefa97bb936b77bcfab6cedaa6cabbf58c71acd942a6f218600f,/home/lj/zero_perturbation_runtime/real_data/mid360_two_scene_pilot_v1/target_maps/R_TEST_01/target_points.npy,43c6f299b5b24d220e6ee1a5ad8395ebb1380f992ff4fe207f822e25c92a65f7,d08c60b22a7dc3f1345b9401225fec550da80c4f7025bb8a198065f0dbe75b59,6a1ebdee6b34390f1430eab371e1c4108db1f124b59b7239d74785efa6474af9,0.2540379703407097,0.28846005837197586,0.4575019712873144,1.800919644703993,0.9689212932419502,weak,0.9937885387369251,-0.10132452642347951,-0.04601826398490893,lambda_min,TARGET_FRAME,1,0.01,0.009937885387369252,-0.0010132452642347951,-0.0004601826398490893,"[[1.0,0.0,0.0,0.0],[0.0,1.0,0.0,0.0],[0.0,0.0,1.0,0.0],[0.0,0.0,0.0,1.0]]","[[1.0,0.0,0.0,0.009937885387369252],[0.0,1.0,0.0,-0.0010132452642347951],[0.0,0.0,1.0,-0.0004601826398490893],[0.0,0.0,0.0,1.0]]",source/query_to_target/map,LEFT: T_initial=Delta_T@T_star,true,true,false,false,true,true,ASSUMED_METERS_FROM_SCALE,"[[0.999999984926067,-7.9409469256563e-05,0.00015440855434984617,0.00022324776228023046],[7.940034022049624e-05,0.9999999950997422,5.9127836885570234e-05,-7.898532696706588e-05],[-0.00015441324890334984,-5.911557590253282e-05,0.9999999863309486,0.0004314097442680769],[0.0,0.0,0.0,1.0]]",0.01,0.0004921306865952093,0.0,0.010509245853679487,0.00022324776228023046,-7.898532696706588e-05,0.0004314097442680769,0.9507869313404791,true,true,true,1.0,0.019680382457553137,15462,,33.45654100030515,0.19.0+b012259,
CP-R_TEST_01_Q07-W-10MM-POS-PCL,R_TEST_01,Rich,R_TEST_01_Q07,pcl,/home/lj/zero_perturbation_runtime/real_data/mid360_two_scene_pilot_v1/canonical_sources/R_TEST_01_Q07/source_points.npy,07038ada9ddf64fd44d76275c17e97e82d03fd9ed8e0479a5e4c994d8666f5e6,87949f4088bbdefa97bb936b77bcfab6cedaa6cabbf58c71acd942a6f218600f,/home/lj/zero_perturbation_runtime/real_data/mid360_two_scene_pilot_v1/target_maps/R_TEST_01/target_points.npy,43c6f299b5b24d220e6ee1a5ad8395ebb1380f992ff4fe207f822e25c92a65f7,d08c60b22a7dc3f1345b9401225fec550da80c4f7025bb8a198065f0dbe75b59,6a1ebdee6b34390f1430eab371e1c4108db1f124b59b7239d74785efa6474af9,0.2540379703407097,0.28846005837197586,0.4575019712873144,1.800919644703993,0.9689212932419502,weak,0.9937885387369251,-0.10132452642347951,-0.04601826398490893,lambda_min,TARGET_FRAME,1,0.01,0.009937885387369252,-0.0010132452642347951,-0.0004601826398490893,"[[1.0,0.0,0.0,0.0],[0.0,1.0,0.0,0.0],[0.0,0.0,1.0,0.0],[0.0,0.0,0.0,1.0]]","[[1.0,0.0,0.0,0.009937885387369252],[0.0,1.0,0.0,-0.0010132452642347951],[0.0,0.0,1.0,-0.0004601826398490893],[0.0,0.0,0.0,1.0]]",source/query_to_target/map,LEFT: T_initial=Delta_T@T_star,true,true,false,false,true,true,ASSUMED_METERS_FROM_SCALE,"[[1.0,-8.0550329585094e-05,0.00019461102783679962,0.00017765322991181165],[8.053043711697683e-05,1.0,0.00010215052316198125,-0.0001042195872287266],[-0.00019461929332464933,-0.0001021348507492803,1.0,0.0004284145252313465],[0.0,0.0,0.0,1.0]]",0.01,0.00047535397115142016,0.0,0.013411979018665686,0.00017765322991181165,-0.0001042195872287266,0.0004284145252313465,0.952464602884858,true,true,true,0.0003872921934429525,,15462,8,1075.601437,1.15.1,
CP-R_TEST_01_Q07-W-10MM-NEG-O3D,R_TEST_01,Rich,R_TEST_01_Q07,open3d,/home/lj/zero_perturbation_runtime/real_data/mid360_two_scene_pilot_v1/canonical_sources/R_TEST_01_Q07/source_points.npy,07038ada9ddf64fd44d76275c17e97e82d03fd9ed8e0479a5e4c994d8666f5e6,87949f4088bbdefa97bb936b77bcfab6cedaa6cabbf58c71acd942a6f218600f,/home/lj/zero_perturbation_runtime/real_data/mid360_two_scene_pilot_v1/target_maps/R_TEST_01/target_points.npy,43c6f299b5b24d220e6ee1a5ad8395ebb1380f992ff4fe207f822e25c92a65f7,d08c60b22a7dc3f1345b9401225fec550da80c4f7025bb8a198065f0dbe75b59,6a1ebdee6b34390f1430eab371e1c4108db1f124b59b7239d74785efa6474af9,0.2540379703407097,0.28846005837197586,0.4575019712873144,1.800919644703993,0.9689212932419502,weak,0.9937885387369251,-0.10132452642347951,-0.04601826398490893,lambda_min,TARGET_FRAME,-1,0.01,-0.009937885387369252,0.0010132452642347951,0.0004601826398490893,"[[1.0,0.0,0.0,0.0],[0.0,1.0,0.0,0.0],[0.0,0.0,1.0,0.0],[0.0,0.0,0.0,1.0]]","[[1.0,0.0,0.0,-0.009937885387369252],[0.0,1.0,0.0,0.0010132452642347951],[0.0,0.0,1.0,0.0004601826398490893],[0.0,0.0,0.0,1.0]]",source/query_to_target/map,LEFT: T_initial=Delta_T@T_star,true,true,false,false,true,true,ASSUMED_METERS_FROM_SCALE,"[[0.9999999849260679,-7.940946599839518e-05,0.00015440855165145436,0.00022324776340386634],[7.940033696288799e-05,0.9999999950997428,5.912783429425095e-05,-7.898532649536567e-05],[-0.0001544132462045597,-5.9115573311930935e-05,0.9999999863309492,0.0004314097426278783],[0.0,0.0,0.0,1.0]]",0.01,0.000492130685591399,0.0,0.010509245594862804,0.00022324776340386634,-7.898532649536567e-05,0.0004314097426278783,0.9507869314408601,true,true,true,1.0,0.019680382457523668,15462,,32.25118600039423,0.19.0+b012259,
CP-R_TEST_01_Q07-W-10MM-NEG-PCL,R_TEST_01,Rich,R_TEST_01_Q07,pcl,/home/lj/zero_perturbation_runtime/real_data/mid360_two_scene_pilot_v1/canonical_sources/R_TEST_01_Q07/source_points.npy,07038ada9ddf64fd44d76275c17e97e82d03fd9ed8e0479a5e4c994d8666f5e6,87949f4088bbdefa97bb936b77bcfab6cedaa6cabbf58c71acd942a6f218600f,/home/lj/zero_perturbation_runtime/real_data/mid360_two_scene_pilot_v1/target_maps/R_TEST_01/target_points.npy,43c6f299b5b24d220e6ee1a5ad8395ebb1380f992ff4fe207f822e25c92a65f7,d08c60b22a7dc3f1345b9401225fec550da80c4f7025bb8a198065f0dbe75b59,6a1ebdee6b34390f1430eab371e1c4108db1f124b59b7239d74785efa6474af9,0.2540379703407097,0.28846005837197586,0.4575019712873144,1.800919644703993,0.9689212932419502,weak,0.9937885387369251,-0.10132452642347951,-0.04601826398490893,lambda_min,TARGET_FRAME,-1,0.01,-0.009937885387369252,0.0010132452642347951,0.0004601826398490893,"[[1.0,0.0,0.0,0.0],[0.0,1.0,0.0,0.0],[0.0,0.0,1.0,0.0],[0.0,0.0,0.0,1.0]]","[[1.0,0.0,0.0,-0.009937885387369252],[0.0,1.0,0.0,0.0010132452642347951],[0.0,0.0,1.0,0.0004601826398490893],[0.0,0.0,0.0,1.0]]",source/query_to_target/map,LEFT: T_initial=Delta_T@T_star,true,true,false,false,true,true,ASSUMED_METERS_FROM_SCALE,"[[1.0,-7.894480222603306e-05,0.00019288001931272447,0.00018183495558332652],[7.892578287282959e-05,1.0,9.861982107395306e-05,-0.00010195403592661023],[-0.00019288780458737165,-9.860459249466658e-05,1.0,0.0004302247252780944],[0.0,0.0,0.0,1.0]]",0.01,0.0004780710101588745,0.0,0.013210293400595322,0.00018183495558332652,-0.00010195403592661023,0.0004302247252780944,0.9521928989841125,true,true,true,0.0003872903161536783,,15462,7,1072.064225,1.15.1,
CP-R_TEST_01_Q07-W-30MM-POS-O3D,R_TEST_01,Rich,R_TEST_01_Q07,open3d,/home/lj/zero_perturbation_runtime/real_data/mid360_two_scene_pilot_v1/canonical_sources/R_TEST_01_Q07/source_points.npy,07038ada9ddf64fd44d76275c17e97e82d03fd9ed8e0479a5e4c994d8666f5e6,87949f4088bbdefa97bb936b77bcfab6cedaa6cabbf58c71acd942a6f218600f,/home/lj/zero_perturbation_runtime/real_data/mid360_two_scene_pilot_v1/target_maps/R_TEST_01/target_points.npy,43c6f299b5b24d220e6ee1a5ad8395ebb1380f992ff4fe207f822e25c92a65f7,d08c60b22a7dc3f1345b9401225fec550da80c4f7025bb8a198065f0dbe75b59,6a1ebdee6b34390f1430eab371e1c4108db1f124b59b7239d74785efa6474af9,0.2540379703407097,0.28846005837197586,0.4575019712873144,1.800919644703993,0.9689212932419502,weak,0.9937885387369251,-0.10132452642347951,-0.04601826398490893,lambda_min,TARGET_FRAME,1,0.03,0.02981365616210775,-0.003039735792704385,-0.0013805479195472677,"[[1.0,0.0,0.0,0.0],[0.0,1.0,0.0,0.0],[0.0,0.0,1.0,0.0],[0.0,0.0,0.0,1.0]]","[[1.0,0.0,0.0,0.02981365616210775],[0.0,1.0,0.0,-0.003039735792704385],[0.0,0.0,1.0,-0.0013805479195472677],[0.0,0.0,0.0,1.0]]",source/query_to_target/map,LEFT: T_initial=Delta_T@T_star,true,true,false,false,true,true,ASSUMED_METERS_FROM_SCALE,"[[0.9999999849260713,-7.940942004605809e-05,0.00015440855084424186,0.0002232477541191562],[7.940029102823221e-05,0.9999999950997532,5.912772009379081e-05,-7.898525208039195e-05],[-0.00015441324538556316,-5.9115459118629534e-05,0.9999999863309559,0.00043140964567527367],[0.0,0.0,0.0,1.0]]",0.03,0.0004921305844459532,0.0,0.01050924230707667,0.0002232477541191562,-7.898525208039195e-05,0.00043140964567527367,0.9835956471851349,true,true,true,1.0,0.019680382455890474,15462,,33.85541199986619,0.19.0+b012259,
CP-R_TEST_01_Q07-W-30MM-POS-PCL,R_TEST_01,Rich,R_TEST_01_Q07,pcl,/home/lj/zero_perturbation_runtime/real_data/mid360_two_scene_pilot_v1/canonical_sources/R_TEST_01_Q07/source_points.npy,07038ada9ddf64fd44d76275c17e97e82d03fd9ed8e0479a5e4c994d8666f5e6,87949f4088bbdefa97bb936b77bcfab6cedaa6cabbf58c71acd942a6f218600f,/home/lj/zero_perturbation_runtime/real_data/mid360_two_scene_pilot_v1/target_maps/R_TEST_01/target_points.npy,43c6f299b5b24d220e6ee1a5ad8395ebb1380f992ff4fe207f822e25c92a65f7,d08c60b22a7dc3f1345b9401225fec550da80c4f7025bb8a198065f0dbe75b59,6a1ebdee6b34390f1430eab371e1c4108db1f124b59b7239d74785efa6474af9,0.2540379703407097,0.28846005837197586,0.4575019712873144,1.800919644703993,0.9689212932419502,weak,0.9937885387369251,-0.10132452642347951,-0.04601826398490893,lambda_min,TARGET_FRAME,1,0.03,0.02981365616210775,-0.003039735792704385,-0.0013805479195472677,"[[1.0,0.0,0.0,0.0],[0.0,1.0,0.0,0.0],[0.0,0.0,1.0,0.0],[0.0,0.0,0.0,1.0]]","[[1.0,0.0,0.0,0.02981365616210775],[0.0,1.0,0.0,-0.003039735792704385],[0.0,0.0,1.0,-0.0013805479195472677],[0.0,0.0,0.0,1.0]]",source/query_to_target/map,LEFT: T_initial=Delta_T@T_star,true,true,false,false,true,true,ASSUMED_METERS_FROM_SCALE,"[[1.0,-7.914943853393197e-05,0.00019226873700972646,0.00018357990484219044],[7.913060835562646e-05,1.0,9.806562593439594e-05,-0.00010296299296896905],[-0.00019227646407671273,-9.805042645893991e-05,1.0,0.0004284422902856022],[0.0,0.0,0.0,1.0]]",0.03,0.00047735286265839855,0.0,0.013171459999369885,0.00018357990484219044,-0.00010296299296896905,0.0004284422902856022,0.9840882379113867,true,true,true,0.0003872920478197812,,15462,8,1202.463784,1.15.1,
CP-R_TEST_01_Q07-W-30MM-NEG-O3D,R_TEST_01,Rich,R_TEST_01_Q07,open3d,/home/lj/zero_perturbation_runtime/real_data/mid360_two_scene_pilot_v1/canonical_sources/R_TEST_01_Q07/source_points.npy,07038ada9ddf64fd44d76275c17e97e82d03fd9ed8e0479a5e4c994d8666f5e6,87949f4088bbdefa97bb936b77bcfab6cedaa6cabbf58c71acd942a6f218600f,/home/lj/zero_perturbation_runtime/real_data/mid360_two_scene_pilot_v1/target_maps/R_TEST_01/target_points.npy,43c6f299b5b24d220e6ee1a5ad8395ebb1380f992ff4fe207f822e25c92a65f7,d08c60b22a7dc3f1345b9401225fec550da80c4f7025bb8a198065f0dbe75b59,6a1ebdee6b34390f1430eab371e1c4108db1f124b59b7239d74785efa6474af9,0.2540379703407097,0.28846005837197586,0.4575019712873144,1.800919644703993,0.9689212932419502,weak,0.9937885387369251,-0.10132452642347951,-0.04601826398490893,lambda_min,TARGET_FRAME,-1,0.03,-0.02981365616210775,0.003039735792704385,0.0013805479195472677,"[[1.0,0.0,0.0,0.0],[0.0,1.0,0.0,0.0],[0.0,0.0,1.0,0.0],[0.0,0.0,0.0,1.0]]","[[1.0,0.0,0.0,-0.02981365616210775],[0.0,1.0,0.0,0.003039735792704385],[0.0,0.0,1.0,0.0013805479195472677],[0.0,0.0,0.0,1.0]]",source/query_to_target/map,LEFT: T_initial=Delta_T@T_star,true,true,false,false,true,true,ASSUMED_METERS_FROM_SCALE,"[[0.9999999849260678,-7.940946600849507e-05,0.00015440855163884339,0.00022324776341524688],[7.940033697298563e-05,0.9999999950997431,5.912783431394516e-05,-7.898532650695564e-05],[-0.0001544132461919509,-5.911557333162459e-05,0.999999986330949,0.00043140974264732184],[0.0,0.0,0.0,1.0]]",0.03,0.0004921306856154662,0.0,0.010509245594868776,0.00022324776341524688,-7.898532650695564e-05,0.00043140974264732184,0.9835956438128178,true,true,true,1.0,0.01968038245752439,15462,,45.78055900037725,0.19.0+b012259,
CP-R_TEST_01_Q07-W-30MM-NEG-PCL,R_TEST_01,Rich,R_TEST_01_Q07,pcl,/home/lj/zero_perturbation_runtime/real_data/mid360_two_scene_pilot_v1/canonical_sources/R_TEST_01_Q07/source_points.npy,07038ada9ddf64fd44d76275c17e97e82d03fd9ed8e0479a5e4c994d8666f5e6,87949f4088bbdefa97bb936b77bcfab6cedaa6cabbf58c71acd942a6f218600f,/home/lj/zero_perturbation_runtime/real_data/mid360_two_scene_pilot_v1/target_maps/R_TEST_01/target_points.npy,43c6f299b5b24d220e6ee1a5ad8395ebb1380f992ff4fe207f822e25c92a65f7,d08c60b22a7dc3f1345b9401225fec550da80c4f7025bb8a198065f0dbe75b59,6a1ebdee6b34390f1430eab371e1c4108db1f124b59b7239d74785efa6474af9,0.2540379703407097,0.28846005837197586,0.4575019712873144,1.800919644703993,0.9689212932419502,weak,0.9937885387369251,-0.10132452642347951,-0.04601826398490893,lambda_min,TARGET_FRAME,-1,0.03,-0.02981365616210775,0.003039735792704385,0.0013805479195472677,"[[1.0,0.0,0.0,0.0],[0.0,1.0,0.0,0.0],[0.0,0.0,1.0,0.0],[0.0,0.0,0.0,1.0]]","[[1.0,0.0,0.0,-0.02981365616210775],[0.0,1.0,0.0,0.003039735792704385],[0.0,0.0,1.0,0.0013805479195472677],[0.0,0.0,0.0,1.0]]",source/query_to_target/map,LEFT: T_initial=Delta_T@T_star,true,true,false,false,true,true,ASSUMED_METERS_FROM_SCALE,"[[1.0,-7.900727359810844e-05,0.00019236272783018649,0.00018465876928530633],[7.89883779361844e-05,1.0,9.827222675085068e-05,-0.00010171705798711628],[-0.00019237045489717275,-9.825701999943703e-05,1.0,0.0004286023322492838],[0.0,0.0,0.0,1.0]]",0.03,0.0004776454544628723,0.0,0.013178215739417205,0.00018465876928530633,-0.00010171705798711628,0.0004286023322492838,0.9840784848512376,true,true,true,0.00038729269110300844,,15462,8,1198.549165,1.15.1,
CP-R_TEST_01_Q07-W-50MM-POS-O3D,R_TEST_01,Rich,R_TEST_01_Q07,open3d,/home/lj/zero_perturbation_runtime/real_data/mid360_two_scene_pilot_v1/canonical_sources/R_TEST_01_Q07/source_points.npy,07038ada9ddf64fd44d76275c17e97e82d03fd9ed8e0479a5e4c994d8666f5e6,87949f4088bbdefa97bb936b77bcfab6cedaa6cabbf58c71acd942a6f218600f,/home/lj/zero_perturbation_runtime/real_data/mid360_two_scene_pilot_v1/target_maps/R_TEST_01/target_points.npy,43c6f299b5b24d220e6ee1a5ad8395ebb1380f992ff4fe207f822e25c92a65f7,d08c60b22a7dc3f1345b9401225fec550da80c4f7025bb8a198065f0dbe75b59,6a1ebdee6b34390f1430eab371e1c4108db1f124b59b7239d74785efa6474af9,0.2540379703407097,0.28846005837197586,0.4575019712873144,1.800919644703993,0.9689212932419502,weak,0.9937885387369251,-0.10132452642347951,-0.04601826398490893,lambda_min,TARGET_FRAME,1,0.05,0.049689426936846255,-0.005066226321173976,-0.0023009131992454464,"[[1.0,0.0,0.0,0.0],[0.0,1.0,0.0,0.0],[0.0,0.0,1.0,0.0],[0.0,0.0,0.0,1.0]]","[[1.0,0.0,0.0,0.049689426936846255],[0.0,1.0,0.0,-0.005066226321173976],[0.0,0.0,1.0,-0.0023009131992454464],[0.0,0.0,0.0,1.0]]",source/query_to_target/map,LEFT: T_initial=Delta_T@T_star,true,true,false,false,true,true,ASSUMED_METERS_FROM_SCALE,"[[0.9999999848581393,-7.949964131077122e-05,0.00015480157578997645,0.00021806850159060087],[7.949014983401423e-05,0.9999999949606474,6.131901248786342e-05,-8.645002954406223e-05],[-0.00015480644984937504,-6.130670635892536e-05,0.9999999861382254,0.0004318484648075783],[0.0,0.0,0.0,1.0]]",0.05,0.0004914474290814851,0.0,0.010571496437624305,0.00021806850159060087,-8.645002954406223e-05,0.0004318484648075783,0.9901710514183703,true,true,true,1.0,0.019680315228148962,15462,,36.672502999863354,0.19.0+b012259,
CP-R_TEST_01_Q07-W-50MM-POS-PCL,R_TEST_01,Rich,R_TEST_01_Q07,pcl,/home/lj/zero_perturbation_runtime/real_data/mid360_two_scene_pilot_v1/canonical_sources/R_TEST_01_Q07/source_points.npy,07038ada9ddf64fd44d76275c17e97e82d03fd9ed8e0479a5e4c994d8666f5e6,87949f4088bbdefa97bb936b77bcfab6cedaa6cabbf58c71acd942a6f218600f,/home/lj/zero_perturbation_runtime/real_data/mid360_two_scene_pilot_v1/target_maps/R_TEST_01/target_points.npy,43c6f299b5b24d220e6ee1a5ad8395ebb1380f992ff4fe207f822e25c92a65f7,d08c60b22a7dc3f1345b9401225fec550da80c4f7025bb8a198065f0dbe75b59,6a1ebdee6b34390f1430eab371e1c4108db1f124b59b7239d74785efa6474af9,0.2540379703407097,0.28846005837197586,0.4575019712873144,1.800919644703993,0.9689212932419502,weak,0.9937885387369251,-0.10132452642347951,-0.04601826398490893,lambda_min,TARGET_FRAME,1,0.05,0.049689426936846255,-0.005066226321173976,-0.0023009131992454464,"[[1.0,0.0,0.0,0.0],[0.0,1.0,0.0,0.0],[0.0,0.0,1.0,0.0],[0.0,0.0,0.0,1.0]]","[[1.0,0.0,0.0,0.049689426936846255],[0.0,1.0,0.0,-0.005066226321173976],[0.0,0.0,1.0,-0.0023009131992454464],[0.0,0.0,0.0,1.0]]",source/query_to_target/map,LEFT: T_initial=Delta_T@T_star,true,true,false,false,true,true,ASSUMED_METERS_FROM_SCALE,"[[0.9999999403953552,-8.205918857129291e-05,0.0001945188269019127,0.00017661853053141385],[8.203925972338766e-05,1.0,0.00010246428428217769,-0.00010620859393384308],[-0.00019452716514933854,-0.0001024483353830874,1.0,0.0004297828709241003],[0.0,0.0,0.0,1.0]]",0.05,0.0004766420951744,0.0,0.013445424669505178,0.00017661853053141385,-0.00010620859393384308,0.0004297828709241003,0.990467158096512,true,true,true,0.0003872925732823028,,15462,9,1360.626754,1.15.1,
CP-R_TEST_01_Q07-W-50MM-NEG-O3D,R_TEST_01,Rich,R_TEST_01_Q07,open3d,/home/lj/zero_perturbation_runtime/real_data/mid360_two_scene_pilot_v1/canonical_sources/R_TEST_01_Q07/source_points.npy,07038ada9ddf64fd44d76275c17e97e82d03fd9ed8e0479a5e4c994d8666f5e6,87949f4088bbdefa97bb936b77bcfab6cedaa6cabbf58c71acd942a6f218600f,/home/lj/zero_perturbation_runtime/real_data/mid360_two_scene_pilot_v1/target_maps/R_TEST_01/target_points.npy,43c6f299b5b24d220e6ee1a5ad8395ebb1380f992ff4fe207f822e25c92a65f7,d08c60b22a7dc3f1345b9401225fec550da80c4f7025bb8a198065f0dbe75b59,6a1ebdee6b34390f1430eab371e1c4108db1f124b59b7239d74785efa6474af9,0.2540379703407097,0.28846005837197586,0.4575019712873144,1.800919644703993,0.9689212932419502,weak,0.9937885387369251,-0.10132452642347951,-0.04601826398490893,lambda_min,TARGET_FRAME,-1,0.05,-0.049689426936846255,0.005066226321173976,0.0023009131992454464,"[[1.0,0.0,0.0,0.0],[0.0,1.0,0.0,0.0],[0.0,0.0,1.0,0.0],[0.0,0.0,0.0,1.0]]","[[1.0,0.0,0.0,-0.049689426936846255],[0.0,1.0,0.0,0.005066226321173976],[0.0,0.0,1.0,0.0023009131992454464],[0.0,0.0,0.0,1.0]]",source/query_to_target/map,LEFT: T_initial=Delta_T@T_star,true,true,false,false,true,true,ASSUMED_METERS_FROM_SCALE,"[[0.9999999849260675,-7.940947059386356e-05,0.0001544085521755552,0.00022324776423776548],[7.940034155832221e-05,0.9999999950997422,5.912783431509027e-05,-7.89853239100698e-05],[-0.00015441324672893386,-5.911557333201909e-05,0.999999986330949,0.0004314097425679991],[0.0,0.0,0.0,1.0]]",0.05,0.0004921306855022625,0.0,0.010509245734512108,0.00022324776423776548,-7.89853239100698e-05,0.0004314097425679991,0.9901573862899548,true,true,true,1.0,0.01968038245765668,15462,,41.05395500027953,0.19.0+b012259,
CP-R_TEST_01_Q07-W-50MM-NEG-PCL,R_TEST_01,Rich,R_TEST_01_Q07,pcl,/home/lj/zero_perturbation_runtime/real_data/mid360_two_scene_pilot_v1/canonical_sources/R_TEST_01_Q07/source_points.npy,07038ada9ddf64fd44d76275c17e97e82d03fd9ed8e0479a5e4c994d8666f5e6,87949f4088bbdefa97bb936b77bcfab6cedaa6cabbf58c71acd942a6f218600f,/home/lj/zero_perturbation_runtime/real_data/mid360_two_scene_pilot_v1/target_maps/R_TEST_01/target_points.npy,43c6f299b5b24d220e6ee1a5ad8395ebb1380f992ff4fe207f822e25c92a65f7,d08c60b22a7dc3f1345b9401225fec550da80c4f7025bb8a198065f0dbe75b59,6a1ebdee6b34390f1430eab371e1c4108db1f124b59b7239d74785efa6474af9,0.2540379703407097,0.28846005837197586,0.4575019712873144,1.800919644703993,0.9689212932419502,weak,0.9937885387369251,-0.10132452642347951,-0.04601826398490893,lambda_min,TARGET_FRAME,-1,0.05,-0.049689426936846255,0.005066226321173976,0.0023009131992454464,"[[1.0,0.0,0.0,0.0],[0.0,1.0,0.0,0.0],[0.0,0.0,1.0,0.0],[0.0,0.0,0.0,1.0]]","[[1.0,0.0,0.0,-0.049689426936846255],[0.0,1.0,0.0,0.005066226321173976],[0.0,0.0,1.0,0.0023009131992454464],[0.0,0.0,0.0,1.0]]",source/query_to_target/map,LEFT: T_initial=Delta_T@T_star,true,true,false,false,true,true,ASSUMED_METERS_FROM_SCALE,"[[0.9999999403953552,-8.48329218570143e-05,0.00020002627570647746,0.00015543923655059189],[8.481328404741362e-05,1.0,9.812980715651065e-05,-9.043138561537489e-05],[-0.00020003461395390332,-9.811281051952392e-05,1.0,0.00041417538886889815],[0.0,0.0,0.0,1.0]]",0.05,0.0004515312220748976,0.0,0.013659358334401992,0.00015543923655059189,-9.043138561537489e-05,0.00041417538886889815,0.9909693755585021,true,true,true,0.00038729256993247103,,15462,8,1403.777083,1.15.1,
CP-R_TEST_01_Q07-S-10MM-POS-O3D,R_TEST_01,Rich,R_TEST_01_Q07,open3d,/home/lj/zero_perturbation_runtime/real_data/mid360_two_scene_pilot_v1/canonical_sources/R_TEST_01_Q07/source_points.npy,07038ada9ddf64fd44d76275c17e97e82d03fd9ed8e0479a5e4c994d8666f5e6,87949f4088bbdefa97bb936b77bcfab6cedaa6cabbf58c71acd942a6f218600f,/home/lj/zero_perturbation_runtime/real_data/mid360_two_scene_pilot_v1/target_maps/R_TEST_01/target_points.npy,43c6f299b5b24d220e6ee1a5ad8395ebb1380f992ff4fe207f822e25c92a65f7,d08c60b22a7dc3f1345b9401225fec550da80c4f7025bb8a198065f0dbe75b59,6a1ebdee6b34390f1430eab371e1c4108db1f124b59b7239d74785efa6474af9,0.2540379703407097,0.28846005837197586,0.4575019712873144,1.800919644703993,0.9689212932419502,strong,0.09881895080197699,0.9936498213611795,-0.053803786774653334,lambda_max,TARGET_FRAME,1,0.01,0.0009881895080197701,0.009936498213611797,-0.0005380378677465334,"[[1.0,0.0,0.0,0.0],[0.0,1.0,0.0,0.0],[0.0,0.0,1.0,0.0],[0.0,0.0,0.0,1.0]]","[[1.0,0.0,0.0,0.0009881895080197701],[0.0,1.0,0.0,0.009936498213611797],[0.0,0.0,1.0,-0.0005380378677465334],[0.0,0.0,0.0,1.0]]",source/query_to_target/map,LEFT: T_initial=Delta_T@T_star,true,true,false,false,true,true,ASSUMED_METERS_FROM_SCALE,"[[0.9999999849260677,-7.940946602204139e-05,0.0001544085516433457,0.0002232477634148913],[7.94003369865272e-05,0.9999999950997426,5.912783434257001e-05,-7.898532652433591e-05],[-0.0001544132461964563,-5.9115573360246954e-05,0.999999986330949,0.0004314097426704036],[0.0,0.0,0.0,1.0]]",0.01,0.0004921306856383283,0.0,0.010509245595950584,0.0002232477634148913,-7.898532652433591e-05,0.0004314097426704036,0.9507869314361672,true,true,true,1.0,0.01968038245752474,15462,,40.68271400046797,0.19.0+b012259,
CP-R_TEST_01_Q07-S-10MM-POS-PCL,R_TEST_01,Rich,R_TEST_01_Q07,pcl,/home/lj/zero_perturbation_runtime/real_data/mid360_two_scene_pilot_v1/canonical_sources/R_TEST_01_Q07/source_points.npy,07038ada9ddf64fd44d76275c17e97e82d03fd9ed8e0479a5e4c994d8666f5e6,87949f4088bbdefa97bb936b77bcfab6cedaa6cabbf58c71acd942a6f218600f,/home/lj/zero_perturbation_runtime/real_data/mid360_two_scene_pilot_v1/target_maps/R_TEST_01/target_points.npy,43c6f299b5b24d220e6ee1a5ad8395ebb1380f992ff4fe207f822e25c92a65f7,d08c60b22a7dc3f1345b9401225fec550da80c4f7025bb8a198065f0dbe75b59,6a1ebdee6b34390f1430eab371e1c4108db1f124b59b7239d74785efa6474af9,0.2540379703407097,0.28846005837197586,0.4575019712873144,1.800919644703993,0.9689212932419502,strong,0.09881895080197699,0.9936498213611795,-0.053803786774653334,lambda_max,TARGET_FRAME,1,0.01,0.0009881895080197701,0.009936498213611797,-0.0005380378677465334,"[[1.0,0.0,0.0,0.0],[0.0,1.0,0.0,0.0],[0.0,0.0,1.0,0.0],[0.0,0.0,0.0,1.0]]","[[1.0,0.0,0.0,0.0009881895080197701],[0.0,1.0,0.0,0.009936498213611797],[0.0,0.0,1.0,-0.0005380378677465334],[0.0,0.0,0.0,1.0]]",source/query_to_target/map,LEFT: T_initial=Delta_T@T_star,true,true,false,false,true,true,ASSUMED_METERS_FROM_SCALE,"[[1.0,-7.912072032922879e-05,0.00019288451585453004,0.00018179618928115815],[7.910173735581338e-05,1.0,9.833022340899333e-05,-0.00010150618618354201],[-0.00019289231568109244,-9.831496572587639e-05,1.0,0.00043021905003115535],[0.0,0.0,0.0,1.0]]",0.01,0.00047795584658040155,0.0,0.013206877132354545,0.00018179618928115815,-0.00010150618618354201,0.00043021905003115535,0.9522044153419599,true,true,true,0.00038729036333802274,,15462,6,1342.66487,1.15.1,
CP-R_TEST_01_Q07-S-10MM-NEG-O3D,R_TEST_01,Rich,R_TEST_01_Q07,open3d,/home/lj/zero_perturbation_runtime/real_data/mid360_two_scene_pilot_v1/canonical_sources/R_TEST_01_Q07/source_points.npy,07038ada9ddf64fd44d76275c17e97e82d03fd9ed8e0479a5e4c994d8666f5e6,87949f4088bbdefa97bb936b77bcfab6cedaa6cabbf58c71acd942a6f218600f,/home/lj/zero_perturbation_runtime/real_data/mid360_two_scene_pilot_v1/target_maps/R_TEST_01/target_points.npy,43c6f299b5b24d220e6ee1a5ad8395ebb1380f992ff4fe207f822e25c92a65f7,d08c60b22a7dc3f1345b9401225fec550da80c4f7025bb8a198065f0dbe75b59,6a1ebdee6b34390f1430eab371e1c4108db1f124b59b7239d74785efa6474af9,0.2540379703407097,0.28846005837197586,0.4575019712873144,1.800919644703993,0.9689212932419502,strong,0.09881895080197699,0.9936498213611795,-0.053803786774653334,lambda_max,TARGET_FRAME,-1,0.01,-0.0009881895080197701,-0.009936498213611797,0.0005380378677465334,"[[1.0,0.0,0.0,0.0],[0.0,1.0,0.0,0.0],[0.0,0.0,1.0,0.0],[0.0,0.0,0.0,1.0]]","[[1.0,0.0,0.0,-0.0009881895080197701],[0.0,1.0,0.0,-0.009936498213611797],[0.0,0.0,1.0,0.0005380378677465334],[0.0,0.0,0.0,1.0]]",source/query_to_target/map,LEFT: T_initial=Delta_T@T_star,true,true,false,false,true,true,ASSUMED_METERS_FROM_SCALE,"[[0.9999999849260672,-7.940946987160085e-05,0.00015440855429216195,0.00022324776244726828],[7.940034083526208e-05,0.9999999950997419,5.912783866890767e-05,-7.89853281864906e-05],[-0.00015441324884584354,-5.911557768577991e-05,0.9999999863309483,0.00043140974579352926],[0.0,0.0,0.0,1.0]]",0.01,0.0004921306882039333,0.0,0.010509245899094587,0.00022324776244726828,-7.89853281864906e-05,0.00043140974579352926,0.9507869311796067,true,true,true,1.0,0.01968038245757741,15462,,35.143166999660025,0.19.0+b012259,
CP-R_TEST_01_Q07-S-10MM-NEG-PCL,R_TEST_01,Rich,R_TEST_01_Q07,pcl,/home/lj/zero_perturbation_runtime/real_data/mid360_two_scene_pilot_v1/canonical_sources/R_TEST_01_Q07/source_points.npy,07038ada9ddf64fd44d76275c17e97e82d03fd9ed8e0479a5e4c994d8666f5e6,87949f4088bbdefa97bb936b77bcfab6cedaa6cabbf58c71acd942a6f218600f,/home/lj/zero_perturbation_runtime/real_data/mid360_two_scene_pilot_v1/target_maps/R_TEST_01/target_points.npy,43c6f299b5b24d220e6ee1a5ad8395ebb1380f992ff4fe207f822e25c92a65f7,d08c60b22a7dc3f1345b9401225fec550da80c4f7025bb8a198065f0dbe75b59,6a1ebdee6b34390f1430eab371e1c4108db1f124b59b7239d74785efa6474af9,0.2540379703407097,0.28846005837197586,0.4575019712873144,1.800919644703993,0.9689212932419502,strong,0.09881895080197699,0.9936498213611795,-0.053803786774653334,lambda_max,TARGET_FRAME,-1,0.01,-0.0009881895080197701,-0.009936498213611797,0.0005380378677465334,"[[1.0,0.0,0.0,0.0],[0.0,1.0,0.0,0.0],[0.0,0.0,1.0,0.0],[0.0,0.0,0.0,1.0]]","[[1.0,0.0,0.0,-0.0009881895080197701],[0.0,1.0,0.0,-0.009936498213611797],[0.0,0.0,1.0,0.0005380378677465334],[0.0,0.0,0.0,1.0]]",source/query_to_target/map,LEFT: T_initial=Delta_T@T_star,true,true,false,false,true,true,ASSUMED_METERS_FROM_SCALE,"[[1.0,-8.212805551011115e-05,0.00019432464614510536,0.00017454405315220356],[8.210827218135819e-05,1.0,0.0001016790047287941,-0.00010438277968205512],[-0.00019433299894444644,-0.00010166301944991574,1.0,0.0004293192469049245],[0.0,0.0,0.0,1.0]]",0.01,0.00047505410949486926,0.0,0.013417991128555557,0.00017454405315220356,-0.00010438277968205512,0.0004293192469049245,0.9524945890505131,true,true,true,0.00038729185024447124,,15462,7,1116.4819,1.15.1,
CP-R_TEST_01_Q07-S-30MM-POS-O3D,R_TEST_01,Rich,R_TEST_01_Q07,open3d,/home/lj/zero_perturbation_runtime/real_data/mid360_two_scene_pilot_v1/canonical_sources/R_TEST_01_Q07/source_points.npy,07038ada9ddf64fd44d76275c17e97e82d03fd9ed8e0479a5e4c994d8666f5e6,87949f4088bbdefa97bb936b77bcfab6cedaa6cabbf58c71acd942a6f218600f,/home/lj/zero_perturbation_runtime/real_data/mid360_two_scene_pilot_v1/target_maps/R_TEST_01/target_points.npy,43c6f299b5b24d220e6ee1a5ad8395ebb1380f992ff4fe207f822e25c92a65f7,d08c60b22a7dc3f1345b9401225fec550da80c4f7025bb8a198065f0dbe75b59,6a1ebdee6b34390f1430eab371e1c4108db1f124b59b7239d74785efa6474af9,0.2540379703407097,0.28846005837197586,0.4575019712873144,1.800919644703993,0.9689212932419502,strong,0.09881895080197699,0.9936498213611795,-0.053803786774653334,lambda_max,TARGET_FRAME,1,0.03,0.0029645685240593097,0.029809494640835387,-0.0016141136032396001,"[[1.0,0.0,0.0,0.0],[0.0,1.0,0.0,0.0],[0.0,0.0,1.0,0.0],[0.0,0.0,0.0,1.0]]","[[1.0,0.0,0.0,0.0029645685240593097],[0.0,1.0,0.0,0.029809494640835387],[0.0,0.0,1.0,-0.0016141136032396001],[0.0,0.0,0.0,1.0]]",source/query_to_target/map,LEFT: T_initial=Delta_T@T_star,true,true,false,false,true,true,ASSUMED_METERS_FROM_SCALE,"[[0.9999999849260581,-7.940957784289486e-05,0.000154408557902706,0.00022324779202732552],[7.940044883339145e-05,0.9999999950997439,5.912766350482038e-05,-7.898511269450545e-05],[-0.00015441325244886232,-5.91154025047322e-05,0.9999999863309582,0.0004314095973001403],[0.0,0.0,0.0,1.0]]",0.03,0.000492130536865077,0.0,0.010509245516420717,0.00022324779202732552,-7.898511269450545e-05,0.0004314095973001403,0.9835956487711641,true,true,true,1.0,0.019680382460699624,15462,,38.54355600014969,0.19.0+b012259,
CP-R_TEST_01_Q07-S-30MM-POS-PCL,R_TEST_01,Rich,R_TEST_01_Q07,pcl,/home/lj/zero_perturbation_runtime/real_data/mid360_two_scene_pilot_v1/canonical_sources/R_TEST_01_Q07/source_points.npy,07038ada9ddf64fd44d76275c17e97e82d03fd9ed8e0479a5e4c994d8666f5e6,87949f4088bbdefa97bb936b77bcfab6cedaa6cabbf58c71acd942a6f218600f,/home/lj/zero_perturbation_runtime/real_data/mid360_two_scene_pilot_v1/target_maps/R_TEST_01/target_points.npy,43c6f299b5b24d220e6ee1a5ad8395ebb1380f992ff4fe207f822e25c92a65f7,d08c60b22a7dc3f1345b9401225fec550da80c4f7025bb8a198065f0dbe75b59,6a1ebdee6b34390f1430eab371e1c4108db1f124b59b7239d74785efa6474af9,0.2540379703407097,0.28846005837197586,0.4575019712873144,1.800919644703993,0.9689212932419502,strong,0.09881895080197699,0.9936498213611795,-0.053803786774653334,lambda_max,TARGET_FRAME,1,0.03,0.0029645685240593097,0.029809494640835387,-0.0016141136032396001,"[[1.0,0.0,0.0,0.0],[0.0,1.0,0.0,0.0],[0.0,0.0,1.0,0.0],[0.0,0.0,0.0,1.0]]","[[1.0,0.0,0.0,0.0029645685240593097],[0.0,1.0,0.0,0.029809494640835387],[0.0,0.0,1.0,-0.0016141136032396001],[0.0,0.0,0.0,1.0]]",source/query_to_target/map,LEFT: T_initial=Delta_T@T_star,true,true,false,false,true,true,ASSUMED_METERS_FROM_SCALE,"[[1.0,-7.9913908848539e-05,0.00019477064779493958,0.00018224178347736597],[7.989394362084568e-05,1.0,0.00010234108049189672,-0.00010341572487959638],[-0.00019477878231555223,-0.0001023255244945176,1.0,0.00042888824827969074],[0.0,0.0,0.0,1.0]]",0.03,0.00047733846410047995,0.0,0.013411855321829853,0.00018224178347736597,-0.00010341572487959638,0.00042888824827969074,0.9840887178633173,true,true,true,0.00038729330857634577,,15462,8,1116.986015,1.15.1,
CP-R_TEST_01_Q07-S-30MM-NEG-O3D,R_TEST_01,Rich,R_TEST_01_Q07,open3d,/home/lj/zero_perturbation_runtime/real_data/mid360_two_scene_pilot_v1/canonical_sources/R_TEST_01_Q07/source_points.npy,07038ada9ddf64fd44d76275c17e97e82d03fd9ed8e0479a5e4c994d8666f5e6,87949f4088bbdefa97bb936b77bcfab6cedaa6cabbf58c71acd942a6f218600f,/home/lj/zero_perturbation_runtime/real_data/mid360_two_scene_pilot_v1/target_maps/R_TEST_01/target_points.npy,43c6f299b5b24d220e6ee1a5ad8395ebb1380f992ff4fe207f822e25c92a65f7,d08c60b22a7dc3f1345b9401225fec550da80c4f7025bb8a198065f0dbe75b59,6a1ebdee6b34390f1430eab371e1c4108db1f124b59b7239d74785efa6474af9,0.2540379703407097,0.28846005837197586,0.4575019712873144,1.800919644703993,0.9689212932419502,strong,0.09881895080197699,0.9936498213611795,-0.053803786774653334,lambda_max,TARGET_FRAME,-1,0.03,-0.0029645685240593097,-0.029809494640835387,0.0016141136032396001,"[[1.0,0.0,0.0,0.0],[0.0,1.0,0.0,0.0],[0.0,0.0,1.0,0.0],[0.0,0.0,0.0,1.0]]","[[1.0,0.0,0.0,-0.0029645685240593097],[0.0,1.0,0.0,-0.029809494640835387],[0.0,0.0,1.0,0.0016141136032396001],[0.0,0.0,0.0,1.0]]",source/query_to_target/map,LEFT: T_initial=Delta_T@T_star,true,true,false,false,true,true,ASSUMED_METERS_FROM_SCALE,"[[0.9999999849260672,-7.940946927749608e-05,0.0001544085543599841,0.00022324776227883043],[7.940034024142923e-05,0.9999999950997424,5.912783688204635e-05,-7.898532695222827e-05],[-0.00015441324891348878,-5.9115575899005024e-05,0.9999999863309487,0.00043140974426321334],[0.0,0.0,0.0,1.0]]",0.03,0.0004921306865879293,0.0,0.010509245854621084,0.00022324776227883043,-7.898532695222827e-05,0.00043140974426321334,0.9835956437804023,true,true,true,1.0,0.019680382457553477,15462,,49.15490300027159,0.19.0+b012259,
CP-R_TEST_01_Q07-S-30MM-NEG-PCL,R_TEST_01,Rich,R_TEST_01_Q07,pcl,/home/lj/zero_perturbation_runtime/real_data/mid360_two_scene_pilot_v1/canonical_sources/R_TEST_01_Q07/source_points.npy,07038ada9ddf64fd44d76275c17e97e82d03fd9ed8e0479a5e4c994d8666f5e6,87949f4088bbdefa97bb936b77bcfab6cedaa6cabbf58c71acd942a6f218600f,/home/lj/zero_perturbation_runtime/real_data/mid360_two_scene_pilot_v1/target_maps/R_TEST_01/target_points.npy,43c6f299b5b24d220e6ee1a5ad8395ebb1380f992ff4fe207f822e25c92a65f7,d08c60b22a7dc3f1345b9401225fec550da80c4f7025bb8a198065f0dbe75b59,6a1ebdee6b34390f1430eab371e1c4108db1f124b59b7239d74785efa6474af9,0.2540379703407097,0.28846005837197586,0.4575019712873144,1.800919644703993,0.9689212932419502,strong,0.09881895080197699,0.9936498213611795,-0.053803786774653334,lambda_max,TARGET_FRAME,-1,0.03,-0.0029645685240593097,-0.029809494640835387,0.0016141136032396001,"[[1.0,0.0,0.0,0.0],[0.0,1.0,0.0,0.0],[0.0,0.0,1.0,0.0],[0.0,0.0,0.0,1.0]]","[[1.0,0.0,0.0,-0.0029645685240593097],[0.0,1.0,0.0,-0.029809494640835387],[0.0,0.0,1.0,0.0016141136032396001],[0.0,0.0,0.0,1.0]]",source/query_to_target/map,LEFT: T_initial=Delta_T@T_star,true,true,false,false,true,true,ASSUMED_METERS_FROM_SCALE,"[[1.0,-8.525190060026944e-05,0.00019362536841072142,0.00017813401063904166],[8.523227734258398e-05,0.9999999403953552,0.00010136167838936672,-0.00010379747254773974],[-0.00019363401224836707,-0.00010134512558579445,0.9999999403953552,0.0004295133985579014],[0.0,0.0,0.0,1.0]]",0.03,0.00047643194749555536,0.0,0.013440860274304307,0.00017813401063904166,-0.00010379747254773974,0.0004295133985579014,0.9841189350834815,true,true,true,0.00038729713660395036,,15462,7,1117.588721,1.15.1,
CP-R_TEST_01_Q07-S-50MM-POS-O3D,R_TEST_01,Rich,R_TEST_01_Q07,open3d,/home/lj/zero_perturbation_runtime/real_data/mid360_two_scene_pilot_v1/canonical_sources/R_TEST_01_Q07/source_points.npy,07038ada9ddf64fd44d76275c17e97e82d03fd9ed8e0479a5e4c994d8666f5e6,87949f4088bbdefa97bb936b77bcfab6cedaa6cabbf58c71acd942a6f218600f,/home/lj/zero_perturbation_runtime/real_data/mid360_two_scene_pilot_v1/target_maps/R_TEST_01/target_points.npy,43c6f299b5b24d220e6ee1a5ad8395ebb1380f992ff4fe207f822e25c92a65f7,d08c60b22a7dc3f1345b9401225fec550da80c4f7025bb8a198065f0dbe75b59,6a1ebdee6b34390f1430eab371e1c4108db1f124b59b7239d74785efa6474af9,0.2540379703407097,0.28846005837197586,0.4575019712873144,1.800919644703993,0.9689212932419502,strong,0.09881895080197699,0.9936498213611795,-0.053803786774653334,lambda_max,TARGET_FRAME,1,0.05,0.00494094754009885,0.049682491068058984,-0.0026901893387326673,"[[1.0,0.0,0.0,0.0],[0.0,1.0,0.0,0.0],[0.0,0.0,1.0,0.0],[0.0,0.0,0.0,1.0]]","[[1.0,0.0,0.0,0.00494094754009885],[0.0,1.0,0.0,0.049682491068058984],[0.0,0.0,1.0,-0.0026901893387326673],[0.0,0.0,0.0,1.0]]",source/query_to_target/map,LEFT: T_initial=Delta_T@T_star,true,true,false,false,true,true,ASSUMED_METERS_FROM_SCALE,"[[0.9999999849260672,-7.940947167191378e-05,0.00015440855245525925,0.00022324776420620877],[7.94003426354786e-05,0.9999999950997419,5.912783999676257e-05,-7.898532830298415e-05],[-0.00015441324700915277,-5.911557901350256e-05,0.9999999863309487,0.00043140974732212405],[0.0,0.0,0.0,1.0]]",0.05,0.0004921306903605384,0.0,0.010509245879679522,0.00022324776420620877,-7.898532830298415e-05,0.00043140974732212405,0.9901573861927893,true,true,true,1.0,0.01968038245769191,15462,,46.21241800032294,0.19.0+b012259,
CP-R_TEST_01_Q07-S-50MM-POS-PCL,R_TEST_01,Rich,R_TEST_01_Q07,pcl,/home/lj/zero_perturbation_runtime/real_data/mid360_two_scene_pilot_v1/canonical_sources/R_TEST_01_Q07/source_points.npy,07038ada9ddf64fd44d76275c17e97e82d03fd9ed8e0479a5e4c994d8666f5e6,87949f4088bbdefa97bb936b77bcfab6cedaa6cabbf58c71acd942a6f218600f,/home/lj/zero_perturbation_runtime/real_data/mid360_two_scene_pilot_v1/target_maps/R_TEST_01/target_points.npy,43c6f299b5b24d220e6ee1a5ad8395ebb1380f992ff4fe207f822e25c92a65f7,d08c60b22a7dc3f1345b9401225fec550da80c4f7025bb8a198065f0dbe75b59,6a1ebdee6b34390f1430eab371e1c4108db1f124b59b7239d74785efa6474af9,0.2540379703407097,0.28846005837197586,0.4575019712873144,1.800919644703993,0.9689212932419502,strong,0.09881895080197699,0.9936498213611795,-0.053803786774653334,lambda_max,TARGET_FRAME,1,0.05,0.00494094754009885,0.049682491068058984,-0.0026901893387326673,"[[1.0,0.0,0.0,0.0],[0.0,1.0,0.0,0.0],[0.0,0.0,1.0,0.0],[0.0,0.0,0.0,1.0]]","[[1.0,0.0,0.0,0.00494094754009885],[0.0,1.0,0.0,0.049682491068058984],[0.0,0.0,1.0,-0.0026901893387326673],[0.0,0.0,0.0,1.0]]",source/query_to_target/map,LEFT: T_initial=Delta_T@T_star,true,true,false,false,true,true,ASSUMED_METERS_FROM_SCALE,"[[1.0,-7.899109914433211e-05,0.0001923541713040322,0.0001845587248681113],[7.897226169006899e-05,1.0,9.837884135777131e-05,-0.00010253507207380608],[-0.00019236192747484893,-9.836367098614573e-05,1.0,0.0004285292816348374],[0.0,0.0,0.0,1.0]]",0.05,0.00047771613867295045,0.0,0.013180100221696585,0.0001845587248681113,-0.00010253507207380608,0.0004285292816348374,0.990445677226541,true,true,true,0.00038729255247890276,,15462,7,1126.005608,1.15.1,
CP-R_TEST_01_Q07-S-50MM-NEG-O3D,R_TEST_01,Rich,R_TEST_01_Q07,open3d,/home/lj/zero_perturbation_runtime/real_data/mid360_two_scene_pilot_v1/canonical_sources/R_TEST_01_Q07/source_points.npy,07038ada9ddf64fd44d76275c17e97e82d03fd9ed8e0479a5e4c994d8666f5e6,87949f4088bbdefa97bb936b77bcfab6cedaa6cabbf58c71acd942a6f218600f,/home/lj/zero_perturbation_runtime/real_data/mid360_two_scene_pilot_v1/target_maps/R_TEST_01/target_points.npy,43c6f299b5b24d220e6ee1a5ad8395ebb1380f992ff4fe207f822e25c92a65f7,d08c60b22a7dc3f1345b9401225fec550da80c4f7025bb8a198065f0dbe75b59,6a1ebdee6b34390f1430eab371e1c4108db1f124b59b7239d74785efa6474af9,0.2540379703407097,0.28846005837197586,0.4575019712873144,1.800919644703993,0.9689212932419502,strong,0.09881895080197699,0.9936498213611795,-0.053803786774653334,lambda_max,TARGET_FRAME,-1,0.05,-0.00494094754009885,-0.049682491068058984,0.0026901893387326673,"[[1.0,0.0,0.0,0.0],[0.0,1.0,0.0,0.0],[0.0,0.0,1.0,0.0],[0.0,0.0,0.0,1.0]]","[[1.0,0.0,0.0,-0.00494094754009885],[0.0,1.0,0.0,-0.049682491068058984],[0.0,0.0,1.0,0.0026901893387326673],[0.0,0.0,0.0,1.0]]",source/query_to_target/map,LEFT: T_initial=Delta_T@T_star,true,true,false,false,true,true,ASSUMED_METERS_FROM_SCALE,"[[0.9999999849260665,-7.94094754561914e-05,0.00015440855514966216,0.00022324776318620156],[7.940034641891297e-05,0.9999999950997414,5.912784442648944e-05,-7.898533009359104e-05],[-0.0001544132497041311,-5.911558344243132e-05,0.999999986330948,0.00043140975052131274],[0.0,0.0,0.0,1.0]]",0.05,0.0004921306929896745,0.0,0.010509246185307615,0.00022324776318620156,-7.898533009359104e-05,0.00043140975052131274,0.9901573861402065,true,true,true,1.0,0.019680382457741313,15462,,43.45194300003641,0.19.0+b012259,
CP-R_TEST_01_Q07-S-50MM-NEG-PCL,R_TEST_01,Rich,R_TEST_01_Q07,pcl,/home/lj/zero_perturbation_runtime/real_data/mid360_two_scene_pilot_v1/canonical_sources/R_TEST_01_Q07/source_points.npy,07038ada9ddf64fd44d76275c17e97e82d03fd9ed8e0479a5e4c994d8666f5e6,87949f4088bbdefa97bb936b77bcfab6cedaa6cabbf58c71acd942a6f218600f,/home/lj/zero_perturbation_runtime/real_data/mid360_two_scene_pilot_v1/target_maps/R_TEST_01/target_points.npy,43c6f299b5b24d220e6ee1a5ad8395ebb1380f992ff4fe207f822e25c92a65f7,d08c60b22a7dc3f1345b9401225fec550da80c4f7025bb8a198065f0dbe75b59,6a1ebdee6b34390f1430eab371e1c4108db1f124b59b7239d74785efa6474af9,0.2540379703407097,0.28846005837197586,0.4575019712873144,1.800919644703993,0.9689212932419502,strong,0.09881895080197699,0.9936498213611795,-0.053803786774653334,lambda_max,TARGET_FRAME,-1,0.05,-0.00494094754009885,-0.049682491068058984,0.0026901893387326673,"[[1.0,0.0,0.0,0.0],[0.0,1.0,0.0,0.0],[0.0,0.0,1.0,0.0],[0.0,0.0,0.0,1.0]]","[[1.0,0.0,0.0,-0.00494094754009885],[0.0,1.0,0.0,-0.049682491068058984],[0.0,0.0,1.0,0.0026901893387326673],[0.0,0.0,0.0,1.0]]",source/query_to_target/map,LEFT: T_initial=Delta_T@T_star,true,true,false,false,true,true,ASSUMED_METERS_FROM_SCALE,"[[0.9999999403953552,-8.513754437444732e-05,0.000193172279978171,0.0001792748662410304],[8.511807391187176e-05,0.9999999403953552,0.00010078428749693558,-0.00010549536091275513],[-0.00019318083650432527,-0.00010076789476443082,1.0,0.00042770736035890877],[0.0,0.0,0.0,1.0]]",0.05,0.000475607332728415,0.0,0.013402773636474389,0.0001792748662410304,-0.00010549536091275513,0.00042770736035890877,0.9904878533454317,true,true,true,0.0003872981664305653,,15462,7,1117.998985,1.15.1,
CP-R_TEST_01_Q08-W-10MM-POS-O3D,R_TEST_01,Rich,R_TEST_01_Q08,open3d,/home/lj/zero_perturbation_runtime/real_data/mid360_two_scene_pilot_v1/canonical_sources/R_TEST_01_Q08/source_points.npy,9c9ab65dbce7264c1f140da964ef0c5ebf5568a466b19f1b65959c3c6e7523a5,166887b391976f4a37885b9491218358406cd935f2890ebe58c6e56d7a961a8a,/home/lj/zero_perturbation_runtime/real_data/mid360_two_scene_pilot_v1/target_maps/R_TEST_01/target_points.npy,43c6f299b5b24d220e6ee1a5ad8395ebb1380f992ff4fe207f822e25c92a65f7,d08c60b22a7dc3f1345b9401225fec550da80c4f7025bb8a198065f0dbe75b59,6a1ebdee6b34390f1430eab371e1c4108db1f124b59b7239d74785efa6474af9,0.25344238851055606,0.2893099329669421,0.45724767852250225,1.804148395261267,0.9689573238197114,weak,0.994263151840545,-0.09365520334831545,-0.05166708602090044,lambda_min,TARGET_FRAME,1,0.01,0.009942631518405451,-0.0009365520334831545,-0.0005166708602090044,"[[1.0,0.0,0.0,0.0],[0.0,1.0,0.0,0.0],[0.0,0.0,1.0,0.0],[0.0,0.0,0.0,1.0]]","[[1.0,0.0,0.0,0.009942631518405451],[0.0,1.0,0.0,-0.0009365520334831545],[0.0,0.0,1.0,-0.0005166708602090044],[0.0,0.0,0.0,1.0]]",source/query_to_target/map,LEFT: T_initial=Delta_T@T_star,true,true,false,false,true,true,ASSUMED_METERS_FROM_SCALE,"[[0.9999999968222678,-7.94586085811791e-06,-7.932419250979179e-05,0.00019437768442939377],[7.93495558096832e-06,0.9999999905185989,-0.00013747668500439442,0.00013350875611405487],[7.93252841282976e-05,0.00013747605513358624,0.9999999874039166,0.0006691701931560217],[0.0,0.0,0.0,1.0]]",0.01,0.000709504065930367,0.0,0.009105382246708442,0.00019437768442939377,0.00013350875611405487,0.0006691701931560217,0.9290495934069634,true,true,true,1.0,0.020134831030606842,15235,,37.04827799992927,0.19.0+b012259,
CP-R_TEST_01_Q08-W-10MM-POS-PCL,R_TEST_01,Rich,R_TEST_01_Q08,pcl,/home/lj/zero_perturbation_runtime/real_data/mid360_two_scene_pilot_v1/canonical_sources/R_TEST_01_Q08/source_points.npy,9c9ab65dbce7264c1f140da964ef0c5ebf5568a466b19f1b65959c3c6e7523a5,166887b391976f4a37885b9491218358406cd935f2890ebe58c6e56d7a961a8a,/home/lj/zero_perturbation_runtime/real_data/mid360_two_scene_pilot_v1/target_maps/R_TEST_01/target_points.npy,43c6f299b5b24d220e6ee1a5ad8395ebb1380f992ff4fe207f822e25c92a65f7,d08c60b22a7dc3f1345b9401225fec550da80c4f7025bb8a198065f0dbe75b59,6a1ebdee6b34390f1430eab371e1c4108db1f124b59b7239d74785efa6474af9,0.25344238851055606,0.2893099329669421,0.45724767852250225,1.804148395261267,0.9689573238197114,weak,0.994263151840545,-0.09365520334831545,-0.05166708602090044,lambda_min,TARGET_FRAME,1,0.01,0.009942631518405451,-0.0009365520334831545,-0.0005166708602090044,"[[1.0,0.0,0.0,0.0],[0.0,1.0,0.0,0.0],[0.0,0.0,1.0,0.0],[0.0,0.0,0.0,1.0]]","[[1.0,0.0,0.0,0.009942631518405451],[0.0,1.0,0.0,-0.0009365520334831545],[0.0,0.0,1.0,-0.0005166708602090044],[0.0,0.0,0.0,1.0]]",source/query_to_target/map,LEFT: T_initial=Delta_T@T_star,true,true,false,false,true,true,ASSUMED_METERS_FROM_SCALE,"[[1.0,-1.9325714674778283e-05,-0.00010104388638865203,0.00024907191982492805],[1.9312690710648894e-05,1.0,-0.00012896508269477636,0.00012549059465527534],[0.00010104636021424085,0.0001289631036343053,1.0,0.0006822707946412265],[0.0,0.0,0.0,1.0]]",0.01,0.0007370740449999448,0.0,0.009452082080217103,0.00024907191982492805,0.00012549059465527534,0.0006822707946412265,0.9262925955000055,true,true,true,0.00040544556782410755,,15235,7,1458.877565,1.15.1,
CP-R_TEST_01_Q08-W-10MM-NEG-O3D,R_TEST_01,Rich,R_TEST_01_Q08,open3d,/home/lj/zero_perturbation_runtime/real_data/mid360_two_scene_pilot_v1/canonical_sources/R_TEST_01_Q08/source_points.npy,9c9ab65dbce7264c1f140da964ef0c5ebf5568a466b19f1b65959c3c6e7523a5,166887b391976f4a37885b9491218358406cd935f2890ebe58c6e56d7a961a8a,/home/lj/zero_perturbation_runtime/real_data/mid360_two_scene_pilot_v1/target_maps/R_TEST_01/target_points.npy,43c6f299b5b24d220e6ee1a5ad8395ebb1380f992ff4fe207f822e25c92a65f7,d08c60b22a7dc3f1345b9401225fec550da80c4f7025bb8a198065f0dbe75b59,6a1ebdee6b34390f1430eab371e1c4108db1f124b59b7239d74785efa6474af9,0.25344238851055606,0.2893099329669421,0.45724767852250225,1.804148395261267,0.9689573238197114,weak,0.994263151840545,-0.09365520334831545,-0.05166708602090044,lambda_min,TARGET_FRAME,-1,0.01,-0.009942631518405451,0.0009365520334831545,0.0005166708602090044,"[[1.0,0.0,0.0,0.0],[0.0,1.0,0.0,0.0],[0.0,0.0,1.0,0.0],[0.0,0.0,0.0,1.0]]","[[1.0,0.0,0.0,-0.009942631518405451],[0.0,1.0,0.0,0.0009365520334831545],[0.0,0.0,1.0,0.0005166708602090044],[0.0,0.0,0.0,1.0]]",source/query_to_target/map,LEFT: T_initial=Delta_T@T_star,true,true,false,false,true,true,ASSUMED_METERS_FROM_SCALE,"[[0.9999999968222679,-7.94586085811128e-06,-7.932419250978534e-05,0.0001943776844291902],[7.934955580961653e-06,0.9999999905185986,-0.00013747668500447863,0.00013350875611365835],[7.932528412829109e-05,0.00013747605513367056,0.9999999874039165,0.0006691701931562005],[0.0,0.0,0.0,1.0]]",0.01,0.0007095040659304052,0.0,0.009105382246746068,0.0001943776844291902,0.00013350875611365835,0.0006691701931562005,0.9290495934069595,true,true,true,1.0,0.020134831030606877,15235,,35.25943200020265,0.19.0+b012259,
CP-R_TEST_01_Q08-W-10MM-NEG-PCL,R_TEST_01,Rich,R_TEST_01_Q08,pcl,/home/lj/zero_perturbation_runtime/real_data/mid360_two_scene_pilot_v1/canonical_sources/R_TEST_01_Q08/source_points.npy,9c9ab65dbce7264c1f140da964ef0c5ebf5568a466b19f1b65959c3c6e7523a5,166887b391976f4a37885b9491218358406cd935f2890ebe58c6e56d7a961a8a,/home/lj/zero_perturbation_runtime/real_data/mid360_two_scene_pilot_v1/target_maps/R_TEST_01/target_points.npy,43c6f299b5b24d220e6ee1a5ad8395ebb1380f992ff4fe207f822e25c92a65f7,d08c60b22a7dc3f1345b9401225fec550da80c4f7025bb8a198065f0dbe75b59,6a1ebdee6b34390f1430eab371e1c4108db1f124b59b7239d74785efa6474af9,0.25344238851055606,0.2893099329669421,0.45724767852250225,1.804148395261267,0.9689573238197114,weak,0.994263151840545,-0.09365520334831545,-0.05166708602090044,lambda_min,TARGET_FRAME,-1,0.01,-0.009942631518405451,0.0009365520334831545,0.0005166708602090044,"[[1.0,0.0,0.0,0.0],[0.0,1.0,0.0,0.0],[0.0,0.0,1.0,0.0],[0.0,0.0,0.0,1.0]]","[[1.0,0.0,0.0,-0.009942631518405451],[0.0,1.0,0.0,0.0009365520334831545],[0.0,0.0,1.0,0.0005166708602090044],[0.0,0.0,0.0,1.0]]",source/query_to_target/map,LEFT: T_initial=Delta_T@T_star,true,true,false,false,true,true,ASSUMED_METERS_FROM_SCALE,"[[1.0,-1.9468599930405617e-05,-0.00010113006283063442,0.0002493544016033411],[1.9455626897979528e-05,1.0,-0.00012831378262490034,0.00012742684339173138],[0.00010113254393218085,0.0001283118181163445,1.0,0.0006832238286733627],[0.0,0.0,0.0,1.0]]",0.01,0.0007383833815050483,0.0,0.009426938663556502,0.0002493544016033411,0.00012742684339173138,0.0006832238286733627,0.9261616618494952,true,true,true,0.0004054448892261419,,15235,7,1365.679551,1.15.1,
CP-R_TEST_01_Q08-W-30MM-POS-O3D,R_TEST_01,Rich,R_TEST_01_Q08,open3d,/home/lj/zero_perturbation_runtime/real_data/mid360_two_scene_pilot_v1/canonical_sources/R_TEST_01_Q08/source_points.npy,9c9ab65dbce7264c1f140da964ef0c5ebf5568a466b19f1b65959c3c6e7523a5,166887b391976f4a37885b9491218358406cd935f2890ebe58c6e56d7a961a8a,/home/lj/zero_perturbation_runtime/real_data/mid360_two_scene_pilot_v1/target_maps/R_TEST_01/target_points.npy,43c6f299b5b24d220e6ee1a5ad8395ebb1380f992ff4fe207f822e25c92a65f7,d08c60b22a7dc3f1345b9401225fec550da80c4f7025bb8a198065f0dbe75b59,6a1ebdee6b34390f1430eab371e1c4108db1f124b59b7239d74785efa6474af9,0.25344238851055606,0.2893099329669421,0.45724767852250225,1.804148395261267,0.9689573238197114,weak,0.994263151840545,-0.09365520334831545,-0.05166708602090044,lambda_min,TARGET_FRAME,1,0.03,0.02982789455521635,-0.0028096561004494636,-0.0015500125806270132,"[[1.0,0.0,0.0,0.0],[0.0,1.0,0.0,0.0],[0.0,0.0,1.0,0.0],[0.0,0.0,0.0,1.0]]","[[1.0,0.0,0.0,0.02982789455521635],[0.0,1.0,0.0,-0.0028096561004494636],[0.0,0.0,1.0,-0.0015500125806270132],[0.0,0.0,0.0,1.0]]",source/query_to_target/map,LEFT: T_initial=Delta_T@T_star,true,true,false,false,true,true,ASSUMED_METERS_FROM_SCALE,"[[0.9999999968222678,-7.94586085808117e-06,-7.932419250977687e-05,0.00019437768442914598],[7.934955580931543e-06,0.9999999905185984,-0.000137476685004458,0.00013350875611385903],[7.932528412828269e-05,0.00013747605513364996,0.9999999874039168,0.0006691701931554534],[0.0,0.0,0.0,1.0]]",0.03,0.0007095040659297263,0.0,0.009105382246713757,0.00019437768442914598,0.00013350875611385903,0.0006691701931554534,0.9763498644690092,true,true,true,1.0,0.020134831030606863,15235,,38.956698999754735,0.19.0+b012259,
CP-R_TEST_01_Q08-W-30MM-POS-PCL,R_TEST_01,Rich,R_TEST_01_Q08,pcl,/home/lj/zero_perturbation_runtime/real_data/mid360_two_scene_pilot_v1/canonical_sources/R_TEST_01_Q08/source_points.npy,9c9ab65dbce7264c1f140da964ef0c5ebf5568a466b19f1b65959c3c6e7523a5,166887b391976f4a37885b9491218358406cd935f2890ebe58c6e56d7a961a8a,/home/lj/zero_perturbation_runtime/real_data/mid360_two_scene_pilot_v1/target_maps/R_TEST_01/target_points.npy,43c6f299b5b24d220e6ee1a5ad8395ebb1380f992ff4fe207f822e25c92a65f7,d08c60b22a7dc3f1345b9401225fec550da80c4f7025bb8a198065f0dbe75b59,6a1ebdee6b34390f1430eab371e1c4108db1f124b59b7239d74785efa6474af9,0.25344238851055606,0.2893099329669421,0.45724767852250225,1.804148395261267,0.9689573238197114,weak,0.994263151840545,-0.09365520334831545,-0.05166708602090044,lambda_min,TARGET_FRAME,1,0.03,0.02982789455521635,-0.0028096561004494636,-0.0015500125806270132,"[[1.0,0.0,0.0,0.0],[0.0,1.0,0.0,0.0],[0.0,0.0,1.0,0.0],[0.0,0.0,0.0,1.0]]","[[1.0,0.0,0.0,0.02982789455521635],[0.0,1.0,0.0,-0.0028096561004494636],[0.0,0.0,1.0,-0.0015500125806270132],[0.0,0.0,0.0,1.0]]",source/query_to_target/map,LEFT: T_initial=Delta_T@T_star,true,true,false,false,true,true,ASSUMED_METERS_FROM_SCALE,"[[1.0,-1.9416474970057607e-05,-0.0001010071937344037,0.0002478597452864051],[1.94034928426845e-05,1.0,-0.00012858194531872869,0.00012765346036758274],[0.00010100970393978059,0.00012857999536208808,1.0,0.0006828714977018535],[0.0,0.0,0.0,1.0]]",0.03,0.0007375929376362224,0.0,0.009434254198187846,0.0002478597452864051,0.00012765346036758274,0.0006828714977018535,0.9754135687454593,true,true,true,0.0004054449307713327,,15235,9,1456.329558,1.15.1,
CP-R_TEST_01_Q08-W-30MM-NEG-O3D,R_TEST_01,Rich,R_TEST_01_Q08,open3d,/home/lj/zero_perturbation_runtime/real_data/mid360_two_scene_pilot_v1/canonical_sources/R_TEST_01_Q08/source_points.npy,9c9ab65dbce7264c1f140da964ef0c5ebf5568a466b19f1b65959c3c6e7523a5,166887b391976f4a37885b9491218358406cd935f2890ebe58c6e56d7a961a8a,/home/lj/zero_perturbation_runtime/real_data/mid360_two_scene_pilot_v1/target_maps/R_TEST_01/target_points.npy,43c6f299b5b24d220e6ee1a5ad8395ebb1380f992ff4fe207f822e25c92a65f7,d08c60b22a7dc3f1345b9401225fec550da80c4f7025bb8a198065f0dbe75b59,6a1ebdee6b34390f1430eab371e1c4108db1f124b59b7239d74785efa6474af9,0.25344238851055606,0.2893099329669421,0.45724767852250225,1.804148395261267,0.9689573238197114,weak,0.994263151840545,-0.09365520334831545,-0.05166708602090044,lambda_min,TARGET_FRAME,-1,0.03,-0.02982789455521635,0.0028096561004494636,0.0015500125806270132,"[[1.0,0.0,0.0,0.0],[0.0,1.0,0.0,0.0],[0.0,0.0,1.0,0.0],[0.0,0.0,0.0,1.0]]","[[1.0,0.0,0.0,-0.02982789455521635],[0.0,1.0,0.0,0.0028096561004494636],[0.0,0.0,1.0,0.0015500125806270132],[0.0,0.0,0.0,1.0]]",source/query_to_target/map,LEFT: T_initial=Delta_T@T_star,true,true,false,false,true,true,ASSUMED_METERS_FROM_SCALE,"[[0.9999999980329777,-7.311949595621942e-06,-6.229430215368689e-05,0.00017512511391531854],[7.303956238907583e-06,0.9999999917409206,-0.00012831527788367844,0.0001263658978313325],[6.229523987403756e-05,0.00012831482263642253,0.9999999898273044,0.0006581981016876798],[0.0,0.0,0.0,1.0]]",0.03,0.0006927206411850576,0.0,0.008183232863967386,0.00017512511391531854,0.0001263658978313325,0.0006581981016876798,0.9769093119604981,true,true,true,1.0,0.020134568989212936,15235,,54.16866499945172,0.19.0+b012259,
CP-R_TEST_01_Q08-W-30MM-NEG-PCL,R_TEST_01,Rich,R_TEST_01_Q08,pcl,/home/lj/zero_perturbation_runtime/real_data/mid360_two_scene_pilot_v1/canonical_sources/R_TEST_01_Q08/source_points.npy,9c9ab65dbce7264c1f140da964ef0c5ebf5568a466b19f1b65959c3c6e7523a5,166887b391976f4a37885b9491218358406cd935f2890ebe58c6e56d7a961a8a,/home/lj/zero_perturbation_runtime/real_data/mid360_two_scene_pilot_v1/target_maps/R_TEST_01/target_points.npy,43c6f299b5b24d220e6ee1a5ad8395ebb1380f992ff4fe207f822e25c92a65f7,d08c60b22a7dc3f1345b9401225fec550da80c4f7025bb8a198065f0dbe75b59,6a1ebdee6b34390f1430eab371e1c4108db1f124b59b7239d74785efa6474af9,0.25344238851055606,0.2893099329669421,0.45724767852250225,1.804148395261267,0.9689573238197114,weak,0.994263151840545,-0.09365520334831545,-0.05166708602090044,lambda_min,TARGET_FRAME,-1,0.03,-0.02982789455521635,0.0028096561004494636,0.0015500125806270132,"[[1.0,0.0,0.0,0.0],[0.0,1.0,0.0,0.0],[0.0,0.0,1.0,0.0],[0.0,0.0,0.0,1.0]]","[[1.0,0.0,0.0,-0.02982789455521635],[0.0,1.0,0.0,0.0028096561004494636],[0.0,0.0,1.0,0.0015500125806270132],[0.0,0.0,0.0,1.0]]",source/query_to_target/map,LEFT: T_initial=Delta_T@T_star,true,true,false,false,true,true,ASSUMED_METERS_FROM_SCALE,"[[1.0,-1.939282810781151e-05,-0.00010111489245900884,0.00025207220460288227],[1.937985507538542e-05,1.0,-0.00012822730059269816,0.00012564010103233159],[0.00010111737356055528,0.00012822530698031187,1.0,0.0006843723822385073],[0.0,0.0,0.0,1.0]]",0.03,0.0007400617466749523,0.0,0.009422026977479576,0.00025207220460288227,0.00012564010103233159,0.0006843723822385073,0.975331275110835,true,true,true,0.0004054449971696956,,15235,8,1145.254744,1.15.1,
CP-R_TEST_01_Q08-W-50MM-POS-O3D,R_TEST_01,Rich,R_TEST_01_Q08,open3d,/home/lj/zero_perturbation_runtime/real_data/mid360_two_scene_pilot_v1/canonical_sources/R_TEST_01_Q08/source_points.npy,9c9ab65dbce7264c1f140da964ef0c5ebf5568a466b19f1b65959c3c6e7523a5,166887b391976f4a37885b9491218358406cd935f2890ebe58c6e56d7a961a8a,/home/lj/zero_perturbation_runtime/real_data/mid360_two_scene_pilot_v1/target_maps/R_TEST_01/target_points.npy,43c6f299b5b24d220e6ee1a5ad8395ebb1380f992ff4fe207f822e25c92a65f7,d08c60b22a7dc3f1345b9401225fec550da80c4f7025bb8a198065f0dbe75b59,6a1ebdee6b34390f1430eab371e1c4108db1f124b59b7239d74785efa6474af9,0.25344238851055606,0.2893099329669421,0.45724767852250225,1.804148395261267,0.9689573238197114,weak,0.994263151840545,-0.09365520334831545,-0.05166708602090044,lambda_min,TARGET_FRAME,1,0.05,0.049713157592027254,-0.0046827601674157724,-0.002583354301045022,"[[1.0,0.0,0.0,0.0],[0.0,1.0,0.0,0.0],[0.0,0.0,1.0,0.0],[0.0,0.0,0.0,1.0]]","[[1.0,0.0,0.0,0.049713157592027254],[0.0,1.0,0.0,-0.0046827601674157724],[0.0,0.0,1.0,-0.002583354301045022],[0.0,0.0,0.0,1.0]]",source/query_to_target/map,LEFT: T_initial=Delta_T@T_star,true,true,false,false,true,true,ASSUMED_METERS_FROM_SCALE,"[[0.9999999968222678,-7.945871597105163e-06,-7.93241942733636e-05,0.00019437768962635694],[7.93496632111518e-06,0.9999999905186012,-0.00013747666732809736,0.0001335087472471267],[7.932528589320543e-05,0.00013747603745642325,0.9999999874039192,0.0006691702091276022],[0.0,0.0,0.0,1.0]]",0.05,0.0007095040807492628,0.0,0.009105381451778078,0.00019437768962635694,0.0001335087472471267,0.0006691702091276022,0.9858099183850147,true,true,true,1.0,0.020134831030941314,15235,,36.292640999818104,0.19.0+b012259,
CP-R_TEST_01_Q08-W-50MM-POS-PCL,R_TEST_01,Rich,R_TEST_01_Q08,pcl,/home/lj/zero_perturbation_runtime/real_data/mid360_two_scene_pilot_v1/canonical_sources/R_TEST_01_Q08/source_points.npy,9c9ab65dbce7264c1f140da964ef0c5ebf5568a466b19f1b65959c3c6e7523a5,166887b391976f4a37885b9491218358406cd935f2890ebe58c6e56d7a961a8a,/home/lj/zero_perturbation_runtime/real_data/mid360_two_scene_pilot_v1/target_maps/R_TEST_01/target_points.npy,43c6f299b5b24d220e6ee1a5ad8395ebb1380f992ff4fe207f822e25c92a65f7,d08c60b22a7dc3f1345b9401225fec550da80c4f7025bb8a198065f0dbe75b59,6a1ebdee6b34390f1430eab371e1c4108db1f124b59b7239d74785efa6474af9,0.25344238851055606,0.2893099329669421,0.45724767852250225,1.804148395261267,0.9689573238197114,weak,0.994263151840545,-0.09365520334831545,-0.05166708602090044,lambda_min,TARGET_FRAME,1,0.05,0.049713157592027254,-0.0046827601674157724,-0.002583354301045022,"[[1.0,0.0,0.0,0.0],[0.0,1.0,0.0,0.0],[0.0,0.0,1.0,0.0],[0.0,0.0,0.0,1.0]]","[[1.0,0.0,0.0,0.049713157592027254],[0.0,1.0,0.0,-0.0046827601674157724],[0.0,0.0,1.0,-0.002583354301045022],[0.0,0.0,0.0,1.0]]",source/query_to_target/map,LEFT: T_initial=Delta_T@T_star,true,true,false,false,true,true,ASSUMED_METERS_FROM_SCALE,"[[0.9999999403953552,-1.9464821889414452e-05,-0.0001010592604870908,0.0002492470957804471],[1.9451830667094328e-05,1.0,-0.00012863102892879397,0.00012767025327775627],[0.0001010617779684253,0.00012862907897215337,1.0,0.0006823342991992831],[0.0,0.0,0.0,1.0]]",0.05,0.0007375662032595926,0.0,0.009438607348711077,0.0002492470957804471,0.00012767025327775627,0.0006823342991992831,0.9852486759348081,true,true,true,0.00040544538845872893,,15235,9,1167.024803,1.15.1,
CP-R_TEST_01_Q08-W-50MM-NEG-O3D,R_TEST_01,Rich,R_TEST_01_Q08,open3d,/home/lj/zero_perturbation_runtime/real_data/mid360_two_scene_pilot_v1/canonical_sources/R_TEST_01_Q08/source_points.npy,9c9ab65dbce7264c1f140da964ef0c5ebf5568a466b19f1b65959c3c6e7523a5,166887b391976f4a37885b9491218358406cd935f2890ebe58c6e56d7a961a8a,/home/lj/zero_perturbation_runtime/real_data/mid360_two_scene_pilot_v1/target_maps/R_TEST_01/target_points.npy,43c6f299b5b24d220e6ee1a5ad8395ebb1380f992ff4fe207f822e25c92a65f7,d08c60b22a7dc3f1345b9401225fec550da80c4f7025bb8a198065f0dbe75b59,6a1ebdee6b34390f1430eab371e1c4108db1f124b59b7239d74785efa6474af9,0.25344238851055606,0.2893099329669421,0.45724767852250225,1.804148395261267,0.9689573238197114,weak,0.994263151840545,-0.09365520334831545,-0.05166708602090044,lambda_min,TARGET_FRAME,-1,0.05,-0.049713157592027254,0.0046827601674157724,0.002583354301045022,"[[1.0,0.0,0.0,0.0],[0.0,1.0,0.0,0.0],[0.0,0.0,1.0,0.0],[0.0,0.0,0.0,1.0]]","[[1.0,0.0,0.0,-0.049713157592027254],[0.0,1.0,0.0,0.0046827601674157724],[0.0,0.0,1.0,0.002583354301045022],[0.0,0.0,0.0,1.0]]",source/query_to_target/map,LEFT: T_initial=Delta_T@T_star,true,true,false,false,true,true,ASSUMED_METERS_FROM_SCALE,"[[0.9999999980329776,-7.311949633622938e-06,-6.229430215764485e-05,0.0001751251139307545],[7.3039562769091095e-06,0.9999999917409209,-0.00012831527786734146,0.00012636589784019244],[6.229523987800032e-05,0.00012831482262008317,0.9999999898273048,0.0006581981017043667],[0.0,0.0,0.0,1.0]]",0.05,0.0006927206412064316,0.0,0.008183232863324817,0.0001751251139307545,0.00012636589784019244,0.0006581981017043667,0.9861455871758714,true,true,true,1.0,0.020134568989215212,15235,,39.96229099993798,0.19.0+b012259,
CP-R_TEST_01_Q08-W-50MM-NEG-PCL,R_TEST_01,Rich,R_TEST_01_Q08,pcl,/home/lj/zero_perturbation_runtime/real_data/mid360_two_scene_pilot_v1/canonical_sources/R_TEST_01_Q08/source_points.npy,9c9ab65dbce7264c1f140da964ef0c5ebf5568a466b19f1b65959c3c6e7523a5,166887b391976f4a37885b9491218358406cd935f2890ebe58c6e56d7a961a8a,/home/lj/zero_perturbation_runtime/real_data/mid360_two_scene_pilot_v1/target_maps/R_TEST_01/target_points.npy,43c6f299b5b24d220e6ee1a5ad8395ebb1380f992ff4fe207f822e25c92a65f7,d08c60b22a7dc3f1345b9401225fec550da80c4f7025bb8a198065f0dbe75b59,6a1ebdee6b34390f1430eab371e1c4108db1f124b59b7239d74785efa6474af9,0.25344238851055606,0.2893099329669421,0.45724767852250225,1.804148395261267,0.9689573238197114,weak,0.994263151840545,-0.09365520334831545,-0.05166708602090044,lambda_min,TARGET_FRAME,-1,0.05,-0.049713157592027254,0.0046827601674157724,0.002583354301045022,"[[1.0,0.0,0.0,0.0],[0.0,1.0,0.0,0.0],[0.0,0.0,1.0,0.0],[0.0,0.0,0.0,1.0]]","[[1.0,0.0,0.0,-0.049713157592027254],[0.0,1.0,0.0,0.0046827601674157724],[0.0,0.0,1.0,0.002583354301045022],[0.0,0.0,0.0,1.0]]",source/query_to_target/map,LEFT: T_initial=Delta_T@T_star,true,true,false,false,true,true,ASSUMED_METERS_FROM_SCALE,"[[1.0,-1.929420068336185e-05,-0.00010103476961376145,0.00025182985700666904],[1.9281251297798008e-05,0.9999999403953552,-0.00012813297507818788,0.00012664050154853612],[0.0001010372579912655,0.00012813105422537774,0.9999999403953552,0.0006839560810476542],[0.0,0.0,0.0,1.0]]",0.05,0.0007397648371709278,0.0,0.009414327384816314,0.00025182985700666904,0.00012664050154853612,0.0006839560810476542,0.9852047032565815,true,true,true,0.0004054443975681373,,15235,8,1138.696393,1.15.1,
CP-R_TEST_01_Q08-S-10MM-POS-O3D,R_TEST_01,Rich,R_TEST_01_Q08,open3d,/home/lj/zero_perturbation_runtime/real_data/mid360_two_scene_pilot_v1/canonical_sources/R_TEST_01_Q08/source_points.npy,9c9ab65dbce7264c1f140da964ef0c5ebf5568a466b19f1b65959c3c6e7523a5,166887b391976f4a37885b9491218358406cd935f2890ebe58c6e56d7a961a8a,/home/lj/zero_perturbation_runtime/real_data/mid360_two_scene_pilot_v1/target_maps/R_TEST_01/target_points.npy,43c6f299b5b24d220e6ee1a5ad8395ebb1380f992ff4fe207f822e25c92a65f7,d08c60b22a7dc3f1345b9401225fec550da80c4f7025bb8a198065f0dbe75b59,6a1ebdee6b34390f1430eab371e1c4108db1f124b59b7239d74785efa6474af9,0.25344238851055606,0.2893099329669421,0.45724767852250225,1.804148395261267,0.9689573238197114,strong,0.0909424492444678,0.9944674397926769,-0.05257358764261717,lambda_max,TARGET_FRAME,1,0.01,0.0009094244924446781,0.00994467439792677,-0.0005257358764261717,"[[1.0,0.0,0.0,0.0],[0.0,1.0,0.0,0.0],[0.0,0.0,1.0,0.0],[0.0,0.0,0.0,1.0]]","[[1.0,0.0,0.0,0.0009094244924446781],[0.0,1.0,0.0,0.00994467439792677],[0.0,0.0,1.0,-0.0005257358764261717],[0.0,0.0,0.0,1.0]]",source/query_to_target/map,LEFT: T_initial=Delta_T@T_star,true,true,false,false,true,true,ASSUMED_METERS_FROM_SCALE,"[[0.999999997773486,-8.394840004618248e-06,-6.620086740709088e-05,0.00018344260026349123],[8.386429823925246e-06,0.9999999918953046,-0.00012703959415129843,0.0001255184416960546],[6.620193334762012e-05,0.00012703903867951417,0.9999999897391932,0.0006685932106163435],[0.0,0.0,0.0,1.0]]",0.01,0.0007045728834403913,0.0,0.008221897689452263,0.00018344260026349123,0.0001255184416960546,0.0006685932106163435,0.9295427116559609,true,true,true,1.0,0.020134602505250884,15235,,35.659762999785016,0.19.0+b012259,
CP-R_TEST_01_Q08-S-10MM-POS-PCL,R_TEST_01,Rich,R_TEST_01_Q08,pcl,/home/lj/zero_perturbation_runtime/real_data/mid360_two_scene_pilot_v1/canonical_sources/R_TEST_01_Q08/source_points.npy,9c9ab65dbce7264c1f140da964ef0c5ebf5568a466b19f1b65959c3c6e7523a5,166887b391976f4a37885b9491218358406cd935f2890ebe58c6e56d7a961a8a,/home/lj/zero_perturbation_runtime/real_data/mid360_two_scene_pilot_v1/target_maps/R_TEST_01/target_points.npy,43c6f299b5b24d220e6ee1a5ad8395ebb1380f992ff4fe207f822e25c92a65f7,d08c60b22a7dc3f1345b9401225fec550da80c4f7025bb8a198065f0dbe75b59,6a1ebdee6b34390f1430eab371e1c4108db1f124b59b7239d74785efa6474af9,0.25344238851055606,0.2893099329669421,0.45724767852250225,1.804148395261267,0.9689573238197114,strong,0.0909424492444678,0.9944674397926769,-0.05257358764261717,lambda_max,TARGET_FRAME,1,0.01,0.0009094244924446781,0.00994467439792677,-0.0005257358764261717,"[[1.0,0.0,0.0,0.0],[0.0,1.0,0.0,0.0],[0.0,0.0,1.0,0.0],[0.0,0.0,0.0,1.0]]","[[1.0,0.0,0.0,0.0009094244924446781],[0.0,1.0,0.0,0.00994467439792677],[0.0,0.0,1.0,-0.0005257358764261717],[0.0,0.0,0.0,1.0]]",source/query_to_target/map,LEFT: T_initial=Delta_T@T_star,true,true,false,false,true,true,ASSUMED_METERS_FROM_SCALE,"[[1.0,-1.9454482753644697e-05,-0.00010109895811183378,0.00024808544549159706],[1.9441496988292783e-05,1.0,-0.00012849163613282144,0.00012533407425507903],[0.00010110146104125306,0.00012848968617618084,1.0,0.0006832689396105707],[0.0,0.0,0.0,1.0]]",0.01,0.000737639113842735,0.0,0.009433698573844062,0.00024808544549159706,0.00012533407425507903,0.0006832689396105707,0.9262360886157265,true,true,true,0.00040544547455131235,,15235,5,1393.726112,1.15.1,
CP-R_TEST_01_Q08-S-10MM-NEG-O3D,R_TEST_01,Rich,R_TEST_01_Q08,open3d,/home/lj/zero_perturbation_runtime/real_data/mid360_two_scene_pilot_v1/canonical_sources/R_TEST_01_Q08/source_points.npy,9c9ab65dbce7264c1f140da964ef0c5ebf5568a466b19f1b65959c3c6e7523a5,166887b391976f4a37885b9491218358406cd935f2890ebe58c6e56d7a961a8a,/home/lj/zero_perturbation_runtime/real_data/mid360_two_scene_pilot_v1/target_maps/R_TEST_01/target_points.npy,43c6f299b5b24d220e6ee1a5ad8395ebb1380f992ff4fe207f822e25c92a65f7,d08c60b22a7dc3f1345b9401225fec550da80c4f7025bb8a198065f0dbe75b59,6a1ebdee6b34390f1430eab371e1c4108db1f124b59b7239d74785efa6474af9,0.25344238851055606,0.2893099329669421,0.45724767852250225,1.804148395261267,0.9689573238197114,strong,0.0909424492444678,0.9944674397926769,-0.05257358764261717,lambda_max,TARGET_FRAME,-1,0.01,-0.0009094244924446781,-0.00994467439792677,0.0005257358764261717,"[[1.0,0.0,0.0,0.0],[0.0,1.0,0.0,0.0],[0.0,0.0,1.0,0.0],[0.0,0.0,0.0,1.0]]","[[1.0,0.0,0.0,-0.0009094244924446781],[0.0,1.0,0.0,-0.00994467439792677],[0.0,0.0,1.0,0.0005257358764261717],[0.0,0.0,0.0,1.0]]",source/query_to_target/map,LEFT: T_initial=Delta_T@T_star,true,true,false,false,true,true,ASSUMED_METERS_FROM_SCALE,"[[0.9999999980857176,-7.3335991160272085e-06,-6.143926284978943e-05,0.0001744880485410396],[7.325756781249223e-06,0.9999999918268051,-0.0001276429517359093,0.00012569743071097622],[6.144019842987238e-05,0.00012764250140246818,0.9999999899662466,0.0006616017369644765],[0.0,0.0,0.0,1.0]]",0.01,0.0006956743358248981,0.0,0.008127367539801941,0.0001744880485410396,0.00012569743071097622,0.0006616017369644765,0.9304325664175102,true,true,true,1.0,0.020134548945157853,15235,,36.10084399952029,0.19.0+b012259,
CP-R_TEST_01_Q08-S-10MM-NEG-PCL,R_TEST_01,Rich,R_TEST_01_Q08,pcl,/home/lj/zero_perturbation_runtime/real_data/mid360_two_scene_pilot_v1/canonical_sources/R_TEST_01_Q08/source_points.npy,9c9ab65dbce7264c1f140da964ef0c5ebf5568a466b19f1b65959c3c6e7523a5,166887b391976f4a37885b9491218358406cd935f2890ebe58c6e56d7a961a8a,/home/lj/zero_perturbation_runtime/real_data/mid360_two_scene_pilot_v1/target_maps/R_TEST_01/target_points.npy,43c6f299b5b24d220e6ee1a5ad8395ebb1380f992ff4fe207f822e25c92a65f7,d08c60b22a7dc3f1345b9401225fec550da80c4f7025bb8a198065f0dbe75b59,6a1ebdee6b34390f1430eab371e1c4108db1f124b59b7239d74785efa6474af9,0.25344238851055606,0.2893099329669421,0.45724767852250225,1.804148395261267,0.9689573238197114,strong,0.0909424492444678,0.9944674397926769,-0.05257358764261717,lambda_max,TARGET_FRAME,-1,0.01,-0.0009094244924446781,-0.00994467439792677,0.0005257358764261717,"[[1.0,0.0,0.0,0.0],[0.0,1.0,0.0,0.0],[0.0,0.0,1.0,0.0],[0.0,0.0,0.0,1.0]]","[[1.0,0.0,0.0,-0.0009094244924446781],[0.0,1.0,0.0,-0.00994467439792677],[0.0,0.0,1.0,0.0005257358764261717],[0.0,0.0,0.0,1.0]]",source/query_to_target/map,LEFT: T_initial=Delta_T@T_star,true,true,false,false,true,true,ASSUMED_METERS_FROM_SCALE,"[[1.0,-1.9458509996184148e-05,-0.00010104778630193323,0.00024917215341702104],[1.9445509678917006e-05,1.0,-0.00012863696611020714,0.00012766224972438067],[0.00010105029650731012,0.00012863503070548177,1.0,0.0006824762676842511],[0.0,0.0,0.0,1.0]]",0.01,0.0007376708398705964,0.0,0.00943842703089425,0.00024917215341702104,0.00012766224972438067,0.0006824762676842511,0.9262329160129403,true,true,true,0.00040544519237282973,,15235,6,1102.572199,1.15.1,
CP-R_TEST_01_Q08-S-30MM-POS-O3D,R_TEST_01,Rich,R_TEST_01_Q08,open3d,/home/lj/zero_perturbation_runtime/real_data/mid360_two_scene_pilot_v1/canonical_sources/R_TEST_01_Q08/source_points.npy,9c9ab65dbce7264c1f140da964ef0c5ebf5568a466b19f1b65959c3c6e7523a5,166887b391976f4a37885b9491218358406cd935f2890ebe58c6e56d7a961a8a,/home/lj/zero_perturbation_runtime/real_data/mid360_two_scene_pilot_v1/target_maps/R_TEST_01/target_points.npy,43c6f299b5b24d220e6ee1a5ad8395ebb1380f992ff4fe207f822e25c92a65f7,d08c60b22a7dc3f1345b9401225fec550da80c4f7025bb8a198065f0dbe75b59,6a1ebdee6b34390f1430eab371e1c4108db1f124b59b7239d74785efa6474af9,0.25344238851055606,0.2893099329669421,0.45724767852250225,1.804148395261267,0.9689573238197114,strong,0.0909424492444678,0.9944674397926769,-0.05257358764261717,lambda_max,TARGET_FRAME,1,0.03,0.002728273477334034,0.029834023193780305,-0.001577207629278515,"[[1.0,0.0,0.0,0.0],[0.0,1.0,0.0,0.0],[0.0,0.0,1.0,0.0],[0.0,0.0,0.0,1.0]]","[[1.0,0.0,0.0,0.002728273477334034],[0.0,1.0,0.0,0.029834023193780305],[0.0,0.0,1.0,-0.001577207629278515],[0.0,0.0,0.0,1.0]]",source/query_to_target/map,LEFT: T_initial=Delta_T@T_star,true,true,false,false,true,true,ASSUMED_METERS_FROM_SCALE,"[[0.9999999968222676,-7.945871549710453e-06,-7.93241942387798e-05,0.00019437768958324543],[7.934966273719345e-06,0.999999990518601,-0.00013747666740310493,0.0001335087472832325],[7.932528585861573e-05,0.00013747603753143503,0.9999999874039192,0.0006691702090520625],[0.0,0.0,0.0,1.0]]",0.03,0.0007095040806730005,0.0,0.00910538145436464,0.00019437768958324543,0.0001335087472832325,0.0006691702090520625,0.9763498639775666,true,true,true,1.0,0.020134831030939715,15235,,34.30870699958177,0.19.0+b012259,
CP-R_TEST_01_Q08-S-30MM-POS-PCL,R_TEST_01,Rich,R_TEST_01_Q08,pcl,/home/lj/zero_perturbation_runtime/real_data/mid360_two_scene_pilot_v1/canonical_sources/R_TEST_01_Q08/source_points.npy,9c9ab65dbce7264c1f140da964ef0c5ebf5568a466b19f1b65959c3c6e7523a5,166887b391976f4a37885b9491218358406cd935f2890ebe58c6e56d7a961a8a,/home/lj/zero_perturbation_runtime/real_data/mid360_two_scene_pilot_v1/target_maps/R_TEST_01/target_points.npy,43c6f299b5b24d220e6ee1a5ad8395ebb1380f992ff4fe207f822e25c92a65f7,d08c60b22a7dc3f1345b9401225fec550da80c4f7025bb8a198065f0dbe75b59,6a1ebdee6b34390f1430eab371e1c4108db1f124b59b7239d74785efa6474af9,0.25344238851055606,0.2893099329669421,0.45724767852250225,1.804148395261267,0.9689573238197114,strong,0.0909424492444678,0.9944674397926769,-0.05257358764261717,lambda_max,TARGET_FRAME,1,0.03,0.002728273477334034,0.029834023193780305,-0.001577207629278515,"[[1.0,0.0,0.0,0.0],[0.0,1.0,0.0,0.0],[0.0,0.0,1.0,0.0],[0.0,0.0,0.0,1.0]]","[[1.0,0.0,0.0,0.002728273477334034],[0.0,1.0,0.0,0.029834023193780305],[0.0,0.0,1.0,-0.001577207629278515],[0.0,0.0,0.0,1.0]]",source/query_to_target/map,LEFT: T_initial=Delta_T@T_star,true,true,false,false,true,true,ASSUMED_METERS_FROM_SCALE,"[[1.0,-1.943700590345543e-05,-0.0001011274362099357,0.0002495845255907625],[1.9424041965976357e-05,1.0,-0.00012832405627705157,0.0001273371890420094],[0.00010112992458743975,0.00012832206266466528,1.0,0.0006832636427134275],[0.0,0.0,0.0,1.0]]",0.03,0.0007384824984937075,0.0,0.00942709079483464,0.0002495845255907625,0.0001273371890420094,0.0006832636427134275,0.9753839167168764,true,true,true,0.00040544489175953577,,15235,7,1124.854222,1.15.1,
CP-R_TEST_01_Q08-S-30MM-NEG-O3D,R_TEST_01,Rich,R_TEST_01_Q08,open3d,/home/lj/zero_perturbation_runtime/real_data/mid360_two_scene_pilot_v1/canonical_sources/R_TEST_01_Q08/source_points.npy,9c9ab65dbce7264c1f140da964ef0c5ebf5568a466b19f1b65959c3c6e7523a5,166887b391976f4a37885b9491218358406cd935f2890ebe58c6e56d7a961a8a,/home/lj/zero_perturbation_runtime/real_data/mid360_two_scene_pilot_v1/target_maps/R_TEST_01/target_points.npy,43c6f299b5b24d220e6ee1a5ad8395ebb1380f992ff4fe207f822e25c92a65f7,d08c60b22a7dc3f1345b9401225fec550da80c4f7025bb8a198065f0dbe75b59,6a1ebdee6b34390f1430eab371e1c4108db1f124b59b7239d74785efa6474af9,0.25344238851055606,0.2893099329669421,0.45724767852250225,1.804148395261267,0.9689573238197114,strong,0.0909424492444678,0.9944674397926769,-0.05257358764261717,lambda_max,TARGET_FRAME,-1,0.03,-0.002728273477334034,-0.029834023193780305,0.001577207629278515,"[[1.0,0.0,0.0,0.0],[0.0,1.0,0.0,0.0],[0.0,0.0,1.0,0.0],[0.0,0.0,0.0,1.0]]","[[1.0,0.0,0.0,-0.002728273477334034],[0.0,1.0,0.0,-0.029834023193780305],[0.0,0.0,1.0,0.001577207629278515],[0.0,0.0,0.0,1.0]]",source/query_to_target/map,LEFT: T_initial=Delta_T@T_star,true,true,false,false,true,true,ASSUMED_METERS_FROM_SCALE,"[[0.9999999980329778,-7.311949635085532e-06,-6.22943021534717e-05,0.00017512511392862824],[7.303956278372279e-06,0.9999999917409211,-0.00012831527786597195,0.00012636589783964812],[6.229523987382728e-05,0.0001283148226187138,0.9999999898273045,0.0006581981017042613],[0.0,0.0,0.0,1.0]]",0.03,0.0006927206412056944,0.0,0.008183232863137668,0.00017512511392862824,0.00012636589783964812,0.0006581981017042613,0.9769093119598102,true,true,true,1.0,0.020134568989215253,15235,,35.527052999896114,0.19.0+b012259,
CP-R_TEST_01_Q08-S-30MM-NEG-PCL,R_TEST_01,Rich,R_TEST_01_Q08,pcl,/home/lj/zero_perturbation_runtime/real_data/mid360_two_scene_pilot_v1/canonical_sources/R_TEST_01_Q08/source_points.npy,9c9ab65dbce7264c1f140da964ef0c5ebf5568a466b19f1b65959c3c6e7523a5,166887b391976f4a37885b9491218358406cd935f2890ebe58c6e56d7a961a8a,/home/lj/zero_perturbation_runtime/real_data/mid360_two_scene_pilot_v1/target_maps/R_TEST_01/target_points.npy,43c6f299b5b24d220e6ee1a5ad8395ebb1380f992ff4fe207f822e25c92a65f7,d08c60b22a7dc3f1345b9401225fec550da80c4f7025bb8a198065f0dbe75b59,6a1ebdee6b34390f1430eab371e1c4108db1f124b59b7239d74785efa6474af9,0.25344238851055606,0.2893099329669421,0.45724767852250225,1.804148395261267,0.9689573238197114,strong,0.0909424492444678,0.9944674397926769,-0.05257358764261717,lambda_max,TARGET_FRAME,-1,0.03,-0.002728273477334034,-0.029834023193780305,0.001577207629278515,"[[1.0,0.0,0.0,0.0],[0.0,1.0,0.0,0.0],[0.0,0.0,1.0,0.0],[0.0,0.0,0.0,1.0]]","[[1.0,0.0,0.0,-0.002728273477334034],[0.0,1.0,0.0,-0.029834023193780305],[0.0,0.0,1.0,0.001577207629278515],[0.0,0.0,0.0,1.0]]",source/query_to_target/map,LEFT: T_initial=Delta_T@T_star,true,true,false,false,true,true,ASSUMED_METERS_FROM_SCALE,"[[1.0,-1.9250937839387916e-05,-0.0001011059939628467,0.0002519157133065164],[1.9237922970205545e-05,1.0,-0.00012868907651863992,0.00012447251356206834],[0.00010110846778843552,0.0001286871120100841,1.0,0.0006839242414571345],[0.0,0.0,0.0,1.0]]",0.03,0.0007393965791751454,0.0,0.00944140667338052,0.0002519157133065164,0.00012447251356206834,0.0006839242414571345,0.9753534473608285,true,true,true,0.0004054452369546661,,15235,7,1117.557933,1.15.1,
CP-R_TEST_01_Q08-S-50MM-POS-O3D,R_TEST_01,Rich,R_TEST_01_Q08,open3d,/home/lj/zero_perturbation_runtime/real_data/mid360_two_scene_pilot_v1/canonical_sources/R_TEST_01_Q08/source_points.npy,9c9ab65dbce7264c1f140da964ef0c5ebf5568a466b19f1b65959c3c6e7523a5,166887b391976f4a37885b9491218358406cd935f2890ebe58c6e56d7a961a8a,/home/lj/zero_perturbation_runtime/real_data/mid360_two_scene_pilot_v1/target_maps/R_TEST_01/target_points.npy,43c6f299b5b24d220e6ee1a5ad8395ebb1380f992ff4fe207f822e25c92a65f7,d08c60b22a7dc3f1345b9401225fec550da80c4f7025bb8a198065f0dbe75b59,6a1ebdee6b34390f1430eab371e1c4108db1f124b59b7239d74785efa6474af9,0.25344238851055606,0.2893099329669421,0.45724767852250225,1.804148395261267,0.9689573238197114,strong,0.0909424492444678,0.9944674397926769,-0.05257358764261717,lambda_max,TARGET_FRAME,1,0.05,0.0045471224622233904,0.04972337198963385,-0.0026286793821308587,"[[1.0,0.0,0.0,0.0],[0.0,1.0,0.0,0.0],[0.0,0.0,1.0,0.0],[0.0,0.0,0.0,1.0]]","[[1.0,0.0,0.0,0.0045471224622233904],[0.0,1.0,0.0,0.04972337198963385],[0.0,0.0,1.0,-0.0026286793821308587],[0.0,0.0,0.0,1.0]]",source/query_to_target/map,LEFT: T_initial=Delta_T@T_star,true,true,false,false,true,true,ASSUMED_METERS_FROM_SCALE,"[[0.9999999968222678,-7.945871614138762e-06,-7.932419424245792e-05,0.00019437768960922522],[7.934966338154245e-06,0.9999999905186011,-0.0001374766673123561,0.00013350874724371508],[7.932528586230197e-05,0.00013747603744068088,0.999999987403919,0.0006691702091328368],[0.0,0.0,0.0,1.0]]",0.05,0.0007095040807488643,0.0,0.009105381450153343,0.00019437768960922522,0.00013350874724371508,0.0006691702091328368,0.9858099183850227,true,true,true,1.0,0.020134831030942053,15235,,34.68276399962633,0.19.0+b012259,
CP-R_TEST_01_Q08-S-50MM-POS-PCL,R_TEST_01,Rich,R_TEST_01_Q08,pcl,/home/lj/zero_perturbation_runtime/real_data/mid360_two_scene_pilot_v1/canonical_sources/R_TEST_01_Q08/source_points.npy,9c9ab65dbce7264c1f140da964ef0c5ebf5568a466b19f1b65959c3c6e7523a5,166887b391976f4a37885b9491218358406cd935f2890ebe58c6e56d7a961a8a,/home/lj/zero_perturbation_runtime/real_data/mid360_two_scene_pilot_v1/target_maps/R_TEST_01/target_points.npy,43c6f299b5b24d220e6ee1a5ad8395ebb1380f992ff4fe207f822e25c92a65f7,d08c60b22a7dc3f1345b9401225fec550da80c4f7025bb8a198065f0dbe75b59,6a1ebdee6b34390f1430eab371e1c4108db1f124b59b7239d74785efa6474af9,0.25344238851055606,0.2893099329669421,0.45724767852250225,1.804148395261267,0.9689573238197114,strong,0.0909424492444678,0.9944674397926769,-0.05257358764261717,lambda_max,TARGET_FRAME,1,0.05,0.0045471224622233904,0.04972337198963385,-0.0026286793821308587,"[[1.0,0.0,0.0,0.0],[0.0,1.0,0.0,0.0],[0.0,0.0,1.0,0.0],[0.0,0.0,0.0,1.0]]","[[1.0,0.0,0.0,0.0045471224622233904],[0.0,1.0,0.0,0.04972337198963385],[0.0,0.0,1.0,-0.0026286793821308587],[0.0,0.0,0.0,1.0]]",source/query_to_target/map,LEFT: T_initial=Delta_T@T_star,true,true,false,false,true,true,ASSUMED_METERS_FROM_SCALE,"[[0.9999999403953552,-1.949178295035381e-05,-0.000101122772321105,0.0002457833325024694],[1.9478944523143582e-05,0.9999999403953552,-0.00012736395001411438,0.00012651523866225034],[0.00010112525342265144,0.00012736198550555855,1.0,0.0006819815607741475],[0.0,0.0,0.0,1.0]]",0.05,0.0007358766210348905,0.0,0.009384459661836694,0.0002457833325024694,0.00012651523866225034,0.0006819815607741475,0.9852824675793022,true,true,true,0.00040544468102118105,,15235,7,1123.808406,1.15.1,
CP-R_TEST_01_Q08-S-50MM-NEG-O3D,R_TEST_01,Rich,R_TEST_01_Q08,open3d,/home/lj/zero_perturbation_runtime/real_data/mid360_two_scene_pilot_v1/canonical_sources/R_TEST_01_Q08/source_points.npy,9c9ab65dbce7264c1f140da964ef0c5ebf5568a466b19f1b65959c3c6e7523a5,166887b391976f4a37885b9491218358406cd935f2890ebe58c6e56d7a961a8a,/home/lj/zero_perturbation_runtime/real_data/mid360_two_scene_pilot_v1/target_maps/R_TEST_01/target_points.npy,43c6f299b5b24d220e6ee1a5ad8395ebb1380f992ff4fe207f822e25c92a65f7,d08c60b22a7dc3f1345b9401225fec550da80c4f7025bb8a198065f0dbe75b59,6a1ebdee6b34390f1430eab371e1c4108db1f124b59b7239d74785efa6474af9,0.25344238851055606,0.2893099329669421,0.45724767852250225,1.804148395261267,0.9689573238197114,strong,0.0909424492444678,0.9944674397926769,-0.05257358764261717,lambda_max,TARGET_FRAME,-1,0.05,-0.0045471224622233904,-0.04972337198963385,0.0026286793821308587,"[[1.0,0.0,0.0,0.0],[0.0,1.0,0.0,0.0],[0.0,0.0,1.0,0.0],[0.0,0.0,0.0,1.0]]","[[1.0,0.0,0.0,-0.0045471224622233904],[0.0,1.0,0.0,-0.04972337198963385],[0.0,0.0,1.0,0.0026286793821308587],[0.0,0.0,0.0,1.0]]",source/query_to_target/map,LEFT: T_initial=Delta_T@T_star,true,true,false,false,true,true,ASSUMED_METERS_FROM_SCALE,"[[0.9999999980329777,-7.3119495956495886e-06,-6.229430215369175e-05,0.0001751251139153972],[7.303956238935255e-06,0.9999999917409208,-0.00012831527788370963,0.00012636589783146667],[6.229523987404241e-05,0.0001283148226364537,0.9999999898273043,0.0006581981016882822],[0.0,0.0,0.0,1.0]]",0.05,0.0006927206411856743,0.0,0.008183232863966161,0.0001751251139153972,0.00012636589783146667,0.0006581981016882822,0.9861455871762865,true,true,true,1.0,0.020134568989212932,15235,,36.572899999555375,0.19.0+b012259,
CP-R_TEST_01_Q08-S-50MM-NEG-PCL,R_TEST_01,Rich,R_TEST_01_Q08,pcl,/home/lj/zero_perturbation_runtime/real_data/mid360_two_scene_pilot_v1/canonical_sources/R_TEST_01_Q08/source_points.npy,9c9ab65dbce7264c1f140da964ef0c5ebf5568a466b19f1b65959c3c6e7523a5,166887b391976f4a37885b9491218358406cd935f2890ebe58c6e56d7a961a8a,/home/lj/zero_perturbation_runtime/real_data/mid360_two_scene_pilot_v1/target_maps/R_TEST_01/target_points.npy,43c6f299b5b24d220e6ee1a5ad8395ebb1380f992ff4fe207f822e25c92a65f7,d08c60b22a7dc3f1345b9401225fec550da80c4f7025bb8a198065f0dbe75b59,6a1ebdee6b34390f1430eab371e1c4108db1f124b59b7239d74785efa6474af9,0.25344238851055606,0.2893099329669421,0.45724767852250225,1.804148395261267,0.9689573238197114,strong,0.0909424492444678,0.9944674397926769,-0.05257358764261717,lambda_max,TARGET_FRAME,-1,0.05,-0.0045471224622233904,-0.04972337198963385,0.0026286793821308587,"[[1.0,0.0,0.0,0.0],[0.0,1.0,0.0,0.0],[0.0,0.0,1.0,0.0],[0.0,0.0,0.0,1.0]]","[[1.0,0.0,0.0,-0.0045471224622233904],[0.0,1.0,0.0,-0.04972337198963385],[0.0,0.0,1.0,0.0026286793821308587],[0.0,0.0,0.0,1.0]]",source/query_to_target/map,LEFT: T_initial=Delta_T@T_star,true,true,false,false,true,true,ASSUMED_METERS_FROM_SCALE,"[[0.9999999403953552,-1.9191435058019124e-05,-0.00010110346192959696,0.00025187243591062725],[1.9178478396497667e-05,0.9999999403953552,-0.0001282502053072676,0.00012512151442933828],[0.00010110592847922817,0.00012824826990254223,0.9999999403953552,0.0006846942706033587],[0.0,0.0,0.0,1.0]]",0.05,0.0007402035946560308,0.0,0.009421296063106379,0.00025187243591062725,0.00012512151442933828,0.0006846942706033587,0.9851959281068794,true,true,true,0.0004054446992689371,,15235,7,1119.21954,1.15.1,
CP-R_TEST_01_Q09-W-10MM-POS-O3D,R_TEST_01,Rich,R_TEST_01_Q09,open3d,/home/lj/zero_perturbation_runtime/real_data/mid360_two_scene_pilot_v1/canonical_sources/R_TEST_01_Q09/source_points.npy,8e6be665ef019801e2634c8a788b22fdc0c47b0deaf412a1555eb73f87835c71,f77f42fffa1419b7b30cb675a70e857c5871b516deb675c53fc7509cc98d580c,/home/lj/zero_perturbation_runtime/real_data/mid360_two_scene_pilot_v1/target_maps/R_TEST_01/target_points.npy,43c6f299b5b24d220e6ee1a5ad8395ebb1380f992ff4fe207f822e25c92a65f7,d08c60b22a7dc3f1345b9401225fec550da80c4f7025bb8a198065f0dbe75b59,6a1ebdee6b34390f1430eab371e1c4108db1f124b59b7239d74785efa6474af9,0.2540259353290542,0.2928746335655511,0.45309943110539475,1.783673901322199,0.9707182600269106,weak,0.9936584968628489,-0.10509115100807805,-0.03998301629518571,lambda_min,TARGET_FRAME,1,0.01,0.00993658496862849,-0.0010509115100807804,-0.00039983016295185714,"[[1.0,0.0,0.0,0.0],[0.0,1.0,0.0,0.0],[0.0,0.0,1.0,0.0],[0.0,0.0,0.0,1.0]]","[[1.0,0.0,0.0,0.00993658496862849],[0.0,1.0,0.0,-0.0010509115100807804],[0.0,0.0,1.0,-0.00039983016295185714],[0.0,0.0,0.0,1.0]]",source/query_to_target/map,LEFT: T_initial=Delta_T@T_star,true,true,false,false,true,true,ASSUMED_METERS_FROM_SCALE,"[[0.9999999659832828,-0.00013616553404476966,0.0002224688301349662,-9.133701881467154e-06],[0.00013621839427153747,0.9999999624931445,-0.00023760946724143693,0.0004342267925483311],[-0.00022243646757085886,0.0002376397635055594,0.9999999470246788,-0.00010354334453609553],[0.0,0.0,0.0,1.0]]",0.01,0.00044649474361361916,0.0,0.020216472574140634,-9.133701881467154e-06,0.0004342267925483311,-0.00010354334453609553,0.9553505256386381,true,true,true,1.0,0.020490385112525433,15400,,35.28770299999451,0.19.0+b012259,
CP-R_TEST_01_Q09-W-10MM-POS-PCL,R_TEST_01,Rich,R_TEST_01_Q09,pcl,/home/lj/zero_perturbation_runtime/real_data/mid360_two_scene_pilot_v1/canonical_sources/R_TEST_01_Q09/source_points.npy,8e6be665ef019801e2634c8a788b22fdc0c47b0deaf412a1555eb73f87835c71,f77f42fffa1419b7b30cb675a70e857c5871b516deb675c53fc7509cc98d580c,/home/lj/zero_perturbation_runtime/real_data/mid360_two_scene_pilot_v1/target_maps/R_TEST_01/target_points.npy,43c6f299b5b24d220e6ee1a5ad8395ebb1380f992ff4fe207f822e25c92a65f7,d08c60b22a7dc3f1345b9401225fec550da80c4f7025bb8a198065f0dbe75b59,6a1ebdee6b34390f1430eab371e1c4108db1f124b59b7239d74785efa6474af9,0.2540259353290542,0.2928746335655511,0.45309943110539475,1.783673901322199,0.9707182600269106,weak,0.9936584968628489,-0.10509115100807805,-0.03998301629518571,lambda_min,TARGET_FRAME,1,0.01,0.00993658496862849,-0.0010509115100807804,-0.00039983016295185714,"[[1.0,0.0,0.0,0.0],[0.0,1.0,0.0,0.0],[0.0,0.0,1.0,0.0],[0.0,0.0,0.0,1.0]]","[[1.0,0.0,0.0,0.00993658496862849],[0.0,1.0,0.0,-0.0010509115100807804],[0.0,0.0,1.0,-0.00039983016295185714],[0.0,0.0,0.0,1.0]]",source/query_to_target/map,LEFT: T_initial=Delta_T@T_star,true,true,false,false,true,true,ASSUMED_METERS_FROM_SCALE,"[[1.0,-0.00014037161599844694,0.00015609293768648058,4.7096749767661095e-05],[0.00014038772496860474,1.0,-0.00010302080045221373,0.00034644207335077226],[-0.00015607850218657404,0.00010304270836059004,1.0,9.031858644448221e-05],[0.0,0.0,0.0,1.0]]",0.01,0.0003611061631758574,0.0,0.01339848606628662,4.7096749767661095e-05,0.00034644207335077226,9.031858644448221e-05,0.9638893836824143,true,true,true,0.0004199458261512319,,15400,7,1184.69054,1.15.1,
CP-R_TEST_01_Q09-W-10MM-NEG-O3D,R_TEST_01,Rich,R_TEST_01_Q09,open3d,/home/lj/zero_perturbation_runtime/real_data/mid360_two_scene_pilot_v1/canonical_sources/R_TEST_01_Q09/source_points.npy,8e6be665ef019801e2634c8a788b22fdc0c47b0deaf412a1555eb73f87835c71,f77f42fffa1419b7b30cb675a70e857c5871b516deb675c53fc7509cc98d580c,/home/lj/zero_perturbation_runtime/real_data/mid360_two_scene_pilot_v1/target_maps/R_TEST_01/target_points.npy,43c6f299b5b24d220e6ee1a5ad8395ebb1380f992ff4fe207f822e25c92a65f7,d08c60b22a7dc3f1345b9401225fec550da80c4f7025bb8a198065f0dbe75b59,6a1ebdee6b34390f1430eab371e1c4108db1f124b59b7239d74785efa6474af9,0.2540259353290542,0.2928746335655511,0.45309943110539475,1.783673901322199,0.9707182600269106,weak,0.9936584968628489,-0.10509115100807805,-0.03998301629518571,lambda_min,TARGET_FRAME,-1,0.01,-0.00993658496862849,0.0010509115100807804,0.00039983016295185714,"[[1.0,0.0,0.0,0.0],[0.0,1.0,0.0,0.0],[0.0,0.0,1.0,0.0],[0.0,0.0,0.0,1.0]]","[[1.0,0.0,0.0,-0.00993658496862849],[0.0,1.0,0.0,0.0010509115100807804],[0.0,0.0,1.0,0.00039983016295185714],[0.0,0.0,0.0,1.0]]",source/query_to_target/map,LEFT: T_initial=Delta_T@T_star,true,true,false,false,true,true,ASSUMED_METERS_FROM_SCALE,"[[0.9999999664001025,-0.00013676797655460328,0.00022021424638259812,-1.354147597927229e-05],[0.00013682095058678836,0.9999999617055286,-0.0002405596973975705,0.00043073231060139174],[-0.00022018133708655643,0.00024058981923731222,0.9999999468183572,-0.00010076084734739229],[0.0,0.0,0.0,1.0]]",0.01,0.00044256800983111683,0.0,0.02026327533793327,-1.354147597927229e-05,0.00043073231060139174,-0.00010076084734739229,0.9557431990168883,true,true,true,1.0,0.02049039594449555,15400,,35.360973999559064,0.19.0+b012259,
CP-R_TEST_01_Q09-W-10MM-NEG-PCL,R_TEST_01,Rich,R_TEST_01_Q09,pcl,/home/lj/zero_perturbation_runtime/real_data/mid360_two_scene_pilot_v1/canonical_sources/R_TEST_01_Q09/source_points.npy,8e6be665ef019801e2634c8a788b22fdc0c47b0deaf412a1555eb73f87835c71,f77f42fffa1419b7b30cb675a70e857c5871b516deb675c53fc7509cc98d580c,/home/lj/zero_perturbation_runtime/real_data/mid360_two_scene_pilot_v1/target_maps/R_TEST_01/target_points.npy,43c6f299b5b24d220e6ee1a5ad8395ebb1380f992ff4fe207f822e25c92a65f7,d08c60b22a7dc3f1345b9401225fec550da80c4f7025bb8a198065f0dbe75b59,6a1ebdee6b34390f1430eab371e1c4108db1f124b59b7239d74785efa6474af9,0.2540259353290542,0.2928746335655511,0.45309943110539475,1.783673901322199,0.9707182600269106,weak,0.9936584968628489,-0.10509115100807805,-0.03998301629518571,lambda_min,TARGET_FRAME,-1,0.01,-0.00993658496862849,0.0010509115100807804,0.00039983016295185714,"[[1.0,0.0,0.0,0.0],[0.0,1.0,0.0,0.0],[0.0,0.0,1.0,0.0],[0.0,0.0,0.0,1.0]]","[[1.0,0.0,0.0,-0.00993658496862849],[0.0,1.0,0.0,0.0010509115100807804],[0.0,0.0,1.0,0.00039983016295185714],[0.0,0.0,0.0,1.0]]",source/query_to_target/map,LEFT: T_initial=Delta_T@T_star,true,true,false,false,true,true,ASSUMED_METERS_FROM_SCALE,"[[1.0,-0.00014036608627066016,0.0001559071970405057,4.685527164838277e-05],[0.00014038213703315705,1.0,-0.00010302527516614646,0.0003463860775809735],[-0.0001558927324367687,0.00010304714669473469,1.0,9.007901098811999e-05],[0.0,0.0,0.0,1.0]]",0.01,0.00036096116057517016,0.0,0.013391305833341423,4.685527164838277e-05,0.0003463860775809735,9.007901098811999e-05,0.9639038839424829,true,true,true,0.00041994586942272437,,15400,11,1198.175302,1.15.1,
CP-R_TEST_01_Q09-W-30MM-POS-O3D,R_TEST_01,Rich,R_TEST_01_Q09,open3d,/home/lj/zero_perturbation_runtime/real_data/mid360_two_scene_pilot_v1/canonical_sources/R_TEST_01_Q09/source_points.npy,8e6be665ef019801e2634c8a788b22fdc0c47b0deaf412a1555eb73f87835c71,f77f42fffa1419b7b30cb675a70e857c5871b516deb675c53fc7509cc98d580c,/home/lj/zero_perturbation_runtime/real_data/mid360_two_scene_pilot_v1/target_maps/R_TEST_01/target_points.npy,43c6f299b5b24d220e6ee1a5ad8395ebb1380f992ff4fe207f822e25c92a65f7,d08c60b22a7dc3f1345b9401225fec550da80c4f7025bb8a198065f0dbe75b59,6a1ebdee6b34390f1430eab371e1c4108db1f124b59b7239d74785efa6474af9,0.2540259353290542,0.2928746335655511,0.45309943110539475,1.783673901322199,0.9707182600269106,weak,0.9936584968628489,-0.10509115100807805,-0.03998301629518571,lambda_min,TARGET_FRAME,1,0.03,0.029809754905885465,-0.0031527345302423413,-0.0011994904888555714,"[[1.0,0.0,0.0,0.0],[0.0,1.0,0.0,0.0],[0.0,0.0,1.0,0.0],[0.0,0.0,0.0,1.0]]","[[1.0,0.0,0.0,0.029809754905885465],[0.0,1.0,0.0,-0.0031527345302423413],[0.0,0.0,1.0,-0.0011994904888555714],[0.0,0.0,0.0,1.0]]",source/query_to_target/map,LEFT: T_initial=Delta_T@T_star,true,true,false,false,true,true,ASSUMED_METERS_FROM_SCALE,"[[0.9999999657861838,-0.0001370578789493995,0.00022280657255694395,-1.581228034799364e-06],[0.00013711088375364965,0.9999999623025283,-0.00023789818805963577,0.00043450729862001147],[-0.000222773958336638,0.00023792872912630018,0.9999999468808402,-0.00010343711173825737],[0.0,0.0,0.0,1.0]]",0.03,0.00044665235801561663,0.0,0.02025958419742332,-1.581228034799364e-06,0.00043450729862001147,-0.00010343711173825737,0.9851115880661461,true,true,true,1.0,0.02049044418874272,15400,,35.915036000005784,0.19.0+b012259,
CP-R_TEST_01_Q09-W-30MM-POS-PCL,R_TEST_01,Rich,R_TEST_01_Q09,pcl,/home/lj/zero_perturbation_runtime/real_data/mid360_two_scene_pilot_v1/canonical_sources/R_TEST_01_Q09/source_points.npy,8e6be665ef019801e2634c8a788b22fdc0c47b0deaf412a1555eb73f87835c71,f77f42fffa1419b7b30cb675a70e857c5871b516deb675c53fc7509cc98d580c,/home/lj/zero_perturbation_runtime/real_data/mid360_two_scene_pilot_v1/target_maps/R_TEST_01/target_points.npy,43c6f299b5b24d220e6ee1a5ad8395ebb1380f992ff4fe207f822e25c92a65f7,d08c60b22a7dc3f1345b9401225fec550da80c4f7025bb8a198065f0dbe75b59,6a1ebdee6b34390f1430eab371e1c4108db1f124b59b7239d74785efa6474af9,0.2540259353290542,0.2928746335655511,0.45309943110539475,1.783673901322199,0.9707182600269106,weak,0.9936584968628489,-0.10509115100807805,-0.03998301629518571,lambda_min,TARGET_FRAME,1,0.03,0.029809754905885465,-0.0031527345302423413,-0.0011994904888555714,"[[1.0,0.0,0.0,0.0],[0.0,1.0,0.0,0.0],[0.0,0.0,1.0,0.0],[0.0,0.0,0.0,1.0]]","[[1.0,0.0,0.0,0.029809754905885465],[0.0,1.0,0.0,-0.0031527345302423413],[0.0,0.0,1.0,-0.0011994904888555714],[0.0,0.0,0.0,1.0]]",source/query_to_target/map,LEFT: T_initial=Delta_T@T_star,true,true,false,false,true,true,ASSUMED_METERS_FROM_SCALE,"[[1.0,-0.00014027881843503565,0.0001560751989018172,4.799067755811848e-05],[0.00014029494195710868,1.0,-0.0001030111889122054,0.0003464949841145426],[-0.00015606074884999543,0.00010303306771675125,1.0,9.018174750963226e-05],[0.0,0.0,0.0,1.0]]",0.03,0.00036124040019482246,0.0,0.013394373363312421,4.799067755811848e-05,0.0003464949841145426,9.018174750963226e-05,0.9879586533268393,true,true,true,0.00041994586510185936,,15400,8,1143.446422,1.15.1,
CP-R_TEST_01_Q09-W-30MM-NEG-O3D,R_TEST_01,Rich,R_TEST_01_Q09,open3d,/home/lj/zero_perturbation_runtime/real_data/mid360_two_scene_pilot_v1/canonical_sources/R_TEST_01_Q09/source_points.npy,8e6be665ef019801e2634c8a788b22fdc0c47b0deaf412a1555eb73f87835c71,f77f42fffa1419b7b30cb675a70e857c5871b516deb675c53fc7509cc98d580c,/home/lj/zero_perturbation_runtime/real_data/mid360_two_scene_pilot_v1/target_maps/R_TEST_01/target_points.npy,43c6f299b5b24d220e6ee1a5ad8395ebb1380f992ff4fe207f822e25c92a65f7,d08c60b22a7dc3f1345b9401225fec550da80c4f7025bb8a198065f0dbe75b59,6a1ebdee6b34390f1430eab371e1c4108db1f124b59b7239d74785efa6474af9,0.2540259353290542,0.2928746335655511,0.45309943110539475,1.783673901322199,0.9707182600269106,weak,0.9936584968628489,-0.10509115100807805,-0.03998301629518571,lambda_min,TARGET_FRAME,-1,0.03,-0.029809754905885465,0.0031527345302423413,0.0011994904888555714,"[[1.0,0.0,0.0,0.0],[0.0,1.0,0.0,0.0],[0.0,0.0,1.0,0.0],[0.0,0.0,0.0,1.0]]","[[1.0,0.0,0.0,-0.029809754905885465],[0.0,1.0,0.0,0.0031527345302423413],[0.0,0.0,1.0,0.0011994904888555714],[0.0,0.0,0.0,1.0]]",source/query_to_target/map,LEFT: T_initial=Delta_T@T_star,true,true,false,false,true,true,ASSUMED_METERS_FROM_SCALE,"[[0.9999999661635944,-0.00013369567562472213,0.00022315527407558197,-6.145724691347496e-06],[0.000133748894125265,0.9999999626182959,-0.0002384840463829356,0.00042777520999361487],[-0.00022312338144795074,0.00023851388508461845,0.9999999466635402,-0.00010230685459030327],[0.0,0.0,0.0,1.0]]",0.03,0.00043988190769026246,0.0,0.020220992464589416,-6.145724691347496e-06,0.00042777520999361487,-0.00010230685459030327,0.9853372697436579,true,true,true,1.0,0.020490368323444103,15400,,53.31302500053425,0.19.0+b012259,
CP-R_TEST_01_Q09-W-30MM-NEG-PCL,R_TEST_01,Rich,R_TEST_01_Q09,pcl,/home/lj/zero_perturbation_runtime/real_data/mid360_two_scene_pilot_v1/canonical_sources/R_TEST_01_Q09/source_points.npy,8e6be665ef019801e2634c8a788b22fdc0c47b0deaf412a1555eb73f87835c71,f77f42fffa1419b7b30cb675a70e857c5871b516deb675c53fc7509cc98d580c,/home/lj/zero_perturbation_runtime/real_data/mid360_two_scene_pilot_v1/target_maps/R_TEST_01/target_points.npy,43c6f299b5b24d220e6ee1a5ad8395ebb1380f992ff4fe207f822e25c92a65f7,d08c60b22a7dc3f1345b9401225fec550da80c4f7025bb8a198065f0dbe75b59,6a1ebdee6b34390f1430eab371e1c4108db1f124b59b7239d74785efa6474af9,0.2540259353290542,0.2928746335655511,0.45309943110539475,1.783673901322199,0.9707182600269106,weak,0.9936584968628489,-0.10509115100807805,-0.03998301629518571,lambda_min,TARGET_FRAME,-1,0.03,-0.029809754905885465,0.0031527345302423413,0.0011994904888555714,"[[1.0,0.0,0.0,0.0],[0.0,1.0,0.0,0.0],[0.0,0.0,1.0,0.0],[0.0,0.0,0.0,1.0]]","[[1.0,0.0,0.0,-0.029809754905885465],[0.0,1.0,0.0,0.0031527345302423413],[0.0,0.0,1.0,0.0011994904888555714],[0.0,0.0,0.0,1.0]]",source/query_to_target/map,LEFT: T_initial=Delta_T@T_star,true,true,false,false,true,true,ASSUMED_METERS_FROM_SCALE,"[[0.9999999403953552,-0.00012710894225165248,0.00018656479369383305,5.158268322702497e-05],[0.00012713509204331785,1.0,-0.00014016689965501428,0.0003451541415415704],[-0.00018654699670150876,0.00014019061927683651,0.9999999403953552,2.3382503059110604e-05],[0.0,0.0,0.0,1.0]]",0.03,0.0003497697758261959,0.0,0.015225290017511318,5.158268322702497e-05,0.0003451541415415704,2.3382503059110604e-05,0.9883410074724601,true,true,true,0.0004199141009281178,,15400,9,1142.716533,1.15.1,
CP-R_TEST_01_Q09-W-50MM-POS-O3D,R_TEST_01,Rich,R_TEST_01_Q09,open3d,/home/lj/zero_perturbation_runtime/real_data/mid360_two_scene_pilot_v1/canonical_sources/R_TEST_01_Q09/source_points.npy,8e6be665ef019801e2634c8a788b22fdc0c47b0deaf412a1555eb73f87835c71,f77f42fffa1419b7b30cb675a70e857c5871b516deb675c53fc7509cc98d580c,/home/lj/zero_perturbation_runtime/real_data/mid360_two_scene_pilot_v1/target_maps/R_TEST_01/target_points.npy,43c6f299b5b24d220e6ee1a5ad8395ebb1380f992ff4fe207f822e25c92a65f7,d08c60b22a7dc3f1345b9401225fec550da80c4f7025bb8a198065f0dbe75b59,6a1ebdee6b34390f1430eab371e1c4108db1f124b59b7239d74785efa6474af9,0.2540259353290542,0.2928746335655511,0.45309943110539475,1.783673901322199,0.9707182600269106,weak,0.9936584968628489,-0.10509115100807805,-0.03998301629518571,lambda_min,TARGET_FRAME,1,0.05,0.04968292484314245,-0.005254557550403903,-0.0019991508147592855,"[[1.0,0.0,0.0,0.0],[0.0,1.0,0.0,0.0],[0.0,0.0,1.0,0.0],[0.0,0.0,0.0,1.0]]","[[1.0,0.0,0.0,0.04968292484314245],[0.0,1.0,0.0,-0.005254557550403903],[0.0,0.0,1.0,-0.0019991508147592855],[0.0,0.0,0.0,1.0]]",source/query_to_target/map,LEFT: T_initial=Delta_T@T_star,true,true,false,false,true,true,ASSUMED_METERS_FROM_SCALE,"[[0.9999999664574677,-0.00013814860828599947,0.0002190890816058342,1.148370745251991e-05],[0.00013820099701263833,0.9999999618602041,-0.00023912355468905317,0.000435188033603053],[-0.00021905603866353274,0.0002391538249977561,0.9999999474099484,-0.00010076584954518507],[0.0,0.0,0.0,1.0]]",0.05,0.000446849254853032,0.0,0.020198073197305898,1.148370745251991e-05,0.000435188033603053,-0.00010076584954518507,0.9910630149029394,true,true,true,1.0,0.020490506908481306,15400,,43.52520500015089,0.19.0+b012259,
CP-R_TEST_01_Q09-W-50MM-POS-PCL,R_TEST_01,Rich,R_TEST_01_Q09,pcl,/home/lj/zero_perturbation_runtime/real_data/mid360_two_scene_pilot_v1/canonical_sources/R_TEST_01_Q09/source_points.npy,8e6be665ef019801e2634c8a788b22fdc0c47b0deaf412a1555eb73f87835c71,f77f42fffa1419b7b30cb675a70e857c5871b516deb675c53fc7509cc98d580c,/home/lj/zero_perturbation_runtime/real_data/mid360_two_scene_pilot_v1/target_maps/R_TEST_01/target_points.npy,43c6f299b5b24d220e6ee1a5ad8395ebb1380f992ff4fe207f822e25c92a65f7,d08c60b22a7dc3f1345b9401225fec550da80c4f7025bb8a198065f0dbe75b59,6a1ebdee6b34390f1430eab371e1c4108db1f124b59b7239d74785efa6474af9,0.2540259353290542,0.2928746335655511,0.45309943110539475,1.783673901322199,0.9707182600269106,weak,0.9936584968628489,-0.10509115100807805,-0.03998301629518571,lambda_min,TARGET_FRAME,1,0.05,0.04968292484314245,-0.005254557550403903,-0.0019991508147592855,"[[1.0,0.0,0.0,0.0],[0.0,1.0,0.0,0.0],[0.0,0.0,1.0,0.0],[0.0,0.0,0.0,1.0]]","[[1.0,0.0,0.0,0.04968292484314245],[0.0,1.0,0.0,-0.005254557550403903],[0.0,0.0,1.0,-0.0019991508147592855],[0.0,0.0,0.0,1.0]]",source/query_to_target/map,LEFT: T_initial=Delta_T@T_star,true,true,false,false,true,true,ASSUMED_METERS_FROM_SCALE,"[[0.9999999403953552,-0.00014028436271473765,0.00015608493413310498,4.808029189007357e-05],[0.00014030047168489546,1.0,-0.00010301397560397163,0.0003463647444732487],[-0.00015607045497745275,0.00010303584713255987,1.0,9.012474038172513e-05],[0.0,0.0,0.0,1.0]]",0.05,0.00036111316718049334,0.0,0.01339500615469112,4.808029189007357e-05,0.0003463647444732487,9.012474038172513e-05,0.9927777366563901,true,true,true,0.00041994620342483045,,15400,8,1135.70301,1.15.1,
CP-R_TEST_01_Q09-W-50MM-NEG-O3D,R_TEST_01,Rich,R_TEST_01_Q09,open3d,/home/lj/zero_perturbation_runtime/real_data/mid360_two_scene_pilot_v1/canonical_sources/R_TEST_01_Q09/source_points.npy,8e6be665ef019801e2634c8a788b22fdc0c47b0deaf412a1555eb73f87835c71,f77f42fffa1419b7b30cb675a70e857c5871b516deb675c53fc7509cc98d580c,/home/lj/zero_perturbation_runtime/real_data/mid360_two_scene_pilot_v1/target_maps/R_TEST_01/target_points.npy,43c6f299b5b24d220e6ee1a5ad8395ebb1380f992ff4fe207f822e25c92a65f7,d08c60b22a7dc3f1345b9401225fec550da80c4f7025bb8a198065f0dbe75b59,6a1ebdee6b34390f1430eab371e1c4108db1f124b59b7239d74785efa6474af9,0.2540259353290542,0.2928746335655511,0.45309943110539475,1.783673901322199,0.9707182600269106,weak,0.9936584968628489,-0.10509115100807805,-0.03998301629518571,lambda_min,TARGET_FRAME,-1,0.05,-0.04968292484314245,0.005254557550403903,0.0019991508147592855,"[[1.0,0.0,0.0,0.0],[0.0,1.0,0.0,0.0],[0.0,0.0,1.0,0.0],[0.0,0.0,0.0,1.0]]","[[1.0,0.0,0.0,-0.04968292484314245],[0.0,1.0,0.0,0.005254557550403903],[0.0,0.0,1.0,0.0019991508147592855],[0.0,0.0,0.0,1.0]]",source/query_to_target/map,LEFT: T_initial=Delta_T@T_star,true,true,false,false,true,true,ASSUMED_METERS_FROM_SCALE,"[[0.9999999661635943,-0.0001336956756295472,0.00022315527407407284,-6.145724689171088e-06],[0.00013374889413008987,0.9999999626182955,-0.00023848404638362956,0.0004277752099971565],[-0.00022312338144644028,0.0002385138850853134,0.99999994666354,-0.00010230685459088466],[0.0,0.0,0.0,1.0]]",0.05,0.0004398819076938115,0.0,0.020220992464639473,-6.145724689171088e-06,0.0004277752099971565,-0.00010230685459088466,0.9912023618461238,true,true,true,1.0,0.02049036832344428,15400,,46.77491900019959,0.19.0+b012259,
CP-R_TEST_01_Q09-W-50MM-NEG-PCL,R_TEST_01,Rich,R_TEST_01_Q09,pcl,/home/lj/zero_perturbation_runtime/real_data/mid360_two_scene_pilot_v1/canonical_sources/R_TEST_01_Q09/source_points.npy,8e6be665ef019801e2634c8a788b22fdc0c47b0deaf412a1555eb73f87835c71,f77f42fffa1419b7b30cb675a70e857c5871b516deb675c53fc7509cc98d580c,/home/lj/zero_perturbation_runtime/real_data/mid360_two_scene_pilot_v1/target_maps/R_TEST_01/target_points.npy,43c6f299b5b24d220e6ee1a5ad8395ebb1380f992ff4fe207f822e25c92a65f7,d08c60b22a7dc3f1345b9401225fec550da80c4f7025bb8a198065f0dbe75b59,6a1ebdee6b34390f1430eab371e1c4108db1f124b59b7239d74785efa6474af9,0.2540259353290542,0.2928746335655511,0.45309943110539475,1.783673901322199,0.9707182600269106,weak,0.9936584968628489,-0.10509115100807805,-0.03998301629518571,lambda_min,TARGET_FRAME,-1,0.05,-0.04968292484314245,0.005254557550403903,0.0019991508147592855,"[[1.0,0.0,0.0,0.0],[0.0,1.0,0.0,0.0],[0.0,0.0,1.0,0.0],[0.0,0.0,0.0,1.0]]","[[1.0,0.0,0.0,-0.04968292484314245],[0.0,1.0,0.0,0.005254557550403903],[0.0,0.0,1.0,0.0019991508147592855],[0.0,0.0,0.0,1.0]]",source/query_to_target/map,LEFT: T_initial=Delta_T@T_star,true,true,false,false,true,true,ASSUMED_METERS_FROM_SCALE,"[[0.9999999403953552,-0.000126372353406623,0.00018639503105077893,4.785271448781714e-05],[0.00012639821215998381,1.0,-0.0001388443197356537,0.00034140481147915125],[-0.00018637745233718306,0.00013886790839023888,0.9999999403953552,2.321344436495565e-05],[0.0,0.0,0.0,1.0]]",0.05,0.0003455227801234706,0.0,0.015158399054420586,4.785271448781714e-05,0.00034140481147915125,2.321344436495565e-05,0.9930895443975306,true,true,true,0.00041991476323770705,,15400,9,1446.145147,1.15.1,
CP-R_TEST_01_Q09-S-10MM-POS-O3D,R_TEST_01,Rich,R_TEST_01_Q09,open3d,/home/lj/zero_perturbation_runtime/real_data/mid360_two_scene_pilot_v1/canonical_sources/R_TEST_01_Q09/source_points.npy,8e6be665ef019801e2634c8a788b22fdc0c47b0deaf412a1555eb73f87835c71,f77f42fffa1419b7b30cb675a70e857c5871b516deb675c53fc7509cc98d580c,/home/lj/zero_perturbation_runtime/real_data/mid360_two_scene_pilot_v1/target_maps/R_TEST_01/target_points.npy,43c6f299b5b24d220e6ee1a5ad8395ebb1380f992ff4fe207f822e25c92a65f7,d08c60b22a7dc3f1345b9401225fec550da80c4f7025bb8a198065f0dbe75b59,6a1ebdee6b34390f1430eab371e1c4108db1f124b59b7239d74785efa6474af9,0.2540259353290542,0.2928746335655511,0.45309943110539475,1.783673901322199,0.9707182600269106,strong,0.10385445695068313,0.9940824488703562,-0.03184865176729181,lambda_max,TARGET_FRAME,1,0.01,0.0010385445695068314,0.009940824488703563,-0.0003184865176729182,"[[1.0,0.0,0.0,0.0],[0.0,1.0,0.0,0.0],[0.0,0.0,1.0,0.0],[0.0,0.0,0.0,1.0]]","[[1.0,0.0,0.0,0.0010385445695068314],[0.0,1.0,0.0,0.009940824488703563],[0.0,0.0,1.0,-0.0003184865176729182],[0.0,0.0,0.0,1.0]]",source/query_to_target/map,LEFT: T_initial=Delta_T@T_star,true,true,false,false,true,true,ASSUMED_METERS_FROM_SCALE,"[[0.9999999659832829,-0.00013616553404495647,0.00022246883013939226,-9.133701884160132e-06],[0.00013621839427172344,0.999999962493144,-0.00023760946723330368,0.00043422679254181366],[-0.000222436467575286,0.00023763976349742673,0.999999947024679,-0.00010354334452988836],[0.0,0.0,0.0,1.0]]",0.01,0.0004464947436058964,0.0,0.02021647257399407,-9.133701884160132e-06,0.00043422679254181366,-0.00010354334452988836,0.9553505256394104,true,true,true,1.0,0.020490385112525527,15400,,49.72081799951411,0.19.0+b012259,
CP-R_TEST_01_Q09-S-10MM-POS-PCL,R_TEST_01,Rich,R_TEST_01_Q09,pcl,/home/lj/zero_perturbation_runtime/real_data/mid360_two_scene_pilot_v1/canonical_sources/R_TEST_01_Q09/source_points.npy,8e6be665ef019801e2634c8a788b22fdc0c47b0deaf412a1555eb73f87835c71,f77f42fffa1419b7b30cb675a70e857c5871b516deb675c53fc7509cc98d580c,/home/lj/zero_perturbation_runtime/real_data/mid360_two_scene_pilot_v1/target_maps/R_TEST_01/target_points.npy,43c6f299b5b24d220e6ee1a5ad8395ebb1380f992ff4fe207f822e25c92a65f7,d08c60b22a7dc3f1345b9401225fec550da80c4f7025bb8a198065f0dbe75b59,6a1ebdee6b34390f1430eab371e1c4108db1f124b59b7239d74785efa6474af9,0.2540259353290542,0.2928746335655511,0.45309943110539475,1.783673901322199,0.9707182600269106,strong,0.10385445695068313,0.9940824488703562,-0.03184865176729181,lambda_max,TARGET_FRAME,1,0.01,0.0010385445695068314,0.009940824488703563,-0.0003184865176729182,"[[1.0,0.0,0.0,0.0],[0.0,1.0,0.0,0.0],[0.0,0.0,1.0,0.0],[0.0,0.0,0.0,1.0]]","[[1.0,0.0,0.0,0.0010385445695068314],[0.0,1.0,0.0,0.009940824488703563],[0.0,0.0,1.0,-0.0003184865176729182],[0.0,0.0,0.0,1.0]]",source/query_to_target/map,LEFT: T_initial=Delta_T@T_star,true,true,false,false,true,true,ASSUMED_METERS_FROM_SCALE,"[[1.0,-0.00014104285219218582,0.00015597554738633335,4.966993583366275e-05],[0.00014105906302575022,1.0,-0.00010406770161353052,0.000352504343027249],[-0.00015596089360769838,0.00010408970410935581,1.0,8.996202814159915e-05],[0.0,0.0,0.0,1.0]]",0.01,0.0003671778600162903,0.0,0.013443625817477082,4.966993583366275e-05,0.000352504343027249,8.996202814159915e-05,0.963282213998371,true,true,true,0.00041994375748030763,,15400,5,1083.103907,1.15.1,
CP-R_TEST_01_Q09-S-10MM-NEG-O3D,R_TEST_01,Rich,R_TEST_01_Q09,open3d,/home/lj/zero_perturbation_runtime/real_data/mid360_two_scene_pilot_v1/canonical_sources/R_TEST_01_Q09/source_points.npy,8e6be665ef019801e2634c8a788b22fdc0c47b0deaf412a1555eb73f87835c71,f77f42fffa1419b7b30cb675a70e857c5871b516deb675c53fc7509cc98d580c,/home/lj/zero_perturbation_runtime/real_data/mid360_two_scene_pilot_v1/target_maps/R_TEST_01/target_points.npy,43c6f299b5b24d220e6ee1a5ad8395ebb1380f992ff4fe207f822e25c92a65f7,d08c60b22a7dc3f1345b9401225fec550da80c4f7025bb8a198065f0dbe75b59,6a1ebdee6b34390f1430eab371e1c4108db1f124b59b7239d74785efa6474af9,0.2540259353290542,0.2928746335655511,0.45309943110539475,1.783673901322199,0.9707182600269106,strong,0.10385445695068313,0.9940824488703562,-0.03184865176729181,lambda_max,TARGET_FRAME,-1,0.01,-0.0010385445695068314,-0.009940824488703563,0.0003184865176729182,"[[1.0,0.0,0.0,0.0],[0.0,1.0,0.0,0.0],[0.0,0.0,1.0,0.0],[0.0,0.0,0.0,1.0]]","[[1.0,0.0,0.0,-0.0010385445695068314],[0.0,1.0,0.0,-0.009940824488703563],[0.0,0.0,1.0,0.0003184865176729182],[0.0,0.0,0.0,1.0]]",source/query_to_target/map,LEFT: T_initial=Delta_T@T_star,true,true,false,false,true,true,ASSUMED_METERS_FROM_SCALE,"[[0.9999999658905778,-0.00013651429515919758,0.00022267170918623702,1.345910921989937e-06],[0.00013656728732309845,0.999999962356131,-0.0002379855294126421,0.0004296459698536549],[-0.00022263921237720649,0.00023801593096638038,0.9999999468900975,-0.00010127874180735777],[0.0,0.0,0.0,1.0]]",0.01,0.00044142366772725167,0.0,0.02024602895139193,1.345910921989937e-06,0.0004296459698536549,-0.00010127874180735777,0.9558576332272748,true,true,true,1.0,0.020490482278924478,15400,,43.08797300018341,0.19.0+b012259,
CP-R_TEST_01_Q09-S-10MM-NEG-PCL,R_TEST_01,Rich,R_TEST_01_Q09,pcl,/home/lj/zero_perturbation_runtime/real_data/mid360_two_scene_pilot_v1/canonical_sources/R_TEST_01_Q09/source_points.npy,8e6be665ef019801e2634c8a788b22fdc0c47b0deaf412a1555eb73f87835c71,f77f42fffa1419b7b30cb675a70e857c5871b516deb675c53fc7509cc98d580c,/home/lj/zero_perturbation_runtime/real_data/mid360_two_scene_pilot_v1/target_maps/R_TEST_01/target_points.npy,43c6f299b5b24d220e6ee1a5ad8395ebb1380f992ff4fe207f822e25c92a65f7,d08c60b22a7dc3f1345b9401225fec550da80c4f7025bb8a198065f0dbe75b59,6a1ebdee6b34390f1430eab371e1c4108db1f124b59b7239d74785efa6474af9,0.2540259353290542,0.2928746335655511,0.45309943110539475,1.783673901322199,0.9707182600269106,strong,0.10385445695068313,0.9940824488703562,-0.03184865176729181,lambda_max,TARGET_FRAME,-1,0.01,-0.0010385445695068314,-0.009940824488703563,0.0003184865176729182,"[[1.0,0.0,0.0,0.0],[0.0,1.0,0.0,0.0],[0.0,0.0,1.0,0.0],[0.0,0.0,0.0,1.0]]","[[1.0,0.0,0.0,-0.0010385445695068314],[0.0,1.0,0.0,-0.009940824488703563],[0.0,0.0,1.0,0.0003184865176729182],[0.0,0.0,0.0,1.0]]",source/query_to_target/map,LEFT: T_initial=Delta_T@T_star,true,true,false,false,true,true,ASSUMED_METERS_FROM_SCALE,"[[1.0,-0.00014037119399290532,0.00015590433031320572,4.688207991421223e-05],[0.0001403872447554022,1.0,-0.0001030221174005419,0.0003464481560513377],[-0.00015588988026138395,0.00010304399620508775,1.0,9.005461470223963e-05],[0.0,0.0,0.0,1.0]]",0.01,0.000361018126799228,0.0,0.013391292653460365,4.688207991421223e-05,0.0003464481560513377,9.005461470223963e-05,0.9638981873200771,true,true,true,0.0004199458873344645,,15400,7,1479.59134,1.15.1,
CP-R_TEST_01_Q09-S-30MM-POS-O3D,R_TEST_01,Rich,R_TEST_01_Q09,open3d,/home/lj/zero_perturbation_runtime/real_data/mid360_two_scene_pilot_v1/canonical_sources/R_TEST_01_Q09/source_points.npy,8e6be665ef019801e2634c8a788b22fdc0c47b0deaf412a1555eb73f87835c71,f77f42fffa1419b7b30cb675a70e857c5871b516deb675c53fc7509cc98d580c,/home/lj/zero_perturbation_runtime/real_data/mid360_two_scene_pilot_v1/target_maps/R_TEST_01/target_points.npy,43c6f299b5b24d220e6ee1a5ad8395ebb1380f992ff4fe207f822e25c92a65f7,d08c60b22a7dc3f1345b9401225fec550da80c4f7025bb8a198065f0dbe75b59,6a1ebdee6b34390f1430eab371e1c4108db1f124b59b7239d74785efa6474af9,0.2540259353290542,0.2928746335655511,0.45309943110539475,1.783673901322199,0.9707182600269106,strong,0.10385445695068313,0.9940824488703562,-0.03184865176729181,lambda_max,TARGET_FRAME,1,0.03,0.003115633708520494,0.02982247346611069,-0.0009554595530187546,"[[1.0,0.0,0.0,0.0],[0.0,1.0,0.0,0.0],[0.0,0.0,1.0,0.0],[0.0,0.0,0.0,1.0]]","[[1.0,0.0,0.0,0.003115633708520494],[0.0,1.0,0.0,0.02982247346611069],[0.0,0.0,1.0,-0.0009554595530187546],[0.0,0.0,0.0,1.0]]",source/query_to_target/map,LEFT: T_initial=Delta_T@T_star,true,true,false,false,true,true,ASSUMED_METERS_FROM_SCALE,"[[0.999999966457469,-0.00013814862877204582,0.00021908906352796287,1.148372553310801e-05],[0.0001382010175009209,0.9999999618601945,-0.0002391235846342173,0.0004351880705436057],[-0.00021905602057662428,0.00023915385494490985,0.9999999474099455,-0.00010076587135077193],[0.0,0.0,0.0,1.0]]",0.030000000000000002,0.00044684929621144803,0.0,0.020198074177494786,1.148372553310801e-05,0.0004351880705436057,-0.00010076587135077193,0.9851050234596184,true,true,true,1.0,0.02049050690872851,15400,,50.53080600009707,0.19.0+b012259,
CP-R_TEST_01_Q09-S-30MM-POS-PCL,R_TEST_01,Rich,R_TEST_01_Q09,pcl,/home/lj/zero_perturbation_runtime/real_data/mid360_two_scene_pilot_v1/canonical_sources/R_TEST_01_Q09/source_points.npy,8e6be665ef019801e2634c8a788b22fdc0c47b0deaf412a1555eb73f87835c71,f77f42fffa1419b7b30cb675a70e857c5871b516deb675c53fc7509cc98d580c,/home/lj/zero_perturbation_runtime/real_data/mid360_two_scene_pilot_v1/target_maps/R_TEST_01/target_points.npy,43c6f299b5b24d220e6ee1a5ad8395ebb1380f992ff4fe207f822e25c92a65f7,d08c60b22a7dc3f1345b9401225fec550da80c4f7025bb8a198065f0dbe75b59,6a1ebdee6b34390f1430eab371e1c4108db1f124b59b7239d74785efa6474af9,0.2540259353290542,0.2928746335655511,0.45309943110539475,1.783673901322199,0.9707182600269106,strong,0.10385445695068313,0.9940824488703562,-0.03184865176729181,lambda_max,TARGET_FRAME,1,0.03,0.003115633708520494,0.02982247346611069,-0.0009554595530187546,"[[1.0,0.0,0.0,0.0],[0.0,1.0,0.0,0.0],[0.0,0.0,1.0,0.0],[0.0,0.0,0.0,1.0]]","[[1.0,0.0,0.0,0.003115633708520494],[0.0,1.0,0.0,0.02982247346611069],[0.0,0.0,1.0,-0.0009554595530187546],[0.0,0.0,0.0,1.0]]",source/query_to_target/map,LEFT: T_initial=Delta_T@T_star,true,true,false,false,true,true,ASSUMED_METERS_FROM_SCALE,"[[1.0,-0.00014037126675248146,0.0001560963864903897,4.7092769818846136e-05],[0.00014038736117072403,1.0,-0.00010303597809979692,0.0003463342145550996],[-0.00015608189278282225,0.00010305788600817323,0.9999999403953552,9.04621701920405e-05],[0.0,0.0,0.0,1.0]]",0.030000000000000002,0.000361038116237832,0.0,0.013398988006036902,4.7092769818846136e-05,0.0003463342145550996,9.04621701920405e-05,0.9879653961254056,true,true,true,0.0004199458797664152,,15400,8,1126.23412,1.15.1,
CP-R_TEST_01_Q09-S-30MM-NEG-O3D,R_TEST_01,Rich,R_TEST_01_Q09,open3d,/home/lj/zero_perturbation_runtime/real_data/mid360_two_scene_pilot_v1/canonical_sources/R_TEST_01_Q09/source_points.npy,8e6be665ef019801e2634c8a788b22fdc0c47b0deaf412a1555eb73f87835c71,f77f42fffa1419b7b30cb675a70e857c5871b516deb675c53fc7509cc98d580c,/home/lj/zero_perturbation_runtime/real_data/mid360_two_scene_pilot_v1/target_maps/R_TEST_01/target_points.npy,43c6f299b5b24d220e6ee1a5ad8395ebb1380f992ff4fe207f822e25c92a65f7,d08c60b22a7dc3f1345b9401225fec550da80c4f7025bb8a198065f0dbe75b59,6a1ebdee6b34390f1430eab371e1c4108db1f124b59b7239d74785efa6474af9,0.2540259353290542,0.2928746335655511,0.45309943110539475,1.783673901322199,0.9707182600269106,strong,0.10385445695068313,0.9940824488703562,-0.03184865176729181,lambda_max,TARGET_FRAME,-1,0.03,-0.003115633708520494,-0.02982247346611069,0.0009554595530187546,"[[1.0,0.0,0.0,0.0],[0.0,1.0,0.0,0.0],[0.0,0.0,1.0,0.0],[0.0,0.0,0.0,1.0]]","[[1.0,0.0,0.0,-0.003115633708520494],[0.0,1.0,0.0,-0.02982247346611069],[0.0,0.0,1.0,0.0009554595530187546],[0.0,0.0,0.0,1.0]]",source/query_to_target/map,LEFT: T_initial=Delta_T@T_star,true,true,false,false,true,true,ASSUMED_METERS_FROM_SCALE,"[[0.9999999657218808,-0.00013536717189319874,0.00022412488955996404,-6.5939746205529394e-06],[0.00013542007953066547,0.9999999629673936,-0.00023606485037956494,0.00042228937291190427],[-0.00022409292582885597,0.0002360951932980749,0.9999999470207087,-9.129864087779036e-05],[0.0,0.0,0.0,1.0]]",0.030000000000000002,0.00043209632815120936,0.0,0.020199506458354704,-6.5939746205529394e-06,0.00042228937291190427,-9.129864087779036e-05,0.9855967890616264,true,true,true,1.0,0.020490467400478198,15400,,32.35239300011017,0.19.0+b012259,
CP-R_TEST_01_Q09-S-30MM-NEG-PCL,R_TEST_01,Rich,R_TEST_01_Q09,pcl,/home/lj/zero_perturbation_runtime/real_data/mid360_two_scene_pilot_v1/canonical_sources/R_TEST_01_Q09/source_points.npy,8e6be665ef019801e2634c8a788b22fdc0c47b0deaf412a1555eb73f87835c71,f77f42fffa1419b7b30cb675a70e857c5871b516deb675c53fc7509cc98d580c,/home/lj/zero_perturbation_runtime/real_data/mid360_two_scene_pilot_v1/target_maps/R_TEST_01/target_points.npy,43c6f299b5b24d220e6ee1a5ad8395ebb1380f992ff4fe207f822e25c92a65f7,d08c60b22a7dc3f1345b9401225fec550da80c4f7025bb8a198065f0dbe75b59,6a1ebdee6b34390f1430eab371e1c4108db1f124b59b7239d74785efa6474af9,0.2540259353290542,0.2928746335655511,0.45309943110539475,1.783673901322199,0.9707182600269106,strong,0.10385445695068313,0.9940824488703562,-0.03184865176729181,lambda_max,TARGET_FRAME,-1,0.03,-0.003115633708520494,-0.02982247346611069,0.0009554595530187546,"[[1.0,0.0,0.0,0.0],[0.0,1.0,0.0,0.0],[0.0,0.0,1.0,0.0],[0.0,0.0,0.0,1.0]]","[[1.0,0.0,0.0,-0.003115633708520494],[0.0,1.0,0.0,-0.02982247346611069],[0.0,0.0,1.0,0.0009554595530187546],[0.0,0.0,0.0,1.0]]",source/query_to_target/map,LEFT: T_initial=Delta_T@T_star,true,true,false,false,true,true,ASSUMED_METERS_FROM_SCALE,"[[1.0,-0.0001403636415489018,0.00015590091061312705,4.6905050112400204e-05],[0.00014037976507097483,0.9999999403953552,-0.00010303687304258347,0.0003464517940301448],[-0.00015588644600939006,0.00010305878822691739,0.9999999403953552,9.016544936457649e-05],[0.0,0.0,0.0,1.0]]",0.030000000000000002,0.00036105226432175806,0.0,0.013391276701140894,4.6905050112400204e-05,0.0003464517940301448,9.016544936457649e-05,0.9879649245226081,true,true,true,0.0004199458356243593,,15400,9,1164.10804,1.15.1,
CP-R_TEST_01_Q09-S-50MM-POS-O3D,R_TEST_01,Rich,R_TEST_01_Q09,open3d,/home/lj/zero_perturbation_runtime/real_data/mid360_two_scene_pilot_v1/canonical_sources/R_TEST_01_Q09/source_points.npy,8e6be665ef019801e2634c8a788b22fdc0c47b0deaf412a1555eb73f87835c71,f77f42fffa1419b7b30cb675a70e857c5871b516deb675c53fc7509cc98d580c,/home/lj/zero_perturbation_runtime/real_data/mid360_two_scene_pilot_v1/target_maps/R_TEST_01/target_points.npy,43c6f299b5b24d220e6ee1a5ad8395ebb1380f992ff4fe207f822e25c92a65f7,d08c60b22a7dc3f1345b9401225fec550da80c4f7025bb8a198065f0dbe75b59,6a1ebdee6b34390f1430eab371e1c4108db1f124b59b7239d74785efa6474af9,0.2540259353290542,0.2928746335655511,0.45309943110539475,1.783673901322199,0.9707182600269106,strong,0.10385445695068313,0.9940824488703562,-0.03184865176729181,lambda_max,TARGET_FRAME,1,0.05,0.005192722847534158,0.04970412244351782,-0.001592432588364591,"[[1.0,0.0,0.0,0.0],[0.0,1.0,0.0,0.0],[0.0,0.0,1.0,0.0],[0.0,0.0,0.0,1.0]]","[[1.0,0.0,0.0,0.005192722847534158],[0.0,1.0,0.0,0.04970412244351782],[0.0,0.0,1.0,-0.001592432588364591],[0.0,0.0,0.0,1.0]]",source/query_to_target/map,LEFT: T_initial=Delta_T@T_star,true,true,false,false,true,true,ASSUMED_METERS_FROM_SCALE,"[[0.9999999661635882,-0.0001336957012981835,0.00022315528570377623,-6.145725494723285e-06],[0.00013374891979333885,0.9999999626183012,-0.00023848400980649602,0.00042777519400492506],[-0.00022312339307491315,0.00023851384851546176,0.9999999466635464,-0.00010230682413035305],[0.0,0.0,0.0,1.0]]",0.05000000000000001,0.00043988188506853375,0.0,0.020220992027004645,-6.145725494723285e-06,0.00042777519400492506,-0.00010230682413035305,0.9912023622986293,true,true,true,1.0,0.02049036832478272,15400,,43.74163000011322,0.19.0+b012259,
CP-R_TEST_01_Q09-S-50MM-POS-PCL,R_TEST_01,Rich,R_TEST_01_Q09,pcl,/home/lj/zero_perturbation_runtime/real_data/mid360_two_scene_pilot_v1/canonical_sources/R_TEST_01_Q09/source_points.npy,8e6be665ef019801e2634c8a788b22fdc0c47b0deaf412a1555eb73f87835c71,f77f42fffa1419b7b30cb675a70e857c5871b516deb675c53fc7509cc98d580c,/home/lj/zero_perturbation_runtime/real_data/mid360_two_scene_pilot_v1/target_maps/R_TEST_01/target_points.npy,43c6f299b5b24d220e6ee1a5ad8395ebb1380f992ff4fe207f822e25c92a65f7,d08c60b22a7dc3f1345b9401225fec550da80c4f7025bb8a198065f0dbe75b59,6a1ebdee6b34390f1430eab371e1c4108db1f124b59b7239d74785efa6474af9,0.2540259353290542,0.2928746335655511,0.45309943110539475,1.783673901322199,0.9707182600269106,strong,0.10385445695068313,0.9940824488703562,-0.03184865176729181,lambda_max,TARGET_FRAME,1,0.05,0.005192722847534158,0.04970412244351782,-0.001592432588364591,"[[1.0,0.0,0.0,0.0],[0.0,1.0,0.0,0.0],[0.0,0.0,1.0,0.0],[0.0,0.0,0.0,1.0]]","[[1.0,0.0,0.0,0.005192722847534158],[0.0,1.0,0.0,0.04970412244351782],[0.0,0.0,1.0,-0.001592432588364591],[0.0,0.0,0.0,1.0]]",source/query_to_target/map,LEFT: T_initial=Delta_T@T_star,true,true,false,false,true,true,ASSUMED_METERS_FROM_SCALE,"[[1.0,-0.00014035779167898,0.00015589997929055244,4.689562047133222e-05],[0.00014037388609722257,0.9999999403953552,-0.00010301892325514928,0.00034648043219931424],[-0.0001558855437906459,0.00010304086754331365,1.0,8.9863249741029e-05],[0.0,0.0,0.0,1.0]]",0.05000000000000001,0.0003610031755683506,0.0,0.013390586558863965,4.689562047133222e-05,0.00034648043219931424,8.9863249741029e-05,0.9927799364886329,true,true,true,0.00041994586936083394,,15400,9,1475.46156,1.15.1,
CP-R_TEST_01_Q09-S-50MM-NEG-O3D,R_TEST_01,Rich,R_TEST_01_Q09,open3d,/home/lj/zero_perturbation_runtime/real_data/mid360_two_scene_pilot_v1/canonical_sources/R_TEST_01_Q09/source_points.npy,8e6be665ef019801e2634c8a788b22fdc0c47b0deaf412a1555eb73f87835c71,f77f42fffa1419b7b30cb675a70e857c5871b516deb675c53fc7509cc98d580c,/home/lj/zero_perturbation_runtime/real_data/mid360_two_scene_pilot_v1/target_maps/R_TEST_01/target_points.npy,43c6f299b5b24d220e6ee1a5ad8395ebb1380f992ff4fe207f822e25c92a65f7,d08c60b22a7dc3f1345b9401225fec550da80c4f7025bb8a198065f0dbe75b59,6a1ebdee6b34390f1430eab371e1c4108db1f124b59b7239d74785efa6474af9,0.2540259353290542,0.2928746335655511,0.45309943110539475,1.783673901322199,0.9707182600269106,strong,0.10385445695068313,0.9940824488703562,-0.03184865176729181,lambda_max,TARGET_FRAME,-1,0.05,-0.005192722847534158,-0.04970412244351782,0.001592432588364591,"[[1.0,0.0,0.0,0.0],[0.0,1.0,0.0,0.0],[0.0,0.0,1.0,0.0],[0.0,0.0,0.0,1.0]]","[[1.0,0.0,0.0,-0.005192722847534158],[0.0,1.0,0.0,-0.04970412244351782],[0.0,0.0,1.0,0.001592432588364591],[0.0,0.0,0.0,1.0]]",source/query_to_target/map,LEFT: T_initial=Delta_T@T_star,true,true,false,false,true,true,ASSUMED_METERS_FROM_SCALE,"[[0.9999999660433496,-0.00013488606833872023,0.00022297768468239156,-3.265940785489953e-06],[0.0001349391115004137,0.9999999626004642,-0.00023788759115163128,0.00042911245791067226],[-0.00022294558862125276,0.00023791767148442102,0.9999999468452219,-0.00010109811622148335],[0.0,0.0,0.0,1.0]]",0.05000000000000001,0.0004408729941909408,0.0,0.02021745256373548,-3.265940785489953e-06,0.00042911245791067226,-0.00010109811622148335,0.9911825401161812,true,true,true,1.0,0.020490411596179,15400,,36.257186000511865,0.19.0+b012259,
CP-R_TEST_01_Q09-S-50MM-NEG-PCL,R_TEST_01,Rich,R_TEST_01_Q09,pcl,/home/lj/zero_perturbation_runtime/real_data/mid360_two_scene_pilot_v1/canonical_sources/R_TEST_01_Q09/source_points.npy,8e6be665ef019801e2634c8a788b22fdc0c47b0deaf412a1555eb73f87835c71,f77f42fffa1419b7b30cb675a70e857c5871b516deb675c53fc7509cc98d580c,/home/lj/zero_perturbation_runtime/real_data/mid360_two_scene_pilot_v1/target_maps/R_TEST_01/target_points.npy,43c6f299b5b24d220e6ee1a5ad8395ebb1380f992ff4fe207f822e25c92a65f7,d08c60b22a7dc3f1345b9401225fec550da80c4f7025bb8a198065f0dbe75b59,6a1ebdee6b34390f1430eab371e1c4108db1f124b59b7239d74785efa6474af9,0.2540259353290542,0.2928746335655511,0.45309943110539475,1.783673901322199,0.9707182600269106,strong,0.10385445695068313,0.9940824488703562,-0.03184865176729181,lambda_max,TARGET_FRAME,-1,0.05,-0.005192722847534158,-0.04970412244351782,0.001592432588364591,"[[1.0,0.0,0.0,0.0],[0.0,1.0,0.0,0.0],[0.0,0.0,1.0,0.0],[0.0,0.0,0.0,1.0]]","[[1.0,0.0,0.0,-0.005192722847534158],[0.0,1.0,0.0,-0.04970412244351782],[0.0,0.0,1.0,0.001592432588364591],[0.0,0.0,0.0,1.0]]",source/query_to_target/map,LEFT: T_initial=Delta_T@T_star,true,true,false,false,true,true,ASSUMED_METERS_FROM_SCALE,"[[1.0,-0.00014036495122127235,0.00015609219553880394,4.7161607653833926e-05],[0.00014038104563951492,0.9999999403953552,-0.00010303850285708904,0.0003463488828856498],[-0.00015607773093506694,0.00010306041076546535,1.0,9.030122600961477e-05],[0.0,0.0,0.0,1.0]]",0.05000000000000001,0.00036102088212660395,0.0,0.013398674789402789,4.7161607653833926e-05,0.0003463488828856498,9.030122600961477e-05,0.9927795823574679,true,true,true,0.0004199458380198998,,15400,9,1149.60066,1.15.1,
CP-R_TEST_01_Q10-W-10MM-POS-O3D,R_TEST_01,Rich,R_TEST_01_Q10,open3d,/home/lj/zero_perturbation_runtime/real_data/mid360_two_scene_pilot_v1/canonical_sources/R_TEST_01_Q10/source_points.npy,8dfeca0a569fb425aecf985f57632b7777e3ec76a28877e45b81ddb53f49fc53,bc19f8fef46dd2e661b12e076b2b3432c34dd5f40c1f41eae4c86e14513d7b71,/home/lj/zero_perturbation_runtime/real_data/mid360_two_scene_pilot_v1/target_maps/R_TEST_01/target_points.npy,43c6f299b5b24d220e6ee1a5ad8395ebb1380f992ff4fe207f822e25c92a65f7,d08c60b22a7dc3f1345b9401225fec550da80c4f7025bb8a198065f0dbe75b59,6a1ebdee6b34390f1430eab371e1c4108db1f124b59b7239d74785efa6474af9,0.25657072726672686,0.2907526496399251,0.4526766230933478,1.7643346453266757,0.9711970793988067,weak,0.9827960601581015,-0.10422153983741858,-0.1524787682650628,lambda_min,TARGET_FRAME,1,0.01,0.009827960601581016,-0.0010422153983741858,-0.001524787682650628,"[[1.0,0.0,0.0,0.0],[0.0,1.0,0.0,0.0],[0.0,0.0,1.0,0.0],[0.0,0.0,0.0,1.0]]","[[1.0,0.0,0.0,0.009827960601581016],[0.0,1.0,0.0,-0.0010422153983741858],[0.0,0.0,1.0,-0.001524787682650628],[0.0,0.0,0.0,1.0]]",source/query_to_target/map,LEFT: T_initial=Delta_T@T_star,true,true,false,false,true,true,ASSUMED_METERS_FROM_SCALE,"[[0.9999999835539072,-0.00017913121318913723,-2.8358304115203074e-05,0.0001175111476056553],[0.0001791188238054696,0.999999888784308,-0.00043628868709209834,0.0007303999362307003],[2.8436453883134165e-05,0.00043628360041077604,0.9999999044239896,-0.0005129935676024493],[0.0,0.0,0.0,1.0]]",0.01,0.0009002529294919834,0.0,0.02707113711805736,0.0001175111476056553,0.0007303999362307003,-0.0005129935676024493,0.9099747070508016,true,true,true,0.9999346917450366,0.01975769899756567,15311,,37.39864799990755,0.19.0+b012259,
CP-R_TEST_01_Q10-W-10MM-POS-PCL,R_TEST_01,Rich,R_TEST_01_Q10,pcl,/home/lj/zero_perturbation_runtime/real_data/mid360_two_scene_pilot_v1/canonical_sources/R_TEST_01_Q10/source_points.npy,8dfeca0a569fb425aecf985f57632b7777e3ec76a28877e45b81ddb53f49fc53,bc19f8fef46dd2e661b12e076b2b3432c34dd5f40c1f41eae4c86e14513d7b71,/home/lj/zero_perturbation_runtime/real_data/mid360_two_scene_pilot_v1/target_maps/R_TEST_01/target_points.npy,43c6f299b5b24d220e6ee1a5ad8395ebb1380f992ff4fe207f822e25c92a65f7,d08c60b22a7dc3f1345b9401225fec550da80c4f7025bb8a198065f0dbe75b59,6a1ebdee6b34390f1430eab371e1c4108db1f124b59b7239d74785efa6474af9,0.25657072726672686,0.2907526496399251,0.4526766230933478,1.7643346453266757,0.9711970793988067,weak,0.9827960601581015,-0.10422153983741858,-0.1524787682650628,lambda_min,TARGET_FRAME,1,0.01,0.009827960601581016,-0.0010422153983741858,-0.001524787682650628,"[[1.0,0.0,0.0,0.0],[0.0,1.0,0.0,0.0],[0.0,0.0,1.0,0.0],[0.0,0.0,0.0,1.0]]","[[1.0,0.0,0.0,0.009827960601581016],[0.0,1.0,0.0,-0.0010422153983741858],[0.0,0.0,1.0,-0.001524787682650628],[0.0,0.0,0.0,1.0]]",source/query_to_target/map,LEFT: T_initial=Delta_T@T_star,true,true,false,false,true,true,ASSUMED_METERS_FROM_SCALE,"[[1.0,-0.00020309185492806137,-9.578817525834893e-07,9.594109724275768e-05],[0.0002030914620263502,0.9999999403953552,-0.00041324819903820753,0.0007432140992023051],[1.0418063993711257e-06,0.00041324799531139433,0.9999999403953552,-0.0005203899927437305],[0.0,0.0,0.0,1.0]]",0.01,0.0009123473219893058,0.0,0.026382277730924168,9.594109724275768e-05,0.0007432140992023051,-0.0005203899927437305,0.9087652678010694,true,true,true,0.00039043518545531225,,15311,7,1401.190297,1.15.1,
CP-R_TEST_01_Q10-W-10MM-NEG-O3D,R_TEST_01,Rich,R_TEST_01_Q10,open3d,/home/lj/zero_perturbation_runtime/real_data/mid360_two_scene_pilot_v1/canonical_sources/R_TEST_01_Q10/source_points.npy,8dfeca0a569fb425aecf985f57632b7777e3ec76a28877e45b81ddb53f49fc53,bc19f8fef46dd2e661b12e076b2b3432c34dd5f40c1f41eae4c86e14513d7b71,/home/lj/zero_perturbation_runtime/real_data/mid360_two_scene_pilot_v1/target_maps/R_TEST_01/target_points.npy,43c6f299b5b24d220e6ee1a5ad8395ebb1380f992ff4fe207f822e25c92a65f7,d08c60b22a7dc3f1345b9401225fec550da80c4f7025bb8a198065f0dbe75b59,6a1ebdee6b34390f1430eab371e1c4108db1f124b59b7239d74785efa6474af9,0.25657072726672686,0.2907526496399251,0.4526766230933478,1.7643346453266757,0.9711970793988067,weak,0.9827960601581015,-0.10422153983741858,-0.1524787682650628,lambda_min,TARGET_FRAME,-1,0.01,-0.009827960601581016,0.0010422153983741858,0.001524787682650628,"[[1.0,0.0,0.0,0.0],[0.0,1.0,0.0,0.0],[0.0,0.0,1.0,0.0],[0.0,0.0,0.0,1.0]]","[[1.0,0.0,0.0,-0.009827960601581016],[0.0,1.0,0.0,0.0010422153983741858],[0.0,0.0,1.0,0.001524787682650628],[0.0,0.0,0.0,1.0]]",source/query_to_target/map,LEFT: T_initial=Delta_T@T_star,true,true,false,false,true,true,ASSUMED_METERS_FROM_SCALE,"[[0.9999999834813206,-0.0001812774373640195,-1.3260802761797474e-05,0.00011270902313051316],[0.00018127196209450356,0.9999998988078925,-0.00041173374957320305,0.00071809007894465],[1.333543945890781e-05,0.00041173133896016964,0.9999999151497316,-0.0005067480601751252],[0.0,0.0,0.0,1.0]]",0.01,0.0008860870622376903,0.0,0.025786987590991635,0.00011270902313051316,0.00071809007894465,-0.0005067480601751252,0.911391293776231,true,true,true,0.9999346917450366,0.019758312751837405,15311,,39.06506899966189,0.19.0+b012259,
CP-R_TEST_01_Q10-W-10MM-NEG-PCL,R_TEST_01,Rich,R_TEST_01_Q10,pcl,/home/lj/zero_perturbation_runtime/real_data/mid360_two_scene_pilot_v1/canonical_sources/R_TEST_01_Q10/source_points.npy,8dfeca0a569fb425aecf985f57632b7777e3ec76a28877e45b81ddb53f49fc53,bc19f8fef46dd2e661b12e076b2b3432c34dd5f40c1f41eae4c86e14513d7b71,/home/lj/zero_perturbation_runtime/real_data/mid360_two_scene_pilot_v1/target_maps/R_TEST_01/target_points.npy,43c6f299b5b24d220e6ee1a5ad8395ebb1380f992ff4fe207f822e25c92a65f7,d08c60b22a7dc3f1345b9401225fec550da80c4f7025bb8a198065f0dbe75b59,6a1ebdee6b34390f1430eab371e1c4108db1f124b59b7239d74785efa6474af9,0.25657072726672686,0.2907526496399251,0.4526766230933478,1.7643346453266757,0.9711970793988067,weak,0.9827960601581015,-0.10422153983741858,-0.1524787682650628,lambda_min,TARGET_FRAME,-1,0.01,-0.009827960601581016,0.0010422153983741858,0.001524787682650628,"[[1.0,0.0,0.0,0.0],[0.0,1.0,0.0,0.0],[0.0,0.0,1.0,0.0],[0.0,0.0,0.0,1.0]]","[[1.0,0.0,0.0,-0.009827960601581016],[0.0,1.0,0.0,0.0010422153983741858],[0.0,0.0,1.0,0.001524787682650628],[0.0,0.0,0.0,1.0]]",source/query_to_target/map,LEFT: T_initial=Delta_T@T_star,true,true,false,false,true,true,ASSUMED_METERS_FROM_SCALE,"[[1.0,-0.00019575943588279188,1.3493486221705098e-05,6.342790584312752e-05],[0.00019576476188376546,0.9999999403953552,-0.000397985044401139,0.0007162698311731219],[-1.3415581634035334e-05,0.0003979876928497106,0.9999999403953552,-0.0005342609365470707],[0.0,0.0,0.0,1.0]]",0.01,0.000895823821188391,0.0,0.02542389898242226,6.342790584312752e-05,0.0007162698311731219,-0.0005342609365470707,0.9104176178811609,true,true,true,0.00039044487547623636,,15311,7,1417.422311,1.15.1,
CP-R_TEST_01_Q10-W-30MM-POS-O3D,R_TEST_01,Rich,R_TEST_01_Q10,open3d,/home/lj/zero_perturbation_runtime/real_data/mid360_two_scene_pilot_v1/canonical_sources/R_TEST_01_Q10/source_points.npy,8dfeca0a569fb425aecf985f57632b7777e3ec76a28877e45b81ddb53f49fc53,bc19f8fef46dd2e661b12e076b2b3432c34dd5f40c1f41eae4c86e14513d7b71,/home/lj/zero_perturbation_runtime/real_data/mid360_two_scene_pilot_v1/target_maps/R_TEST_01/target_points.npy,43c6f299b5b24d220e6ee1a5ad8395ebb1380f992ff4fe207f822e25c92a65f7,d08c60b22a7dc3f1345b9401225fec550da80c4f7025bb8a198065f0dbe75b59,6a1ebdee6b34390f1430eab371e1c4108db1f124b59b7239d74785efa6474af9,0.25657072726672686,0.2907526496399251,0.4526766230933478,1.7643346453266757,0.9711970793988067,weak,0.9827960601581015,-0.10422153983741858,-0.1524787682650628,lambda_min,TARGET_FRAME,1,0.03,0.029483881804743043,-0.0031266461951225573,-0.0045743630479518835,"[[1.0,0.0,0.0,0.0],[0.0,1.0,0.0,0.0],[0.0,0.0,1.0,0.0],[0.0,0.0,0.0,1.0]]","[[1.0,0.0,0.0,0.029483881804743043],[0.0,1.0,0.0,-0.0031266461951225573],[0.0,0.0,1.0,-0.0045743630479518835],[0.0,0.0,0.0,1.0]]",source/query_to_target/map,LEFT: T_initial=Delta_T@T_star,true,true,false,false,true,true,ASSUMED_METERS_FROM_SCALE,"[[0.9999999835539072,-0.00017913121318879292,-2.8358304117764065e-05,0.00011751114760726118],[0.0001791188238051246,0.999999888784308,-0.00043628868707712166,0.000730399936217347],[2.8436453885692323e-05,0.0004362836003957988,0.9999999044239898,-0.0005129935675888504],[0.0,0.0,0.0,1.0]]",0.03,0.0009002529294736099,0.0,0.02707113711726718,0.00011751114760726118,0.000730399936217347,-0.0005129935675888504,0.9699915690175464,true,true,true,0.9999346917450366,0.019757698997565118,15311,,35.024044000238064,0.19.0+b012259,
CP-R_TEST_01_Q10-W-30MM-POS-PCL,R_TEST_01,Rich,R_TEST_01_Q10,pcl,/home/lj/zero_perturbation_runtime/real_data/mid360_two_scene_pilot_v1/canonical_sources/R_TEST_01_Q10/source_points.npy,8dfeca0a569fb425aecf985f57632b7777e3ec76a28877e45b81ddb53f49fc53,bc19f8fef46dd2e661b12e076b2b3432c34dd5f40c1f41eae4c86e14513d7b71,/home/lj/zero_perturbation_runtime/real_data/mid360_two_scene_pilot_v1/target_maps/R_TEST_01/target_points.npy,43c6f299b5b24d220e6ee1a5ad8395ebb1380f992ff4fe207f822e25c92a65f7,d08c60b22a7dc3f1345b9401225fec550da80c4f7025bb8a198065f0dbe75b59,6a1ebdee6b34390f1430eab371e1c4108db1f124b59b7239d74785efa6474af9,0.25657072726672686,0.2907526496399251,0.4526766230933478,1.7643346453266757,0.9711970793988067,weak,0.9827960601581015,-0.10422153983741858,-0.1524787682650628,lambda_min,TARGET_FRAME,1,0.03,0.029483881804743043,-0.0031266461951225573,-0.0045743630479518835,"[[1.0,0.0,0.0,0.0],[0.0,1.0,0.0,0.0],[0.0,0.0,1.0,0.0],[0.0,0.0,0.0,1.0]]","[[1.0,0.0,0.0,0.029483881804743043],[0.0,1.0,0.0,-0.0031266461951225573],[0.0,0.0,1.0,-0.0045743630479518835],[0.0,0.0,0.0,1.0]]",source/query_to_target/map,LEFT: T_initial=Delta_T@T_star,true,true,false,false,true,true,ASSUMED_METERS_FROM_SCALE,"[[1.0,-0.0002030953619396314,-9.556613349559484e-07,9.59078679443337e-05],[0.00020309492538217455,0.9999999403953552,-0.00041324677295051515,0.0007432179991155863],[1.0395949630037649e-06,0.00041324656922370195,1.0,-0.0005204499466344714],[0.0,0.0,0.0,1.0]]",0.03,0.0009123812033875027,0.0,0.02638229156637191,9.59078679443337e-05,0.0007432179991155863,-0.0005204499466344714,0.9695872932204166,true,true,true,0.0003904351843081442,,15311,8,1144.453889,1.15.1,
CP-R_TEST_01_Q10-W-30MM-NEG-O3D,R_TEST_01,Rich,R_TEST_01_Q10,open3d,/home/lj/zero_perturbation_runtime/real_data/mid360_two_scene_pilot_v1/canonical_sources/R_TEST_01_Q10/source_points.npy,8dfeca0a569fb425aecf985f57632b7777e3ec76a28877e45b81ddb53f49fc53,bc19f8fef46dd2e661b12e076b2b3432c34dd5f40c1f41eae4c86e14513d7b71,/home/lj/zero_perturbation_runtime/real_data/mid360_two_scene_pilot_v1/target_maps/R_TEST_01/target_points.npy,43c6f299b5b24d220e6ee1a5ad8395ebb1380f992ff4fe207f822e25c92a65f7,d08c60b22a7dc3f1345b9401225fec550da80c4f7025bb8a198065f0dbe75b59,6a1ebdee6b34390f1430eab371e1c4108db1f124b59b7239d74785efa6474af9,0.25657072726672686,0.2907526496399251,0.4526766230933478,1.7643346453266757,0.9711970793988067,weak,0.9827960601581015,-0.10422153983741858,-0.1524787682650628,lambda_min,TARGET_FRAME,-1,0.03,-0.029483881804743043,0.0031266461951225573,0.0045743630479518835,"[[1.0,0.0,0.0,0.0],[0.0,1.0,0.0,0.0],[0.0,0.0,1.0,0.0],[0.0,0.0,0.0,1.0]]","[[1.0,0.0,0.0,-0.029483881804743043],[0.0,1.0,0.0,0.0031266461951225573],[0.0,0.0,1.0,0.0045743630479518835],[0.0,0.0,0.0,1.0]]",source/query_to_target/map,LEFT: T_initial=Delta_T@T_star,true,true,false,false,true,true,ASSUMED_METERS_FROM_SCALE,"[[0.9999999834813206,-0.00018127743736551865,-1.3260802763868416e-05,0.00011270902313231812],[0.00018127196209600193,0.9999998988078923,-0.0004117337495612494,0.0007180900789348729],[1.3335439460977157e-05,0.0004117313389482157,0.9999999151497315,-0.0005067480601647089],[0.0,0.0,0.0,1.0]]",0.03,0.0008860870622240395,0.0,0.025786987590413788,0.00011270902313231812,0.0007180900789348729,-0.0005067480601647089,0.970463764592532,true,true,true,0.9999346917450366,0.019758312751836957,15311,,38.93143599998439,0.19.0+b012259,
CP-R_TEST_01_Q10-W-30MM-NEG-PCL,R_TEST_01,Rich,R_TEST_01_Q10,pcl,/home/lj/zero_perturbation_runtime/real_data/mid360_two_scene_pilot_v1/canonical_sources/R_TEST_01_Q10/source_points.npy,8dfeca0a569fb425aecf985f57632b7777e3ec76a28877e45b81ddb53f49fc53,bc19f8fef46dd2e661b12e076b2b3432c34dd5f40c1f41eae4c86e14513d7b71,/home/lj/zero_perturbation_runtime/real_data/mid360_two_scene_pilot_v1/target_maps/R_TEST_01/target_points.npy,43c6f299b5b24d220e6ee1a5ad8395ebb1380f992ff4fe207f822e25c92a65f7,d08c60b22a7dc3f1345b9401225fec550da80c4f7025bb8a198065f0dbe75b59,6a1ebdee6b34390f1430eab371e1c4108db1f124b59b7239d74785efa6474af9,0.25657072726672686,0.2907526496399251,0.4526766230933478,1.7643346453266757,0.9711970793988067,weak,0.9827960601581015,-0.10422153983741858,-0.1524787682650628,lambda_min,TARGET_FRAME,-1,0.03,-0.029483881804743043,0.0031266461951225573,0.0045743630479518835,"[[1.0,0.0,0.0,0.0],[0.0,1.0,0.0,0.0],[0.0,0.0,1.0,0.0],[0.0,0.0,0.0,1.0]]","[[1.0,0.0,0.0,-0.029483881804743043],[0.0,1.0,0.0,0.0031266461951225573],[0.0,0.0,1.0,0.0045743630479518835],[0.0,0.0,0.0,1.0]]",source/query_to_target/map,LEFT: T_initial=Delta_T@T_star,true,true,false,false,true,true,ASSUMED_METERS_FROM_SCALE,"[[1.0,-0.0001958758512046188,1.347513261862332e-05,6.344546272885054e-05],[0.00019588120630942285,0.9999998807907104,-0.0003980070468969643,0.0007173490012064576],[-1.3397174370766152e-05,0.0003980097535531968,0.9999998807907104,-0.0005343955126591027],[0.0,0.0,0.0,1.0]]",0.03,0.0008967683537140265,0.0,0.025427944248860634,6.344546272885054e-05,0.0007173490012064576,-0.0005343955126591027,0.9701077215428657,true,true,true,0.00039044502708067695,,15311,8,1191.138127,1.15.1,
CP-R_TEST_01_Q10-W-50MM-POS-O3D,R_TEST_01,Rich,R_TEST_01_Q10,open3d,/home/lj/zero_perturbation_runtime/real_data/mid360_two_scene_pilot_v1/canonical_sources/R_TEST_01_Q10/source_points.npy,8dfeca0a569fb425aecf985f57632b7777e3ec76a28877e45b81ddb53f49fc53,bc19f8fef46dd2e661b12e076b2b3432c34dd5f40c1f41eae4c86e14513d7b71,/home/lj/zero_perturbation_runtime/real_data/mid360_two_scene_pilot_v1/target_maps/R_TEST_01/target_points.npy,43c6f299b5b24d220e6ee1a5ad8395ebb1380f992ff4fe207f822e25c92a65f7,d08c60b22a7dc3f1345b9401225fec550da80c4f7025bb8a198065f0dbe75b59,6a1ebdee6b34390f1430eab371e1c4108db1f124b59b7239d74785efa6474af9,0.25657072726672686,0.2907526496399251,0.4526766230933478,1.7643346453266757,0.9711970793988067,weak,0.9827960601581015,-0.10422153983741858,-0.1524787682650628,lambda_min,TARGET_FRAME,1,0.05,0.049139803007905075,-0.005211076991870929,-0.00762393841325314,"[[1.0,0.0,0.0,0.0],[0.0,1.0,0.0,0.0],[0.0,0.0,1.0,0.0],[0.0,0.0,0.0,1.0]]","[[1.0,0.0,0.0,0.049139803007905075],[0.0,1.0,0.0,-0.005211076991870929],[0.0,0.0,1.0,-0.00762393841325314],[0.0,0.0,0.0,1.0]]",source/query_to_target/map,LEFT: T_initial=Delta_T@T_star,true,true,false,false,true,true,ASSUMED_METERS_FROM_SCALE,"[[0.9999999838070627,-0.00017743094841874422,-3.0068791595314865e-05,0.00012962672614445106],[0.00017741773270876194,0.9999998879229035,-0.00043895002927194854,0.0007324885811617845],[3.014667154529415e-05,0.0004389446874272283,0.9999999032093652,-0.0005097460750384366],[0.0,0.0,0.0,1.0]]",0.05,0.0009017669713847498,0.0,0.027181438602998112,0.00012962672614445106,0.0007324885811617845,-0.0005097460750384366,0.981964660572305,true,true,true,0.9999346917450366,0.01975775555451811,15311,,34.81385800023418,0.19.0+b012259,
CP-R_TEST_01_Q10-W-50MM-POS-PCL,R_TEST_01,Rich,R_TEST_01_Q10,pcl,/home/lj/zero_perturbation_runtime/real_data/mid360_two_scene_pilot_v1/canonical_sources/R_TEST_01_Q10/source_points.npy,8dfeca0a569fb425aecf985f57632b7777e3ec76a28877e45b81ddb53f49fc53,bc19f8fef46dd2e661b12e076b2b3432c34dd5f40c1f41eae4c86e14513d7b71,/home/lj/zero_perturbation_runtime/real_data/mid360_two_scene_pilot_v1/target_maps/R_TEST_01/target_points.npy,43c6f299b5b24d220e6ee1a5ad8395ebb1380f992ff4fe207f822e25c92a65f7,d08c60b22a7dc3f1345b9401225fec550da80c4f7025bb8a198065f0dbe75b59,6a1ebdee6b34390f1430eab371e1c4108db1f124b59b7239d74785efa6474af9,0.25657072726672686,0.2907526496399251,0.4526766230933478,1.7643346453266757,0.9711970793988067,weak,0.9827960601581015,-0.10422153983741858,-0.1524787682650628,lambda_min,TARGET_FRAME,1,0.05,0.049139803007905075,-0.005211076991870929,-0.00762393841325314,"[[1.0,0.0,0.0,0.0],[0.0,1.0,0.0,0.0],[0.0,0.0,1.0,0.0],[0.0,0.0,0.0,1.0]]","[[1.0,0.0,0.0,0.049139803007905075],[0.0,1.0,0.0,-0.005211076991870929],[0.0,0.0,1.0,-0.00762393841325314],[0.0,0.0,0.0,1.0]]",source/query_to_target/map,LEFT: T_initial=Delta_T@T_star,true,true,false,false,true,true,ASSUMED_METERS_FROM_SCALE,"[[1.0,-0.00020047846192028373,-1.5804951544851065e-05,9.027624764712527e-05],[0.00020047159341629595,0.9999999403953552,-0.0004335191333666444,0.0007475437596440315],[1.5891846487647854e-05,0.0004335159028414637,1.0,-0.0005247890367172658],[0.0,0.0,0.0,1.0]]",0.05,0.0009178098967273203,0.0,0.02738107895102507,9.027624764712527e-05,0.0007475437596440315,-0.0005247890367172658,0.9816438020654535,true,true,true,0.00039040257535335115,,15311,9,1480.141919,1.15.1,
CP-R_TEST_01_Q10-W-50MM-NEG-O3D,R_TEST_01,Rich,R_TEST_01_Q10,open3d,/home/lj/zero_perturbation_runtime/real_data/mid360_two_scene_pilot_v1/canonical_sources/R_TEST_01_Q10/source_points.npy,8dfeca0a569fb425aecf985f57632b7777e3ec76a28877e45b81ddb53f49fc53,bc19f8fef46dd2e661b12e076b2b3432c34dd5f40c1f41eae4c86e14513d7b71,/home/lj/zero_perturbation_runtime/real_data/mid360_two_scene_pilot_v1/target_maps/R_TEST_01/target_points.npy,43c6f299b5b24d220e6ee1a5ad8395ebb1380f992ff4fe207f822e25c92a65f7,d08c60b22a7dc3f1345b9401225fec550da80c4f7025bb8a198065f0dbe75b59,6a1ebdee6b34390f1430eab371e1c4108db1f124b59b7239d74785efa6474af9,0.25657072726672686,0.2907526496399251,0.4526766230933478,1.7643346453266757,0.9711970793988067,weak,0.9827960601581015,-0.10422153983741858,-0.1524787682650628,lambda_min,TARGET_FRAME,-1,0.05,-0.049139803007905075,0.005211076991870929,0.00762393841325314,"[[1.0,0.0,0.0,0.0],[0.0,1.0,0.0,0.0],[0.0,0.0,1.0,0.0],[0.0,0.0,0.0,1.0]]","[[1.0,0.0,0.0,-0.049139803007905075],[0.0,1.0,0.0,0.005211076991870929],[0.0,0.0,1.0,0.00762393841325314],[0.0,0.0,0.0,1.0]]",source/query_to_target/map,LEFT: T_initial=Delta_T@T_star,true,true,false,false,true,true,ASSUMED_METERS_FROM_SCALE,"[[0.9999999838808252,-0.0001790590974907128,-1.327360508856221e-05,0.00011067401340049608],[0.00017905359617936662,0.9999998985598114,-0.0004133039756076001,0.0007178733201433544],[1.334760957894683e-05,0.0004133015922587557,0.9999999145018138,-0.0005082951079772589],[0.0,0.0,0.0,1.0]]",0.05,0.0008865408946063511,0.0,0.025818571280448555,0.00011067401340049608,0.0007178733201433544,-0.0005082951079772589,0.982269182107873,true,true,true,0.9999346917450366,0.01975831676463272,15311,,41.02314000010665,0.19.0+b012259,
CP-R_TEST_01_Q10-W-50MM-NEG-PCL,R_TEST_01,Rich,R_TEST_01_Q10,pcl,/home/lj/zero_perturbation_runtime/real_data/mid360_two_scene_pilot_v1/canonical_sources/R_TEST_01_Q10/source_points.npy,8dfeca0a569fb425aecf985f57632b7777e3ec76a28877e45b81ddb53f49fc53,bc19f8fef46dd2e661b12e076b2b3432c34dd5f40c1f41eae4c86e14513d7b71,/home/lj/zero_perturbation_runtime/real_data/mid360_two_scene_pilot_v1/target_maps/R_TEST_01/target_points.npy,43c6f299b5b24d220e6ee1a5ad8395ebb1380f992ff4fe207f822e25c92a65f7,d08c60b22a7dc3f1345b9401225fec550da80c4f7025bb8a198065f0dbe75b59,6a1ebdee6b34390f1430eab371e1c4108db1f124b59b7239d74785efa6474af9,0.25657072726672686,0.2907526496399251,0.4526766230933478,1.7643346453266757,0.9711970793988067,weak,0.9827960601581015,-0.10422153983741858,-0.1524787682650628,lambda_min,TARGET_FRAME,-1,0.05,-0.049139803007905075,0.005211076991870929,0.00762393841325314,"[[1.0,0.0,0.0,0.0],[0.0,1.0,0.0,0.0],[0.0,0.0,1.0,0.0],[0.0,0.0,0.0,1.0]]","[[1.0,0.0,0.0,-0.049139803007905075],[0.0,1.0,0.0,0.005211076991870929],[0.0,0.0,1.0,0.00762393841325314],[0.0,0.0,0.0,1.0]]",source/query_to_target/map,LEFT: T_initial=Delta_T@T_star,true,true,false,false,true,true,ASSUMED_METERS_FROM_SCALE,"[[0.9999999403953552,-0.00019470775441732258,1.3236387530923821e-05,6.161036435514688e-05],[0.00019471302221063524,0.9999999403953552,-0.0003978611493948847,0.0007163616246543825],[-1.3158922229195014e-05,0.00039786368142813444,0.9999998807907104,-0.0005341629148460925],[0.0,0.0,0.0,1.0]]",0.05,0.0008957119145519469,0.0,0.02539055394830271,6.161036435514688e-05,0.0007163616246543825,-0.0005341629148460925,0.9820857617089611,true,true,true,0.00039044290756600695,,15311,9,1145.435179,1.15.1,
CP-R_TEST_01_Q10-S-10MM-POS-O3D,R_TEST_01,Rich,R_TEST_01_Q10,open3d,/home/lj/zero_perturbation_runtime/real_data/mid360_two_scene_pilot_v1/canonical_sources/R_TEST_01_Q10/source_points.npy,8dfeca0a569fb425aecf985f57632b7777e3ec76a28877e45b81ddb53f49fc53,bc19f8fef46dd2e661b12e076b2b3432c34dd5f40c1f41eae4c86e14513d7b71,/home/lj/zero_perturbation_runtime/real_data/mid360_two_scene_pilot_v1/target_maps/R_TEST_01/target_points.npy,43c6f299b5b24d220e6ee1a5ad8395ebb1380f992ff4fe207f822e25c92a65f7,d08c60b22a7dc3f1345b9401225fec550da80c4f7025bb8a198065f0dbe75b59,6a1ebdee6b34390f1430eab371e1c4108db1f124b59b7239d74785efa6474af9,0.25657072726672686,0.2907526496399251,0.4526766230933478,1.7643346453266757,0.9711970793988067,strong,0.09937608331022003,0.9942821441896058,-0.0390821162635851,lambda_max,TARGET_FRAME,1,0.01,0.0009937608331022003,0.009942821441896059,-0.000390821162635851,"[[1.0,0.0,0.0,0.0],[0.0,1.0,0.0,0.0],[0.0,0.0,1.0,0.0],[0.0,0.0,0.0,1.0]]","[[1.0,0.0,0.0,0.0009937608331022003],[0.0,1.0,0.0,0.009942821441896059],[0.0,0.0,1.0,-0.000390821162635851],[0.0,0.0,0.0,1.0]]",source/query_to_target/map,LEFT: T_initial=Delta_T@T_star,true,true,false,false,true,true,ASSUMED_METERS_FROM_SCALE,"[[0.9999999828120238,-0.00018487574889104126,-1.4032456999664208e-05,0.00010867845372613832],[0.00018486989399013867,0.9999998963416785,-0.00041610065380967624,0.0007179260147358627],[1.4109382465070387e-05,0.0004160980524789101,0.9999999133316643,-0.0005065155721253739],[0.0,0.0,0.0,1.0]]",0.010000000000000002,0.0008853173407001116,0.0,0.02610039018552371,0.00010867845372613832,0.0007179260147358627,-0.0005065155721253739,0.9114682659299889,true,true,true,0.9999346917450366,0.019758325777192418,15311,,38.02488600013021,0.19.0+b012259,
CP-R_TEST_01_Q10-S-10MM-POS-PCL,R_TEST_01,Rich,R_TEST_01_Q10,pcl,/home/lj/zero_perturbation_runtime/real_data/mid360_two_scene_pilot_v1/canonical_sources/R_TEST_01_Q10/source_points.npy,8dfeca0a569fb425aecf985f57632b7777e3ec76a28877e45b81ddb53f49fc53,bc19f8fef46dd2e661b12e076b2b3432c34dd5f40c1f41eae4c86e14513d7b71,/home/lj/zero_perturbation_runtime/real_data/mid360_two_scene_pilot_v1/target_maps/R_TEST_01/target_points.npy,43c6f299b5b24d220e6ee1a5ad8395ebb1380f992ff4fe207f822e25c92a65f7,d08c60b22a7dc3f1345b9401225fec550da80c4f7025bb8a198065f0dbe75b59,6a1ebdee6b34390f1430eab371e1c4108db1f124b59b7239d74785efa6474af9,0.25657072726672686,0.2907526496399251,0.4526766230933478,1.7643346453266757,0.9711970793988067,strong,0.09937608331022003,0.9942821441896058,-0.0390821162635851,lambda_max,TARGET_FRAME,1,0.01,0.0009937608331022003,0.009942821441896059,-0.000390821162635851,"[[1.0,0.0,0.0,0.0],[0.0,1.0,0.0,0.0],[0.0,0.0,1.0,0.0],[0.0,0.0,0.0,1.0]]","[[1.0,0.0,0.0,0.0009937608331022003],[0.0,1.0,0.0,0.009942821441896059],[0.0,0.0,1.0,-0.000390821162635851],[0.0,0.0,0.0,1.0]]",source/query_to_target/map,LEFT: T_initial=Delta_T@T_star,true,true,false,false,true,true,ASSUMED_METERS_FROM_SCALE,"[[1.0,-0.00019876867008861154,1.0940959327854216e-05,7.478379848180339e-05],[0.00019877303566318005,0.9999999403953552,-0.0004018823092337698,0.0007301244768314064],[-1.0861079317692202e-05,0.00040188446291722357,0.9999999403953552,-0.0005330783897079527],[0.0,0.0,0.0,1.0]]",0.010000000000000002,0.0009071091101721587,0.0,0.02569630700116409,7.478379848180339e-05,0.0007301244768314064,-0.0005330783897079527,0.9092890889827842,true,true,true,0.00039044907148589334,,15311,6,1429.647907,1.15.1,
CP-R_TEST_01_Q10-S-10MM-NEG-O3D,R_TEST_01,Rich,R_TEST_01_Q10,open3d,/home/lj/zero_perturbation_runtime/real_data/mid360_two_scene_pilot_v1/canonical_sources/R_TEST_01_Q10/source_points.npy,8dfeca0a569fb425aecf985f57632b7777e3ec76a28877e45b81ddb53f49fc53,bc19f8fef46dd2e661b12e076b2b3432c34dd5f40c1f41eae4c86e14513d7b71,/home/lj/zero_perturbation_runtime/real_data/mid360_two_scene_pilot_v1/target_maps/R_TEST_01/target_points.npy,43c6f299b5b24d220e6ee1a5ad8395ebb1380f992ff4fe207f822e25c92a65f7,d08c60b22a7dc3f1345b9401225fec550da80c4f7025bb8a198065f0dbe75b59,6a1ebdee6b34390f1430eab371e1c4108db1f124b59b7239d74785efa6474af9,0.25657072726672686,0.2907526496399251,0.4526766230933478,1.7643346453266757,0.9711970793988067,strong,0.09937608331022003,0.9942821441896058,-0.0390821162635851,lambda_max,TARGET_FRAME,-1,0.01,-0.0009937608331022003,-0.009942821441896059,0.000390821162635851,"[[1.0,0.0,0.0,0.0],[0.0,1.0,0.0,0.0],[0.0,0.0,1.0,0.0],[0.0,0.0,0.0,1.0]]","[[1.0,0.0,0.0,-0.0009937608331022003],[0.0,1.0,0.0,-0.009942821441896059],[0.0,0.0,1.0,0.000390821162635851],[0.0,0.0,0.0,1.0]]",source/query_to_target/map,LEFT: T_initial=Delta_T@T_star,true,true,false,false,true,true,ASSUMED_METERS_FROM_SCALE,"[[0.9999999835190259,-0.00018094336742999166,-1.4881053965842034e-05,0.00012376560406629356],[0.00018093721179509274,0.9999998985023626,-0.00041262209048901875,0.0007197883556420083],[1.4955713685979304e-05,0.0004126193911521919,0.9999999147607787,-0.0005098622649302378],[0.0,0.0,0.0,1.0]]",0.010000000000000002,0.0008907147303528289,0.0,0.025828759218979633,0.00012376560406629356,0.0007197883556420083,-0.0005098622649302378,0.9109285269647172,true,true,true,0.9999346917450366,0.019758302988206536,15311,,34.935020000375516,0.19.0+b012259,
CP-R_TEST_01_Q10-S-10MM-NEG-PCL,R_TEST_01,Rich,R_TEST_01_Q10,pcl,/home/lj/zero_perturbation_runtime/real_data/mid360_two_scene_pilot_v1/canonical_sources/R_TEST_01_Q10/source_points.npy,8dfeca0a569fb425aecf985f57632b7777e3ec76a28877e45b81ddb53f49fc53,bc19f8fef46dd2e661b12e076b2b3432c34dd5f40c1f41eae4c86e14513d7b71,/home/lj/zero_perturbation_runtime/real_data/mid360_two_scene_pilot_v1/target_maps/R_TEST_01/target_points.npy,43c6f299b5b24d220e6ee1a5ad8395ebb1380f992ff4fe207f822e25c92a65f7,d08c60b22a7dc3f1345b9401225fec550da80c4f7025bb8a198065f0dbe75b59,6a1ebdee6b34390f1430eab371e1c4108db1f124b59b7239d74785efa6474af9,0.25657072726672686,0.2907526496399251,0.4526766230933478,1.7643346453266757,0.9711970793988067,strong,0.09937608331022003,0.9942821441896058,-0.0390821162635851,lambda_max,TARGET_FRAME,-1,0.01,-0.0009937608331022003,-0.009942821441896059,0.000390821162635851,"[[1.0,0.0,0.0,0.0],[0.0,1.0,0.0,0.0],[0.0,0.0,1.0,0.0],[0.0,0.0,0.0,1.0]]","[[1.0,0.0,0.0,-0.0009937608331022003],[0.0,1.0,0.0,-0.009942821441896059],[0.0,0.0,1.0,0.000390821162635851],[0.0,0.0,0.0,1.0]]",source/query_to_target/map,LEFT: T_initial=Delta_T@T_star,true,true,false,false,true,true,ASSUMED_METERS_FROM_SCALE,"[[1.0,-0.000194831402041018,1.3067925465293229e-05,6.767512240912765e-05],[0.00019483656797092408,0.9999999403953552,-0.00039759016362950206,0.0007180129177868366],[-1.2990462892048527e-05,0.00039759266655892134,0.9999999403953552,-0.0005321980570442975],[0.0,0.0,0.0,1.0]]",0.010000000000000002,0.0008963019827176454,0.0,0.025379441952900518,6.767512240912765e-05,0.0007180129177868366,-0.0005321980570442975,0.9103698017282355,true,true,true,0.0003904449788977053,,15311,5,1103.272225,1.15.1,
CP-R_TEST_01_Q10-S-30MM-POS-O3D,R_TEST_01,Rich,R_TEST_01_Q10,open3d,/home/lj/zero_perturbation_runtime/real_data/mid360_two_scene_pilot_v1/canonical_sources/R_TEST_01_Q10/source_points.npy,8dfeca0a569fb425aecf985f57632b7777e3ec76a28877e45b81ddb53f49fc53,bc19f8fef46dd2e661b12e076b2b3432c34dd5f40c1f41eae4c86e14513d7b71,/home/lj/zero_perturbation_runtime/real_data/mid360_two_scene_pilot_v1/target_maps/R_TEST_01/target_points.npy,43c6f299b5b24d220e6ee1a5ad8395ebb1380f992ff4fe207f822e25c92a65f7,d08c60b22a7dc3f1345b9401225fec550da80c4f7025bb8a198065f0dbe75b59,6a1ebdee6b34390f1430eab371e1c4108db1f124b59b7239d74785efa6474af9,0.25657072726672686,0.2907526496399251,0.4526766230933478,1.7643346453266757,0.9711970793988067,strong,0.09937608331022003,0.9942821441896058,-0.0390821162635851,lambda_max,TARGET_FRAME,1,0.03,0.002981282499306601,0.029828464325688173,-0.001172463487907553,"[[1.0,0.0,0.0,0.0],[0.0,1.0,0.0,0.0],[0.0,0.0,1.0,0.0],[0.0,0.0,0.0,1.0]]","[[1.0,0.0,0.0,0.002981282499306601],[0.0,1.0,0.0,0.029828464325688173],[0.0,0.0,1.0,-0.001172463487907553],[0.0,0.0,0.0,1.0]]",source/query_to_target/map,LEFT: T_initial=Delta_T@T_star,true,true,false,false,true,true,ASSUMED_METERS_FROM_SCALE,"[[0.9999999835539074,-0.00017913121318911072,-2.8358304115181976e-05,0.00011751114760532589],[0.00017911882380544305,0.9999998887843079,-0.0004362886870921232,0.0007303999362306847],[2.8436453883113043e-05,0.0004362836004108009,0.9999999044239896,-0.000512993567602263],[0.0,0.0,0.0,1.0]]",0.030000000000000002,0.0009002529294918215,0.0,0.02707113711806112,0.00011751114760532589,0.0007303999362306847,-0.000512993567602263,0.9699915690169393,true,true,true,0.9999346917450366,0.01975769899756567,15311,,35.503693999999086,0.19.0+b012259,
CP-R_TEST_01_Q10-S-30MM-POS-PCL,R_TEST_01,Rich,R_TEST_01_Q10,pcl,/home/lj/zero_perturbation_runtime/real_data/mid360_two_scene_pilot_v1/canonical_sources/R_TEST_01_Q10/source_points.npy,8dfeca0a569fb425aecf985f57632b7777e3ec76a28877e45b81ddb53f49fc53,bc19f8fef46dd2e661b12e076b2b3432c34dd5f40c1f41eae4c86e14513d7b71,/home/lj/zero_perturbation_runtime/real_data/mid360_two_scene_pilot_v1/target_maps/R_TEST_01/target_points.npy,43c6f299b5b24d220e6ee1a5ad8395ebb1380f992ff4fe207f822e25c92a65f7,d08c60b22a7dc3f1345b9401225fec550da80c4f7025bb8a198065f0dbe75b59,6a1ebdee6b34390f1430eab371e1c4108db1f124b59b7239d74785efa6474af9,0.25657072726672686,0.2907526496399251,0.4526766230933478,1.7643346453266757,0.9711970793988067,strong,0.09937608331022003,0.9942821441896058,-0.0390821162635851,lambda_max,TARGET_FRAME,1,0.03,0.002981282499306601,0.029828464325688173,-0.001172463487907553,"[[1.0,0.0,0.0,0.0],[0.0,1.0,0.0,0.0],[0.0,0.0,1.0,0.0],[0.0,0.0,0.0,1.0]]","[[1.0,0.0,0.0,0.002981282499306601],[0.0,1.0,0.0,0.029828464325688173],[0.0,0.0,1.0,-0.001172463487907553],[0.0,0.0,0.0,1.0]]",source/query_to_target/map,LEFT: T_initial=Delta_T@T_star,true,true,false,false,true,true,ASSUMED_METERS_FROM_SCALE,"[[0.9999999403953552,-0.0002004863927140832,-1.5791702026035637e-05,9.031754598254338e-05],[0.00020047953876201063,0.9999998807907104,-0.00043351604836061597,0.0007475016755051911],[1.5878616977715865e-05,0.00043351281783543527,0.9999999403953552,-0.0005245271022431552],[0.0,0.0,0.0,1.0]]",0.030000000000000002,0.0009176299335696161,0.0,0.027381085891979687,9.031754598254338e-05,0.0007475016755051911,-0.0005245271022431552,0.9694123355476795,true,true,true,0.0003904027720413371,,15311,7,1422.688901,1.15.1,
CP-R_TEST_01_Q10-S-30MM-NEG-O3D,R_TEST_01,Rich,R_TEST_01_Q10,open3d,/home/lj/zero_perturbation_runtime/real_data/mid360_two_scene_pilot_v1/canonical_sources/R_TEST_01_Q10/source_points.npy,8dfeca0a569fb425aecf985f57632b7777e3ec76a28877e45b81ddb53f49fc53,bc19f8fef46dd2e661b12e076b2b3432c34dd5f40c1f41eae4c86e14513d7b71,/home/lj/zero_perturbation_runtime/real_data/mid360_two_scene_pilot_v1/target_maps/R_TEST_01/target_points.npy,43c6f299b5b24d220e6ee1a5ad8395ebb1380f992ff4fe207f822e25c92a65f7,d08c60b22a7dc3f1345b9401225fec550da80c4f7025bb8a198065f0dbe75b59,6a1ebdee6b34390f1430eab371e1c4108db1f124b59b7239d74785efa6474af9,0.25657072726672686,0.2907526496399251,0.4526766230933478,1.7643346453266757,0.9711970793988067,strong,0.09937608331022003,0.9942821441896058,-0.0390821162635851,lambda_max,TARGET_FRAME,-1,0.03,-0.002981282499306601,-0.029828464325688173,0.001172463487907553,"[[1.0,0.0,0.0,0.0],[0.0,1.0,0.0,0.0],[0.0,0.0,1.0,0.0],[0.0,0.0,0.0,1.0]]","[[1.0,0.0,0.0,-0.002981282499306601],[0.0,1.0,0.0,-0.029828464325688173],[0.0,0.0,1.0,0.001172463487907553],[0.0,0.0,0.0,1.0]]",source/query_to_target/map,LEFT: T_initial=Delta_T@T_star,true,true,false,false,true,true,ASSUMED_METERS_FROM_SCALE,"[[0.9999999838486194,-0.00017920620709977467,-1.370750507357429e-05,0.00010995951661900424],[0.00017920050909594465,0.9999998980124357,-0.00041456277641720016,0.0007207746709663669],[1.3781795898345709e-05,0.00041456031332955166,0.9999999139749008,-0.0005122393776102584],[0.0,0.0,0.0,1.0]]",0.030000000000000002,0.0008910647572294083,0.0,0.02588882058135091,0.00010995951661900424,0.0007207746709663669,-0.0005122393776102584,0.9702978414256864,true,true,true,0.9999346917450366,0.019758304863271,15311,,39.360841999950935,0.19.0+b012259,
CP-R_TEST_01_Q10-S-30MM-NEG-PCL,R_TEST_01,Rich,R_TEST_01_Q10,pcl,/home/lj/zero_perturbation_runtime/real_data/mid360_two_scene_pilot_v1/canonical_sources/R_TEST_01_Q10/source_points.npy,8dfeca0a569fb425aecf985f57632b7777e3ec76a28877e45b81ddb53f49fc53,bc19f8fef46dd2e661b12e076b2b3432c34dd5f40c1f41eae4c86e14513d7b71,/home/lj/zero_perturbation_runtime/real_data/mid360_two_scene_pilot_v1/target_maps/R_TEST_01/target_points.npy,43c6f299b5b24d220e6ee1a5ad8395ebb1380f992ff4fe207f822e25c92a65f7,d08c60b22a7dc3f1345b9401225fec550da80c4f7025bb8a198065f0dbe75b59,6a1ebdee6b34390f1430eab371e1c4108db1f124b59b7239d74785efa6474af9,0.25657072726672686,0.2907526496399251,0.4526766230933478,1.7643346453266757,0.9711970793988067,strong,0.09937608331022003,0.9942821441896058,-0.0390821162635851,lambda_max,TARGET_FRAME,-1,0.03,-0.002981282499306601,-0.029828464325688173,0.001172463487907553,"[[1.0,0.0,0.0,0.0],[0.0,1.0,0.0,0.0],[0.0,0.0,1.0,0.0],[0.0,0.0,0.0,1.0]]","[[1.0,0.0,0.0,-0.002981282499306601],[0.0,1.0,0.0,-0.029828464325688173],[0.0,0.0,1.0,0.001172463487907553],[0.0,0.0,0.0,1.0]]",source/query_to_target/map,LEFT: T_initial=Delta_T@T_star,true,true,false,false,true,true,ASSUMED_METERS_FROM_SCALE,"[[1.0,-0.00019565722323022783,1.1311229172861204e-05,6.352979107759893e-05],[0.00019566170522011817,0.9999999403953552,-0.0004019077750854194,0.0007176517392508686],[-1.1232587894483004e-05,0.00040190998697653413,0.9999999403953552,-0.000534474675077945],[0.0,0.0,0.0,1.0]]",0.030000000000000002,0.000897063671934069,0.0,0.025619635409986248,6.352979107759893e-05,0.0007176517392508686,-0.000534474675077945,0.9700978776021977,true,true,true,0.0003904418787107195,,15311,7,1109.487063,1.15.1,
CP-R_TEST_01_Q10-S-50MM-POS-O3D,R_TEST_01,Rich,R_TEST_01_Q10,open3d,/home/lj/zero_perturbation_runtime/real_data/mid360_two_scene_pilot_v1/canonical_sources/R_TEST_01_Q10/source_points.npy,8dfeca0a569fb425aecf985f57632b7777e3ec76a28877e45b81ddb53f49fc53,bc19f8fef46dd2e661b12e076b2b3432c34dd5f40c1f41eae4c86e14513d7b71,/home/lj/zero_perturbation_runtime/real_data/mid360_two_scene_pilot_v1/target_maps/R_TEST_01/target_points.npy,43c6f299b5b24d220e6ee1a5ad8395ebb1380f992ff4fe207f822e25c92a65f7,d08c60b22a7dc3f1345b9401225fec550da80c4f7025bb8a198065f0dbe75b59,6a1ebdee6b34390f1430eab371e1c4108db1f124b59b7239d74785efa6474af9,0.25657072726672686,0.2907526496399251,0.4526766230933478,1.7643346453266757,0.9711970793988067,strong,0.09937608331022003,0.9942821441896058,-0.0390821162635851,lambda_max,TARGET_FRAME,1,0.05,0.004968804165511002,0.049714107209480295,-0.001954105813179255,"[[1.0,0.0,0.0,0.0],[0.0,1.0,0.0,0.0],[0.0,0.0,1.0,0.0],[0.0,0.0,0.0,1.0]]","[[1.0,0.0,0.0,0.004968804165511002],[0.0,1.0,0.0,0.049714107209480295],[0.0,0.0,1.0,-0.001954105813179255],[0.0,0.0,0.0,1.0]]",source/query_to_target/map,LEFT: T_initial=Delta_T@T_star,true,true,false,false,true,true,ASSUMED_METERS_FROM_SCALE,"[[0.999999983391825,-0.00017962022346909294,-3.0869484304205835e-05,0.00011396780607137908],[0.00017960684264687964,0.999999890160001,-0.00043292189588137615,0.0007338330873695926],[3.094724244118464e-05,0.00043291634432072345,0.9999999058128489,-0.0005131891105732744],[0.0,0.0,0.0,1.0]]",0.05000000000000001,0.0009026974710001685,0.0,0.026912879053451494,0.00011396780607137908,0.0007338330873695926,-0.0005131891105732744,0.9819460505799966,true,true,true,0.9999346917450366,0.019757407235503715,15311,,45.97829000067577,0.19.0+b012259,
CP-R_TEST_01_Q10-S-50MM-POS-PCL,R_TEST_01,Rich,R_TEST_01_Q10,pcl,/home/lj/zero_perturbation_runtime/real_data/mid360_two_scene_pilot_v1/canonical_sources/R_TEST_01_Q10/source_points.npy,8dfeca0a569fb425aecf985f57632b7777e3ec76a28877e45b81ddb53f49fc53,bc19f8fef46dd2e661b12e076b2b3432c34dd5f40c1f41eae4c86e14513d7b71,/home/lj/zero_perturbation_runtime/real_data/mid360_two_scene_pilot_v1/target_maps/R_TEST_01/target_points.npy,43c6f299b5b24d220e6ee1a5ad8395ebb1380f992ff4fe207f822e25c92a65f7,d08c60b22a7dc3f1345b9401225fec550da80c4f7025bb8a198065f0dbe75b59,6a1ebdee6b34390f1430eab371e1c4108db1f124b59b7239d74785efa6474af9,0.25657072726672686,0.2907526496399251,0.4526766230933478,1.7643346453266757,0.9711970793988067,strong,0.09937608331022003,0.9942821441896058,-0.0390821162635851,lambda_max,TARGET_FRAME,1,0.05,0.004968804165511002,0.049714107209480295,-0.001954105813179255,"[[1.0,0.0,0.0,0.0],[0.0,1.0,0.0,0.0],[0.0,0.0,1.0,0.0],[0.0,0.0,0.0,1.0]]","[[1.0,0.0,0.0,0.004968804165511002],[0.0,1.0,0.0,0.049714107209480295],[0.0,0.0,1.0,-0.001954105813179255],[0.0,0.0,0.0,1.0]]",source/query_to_target/map,LEFT: T_initial=Delta_T@T_star,true,true,false,false,true,true,ASSUMED_METERS_FROM_SCALE,"[[0.9999998807907104,-0.00020472558389883488,-1.1980437193415128e-06,9.066436177818105e-05],[0.00020472510368563235,0.9999998211860657,-0.0004126823623664677,0.0007431131671182811],[1.2825280464312527e-06,0.00041268212953582406,0.9999999403953552,-0.0005221248138695955],[0.0,0.0,0.0,1.0]]",0.05000000000000001,0.000912716564383252,0.0,0.026394684435819344,9.066436177818105e-05,0.0007431131671182811,-0.0005221248138695955,0.9817456687123349,true,true,true,0.000390432331467423,,15311,7,1454.983804,1.15.1,
CP-R_TEST_01_Q10-S-50MM-NEG-O3D,R_TEST_01,Rich,R_TEST_01_Q10,open3d,/home/lj/zero_perturbation_runtime/real_data/mid360_two_scene_pilot_v1/canonical_sources/R_TEST_01_Q10/source_points.npy,8dfeca0a569fb425aecf985f57632b7777e3ec76a28877e45b81ddb53f49fc53,bc19f8fef46dd2e661b12e076b2b3432c34dd5f40c1f41eae4c86e14513d7b71,/home/lj/zero_perturbation_runtime/real_data/mid360_two_scene_pilot_v1/target_maps/R_TEST_01/target_points.npy,43c6f299b5b24d220e6ee1a5ad8395ebb1380f992ff4fe207f822e25c92a65f7,d08c60b22a7dc3f1345b9401225fec550da80c4f7025bb8a198065f0dbe75b59,6a1ebdee6b34390f1430eab371e1c4108db1f124b59b7239d74785efa6474af9,0.25657072726672686,0.2907526496399251,0.4526766230933478,1.7643346453266757,0.9711970793988067,strong,0.09937608331022003,0.9942821441896058,-0.0390821162635851,lambda_max,TARGET_FRAME,-1,0.05,-0.004968804165511002,-0.049714107209480295,0.001954105813179255,"[[1.0,0.0,0.0,0.0],[0.0,1.0,0.0,0.0],[0.0,0.0,1.0,0.0],[0.0,0.0,0.0,1.0]]","[[1.0,0.0,0.0,-0.004968804165511002],[0.0,1.0,0.0,-0.049714107209480295],[0.0,0.0,1.0,0.001954105813179255],[0.0,0.0,0.0,1.0]]",source/query_to_target/map,LEFT: T_initial=Delta_T@T_star,true,true,false,false,true,true,ASSUMED_METERS_FROM_SCALE,"[[0.999999983519026,-0.00018094336743002334,-1.4881053965848366e-05,0.00012376560406608436],[0.00018093721179512454,0.9999998985023629,-0.0004126220904890495,0.0007197883556418784],[1.4955713685985657e-05,0.00041261939115222246,0.999999914760779,-0.0005098622649303577],[0.0,0.0,0.0,1.0]]",0.05000000000000001,0.0008907147303527635,0.0,0.02582875921898247,0.00012376560406608436,0.0007197883556418784,-0.0005098622649303577,0.9821857053929447,true,true,true,0.9999346917450366,0.019758302988206536,15311,,37.65591400042467,0.19.0+b012259,
CP-R_TEST_01_Q10-S-50MM-NEG-PCL,R_TEST_01,Rich,R_TEST_01_Q10,pcl,/home/lj/zero_perturbation_runtime/real_data/mid360_two_scene_pilot_v1/canonical_sources/R_TEST_01_Q10/source_points.npy,8dfeca0a569fb425aecf985f57632b7777e3ec76a28877e45b81ddb53f49fc53,bc19f8fef46dd2e661b12e076b2b3432c34dd5f40c1f41eae4c86e14513d7b71,/home/lj/zero_perturbation_runtime/real_data/mid360_two_scene_pilot_v1/target_maps/R_TEST_01/target_points.npy,43c6f299b5b24d220e6ee1a5ad8395ebb1380f992ff4fe207f822e25c92a65f7,d08c60b22a7dc3f1345b9401225fec550da80c4f7025bb8a198065f0dbe75b59,6a1ebdee6b34390f1430eab371e1c4108db1f124b59b7239d74785efa6474af9,0.25657072726672686,0.2907526496399251,0.4526766230933478,1.7643346453266757,0.9711970793988067,strong,0.09937608331022003,0.9942821441896058,-0.0390821162635851,lambda_max,TARGET_FRAME,-1,0.05,-0.004968804165511002,-0.049714107209480295,0.001954105813179255,"[[1.0,0.0,0.0,0.0],[0.0,1.0,0.0,0.0],[0.0,0.0,1.0,0.0],[0.0,0.0,0.0,1.0]]","[[1.0,0.0,0.0,-0.004968804165511002],[0.0,1.0,0.0,-0.049714107209480295],[0.0,0.0,1.0,0.001954105813179255],[0.0,0.0,0.0,1.0]]",source/query_to_target/map,LEFT: T_initial=Delta_T@T_star,true,true,false,false,true,true,ASSUMED_METERS_FROM_SCALE,"[[0.9999999403953552,-0.00019718095427379012,1.4081289918976836e-05,6.86461862642318e-05],[0.00019718652765732259,0.9999999403953552,-0.00039564305916428566,0.0007173017365857959],[-1.4003277101437561e-05,0.0003956457949243486,1.0,-0.0005311871645972133],[0.0,0.0,0.0,1.0]]",0.05000000000000001,0.0008952060567436131,0.0,0.02534087596518632,6.86461862642318e-05,0.0007173017365857959,-0.0005311871645972133,0.9820958788651277,true,true,true,0.00039044784429085,,15311,6,1335.372143,1.15.1,
CP-W_TEST_01_Q01-W-10MM-POS-O3D,W_TEST_01,Weak,W_TEST_01_Q01,open3d,/home/lj/zero_perturbation_runtime/real_data/mid360_two_scene_pilot_v1/canonical_sources/W_TEST_01_Q01/source_points.npy,65ebda34614b838d33dd81dc414777206d9f91cef865ef71c6579a880d65a3d5,2ea42e63a9fc6d6d1697c88d02e10e52e26765c2c311ab5381f42d381cfa8692,/home/lj/zero_perturbation_runtime/real_data/mid360_two_scene_pilot_v1/target_maps/W_TEST_01/target_points.npy,d4438aba190de47a85fb6188ddc3b39dbfd6e39d3fdb5fa264bf425912e6c02e,e94c88ddc68916220d35f10c3da8fbaa53e6de526a6a0afc3a91899d5ce7a66a,6a1ebdee6b34390f1430eab371e1c4108db1f124b59b7239d74785efa6474af9,0.08578788512096867,0.22004912527587553,0.6941629896031555,8.091620263447723,0.7256618622449226,weak,0.9999001678023371,0.0017450294881826284,-0.014021743862426059,lambda_min,TARGET_FRAME,1,0.01,0.009999001678023372,1.7450294881826284e-05,-0.0001402174386242606,"[[1.0,0.0,0.0,0.0],[0.0,1.0,0.0,0.0],[0.0,0.0,1.0,0.0],[0.0,0.0,0.0,1.0]]","[[1.0,0.0,0.0,0.009999001678023372],[0.0,1.0,0.0,1.7450294881826284e-05],[0.0,0.0,1.0,-0.0001402174386242606],[0.0,0.0,0.0,1.0]]",source/query_to_target/map,LEFT: T_initial=Delta_T@T_star,true,true,false,false,true,true,ASSUMED_METERS_FROM_SCALE,"[[0.9999999912109186,0.00011253730771756569,-7.009648152376856e-05,0.0006881279033904965],[-0.00011255432007832507,0.9999999642037846,-0.0002427425678162054,0.00014825984133240788],[7.006916141952936e-05,0.0002427504553445391,0.999999968081264,-0.00010376568220234174],[0.0,0.0,0.0,1.0]]",0.01,0.0007115253395202652,0.0,0.01584764730466453,0.0006881279033904965,0.00014825984133240788,-0.00010376568220234174,0.9288474660479735,true,true,true,1.0,0.02066390328739129,15835,,40.02833999948052,0.19.0+b012259,
CP-W_TEST_01_Q01-W-10MM-POS-PCL,W_TEST_01,Weak,W_TEST_01_Q01,pcl,/home/lj/zero_perturbation_runtime/real_data/mid360_two_scene_pilot_v1/canonical_sources/W_TEST_01_Q01/source_points.npy,65ebda34614b838d33dd81dc414777206d9f91cef865ef71c6579a880d65a3d5,2ea42e63a9fc6d6d1697c88d02e10e52e26765c2c311ab5381f42d381cfa8692,/home/lj/zero_perturbation_runtime/real_data/mid360_two_scene_pilot_v1/target_maps/W_TEST_01/target_points.npy,d4438aba190de47a85fb6188ddc3b39dbfd6e39d3fdb5fa264bf425912e6c02e,e94c88ddc68916220d35f10c3da8fbaa53e6de526a6a0afc3a91899d5ce7a66a,6a1ebdee6b34390f1430eab371e1c4108db1f124b59b7239d74785efa6474af9,0.08578788512096867,0.22004912527587553,0.6941629896031555,8.091620263447723,0.7256618622449226,weak,0.9999001678023371,0.0017450294881826284,-0.014021743862426059,lambda_min,TARGET_FRAME,1,0.01,0.009999001678023372,1.7450294881826284e-05,-0.0001402174386242606,"[[1.0,0.0,0.0,0.0],[0.0,1.0,0.0,0.0],[0.0,0.0,1.0,0.0],[0.0,0.0,0.0,1.0]]","[[1.0,0.0,0.0,0.009999001678023372],[0.0,1.0,0.0,1.7450294881826284e-05],[0.0,0.0,1.0,-0.0001402174386242606],[0.0,0.0,0.0,1.0]]",source/query_to_target/map,LEFT: T_initial=Delta_T@T_star,true,true,false,false,true,true,ASSUMED_METERS_FROM_SCALE,"[[1.0,9.787439921637997e-05,-7.997349166544154e-05,0.0006868783966638148],[-9.789406612981111e-05,1.0,-0.0002462653792463243,0.00015193468425422907],[7.994938641786575e-05,0.0002462731790728867,1.0,-9.342296834802255e-05],[0.0,0.0,0.0,1.0]]",0.01,0.0007096576154018505,0.0,0.015860037856394924,0.0006868783966638148,0.00015193468425422907,-9.342296834802255e-05,0.9290342384598149,true,true,true,0.00042698547262109504,,15835,5,1547.50013,1.15.1,
CP-W_TEST_01_Q01-W-10MM-NEG-O3D,W_TEST_01,Weak,W_TEST_01_Q01,open3d,/home/lj/zero_perturbation_runtime/real_data/mid360_two_scene_pilot_v1/canonical_sources/W_TEST_01_Q01/source_points.npy,65ebda34614b838d33dd81dc414777206d9f91cef865ef71c6579a880d65a3d5,2ea42e63a9fc6d6d1697c88d02e10e52e26765c2c311ab5381f42d381cfa8692,/home/lj/zero_perturbation_runtime/real_data/mid360_two_scene_pilot_v1/target_maps/W_TEST_01/target_points.npy,d4438aba190de47a85fb6188ddc3b39dbfd6e39d3fdb5fa264bf425912e6c02e,e94c88ddc68916220d35f10c3da8fbaa53e6de526a6a0afc3a91899d5ce7a66a,6a1ebdee6b34390f1430eab371e1c4108db1f124b59b7239d74785efa6474af9,0.08578788512096867,0.22004912527587553,0.6941629896031555,8.091620263447723,0.7256618622449226,weak,0.9999001678023371,0.0017450294881826284,-0.014021743862426059,lambda_min,TARGET_FRAME,-1,0.01,-0.009999001678023372,-1.7450294881826284e-05,0.0001402174386242606,"[[1.0,0.0,0.0,0.0],[0.0,1.0,0.0,0.0],[0.0,0.0,1.0,0.0],[0.0,0.0,0.0,1.0]]","[[1.0,0.0,0.0,-0.009999001678023372],[0.0,1.0,0.0,-1.7450294881826284e-05],[0.0,0.0,1.0,0.0001402174386242606],[0.0,0.0,0.0,1.0]]",source/query_to_target/map,LEFT: T_initial=Delta_T@T_star,true,true,false,false,true,true,ASSUMED_METERS_FROM_SCALE,"[[0.9999999909855498,0.00011443563067931339,-7.023807028631881e-05,0.0006739099873208257],[-0.00011445280341083831,0.9999999635508826,-0.00024453790947775517,0.00014894577921852677],[7.021008387630708e-05,0.00024454594621743084,0.999999967633912,-0.0001051138185511823],[0.0,0.0,0.0,1.0]]",0.01,0.0006981321014021489,0.0,0.01598435766487529,0.0006739099873208257,0.00014894577921852677,-0.0001051138185511823,0.9301867898597851,true,true,true,1.0,0.02066401273028054,15835,,36.44855699985783,0.19.0+b012259,
CP-W_TEST_01_Q01-W-10MM-NEG-PCL,W_TEST_01,Weak,W_TEST_01_Q01,pcl,/home/lj/zero_perturbation_runtime/real_data/mid360_two_scene_pilot_v1/canonical_sources/W_TEST_01_Q01/source_points.npy,65ebda34614b838d33dd81dc414777206d9f91cef865ef71c6579a880d65a3d5,2ea42e63a9fc6d6d1697c88d02e10e52e26765c2c311ab5381f42d381cfa8692,/home/lj/zero_perturbation_runtime/real_data/mid360_two_scene_pilot_v1/target_maps/W_TEST_01/target_points.npy,d4438aba190de47a85fb6188ddc3b39dbfd6e39d3fdb5fa264bf425912e6c02e,e94c88ddc68916220d35f10c3da8fbaa53e6de526a6a0afc3a91899d5ce7a66a,6a1ebdee6b34390f1430eab371e1c4108db1f124b59b7239d74785efa6474af9,0.08578788512096867,0.22004912527587553,0.6941629896031555,8.091620263447723,0.7256618622449226,weak,0.9999001678023371,0.0017450294881826284,-0.014021743862426059,lambda_min,TARGET_FRAME,-1,0.01,-0.009999001678023372,-1.7450294881826284e-05,0.0001402174386242606,"[[1.0,0.0,0.0,0.0],[0.0,1.0,0.0,0.0],[0.0,0.0,1.0,0.0],[0.0,0.0,0.0,1.0]]","[[1.0,0.0,0.0,-0.009999001678023372],[0.0,1.0,0.0,-1.7450294881826284e-05],[0.0,0.0,1.0,0.0001402174386242606],[0.0,0.0,0.0,1.0]]",source/query_to_target/map,LEFT: T_initial=Delta_T@T_star,true,true,false,false,true,true,ASSUMED_METERS_FROM_SCALE,"[[1.0,9.46751533774659e-05,-7.522758824052289e-05,0.0006909631774760783],[-9.46937216212973e-05,1.0,-0.00024717149790376425,0.0001496245531598106],[7.520419603679329e-05,0.0002471785992383957,1.0,-8.366326801478863e-05],[0.0,0.0,0.0,1.0]]",0.01,0.0007119109227642359,0.0,0.01576603238186764,0.0006909631774760783,0.0001496245531598106,-8.366326801478863e-05,0.9288089077235764,true,true,true,0.0004269766538806201,,15835,7,1591.826953,1.15.1,
CP-W_TEST_01_Q01-W-30MM-POS-O3D,W_TEST_01,Weak,W_TEST_01_Q01,open3d,/home/lj/zero_perturbation_runtime/real_data/mid360_two_scene_pilot_v1/canonical_sources/W_TEST_01_Q01/source_points.npy,65ebda34614b838d33dd81dc414777206d9f91cef865ef71c6579a880d65a3d5,2ea42e63a9fc6d6d1697c88d02e10e52e26765c2c311ab5381f42d381cfa8692,/home/lj/zero_perturbation_runtime/real_data/mid360_two_scene_pilot_v1/target_maps/W_TEST_01/target_points.npy,d4438aba190de47a85fb6188ddc3b39dbfd6e39d3fdb5fa264bf425912e6c02e,e94c88ddc68916220d35f10c3da8fbaa53e6de526a6a0afc3a91899d5ce7a66a,6a1ebdee6b34390f1430eab371e1c4108db1f124b59b7239d74785efa6474af9,0.08578788512096867,0.22004912527587553,0.6941629896031555,8.091620263447723,0.7256618622449226,weak,0.9999001678023371,0.0017450294881826284,-0.014021743862426059,lambda_min,TARGET_FRAME,1,0.03,0.029997005034070115,5.235088464547885e-05,-0.00042065231587278174,"[[1.0,0.0,0.0,0.0],[0.0,1.0,0.0,0.0],[0.0,0.0,1.0,0.0],[0.0,0.0,0.0,1.0]]","[[1.0,0.0,0.0,0.029997005034070115],[0.0,1.0,0.0,5.235088464547885e-05],[0.0,0.0,1.0,-0.00042065231587278174],[0.0,0.0,0.0,1.0]]",source/query_to_target/map,LEFT: T_initial=Delta_T@T_star,true,true,false,false,true,true,ASSUMED_METERS_FROM_SCALE,"[[0.9999999910063513,0.00011429808760464329,-7.016583539540962e-05,0.0006831736949334221],[-0.00011431508243571107,0.999999964122705,-0.00024225327851580973,0.00014930607151200984],[7.01381437915989e-05,0.00024226129735032624,0.9999999681950517,-0.00010390384114173959],[0.0,0.0,0.0,1.0]]",0.030000000000000002,0.0007069756775472136,0.0,0.015865437495414126,0.0006831736949334221,0.00014930607151200984,-0.00010390384114173959,0.9764341440817595,true,true,true,1.0,0.02066397967138228,15835,,35.66115900048317,0.19.0+b012259,
CP-W_TEST_01_Q01-W-30MM-POS-PCL,W_TEST_01,Weak,W_TEST_01_Q01,pcl,/home/lj/zero_perturbation_runtime/real_data/mid360_two_scene_pilot_v1/canonical_sources/W_TEST_01_Q01/source_points.npy,65ebda34614b838d33dd81dc414777206d9f91cef865ef71c6579a880d65a3d5,2ea42e63a9fc6d6d1697c88d02e10e52e26765c2c311ab5381f42d381cfa8692,/home/lj/zero_perturbation_runtime/real_data/mid360_two_scene_pilot_v1/target_maps/W_TEST_01/target_points.npy,d4438aba190de47a85fb6188ddc3b39dbfd6e39d3fdb5fa264bf425912e6c02e,e94c88ddc68916220d35f10c3da8fbaa53e6de526a6a0afc3a91899d5ce7a66a,6a1ebdee6b34390f1430eab371e1c4108db1f124b59b7239d74785efa6474af9,0.08578788512096867,0.22004912527587553,0.6941629896031555,8.091620263447723,0.7256618622449226,weak,0.9999001678023371,0.0017450294881826284,-0.014021743862426059,lambda_min,TARGET_FRAME,1,0.03,0.029997005034070115,5.235088464547885e-05,-0.00042065231587278174,"[[1.0,0.0,0.0,0.0],[0.0,1.0,0.0,0.0],[0.0,0.0,1.0,0.0],[0.0,0.0,0.0,1.0]]","[[1.0,0.0,0.0,0.029997005034070115],[0.0,1.0,0.0,5.235088464547885e-05],[0.0,0.0,1.0,-0.00042065231587278174],[0.0,0.0,0.0,1.0]]",source/query_to_target/map,LEFT: T_initial=Delta_T@T_star,true,true,false,false,true,true,ASSUMED_METERS_FROM_SCALE,"[[1.0,9.786916052689776e-05,-7.997715147212148e-05,0.0006867115152999759],[-9.788886382011697e-05,1.0,-0.0002464228018652648,0.00015117386647034436],[7.995303167263046e-05,0.0002464306016918272,1.0,-9.386596502736211e-05],[0.0,0.0,0.0,1.0]]",0.030000000000000002,0.0007093920372683221,0.0,0.015868017607166846,0.0006867115152999759,0.00015117386647034436,-9.386596502736211e-05,0.9763535987577227,true,true,true,0.0004269854665255565,,15835,6,1254.167905,1.15.1,
CP-W_TEST_01_Q01-W-30MM-NEG-O3D,W_TEST_01,Weak,W_TEST_01_Q01,open3d,/home/lj/zero_perturbation_runtime/real_data/mid360_two_scene_pilot_v1/canonical_sources/W_TEST_01_Q01/source_points.npy,65ebda34614b838d33dd81dc414777206d9f91cef865ef71c6579a880d65a3d5,2ea42e63a9fc6d6d1697c88d02e10e52e26765c2c311ab5381f42d381cfa8692,/home/lj/zero_perturbation_runtime/real_data/mid360_two_scene_pilot_v1/target_maps/W_TEST_01/target_points.npy,d4438aba190de47a85fb6188ddc3b39dbfd6e39d3fdb5fa264bf425912e6c02e,e94c88ddc68916220d35f10c3da8fbaa53e6de526a6a0afc3a91899d5ce7a66a,6a1ebdee6b34390f1430eab371e1c4108db1f124b59b7239d74785efa6474af9,0.08578788512096867,0.22004912527587553,0.6941629896031555,8.091620263447723,0.7256618622449226,weak,0.9999001678023371,0.0017450294881826284,-0.014021743862426059,lambda_min,TARGET_FRAME,-1,0.03,-0.029997005034070115,-5.235088464547885e-05,0.00042065231587278174,"[[1.0,0.0,0.0,0.0],[0.0,1.0,0.0,0.0],[0.0,0.0,1.0,0.0],[0.0,0.0,0.0,1.0]]","[[1.0,0.0,0.0,-0.029997005034070115],[0.0,1.0,0.0,-5.235088464547885e-05],[0.0,0.0,1.0,0.00042065231587278174],[0.0,0.0,0.0,1.0]]",source/query_to_target/map,LEFT: T_initial=Delta_T@T_star,true,true,false,false,true,true,ASSUMED_METERS_FROM_SCALE,"[[0.99999999098555,0.00011443562988408402,-7.023807149844917e-05,0.0006739099897309868],[-0.00011445280262124454,0.9999999635508644,-0.00024453798552240925,0.00014894584290255032],[7.021008507992828e-05,0.00024454602226216764,0.9999999676338929,-0.00010511380917837525],[0.0,0.0,0.0,1.0]]",0.030000000000000002,0.0006981321159044024,0.0,0.015984361482863668,0.0006739099897309868,0.00014894584290255032,-0.00010511380917837525,0.9767289294698532,true,true,true,1.0,0.02066401273076761,15835,,37.279768000189506,0.19.0+b012259,
CP-W_TEST_01_Q01-W-30MM-NEG-PCL,W_TEST_01,Weak,W_TEST_01_Q01,pcl,/home/lj/zero_perturbation_runtime/real_data/mid360_two_scene_pilot_v1/canonical_sources/W_TEST_01_Q01/source_points.npy,65ebda34614b838d33dd81dc414777206d9f91cef865ef71c6579a880d65a3d5,2ea42e63a9fc6d6d1697c88d02e10e52e26765c2c311ab5381f42d381cfa8692,/home/lj/zero_perturbation_runtime/real_data/mid360_two_scene_pilot_v1/target_maps/W_TEST_01/target_points.npy,d4438aba190de47a85fb6188ddc3b39dbfd6e39d3fdb5fa264bf425912e6c02e,e94c88ddc68916220d35f10c3da8fbaa53e6de526a6a0afc3a91899d5ce7a66a,6a1ebdee6b34390f1430eab371e1c4108db1f124b59b7239d74785efa6474af9,0.08578788512096867,0.22004912527587553,0.6941629896031555,8.091620263447723,0.7256618622449226,weak,0.9999001678023371,0.0017450294881826284,-0.014021743862426059,lambda_min,TARGET_FRAME,-1,0.03,-0.029997005034070115,-5.235088464547885e-05,0.00042065231587278174,"[[1.0,0.0,0.0,0.0],[0.0,1.0,0.0,0.0],[0.0,0.0,1.0,0.0],[0.0,0.0,0.0,1.0]]","[[1.0,0.0,0.0,-0.029997005034070115],[0.0,1.0,0.0,-5.235088464547885e-05],[0.0,0.0,1.0,0.00042065231587278174],[0.0,0.0,0.0,1.0]]",source/query_to_target/map,LEFT: T_initial=Delta_T@T_star,true,true,false,false,true,true,ASSUMED_METERS_FROM_SCALE,"[[1.0,9.467748168390244e-05,-7.523305976064876e-05,0.0006911926902830601],[-9.469608630752191e-05,1.0,-0.00024716940242797136,0.00014964371803216636],[7.520966028096154e-05,0.0002471764455549419,1.0,-8.396264456678182e-05],[0.0,0.0,0.0,1.0]]",0.030000000000000002,0.0007121729446769741,0.0,0.015766054937396926,0.0006911926902830601,0.00014964371803216636,-8.396264456678182e-05,0.9762609018441009,true,true,true,0.0004269766165829481,,15835,8,1676.070223,1.15.1,
CP-W_TEST_01_Q01-W-50MM-POS-O3D,W_TEST_01,Weak,W_TEST_01_Q01,open3d,/home/lj/zero_perturbation_runtime/real_data/mid360_two_scene_pilot_v1/canonical_sources/W_TEST_01_Q01/source_points.npy,65ebda34614b838d33dd81dc414777206d9f91cef865ef71c6579a880d65a3d5,2ea42e63a9fc6d6d1697c88d02e10e52e26765c2c311ab5381f42d381cfa8692,/home/lj/zero_perturbation_runtime/real_data/mid360_two_scene_pilot_v1/target_maps/W_TEST_01/target_points.npy,d4438aba190de47a85fb6188ddc3b39dbfd6e39d3fdb5fa264bf425912e6c02e,e94c88ddc68916220d35f10c3da8fbaa53e6de526a6a0afc3a91899d5ce7a66a,6a1ebdee6b34390f1430eab371e1c4108db1f124b59b7239d74785efa6474af9,0.08578788512096867,0.22004912527587553,0.6941629896031555,8.091620263447723,0.7256618622449226,weak,0.9999001678023371,0.0017450294881826284,-0.014021743862426059,lambda_min,TARGET_FRAME,1,0.05,0.04999500839011686,8.725147440913143e-05,-0.000701087193121303,"[[1.0,0.0,0.0,0.0],[0.0,1.0,0.0,0.0],[0.0,0.0,1.0,0.0],[0.0,0.0,0.0,1.0]]","[[1.0,0.0,0.0,0.04999500839011686],[0.0,1.0,0.0,8.725147440913143e-05],[0.0,0.0,1.0,-0.000701087193121303],[0.0,0.0,0.0,1.0]]",source/query_to_target/map,LEFT: T_initial=Delta_T@T_star,true,true,false,false,true,true,ASSUMED_METERS_FROM_SCALE,"[[0.9999999910074465,0.00011429299525603475,-7.01585207392071e-05,0.0006835494206440617],[-0.00011431000336732308,0.9999999640712679,-0.00024246790799970142,0.00014931104520329847],[7.01308058350417e-05,0.0002424759256400378,0.9999999681435472,-0.00010386604220151337],[0.0,0.0,0.0,1.0]]",0.05,0.0007073342586112597,0.0,0.015875970803204784,0.0006835494206440617,0.00014931104520329847,-0.00010386604220151337,0.9858533148277748,true,true,true,1.0,0.020663980178407464,15835,,38.143882999975176,0.19.0+b012259,
CP-W_TEST_01_Q01-W-50MM-POS-PCL,W_TEST_01,Weak,W_TEST_01_Q01,pcl,/home/lj/zero_perturbation_runtime/real_data/mid360_two_scene_pilot_v1/canonical_sources/W_TEST_01_Q01/source_points.npy,65ebda34614b838d33dd81dc414777206d9f91cef865ef71c6579a880d65a3d5,2ea42e63a9fc6d6d1697c88d02e10e52e26765c2c311ab5381f42d381cfa8692,/home/lj/zero_perturbation_runtime/real_data/mid360_two_scene_pilot_v1/target_maps/W_TEST_01/target_points.npy,d4438aba190de47a85fb6188ddc3b39dbfd6e39d3fdb5fa264bf425912e6c02e,e94c88ddc68916220d35f10c3da8fbaa53e6de526a6a0afc3a91899d5ce7a66a,6a1ebdee6b34390f1430eab371e1c4108db1f124b59b7239d74785efa6474af9,0.08578788512096867,0.22004912527587553,0.6941629896031555,8.091620263447723,0.7256618622449226,weak,0.9999001678023371,0.0017450294881826284,-0.014021743862426059,lambda_min,TARGET_FRAME,1,0.05,0.04999500839011686,8.725147440913143e-05,-0.000701087193121303,"[[1.0,0.0,0.0,0.0],[0.0,1.0,0.0,0.0],[0.0,0.0,1.0,0.0],[0.0,0.0,0.0,1.0]]","[[1.0,0.0,0.0,0.04999500839011686],[0.0,1.0,0.0,8.725147440913143e-05],[0.0,0.0,1.0,-0.000701087193121303],[0.0,0.0,0.0,1.0]]",source/query_to_target/map,LEFT: T_initial=Delta_T@T_star,true,true,false,false,true,true,ASSUMED_METERS_FROM_SCALE,"[[1.0,9.786515875020996e-05,-7.997088687261567e-05,0.000687075371388346],[-9.78848765953444e-05,1.0,-0.00024642079370096326,0.0001511766604380682],[7.994677434908226e-05,0.0002464286226313561,1.0,-9.361348929814994e-05],[0.0,0.0,0.0,1.0]]",0.05,0.0007097115146369088,0.0,0.01586773151052831,0.000687075371388346,0.0001511766604380682,-9.361348929814994e-05,0.9858057697072619,true,true,true,0.00042698548876687496,,15835,7,1269.277378,1.15.1,
CP-W_TEST_01_Q01-W-50MM-NEG-O3D,W_TEST_01,Weak,W_TEST_01_Q01,open3d,/home/lj/zero_perturbation_runtime/real_data/mid360_two_scene_pilot_v1/canonical_sources/W_TEST_01_Q01/source_points.npy,65ebda34614b838d33dd81dc414777206d9f91cef865ef71c6579a880d65a3d5,2ea42e63a9fc6d6d1697c88d02e10e52e26765c2c311ab5381f42d381cfa8692,/home/lj/zero_perturbation_runtime/real_data/mid360_two_scene_pilot_v1/target_maps/W_TEST_01/target_points.npy,d4438aba190de47a85fb6188ddc3b39dbfd6e39d3fdb5fa264bf425912e6c02e,e94c88ddc68916220d35f10c3da8fbaa53e6de526a6a0afc3a91899d5ce7a66a,6a1ebdee6b34390f1430eab371e1c4108db1f124b59b7239d74785efa6474af9,0.08578788512096867,0.22004912527587553,0.6941629896031555,8.091620263447723,0.7256618622449226,weak,0.9999001678023371,0.0017450294881826284,-0.014021743862426059,lambda_min,TARGET_FRAME,-1,0.05,-0.04999500839011686,-8.725147440913143e-05,0.000701087193121303,"[[1.0,0.0,0.0,0.0],[0.0,1.0,0.0,0.0],[0.0,0.0,1.0,0.0],[0.0,0.0,0.0,1.0]]","[[1.0,0.0,0.0,-0.04999500839011686],[0.0,1.0,0.0,-8.725147440913143e-05],[0.0,0.0,1.0,0.000701087193121303],[0.0,0.0,0.0,1.0]]",source/query_to_target/map,LEFT: T_initial=Delta_T@T_star,true,true,false,false,true,true,ASSUMED_METERS_FROM_SCALE,"[[0.9999999909855455,0.00011443563934889964,-7.023811531349871e-05,0.0006739100032208281],[-0.00011445281210257152,0.999999963550843,-0.00024453806808568903,0.0001489459113617675],[7.021012888321207e-05,0.0002445461048311262,0.9999999676338696,-0.00010511380452581178],[0.0,0.0,0.0,1.0]]",0.05,0.0006981321428314089,0.0,0.015984366484090677,0.0006739100032208281,0.0001489459113617675,-0.00010511380452581178,0.9860373571433718,true,true,true,1.0,0.020664012732289953,15835,,56.96285100020759,0.19.0+b012259,
CP-W_TEST_01_Q01-W-50MM-NEG-PCL,W_TEST_01,Weak,W_TEST_01_Q01,pcl,/home/lj/zero_perturbation_runtime/real_data/mid360_two_scene_pilot_v1/canonical_sources/W_TEST_01_Q01/source_points.npy,65ebda34614b838d33dd81dc414777206d9f91cef865ef71c6579a880d65a3d5,2ea42e63a9fc6d6d1697c88d02e10e52e26765c2c311ab5381f42d381cfa8692,/home/lj/zero_perturbation_runtime/real_data/mid360_two_scene_pilot_v1/target_maps/W_TEST_01/target_points.npy,d4438aba190de47a85fb6188ddc3b39dbfd6e39d3fdb5fa264bf425912e6c02e,e94c88ddc68916220d35f10c3da8fbaa53e6de526a6a0afc3a91899d5ce7a66a,6a1ebdee6b34390f1430eab371e1c4108db1f124b59b7239d74785efa6474af9,0.08578788512096867,0.22004912527587553,0.6941629896031555,8.091620263447723,0.7256618622449226,weak,0.9999001678023371,0.0017450294881826284,-0.014021743862426059,lambda_min,TARGET_FRAME,-1,0.05,-0.04999500839011686,-8.725147440913143e-05,0.000701087193121303,"[[1.0,0.0,0.0,0.0],[0.0,1.0,0.0,0.0],[0.0,0.0,1.0,0.0],[0.0,0.0,0.0,1.0]]","[[1.0,0.0,0.0,-0.04999500839011686],[0.0,1.0,0.0,-8.725147440913143e-05],[0.0,0.0,1.0,0.000701087193121303],[0.0,0.0,0.0,1.0]]",source/query_to_target/map,LEFT: T_initial=Delta_T@T_star,true,true,false,false,true,true,ASSUMED_METERS_FROM_SCALE,"[[1.0,9.468627831665799e-05,-7.521853694925085e-05,0.0006916196434758604],[-9.470497752772644e-05,1.0,-0.0002485201111994684,0.00015024087042547762],[7.519499922636896e-05,0.0002485272125340998,1.0,-8.261844050139189e-05],[0.0,0.0,0.0,1.0]]",0.05,0.0007125558624408078,0.0,0.015835555049623518,0.0006916196434758604,0.00015024087042547762,-8.261844050139189e-05,0.9857488827511839,true,true,true,0.00042697693158356086,,15835,8,1270.897509,1.15.1,
CP-W_TEST_01_Q01-S-10MM-POS-O3D,W_TEST_01,Weak,W_TEST_01_Q01,open3d,/home/lj/zero_perturbation_runtime/real_data/mid360_two_scene_pilot_v1/canonical_sources/W_TEST_01_Q01/source_points.npy,65ebda34614b838d33dd81dc414777206d9f91cef865ef71c6579a880d65a3d5,2ea42e63a9fc6d6d1697c88d02e10e52e26765c2c311ab5381f42d381cfa8692,/home/lj/zero_perturbation_runtime/real_data/mid360_two_scene_pilot_v1/target_maps/W_TEST_01/target_points.npy,d4438aba190de47a85fb6188ddc3b39dbfd6e39d3fdb5fa264bf425912e6c02e,e94c88ddc68916220d35f10c3da8fbaa53e6de526a6a0afc3a91899d5ce7a66a,6a1ebdee6b34390f1430eab371e1c4108db1f124b59b7239d74785efa6474af9,0.08578788512096867,0.22004912527587553,0.6941629896031555,8.091620263447723,0.7256618622449226,strong,-0.0021562425808952196,0.9995664172670695,-0.02936542337183568,lambda_max,TARGET_FRAME,1,0.01,-2.1562425808952196e-05,0.009995664172670695,-0.0002936542337183568,"[[1.0,0.0,0.0,0.0],[0.0,1.0,0.0,0.0],[0.0,0.0,1.0,0.0],[0.0,0.0,0.0,1.0]]","[[1.0,0.0,0.0,-2.1562425808952196e-05],[0.0,1.0,0.0,0.009995664172670695],[0.0,0.0,1.0,-0.0002936542337183568],[0.0,0.0,0.0,1.0]]",source/query_to_target/map,LEFT: T_initial=Delta_T@T_star,true,true,false,false,true,true,ASSUMED_METERS_FROM_SCALE,"[[0.9999999912363995,0.00011229275650639243,-7.012515699773137e-05,0.0006874376631037674],[-0.00011230993511375444,0.9999999636771102,-0.0002450148086018962,0.00014785384358650817],[7.009764106234023e-05,0.00024502268220651677,0.9999999675251025,-0.00010528656026227552],[0.0,0.0,0.0,1.0]]",0.01,0.0007109968772707334,0.0,0.01595678593992516,0.0006874376631037674,0.00014785384358650817,-0.00010528656026227552,0.9289003122729267,true,true,true,1.0,0.020663908897693293,15835,,45.097592000274744,0.19.0+b012259,
CP-W_TEST_01_Q01-S-10MM-POS-PCL,W_TEST_01,Weak,W_TEST_01_Q01,pcl,/home/lj/zero_perturbation_runtime/real_data/mid360_two_scene_pilot_v1/canonical_sources/W_TEST_01_Q01/source_points.npy,65ebda34614b838d33dd81dc414777206d9f91cef865ef71c6579a880d65a3d5,2ea42e63a9fc6d6d1697c88d02e10e52e26765c2c311ab5381f42d381cfa8692,/home/lj/zero_perturbation_runtime/real_data/mid360_two_scene_pilot_v1/target_maps/W_TEST_01/target_points.npy,d4438aba190de47a85fb6188ddc3b39dbfd6e39d3fdb5fa264bf425912e6c02e,e94c88ddc68916220d35f10c3da8fbaa53e6de526a6a0afc3a91899d5ce7a66a,6a1ebdee6b34390f1430eab371e1c4108db1f124b59b7239d74785efa6474af9,0.08578788512096867,0.22004912527587553,0.6941629896031555,8.091620263447723,0.7256618622449226,strong,-0.0021562425808952196,0.9995664172670695,-0.02936542337183568,lambda_max,TARGET_FRAME,1,0.01,-2.1562425808952196e-05,0.009995664172670695,-0.0002936542337183568,"[[1.0,0.0,0.0,0.0],[0.0,1.0,0.0,0.0],[0.0,0.0,1.0,0.0],[0.0,0.0,0.0,1.0]]","[[1.0,0.0,0.0,-2.1562425808952196e-05],[0.0,1.0,0.0,0.009995664172670695],[0.0,0.0,1.0,-0.0002936542337183568],[0.0,0.0,0.0,1.0]]",source/query_to_target/map,LEFT: T_initial=Delta_T@T_star,true,true,false,false,true,true,ASSUMED_METERS_FROM_SCALE,"[[1.0,9.460400906391442e-05,-7.523565727751702e-05,0.0006912234821356833],[-9.462264279136434e-05,0.9999999403953552,-0.000247585034230724,0.0001496838085586205],[7.521222141804174e-05,0.0002475921355653554,0.9999999403953552,-8.34914535516873e-05],[0.0,0.0,0.0,1.0]]",0.01,0.0007121558590762043,0.0,0.015786046324044168,0.0006912234821356833,0.0001496838085586205,-8.34914535516873e-05,0.9287844140923796,true,true,true,0.00042697655400445546,,15835,7,1261.383703,1.15.1,
CP-W_TEST_01_Q01-S-10MM-NEG-O3D,W_TEST_01,Weak,W_TEST_01_Q01,open3d,/home/lj/zero_perturbation_runtime/real_data/mid360_two_scene_pilot_v1/canonical_sources/W_TEST_01_Q01/source_points.npy,65ebda34614b838d33dd81dc414777206d9f91cef865ef71c6579a880d65a3d5,2ea42e63a9fc6d6d1697c88d02e10e52e26765c2c311ab5381f42d381cfa8692,/home/lj/zero_perturbation_runtime/real_data/mid360_two_scene_pilot_v1/target_maps/W_TEST_01/target_points.npy,d4438aba190de47a85fb6188ddc3b39dbfd6e39d3fdb5fa264bf425912e6c02e,e94c88ddc68916220d35f10c3da8fbaa53e6de526a6a0afc3a91899d5ce7a66a,6a1ebdee6b34390f1430eab371e1c4108db1f124b59b7239d74785efa6474af9,0.08578788512096867,0.22004912527587553,0.6941629896031555,8.091620263447723,0.7256618622449226,strong,-0.0021562425808952196,0.9995664172670695,-0.02936542337183568,lambda_max,TARGET_FRAME,-1,0.01,2.1562425808952196e-05,-0.009995664172670695,0.0002936542337183568,"[[1.0,0.0,0.0,0.0],[0.0,1.0,0.0,0.0],[0.0,0.0,1.0,0.0],[0.0,0.0,0.0,1.0]]","[[1.0,0.0,0.0,2.1562425808952196e-05],[0.0,1.0,0.0,-0.009995664172670695],[0.0,0.0,1.0,0.0002936542337183568],[0.0,0.0,0.0,1.0]]",source/query_to_target/map,LEFT: T_initial=Delta_T@T_star,true,true,false,false,true,true,ASSUMED_METERS_FROM_SCALE,"[[0.9999999909873121,0.00011442725634744927,-7.022662402033604e-05,0.0006748346342945695],[-0.00011444435757166835,0.9999999637907168,-0.00024355913922041034,0.0001478380473458244],[7.019875167342098e-05,0.00024356717406615814,0.999999967873583,-0.00010354186559235455],[0.0,0.0,0.0,1.0]]",0.01,0.0006985547865535364,0.0,0.0159348605781423,0.0006748346342945695,0.0001478380473458244,-0.00010354186559235455,0.9301445213446464,true,true,true,1.0,0.020664004145544295,15835,,50.4237720006131,0.19.0+b012259,
CP-W_TEST_01_Q01-S-10MM-NEG-PCL,W_TEST_01,Weak,W_TEST_01_Q01,pcl,/home/lj/zero_perturbation_runtime/real_data/mid360_two_scene_pilot_v1/canonical_sources/W_TEST_01_Q01/source_points.npy,65ebda34614b838d33dd81dc414777206d9f91cef865ef71c6579a880d65a3d5,2ea42e63a9fc6d6d1697c88d02e10e52e26765c2c311ab5381f42d381cfa8692,/home/lj/zero_perturbation_runtime/real_data/mid360_two_scene_pilot_v1/target_maps/W_TEST_01/target_points.npy,d4438aba190de47a85fb6188ddc3b39dbfd6e39d3fdb5fa264bf425912e6c02e,e94c88ddc68916220d35f10c3da8fbaa53e6de526a6a0afc3a91899d5ce7a66a,6a1ebdee6b34390f1430eab371e1c4108db1f124b59b7239d74785efa6474af9,0.08578788512096867,0.22004912527587553,0.6941629896031555,8.091620263447723,0.7256618622449226,strong,-0.0021562425808952196,0.9995664172670695,-0.02936542337183568,lambda_max,TARGET_FRAME,-1,0.01,2.1562425808952196e-05,-0.009995664172670695,0.0002936542337183568,"[[1.0,0.0,0.0,0.0],[0.0,1.0,0.0,0.0],[0.0,0.0,1.0,0.0],[0.0,0.0,0.0,1.0]]","[[1.0,0.0,0.0,2.1562425808952196e-05],[0.0,1.0,0.0,-0.009995664172670695],[0.0,0.0,1.0,0.0002936542337183568],[0.0,0.0,0.0,1.0]]",source/query_to_target/map,LEFT: T_initial=Delta_T@T_star,true,true,false,false,true,true,ASSUMED_METERS_FROM_SCALE,"[[1.0,9.460360161028802e-05,-7.523129897890612e-05,0.0006911656819283962],[-9.462219895794988e-05,0.9999999403953552,-0.00024749813019298017,0.00014981837011873722],[7.520787767134607e-05,0.0002475052315276116,0.9999999403953552,-8.386822446482256e-05],[0.0,0.0,0.0,1.0]]",0.01,0.00071217232674084,0.0,0.015781495537073986,0.0006911656819283962,0.00014981837011873722,-8.386822446482256e-05,0.928782767325916,true,true,true,0.00042697652868169415,,15835,6,1598.039981,1.15.1,
CP-W_TEST_01_Q01-S-30MM-POS-O3D,W_TEST_01,Weak,W_TEST_01_Q01,open3d,/home/lj/zero_perturbation_runtime/real_data/mid360_two_scene_pilot_v1/canonical_sources/W_TEST_01_Q01/source_points.npy,65ebda34614b838d33dd81dc414777206d9f91cef865ef71c6579a880d65a3d5,2ea42e63a9fc6d6d1697c88d02e10e52e26765c2c311ab5381f42d381cfa8692,/home/lj/zero_perturbation_runtime/real_data/mid360_two_scene_pilot_v1/target_maps/W_TEST_01/target_points.npy,d4438aba190de47a85fb6188ddc3b39dbfd6e39d3fdb5fa264bf425912e6c02e,e94c88ddc68916220d35f10c3da8fbaa53e6de526a6a0afc3a91899d5ce7a66a,6a1ebdee6b34390f1430eab371e1c4108db1f124b59b7239d74785efa6474af9,0.08578788512096867,0.22004912527587553,0.6941629896031555,8.091620263447723,0.7256618622449226,strong,-0.0021562425808952196,0.9995664172670695,-0.02936542337183568,lambda_max,TARGET_FRAME,1,0.03,-6.468727742685658e-05,0.029986992518012085,-0.0008809627011550703,"[[1.0,0.0,0.0,0.0],[0.0,1.0,0.0,0.0],[0.0,0.0,1.0,0.0],[0.0,0.0,0.0,1.0]]","[[1.0,0.0,0.0,-6.468727742685658e-05],[0.0,1.0,0.0,0.029986992518012085],[0.0,0.0,1.0,-0.0008809627011550703],[0.0,0.0,0.0,1.0]]",source/query_to_target/map,LEFT: T_initial=Delta_T@T_star,true,true,false,false,true,true,ASSUMED_METERS_FROM_SCALE,"[[0.9999999912165668,0.00011254526646365912,-7.000306397033824e-05,0.0006873384127319579],[-0.00011256237825732914,0.9999999637777598,-0.0002444876074967882,0.00014876510010465352],[6.997554551173765e-05,0.0002444954850607135,0.99999996766269,-0.00010371460944276588],[0.0,0.0,0.0,1.0]]",0.030000000000000002,0.0007108599502278211,0.0,0.01593430383423623,0.0006873384127319579,0.00014876510010465352,-0.00010371460944276588,0.9763046683257393,true,true,true,1.0,0.020663913826528164,15835,,56.149339000512555,0.19.0+b012259,
CP-W_TEST_01_Q01-S-30MM-POS-PCL,W_TEST_01,Weak,W_TEST_01_Q01,pcl,/home/lj/zero_perturbation_runtime/real_data/mid360_two_scene_pilot_v1/canonical_sources/W_TEST_01_Q01/source_points.npy,65ebda34614b838d33dd81dc414777206d9f91cef865ef71c6579a880d65a3d5,2ea42e63a9fc6d6d1697c88d02e10e52e26765c2c311ab5381f42d381cfa8692,/home/lj/zero_perturbation_runtime/real_data/mid360_two_scene_pilot_v1/target_maps/W_TEST_01/target_points.npy,d4438aba190de47a85fb6188ddc3b39dbfd6e39d3fdb5fa264bf425912e6c02e,e94c88ddc68916220d35f10c3da8fbaa53e6de526a6a0afc3a91899d5ce7a66a,6a1ebdee6b34390f1430eab371e1c4108db1f124b59b7239d74785efa6474af9,0.08578788512096867,0.22004912527587553,0.6941629896031555,8.091620263447723,0.7256618622449226,strong,-0.0021562425808952196,0.9995664172670695,-0.02936542337183568,lambda_max,TARGET_FRAME,1,0.03,-6.468727742685658e-05,0.029986992518012085,-0.0008809627011550703,"[[1.0,0.0,0.0,0.0],[0.0,1.0,0.0,0.0],[0.0,0.0,1.0,0.0],[0.0,0.0,0.0,1.0]]","[[1.0,0.0,0.0,-6.468727742685658e-05],[0.0,1.0,0.0,0.029986992518012085],[0.0,0.0,1.0,-0.0008809627011550703],[0.0,0.0,0.0,1.0]]",source/query_to_target/map,LEFT: T_initial=Delta_T@T_star,true,true,false,false,true,true,ASSUMED_METERS_FROM_SCALE,"[[1.0,9.459735156269744e-05,-7.523764361394569e-05,0.0006912483950145543],[-9.461597801418975e-05,0.9999999403953552,-0.0002475867804605514,0.00014972621283959597],[7.521420775447041e-05,0.0002475938235875219,0.9999999403953552,-8.361673098988831e-05],[0.0,0.0,0.0,1.0]]",0.030000000000000002,0.0007122036507368665,0.0,0.0157860347518429,0.0006912483950145543,0.00014972621283959597,-8.361673098988831e-05,0.9762598783087711,true,true,true,0.00042697656542857725,,15835,7,1273.493154,1.15.1,
CP-W_TEST_01_Q01-S-30MM-NEG-O3D,W_TEST_01,Weak,W_TEST_01_Q01,open3d,/home/lj/zero_perturbation_runtime/real_data/mid360_two_scene_pilot_v1/canonical_sources/W_TEST_01_Q01/source_points.npy,65ebda34614b838d33dd81dc414777206d9f91cef865ef71c6579a880d65a3d5,2ea42e63a9fc6d6d1697c88d02e10e52e26765c2c311ab5381f42d381cfa8692,/home/lj/zero_perturbation_runtime/real_data/mid360_two_scene_pilot_v1/target_maps/W_TEST_01/target_points.npy,d4438aba190de47a85fb6188ddc3b39dbfd6e39d3fdb5fa264bf425912e6c02e,e94c88ddc68916220d35f10c3da8fbaa53e6de526a6a0afc3a91899d5ce7a66a,6a1ebdee6b34390f1430eab371e1c4108db1f124b59b7239d74785efa6474af9,0.08578788512096867,0.22004912527587553,0.6941629896031555,8.091620263447723,0.7256618622449226,strong,-0.0021562425808952196,0.9995664172670695,-0.02936542337183568,lambda_max,TARGET_FRAME,-1,0.03,6.468727742685658e-05,-0.029986992518012085,0.0008809627011550703,"[[1.0,0.0,0.0,0.0],[0.0,1.0,0.0,0.0],[0.0,0.0,1.0,0.0],[0.0,0.0,0.0,1.0]]","[[1.0,0.0,0.0,6.468727742685658e-05],[0.0,1.0,0.0,-0.029986992518012085],[0.0,0.0,1.0,0.0008809627011550703],[0.0,0.0,0.0,1.0]]",source/query_to_target/map,LEFT: T_initial=Delta_T@T_star,true,true,false,false,true,true,ASSUMED_METERS_FROM_SCALE,"[[0.9999999912246654,0.00011247697380491218,-6.999714055644424e-05,0.0006882981847547412],[-0.00011249404029389703,0.9999999639385028,-0.00024386078866099324,0.00014837453130371898],[6.996970930870425e-05,0.00024386866078218334,0.9999999678161574,-0.0001021000779055113],[0.0,0.0,0.0,1.0]]",0.030000000000000002,0.0007114729921680666,0.0,0.015901067919486665,0.0006882981847547412,0.00014837453130371898,-0.0001021000779055113,0.9762842335943978,true,true,true,1.0,0.020663905353930527,15835,,47.39425899970229,0.19.0+b012259,
CP-W_TEST_01_Q01-S-30MM-NEG-PCL,W_TEST_01,Weak,W_TEST_01_Q01,pcl,/home/lj/zero_perturbation_runtime/real_data/mid360_two_scene_pilot_v1/canonical_sources/W_TEST_01_Q01/source_points.npy,65ebda34614b838d33dd81dc414777206d9f91cef865ef71c6579a880d65a3d5,2ea42e63a9fc6d6d1697c88d02e10e52e26765c2c311ab5381f42d381cfa8692,/home/lj/zero_perturbation_runtime/real_data/mid360_two_scene_pilot_v1/target_maps/W_TEST_01/target_points.npy,d4438aba190de47a85fb6188ddc3b39dbfd6e39d3fdb5fa264bf425912e6c02e,e94c88ddc68916220d35f10c3da8fbaa53e6de526a6a0afc3a91899d5ce7a66a,6a1ebdee6b34390f1430eab371e1c4108db1f124b59b7239d74785efa6474af9,0.08578788512096867,0.22004912527587553,0.6941629896031555,8.091620263447723,0.7256618622449226,strong,-0.0021562425808952196,0.9995664172670695,-0.02936542337183568,lambda_max,TARGET_FRAME,-1,0.03,6.468727742685658e-05,-0.029986992518012085,0.0008809627011550703,"[[1.0,0.0,0.0,0.0],[0.0,1.0,0.0,0.0],[0.0,0.0,1.0,0.0],[0.0,0.0,0.0,1.0]]","[[1.0,0.0,0.0,6.468727742685658e-05],[0.0,1.0,0.0,-0.029986992518012085],[0.0,0.0,1.0,0.0008809627011550703],[0.0,0.0,0.0,1.0]]",source/query_to_target/map,LEFT: T_initial=Delta_T@T_star,true,true,false,false,true,true,ASSUMED_METERS_FROM_SCALE,"[[1.0,9.467745258007199e-05,-7.523538079112768e-05,0.0006910564261488616],[-9.469605720369145e-05,1.0,-0.0002471741463523358,0.00014965439913794398],[7.521196675952524e-05,0.0002471812767907977,1.0,-8.39184140204452e-05],[0.0,0.0,0.0,1.0]]",0.030000000000000002,0.0007120377261877933,0.0,0.015766337002596765,0.0006910564261488616,0.00014965439913794398,-8.39184140204452e-05,0.9762654091270736,true,true,true,0.00042697662041313913,,15835,6,1609.016011,1.15.1,
CP-W_TEST_01_Q01-S-50MM-POS-O3D,W_TEST_01,Weak,W_TEST_01_Q01,open3d,/home/lj/zero_perturbation_runtime/real_data/mid360_two_scene_pilot_v1/canonical_sources/W_TEST_01_Q01/source_points.npy,65ebda34614b838d33dd81dc414777206d9f91cef865ef71c6579a880d65a3d5,2ea42e63a9fc6d6d1697c88d02e10e52e26765c2c311ab5381f42d381cfa8692,/home/lj/zero_perturbation_runtime/real_data/mid360_two_scene_pilot_v1/target_maps/W_TEST_01/target_points.npy,d4438aba190de47a85fb6188ddc3b39dbfd6e39d3fdb5fa264bf425912e6c02e,e94c88ddc68916220d35f10c3da8fbaa53e6de526a6a0afc3a91899d5ce7a66a,6a1ebdee6b34390f1430eab371e1c4108db1f124b59b7239d74785efa6474af9,0.08578788512096867,0.22004912527587553,0.6941629896031555,8.091620263447723,0.7256618622449226,strong,-0.0021562425808952196,0.9995664172670695,-0.02936542337183568,lambda_max,TARGET_FRAME,1,0.05,-0.00010781212904476098,0.04997832086335348,-0.001468271168591784,"[[1.0,0.0,0.0,0.0],[0.0,1.0,0.0,0.0],[0.0,0.0,1.0,0.0],[0.0,0.0,0.0,1.0]]","[[1.0,0.0,0.0,-0.00010781212904476098],[0.0,1.0,0.0,0.04997832086335348],[0.0,0.0,1.0,-0.001468271168591784],[0.0,0.0,0.0,1.0]]",source/query_to_target/map,LEFT: T_initial=Delta_T@T_star,true,true,false,false,true,true,ASSUMED_METERS_FROM_SCALE,"[[0.9999999912165671,0.00011254526616443086,-7.000306280941956e-05,0.0006873384104271444],[-0.00011256237795250405,0.9999999637777781,-0.00024448753157115145,0.00014876503658223648],[6.997554435943855e-05,0.0002444954091349255,0.9999999676627085,-0.00010371461814880518],[0.0,0.0,0.0,1.0]]",0.05000000000000001,0.0007108599359758435,0.0,0.0159342999861455,0.0006873384104271444,0.00014876503658223648,-0.00010371461814880518,0.9857828012804831,true,true,true,1.0,0.020663913826013208,15835,,43.70695899979182,0.19.0+b012259,
CP-W_TEST_01_Q01-S-50MM-POS-PCL,W_TEST_01,Weak,W_TEST_01_Q01,pcl,/home/lj/zero_perturbation_runtime/real_data/mid360_two_scene_pilot_v1/canonical_sources/W_TEST_01_Q01/source_points.npy,65ebda34614b838d33dd81dc414777206d9f91cef865ef71c6579a880d65a3d5,2ea42e63a9fc6d6d1697c88d02e10e52e26765c2c311ab5381f42d381cfa8692,/home/lj/zero_perturbation_runtime/real_data/mid360_two_scene_pilot_v1/target_maps/W_TEST_01/target_points.npy,d4438aba190de47a85fb6188ddc3b39dbfd6e39d3fdb5fa264bf425912e6c02e,e94c88ddc68916220d35f10c3da8fbaa53e6de526a6a0afc3a91899d5ce7a66a,6a1ebdee6b34390f1430eab371e1c4108db1f124b59b7239d74785efa6474af9,0.08578788512096867,0.22004912527587553,0.6941629896031555,8.091620263447723,0.7256618622449226,strong,-0.0021562425808952196,0.9995664172670695,-0.02936542337183568,lambda_max,TARGET_FRAME,1,0.05,-0.00010781212904476098,0.04997832086335348,-0.001468271168591784,"[[1.0,0.0,0.0,0.0],[0.0,1.0,0.0,0.0],[0.0,0.0,1.0,0.0],[0.0,0.0,0.0,1.0]]","[[1.0,0.0,0.0,-0.00010781212904476098],[0.0,1.0,0.0,0.04997832086335348],[0.0,0.0,1.0,-0.001468271168591784],[0.0,0.0,0.0,1.0]]",source/query_to_target/map,LEFT: T_initial=Delta_T@T_star,true,true,false,false,true,true,ASSUMED_METERS_FROM_SCALE,"[[1.0,9.460398723604158e-05,-7.524309330619872e-05,0.0006912215030752122],[-9.462259185966104e-05,0.9999999403953552,-0.00024750042939558625,0.0001497319753980264],[7.521967199863866e-05,0.00024750750162638724,0.9999999403953552,-8.368487033294514e-05],[0.0,0.0,0.0,1.0]]",0.05000000000000001,0.0007121867650362457,0.0,0.015781805378475563,0.0006912215030752122,0.0001497319753980264,-8.368487033294514e-05,0.9857562646992751,true,true,true,0.0004269765512928467,,15835,7,1660.086166,1.15.1,
CP-W_TEST_01_Q01-S-50MM-NEG-O3D,W_TEST_01,Weak,W_TEST_01_Q01,open3d,/home/lj/zero_perturbation_runtime/real_data/mid360_two_scene_pilot_v1/canonical_sources/W_TEST_01_Q01/source_points.npy,65ebda34614b838d33dd81dc414777206d9f91cef865ef71c6579a880d65a3d5,2ea42e63a9fc6d6d1697c88d02e10e52e26765c2c311ab5381f42d381cfa8692,/home/lj/zero_perturbation_runtime/real_data/mid360_two_scene_pilot_v1/target_maps/W_TEST_01/target_points.npy,d4438aba190de47a85fb6188ddc3b39dbfd6e39d3fdb5fa264bf425912e6c02e,e94c88ddc68916220d35f10c3da8fbaa53e6de526a6a0afc3a91899d5ce7a66a,6a1ebdee6b34390f1430eab371e1c4108db1f124b59b7239d74785efa6474af9,0.08578788512096867,0.22004912527587553,0.6941629896031555,8.091620263447723,0.7256618622449226,strong,-0.0021562425808952196,0.9995664172670695,-0.02936542337183568,lambda_max,TARGET_FRAME,-1,0.05,0.00010781212904476098,-0.04997832086335348,0.001468271168591784,"[[1.0,0.0,0.0,0.0],[0.0,1.0,0.0,0.0],[0.0,0.0,1.0,0.0],[0.0,0.0,0.0,1.0]]","[[1.0,0.0,0.0,0.00010781212904476098],[0.0,1.0,0.0,-0.04997832086335348],[0.0,0.0,1.0,0.001468271168591784],[0.0,0.0,0.0,1.0]]",source/query_to_target/map,LEFT: T_initial=Delta_T@T_star,true,true,false,false,true,true,ASSUMED_METERS_FROM_SCALE,"[[0.9999999909873201,0.00011442718796490955,-7.022662233001321e-05,0.0006748346396027354],[-0.00011444428918959098,0.9999999637907215,-0.0002435591516447861,0.0001478380623273281],[7.019874999833208e-05,0.00024356718648553985,0.99999996787358,-0.00010354186365531708],[0.0,0.0,0.0,1.0]]",0.05000000000000001,0.0006985547945649425,0.0,0.015934859564983726,0.0006748346396027354,0.0001478380623273281,-0.00010354186365531708,0.9860289041087011,true,true,true,1.0,0.02066400414273144,15835,,36.563745999956154,0.19.0+b012259,
CP-W_TEST_01_Q01-S-50MM-NEG-PCL,W_TEST_01,Weak,W_TEST_01_Q01,pcl,/home/lj/zero_perturbation_runtime/real_data/mid360_two_scene_pilot_v1/canonical_sources/W_TEST_01_Q01/source_points.npy,65ebda34614b838d33dd81dc414777206d9f91cef865ef71c6579a880d65a3d5,2ea42e63a9fc6d6d1697c88d02e10e52e26765c2c311ab5381f42d381cfa8692,/home/lj/zero_perturbation_runtime/real_data/mid360_two_scene_pilot_v1/target_maps/W_TEST_01/target_points.npy,d4438aba190de47a85fb6188ddc3b39dbfd6e39d3fdb5fa264bf425912e6c02e,e94c88ddc68916220d35f10c3da8fbaa53e6de526a6a0afc3a91899d5ce7a66a,6a1ebdee6b34390f1430eab371e1c4108db1f124b59b7239d74785efa6474af9,0.08578788512096867,0.22004912527587553,0.6941629896031555,8.091620263447723,0.7256618622449226,strong,-0.0021562425808952196,0.9995664172670695,-0.02936542337183568,lambda_max,TARGET_FRAME,-1,0.05,0.00010781212904476098,-0.04997832086335348,0.001468271168591784,"[[1.0,0.0,0.0,0.0],[0.0,1.0,0.0,0.0],[0.0,0.0,1.0,0.0],[0.0,0.0,0.0,1.0]]","[[1.0,0.0,0.0,0.00010781212904476098],[0.0,1.0,0.0,-0.04997832086335348],[0.0,0.0,1.0,0.001468271168591784],[0.0,0.0,0.0,1.0]]",source/query_to_target/map,LEFT: T_initial=Delta_T@T_star,true,true,false,false,true,true,ASSUMED_METERS_FROM_SCALE,"[[1.0,9.491893433732912e-05,-7.530851871706545e-05,0.0006915411213412881],[-9.493760444456711e-05,0.9999999403953552,-0.00024791195755824447,0.0001497529592597857],[7.528496644226834e-05,0.0002479191171005368,0.9999999403953552,-8.401996456086636e-05],[0.0,0.0,0.0,1.0]]",0.05000000000000001,0.0007125408239236811,0.0,0.015810219316360157,0.0006915411213412881,0.0001497529592597857,-8.401996456086636e-05,0.9857491835215264,true,true,true,0.00042697710435476917,,15835,6,1261.829713,1.15.1,
CP-W_TEST_01_Q02-W-10MM-POS-O3D,W_TEST_01,Weak,W_TEST_01_Q02,open3d,/home/lj/zero_perturbation_runtime/real_data/mid360_two_scene_pilot_v1/canonical_sources/W_TEST_01_Q02/source_points.npy,8b779def96121339250a907c5ae70965e42ad304c216febb720cb2db39ed6650,71c8caafe4cf606b9e0f00d3f17ffb68e76f03f4b262cafcc83daf83531778a8,/home/lj/zero_perturbation_runtime/real_data/mid360_two_scene_pilot_v1/target_maps/W_TEST_01/target_points.npy,d4438aba190de47a85fb6188ddc3b39dbfd6e39d3fdb5fa264bf425912e6c02e,e94c88ddc68916220d35f10c3da8fbaa53e6de526a6a0afc3a91899d5ce7a66a,6a1ebdee6b34390f1430eab371e1c4108db1f124b59b7239d74785efa6474af9,0.08631219500455578,0.22149326106409256,0.6921945439313519,8.019660998017907,0.7281615842462449,weak,0.9997502067423484,0.0036546382054953694,-0.022049211736896838,lambda_min,TARGET_FRAME,1,0.01,0.009997502067423484,3.654638205495369e-05,-0.0002204921173689684,"[[1.0,0.0,0.0,0.0],[0.0,1.0,0.0,0.0],[0.0,0.0,1.0,0.0],[0.0,0.0,0.0,1.0]]","[[1.0,0.0,0.0,0.009997502067423484],[0.0,1.0,0.0,3.654638205495369e-05],[0.0,0.0,1.0,-0.0002204921173689684],[0.0,0.0,0.0,1.0]]",source/query_to_target/map,LEFT: T_initial=Delta_T@T_star,true,true,false,false,true,true,ASSUMED_METERS_FROM_SCALE,"[[0.9999999963869425,6.28594206334109e-05,5.722594168898993e-05,0.000402131538885236],[-6.2845459191138e-05,0.9999999682719523,-0.00024393962805126888,0.0001864966661333588],[-5.724127377701136e-05,0.00024393603077931775,0.9999999686093242,-9.046791415803074e-05],[0.0,0.0,0.0,1.0]]",0.009999999999999998,0.00045241046024287543,0.0,0.01480092952973101,0.000402131538885236,0.0001864966661333588,-9.046791415803074e-05,0.9547589539757124,true,true,true,1.0,0.02063266632455658,15893,,42.35004100064543,0.19.0+b012259,
CP-W_TEST_01_Q02-W-10MM-POS-PCL,W_TEST_01,Weak,W_TEST_01_Q02,pcl,/home/lj/zero_perturbation_runtime/real_data/mid360_two_scene_pilot_v1/canonical_sources/W_TEST_01_Q02/source_points.npy,8b779def96121339250a907c5ae70965e42ad304c216febb720cb2db39ed6650,71c8caafe4cf606b9e0f00d3f17ffb68e76f03f4b262cafcc83daf83531778a8,/home/lj/zero_perturbation_runtime/real_data/mid360_two_scene_pilot_v1/target_maps/W_TEST_01/target_points.npy,d4438aba190de47a85fb6188ddc3b39dbfd6e39d3fdb5fa264bf425912e6c02e,e94c88ddc68916220d35f10c3da8fbaa53e6de526a6a0afc3a91899d5ce7a66a,6a1ebdee6b34390f1430eab371e1c4108db1f124b59b7239d74785efa6474af9,0.08631219500455578,0.22149326106409256,0.6921945439313519,8.019660998017907,0.7281615842462449,weak,0.9997502067423484,0.0036546382054953694,-0.022049211736896838,lambda_min,TARGET_FRAME,1,0.01,0.009997502067423484,3.654638205495369e-05,-0.0002204921173689684,"[[1.0,0.0,0.0,0.0],[0.0,1.0,0.0,0.0],[0.0,0.0,1.0,0.0],[0.0,0.0,0.0,1.0]]","[[1.0,0.0,0.0,0.009997502067423484],[0.0,1.0,0.0,3.654638205495369e-05],[0.0,0.0,1.0,-0.0002204921173689684],[0.0,0.0,0.0,1.0]]",source/query_to_target/map,LEFT: T_initial=Delta_T@T_star,true,true,false,false,true,true,ASSUMED_METERS_FROM_SCALE,"[[1.0,4.216002344037406e-05,4.3136747990502045e-05,0.0006145300576463342],[-4.214994260109961e-05,1.0,-0.00023370842973235995,0.00017473433399572968],[-4.314659599913284e-05,0.0002337066107429564,1.0,-8.260033064289019e-05],[0.0,0.0,0.0,1.0]]",0.009999999999999998,0.0006442065614770256,0.0,0.013829241658963348,0.0006145300576463342,0.00017473433399572968,-8.260033064289019e-05,0.9355793438522975,true,true,true,0.00042556071391159207,,15893,10,1692.157609,1.15.1,
CP-W_TEST_01_Q02-W-10MM-NEG-O3D,W_TEST_01,Weak,W_TEST_01_Q02,open3d,/home/lj/zero_perturbation_runtime/real_data/mid360_two_scene_pilot_v1/canonical_sources/W_TEST_01_Q02/source_points.npy,8b779def96121339250a907c5ae70965e42ad304c216febb720cb2db39ed6650,71c8caafe4cf606b9e0f00d3f17ffb68e76f03f4b262cafcc83daf83531778a8,/home/lj/zero_perturbation_runtime/real_data/mid360_two_scene_pilot_v1/target_maps/W_TEST_01/target_points.npy,d4438aba190de47a85fb6188ddc3b39dbfd6e39d3fdb5fa264bf425912e6c02e,e94c88ddc68916220d35f10c3da8fbaa53e6de526a6a0afc3a91899d5ce7a66a,6a1ebdee6b34390f1430eab371e1c4108db1f124b59b7239d74785efa6474af9,0.08631219500455578,0.22149326106409256,0.6921945439313519,8.019660998017907,0.7281615842462449,weak,0.9997502067423484,0.0036546382054953694,-0.022049211736896838,lambda_min,TARGET_FRAME,-1,0.01,-0.009997502067423484,-3.654638205495369e-05,0.0002204921173689684,"[[1.0,0.0,0.0,0.0],[0.0,1.0,0.0,0.0],[0.0,0.0,1.0,0.0],[0.0,0.0,0.0,1.0]]","[[1.0,0.0,0.0,-0.009997502067423484],[0.0,1.0,0.0,-3.654638205495369e-05],[0.0,0.0,1.0,0.0002204921173689684],[0.0,0.0,0.0,1.0]]",source/query_to_target/map,LEFT: T_initial=Delta_T@T_star,true,true,false,false,true,true,ASSUMED_METERS_FROM_SCALE,"[[0.9999999963830183,6.29096750759658e-05,5.723928931708749e-05,0.0004015730077103844],[-6.289575123014859e-05,0.9999999684425983,-0.0002432260814245178,0.00018506471369349444],[-5.725458878451669e-05,0.000243222480436672,0.9999999687823681,-9.04888440165682e-05],[0.0,0.0,0.0,1.0]]",0.009999999999999998,0.00045132921428539763,0.0,0.014763201908333995,0.0004015730077103844,0.00018506471369349444,-9.04888440165682e-05,0.9548670785714602,true,true,true,1.0,0.020632668744103723,15893,,38.220682999963174,0.19.0+b012259,
CP-W_TEST_01_Q02-W-10MM-NEG-PCL,W_TEST_01,Weak,W_TEST_01_Q02,pcl,/home/lj/zero_perturbation_runtime/real_data/mid360_two_scene_pilot_v1/canonical_sources/W_TEST_01_Q02/source_points.npy,8b779def96121339250a907c5ae70965e42ad304c216febb720cb2db39ed6650,71c8caafe4cf606b9e0f00d3f17ffb68e76f03f4b262cafcc83daf83531778a8,/home/lj/zero_perturbation_runtime/real_data/mid360_two_scene_pilot_v1/target_maps/W_TEST_01/target_points.npy,d4438aba190de47a85fb6188ddc3b39dbfd6e39d3fdb5fa264bf425912e6c02e,e94c88ddc68916220d35f10c3da8fbaa53e6de526a6a0afc3a91899d5ce7a66a,6a1ebdee6b34390f1430eab371e1c4108db1f124b59b7239d74785efa6474af9,0.08631219500455578,0.22149326106409256,0.6921945439313519,8.019660998017907,0.7281615842462449,weak,0.9997502067423484,0.0036546382054953694,-0.022049211736896838,lambda_min,TARGET_FRAME,-1,0.01,-0.009997502067423484,-3.654638205495369e-05,0.0002204921173689684,"[[1.0,0.0,0.0,0.0],[0.0,1.0,0.0,0.0],[0.0,0.0,1.0,0.0],[0.0,0.0,0.0,1.0]]","[[1.0,0.0,0.0,-0.009997502067423484],[0.0,1.0,0.0,-3.654638205495369e-05],[0.0,0.0,1.0,0.0002204921173689684],[0.0,0.0,0.0,1.0]]",source/query_to_target/map,LEFT: T_initial=Delta_T@T_star,true,true,false,false,true,true,ASSUMED_METERS_FROM_SCALE,"[[1.0,4.220918344799429e-05,4.289545177016407e-05,0.0005938708782196045],[-4.219914262648672e-05,1.0,-0.00023401780345011503,0.00017527324962429702],[-4.290533615858294e-05,0.0002340159990126267,1.0,-9.876607509795576e-05],[0.0,0.0,0.0,1.0]]",0.009999999999999998,0.0006270231810877813,0.0,0.013844436856394509,0.0005938708782196045,0.00017527324962429702,-9.876607509795576e-05,0.9372976818912219,true,true,true,0.0004255565854539303,,15893,7,1268.769902,1.15.1,
CP-W_TEST_01_Q02-W-30MM-POS-O3D,W_TEST_01,Weak,W_TEST_01_Q02,open3d,/home/lj/zero_perturbation_runtime/real_data/mid360_two_scene_pilot_v1/canonical_sources/W_TEST_01_Q02/source_points.npy,8b779def96121339250a907c5ae70965e42ad304c216febb720cb2db39ed6650,71c8caafe4cf606b9e0f00d3f17ffb68e76f03f4b262cafcc83daf83531778a8,/home/lj/zero_perturbation_runtime/real_data/mid360_two_scene_pilot_v1/target_maps/W_TEST_01/target_points.npy,d4438aba190de47a85fb6188ddc3b39dbfd6e39d3fdb5fa264bf425912e6c02e,e94c88ddc68916220d35f10c3da8fbaa53e6de526a6a0afc3a91899d5ce7a66a,6a1ebdee6b34390f1430eab371e1c4108db1f124b59b7239d74785efa6474af9,0.08631219500455578,0.22149326106409256,0.6921945439313519,8.019660998017907,0.7281615842462449,weak,0.9997502067423484,0.0036546382054953694,-0.022049211736896838,lambda_min,TARGET_FRAME,1,0.03,0.02999250620227045,0.00010963914616486108,-0.0006614763521069051,"[[1.0,0.0,0.0,0.0],[0.0,1.0,0.0,0.0],[0.0,0.0,1.0,0.0],[0.0,0.0,0.0,1.0]]","[[1.0,0.0,0.0,0.02999250620227045],[0.0,1.0,0.0,0.00010963914616486108],[0.0,0.0,1.0,-0.0006614763521069051],[0.0,0.0,0.0,1.0]]",source/query_to_target/map,LEFT: T_initial=Delta_T@T_star,true,true,false,false,true,true,ASSUMED_METERS_FROM_SCALE,"[[0.999999996383019,6.290967307208296e-05,5.7239273395594316e-05,0.0004015730139027175],[-6.289574922972542e-05,0.9999999684425968,-0.000243226088634954,0.00018506471966417914],[-5.725457286299012e-05,0.00024322248764822442,0.9999999687823673,-9.048884731659583e-05],[0.0,0.0,0.0,1.0]]",0.029999999999999995,0.0004513292229049428,0.0,0.014763202067655181,0.0004015730139027175,0.00018506471966417914,-9.048884731659583e-05,0.9849556925698353,true,true,true,1.0,0.02063266874396038,15893,,40.85329999998066,0.19.0+b012259,
CP-W_TEST_01_Q02-W-30MM-POS-PCL,W_TEST_01,Weak,W_TEST_01_Q02,pcl,/home/lj/zero_perturbation_runtime/real_data/mid360_two_scene_pilot_v1/canonical_sources/W_TEST_01_Q02/source_points.npy,8b779def96121339250a907c5ae70965e42ad304c216febb720cb2db39ed6650,71c8caafe4cf606b9e0f00d3f17ffb68e76f03f4b262cafcc83daf83531778a8,/home/lj/zero_perturbation_runtime/real_data/mid360_two_scene_pilot_v1/target_maps/W_TEST_01/target_points.npy,d4438aba190de47a85fb6188ddc3b39dbfd6e39d3fdb5fa264bf425912e6c02e,e94c88ddc68916220d35f10c3da8fbaa53e6de526a6a0afc3a91899d5ce7a66a,6a1ebdee6b34390f1430eab371e1c4108db1f124b59b7239d74785efa6474af9,0.08631219500455578,0.22149326106409256,0.6921945439313519,8.019660998017907,0.7281615842462449,weak,0.9997502067423484,0.0036546382054953694,-0.022049211736896838,lambda_min,TARGET_FRAME,1,0.03,0.02999250620227045,0.00010963914616486108,-0.0006614763521069051,"[[1.0,0.0,0.0,0.0],[0.0,1.0,0.0,0.0],[0.0,0.0,1.0,0.0],[0.0,0.0,0.0,1.0]]","[[1.0,0.0,0.0,0.02999250620227045],[0.0,1.0,0.0,0.00010963914616486108],[0.0,0.0,1.0,-0.0006614763521069051],[0.0,0.0,0.0,1.0]]",source/query_to_target/map,LEFT: T_initial=Delta_T@T_star,true,true,false,false,true,true,ASSUMED_METERS_FROM_SCALE,"[[1.0,4.0898121369536966e-05,4.2782168748090044e-05,0.0006150304106995463],[-4.088824789505452e-05,1.0,-0.00023078884987626225,0.00017370634304825217],[-4.2791598389158025e-05,0.00023078711819835007,1.0,-8.76727353897877e-05],[0.0,0.0,0.0,1.0]]",0.029999999999999995,0.0006450758158783954,0.0,0.013651080081593128,0.0006150304106995463,0.00017370634304825217,-8.76727353897877e-05,0.9784974728040535,true,true,true,0.0004255512273010075,,15893,9,1306.598087,1.15.1,
CP-W_TEST_01_Q02-W-30MM-NEG-O3D,W_TEST_01,Weak,W_TEST_01_Q02,open3d,/home/lj/zero_perturbation_runtime/real_data/mid360_two_scene_pilot_v1/canonical_sources/W_TEST_01_Q02/source_points.npy,8b779def96121339250a907c5ae70965e42ad304c216febb720cb2db39ed6650,71c8caafe4cf606b9e0f00d3f17ffb68e76f03f4b262cafcc83daf83531778a8,/home/lj/zero_perturbation_runtime/real_data/mid360_two_scene_pilot_v1/target_maps/W_TEST_01/target_points.npy,d4438aba190de47a85fb6188ddc3b39dbfd6e39d3fdb5fa264bf425912e6c02e,e94c88ddc68916220d35f10c3da8fbaa53e6de526a6a0afc3a91899d5ce7a66a,6a1ebdee6b34390f1430eab371e1c4108db1f124b59b7239d74785efa6474af9,0.08631219500455578,0.22149326106409256,0.6921945439313519,8.019660998017907,0.7281615842462449,weak,0.9997502067423484,0.0036546382054953694,-0.022049211736896838,lambda_min,TARGET_FRAME,-1,0.03,-0.02999250620227045,-0.00010963914616486108,0.0006614763521069051,"[[1.0,0.0,0.0,0.0],[0.0,1.0,0.0,0.0],[0.0,0.0,1.0,0.0],[0.0,0.0,0.0,1.0]]","[[1.0,0.0,0.0,-0.02999250620227045],[0.0,1.0,0.0,-0.00010963914616486108],[0.0,0.0,1.0,0.0006614763521069051],[0.0,0.0,0.0,1.0]]",source/query_to_target/map,LEFT: T_initial=Delta_T@T_star,true,true,false,false,true,true,ASSUMED_METERS_FROM_SCALE,"[[0.9999999963830183,6.290967507610109e-05,5.7239289318890004e-05,0.0004015730077101441],[-6.289575123028337e-05,0.9999999684425985,-0.00024322608142621585,0.00018506471369518734],[-5.7254588786319326e-05,0.00024322248043836997,0.9999999687823681,-9.048884401595755e-05],[0.0,0.0,0.0,1.0]]",0.029999999999999995,0.0004513292142857555,0.0,0.014763201908448147,0.0004015730077101441,0.00018506471369518734,-9.048884401595755e-05,0.9849556928571415,true,true,true,1.0,0.020632668744103765,15893,,40.84425899964117,0.19.0+b012259,
CP-W_TEST_01_Q02-W-30MM-NEG-PCL,W_TEST_01,Weak,W_TEST_01_Q02,pcl,/home/lj/zero_perturbation_runtime/real_data/mid360_two_scene_pilot_v1/canonical_sources/W_TEST_01_Q02/source_points.npy,8b779def96121339250a907c5ae70965e42ad304c216febb720cb2db39ed6650,71c8caafe4cf606b9e0f00d3f17ffb68e76f03f4b262cafcc83daf83531778a8,/home/lj/zero_perturbation_runtime/real_data/mid360_two_scene_pilot_v1/target_maps/W_TEST_01/target_points.npy,d4438aba190de47a85fb6188ddc3b39dbfd6e39d3fdb5fa264bf425912e6c02e,e94c88ddc68916220d35f10c3da8fbaa53e6de526a6a0afc3a91899d5ce7a66a,6a1ebdee6b34390f1430eab371e1c4108db1f124b59b7239d74785efa6474af9,0.08631219500455578,0.22149326106409256,0.6921945439313519,8.019660998017907,0.7281615842462449,weak,0.9997502067423484,0.0036546382054953694,-0.022049211736896838,lambda_min,TARGET_FRAME,-1,0.03,-0.02999250620227045,-0.00010963914616486108,0.0006614763521069051,"[[1.0,0.0,0.0,0.0],[0.0,1.0,0.0,0.0],[0.0,0.0,1.0,0.0],[0.0,0.0,0.0,1.0]]","[[1.0,0.0,0.0,-0.02999250620227045],[0.0,1.0,0.0,-0.00010963914616486108],[0.0,0.0,1.0,0.0006614763521069051],[0.0,0.0,0.0,1.0]]",source/query_to_target/map,LEFT: T_initial=Delta_T@T_star,true,true,false,false,true,true,ASSUMED_METERS_FROM_SCALE,"[[1.0,4.215709486743435e-05,4.2885865696007386e-05,0.0005939051625318825],[-4.214703221805394e-05,1.0,-0.00023485177371185273,0.00017706994549371302],[-4.289576463634148e-05,0.00023484995472244918,1.0,-9.877872798824683e-05],[0.0,0.0,0.0,1.0]]",0.029999999999999995,0.0006275622238329394,0.0,0.013890102373310044,0.0005939051625318825,0.00017706994549371302,-9.877872798824683e-05,0.9790812592055687,true,true,true,0.0004255566799735842,,15893,8,1625.006368,1.15.1,
CP-W_TEST_01_Q02-W-50MM-POS-O3D,W_TEST_01,Weak,W_TEST_01_Q02,open3d,/home/lj/zero_perturbation_runtime/real_data/mid360_two_scene_pilot_v1/canonical_sources/W_TEST_01_Q02/source_points.npy,8b779def96121339250a907c5ae70965e42ad304c216febb720cb2db39ed6650,71c8caafe4cf606b9e0f00d3f17ffb68e76f03f4b262cafcc83daf83531778a8,/home/lj/zero_perturbation_runtime/real_data/mid360_two_scene_pilot_v1/target_maps/W_TEST_01/target_points.npy,d4438aba190de47a85fb6188ddc3b39dbfd6e39d3fdb5fa264bf425912e6c02e,e94c88ddc68916220d35f10c3da8fbaa53e6de526a6a0afc3a91899d5ce7a66a,6a1ebdee6b34390f1430eab371e1c4108db1f124b59b7239d74785efa6474af9,0.08631219500455578,0.22149326106409256,0.6921945439313519,8.019660998017907,0.7281615842462449,weak,0.9997502067423484,0.0036546382054953694,-0.022049211736896838,lambda_min,TARGET_FRAME,1,0.05,0.04998751033711742,0.00018273191027476848,-0.001102460586844842,"[[1.0,0.0,0.0,0.0],[0.0,1.0,0.0,0.0],[0.0,0.0,1.0,0.0],[0.0,0.0,0.0,1.0]]","[[1.0,0.0,0.0,0.04998751033711742],[0.0,1.0,0.0,0.00018273191027476848],[0.0,0.0,1.0,-0.001102460586844842],[0.0,0.0,0.0,1.0]]",source/query_to_target/map,LEFT: T_initial=Delta_T@T_star,true,true,false,false,true,true,ASSUMED_METERS_FROM_SCALE,"[[0.9999999963869427,6.285942063311128e-05,5.722594168902645e-05,0.00040213153888419987],[-6.284545919083835e-05,0.9999999682719525,-0.00024393962805034872,0.00018649666613205742],[-5.724127377704779e-05,0.00024393603077839767,0.9999999686093242,-9.046791415761937e-05],[0.0,0.0,0.0,1.0]]",0.05,0.00045241046024133575,0.0,0.014800929529670397,0.00040213153888419987,0.00018649666613205742,-9.046791415761937e-05,0.9909517907951733,true,true,true,1.0,0.02063266632455656,15893,,70.1253249999354,0.19.0+b012259,
CP-W_TEST_01_Q02-W-50MM-POS-PCL,W_TEST_01,Weak,W_TEST_01_Q02,pcl,/home/lj/zero_perturbation_runtime/real_data/mid360_two_scene_pilot_v1/canonical_sources/W_TEST_01_Q02/source_points.npy,8b779def96121339250a907c5ae70965e42ad304c216febb720cb2db39ed6650,71c8caafe4cf606b9e0f00d3f17ffb68e76f03f4b262cafcc83daf83531778a8,/home/lj/zero_perturbation_runtime/real_data/mid360_two_scene_pilot_v1/target_maps/W_TEST_01/target_points.npy,d4438aba190de47a85fb6188ddc3b39dbfd6e39d3fdb5fa264bf425912e6c02e,e94c88ddc68916220d35f10c3da8fbaa53e6de526a6a0afc3a91899d5ce7a66a,6a1ebdee6b34390f1430eab371e1c4108db1f124b59b7239d74785efa6474af9,0.08631219500455578,0.22149326106409256,0.6921945439313519,8.019660998017907,0.7281615842462449,weak,0.9997502067423484,0.0036546382054953694,-0.022049211736896838,lambda_min,TARGET_FRAME,1,0.05,0.04998751033711742,0.00018273191027476848,-0.001102460586844842,"[[1.0,0.0,0.0,0.0],[0.0,1.0,0.0,0.0],[0.0,0.0,1.0,0.0],[0.0,0.0,0.0,1.0]]","[[1.0,0.0,0.0,0.04998751033711742],[0.0,1.0,0.0,0.00018273191027476848],[0.0,0.0,1.0,-0.001102460586844842],[0.0,0.0,0.0,1.0]]",source/query_to_target/map,LEFT: T_initial=Delta_T@T_star,true,true,false,false,true,true,ASSUMED_METERS_FROM_SCALE,"[[1.0,4.090120273758657e-05,4.27848644903861e-05,0.0006149433320388198],[-4.089133290108293e-05,1.0,-0.0002307889808434993,0.00017371971625834703],[-4.2794301407411695e-05,0.00023078724916558713,1.0,-8.780309144640341e-05],[0.0,0.0,0.0,1.0]]",0.05,0.00064501412721229,0.0,0.013651145447039721,0.0006149433320388198,0.00017371971625834703,-8.780309144640341e-05,0.9870997174557542,true,true,true,0.00042555116220083076,,15893,9,1705.08663,1.15.1,
CP-W_TEST_01_Q02-W-50MM-NEG-O3D,W_TEST_01,Weak,W_TEST_01_Q02,open3d,/home/lj/zero_perturbation_runtime/real_data/mid360_two_scene_pilot_v1/canonical_sources/W_TEST_01_Q02/source_points.npy,8b779def96121339250a907c5ae70965e42ad304c216febb720cb2db39ed6650,71c8caafe4cf606b9e0f00d3f17ffb68e76f03f4b262cafcc83daf83531778a8,/home/lj/zero_perturbation_runtime/real_data/mid360_two_scene_pilot_v1/target_maps/W_TEST_01/target_points.npy,d4438aba190de47a85fb6188ddc3b39dbfd6e39d3fdb5fa264bf425912e6c02e,e94c88ddc68916220d35f10c3da8fbaa53e6de526a6a0afc3a91899d5ce7a66a,6a1ebdee6b34390f1430eab371e1c4108db1f124b59b7239d74785efa6474af9,0.08631219500455578,0.22149326106409256,0.6921945439313519,8.019660998017907,0.7281615842462449,weak,0.9997502067423484,0.0036546382054953694,-0.022049211736896838,lambda_min,TARGET_FRAME,-1,0.05,-0.04998751033711742,-0.00018273191027476848,0.001102460586844842,"[[1.0,0.0,0.0,0.0],[0.0,1.0,0.0,0.0],[0.0,0.0,1.0,0.0],[0.0,0.0,0.0,1.0]]","[[1.0,0.0,0.0,-0.04998751033711742],[0.0,1.0,0.0,-0.00018273191027476848],[0.0,0.0,1.0,0.001102460586844842],[0.0,0.0,0.0,1.0]]",source/query_to_target/map,LEFT: T_initial=Delta_T@T_star,true,true,false,false,true,true,ASSUMED_METERS_FROM_SCALE,"[[0.9999999963830183,6.290967507599074e-05,5.723928931706811e-05,0.0004015730077110118],[-6.289575123017354e-05,0.9999999684425985,-0.0002432260814245055,0.00018506471369385638],[-5.725458878449732e-05,0.0002432224804366598,0.9999999687823681,-9.048884401734379e-05],[0.0,0.0,0.0,1.0]]",0.05,0.00045132921428625973,0.0,0.014763201908338597,0.0004015730077110118,0.00018506471369385638,-9.048884401734379e-05,0.9909734157142748,true,true,true,1.0,0.020632668744103685,15893,,50.06218499966053,0.19.0+b012259,
CP-W_TEST_01_Q02-W-50MM-NEG-PCL,W_TEST_01,Weak,W_TEST_01_Q02,pcl,/home/lj/zero_perturbation_runtime/real_data/mid360_two_scene_pilot_v1/canonical_sources/W_TEST_01_Q02/source_points.npy,8b779def96121339250a907c5ae70965e42ad304c216febb720cb2db39ed6650,71c8caafe4cf606b9e0f00d3f17ffb68e76f03f4b262cafcc83daf83531778a8,/home/lj/zero_perturbation_runtime/real_data/mid360_two_scene_pilot_v1/target_maps/W_TEST_01/target_points.npy,d4438aba190de47a85fb6188ddc3b39dbfd6e39d3fdb5fa264bf425912e6c02e,e94c88ddc68916220d35f10c3da8fbaa53e6de526a6a0afc3a91899d5ce7a66a,6a1ebdee6b34390f1430eab371e1c4108db1f124b59b7239d74785efa6474af9,0.08631219500455578,0.22149326106409256,0.6921945439313519,8.019660998017907,0.7281615842462449,weak,0.9997502067423484,0.0036546382054953694,-0.022049211736896838,lambda_min,TARGET_FRAME,-1,0.05,-0.04998751033711742,-0.00018273191027476848,0.001102460586844842,"[[1.0,0.0,0.0,0.0],[0.0,1.0,0.0,0.0],[0.0,0.0,1.0,0.0],[0.0,0.0,0.0,1.0]]","[[1.0,0.0,0.0,-0.04998751033711742],[0.0,1.0,0.0,-0.00018273191027476848],[0.0,0.0,1.0,0.001102460586844842],[0.0,0.0,0.0,1.0]]",source/query_to_target/map,LEFT: T_initial=Delta_T@T_star,true,true,false,false,true,true,ASSUMED_METERS_FROM_SCALE,"[[1.0,4.227056706440635e-05,4.29101382906083e-05,0.000593781063798815],[-4.226052260491997e-05,1.0,-0.00023386006068903953,0.00017509888857603073],[-4.292002267902717e-05,0.00023385824169963598,1.0,-9.881490404950455e-05],[0.0,0.0,0.0,1.0]]",0.05,0.0006268970870636794,0.0,0.01383644805314377,0.000593781063798815,0.00017509888857603073,-9.881490404950455e-05,0.9874620582587265,true,true,true,0.0004255567256301714,,15893,8,1283.74764,1.15.1,
CP-W_TEST_01_Q02-S-10MM-POS-O3D,W_TEST_01,Weak,W_TEST_01_Q02,open3d,/home/lj/zero_perturbation_runtime/real_data/mid360_two_scene_pilot_v1/canonical_sources/W_TEST_01_Q02/source_points.npy,8b779def96121339250a907c5ae70965e42ad304c216febb720cb2db39ed6650,71c8caafe4cf606b9e0f00d3f17ffb68e76f03f4b262cafcc83daf83531778a8,/home/lj/zero_perturbation_runtime/real_data/mid360_two_scene_pilot_v1/target_maps/W_TEST_01/target_points.npy,d4438aba190de47a85fb6188ddc3b39dbfd6e39d3fdb5fa264bf425912e6c02e,e94c88ddc68916220d35f10c3da8fbaa53e6de526a6a0afc3a91899d5ce7a66a,6a1ebdee6b34390f1430eab371e1c4108db1f124b59b7239d74785efa6474af9,0.08631219500455578,0.22149326106409256,0.6921945439313519,8.019660998017907,0.7281615842462449,strong,-0.0043980916596713816,0.9994201496982166,-0.03376419948625519,lambda_max,TARGET_FRAME,1,0.01,-4.3980916596713815e-05,0.009994201496982167,-0.0003376419948625519,"[[1.0,0.0,0.0,0.0],[0.0,1.0,0.0,0.0],[0.0,0.0,1.0,0.0],[0.0,0.0,0.0,1.0]]","[[1.0,0.0,0.0,-4.3980916596713815e-05],[0.0,1.0,0.0,0.009994201496982167],[0.0,0.0,1.0,-0.0003376419948625519],[0.0,0.0,0.0,1.0]]",source/query_to_target/map,LEFT: T_initial=Delta_T@T_star,true,true,false,false,true,true,ASSUMED_METERS_FROM_SCALE,"[[0.9999999963830181,6.290967507585317e-05,5.723928931706817e-05,0.0004015730077106405],[-6.289575123003596e-05,0.9999999684425985,-0.00024322608142521168,0.00018506471369450318],[-5.725458878449737e-05,0.00024322248043736594,0.999999968782368,-9.048884401660183e-05],[0.0,0.0,0.0,1.0]]",0.010000000000000002,0.0004513292142860458,0.0,0.014763201908363695,0.0004015730077106405,0.00018506471369450318,-9.048884401660183e-05,0.9548670785713954,true,true,true,1.0,0.020632668744103702,15893,,40.52786900047067,0.19.0+b012259,
CP-W_TEST_01_Q02-S-10MM-POS-PCL,W_TEST_01,Weak,W_TEST_01_Q02,pcl,/home/lj/zero_perturbation_runtime/real_data/mid360_two_scene_pilot_v1/canonical_sources/W_TEST_01_Q02/source_points.npy,8b779def96121339250a907c5ae70965e42ad304c216febb720cb2db39ed6650,71c8caafe4cf606b9e0f00d3f17ffb68e76f03f4b262cafcc83daf83531778a8,/home/lj/zero_perturbation_runtime/real_data/mid360_two_scene_pilot_v1/target_maps/W_TEST_01/target_points.npy,d4438aba190de47a85fb6188ddc3b39dbfd6e39d3fdb5fa264bf425912e6c02e,e94c88ddc68916220d35f10c3da8fbaa53e6de526a6a0afc3a91899d5ce7a66a,6a1ebdee6b34390f1430eab371e1c4108db1f124b59b7239d74785efa6474af9,0.08631219500455578,0.22149326106409256,0.6921945439313519,8.019660998017907,0.7281615842462449,strong,-0.0043980916596713816,0.9994201496982166,-0.03376419948625519,lambda_max,TARGET_FRAME,1,0.01,-4.3980916596713815e-05,0.009994201496982167,-0.0003376419948625519,"[[1.0,0.0,0.0,0.0],[0.0,1.0,0.0,0.0],[0.0,0.0,1.0,0.0],[0.0,0.0,0.0,1.0]]","[[1.0,0.0,0.0,-4.3980916596713815e-05],[0.0,1.0,0.0,0.009994201496982167],[0.0,0.0,1.0,-0.0003376419948625519],[0.0,0.0,0.0,1.0]]",source/query_to_target/map,LEFT: T_initial=Delta_T@T_star,true,true,false,false,true,true,ASSUMED_METERS_FROM_SCALE,"[[1.0,4.206978337606415e-05,4.312025339459069e-05,0.0006148640532046556],[-4.20596516050864e-05,1.0,-0.0002348094421904534,0.00017755848239175975],[-4.3130119593115523e-05,0.00023480765230488032,1.0,-8.281975897261873e-05],[0.0,0.0,0.0,1.0]]",0.010000000000000002,0.0006453246710523356,0.0,0.013889266777237022,0.0006148640532046556,0.00017755848239175975,-8.281975897261873e-05,0.9354675328947665,true,true,true,0.00042556071886054613,,15893,7,1264.735899,1.15.1,
CP-W_TEST_01_Q02-S-10MM-NEG-O3D,W_TEST_01,Weak,W_TEST_01_Q02,open3d,/home/lj/zero_perturbation_runtime/real_data/mid360_two_scene_pilot_v1/canonical_sources/W_TEST_01_Q02/source_points.npy,8b779def96121339250a907c5ae70965e42ad304c216febb720cb2db39ed6650,71c8caafe4cf606b9e0f00d3f17ffb68e76f03f4b262cafcc83daf83531778a8,/home/lj/zero_perturbation_runtime/real_data/mid360_two_scene_pilot_v1/target_maps/W_TEST_01/target_points.npy,d4438aba190de47a85fb6188ddc3b39dbfd6e39d3fdb5fa264bf425912e6c02e,e94c88ddc68916220d35f10c3da8fbaa53e6de526a6a0afc3a91899d5ce7a66a,6a1ebdee6b34390f1430eab371e1c4108db1f124b59b7239d74785efa6474af9,0.08631219500455578,0.22149326106409256,0.6921945439313519,8.019660998017907,0.7281615842462449,strong,-0.0043980916596713816,0.9994201496982166,-0.03376419948625519,lambda_max,TARGET_FRAME,-1,0.01,4.3980916596713815e-05,-0.009994201496982167,0.0003376419948625519,"[[1.0,0.0,0.0,0.0],[0.0,1.0,0.0,0.0],[0.0,0.0,1.0,0.0],[0.0,0.0,0.0,1.0]]","[[1.0,0.0,0.0,4.3980916596713815e-05],[0.0,1.0,0.0,-0.009994201496982167],[0.0,0.0,1.0,0.0003376419948625519],[0.0,0.0,0.0,1.0]]",source/query_to_target/map,LEFT: T_initial=Delta_T@T_star,true,true,false,false,true,true,ASSUMED_METERS_FROM_SCALE,"[[0.9999999963830183,6.290967507583467e-05,5.723928931705835e-05,0.0004015730077110142],[-6.289575123001746e-05,0.9999999684425986,-0.00024322608142522505,0.0001850647136944509],[-5.7254588784487546e-05,0.00024322248043737938,0.9999999687823681,-9.048884401627415e-05],[0.0,0.0,0.0,1.0]]",0.010000000000000002,0.0004513292142862912,0.0,0.014763201908370069,0.0004015730077110142,0.0001850647136944509,-9.048884401627415e-05,0.9548670785713709,true,true,true,1.0,0.02063266874410369,15893,,37.02496999994764,0.19.0+b012259,
CP-W_TEST_01_Q02-S-10MM-NEG-PCL,W_TEST_01,Weak,W_TEST_01_Q02,pcl,/home/lj/zero_perturbation_runtime/real_data/mid360_two_scene_pilot_v1/canonical_sources/W_TEST_01_Q02/source_points.npy,8b779def96121339250a907c5ae70965e42ad304c216febb720cb2db39ed6650,71c8caafe4cf606b9e0f00d3f17ffb68e76f03f4b262cafcc83daf83531778a8,/home/lj/zero_perturbation_runtime/real_data/mid360_two_scene_pilot_v1/target_maps/W_TEST_01/target_points.npy,d4438aba190de47a85fb6188ddc3b39dbfd6e39d3fdb5fa264bf425912e6c02e,e94c88ddc68916220d35f10c3da8fbaa53e6de526a6a0afc3a91899d5ce7a66a,6a1ebdee6b34390f1430eab371e1c4108db1f124b59b7239d74785efa6474af9,0.08631219500455578,0.22149326106409256,0.6921945439313519,8.019660998017907,0.7281615842462449,strong,-0.0043980916596713816,0.9994201496982166,-0.03376419948625519,lambda_max,TARGET_FRAME,-1,0.01,4.3980916596713815e-05,-0.009994201496982167,0.0003376419948625519,"[[1.0,0.0,0.0,0.0],[0.0,1.0,0.0,0.0],[0.0,0.0,1.0,0.0],[0.0,0.0,0.0,1.0]]","[[1.0,0.0,0.0,4.3980916596713815e-05],[0.0,1.0,0.0,-0.009994201496982167],[0.0,0.0,1.0,0.0003376419948625519],[0.0,0.0,0.0,1.0]]",source/query_to_target/map,LEFT: T_initial=Delta_T@T_star,true,true,false,false,true,true,ASSUMED_METERS_FROM_SCALE,"[[1.0,4.165748759987764e-05,4.3106287193950266e-05,0.0005979596171528101],[-4.1647348552942276e-05,1.0,-0.00023519693058915436,0.00017763106734491885],[-4.3116084270877764e-05,0.00023519514070358127,1.0,-9.945117926690727e-05],[0.0,0.0,0.0,1.0]]",0.010000000000000002,0.0006316637055342098,0.0,0.013906556941052146,0.0005979596171528101,0.00017763106734491885,-9.945117926690727e-05,0.936833629446579,true,true,true,0.00042555316505514757,,15893,6,1505.517445,1.15.1,
CP-W_TEST_01_Q02-S-30MM-POS-O3D,W_TEST_01,Weak,W_TEST_01_Q02,open3d,/home/lj/zero_perturbation_runtime/real_data/mid360_two_scene_pilot_v1/canonical_sources/W_TEST_01_Q02/source_points.npy,8b779def96121339250a907c5ae70965e42ad304c216febb720cb2db39ed6650,71c8caafe4cf606b9e0f00d3f17ffb68e76f03f4b262cafcc83daf83531778a8,/home/lj/zero_perturbation_runtime/real_data/mid360_two_scene_pilot_v1/target_maps/W_TEST_01/target_points.npy,d4438aba190de47a85fb6188ddc3b39dbfd6e39d3fdb5fa264bf425912e6c02e,e94c88ddc68916220d35f10c3da8fbaa53e6de526a6a0afc3a91899d5ce7a66a,6a1ebdee6b34390f1430eab371e1c4108db1f124b59b7239d74785efa6474af9,0.08631219500455578,0.22149326106409256,0.6921945439313519,8.019660998017907,0.7281615842462449,strong,-0.0043980916596713816,0.9994201496982166,-0.03376419948625519,lambda_max,TARGET_FRAME,1,0.03,-0.00013194274979014145,0.029982604490946495,-0.0010129259845876558,"[[1.0,0.0,0.0,0.0],[0.0,1.0,0.0,0.0],[0.0,0.0,1.0,0.0],[0.0,0.0,0.0,1.0]]","[[1.0,0.0,0.0,-0.00013194274979014145],[0.0,1.0,0.0,0.029982604490946495],[0.0,0.0,1.0,-0.0010129259845876558],[0.0,0.0,0.0,1.0]]",source/query_to_target/map,LEFT: T_initial=Delta_T@T_star,true,true,false,false,true,true,ASSUMED_METERS_FROM_SCALE,"[[0.9999999963869426,6.285942063132437e-05,5.7225941688613774e-05,0.00040213153888457294],[-6.28454591890518e-05,0.9999999682719526,-0.00024393962804711988,0.0001864966661302263],[-5.724127377663444e-05,0.00024393603077516883,0.9999999686093243,-9.04679141587458e-05],[0.0,0.0,0.0,1.0]]",0.03,0.0004524104602411378,0.0,0.014800929529467387,0.00040213153888457294,0.0001864966661302263,-9.04679141587458e-05,0.9849196513252954,true,true,true,1.0,0.020632666324556317,15893,,36.762388999704854,0.19.0+b012259,
CP-W_TEST_01_Q02-S-30MM-POS-PCL,W_TEST_01,Weak,W_TEST_01_Q02,pcl,/home/lj/zero_perturbation_runtime/real_data/mid360_two_scene_pilot_v1/canonical_sources/W_TEST_01_Q02/source_points.npy,8b779def96121339250a907c5ae70965e42ad304c216febb720cb2db39ed6650,71c8caafe4cf606b9e0f00d3f17ffb68e76f03f4b262cafcc83daf83531778a8,/home/lj/zero_perturbation_runtime/real_data/mid360_two_scene_pilot_v1/target_maps/W_TEST_01/target_points.npy,d4438aba190de47a85fb6188ddc3b39dbfd6e39d3fdb5fa264bf425912e6c02e,e94c88ddc68916220d35f10c3da8fbaa53e6de526a6a0afc3a91899d5ce7a66a,6a1ebdee6b34390f1430eab371e1c4108db1f124b59b7239d74785efa6474af9,0.08631219500455578,0.22149326106409256,0.6921945439313519,8.019660998017907,0.7281615842462449,strong,-0.0043980916596713816,0.9994201496982166,-0.03376419948625519,lambda_max,TARGET_FRAME,1,0.03,-0.00013194274979014145,0.029982604490946495,-0.0010129259845876558,"[[1.0,0.0,0.0,0.0],[0.0,1.0,0.0,0.0],[0.0,0.0,1.0,0.0],[0.0,0.0,0.0,1.0]]","[[1.0,0.0,0.0,-0.00013194274979014145],[0.0,1.0,0.0,0.029982604490946495],[0.0,0.0,1.0,-0.0010129259845876558],[0.0,0.0,0.0,1.0]]",source/query_to_target/map,LEFT: T_initial=Delta_T@T_star,true,true,false,false,true,true,ASSUMED_METERS_FROM_SCALE,"[[1.0,4.165995051153004e-05,4.3116608139825985e-05,0.0005980098503641784],[-4.164979691267945e-05,0.9999999403953552,-0.00023522712581325322,0.00017769871919881552],[-4.312640521675348e-05,0.0002352253650315106,0.9999999403953552,-9.917803981807083e-05],[0.0,0.0,0.0,1.0]]",0.03,0.0006316873431687875,0.0,0.01390836419928867,0.0005980098503641784,0.00017769871919881552,-9.917803981807083e-05,0.978943755227707,true,true,true,0.0004255533192758137,,15893,6,1270.016723,1.15.1,
CP-W_TEST_01_Q02-S-30MM-NEG-O3D,W_TEST_01,Weak,W_TEST_01_Q02,open3d,/home/lj/zero_perturbation_runtime/real_data/mid360_two_scene_pilot_v1/canonical_sources/W_TEST_01_Q02/source_points.npy,8b779def96121339250a907c5ae70965e42ad304c216febb720cb2db39ed6650,71c8caafe4cf606b9e0f00d3f17ffb68e76f03f4b262cafcc83daf83531778a8,/home/lj/zero_perturbation_runtime/real_data/mid360_two_scene_pilot_v1/target_maps/W_TEST_01/target_points.npy,d4438aba190de47a85fb6188ddc3b39dbfd6e39d3fdb5fa264bf425912e6c02e,e94c88ddc68916220d35f10c3da8fbaa53e6de526a6a0afc3a91899d5ce7a66a,6a1ebdee6b34390f1430eab371e1c4108db1f124b59b7239d74785efa6474af9,0.08631219500455578,0.22149326106409256,0.6921945439313519,8.019660998017907,0.7281615842462449,strong,-0.0043980916596713816,0.9994201496982166,-0.03376419948625519,lambda_max,TARGET_FRAME,-1,0.03,0.00013194274979014145,-0.029982604490946495,0.0010129259845876558,"[[1.0,0.0,0.0,0.0],[0.0,1.0,0.0,0.0],[0.0,0.0,1.0,0.0],[0.0,0.0,0.0,1.0]]","[[1.0,0.0,0.0,0.00013194274979014145],[0.0,1.0,0.0,-0.029982604490946495],[0.0,0.0,1.0,0.0010129259845876558],[0.0,0.0,0.0,1.0]]",source/query_to_target/map,LEFT: T_initial=Delta_T@T_star,true,true,false,false,true,true,ASSUMED_METERS_FROM_SCALE,"[[0.9999999963830194,6.290966824071445e-05,5.723927803790083e-05,0.00040157301340811605],[-6.289574439555591e-05,0.9999999684425898,-0.00024322611783869383,0.00018506474412770884],[-5.7254577505958186e-05,0.00024322251685194882,0.9999999687823599,-9.04888424562197e-05],[0.0,0.0,0.0,1.0]]",0.03,0.00045132923152150893,0.0,0.014763203638623015,0.00040157301340811605,0.00018506474412770884,-9.04888424562197e-05,0.9849556922826164,true,true,true,1.0,0.020632668743818014,15893,,38.41876800015598,0.19.0+b012259,
CP-W_TEST_01_Q02-S-30MM-NEG-PCL,W_TEST_01,Weak,W_TEST_01_Q02,pcl,/home/lj/zero_perturbation_runtime/real_data/mid360_two_scene_pilot_v1/canonical_sources/W_TEST_01_Q02/source_points.npy,8b779def96121339250a907c5ae70965e42ad304c216febb720cb2db39ed6650,71c8caafe4cf606b9e0f00d3f17ffb68e76f03f4b262cafcc83daf83531778a8,/home/lj/zero_perturbation_runtime/real_data/mid360_two_scene_pilot_v1/target_maps/W_TEST_01/target_points.npy,d4438aba190de47a85fb6188ddc3b39dbfd6e39d3fdb5fa264bf425912e6c02e,e94c88ddc68916220d35f10c3da8fbaa53e6de526a6a0afc3a91899d5ce7a66a,6a1ebdee6b34390f1430eab371e1c4108db1f124b59b7239d74785efa6474af9,0.08631219500455578,0.22149326106409256,0.6921945439313519,8.019660998017907,0.7281615842462449,strong,-0.0043980916596713816,0.9994201496982166,-0.03376419948625519,lambda_max,TARGET_FRAME,-1,0.03,0.00013194274979014145,-0.029982604490946495,0.0010129259845876558,"[[1.0,0.0,0.0,0.0],[0.0,1.0,0.0,0.0],[0.0,0.0,1.0,0.0],[0.0,0.0,0.0,1.0]]","[[1.0,0.0,0.0,0.00013194274979014145],[0.0,1.0,0.0,-0.029982604490946495],[0.0,0.0,1.0,0.0010129259845876558],[0.0,0.0,0.0,1.0]]",source/query_to_target/map,LEFT: T_initial=Delta_T@T_star,true,true,false,false,true,true,ASSUMED_METERS_FROM_SCALE,"[[1.0,4.095718759344891e-05,4.277653351891786e-05,0.0006150467088446021],[-4.094726318726316e-05,1.0,-0.0002318649785593152,0.00017611922521609813],[-4.278602500562556e-05,0.0002318632323294878,1.0,-8.763610094320029e-05],[0.0,0.0,0.0,1.0]]",0.03,0.0006457402896984377,0.0,0.013711334232315303,0.0006150467088446021,0.00017611922521609813,-8.763610094320029e-05,0.9784753236767187,true,true,true,0.00042555198576926014,,15893,7,1666.918822,1.15.1,
CP-W_TEST_01_Q02-S-50MM-POS-O3D,W_TEST_01,Weak,W_TEST_01_Q02,open3d,/home/lj/zero_perturbation_runtime/real_data/mid360_two_scene_pilot_v1/canonical_sources/W_TEST_01_Q02/source_points.npy,8b779def96121339250a907c5ae70965e42ad304c216febb720cb2db39ed6650,71c8caafe4cf606b9e0f00d3f17ffb68e76f03f4b262cafcc83daf83531778a8,/home/lj/zero_perturbation_runtime/real_data/mid360_two_scene_pilot_v1/target_maps/W_TEST_01/target_points.npy,d4438aba190de47a85fb6188ddc3b39dbfd6e39d3fdb5fa264bf425912e6c02e,e94c88ddc68916220d35f10c3da8fbaa53e6de526a6a0afc3a91899d5ce7a66a,6a1ebdee6b34390f1430eab371e1c4108db1f124b59b7239d74785efa6474af9,0.08631219500455578,0.22149326106409256,0.6921945439313519,8.019660998017907,0.7281615842462449,strong,-0.0043980916596713816,0.9994201496982166,-0.03376419948625519,lambda_max,TARGET_FRAME,1,0.05,-0.0002199045829835691,0.04997100748491083,-0.0016882099743127596,"[[1.0,0.0,0.0,0.0],[0.0,1.0,0.0,0.0],[0.0,0.0,1.0,0.0],[0.0,0.0,0.0,1.0]]","[[1.0,0.0,0.0,-0.0002199045829835691],[0.0,1.0,0.0,0.04997100748491083],[0.0,0.0,1.0,-0.0016882099743127596],[0.0,0.0,0.0,1.0]]",source/query_to_target/map,LEFT: T_initial=Delta_T@T_star,true,true,false,false,true,true,ASSUMED_METERS_FROM_SCALE,"[[0.9999999963869423,6.285942063130789e-05,5.7225941688612005e-05,0.00040213153888414604],[-6.284545918903537e-05,0.9999999682719526,-0.00024393962804651067,0.00018649666612913343],[-5.724127377663264e-05,0.00024393603077456027,0.9999999686093242,-9.04679141587636e-05],[0.0,0.0,0.0,1.0]]",0.05,0.00045241046024031134,0.0,0.014800929529431843,0.00040213153888414604,0.00018649666612913343,-9.04679141587636e-05,0.9909517907951938,true,true,true,1.0,0.02063266632455633,15893,,41.627558000072895,0.19.0+b012259,
CP-W_TEST_01_Q02-S-50MM-POS-PCL,W_TEST_01,Weak,W_TEST_01_Q02,pcl,/home/lj/zero_perturbation_runtime/real_data/mid360_two_scene_pilot_v1/canonical_sources/W_TEST_01_Q02/source_points.npy,8b779def96121339250a907c5ae70965e42ad304c216febb720cb2db39ed6650,71c8caafe4cf606b9e0f00d3f17ffb68e76f03f4b262cafcc83daf83531778a8,/home/lj/zero_perturbation_runtime/real_data/mid360_two_scene_pilot_v1/target_maps/W_TEST_01/target_points.npy,d4438aba190de47a85fb6188ddc3b39dbfd6e39d3fdb5fa264bf425912e6c02e,e94c88ddc68916220d35f10c3da8fbaa53e6de526a6a0afc3a91899d5ce7a66a,6a1ebdee6b34390f1430eab371e1c4108db1f124b59b7239d74785efa6474af9,0.08631219500455578,0.22149326106409256,0.6921945439313519,8.019660998017907,0.7281615842462449,strong,-0.0043980916596713816,0.9994201496982166,-0.03376419948625519,lambda_max,TARGET_FRAME,1,0.05,-0.0002199045829835691,0.04997100748491083,-0.0016882099743127596,"[[1.0,0.0,0.0,0.0],[0.0,1.0,0.0,0.0],[0.0,0.0,1.0,0.0],[0.0,0.0,0.0,1.0]]","[[1.0,0.0,0.0,-0.0002199045829835691],[0.0,1.0,0.0,0.04997100748491083],[0.0,0.0,1.0,-0.0016882099743127596],[0.0,0.0,0.0,1.0]]",source/query_to_target/map,LEFT: T_initial=Delta_T@T_star,true,true,false,false,true,true,ASSUMED_METERS_FROM_SCALE,"[[1.0,4.166873623034917e-05,4.310447911848314e-05,0.0005980842397548258],[-4.1658597183413804e-05,0.9999999403953552,-0.00023520360991824418,0.0001776961435098201],[-4.311428710934706e-05,0.00023520179092884064,0.9999999403953552,-9.92722125374712e-05],[0.0,0.0,0.0,1.0]]",0.05,0.0006317718333729792,0.0,0.013907020048837265,0.0005980842397548258,0.0001776961435098201,-9.92722125374712e-05,0.9873645633325404,true,true,true,0.0004255532212813166,,15893,6,1264.839762,1.15.1,
CP-W_TEST_01_Q02-S-50MM-NEG-O3D,W_TEST_01,Weak,W_TEST_01_Q02,open3d,/home/lj/zero_perturbation_runtime/real_data/mid360_two_scene_pilot_v1/canonical_sources/W_TEST_01_Q02/source_points.npy,8b779def96121339250a907c5ae70965e42ad304c216febb720cb2db39ed6650,71c8caafe4cf606b9e0f00d3f17ffb68e76f03f4b262cafcc83daf83531778a8,/home/lj/zero_perturbation_runtime/real_data/mid360_two_scene_pilot_v1/target_maps/W_TEST_01/target_points.npy,d4438aba190de47a85fb6188ddc3b39dbfd6e39d3fdb5fa264bf425912e6c02e,e94c88ddc68916220d35f10c3da8fbaa53e6de526a6a0afc3a91899d5ce7a66a,6a1ebdee6b34390f1430eab371e1c4108db1f124b59b7239d74785efa6474af9,0.08631219500455578,0.22149326106409256,0.6921945439313519,8.019660998017907,0.7281615842462449,strong,-0.0043980916596713816,0.9994201496982166,-0.03376419948625519,lambda_max,TARGET_FRAME,-1,0.05,0.0002199045829835691,-0.04997100748491083,0.0016882099743127596,"[[1.0,0.0,0.0,0.0],[0.0,1.0,0.0,0.0],[0.0,0.0,1.0,0.0],[0.0,0.0,0.0,1.0]]","[[1.0,0.0,0.0,0.0002199045829835691],[0.0,1.0,0.0,-0.04997100748491083],[0.0,0.0,1.0,0.0016882099743127596],[0.0,0.0,0.0,1.0]]",source/query_to_target/map,LEFT: T_initial=Delta_T@T_star,true,true,false,false,true,true,ASSUMED_METERS_FROM_SCALE,"[[0.9999999963830182,6.290967507584297e-05,5.723928931706192e-05,0.0004015730077106345],[-6.289575123002576e-05,0.9999999684425983,-0.00024322608142520456,0.00018506471369452115],[-5.72545887844911e-05,0.0002432224804373589,0.999999968782368,-9.048884401663638e-05],[0.0,0.0,0.0,1.0]]",0.05,0.00045132921428605476,0.0,0.01476320190837041,0.0004015730077106345,0.00018506471369452115,-9.048884401663638e-05,0.9909734157142789,true,true,true,1.0,0.020632668744103713,15893,,36.817359999986365,0.19.0+b012259,
CP-W_TEST_01_Q02-S-50MM-NEG-PCL,W_TEST_01,Weak,W_TEST_01_Q02,pcl,/home/lj/zero_perturbation_runtime/real_data/mid360_two_scene_pilot_v1/canonical_sources/W_TEST_01_Q02/source_points.npy,8b779def96121339250a907c5ae70965e42ad304c216febb720cb2db39ed6650,71c8caafe4cf606b9e0f00d3f17ffb68e76f03f4b262cafcc83daf83531778a8,/home/lj/zero_perturbation_runtime/real_data/mid360_two_scene_pilot_v1/target_maps/W_TEST_01/target_points.npy,d4438aba190de47a85fb6188ddc3b39dbfd6e39d3fdb5fa264bf425912e6c02e,e94c88ddc68916220d35f10c3da8fbaa53e6de526a6a0afc3a91899d5ce7a66a,6a1ebdee6b34390f1430eab371e1c4108db1f124b59b7239d74785efa6474af9,0.08631219500455578,0.22149326106409256,0.6921945439313519,8.019660998017907,0.7281615842462449,strong,-0.0043980916596713816,0.9994201496982166,-0.03376419948625519,lambda_max,TARGET_FRAME,-1,0.05,0.0002199045829835691,-0.04997100748491083,0.0016882099743127596,"[[1.0,0.0,0.0,0.0],[0.0,1.0,0.0,0.0],[0.0,0.0,1.0,0.0],[0.0,0.0,0.0,1.0]]","[[1.0,0.0,0.0,0.0002199045829835691],[0.0,1.0,0.0,-0.04997100748491083],[0.0,0.0,1.0,0.0016882099743127596],[0.0,0.0,0.0,1.0]]",source/query_to_target/map,LEFT: T_initial=Delta_T@T_star,true,true,false,false,true,true,ASSUMED_METERS_FROM_SCALE,"[[1.0,4.167214865447022e-05,4.312136661610566e-05,0.0005980416899546981],[-4.166198777966201e-05,0.9999999403953552,-0.00023518485249951482,0.00017771581769920886],[-4.313116369303316e-05,0.00023518293164670467,1.0,-9.926003986038268e-05],[0.0,0.0,0.0,1.0]]",0.05,0.0006317351741809651,0.0,0.013906180696143402,0.0005980416899546981,0.00017771581769920886,-9.926003986038268e-05,0.9873652965163807,true,true,true,0.0004255533112611831,,15893,7,1621.648592,1.15.1,
CP-W_TEST_01_Q03-W-10MM-POS-O3D,W_TEST_01,Weak,W_TEST_01_Q03,open3d,/home/lj/zero_perturbation_runtime/real_data/mid360_two_scene_pilot_v1/canonical_sources/W_TEST_01_Q03/source_points.npy,ae96479c693492eb41170dba28a3b9e68bf113cdfee36225f5849e89074ebd6c,3018641fd1cacd76226055574bf0190043dc9768765460fb371aa77e845693d6,/home/lj/zero_perturbation_runtime/real_data/mid360_two_scene_pilot_v1/target_maps/W_TEST_01/target_points.npy,d4438aba190de47a85fb6188ddc3b39dbfd6e39d3fdb5fa264bf425912e6c02e,e94c88ddc68916220d35f10c3da8fbaa53e6de526a6a0afc3a91899d5ce7a66a,6a1ebdee6b34390f1430eab371e1c4108db1f124b59b7239d74785efa6474af9,0.08834991805176642,0.22035219328538405,0.6912978886628499,7.824544763672573,0.7308146744052483,weak,0.9997899788336795,0.003058795239104854,-0.020264303477691935,lambda_min,TARGET_FRAME,1,0.01,0.009997899788336794,3.058795239104854e-05,-0.00020264303477691937,"[[1.0,0.0,0.0,0.0],[0.0,1.0,0.0,0.0],[0.0,0.0,1.0,0.0],[0.0,0.0,0.0,1.0]]","[[1.0,0.0,0.0,0.009997899788336794],[0.0,1.0,0.0,3.058795239104854e-05],[0.0,0.0,1.0,-0.00020264303477691937],[0.0,0.0,0.0,1.0]]",source/query_to_target/map,LEFT: T_initial=Delta_T@T_star,true,true,false,false,true,true,ASSUMED_METERS_FROM_SCALE,"[[0.9999999829102166,-1.534021248813833e-05,0.00018423963906960363,0.00012398216043185941],[1.5375749591975236e-05,0.9999999812794129,-0.00019288535532266857,8.721537100649157e-05],[-0.0001842366767181929,0.00019288818484885486,0.9999999644254969,-0.0001854870544490689],[0.0,0.0,0.0,1.0]]",0.01,0.00023954862640671338,0.0,0.01530825653848407,0.00012398216043185941,8.721537100649157e-05,-0.0001854870544490689,0.9760451373593286,true,true,true,1.0,0.020311262007899372,15929,,38.456516999758605,0.19.0+b012259,
CP-W_TEST_01_Q03-W-10MM-POS-PCL,W_TEST_01,Weak,W_TEST_01_Q03,pcl,/home/lj/zero_perturbation_runtime/real_data/mid360_two_scene_pilot_v1/canonical_sources/W_TEST_01_Q03/source_points.npy,ae96479c693492eb41170dba28a3b9e68bf113cdfee36225f5849e89074ebd6c,3018641fd1cacd76226055574bf0190043dc9768765460fb371aa77e845693d6,/home/lj/zero_perturbation_runtime/real_data/mid360_two_scene_pilot_v1/target_maps/W_TEST_01/target_points.npy,d4438aba190de47a85fb6188ddc3b39dbfd6e39d3fdb5fa264bf425912e6c02e,e94c88ddc68916220d35f10c3da8fbaa53e6de526a6a0afc3a91899d5ce7a66a,6a1ebdee6b34390f1430eab371e1c4108db1f124b59b7239d74785efa6474af9,0.08834991805176642,0.22035219328538405,0.6912978886628499,7.824544763672573,0.7308146744052483,weak,0.9997899788336795,0.003058795239104854,-0.020264303477691935,lambda_min,TARGET_FRAME,1,0.01,0.009997899788336794,3.058795239104854e-05,-0.00020264303477691937,"[[1.0,0.0,0.0,0.0],[0.0,1.0,0.0,0.0],[0.0,0.0,1.0,0.0],[0.0,0.0,0.0,1.0]]","[[1.0,0.0,0.0,0.009997899788336794],[0.0,1.0,0.0,3.058795239104854e-05],[0.0,0.0,1.0,-0.00020264303477691937],[0.0,0.0,0.0,1.0]]",source/query_to_target/map,LEFT: T_initial=Delta_T@T_star,true,true,false,false,true,true,ASSUMED_METERS_FROM_SCALE,"[[1.0,-0.00014891778118908405,0.00015133128908928484,0.00015710161824245006],[0.00014895117783453315,1.0,-0.00022065007942728698,0.00014494018978439271],[-0.00015129841631278396,0.00022067264944780618,1.0,-0.00014799772179685533],[0.0,0.0,0.0,1.0]]",0.01,0.0002599844278532691,0.0,0.017544964855224648,0.00015710161824245006,0.00014494018978439271,-0.00014799772179685533,0.9740015572146731,true,true,true,0.00041253355027280614,,15929,6,1415.704565,1.15.1,
CP-W_TEST_01_Q03-W-10MM-NEG-O3D,W_TEST_01,Weak,W_TEST_01_Q03,open3d,/home/lj/zero_perturbation_runtime/real_data/mid360_two_scene_pilot_v1/canonical_sources/W_TEST_01_Q03/source_points.npy,ae96479c693492eb41170dba28a3b9e68bf113cdfee36225f5849e89074ebd6c,3018641fd1cacd76226055574bf0190043dc9768765460fb371aa77e845693d6,/home/lj/zero_perturbation_runtime/real_data/mid360_two_scene_pilot_v1/target_maps/W_TEST_01/target_points.npy,d4438aba190de47a85fb6188ddc3b39dbfd6e39d3fdb5fa264bf425912e6c02e,e94c88ddc68916220d35f10c3da8fbaa53e6de526a6a0afc3a91899d5ce7a66a,6a1ebdee6b34390f1430eab371e1c4108db1f124b59b7239d74785efa6474af9,0.08834991805176642,0.22035219328538405,0.6912978886628499,7.824544763672573,0.7308146744052483,weak,0.9997899788336795,0.003058795239104854,-0.020264303477691935,lambda_min,TARGET_FRAME,-1,0.01,-0.009997899788336794,-3.058795239104854e-05,0.00020264303477691937,"[[1.0,0.0,0.0,0.0],[0.0,1.0,0.0,0.0],[0.0,0.0,1.0,0.0],[0.0,0.0,0.0,1.0]]","[[1.0,0.0,0.0,-0.009997899788336794],[0.0,1.0,0.0,-3.058795239104854e-05],[0.0,0.0,1.0,0.00020264303477691937],[0.0,0.0,0.0,1.0]]",source/query_to_target/map,LEFT: T_initial=Delta_T@T_star,true,true,false,false,true,true,ASSUMED_METERS_FROM_SCALE,"[[0.9999999829072562,-1.5434857016188378e-05,0.00018424780035775507,0.0001240045858511418],[1.5470322744765903e-05,0.9999999813542464,-0.0001924894184513269,8.634592020319786e-05],[-0.00018424482587566508,0.0001924922655340913,0.9999999645002854,-0.00018556334574423456],[0.0,0.0,0.0,1.0]]",0.01,0.00023930422171713675,0.0,0.015292522877031313,0.0001240045858511418,8.634592020319786e-05,-0.00018556334574423456,0.9760695778282863,true,true,true,1.0,0.020311258889990993,15929,,37.69579200070439,0.19.0+b012259,
CP-W_TEST_01_Q03-W-10MM-NEG-PCL,W_TEST_01,Weak,W_TEST_01_Q03,pcl,/home/lj/zero_perturbation_runtime/real_data/mid360_two_scene_pilot_v1/canonical_sources/W_TEST_01_Q03/source_points.npy,ae96479c693492eb41170dba28a3b9e68bf113cdfee36225f5849e89074ebd6c,3018641fd1cacd76226055574bf0190043dc9768765460fb371aa77e845693d6,/home/lj/zero_perturbation_runtime/real_data/mid360_two_scene_pilot_v1/target_maps/W_TEST_01/target_points.npy,d4438aba190de47a85fb6188ddc3b39dbfd6e39d3fdb5fa264bf425912e6c02e,e94c88ddc68916220d35f10c3da8fbaa53e6de526a6a0afc3a91899d5ce7a66a,6a1ebdee6b34390f1430eab371e1c4108db1f124b59b7239d74785efa6474af9,0.08834991805176642,0.22035219328538405,0.6912978886628499,7.824544763672573,0.7308146744052483,weak,0.9997899788336795,0.003058795239104854,-0.020264303477691935,lambda_min,TARGET_FRAME,-1,0.01,-0.009997899788336794,-3.058795239104854e-05,0.00020264303477691937,"[[1.0,0.0,0.0,0.0],[0.0,1.0,0.0,0.0],[0.0,0.0,1.0,0.0],[0.0,0.0,0.0,1.0]]","[[1.0,0.0,0.0,-0.009997899788336794],[0.0,1.0,0.0,-3.058795239104854e-05],[0.0,0.0,1.0,0.00020264303477691937],[0.0,0.0,0.0,1.0]]",source/query_to_target/map,LEFT: T_initial=Delta_T@T_star,true,true,false,false,true,true,ASSUMED_METERS_FROM_SCALE,"[[1.0,-0.00013207881420385092,0.0001495298492955044,9.583689825376496e-05],[0.00013211079931352288,1.0,-0.00021387693413998932,0.0001380773464916274],[-0.00014950160402804613,0.00021389669564086944,1.0,-0.00014246997307054698],[0.0,0.0,0.0,1.0]]",0.01,0.00022033555752032808,0.0,0.01675855590173188,9.583689825376496e-05,0.0001380773464916274,-0.00014246997307054698,0.9779664442479672,true,true,true,0.0004125279189671895,,15929,6,1705.374938,1.15.1,
CP-W_TEST_01_Q03-W-30MM-POS-O3D,W_TEST_01,Weak,W_TEST_01_Q03,open3d,/home/lj/zero_perturbation_runtime/real_data/mid360_two_scene_pilot_v1/canonical_sources/W_TEST_01_Q03/source_points.npy,ae96479c693492eb41170dba28a3b9e68bf113cdfee36225f5849e89074ebd6c,3018641fd1cacd76226055574bf0190043dc9768765460fb371aa77e845693d6,/home/lj/zero_perturbation_runtime/real_data/mid360_two_scene_pilot_v1/target_maps/W_TEST_01/target_points.npy,d4438aba190de47a85fb6188ddc3b39dbfd6e39d3fdb5fa264bf425912e6c02e,e94c88ddc68916220d35f10c3da8fbaa53e6de526a6a0afc3a91899d5ce7a66a,6a1ebdee6b34390f1430eab371e1c4108db1f124b59b7239d74785efa6474af9,0.08834991805176642,0.22035219328538405,0.6912978886628499,7.824544763672573,0.7308146744052483,weak,0.9997899788336795,0.003058795239104854,-0.020264303477691935,lambda_min,TARGET_FRAME,1,0.03,0.02999369936501038,9.176385717314561e-05,-0.000607929104330758,"[[1.0,0.0,0.0,0.0],[0.0,1.0,0.0,0.0],[0.0,0.0,1.0,0.0],[0.0,0.0,0.0,1.0]]","[[1.0,0.0,0.0,0.02999369936501038],[0.0,1.0,0.0,9.176385717314561e-05],[0.0,0.0,1.0,-0.000607929104330758],[0.0,0.0,0.0,1.0]]",source/query_to_target/map,LEFT: T_initial=Delta_T@T_star,true,true,false,false,true,true,ASSUMED_METERS_FROM_SCALE,"[[0.9999999829072552,-1.543488611779597e-05,0.00018424780390535866,0.00012400458511726528],[1.5470351842557736e-05,0.9999999813542506,-0.00019248939403494267,8.63459030560223e-05],[-0.0001842448294180444,0.00019249224112312323,0.9999999645002895,-0.00018556334812589798],[0.0,0.0,0.0,1.0]]",0.03,0.0002393042169966052,0.0,0.015292522104952478,0.00012400458511726528,8.63459030560223e-05,-0.00018556334812589798,0.9920231927667799,true,true,true,1.0,0.020311258889020977,15929,,38.792763999481394,0.19.0+b012259,
CP-W_TEST_01_Q03-W-30MM-POS-PCL,W_TEST_01,Weak,W_TEST_01_Q03,pcl,/home/lj/zero_perturbation_runtime/real_data/mid360_two_scene_pilot_v1/canonical_sources/W_TEST_01_Q03/source_points.npy,ae96479c693492eb41170dba28a3b9e68bf113cdfee36225f5849e89074ebd6c,3018641fd1cacd76226055574bf0190043dc9768765460fb371aa77e845693d6,/home/lj/zero_perturbation_runtime/real_data/mid360_two_scene_pilot_v1/target_maps/W_TEST_01/target_points.npy,d4438aba190de47a85fb6188ddc3b39dbfd6e39d3fdb5fa264bf425912e6c02e,e94c88ddc68916220d35f10c3da8fbaa53e6de526a6a0afc3a91899d5ce7a66a,6a1ebdee6b34390f1430eab371e1c4108db1f124b59b7239d74785efa6474af9,0.08834991805176642,0.22035219328538405,0.6912978886628499,7.824544763672573,0.7308146744052483,weak,0.9997899788336795,0.003058795239104854,-0.020264303477691935,lambda_min,TARGET_FRAME,1,0.03,0.02999369936501038,9.176385717314561e-05,-0.000607929104330758,"[[1.0,0.0,0.0,0.0],[0.0,1.0,0.0,0.0],[0.0,0.0,1.0,0.0],[0.0,0.0,0.0,1.0]]","[[1.0,0.0,0.0,0.02999369936501038],[0.0,1.0,0.0,9.176385717314561e-05],[0.0,0.0,1.0,-0.000607929104330758],[0.0,0.0,0.0,1.0]]",source/query_to_target/map,LEFT: T_initial=Delta_T@T_star,true,true,false,false,true,true,ASSUMED_METERS_FROM_SCALE,"[[1.0,-0.00014886754797771573,0.00015133136184886098,0.0001563973055453971],[0.00014890098827891052,1.0,-0.00022104650270193815,0.00014462742547038943],[-0.0001512984454166144,0.00022106901451479644,1.0,-0.000147665647091344],[0.0,0.0,0.0,1.0]]",0.03,0.00025919558775364733,0.0,0.01755994174801458,0.0001563973055453971,0.00014462742547038943,-0.000147665647091344,0.9913601470748784,true,true,true,0.00041253374573823546,,15929,7,1270.006604,1.15.1,
CP-W_TEST_01_Q03-W-30MM-NEG-O3D,W_TEST_01,Weak,W_TEST_01_Q03,open3d,/home/lj/zero_perturbation_runtime/real_data/mid360_two_scene_pilot_v1/canonical_sources/W_TEST_01_Q03/source_points.npy,ae96479c693492eb41170dba28a3b9e68bf113cdfee36225f5849e89074ebd6c,3018641fd1cacd76226055574bf0190043dc9768765460fb371aa77e845693d6,/home/lj/zero_perturbation_runtime/real_data/mid360_two_scene_pilot_v1/target_maps/W_TEST_01/target_points.npy,d4438aba190de47a85fb6188ddc3b39dbfd6e39d3fdb5fa264bf425912e6c02e,e94c88ddc68916220d35f10c3da8fbaa53e6de526a6a0afc3a91899d5ce7a66a,6a1ebdee6b34390f1430eab371e1c4108db1f124b59b7239d74785efa6474af9,0.08834991805176642,0.22035219328538405,0.6912978886628499,7.824544763672573,0.7308146744052483,weak,0.9997899788336795,0.003058795239104854,-0.020264303477691935,lambda_min,TARGET_FRAME,-1,0.03,-0.02999369936501038,-9.176385717314561e-05,0.000607929104330758,"[[1.0,0.0,0.0,0.0],[0.0,1.0,0.0,0.0],[0.0,0.0,1.0,0.0],[0.0,0.0,0.0,1.0]]","[[1.0,0.0,0.0,-0.02999369936501038],[0.0,1.0,0.0,-9.176385717314561e-05],[0.0,0.0,1.0,0.000607929104330758],[0.0,0.0,0.0,1.0]]",source/query_to_target/map,LEFT: T_initial=Delta_T@T_star,true,true,false,false,true,true,ASSUMED_METERS_FROM_SCALE,"[[0.9999999829102254,-1.5340166521520364e-05,0.00018423959337800116,0.00012398217407245704],[1.5375703633089952e-05,0.999999981279396,-0.0001928854451309112,8.721543949077374e-05],[-0.00018423663103407683,0.00019288827464792766,0.999999964425488,-0.00018548705534871803],[0.0,0.0,0.0,1.0]]",0.03,0.00023954865909714512,0.0,0.015308258296636275,0.00012398217407245704,8.721543949077374e-05,-0.00018548705534871803,0.9920150446967618,true,true,true,1.0,0.02031126200985799,15929,,43.14069199972437,0.19.0+b012259,
CP-W_TEST_01_Q03-W-30MM-NEG-PCL,W_TEST_01,Weak,W_TEST_01_Q03,pcl,/home/lj/zero_perturbation_runtime/real_data/mid360_two_scene_pilot_v1/canonical_sources/W_TEST_01_Q03/source_points.npy,ae96479c693492eb41170dba28a3b9e68bf113cdfee36225f5849e89074ebd6c,3018641fd1cacd76226055574bf0190043dc9768765460fb371aa77e845693d6,/home/lj/zero_perturbation_runtime/real_data/mid360_two_scene_pilot_v1/target_maps/W_TEST_01/target_points.npy,d4438aba190de47a85fb6188ddc3b39dbfd6e39d3fdb5fa264bf425912e6c02e,e94c88ddc68916220d35f10c3da8fbaa53e6de526a6a0afc3a91899d5ce7a66a,6a1ebdee6b34390f1430eab371e1c4108db1f124b59b7239d74785efa6474af9,0.08834991805176642,0.22035219328538405,0.6912978886628499,7.824544763672573,0.7308146744052483,weak,0.9997899788336795,0.003058795239104854,-0.020264303477691935,lambda_min,TARGET_FRAME,-1,0.03,-0.02999369936501038,-9.176385717314561e-05,0.000607929104330758,"[[1.0,0.0,0.0,0.0],[0.0,1.0,0.0,0.0],[0.0,0.0,1.0,0.0],[0.0,0.0,0.0,1.0]]","[[1.0,0.0,0.0,-0.02999369936501038],[0.0,1.0,0.0,-9.176385717314561e-05],[0.0,0.0,1.0,0.000607929104330758],[0.0,0.0,0.0,1.0]]",source/query_to_target/map,LEFT: T_initial=Delta_T@T_star,true,true,false,false,true,true,ASSUMED_METERS_FROM_SCALE,"[[1.0,-0.00013207827578298748,0.00014952853962313384,9.578764002071694e-05],[0.00013211023178882897,1.0,-0.00021387408196460456,0.00013804768968839198],[-0.00014950029435567558,0.00021389382891356945,1.0,-0.0001425835507689044],[0.0,0.0,0.0,1.0]]",0.03,0.00022036902132312007,0.0,0.016758383429768188,9.578764002071694e-05,0.00013804768968839198,-0.0001425835507689044,0.992654365955896,true,true,true,0.00041252796110423205,,15929,7,1249.906099,1.15.1,
CP-W_TEST_01_Q03-W-50MM-POS-O3D,W_TEST_01,Weak,W_TEST_01_Q03,open3d,/home/lj/zero_perturbation_runtime/real_data/mid360_two_scene_pilot_v1/canonical_sources/W_TEST_01_Q03/source_points.npy,ae96479c693492eb41170dba28a3b9e68bf113cdfee36225f5849e89074ebd6c,3018641fd1cacd76226055574bf0190043dc9768765460fb371aa77e845693d6,/home/lj/zero_perturbation_runtime/real_data/mid360_two_scene_pilot_v1/target_maps/W_TEST_01/target_points.npy,d4438aba190de47a85fb6188ddc3b39dbfd6e39d3fdb5fa264bf425912e6c02e,e94c88ddc68916220d35f10c3da8fbaa53e6de526a6a0afc3a91899d5ce7a66a,6a1ebdee6b34390f1430eab371e1c4108db1f124b59b7239d74785efa6474af9,0.08834991805176642,0.22035219328538405,0.6912978886628499,7.824544763672573,0.7308146744052483,weak,0.9997899788336795,0.003058795239104854,-0.020264303477691935,lambda_min,TARGET_FRAME,1,0.05,0.049989498941683974,0.0001529397619552427,-0.0010132151738845969,"[[1.0,0.0,0.0,0.0],[0.0,1.0,0.0,0.0],[0.0,0.0,1.0,0.0],[0.0,0.0,0.0,1.0]]","[[1.0,0.0,0.0,0.049989498941683974],[0.0,1.0,0.0,0.0001529397619552427],[0.0,0.0,1.0,-0.0010132151738845969],[0.0,0.0,0.0,1.0]]",source/query_to_target/map,LEFT: T_initial=Delta_T@T_star,true,true,false,false,true,true,ASSUMED_METERS_FROM_SCALE,"[[0.9999999829102165,-1.5340212066512028e-05,0.00018423963882859703,0.00012398216017137434],[1.53757491688003e-05,0.9999999812794146,-0.00019288534716931755,8.721536434049825e-05],[-0.0001842366764773929,0.0001928881766954224,0.9999999644254985,-0.00018548705560908068],[0.0,0.0,0.0,1.0]]",0.05,0.00023954862474314555,0.0,0.015308256190306908,0.00012398216017137434,8.721536434049825e-05,-0.00018548705560908068,0.9952090275051371,true,true,true,1.0,0.02031126200792707,15929,,37.42468000018562,0.19.0+b012259,
CP-W_TEST_01_Q03-W-50MM-POS-PCL,W_TEST_01,Weak,W_TEST_01_Q03,pcl,/home/lj/zero_perturbation_runtime/real_data/mid360_two_scene_pilot_v1/canonical_sources/W_TEST_01_Q03/source_points.npy,ae96479c693492eb41170dba28a3b9e68bf113cdfee36225f5849e89074ebd6c,3018641fd1cacd76226055574bf0190043dc9768765460fb371aa77e845693d6,/home/lj/zero_perturbation_runtime/real_data/mid360_two_scene_pilot_v1/target_maps/W_TEST_01/target_points.npy,d4438aba190de47a85fb6188ddc3b39dbfd6e39d3fdb5fa264bf425912e6c02e,e94c88ddc68916220d35f10c3da8fbaa53e6de526a6a0afc3a91899d5ce7a66a,6a1ebdee6b34390f1430eab371e1c4108db1f124b59b7239d74785efa6474af9,0.08834991805176642,0.22035219328538405,0.6912978886628499,7.824544763672573,0.7308146744052483,weak,0.9997899788336795,0.003058795239104854,-0.020264303477691935,lambda_min,TARGET_FRAME,1,0.05,0.049989498941683974,0.0001529397619552427,-0.0010132151738845969,"[[1.0,0.0,0.0,0.0],[0.0,1.0,0.0,0.0],[0.0,0.0,1.0,0.0],[0.0,0.0,0.0,1.0]]","[[1.0,0.0,0.0,0.049989498941683974],[0.0,1.0,0.0,0.0001529397619552427],[0.0,0.0,1.0,-0.0010132151738845969],[0.0,0.0,0.0,1.0]]",source/query_to_target/map,LEFT: T_initial=Delta_T@T_star,true,true,false,false,true,true,ASSUMED_METERS_FROM_SCALE,"[[1.0,-0.000148917650221847,0.00015131739201024175,0.00015727023128420115],[0.00014895103231538087,1.0,-0.0002206511126132682,0.0001449844567105174],[-0.00015128456288948655,0.00022067366808187217,1.0,-0.00014802445366512984],[0.0,0.0,0.0,1.0]]",0.05,0.00026012623323819184,0.0,0.017544610534967753,0.00015727023128420115,0.0001449844567105174,-0.00014802445366512984,0.9947974753352362,true,true,true,0.0004125335995763161,,15929,7,1273.055091,1.15.1,
CP-W_TEST_01_Q03-W-50MM-NEG-O3D,W_TEST_01,Weak,W_TEST_01_Q03,open3d,/home/lj/zero_perturbation_runtime/real_data/mid360_two_scene_pilot_v1/canonical_sources/W_TEST_01_Q03/source_points.npy,ae96479c693492eb41170dba28a3b9e68bf113cdfee36225f5849e89074ebd6c,3018641fd1cacd76226055574bf0190043dc9768765460fb371aa77e845693d6,/home/lj/zero_perturbation_runtime/real_data/mid360_two_scene_pilot_v1/target_maps/W_TEST_01/target_points.npy,d4438aba190de47a85fb6188ddc3b39dbfd6e39d3fdb5fa264bf425912e6c02e,e94c88ddc68916220d35f10c3da8fbaa53e6de526a6a0afc3a91899d5ce7a66a,6a1ebdee6b34390f1430eab371e1c4108db1f124b59b7239d74785efa6474af9,0.08834991805176642,0.22035219328538405,0.6912978886628499,7.824544763672573,0.7308146744052483,weak,0.9997899788336795,0.003058795239104854,-0.020264303477691935,lambda_min,TARGET_FRAME,-1,0.05,-0.049989498941683974,-0.0001529397619552427,0.0010132151738845969,"[[1.0,0.0,0.0,0.0],[0.0,1.0,0.0,0.0],[0.0,0.0,1.0,0.0],[0.0,0.0,0.0,1.0]]","[[1.0,0.0,0.0,-0.049989498941683974],[0.0,1.0,0.0,-0.0001529397619552427],[0.0,0.0,1.0,0.0010132151738845969],[0.0,0.0,0.0,1.0]]",source/query_to_target/map,LEFT: T_initial=Delta_T@T_star,true,true,false,false,true,true,ASSUMED_METERS_FROM_SCALE,"[[0.9999999829071322,-1.5436514451835823e-05,0.0001842483368783082,0.00012398846289012153],[1.5471980324090007e-05,0.9999999813541786,-0.00019248963774148392,8.635256956091849e-05],[-0.00018424536207377172,0.00019249248513792682,0.9999999645001441,-0.00018557139762943707],[0.0,0.0,0.0,1.0]]",0.05,0.00023930451065069992,0.0,0.015292558657348305,0.00012398846289012153,8.635256956091849e-05,-0.00018557139762943707,0.995213909786986,true,true,true,1.0,0.020311259018533877,15929,,39.37050500007899,0.19.0+b012259,
CP-W_TEST_01_Q03-W-50MM-NEG-PCL,W_TEST_01,Weak,W_TEST_01_Q03,pcl,/home/lj/zero_perturbation_runtime/real_data/mid360_two_scene_pilot_v1/canonical_sources/W_TEST_01_Q03/source_points.npy,ae96479c693492eb41170dba28a3b9e68bf113cdfee36225f5849e89074ebd6c,3018641fd1cacd76226055574bf0190043dc9768765460fb371aa77e845693d6,/home/lj/zero_perturbation_runtime/real_data/mid360_two_scene_pilot_v1/target_maps/W_TEST_01/target_points.npy,d4438aba190de47a85fb6188ddc3b39dbfd6e39d3fdb5fa264bf425912e6c02e,e94c88ddc68916220d35f10c3da8fbaa53e6de526a6a0afc3a91899d5ce7a66a,6a1ebdee6b34390f1430eab371e1c4108db1f124b59b7239d74785efa6474af9,0.08834991805176642,0.22035219328538405,0.6912978886628499,7.824544763672573,0.7308146744052483,weak,0.9997899788336795,0.003058795239104854,-0.020264303477691935,lambda_min,TARGET_FRAME,-1,0.05,-0.049989498941683974,-0.0001529397619552427,0.0010132151738845969,"[[1.0,0.0,0.0,0.0],[0.0,1.0,0.0,0.0],[0.0,0.0,1.0,0.0],[0.0,0.0,0.0,1.0]]","[[1.0,0.0,0.0,-0.049989498941683974],[0.0,1.0,0.0,-0.0001529397619552427],[0.0,0.0,1.0,0.0010132151738845969],[0.0,0.0,0.0,1.0]]",source/query_to_target/map,LEFT: T_initial=Delta_T@T_star,true,true,false,false,true,true,ASSUMED_METERS_FROM_SCALE,"[[1.0,-0.00013205139839556068,0.00014954246580600739,9.480106382397935e-05],[0.0001320832670899108,1.0,-0.00021317081700544804,0.0001359009911539033],[-0.00014951433695387095,0.00021319056395441294,1.0,-0.0001430854172213003],[0.0,0.0,0.0,1.0]]",0.05,0.00021892865897402535,0.0,0.016728653301447974,9.480106382397935e-05,0.0001359009911539033,-0.0001430854172213003,0.9956214268205195,true,true,true,0.0004125282836896813,,15929,7,1250.500177,1.15.1,
CP-W_TEST_01_Q03-S-10MM-POS-O3D,W_TEST_01,Weak,W_TEST_01_Q03,open3d,/home/lj/zero_perturbation_runtime/real_data/mid360_two_scene_pilot_v1/canonical_sources/W_TEST_01_Q03/source_points.npy,ae96479c693492eb41170dba28a3b9e68bf113cdfee36225f5849e89074ebd6c,3018641fd1cacd76226055574bf0190043dc9768765460fb371aa77e845693d6,/home/lj/zero_perturbation_runtime/real_data/mid360_two_scene_pilot_v1/target_maps/W_TEST_01/target_points.npy,d4438aba190de47a85fb6188ddc3b39dbfd6e39d3fdb5fa264bf425912e6c02e,e94c88ddc68916220d35f10c3da8fbaa53e6de526a6a0afc3a91899d5ce7a66a,6a1ebdee6b34390f1430eab371e1c4108db1f124b59b7239d74785efa6474af9,0.08834991805176642,0.22035219328538405,0.6912978886628499,7.824544763672573,0.7308146744052483,strong,-0.0037574375549731965,0.9993966455402169,-0.03452863371149261,lambda_max,TARGET_FRAME,1,0.01,-3.757437554973197e-05,0.00999396645540217,-0.0003452863371149262,"[[1.0,0.0,0.0,0.0],[0.0,1.0,0.0,0.0],[0.0,0.0,1.0,0.0],[0.0,0.0,0.0,1.0]]","[[1.0,0.0,0.0,-3.757437554973197e-05],[0.0,1.0,0.0,0.00999396645540217],[0.0,0.0,1.0,-0.0003452863371149262],[0.0,0.0,0.0,1.0]]",source/query_to_target/map,LEFT: T_initial=Delta_T@T_star,true,true,false,false,true,true,ASSUMED_METERS_FROM_SCALE,"[[0.9999999828468173,-1.5321776907625006e-05,0.00018458496147449896,0.00011945901315907856],[1.535769809121902e-05,0.9999999809464588,-0.00019460530157912242,8.675235513340178e-05],[-0.0001845819762584859,0.0001946081330411326,0.9999999640285837,-0.0001931810638569703],[0.0,0.0,0.0,1.0]]",0.01,0.00024313648508408526,0.0,0.015393078268165937,0.00011945901315907856,8.675235513340178e-05,-0.0001931810638569703,0.9756863514915914,true,true,true,1.0,0.02031134925880913,15929,,37.57849400062696,0.19.0+b012259,
CP-W_TEST_01_Q03-S-10MM-POS-PCL,W_TEST_01,Weak,W_TEST_01_Q03,pcl,/home/lj/zero_perturbation_runtime/real_data/mid360_two_scene_pilot_v1/canonical_sources/W_TEST_01_Q03/source_points.npy,ae96479c693492eb41170dba28a3b9e68bf113cdfee36225f5849e89074ebd6c,3018641fd1cacd76226055574bf0190043dc9768765460fb371aa77e845693d6,/home/lj/zero_perturbation_runtime/real_data/mid360_two_scene_pilot_v1/target_maps/W_TEST_01/target_points.npy,d4438aba190de47a85fb6188ddc3b39dbfd6e39d3fdb5fa264bf425912e6c02e,e94c88ddc68916220d35f10c3da8fbaa53e6de526a6a0afc3a91899d5ce7a66a,6a1ebdee6b34390f1430eab371e1c4108db1f124b59b7239d74785efa6474af9,0.08834991805176642,0.22035219328538405,0.6912978886628499,7.824544763672573,0.7308146744052483,strong,-0.0037574375549731965,0.9993966455402169,-0.03452863371149261,lambda_max,TARGET_FRAME,1,0.01,-3.757437554973197e-05,0.00999396645540217,-0.0003452863371149262,"[[1.0,0.0,0.0,0.0],[0.0,1.0,0.0,0.0],[0.0,0.0,1.0,0.0],[0.0,0.0,0.0,1.0]]","[[1.0,0.0,0.0,-3.757437554973197e-05],[0.0,1.0,0.0,0.00999396645540217],[0.0,0.0,1.0,-0.0003452863371149262],[0.0,0.0,0.0,1.0]]",source/query_to_target/map,LEFT: T_initial=Delta_T@T_star,true,true,false,false,true,true,ASSUMED_METERS_FROM_SCALE,"[[1.0,-0.00013207537995185703,0.00014952158380765468,9.592424612492323e-05],[0.00013210759789217263,1.0,-0.00021561241010203958,0.0001391529804095626],[-0.0001494930766057223,0.0002156322298105806,1.0,-0.00014892920444253832],[0.0,0.0,0.0,1.0]]",0.01,0.00022526633323110298,0.0,0.016831076318069873,9.592424612492323e-05,0.0001391529804095626,-0.00014892920444253832,0.9774733666768897,true,true,true,0.00041253018576185976,,15929,5,1223.141085,1.15.1,
CP-W_TEST_01_Q03-S-10MM-NEG-O3D,W_TEST_01,Weak,W_TEST_01_Q03,open3d,/home/lj/zero_perturbation_runtime/real_data/mid360_two_scene_pilot_v1/canonical_sources/W_TEST_01_Q03/source_points.npy,ae96479c693492eb41170dba28a3b9e68bf113cdfee36225f5849e89074ebd6c,3018641fd1cacd76226055574bf0190043dc9768765460fb371aa77e845693d6,/home/lj/zero_perturbation_runtime/real_data/mid360_two_scene_pilot_v1/target_maps/W_TEST_01/target_points.npy,d4438aba190de47a85fb6188ddc3b39dbfd6e39d3fdb5fa264bf425912e6c02e,e94c88ddc68916220d35f10c3da8fbaa53e6de526a6a0afc3a91899d5ce7a66a,6a1ebdee6b34390f1430eab371e1c4108db1f124b59b7239d74785efa6474af9,0.08834991805176642,0.22035219328538405,0.6912978886628499,7.824544763672573,0.7308146744052483,strong,-0.0037574375549731965,0.9993966455402169,-0.03452863371149261,lambda_max,TARGET_FRAME,-1,0.01,3.757437554973197e-05,-0.00999396645540217,0.0003452863371149262,"[[1.0,0.0,0.0,0.0],[0.0,1.0,0.0,0.0],[0.0,0.0,1.0,0.0],[0.0,0.0,0.0,1.0]]","[[1.0,0.0,0.0,3.757437554973197e-05],[0.0,1.0,0.0,-0.00999396645540217],[0.0,0.0,1.0,0.0003452863371149262],[0.0,0.0,0.0,1.0]]",source/query_to_target/map,LEFT: T_initial=Delta_T@T_star,true,true,false,false,true,true,ASSUMED_METERS_FROM_SCALE,"[[0.9999999829072567,-1.5434852186824503e-05,0.0001842477998929386,0.00012400458653296324],[1.5470317919037266e-05,0.9999999813542424,-0.00019248943866746984,8.634593618831826e-05],[-0.00018424482541146538,0.00019249228574933752,0.9999999645002813,-0.0001855633432856263],[0.0,0.0,0.0,1.0]]",0.01,0.0002393042259317363,0.0,0.01529252367798351,0.00012400458653296324,8.634593618831826e-05,-0.0001855633432856263,0.9760695774068264,true,true,true,1.0,0.02031125889012906,15929,,36.45592399971065,0.19.0+b012259,
CP-W_TEST_01_Q03-S-10MM-NEG-PCL,W_TEST_01,Weak,W_TEST_01_Q03,pcl,/home/lj/zero_perturbation_runtime/real_data/mid360_two_scene_pilot_v1/canonical_sources/W_TEST_01_Q03/source_points.npy,ae96479c693492eb41170dba28a3b9e68bf113cdfee36225f5849e89074ebd6c,3018641fd1cacd76226055574bf0190043dc9768765460fb371aa77e845693d6,/home/lj/zero_perturbation_runtime/real_data/mid360_two_scene_pilot_v1/target_maps/W_TEST_01/target_points.npy,d4438aba190de47a85fb6188ddc3b39dbfd6e39d3fdb5fa264bf425912e6c02e,e94c88ddc68916220d35f10c3da8fbaa53e6de526a6a0afc3a91899d5ce7a66a,6a1ebdee6b34390f1430eab371e1c4108db1f124b59b7239d74785efa6474af9,0.08834991805176642,0.22035219328538405,0.6912978886628499,7.824544763672573,0.7308146744052483,strong,-0.0037574375549731965,0.9993966455402169,-0.03452863371149261,lambda_max,TARGET_FRAME,-1,0.01,3.757437554973197e-05,-0.00999396645540217,0.0003452863371149262,"[[1.0,0.0,0.0,0.0],[0.0,1.0,0.0,0.0],[0.0,0.0,1.0,0.0],[0.0,0.0,0.0,1.0]]","[[1.0,0.0,0.0,3.757437554973197e-05],[0.0,1.0,0.0,-0.00999396645540217],[0.0,0.0,1.0,0.0003452863371149262],[0.0,0.0,0.0,1.0]]",source/query_to_target/map,LEFT: T_initial=Delta_T@T_star,true,true,false,false,true,true,ASSUMED_METERS_FROM_SCALE,"[[1.0,-0.0001320807059528306,0.000149534476804547,9.561765182297677e-05],[0.0001321127056144178,1.0,-0.0002138817944796756,0.000137982438900508],[-0.0001495062024332583,0.00021390154142864048,1.0,-0.00014235243725124747],[0.0,0.0,0.0,1.0]]",0.01,0.0002201047595497262,0.0,0.016758943480387114,9.561765182297677e-05,0.000137982438900508,-0.00014235243725124747,0.9779895240450274,true,true,true,0.00041252795811312415,,15929,7,1689.965164,1.15.1,
CP-W_TEST_01_Q03-S-30MM-POS-O3D,W_TEST_01,Weak,W_TEST_01_Q03,open3d,/home/lj/zero_perturbation_runtime/real_data/mid360_two_scene_pilot_v1/canonical_sources/W_TEST_01_Q03/source_points.npy,ae96479c693492eb41170dba28a3b9e68bf113cdfee36225f5849e89074ebd6c,3018641fd1cacd76226055574bf0190043dc9768765460fb371aa77e845693d6,/home/lj/zero_perturbation_runtime/real_data/mid360_two_scene_pilot_v1/target_maps/W_TEST_01/target_points.npy,d4438aba190de47a85fb6188ddc3b39dbfd6e39d3fdb5fa264bf425912e6c02e,e94c88ddc68916220d35f10c3da8fbaa53e6de526a6a0afc3a91899d5ce7a66a,6a1ebdee6b34390f1430eab371e1c4108db1f124b59b7239d74785efa6474af9,0.08834991805176642,0.22035219328538405,0.6912978886628499,7.824544763672573,0.7308146744052483,strong,-0.0037574375549731965,0.9993966455402169,-0.03452863371149261,lambda_max,TARGET_FRAME,1,0.03,-0.0001127231266491959,0.02998189936620651,-0.0010358590113447785,"[[1.0,0.0,0.0,0.0],[0.0,1.0,0.0,0.0],[0.0,0.0,1.0,0.0],[0.0,0.0,0.0,1.0]]","[[1.0,0.0,0.0,-0.0001127231266491959],[0.0,1.0,0.0,0.02998189936620651],[0.0,0.0,1.0,-0.0010358590113447785],[0.0,0.0,0.0,1.0]]",source/query_to_target/map,LEFT: T_initial=Delta_T@T_star,true,true,false,false,true,true,ASSUMED_METERS_FROM_SCALE,"[[0.9999999829102256,-1.5340166520210427e-05,0.00018423959337863016,0.00012398217407248597],[1.537570363178126e-05,0.9999999812793962,-0.00019288544513705862,8.721543949570945e-05],[-0.00018423663103470618,0.00019288827465407496,0.999999964425488,-0.00018548705534780018],[0.0,0.0,0.0,1.0]]",0.030000000000000002,0.00023954865909824635,0.0,0.015308258296905098,0.00012398217407248597,8.721543949570945e-05,-0.00018548705534780018,0.9920150446967251,true,true,true,1.0,0.020311262009858,15929,,42.06252800031507,0.19.0+b012259,
CP-W_TEST_01_Q03-S-30MM-POS-PCL,W_TEST_01,Weak,W_TEST_01_Q03,pcl,/home/lj/zero_perturbation_runtime/real_data/mid360_two_scene_pilot_v1/canonical_sources/W_TEST_01_Q03/source_points.npy,ae96479c693492eb41170dba28a3b9e68bf113cdfee36225f5849e89074ebd6c,3018641fd1cacd76226055574bf0190043dc9768765460fb371aa77e845693d6,/home/lj/zero_perturbation_runtime/real_data/mid360_two_scene_pilot_v1/target_maps/W_TEST_01/target_points.npy,d4438aba190de47a85fb6188ddc3b39dbfd6e39d3fdb5fa264bf425912e6c02e,e94c88ddc68916220d35f10c3da8fbaa53e6de526a6a0afc3a91899d5ce7a66a,6a1ebdee6b34390f1430eab371e1c4108db1f124b59b7239d74785efa6474af9,0.08834991805176642,0.22035219328538405,0.6912978886628499,7.824544763672573,0.7308146744052483,strong,-0.0037574375549731965,0.9993966455402169,-0.03452863371149261,lambda_max,TARGET_FRAME,1,0.03,-0.0001127231266491959,0.02998189936620651,-0.0010358590113447785,"[[1.0,0.0,0.0,0.0],[0.0,1.0,0.0,0.0],[0.0,0.0,1.0,0.0],[0.0,0.0,0.0,1.0]]","[[1.0,0.0,0.0,-0.0001127231266491959],[0.0,1.0,0.0,0.02998189936620651],[0.0,0.0,1.0,-0.0010358590113447785],[0.0,0.0,0.0,1.0]]",source/query_to_target/map,LEFT: T_initial=Delta_T@T_star,true,true,false,false,true,true,ASSUMED_METERS_FROM_SCALE,"[[1.0,-0.000132083980133757,0.00014952510537113994,9.571146074449643e-05],[0.00013211596524342895,0.9999999403953552,-0.00021389598259702325,0.00013807910727337003],[-0.0001494968746555969,0.00021391568589024246,0.9999999403953552,-0.00014214974362403154],[0.0,0.0,0.0,1.0]]",0.030000000000000002,0.00022007515351723375,0.0,0.01675934850528976,9.571146074449643e-05,0.00013807910727337003,-0.00014214974362403154,0.9926641615494255,true,true,true,0.0004125278874538104,,15929,6,1254.964157,1.15.1,
CP-W_TEST_01_Q03-S-30MM-NEG-O3D,W_TEST_01,Weak,W_TEST_01_Q03,open3d,/home/lj/zero_perturbation_runtime/real_data/mid360_two_scene_pilot_v1/canonical_sources/W_TEST_01_Q03/source_points.npy,ae96479c693492eb41170dba28a3b9e68bf113cdfee36225f5849e89074ebd6c,3018641fd1cacd76226055574bf0190043dc9768765460fb371aa77e845693d6,/home/lj/zero_perturbation_runtime/real_data/mid360_two_scene_pilot_v1/target_maps/W_TEST_01/target_points.npy,d4438aba190de47a85fb6188ddc3b39dbfd6e39d3fdb5fa264bf425912e6c02e,e94c88ddc68916220d35f10c3da8fbaa53e6de526a6a0afc3a91899d5ce7a66a,6a1ebdee6b34390f1430eab371e1c4108db1f124b59b7239d74785efa6474af9,0.08834991805176642,0.22035219328538405,0.6912978886628499,7.824544763672573,0.7308146744052483,strong,-0.0037574375549731965,0.9993966455402169,-0.03452863371149261,lambda_max,TARGET_FRAME,-1,0.03,0.0001127231266491959,-0.02998189936620651,0.0010358590113447785,"[[1.0,0.0,0.0,0.0],[0.0,1.0,0.0,0.0],[0.0,0.0,1.0,0.0],[0.0,0.0,0.0,1.0]]","[[1.0,0.0,0.0,0.0001127231266491959],[0.0,1.0,0.0,-0.02998189936620651],[0.0,0.0,1.0,0.0010358590113447785],[0.0,0.0,0.0,1.0]]",source/query_to_target/map,LEFT: T_initial=Delta_T@T_star,true,true,false,false,true,true,ASSUMED_METERS_FROM_SCALE,"[[0.9999999829072566,-1.543485218501744e-05,0.0001842477998931381,0.00012400458653329685],[1.547031791723085e-05,0.9999999813542424,-0.00019248943867075644,8.634593619104919e-05],[-0.0001842448254116653,0.00019249228575262382,0.9999999645002814,-0.000185563343284777],[0.0,0.0,0.0,1.0]]",0.030000000000000002,0.00023930422593223597,0.0,0.015292523678121426,0.00012400458653329685,8.634593619104919e-05,-0.000185563343284777,0.9920231924689255,true,true,true,1.0,0.020311258890129132,15929,,37.56382800020219,0.19.0+b012259,
CP-W_TEST_01_Q03-S-30MM-NEG-PCL,W_TEST_01,Weak,W_TEST_01_Q03,pcl,/home/lj/zero_perturbation_runtime/real_data/mid360_two_scene_pilot_v1/canonical_sources/W_TEST_01_Q03/source_points.npy,ae96479c693492eb41170dba28a3b9e68bf113cdfee36225f5849e89074ebd6c,3018641fd1cacd76226055574bf0190043dc9768765460fb371aa77e845693d6,/home/lj/zero_perturbation_runtime/real_data/mid360_two_scene_pilot_v1/target_maps/W_TEST_01/target_points.npy,d4438aba190de47a85fb6188ddc3b39dbfd6e39d3fdb5fa264bf425912e6c02e,e94c88ddc68916220d35f10c3da8fbaa53e6de526a6a0afc3a91899d5ce7a66a,6a1ebdee6b34390f1430eab371e1c4108db1f124b59b7239d74785efa6474af9,0.08834991805176642,0.22035219328538405,0.6912978886628499,7.824544763672573,0.7308146744052483,strong,-0.0037574375549731965,0.9993966455402169,-0.03452863371149261,lambda_max,TARGET_FRAME,-1,0.03,0.0001127231266491959,-0.02998189936620651,0.0010358590113447785,"[[1.0,0.0,0.0,0.0],[0.0,1.0,0.0,0.0],[0.0,0.0,1.0,0.0],[0.0,0.0,0.0,1.0]]","[[1.0,0.0,0.0,0.0001127231266491959],[0.0,1.0,0.0,-0.02998189936620651],[0.0,0.0,1.0,0.0010358590113447785],[0.0,0.0,0.0,1.0]]",source/query_to_target/map,LEFT: T_initial=Delta_T@T_star,true,true,false,false,true,true,ASSUMED_METERS_FROM_SCALE,"[[1.0,-0.00013208466407377273,0.000149534156662412,9.567750385031104e-05],[0.00013211662007961422,1.0,-0.00021387996093835682,0.0001379914174322039],[-0.0001495058968430385,0.00021389967878349125,1.0,-0.0001425520604243502],[0.0,0.0,0.0,1.0]]",0.030000000000000002,0.00022026553511433108,0.0,0.016758958741311152,9.567750385031104e-05,0.0001379914174322039,-0.0001425520604243502,0.9926578154961889,true,true,true,0.0004125280066944204,,15929,6,1661.336317,1.15.1,
CP-W_TEST_01_Q03-S-50MM-POS-O3D,W_TEST_01,Weak,W_TEST_01_Q03,open3d,/home/lj/zero_perturbation_runtime/real_data/mid360_two_scene_pilot_v1/canonical_sources/W_TEST_01_Q03/source_points.npy,ae96479c693492eb41170dba28a3b9e68bf113cdfee36225f5849e89074ebd6c,3018641fd1cacd76226055574bf0190043dc9768765460fb371aa77e845693d6,/home/lj/zero_perturbation_runtime/real_data/mid360_two_scene_pilot_v1/target_maps/W_TEST_01/target_points.npy,d4438aba190de47a85fb6188ddc3b39dbfd6e39d3fdb5fa264bf425912e6c02e,e94c88ddc68916220d35f10c3da8fbaa53e6de526a6a0afc3a91899d5ce7a66a,6a1ebdee6b34390f1430eab371e1c4108db1f124b59b7239d74785efa6474af9,0.08834991805176642,0.22035219328538405,0.6912978886628499,7.824544763672573,0.7308146744052483,strong,-0.0037574375549731965,0.9993966455402169,-0.03452863371149261,lambda_max,TARGET_FRAME,1,0.05,-0.00018787187774865985,0.04996983227701085,-0.001726431685574631,"[[1.0,0.0,0.0,0.0],[0.0,1.0,0.0,0.0],[0.0,0.0,1.0,0.0],[0.0,0.0,0.0,1.0]]","[[1.0,0.0,0.0,-0.00018787187774865985],[0.0,1.0,0.0,0.04996983227701085],[0.0,0.0,1.0,-0.001726431685574631],[0.0,0.0,0.0,1.0]]",source/query_to_target/map,LEFT: T_initial=Delta_T@T_star,true,true,false,false,true,true,ASSUMED_METERS_FROM_SCALE,"[[0.9999999829072563,-1.5434857015359234e-05,0.00018424780035846138,0.00012400458585160308],[1.5470322743937925e-05,0.9999999813542464,-0.0001924894184569176,8.634592020768962e-05],[-0.0001842448258763714,0.00019249226553968174,0.9999999645002854,-0.00018556334574393833],[0.0,0.0,0.0,1.0]]",0.05,0.0002393042217187668,0.0,0.015292522877278131,0.00012400458585160308,8.634592020768962e-05,-0.00018556334574393833,0.9952139155656247,true,true,true,1.0,0.020311258889991007,15929,,38.75104100006865,0.19.0+b012259,
CP-W_TEST_01_Q03-S-50MM-POS-PCL,W_TEST_01,Weak,W_TEST_01_Q03,pcl,/home/lj/zero_perturbation_runtime/real_data/mid360_two_scene_pilot_v1/canonical_sources/W_TEST_01_Q03/source_points.npy,ae96479c693492eb41170dba28a3b9e68bf113cdfee36225f5849e89074ebd6c,3018641fd1cacd76226055574bf0190043dc9768765460fb371aa77e845693d6,/home/lj/zero_perturbation_runtime/real_data/mid360_two_scene_pilot_v1/target_maps/W_TEST_01/target_points.npy,d4438aba190de47a85fb6188ddc3b39dbfd6e39d3fdb5fa264bf425912e6c02e,e94c88ddc68916220d35f10c3da8fbaa53e6de526a6a0afc3a91899d5ce7a66a,6a1ebdee6b34390f1430eab371e1c4108db1f124b59b7239d74785efa6474af9,0.08834991805176642,0.22035219328538405,0.6912978886628499,7.824544763672573,0.7308146744052483,strong,-0.0037574375549731965,0.9993966455402169,-0.03452863371149261,lambda_max,TARGET_FRAME,1,0.05,-0.00018787187774865985,0.04996983227701085,-0.001726431685574631,"[[1.0,0.0,0.0,0.0],[0.0,1.0,0.0,0.0],[0.0,0.0,1.0,0.0],[0.0,0.0,0.0,1.0]]","[[1.0,0.0,0.0,-0.00018787187774865985],[0.0,1.0,0.0,0.04996983227701085],[0.0,0.0,1.0,-0.001726431685574631],[0.0,0.0,0.0,1.0]]",source/query_to_target/map,LEFT: T_initial=Delta_T@T_star,true,true,false,false,true,true,ASSUMED_METERS_FROM_SCALE,"[[1.0,-0.00013207830488681793,0.00014953056233935058,9.56368530751206e-05],[0.000132110551930964,0.9999999403953552,-0.00021561756148003042,0.00013914209557697177],[-0.00014950208424124867,0.00021563732298091054,0.9999999403953552,-0.0001487215922679752],[0.0,0.0,0.0,1.0]]",0.05,0.00022500009429861405,0.0,0.016831630489331676,9.56368530751206e-05,0.00013914209557697177,-0.0001487215922679752,0.9954999981140277,true,true,true,0.00041253022274743045,,15929,6,1623.479253,1.15.1,
CP-W_TEST_01_Q03-S-50MM-NEG-O3D,W_TEST_01,Weak,W_TEST_01_Q03,open3d,/home/lj/zero_perturbation_runtime/real_data/mid360_two_scene_pilot_v1/canonical_sources/W_TEST_01_Q03/source_points.npy,ae96479c693492eb41170dba28a3b9e68bf113cdfee36225f5849e89074ebd6c,3018641fd1cacd76226055574bf0190043dc9768765460fb371aa77e845693d6,/home/lj/zero_perturbation_runtime/real_data/mid360_two_scene_pilot_v1/target_maps/W_TEST_01/target_points.npy,d4438aba190de47a85fb6188ddc3b39dbfd6e39d3fdb5fa264bf425912e6c02e,e94c88ddc68916220d35f10c3da8fbaa53e6de526a6a0afc3a91899d5ce7a66a,6a1ebdee6b34390f1430eab371e1c4108db1f124b59b7239d74785efa6474af9,0.08834991805176642,0.22035219328538405,0.6912978886628499,7.824544763672573,0.7308146744052483,strong,-0.0037574375549731965,0.9993966455402169,-0.03452863371149261,lambda_max,TARGET_FRAME,-1,0.05,0.00018787187774865985,-0.04996983227701085,0.001726431685574631,"[[1.0,0.0,0.0,0.0],[0.0,1.0,0.0,0.0],[0.0,0.0,1.0,0.0],[0.0,0.0,0.0,1.0]]","[[1.0,0.0,0.0,0.00018787187774865985],[0.0,1.0,0.0,-0.04996983227701085],[0.0,0.0,1.0,0.001726431685574631],[0.0,0.0,0.0,1.0]]",source/query_to_target/map,LEFT: T_initial=Delta_T@T_star,true,true,false,false,true,true,ASSUMED_METERS_FROM_SCALE,"[[0.9999999829072564,-1.5434852186807796e-05,0.00018424779989326335,0.0001240045865335336],[1.5470317919021545e-05,0.9999999813542424,-0.00019248943867238773,8.634593619226748e-05],[-0.00018424482541179015,0.00019249228575425533,0.9999999645002813,-0.00018556334328484727],[0.0,0.0,0.0,1.0]]",0.05,0.00023930422593285272,0.0,0.01529252367819429,0.0001240045865335336,8.634593619226748e-05,-0.00018556334328484727,0.995213915481343,true,true,true,1.0,0.020311258890129077,15929,,37.907875000200875,0.19.0+b012259,
CP-W_TEST_01_Q03-S-50MM-NEG-PCL,W_TEST_01,Weak,W_TEST_01_Q03,pcl,/home/lj/zero_perturbation_runtime/real_data/mid360_two_scene_pilot_v1/canonical_sources/W_TEST_01_Q03/source_points.npy,ae96479c693492eb41170dba28a3b9e68bf113cdfee36225f5849e89074ebd6c,3018641fd1cacd76226055574bf0190043dc9768765460fb371aa77e845693d6,/home/lj/zero_perturbation_runtime/real_data/mid360_two_scene_pilot_v1/target_maps/W_TEST_01/target_points.npy,d4438aba190de47a85fb6188ddc3b39dbfd6e39d3fdb5fa264bf425912e6c02e,e94c88ddc68916220d35f10c3da8fbaa53e6de526a6a0afc3a91899d5ce7a66a,6a1ebdee6b34390f1430eab371e1c4108db1f124b59b7239d74785efa6474af9,0.08834991805176642,0.22035219328538405,0.6912978886628499,7.824544763672573,0.7308146744052483,strong,-0.0037574375549731965,0.9993966455402169,-0.03452863371149261,lambda_max,TARGET_FRAME,-1,0.05,0.00018787187774865985,-0.04996983227701085,0.001726431685574631,"[[1.0,0.0,0.0,0.0],[0.0,1.0,0.0,0.0],[0.0,0.0,1.0,0.0],[0.0,0.0,0.0,1.0]]","[[1.0,0.0,0.0,0.00018787187774865985],[0.0,1.0,0.0,-0.04996983227701085],[0.0,0.0,1.0,0.001726431685574631],[0.0,0.0,0.0,1.0]]",source/query_to_target/map,LEFT: T_initial=Delta_T@T_star,true,true,false,false,true,true,ASSUMED_METERS_FROM_SCALE,"[[1.0,-0.0001491846051067114,0.00015135509602259845,0.00016503840743098408],[0.0001492178562330082,0.9999999403953552,-0.00021966705389786512,0.00014391806325875223],[-0.00015132231055758893,0.00021968958026263863,0.9999999403953552,-0.00014029539306648076],[0.0,0.0,0.0,1.0]]",0.05,0.00026006322726441746,0.0,0.017512553999134896,0.00016503840743098408,0.00014391806325875223,-0.00014029539306648076,0.9947987354547116,true,true,true,0.00041252892767386584,,15929,6,1271.42069,1.15.1,
CP-W_TEST_01_Q04-W-10MM-POS-O3D,W_TEST_01,Weak,W_TEST_01_Q04,open3d,/home/lj/zero_perturbation_runtime/real_data/mid360_two_scene_pilot_v1/canonical_sources/W_TEST_01_Q04/source_points.npy,81916407344063730e82a4c18c4bd4ecb673e003f8965dd8f4fe4a96d7710b2f,836bd7f8fd49bb2cb1ae98bf6bd99ccb467582c29e8525a0003151f593aa5baa,/home/lj/zero_perturbation_runtime/real_data/mid360_two_scene_pilot_v1/target_maps/W_TEST_01/target_points.npy,d4438aba190de47a85fb6188ddc3b39dbfd6e39d3fdb5fa264bf425912e6c02e,e94c88ddc68916220d35f10c3da8fbaa53e6de526a6a0afc3a91899d5ce7a66a,6a1ebdee6b34390f1430eab371e1c4108db1f124b59b7239d74785efa6474af9,0.0863924414892572,0.2169752908926948,0.6966322676180486,8.063578891964456,0.723572453150811,weak,0.9997844066238104,0.0030102268532263003,-0.020544556606740226,lambda_min,TARGET_FRAME,1,0.01,0.009997844066238104,3.0102268532263002e-05,-0.00020544556606740227,"[[1.0,0.0,0.0,0.0],[0.0,1.0,0.0,0.0],[0.0,0.0,1.0,0.0],[0.0,0.0,0.0,1.0]]","[[1.0,0.0,0.0,0.009997844066238104],[0.0,1.0,0.0,3.0102268532263002e-05],[0.0,0.0,1.0,-0.00020544556606740227],[0.0,0.0,0.0,1.0]]",source/query_to_target/map,LEFT: T_initial=Delta_T@T_star,true,true,false,false,true,true,ASSUMED_METERS_FROM_SCALE,"[[0.9999999952154469,-9.773843874359417e-05,4.037783625897169e-06,0.0004863738506680496],[9.77384207832636e-05,0.9999999952137082,4.448024501166535e-06,3.362118430555051e-05],[-4.038218349541392e-06,-4.4476298332896655e-06,0.9999999999819559,1.9113697041882196e-05],[0.0,0.0,0.0,1.0]]",0.01,0.00048790904896546327,0.0,0.005610567412424913,0.0004863738506680496,3.362118430555051e-05,1.9113697041882196e-05,0.9512090951034536,true,true,true,1.0,0.020588322128460446,15967,,48.99927999940701,0.19.0+b012259,
CP-W_TEST_01_Q04-W-10MM-POS-PCL,W_TEST_01,Weak,W_TEST_01_Q04,pcl,/home/lj/zero_perturbation_runtime/real_data/mid360_two_scene_pilot_v1/canonical_sources/W_TEST_01_Q04/source_points.npy,81916407344063730e82a4c18c4bd4ecb673e003f8965dd8f4fe4a96d7710b2f,836bd7f8fd49bb2cb1ae98bf6bd99ccb467582c29e8525a0003151f593aa5baa,/home/lj/zero_perturbation_runtime/real_data/mid360_two_scene_pilot_v1/target_maps/W_TEST_01/target_points.npy,d4438aba190de47a85fb6188ddc3b39dbfd6e39d3fdb5fa264bf425912e6c02e,e94c88ddc68916220d35f10c3da8fbaa53e6de526a6a0afc3a91899d5ce7a66a,6a1ebdee6b34390f1430eab371e1c4108db1f124b59b7239d74785efa6474af9,0.0863924414892572,0.2169752908926948,0.6966322676180486,8.063578891964456,0.723572453150811,weak,0.9997844066238104,0.0030102268532263003,-0.020544556606740226,lambda_min,TARGET_FRAME,1,0.01,0.009997844066238104,3.0102268532263002e-05,-0.00020544556606740227,"[[1.0,0.0,0.0,0.0],[0.0,1.0,0.0,0.0],[0.0,0.0,1.0,0.0],[0.0,0.0,0.0,1.0]]","[[1.0,0.0,0.0,0.009997844066238104],[0.0,1.0,0.0,3.0102268532263002e-05],[0.0,0.0,1.0,-0.00020544556606740227],[0.0,0.0,0.0,1.0]]",source/query_to_target/map,LEFT: T_initial=Delta_T@T_star,true,true,false,false,true,true,ASSUMED_METERS_FROM_SCALE,"[[1.0,-0.00013538244820665568,6.3115103330346756e-06,0.0006967461667954922],[0.00013538237544707954,1.0,9.102644980885088e-06,1.914583845064044e-05],[-6.312742243608227e-06,-9.101788236876018e-06,1.0,-5.435131242848001e-06],[0.0,0.0,0.0,1.0]]",0.01,0.0006970303614088965,0.0,0.007782760245221206,0.0006967461667954922,1.914583845064044e-05,-5.435131242848001e-06,0.9302969638591103,true,true,true,0.0004238713048195415,,15967,8,1301.38033,1.15.1,
CP-W_TEST_01_Q04-W-10MM-NEG-O3D,W_TEST_01,Weak,W_TEST_01_Q04,open3d,/home/lj/zero_perturbation_runtime/real_data/mid360_two_scene_pilot_v1/canonical_sources/W_TEST_01_Q04/source_points.npy,81916407344063730e82a4c18c4bd4ecb673e003f8965dd8f4fe4a96d7710b2f,836bd7f8fd49bb2cb1ae98bf6bd99ccb467582c29e8525a0003151f593aa5baa,/home/lj/zero_perturbation_runtime/real_data/mid360_two_scene_pilot_v1/target_maps/W_TEST_01/target_points.npy,d4438aba190de47a85fb6188ddc3b39dbfd6e39d3fdb5fa264bf425912e6c02e,e94c88ddc68916220d35f10c3da8fbaa53e6de526a6a0afc3a91899d5ce7a66a,6a1ebdee6b34390f1430eab371e1c4108db1f124b59b7239d74785efa6474af9,0.0863924414892572,0.2169752908926948,0.6966322676180486,8.063578891964456,0.723572453150811,weak,0.9997844066238104,0.0030102268532263003,-0.020544556606740226,lambda_min,TARGET_FRAME,-1,0.01,-0.009997844066238104,-3.0102268532263002e-05,0.00020544556606740227,"[[1.0,0.0,0.0,0.0],[0.0,1.0,0.0,0.0],[0.0,0.0,1.0,0.0],[0.0,0.0,0.0,1.0]]","[[1.0,0.0,0.0,-0.009997844066238104],[0.0,1.0,0.0,-3.0102268532263002e-05],[0.0,0.0,1.0,0.00020544556606740227],[0.0,0.0,0.0,1.0]]",source/query_to_target/map,LEFT: T_initial=Delta_T@T_star,true,true,false,false,true,true,ASSUMED_METERS_FROM_SCALE,"[[0.9999999952136889,-9.775703026494213e-05,4.023122883238978e-06,0.0004865742678341185],[9.775701516537012e-05,0.9999999952147396,3.7532223496427887e-06,3.265554766828786e-05],[-4.023489767858121e-06,-3.752829043193994e-06,0.9999999999848637,1.8839403891951216e-05],[0.0,0.0,0.0,1.0]]",0.01,0.0004880326075692365,0.0,0.005609929141015421,0.0004865742678341185,3.265554766828786e-05,1.8839403891951216e-05,0.9511967392430764,true,true,true,1.0,0.0205883244728564,15967,,46.44974299935711,0.19.0+b012259,
CP-W_TEST_01_Q04-W-10MM-NEG-PCL,W_TEST_01,Weak,W_TEST_01_Q04,pcl,/home/lj/zero_perturbation_runtime/real_data/mid360_two_scene_pilot_v1/canonical_sources/W_TEST_01_Q04/source_points.npy,81916407344063730e82a4c18c4bd4ecb673e003f8965dd8f4fe4a96d7710b2f,836bd7f8fd49bb2cb1ae98bf6bd99ccb467582c29e8525a0003151f593aa5baa,/home/lj/zero_perturbation_runtime/real_data/mid360_two_scene_pilot_v1/target_maps/W_TEST_01/target_points.npy,d4438aba190de47a85fb6188ddc3b39dbfd6e39d3fdb5fa264bf425912e6c02e,e94c88ddc68916220d35f10c3da8fbaa53e6de526a6a0afc3a91899d5ce7a66a,6a1ebdee6b34390f1430eab371e1c4108db1f124b59b7239d74785efa6474af9,0.0863924414892572,0.2169752908926948,0.6966322676180486,8.063578891964456,0.723572453150811,weak,0.9997844066238104,0.0030102268532263003,-0.020544556606740226,lambda_min,TARGET_FRAME,-1,0.01,-0.009997844066238104,-3.0102268532263002e-05,0.00020544556606740227,"[[1.0,0.0,0.0,0.0],[0.0,1.0,0.0,0.0],[0.0,0.0,1.0,0.0],[0.0,0.0,0.0,1.0]]","[[1.0,0.0,0.0,-0.009997844066238104],[0.0,1.0,0.0,-3.0102268532263002e-05],[0.0,0.0,1.0,0.00020544556606740227],[0.0,0.0,0.0,1.0]]",source/query_to_target/map,LEFT: T_initial=Delta_T@T_star,true,true,false,false,true,true,ASSUMED_METERS_FROM_SCALE,"[[1.0,-0.0001353136613033712,5.767541097156936e-06,0.0006768212770111859],[0.00013531358854379505,1.0,9.52834034251282e-06,1.766354762366973e-05],[-5.768826667917892e-06,-9.527559086563997e-06,1.0,1.1640040611382574e-06],[0.0,0.0,0.0,1.0]]",0.01,0.0006770527282532436,0.0,0.007779119247657867,0.0006768212770111859,1.766354762366973e-05,1.1640040611382574e-06,0.9322947271746757,true,true,true,0.0004238749738895449,,15967,8,1275.347399,1.15.1,
CP-W_TEST_01_Q04-W-30MM-POS-O3D,W_TEST_01,Weak,W_TEST_01_Q04,open3d,/home/lj/zero_perturbation_runtime/real_data/mid360_two_scene_pilot_v1/canonical_sources/W_TEST_01_Q04/source_points.npy,81916407344063730e82a4c18c4bd4ecb673e003f8965dd8f4fe4a96d7710b2f,836bd7f8fd49bb2cb1ae98bf6bd99ccb467582c29e8525a0003151f593aa5baa,/home/lj/zero_perturbation_runtime/real_data/mid360_two_scene_pilot_v1/target_maps/W_TEST_01/target_points.npy,d4438aba190de47a85fb6188ddc3b39dbfd6e39d3fdb5fa264bf425912e6c02e,e94c88ddc68916220d35f10c3da8fbaa53e6de526a6a0afc3a91899d5ce7a66a,6a1ebdee6b34390f1430eab371e1c4108db1f124b59b7239d74785efa6474af9,0.0863924414892572,0.2169752908926948,0.6966322676180486,8.063578891964456,0.723572453150811,weak,0.9997844066238104,0.0030102268532263003,-0.020544556606740226,lambda_min,TARGET_FRAME,1,0.03,0.029993532198714312,9.030680559678901e-05,-0.0006163366982022068,"[[1.0,0.0,0.0,0.0],[0.0,1.0,0.0,0.0],[0.0,0.0,1.0,0.0],[0.0,0.0,0.0,1.0]]","[[1.0,0.0,0.0,0.029993532198714312],[0.0,1.0,0.0,9.030680559678901e-05],[0.0,0.0,1.0,-0.0006163366982022068],[0.0,0.0,0.0,1.0]]",source/query_to_target/map,LEFT: T_initial=Delta_T@T_star,true,true,false,false,true,true,ASSUMED_METERS_FROM_SCALE,"[[0.9999999952154465,-9.773843874367886e-05,4.037783625891379e-06,0.0004863738506679652],[9.773842078334833e-05,0.9999999952137081,4.448024499302773e-06,3.362118430693014e-05],[-4.0382183495354274e-06,-4.4476298314259e-06,0.9999999999819554,1.911369704286684e-05],[0.0,0.0,0.0,1.0]]",0.030000000000000002,0.00048790904896551276,0.0,0.005610567412424719,0.0004863738506679652,3.362118430693014e-05,1.911369704286684e-05,0.9837363650344829,true,true,true,1.0,0.02058832212846044,15967,,45.382217000224045,0.19.0+b012259,
CP-W_TEST_01_Q04-W-30MM-POS-PCL,W_TEST_01,Weak,W_TEST_01_Q04,pcl,/home/lj/zero_perturbation_runtime/real_data/mid360_two_scene_pilot_v1/canonical_sources/W_TEST_01_Q04/source_points.npy,81916407344063730e82a4c18c4bd4ecb673e003f8965dd8f4fe4a96d7710b2f,836bd7f8fd49bb2cb1ae98bf6bd99ccb467582c29e8525a0003151f593aa5baa,/home/lj/zero_perturbation_runtime/real_data/mid360_two_scene_pilot_v1/target_maps/W_TEST_01/target_points.npy,d4438aba190de47a85fb6188ddc3b39dbfd6e39d3fdb5fa264bf425912e6c02e,e94c88ddc68916220d35f10c3da8fbaa53e6de526a6a0afc3a91899d5ce7a66a,6a1ebdee6b34390f1430eab371e1c4108db1f124b59b7239d74785efa6474af9,0.0863924414892572,0.2169752908926948,0.6966322676180486,8.063578891964456,0.723572453150811,weak,0.9997844066238104,0.0030102268532263003,-0.020544556606740226,lambda_min,TARGET_FRAME,1,0.03,0.029993532198714312,9.030680559678901e-05,-0.0006163366982022068,"[[1.0,0.0,0.0,0.0],[0.0,1.0,0.0,0.0],[0.0,0.0,1.0,0.0],[0.0,0.0,0.0,1.0]]","[[1.0,0.0,0.0,0.029993532198714312],[0.0,1.0,0.0,9.030680559678901e-05],[0.0,0.0,1.0,-0.0006163366982022068],[0.0,0.0,0.0,1.0]]",source/query_to_target/map,LEFT: T_initial=Delta_T@T_star,true,true,false,false,true,true,ASSUMED_METERS_FROM_SCALE,"[[1.0,-0.00013538601342588663,6.298977496044245e-06,0.0006968240486457944],[0.00013538596977014095,1.0,9.096030225919094e-06,1.9161239833920263e-05],[-6.300205768638989e-06,-9.095172572415322e-06,1.0,-5.245713509793859e-06],[0.0,0.0,0.0,1.0]]",0.030000000000000002,0.0006971071835760381,0.0,0.007782905940108405,0.0006968240486457944,1.9161239833920263e-05,-5.245713509793859e-06,0.9767630938807987,true,true,true,0.00042387120103976907,,15967,7,1612.843735,1.15.1,
CP-W_TEST_01_Q04-W-30MM-NEG-O3D,W_TEST_01,Weak,W_TEST_01_Q04,open3d,/home/lj/zero_perturbation_runtime/real_data/mid360_two_scene_pilot_v1/canonical_sources/W_TEST_01_Q04/source_points.npy,81916407344063730e82a4c18c4bd4ecb673e003f8965dd8f4fe4a96d7710b2f,836bd7f8fd49bb2cb1ae98bf6bd99ccb467582c29e8525a0003151f593aa5baa,/home/lj/zero_perturbation_runtime/real_data/mid360_two_scene_pilot_v1/target_maps/W_TEST_01/target_points.npy,d4438aba190de47a85fb6188ddc3b39dbfd6e39d3fdb5fa264bf425912e6c02e,e94c88ddc68916220d35f10c3da8fbaa53e6de526a6a0afc3a91899d5ce7a66a,6a1ebdee6b34390f1430eab371e1c4108db1f124b59b7239d74785efa6474af9,0.0863924414892572,0.2169752908926948,0.6966322676180486,8.063578891964456,0.723572453150811,weak,0.9997844066238104,0.0030102268532263003,-0.020544556606740226,lambda_min,TARGET_FRAME,-1,0.03,-0.029993532198714312,-9.030680559678901e-05,0.0006163366982022068,"[[1.0,0.0,0.0,0.0],[0.0,1.0,0.0,0.0],[0.0,0.0,1.0,0.0],[0.0,0.0,0.0,1.0]]","[[1.0,0.0,0.0,-0.029993532198714312],[0.0,1.0,0.0,-9.030680559678901e-05],[0.0,0.0,1.0,0.0006163366982022068],[0.0,0.0,0.0,1.0]]",source/query_to_target/map,LEFT: T_initial=Delta_T@T_star,true,true,false,false,true,true,ASSUMED_METERS_FROM_SCALE,"[[0.9999999952136885,-9.775703026494438e-05,4.023122883255716e-06,0.0004865742678330892],[9.775701516537234e-05,0.9999999952147394,3.7532223497044476e-06,3.265554766780392e-05],[-4.023489767874843e-06,-3.7528290432556573e-06,0.9999999999848641,1.883940389086487e-05],[0.0,0.0,0.0,1.0]]",0.030000000000000002,0.00048803260756813594,0.0,0.005609929141015315,0.0004865742678330892,3.265554766780392e-05,1.883940389086487e-05,0.9837322464143955,true,true,true,1.0,0.02058832447285642,15967,,45.34334799973294,0.19.0+b012259,
CP-W_TEST_01_Q04-W-30MM-NEG-PCL,W_TEST_01,Weak,W_TEST_01_Q04,pcl,/home/lj/zero_perturbation_runtime/real_data/mid360_two_scene_pilot_v1/canonical_sources/W_TEST_01_Q04/source_points.npy,81916407344063730e82a4c18c4bd4ecb673e003f8965dd8f4fe4a96d7710b2f,836bd7f8fd49bb2cb1ae98bf6bd99ccb467582c29e8525a0003151f593aa5baa,/home/lj/zero_perturbation_runtime/real_data/mid360_two_scene_pilot_v1/target_maps/W_TEST_01/target_points.npy,d4438aba190de47a85fb6188ddc3b39dbfd6e39d3fdb5fa264bf425912e6c02e,e94c88ddc68916220d35f10c3da8fbaa53e6de526a6a0afc3a91899d5ce7a66a,6a1ebdee6b34390f1430eab371e1c4108db1f124b59b7239d74785efa6474af9,0.0863924414892572,0.2169752908926948,0.6966322676180486,8.063578891964456,0.723572453150811,weak,0.9997844066238104,0.0030102268532263003,-0.020544556606740226,lambda_min,TARGET_FRAME,-1,0.03,-0.029993532198714312,-9.030680559678901e-05,0.0006163366982022068,"[[1.0,0.0,0.0,0.0],[0.0,1.0,0.0,0.0],[0.0,0.0,1.0,0.0],[0.0,0.0,0.0,1.0]]","[[1.0,0.0,0.0,-0.029993532198714312],[0.0,1.0,0.0,-9.030680559678901e-05],[0.0,0.0,1.0,0.0006163366982022068],[0.0,0.0,0.0,1.0]]",source/query_to_target/map,LEFT: T_initial=Delta_T@T_star,true,true,false,false,true,true,ASSUMED_METERS_FROM_SCALE,"[[1.0,-0.00013530845171771944,5.771622454631142e-06,0.0006768249440938234],[0.00013530839351005852,1.0,9.53518338064896e-06,1.7657244825386442e-05],[-5.772910753876204e-06,-9.534400305710733e-06,1.0,1.0672249572962755e-06],[0.0,0.0,0.0,1.0]]",0.030000000000000002,0.0006770560702124605,0.0,0.00777885964576251,0.0006768249440938234,1.7657244825386442e-05,1.0672249572962755e-06,0.9774314643262513,true,true,true,0.00042387501078350076,,15967,9,1697.645114,1.15.1,
CP-W_TEST_01_Q04-W-50MM-POS-O3D,W_TEST_01,Weak,W_TEST_01_Q04,open3d,/home/lj/zero_perturbation_runtime/real_data/mid360_two_scene_pilot_v1/canonical_sources/W_TEST_01_Q04/source_points.npy,81916407344063730e82a4c18c4bd4ecb673e003f8965dd8f4fe4a96d7710b2f,836bd7f8fd49bb2cb1ae98bf6bd99ccb467582c29e8525a0003151f593aa5baa,/home/lj/zero_perturbation_runtime/real_data/mid360_two_scene_pilot_v1/target_maps/W_TEST_01/target_points.npy,d4438aba190de47a85fb6188ddc3b39dbfd6e39d3fdb5fa264bf425912e6c02e,e94c88ddc68916220d35f10c3da8fbaa53e6de526a6a0afc3a91899d5ce7a66a,6a1ebdee6b34390f1430eab371e1c4108db1f124b59b7239d74785efa6474af9,0.0863924414892572,0.2169752908926948,0.6966322676180486,8.063578891964456,0.723572453150811,weak,0.9997844066238104,0.0030102268532263003,-0.020544556606740226,lambda_min,TARGET_FRAME,1,0.05,0.04998922033119052,0.00015051134266131502,-0.0010272278303370113,"[[1.0,0.0,0.0,0.0],[0.0,1.0,0.0,0.0],[0.0,0.0,1.0,0.0],[0.0,0.0,0.0,1.0]]","[[1.0,0.0,0.0,0.04998922033119052],[0.0,1.0,0.0,0.00015051134266131502],[0.0,0.0,1.0,-0.0010272278303370113],[0.0,0.0,0.0,1.0]]",source/query_to_target/map,LEFT: T_initial=Delta_T@T_star,true,true,false,false,true,true,ASSUMED_METERS_FROM_SCALE,"[[0.9999999951019958,-9.887178883387802e-05,4.514188998552058e-06,0.0005109024850856336],[9.887174760515379e-05,0.9999999950704876,9.132450768466517e-06,2.410208376154496e-05],[-4.515091918043216e-06,-9.132004397980366e-06,0.99999999994811,2.3190666819666097e-05],[0.0,0.0,0.0,1.0]]",0.05,0.0005119961589073353,0.0,0.005694925567459248,0.0005109024850856336,2.410208376154496e-05,2.3190666819666097e-05,0.9897600768218533,true,true,true,1.0,0.0205880577777427,15967,,49.00849099976767,0.19.0+b012259,
CP-W_TEST_01_Q04-W-50MM-POS-PCL,W_TEST_01,Weak,W_TEST_01_Q04,pcl,/home/lj/zero_perturbation_runtime/real_data/mid360_two_scene_pilot_v1/canonical_sources/W_TEST_01_Q04/source_points.npy,81916407344063730e82a4c18c4bd4ecb673e003f8965dd8f4fe4a96d7710b2f,836bd7f8fd49bb2cb1ae98bf6bd99ccb467582c29e8525a0003151f593aa5baa,/home/lj/zero_perturbation_runtime/real_data/mid360_two_scene_pilot_v1/target_maps/W_TEST_01/target_points.npy,d4438aba190de47a85fb6188ddc3b39dbfd6e39d3fdb5fa264bf425912e6c02e,e94c88ddc68916220d35f10c3da8fbaa53e6de526a6a0afc3a91899d5ce7a66a,6a1ebdee6b34390f1430eab371e1c4108db1f124b59b7239d74785efa6474af9,0.0863924414892572,0.2169752908926948,0.6966322676180486,8.063578891964456,0.723572453150811,weak,0.9997844066238104,0.0030102268532263003,-0.020544556606740226,lambda_min,TARGET_FRAME,1,0.05,0.04998922033119052,0.00015051134266131502,-0.0010272278303370113,"[[1.0,0.0,0.0,0.0],[0.0,1.0,0.0,0.0],[0.0,0.0,1.0,0.0],[0.0,0.0,0.0,1.0]]","[[1.0,0.0,0.0,0.04998922033119052],[0.0,1.0,0.0,0.00015051134266131502],[0.0,0.0,1.0,-0.0010272278303370113],[0.0,0.0,0.0,1.0]]",source/query_to_target/map,LEFT: T_initial=Delta_T@T_star,true,true,false,false,true,true,ASSUMED_METERS_FROM_SCALE,"[[1.0,-0.00013561011292040348,6.343334462144412e-06,0.0006929407245479524],[0.0001356100256089121,1.0,7.90712238085689e-06,1.7597751138964668e-05],[-6.34440539215575e-06,-7.9062556324061e-06,1.0,-3.323223381812568e-06],[0.0,0.0,0.0,1.0]]",0.05,0.0006931721087838399,0.0,0.007791562676641566,0.0006929407245479524,1.7597751138964668e-05,-3.323223381812568e-06,0.9861365578243232,true,true,true,0.00042387269914581383,,15967,7,1262.510933,1.15.1,
CP-W_TEST_01_Q04-W-50MM-NEG-O3D,W_TEST_01,Weak,W_TEST_01_Q04,open3d,/home/lj/zero_perturbation_runtime/real_data/mid360_two_scene_pilot_v1/canonical_sources/W_TEST_01_Q04/source_points.npy,81916407344063730e82a4c18c4bd4ecb673e003f8965dd8f4fe4a96d7710b2f,836bd7f8fd49bb2cb1ae98bf6bd99ccb467582c29e8525a0003151f593aa5baa,/home/lj/zero_perturbation_runtime/real_data/mid360_two_scene_pilot_v1/target_maps/W_TEST_01/target_points.npy,d4438aba190de47a85fb6188ddc3b39dbfd6e39d3fdb5fa264bf425912e6c02e,e94c88ddc68916220d35f10c3da8fbaa53e6de526a6a0afc3a91899d5ce7a66a,6a1ebdee6b34390f1430eab371e1c4108db1f124b59b7239d74785efa6474af9,0.0863924414892572,0.2169752908926948,0.6966322676180486,8.063578891964456,0.723572453150811,weak,0.9997844066238104,0.0030102268532263003,-0.020544556606740226,lambda_min,TARGET_FRAME,-1,0.05,-0.04998922033119052,-0.00015051134266131502,0.0010272278303370113,"[[1.0,0.0,0.0,0.0],[0.0,1.0,0.0,0.0],[0.0,0.0,1.0,0.0],[0.0,0.0,0.0,1.0]]","[[1.0,0.0,0.0,-0.04998922033119052],[0.0,1.0,0.0,-0.00015051134266131502],[0.0,0.0,1.0,0.0010272278303370113],[0.0,0.0,0.0,1.0]]",source/query_to_target/map,LEFT: T_initial=Delta_T@T_star,true,true,false,false,true,true,ASSUMED_METERS_FROM_SCALE,"[[0.9999999952244629,-9.764613256047335e-05,4.038269924327909e-06,0.0004862499806546762],[9.764611278425098e-05,0.9999999952206277,4.897108955601844e-06,3.039930071197574e-05],[-4.038748088777769e-06,-4.89671461085503e-06,0.9999999999798552,1.887295227086938e-05],[0.0,0.0,0.0,1.0]]",0.05,0.0004875647131385419,0.0,0.005606518532398403,0.0004862499806546762,3.039930071197574e-05,1.887295227086938e-05,0.9902487057372291,true,true,true,1.0,0.020588319846535547,15967,,43.70724999989761,0.19.0+b012259,
CP-W_TEST_01_Q04-W-50MM-NEG-PCL,W_TEST_01,Weak,W_TEST_01_Q04,pcl,/home/lj/zero_perturbation_runtime/real_data/mid360_two_scene_pilot_v1/canonical_sources/W_TEST_01_Q04/source_points.npy,81916407344063730e82a4c18c4bd4ecb673e003f8965dd8f4fe4a96d7710b2f,836bd7f8fd49bb2cb1ae98bf6bd99ccb467582c29e8525a0003151f593aa5baa,/home/lj/zero_perturbation_runtime/real_data/mid360_two_scene_pilot_v1/target_maps/W_TEST_01/target_points.npy,d4438aba190de47a85fb6188ddc3b39dbfd6e39d3fdb5fa264bf425912e6c02e,e94c88ddc68916220d35f10c3da8fbaa53e6de526a6a0afc3a91899d5ce7a66a,6a1ebdee6b34390f1430eab371e1c4108db1f124b59b7239d74785efa6474af9,0.0863924414892572,0.2169752908926948,0.6966322676180486,8.063578891964456,0.723572453150811,weak,0.9997844066238104,0.0030102268532263003,-0.020544556606740226,lambda_min,TARGET_FRAME,-1,0.05,-0.04998922033119052,-0.00015051134266131502,0.0010272278303370113,"[[1.0,0.0,0.0,0.0],[0.0,1.0,0.0,0.0],[0.0,0.0,1.0,0.0],[0.0,0.0,0.0,1.0]]","[[1.0,0.0,0.0,-0.04998922033119052],[0.0,1.0,0.0,-0.00015051134266131502],[0.0,0.0,1.0,0.0010272278303370113],[0.0,0.0,0.0,1.0]]",source/query_to_target/map,LEFT: T_initial=Delta_T@T_star,true,true,false,false,true,true,ASSUMED_METERS_FROM_SCALE,"[[1.0,-0.00013531080912798643,5.77305763727054e-06,0.0006767020677216351],[0.00013531076547224075,1.0,9.533515367365908e-06,1.7651511370786466e-05],[-5.774346846010303e-06,-9.532739568385296e-06,1.0,1.021847879201232e-06],[0.0,0.0,0.0,1.0]]",0.05,0.0006769330162471747,0.0,0.007778991476058344,0.0006767020677216351,1.7651511370786466e-05,1.021847879201232e-06,0.9864613396750566,true,true,true,0.0004238750667682683,,15967,10,1316.193302,1.15.1,
CP-W_TEST_01_Q04-S-10MM-POS-O3D,W_TEST_01,Weak,W_TEST_01_Q04,open3d,/home/lj/zero_perturbation_runtime/real_data/mid360_two_scene_pilot_v1/canonical_sources/W_TEST_01_Q04/source_points.npy,81916407344063730e82a4c18c4bd4ecb673e003f8965dd8f4fe4a96d7710b2f,836bd7f8fd49bb2cb1ae98bf6bd99ccb467582c29e8525a0003151f593aa5baa,/home/lj/zero_perturbation_runtime/real_data/mid360_two_scene_pilot_v1/target_maps/W_TEST_01/target_points.npy,d4438aba190de47a85fb6188ddc3b39dbfd6e39d3fdb5fa264bf425912e6c02e,e94c88ddc68916220d35f10c3da8fbaa53e6de526a6a0afc3a91899d5ce7a66a,6a1ebdee6b34390f1430eab371e1c4108db1f124b59b7239d74785efa6474af9,0.0863924414892572,0.2169752908926948,0.6966322676180486,8.063578891964456,0.723572453150811,strong,-0.0036180045511670206,0.9995549611665091,-0.02961063407774811,lambda_max,TARGET_FRAME,1,0.01,-3.618004551167021e-05,0.009995549611665091,-0.00029610634077748113,"[[1.0,0.0,0.0,0.0],[0.0,1.0,0.0,0.0],[0.0,0.0,1.0,0.0],[0.0,0.0,0.0,1.0]]","[[1.0,0.0,0.0,-3.618004551167021e-05],[0.0,1.0,0.0,0.009995549611665091],[0.0,0.0,1.0,-0.00029610634077748113],[0.0,0.0,0.0,1.0]]",source/query_to_target/map,LEFT: T_initial=Delta_T@T_star,true,true,false,false,true,true,ASSUMED_METERS_FROM_SCALE,"[[0.9999999952244627,-9.764613266318994e-05,4.038269765497981e-06,0.0004862499808699209],[9.764611288698887e-05,0.9999999952206275,4.897103864519913e-06,3.039930483174706e-05],[-4.038747929451205e-06,-4.89670951978816e-06,0.9999999999798554,1.887295302001819e-05],[0.0,0.0,0.0,1.0]]",0.01,0.0004875647136390694,0.0,0.005606518523298218,0.0004862499808699209,3.039930483174706e-05,1.887295302001819e-05,0.9512435286360931,true,true,true,1.0,0.02058831984654076,15967,,39.22966800018912,0.19.0+b012259,
CP-W_TEST_01_Q04-S-10MM-POS-PCL,W_TEST_01,Weak,W_TEST_01_Q04,pcl,/home/lj/zero_perturbation_runtime/real_data/mid360_two_scene_pilot_v1/canonical_sources/W_TEST_01_Q04/source_points.npy,81916407344063730e82a4c18c4bd4ecb673e003f8965dd8f4fe4a96d7710b2f,836bd7f8fd49bb2cb1ae98bf6bd99ccb467582c29e8525a0003151f593aa5baa,/home/lj/zero_perturbation_runtime/real_data/mid360_two_scene_pilot_v1/target_maps/W_TEST_01/target_points.npy,d4438aba190de47a85fb6188ddc3b39dbfd6e39d3fdb5fa264bf425912e6c02e,e94c88ddc68916220d35f10c3da8fbaa53e6de526a6a0afc3a91899d5ce7a66a,6a1ebdee6b34390f1430eab371e1c4108db1f124b59b7239d74785efa6474af9,0.0863924414892572,0.2169752908926948,0.6966322676180486,8.063578891964456,0.723572453150811,strong,-0.0036180045511670206,0.9995549611665091,-0.02961063407774811,lambda_max,TARGET_FRAME,1,0.01,-3.618004551167021e-05,0.009995549611665091,-0.00029610634077748113,"[[1.0,0.0,0.0,0.0],[0.0,1.0,0.0,0.0],[0.0,0.0,1.0,0.0],[0.0,0.0,0.0,1.0]]","[[1.0,0.0,0.0,-3.618004551167021e-05],[0.0,1.0,0.0,0.009995549611665091],[0.0,0.0,1.0,-0.00029610634077748113],[0.0,0.0,0.0,1.0]]",source/query_to_target/map,LEFT: T_initial=Delta_T@T_star,true,true,false,false,true,true,ASSUMED_METERS_FROM_SCALE,"[[1.0,-0.00013537048653233796,6.302900601440342e-06,0.0006966970395296812],[0.00013537041377276182,1.0,9.09188838704722e-06,1.9155073459842242e-05],[-6.304131147771841e-06,-9.091060746868607e-06,1.0,-5.057279850007035e-06],[0.0,0.0,0.0,1.0]]",0.01,0.0006969786638112786,0.0,0.007782013040862757,0.0006966970395296812,1.9155073459842242e-05,-5.057279850007035e-06,0.9303021336188722,true,true,true,0.00042387113795263205,,15967,9,1330.731959,1.15.1,
CP-W_TEST_01_Q04-S-10MM-NEG-O3D,W_TEST_01,Weak,W_TEST_01_Q04,open3d,/home/lj/zero_perturbation_runtime/real_data/mid360_two_scene_pilot_v1/canonical_sources/W_TEST_01_Q04/source_points.npy,81916407344063730e82a4c18c4bd4ecb673e003f8965dd8f4fe4a96d7710b2f,836bd7f8fd49bb2cb1ae98bf6bd99ccb467582c29e8525a0003151f593aa5baa,/home/lj/zero_perturbation_runtime/real_data/mid360_two_scene_pilot_v1/target_maps/W_TEST_01/target_points.npy,d4438aba190de47a85fb6188ddc3b39dbfd6e39d3fdb5fa264bf425912e6c02e,e94c88ddc68916220d35f10c3da8fbaa53e6de526a6a0afc3a91899d5ce7a66a,6a1ebdee6b34390f1430eab371e1c4108db1f124b59b7239d74785efa6474af9,0.0863924414892572,0.2169752908926948,0.6966322676180486,8.063578891964456,0.723572453150811,strong,-0.0036180045511670206,0.9995549611665091,-0.02961063407774811,lambda_max,TARGET_FRAME,-1,0.01,3.618004551167021e-05,-0.009995549611665091,0.00029610634077748113,"[[1.0,0.0,0.0,0.0],[0.0,1.0,0.0,0.0],[0.0,0.0,1.0,0.0],[0.0,0.0,0.0,1.0]]","[[1.0,0.0,0.0,3.618004551167021e-05],[0.0,1.0,0.0,-0.009995549611665091],[0.0,0.0,1.0,0.00029610634077748113],[0.0,0.0,0.0,1.0]]",source/query_to_target/map,LEFT: T_initial=Delta_T@T_star,true,true,false,false,true,true,ASSUMED_METERS_FROM_SCALE,"[[0.9999999950966606,-9.89246644651787e-05,4.537594101665093e-06,0.0005134910438590375],[9.892462310814164e-05,0.9999999950654302,9.11362859758388e-06,2.41505507630738e-05],[-4.538495641925095e-06,-9.11317967311039e-06,0.999999999948176,2.314528971218657e-05],[0.0,0.0,0.0,1.0]]",0.01,0.00051457944543235,0.0,0.005697901266336451,0.0005134910438590375,2.41505507630738e-05,2.314528971218657e-05,0.948542055456765,true,true,true,1.0,0.020588032747446194,15967,,34.656800999982806,0.19.0+b012259,
CP-W_TEST_01_Q04-S-10MM-NEG-PCL,W_TEST_01,Weak,W_TEST_01_Q04,pcl,/home/lj/zero_perturbation_runtime/real_data/mid360_two_scene_pilot_v1/canonical_sources/W_TEST_01_Q04/source_points.npy,81916407344063730e82a4c18c4bd4ecb673e003f8965dd8f4fe4a96d7710b2f,836bd7f8fd49bb2cb1ae98bf6bd99ccb467582c29e8525a0003151f593aa5baa,/home/lj/zero_perturbation_runtime/real_data/mid360_two_scene_pilot_v1/target_maps/W_TEST_01/target_points.npy,d4438aba190de47a85fb6188ddc3b39dbfd6e39d3fdb5fa264bf425912e6c02e,e94c88ddc68916220d35f10c3da8fbaa53e6de526a6a0afc3a91899d5ce7a66a,6a1ebdee6b34390f1430eab371e1c4108db1f124b59b7239d74785efa6474af9,0.0863924414892572,0.2169752908926948,0.6966322676180486,8.063578891964456,0.723572453150811,strong,-0.0036180045511670206,0.9995549611665091,-0.02961063407774811,lambda_max,TARGET_FRAME,-1,0.01,3.618004551167021e-05,-0.009995549611665091,0.00029610634077748113,"[[1.0,0.0,0.0,0.0],[0.0,1.0,0.0,0.0],[0.0,0.0,1.0,0.0],[0.0,0.0,0.0,1.0]]","[[1.0,0.0,0.0,3.618004551167021e-05],[0.0,1.0,0.0,-0.009995549611665091],[0.0,0.0,1.0,0.00029610634077748113],[0.0,0.0,0.0,1.0]]",source/query_to_target/map,LEFT: T_initial=Delta_T@T_star,true,true,false,false,true,true,ASSUMED_METERS_FROM_SCALE,"[[1.0,-0.00013533986930269748,5.452511231851531e-06,0.0006770977634005249],[0.00013533981109503657,1.0,1.013224755297415e-05,1.713528581603896e-05],[-5.453882295114454e-06,-1.01315035863081e-05,1.0,-2.8988201847823802e-06],[0.0,0.0,0.0,1.0]]",0.01,0.0006773207529527308,0.0,0.007782375103615212,0.0006770977634005249,1.713528581603896e-05,-2.8988201847823802e-06,0.932267924704727,true,true,true,0.0004238756219130996,,15967,5,1227.995679,1.15.1,
CP-W_TEST_01_Q04-S-30MM-POS-O3D,W_TEST_01,Weak,W_TEST_01_Q04,open3d,/home/lj/zero_perturbation_runtime/real_data/mid360_two_scene_pilot_v1/canonical_sources/W_TEST_01_Q04/source_points.npy,81916407344063730e82a4c18c4bd4ecb673e003f8965dd8f4fe4a96d7710b2f,836bd7f8fd49bb2cb1ae98bf6bd99ccb467582c29e8525a0003151f593aa5baa,/home/lj/zero_perturbation_runtime/real_data/mid360_two_scene_pilot_v1/target_maps/W_TEST_01/target_points.npy,d4438aba190de47a85fb6188ddc3b39dbfd6e39d3fdb5fa264bf425912e6c02e,e94c88ddc68916220d35f10c3da8fbaa53e6de526a6a0afc3a91899d5ce7a66a,6a1ebdee6b34390f1430eab371e1c4108db1f124b59b7239d74785efa6474af9,0.0863924414892572,0.2169752908926948,0.6966322676180486,8.063578891964456,0.723572453150811,strong,-0.0036180045511670206,0.9995549611665091,-0.02961063407774811,lambda_max,TARGET_FRAME,1,0.03,-0.00010854013653501062,0.029986648834995272,-0.0008883190223324432,"[[1.0,0.0,0.0,0.0],[0.0,1.0,0.0,0.0],[0.0,0.0,1.0,0.0],[0.0,0.0,0.0,1.0]]","[[1.0,0.0,0.0,-0.00010854013653501062],[0.0,1.0,0.0,0.029986648834995272],[0.0,0.0,1.0,-0.0008883190223324432],[0.0,0.0,0.0,1.0]]",source/query_to_target/map,LEFT: T_initial=Delta_T@T_star,true,true,false,false,true,true,ASSUMED_METERS_FROM_SCALE,"[[0.9999999952269427,-9.762009336255741e-05,4.053611318219515e-06,0.000487845365899259],[9.762007334130376e-05,0.9999999952229637,4.93901942638849e-06,2.9729901642547224e-05],[-4.054093446392791e-06,-4.938623688980016e-06,0.999999999979587,1.8337724176902195e-05],[0.0,0.0,0.0,1.0]]",0.030000000000000002,0.0004890943060484814,0.0,0.005605186805328233,0.000487845365899259,2.9729901642547224e-05,1.8337724176902195e-05,0.9836968564650507,true,true,true,1.0,0.020588306005532003,15967,,37.503845999708574,0.19.0+b012259,
CP-W_TEST_01_Q04-S-30MM-POS-PCL,W_TEST_01,Weak,W_TEST_01_Q04,pcl,/home/lj/zero_perturbation_runtime/real_data/mid360_two_scene_pilot_v1/canonical_sources/W_TEST_01_Q04/source_points.npy,81916407344063730e82a4c18c4bd4ecb673e003f8965dd8f4fe4a96d7710b2f,836bd7f8fd49bb2cb1ae98bf6bd99ccb467582c29e8525a0003151f593aa5baa,/home/lj/zero_perturbation_runtime/real_data/mid360_two_scene_pilot_v1/target_maps/W_TEST_01/target_points.npy,d4438aba190de47a85fb6188ddc3b39dbfd6e39d3fdb5fa264bf425912e6c02e,e94c88ddc68916220d35f10c3da8fbaa53e6de526a6a0afc3a91899d5ce7a66a,6a1ebdee6b34390f1430eab371e1c4108db1f124b59b7239d74785efa6474af9,0.0863924414892572,0.2169752908926948,0.6966322676180486,8.063578891964456,0.723572453150811,strong,-0.0036180045511670206,0.9995549611665091,-0.02961063407774811,lambda_max,TARGET_FRAME,1,0.03,-0.00010854013653501062,0.029986648834995272,-0.0008883190223324432,"[[1.0,0.0,0.0,0.0],[0.0,1.0,0.0,0.0],[0.0,0.0,1.0,0.0],[0.0,0.0,0.0,1.0]]","[[1.0,0.0,0.0,-0.00010854013653501062],[0.0,1.0,0.0,0.029986648834995272],[0.0,0.0,1.0,-0.0008883190223324432],[0.0,0.0,0.0,1.0]]",source/query_to_target/map,LEFT: T_initial=Delta_T@T_star,true,true,false,false,true,true,ASSUMED_METERS_FROM_SCALE,"[[1.0,-0.0001353098632534966,5.771034466306446e-06,0.000676822557579726],[0.00013530979049392045,1.0,9.517236321698874e-06,1.7623344319872558e-05],[-5.772321856056806e-06,-9.516411410004366e-06,1.0,1.0967214620904997e-06],[0.0,0.0,0.0,1.0]]",0.030000000000000002,0.0006770528483890631,0.0,0.007778866167262057,0.000676822557579726,1.7623344319872558e-05,1.0967214620904997e-06,0.9774315717203645,true,true,true,0.0004238750060742481,,15967,8,1278.481487,1.15.1,
CP-W_TEST_01_Q04-S-30MM-NEG-O3D,W_TEST_01,Weak,W_TEST_01_Q04,open3d,/home/lj/zero_perturbation_runtime/real_data/mid360_two_scene_pilot_v1/canonical_sources/W_TEST_01_Q04/source_points.npy,81916407344063730e82a4c18c4bd4ecb673e003f8965dd8f4fe4a96d7710b2f,836bd7f8fd49bb2cb1ae98bf6bd99ccb467582c29e8525a0003151f593aa5baa,/home/lj/zero_perturbation_runtime/real_data/mid360_two_scene_pilot_v1/target_maps/W_TEST_01/target_points.npy,d4438aba190de47a85fb6188ddc3b39dbfd6e39d3fdb5fa264bf425912e6c02e,e94c88ddc68916220d35f10c3da8fbaa53e6de526a6a0afc3a91899d5ce7a66a,6a1ebdee6b34390f1430eab371e1c4108db1f124b59b7239d74785efa6474af9,0.0863924414892572,0.2169752908926948,0.6966322676180486,8.063578891964456,0.723572453150811,strong,-0.0036180045511670206,0.9995549611665091,-0.02961063407774811,lambda_max,TARGET_FRAME,-1,0.03,0.00010854013653501062,-0.029986648834995272,0.0008883190223324432,"[[1.0,0.0,0.0,0.0],[0.0,1.0,0.0,0.0],[0.0,0.0,1.0,0.0],[0.0,0.0,0.0,1.0]]","[[1.0,0.0,0.0,0.00010854013653501062],[0.0,1.0,0.0,-0.029986648834995272],[0.0,0.0,1.0,0.0008883190223324432],[0.0,0.0,0.0,1.0]]",source/query_to_target/map,LEFT: T_initial=Delta_T@T_star,true,true,false,false,true,true,ASSUMED_METERS_FROM_SCALE,"[[0.9999999952154469,-9.773843874345605e-05,4.037783626045417e-06,0.0004863738506671102],[9.77384207831255e-05,0.9999999952137082,4.448024513561024e-06,3.362118429565313e-05],[-4.038218349690857e-06,-4.447629845684234e-06,0.9999999999819557,1.9113697040399245e-05],[0.0,0.0,0.0,1.0]]",0.030000000000000002,0.00048790904896378677,0.0,0.005610567412449539,0.0004863738506671102,3.362118429565313e-05,1.9113697040399245e-05,0.9837363650345404,true,true,true,1.0,0.020588322128460422,15967,,37.04543399999238,0.19.0+b012259,
CP-W_TEST_01_Q04-S-30MM-NEG-PCL,W_TEST_01,Weak,W_TEST_01_Q04,pcl,/home/lj/zero_perturbation_runtime/real_data/mid360_two_scene_pilot_v1/canonical_sources/W_TEST_01_Q04/source_points.npy,81916407344063730e82a4c18c4bd4ecb673e003f8965dd8f4fe4a96d7710b2f,836bd7f8fd49bb2cb1ae98bf6bd99ccb467582c29e8525a0003151f593aa5baa,/home/lj/zero_perturbation_runtime/real_data/mid360_two_scene_pilot_v1/target_maps/W_TEST_01/target_points.npy,d4438aba190de47a85fb6188ddc3b39dbfd6e39d3fdb5fa264bf425912e6c02e,e94c88ddc68916220d35f10c3da8fbaa53e6de526a6a0afc3a91899d5ce7a66a,6a1ebdee6b34390f1430eab371e1c4108db1f124b59b7239d74785efa6474af9,0.0863924414892572,0.2169752908926948,0.6966322676180486,8.063578891964456,0.723572453150811,strong,-0.0036180045511670206,0.9995549611665091,-0.02961063407774811,lambda_max,TARGET_FRAME,-1,0.03,0.00010854013653501062,-0.029986648834995272,0.0008883190223324432,"[[1.0,0.0,0.0,0.0],[0.0,1.0,0.0,0.0],[0.0,0.0,1.0,0.0],[0.0,0.0,0.0,1.0]]","[[1.0,0.0,0.0,0.00010854013653501062],[0.0,1.0,0.0,-0.029986648834995272],[0.0,0.0,1.0,0.0008883190223324432],[0.0,0.0,0.0,1.0]]",source/query_to_target/map,LEFT: T_initial=Delta_T@T_star,true,true,false,false,true,true,ASSUMED_METERS_FROM_SCALE,"[[1.0,-0.00013564038090407848,6.229693099157885e-06,0.0006972712581045926],[0.00013564032269641757,0.9999999403953552,9.12611540115904e-06,1.6376628991565667e-05],[-6.2309313761943486e-06,-9.125240467255935e-06,0.9999999403953552,-4.504842308961088e-06],[0.0,0.0,0.0,1.0]]",0.030000000000000002,0.0006974780964016845,0.0,0.007797364237144437,0.0006972712581045926,1.6376628991565667e-05,-4.504842308961088e-06,0.9767507301199438,true,true,true,0.0004238711923676041,,15967,6,1274.630611,1.15.1,
CP-W_TEST_01_Q04-S-50MM-POS-O3D,W_TEST_01,Weak,W_TEST_01_Q04,open3d,/home/lj/zero_perturbation_runtime/real_data/mid360_two_scene_pilot_v1/canonical_sources/W_TEST_01_Q04/source_points.npy,81916407344063730e82a4c18c4bd4ecb673e003f8965dd8f4fe4a96d7710b2f,836bd7f8fd49bb2cb1ae98bf6bd99ccb467582c29e8525a0003151f593aa5baa,/home/lj/zero_perturbation_runtime/real_data/mid360_two_scene_pilot_v1/target_maps/W_TEST_01/target_points.npy,d4438aba190de47a85fb6188ddc3b39dbfd6e39d3fdb5fa264bf425912e6c02e,e94c88ddc68916220d35f10c3da8fbaa53e6de526a6a0afc3a91899d5ce7a66a,6a1ebdee6b34390f1430eab371e1c4108db1f124b59b7239d74785efa6474af9,0.0863924414892572,0.2169752908926948,0.6966322676180486,8.063578891964456,0.723572453150811,strong,-0.0036180045511670206,0.9995549611665091,-0.02961063407774811,lambda_max,TARGET_FRAME,1,0.05,-0.00018090022755835105,0.04997774805832546,-0.0014805317038874056,"[[1.0,0.0,0.0,0.0],[0.0,1.0,0.0,0.0],[0.0,0.0,1.0,0.0],[0.0,0.0,0.0,1.0]]","[[1.0,0.0,0.0,-0.00018090022755835105],[0.0,1.0,0.0,0.04997774805832546],[0.0,0.0,1.0,-0.0014805317038874056],[0.0,0.0,0.0,1.0]]",source/query_to_target/map,LEFT: T_initial=Delta_T@T_star,true,true,false,false,true,true,ASSUMED_METERS_FROM_SCALE,"[[0.9999999952269425,-9.762009336256851e-05,4.053611318218777e-06,0.00048784536589871794],[9.762007334131492e-05,0.9999999952229636,4.939019426407331e-06,2.9729901642709218e-05],[-4.0540934463920475e-06,-4.938623688998673e-06,0.9999999999795873,1.833772417651694e-05],[0.0,0.0,0.0,1.0]]",0.05,0.0004890943060479371,0.0,0.005605186805328458,0.00048784536589871794,2.9729901642709218e-05,1.833772417651694e-05,0.9902181138790412,true,true,true,1.0,0.02058830600553201,15967,,41.84582000016235,0.19.0+b012259,
CP-W_TEST_01_Q04-S-50MM-POS-PCL,W_TEST_01,Weak,W_TEST_01_Q04,pcl,/home/lj/zero_perturbation_runtime/real_data/mid360_two_scene_pilot_v1/canonical_sources/W_TEST_01_Q04/source_points.npy,81916407344063730e82a4c18c4bd4ecb673e003f8965dd8f4fe4a96d7710b2f,836bd7f8fd49bb2cb1ae98bf6bd99ccb467582c29e8525a0003151f593aa5baa,/home/lj/zero_perturbation_runtime/real_data/mid360_two_scene_pilot_v1/target_maps/W_TEST_01/target_points.npy,d4438aba190de47a85fb6188ddc3b39dbfd6e39d3fdb5fa264bf425912e6c02e,e94c88ddc68916220d35f10c3da8fbaa53e6de526a6a0afc3a91899d5ce7a66a,6a1ebdee6b34390f1430eab371e1c4108db1f124b59b7239d74785efa6474af9,0.0863924414892572,0.2169752908926948,0.6966322676180486,8.063578891964456,0.723572453150811,strong,-0.0036180045511670206,0.9995549611665091,-0.02961063407774811,lambda_max,TARGET_FRAME,1,0.05,-0.00018090022755835105,0.04997774805832546,-0.0014805317038874056,"[[1.0,0.0,0.0,0.0],[0.0,1.0,0.0,0.0],[0.0,0.0,1.0,0.0],[0.0,0.0,0.0,1.0]]","[[1.0,0.0,0.0,-0.00018090022755835105],[0.0,1.0,0.0,0.04997774805832546],[0.0,0.0,1.0,-0.0014805317038874056],[0.0,0.0,0.0,1.0]]",source/query_to_target/map,LEFT: T_initial=Delta_T@T_star,true,true,false,false,true,true,ASSUMED_METERS_FROM_SCALE,"[[1.0,-0.00013537249469663948,6.298327207332477e-06,0.000696561997756362],[0.0001353724073851481,1.0,9.134411811828613e-06,1.920637623697985e-05],[-6.299566393863643e-06,-9.133560524787754e-06,1.0,-5.270381734590046e-06],[0.0,0.0,0.0,1.0]]",0.05,0.0006968466678761682,0.0,0.0077822785749925875,0.000696561997756362,1.920637623697985e-05,-5.270381734590046e-06,0.9860630666424767,true,true,true,0.0004238712582704384,,15967,10,1710.066594,1.15.1,
CP-W_TEST_01_Q04-S-50MM-NEG-O3D,W_TEST_01,Weak,W_TEST_01_Q04,open3d,/home/lj/zero_perturbation_runtime/real_data/mid360_two_scene_pilot_v1/canonical_sources/W_TEST_01_Q04/source_points.npy,81916407344063730e82a4c18c4bd4ecb673e003f8965dd8f4fe4a96d7710b2f,836bd7f8fd49bb2cb1ae98bf6bd99ccb467582c29e8525a0003151f593aa5baa,/home/lj/zero_perturbation_runtime/real_data/mid360_two_scene_pilot_v1/target_maps/W_TEST_01/target_points.npy,d4438aba190de47a85fb6188ddc3b39dbfd6e39d3fdb5fa264bf425912e6c02e,e94c88ddc68916220d35f10c3da8fbaa53e6de526a6a0afc3a91899d5ce7a66a,6a1ebdee6b34390f1430eab371e1c4108db1f124b59b7239d74785efa6474af9,0.0863924414892572,0.2169752908926948,0.6966322676180486,8.063578891964456,0.723572453150811,strong,-0.0036180045511670206,0.9995549611665091,-0.02961063407774811,lambda_max,TARGET_FRAME,-1,0.05,0.00018090022755835105,-0.04997774805832546,0.0014805317038874056,"[[1.0,0.0,0.0,0.0],[0.0,1.0,0.0,0.0],[0.0,0.0,1.0,0.0],[0.0,0.0,0.0,1.0]]","[[1.0,0.0,0.0,0.00018090022755835105],[0.0,1.0,0.0,-0.04997774805832546],[0.0,0.0,1.0,0.0014805317038874056],[0.0,0.0,0.0,1.0]]",source/query_to_target/map,LEFT: T_initial=Delta_T@T_star,true,true,false,false,true,true,ASSUMED_METERS_FROM_SCALE,"[[0.9999999950966605,-9.89246644670288e-05,4.537594101157211e-06,0.0005134910438617052],[9.892462310999203e-05,0.9999999950654304,9.113628548837999e-06,2.4150550802282962e-05],[-4.538495641412412e-06,-9.11317962436461e-06,0.999999999948176,2.3145289718394514e-05],[0.0,0.0,0.0,1.0]]",0.05,0.0005145794454371314,0.0,0.005697901266184489,0.0005134910438617052,2.4150550802282962e-05,2.3145289718394514e-05,0.9897084110912574,true,true,true,1.0,0.020588032747446375,15967,,40.04769000039232,0.19.0+b012259,
CP-W_TEST_01_Q04-S-50MM-NEG-PCL,W_TEST_01,Weak,W_TEST_01_Q04,pcl,/home/lj/zero_perturbation_runtime/real_data/mid360_two_scene_pilot_v1/canonical_sources/W_TEST_01_Q04/source_points.npy,81916407344063730e82a4c18c4bd4ecb673e003f8965dd8f4fe4a96d7710b2f,836bd7f8fd49bb2cb1ae98bf6bd99ccb467582c29e8525a0003151f593aa5baa,/home/lj/zero_perturbation_runtime/real_data/mid360_two_scene_pilot_v1/target_maps/W_TEST_01/target_points.npy,d4438aba190de47a85fb6188ddc3b39dbfd6e39d3fdb5fa264bf425912e6c02e,e94c88ddc68916220d35f10c3da8fbaa53e6de526a6a0afc3a91899d5ce7a66a,6a1ebdee6b34390f1430eab371e1c4108db1f124b59b7239d74785efa6474af9,0.0863924414892572,0.2169752908926948,0.6966322676180486,8.063578891964456,0.723572453150811,strong,-0.0036180045511670206,0.9995549611665091,-0.02961063407774811,lambda_max,TARGET_FRAME,-1,0.05,0.00018090022755835105,-0.04997774805832546,0.0014805317038874056,"[[1.0,0.0,0.0,0.0],[0.0,1.0,0.0,0.0],[0.0,0.0,1.0,0.0],[0.0,0.0,0.0,1.0]]","[[1.0,0.0,0.0,0.00018090022755835105],[0.0,1.0,0.0,-0.04997774805832546],[0.0,0.0,1.0,0.0014805317038874056],[0.0,0.0,0.0,1.0]]",source/query_to_target/map,LEFT: T_initial=Delta_T@T_star,true,true,false,false,true,true,ASSUMED_METERS_FROM_SCALE,"[[1.0,-0.00013536964252125472,6.304660928435624e-06,0.0006966771325096488],[0.00013536956976167858,1.0,8.94846652954584e-06,1.925066317198798e-05],[-6.305870101641631e-06,-8.947569767769892e-06,1.0,-5.4796500990050845e-06],[0.0,0.0,0.0,1.0]]",0.05,0.0006969645913241473,0.0,0.007781423631406676,0.0006966771325096488,1.925066317198798e-05,-5.4796500990050845e-06,0.9860607081735171,true,true,true,0.0004238713517044763,,15967,7,1650.603026,1.15.1,
CP-W_TEST_01_Q05-W-10MM-POS-O3D,W_TEST_01,Weak,W_TEST_01_Q05,open3d,/home/lj/zero_perturbation_runtime/real_data/mid360_two_scene_pilot_v1/canonical_sources/W_TEST_01_Q05/source_points.npy,6897f897ad61d49f34028f2b90e12a3b9df19524fedd1fc8de7e728bba7e1393,741da51ff93d08482124548c1eac8fc6acc0144120244c8b3564d522c012cc9a,/home/lj/zero_perturbation_runtime/real_data/mid360_two_scene_pilot_v1/target_maps/W_TEST_01/target_points.npy,d4438aba190de47a85fb6188ddc3b39dbfd6e39d3fdb5fa264bf425912e6c02e,e94c88ddc68916220d35f10c3da8fbaa53e6de526a6a0afc3a91899d5ce7a66a,6a1ebdee6b34390f1430eab371e1c4108db1f124b59b7239d74785efa6474af9,0.08503570829329488,0.22252013546668611,0.6924441562400183,8.142980991605594,0.7267968417694146,weak,0.999865580199167,0.004762838216256224,-0.015688750909767124,lambda_min,TARGET_FRAME,1,0.01,0.009998655801991671,4.762838216256224e-05,-0.00015688750909767125,"[[1.0,0.0,0.0,0.0],[0.0,1.0,0.0,0.0],[0.0,0.0,1.0,0.0],[0.0,0.0,0.0,1.0]]","[[1.0,0.0,0.0,0.009998655801991671],[0.0,1.0,0.0,4.762838216256224e-05],[0.0,0.0,1.0,-0.00015688750909767125],[0.0,0.0,0.0,1.0]]",source/query_to_target/map,LEFT: T_initial=Delta_T@T_star,true,true,false,false,true,true,ASSUMED_METERS_FROM_SCALE,"[[0.9999999878655668,-0.00010555592224487529,0.00011457230574186063,0.0005278360126480639],[0.00010555294852889044,0.9999999940923097,2.5960664743974342e-05,-0.00014479264130863936],[-0.00011457504536691203,-2.594857098426559e-05,0.9999999930996153,-0.00026650251918040207],[0.0,0.0,0.0,1.0]]",0.01,0.00060876872287827,0.0,0.009048835550247053,0.0005278360126480639,-0.00014479264130863936,-0.00026650251918040207,0.939123127712173,true,true,true,1.0,0.02077379094793994,15841,,49.877665999702,0.19.0+b012259,
CP-W_TEST_01_Q05-W-10MM-POS-PCL,W_TEST_01,Weak,W_TEST_01_Q05,pcl,/home/lj/zero_perturbation_runtime/real_data/mid360_two_scene_pilot_v1/canonical_sources/W_TEST_01_Q05/source_points.npy,6897f897ad61d49f34028f2b90e12a3b9df19524fedd1fc8de7e728bba7e1393,741da51ff93d08482124548c1eac8fc6acc0144120244c8b3564d522c012cc9a,/home/lj/zero_perturbation_runtime/real_data/mid360_two_scene_pilot_v1/target_maps/W_TEST_01/target_points.npy,d4438aba190de47a85fb6188ddc3b39dbfd6e39d3fdb5fa264bf425912e6c02e,e94c88ddc68916220d35f10c3da8fbaa53e6de526a6a0afc3a91899d5ce7a66a,6a1ebdee6b34390f1430eab371e1c4108db1f124b59b7239d74785efa6474af9,0.08503570829329488,0.22252013546668611,0.6924441562400183,8.142980991605594,0.7267968417694146,weak,0.999865580199167,0.004762838216256224,-0.015688750909767124,lambda_min,TARGET_FRAME,1,0.01,0.009998655801991671,4.762838216256224e-05,-0.00015688750909767125,"[[1.0,0.0,0.0,0.0],[0.0,1.0,0.0,0.0],[0.0,0.0,1.0,0.0],[0.0,0.0,0.0,1.0]]","[[1.0,0.0,0.0,0.009998655801991671],[0.0,1.0,0.0,4.762838216256224e-05],[0.0,0.0,1.0,-0.00015688750909767125],[0.0,0.0,0.0,1.0]]",source/query_to_target/map,LEFT: T_initial=Delta_T@T_star,true,true,false,false,true,true,ASSUMED_METERS_FROM_SCALE,"[[1.0,-5.213265467318706e-05,6.237265188246965e-05,0.0005690496182069182],[5.2129860705463216e-05,1.0,4.481554060475901e-05,-0.000162135562277399],[-6.237498746486381e-05,-4.481228461372666e-05,1.0,-0.0003119467000942677],[0.0,0.0,0.0,1.0]]",0.01,0.0006688917343159136,0.0,0.0053184707097660424,0.0005690496182069182,-0.000162135562277399,-0.0003119467000942677,0.9331108265684086,true,true,true,0.0004312878211658487,,15841,6,1632.190712,1.15.1,
CP-W_TEST_01_Q05-W-10MM-NEG-O3D,W_TEST_01,Weak,W_TEST_01_Q05,open3d,/home/lj/zero_perturbation_runtime/real_data/mid360_two_scene_pilot_v1/canonical_sources/W_TEST_01_Q05/source_points.npy,6897f897ad61d49f34028f2b90e12a3b9df19524fedd1fc8de7e728bba7e1393,741da51ff93d08482124548c1eac8fc6acc0144120244c8b3564d522c012cc9a,/home/lj/zero_perturbation_runtime/real_data/mid360_two_scene_pilot_v1/target_maps/W_TEST_01/target_points.npy,d4438aba190de47a85fb6188ddc3b39dbfd6e39d3fdb5fa264bf425912e6c02e,e94c88ddc68916220d35f10c3da8fbaa53e6de526a6a0afc3a91899d5ce7a66a,6a1ebdee6b34390f1430eab371e1c4108db1f124b59b7239d74785efa6474af9,0.08503570829329488,0.22252013546668611,0.6924441562400183,8.142980991605594,0.7267968417694146,weak,0.999865580199167,0.004762838216256224,-0.015688750909767124,lambda_min,TARGET_FRAME,-1,0.01,-0.009998655801991671,-4.762838216256224e-05,0.00015688750909767125,"[[1.0,0.0,0.0,0.0],[0.0,1.0,0.0,0.0],[0.0,0.0,1.0,0.0],[0.0,0.0,0.0,1.0]]","[[1.0,0.0,0.0,-0.009998655801991671],[0.0,1.0,0.0,-4.762838216256224e-05],[0.0,0.0,1.0,0.00015688750909767125],[0.0,0.0,0.0,1.0]]",source/query_to_target/map,LEFT: T_initial=Delta_T@T_star,true,true,false,false,true,true,ASSUMED_METERS_FROM_SCALE,"[[0.999999987844469,-0.00010585156319999719,0.00011448366214214502,0.0005355273737261202],[0.00010584909211985193,0.999999994164912,2.159040947628686e-05,-0.00013864555056543516],[-0.00011448594685271592,-2.1578291222143666e-05,0.9999999932136726,-0.00027046911643118226],[0.0,0.0,0.0,1.0]]",0.01,0.0006157643215099855,0.0,0.009018753683149146,0.0005355273737261202,-0.00013864555056543516,-0.00027046911643118226,0.9384235678490015,true,true,true,1.0,0.020773920376324567,15841,,47.423203000107605,0.19.0+b012259,
CP-W_TEST_01_Q05-W-10MM-NEG-PCL,W_TEST_01,Weak,W_TEST_01_Q05,pcl,/home/lj/zero_perturbation_runtime/real_data/mid360_two_scene_pilot_v1/canonical_sources/W_TEST_01_Q05/source_points.npy,6897f897ad61d49f34028f2b90e12a3b9df19524fedd1fc8de7e728bba7e1393,741da51ff93d08482124548c1eac8fc6acc0144120244c8b3564d522c012cc9a,/home/lj/zero_perturbation_runtime/real_data/mid360_two_scene_pilot_v1/target_maps/W_TEST_01/target_points.npy,d4438aba190de47a85fb6188ddc3b39dbfd6e39d3fdb5fa264bf425912e6c02e,e94c88ddc68916220d35f10c3da8fbaa53e6de526a6a0afc3a91899d5ce7a66a,6a1ebdee6b34390f1430eab371e1c4108db1f124b59b7239d74785efa6474af9,0.08503570829329488,0.22252013546668611,0.6924441562400183,8.142980991605594,0.7267968417694146,weak,0.999865580199167,0.004762838216256224,-0.015688750909767124,lambda_min,TARGET_FRAME,-1,0.01,-0.009998655801991671,-4.762838216256224e-05,0.00015688750909767125,"[[1.0,0.0,0.0,0.0],[0.0,1.0,0.0,0.0],[0.0,0.0,1.0,0.0],[0.0,0.0,0.0,1.0]]","[[1.0,0.0,0.0,-0.009998655801991671],[0.0,1.0,0.0,-4.762838216256224e-05],[0.0,0.0,1.0,0.00015688750909767125],[0.0,0.0,0.0,1.0]]",source/query_to_target/map,LEFT: T_initial=Delta_T@T_star,true,true,false,false,true,true,ASSUMED_METERS_FROM_SCALE,"[[1.0,-5.3526015108218417e-05,6.247069541132078e-05,0.0005664723576046526],[5.352305743144825e-05,1.0,4.7264344175346196e-05,-0.00016822587349452078],[-6.247323472052813e-05,-4.726099723484367e-05,1.0,-0.000311653217067942],[0.0,0.0,0.0,1.0]]",0.01,0.0006680708077381961,0.0,0.0054359723470088495,0.0005664723576046526,-0.00016822587349452078,-0.000311653217067942,0.9331929192261804,true,true,true,0.0004312849457341315,,15841,7,1261.716524,1.15.1,
CP-W_TEST_01_Q05-W-30MM-POS-O3D,W_TEST_01,Weak,W_TEST_01_Q05,open3d,/home/lj/zero_perturbation_runtime/real_data/mid360_two_scene_pilot_v1/canonical_sources/W_TEST_01_Q05/source_points.npy,6897f897ad61d49f34028f2b90e12a3b9df19524fedd1fc8de7e728bba7e1393,741da51ff93d08482124548c1eac8fc6acc0144120244c8b3564d522c012cc9a,/home/lj/zero_perturbation_runtime/real_data/mid360_two_scene_pilot_v1/target_maps/W_TEST_01/target_points.npy,d4438aba190de47a85fb6188ddc3b39dbfd6e39d3fdb5fa264bf425912e6c02e,e94c88ddc68916220d35f10c3da8fbaa53e6de526a6a0afc3a91899d5ce7a66a,6a1ebdee6b34390f1430eab371e1c4108db1f124b59b7239d74785efa6474af9,0.08503570829329488,0.22252013546668611,0.6924441562400183,8.142980991605594,0.7267968417694146,weak,0.999865580199167,0.004762838216256224,-0.015688750909767124,lambda_min,TARGET_FRAME,1,0.03,0.02999596740597501,0.0001428851464876867,-0.0004706625272930137,"[[1.0,0.0,0.0,0.0],[0.0,1.0,0.0,0.0],[0.0,0.0,1.0,0.0],[0.0,0.0,0.0,1.0]]","[[1.0,0.0,0.0,0.02999596740597501],[0.0,1.0,0.0,0.0001428851464876867],[0.0,0.0,1.0,-0.0004706625272930137],[0.0,0.0,0.0,1.0]]",source/query_to_target/map,LEFT: T_initial=Delta_T@T_star,true,true,false,false,true,true,ASSUMED_METERS_FROM_SCALE,"[[0.9999999878655671,-0.00010555592152959909,0.00011457230390255674,0.0005278360132032307],[0.00010555294781394713,0.9999999940923094,2.5960662255081654e-05,-0.0001447926392993177],[-0.0001145750435273269,-2.5948568495648996e-05,0.9999999930996156,-0.0002665025190237414],[0.0,0.0,0.0,1.0]]",0.029999999999999995,0.0006087687228131411,0.0,0.009048835422972036,0.0005278360132032307,-0.0001447926392993177,-0.0002665025190237414,0.979707709239562,true,true,true,1.0,0.020773790947762546,15841,,43.15458699966257,0.19.0+b012259,
CP-W_TEST_01_Q05-W-30MM-POS-PCL,W_TEST_01,Weak,W_TEST_01_Q05,pcl,/home/lj/zero_perturbation_runtime/real_data/mid360_two_scene_pilot_v1/canonical_sources/W_TEST_01_Q05/source_points.npy,6897f897ad61d49f34028f2b90e12a3b9df19524fedd1fc8de7e728bba7e1393,741da51ff93d08482124548c1eac8fc6acc0144120244c8b3564d522c012cc9a,/home/lj/zero_perturbation_runtime/real_data/mid360_two_scene_pilot_v1/target_maps/W_TEST_01/target_points.npy,d4438aba190de47a85fb6188ddc3b39dbfd6e39d3fdb5fa264bf425912e6c02e,e94c88ddc68916220d35f10c3da8fbaa53e6de526a6a0afc3a91899d5ce7a66a,6a1ebdee6b34390f1430eab371e1c4108db1f124b59b7239d74785efa6474af9,0.08503570829329488,0.22252013546668611,0.6924441562400183,8.142980991605594,0.7267968417694146,weak,0.999865580199167,0.004762838216256224,-0.015688750909767124,lambda_min,TARGET_FRAME,1,0.03,0.02999596740597501,0.0001428851464876867,-0.0004706625272930137,"[[1.0,0.0,0.0,0.0],[0.0,1.0,0.0,0.0],[0.0,0.0,1.0,0.0],[0.0,0.0,0.0,1.0]]","[[1.0,0.0,0.0,0.02999596740597501],[0.0,1.0,0.0,0.0001428851464876867],[0.0,0.0,1.0,-0.0004706625272930137],[0.0,0.0,0.0,1.0]]",source/query_to_target/map,LEFT: T_initial=Delta_T@T_star,true,true,false,false,true,true,ASSUMED_METERS_FROM_SCALE,"[[1.0,-5.213776239543222e-05,6.23741652816534e-05,0.0005689753452315927],[5.2134964789729565e-05,1.0,4.48258979304228e-05,-0.00016213901108130813],[-6.237649358808994e-05,-4.482264557736926e-05,1.0,-0.0003121317131444812],[0.0,0.0,0.0,1.0]]",0.029999999999999995,0.0006689156962923977,0.0,0.00531897969652023,0.0005689753452315927,-0.00016213901108130813,-0.0003121317131444812,0.9777028101235867,true,true,true,0.000431287792102147,,15841,7,1676.420745,1.15.1,
CP-W_TEST_01_Q05-W-30MM-NEG-O3D,W_TEST_01,Weak,W_TEST_01_Q05,open3d,/home/lj/zero_perturbation_runtime/real_data/mid360_two_scene_pilot_v1/canonical_sources/W_TEST_01_Q05/source_points.npy,6897f897ad61d49f34028f2b90e12a3b9df19524fedd1fc8de7e728bba7e1393,741da51ff93d08482124548c1eac8fc6acc0144120244c8b3564d522c012cc9a,/home/lj/zero_perturbation_runtime/real_data/mid360_two_scene_pilot_v1/target_maps/W_TEST_01/target_points.npy,d4438aba190de47a85fb6188ddc3b39dbfd6e39d3fdb5fa264bf425912e6c02e,e94c88ddc68916220d35f10c3da8fbaa53e6de526a6a0afc3a91899d5ce7a66a,6a1ebdee6b34390f1430eab371e1c4108db1f124b59b7239d74785efa6474af9,0.08503570829329488,0.22252013546668611,0.6924441562400183,8.142980991605594,0.7267968417694146,weak,0.999865580199167,0.004762838216256224,-0.015688750909767124,lambda_min,TARGET_FRAME,-1,0.03,-0.02999596740597501,-0.0001428851464876867,0.0004706625272930137,"[[1.0,0.0,0.0,0.0],[0.0,1.0,0.0,0.0],[0.0,0.0,1.0,0.0],[0.0,0.0,0.0,1.0]]","[[1.0,0.0,0.0,-0.02999596740597501],[0.0,1.0,0.0,-0.0001428851464876867],[0.0,0.0,1.0,0.0004706625272930137],[0.0,0.0,0.0,1.0]]",source/query_to_target/map,LEFT: T_initial=Delta_T@T_star,true,true,false,false,true,true,ASSUMED_METERS_FROM_SCALE,"[[0.9999999878444686,-0.00010585156445729361,0.00011448366318494707,0.0005355273734428943],[0.00010584909337698713,0.9999999941649117,2.159041068791755e-05,-0.00013864555146762844],[-0.00011448594789567341,-2.157829243352004e-05,0.9999999932136726,-0.0002704691165043836],[0.0,0.0,0.0,1.0]]",0.029999999999999995,0.0006157643214989561,0.0,0.009018753784564067,0.0005355273734428943,-0.00013864555146762844,-0.0002704691165043836,0.9794745226167014,true,true,true,1.0,0.020773920376421187,15841,,40.95141400011926,0.19.0+b012259,
CP-W_TEST_01_Q05-W-30MM-NEG-PCL,W_TEST_01,Weak,W_TEST_01_Q05,pcl,/home/lj/zero_perturbation_runtime/real_data/mid360_two_scene_pilot_v1/canonical_sources/W_TEST_01_Q05/source_points.npy,6897f897ad61d49f34028f2b90e12a3b9df19524fedd1fc8de7e728bba7e1393,741da51ff93d08482124548c1eac8fc6acc0144120244c8b3564d522c012cc9a,/home/lj/zero_perturbation_runtime/real_data/mid360_two_scene_pilot_v1/target_maps/W_TEST_01/target_points.npy,d4438aba190de47a85fb6188ddc3b39dbfd6e39d3fdb5fa264bf425912e6c02e,e94c88ddc68916220d35f10c3da8fbaa53e6de526a6a0afc3a91899d5ce7a66a,6a1ebdee6b34390f1430eab371e1c4108db1f124b59b7239d74785efa6474af9,0.08503570829329488,0.22252013546668611,0.6924441562400183,8.142980991605594,0.7267968417694146,weak,0.999865580199167,0.004762838216256224,-0.015688750909767124,lambda_min,TARGET_FRAME,-1,0.03,-0.02999596740597501,-0.0001428851464876867,0.0004706625272930137,"[[1.0,0.0,0.0,0.0],[0.0,1.0,0.0,0.0],[0.0,0.0,1.0,0.0],[0.0,0.0,0.0,1.0]]","[[1.0,0.0,0.0,-0.02999596740597501],[0.0,1.0,0.0,-0.0001428851464876867],[0.0,0.0,1.0,0.0004706625272930137],[0.0,0.0,0.0,1.0]]",source/query_to_target/map,LEFT: T_initial=Delta_T@T_star,true,true,false,false,true,true,ASSUMED_METERS_FROM_SCALE,"[[1.0,-5.1639897719724104e-05,6.239709910005331e-05,0.0005667507066391408],[5.163699825061485e-05,1.0,4.6439887228189036e-05,-0.00016549938300158828],[-6.239947833819315e-05,-4.643665670300834e-05,1.0,-0.0003120424225926399],[0.0,0.0,0.0,1.0]]",0.029999999999999995,0.0006678075192354123,0.0,0.005349287161536004,0.0005667507066391408,-0.00016549938300158828,-0.0003120424225926399,0.9777397493588196,true,true,true,0.00043128585218388694,,15841,8,1286.065482,1.15.1,
CP-W_TEST_01_Q05-W-50MM-POS-O3D,W_TEST_01,Weak,W_TEST_01_Q05,open3d,/home/lj/zero_perturbation_runtime/real_data/mid360_two_scene_pilot_v1/canonical_sources/W_TEST_01_Q05/source_points.npy,6897f897ad61d49f34028f2b90e12a3b9df19524fedd1fc8de7e728bba7e1393,741da51ff93d08482124548c1eac8fc6acc0144120244c8b3564d522c012cc9a,/home/lj/zero_perturbation_runtime/real_data/mid360_two_scene_pilot_v1/target_maps/W_TEST_01/target_points.npy,d4438aba190de47a85fb6188ddc3b39dbfd6e39d3fdb5fa264bf425912e6c02e,e94c88ddc68916220d35f10c3da8fbaa53e6de526a6a0afc3a91899d5ce7a66a,6a1ebdee6b34390f1430eab371e1c4108db1f124b59b7239d74785efa6474af9,0.08503570829329488,0.22252013546668611,0.6924441562400183,8.142980991605594,0.7267968417694146,weak,0.999865580199167,0.004762838216256224,-0.015688750909767124,lambda_min,TARGET_FRAME,1,0.05,0.049993279009958355,0.00023814191081281122,-0.0007844375454883562,"[[1.0,0.0,0.0,0.0],[0.0,1.0,0.0,0.0],[0.0,0.0,1.0,0.0],[0.0,0.0,0.0,1.0]]","[[1.0,0.0,0.0,0.049993279009958355],[0.0,1.0,0.0,0.00023814191081281122],[0.0,0.0,1.0,-0.0007844375454883562],[0.0,0.0,0.0,1.0]]",source/query_to_target/map,LEFT: T_initial=Delta_T@T_star,true,true,false,false,true,true,ASSUMED_METERS_FROM_SCALE,"[[0.9999999878607928,-0.00010559875405526567,0.00011457450761813839,0.0005278378584928377],[0.00010559577259104677,0.9999999940860437,2.602779294831244e-05,-0.00014490789157921695],[-0.00011457725544305587,-2.601569404870449e-05,0.9999999930976182,-0.0002665106436288584],[0.0,0.0,0.0,1.0]]",0.05,0.0006088013017953455,0.0,0.00905120018843021,0.0005278378584928377,-0.00014490789157921695,-0.0002665106436288584,0.987823973964093,true,true,true,1.0,0.020773789393441322,15841,,43.60372799965262,0.19.0+b012259,
CP-W_TEST_01_Q05-W-50MM-POS-PCL,W_TEST_01,Weak,W_TEST_01_Q05,pcl,/home/lj/zero_perturbation_runtime/real_data/mid360_two_scene_pilot_v1/canonical_sources/W_TEST_01_Q05/source_points.npy,6897f897ad61d49f34028f2b90e12a3b9df19524fedd1fc8de7e728bba7e1393,741da51ff93d08482124548c1eac8fc6acc0144120244c8b3564d522c012cc9a,/home/lj/zero_perturbation_runtime/real_data/mid360_two_scene_pilot_v1/target_maps/W_TEST_01/target_points.npy,d4438aba190de47a85fb6188ddc3b39dbfd6e39d3fdb5fa264bf425912e6c02e,e94c88ddc68916220d35f10c3da8fbaa53e6de526a6a0afc3a91899d5ce7a66a,6a1ebdee6b34390f1430eab371e1c4108db1f124b59b7239d74785efa6474af9,0.08503570829329488,0.22252013546668611,0.6924441562400183,8.142980991605594,0.7267968417694146,weak,0.999865580199167,0.004762838216256224,-0.015688750909767124,lambda_min,TARGET_FRAME,1,0.05,0.049993279009958355,0.00023814191081281122,-0.0007844375454883562,"[[1.0,0.0,0.0,0.0],[0.0,1.0,0.0,0.0],[0.0,0.0,1.0,0.0],[0.0,0.0,0.0,1.0]]","[[1.0,0.0,0.0,0.049993279009958355],[0.0,1.0,0.0,0.00023814191081281122],[0.0,0.0,1.0,-0.0007844375454883562],[0.0,0.0,0.0,1.0]]",source/query_to_target/map,LEFT: T_initial=Delta_T@T_star,true,true,false,false,true,true,ASSUMED_METERS_FROM_SCALE,"[[1.0,-5.164395770407282e-05,6.238557398319244e-05,0.0005668654339388013],[5.164108733879402e-05,1.0,4.604232526617125e-05,-0.00016571026935707778],[-6.23879604972899e-05,-4.603908382705413e-05,1.0,-0.0003121220797766],[0.0,0.0,0.0,1.0]]",0.05,0.0006679943908814587,0.0,0.0053376808800045545,0.0005668654339388013,-0.00016571026935707778,-0.0003121220797766,0.9866401121823708,true,true,true,0.00043128605695253765,,15841,8,1289.462793,1.15.1,
CP-W_TEST_01_Q05-W-50MM-NEG-O3D,W_TEST_01,Weak,W_TEST_01_Q05,open3d,/home/lj/zero_perturbation_runtime/real_data/mid360_two_scene_pilot_v1/canonical_sources/W_TEST_01_Q05/source_points.npy,6897f897ad61d49f34028f2b90e12a3b9df19524fedd1fc8de7e728bba7e1393,741da51ff93d08482124548c1eac8fc6acc0144120244c8b3564d522c012cc9a,/home/lj/zero_perturbation_runtime/real_data/mid360_two_scene_pilot_v1/target_maps/W_TEST_01/target_points.npy,d4438aba190de47a85fb6188ddc3b39dbfd6e39d3fdb5fa264bf425912e6c02e,e94c88ddc68916220d35f10c3da8fbaa53e6de526a6a0afc3a91899d5ce7a66a,6a1ebdee6b34390f1430eab371e1c4108db1f124b59b7239d74785efa6474af9,0.08503570829329488,0.22252013546668611,0.6924441562400183,8.142980991605594,0.7267968417694146,weak,0.999865580199167,0.004762838216256224,-0.015688750909767124,lambda_min,TARGET_FRAME,-1,0.05,-0.049993279009958355,-0.00023814191081281122,0.0007844375454883562,"[[1.0,0.0,0.0,0.0],[0.0,1.0,0.0,0.0],[0.0,0.0,1.0,0.0],[0.0,0.0,0.0,1.0]]","[[1.0,0.0,0.0,-0.049993279009958355],[0.0,1.0,0.0,-0.00023814191081281122],[0.0,0.0,1.0,0.0007844375454883562],[0.0,0.0,0.0,1.0]]",source/query_to_target/map,LEFT: T_initial=Delta_T@T_star,true,true,false,false,true,true,ASSUMED_METERS_FROM_SCALE,"[[0.9999999878444686,-0.0001058515644575095,0.00011448366318697912,0.0005355273734425626],[0.00010584909337720261,0.9999999941649118,2.1590410691581686e-05,-0.00013864555147097746],[-0.0001144859478977058,-2.1578292437183938e-05,0.9999999932136723,-0.0002704691165044612],[0.0,0.0,0.0,1.0]]",0.05,0.0006157643214994557,0.0,0.009018753784684542,0.0005355273734425626,-0.00013864555147097746,-0.0002704691165044612,0.9876847135700109,true,true,true,1.0,0.020773920376421378,15841,,42.37456199916778,0.19.0+b012259,
CP-W_TEST_01_Q05-W-50MM-NEG-PCL,W_TEST_01,Weak,W_TEST_01_Q05,pcl,/home/lj/zero_perturbation_runtime/real_data/mid360_two_scene_pilot_v1/canonical_sources/W_TEST_01_Q05/source_points.npy,6897f897ad61d49f34028f2b90e12a3b9df19524fedd1fc8de7e728bba7e1393,741da51ff93d08482124548c1eac8fc6acc0144120244c8b3564d522c012cc9a,/home/lj/zero_perturbation_runtime/real_data/mid360_two_scene_pilot_v1/target_maps/W_TEST_01/target_points.npy,d4438aba190de47a85fb6188ddc3b39dbfd6e39d3fdb5fa264bf425912e6c02e,e94c88ddc68916220d35f10c3da8fbaa53e6de526a6a0afc3a91899d5ce7a66a,6a1ebdee6b34390f1430eab371e1c4108db1f124b59b7239d74785efa6474af9,0.08503570829329488,0.22252013546668611,0.6924441562400183,8.142980991605594,0.7267968417694146,weak,0.999865580199167,0.004762838216256224,-0.015688750909767124,lambda_min,TARGET_FRAME,-1,0.05,-0.049993279009958355,-0.00023814191081281122,0.0007844375454883562,"[[1.0,0.0,0.0,0.0],[0.0,1.0,0.0,0.0],[0.0,0.0,1.0,0.0],[0.0,0.0,0.0,1.0]]","[[1.0,0.0,0.0,-0.049993279009958355],[0.0,1.0,0.0,-0.00023814191081281122],[0.0,0.0,1.0,0.0007844375454883562],[0.0,0.0,0.0,1.0]]",source/query_to_target/map,LEFT: T_initial=Delta_T@T_star,true,true,false,false,true,true,ASSUMED_METERS_FROM_SCALE,"[[1.0,-5.3530133300228044e-05,6.247412238735706e-05,0.0005664655473083258],[5.35271865373943e-05,1.0,4.726881525130011e-05,-0.00016825259081088006],[-6.247664714464918e-05,-4.726546103483997e-05,1.0,-0.00031194635084830225],[0.0,0.0,0.0,1.0]]",0.05,0.0006682085575697655,0.0,0.005436362164604742,0.0005664655473083258,-0.00016825259081088006,-0.00031194635084830225,0.9866358288486047,true,true,true,0.00043128495962532315,,15841,9,1736.884753,1.15.1,
CP-W_TEST_01_Q05-S-10MM-POS-O3D,W_TEST_01,Weak,W_TEST_01_Q05,open3d,/home/lj/zero_perturbation_runtime/real_data/mid360_two_scene_pilot_v1/canonical_sources/W_TEST_01_Q05/source_points.npy,6897f897ad61d49f34028f2b90e12a3b9df19524fedd1fc8de7e728bba7e1393,741da51ff93d08482124548c1eac8fc6acc0144120244c8b3564d522c012cc9a,/home/lj/zero_perturbation_runtime/real_data/mid360_two_scene_pilot_v1/target_maps/W_TEST_01/target_points.npy,d4438aba190de47a85fb6188ddc3b39dbfd6e39d3fdb5fa264bf425912e6c02e,e94c88ddc68916220d35f10c3da8fbaa53e6de526a6a0afc3a91899d5ce7a66a,6a1ebdee6b34390f1430eab371e1c4108db1f124b59b7239d74785efa6474af9,0.08503570829329488,0.22252013546668611,0.6924441562400183,8.142980991605594,0.7267968417694146,strong,-0.005286322944109619,0.9994248645529491,-0.03349619236644808,lambda_max,TARGET_FRAME,1,0.01,-5.2863229441096194e-05,0.009994248645529492,-0.00033496192366448083,"[[1.0,0.0,0.0,0.0],[0.0,1.0,0.0,0.0],[0.0,0.0,1.0,0.0],[0.0,0.0,0.0,1.0]]","[[1.0,0.0,0.0,-5.2863229441096194e-05],[0.0,1.0,0.0,0.009994248645529492],[0.0,0.0,1.0,-0.00033496192366448083],[0.0,0.0,0.0,1.0]]",source/query_to_target/map,LEFT: T_initial=Delta_T@T_star,true,true,false,false,true,true,ASSUMED_METERS_FROM_SCALE,"[[0.9999999878444686,-0.0001058515636428914,0.00011448366391030786,0.000535527373169628],[0.00010584909256233178,0.9999999941649118,2.1590412762351762e-05,-0.0001386455532619201],[-0.00011448594862123621,-2.1578294507970707e-05,0.9999999932136725,-0.0002704691166778795],[0.0,0.0,0.0,1.0]]",0.010000000000000002,0.0006157643217415071,0.0,0.00901875379971202,0.000535527373169628,-0.0001386455532619201,-0.0002704691166778795,0.9384235678258493,true,true,true,1.0,0.02077392037647883,15841,,38.824594000288926,0.19.0+b012259,
CP-W_TEST_01_Q05-S-10MM-POS-PCL,W_TEST_01,Weak,W_TEST_01_Q05,pcl,/home/lj/zero_perturbation_runtime/real_data/mid360_two_scene_pilot_v1/canonical_sources/W_TEST_01_Q05/source_points.npy,6897f897ad61d49f34028f2b90e12a3b9df19524fedd1fc8de7e728bba7e1393,741da51ff93d08482124548c1eac8fc6acc0144120244c8b3564d522c012cc9a,/home/lj/zero_perturbation_runtime/real_data/mid360_two_scene_pilot_v1/target_maps/W_TEST_01/target_points.npy,d4438aba190de47a85fb6188ddc3b39dbfd6e39d3fdb5fa264bf425912e6c02e,e94c88ddc68916220d35f10c3da8fbaa53e6de526a6a0afc3a91899d5ce7a66a,6a1ebdee6b34390f1430eab371e1c4108db1f124b59b7239d74785efa6474af9,0.08503570829329488,0.22252013546668611,0.6924441562400183,8.142980991605594,0.7267968417694146,strong,-0.005286322944109619,0.9994248645529491,-0.03349619236644808,lambda_max,TARGET_FRAME,1,0.01,-5.2863229441096194e-05,0.009994248645529492,-0.00033496192366448083,"[[1.0,0.0,0.0,0.0],[0.0,1.0,0.0,0.0],[0.0,0.0,1.0,0.0],[0.0,0.0,0.0,1.0]]","[[1.0,0.0,0.0,-5.2863229441096194e-05],[0.0,1.0,0.0,0.009994248645529492],[0.0,0.0,1.0,-0.00033496192366448083],[0.0,0.0,0.0,1.0]]",source/query_to_target/map,LEFT: T_initial=Delta_T@T_star,true,true,false,false,true,true,ASSUMED_METERS_FROM_SCALE,"[[1.0,-5.1650265959324315e-05,6.239813956199214e-05,0.0005667859804816544],[5.164735921425745e-05,1.0,4.647175956051797e-05,-0.00016563160170335323],[-6.240054062800482e-05,-4.6468532673316076e-05,1.0,-0.0003119169268757105],[0.0,0.0,0.0,1.0]]",0.010000000000000002,0.0006678116084832278,0.0,0.005350564441747932,0.0005667859804816544,-0.00016563160170335323,-0.0003119169268757105,0.9332188391516772,true,true,true,0.00043128581213982447,,15841,6,1263.380112,1.15.1,
CP-W_TEST_01_Q05-S-10MM-NEG-O3D,W_TEST_01,Weak,W_TEST_01_Q05,open3d,/home/lj/zero_perturbation_runtime/real_data/mid360_two_scene_pilot_v1/canonical_sources/W_TEST_01_Q05/source_points.npy,6897f897ad61d49f34028f2b90e12a3b9df19524fedd1fc8de7e728bba7e1393,741da51ff93d08482124548c1eac8fc6acc0144120244c8b3564d522c012cc9a,/home/lj/zero_perturbation_runtime/real_data/mid360_two_scene_pilot_v1/target_maps/W_TEST_01/target_points.npy,d4438aba190de47a85fb6188ddc3b39dbfd6e39d3fdb5fa264bf425912e6c02e,e94c88ddc68916220d35f10c3da8fbaa53e6de526a6a0afc3a91899d5ce7a66a,6a1ebdee6b34390f1430eab371e1c4108db1f124b59b7239d74785efa6474af9,0.08503570829329488,0.22252013546668611,0.6924441562400183,8.142980991605594,0.7267968417694146,strong,-0.005286322944109619,0.9994248645529491,-0.03349619236644808,lambda_max,TARGET_FRAME,-1,0.01,5.2863229441096194e-05,-0.009994248645529492,0.00033496192366448083,"[[1.0,0.0,0.0,0.0],[0.0,1.0,0.0,0.0],[0.0,0.0,1.0,0.0],[0.0,0.0,0.0,1.0]]","[[1.0,0.0,0.0,5.2863229441096194e-05],[0.0,1.0,0.0,-0.009994248645529492],[0.0,0.0,1.0,0.00033496192366448083],[0.0,0.0,0.0,1.0]]",source/query_to_target/map,LEFT: T_initial=Delta_T@T_star,true,true,false,false,true,true,ASSUMED_METERS_FROM_SCALE,"[[0.9999999878647479,-0.00010556628607568197,0.00011456990592481143,0.0005278629332233043],[0.00010556332820819164,0.9999999940947814,2.5822881776797237e-05,-0.00014449626626642756],[-0.000114572631273976,-2.581078708284811e-05,0.9999999931034578,-0.0002665084591370388],[0.0,0.0,0.0,1.0]]",0.010000000000000002,0.0006087242446524105,0.0,0.009047838715590648,0.0005278629332233043,-0.00014449626626642756,-0.0002665084591370388,0.939127575534759,true,true,true,1.0,0.020773793907214167,15841,,37.69293200002721,0.19.0+b012259,
CP-W_TEST_01_Q05-S-10MM-NEG-PCL,W_TEST_01,Weak,W_TEST_01_Q05,pcl,/home/lj/zero_perturbation_runtime/real_data/mid360_two_scene_pilot_v1/canonical_sources/W_TEST_01_Q05/source_points.npy,6897f897ad61d49f34028f2b90e12a3b9df19524fedd1fc8de7e728bba7e1393,741da51ff93d08482124548c1eac8fc6acc0144120244c8b3564d522c012cc9a,/home/lj/zero_perturbation_runtime/real_data/mid360_two_scene_pilot_v1/target_maps/W_TEST_01/target_points.npy,d4438aba190de47a85fb6188ddc3b39dbfd6e39d3fdb5fa264bf425912e6c02e,e94c88ddc68916220d35f10c3da8fbaa53e6de526a6a0afc3a91899d5ce7a66a,6a1ebdee6b34390f1430eab371e1c4108db1f124b59b7239d74785efa6474af9,0.08503570829329488,0.22252013546668611,0.6924441562400183,8.142980991605594,0.7267968417694146,strong,-0.005286322944109619,0.9994248645529491,-0.03349619236644808,lambda_max,TARGET_FRAME,-1,0.01,5.2863229441096194e-05,-0.009994248645529492,0.00033496192366448083,"[[1.0,0.0,0.0,0.0],[0.0,1.0,0.0,0.0],[0.0,0.0,1.0,0.0],[0.0,0.0,0.0,1.0]]","[[1.0,0.0,0.0,5.2863229441096194e-05],[0.0,1.0,0.0,-0.009994248645529492],[0.0,0.0,1.0,0.00033496192366448083],[0.0,0.0,0.0,1.0]]",source/query_to_target/map,LEFT: T_initial=Delta_T@T_star,true,true,false,false,true,true,ASSUMED_METERS_FROM_SCALE,"[[1.0,-5.353455344447866e-05,6.247112469282001e-05,0.0005665668286383152],[5.353162487153895e-05,1.0,4.68666257802397e-05,-0.00016838950978126377],[-6.247362762223929e-05,-4.686327883973718e-05,1.0,-0.0003120216424576938],[0.0,0.0,0.0,1.0]]",0.010000000000000002,0.0006683640502597736,0.0,0.005424949197904725,0.0005665668286383152,-0.00016838950978126377,-0.0003120216424576938,0.9331635949740227,true,true,true,0.000431285240249157,,15841,6,1291.955111,1.15.1,
CP-W_TEST_01_Q05-S-30MM-POS-O3D,W_TEST_01,Weak,W_TEST_01_Q05,open3d,/home/lj/zero_perturbation_runtime/real_data/mid360_two_scene_pilot_v1/canonical_sources/W_TEST_01_Q05/source_points.npy,6897f897ad61d49f34028f2b90e12a3b9df19524fedd1fc8de7e728bba7e1393,741da51ff93d08482124548c1eac8fc6acc0144120244c8b3564d522c012cc9a,/home/lj/zero_perturbation_runtime/real_data/mid360_two_scene_pilot_v1/target_maps/W_TEST_01/target_points.npy,d4438aba190de47a85fb6188ddc3b39dbfd6e39d3fdb5fa264bf425912e6c02e,e94c88ddc68916220d35f10c3da8fbaa53e6de526a6a0afc3a91899d5ce7a66a,6a1ebdee6b34390f1430eab371e1c4108db1f124b59b7239d74785efa6474af9,0.08503570829329488,0.22252013546668611,0.6924441562400183,8.142980991605594,0.7267968417694146,strong,-0.005286322944109619,0.9994248645529491,-0.03349619236644808,lambda_max,TARGET_FRAME,1,0.03,-0.00015858968832328855,0.02998274593658847,-0.0010048857709934423,"[[1.0,0.0,0.0,0.0],[0.0,1.0,0.0,0.0],[0.0,0.0,1.0,0.0],[0.0,0.0,0.0,1.0]]","[[1.0,0.0,0.0,-0.00015858968832328855],[0.0,1.0,0.0,0.02998274593658847],[0.0,0.0,1.0,-0.0010048857709934423],[0.0,0.0,0.0,1.0]]",source/query_to_target/map,LEFT: T_initial=Delta_T@T_star,true,true,false,false,true,true,ASSUMED_METERS_FROM_SCALE,"[[0.9999999878444684,-0.00010585156445760385,0.00011448366318663646,0.0005355273734422018],[0.00010584909337729699,0.9999999941649116,2.1590410691198184e-05,-0.00013864555147051008],[-0.0001144859478973631,-2.1578292436800327e-05,0.9999999932136725,-0.0002704691165051108],[0.0,0.0,0.0,1.0]]",0.030000000000000002,0.000615764321499322,0.0,0.00901875378467315,0.0005355273734422018,-0.00013864555147051008,-0.0002704691165051108,0.9794745226166892,true,true,true,1.0,0.020773920376421316,15841,,53.33820800024114,0.19.0+b012259,
CP-W_TEST_01_Q05-S-30MM-POS-PCL,W_TEST_01,Weak,W_TEST_01_Q05,pcl,/home/lj/zero_perturbation_runtime/real_data/mid360_two_scene_pilot_v1/canonical_sources/W_TEST_01_Q05/source_points.npy,6897f897ad61d49f34028f2b90e12a3b9df19524fedd1fc8de7e728bba7e1393,741da51ff93d08482124548c1eac8fc6acc0144120244c8b3564d522c012cc9a,/home/lj/zero_perturbation_runtime/real_data/mid360_two_scene_pilot_v1/target_maps/W_TEST_01/target_points.npy,d4438aba190de47a85fb6188ddc3b39dbfd6e39d3fdb5fa264bf425912e6c02e,e94c88ddc68916220d35f10c3da8fbaa53e6de526a6a0afc3a91899d5ce7a66a,6a1ebdee6b34390f1430eab371e1c4108db1f124b59b7239d74785efa6474af9,0.08503570829329488,0.22252013546668611,0.6924441562400183,8.142980991605594,0.7267968417694146,strong,-0.005286322944109619,0.9994248645529491,-0.03349619236644808,lambda_max,TARGET_FRAME,1,0.03,-0.00015858968832328855,0.02998274593658847,-0.0010048857709934423,"[[1.0,0.0,0.0,0.0],[0.0,1.0,0.0,0.0],[0.0,0.0,1.0,0.0],[0.0,0.0,0.0,1.0]]","[[1.0,0.0,0.0,-0.00015858968832328855],[0.0,1.0,0.0,0.02998274593658847],[0.0,0.0,1.0,-0.0010048857709934423],[0.0,0.0,0.0,1.0]]",source/query_to_target/map,LEFT: T_initial=Delta_T@T_star,true,true,false,false,true,true,ASSUMED_METERS_FROM_SCALE,"[[1.0,-5.163842797628604e-05,6.239328649826348e-05,0.0005668619414791465],[5.1635532145155594e-05,1.0,4.643375359592028e-05,-0.00016556907212361693],[-6.239568028831854e-05,-4.6430555812548846e-05,1.0,-0.0003121169575024396],[0.0,0.0,0.0,1.0]]",0.030000000000000002,0.0006679540204998862,0.0,0.005348920594627306,0.0005668619414791465,-0.00016556907212361693,-0.0003121169575024396,0.9777348659833371,true,true,true,0.00043128583649902185,,15841,8,1286.716653,1.15.1,
CP-W_TEST_01_Q05-S-30MM-NEG-O3D,W_TEST_01,Weak,W_TEST_01_Q05,open3d,/home/lj/zero_perturbation_runtime/real_data/mid360_two_scene_pilot_v1/canonical_sources/W_TEST_01_Q05/source_points.npy,6897f897ad61d49f34028f2b90e12a3b9df19524fedd1fc8de7e728bba7e1393,741da51ff93d08482124548c1eac8fc6acc0144120244c8b3564d522c012cc9a,/home/lj/zero_perturbation_runtime/real_data/mid360_two_scene_pilot_v1/target_maps/W_TEST_01/target_points.npy,d4438aba190de47a85fb6188ddc3b39dbfd6e39d3fdb5fa264bf425912e6c02e,e94c88ddc68916220d35f10c3da8fbaa53e6de526a6a0afc3a91899d5ce7a66a,6a1ebdee6b34390f1430eab371e1c4108db1f124b59b7239d74785efa6474af9,0.08503570829329488,0.22252013546668611,0.6924441562400183,8.142980991605594,0.7267968417694146,strong,-0.005286322944109619,0.9994248645529491,-0.03349619236644808,lambda_max,TARGET_FRAME,-1,0.03,0.00015858968832328855,-0.02998274593658847,0.0010048857709934423,"[[1.0,0.0,0.0,0.0],[0.0,1.0,0.0,0.0],[0.0,0.0,1.0,0.0],[0.0,0.0,0.0,1.0]]","[[1.0,0.0,0.0,0.00015858968832328855],[0.0,1.0,0.0,-0.02998274593658847],[0.0,0.0,1.0,0.0010048857709934423],[0.0,0.0,0.0,1.0]]",source/query_to_target/map,LEFT: T_initial=Delta_T@T_star,true,true,false,false,true,true,ASSUMED_METERS_FROM_SCALE,"[[0.9999999878120935,-0.00010528221726435393,0.00011528862682797298,0.00053172296565035],[0.00010527904129948589,0.9999999940785592,2.75536682509401e-05,-0.0001492166825075751],[-0.00011529152705658546,-2.754153043901355e-05,0.999999992974664,-0.00026478594780216365],[0.0,0.0,0.0,1.0]]",0.030000000000000002,0.0006124594098322434,0.0,0.009083627995500524,0.00053172296565035,-0.0001492166825075751,-0.00026478594780216365,0.9795846863389253,true,true,true,1.0,0.020773878506158455,15841,,44.664486999863584,0.19.0+b012259,
CP-W_TEST_01_Q05-S-30MM-NEG-PCL,W_TEST_01,Weak,W_TEST_01_Q05,pcl,/home/lj/zero_perturbation_runtime/real_data/mid360_two_scene_pilot_v1/canonical_sources/W_TEST_01_Q05/source_points.npy,6897f897ad61d49f34028f2b90e12a3b9df19524fedd1fc8de7e728bba7e1393,741da51ff93d08482124548c1eac8fc6acc0144120244c8b3564d522c012cc9a,/home/lj/zero_perturbation_runtime/real_data/mid360_two_scene_pilot_v1/target_maps/W_TEST_01/target_points.npy,d4438aba190de47a85fb6188ddc3b39dbfd6e39d3fdb5fa264bf425912e6c02e,e94c88ddc68916220d35f10c3da8fbaa53e6de526a6a0afc3a91899d5ce7a66a,6a1ebdee6b34390f1430eab371e1c4108db1f124b59b7239d74785efa6474af9,0.08503570829329488,0.22252013546668611,0.6924441562400183,8.142980991605594,0.7267968417694146,strong,-0.005286322944109619,0.9994248645529491,-0.03349619236644808,lambda_max,TARGET_FRAME,-1,0.03,0.00015858968832328855,-0.02998274593658847,0.0010048857709934423,"[[1.0,0.0,0.0,0.0],[0.0,1.0,0.0,0.0],[0.0,0.0,1.0,0.0],[0.0,0.0,0.0,1.0]]","[[1.0,0.0,0.0,0.00015858968832328855],[0.0,1.0,0.0,-0.02998274593658847],[0.0,0.0,1.0,0.0010048857709934423],[0.0,0.0,0.0,1.0]]",source/query_to_target/map,LEFT: T_initial=Delta_T@T_star,true,true,false,false,true,true,ASSUMED_METERS_FROM_SCALE,"[[1.0,-5.3536350606009364e-05,6.24678359599784e-05,0.0005665014614351094],[5.3533432947006077e-05,1.0,4.6854562242515385e-05,-0.0001684233284322545],[-6.247035344131291e-05,-4.685125531977974e-05,1.0,-0.00031183037208393216],[0.0,0.0,0.0,1.0]]",0.030000000000000002,0.0006682278835265088,0.0,0.00542454202574411,0.0005665014614351094,-0.0001684233284322545,-0.00031183037208393216,0.977725737215783,true,true,true,0.0004312851691525908,,15841,7,1281.804941,1.15.1,
CP-W_TEST_01_Q05-S-50MM-POS-O3D,W_TEST_01,Weak,W_TEST_01_Q05,open3d,/home/lj/zero_perturbation_runtime/real_data/mid360_two_scene_pilot_v1/canonical_sources/W_TEST_01_Q05/source_points.npy,6897f897ad61d49f34028f2b90e12a3b9df19524fedd1fc8de7e728bba7e1393,741da51ff93d08482124548c1eac8fc6acc0144120244c8b3564d522c012cc9a,/home/lj/zero_perturbation_runtime/real_data/mid360_two_scene_pilot_v1/target_maps/W_TEST_01/target_points.npy,d4438aba190de47a85fb6188ddc3b39dbfd6e39d3fdb5fa264bf425912e6c02e,e94c88ddc68916220d35f10c3da8fbaa53e6de526a6a0afc3a91899d5ce7a66a,6a1ebdee6b34390f1430eab371e1c4108db1f124b59b7239d74785efa6474af9,0.08503570829329488,0.22252013546668611,0.6924441562400183,8.142980991605594,0.7267968417694146,strong,-0.005286322944109619,0.9994248645529491,-0.03349619236644808,lambda_max,TARGET_FRAME,1,0.05,-0.00026431614720548094,0.049971243227647455,-0.001674809618322404,"[[1.0,0.0,0.0,0.0],[0.0,1.0,0.0,0.0],[0.0,0.0,1.0,0.0],[0.0,0.0,0.0,1.0]]","[[1.0,0.0,0.0,-0.00026431614720548094],[0.0,1.0,0.0,0.049971243227647455],[0.0,0.0,1.0,-0.001674809618322404],[0.0,0.0,0.0,1.0]]",source/query_to_target/map,LEFT: T_initial=Delta_T@T_star,true,true,false,false,true,true,ASSUMED_METERS_FROM_SCALE,"[[0.9999999878444676,-0.00010585156823543051,0.00011448366635458842,0.0005355273724001042],[0.00010584909715369341,0.999999994164911,2.1590422586843416e-05,-0.00013864556105776013],[-0.00011448595106665578,-2.157830433167747e-05,0.999999993213672,-0.00027046911771489855],[0.0,0.0,0.0,1.0]]",0.05,0.0006157643232830696,0.0,0.009018754155704264,0.0005355273724001042,-0.00013864556105776013,-0.00027046911771489855,0.9876847135343386,true,true,true,1.0,0.02077392037655006,15841,,49.590519000048516,0.19.0+b012259,
CP-W_TEST_01_Q05-S-50MM-POS-PCL,W_TEST_01,Weak,W_TEST_01_Q05,pcl,/home/lj/zero_perturbation_runtime/real_data/mid360_two_scene_pilot_v1/canonical_sources/W_TEST_01_Q05/source_points.npy,6897f897ad61d49f34028f2b90e12a3b9df19524fedd1fc8de7e728bba7e1393,741da51ff93d08482124548c1eac8fc6acc0144120244c8b3564d522c012cc9a,/home/lj/zero_perturbation_runtime/real_data/mid360_two_scene_pilot_v1/target_maps/W_TEST_01/target_points.npy,d4438aba190de47a85fb6188ddc3b39dbfd6e39d3fdb5fa264bf425912e6c02e,e94c88ddc68916220d35f10c3da8fbaa53e6de526a6a0afc3a91899d5ce7a66a,6a1ebdee6b34390f1430eab371e1c4108db1f124b59b7239d74785efa6474af9,0.08503570829329488,0.22252013546668611,0.6924441562400183,8.142980991605594,0.7267968417694146,strong,-0.005286322944109619,0.9994248645529491,-0.03349619236644808,lambda_max,TARGET_FRAME,1,0.05,-0.00026431614720548094,0.049971243227647455,-0.001674809618322404,"[[1.0,0.0,0.0,0.0],[0.0,1.0,0.0,0.0],[0.0,0.0,1.0,0.0],[0.0,0.0,0.0,1.0]]","[[1.0,0.0,0.0,-0.00026431614720548094],[0.0,1.0,0.0,0.049971243227647455],[0.0,0.0,1.0,-0.001674809618322404],[0.0,0.0,0.0,1.0]]",source/query_to_target/map,LEFT: T_initial=Delta_T@T_star,true,true,false,false,true,true,ASSUMED_METERS_FROM_SCALE,"[[1.0,-5.233052797848359e-05,6.236402259673923e-05,0.0005578908603638411],[5.232771945884451e-05,1.0,4.500999057199806e-05,-0.0001615978981135413],[-6.236638000700623e-05,-4.5006832806393504e-05,1.0,-0.0003112151753157377],[0.0,0.0,0.0,1.0]]",0.05,0.0006589468704675868,0.0,0.00532989738891898,0.0005578908603638411,-0.0001615978981135413,-0.0003112151753157377,0.9868210625906483,true,true,true,0.000431283937189932,,15841,6,1268.142744,1.15.1,
CP-W_TEST_01_Q05-S-50MM-NEG-O3D,W_TEST_01,Weak,W_TEST_01_Q05,open3d,/home/lj/zero_perturbation_runtime/real_data/mid360_two_scene_pilot_v1/canonical_sources/W_TEST_01_Q05/source_points.npy,6897f897ad61d49f34028f2b90e12a3b9df19524fedd1fc8de7e728bba7e1393,741da51ff93d08482124548c1eac8fc6acc0144120244c8b3564d522c012cc9a,/home/lj/zero_perturbation_runtime/real_data/mid360_two_scene_pilot_v1/target_maps/W_TEST_01/target_points.npy,d4438aba190de47a85fb6188ddc3b39dbfd6e39d3fdb5fa264bf425912e6c02e,e94c88ddc68916220d35f10c3da8fbaa53e6de526a6a0afc3a91899d5ce7a66a,6a1ebdee6b34390f1430eab371e1c4108db1f124b59b7239d74785efa6474af9,0.08503570829329488,0.22252013546668611,0.6924441562400183,8.142980991605594,0.7267968417694146,strong,-0.005286322944109619,0.9994248645529491,-0.03349619236644808,lambda_max,TARGET_FRAME,-1,0.05,0.00026431614720548094,-0.049971243227647455,0.001674809618322404,"[[1.0,0.0,0.0,0.0],[0.0,1.0,0.0,0.0],[0.0,0.0,1.0,0.0],[0.0,0.0,0.0,1.0]]","[[1.0,0.0,0.0,0.00026431614720548094],[0.0,1.0,0.0,-0.049971243227647455],[0.0,0.0,1.0,0.001674809618322404],[0.0,0.0,0.0,1.0]]",source/query_to_target/map,LEFT: T_initial=Delta_T@T_star,true,true,false,false,true,true,ASSUMED_METERS_FROM_SCALE,"[[0.9999999878647481,-0.00010556628607566985,0.00011456990592478401,0.0005278629332242667],[0.00010556332820817951,0.9999999940947812,2.582288177681401e-05,-0.00014449626626651744],[-0.00011457263127394859,-2.5810787082864913e-05,0.9999999931034578,-0.0002665084591378076],[0.0,0.0,0.0,1.0]]",0.05,0.0006087242446536029,0.0,0.00904783871558696,0.0005278629332242667,-0.00014449626626651744,-0.0002665084591378076,0.987825515106928,true,true,true,1.0,0.020773793907214184,15841,,38.22861600019678,0.19.0+b012259,
CP-W_TEST_01_Q05-S-50MM-NEG-PCL,W_TEST_01,Weak,W_TEST_01_Q05,pcl,/home/lj/zero_perturbation_runtime/real_data/mid360_two_scene_pilot_v1/canonical_sources/W_TEST_01_Q05/source_points.npy,6897f897ad61d49f34028f2b90e12a3b9df19524fedd1fc8de7e728bba7e1393,741da51ff93d08482124548c1eac8fc6acc0144120244c8b3564d522c012cc9a,/home/lj/zero_perturbation_runtime/real_data/mid360_two_scene_pilot_v1/target_maps/W_TEST_01/target_points.npy,d4438aba190de47a85fb6188ddc3b39dbfd6e39d3fdb5fa264bf425912e6c02e,e94c88ddc68916220d35f10c3da8fbaa53e6de526a6a0afc3a91899d5ce7a66a,6a1ebdee6b34390f1430eab371e1c4108db1f124b59b7239d74785efa6474af9,0.08503570829329488,0.22252013546668611,0.6924441562400183,8.142980991605594,0.7267968417694146,strong,-0.005286322944109619,0.9994248645529491,-0.03349619236644808,lambda_max,TARGET_FRAME,-1,0.05,0.00026431614720548094,-0.049971243227647455,0.001674809618322404,"[[1.0,0.0,0.0,0.0],[0.0,1.0,0.0,0.0],[0.0,0.0,1.0,0.0],[0.0,0.0,0.0,1.0]]","[[1.0,0.0,0.0,0.00026431614720548094],[0.0,1.0,0.0,-0.049971243227647455],[0.0,0.0,1.0,0.001674809618322404],[0.0,0.0,0.0,1.0]]",source/query_to_target/map,LEFT: T_initial=Delta_T@T_star,true,true,false,false,true,true,ASSUMED_METERS_FROM_SCALE,"[[1.0,-5.352840162231587e-05,6.246177508728579e-05,0.0005666397628374398],[5.352548396331258e-05,1.0,4.685414751293138e-05,-0.00016842455079313368],[-6.246428529266268e-05,-4.685081512434408e-05,1.0,-0.00031192234018817544],[0.0,0.0,0.0,1.0]]",0.05,0.000668388357503934,0.0,0.005424043113163085,0.0005666397628374398,-0.00016842455079313368,-0.00031192234018817544,0.9866322328499213,true,true,true,0.00043128524590872833,,15841,7,1275.899905,1.15.1,
CP-W_TEST_01_Q06-W-10MM-POS-O3D,W_TEST_01,Weak,W_TEST_01_Q06,open3d,/home/lj/zero_perturbation_runtime/real_data/mid360_two_scene_pilot_v1/canonical_sources/W_TEST_01_Q06/source_points.npy,34bd0bcc6413e190f860e363ca9cff4347da340df1b52f52805165380d34c714,da7b1d3f3090975b1c519b55ec6d35f6ca34840818f7930f202d29c2fa42b2e9,/home/lj/zero_perturbation_runtime/real_data/mid360_two_scene_pilot_v1/target_maps/W_TEST_01/target_points.npy,d4438aba190de47a85fb6188ddc3b39dbfd6e39d3fdb5fa264bf425912e6c02e,e94c88ddc68916220d35f10c3da8fbaa53e6de526a6a0afc3a91899d5ce7a66a,6a1ebdee6b34390f1430eab371e1c4108db1f124b59b7239d74785efa6474af9,0.08470199550491488,0.21854911727292758,0.6967488872221578,8.225885152631717,0.7220113122688737,weak,0.9999212363461232,0.002509246296796089,-0.012297348781852811,lambda_min,TARGET_FRAME,1,0.01,0.009999212363461232,2.5092462967960894e-05,-0.0001229734878185281,"[[1.0,0.0,0.0,0.0],[0.0,1.0,0.0,0.0],[0.0,0.0,1.0,0.0],[0.0,0.0,0.0,1.0]]","[[1.0,0.0,0.0,0.009999212363461232],[0.0,1.0,0.0,2.5092462967960894e-05],[0.0,0.0,1.0,-0.0001229734878185281],[0.0,0.0,0.0,1.0]]",source/query_to_target/map,LEFT: T_initial=Delta_T@T_star,true,true,false,false,true,true,ASSUMED_METERS_FROM_SCALE,"[[0.9999999982406401,1.5166184674939693e-05,5.7347245243841204e-05,-4.9871046733221436e-05],[-1.5175772892865234e-05,0.9999999859070865,0.0001671990506406039,-0.00019501546317988774],[-5.734470866397197e-05,-0.0001671999206352105,0.9999999843778854,0.0001736090084673094],[0.0,0.0,0.0,1.0]]",0.01,0.00026581617708961136,0.0,0.0101648571451866,-4.9871046733221436e-05,-0.00019501546317988774,0.0001736090084673094,0.9734183822910388,true,true,true,1.0,0.020630392158379824,15893,,42.869249999966996,0.19.0+b012259,
CP-W_TEST_01_Q06-W-10MM-POS-PCL,W_TEST_01,Weak,W_TEST_01_Q06,pcl,/home/lj/zero_perturbation_runtime/real_data/mid360_two_scene_pilot_v1/canonical_sources/W_TEST_01_Q06/source_points.npy,34bd0bcc6413e190f860e363ca9cff4347da340df1b52f52805165380d34c714,da7b1d3f3090975b1c519b55ec6d35f6ca34840818f7930f202d29c2fa42b2e9,/home/lj/zero_perturbation_runtime/real_data/mid360_two_scene_pilot_v1/target_maps/W_TEST_01/target_points.npy,d4438aba190de47a85fb6188ddc3b39dbfd6e39d3fdb5fa264bf425912e6c02e,e94c88ddc68916220d35f10c3da8fbaa53e6de526a6a0afc3a91899d5ce7a66a,6a1ebdee6b34390f1430eab371e1c4108db1f124b59b7239d74785efa6474af9,0.08470199550491488,0.21854911727292758,0.6967488872221578,8.225885152631717,0.7220113122688737,weak,0.9999212363461232,0.002509246296796089,-0.012297348781852811,lambda_min,TARGET_FRAME,1,0.01,0.009999212363461232,2.5092462967960894e-05,-0.0001229734878185281,"[[1.0,0.0,0.0,0.0],[0.0,1.0,0.0,0.0],[0.0,0.0,1.0,0.0],[0.0,0.0,0.0,1.0]]","[[1.0,0.0,0.0,0.009999212363461232],[0.0,1.0,0.0,2.5092462967960894e-05],[0.0,0.0,1.0,-0.0001229734878185281],[0.0,0.0,0.0,1.0]]",source/query_to_target/map,LEFT: T_initial=Delta_T@T_star,true,true,false,false,true,true,ASSUMED_METERS_FROM_SCALE,"[[1.0,4.0709863242227584e-05,-1.5633755538146943e-05,0.0002735797024797648],[-4.070697468705475e-05,1.0,0.00018466723849996924,-0.00022173119941726327],[1.564126978337299e-05,-0.0001846665982156992,1.0,0.00023542922281194478],[0.0,0.0,0.0,1.0]]",0.01,0.0004236006342745147,0.0,0.010871649901091733,0.0002735797024797648,-0.00022173119941726327,0.00023542922281194478,0.9576399365725485,true,true,true,0.00042607383746587964,,15893,8,1341.761148,1.15.1,
CP-W_TEST_01_Q06-W-10MM-NEG-O3D,W_TEST_01,Weak,W_TEST_01_Q06,open3d,/home/lj/zero_perturbation_runtime/real_data/mid360_two_scene_pilot_v1/canonical_sources/W_TEST_01_Q06/source_points.npy,34bd0bcc6413e190f860e363ca9cff4347da340df1b52f52805165380d34c714,da7b1d3f3090975b1c519b55ec6d35f6ca34840818f7930f202d29c2fa42b2e9,/home/lj/zero_perturbation_runtime/real_data/mid360_two_scene_pilot_v1/target_maps/W_TEST_01/target_points.npy,d4438aba190de47a85fb6188ddc3b39dbfd6e39d3fdb5fa264bf425912e6c02e,e94c88ddc68916220d35f10c3da8fbaa53e6de526a6a0afc3a91899d5ce7a66a,6a1ebdee6b34390f1430eab371e1c4108db1f124b59b7239d74785efa6474af9,0.08470199550491488,0.21854911727292758,0.6967488872221578,8.225885152631717,0.7220113122688737,weak,0.9999212363461232,0.002509246296796089,-0.012297348781852811,lambda_min,TARGET_FRAME,-1,0.01,-0.009999212363461232,-2.5092462967960894e-05,0.0001229734878185281,"[[1.0,0.0,0.0,0.0],[0.0,1.0,0.0,0.0],[0.0,0.0,1.0,0.0],[0.0,0.0,0.0,1.0]]","[[1.0,0.0,0.0,-0.009999212363461232],[0.0,1.0,0.0,-2.5092462967960894e-05],[0.0,0.0,1.0,0.0001229734878185281],[0.0,0.0,0.0,1.0]]",source/query_to_target/map,LEFT: T_initial=Delta_T@T_star,true,true,false,false,true,true,ASSUMED_METERS_FROM_SCALE,"[[0.9999999982406415,1.5166114820631791e-05,5.734723894036106e-05,-4.987104313362837e-05],[-1.5175703036939736e-05,0.9999999859070892,0.0001671990407965031,-0.0001950154489792136],[-5.7344702372320913e-05,-0.0001671999107870082,0.9999999843778873,0.00017360901015340746],[0.0,0.0,0.0,1.0]]",0.01,0.00026581616709719973,0.0,0.010164856154622705,-4.987104313362837e-05,-0.0001950154489792136,0.00017360901015340746,0.9734183832902801,true,true,true,1.0,0.020630392158587602,15893,,40.319984999769076,0.19.0+b012259,
CP-W_TEST_01_Q06-W-10MM-NEG-PCL,W_TEST_01,Weak,W_TEST_01_Q06,pcl,/home/lj/zero_perturbation_runtime/real_data/mid360_two_scene_pilot_v1/canonical_sources/W_TEST_01_Q06/source_points.npy,34bd0bcc6413e190f860e363ca9cff4347da340df1b52f52805165380d34c714,da7b1d3f3090975b1c519b55ec6d35f6ca34840818f7930f202d29c2fa42b2e9,/home/lj/zero_perturbation_runtime/real_data/mid360_two_scene_pilot_v1/target_maps/W_TEST_01/target_points.npy,d4438aba190de47a85fb6188ddc3b39dbfd6e39d3fdb5fa264bf425912e6c02e,e94c88ddc68916220d35f10c3da8fbaa53e6de526a6a0afc3a91899d5ce7a66a,6a1ebdee6b34390f1430eab371e1c4108db1f124b59b7239d74785efa6474af9,0.08470199550491488,0.21854911727292758,0.6967488872221578,8.225885152631717,0.7220113122688737,weak,0.9999212363461232,0.002509246296796089,-0.012297348781852811,lambda_min,TARGET_FRAME,-1,0.01,-0.009999212363461232,-2.5092462967960894e-05,0.0001229734878185281,"[[1.0,0.0,0.0,0.0],[0.0,1.0,0.0,0.0],[0.0,0.0,1.0,0.0],[0.0,0.0,0.0,1.0]]","[[1.0,0.0,0.0,-0.009999212363461232],[0.0,1.0,0.0,-2.5092462967960894e-05],[0.0,0.0,1.0,0.0001229734878185281],[0.0,0.0,0.0,1.0]]",source/query_to_target/map,LEFT: T_initial=Delta_T@T_star,true,true,false,false,true,true,ASSUMED_METERS_FROM_SCALE,"[[1.0,4.0711740439292043e-05,-1.562977922731079e-05,0.0002733164292294532],[-4.070885916007683e-05,1.0,0.00018462874868419021,-0.00022176670609042048],[1.5637295291526243e-05,-0.0001846281229518354,1.0,0.00023545746807940304],[0.0,0.0,0.0,1.0]]",0.01,0.00042346494741748905,0.0,0.01086950839895342,0.0002733164292294532,-0.00022176670609042048,0.00023545746807940304,0.9576535052582511,true,true,true,0.0004260737311876372,,15893,7,1641.302375,1.15.1,
CP-W_TEST_01_Q06-W-30MM-POS-O3D,W_TEST_01,Weak,W_TEST_01_Q06,open3d,/home/lj/zero_perturbation_runtime/real_data/mid360_two_scene_pilot_v1/canonical_sources/W_TEST_01_Q06/source_points.npy,34bd0bcc6413e190f860e363ca9cff4347da340df1b52f52805165380d34c714,da7b1d3f3090975b1c519b55ec6d35f6ca34840818f7930f202d29c2fa42b2e9,/home/lj/zero_perturbation_runtime/real_data/mid360_two_scene_pilot_v1/target_maps/W_TEST_01/target_points.npy,d4438aba190de47a85fb6188ddc3b39dbfd6e39d3fdb5fa264bf425912e6c02e,e94c88ddc68916220d35f10c3da8fbaa53e6de526a6a0afc3a91899d5ce7a66a,6a1ebdee6b34390f1430eab371e1c4108db1f124b59b7239d74785efa6474af9,0.08470199550491488,0.21854911727292758,0.6967488872221578,8.225885152631717,0.7220113122688737,weak,0.9999212363461232,0.002509246296796089,-0.012297348781852811,lambda_min,TARGET_FRAME,1,0.03,0.029997637090383694,7.527738890388267e-05,-0.0003689204634555843,"[[1.0,0.0,0.0,0.0],[0.0,1.0,0.0,0.0],[0.0,0.0,1.0,0.0],[0.0,0.0,0.0,1.0]]","[[1.0,0.0,0.0,0.029997637090383694],[0.0,1.0,0.0,7.527738890388267e-05],[0.0,0.0,1.0,-0.0003689204634555843],[0.0,0.0,0.0,1.0]]",source/query_to_target/map,LEFT: T_initial=Delta_T@T_star,true,true,false,false,true,true,ASSUMED_METERS_FROM_SCALE,"[[0.9999999982406413,1.516611617420957e-05,5.73472462334048e-05,-4.987104552053368e-05],[-1.5175704392051509e-05,0.9999999859070885,0.00016719904628270264,-0.00019501545365787493],[-5.7344709665054916e-05,-0.00016719991627339603,0.999999984377886,0.0001736090097754856],[0.0,0.0,0.0,1.0]]",0.03,0.00026581617073068105,0.0,0.010164856592574156,-4.987104552053368e-05,-0.00019501545365787493,0.0001736090097754856,0.991139460975644,true,true,true,1.0,0.0206303921579477,15893,,41.82709199994861,0.19.0+b012259,
CP-W_TEST_01_Q06-W-30MM-POS-PCL,W_TEST_01,Weak,W_TEST_01_Q06,pcl,/home/lj/zero_perturbation_runtime/real_data/mid360_two_scene_pilot_v1/canonical_sources/W_TEST_01_Q06/source_points.npy,34bd0bcc6413e190f860e363ca9cff4347da340df1b52f52805165380d34c714,da7b1d3f3090975b1c519b55ec6d35f6ca34840818f7930f202d29c2fa42b2e9,/home/lj/zero_perturbation_runtime/real_data/mid360_two_scene_pilot_v1/target_maps/W_TEST_01/target_points.npy,d4438aba190de47a85fb6188ddc3b39dbfd6e39d3fdb5fa264bf425912e6c02e,e94c88ddc68916220d35f10c3da8fbaa53e6de526a6a0afc3a91899d5ce7a66a,6a1ebdee6b34390f1430eab371e1c4108db1f124b59b7239d74785efa6474af9,0.08470199550491488,0.21854911727292758,0.6967488872221578,8.225885152631717,0.7220113122688737,weak,0.9999212363461232,0.002509246296796089,-0.012297348781852811,lambda_min,TARGET_FRAME,1,0.03,0.029997637090383694,7.527738890388267e-05,-0.0003689204634555843,"[[1.0,0.0,0.0,0.0],[0.0,1.0,0.0,0.0],[0.0,0.0,1.0,0.0],[0.0,0.0,0.0,1.0]]","[[1.0,0.0,0.0,0.029997637090383694],[0.0,1.0,0.0,7.527738890388267e-05],[0.0,0.0,1.0,-0.0003689204634555843],[0.0,0.0,0.0,1.0]]",source/query_to_target/map,LEFT: T_initial=Delta_T@T_star,true,true,false,false,true,true,ASSUMED_METERS_FROM_SCALE,"[[1.0,4.072739466209896e-05,-1.5637788237654604e-05,0.0002734206791501492],[-4.0724524296820164e-05,1.0,0.00018428599287290126,-0.00022182833345141262],[1.564528611197602e-05,-0.00018428538169246167,1.0,0.0002351715520489961],[0.0,0.0,0.0,1.0]]",0.03,0.0004234056402575356,0.0,0.010850627951606484,0.0002734206791501492,-0.00022182833345141262,0.0002351715520489961,0.9858864786580821,true,true,true,0.0004260734998224668,,15893,9,1294.191862,1.15.1,
CP-W_TEST_01_Q06-W-30MM-NEG-O3D,W_TEST_01,Weak,W_TEST_01_Q06,open3d,/home/lj/zero_perturbation_runtime/real_data/mid360_two_scene_pilot_v1/canonical_sources/W_TEST_01_Q06/source_points.npy,34bd0bcc6413e190f860e363ca9cff4347da340df1b52f52805165380d34c714,da7b1d3f3090975b1c519b55ec6d35f6ca34840818f7930f202d29c2fa42b2e9,/home/lj/zero_perturbation_runtime/real_data/mid360_two_scene_pilot_v1/target_maps/W_TEST_01/target_points.npy,d4438aba190de47a85fb6188ddc3b39dbfd6e39d3fdb5fa264bf425912e6c02e,e94c88ddc68916220d35f10c3da8fbaa53e6de526a6a0afc3a91899d5ce7a66a,6a1ebdee6b34390f1430eab371e1c4108db1f124b59b7239d74785efa6474af9,0.08470199550491488,0.21854911727292758,0.6967488872221578,8.225885152631717,0.7220113122688737,weak,0.9999212363461232,0.002509246296796089,-0.012297348781852811,lambda_min,TARGET_FRAME,-1,0.03,-0.029997637090383694,-7.527738890388267e-05,0.0003689204634555843,"[[1.0,0.0,0.0,0.0],[0.0,1.0,0.0,0.0],[0.0,0.0,1.0,0.0],[0.0,0.0,0.0,1.0]]","[[1.0,0.0,0.0,-0.029997637090383694],[0.0,1.0,0.0,-7.527738890388267e-05],[0.0,0.0,1.0,0.0003689204634555843],[0.0,0.0,0.0,1.0]]",source/query_to_target/map,LEFT: T_initial=Delta_T@T_star,true,true,false,false,true,true,ASSUMED_METERS_FROM_SCALE,"[[0.9999999982406415,1.516611482064845e-05,5.7347238940357116e-05,-4.987104313375253e-05],[-1.5175703036956408e-05,0.9999999859070894,0.0001671990407966086,-0.0001950154489794508],[-5.7344702372316976e-05,-0.00016719991078711365,0.9999999843778872,0.00017360901015298],[0.0,0.0,0.0,1.0]]",0.03,0.00026581616709711787,0.0,0.010164856154628405,-4.987104313375253e-05,-0.0001950154489794508,0.00017360901015298,0.9911394610967628,true,true,true,1.0,0.020630392158587557,15893,,38.210042999708094,0.19.0+b012259,
CP-W_TEST_01_Q06-W-30MM-NEG-PCL,W_TEST_01,Weak,W_TEST_01_Q06,pcl,/home/lj/zero_perturbation_runtime/real_data/mid360_two_scene_pilot_v1/canonical_sources/W_TEST_01_Q06/source_points.npy,34bd0bcc6413e190f860e363ca9cff4347da340df1b52f52805165380d34c714,da7b1d3f3090975b1c519b55ec6d35f6ca34840818f7930f202d29c2fa42b2e9,/home/lj/zero_perturbation_runtime/real_data/mid360_two_scene_pilot_v1/target_maps/W_TEST_01/target_points.npy,d4438aba190de47a85fb6188ddc3b39dbfd6e39d3fdb5fa264bf425912e6c02e,e94c88ddc68916220d35f10c3da8fbaa53e6de526a6a0afc3a91899d5ce7a66a,6a1ebdee6b34390f1430eab371e1c4108db1f124b59b7239d74785efa6474af9,0.08470199550491488,0.21854911727292758,0.6967488872221578,8.225885152631717,0.7220113122688737,weak,0.9999212363461232,0.002509246296796089,-0.012297348781852811,lambda_min,TARGET_FRAME,-1,0.03,-0.029997637090383694,-7.527738890388267e-05,0.0003689204634555843,"[[1.0,0.0,0.0,0.0],[0.0,1.0,0.0,0.0],[0.0,0.0,1.0,0.0],[0.0,0.0,0.0,1.0]]","[[1.0,0.0,0.0,-0.029997637090383694],[0.0,1.0,0.0,-7.527738890388267e-05],[0.0,0.0,1.0,0.0003689204634555843],[0.0,0.0,0.0,1.0]]",source/query_to_target/map,LEFT: T_initial=Delta_T@T_star,true,true,false,false,true,true,ASSUMED_METERS_FROM_SCALE,"[[1.0,4.070546492584981e-05,-1.5634095689165406e-05,0.0002734827867243439],[-4.0702583646634594e-05,1.0,0.000184627206181176,-0.00022176334459800273],[1.5641609934391454e-05,-0.0001846265804488212,1.0,0.0002353948075324297],[0.0,0.0,0.0,1.0]]",0.03,0.0004235357494415732,0.0,0.010869365612013206,0.0002734827867243439,-0.00022176334459800273,0.0002353948075324297,0.9858821416852809,true,true,true,0.00042607371729712893,,15893,8,1612.893798,1.15.1,
CP-W_TEST_01_Q06-W-50MM-POS-O3D,W_TEST_01,Weak,W_TEST_01_Q06,open3d,/home/lj/zero_perturbation_runtime/real_data/mid360_two_scene_pilot_v1/canonical_sources/W_TEST_01_Q06/source_points.npy,34bd0bcc6413e190f860e363ca9cff4347da340df1b52f52805165380d34c714,da7b1d3f3090975b1c519b55ec6d35f6ca34840818f7930f202d29c2fa42b2e9,/home/lj/zero_perturbation_runtime/real_data/mid360_two_scene_pilot_v1/target_maps/W_TEST_01/target_points.npy,d4438aba190de47a85fb6188ddc3b39dbfd6e39d3fdb5fa264bf425912e6c02e,e94c88ddc68916220d35f10c3da8fbaa53e6de526a6a0afc3a91899d5ce7a66a,6a1ebdee6b34390f1430eab371e1c4108db1f124b59b7239d74785efa6474af9,0.08470199550491488,0.21854911727292758,0.6967488872221578,8.225885152631717,0.7220113122688737,weak,0.9999212363461232,0.002509246296796089,-0.012297348781852811,lambda_min,TARGET_FRAME,1,0.05,0.04999606181730616,0.00012546231483980447,-0.0006148674390926406,"[[1.0,0.0,0.0,0.0],[0.0,1.0,0.0,0.0],[0.0,0.0,1.0,0.0],[0.0,0.0,0.0,1.0]]","[[1.0,0.0,0.0,0.04999606181730616],[0.0,1.0,0.0,0.00012546231483980447],[0.0,0.0,1.0,-0.0006148674390926406],[0.0,0.0,0.0,1.0]]",source/query_to_target/map,LEFT: T_initial=Delta_T@T_star,true,true,false,false,true,true,ASSUMED_METERS_FROM_SCALE,"[[0.9999999982406402,1.5166184662722903e-05,5.7347245244926694e-05,-4.987104673320281e-05],[-1.5175772880650124e-05,0.9999999859070866,0.00016719905066667502,-0.00019501546320115163],[-5.7344708665059095e-05,-0.00016719992066128084,0.9999999843778853,0.0001736090084634774],[0.0,0.0,0.0,1.0]]",0.05,0.0002658161771027053,0.0,0.010164857146559531,-4.987104673320281e-05,-0.00019501546320115163,0.0001736090084634774,0.9946836764579459,true,true,true,1.0,0.02063039215837995,15893,,40.259711000544485,0.19.0+b012259,
CP-W_TEST_01_Q06-W-50MM-POS-PCL,W_TEST_01,Weak,W_TEST_01_Q06,pcl,/home/lj/zero_perturbation_runtime/real_data/mid360_two_scene_pilot_v1/canonical_sources/W_TEST_01_Q06/source_points.npy,34bd0bcc6413e190f860e363ca9cff4347da340df1b52f52805165380d34c714,da7b1d3f3090975b1c519b55ec6d35f6ca34840818f7930f202d29c2fa42b2e9,/home/lj/zero_perturbation_runtime/real_data/mid360_two_scene_pilot_v1/target_maps/W_TEST_01/target_points.npy,d4438aba190de47a85fb6188ddc3b39dbfd6e39d3fdb5fa264bf425912e6c02e,e94c88ddc68916220d35f10c3da8fbaa53e6de526a6a0afc3a91899d5ce7a66a,6a1ebdee6b34390f1430eab371e1c4108db1f124b59b7239d74785efa6474af9,0.08470199550491488,0.21854911727292758,0.6967488872221578,8.225885152631717,0.7220113122688737,weak,0.9999212363461232,0.002509246296796089,-0.012297348781852811,lambda_min,TARGET_FRAME,1,0.05,0.04999606181730616,0.00012546231483980447,-0.0006148674390926406,"[[1.0,0.0,0.0,0.0],[0.0,1.0,0.0,0.0],[0.0,0.0,1.0,0.0],[0.0,0.0,0.0,1.0]]","[[1.0,0.0,0.0,0.04999606181730616],[0.0,1.0,0.0,0.00012546231483980447],[0.0,0.0,1.0,-0.0006148674390926406],[0.0,0.0,0.0,1.0]]",source/query_to_target/map,LEFT: T_initial=Delta_T@T_star,true,true,false,false,true,true,ASSUMED_METERS_FROM_SCALE,"[[1.0,4.0713126509217545e-05,-1.5635538147762418e-05,0.00027352257166057825],[-4.071023431606591e-05,1.0,0.00018466914480086416,-0.00022173637989908457],[1.5643050573999062e-05,-0.00018466851906850934,1.0,0.000235317915212363],[0.0,0.0,0.0,1.0]]",0.05,0.00042350459336170157,0.0,0.010871805111406637,0.00027352257166057825,-0.00022173637989908457,0.000235317915212363,0.991529908132766,true,true,true,0.00042607379193456226,,15893,10,1793.024558,1.15.1,
CP-W_TEST_01_Q06-W-50MM-NEG-O3D,W_TEST_01,Weak,W_TEST_01_Q06,open3d,/home/lj/zero_perturbation_runtime/real_data/mid360_two_scene_pilot_v1/canonical_sources/W_TEST_01_Q06/source_points.npy,34bd0bcc6413e190f860e363ca9cff4347da340df1b52f52805165380d34c714,da7b1d3f3090975b1c519b55ec6d35f6ca34840818f7930f202d29c2fa42b2e9,/home/lj/zero_perturbation_runtime/real_data/mid360_two_scene_pilot_v1/target_maps/W_TEST_01/target_points.npy,d4438aba190de47a85fb6188ddc3b39dbfd6e39d3fdb5fa264bf425912e6c02e,e94c88ddc68916220d35f10c3da8fbaa53e6de526a6a0afc3a91899d5ce7a66a,6a1ebdee6b34390f1430eab371e1c4108db1f124b59b7239d74785efa6474af9,0.08470199550491488,0.21854911727292758,0.6967488872221578,8.225885152631717,0.7220113122688737,weak,0.9999212363461232,0.002509246296796089,-0.012297348781852811,lambda_min,TARGET_FRAME,-1,0.05,-0.04999606181730616,-0.00012546231483980447,0.0006148674390926406,"[[1.0,0.0,0.0,0.0],[0.0,1.0,0.0,0.0],[0.0,0.0,1.0,0.0],[0.0,0.0,0.0,1.0]]","[[1.0,0.0,0.0,-0.04999606181730616],[0.0,1.0,0.0,-0.00012546231483980447],[0.0,0.0,1.0,0.0006148674390926406],[0.0,0.0,0.0,1.0]]",source/query_to_target/map,LEFT: T_initial=Delta_T@T_star,true,true,false,false,true,true,ASSUMED_METERS_FROM_SCALE,"[[0.9999999982416595,1.5172075703801734e-05,5.732791084397509e-05,-5.235139361672883e-05],[-1.51816581327137e-05,0.9999999859144519,0.00016715445902978335,-0.00019475434272730926],[-5.732537395637341e-05,-0.00016715532906861274,0.9999999843864485,0.00017366196538390655],[0.0,0.0,0.0,1.0]]",0.05,0.0002661360566435166,0.0,0.0101621200685961,-5.235139361672883e-05,-0.00019475434272730926,0.00017366196538390655,0.9946772788671296,true,true,true,1.0,0.020630369787164534,15893,,49.97865899986209,0.19.0+b012259,
CP-W_TEST_01_Q06-W-50MM-NEG-PCL,W_TEST_01,Weak,W_TEST_01_Q06,pcl,/home/lj/zero_perturbation_runtime/real_data/mid360_two_scene_pilot_v1/canonical_sources/W_TEST_01_Q06/source_points.npy,34bd0bcc6413e190f860e363ca9cff4347da340df1b52f52805165380d34c714,da7b1d3f3090975b1c519b55ec6d35f6ca34840818f7930f202d29c2fa42b2e9,/home/lj/zero_perturbation_runtime/real_data/mid360_two_scene_pilot_v1/target_maps/W_TEST_01/target_points.npy,d4438aba190de47a85fb6188ddc3b39dbfd6e39d3fdb5fa264bf425912e6c02e,e94c88ddc68916220d35f10c3da8fbaa53e6de526a6a0afc3a91899d5ce7a66a,6a1ebdee6b34390f1430eab371e1c4108db1f124b59b7239d74785efa6474af9,0.08470199550491488,0.21854911727292758,0.6967488872221578,8.225885152631717,0.7220113122688737,weak,0.9999212363461232,0.002509246296796089,-0.012297348781852811,lambda_min,TARGET_FRAME,-1,0.05,-0.04999606181730616,-0.00012546231483980447,0.0006148674390926406,"[[1.0,0.0,0.0,0.0],[0.0,1.0,0.0,0.0],[0.0,0.0,1.0,0.0],[0.0,0.0,0.0,1.0]]","[[1.0,0.0,0.0,-0.04999606181730616],[0.0,1.0,0.0,-0.00012546231483980447],[0.0,0.0,1.0,0.0006148674390926406],[0.0,0.0,0.0,1.0]]",source/query_to_target/map,LEFT: T_initial=Delta_T@T_star,true,true,false,false,true,true,ASSUMED_METERS_FROM_SCALE,"[[1.0,4.0707371226744726e-05,-1.5631356291123666e-05,0.0002732946304604411],[-4.0704482671571895e-05,1.0,0.00018462922889739275,-0.0002217649744125083],[1.5638872355339117e-05,-0.00018462857406120747,1.0,0.00023531736223958433],[0.0,0.0,0.0,1.0]]",0.05,0.00042337208208157194,0.0,0.010869488048929881,0.0002732946304604411,-0.0002217649744125083,0.00023531736223958433,0.9915325583583685,true,true,true,0.00042607370138249707,,15893,8,1759.18075,1.15.1,
CP-W_TEST_01_Q06-S-10MM-POS-O3D,W_TEST_01,Weak,W_TEST_01_Q06,open3d,/home/lj/zero_perturbation_runtime/real_data/mid360_two_scene_pilot_v1/canonical_sources/W_TEST_01_Q06/source_points.npy,34bd0bcc6413e190f860e363ca9cff4347da340df1b52f52805165380d34c714,da7b1d3f3090975b1c519b55ec6d35f6ca34840818f7930f202d29c2fa42b2e9,/home/lj/zero_perturbation_runtime/real_data/mid360_two_scene_pilot_v1/target_maps/W_TEST_01/target_points.npy,d4438aba190de47a85fb6188ddc3b39dbfd6e39d3fdb5fa264bf425912e6c02e,e94c88ddc68916220d35f10c3da8fbaa53e6de526a6a0afc3a91899d5ce7a66a,6a1ebdee6b34390f1430eab371e1c4108db1f124b59b7239d74785efa6474af9,0.08470199550491488,0.21854911727292758,0.6967488872221578,8.225885152631717,0.7220113122688737,strong,-0.002887334392087367,0.9995206320699198,-0.030824817382372416,lambda_max,TARGET_FRAME,1,0.01,-2.887334392087367e-05,0.009995206320699198,-0.00030824817382372414,"[[1.0,0.0,0.0,0.0],[0.0,1.0,0.0,0.0],[0.0,0.0,1.0,0.0],[0.0,0.0,0.0,1.0]]","[[1.0,0.0,0.0,-2.887334392087367e-05],[0.0,1.0,0.0,0.009995206320699198],[0.0,0.0,1.0,-0.00030824817382372414],[0.0,0.0,0.0,1.0]]",source/query_to_target/map,LEFT: T_initial=Delta_T@T_star,true,true,false,false,true,true,ASSUMED_METERS_FROM_SCALE,"[[0.999999998240641,1.5166116173939172e-05,5.734724623372901e-05,-4.9871045519742703e-05],[-1.5175704391781622e-05,0.9999999859070882,0.0001671990462906583,-0.000195015453664713],[-5.73447096653791e-05,-0.00016719991628135164,0.999999984377886,0.0001736090097738629],[0.0,0.0,0.0,1.0]]",0.01,0.0002658161707344895,0.0,0.010164856593006259,-4.9871045519742703e-05,-0.000195015453664713,0.0001736090097738629,0.973418382926551,true,true,true,1.0,0.020630392157947753,15893,,34.686506999605626,0.19.0+b012259,
CP-W_TEST_01_Q06-S-10MM-POS-PCL,W_TEST_01,Weak,W_TEST_01_Q06,pcl,/home/lj/zero_perturbation_runtime/real_data/mid360_two_scene_pilot_v1/canonical_sources/W_TEST_01_Q06/source_points.npy,34bd0bcc6413e190f860e363ca9cff4347da340df1b52f52805165380d34c714,da7b1d3f3090975b1c519b55ec6d35f6ca34840818f7930f202d29c2fa42b2e9,/home/lj/zero_perturbation_runtime/real_data/mid360_two_scene_pilot_v1/target_maps/W_TEST_01/target_points.npy,d4438aba190de47a85fb6188ddc3b39dbfd6e39d3fdb5fa264bf425912e6c02e,e94c88ddc68916220d35f10c3da8fbaa53e6de526a6a0afc3a91899d5ce7a66a,6a1ebdee6b34390f1430eab371e1c4108db1f124b59b7239d74785efa6474af9,0.08470199550491488,0.21854911727292758,0.6967488872221578,8.225885152631717,0.7220113122688737,strong,-0.002887334392087367,0.9995206320699198,-0.030824817382372416,lambda_max,TARGET_FRAME,1,0.01,-2.887334392087367e-05,0.009995206320699198,-0.00030824817382372414,"[[1.0,0.0,0.0,0.0],[0.0,1.0,0.0,0.0],[0.0,0.0,1.0,0.0],[0.0,0.0,0.0,1.0]]","[[1.0,0.0,0.0,-2.887334392087367e-05],[0.0,1.0,0.0,0.009995206320699198],[0.0,0.0,1.0,-0.00030824817382372414],[0.0,0.0,0.0,1.0]]",source/query_to_target/map,LEFT: T_initial=Delta_T@T_star,true,true,false,false,true,true,ASSUMED_METERS_FROM_SCALE,"[[1.0,4.051581345265731e-05,-1.101772522815736e-05,0.00028082908829674125],[-4.051379073644057e-05,1.0,0.00018380013352725655,-0.00022204720880836248],[1.1025169442291372e-05,-0.00018379968241788447,1.0,0.00022829172667115927],[0.0,0.0,0.0,1.0]]",0.01,0.0004246022282556495,0.0,0.010802241655753728,0.00028082908829674125,-0.00022204720880836248,0.00022829172667115927,0.9575397771744351,true,true,true,0.0004260552418060414,,15893,5,1589.37959,1.15.1,
CP-W_TEST_01_Q06-S-10MM-NEG-O3D,W_TEST_01,Weak,W_TEST_01_Q06,open3d,/home/lj/zero_perturbation_runtime/real_data/mid360_two_scene_pilot_v1/canonical_sources/W_TEST_01_Q06/source_points.npy,34bd0bcc6413e190f860e363ca9cff4347da340df1b52f52805165380d34c714,da7b1d3f3090975b1c519b55ec6d35f6ca34840818f7930f202d29c2fa42b2e9,/home/lj/zero_perturbation_runtime/real_data/mid360_two_scene_pilot_v1/target_maps/W_TEST_01/target_points.npy,d4438aba190de47a85fb6188ddc3b39dbfd6e39d3fdb5fa264bf425912e6c02e,e94c88ddc68916220d35f10c3da8fbaa53e6de526a6a0afc3a91899d5ce7a66a,6a1ebdee6b34390f1430eab371e1c4108db1f124b59b7239d74785efa6474af9,0.08470199550491488,0.21854911727292758,0.6967488872221578,8.225885152631717,0.7220113122688737,strong,-0.002887334392087367,0.9995206320699198,-0.030824817382372416,lambda_max,TARGET_FRAME,-1,0.01,2.887334392087367e-05,-0.009995206320699198,0.00030824817382372414,"[[1.0,0.0,0.0,0.0],[0.0,1.0,0.0,0.0],[0.0,0.0,1.0,0.0],[0.0,0.0,0.0,1.0]]","[[1.0,0.0,0.0,2.887334392087367e-05],[0.0,1.0,0.0,-0.009995206320699198],[0.0,0.0,1.0,0.00030824817382372414],[0.0,0.0,0.0,1.0]]",source/query_to_target/map,LEFT: T_initial=Delta_T@T_star,true,true,false,false,true,true,ASSUMED_METERS_FROM_SCALE,"[[0.9999999982406411,1.5166116165230477e-05,5.734724622811748e-05,-4.987104551717845e-05],[-1.5175704383064042e-05,0.9999999859070884,0.00016719904615214836,-0.0001950154535488971],[-5.7344709659771145e-05,-0.00016719991614284123,0.9999999843778862,0.0001736090097961062],[0.0,0.0,0.0,1.0]]",0.01,0.00026581617066356785,0.0,0.01016485658538691,-4.987104551717845e-05,-0.0001950154535488971,0.0001736090097961062,0.9734183829336432,true,true,true,1.0,0.020630392157946625,15893,,49.846052000248164,0.19.0+b012259,
CP-W_TEST_01_Q06-S-10MM-NEG-PCL,W_TEST_01,Weak,W_TEST_01_Q06,pcl,/home/lj/zero_perturbation_runtime/real_data/mid360_two_scene_pilot_v1/canonical_sources/W_TEST_01_Q06/source_points.npy,34bd0bcc6413e190f860e363ca9cff4347da340df1b52f52805165380d34c714,da7b1d3f3090975b1c519b55ec6d35f6ca34840818f7930f202d29c2fa42b2e9,/home/lj/zero_perturbation_runtime/real_data/mid360_two_scene_pilot_v1/target_maps/W_TEST_01/target_points.npy,d4438aba190de47a85fb6188ddc3b39dbfd6e39d3fdb5fa264bf425912e6c02e,e94c88ddc68916220d35f10c3da8fbaa53e6de526a6a0afc3a91899d5ce7a66a,6a1ebdee6b34390f1430eab371e1c4108db1f124b59b7239d74785efa6474af9,0.08470199550491488,0.21854911727292758,0.6967488872221578,8.225885152631717,0.7220113122688737,strong,-0.002887334392087367,0.9995206320699198,-0.030824817382372416,lambda_max,TARGET_FRAME,-1,0.01,2.887334392087367e-05,-0.009995206320699198,0.00030824817382372414,"[[1.0,0.0,0.0,0.0],[0.0,1.0,0.0,0.0],[0.0,0.0,1.0,0.0],[0.0,0.0,0.0,1.0]]","[[1.0,0.0,0.0,2.887334392087367e-05],[0.0,1.0,0.0,-0.009995206320699198],[0.0,0.0,1.0,0.00030824817382372414],[0.0,0.0,0.0,1.0]]",source/query_to_target/map,LEFT: T_initial=Delta_T@T_star,true,true,false,false,true,true,ASSUMED_METERS_FROM_SCALE,"[[1.0,4.0706770960241556e-05,-1.563391742820386e-05,0.00027333584148436785],[-4.070388604304753e-05,0.9999999403953552,0.0001846227387432009,-0.00022168349823914468],[1.5641431673429906e-05,-0.00018462208390701562,0.9999999403953552,0.00023553006758447737],[0.0,0.0,0.0,1.0]]",0.01,0.00042347428300649,0.0,0.010869131511705342,0.00027333584148436785,-0.00022168349823914468,0.00023553006758447737,0.957652571699351,true,true,true,0.00042607373260307696,,15893,7,1265.392728,1.15.1,
CP-W_TEST_01_Q06-S-30MM-POS-O3D,W_TEST_01,Weak,W_TEST_01_Q06,open3d,/home/lj/zero_perturbation_runtime/real_data/mid360_two_scene_pilot_v1/canonical_sources/W_TEST_01_Q06/source_points.npy,34bd0bcc6413e190f860e363ca9cff4347da340df1b52f52805165380d34c714,da7b1d3f3090975b1c519b55ec6d35f6ca34840818f7930f202d29c2fa42b2e9,/home/lj/zero_perturbation_runtime/real_data/mid360_two_scene_pilot_v1/target_maps/W_TEST_01/target_points.npy,d4438aba190de47a85fb6188ddc3b39dbfd6e39d3fdb5fa264bf425912e6c02e,e94c88ddc68916220d35f10c3da8fbaa53e6de526a6a0afc3a91899d5ce7a66a,6a1ebdee6b34390f1430eab371e1c4108db1f124b59b7239d74785efa6474af9,0.08470199550491488,0.21854911727292758,0.6967488872221578,8.225885152631717,0.7220113122688737,strong,-0.002887334392087367,0.9995206320699198,-0.030824817382372416,lambda_max,TARGET_FRAME,1,0.03,-8.662003176262101e-05,0.029985618962097595,-0.0009247445214711725,"[[1.0,0.0,0.0,0.0],[0.0,1.0,0.0,0.0],[0.0,0.0,1.0,0.0],[0.0,0.0,0.0,1.0]]","[[1.0,0.0,0.0,-8.662003176262101e-05],[0.0,1.0,0.0,0.029985618962097595],[0.0,0.0,1.0,-0.0009247445214711725],[0.0,0.0,0.0,1.0]]",source/query_to_target/map,LEFT: T_initial=Delta_T@T_star,true,true,false,false,true,true,ASSUMED_METERS_FROM_SCALE,"[[0.9999999982406401,1.5166184674484132e-05,5.734724524525681e-05,-4.987104673443487e-05],[-1.5175772892413342e-05,0.9999999859070867,0.00016719905070101555,-0.00019501546323018922],[-5.734470866538674e-05,-0.0001671999206956221,0.9999999843778854,0.00017360900845776454],[0.0,0.0,0.0,1.0]]",0.030000000000000006,0.0002658161771205086,0.0,0.010164857148481983,-4.987104673443487e-05,-0.00019501546323018922,0.00017360900845776454,0.9911394607626497,true,true,true,1.0,0.020630392158380386,15893,,39.558260999911,0.19.0+b012259,
CP-W_TEST_01_Q06-S-30MM-POS-PCL,W_TEST_01,Weak,W_TEST_01_Q06,pcl,/home/lj/zero_perturbation_runtime/real_data/mid360_two_scene_pilot_v1/canonical_sources/W_TEST_01_Q06/source_points.npy,34bd0bcc6413e190f860e363ca9cff4347da340df1b52f52805165380d34c714,da7b1d3f3090975b1c519b55ec6d35f6ca34840818f7930f202d29c2fa42b2e9,/home/lj/zero_perturbation_runtime/real_data/mid360_two_scene_pilot_v1/target_maps/W_TEST_01/target_points.npy,d4438aba190de47a85fb6188ddc3b39dbfd6e39d3fdb5fa264bf425912e6c02e,e94c88ddc68916220d35f10c3da8fbaa53e6de526a6a0afc3a91899d5ce7a66a,6a1ebdee6b34390f1430eab371e1c4108db1f124b59b7239d74785efa6474af9,0.08470199550491488,0.21854911727292758,0.6967488872221578,8.225885152631717,0.7220113122688737,strong,-0.002887334392087367,0.9995206320699198,-0.030824817382372416,lambda_max,TARGET_FRAME,1,0.03,-8.662003176262101e-05,0.029985618962097595,-0.0009247445214711725,"[[1.0,0.0,0.0,0.0],[0.0,1.0,0.0,0.0],[0.0,0.0,1.0,0.0],[0.0,0.0,0.0,1.0]]","[[1.0,0.0,0.0,-8.662003176262101e-05],[0.0,1.0,0.0,0.029985618962097595],[0.0,0.0,1.0,-0.0009247445214711725],[0.0,0.0,0.0,1.0]]",source/query_to_target/map,LEFT: T_initial=Delta_T@T_star,true,true,false,false,true,true,ASSUMED_METERS_FROM_SCALE,"[[1.0,4.2683597712311894e-05,-1.6025594959501177e-05,0.0002824376570060849],[-4.268068369128741e-05,1.0,0.0001834317808970809,-0.0002195071429014206],[1.6033416613936424e-05,-0.0001834310678532347,1.0,0.00023488041188102216],[0.0,0.0,0.0,1.0]]",0.030000000000000006,0.00042792899383569484,0.0,0.010829629392820356,0.0002824376570060849,-0.0002195071429014206,0.00023488041188102216,0.9857357002054769,true,true,true,0.0004260811525433418,,15893,8,1306.353365,1.15.1,
CP-W_TEST_01_Q06-S-30MM-NEG-O3D,W_TEST_01,Weak,W_TEST_01_Q06,open3d,/home/lj/zero_perturbation_runtime/real_data/mid360_two_scene_pilot_v1/canonical_sources/W_TEST_01_Q06/source_points.npy,34bd0bcc6413e190f860e363ca9cff4347da340df1b52f52805165380d34c714,da7b1d3f3090975b1c519b55ec6d35f6ca34840818f7930f202d29c2fa42b2e9,/home/lj/zero_perturbation_runtime/real_data/mid360_two_scene_pilot_v1/target_maps/W_TEST_01/target_points.npy,d4438aba190de47a85fb6188ddc3b39dbfd6e39d3fdb5fa264bf425912e6c02e,e94c88ddc68916220d35f10c3da8fbaa53e6de526a6a0afc3a91899d5ce7a66a,6a1ebdee6b34390f1430eab371e1c4108db1f124b59b7239d74785efa6474af9,0.08470199550491488,0.21854911727292758,0.6967488872221578,8.225885152631717,0.7220113122688737,strong,-0.002887334392087367,0.9995206320699198,-0.030824817382372416,lambda_max,TARGET_FRAME,-1,0.03,8.662003176262101e-05,-0.029985618962097595,0.0009247445214711725,"[[1.0,0.0,0.0,0.0],[0.0,1.0,0.0,0.0],[0.0,0.0,1.0,0.0],[0.0,0.0,0.0,1.0]]","[[1.0,0.0,0.0,8.662003176262101e-05],[0.0,1.0,0.0,-0.029985618962097595],[0.0,0.0,1.0,0.0009247445214711725],[0.0,0.0,0.0,1.0]]",source/query_to_target/map,LEFT: T_initial=Delta_T@T_star,true,true,false,false,true,true,ASSUMED_METERS_FROM_SCALE,"[[0.9999999982406416,1.5166114821917135e-05,5.734723893901924e-05,-4.987104313239837e-05],[-1.5175703038221982e-05,0.9999999859070892,0.00016719904074581087,-0.00019501544893701223],[-5.734470237097965e-05,-0.000167199910736316,0.9999999843778873,0.0001736090101614511],[0.0,0.0,0.0,1.0]]",0.030000000000000006,0.0002658161670712615,0.0,0.010164856151866918,-4.987104313239837e-05,-0.00019501544893701223,0.0001736090101614511,0.9911394610976246,true,true,true,1.0,0.020630392158587134,15893,,46.113752000565,0.19.0+b012259,
CP-W_TEST_01_Q06-S-30MM-NEG-PCL,W_TEST_01,Weak,W_TEST_01_Q06,pcl,/home/lj/zero_perturbation_runtime/real_data/mid360_two_scene_pilot_v1/canonical_sources/W_TEST_01_Q06/source_points.npy,34bd0bcc6413e190f860e363ca9cff4347da340df1b52f52805165380d34c714,da7b1d3f3090975b1c519b55ec6d35f6ca34840818f7930f202d29c2fa42b2e9,/home/lj/zero_perturbation_runtime/real_data/mid360_two_scene_pilot_v1/target_maps/W_TEST_01/target_points.npy,d4438aba190de47a85fb6188ddc3b39dbfd6e39d3fdb5fa264bf425912e6c02e,e94c88ddc68916220d35f10c3da8fbaa53e6de526a6a0afc3a91899d5ce7a66a,6a1ebdee6b34390f1430eab371e1c4108db1f124b59b7239d74785efa6474af9,0.08470199550491488,0.21854911727292758,0.6967488872221578,8.225885152631717,0.7220113122688737,strong,-0.002887334392087367,0.9995206320699198,-0.030824817382372416,lambda_max,TARGET_FRAME,-1,0.03,8.662003176262101e-05,-0.029985618962097595,0.0009247445214711725,"[[1.0,0.0,0.0,0.0],[0.0,1.0,0.0,0.0],[0.0,0.0,1.0,0.0],[0.0,0.0,0.0,1.0]]","[[1.0,0.0,0.0,8.662003176262101e-05],[0.0,1.0,0.0,-0.029985618962097595],[0.0,0.0,1.0,0.0009247445214711725],[0.0,0.0,0.0,1.0]]",source/query_to_target/map,LEFT: T_initial=Delta_T@T_star,true,true,false,false,true,true,ASSUMED_METERS_FROM_SCALE,"[[1.0,4.2683896026574075e-05,-1.6023805073928088e-05,0.000282303080894053],[-4.268095290171914e-05,1.0,0.00018343230476602912,-0.00021945242770016193],[1.603163946128916e-05,-0.00018343163537792861,1.0,0.00023500721727032214],[0.0,0.0,0.0,1.0]]",0.030000000000000006,0.00042788174730281427,0.0,0.010829654741432054,0.000282303080894053,-0.00021945242770016193,0.00023500721727032214,0.9857372750899062,true,true,true,0.00042608112614393365,,15893,7,1635.497769,1.15.1,
CP-W_TEST_01_Q06-S-50MM-POS-O3D,W_TEST_01,Weak,W_TEST_01_Q06,open3d,/home/lj/zero_perturbation_runtime/real_data/mid360_two_scene_pilot_v1/canonical_sources/W_TEST_01_Q06/source_points.npy,34bd0bcc6413e190f860e363ca9cff4347da340df1b52f52805165380d34c714,da7b1d3f3090975b1c519b55ec6d35f6ca34840818f7930f202d29c2fa42b2e9,/home/lj/zero_perturbation_runtime/real_data/mid360_two_scene_pilot_v1/target_maps/W_TEST_01/target_points.npy,d4438aba190de47a85fb6188ddc3b39dbfd6e39d3fdb5fa264bf425912e6c02e,e94c88ddc68916220d35f10c3da8fbaa53e6de526a6a0afc3a91899d5ce7a66a,6a1ebdee6b34390f1430eab371e1c4108db1f124b59b7239d74785efa6474af9,0.08470199550491488,0.21854911727292758,0.6967488872221578,8.225885152631717,0.7220113122688737,strong,-0.002887334392087367,0.9995206320699198,-0.030824817382372416,lambda_max,TARGET_FRAME,1,0.05,-0.00014436671960436836,0.04997603160349599,-0.001541240869118621,"[[1.0,0.0,0.0,0.0],[0.0,1.0,0.0,0.0],[0.0,0.0,1.0,0.0],[0.0,0.0,0.0,1.0]]","[[1.0,0.0,0.0,-0.00014436671960436836],[0.0,1.0,0.0,0.04997603160349599],[0.0,0.0,1.0,-0.001541240869118621],[0.0,0.0,0.0,1.0]]",source/query_to_target/map,LEFT: T_initial=Delta_T@T_star,true,true,false,false,true,true,ASSUMED_METERS_FROM_SCALE,"[[0.9999999982406399,1.516618467437445e-05,5.7347245245422574e-05,-4.987104673510595e-05],[-1.5175772892302128e-05,0.9999999859070863,0.00016719905067359123,-0.00019501546320809215],[-5.734470866555293e-05,-0.00016719992066819734,0.9999999843778853,0.00017360900846185467],[0.0,0.0,0.0,1.0]]",0.05000000000000002,0.0002658161771070944,0.0,0.010164857147003752,-4.987104673510595e-05,-0.00019501546320809215,0.00017360900846185467,0.9946836764578582,true,true,true,1.0,0.02063039215838004,15893,,48.86864099989907,0.19.0+b012259,
CP-W_TEST_01_Q06-S-50MM-POS-PCL,W_TEST_01,Weak,W_TEST_01_Q06,pcl,/home/lj/zero_perturbation_runtime/real_data/mid360_two_scene_pilot_v1/canonical_sources/W_TEST_01_Q06/source_points.npy,34bd0bcc6413e190f860e363ca9cff4347da340df1b52f52805165380d34c714,da7b1d3f3090975b1c519b55ec6d35f6ca34840818f7930f202d29c2fa42b2e9,/home/lj/zero_perturbation_runtime/real_data/mid360_two_scene_pilot_v1/target_maps/W_TEST_01/target_points.npy,d4438aba190de47a85fb6188ddc3b39dbfd6e39d3fdb5fa264bf425912e6c02e,e94c88ddc68916220d35f10c3da8fbaa53e6de526a6a0afc3a91899d5ce7a66a,6a1ebdee6b34390f1430eab371e1c4108db1f124b59b7239d74785efa6474af9,0.08470199550491488,0.21854911727292758,0.6967488872221578,8.225885152631717,0.7220113122688737,strong,-0.002887334392087367,0.9995206320699198,-0.030824817382372416,lambda_max,TARGET_FRAME,1,0.05,-0.00014436671960436836,0.04997603160349599,-0.001541240869118621,"[[1.0,0.0,0.0,0.0],[0.0,1.0,0.0,0.0],[0.0,0.0,1.0,0.0],[0.0,0.0,0.0,1.0]]","[[1.0,0.0,0.0,-0.00014436671960436836],[0.0,1.0,0.0,0.04997603160349599],[0.0,0.0,1.0,-0.001541240869118621],[0.0,0.0,0.0,1.0]]",source/query_to_target/map,LEFT: T_initial=Delta_T@T_star,true,true,false,false,true,true,ASSUMED_METERS_FROM_SCALE,"[[1.0,4.0992614231072366e-05,-1.4841504707874265e-05,0.0002864296257030219],[-4.098986755707301e-05,0.9999999403953552,0.0001839547185227275,-0.00022211071336641908],[1.4849045328446664e-05,-0.00018395418010186404,0.9999999403953552,0.0002355894393986091],[0.0,0.0,0.0,1.0]]",0.05000000000000002,0.00043229328404297896,0.0,0.010831767768940967,0.0002864296257030219,-0.00022211071336641908,0.0002355894393986091,0.9913541343191404,true,true,true,0.00042607516842944936,,15893,6,1269.860928,1.15.1,
CP-W_TEST_01_Q06-S-50MM-NEG-O3D,W_TEST_01,Weak,W_TEST_01_Q06,open3d,/home/lj/zero_perturbation_runtime/real_data/mid360_two_scene_pilot_v1/canonical_sources/W_TEST_01_Q06/source_points.npy,34bd0bcc6413e190f860e363ca9cff4347da340df1b52f52805165380d34c714,da7b1d3f3090975b1c519b55ec6d35f6ca34840818f7930f202d29c2fa42b2e9,/home/lj/zero_perturbation_runtime/real_data/mid360_two_scene_pilot_v1/target_maps/W_TEST_01/target_points.npy,d4438aba190de47a85fb6188ddc3b39dbfd6e39d3fdb5fa264bf425912e6c02e,e94c88ddc68916220d35f10c3da8fbaa53e6de526a6a0afc3a91899d5ce7a66a,6a1ebdee6b34390f1430eab371e1c4108db1f124b59b7239d74785efa6474af9,0.08470199550491488,0.21854911727292758,0.6967488872221578,8.225885152631717,0.7220113122688737,strong,-0.002887334392087367,0.9995206320699198,-0.030824817382372416,lambda_max,TARGET_FRAME,-1,0.05,0.00014436671960436836,-0.04997603160349599,0.001541240869118621,"[[1.0,0.0,0.0,0.0],[0.0,1.0,0.0,0.0],[0.0,0.0,1.0,0.0],[0.0,0.0,0.0,1.0]]","[[1.0,0.0,0.0,0.00014436671960436836],[0.0,1.0,0.0,-0.04997603160349599],[0.0,0.0,1.0,0.001541240869118621],[0.0,0.0,0.0,1.0]]",source/query_to_target/map,LEFT: T_initial=Delta_T@T_star,true,true,false,false,true,true,ASSUMED_METERS_FROM_SCALE,"[[0.9999999982406408,1.5166121620412448e-05,5.734724629287492e-05,-4.9871045692723325e-05],[-1.517570983839518e-05,0.9999999859070879,0.00016719904856596975,-0.00019501545603084223],[-5.734470972357988e-05,-0.0001671999185569765,0.9999999843778857,0.00017360900936887771],[0.0,0.0,0.0,1.0]]",0.05000000000000002,0.0002658161722383462,0.0,0.010164856743647508,-4.9871045692723325e-05,-0.00019501545603084223,0.00017360900936887771,0.994683676555233,true,true,true,1.0,0.02063039215799159,15893,,38.22938800021802,0.19.0+b012259,
CP-W_TEST_01_Q06-S-50MM-NEG-PCL,W_TEST_01,Weak,W_TEST_01_Q06,pcl,/home/lj/zero_perturbation_runtime/real_data/mid360_two_scene_pilot_v1/canonical_sources/W_TEST_01_Q06/source_points.npy,34bd0bcc6413e190f860e363ca9cff4347da340df1b52f52805165380d34c714,da7b1d3f3090975b1c519b55ec6d35f6ca34840818f7930f202d29c2fa42b2e9,/home/lj/zero_perturbation_runtime/real_data/mid360_two_scene_pilot_v1/target_maps/W_TEST_01/target_points.npy,d4438aba190de47a85fb6188ddc3b39dbfd6e39d3fdb5fa264bf425912e6c02e,e94c88ddc68916220d35f10c3da8fbaa53e6de526a6a0afc3a91899d5ce7a66a,6a1ebdee6b34390f1430eab371e1c4108db1f124b59b7239d74785efa6474af9,0.08470199550491488,0.21854911727292758,0.6967488872221578,8.225885152631717,0.7220113122688737,strong,-0.002887334392087367,0.9995206320699198,-0.030824817382372416,lambda_max,TARGET_FRAME,-1,0.05,0.00014436671960436836,-0.04997603160349599,0.001541240869118621,"[[1.0,0.0,0.0,0.0],[0.0,1.0,0.0,0.0],[0.0,0.0,1.0,0.0],[0.0,0.0,0.0,1.0]]","[[1.0,0.0,0.0,0.00014436671960436836],[0.0,1.0,0.0,-0.04997603160349599],[0.0,0.0,1.0,0.001541240869118621],[0.0,0.0,0.0,1.0]]",source/query_to_target/map,LEFT: T_initial=Delta_T@T_star,true,true,false,false,true,true,ASSUMED_METERS_FROM_SCALE,"[[1.0,4.2726602259790525e-05,-1.5971205357345752e-05,0.00028213413315825164],[-4.272367732482962e-05,0.9999999403953552,0.00018306409765500575,-0.00022012516274116933],[1.597903246874921e-05,-0.00018306342826690525,0.9999999403953552,0.00023473709006793797],[0.0,0.0,0.0,1.0]]",0.05000000000000002,0.00042796758968214823,0.0,0.010809481143234339,0.00028213413315825164,-0.00022012516274116933,0.00023473709006793797,0.991440648206357,true,true,true,0.00042608039057095504,,15893,6,1267.532631,1.15.1,
CP-W_TEST_01_Q07-W-10MM-POS-O3D,W_TEST_01,Weak,W_TEST_01_Q07,open3d,/home/lj/zero_perturbation_runtime/real_data/mid360_two_scene_pilot_v1/canonical_sources/W_TEST_01_Q07/source_points.npy,f61cad3e066c85f4b6a6cd90b468a016e0e47ed71899268024284e0a1b48b0b5,2c2b8ab5601d4c5c9e27ed45d140de7061c27ed6cd94cb0eaca6013ea1be6af5,/home/lj/zero_perturbation_runtime/real_data/mid360_two_scene_pilot_v1/target_maps/W_TEST_01/target_points.npy,d4438aba190de47a85fb6188ddc3b39dbfd6e39d3fdb5fa264bf425912e6c02e,e94c88ddc68916220d35f10c3da8fbaa53e6de526a6a0afc3a91899d5ce7a66a,6a1ebdee6b34390f1430eab371e1c4108db1f124b59b7239d74785efa6474af9,0.08327709395100334,0.22624223969122748,0.6904806663577698,8.291363610310645,0.727238512578144,weak,0.9998660890291479,0.004568058385287797,-0.015714224516175265,lambda_min,TARGET_FRAME,1,0.01,0.009998660890291479,4.5680583852877974e-05,-0.00015714224516175264,"[[1.0,0.0,0.0,0.0],[0.0,1.0,0.0,0.0],[0.0,0.0,1.0,0.0],[0.0,0.0,0.0,1.0]]","[[1.0,0.0,0.0,0.009998660890291479],[0.0,1.0,0.0,4.5680583852877974e-05],[0.0,0.0,1.0,-0.00015714224516175264],[0.0,0.0,0.0,1.0]]",source/query_to_target/map,LEFT: T_initial=Delta_T@T_star,true,true,false,false,true,true,ASSUMED_METERS_FROM_SCALE,"[[0.9999999987667001,-4.72777935791118e-05,-1.521217632682222e-05,0.0005996930252886685],[4.7277304237205695e-05,0.9999999983650855,-3.2166529465190044e-05,0.00012272951081521708],[1.5213697064491815e-05,3.2165810234830754e-05,0.999999999366952,0.00022078068787981247],[0.0,0.0,0.0,1.0]]",0.01,0.0006507214223809611,0.0,0.0033902753526703204,0.0005996930252886685,0.00012272951081521708,0.00022078068787981247,0.9349278577619039,true,true,true,1.0,0.020631422073740482,15905,,39.19821799991041,0.19.0+b012259,
CP-W_TEST_01_Q07-W-10MM-POS-PCL,W_TEST_01,Weak,W_TEST_01_Q07,pcl,/home/lj/zero_perturbation_runtime/real_data/mid360_two_scene_pilot_v1/canonical_sources/W_TEST_01_Q07/source_points.npy,f61cad3e066c85f4b6a6cd90b468a016e0e47ed71899268024284e0a1b48b0b5,2c2b8ab5601d4c5c9e27ed45d140de7061c27ed6cd94cb0eaca6013ea1be6af5,/home/lj/zero_perturbation_runtime/real_data/mid360_two_scene_pilot_v1/target_maps/W_TEST_01/target_points.npy,d4438aba190de47a85fb6188ddc3b39dbfd6e39d3fdb5fa264bf425912e6c02e,e94c88ddc68916220d35f10c3da8fbaa53e6de526a6a0afc3a91899d5ce7a66a,6a1ebdee6b34390f1430eab371e1c4108db1f124b59b7239d74785efa6474af9,0.08327709395100334,0.22624223969122748,0.6904806663577698,8.291363610310645,0.727238512578144,weak,0.9998660890291479,0.004568058385287797,-0.015714224516175265,lambda_min,TARGET_FRAME,1,0.01,0.009998660890291479,4.5680583852877974e-05,-0.00015714224516175264,"[[1.0,0.0,0.0,0.0],[0.0,1.0,0.0,0.0],[0.0,0.0,1.0,0.0],[0.0,0.0,0.0,1.0]]","[[1.0,0.0,0.0,0.009998660890291479],[0.0,1.0,0.0,4.5680583852877974e-05],[0.0,0.0,1.0,-0.00015714224516175264],[0.0,0.0,0.0,1.0]]",source/query_to_target/map,LEFT: T_initial=Delta_T@T_star,true,true,false,false,true,true,ASSUMED_METERS_FROM_SCALE,"[[1.0,-4.4034091843059286e-05,2.686563675524667e-05,0.00046947289956733584],[4.4035430619260296e-05,1.0,-5.007263825973496e-05,0.00014855041808914393],[-2.6863430321100168e-05,5.007381332688965e-05,1.0,0.00021773633488919586],[0.0,0.0,0.0,1.0]]",0.01,0.0005384061122179069,0.0,0.004118961386795155,0.00046947289956733584,0.00014855041808914393,0.00021773633488919586,0.9461593887782093,true,true,true,0.0004257296314519891,,15905,8,1759.373166,1.15.1,
CP-W_TEST_01_Q07-W-10MM-NEG-O3D,W_TEST_01,Weak,W_TEST_01_Q07,open3d,/home/lj/zero_perturbation_runtime/real_data/mid360_two_scene_pilot_v1/canonical_sources/W_TEST_01_Q07/source_points.npy,f61cad3e066c85f4b6a6cd90b468a016e0e47ed71899268024284e0a1b48b0b5,2c2b8ab5601d4c5c9e27ed45d140de7061c27ed6cd94cb0eaca6013ea1be6af5,/home/lj/zero_perturbation_runtime/real_data/mid360_two_scene_pilot_v1/target_maps/W_TEST_01/target_points.npy,d4438aba190de47a85fb6188ddc3b39dbfd6e39d3fdb5fa264bf425912e6c02e,e94c88ddc68916220d35f10c3da8fbaa53e6de526a6a0afc3a91899d5ce7a66a,6a1ebdee6b34390f1430eab371e1c4108db1f124b59b7239d74785efa6474af9,0.08327709395100334,0.22624223969122748,0.6904806663577698,8.291363610310645,0.727238512578144,weak,0.9998660890291479,0.004568058385287797,-0.015714224516175265,lambda_min,TARGET_FRAME,-1,0.01,-0.009998660890291479,-4.5680583852877974e-05,0.00015714224516175264,"[[1.0,0.0,0.0,0.0],[0.0,1.0,0.0,0.0],[0.0,0.0,1.0,0.0],[0.0,0.0,0.0,1.0]]","[[1.0,0.0,0.0,-0.009998660890291479],[0.0,1.0,0.0,-4.5680583852877974e-05],[0.0,0.0,1.0,0.00015714224516175264],[0.0,0.0,0.0,1.0]]",source/query_to_target/map,LEFT: T_initial=Delta_T@T_star,true,true,false,false,true,true,ASSUMED_METERS_FROM_SCALE,"[[0.9999999987718529,-4.7163568729564456e-05,-1.5228016236787033e-05,0.0005996616021967243],[4.716306860401243e-05,0.9999999983485519,-3.2841151417869216e-05,0.000122750091343005],[1.5229565117540812e-05,3.284043317756095e-05,0.9999999993447829,0.0002208755676958798],[0.0,0.0,0.0,1.0]]",0.01,0.000650728544386087,0.0,0.003406479764053416,0.0005996616021967243,0.000122750091343005,0.0002208755676958798,0.9349271455613913,true,true,true,1.0,0.02063142349630219,15905,,40.24370299975999,0.19.0+b012259,
CP-W_TEST_01_Q07-W-10MM-NEG-PCL,W_TEST_01,Weak,W_TEST_01_Q07,pcl,/home/lj/zero_perturbation_runtime/real_data/mid360_two_scene_pilot_v1/canonical_sources/W_TEST_01_Q07/source_points.npy,f61cad3e066c85f4b6a6cd90b468a016e0e47ed71899268024284e0a1b48b0b5,2c2b8ab5601d4c5c9e27ed45d140de7061c27ed6cd94cb0eaca6013ea1be6af5,/home/lj/zero_perturbation_runtime/real_data/mid360_two_scene_pilot_v1/target_maps/W_TEST_01/target_points.npy,d4438aba190de47a85fb6188ddc3b39dbfd6e39d3fdb5fa264bf425912e6c02e,e94c88ddc68916220d35f10c3da8fbaa53e6de526a6a0afc3a91899d5ce7a66a,6a1ebdee6b34390f1430eab371e1c4108db1f124b59b7239d74785efa6474af9,0.08327709395100334,0.22624223969122748,0.6904806663577698,8.291363610310645,0.727238512578144,weak,0.9998660890291479,0.004568058385287797,-0.015714224516175265,lambda_min,TARGET_FRAME,-1,0.01,-0.009998660890291479,-4.5680583852877974e-05,0.00015714224516175264,"[[1.0,0.0,0.0,0.0],[0.0,1.0,0.0,0.0],[0.0,0.0,1.0,0.0],[0.0,0.0,0.0,1.0]]","[[1.0,0.0,0.0,-0.009998660890291479],[0.0,1.0,0.0,-4.5680583852877974e-05],[0.0,0.0,1.0,0.00015714224516175264],[0.0,0.0,0.0,1.0]]",source/query_to_target/map,LEFT: T_initial=Delta_T@T_star,true,true,false,false,true,true,ASSUMED_METERS_FROM_SCALE,"[[1.0,-4.3996114982292056e-05,2.6459021682967432e-05,0.0004155425413046032],[4.3997530156048015e-05,1.0,-5.3883450163993984e-05,0.00015386193990707397],[-2.6456653358764015e-05,5.3884614317212254e-05,1.0,0.000228502947720699],[0.0,0.0,0.0,1.0]]",0.01,0.0004985606255039646,0.0,0.004264294533405392,0.0004155425413046032,0.00015386193990707397,0.000228502947720699,0.9501439374496036,true,true,true,0.000425728758402414,,15905,6,1275.606484,1.15.1,
CP-W_TEST_01_Q07-W-30MM-POS-O3D,W_TEST_01,Weak,W_TEST_01_Q07,open3d,/home/lj/zero_perturbation_runtime/real_data/mid360_two_scene_pilot_v1/canonical_sources/W_TEST_01_Q07/source_points.npy,f61cad3e066c85f4b6a6cd90b468a016e0e47ed71899268024284e0a1b48b0b5,2c2b8ab5601d4c5c9e27ed45d140de7061c27ed6cd94cb0eaca6013ea1be6af5,/home/lj/zero_perturbation_runtime/real_data/mid360_two_scene_pilot_v1/target_maps/W_TEST_01/target_points.npy,d4438aba190de47a85fb6188ddc3b39dbfd6e39d3fdb5fa264bf425912e6c02e,e94c88ddc68916220d35f10c3da8fbaa53e6de526a6a0afc3a91899d5ce7a66a,6a1ebdee6b34390f1430eab371e1c4108db1f124b59b7239d74785efa6474af9,0.08327709395100334,0.22624223969122748,0.6904806663577698,8.291363610310645,0.727238512578144,weak,0.9998660890291479,0.004568058385287797,-0.015714224516175265,lambda_min,TARGET_FRAME,1,0.03,0.029995982670874433,0.00013704175155863392,-0.0004714267354852579,"[[1.0,0.0,0.0,0.0],[0.0,1.0,0.0,0.0],[0.0,0.0,1.0,0.0],[0.0,0.0,0.0,1.0]]","[[1.0,0.0,0.0,0.029995982670874433],[0.0,1.0,0.0,0.00013704175155863392],[0.0,0.0,1.0,-0.0004714267354852579],[0.0,0.0,0.0,1.0]]",source/query_to_target/map,LEFT: T_initial=Delta_T@T_star,true,true,false,false,true,true,ASSUMED_METERS_FROM_SCALE,"[[0.9999999987718527,-4.7163568729543e-05,-1.5228016236788055e-05,0.000599661602196409],[4.716306860399097e-05,0.9999999983485516,-3.2841151417869555e-05,0.00012275009134284052],[1.5229565117541822e-05,3.284043317756131e-05,0.9999999993447833,0.00022087556769596762],[0.0,0.0,0.0,1.0]]",0.03,0.0006507285443857953,0.0,0.003406479764055751,0.000599661602196409,0.00012275009134284052,0.00022087556769596762,0.9783090485204735,true,true,true,1.0,0.02063142349630216,15905,,38.9900359996318,0.19.0+b012259,
CP-W_TEST_01_Q07-W-30MM-POS-PCL,W_TEST_01,Weak,W_TEST_01_Q07,pcl,/home/lj/zero_perturbation_runtime/real_data/mid360_two_scene_pilot_v1/canonical_sources/W_TEST_01_Q07/source_points.npy,f61cad3e066c85f4b6a6cd90b468a016e0e47ed71899268024284e0a1b48b0b5,2c2b8ab5601d4c5c9e27ed45d140de7061c27ed6cd94cb0eaca6013ea1be6af5,/home/lj/zero_perturbation_runtime/real_data/mid360_two_scene_pilot_v1/target_maps/W_TEST_01/target_points.npy,d4438aba190de47a85fb6188ddc3b39dbfd6e39d3fdb5fa264bf425912e6c02e,e94c88ddc68916220d35f10c3da8fbaa53e6de526a6a0afc3a91899d5ce7a66a,6a1ebdee6b34390f1430eab371e1c4108db1f124b59b7239d74785efa6474af9,0.08327709395100334,0.22624223969122748,0.6904806663577698,8.291363610310645,0.727238512578144,weak,0.9998660890291479,0.004568058385287797,-0.015714224516175265,lambda_min,TARGET_FRAME,1,0.03,0.029995982670874433,0.00013704175155863392,-0.0004714267354852579,"[[1.0,0.0,0.0,0.0],[0.0,1.0,0.0,0.0],[0.0,0.0,1.0,0.0],[0.0,0.0,0.0,1.0]]","[[1.0,0.0,0.0,0.029995982670874433],[0.0,1.0,0.0,0.00013704175155863392],[0.0,0.0,1.0,-0.0004714267354852579],[0.0,0.0,0.0,1.0]]",source/query_to_target/map,LEFT: T_initial=Delta_T@T_star,true,true,false,false,true,true,ASSUMED_METERS_FROM_SCALE,"[[1.0,-4.292494850233197e-05,2.6883246391662396e-05,0.0004622965061571449],[4.2926283640554175e-05,1.0,-4.994825576432049e-05,0.00014835795445833355],[-2.6881101803155616e-05,4.9949405365623534e-05,1.0,0.00021781693794764578],[0.0,0.0,0.0,1.0]]",0.03,0.0005321394184920458,0.0,0.004075718054984692,0.0004622965061571449,0.00014835795445833355,0.00021781693794764578,0.9822620193835985,true,true,true,0.00042572675088611676,,15905,9,1304.190585,1.15.1,
CP-W_TEST_01_Q07-W-30MM-NEG-O3D,W_TEST_01,Weak,W_TEST_01_Q07,open3d,/home/lj/zero_perturbation_runtime/real_data/mid360_two_scene_pilot_v1/canonical_sources/W_TEST_01_Q07/source_points.npy,f61cad3e066c85f4b6a6cd90b468a016e0e47ed71899268024284e0a1b48b0b5,2c2b8ab5601d4c5c9e27ed45d140de7061c27ed6cd94cb0eaca6013ea1be6af5,/home/lj/zero_perturbation_runtime/real_data/mid360_two_scene_pilot_v1/target_maps/W_TEST_01/target_points.npy,d4438aba190de47a85fb6188ddc3b39dbfd6e39d3fdb5fa264bf425912e6c02e,e94c88ddc68916220d35f10c3da8fbaa53e6de526a6a0afc3a91899d5ce7a66a,6a1ebdee6b34390f1430eab371e1c4108db1f124b59b7239d74785efa6474af9,0.08327709395100334,0.22624223969122748,0.6904806663577698,8.291363610310645,0.727238512578144,weak,0.9998660890291479,0.004568058385287797,-0.015714224516175265,lambda_min,TARGET_FRAME,-1,0.03,-0.029995982670874433,-0.00013704175155863392,0.0004714267354852579,"[[1.0,0.0,0.0,0.0],[0.0,1.0,0.0,0.0],[0.0,0.0,1.0,0.0],[0.0,0.0,0.0,1.0]]","[[1.0,0.0,0.0,-0.029995982670874433],[0.0,1.0,0.0,-0.00013704175155863392],[0.0,0.0,1.0,0.0004714267354852579],[0.0,0.0,0.0,1.0]]",source/query_to_target/map,LEFT: T_initial=Delta_T@T_star,true,true,false,false,true,true,ASSUMED_METERS_FROM_SCALE,"[[0.9999999987718531,-4.7163568729557795e-05,-1.5228016236818461e-05,0.0005996616021972329],[4.7163068604005786e-05,0.999999998348552,-3.284115141784624e-05,0.0001227500913426787],[1.522956511757223e-05,3.2840433177538006e-05,0.9999999993447835,0.00022087556769473667],[0.0,0.0,0.0,1.0]]",0.03,0.0006507285443861061,0.0,0.0034064797640588457,0.0005996616021972329,0.0001227500913426787,0.00022087556769473667,0.9783090485204631,true,true,true,1.0,0.020631423496302207,15905,,58.15508800060343,0.19.0+b012259,
CP-W_TEST_01_Q07-W-30MM-NEG-PCL,W_TEST_01,Weak,W_TEST_01_Q07,pcl,/home/lj/zero_perturbation_runtime/real_data/mid360_two_scene_pilot_v1/canonical_sources/W_TEST_01_Q07/source_points.npy,f61cad3e066c85f4b6a6cd90b468a016e0e47ed71899268024284e0a1b48b0b5,2c2b8ab5601d4c5c9e27ed45d140de7061c27ed6cd94cb0eaca6013ea1be6af5,/home/lj/zero_perturbation_runtime/real_data/mid360_two_scene_pilot_v1/target_maps/W_TEST_01/target_points.npy,d4438aba190de47a85fb6188ddc3b39dbfd6e39d3fdb5fa264bf425912e6c02e,e94c88ddc68916220d35f10c3da8fbaa53e6de526a6a0afc3a91899d5ce7a66a,6a1ebdee6b34390f1430eab371e1c4108db1f124b59b7239d74785efa6474af9,0.08327709395100334,0.22624223969122748,0.6904806663577698,8.291363610310645,0.727238512578144,weak,0.9998660890291479,0.004568058385287797,-0.015714224516175265,lambda_min,TARGET_FRAME,-1,0.03,-0.029995982670874433,-0.00013704175155863392,0.0004714267354852579,"[[1.0,0.0,0.0,0.0],[0.0,1.0,0.0,0.0],[0.0,0.0,1.0,0.0],[0.0,0.0,0.0,1.0]]","[[1.0,0.0,0.0,-0.029995982670874433],[0.0,1.0,0.0,-0.00013704175155863392],[0.0,0.0,1.0,0.0004714267354852579],[0.0,0.0,0.0,1.0]]",source/query_to_target/map,LEFT: T_initial=Delta_T@T_star,true,true,false,false,true,true,ASSUMED_METERS_FROM_SCALE,"[[1.0,-4.399172030389309e-05,2.6541871193330735e-05,0.00041550357127562165],[4.3993150029564276e-05,1.0,-5.3726587793789804e-05,0.000153838875121437],[-2.6539504688116722e-05,5.3727748309029266e-05,1.0,0.00022944922966416925],[0.0,0.0,0.0,1.0]]",0.03,0.0004989554752028536,0.0,0.004259335664009689,0.00041550357127562165,0.000153838875121437,0.00022944922966416925,0.9833681508265716,true,true,true,0.00042572906312237377,,15905,7,1284.009538,1.15.1,
CP-W_TEST_01_Q07-W-50MM-POS-O3D,W_TEST_01,Weak,W_TEST_01_Q07,open3d,/home/lj/zero_perturbation_runtime/real_data/mid360_two_scene_pilot_v1/canonical_sources/W_TEST_01_Q07/source_points.npy,f61cad3e066c85f4b6a6cd90b468a016e0e47ed71899268024284e0a1b48b0b5,2c2b8ab5601d4c5c9e27ed45d140de7061c27ed6cd94cb0eaca6013ea1be6af5,/home/lj/zero_perturbation_runtime/real_data/mid360_two_scene_pilot_v1/target_maps/W_TEST_01/target_points.npy,d4438aba190de47a85fb6188ddc3b39dbfd6e39d3fdb5fa264bf425912e6c02e,e94c88ddc68916220d35f10c3da8fbaa53e6de526a6a0afc3a91899d5ce7a66a,6a1ebdee6b34390f1430eab371e1c4108db1f124b59b7239d74785efa6474af9,0.08327709395100334,0.22624223969122748,0.6904806663577698,8.291363610310645,0.727238512578144,weak,0.9998660890291479,0.004568058385287797,-0.015714224516175265,lambda_min,TARGET_FRAME,1,0.05,0.049993304451457395,0.00022840291926438987,-0.0007857112258087633,"[[1.0,0.0,0.0,0.0],[0.0,1.0,0.0,0.0],[0.0,0.0,1.0,0.0],[0.0,0.0,0.0,1.0]]","[[1.0,0.0,0.0,0.049993304451457395],[0.0,1.0,0.0,0.00022840291926438987],[0.0,0.0,1.0,-0.0007857112258087633],[0.0,0.0,0.0,1.0]]",source/query_to_target/map,LEFT: T_initial=Delta_T@T_star,true,true,false,false,true,true,ASSUMED_METERS_FROM_SCALE,"[[0.9999999987718531,-4.716356230401798e-05,-1.5228012762600508e-05,0.0005996616005719433],[4.716306217881364e-05,0.9999999983485526,-3.2841136081231474e-05,0.0001227500779808683],[1.5229561642419949e-05,3.284041784118492e-05,0.9999999993447836,0.0002208755665652298],[0.0,0.0,0.0,1.0]]",0.05,0.0006507285399844742,0.0,0.0034064789356433186,0.0005996616005719433,0.0001227500779808683,0.0002208755665652298,0.9869854292003105,true,true,true,1.0,0.020631423495956515,15905,,38.99737499978073,0.19.0+b012259,
CP-W_TEST_01_Q07-W-50MM-POS-PCL,W_TEST_01,Weak,W_TEST_01_Q07,pcl,/home/lj/zero_perturbation_runtime/real_data/mid360_two_scene_pilot_v1/canonical_sources/W_TEST_01_Q07/source_points.npy,f61cad3e066c85f4b6a6cd90b468a016e0e47ed71899268024284e0a1b48b0b5,2c2b8ab5601d4c5c9e27ed45d140de7061c27ed6cd94cb0eaca6013ea1be6af5,/home/lj/zero_perturbation_runtime/real_data/mid360_two_scene_pilot_v1/target_maps/W_TEST_01/target_points.npy,d4438aba190de47a85fb6188ddc3b39dbfd6e39d3fdb5fa264bf425912e6c02e,e94c88ddc68916220d35f10c3da8fbaa53e6de526a6a0afc3a91899d5ce7a66a,6a1ebdee6b34390f1430eab371e1c4108db1f124b59b7239d74785efa6474af9,0.08327709395100334,0.22624223969122748,0.6904806663577698,8.291363610310645,0.727238512578144,weak,0.9998660890291479,0.004568058385287797,-0.015714224516175265,lambda_min,TARGET_FRAME,1,0.05,0.049993304451457395,0.00022840291926438987,-0.0007857112258087633,"[[1.0,0.0,0.0,0.0],[0.0,1.0,0.0,0.0],[0.0,0.0,1.0,0.0],[0.0,0.0,0.0,1.0]]","[[1.0,0.0,0.0,0.049993304451457395],[0.0,1.0,0.0,0.00022840291926438987],[0.0,0.0,1.0,-0.0007857112258087633],[0.0,0.0,0.0,1.0]]",source/query_to_target/map,LEFT: T_initial=Delta_T@T_star,true,true,false,false,true,true,ASSUMED_METERS_FROM_SCALE,"[[1.0,-4.2884013964794576e-05,2.691237023100257e-05,0.00046249586739577353],[4.288533455110155e-05,1.0,-4.921327126794495e-05,0.00014711482799611986],[-2.6910260203294456e-05,4.921443178318441e-05,1.0,0.0002173459652112797],[0.0,0.0,0.0,1.0]]",0.05,0.000531774828821485,0.0,0.004045470484369569,0.00046249586739577353,0.00014711482799611986,0.0002173459652112797,0.9893645034235703,true,true,true,0.0004257262404639448,,15905,8,1285.664784,1.15.1,
CP-W_TEST_01_Q07-W-50MM-NEG-O3D,W_TEST_01,Weak,W_TEST_01_Q07,open3d,/home/lj/zero_perturbation_runtime/real_data/mid360_two_scene_pilot_v1/canonical_sources/W_TEST_01_Q07/source_points.npy,f61cad3e066c85f4b6a6cd90b468a016e0e47ed71899268024284e0a1b48b0b5,2c2b8ab5601d4c5c9e27ed45d140de7061c27ed6cd94cb0eaca6013ea1be6af5,/home/lj/zero_perturbation_runtime/real_data/mid360_two_scene_pilot_v1/target_maps/W_TEST_01/target_points.npy,d4438aba190de47a85fb6188ddc3b39dbfd6e39d3fdb5fa264bf425912e6c02e,e94c88ddc68916220d35f10c3da8fbaa53e6de526a6a0afc3a91899d5ce7a66a,6a1ebdee6b34390f1430eab371e1c4108db1f124b59b7239d74785efa6474af9,0.08327709395100334,0.22624223969122748,0.6904806663577698,8.291363610310645,0.727238512578144,weak,0.9998660890291479,0.004568058385287797,-0.015714224516175265,lambda_min,TARGET_FRAME,-1,0.05,-0.049993304451457395,-0.00022840291926438987,0.0007857112258087633,"[[1.0,0.0,0.0,0.0],[0.0,1.0,0.0,0.0],[0.0,0.0,1.0,0.0],[0.0,0.0,0.0,1.0]]","[[1.0,0.0,0.0,-0.049993304451457395],[0.0,1.0,0.0,-0.00022840291926438987],[0.0,0.0,1.0,0.0007857112258087633],[0.0,0.0,0.0,1.0]]",source/query_to_target/map,LEFT: T_initial=Delta_T@T_star,true,true,false,false,true,true,ASSUMED_METERS_FROM_SCALE,"[[0.9999999987718529,-4.716356872955407e-05,-1.5228016236788553e-05,0.0005996616021966831],[4.716306860400205e-05,0.9999999983485517,-3.284115141783665e-05,0.00012275009134289058],[1.5229565117542316e-05,3.284043317752842e-05,0.9999999993447831,0.0002208755676953231],[0.0,0.0,0.0,1.0]]",0.05,0.0006507285443858385,0.0,0.0034064797640626305,0.0005996616021966831,0.00012275009134289058,0.0002208755676953231,0.9869854291122833,true,true,true,1.0,0.02063142349630218,15905,,59.23410200011858,0.19.0+b012259,
CP-W_TEST_01_Q07-W-50MM-NEG-PCL,W_TEST_01,Weak,W_TEST_01_Q07,pcl,/home/lj/zero_perturbation_runtime/real_data/mid360_two_scene_pilot_v1/canonical_sources/W_TEST_01_Q07/source_points.npy,f61cad3e066c85f4b6a6cd90b468a016e0e47ed71899268024284e0a1b48b0b5,2c2b8ab5601d4c5c9e27ed45d140de7061c27ed6cd94cb0eaca6013ea1be6af5,/home/lj/zero_perturbation_runtime/real_data/mid360_two_scene_pilot_v1/target_maps/W_TEST_01/target_points.npy,d4438aba190de47a85fb6188ddc3b39dbfd6e39d3fdb5fa264bf425912e6c02e,e94c88ddc68916220d35f10c3da8fbaa53e6de526a6a0afc3a91899d5ce7a66a,6a1ebdee6b34390f1430eab371e1c4108db1f124b59b7239d74785efa6474af9,0.08327709395100334,0.22624223969122748,0.6904806663577698,8.291363610310645,0.727238512578144,weak,0.9998660890291479,0.004568058385287797,-0.015714224516175265,lambda_min,TARGET_FRAME,-1,0.05,-0.049993304451457395,-0.00022840291926438987,0.0007857112258087633,"[[1.0,0.0,0.0,0.0],[0.0,1.0,0.0,0.0],[0.0,0.0,1.0,0.0],[0.0,0.0,0.0,1.0]]","[[1.0,0.0,0.0,-0.049993304451457395],[0.0,1.0,0.0,-0.00022840291926438987],[0.0,0.0,1.0,0.0007857112258087633],[0.0,0.0,0.0,1.0]]",source/query_to_target/map,LEFT: T_initial=Delta_T@T_star,true,true,false,false,true,true,ASSUMED_METERS_FROM_SCALE,"[[1.0,-4.5179393055150285e-05,2.653143383213319e-05,0.0004225898301228881],[4.518081186688505e-05,1.0,-5.364701064536348e-05,0.00015440794231835753],[-2.6529000024311244e-05,5.364821117836982e-05,1.0,0.0002289154363097623],[0.0,0.0,0.0,1.0]]",0.05,0.0005048031835826409,0.0,0.0042964806593297974,0.0004225898301228881,0.00015440794231835753,0.0002289154363097623,0.9899039363283472,true,true,true,0.0004257319947554801,,15905,9,1294.645349,1.15.1,
CP-W_TEST_01_Q07-S-10MM-POS-O3D,W_TEST_01,Weak,W_TEST_01_Q07,open3d,/home/lj/zero_perturbation_runtime/real_data/mid360_two_scene_pilot_v1/canonical_sources/W_TEST_01_Q07/source_points.npy,f61cad3e066c85f4b6a6cd90b468a016e0e47ed71899268024284e0a1b48b0b5,2c2b8ab5601d4c5c9e27ed45d140de7061c27ed6cd94cb0eaca6013ea1be6af5,/home/lj/zero_perturbation_runtime/real_data/mid360_two_scene_pilot_v1/target_maps/W_TEST_01/target_points.npy,d4438aba190de47a85fb6188ddc3b39dbfd6e39d3fdb5fa264bf425912e6c02e,e94c88ddc68916220d35f10c3da8fbaa53e6de526a6a0afc3a91899d5ce7a66a,6a1ebdee6b34390f1430eab371e1c4108db1f124b59b7239d74785efa6474af9,0.08327709395100334,0.22624223969122748,0.6904806663577698,8.291363610310645,0.727238512578144,strong,-0.005093991720064798,0.9994226124239631,-0.03359305023389181,lambda_max,TARGET_FRAME,1,0.01,-5.093991720064798e-05,0.009994226124239631,-0.0003359305023389181,"[[1.0,0.0,0.0,0.0],[0.0,1.0,0.0,0.0],[0.0,0.0,1.0,0.0],[0.0,0.0,0.0,1.0]]","[[1.0,0.0,0.0,-5.093991720064798e-05],[0.0,1.0,0.0,0.009994226124239631],[0.0,0.0,1.0,-0.0003359305023389181],[0.0,0.0,0.0,1.0]]",source/query_to_target/map,LEFT: T_initial=Delta_T@T_star,true,true,false,false,true,true,ASSUMED_METERS_FROM_SCALE,"[[0.9999999987667003,-4.727778789447765e-05,-1.5212173486768553e-05,0.0005996930242196725],[4.727729855270675e-05,0.9999999983650856,-3.216652658398147e-05,0.00012272950796482263],[1.52136942241191e-05,3.216580735384294e-05,0.9999999993669522,0.00022078068822071835],[0.0,0.0,0.0,1.0]]",0.01,0.000650721420973859,0.0,0.0033902749608561693,0.0005996930242196725,0.00012272950796482263,0.00022078068822071835,0.9349278579026141,true,true,true,1.0,0.02063142207355081,15905,,37.93036699971708,0.19.0+b012259,
CP-W_TEST_01_Q07-S-10MM-POS-PCL,W_TEST_01,Weak,W_TEST_01_Q07,pcl,/home/lj/zero_perturbation_runtime/real_data/mid360_two_scene_pilot_v1/canonical_sources/W_TEST_01_Q07/source_points.npy,f61cad3e066c85f4b6a6cd90b468a016e0e47ed71899268024284e0a1b48b0b5,2c2b8ab5601d4c5c9e27ed45d140de7061c27ed6cd94cb0eaca6013ea1be6af5,/home/lj/zero_perturbation_runtime/real_data/mid360_two_scene_pilot_v1/target_maps/W_TEST_01/target_points.npy,d4438aba190de47a85fb6188ddc3b39dbfd6e39d3fdb5fa264bf425912e6c02e,e94c88ddc68916220d35f10c3da8fbaa53e6de526a6a0afc3a91899d5ce7a66a,6a1ebdee6b34390f1430eab371e1c4108db1f124b59b7239d74785efa6474af9,0.08327709395100334,0.22624223969122748,0.6904806663577698,8.291363610310645,0.727238512578144,strong,-0.005093991720064798,0.9994226124239631,-0.03359305023389181,lambda_max,TARGET_FRAME,1,0.01,-5.093991720064798e-05,0.009994226124239631,-0.0003359305023389181,"[[1.0,0.0,0.0,0.0],[0.0,1.0,0.0,0.0],[0.0,0.0,1.0,0.0],[0.0,0.0,0.0,1.0]]","[[1.0,0.0,0.0,-5.093991720064798e-05],[0.0,1.0,0.0,0.009994226124239631],[0.0,0.0,1.0,-0.0003359305023389181],[0.0,0.0,0.0,1.0]]",source/query_to_target/map,LEFT: T_initial=Delta_T@T_star,true,true,false,false,true,true,ASSUMED_METERS_FROM_SCALE,"[[1.0,-4.394101779325865e-05,2.6871226509683765e-05,0.00046933931298553944],[4.394234929350205e-05,1.0,-4.9513215344632044e-05,0.00014735746663063765],[-2.6869047360378318e-05,4.951440860168077e-05,1.0,0.00021751275926362723],[0.0,0.0,0.0,1.0]]",0.01,0.0005378711873004672,0.0,0.004093539211434372,0.00046933931298553944,0.00014735746663063765,0.00021751275926362723,0.9462128812699533,true,true,true,0.00042572903723742117,,15905,8,1281.69996,1.15.1,
CP-W_TEST_01_Q07-S-10MM-NEG-O3D,W_TEST_01,Weak,W_TEST_01_Q07,open3d,/home/lj/zero_perturbation_runtime/real_data/mid360_two_scene_pilot_v1/canonical_sources/W_TEST_01_Q07/source_points.npy,f61cad3e066c85f4b6a6cd90b468a016e0e47ed71899268024284e0a1b48b0b5,2c2b8ab5601d4c5c9e27ed45d140de7061c27ed6cd94cb0eaca6013ea1be6af5,/home/lj/zero_perturbation_runtime/real_data/mid360_two_scene_pilot_v1/target_maps/W_TEST_01/target_points.npy,d4438aba190de47a85fb6188ddc3b39dbfd6e39d3fdb5fa264bf425912e6c02e,e94c88ddc68916220d35f10c3da8fbaa53e6de526a6a0afc3a91899d5ce7a66a,6a1ebdee6b34390f1430eab371e1c4108db1f124b59b7239d74785efa6474af9,0.08327709395100334,0.22624223969122748,0.6904806663577698,8.291363610310645,0.727238512578144,strong,-0.005093991720064798,0.9994226124239631,-0.03359305023389181,lambda_max,TARGET_FRAME,-1,0.01,5.093991720064798e-05,-0.009994226124239631,0.0003359305023389181,"[[1.0,0.0,0.0,0.0],[0.0,1.0,0.0,0.0],[0.0,0.0,1.0,0.0],[0.0,0.0,0.0,1.0]]","[[1.0,0.0,0.0,5.093991720064798e-05],[0.0,1.0,0.0,-0.009994226124239631],[0.0,0.0,1.0,0.0003359305023389181],[0.0,0.0,0.0,1.0]]",source/query_to_target/map,LEFT: T_initial=Delta_T@T_star,true,true,false,false,true,true,ASSUMED_METERS_FROM_SCALE,"[[0.999999998749656,-4.713257116398718e-05,-1.670955226728707e-05,0.000585621497682125],[4.7132162976300704e-05,0.9999999985909171,-2.4427955799827738e-05,0.00011381296466788867],[1.6710703596107044e-05,2.4427168211943688e-05,0.9999999995620329,0.00020482038516656458],[0.0,0.0,0.0,1.0]]",0.01,0.0006307593199103197,0.0,0.0031887529404179106,0.000585621497682125,0.00011381296466788867,0.00020482038516656458,0.936924068008968,true,true,true,1.0,0.020631162368579453,15905,,34.79357499963953,0.19.0+b012259,
CP-W_TEST_01_Q07-S-10MM-NEG-PCL,W_TEST_01,Weak,W_TEST_01_Q07,pcl,/home/lj/zero_perturbation_runtime/real_data/mid360_two_scene_pilot_v1/canonical_sources/W_TEST_01_Q07/source_points.npy,f61cad3e066c85f4b6a6cd90b468a016e0e47ed71899268024284e0a1b48b0b5,2c2b8ab5601d4c5c9e27ed45d140de7061c27ed6cd94cb0eaca6013ea1be6af5,/home/lj/zero_perturbation_runtime/real_data/mid360_two_scene_pilot_v1/target_maps/W_TEST_01/target_points.npy,d4438aba190de47a85fb6188ddc3b39dbfd6e39d3fdb5fa264bf425912e6c02e,e94c88ddc68916220d35f10c3da8fbaa53e6de526a6a0afc3a91899d5ce7a66a,6a1ebdee6b34390f1430eab371e1c4108db1f124b59b7239d74785efa6474af9,0.08327709395100334,0.22624223969122748,0.6904806663577698,8.291363610310645,0.727238512578144,strong,-0.005093991720064798,0.9994226124239631,-0.03359305023389181,lambda_max,TARGET_FRAME,-1,0.01,5.093991720064798e-05,-0.009994226124239631,0.0003359305023389181,"[[1.0,0.0,0.0,0.0],[0.0,1.0,0.0,0.0],[0.0,0.0,1.0,0.0],[0.0,0.0,0.0,1.0]]","[[1.0,0.0,0.0,5.093991720064798e-05],[0.0,1.0,0.0,-0.009994226124239631],[0.0,0.0,1.0,0.0003359305023389181],[0.0,0.0,0.0,1.0]]",source/query_to_target/map,LEFT: T_initial=Delta_T@T_star,true,true,false,false,true,true,ASSUMED_METERS_FROM_SCALE,"[[1.0,-4.393899507704191e-05,2.6870502551901154e-05,0.00046958113671280444],[4.394031930132769e-05,1.0,-4.970852751284838e-05,0.00014754543371964246],[-2.6868312488659285e-05,4.970970985596068e-05,1.0,0.00021739328803960234],[0.0,0.0,0.0,1.0]]",0.01,0.0005380854399188632,0.0,0.0041012153304236035,0.00046958113671280444,0.00014754543371964246,0.00021739328803960234,0.9461914560081137,true,true,true,0.00042572912365963203,,15905,7,1549.558365,1.15.1,
CP-W_TEST_01_Q07-S-30MM-POS-O3D,W_TEST_01,Weak,W_TEST_01_Q07,open3d,/home/lj/zero_perturbation_runtime/real_data/mid360_two_scene_pilot_v1/canonical_sources/W_TEST_01_Q07/source_points.npy,f61cad3e066c85f4b6a6cd90b468a016e0e47ed71899268024284e0a1b48b0b5,2c2b8ab5601d4c5c9e27ed45d140de7061c27ed6cd94cb0eaca6013ea1be6af5,/home/lj/zero_perturbation_runtime/real_data/mid360_two_scene_pilot_v1/target_maps/W_TEST_01/target_points.npy,d4438aba190de47a85fb6188ddc3b39dbfd6e39d3fdb5fa264bf425912e6c02e,e94c88ddc68916220d35f10c3da8fbaa53e6de526a6a0afc3a91899d5ce7a66a,6a1ebdee6b34390f1430eab371e1c4108db1f124b59b7239d74785efa6474af9,0.08327709395100334,0.22624223969122748,0.6904806663577698,8.291363610310645,0.727238512578144,strong,-0.005093991720064798,0.9994226124239631,-0.03359305023389181,lambda_max,TARGET_FRAME,1,0.03,-0.00015281975160194393,0.029982678372718893,-0.0010077915070167542,"[[1.0,0.0,0.0,0.0],[0.0,1.0,0.0,0.0],[0.0,0.0,1.0,0.0],[0.0,0.0,0.0,1.0]]","[[1.0,0.0,0.0,-0.00015281975160194393],[0.0,1.0,0.0,0.029982678372718893],[0.0,0.0,1.0,-0.0010077915070167542],[0.0,0.0,0.0,1.0]]",source/query_to_target/map,LEFT: T_initial=Delta_T@T_star,true,true,false,false,true,true,ASSUMED_METERS_FROM_SCALE,"[[0.9999999987667003,-4.7277787894947386e-05,-1.5212173489366005e-05,0.0005996930242228336],[4.7277298553175144e-05,0.9999999983650858,-3.2166526665636765e-05,0.00012272950803359997],[1.521369422672045e-05,3.216580743549811e-05,0.9999999993669522,0.00022078068823067786],[0.0,0.0,0.0,1.0]]",0.030000000000000002,0.0006507214209931231,0.0,0.003390274963476552,0.0005996930242228336,0.00012272950803359997,0.00022078068823067786,0.9783092859668959,true,true,true,1.0,0.02063142207355168,15905,,42.923227000756015,0.19.0+b012259,
CP-W_TEST_01_Q07-S-30MM-POS-PCL,W_TEST_01,Weak,W_TEST_01_Q07,pcl,/home/lj/zero_perturbation_runtime/real_data/mid360_two_scene_pilot_v1/canonical_sources/W_TEST_01_Q07/source_points.npy,f61cad3e066c85f4b6a6cd90b468a016e0e47ed71899268024284e0a1b48b0b5,2c2b8ab5601d4c5c9e27ed45d140de7061c27ed6cd94cb0eaca6013ea1be6af5,/home/lj/zero_perturbation_runtime/real_data/mid360_two_scene_pilot_v1/target_maps/W_TEST_01/target_points.npy,d4438aba190de47a85fb6188ddc3b39dbfd6e39d3fdb5fa264bf425912e6c02e,e94c88ddc68916220d35f10c3da8fbaa53e6de526a6a0afc3a91899d5ce7a66a,6a1ebdee6b34390f1430eab371e1c4108db1f124b59b7239d74785efa6474af9,0.08327709395100334,0.22624223969122748,0.6904806663577698,8.291363610310645,0.727238512578144,strong,-0.005093991720064798,0.9994226124239631,-0.03359305023389181,lambda_max,TARGET_FRAME,1,0.03,-0.00015281975160194393,0.029982678372718893,-0.0010077915070167542,"[[1.0,0.0,0.0,0.0],[0.0,1.0,0.0,0.0],[0.0,0.0,1.0,0.0],[0.0,0.0,0.0,1.0]]","[[1.0,0.0,0.0,-0.00015281975160194393],[0.0,1.0,0.0,0.029982678372718893],[0.0,0.0,1.0,-0.0010077915070167542],[0.0,0.0,0.0,1.0]]",source/query_to_target/map,LEFT: T_initial=Delta_T@T_star,true,true,false,false,true,true,ASSUMED_METERS_FROM_SCALE,"[[1.0,-4.393788185552694e-05,2.6865091058425605e-05,0.0004692698421422392],[4.393922063172795e-05,1.0,-4.952849485562183e-05,0.00014738029858563095],[-2.6862931918003596e-05,4.9529637180967256e-05,1.0,0.00021764179109595716],[0.0,0.0,0.0,1.0]]",0.030000000000000002,0.0005378690234498062,0.0,0.004093902634772343,0.0004692698421422392,0.00014738029858563095,0.00021764179109595716,0.9820710325516732,true,true,true,0.0004257290738818448,,15905,8,1705.726112,1.15.1,
CP-W_TEST_01_Q07-S-30MM-NEG-O3D,W_TEST_01,Weak,W_TEST_01_Q07,open3d,/home/lj/zero_perturbation_runtime/real_data/mid360_two_scene_pilot_v1/canonical_sources/W_TEST_01_Q07/source_points.npy,f61cad3e066c85f4b6a6cd90b468a016e0e47ed71899268024284e0a1b48b0b5,2c2b8ab5601d4c5c9e27ed45d140de7061c27ed6cd94cb0eaca6013ea1be6af5,/home/lj/zero_perturbation_runtime/real_data/mid360_two_scene_pilot_v1/target_maps/W_TEST_01/target_points.npy,d4438aba190de47a85fb6188ddc3b39dbfd6e39d3fdb5fa264bf425912e6c02e,e94c88ddc68916220d35f10c3da8fbaa53e6de526a6a0afc3a91899d5ce7a66a,6a1ebdee6b34390f1430eab371e1c4108db1f124b59b7239d74785efa6474af9,0.08327709395100334,0.22624223969122748,0.6904806663577698,8.291363610310645,0.727238512578144,strong,-0.005093991720064798,0.9994226124239631,-0.03359305023389181,lambda_max,TARGET_FRAME,-1,0.03,0.00015281975160194393,-0.029982678372718893,0.0010077915070167542,"[[1.0,0.0,0.0,0.0],[0.0,1.0,0.0,0.0],[0.0,0.0,1.0,0.0],[0.0,0.0,0.0,1.0]]","[[1.0,0.0,0.0,0.00015281975160194393],[0.0,1.0,0.0,-0.029982678372718893],[0.0,0.0,1.0,0.0010077915070167542],[0.0,0.0,0.0,1.0]]",source/query_to_target/map,LEFT: T_initial=Delta_T@T_star,true,true,false,false,true,true,ASSUMED_METERS_FROM_SCALE,"[[0.9999999987316318,-4.781891831054256e-05,-1.5814152591569678e-05,0.0005788098206317207],[4.781847643469856e-05,0.9999999984663467,-2.7940994956211394e-05,0.00011556562450321656],[1.581548867547159e-05,2.7940238712088982e-05,0.9999999994846066,0.0002165689364797909],[0.0,0.0,0.0,1.0]]",0.030000000000000002,0.0006287116400024186,0.0,0.003300065029437773,0.0005788098206317207,0.00011556562450321656,0.0002165689364797909,0.9790429453332528,true,true,true,1.0,0.02063132124282503,15905,,35.202680000111286,0.19.0+b012259,
CP-W_TEST_01_Q07-S-30MM-NEG-PCL,W_TEST_01,Weak,W_TEST_01_Q07,pcl,/home/lj/zero_perturbation_runtime/real_data/mid360_two_scene_pilot_v1/canonical_sources/W_TEST_01_Q07/source_points.npy,f61cad3e066c85f4b6a6cd90b468a016e0e47ed71899268024284e0a1b48b0b5,2c2b8ab5601d4c5c9e27ed45d140de7061c27ed6cd94cb0eaca6013ea1be6af5,/home/lj/zero_perturbation_runtime/real_data/mid360_two_scene_pilot_v1/target_maps/W_TEST_01/target_points.npy,d4438aba190de47a85fb6188ddc3b39dbfd6e39d3fdb5fa264bf425912e6c02e,e94c88ddc68916220d35f10c3da8fbaa53e6de526a6a0afc3a91899d5ce7a66a,6a1ebdee6b34390f1430eab371e1c4108db1f124b59b7239d74785efa6474af9,0.08327709395100334,0.22624223969122748,0.6904806663577698,8.291363610310645,0.727238512578144,strong,-0.005093991720064798,0.9994226124239631,-0.03359305023389181,lambda_max,TARGET_FRAME,-1,0.03,0.00015281975160194393,-0.029982678372718893,0.0010077915070167542,"[[1.0,0.0,0.0,0.0],[0.0,1.0,0.0,0.0],[0.0,0.0,1.0,0.0],[0.0,0.0,0.0,1.0]]","[[1.0,0.0,0.0,0.00015281975160194393],[0.0,1.0,0.0,-0.029982678372718893],[0.0,0.0,1.0,0.0010077915070167542],[0.0,0.0,0.0,1.0]]",source/query_to_target/map,LEFT: T_initial=Delta_T@T_star,true,true,false,false,true,true,ASSUMED_METERS_FROM_SCALE,"[[1.0,-4.4039785279892385e-05,2.6856396289076656e-05,0.0004697218246292323],[4.404112041811459e-05,0.9999999403953552,-5.027750739827752e-05,0.00014861469389870763],[-2.6854184397961944e-05,5.0278653361601755e-05,1.0,0.00021734421898145229],[0.0,0.0,0.0,1.0]]",0.030000000000000002,0.0005384825246006404,0.0,0.004127147369763057,0.0004697218246292323,0.00014861469389870763,0.00021734421898145229,0.982050582513312,true,true,true,0.00042572966243912543,,15905,8,1276.731203,1.15.1,
CP-W_TEST_01_Q07-S-50MM-POS-O3D,W_TEST_01,Weak,W_TEST_01_Q07,open3d,/home/lj/zero_perturbation_runtime/real_data/mid360_two_scene_pilot_v1/canonical_sources/W_TEST_01_Q07/source_points.npy,f61cad3e066c85f4b6a6cd90b468a016e0e47ed71899268024284e0a1b48b0b5,2c2b8ab5601d4c5c9e27ed45d140de7061c27ed6cd94cb0eaca6013ea1be6af5,/home/lj/zero_perturbation_runtime/real_data/mid360_two_scene_pilot_v1/target_maps/W_TEST_01/target_points.npy,d4438aba190de47a85fb6188ddc3b39dbfd6e39d3fdb5fa264bf425912e6c02e,e94c88ddc68916220d35f10c3da8fbaa53e6de526a6a0afc3a91899d5ce7a66a,6a1ebdee6b34390f1430eab371e1c4108db1f124b59b7239d74785efa6474af9,0.08327709395100334,0.22624223969122748,0.6904806663577698,8.291363610310645,0.727238512578144,strong,-0.005093991720064798,0.9994226124239631,-0.03359305023389181,lambda_max,TARGET_FRAME,1,0.05,-0.0002546995860032399,0.04997113062119816,-0.0016796525116945906,"[[1.0,0.0,0.0,0.0],[0.0,1.0,0.0,0.0],[0.0,0.0,1.0,0.0],[0.0,0.0,0.0,1.0]]","[[1.0,0.0,0.0,-0.0002546995860032399],[0.0,1.0,0.0,0.04997113062119816],[0.0,0.0,1.0,-0.0016796525116945906],[0.0,0.0,0.0,1.0]]",source/query_to_target/map,LEFT: T_initial=Delta_T@T_star,true,true,false,false,true,true,ASSUMED_METERS_FROM_SCALE,"[[0.9999999987667,-4.727779358210152e-05,-1.5212176324808691e-05,0.0005996930252856073],[4.727730424019666e-05,0.9999999983650855,-3.2166529388147316e-05,0.00012272951075096496],[1.5213697062474734e-05,3.2165810157788256e-05,0.9999999993669523,0.00022078068787000725],[0.0,0.0,0.0,1.0]]",0.05,0.0006507214223626949,0.0,0.003390275350379744,0.0005996930252856073,0.00012272951075096496,0.00022078068787000725,0.9869855715527461,true,true,true,1.0,0.020631422073739785,15905,,36.871727000288956,0.19.0+b012259,
CP-W_TEST_01_Q07-S-50MM-POS-PCL,W_TEST_01,Weak,W_TEST_01_Q07,pcl,/home/lj/zero_perturbation_runtime/real_data/mid360_two_scene_pilot_v1/canonical_sources/W_TEST_01_Q07/source_points.npy,f61cad3e066c85f4b6a6cd90b468a016e0e47ed71899268024284e0a1b48b0b5,2c2b8ab5601d4c5c9e27ed45d140de7061c27ed6cd94cb0eaca6013ea1be6af5,/home/lj/zero_perturbation_runtime/real_data/mid360_two_scene_pilot_v1/target_maps/W_TEST_01/target_points.npy,d4438aba190de47a85fb6188ddc3b39dbfd6e39d3fdb5fa264bf425912e6c02e,e94c88ddc68916220d35f10c3da8fbaa53e6de526a6a0afc3a91899d5ce7a66a,6a1ebdee6b34390f1430eab371e1c4108db1f124b59b7239d74785efa6474af9,0.08327709395100334,0.22624223969122748,0.6904806663577698,8.291363610310645,0.727238512578144,strong,-0.005093991720064798,0.9994226124239631,-0.03359305023389181,lambda_max,TARGET_FRAME,1,0.05,-0.0002546995860032399,0.04997113062119816,-0.0016796525116945906,"[[1.0,0.0,0.0,0.0],[0.0,1.0,0.0,0.0],[0.0,0.0,1.0,0.0],[0.0,0.0,0.0,1.0]]","[[1.0,0.0,0.0,-0.0002546995860032399],[0.0,1.0,0.0,0.04997113062119816],[0.0,0.0,1.0,-0.0016796525116945906],[0.0,0.0,0.0,1.0]]",source/query_to_target/map,LEFT: T_initial=Delta_T@T_star,true,true,false,false,true,true,ASSUMED_METERS_FROM_SCALE,"[[1.0,-4.2927109461743385e-05,2.688188396859914e-05,0.00046247162390500307],[4.2928448237944394e-05,1.0,-4.9946353101404384e-05,0.00014843865938019007],[-2.6879737561102957e-05,4.994758637621999e-05,0.9999999403953552,0.0002177373244194314],[0.0,0.0,0.0,1.0]]",0.05,0.000532281486585107,0.0,0.0040756885302080164,0.00046247162390500307,0.00014843865938019007,0.0002177373244194314,0.9893543702682979,true,true,true,0.0004257267910608294,,15905,7,1261.785697,1.15.1,
CP-W_TEST_01_Q07-S-50MM-NEG-O3D,W_TEST_01,Weak,W_TEST_01_Q07,open3d,/home/lj/zero_perturbation_runtime/real_data/mid360_two_scene_pilot_v1/canonical_sources/W_TEST_01_Q07/source_points.npy,f61cad3e066c85f4b6a6cd90b468a016e0e47ed71899268024284e0a1b48b0b5,2c2b8ab5601d4c5c9e27ed45d140de7061c27ed6cd94cb0eaca6013ea1be6af5,/home/lj/zero_perturbation_runtime/real_data/mid360_two_scene_pilot_v1/target_maps/W_TEST_01/target_points.npy,d4438aba190de47a85fb6188ddc3b39dbfd6e39d3fdb5fa264bf425912e6c02e,e94c88ddc68916220d35f10c3da8fbaa53e6de526a6a0afc3a91899d5ce7a66a,6a1ebdee6b34390f1430eab371e1c4108db1f124b59b7239d74785efa6474af9,0.08327709395100334,0.22624223969122748,0.6904806663577698,8.291363610310645,0.727238512578144,strong,-0.005093991720064798,0.9994226124239631,-0.03359305023389181,lambda_max,TARGET_FRAME,-1,0.05,0.0002546995860032399,-0.04997113062119816,0.0016796525116945906,"[[1.0,0.0,0.0,0.0],[0.0,1.0,0.0,0.0],[0.0,0.0,1.0,0.0],[0.0,0.0,0.0,1.0]]","[[1.0,0.0,0.0,0.0002546995860032399],[0.0,1.0,0.0,-0.04997113062119816],[0.0,0.0,1.0,0.0016796525116945906],[0.0,0.0,0.0,1.0]]",source/query_to_target/map,LEFT: T_initial=Delta_T@T_star,true,true,false,false,true,true,ASSUMED_METERS_FROM_SCALE,"[[0.9999999987666998,-4.72777942840859e-05,-1.52121758283602e-05,0.0005996930247861978],[4.727730494238814e-05,0.9999999983650856,-3.2166516825428554e-05,0.0001227295002600007],[1.5213696565454935e-05,3.21657975950822e-05,0.9999999993669523,0.0002207806863600709],[0.0,0.0,0.0,1.0]]",0.05,0.0006507214194114966,0.0,0.0033902749839228616,0.0005996930247861978,0.0001227295002600007,0.0002207806863600709,0.98698557161177,true,true,true,1.0,0.020631422073643914,15905,,36.68290600035107,0.19.0+b012259,
CP-W_TEST_01_Q07-S-50MM-NEG-PCL,W_TEST_01,Weak,W_TEST_01_Q07,pcl,/home/lj/zero_perturbation_runtime/real_data/mid360_two_scene_pilot_v1/canonical_sources/W_TEST_01_Q07/source_points.npy,f61cad3e066c85f4b6a6cd90b468a016e0e47ed71899268024284e0a1b48b0b5,2c2b8ab5601d4c5c9e27ed45d140de7061c27ed6cd94cb0eaca6013ea1be6af5,/home/lj/zero_perturbation_runtime/real_data/mid360_two_scene_pilot_v1/target_maps/W_TEST_01/target_points.npy,d4438aba190de47a85fb6188ddc3b39dbfd6e39d3fdb5fa264bf425912e6c02e,e94c88ddc68916220d35f10c3da8fbaa53e6de526a6a0afc3a91899d5ce7a66a,6a1ebdee6b34390f1430eab371e1c4108db1f124b59b7239d74785efa6474af9,0.08327709395100334,0.22624223969122748,0.6904806663577698,8.291363610310645,0.727238512578144,strong,-0.005093991720064798,0.9994226124239631,-0.03359305023389181,lambda_max,TARGET_FRAME,-1,0.05,0.0002546995860032399,-0.04997113062119816,0.0016796525116945906,"[[1.0,0.0,0.0,0.0],[0.0,1.0,0.0,0.0],[0.0,0.0,1.0,0.0],[0.0,0.0,0.0,1.0]]","[[1.0,0.0,0.0,0.0002546995860032399],[0.0,1.0,0.0,-0.04997113062119816],[0.0,0.0,1.0,0.0016796525116945906],[0.0,0.0,0.0,1.0]]",source/query_to_target/map,LEFT: T_initial=Delta_T@T_star,true,true,false,false,true,true,ASSUMED_METERS_FROM_SCALE,"[[1.0,-4.39374016423244e-05,2.6868210625252686e-05,0.0004694491217378527],[4.39387331425678e-05,1.0,-4.9701477109920233e-05,0.00014750634727533907],[-2.686601692403201e-05,4.970268128090538e-05,1.0,0.00021755580382887274],[0.0,0.0,0.0,1.0]]",0.05,0.0005380252114600032,0.0,0.0041008299891868594,0.0004694491217378527,0.00014750634727533907,0.00021755580382887274,0.9892394957708,true,true,true,0.00042572913481728214,,15905,7,1260.541416,1.15.1,
CP-W_TEST_01_Q08-W-10MM-POS-O3D,W_TEST_01,Weak,W_TEST_01_Q08,open3d,/home/lj/zero_perturbation_runtime/real_data/mid360_two_scene_pilot_v1/canonical_sources/W_TEST_01_Q08/source_points.npy,54355f8a4d3d05807636f59079e3af93c526a2a21249eb41ca2da987f4ca5315,2b30cb55df54fb970b748a0471087c717492d28cf17764d1341e8cfcbd736eab,/home/lj/zero_perturbation_runtime/real_data/mid360_two_scene_pilot_v1/target_maps/W_TEST_01/target_points.npy,d4438aba190de47a85fb6188ddc3b39dbfd6e39d3fdb5fa264bf425912e6c02e,e94c88ddc68916220d35f10c3da8fbaa53e6de526a6a0afc3a91899d5ce7a66a,6a1ebdee6b34390f1430eab371e1c4108db1f124b59b7239d74785efa6474af9,0.08606135898994265,0.22525667708415073,0.6886819639259074,8.002220415859208,0.7315522421235071,weak,0.9998677818072259,0.0026542202613968023,-0.016042880623563138,lambda_min,TARGET_FRAME,1,0.01,0.009998677818072258,2.6542202613968024e-05,-0.00016042880623563137,"[[1.0,0.0,0.0,0.0],[0.0,1.0,0.0,0.0],[0.0,0.0,1.0,0.0],[0.0,0.0,0.0,1.0]]","[[1.0,0.0,0.0,0.009998677818072258],[0.0,1.0,0.0,2.6542202613968024e-05],[0.0,0.0,1.0,-0.00016042880623563137],[0.0,0.0,0.0,1.0]]",source/query_to_target/map,LEFT: T_initial=Delta_T@T_star,true,true,false,false,true,true,ASSUMED_METERS_FROM_SCALE,"[[0.9999999979959957,4.0794912990441715e-05,4.8412639700011885e-05,0.0006137198544455036],[-4.0782897214872686e-05,0.9999999683741907,-0.00024817004816180585,0.0002724173660102256],[-4.842276224444456e-05,0.0002481680732567631,0.9999999680339213,-0.00032510720109787597],[0.0,0.0,0.0,1.0]]",0.01,0.0007460281316748411,0.0,0.01467442036356382,0.0006137198544455036,0.0002724173660102256,-0.00032510720109787597,0.9253971868325159,true,true,true,1.0,0.020444385755504967,16050,,38.73024099993927,0.19.0+b012259,
CP-W_TEST_01_Q08-W-10MM-POS-PCL,W_TEST_01,Weak,W_TEST_01_Q08,pcl,/home/lj/zero_perturbation_runtime/real_data/mid360_two_scene_pilot_v1/canonical_sources/W_TEST_01_Q08/source_points.npy,54355f8a4d3d05807636f59079e3af93c526a2a21249eb41ca2da987f4ca5315,2b30cb55df54fb970b748a0471087c717492d28cf17764d1341e8cfcbd736eab,/home/lj/zero_perturbation_runtime/real_data/mid360_two_scene_pilot_v1/target_maps/W_TEST_01/target_points.npy,d4438aba190de47a85fb6188ddc3b39dbfd6e39d3fdb5fa264bf425912e6c02e,e94c88ddc68916220d35f10c3da8fbaa53e6de526a6a0afc3a91899d5ce7a66a,6a1ebdee6b34390f1430eab371e1c4108db1f124b59b7239d74785efa6474af9,0.08606135898994265,0.22525667708415073,0.6886819639259074,8.002220415859208,0.7315522421235071,weak,0.9998677818072259,0.0026542202613968023,-0.016042880623563138,lambda_min,TARGET_FRAME,1,0.01,0.009998677818072258,2.6542202613968024e-05,-0.00016042880623563137,"[[1.0,0.0,0.0,0.0],[0.0,1.0,0.0,0.0],[0.0,0.0,1.0,0.0],[0.0,0.0,0.0,1.0]]","[[1.0,0.0,0.0,0.009998677818072258],[0.0,1.0,0.0,2.6542202613968024e-05],[0.0,0.0,1.0,-0.00016042880623563137],[0.0,0.0,0.0,1.0]]",source/query_to_target/map,LEFT: T_initial=Delta_T@T_star,true,true,false,false,true,true,ASSUMED_METERS_FROM_SCALE,"[[1.0,4.718285345006734e-05,4.382730185170658e-05,0.0005940117407590151],[-4.71728817501571e-05,1.0,-0.00022764463210478425,0.0002515048545319587],[-4.383804480312392e-05,0.00022764258028473705,1.0,-0.0003317935625091195],[0.0,0.0,0.0,1.0]]",0.01,0.0007253906589798286,0.0,0.013554862066004168,0.0005940117407590151,0.0002515048545319587,-0.0003317935625091195,0.9274609341020171,true,true,true,0.00041794486275322163,,16050,7,1666.61693,1.15.1,
CP-W_TEST_01_Q08-W-10MM-NEG-O3D,W_TEST_01,Weak,W_TEST_01_Q08,open3d,/home/lj/zero_perturbation_runtime/real_data/mid360_two_scene_pilot_v1/canonical_sources/W_TEST_01_Q08/source_points.npy,54355f8a4d3d05807636f59079e3af93c526a2a21249eb41ca2da987f4ca5315,2b30cb55df54fb970b748a0471087c717492d28cf17764d1341e8cfcbd736eab,/home/lj/zero_perturbation_runtime/real_data/mid360_two_scene_pilot_v1/target_maps/W_TEST_01/target_points.npy,d4438aba190de47a85fb6188ddc3b39dbfd6e39d3fdb5fa264bf425912e6c02e,e94c88ddc68916220d35f10c3da8fbaa53e6de526a6a0afc3a91899d5ce7a66a,6a1ebdee6b34390f1430eab371e1c4108db1f124b59b7239d74785efa6474af9,0.08606135898994265,0.22525667708415073,0.6886819639259074,8.002220415859208,0.7315522421235071,weak,0.9998677818072259,0.0026542202613968023,-0.016042880623563138,lambda_min,TARGET_FRAME,-1,0.01,-0.009998677818072258,-2.6542202613968024e-05,0.00016042880623563137,"[[1.0,0.0,0.0,0.0],[0.0,1.0,0.0,0.0],[0.0,0.0,1.0,0.0],[0.0,0.0,0.0,1.0]]","[[1.0,0.0,0.0,-0.009998677818072258],[0.0,1.0,0.0,-2.6542202613968024e-05],[0.0,0.0,1.0,0.00016042880623563137],[0.0,0.0,0.0,1.0]]",source/query_to_target/map,LEFT: T_initial=Delta_T@T_star,true,true,false,false,true,true,ASSUMED_METERS_FROM_SCALE,"[[0.9999999979959956,4.079491299016557e-05,4.841263970036241e-05,0.0006137198544444832],[-4.078289721459797e-05,0.9999999683741907,-0.00024817004813025296,0.000272417365983803],[-4.842276224479371e-05,0.00024816807322521035,0.9999999680339213,-0.00032510720110277125],[0.0,0.0,0.0,1.0]]",0.01,0.0007460281316664867,0.0,0.014674420361810357,0.0006137198544444832,0.000272417365983803,-0.00032510720110277125,0.9253971868333514,true,true,true,1.0,0.020444385755504252,16050,,44.917804999386135,0.19.0+b012259,
CP-W_TEST_01_Q08-W-10MM-NEG-PCL,W_TEST_01,Weak,W_TEST_01_Q08,pcl,/home/lj/zero_perturbation_runtime/real_data/mid360_two_scene_pilot_v1/canonical_sources/W_TEST_01_Q08/source_points.npy,54355f8a4d3d05807636f59079e3af93c526a2a21249eb41ca2da987f4ca5315,2b30cb55df54fb970b748a0471087c717492d28cf17764d1341e8cfcbd736eab,/home/lj/zero_perturbation_runtime/real_data/mid360_two_scene_pilot_v1/target_maps/W_TEST_01/target_points.npy,d4438aba190de47a85fb6188ddc3b39dbfd6e39d3fdb5fa264bf425912e6c02e,e94c88ddc68916220d35f10c3da8fbaa53e6de526a6a0afc3a91899d5ce7a66a,6a1ebdee6b34390f1430eab371e1c4108db1f124b59b7239d74785efa6474af9,0.08606135898994265,0.22525667708415073,0.6886819639259074,8.002220415859208,0.7315522421235071,weak,0.9998677818072259,0.0026542202613968023,-0.016042880623563138,lambda_min,TARGET_FRAME,-1,0.01,-0.009998677818072258,-2.6542202613968024e-05,0.00016042880623563137,"[[1.0,0.0,0.0,0.0],[0.0,1.0,0.0,0.0],[0.0,0.0,1.0,0.0],[0.0,0.0,0.0,1.0]]","[[1.0,0.0,0.0,-0.009998677818072258],[0.0,1.0,0.0,-2.6542202613968024e-05],[0.0,0.0,1.0,0.00016042880623563137],[0.0,0.0,0.0,1.0]]",source/query_to_target/map,LEFT: T_initial=Delta_T@T_star,true,true,false,false,true,true,ASSUMED_METERS_FROM_SCALE,"[[1.0,4.6847180783515796e-05,4.421504490892403e-05,0.000592857482843101],[-4.683724546339363e-05,1.0,-0.00022456944861914963,0.0002496258821338415],[-4.422555866767652e-05,0.00022456736769527197,1.0,-0.00033995043486356735],[0.0,0.0,0.0,1.0]]",0.01,0.0007275708722578748,0.0,0.013385721040018556,0.000592857482843101,0.0002496258821338415,-0.00033995043486356735,0.9272429127742126,true,true,true,0.0004179396124556439,,16050,8,1666.124678,1.15.1,
CP-W_TEST_01_Q08-W-30MM-POS-O3D,W_TEST_01,Weak,W_TEST_01_Q08,open3d,/home/lj/zero_perturbation_runtime/real_data/mid360_two_scene_pilot_v1/canonical_sources/W_TEST_01_Q08/source_points.npy,54355f8a4d3d05807636f59079e3af93c526a2a21249eb41ca2da987f4ca5315,2b30cb55df54fb970b748a0471087c717492d28cf17764d1341e8cfcbd736eab,/home/lj/zero_perturbation_runtime/real_data/mid360_two_scene_pilot_v1/target_maps/W_TEST_01/target_points.npy,d4438aba190de47a85fb6188ddc3b39dbfd6e39d3fdb5fa264bf425912e6c02e,e94c88ddc68916220d35f10c3da8fbaa53e6de526a6a0afc3a91899d5ce7a66a,6a1ebdee6b34390f1430eab371e1c4108db1f124b59b7239d74785efa6474af9,0.08606135898994265,0.22525667708415073,0.6886819639259074,8.002220415859208,0.7315522421235071,weak,0.9998677818072259,0.0026542202613968023,-0.016042880623563138,lambda_min,TARGET_FRAME,1,0.03,0.029996033454216777,7.962660784190406e-05,-0.0004812864187068941,"[[1.0,0.0,0.0,0.0],[0.0,1.0,0.0,0.0],[0.0,0.0,1.0,0.0],[0.0,0.0,0.0,1.0]]","[[1.0,0.0,0.0,0.029996033454216777],[0.0,1.0,0.0,7.962660784190406e-05],[0.0,0.0,1.0,-0.0004812864187068941],[0.0,0.0,0.0,1.0]]",source/query_to_target/map,LEFT: T_initial=Delta_T@T_star,true,true,false,false,true,true,ASSUMED_METERS_FROM_SCALE,"[[0.9999999979959957,4.079491299045872e-05,4.841263970000151e-05,0.00061371985444524],[-4.078289721488972e-05,0.9999999683741908,-0.00024817004816180644,0.0002724173660102342],[-4.84227622444342e-05,0.00024816807325676366,0.9999999680339213,-0.0003251072010977066],[0.0,0.0,0.0,1.0]]",0.030000000000000002,0.0007460281316745537,0.0,0.014674420363565777,0.00061371985444524,0.0002724173660102342,-0.0003251072010977066,0.9751323956108482,true,true,true,1.0,0.020444385755505005,16050,,38.02192700004525,0.19.0+b012259,
CP-W_TEST_01_Q08-W-30MM-POS-PCL,W_TEST_01,Weak,W_TEST_01_Q08,pcl,/home/lj/zero_perturbation_runtime/real_data/mid360_two_scene_pilot_v1/canonical_sources/W_TEST_01_Q08/source_points.npy,54355f8a4d3d05807636f59079e3af93c526a2a21249eb41ca2da987f4ca5315,2b30cb55df54fb970b748a0471087c717492d28cf17764d1341e8cfcbd736eab,/home/lj/zero_perturbation_runtime/real_data/mid360_two_scene_pilot_v1/target_maps/W_TEST_01/target_points.npy,d4438aba190de47a85fb6188ddc3b39dbfd6e39d3fdb5fa264bf425912e6c02e,e94c88ddc68916220d35f10c3da8fbaa53e6de526a6a0afc3a91899d5ce7a66a,6a1ebdee6b34390f1430eab371e1c4108db1f124b59b7239d74785efa6474af9,0.08606135898994265,0.22525667708415073,0.6886819639259074,8.002220415859208,0.7315522421235071,weak,0.9998677818072259,0.0026542202613968023,-0.016042880623563138,lambda_min,TARGET_FRAME,1,0.03,0.029996033454216777,7.962660784190406e-05,-0.0004812864187068941,"[[1.0,0.0,0.0,0.0],[0.0,1.0,0.0,0.0],[0.0,0.0,1.0,0.0],[0.0,0.0,0.0,1.0]]","[[1.0,0.0,0.0,0.029996033454216777],[0.0,1.0,0.0,7.962660784190406e-05],[0.0,0.0,1.0,-0.0004812864187068941],[0.0,0.0,0.0,1.0]]",source/query_to_target/map,LEFT: T_initial=Delta_T@T_star,true,true,false,false,true,true,ASSUMED_METERS_FROM_SCALE,"[[1.0,4.7200686822179705e-05,4.381467078928836e-05,0.0005940081318840384],[-4.719069693237543e-05,1.0,-0.0002280713088111952,0.00025150692090392113],[-4.382543920655735e-05,0.00022806924243923277,1.0,-0.000331676536006853],[0.0,0.0,0.0,1.0]]",0.030000000000000002,0.0007253348995770448,0.0,0.013578456577313868,0.0005940081318840384,0.00025150692090392113,-0.000331676536006853,0.9758221700140985,true,true,true,0.0004179451736548674,,16050,8,1319.703104,1.15.1,
CP-W_TEST_01_Q08-W-30MM-NEG-O3D,W_TEST_01,Weak,W_TEST_01_Q08,open3d,/home/lj/zero_perturbation_runtime/real_data/mid360_two_scene_pilot_v1/canonical_sources/W_TEST_01_Q08/source_points.npy,54355f8a4d3d05807636f59079e3af93c526a2a21249eb41ca2da987f4ca5315,2b30cb55df54fb970b748a0471087c717492d28cf17764d1341e8cfcbd736eab,/home/lj/zero_perturbation_runtime/real_data/mid360_two_scene_pilot_v1/target_maps/W_TEST_01/target_points.npy,d4438aba190de47a85fb6188ddc3b39dbfd6e39d3fdb5fa264bf425912e6c02e,e94c88ddc68916220d35f10c3da8fbaa53e6de526a6a0afc3a91899d5ce7a66a,6a1ebdee6b34390f1430eab371e1c4108db1f124b59b7239d74785efa6474af9,0.08606135898994265,0.22525667708415073,0.6886819639259074,8.002220415859208,0.7315522421235071,weak,0.9998677818072259,0.0026542202613968023,-0.016042880623563138,lambda_min,TARGET_FRAME,-1,0.03,-0.029996033454216777,-7.962660784190406e-05,0.0004812864187068941,"[[1.0,0.0,0.0,0.0],[0.0,1.0,0.0,0.0],[0.0,0.0,1.0,0.0],[0.0,0.0,0.0,1.0]]","[[1.0,0.0,0.0,-0.029996033454216777],[0.0,1.0,0.0,-7.962660784190406e-05],[0.0,0.0,1.0,0.0004812864187068941],[0.0,0.0,0.0,1.0]]",source/query_to_target/map,LEFT: T_initial=Delta_T@T_star,true,true,false,false,true,true,ASSUMED_METERS_FROM_SCALE,"[[0.9999999980124556,4.107019804753267e-05,4.783646512466506e-05,0.0006142834911299536],[-4.105857148335436e-05,0.9999999696268188,-0.00024302377529693834,0.0002686917493899332],[-4.784644470630116e-05,0.00024302181071699492,0.999999969325558,-0.0003364708040625214],[0.0,0.0,0.0,1.0]]",0.030000000000000002,0.0007501680249460825,0.0,0.014385139865977812,0.0006142834911299536,0.0002686917493899332,-0.0003364708040625214,0.974994399168464,true,true,true,1.0,0.020444146386660027,16050,,41.07612600000721,0.19.0+b012259,
CP-W_TEST_01_Q08-W-30MM-NEG-PCL,W_TEST_01,Weak,W_TEST_01_Q08,pcl,/home/lj/zero_perturbation_runtime/real_data/mid360_two_scene_pilot_v1/canonical_sources/W_TEST_01_Q08/source_points.npy,54355f8a4d3d05807636f59079e3af93c526a2a21249eb41ca2da987f4ca5315,2b30cb55df54fb970b748a0471087c717492d28cf17764d1341e8cfcbd736eab,/home/lj/zero_perturbation_runtime/real_data/mid360_two_scene_pilot_v1/target_maps/W_TEST_01/target_points.npy,d4438aba190de47a85fb6188ddc3b39dbfd6e39d3fdb5fa264bf425912e6c02e,e94c88ddc68916220d35f10c3da8fbaa53e6de526a6a0afc3a91899d5ce7a66a,6a1ebdee6b34390f1430eab371e1c4108db1f124b59b7239d74785efa6474af9,0.08606135898994265,0.22525667708415073,0.6886819639259074,8.002220415859208,0.7315522421235071,weak,0.9998677818072259,0.0026542202613968023,-0.016042880623563138,lambda_min,TARGET_FRAME,-1,0.03,-0.029996033454216777,-7.962660784190406e-05,0.0004812864187068941,"[[1.0,0.0,0.0,0.0],[0.0,1.0,0.0,0.0],[0.0,0.0,1.0,0.0],[0.0,0.0,0.0,1.0]]","[[1.0,0.0,0.0,-0.029996033454216777],[0.0,1.0,0.0,-7.962660784190406e-05],[0.0,0.0,1.0,0.0004812864187068941],[0.0,0.0,0.0,1.0]]",source/query_to_target/map,LEFT: T_initial=Delta_T@T_star,true,true,false,false,true,true,ASSUMED_METERS_FROM_SCALE,"[[1.0,4.6846456825733185e-05,4.421460471348837e-05,0.0005928274476900697],[-4.683652878156863e-05,1.0,-0.00022458125022239983,0.0002496036177035421],[-4.4225133024156094e-05,0.00022457919840235263,1.0,-0.00033967584022320807],[0.0,0.0,0.0,1.0]]",0.030000000000000002,0.0007274104928695768,0.0,0.013386358843289967,0.0005928274476900697,0.0002496036177035421,-0.00033967584022320807,0.9757529835710141,true,true,true,0.0004179396786209673,,16050,8,1303.09576,1.15.1,
CP-W_TEST_01_Q08-W-50MM-POS-O3D,W_TEST_01,Weak,W_TEST_01_Q08,open3d,/home/lj/zero_perturbation_runtime/real_data/mid360_two_scene_pilot_v1/canonical_sources/W_TEST_01_Q08/source_points.npy,54355f8a4d3d05807636f59079e3af93c526a2a21249eb41ca2da987f4ca5315,2b30cb55df54fb970b748a0471087c717492d28cf17764d1341e8cfcbd736eab,/home/lj/zero_perturbation_runtime/real_data/mid360_two_scene_pilot_v1/target_maps/W_TEST_01/target_points.npy,d4438aba190de47a85fb6188ddc3b39dbfd6e39d3fdb5fa264bf425912e6c02e,e94c88ddc68916220d35f10c3da8fbaa53e6de526a6a0afc3a91899d5ce7a66a,6a1ebdee6b34390f1430eab371e1c4108db1f124b59b7239d74785efa6474af9,0.08606135898994265,0.22525667708415073,0.6886819639259074,8.002220415859208,0.7315522421235071,weak,0.9998677818072259,0.0026542202613968023,-0.016042880623563138,lambda_min,TARGET_FRAME,1,0.05,0.0499933890903613,0.00013271101306984012,-0.0008021440311781569,"[[1.0,0.0,0.0,0.0],[0.0,1.0,0.0,0.0],[0.0,0.0,1.0,0.0],[0.0,0.0,0.0,1.0]]","[[1.0,0.0,0.0,0.0499933890903613],[0.0,1.0,0.0,0.00013271101306984012],[0.0,0.0,1.0,-0.0008021440311781569],[0.0,0.0,0.0,1.0]]",source/query_to_target/map,LEFT: T_initial=Delta_T@T_star,true,true,false,false,true,true,ASSUMED_METERS_FROM_SCALE,"[[0.999999997995996,4.07949129904108e-05,4.841263970000638e-05,0.0006137198544447095],[-4.078289721484178e-05,0.9999999683741909,-0.0002481700481618041,0.0002724173660101615],[-4.8422762244439075e-05,0.00024816807325676166,0.9999999680339212,-0.0003251072010979218],[0.0,0.0,0.0,1.0]]",0.05000000000000002,0.0007460281316741844,0.0,0.01467442036356077,0.0006137198544447095,0.0002724173660101615,-0.0003251072010979218,0.9850794373665163,true,true,true,1.0,0.020444385755504994,16050,,42.57763900022837,0.19.0+b012259,
CP-W_TEST_01_Q08-W-50MM-POS-PCL,W_TEST_01,Weak,W_TEST_01_Q08,pcl,/home/lj/zero_perturbation_runtime/real_data/mid360_two_scene_pilot_v1/canonical_sources/W_TEST_01_Q08/source_points.npy,54355f8a4d3d05807636f59079e3af93c526a2a21249eb41ca2da987f4ca5315,2b30cb55df54fb970b748a0471087c717492d28cf17764d1341e8cfcbd736eab,/home/lj/zero_perturbation_runtime/real_data/mid360_two_scene_pilot_v1/target_maps/W_TEST_01/target_points.npy,d4438aba190de47a85fb6188ddc3b39dbfd6e39d3fdb5fa264bf425912e6c02e,e94c88ddc68916220d35f10c3da8fbaa53e6de526a6a0afc3a91899d5ce7a66a,6a1ebdee6b34390f1430eab371e1c4108db1f124b59b7239d74785efa6474af9,0.08606135898994265,0.22525667708415073,0.6886819639259074,8.002220415859208,0.7315522421235071,weak,0.9998677818072259,0.0026542202613968023,-0.016042880623563138,lambda_min,TARGET_FRAME,1,0.05,0.0499933890903613,0.00013271101306984012,-0.0008021440311781569,"[[1.0,0.0,0.0,0.0],[0.0,1.0,0.0,0.0],[0.0,0.0,1.0,0.0],[0.0,0.0,0.0,1.0]]","[[1.0,0.0,0.0,0.0499933890903613],[0.0,1.0,0.0,0.00013271101306984012],[0.0,0.0,1.0,-0.0008021440311781569],[0.0,0.0,0.0,1.0]]",source/query_to_target/map,LEFT: T_initial=Delta_T@T_star,true,true,false,false,true,true,ASSUMED_METERS_FROM_SCALE,"[[1.0,4.7024546802276745e-05,4.431584238773212e-05,0.0005970909842289984],[-4.701459693023935e-05,1.0,-0.0002244733041152358,0.00024681544164195657],[-4.432638888829388e-05,0.00022447120863944292,1.0,-0.0003388906770851463],[0.0,0.0,0.0,1.0]]",0.05000000000000002,0.0007295768614037159,0.0,0.013383562368757701,0.0005970909842289984,0.00024681544164195657,-0.0003388906770851463,0.9854084627719257,true,true,true,0.0004179395541030482,,16050,9,1662.707208,1.15.1,
CP-W_TEST_01_Q08-W-50MM-NEG-O3D,W_TEST_01,Weak,W_TEST_01_Q08,open3d,/home/lj/zero_perturbation_runtime/real_data/mid360_two_scene_pilot_v1/canonical_sources/W_TEST_01_Q08/source_points.npy,54355f8a4d3d05807636f59079e3af93c526a2a21249eb41ca2da987f4ca5315,2b30cb55df54fb970b748a0471087c717492d28cf17764d1341e8cfcbd736eab,/home/lj/zero_perturbation_runtime/real_data/mid360_two_scene_pilot_v1/target_maps/W_TEST_01/target_points.npy,d4438aba190de47a85fb6188ddc3b39dbfd6e39d3fdb5fa264bf425912e6c02e,e94c88ddc68916220d35f10c3da8fbaa53e6de526a6a0afc3a91899d5ce7a66a,6a1ebdee6b34390f1430eab371e1c4108db1f124b59b7239d74785efa6474af9,0.08606135898994265,0.22525667708415073,0.6886819639259074,8.002220415859208,0.7315522421235071,weak,0.9998677818072259,0.0026542202613968023,-0.016042880623563138,lambda_min,TARGET_FRAME,-1,0.05,-0.0499933890903613,-0.00013271101306984012,0.0008021440311781569,"[[1.0,0.0,0.0,0.0],[0.0,1.0,0.0,0.0],[0.0,0.0,1.0,0.0],[0.0,0.0,0.0,1.0]]","[[1.0,0.0,0.0,-0.0499933890903613],[0.0,1.0,0.0,-0.00013271101306984012],[0.0,0.0,1.0,0.0008021440311781569],[0.0,0.0,0.0,1.0]]",source/query_to_target/map,LEFT: T_initial=Delta_T@T_star,true,true,false,false,true,true,ASSUMED_METERS_FROM_SCALE,"[[0.9999999979959955,4.0794912990182915e-05,4.84126397003175e-05,0.00061371985444399],[-4.078289721461535e-05,0.9999999683741908,-0.0002481700481302816,0.00027241736598389874],[-4.842276224474881e-05,0.00024816807322523897,0.9999999680339211,-0.000325107201101935],[0.0,0.0,0.0,1.0]]",0.05000000000000002,0.0007460281316657514,0.0,0.014674420361826977,0.00061371985444399,0.00027241736598389874,-0.000325107201101935,0.985079437366685,true,true,true,1.0,0.02044438575550421,16050,,47.03203100052633,0.19.0+b012259,
CP-W_TEST_01_Q08-W-50MM-NEG-PCL,W_TEST_01,Weak,W_TEST_01_Q08,pcl,/home/lj/zero_perturbation_runtime/real_data/mid360_two_scene_pilot_v1/canonical_sources/W_TEST_01_Q08/source_points.npy,54355f8a4d3d05807636f59079e3af93c526a2a21249eb41ca2da987f4ca5315,2b30cb55df54fb970b748a0471087c717492d28cf17764d1341e8cfcbd736eab,/home/lj/zero_perturbation_runtime/real_data/mid360_two_scene_pilot_v1/target_maps/W_TEST_01/target_points.npy,d4438aba190de47a85fb6188ddc3b39dbfd6e39d3fdb5fa264bf425912e6c02e,e94c88ddc68916220d35f10c3da8fbaa53e6de526a6a0afc3a91899d5ce7a66a,6a1ebdee6b34390f1430eab371e1c4108db1f124b59b7239d74785efa6474af9,0.08606135898994265,0.22525667708415073,0.6886819639259074,8.002220415859208,0.7315522421235071,weak,0.9998677818072259,0.0026542202613968023,-0.016042880623563138,lambda_min,TARGET_FRAME,-1,0.05,-0.0499933890903613,-0.00013271101306984012,0.0008021440311781569,"[[1.0,0.0,0.0,0.0],[0.0,1.0,0.0,0.0],[0.0,0.0,1.0,0.0],[0.0,0.0,0.0,1.0]]","[[1.0,0.0,0.0,-0.0499933890903613],[0.0,1.0,0.0,-0.00013271101306984012],[0.0,0.0,1.0,0.0008021440311781569],[0.0,0.0,0.0,1.0]]",source/query_to_target/map,LEFT: T_initial=Delta_T@T_star,true,true,false,false,true,true,ASSUMED_METERS_FROM_SCALE,"[[1.0,4.683286169893108e-05,4.4200151023687795e-05,0.0005925492732785642],[-4.6822915464872494e-05,1.0,-0.00022489878756459802,0.00024961293092928827],[-4.4210672058397904e-05,0.0002248967211926356,1.0,-0.0003396534302737564],[0.0,0.0,0.0,1.0]]",0.05000000000000002,0.0007271765323817826,0.0,0.013403535141056125,0.0005925492732785642,0.00024961293092928827,-0.0003396534302737564,0.9854564693523643,true,true,true,0.00041793984746459994,,16050,8,1712.910235,1.15.1,
CP-W_TEST_01_Q08-S-10MM-POS-O3D,W_TEST_01,Weak,W_TEST_01_Q08,open3d,/home/lj/zero_perturbation_runtime/real_data/mid360_two_scene_pilot_v1/canonical_sources/W_TEST_01_Q08/source_points.npy,54355f8a4d3d05807636f59079e3af93c526a2a21249eb41ca2da987f4ca5315,2b30cb55df54fb970b748a0471087c717492d28cf17764d1341e8cfcbd736eab,/home/lj/zero_perturbation_runtime/real_data/mid360_two_scene_pilot_v1/target_maps/W_TEST_01/target_points.npy,d4438aba190de47a85fb6188ddc3b39dbfd6e39d3fdb5fa264bf425912e6c02e,e94c88ddc68916220d35f10c3da8fbaa53e6de526a6a0afc3a91899d5ce7a66a,6a1ebdee6b34390f1430eab371e1c4108db1f124b59b7239d74785efa6474af9,0.08606135898994265,0.22525667708415073,0.6886819639259074,8.002220415859208,0.7315522421235071,strong,-0.003263298528170342,0.9992701463838257,-0.038059498535367046,lambda_max,TARGET_FRAME,1,0.01,-3.263298528170342e-05,0.009992701463838257,-0.00038059498535367045,"[[1.0,0.0,0.0,0.0],[0.0,1.0,0.0,0.0],[0.0,0.0,1.0,0.0],[0.0,0.0,0.0,1.0]]","[[1.0,0.0,0.0,-3.263298528170342e-05],[0.0,1.0,0.0,0.009992701463838257],[0.0,0.0,1.0,-0.00038059498535367045],[0.0,0.0,0.0,1.0]]",source/query_to_target/map,LEFT: T_initial=Delta_T@T_star,true,true,false,false,true,true,ASSUMED_METERS_FROM_SCALE,"[[0.9999999980124555,4.107019804754282e-05,4.7836465124678255e-05,0.000614283491130015],[-4.105857148336459e-05,0.9999999696268188,-0.00024302377529553478,0.0002686917493886783],[-4.784644470631426e-05,0.00024302181071559148,0.9999999693255582,-0.000336470804063092],[0.0,0.0,0.0,1.0]]",0.01,0.000750168024945939,0.0,0.01438513986589955,0.000614283491130015,0.0002686917493886783,-0.000336470804063092,0.9249831975054061,true,true,true,1.0,0.02044414638666,16050,,40.11884200008353,0.19.0+b012259,
CP-W_TEST_01_Q08-S-10MM-POS-PCL,W_TEST_01,Weak,W_TEST_01_Q08,pcl,/home/lj/zero_perturbation_runtime/real_data/mid360_two_scene_pilot_v1/canonical_sources/W_TEST_01_Q08/source_points.npy,54355f8a4d3d05807636f59079e3af93c526a2a21249eb41ca2da987f4ca5315,2b30cb55df54fb970b748a0471087c717492d28cf17764d1341e8cfcbd736eab,/home/lj/zero_perturbation_runtime/real_data/mid360_two_scene_pilot_v1/target_maps/W_TEST_01/target_points.npy,d4438aba190de47a85fb6188ddc3b39dbfd6e39d3fdb5fa264bf425912e6c02e,e94c88ddc68916220d35f10c3da8fbaa53e6de526a6a0afc3a91899d5ce7a66a,6a1ebdee6b34390f1430eab371e1c4108db1f124b59b7239d74785efa6474af9,0.08606135898994265,0.22525667708415073,0.6886819639259074,8.002220415859208,0.7315522421235071,strong,-0.003263298528170342,0.9992701463838257,-0.038059498535367046,lambda_max,TARGET_FRAME,1,0.01,-3.263298528170342e-05,0.009992701463838257,-0.00038059498535367045,"[[1.0,0.0,0.0,0.0],[0.0,1.0,0.0,0.0],[0.0,0.0,1.0,0.0],[0.0,0.0,0.0,1.0]]","[[1.0,0.0,0.0,-3.263298528170342e-05],[0.0,1.0,0.0,0.009992701463838257],[0.0,0.0,1.0,-0.00038059498535367045],[0.0,0.0,0.0,1.0]]",source/query_to_target/map,LEFT: T_initial=Delta_T@T_star,true,true,false,false,true,true,ASSUMED_METERS_FROM_SCALE,"[[1.0,4.682656435761601e-05,4.424554208526388e-05,0.0005926104495301843],[-4.681662539951503e-05,0.9999999403953552,-0.0002248081291327253,0.0002495407243259251],[-4.4256077671889216e-05,0.00022480603365693241,0.9999999403953552,-0.0003391890786588192],[0.0,0.0,0.0,1.0]]",0.01,0.0007269848341409146,0.0,0.013398961265446471,0.0005926104495301843,0.0002495407243259251,-0.0003391890786588192,0.9273015165859085,true,true,true,0.00041794000963599106,,16050,6,1654.644081,1.15.1,
CP-W_TEST_01_Q08-S-10MM-NEG-O3D,W_TEST_01,Weak,W_TEST_01_Q08,open3d,/home/lj/zero_perturbation_runtime/real_data/mid360_two_scene_pilot_v1/canonical_sources/W_TEST_01_Q08/source_points.npy,54355f8a4d3d05807636f59079e3af93c526a2a21249eb41ca2da987f4ca5315,2b30cb55df54fb970b748a0471087c717492d28cf17764d1341e8cfcbd736eab,/home/lj/zero_perturbation_runtime/real_data/mid360_two_scene_pilot_v1/target_maps/W_TEST_01/target_points.npy,d4438aba190de47a85fb6188ddc3b39dbfd6e39d3fdb5fa264bf425912e6c02e,e94c88ddc68916220d35f10c3da8fbaa53e6de526a6a0afc3a91899d5ce7a66a,6a1ebdee6b34390f1430eab371e1c4108db1f124b59b7239d74785efa6474af9,0.08606135898994265,0.22525667708415073,0.6886819639259074,8.002220415859208,0.7315522421235071,strong,-0.003263298528170342,0.9992701463838257,-0.038059498535367046,lambda_max,TARGET_FRAME,-1,0.01,3.263298528170342e-05,-0.009992701463838257,0.00038059498535367045,"[[1.0,0.0,0.0,0.0],[0.0,1.0,0.0,0.0],[0.0,0.0,1.0,0.0],[0.0,0.0,0.0,1.0]]","[[1.0,0.0,0.0,3.263298528170342e-05],[0.0,1.0,0.0,-0.009992701463838257],[0.0,0.0,1.0,0.00038059498535367045],[0.0,0.0,0.0,1.0]]",source/query_to_target/map,LEFT: T_initial=Delta_T@T_star,true,true,false,false,true,true,ASSUMED_METERS_FROM_SCALE,"[[0.9999999979831294,4.096652112179594e-05,4.8533341776115e-05,0.0006138921528186202],[-4.0954686419255015e-05,0.9999999694365885,-0.00024382275424499877,0.00026908880301260455],[-4.854332886278227e-05,0.00024382076608544652,0.9999999690974892,-0.0003352077275411004],[0.0,0.0,0.0,1.0]]",0.01,0.0007494241654779388,0.0,0.014436125394456002,0.0006138921528186202,0.00026908880301260455,-0.0003352077275411004,0.9250575834522061,true,true,true,1.0,0.020444198619208893,16050,,37.95782700035488,0.19.0+b012259,
CP-W_TEST_01_Q08-S-10MM-NEG-PCL,W_TEST_01,Weak,W_TEST_01_Q08,pcl,/home/lj/zero_perturbation_runtime/real_data/mid360_two_scene_pilot_v1/canonical_sources/W_TEST_01_Q08/source_points.npy,54355f8a4d3d05807636f59079e3af93c526a2a21249eb41ca2da987f4ca5315,2b30cb55df54fb970b748a0471087c717492d28cf17764d1341e8cfcbd736eab,/home/lj/zero_perturbation_runtime/real_data/mid360_two_scene_pilot_v1/target_maps/W_TEST_01/target_points.npy,d4438aba190de47a85fb6188ddc3b39dbfd6e39d3fdb5fa264bf425912e6c02e,e94c88ddc68916220d35f10c3da8fbaa53e6de526a6a0afc3a91899d5ce7a66a,6a1ebdee6b34390f1430eab371e1c4108db1f124b59b7239d74785efa6474af9,0.08606135898994265,0.22525667708415073,0.6886819639259074,8.002220415859208,0.7315522421235071,strong,-0.003263298528170342,0.9992701463838257,-0.038059498535367046,lambda_max,TARGET_FRAME,-1,0.01,3.263298528170342e-05,-0.009992701463838257,0.00038059498535367045,"[[1.0,0.0,0.0,0.0],[0.0,1.0,0.0,0.0],[0.0,0.0,1.0,0.0],[0.0,0.0,0.0,1.0]]","[[1.0,0.0,0.0,3.263298528170342e-05],[0.0,1.0,0.0,-0.009992701463838257],[0.0,0.0,1.0,0.00038059498535367045],[0.0,0.0,0.0,1.0]]",source/query_to_target/map,LEFT: T_initial=Delta_T@T_star,true,true,false,false,true,true,ASSUMED_METERS_FROM_SCALE,"[[1.0,4.685032763518393e-05,5.11026410094928e-05,0.0005965507007203996],[-4.683870429289527e-05,1.0,-0.00022743854788132012,0.0002534373488742858],[-5.111329664941877e-05,0.00022743616136722267,1.0,-0.0003444193280301988],[0.0,0.0,0.0,1.0]]",0.01,0.0007339808593248192,0.0,0.013623170343356679,0.0005965507007203996,0.0002534373488742858,-0.0003444193280301988,0.9266019140675181,true,true,true,0.00041795056207503614,,16050,8,1292.618465,1.15.1,
CP-W_TEST_01_Q08-S-30MM-POS-O3D,W_TEST_01,Weak,W_TEST_01_Q08,open3d,/home/lj/zero_perturbation_runtime/real_data/mid360_two_scene_pilot_v1/canonical_sources/W_TEST_01_Q08/source_points.npy,54355f8a4d3d05807636f59079e3af93c526a2a21249eb41ca2da987f4ca5315,2b30cb55df54fb970b748a0471087c717492d28cf17764d1341e8cfcbd736eab,/home/lj/zero_perturbation_runtime/real_data/mid360_two_scene_pilot_v1/target_maps/W_TEST_01/target_points.npy,d4438aba190de47a85fb6188ddc3b39dbfd6e39d3fdb5fa264bf425912e6c02e,e94c88ddc68916220d35f10c3da8fbaa53e6de526a6a0afc3a91899d5ce7a66a,6a1ebdee6b34390f1430eab371e1c4108db1f124b59b7239d74785efa6474af9,0.08606135898994265,0.22525667708415073,0.6886819639259074,8.002220415859208,0.7315522421235071,strong,-0.003263298528170342,0.9992701463838257,-0.038059498535367046,lambda_max,TARGET_FRAME,1,0.03,-9.789895584511026e-05,0.02997810439151477,-0.0011417849560610112,"[[1.0,0.0,0.0,0.0],[0.0,1.0,0.0,0.0],[0.0,0.0,1.0,0.0],[0.0,0.0,0.0,1.0]]","[[1.0,0.0,0.0,-9.789895584511026e-05],[0.0,1.0,0.0,0.02997810439151477],[0.0,0.0,1.0,-0.0011417849560610112],[0.0,0.0,0.0,1.0]]",source/query_to_target/map,LEFT: T_initial=Delta_T@T_star,true,true,false,false,true,true,ASSUMED_METERS_FROM_SCALE,"[[0.9999999979959956,4.0794912787237636e-05,4.841263979819737e-05,0.0006137198529863576],[-4.0782897013396386e-05,0.9999999683741997,-0.0002481700119778472,0.00027241733609192486],[-4.842276234110394e-05,0.00024816803707281086,0.99999996803393,-0.0003251072062455979],[0.0,0.0,0.0,1.0]]",0.03,0.0007460281217928952,0.0,0.014674418353929115,0.0006137198529863576,0.00027241733609192486,-0.0003251072062455979,0.9751323959402368,true,true,true,1.0,0.020444385754662033,16050,,56.00464400049532,0.19.0+b012259,
CP-W_TEST_01_Q08-S-30MM-POS-PCL,W_TEST_01,Weak,W_TEST_01_Q08,pcl,/home/lj/zero_perturbation_runtime/real_data/mid360_two_scene_pilot_v1/canonical_sources/W_TEST_01_Q08/source_points.npy,54355f8a4d3d05807636f59079e3af93c526a2a21249eb41ca2da987f4ca5315,2b30cb55df54fb970b748a0471087c717492d28cf17764d1341e8cfcbd736eab,/home/lj/zero_perturbation_runtime/real_data/mid360_two_scene_pilot_v1/target_maps/W_TEST_01/target_points.npy,d4438aba190de47a85fb6188ddc3b39dbfd6e39d3fdb5fa264bf425912e6c02e,e94c88ddc68916220d35f10c3da8fbaa53e6de526a6a0afc3a91899d5ce7a66a,6a1ebdee6b34390f1430eab371e1c4108db1f124b59b7239d74785efa6474af9,0.08606135898994265,0.22525667708415073,0.6886819639259074,8.002220415859208,0.7315522421235071,strong,-0.003263298528170342,0.9992701463838257,-0.038059498535367046,lambda_max,TARGET_FRAME,1,0.03,-9.789895584511026e-05,0.02997810439151477,-0.0011417849560610112,"[[1.0,0.0,0.0,0.0],[0.0,1.0,0.0,0.0],[0.0,0.0,1.0,0.0],[0.0,0.0,0.0,1.0]]","[[1.0,0.0,0.0,-9.789895584511026e-05],[0.0,1.0,0.0,0.02997810439151477],[0.0,0.0,1.0,-0.0011417849560610112],[0.0,0.0,0.0,1.0]]",source/query_to_target/map,LEFT: T_initial=Delta_T@T_star,true,true,false,false,true,true,ASSUMED_METERS_FROM_SCALE,"[[1.0,4.705209721578285e-05,4.429823093232699e-05,0.0005929535254836082],[-4.7042110963957384e-05,0.9999999403953552,-0.00022517816978506744,0.0002490404585842043],[-4.430882472661324e-05,0.00022517616162076592,0.9999999403953552,-0.00033956661354750395],[0.0,0.0,0.0,1.0]]",0.03,0.0007272692200494881,0.0,0.013422506190590757,0.0005929535254836082,0.0002490404585842043,-0.00033956661354750395,0.9757576926650171,true,true,true,0.00041793995236041523,,16050,6,1271.286388,1.15.1,
CP-W_TEST_01_Q08-S-30MM-NEG-O3D,W_TEST_01,Weak,W_TEST_01_Q08,open3d,/home/lj/zero_perturbation_runtime/real_data/mid360_two_scene_pilot_v1/canonical_sources/W_TEST_01_Q08/source_points.npy,54355f8a4d3d05807636f59079e3af93c526a2a21249eb41ca2da987f4ca5315,2b30cb55df54fb970b748a0471087c717492d28cf17764d1341e8cfcbd736eab,/home/lj/zero_perturbation_runtime/real_data/mid360_two_scene_pilot_v1/target_maps/W_TEST_01/target_points.npy,d4438aba190de47a85fb6188ddc3b39dbfd6e39d3fdb5fa264bf425912e6c02e,e94c88ddc68916220d35f10c3da8fbaa53e6de526a6a0afc3a91899d5ce7a66a,6a1ebdee6b34390f1430eab371e1c4108db1f124b59b7239d74785efa6474af9,0.08606135898994265,0.22525667708415073,0.6886819639259074,8.002220415859208,0.7315522421235071,strong,-0.003263298528170342,0.9992701463838257,-0.038059498535367046,lambda_max,TARGET_FRAME,-1,0.03,9.789895584511026e-05,-0.02997810439151477,0.0011417849560610112,"[[1.0,0.0,0.0,0.0],[0.0,1.0,0.0,0.0],[0.0,0.0,1.0,0.0],[0.0,0.0,0.0,1.0]]","[[1.0,0.0,0.0,9.789895584511026e-05],[0.0,1.0,0.0,-0.02997810439151477],[0.0,0.0,1.0,0.0011417849560610112],[0.0,0.0,0.0,1.0]]",source/query_to_target/map,LEFT: T_initial=Delta_T@T_star,true,true,false,false,true,true,ASSUMED_METERS_FROM_SCALE,"[[0.9999999977909927,3.421873599820211e-05,5.6983269180574924e-05,0.0005711781715603868],[-3.4205593277329094e-05,0.9999999728206385,-0.00023062675376447648,0.00026191922673820416],[-5.69911593878072e-05,0.00023062480410849113,0.9999999717821032,-0.00035477060286629965],[0.0,0.0,0.0,1.0]]",0.03,0.000721601251149361,0.0,0.013751734989643789,0.0005711781715603868,0.00026191922673820416,-0.00035477060286629965,0.9759466249616879,true,true,true,1.0,0.0204440080615084,16050,,53.16134700024122,0.19.0+b012259,
CP-W_TEST_01_Q08-S-30MM-NEG-PCL,W_TEST_01,Weak,W_TEST_01_Q08,pcl,/home/lj/zero_perturbation_runtime/real_data/mid360_two_scene_pilot_v1/canonical_sources/W_TEST_01_Q08/source_points.npy,54355f8a4d3d05807636f59079e3af93c526a2a21249eb41ca2da987f4ca5315,2b30cb55df54fb970b748a0471087c717492d28cf17764d1341e8cfcbd736eab,/home/lj/zero_perturbation_runtime/real_data/mid360_two_scene_pilot_v1/target_maps/W_TEST_01/target_points.npy,d4438aba190de47a85fb6188ddc3b39dbfd6e39d3fdb5fa264bf425912e6c02e,e94c88ddc68916220d35f10c3da8fbaa53e6de526a6a0afc3a91899d5ce7a66a,6a1ebdee6b34390f1430eab371e1c4108db1f124b59b7239d74785efa6474af9,0.08606135898994265,0.22525667708415073,0.6886819639259074,8.002220415859208,0.7315522421235071,strong,-0.003263298528170342,0.9992701463838257,-0.038059498535367046,lambda_max,TARGET_FRAME,-1,0.03,9.789895584511026e-05,-0.02997810439151477,0.0011417849560610112,"[[1.0,0.0,0.0,0.0],[0.0,1.0,0.0,0.0],[0.0,0.0,1.0,0.0],[0.0,0.0,0.0,1.0]]","[[1.0,0.0,0.0,9.789895584511026e-05],[0.0,1.0,0.0,-0.02997810439151477],[0.0,0.0,1.0,0.0011417849560610112],[0.0,0.0,0.0,1.0]]",source/query_to_target/map,LEFT: T_initial=Delta_T@T_star,true,true,false,false,true,true,ASSUMED_METERS_FROM_SCALE,"[[1.0,4.685667954618111e-05,5.1100421842420474e-05,0.0005965860327705741],[-4.684505984187126e-05,1.0,-0.0002274407888762653,0.00025340146385133266],[-5.1111077482346445e-05,0.00022743835870642215,1.0,-0.0003446491318754852],[0.0,0.0,0.0,1.0]]",0.03,0.0007341050473068935,0.0,0.013623336364268431,0.0005965860327705741,0.00025340146385133266,-0.0003446491318754852,0.9755298317564369,true,true,true,0.00041795044475332563,,16050,9,1318.587811,1.15.1,
CP-W_TEST_01_Q08-S-50MM-POS-O3D,W_TEST_01,Weak,W_TEST_01_Q08,open3d,/home/lj/zero_perturbation_runtime/real_data/mid360_two_scene_pilot_v1/canonical_sources/W_TEST_01_Q08/source_points.npy,54355f8a4d3d05807636f59079e3af93c526a2a21249eb41ca2da987f4ca5315,2b30cb55df54fb970b748a0471087c717492d28cf17764d1341e8cfcbd736eab,/home/lj/zero_perturbation_runtime/real_data/mid360_two_scene_pilot_v1/target_maps/W_TEST_01/target_points.npy,d4438aba190de47a85fb6188ddc3b39dbfd6e39d3fdb5fa264bf425912e6c02e,e94c88ddc68916220d35f10c3da8fbaa53e6de526a6a0afc3a91899d5ce7a66a,6a1ebdee6b34390f1430eab371e1c4108db1f124b59b7239d74785efa6474af9,0.08606135898994265,0.22525667708415073,0.6886819639259074,8.002220415859208,0.7315522421235071,strong,-0.003263298528170342,0.9992701463838257,-0.038059498535367046,lambda_max,TARGET_FRAME,1,0.05,-0.0001631649264085171,0.04996350731919129,-0.0019029749267683524,"[[1.0,0.0,0.0,0.0],[0.0,1.0,0.0,0.0],[0.0,0.0,1.0,0.0],[0.0,0.0,0.0,1.0]]","[[1.0,0.0,0.0,-0.0001631649264085171],[0.0,1.0,0.0,0.04996350731919129],[0.0,0.0,1.0,-0.0019029749267683524],[0.0,0.0,0.0,1.0]]",source/query_to_target/map,LEFT: T_initial=Delta_T@T_star,true,true,false,false,true,true,ASSUMED_METERS_FROM_SCALE,"[[0.9999999980041134,4.1075893506022346e-05,4.800566303079149e-05,0.000613826261771538],[-4.1064259416865944e-05,0.9999999697963711,-0.00024232412887479458,0.0002679813518718708],[-4.801561526095788e-05,0.0002423221570741426,0.9999999694872359,-0.0003386868689985747],[0.0,0.0,0.0,1.0]]",0.05,0.0007505367944501813,0.0,0.01434824970653872,0.000613826261771538,0.0002679813518718708,-0.0003386868689985747,0.9849892641109964,true,true,true,1.0,0.020444114029202962,16050,,36.873135999485385,0.19.0+b012259,
CP-W_TEST_01_Q08-S-50MM-POS-PCL,W_TEST_01,Weak,W_TEST_01_Q08,pcl,/home/lj/zero_perturbation_runtime/real_data/mid360_two_scene_pilot_v1/canonical_sources/W_TEST_01_Q08/source_points.npy,54355f8a4d3d05807636f59079e3af93c526a2a21249eb41ca2da987f4ca5315,2b30cb55df54fb970b748a0471087c717492d28cf17764d1341e8cfcbd736eab,/home/lj/zero_perturbation_runtime/real_data/mid360_two_scene_pilot_v1/target_maps/W_TEST_01/target_points.npy,d4438aba190de47a85fb6188ddc3b39dbfd6e39d3fdb5fa264bf425912e6c02e,e94c88ddc68916220d35f10c3da8fbaa53e6de526a6a0afc3a91899d5ce7a66a,6a1ebdee6b34390f1430eab371e1c4108db1f124b59b7239d74785efa6474af9,0.08606135898994265,0.22525667708415073,0.6886819639259074,8.002220415859208,0.7315522421235071,strong,-0.003263298528170342,0.9992701463838257,-0.038059498535367046,lambda_max,TARGET_FRAME,1,0.05,-0.0001631649264085171,0.04996350731919129,-0.0019029749267683524,"[[1.0,0.0,0.0,0.0],[0.0,1.0,0.0,0.0],[0.0,0.0,1.0,0.0],[0.0,0.0,0.0,1.0]]","[[1.0,0.0,0.0,-0.0001631649264085171],[0.0,1.0,0.0,0.04996350731919129],[0.0,0.0,1.0,-0.0019029749267683524],[0.0,0.0,0.0,1.0]]",source/query_to_target/map,LEFT: T_initial=Delta_T@T_star,true,true,false,false,true,true,ASSUMED_METERS_FROM_SCALE,"[[1.0,4.705070023192093e-05,4.424510188982822e-05,0.000593071395996958],[-4.7040735807968304e-05,0.9999999403953552,-0.00022524074302054942,0.000249216565862298],[-4.425569932209328e-05,0.00022523872030433267,0.9999999403953552,-0.0003391046484466642],[0.0,0.0,0.0,1.0]]",0.05,0.0007272101072235681,0.0,0.013425360774451259,0.000593071395996958,0.000249216565862298,-0.0003391046484466642,0.9854557978555286,true,true,true,0.00041794017046169305,,16050,7,1636.641986,1.15.1,
CP-W_TEST_01_Q08-S-50MM-NEG-O3D,W_TEST_01,Weak,W_TEST_01_Q08,open3d,/home/lj/zero_perturbation_runtime/real_data/mid360_two_scene_pilot_v1/canonical_sources/W_TEST_01_Q08/source_points.npy,54355f8a4d3d05807636f59079e3af93c526a2a21249eb41ca2da987f4ca5315,2b30cb55df54fb970b748a0471087c717492d28cf17764d1341e8cfcbd736eab,/home/lj/zero_perturbation_runtime/real_data/mid360_two_scene_pilot_v1/target_maps/W_TEST_01/target_points.npy,d4438aba190de47a85fb6188ddc3b39dbfd6e39d3fdb5fa264bf425912e6c02e,e94c88ddc68916220d35f10c3da8fbaa53e6de526a6a0afc3a91899d5ce7a66a,6a1ebdee6b34390f1430eab371e1c4108db1f124b59b7239d74785efa6474af9,0.08606135898994265,0.22525667708415073,0.6886819639259074,8.002220415859208,0.7315522421235071,strong,-0.003263298528170342,0.9992701463838257,-0.038059498535367046,lambda_max,TARGET_FRAME,-1,0.05,0.0001631649264085171,-0.04996350731919129,0.0019029749267683524,"[[1.0,0.0,0.0,0.0],[0.0,1.0,0.0,0.0],[0.0,0.0,1.0,0.0],[0.0,0.0,0.0,1.0]]","[[1.0,0.0,0.0,0.0001631649264085171],[0.0,1.0,0.0,-0.04996350731919129],[0.0,0.0,1.0,0.0019029749267683524],[0.0,0.0,0.0,1.0]]",source/query_to_target/map,LEFT: T_initial=Delta_T@T_star,true,true,false,false,true,true,ASSUMED_METERS_FROM_SCALE,"[[0.9999999979831294,4.0966521121791255e-05,4.8533341776136077e-05,0.000613892152819159],[-4.095468641925036e-05,0.9999999694365886,-0.0002438227542449995,0.0002690888030123566],[-4.854332886280334e-05,0.0002438207660854471,0.9999999690974891,-0.00033520772754121555],[0.0,0.0,0.0,1.0]]",0.05,0.0007494241654783428,0.0,0.014436125394456717,0.000613892152819159,0.0002690888030123566,-0.00033520772754121555,0.9850115166904332,true,true,true,1.0,0.020444198619208872,16050,,41.17952299930039,0.19.0+b012259,
CP-W_TEST_01_Q08-S-50MM-NEG-PCL,W_TEST_01,Weak,W_TEST_01_Q08,pcl,/home/lj/zero_perturbation_runtime/real_data/mid360_two_scene_pilot_v1/canonical_sources/W_TEST_01_Q08/source_points.npy,54355f8a4d3d05807636f59079e3af93c526a2a21249eb41ca2da987f4ca5315,2b30cb55df54fb970b748a0471087c717492d28cf17764d1341e8cfcbd736eab,/home/lj/zero_perturbation_runtime/real_data/mid360_two_scene_pilot_v1/target_maps/W_TEST_01/target_points.npy,d4438aba190de47a85fb6188ddc3b39dbfd6e39d3fdb5fa264bf425912e6c02e,e94c88ddc68916220d35f10c3da8fbaa53e6de526a6a0afc3a91899d5ce7a66a,6a1ebdee6b34390f1430eab371e1c4108db1f124b59b7239d74785efa6474af9,0.08606135898994265,0.22525667708415073,0.6886819639259074,8.002220415859208,0.7315522421235071,strong,-0.003263298528170342,0.9992701463838257,-0.038059498535367046,lambda_max,TARGET_FRAME,-1,0.05,0.0001631649264085171,-0.04996350731919129,0.0019029749267683524,"[[1.0,0.0,0.0,0.0],[0.0,1.0,0.0,0.0],[0.0,0.0,1.0,0.0],[0.0,0.0,0.0,1.0]]","[[1.0,0.0,0.0,0.0001631649264085171],[0.0,1.0,0.0,-0.04996350731919129],[0.0,0.0,1.0,0.0019029749267683524],[0.0,0.0,0.0,1.0]]",source/query_to_target/map,LEFT: T_initial=Delta_T@T_star,true,true,false,false,true,true,ASSUMED_METERS_FROM_SCALE,"[[1.0,4.684735176851973e-05,4.4215776142664254e-05,0.0005927679594606161],[-4.6837412810418755e-05,1.0,-0.00022457863087765872,0.0002495997759979218],[-4.422629717737436e-05,0.00022457647719420493,1.0,-0.00033972985693253577],[0.0,0.0,0.0,1.0]]",0.05,0.0007273859207000893,0.0,0.013386234660001385,0.0005927679594606161,0.0002495997759979218,-0.00033972985693253577,0.9854522815859982,true,true,true,0.0004179396513663329,,16050,8,1663.061969,1.15.1,
CP-W_TEST_01_Q09-W-10MM-POS-O3D,W_TEST_01,Weak,W_TEST_01_Q09,open3d,/home/lj/zero_perturbation_runtime/real_data/mid360_two_scene_pilot_v1/canonical_sources/W_TEST_01_Q09/source_points.npy,05a9437e87612119894dd2dda87ddbbd6c6248d7f033eb9d8e6ab474753af130,58d2bb868f08d171fda5e80e8a9c7c72a53f39e49df5198d22c8e51dc31b258b,/home/lj/zero_perturbation_runtime/real_data/mid360_two_scene_pilot_v1/target_maps/W_TEST_01/target_points.npy,d4438aba190de47a85fb6188ddc3b39dbfd6e39d3fdb5fa264bf425912e6c02e,e94c88ddc68916220d35f10c3da8fbaa53e6de526a6a0afc3a91899d5ce7a66a,6a1ebdee6b34390f1430eab371e1c4108db1f124b59b7239d74785efa6474af9,0.08750105904643514,0.2159687560895423,0.6965301848640224,7.960248623898222,0.724601529305802,weak,0.9998554762493573,0.0029135216350994805,-0.01674926881546829,lambda_min,TARGET_FRAME,1,0.01,0.009998554762493573,2.9135216350994806e-05,-0.0001674926881546829,"[[1.0,0.0,0.0,0.0],[0.0,1.0,0.0,0.0],[0.0,0.0,1.0,0.0],[0.0,0.0,0.0,1.0]]","[[1.0,0.0,0.0,0.009998554762493573],[0.0,1.0,0.0,2.9135216350994806e-05],[0.0,0.0,1.0,-0.0001674926881546829],[0.0,0.0,0.0,1.0]]",source/query_to_target/map,LEFT: T_initial=Delta_T@T_star,true,true,false,false,true,true,ASSUMED_METERS_FROM_SCALE,"[[0.9999999970042955,-4.543340198227609e-05,-6.266749863374968e-05,-0.0008023889388889958],[4.5425709571438336e-05,0.9999999914350152,-0.00012274556909163306,0.00015369356200275767],[6.26730748457855e-05,0.00012274272200833098,0.9999999905031548,8.181942539869368e-05],[0.0,0.0,0.0,1.0]]",0.01,0.0008210628104019061,0.0,0.008314313497418463,-0.0008023889388889958,0.00015369356200275767,8.181942539869368e-05,0.9178937189598094,true,true,true,1.0,0.020361694172448472,16023,,40.692099999432685,0.19.0+b012259,
CP-W_TEST_01_Q09-W-10MM-POS-PCL,W_TEST_01,Weak,W_TEST_01_Q09,pcl,/home/lj/zero_perturbation_runtime/real_data/mid360_two_scene_pilot_v1/canonical_sources/W_TEST_01_Q09/source_points.npy,05a9437e87612119894dd2dda87ddbbd6c6248d7f033eb9d8e6ab474753af130,58d2bb868f08d171fda5e80e8a9c7c72a53f39e49df5198d22c8e51dc31b258b,/home/lj/zero_perturbation_runtime/real_data/mid360_two_scene_pilot_v1/target_maps/W_TEST_01/target_points.npy,d4438aba190de47a85fb6188ddc3b39dbfd6e39d3fdb5fa264bf425912e6c02e,e94c88ddc68916220d35f10c3da8fbaa53e6de526a6a0afc3a91899d5ce7a66a,6a1ebdee6b34390f1430eab371e1c4108db1f124b59b7239d74785efa6474af9,0.08750105904643514,0.2159687560895423,0.6965301848640224,7.960248623898222,0.724601529305802,weak,0.9998554762493573,0.0029135216350994805,-0.01674926881546829,lambda_min,TARGET_FRAME,1,0.01,0.009998554762493573,2.9135216350994806e-05,-0.0001674926881546829,"[[1.0,0.0,0.0,0.0],[0.0,1.0,0.0,0.0],[0.0,0.0,1.0,0.0],[0.0,0.0,0.0,1.0]]","[[1.0,0.0,0.0,0.009998554762493573],[0.0,1.0,0.0,2.9135216350994806e-05],[0.0,0.0,1.0,-0.0001674926881546829],[0.0,0.0,0.0,1.0]]",source/query_to_target/map,LEFT: T_initial=Delta_T@T_star,true,true,false,false,true,true,ASSUMED_METERS_FROM_SCALE,"[[1.0,-0.00010635012586135417,-4.4906795665156096e-05,-0.0007087739068083465],[0.00010634314821800217,1.0,-0.0001553845650050789,0.00020110666810069233],[4.492331208894029e-05,0.00015537977742496878,1.0,5.7294757425552234e-05],[0.0,0.0,0.0,1.0]]",0.01,0.0007389770173390925,0.0,0.011090927987128638,-0.0007087739068083465,0.00020110666810069233,5.7294757425552234e-05,0.9261022982660907,true,true,true,0.0004148010889424386,,16023,7,1286.522665,1.15.1,
CP-W_TEST_01_Q09-W-10MM-NEG-O3D,W_TEST_01,Weak,W_TEST_01_Q09,open3d,/home/lj/zero_perturbation_runtime/real_data/mid360_two_scene_pilot_v1/canonical_sources/W_TEST_01_Q09/source_points.npy,05a9437e87612119894dd2dda87ddbbd6c6248d7f033eb9d8e6ab474753af130,58d2bb868f08d171fda5e80e8a9c7c72a53f39e49df5198d22c8e51dc31b258b,/home/lj/zero_perturbation_runtime/real_data/mid360_two_scene_pilot_v1/target_maps/W_TEST_01/target_points.npy,d4438aba190de47a85fb6188ddc3b39dbfd6e39d3fdb5fa264bf425912e6c02e,e94c88ddc68916220d35f10c3da8fbaa53e6de526a6a0afc3a91899d5ce7a66a,6a1ebdee6b34390f1430eab371e1c4108db1f124b59b7239d74785efa6474af9,0.08750105904643514,0.2159687560895423,0.6965301848640224,7.960248623898222,0.724601529305802,weak,0.9998554762493573,0.0029135216350994805,-0.01674926881546829,lambda_min,TARGET_FRAME,-1,0.01,-0.009998554762493573,-2.9135216350994806e-05,0.0001674926881546829,"[[1.0,0.0,0.0,0.0],[0.0,1.0,0.0,0.0],[0.0,0.0,1.0,0.0],[0.0,0.0,0.0,1.0]]","[[1.0,0.0,0.0,-0.009998554762493573],[0.0,1.0,0.0,-2.9135216350994806e-05],[0.0,0.0,1.0,0.0001674926881546829],[0.0,0.0,0.0,1.0]]",source/query_to_target/map,LEFT: T_initial=Delta_T@T_star,true,true,false,false,true,true,ASSUMED_METERS_FROM_SCALE,"[[0.9999999970059622,-4.537717083064205e-05,-6.268164323310749e-05,-0.0008033444751602666],[4.5369411459934584e-05,0.9999999913093169,-0.00012378603665053184,0.00015313893583680086],[6.268725974849274e-05,0.00012378319245064887,0.9999999903740145,8.199779847028128e-05],[0.0,0.0,0.0,1.0]]",0.01,0.000821910894436693,0.0,0.008364145152235538,-0.0008033444751602666,0.00015313893583680086,8.199779847028128e-05,0.9178089105563307,true,true,true,1.0,0.02036169152592888,16023,,56.81553500016889,0.19.0+b012259,
CP-W_TEST_01_Q09-W-10MM-NEG-PCL,W_TEST_01,Weak,W_TEST_01_Q09,pcl,/home/lj/zero_perturbation_runtime/real_data/mid360_two_scene_pilot_v1/canonical_sources/W_TEST_01_Q09/source_points.npy,05a9437e87612119894dd2dda87ddbbd6c6248d7f033eb9d8e6ab474753af130,58d2bb868f08d171fda5e80e8a9c7c72a53f39e49df5198d22c8e51dc31b258b,/home/lj/zero_perturbation_runtime/real_data/mid360_two_scene_pilot_v1/target_maps/W_TEST_01/target_points.npy,d4438aba190de47a85fb6188ddc3b39dbfd6e39d3fdb5fa264bf425912e6c02e,e94c88ddc68916220d35f10c3da8fbaa53e6de526a6a0afc3a91899d5ce7a66a,6a1ebdee6b34390f1430eab371e1c4108db1f124b59b7239d74785efa6474af9,0.08750105904643514,0.2159687560895423,0.6965301848640224,7.960248623898222,0.724601529305802,weak,0.9998554762493573,0.0029135216350994805,-0.01674926881546829,lambda_min,TARGET_FRAME,-1,0.01,-0.009998554762493573,-2.9135216350994806e-05,0.0001674926881546829,"[[1.0,0.0,0.0,0.0],[0.0,1.0,0.0,0.0],[0.0,0.0,1.0,0.0],[0.0,0.0,0.0,1.0]]","[[1.0,0.0,0.0,-0.009998554762493573],[0.0,1.0,0.0,-2.9135216350994806e-05],[0.0,0.0,1.0,0.0001674926881546829],[0.0,0.0,0.0,1.0]]",source/query_to_target/map,LEFT: T_initial=Delta_T@T_star,true,true,false,false,true,true,ASSUMED_METERS_FROM_SCALE,"[[1.0,-0.00011096708476543427,-4.454310692381114e-05,-0.0007400367176160216],[0.00011096007074229419,1.0,-0.00015705630357842892,0.00020207997295074165],[4.45605292043183e-05,0.00015705138503108174,1.0,5.1294660806888714e-05],[0.0,0.0,0.0,1.0]]",0.01,0.0007688444583366401,0.0,0.01130974125114473,-0.0007400367176160216,0.00020207997295074165,5.1294660806888714e-05,0.923115554166336,true,true,true,0.0004148217133746149,,16023,6,1265.863289,1.15.1,
CP-W_TEST_01_Q09-W-30MM-POS-O3D,W_TEST_01,Weak,W_TEST_01_Q09,open3d,/home/lj/zero_perturbation_runtime/real_data/mid360_two_scene_pilot_v1/canonical_sources/W_TEST_01_Q09/source_points.npy,05a9437e87612119894dd2dda87ddbbd6c6248d7f033eb9d8e6ab474753af130,58d2bb868f08d171fda5e80e8a9c7c72a53f39e49df5198d22c8e51dc31b258b,/home/lj/zero_perturbation_runtime/real_data/mid360_two_scene_pilot_v1/target_maps/W_TEST_01/target_points.npy,d4438aba190de47a85fb6188ddc3b39dbfd6e39d3fdb5fa264bf425912e6c02e,e94c88ddc68916220d35f10c3da8fbaa53e6de526a6a0afc3a91899d5ce7a66a,6a1ebdee6b34390f1430eab371e1c4108db1f124b59b7239d74785efa6474af9,0.08750105904643514,0.2159687560895423,0.6965301848640224,7.960248623898222,0.724601529305802,weak,0.9998554762493573,0.0029135216350994805,-0.01674926881546829,lambda_min,TARGET_FRAME,1,0.03,0.029995664287480718,8.740564905298441e-05,-0.0005024780644640487,"[[1.0,0.0,0.0,0.0],[0.0,1.0,0.0,0.0],[0.0,0.0,1.0,0.0],[0.0,0.0,0.0,1.0]]","[[1.0,0.0,0.0,0.029995664287480718],[0.0,1.0,0.0,8.740564905298441e-05],[0.0,0.0,1.0,-0.0005024780644640487],[0.0,0.0,0.0,1.0]]",source/query_to_target/map,LEFT: T_initial=Delta_T@T_star,true,true,false,false,true,true,ASSUMED_METERS_FROM_SCALE,"[[0.9999999970042951,-4.543340198285435e-05,-6.26674986348848e-05,-0.0008023889388845811],[4.5425709572001606e-05,0.999999991435015,-0.00012274556932885414,0.00015369356219531284],[6.267307484693154e-05,0.000122742722245552,0.9999999905031547,8.181942543009732e-05],[0.0,0.0,0.0,1.0]]",0.03,0.0008210628104367653,0.0,0.008314313508942146,-0.0008023889388845811,0.00015369356219531284,8.181942543009732e-05,0.9726312396521078,true,true,true,1.0,0.020361694172445283,16023,,55.22603999997955,0.19.0+b012259,
CP-W_TEST_01_Q09-W-30MM-POS-PCL,W_TEST_01,Weak,W_TEST_01_Q09,pcl,/home/lj/zero_perturbation_runtime/real_data/mid360_two_scene_pilot_v1/canonical_sources/W_TEST_01_Q09/source_points.npy,05a9437e87612119894dd2dda87ddbbd6c6248d7f033eb9d8e6ab474753af130,58d2bb868f08d171fda5e80e8a9c7c72a53f39e49df5198d22c8e51dc31b258b,/home/lj/zero_perturbation_runtime/real_data/mid360_two_scene_pilot_v1/target_maps/W_TEST_01/target_points.npy,d4438aba190de47a85fb6188ddc3b39dbfd6e39d3fdb5fa264bf425912e6c02e,e94c88ddc68916220d35f10c3da8fbaa53e6de526a6a0afc3a91899d5ce7a66a,6a1ebdee6b34390f1430eab371e1c4108db1f124b59b7239d74785efa6474af9,0.08750105904643514,0.2159687560895423,0.6965301848640224,7.960248623898222,0.724601529305802,weak,0.9998554762493573,0.0029135216350994805,-0.01674926881546829,lambda_min,TARGET_FRAME,1,0.03,0.029995664287480718,8.740564905298441e-05,-0.0005024780644640487,"[[1.0,0.0,0.0,0.0],[0.0,1.0,0.0,0.0],[0.0,0.0,1.0,0.0],[0.0,0.0,0.0,1.0]]","[[1.0,0.0,0.0,0.029995664287480718],[0.0,1.0,0.0,8.740564905298441e-05],[0.0,0.0,1.0,-0.0005024780644640487],[0.0,0.0,0.0,1.0]]",source/query_to_target/map,LEFT: T_initial=Delta_T@T_star,true,true,false,false,true,true,ASSUMED_METERS_FROM_SCALE,"[[1.0,-0.00010627486335579306,-4.4905656977789477e-05,-0.0007086389814503491],[0.00010626789298839867,1.0,-0.0001549904263811186,0.00020129032782278955],[4.4922133383806795e-05,0.00015498566790483892,1.0,5.7254390412708744e-05],[0.0,0.0,0.0,1.0]]",0.03,0.0007388944899831946,0.0,0.01107042208961028,-0.0007086389814503491,0.00020129032782278955,5.7254390412708744e-05,0.9753701836672268,true,true,true,0.00041480076060160806,,16023,8,1278.137384,1.15.1,
CP-W_TEST_01_Q09-W-30MM-NEG-O3D,W_TEST_01,Weak,W_TEST_01_Q09,open3d,/home/lj/zero_perturbation_runtime/real_data/mid360_two_scene_pilot_v1/canonical_sources/W_TEST_01_Q09/source_points.npy,05a9437e87612119894dd2dda87ddbbd6c6248d7f033eb9d8e6ab474753af130,58d2bb868f08d171fda5e80e8a9c7c72a53f39e49df5198d22c8e51dc31b258b,/home/lj/zero_perturbation_runtime/real_data/mid360_two_scene_pilot_v1/target_maps/W_TEST_01/target_points.npy,d4438aba190de47a85fb6188ddc3b39dbfd6e39d3fdb5fa264bf425912e6c02e,e94c88ddc68916220d35f10c3da8fbaa53e6de526a6a0afc3a91899d5ce7a66a,6a1ebdee6b34390f1430eab371e1c4108db1f124b59b7239d74785efa6474af9,0.08750105904643514,0.2159687560895423,0.6965301848640224,7.960248623898222,0.724601529305802,weak,0.9998554762493573,0.0029135216350994805,-0.01674926881546829,lambda_min,TARGET_FRAME,-1,0.03,-0.029995664287480718,-8.740564905298441e-05,0.0005024780644640487,"[[1.0,0.0,0.0,0.0],[0.0,1.0,0.0,0.0],[0.0,0.0,1.0,0.0],[0.0,0.0,0.0,1.0]]","[[1.0,0.0,0.0,-0.029995664287480718],[0.0,1.0,0.0,-8.740564905298441e-05],[0.0,0.0,1.0,0.0005024780644640487],[0.0,0.0,0.0,1.0]]",source/query_to_target/map,LEFT: T_initial=Delta_T@T_star,true,true,false,false,true,true,ASSUMED_METERS_FROM_SCALE,"[[0.9999999970059621,-4.537717083063964e-05,-6.268164323309138e-05,-0.0008033444751595988],[4.536941145993217e-05,0.9999999913093169,-0.00012378603665029827,0.0001531389358372742],[6.268725974847656e-05,0.00012378319245041536,0.9999999903740143,8.199779847070808e-05],[0.0,0.0,0.0,1.0]]",0.03,0.0008219108944361712,0.0,0.008364145152243183,-0.0008033444751595988,0.0001531389358372742,8.199779847070808e-05,0.9726029701854609,true,true,true,1.0,0.02036169152592888,16023,,42.22347300037654,0.19.0+b012259,
CP-W_TEST_01_Q09-W-30MM-NEG-PCL,W_TEST_01,Weak,W_TEST_01_Q09,pcl,/home/lj/zero_perturbation_runtime/real_data/mid360_two_scene_pilot_v1/canonical_sources/W_TEST_01_Q09/source_points.npy,05a9437e87612119894dd2dda87ddbbd6c6248d7f033eb9d8e6ab474753af130,58d2bb868f08d171fda5e80e8a9c7c72a53f39e49df5198d22c8e51dc31b258b,/home/lj/zero_perturbation_runtime/real_data/mid360_two_scene_pilot_v1/target_maps/W_TEST_01/target_points.npy,d4438aba190de47a85fb6188ddc3b39dbfd6e39d3fdb5fa264bf425912e6c02e,e94c88ddc68916220d35f10c3da8fbaa53e6de526a6a0afc3a91899d5ce7a66a,6a1ebdee6b34390f1430eab371e1c4108db1f124b59b7239d74785efa6474af9,0.08750105904643514,0.2159687560895423,0.6965301848640224,7.960248623898222,0.724601529305802,weak,0.9998554762493573,0.0029135216350994805,-0.01674926881546829,lambda_min,TARGET_FRAME,-1,0.03,-0.029995664287480718,-8.740564905298441e-05,0.0005024780644640487,"[[1.0,0.0,0.0,0.0],[0.0,1.0,0.0,0.0],[0.0,0.0,1.0,0.0],[0.0,0.0,0.0,1.0]]","[[1.0,0.0,0.0,-0.029995664287480718],[0.0,1.0,0.0,-8.740564905298441e-05],[0.0,0.0,1.0,0.0005024780644640487],[0.0,0.0,0.0,1.0]]",source/query_to_target/map,LEFT: T_initial=Delta_T@T_star,true,true,false,false,true,true,ASSUMED_METERS_FROM_SCALE,"[[1.0,-0.00011090908810729161,-4.454535883269273e-05,-0.0007398718153126538],[0.00011090205953223631,1.0,-0.00015748018631711602,0.00020211834635119885],[4.456282113096677e-05,0.00015747523866593838,1.0,5.140150460647419e-05],[0.0,0.0,0.0,1.0]]",0.03,0.0007687029619440751,0.0,0.011327238314988284,-0.0007398718153126538,0.00020211834635119885,5.140150460647419e-05,0.9743765679351974,true,true,true,0.000414821406663899,,16023,7,1686.206283,1.15.1,
CP-W_TEST_01_Q09-W-50MM-POS-O3D,W_TEST_01,Weak,W_TEST_01_Q09,open3d,/home/lj/zero_perturbation_runtime/real_data/mid360_two_scene_pilot_v1/canonical_sources/W_TEST_01_Q09/source_points.npy,05a9437e87612119894dd2dda87ddbbd6c6248d7f033eb9d8e6ab474753af130,58d2bb868f08d171fda5e80e8a9c7c72a53f39e49df5198d22c8e51dc31b258b,/home/lj/zero_perturbation_runtime/real_data/mid360_two_scene_pilot_v1/target_maps/W_TEST_01/target_points.npy,d4438aba190de47a85fb6188ddc3b39dbfd6e39d3fdb5fa264bf425912e6c02e,e94c88ddc68916220d35f10c3da8fbaa53e6de526a6a0afc3a91899d5ce7a66a,6a1ebdee6b34390f1430eab371e1c4108db1f124b59b7239d74785efa6474af9,0.08750105904643514,0.2159687560895423,0.6965301848640224,7.960248623898222,0.724601529305802,weak,0.9998554762493573,0.0029135216350994805,-0.01674926881546829,lambda_min,TARGET_FRAME,1,0.05,0.04999277381246787,0.00014567608175497404,-0.0008374634407734146,"[[1.0,0.0,0.0,0.0],[0.0,1.0,0.0,0.0],[0.0,0.0,1.0,0.0],[0.0,0.0,0.0,1.0]]","[[1.0,0.0,0.0,0.04999277381246787],[0.0,1.0,0.0,0.00014567608175497404],[0.0,0.0,1.0,-0.0008374634407734146],[0.0,0.0,0.0,1.0]]",source/query_to_target/map,LEFT: T_initial=Delta_T@T_star,true,true,false,false,true,true,ASSUMED_METERS_FROM_SCALE,"[[0.9999999969897693,-4.581445672431821e-05,-6.26218567694918e-05,-0.0007848900721079619],[4.580671110414555e-05,0.9999999913019317,-0.00012368460412609482,0.00015202254593286828],[6.262752276774582e-05,0.00012368173525247376,0.999999990390311,8.688080008252606e-05],[0.0,0.0,0.0,1.0]]",0.05,0.0008041837807295871,0.0,0.008365573878714996,-0.0007848900721079619,0.00015202254593286828,8.688080008252606e-05,0.9839163243854082,true,true,true,1.0,0.02036170088481009,16023,,42.10963400055334,0.19.0+b012259,
CP-W_TEST_01_Q09-W-50MM-POS-PCL,W_TEST_01,Weak,W_TEST_01_Q09,pcl,/home/lj/zero_perturbation_runtime/real_data/mid360_two_scene_pilot_v1/canonical_sources/W_TEST_01_Q09/source_points.npy,05a9437e87612119894dd2dda87ddbbd6c6248d7f033eb9d8e6ab474753af130,58d2bb868f08d171fda5e80e8a9c7c72a53f39e49df5198d22c8e51dc31b258b,/home/lj/zero_perturbation_runtime/real_data/mid360_two_scene_pilot_v1/target_maps/W_TEST_01/target_points.npy,d4438aba190de47a85fb6188ddc3b39dbfd6e39d3fdb5fa264bf425912e6c02e,e94c88ddc68916220d35f10c3da8fbaa53e6de526a6a0afc3a91899d5ce7a66a,6a1ebdee6b34390f1430eab371e1c4108db1f124b59b7239d74785efa6474af9,0.08750105904643514,0.2159687560895423,0.6965301848640224,7.960248623898222,0.724601529305802,weak,0.9998554762493573,0.0029135216350994805,-0.01674926881546829,lambda_min,TARGET_FRAME,1,0.05,0.04999277381246787,0.00014567608175497404,-0.0008374634407734146,"[[1.0,0.0,0.0,0.0],[0.0,1.0,0.0,0.0],[0.0,0.0,1.0,0.0],[0.0,0.0,0.0,1.0]]","[[1.0,0.0,0.0,0.04999277381246787],[0.0,1.0,0.0,0.00014567608175497404],[0.0,0.0,1.0,-0.0008374634407734146],[0.0,0.0,0.0,1.0]]",source/query_to_target/map,LEFT: T_initial=Delta_T@T_star,true,true,false,false,true,true,ASSUMED_METERS_FROM_SCALE,"[[1.0,-0.00010635054059093818,-4.491126674111001e-05,-0.0007088154670782387],[0.00010634356294758618,1.0,-0.00015537382569164038,0.0002010488824453205],[4.492779044085182e-05,0.00015536908176727593,1.0,5.713350037694909e-05],[0.0,0.0,0.0,1.0]]",0.05,0.0007389886713388622,0.0,0.011090507628190013,-0.0007088154670782387,0.0002010488824453205,5.713350037694909e-05,0.9852202265732227,true,true,true,0.0004148011779284996,,16023,8,1400.600887,1.15.1,
CP-W_TEST_01_Q09-W-50MM-NEG-O3D,W_TEST_01,Weak,W_TEST_01_Q09,open3d,/home/lj/zero_perturbation_runtime/real_data/mid360_two_scene_pilot_v1/canonical_sources/W_TEST_01_Q09/source_points.npy,05a9437e87612119894dd2dda87ddbbd6c6248d7f033eb9d8e6ab474753af130,58d2bb868f08d171fda5e80e8a9c7c72a53f39e49df5198d22c8e51dc31b258b,/home/lj/zero_perturbation_runtime/real_data/mid360_two_scene_pilot_v1/target_maps/W_TEST_01/target_points.npy,d4438aba190de47a85fb6188ddc3b39dbfd6e39d3fdb5fa264bf425912e6c02e,e94c88ddc68916220d35f10c3da8fbaa53e6de526a6a0afc3a91899d5ce7a66a,6a1ebdee6b34390f1430eab371e1c4108db1f124b59b7239d74785efa6474af9,0.08750105904643514,0.2159687560895423,0.6965301848640224,7.960248623898222,0.724601529305802,weak,0.9998554762493573,0.0029135216350994805,-0.01674926881546829,lambda_min,TARGET_FRAME,-1,0.05,-0.04999277381246787,-0.00014567608175497404,0.0008374634407734146,"[[1.0,0.0,0.0,0.0],[0.0,1.0,0.0,0.0],[0.0,0.0,1.0,0.0],[0.0,0.0,0.0,1.0]]","[[1.0,0.0,0.0,-0.04999277381246787],[0.0,1.0,0.0,-0.00014567608175497404],[0.0,0.0,1.0,0.0008374634407734146],[0.0,0.0,0.0,1.0]]",source/query_to_target/map,LEFT: T_initial=Delta_T@T_star,true,true,false,false,true,true,ASSUMED_METERS_FROM_SCALE,"[[0.9999999970059621,-4.537717083063213e-05,-6.268164323313714e-05,-0.000803344475158766],[4.536941145992469e-05,0.999999991309317,-0.00012378603665048706,0.0001531389358369502],[6.268725974852235e-05,0.00012378319245060415,0.9999999903740142,8.199779847082578e-05],[0.0,0.0,0.0,1.0]]",0.05,0.0008219108944353086,0.0,0.00836414515225362,-0.000803344475158766,0.0001531389358369502,8.199779847082578e-05,0.9835617821112939,true,true,true,1.0,0.020361691525928864,16023,,41.216201000679575,0.19.0+b012259,
CP-W_TEST_01_Q09-W-50MM-NEG-PCL,W_TEST_01,Weak,W_TEST_01_Q09,pcl,/home/lj/zero_perturbation_runtime/real_data/mid360_two_scene_pilot_v1/canonical_sources/W_TEST_01_Q09/source_points.npy,05a9437e87612119894dd2dda87ddbbd6c6248d7f033eb9d8e6ab474753af130,58d2bb868f08d171fda5e80e8a9c7c72a53f39e49df5198d22c8e51dc31b258b,/home/lj/zero_perturbation_runtime/real_data/mid360_two_scene_pilot_v1/target_maps/W_TEST_01/target_points.npy,d4438aba190de47a85fb6188ddc3b39dbfd6e39d3fdb5fa264bf425912e6c02e,e94c88ddc68916220d35f10c3da8fbaa53e6de526a6a0afc3a91899d5ce7a66a,6a1ebdee6b34390f1430eab371e1c4108db1f124b59b7239d74785efa6474af9,0.08750105904643514,0.2159687560895423,0.6965301848640224,7.960248623898222,0.724601529305802,weak,0.9998554762493573,0.0029135216350994805,-0.01674926881546829,lambda_min,TARGET_FRAME,-1,0.05,-0.04999277381246787,-0.00014567608175497404,0.0008374634407734146,"[[1.0,0.0,0.0,0.0],[0.0,1.0,0.0,0.0],[0.0,0.0,1.0,0.0],[0.0,0.0,0.0,1.0]]","[[1.0,0.0,0.0,-0.04999277381246787],[0.0,1.0,0.0,-0.00014567608175497404],[0.0,0.0,1.0,0.0008374634407734146],[0.0,0.0,0.0,1.0]]",source/query_to_target/map,LEFT: T_initial=Delta_T@T_star,true,true,false,false,true,true,ASSUMED_METERS_FROM_SCALE,"[[1.0,-0.00010630338510964066,-4.4622844143304974e-05,-0.0007451123674400151],[0.0001062963783624582,1.0,-0.0001573303306940943,0.0001999757078010589],[4.463957156985998e-05,0.00015732558676972985,1.0,5.7250363170169294e-05],[0.0,0.0,0.0,1.0]]",0.05,0.0007736021767715722,0.0,0.011175423273994489,-0.0007451123674400151,0.0001999757078010589,5.7250363170169294e-05,0.9845279564645686,true,true,true,0.0004148030661118895,,16023,7,1293.864246,1.15.1,
CP-W_TEST_01_Q09-S-10MM-POS-O3D,W_TEST_01,Weak,W_TEST_01_Q09,open3d,/home/lj/zero_perturbation_runtime/real_data/mid360_two_scene_pilot_v1/canonical_sources/W_TEST_01_Q09/source_points.npy,05a9437e87612119894dd2dda87ddbbd6c6248d7f033eb9d8e6ab474753af130,58d2bb868f08d171fda5e80e8a9c7c72a53f39e49df5198d22c8e51dc31b258b,/home/lj/zero_perturbation_runtime/real_data/mid360_two_scene_pilot_v1/target_maps/W_TEST_01/target_points.npy,d4438aba190de47a85fb6188ddc3b39dbfd6e39d3fdb5fa264bf425912e6c02e,e94c88ddc68916220d35f10c3da8fbaa53e6de526a6a0afc3a91899d5ce7a66a,6a1ebdee6b34390f1430eab371e1c4108db1f124b59b7239d74785efa6474af9,0.08750105904643514,0.2159687560895423,0.6965301848640224,7.960248623898222,0.724601529305802,strong,-0.0034260066565048727,0.9995242870876309,-0.0306506443709259,lambda_max,TARGET_FRAME,1,0.01,-3.426006656504873e-05,0.009995242870876308,-0.000306506443709259,"[[1.0,0.0,0.0,0.0],[0.0,1.0,0.0,0.0],[0.0,0.0,1.0,0.0],[0.0,0.0,0.0,1.0]]","[[1.0,0.0,0.0,-3.426006656504873e-05],[0.0,1.0,0.0,0.009995242870876308],[0.0,0.0,1.0,-0.000306506443709259],[0.0,0.0,0.0,1.0]]",source/query_to_target/map,LEFT: T_initial=Delta_T@T_star,true,true,false,false,true,true,ASSUMED_METERS_FROM_SCALE,"[[0.999999997005962,-4.537717083399592e-05,-6.268164323702103e-05,-0.0008033444751425643],[4.536941146323493e-05,0.9999999913093166,-0.00012378603749694858,0.00015313893652308758],[6.268725975244508e-05,0.0001237831932970653,0.9999999903740142,8.199779858164701e-05],[0.0,0.0,0.0,1.0]]",0.01,0.0008219108945583703,0.0,0.008364145193526563,-0.0008033444751425643,0.00015313893652308758,8.199779858164701e-05,0.9178089105441629,true,true,true,1.0,0.020361691525917932,16023,,49.74389299968607,0.19.0+b012259,
CP-W_TEST_01_Q09-S-10MM-POS-PCL,W_TEST_01,Weak,W_TEST_01_Q09,pcl,/home/lj/zero_perturbation_runtime/real_data/mid360_two_scene_pilot_v1/canonical_sources/W_TEST_01_Q09/source_points.npy,05a9437e87612119894dd2dda87ddbbd6c6248d7f033eb9d8e6ab474753af130,58d2bb868f08d171fda5e80e8a9c7c72a53f39e49df5198d22c8e51dc31b258b,/home/lj/zero_perturbation_runtime/real_data/mid360_two_scene_pilot_v1/target_maps/W_TEST_01/target_points.npy,d4438aba190de47a85fb6188ddc3b39dbfd6e39d3fdb5fa264bf425912e6c02e,e94c88ddc68916220d35f10c3da8fbaa53e6de526a6a0afc3a91899d5ce7a66a,6a1ebdee6b34390f1430eab371e1c4108db1f124b59b7239d74785efa6474af9,0.08750105904643514,0.2159687560895423,0.6965301848640224,7.960248623898222,0.724601529305802,strong,-0.0034260066565048727,0.9995242870876309,-0.0306506443709259,lambda_max,TARGET_FRAME,1,0.01,-3.426006656504873e-05,0.009995242870876308,-0.000306506443709259,"[[1.0,0.0,0.0,0.0],[0.0,1.0,0.0,0.0],[0.0,0.0,1.0,0.0],[0.0,0.0,0.0,1.0]]","[[1.0,0.0,0.0,-3.426006656504873e-05],[0.0,1.0,0.0,0.009995242870876308],[0.0,0.0,1.0,-0.000306506443709259],[0.0,0.0,0.0,1.0]]",source/query_to_target/map,LEFT: T_initial=Delta_T@T_star,true,true,false,false,true,true,ASSUMED_METERS_FROM_SCALE,"[[1.0,-0.00010697488323785365,-4.4841752242064103e-05,-0.0007135275518521667],[0.0001069679346983321,1.0,-0.00015490854275412858,0.00020265627244953066],[4.485831595957279e-05,0.00015490369696635753,1.0,5.73171564610675e-05],[0.0,0.0,0.0,1.0]]",0.01,0.0007439599373891495,0.0,0.011087927048568228,-0.0007135275518521667,0.00020265627244953066,5.73171564610675e-05,0.9256040062610851,true,true,true,0.0004148031030174127,,16023,6,1265.211478,1.15.1,
CP-W_TEST_01_Q09-S-10MM-NEG-O3D,W_TEST_01,Weak,W_TEST_01_Q09,open3d,/home/lj/zero_perturbation_runtime/real_data/mid360_two_scene_pilot_v1/canonical_sources/W_TEST_01_Q09/source_points.npy,05a9437e87612119894dd2dda87ddbbd6c6248d7f033eb9d8e6ab474753af130,58d2bb868f08d171fda5e80e8a9c7c72a53f39e49df5198d22c8e51dc31b258b,/home/lj/zero_perturbation_runtime/real_data/mid360_two_scene_pilot_v1/target_maps/W_TEST_01/target_points.npy,d4438aba190de47a85fb6188ddc3b39dbfd6e39d3fdb5fa264bf425912e6c02e,e94c88ddc68916220d35f10c3da8fbaa53e6de526a6a0afc3a91899d5ce7a66a,6a1ebdee6b34390f1430eab371e1c4108db1f124b59b7239d74785efa6474af9,0.08750105904643514,0.2159687560895423,0.6965301848640224,7.960248623898222,0.724601529305802,strong,-0.0034260066565048727,0.9995242870876309,-0.0306506443709259,lambda_max,TARGET_FRAME,-1,0.01,3.426006656504873e-05,-0.009995242870876308,0.000306506443709259,"[[1.0,0.0,0.0,0.0],[0.0,1.0,0.0,0.0],[0.0,0.0,1.0,0.0],[0.0,0.0,0.0,1.0]]","[[1.0,0.0,0.0,3.426006656504873e-05],[0.0,1.0,0.0,-0.009995242870876308],[0.0,0.0,1.0,0.000306506443709259],[0.0,0.0,0.0,1.0]]",source/query_to_target/map,LEFT: T_initial=Delta_T@T_star,true,true,false,false,true,true,ASSUMED_METERS_FROM_SCALE,"[[0.999999997004295,-4.543340398327555e-05,-6.266749862863937e-05,-0.0008023889385955648],[4.542571157148543e-05,0.999999991435013,-0.00012274558429752088,0.00015369357449560142],[6.267307484161164e-05,0.00012274273721409368,0.9999999905031532,8.181942743360378e-05],[0.0,0.0,0.0,1.0]]",0.01,0.0008210628126564464,0.0,0.008314314270094379,-0.0008023889385955648,0.00015369357449560142,8.181942743360378e-05,0.9178937187343553,true,true,true,1.0,0.020361694172418066,16023,,36.990740999499394,0.19.0+b012259,
CP-W_TEST_01_Q09-S-10MM-NEG-PCL,W_TEST_01,Weak,W_TEST_01_Q09,pcl,/home/lj/zero_perturbation_runtime/real_data/mid360_two_scene_pilot_v1/canonical_sources/W_TEST_01_Q09/source_points.npy,05a9437e87612119894dd2dda87ddbbd6c6248d7f033eb9d8e6ab474753af130,58d2bb868f08d171fda5e80e8a9c7c72a53f39e49df5198d22c8e51dc31b258b,/home/lj/zero_perturbation_runtime/real_data/mid360_two_scene_pilot_v1/target_maps/W_TEST_01/target_points.npy,d4438aba190de47a85fb6188ddc3b39dbfd6e39d3fdb5fa264bf425912e6c02e,e94c88ddc68916220d35f10c3da8fbaa53e6de526a6a0afc3a91899d5ce7a66a,6a1ebdee6b34390f1430eab371e1c4108db1f124b59b7239d74785efa6474af9,0.08750105904643514,0.2159687560895423,0.6965301848640224,7.960248623898222,0.724601529305802,strong,-0.0034260066565048727,0.9995242870876309,-0.0306506443709259,lambda_max,TARGET_FRAME,-1,0.01,3.426006656504873e-05,-0.009995242870876308,0.000306506443709259,"[[1.0,0.0,0.0,0.0],[0.0,1.0,0.0,0.0],[0.0,0.0,1.0,0.0],[0.0,0.0,0.0,1.0]]","[[1.0,0.0,0.0,3.426006656504873e-05],[0.0,1.0,0.0,-0.009995242870876308],[0.0,0.0,1.0,0.000306506443709259],[0.0,0.0,0.0,1.0]]",source/query_to_target/map,LEFT: T_initial=Delta_T@T_star,true,true,false,false,true,true,ASSUMED_METERS_FROM_SCALE,"[[1.0,-0.00011171482765348628,-4.5358046918408945e-05,-0.0006638637278228998],[0.00011170772631885484,1.0,-0.00015664994134567678,0.00020512963237706572],[4.537555287242867e-05,0.00015664483362343162,1.0,5.7935056247515604e-05],[0.0,0.0,0.0,1.0]]",0.01,0.0006972443516734074,0.0,0.011326023457189072,-0.0006638637278228998,0.00020512963237706572,5.7935056247515604e-05,0.9302755648326593,true,true,true,0.0004148176603340998,,16023,7,1645.207274,1.15.1,
CP-W_TEST_01_Q09-S-30MM-POS-O3D,W_TEST_01,Weak,W_TEST_01_Q09,open3d,/home/lj/zero_perturbation_runtime/real_data/mid360_two_scene_pilot_v1/canonical_sources/W_TEST_01_Q09/source_points.npy,05a9437e87612119894dd2dda87ddbbd6c6248d7f033eb9d8e6ab474753af130,58d2bb868f08d171fda5e80e8a9c7c72a53f39e49df5198d22c8e51dc31b258b,/home/lj/zero_perturbation_runtime/real_data/mid360_two_scene_pilot_v1/target_maps/W_TEST_01/target_points.npy,d4438aba190de47a85fb6188ddc3b39dbfd6e39d3fdb5fa264bf425912e6c02e,e94c88ddc68916220d35f10c3da8fbaa53e6de526a6a0afc3a91899d5ce7a66a,6a1ebdee6b34390f1430eab371e1c4108db1f124b59b7239d74785efa6474af9,0.08750105904643514,0.2159687560895423,0.6965301848640224,7.960248623898222,0.724601529305802,strong,-0.0034260066565048727,0.9995242870876309,-0.0306506443709259,lambda_max,TARGET_FRAME,1,0.03,-0.00010278019969514618,0.029985728612628923,-0.0009195193311277769,"[[1.0,0.0,0.0,0.0],[0.0,1.0,0.0,0.0],[0.0,0.0,1.0,0.0],[0.0,0.0,0.0,1.0]]","[[1.0,0.0,0.0,-0.00010278019969514618],[0.0,1.0,0.0,0.029985728612628923],[0.0,0.0,1.0,-0.0009195193311277769],[0.0,0.0,0.0,1.0]]",source/query_to_target/map,LEFT: T_initial=Delta_T@T_star,true,true,false,false,true,true,ASSUMED_METERS_FROM_SCALE,"[[0.9999999970049909,-4.53947810575008e-05,-6.268438435223324e-05,-0.0008025147300877517],[4.538702080824959e-05,0.9999999913074532,-0.00012379463672971454,0.00015315501282722554],[6.269000343777674e-05,0.00012379179130149153,0.9999999903727779,8.198232999971733e-05],[0.0,0.0,0.0,1.0]]",0.03,0.0008211013654806008,0.0,0.00836494405670518,-0.0008025147300877517,0.00015315501282722554,8.198232999971733e-05,0.9726299544839799,true,true,true,1.0,0.02036169253540941,16023,,36.37549399991258,0.19.0+b012259,
CP-W_TEST_01_Q09-S-30MM-POS-PCL,W_TEST_01,Weak,W_TEST_01_Q09,pcl,/home/lj/zero_perturbation_runtime/real_data/mid360_two_scene_pilot_v1/canonical_sources/W_TEST_01_Q09/source_points.npy,05a9437e87612119894dd2dda87ddbbd6c6248d7f033eb9d8e6ab474753af130,58d2bb868f08d171fda5e80e8a9c7c72a53f39e49df5198d22c8e51dc31b258b,/home/lj/zero_perturbation_runtime/real_data/mid360_two_scene_pilot_v1/target_maps/W_TEST_01/target_points.npy,d4438aba190de47a85fb6188ddc3b39dbfd6e39d3fdb5fa264bf425912e6c02e,e94c88ddc68916220d35f10c3da8fbaa53e6de526a6a0afc3a91899d5ce7a66a,6a1ebdee6b34390f1430eab371e1c4108db1f124b59b7239d74785efa6474af9,0.08750105904643514,0.2159687560895423,0.6965301848640224,7.960248623898222,0.724601529305802,strong,-0.0034260066565048727,0.9995242870876309,-0.0306506443709259,lambda_max,TARGET_FRAME,1,0.03,-0.00010278019969514618,0.029985728612628923,-0.0009195193311277769,"[[1.0,0.0,0.0,0.0],[0.0,1.0,0.0,0.0],[0.0,0.0,1.0,0.0],[0.0,0.0,0.0,1.0]]","[[1.0,0.0,0.0,-0.00010278019969514618],[0.0,1.0,0.0,0.029985728612628923],[0.0,0.0,1.0,-0.0009195193311277769],[0.0,0.0,0.0,1.0]]",source/query_to_target/map,LEFT: T_initial=Delta_T@T_star,true,true,false,false,true,true,ASSUMED_METERS_FROM_SCALE,"[[1.0,-0.00011095545050920919,-4.4533051550388336e-05,-0.0007396512082777917],[0.00011094845103798434,1.0,-0.00015708518913015723,0.0002020948304561898],[4.45504738308955e-05,0.00015708031423855573,1.0,5.1555336540332064e-05],[0.0,0.0,0.0,1.0]]",0.03,0.0007684947515303538,0.0,0.011310554654971713,-0.0007396512082777917,0.0002020948304561898,5.1555336540332064e-05,0.9743835082823216,true,true,true,0.0004148215648085199,,16023,9,1702.014394,1.15.1,
CP-W_TEST_01_Q09-S-30MM-NEG-O3D,W_TEST_01,Weak,W_TEST_01_Q09,open3d,/home/lj/zero_perturbation_runtime/real_data/mid360_two_scene_pilot_v1/canonical_sources/W_TEST_01_Q09/source_points.npy,05a9437e87612119894dd2dda87ddbbd6c6248d7f033eb9d8e6ab474753af130,58d2bb868f08d171fda5e80e8a9c7c72a53f39e49df5198d22c8e51dc31b258b,/home/lj/zero_perturbation_runtime/real_data/mid360_two_scene_pilot_v1/target_maps/W_TEST_01/target_points.npy,d4438aba190de47a85fb6188ddc3b39dbfd6e39d3fdb5fa264bf425912e6c02e,e94c88ddc68916220d35f10c3da8fbaa53e6de526a6a0afc3a91899d5ce7a66a,6a1ebdee6b34390f1430eab371e1c4108db1f124b59b7239d74785efa6474af9,0.08750105904643514,0.2159687560895423,0.6965301848640224,7.960248623898222,0.724601529305802,strong,-0.0034260066565048727,0.9995242870876309,-0.0306506443709259,lambda_max,TARGET_FRAME,-1,0.03,0.00010278019969514618,-0.029985728612628923,0.0009195193311277769,"[[1.0,0.0,0.0,0.0],[0.0,1.0,0.0,0.0],[0.0,0.0,1.0,0.0],[0.0,0.0,0.0,1.0]]","[[1.0,0.0,0.0,0.00010278019969514618],[0.0,1.0,0.0,-0.029985728612628923],[0.0,0.0,1.0,0.0009195193311277769],[0.0,0.0,0.0,1.0]]",source/query_to_target/map,LEFT: T_initial=Delta_T@T_star,true,true,false,false,true,true,ASSUMED_METERS_FROM_SCALE,"[[0.9999999981664868,-4.662160573117741e-05,-3.864521241627329e-05,-0.0007679514325658653],[4.661692099586499e-05,0.9999999915667417,-0.00012121624698771077,0.0001488616508916212],[3.8650863386443534e-05,0.0001212144452446451,0.9999999919065844,4.0900987576051256e-05],[0.0,0.0,0.0,1.0]]",0.03,0.0007833148055991537,0.0,0.007763564761334391,-0.0007679514325658653,0.0001488616508916212,4.0900987576051256e-05,0.9738895064800283,true,true,true,1.0,0.020362187411251523,16023,,41.979332000664726,0.19.0+b012259,
CP-W_TEST_01_Q09-S-30MM-NEG-PCL,W_TEST_01,Weak,W_TEST_01_Q09,pcl,/home/lj/zero_perturbation_runtime/real_data/mid360_two_scene_pilot_v1/canonical_sources/W_TEST_01_Q09/source_points.npy,05a9437e87612119894dd2dda87ddbbd6c6248d7f033eb9d8e6ab474753af130,58d2bb868f08d171fda5e80e8a9c7c72a53f39e49df5198d22c8e51dc31b258b,/home/lj/zero_perturbation_runtime/real_data/mid360_two_scene_pilot_v1/target_maps/W_TEST_01/target_points.npy,d4438aba190de47a85fb6188ddc3b39dbfd6e39d3fdb5fa264bf425912e6c02e,e94c88ddc68916220d35f10c3da8fbaa53e6de526a6a0afc3a91899d5ce7a66a,6a1ebdee6b34390f1430eab371e1c4108db1f124b59b7239d74785efa6474af9,0.08750105904643514,0.2159687560895423,0.6965301848640224,7.960248623898222,0.724601529305802,strong,-0.0034260066565048727,0.9995242870876309,-0.0306506443709259,lambda_max,TARGET_FRAME,-1,0.03,0.00010278019969514618,-0.029985728612628923,0.0009195193311277769,"[[1.0,0.0,0.0,0.0],[0.0,1.0,0.0,0.0],[0.0,0.0,1.0,0.0],[0.0,0.0,0.0,1.0]]","[[1.0,0.0,0.0,0.00010278019969514618],[0.0,1.0,0.0,-0.029985728612628923],[0.0,0.0,1.0,0.0009195193311277769],[0.0,0.0,0.0,1.0]]",source/query_to_target/map,LEFT: T_initial=Delta_T@T_star,true,true,false,false,true,true,ASSUMED_METERS_FROM_SCALE,"[[1.0,-0.00010626782022882253,-4.4900003558723256e-05,-0.0007088238489814103],[0.00010626085713738576,1.0,-0.00015499595610890538,0.0002012579789152369],[4.491647632676177e-05,0.00015499115397688001,1.0,5.733369107474573e-05],[0.0,0.0,0.0,1.0]]",0.03,0.0007390691274123967,0.0,0.011070378089045468,-0.0007088238489814103,0.0002012579789152369,5.733369107474573e-05,0.9753643624195868,true,true,true,0.0004148007270483672,,16023,7,1722.803603,1.15.1,
CP-W_TEST_01_Q09-S-50MM-POS-O3D,W_TEST_01,Weak,W_TEST_01_Q09,open3d,/home/lj/zero_perturbation_runtime/real_data/mid360_two_scene_pilot_v1/canonical_sources/W_TEST_01_Q09/source_points.npy,05a9437e87612119894dd2dda87ddbbd6c6248d7f033eb9d8e6ab474753af130,58d2bb868f08d171fda5e80e8a9c7c72a53f39e49df5198d22c8e51dc31b258b,/home/lj/zero_perturbation_runtime/real_data/mid360_two_scene_pilot_v1/target_maps/W_TEST_01/target_points.npy,d4438aba190de47a85fb6188ddc3b39dbfd6e39d3fdb5fa264bf425912e6c02e,e94c88ddc68916220d35f10c3da8fbaa53e6de526a6a0afc3a91899d5ce7a66a,6a1ebdee6b34390f1430eab371e1c4108db1f124b59b7239d74785efa6474af9,0.08750105904643514,0.2159687560895423,0.6965301848640224,7.960248623898222,0.724601529305802,strong,-0.0034260066565048727,0.9995242870876309,-0.0306506443709259,lambda_max,TARGET_FRAME,1,0.05,-0.00017130033282524365,0.04997621435438154,-0.001532532218546295,"[[1.0,0.0,0.0,0.0],[0.0,1.0,0.0,0.0],[0.0,0.0,1.0,0.0],[0.0,0.0,0.0,1.0]]","[[1.0,0.0,0.0,-0.00017130033282524365],[0.0,1.0,0.0,0.04997621435438154],[0.0,0.0,1.0,-0.001532532218546295],[0.0,0.0,0.0,1.0]]",source/query_to_target/map,LEFT: T_initial=Delta_T@T_star,true,true,false,false,true,true,ASSUMED_METERS_FROM_SCALE,"[[0.9999999970059619,-4.5377170830672365e-05,-6.268164323311483e-05,-0.0008033444751594546],[4.5369411459964935e-05,0.9999999913093169,-0.0001237860366503328,0.00015313893583669897],[6.268725974850004e-05,0.00012378319245044995,0.9999999903740143,8.199779847008952e-05],[0.0,0.0,0.0,1.0]]",0.05,0.0008219108944358613,0.0,0.008364145152237261,-0.0008033444751594546,0.00015313893583669897,8.199779847008952e-05,0.9835617821112828,true,true,true,1.0,0.020361691525928906,16023,,39.92658199967991,0.19.0+b012259,
CP-W_TEST_01_Q09-S-50MM-POS-PCL,W_TEST_01,Weak,W_TEST_01_Q09,pcl,/home/lj/zero_perturbation_runtime/real_data/mid360_two_scene_pilot_v1/canonical_sources/W_TEST_01_Q09/source_points.npy,05a9437e87612119894dd2dda87ddbbd6c6248d7f033eb9d8e6ab474753af130,58d2bb868f08d171fda5e80e8a9c7c72a53f39e49df5198d22c8e51dc31b258b,/home/lj/zero_perturbation_runtime/real_data/mid360_two_scene_pilot_v1/target_maps/W_TEST_01/target_points.npy,d4438aba190de47a85fb6188ddc3b39dbfd6e39d3fdb5fa264bf425912e6c02e,e94c88ddc68916220d35f10c3da8fbaa53e6de526a6a0afc3a91899d5ce7a66a,6a1ebdee6b34390f1430eab371e1c4108db1f124b59b7239d74785efa6474af9,0.08750105904643514,0.2159687560895423,0.6965301848640224,7.960248623898222,0.724601529305802,strong,-0.0034260066565048727,0.9995242870876309,-0.0306506443709259,lambda_max,TARGET_FRAME,1,0.05,-0.00017130033282524365,0.04997621435438154,-0.001532532218546295,"[[1.0,0.0,0.0,0.0],[0.0,1.0,0.0,0.0],[0.0,0.0,1.0,0.0],[0.0,0.0,0.0,1.0]]","[[1.0,0.0,0.0,-0.00017130033282524365],[0.0,1.0,0.0,0.04997621435438154],[0.0,0.0,1.0,-0.001532532218546295],[0.0,0.0,0.0,1.0]]",source/query_to_target/map,LEFT: T_initial=Delta_T@T_star,true,true,false,false,true,true,ASSUMED_METERS_FROM_SCALE,"[[1.0,-0.0001109554068534635,-4.453829023987055e-05,-0.0007397306035272777],[0.0001109484292101115,1.0,-0.00015707402781117707,0.00020215132099110633],[4.45557088823989e-05,0.00015706921112723649,1.0,5.141269866726361e-05],[0.0,0.0,0.0,1.0]]",0.05,0.0007685764685166536,0.0,0.01131011377439765,-0.0007397306035272777,0.00020215132099110633,5.141269866726361e-05,0.984628470629667,true,true,true,0.0004148215936517781,,16023,9,1315.512156,1.15.1,
CP-W_TEST_01_Q09-S-50MM-NEG-O3D,W_TEST_01,Weak,W_TEST_01_Q09,open3d,/home/lj/zero_perturbation_runtime/real_data/mid360_two_scene_pilot_v1/canonical_sources/W_TEST_01_Q09/source_points.npy,05a9437e87612119894dd2dda87ddbbd6c6248d7f033eb9d8e6ab474753af130,58d2bb868f08d171fda5e80e8a9c7c72a53f39e49df5198d22c8e51dc31b258b,/home/lj/zero_perturbation_runtime/real_data/mid360_two_scene_pilot_v1/target_maps/W_TEST_01/target_points.npy,d4438aba190de47a85fb6188ddc3b39dbfd6e39d3fdb5fa264bf425912e6c02e,e94c88ddc68916220d35f10c3da8fbaa53e6de526a6a0afc3a91899d5ce7a66a,6a1ebdee6b34390f1430eab371e1c4108db1f124b59b7239d74785efa6474af9,0.08750105904643514,0.2159687560895423,0.6965301848640224,7.960248623898222,0.724601529305802,strong,-0.0034260066565048727,0.9995242870876309,-0.0306506443709259,lambda_max,TARGET_FRAME,-1,0.05,0.00017130033282524365,-0.04997621435438154,0.001532532218546295,"[[1.0,0.0,0.0,0.0],[0.0,1.0,0.0,0.0],[0.0,0.0,1.0,0.0],[0.0,0.0,0.0,1.0]]","[[1.0,0.0,0.0,0.00017130033282524365],[0.0,1.0,0.0,-0.04997621435438154],[0.0,0.0,1.0,0.001532532218546295],[0.0,0.0,0.0,1.0]]",source/query_to_target/map,LEFT: T_initial=Delta_T@T_star,true,true,false,false,true,true,ASSUMED_METERS_FROM_SCALE,"[[0.999999997005962,-4.537717083063721e-05,-6.268164323311933e-05,-0.0008033444751591816],[4.5369411459929786e-05,0.999999991309317,-0.00012378603665033307,0.0001531389358373276],[6.268725974850461e-05,0.0001237831924504499,0.9999999903740143,8.199779847099396e-05],[0.0,0.0,0.0,1.0]]",0.05,0.0008219108944358018,0.0,0.0083641451522317,-0.0008033444751591816,0.0001531389358373276,8.199779847099396e-05,0.983561782111284,true,true,true,1.0,0.02036169152592887,16023,,44.26316799981578,0.19.0+b012259,
CP-W_TEST_01_Q09-S-50MM-NEG-PCL,W_TEST_01,Weak,W_TEST_01_Q09,pcl,/home/lj/zero_perturbation_runtime/real_data/mid360_two_scene_pilot_v1/canonical_sources/W_TEST_01_Q09/source_points.npy,05a9437e87612119894dd2dda87ddbbd6c6248d7f033eb9d8e6ab474753af130,58d2bb868f08d171fda5e80e8a9c7c72a53f39e49df5198d22c8e51dc31b258b,/home/lj/zero_perturbation_runtime/real_data/mid360_two_scene_pilot_v1/target_maps/W_TEST_01/target_points.npy,d4438aba190de47a85fb6188ddc3b39dbfd6e39d3fdb5fa264bf425912e6c02e,e94c88ddc68916220d35f10c3da8fbaa53e6de526a6a0afc3a91899d5ce7a66a,6a1ebdee6b34390f1430eab371e1c4108db1f124b59b7239d74785efa6474af9,0.08750105904643514,0.2159687560895423,0.6965301848640224,7.960248623898222,0.724601529305802,strong,-0.0034260066565048727,0.9995242870876309,-0.0306506443709259,lambda_max,TARGET_FRAME,-1,0.05,0.00017130033282524365,-0.04997621435438154,0.001532532218546295,"[[1.0,0.0,0.0,0.0],[0.0,1.0,0.0,0.0],[0.0,0.0,1.0,0.0],[0.0,0.0,0.0,1.0]]","[[1.0,0.0,0.0,0.00017130033282524365],[0.0,1.0,0.0,-0.04997621435438154],[0.0,0.0,1.0,0.001532532218546295],[0.0,0.0,0.0,1.0]]",source/query_to_target/map,LEFT: T_initial=Delta_T@T_star,true,true,false,false,true,true,ASSUMED_METERS_FROM_SCALE,"[[1.0,-0.00010692363139241934,-4.483857992454432e-05,-0.0007136116037145257],[0.00010691666830098256,0.9999999403953552,-0.0001553088368382305,0.000202637369511649],[4.485518002184108e-05,0.00015530406381003559,0.9999999403953552,5.720408807974309e-05],[0.0,0.0,0.0,1.0]]",0.05,0.0007440267012491237,0.0,0.011104634205839438,-0.0007136116037145257,0.000202637369511649,5.720408807974309e-05,0.9851194659750175,true,true,true,0.0004148028547636166,,16023,7,1637.564869,1.15.1,
CP-W_TEST_01_Q10-W-10MM-POS-O3D,W_TEST_01,Weak,W_TEST_01_Q10,open3d,/home/lj/zero_perturbation_runtime/real_data/mid360_two_scene_pilot_v1/canonical_sources/W_TEST_01_Q10/source_points.npy,49a1f1af9dac4df0826858ec247f6abed6797f7c2f3558bef57248e39362dbae,57cd4c0f6c2d631c28097d0e8f9a6fcab6ed2a833dc96c7d2e4d5de9b3099887,/home/lj/zero_perturbation_runtime/real_data/mid360_two_scene_pilot_v1/target_maps/W_TEST_01/target_points.npy,d4438aba190de47a85fb6188ddc3b39dbfd6e39d3fdb5fa264bf425912e6c02e,e94c88ddc68916220d35f10c3da8fbaa53e6de526a6a0afc3a91899d5ce7a66a,6a1ebdee6b34390f1430eab371e1c4108db1f124b59b7239d74785efa6474af9,0.08676344683483957,0.21965229280042253,0.6935842603647379,7.99396849326451,0.727097950289688,weak,0.9999239515623511,0.003010028678280233,-0.011959549292872716,lambda_min,TARGET_FRAME,1,0.01,0.009999239515623513,3.0100286782802333e-05,-0.00011959549292872717,"[[1.0,0.0,0.0,0.0],[0.0,1.0,0.0,0.0],[0.0,0.0,1.0,0.0],[0.0,0.0,0.0,1.0]]","[[1.0,0.0,0.0,0.009999239515623513],[0.0,1.0,0.0,3.0100286782802333e-05],[0.0,0.0,1.0,-0.00011959549292872717],[0.0,0.0,0.0,1.0]]",source/query_to_target/map,LEFT: T_initial=Delta_T@T_star,true,true,false,false,true,true,ASSUMED_METERS_FROM_SCALE,"[[0.9999999982639388,-5.004535445127878e-05,-3.110602914992921e-05,0.0004369508407481269],[5.004474339289136e-05,0.9999999985548019,-1.9644839261630485e-05,-3.447291940449889e-05],[3.110701223791882e-05,1.964328253427908e-05,0.9999999993232476,-0.0003799441107567953],[0.0,0.0,0.0,1.0]]",0.01,0.0005800620197026658,0.0,0.003558806718178616,0.0004369508407481269,-3.447291940449889e-05,-0.0003799441107567953,0.9419937980297334,true,true,true,1.0,0.02057844760021719,15844,,35.55577200040716,0.19.0+b012259,
CP-W_TEST_01_Q10-W-10MM-POS-PCL,W_TEST_01,Weak,W_TEST_01_Q10,pcl,/home/lj/zero_perturbation_runtime/real_data/mid360_two_scene_pilot_v1/canonical_sources/W_TEST_01_Q10/source_points.npy,49a1f1af9dac4df0826858ec247f6abed6797f7c2f3558bef57248e39362dbae,57cd4c0f6c2d631c28097d0e8f9a6fcab6ed2a833dc96c7d2e4d5de9b3099887,/home/lj/zero_perturbation_runtime/real_data/mid360_two_scene_pilot_v1/target_maps/W_TEST_01/target_points.npy,d4438aba190de47a85fb6188ddc3b39dbfd6e39d3fdb5fa264bf425912e6c02e,e94c88ddc68916220d35f10c3da8fbaa53e6de526a6a0afc3a91899d5ce7a66a,6a1ebdee6b34390f1430eab371e1c4108db1f124b59b7239d74785efa6474af9,0.08676344683483957,0.21965229280042253,0.6935842603647379,7.99396849326451,0.727097950289688,weak,0.9999239515623511,0.003010028678280233,-0.011959549292872716,lambda_min,TARGET_FRAME,1,0.01,0.009999239515623513,3.0100286782802333e-05,-0.00011959549292872717,"[[1.0,0.0,0.0,0.0],[0.0,1.0,0.0,0.0],[0.0,0.0,1.0,0.0],[0.0,0.0,0.0,1.0]]","[[1.0,0.0,0.0,0.009999239515623513],[0.0,1.0,0.0,3.0100286782802333e-05],[0.0,0.0,1.0,-0.00011959549292872717],[0.0,0.0,0.0,1.0]]",source/query_to_target/map,LEFT: T_initial=Delta_T@T_star,true,true,false,false,true,true,ASSUMED_METERS_FROM_SCALE,"[[1.0,-7.406663644360378e-05,-1.3655747352459002e-05,0.0004997282521799207],[7.406675285892561e-05,1.0,8.325106136908289e-06,-5.515479642781429e-05],[1.36551307150512e-05,-8.326116585521959e-06,1.0,-0.00041094678454101086],[0.0,0.0,0.0,1.0]]",0.01,0.0006493440053780338,0.0,0.004341516400547149,0.0004997282521799207,-5.515479642781429e-05,-0.00041094678454101086,0.9350655994621966,true,true,true,0.00042350683926976467,,15844,7,1648.486777,1.15.1,
CP-W_TEST_01_Q10-W-10MM-NEG-O3D,W_TEST_01,Weak,W_TEST_01_Q10,open3d,/home/lj/zero_perturbation_runtime/real_data/mid360_two_scene_pilot_v1/canonical_sources/W_TEST_01_Q10/source_points.npy,49a1f1af9dac4df0826858ec247f6abed6797f7c2f3558bef57248e39362dbae,57cd4c0f6c2d631c28097d0e8f9a6fcab6ed2a833dc96c7d2e4d5de9b3099887,/home/lj/zero_perturbation_runtime/real_data/mid360_two_scene_pilot_v1/target_maps/W_TEST_01/target_points.npy,d4438aba190de47a85fb6188ddc3b39dbfd6e39d3fdb5fa264bf425912e6c02e,e94c88ddc68916220d35f10c3da8fbaa53e6de526a6a0afc3a91899d5ce7a66a,6a1ebdee6b34390f1430eab371e1c4108db1f124b59b7239d74785efa6474af9,0.08676344683483957,0.21965229280042253,0.6935842603647379,7.99396849326451,0.727097950289688,weak,0.9999239515623511,0.003010028678280233,-0.011959549292872716,lambda_min,TARGET_FRAME,-1,0.01,-0.009999239515623513,-3.0100286782802333e-05,0.00011959549292872717,"[[1.0,0.0,0.0,0.0],[0.0,1.0,0.0,0.0],[0.0,0.0,1.0,0.0],[0.0,0.0,0.0,1.0]]","[[1.0,0.0,0.0,-0.009999239515623513],[0.0,1.0,0.0,-3.0100286782802333e-05],[0.0,0.0,1.0,0.00011959549292872717],[0.0,0.0,0.0,1.0]]",source/query_to_target/map,LEFT: T_initial=Delta_T@T_star,true,true,false,false,true,true,ASSUMED_METERS_FROM_SCALE,"[[0.999999998280698,-5.0102072501572206e-05,-3.0469438468237598e-05,0.0004274317028265609],[5.010141415324422e-05,0.9999999985114882,-2.1607220973624796e-05,-2.953047293054842e-05],[3.0470520989435263e-05,2.1605694374519737e-05,0.9999999993023705,-0.00037313252856234215],[0.0,0.0,0.0,1.0]]",0.01,0.0005681529664483346,0.0,0.003580616467344557,0.0004274317028265609,-2.953047293054842e-05,-0.00037313252856234215,0.9431847033551666,true,true,true,1.0,0.020578453130223072,15844,,37.73683399958827,0.19.0+b012259,
CP-W_TEST_01_Q10-W-10MM-NEG-PCL,W_TEST_01,Weak,W_TEST_01_Q10,pcl,/home/lj/zero_perturbation_runtime/real_data/mid360_two_scene_pilot_v1/canonical_sources/W_TEST_01_Q10/source_points.npy,49a1f1af9dac4df0826858ec247f6abed6797f7c2f3558bef57248e39362dbae,57cd4c0f6c2d631c28097d0e8f9a6fcab6ed2a833dc96c7d2e4d5de9b3099887,/home/lj/zero_perturbation_runtime/real_data/mid360_two_scene_pilot_v1/target_maps/W_TEST_01/target_points.npy,d4438aba190de47a85fb6188ddc3b39dbfd6e39d3fdb5fa264bf425912e6c02e,e94c88ddc68916220d35f10c3da8fbaa53e6de526a6a0afc3a91899d5ce7a66a,6a1ebdee6b34390f1430eab371e1c4108db1f124b59b7239d74785efa6474af9,0.08676344683483957,0.21965229280042253,0.6935842603647379,7.99396849326451,0.727097950289688,weak,0.9999239515623511,0.003010028678280233,-0.011959549292872716,lambda_min,TARGET_FRAME,-1,0.01,-0.009999239515623513,-3.0100286782802333e-05,0.00011959549292872717,"[[1.0,0.0,0.0,0.0],[0.0,1.0,0.0,0.0],[0.0,0.0,1.0,0.0],[0.0,0.0,0.0,1.0]]","[[1.0,0.0,0.0,-0.009999239515623513],[0.0,1.0,0.0,-3.0100286782802333e-05],[0.0,0.0,1.0,0.00011959549292872717],[0.0,0.0,0.0,1.0]]",source/query_to_target/map,LEFT: T_initial=Delta_T@T_star,true,true,false,false,true,true,ASSUMED_METERS_FROM_SCALE,"[[1.0,-7.13728295522742e-05,-1.3614600902656093e-05,0.00047962693497538567],[7.137286593206227e-05,1.0,4.0233080653706565e-06,-4.846057345275767e-05],[1.3614315321319737e-05,-4.024278041470097e-06,1.0,-0.0004144229751545936],[0.0,0.0,0.0,1.0]]",0.01,0.0006357175680042497,0.0,0.004169474838538795,0.00047962693497538567,-4.846057345275767e-05,-0.0004144229751545936,0.9364282431995751,true,true,true,0.00042350071217568734,,15844,9,1352.127811,1.15.1,
CP-W_TEST_01_Q10-W-30MM-POS-O3D,W_TEST_01,Weak,W_TEST_01_Q10,open3d,/home/lj/zero_perturbation_runtime/real_data/mid360_two_scene_pilot_v1/canonical_sources/W_TEST_01_Q10/source_points.npy,49a1f1af9dac4df0826858ec247f6abed6797f7c2f3558bef57248e39362dbae,57cd4c0f6c2d631c28097d0e8f9a6fcab6ed2a833dc96c7d2e4d5de9b3099887,/home/lj/zero_perturbation_runtime/real_data/mid360_two_scene_pilot_v1/target_maps/W_TEST_01/target_points.npy,d4438aba190de47a85fb6188ddc3b39dbfd6e39d3fdb5fa264bf425912e6c02e,e94c88ddc68916220d35f10c3da8fbaa53e6de526a6a0afc3a91899d5ce7a66a,6a1ebdee6b34390f1430eab371e1c4108db1f124b59b7239d74785efa6474af9,0.08676344683483957,0.21965229280042253,0.6935842603647379,7.99396849326451,0.727097950289688,weak,0.9999239515623511,0.003010028678280233,-0.011959549292872716,lambda_min,TARGET_FRAME,1,0.03,0.029997718546870538,9.030086034840699e-05,-0.0003587864787861815,"[[1.0,0.0,0.0,0.0],[0.0,1.0,0.0,0.0],[0.0,0.0,1.0,0.0],[0.0,0.0,0.0,1.0]]","[[1.0,0.0,0.0,0.029997718546870538],[0.0,1.0,0.0,9.030086034840699e-05],[0.0,0.0,1.0,-0.0003587864787861815],[0.0,0.0,0.0,1.0]]",source/query_to_target/map,LEFT: T_initial=Delta_T@T_star,true,true,false,false,true,true,ASSUMED_METERS_FROM_SCALE,"[[0.9999999982714464,-5.007437722657228e-05,-3.081662521587756e-05,0.0004304313470798899],[5.007378469524677e-05,0.9999999985614476,-1.9228122545983167e-05,-3.468829974202177e-05],[3.081758800780798e-05,1.9226579407690218e-05,0.9999999993403076,-0.0003798350264942404],[0.0,0.0,0.0,1.0]]",0.030000000000000002,0.0005751078768717059,0.0,0.0035443813266632577,0.0004304313470798899,-3.468829974202177e-05,-0.0003798350264942404,0.9808297374376098,true,true,true,1.0,0.020578432215647976,15844,,38.33379099978629,0.19.0+b012259,
CP-W_TEST_01_Q10-W-30MM-POS-PCL,W_TEST_01,Weak,W_TEST_01_Q10,pcl,/home/lj/zero_perturbation_runtime/real_data/mid360_two_scene_pilot_v1/canonical_sources/W_TEST_01_Q10/source_points.npy,49a1f1af9dac4df0826858ec247f6abed6797f7c2f3558bef57248e39362dbae,57cd4c0f6c2d631c28097d0e8f9a6fcab6ed2a833dc96c7d2e4d5de9b3099887,/home/lj/zero_perturbation_runtime/real_data/mid360_two_scene_pilot_v1/target_maps/W_TEST_01/target_points.npy,d4438aba190de47a85fb6188ddc3b39dbfd6e39d3fdb5fa264bf425912e6c02e,e94c88ddc68916220d35f10c3da8fbaa53e6de526a6a0afc3a91899d5ce7a66a,6a1ebdee6b34390f1430eab371e1c4108db1f124b59b7239d74785efa6474af9,0.08676344683483957,0.21965229280042253,0.6935842603647379,7.99396849326451,0.727097950289688,weak,0.9999239515623511,0.003010028678280233,-0.011959549292872716,lambda_min,TARGET_FRAME,1,0.03,0.029997718546870538,9.030086034840699e-05,-0.0003587864787861815,"[[1.0,0.0,0.0,0.0],[0.0,1.0,0.0,0.0],[0.0,0.0,1.0,0.0],[0.0,0.0,0.0,1.0]]","[[1.0,0.0,0.0,0.029997718546870538],[0.0,1.0,0.0,9.030086034840699e-05],[0.0,0.0,1.0,-0.0003587864787861815],[0.0,0.0,0.0,1.0]]",source/query_to_target/map,LEFT: T_initial=Delta_T@T_star,true,true,false,false,true,true,ASSUMED_METERS_FROM_SCALE,"[[1.0,-7.446032395819202e-05,-1.3411991858447436e-05,0.0005011205212213099],[7.446044037351385e-05,1.0,8.839135261951014e-06,-5.338027040124871e-05],[1.3411322470346931e-05,-8.840136615617666e-06,1.0,-0.00041509332368150353],[0.0,0.0,0.0,1.0]]",0.030000000000000002,0.0006528963910316745,0.0,0.004364404302828674,0.0005011205212213099,-5.338027040124871e-05,-0.00041509332368150353,0.9782367869656109,true,true,true,0.00042350731100358947,,15844,8,1284.624658,1.15.1,
CP-W_TEST_01_Q10-W-30MM-NEG-O3D,W_TEST_01,Weak,W_TEST_01_Q10,open3d,/home/lj/zero_perturbation_runtime/real_data/mid360_two_scene_pilot_v1/canonical_sources/W_TEST_01_Q10/source_points.npy,49a1f1af9dac4df0826858ec247f6abed6797f7c2f3558bef57248e39362dbae,57cd4c0f6c2d631c28097d0e8f9a6fcab6ed2a833dc96c7d2e4d5de9b3099887,/home/lj/zero_perturbation_runtime/real_data/mid360_two_scene_pilot_v1/target_maps/W_TEST_01/target_points.npy,d4438aba190de47a85fb6188ddc3b39dbfd6e39d3fdb5fa264bf425912e6c02e,e94c88ddc68916220d35f10c3da8fbaa53e6de526a6a0afc3a91899d5ce7a66a,6a1ebdee6b34390f1430eab371e1c4108db1f124b59b7239d74785efa6474af9,0.08676344683483957,0.21965229280042253,0.6935842603647379,7.99396849326451,0.727097950289688,weak,0.9999239515623511,0.003010028678280233,-0.011959549292872716,lambda_min,TARGET_FRAME,-1,0.03,-0.029997718546870538,-9.030086034840699e-05,0.0003587864787861815,"[[1.0,0.0,0.0,0.0],[0.0,1.0,0.0,0.0],[0.0,0.0,1.0,0.0],[0.0,0.0,0.0,1.0]]","[[1.0,0.0,0.0,-0.029997718546870538],[0.0,1.0,0.0,-9.030086034840699e-05],[0.0,0.0,1.0,0.0003587864787861815],[0.0,0.0,0.0,1.0]]",source/query_to_target/map,LEFT: T_initial=Delta_T@T_star,true,true,false,false,true,true,ASSUMED_METERS_FROM_SCALE,"[[0.99999999828223,-5.0195788144424456e-05,-3.0264223288451504e-05,0.00042946320979668154],[5.019519812784058e-05,0.999999998550175,-1.949595821254928e-05,-3.455539968838436e-05],[3.0265201859561797e-05,1.949443906037556e-05,0.9999999993519918,-0.00037598156871751395],[0.0,0.0,0.0,1.0]]",0.030000000000000002,0.0005718346476314418,0.0,0.003539192873303118,0.00042946320979668154,-3.455539968838436e-05,-0.00037598156871751395,0.9809388450789519,true,true,true,1.0,0.02057844024478888,15844,,40.6954219997715,0.19.0+b012259,
CP-W_TEST_01_Q10-W-30MM-NEG-PCL,W_TEST_01,Weak,W_TEST_01_Q10,pcl,/home/lj/zero_perturbation_runtime/real_data/mid360_two_scene_pilot_v1/canonical_sources/W_TEST_01_Q10/source_points.npy,49a1f1af9dac4df0826858ec247f6abed6797f7c2f3558bef57248e39362dbae,57cd4c0f6c2d631c28097d0e8f9a6fcab6ed2a833dc96c7d2e4d5de9b3099887,/home/lj/zero_perturbation_runtime/real_data/mid360_two_scene_pilot_v1/target_maps/W_TEST_01/target_points.npy,d4438aba190de47a85fb6188ddc3b39dbfd6e39d3fdb5fa264bf425912e6c02e,e94c88ddc68916220d35f10c3da8fbaa53e6de526a6a0afc3a91899d5ce7a66a,6a1ebdee6b34390f1430eab371e1c4108db1f124b59b7239d74785efa6474af9,0.08676344683483957,0.21965229280042253,0.6935842603647379,7.99396849326451,0.727097950289688,weak,0.9999239515623511,0.003010028678280233,-0.011959549292872716,lambda_min,TARGET_FRAME,-1,0.03,-0.029997718546870538,-9.030086034840699e-05,0.0003587864787861815,"[[1.0,0.0,0.0,0.0],[0.0,1.0,0.0,0.0],[0.0,0.0,1.0,0.0],[0.0,0.0,0.0,1.0]]","[[1.0,0.0,0.0,-0.029997718546870538],[0.0,1.0,0.0,-9.030086034840699e-05],[0.0,0.0,1.0,0.0003587864787861815],[0.0,0.0,0.0,1.0]]",source/query_to_target/map,LEFT: T_initial=Delta_T@T_star,true,true,false,false,true,true,ASSUMED_METERS_FROM_SCALE,"[[1.0,-7.05929342075251e-05,-1.2999040336580947e-05,0.0004957488854415715],[7.059300696710125e-05,1.0,5.596617029368645e-06,-4.819364403374493e-05],[1.2998650163353886e-05,-5.59753789275419e-06,1.0,-0.00041537126526236534],[0.0,0.0,0.0,1.0]]",0.030000000000000002,0.0006485544485603888,0.0,0.004125162724317656,0.0004957488854415715,-4.819364403374493e-05,-0.00041537126526236534,0.9783815183813204,true,true,true,0.0004235013143604299,,15844,10,1725.323108,1.15.1,
CP-W_TEST_01_Q10-W-50MM-POS-O3D,W_TEST_01,Weak,W_TEST_01_Q10,open3d,/home/lj/zero_perturbation_runtime/real_data/mid360_two_scene_pilot_v1/canonical_sources/W_TEST_01_Q10/source_points.npy,49a1f1af9dac4df0826858ec247f6abed6797f7c2f3558bef57248e39362dbae,57cd4c0f6c2d631c28097d0e8f9a6fcab6ed2a833dc96c7d2e4d5de9b3099887,/home/lj/zero_perturbation_runtime/real_data/mid360_two_scene_pilot_v1/target_maps/W_TEST_01/target_points.npy,d4438aba190de47a85fb6188ddc3b39dbfd6e39d3fdb5fa264bf425912e6c02e,e94c88ddc68916220d35f10c3da8fbaa53e6de526a6a0afc3a91899d5ce7a66a,6a1ebdee6b34390f1430eab371e1c4108db1f124b59b7239d74785efa6474af9,0.08676344683483957,0.21965229280042253,0.6935842603647379,7.99396849326451,0.727097950289688,weak,0.9999239515623511,0.003010028678280233,-0.011959549292872716,lambda_min,TARGET_FRAME,1,0.05,0.04999619757811757,0.00015050143391401167,-0.0005979774646436359,"[[1.0,0.0,0.0,0.0],[0.0,1.0,0.0,0.0],[0.0,0.0,1.0,0.0],[0.0,0.0,0.0,1.0]]","[[1.0,0.0,0.0,0.04999619757811757],[0.0,1.0,0.0,0.00015050143391401167],[0.0,0.0,1.0,-0.0005979774646436359],[0.0,0.0,0.0,1.0]]",source/query_to_target/map,LEFT: T_initial=Delta_T@T_star,true,true,false,false,true,true,ASSUMED_METERS_FROM_SCALE,"[[0.9999999982851897,-5.012060025700146e-05,-3.0291030462085144e-05,0.0004296097611476361],[5.0119996421214614e-05,0.9999999985452925,-1.993490525422562e-05,-3.344067792877162e-05],[3.029202956743801e-05,1.9933387033702684e-05,0.9999999993425266,-0.00037630977711985693],[0.0,0.0,0.0,1.0]]",0.05000000000000001,0.0005720942878317011,0.0,0.0035444705228375997,0.0004296097611476361,-3.344067792877162e-05,-0.00037630977711985693,0.9885581142433659,true,true,true,1.0,0.020578439570958194,15844,,38.50366499955271,0.19.0+b012259,
CP-W_TEST_01_Q10-W-50MM-POS-PCL,W_TEST_01,Weak,W_TEST_01_Q10,pcl,/home/lj/zero_perturbation_runtime/real_data/mid360_two_scene_pilot_v1/canonical_sources/W_TEST_01_Q10/source_points.npy,49a1f1af9dac4df0826858ec247f6abed6797f7c2f3558bef57248e39362dbae,57cd4c0f6c2d631c28097d0e8f9a6fcab6ed2a833dc96c7d2e4d5de9b3099887,/home/lj/zero_perturbation_runtime/real_data/mid360_two_scene_pilot_v1/target_maps/W_TEST_01/target_points.npy,d4438aba190de47a85fb6188ddc3b39dbfd6e39d3fdb5fa264bf425912e6c02e,e94c88ddc68916220d35f10c3da8fbaa53e6de526a6a0afc3a91899d5ce7a66a,6a1ebdee6b34390f1430eab371e1c4108db1f124b59b7239d74785efa6474af9,0.08676344683483957,0.21965229280042253,0.6935842603647379,7.99396849326451,0.727097950289688,weak,0.9999239515623511,0.003010028678280233,-0.011959549292872716,lambda_min,TARGET_FRAME,1,0.05,0.04999619757811757,0.00015050143391401167,-0.0005979774646436359,"[[1.0,0.0,0.0,0.0],[0.0,1.0,0.0,0.0],[0.0,0.0,1.0,0.0],[0.0,0.0,0.0,1.0]]","[[1.0,0.0,0.0,0.04999619757811757],[0.0,1.0,0.0,0.00015050143391401167],[0.0,0.0,1.0,-0.0005979774646436359],[0.0,0.0,0.0,1.0]]",source/query_to_target/map,LEFT: T_initial=Delta_T@T_star,true,true,false,false,true,true,ASSUMED_METERS_FROM_SCALE,"[[1.0,-7.493233715649694e-05,-1.401065856043715e-05,0.0005035510985180736],[7.493247539969161e-05,1.0,9.536205652693752e-06,-5.627451901091263e-05],[1.4009959159011487e-05,-9.537257028569002e-06,1.0,-0.00041165840229950845],[0.0,0.0,0.0,1.0]]",0.05000000000000001,0.0006528347191230351,0.0,0.004401756786664546,0.0005035510985180736,-5.627451901091263e-05,-0.00041165840229950845,0.9869433056175393,true,true,true,0.000423508595202689,,15844,7,1270.607038,1.15.1,
CP-W_TEST_01_Q10-W-50MM-NEG-O3D,W_TEST_01,Weak,W_TEST_01_Q10,open3d,/home/lj/zero_perturbation_runtime/real_data/mid360_two_scene_pilot_v1/canonical_sources/W_TEST_01_Q10/source_points.npy,49a1f1af9dac4df0826858ec247f6abed6797f7c2f3558bef57248e39362dbae,57cd4c0f6c2d631c28097d0e8f9a6fcab6ed2a833dc96c7d2e4d5de9b3099887,/home/lj/zero_perturbation_runtime/real_data/mid360_two_scene_pilot_v1/target_maps/W_TEST_01/target_points.npy,d4438aba190de47a85fb6188ddc3b39dbfd6e39d3fdb5fa264bf425912e6c02e,e94c88ddc68916220d35f10c3da8fbaa53e6de526a6a0afc3a91899d5ce7a66a,6a1ebdee6b34390f1430eab371e1c4108db1f124b59b7239d74785efa6474af9,0.08676344683483957,0.21965229280042253,0.6935842603647379,7.99396849326451,0.727097950289688,weak,0.9999239515623511,0.003010028678280233,-0.011959549292872716,lambda_min,TARGET_FRAME,-1,0.05,-0.04999619757811757,-0.00015050143391401167,0.0005979774646436359,"[[1.0,0.0,0.0,0.0],[0.0,1.0,0.0,0.0],[0.0,0.0,1.0,0.0],[0.0,0.0,0.0,1.0]]","[[1.0,0.0,0.0,-0.04999619757811757],[0.0,1.0,0.0,-0.00015050143391401167],[0.0,0.0,1.0,0.0005979774646436359],[0.0,0.0,0.0,1.0]]",source/query_to_target/map,LEFT: T_initial=Delta_T@T_star,true,true,false,false,true,true,ASSUMED_METERS_FROM_SCALE,"[[0.9999999982742417,-5.02447204235718e-05,-3.0446426525339234e-05,0.0004306038645794963],[5.0244115192460465e-05,0.9999999985401768,-1.987899866133966e-05,-3.293543257047986e-05],[3.044742529562288e-05,1.9877468873271724e-05,0.9999999993389203,-0.00037482601023757666],[0.0,0.0,0.0,1.0]]",0.05000000000000001,0.0005718382366194322,0.0,0.0035535676664612465,0.0004306038645794963,-3.293543257047986e-05,-0.00037482601023757666,0.9885632352676114,true,true,true,1.0,0.020578453140831295,15844,,36.90771299989137,0.19.0+b012259,
CP-W_TEST_01_Q10-W-50MM-NEG-PCL,W_TEST_01,Weak,W_TEST_01_Q10,pcl,/home/lj/zero_perturbation_runtime/real_data/mid360_two_scene_pilot_v1/canonical_sources/W_TEST_01_Q10/source_points.npy,49a1f1af9dac4df0826858ec247f6abed6797f7c2f3558bef57248e39362dbae,57cd4c0f6c2d631c28097d0e8f9a6fcab6ed2a833dc96c7d2e4d5de9b3099887,/home/lj/zero_perturbation_runtime/real_data/mid360_two_scene_pilot_v1/target_maps/W_TEST_01/target_points.npy,d4438aba190de47a85fb6188ddc3b39dbfd6e39d3fdb5fa264bf425912e6c02e,e94c88ddc68916220d35f10c3da8fbaa53e6de526a6a0afc3a91899d5ce7a66a,6a1ebdee6b34390f1430eab371e1c4108db1f124b59b7239d74785efa6474af9,0.08676344683483957,0.21965229280042253,0.6935842603647379,7.99396849326451,0.727097950289688,weak,0.9999239515623511,0.003010028678280233,-0.011959549292872716,lambda_min,TARGET_FRAME,-1,0.05,-0.04999619757811757,-0.00015050143391401167,0.0005979774646436359,"[[1.0,0.0,0.0,0.0],[0.0,1.0,0.0,0.0],[0.0,0.0,1.0,0.0],[0.0,0.0,0.0,1.0]]","[[1.0,0.0,0.0,-0.04999619757811757],[0.0,1.0,0.0,-0.00015050143391401167],[0.0,0.0,1.0,0.0005979774646436359],[0.0,0.0,0.0,1.0]]",source/query_to_target/map,LEFT: T_initial=Delta_T@T_star,true,true,false,false,true,true,ASSUMED_METERS_FROM_SCALE,"[[1.0,-7.137597276596352e-05,-1.3606490938400384e-05,0.0004796597349923104],[7.137603097362444e-05,1.0,4.004804395663086e-06,-4.843578426516615e-05],[1.3606203538074624e-05,-4.0057730075204745e-06,1.0,-0.00041399773908779025],[0.0,0.0,0.0,1.0]]",0.05000000000000001,0.0006354633069974042,0.0,0.004169506682745137,0.0004796597349923104,-4.843578426516615e-05,-0.00041399773908779025,0.987290733860052,true,true,true,0.0004235007770858597,,15844,10,1334.194455,1.15.1,
CP-W_TEST_01_Q10-S-10MM-POS-O3D,W_TEST_01,Weak,W_TEST_01_Q10,open3d,/home/lj/zero_perturbation_runtime/real_data/mid360_two_scene_pilot_v1/canonical_sources/W_TEST_01_Q10/source_points.npy,49a1f1af9dac4df0826858ec247f6abed6797f7c2f3558bef57248e39362dbae,57cd4c0f6c2d631c28097d0e8f9a6fcab6ed2a833dc96c7d2e4d5de9b3099887,/home/lj/zero_perturbation_runtime/real_data/mid360_two_scene_pilot_v1/target_maps/W_TEST_01/target_points.npy,d4438aba190de47a85fb6188ddc3b39dbfd6e39d3fdb5fa264bf425912e6c02e,e94c88ddc68916220d35f10c3da8fbaa53e6de526a6a0afc3a91899d5ce7a66a,6a1ebdee6b34390f1430eab371e1c4108db1f124b59b7239d74785efa6474af9,0.08676344683483957,0.21965229280042253,0.6935842603647379,7.99396849326451,0.727097950289688,strong,-0.0033909165118516764,0.9994835104636617,-0.03195643904513145,lambda_max,TARGET_FRAME,1,0.01,-3.390916511851676e-05,0.009994835104636618,-0.0003195643904513145,"[[1.0,0.0,0.0,0.0],[0.0,1.0,0.0,0.0],[0.0,0.0,1.0,0.0],[0.0,0.0,0.0,1.0]]","[[1.0,0.0,0.0,-3.390916511851676e-05],[0.0,1.0,0.0,0.009994835104636618],[0.0,0.0,1.0,-0.0003195643904513145],[0.0,0.0,0.0,1.0]]",source/query_to_target/map,LEFT: T_initial=Delta_T@T_star,true,true,false,false,true,true,ASSUMED_METERS_FROM_SCALE,"[[0.999999998305833,-5.032563731482275e-05,-2.9251747381216192e-05,0.00042825506729889394],[5.032496553470303e-05,0.9999999984699859,-2.296575212938637e-05,-3.236439785755339e-05],[2.925290310257292e-05,2.2964279997299755e-05,0.9999999993084548,-0.0003630044632122846],[0.0,0.0,0.0,1.0]]",0.010000000000000002,0.0005623362848224371,0.0,0.0035853272792238065,0.00042825506729889394,-3.236439785755339e-05,-0.0003630044632122846,0.9437663715177563,true,true,true,1.0,0.020578471880662957,15844,,36.43239400025777,0.19.0+b012259,
CP-W_TEST_01_Q10-S-10MM-POS-PCL,W_TEST_01,Weak,W_TEST_01_Q10,pcl,/home/lj/zero_perturbation_runtime/real_data/mid360_two_scene_pilot_v1/canonical_sources/W_TEST_01_Q10/source_points.npy,49a1f1af9dac4df0826858ec247f6abed6797f7c2f3558bef57248e39362dbae,57cd4c0f6c2d631c28097d0e8f9a6fcab6ed2a833dc96c7d2e4d5de9b3099887,/home/lj/zero_perturbation_runtime/real_data/mid360_two_scene_pilot_v1/target_maps/W_TEST_01/target_points.npy,d4438aba190de47a85fb6188ddc3b39dbfd6e39d3fdb5fa264bf425912e6c02e,e94c88ddc68916220d35f10c3da8fbaa53e6de526a6a0afc3a91899d5ce7a66a,6a1ebdee6b34390f1430eab371e1c4108db1f124b59b7239d74785efa6474af9,0.08676344683483957,0.21965229280042253,0.6935842603647379,7.99396849326451,0.727097950289688,strong,-0.0033909165118516764,0.9994835104636617,-0.03195643904513145,lambda_max,TARGET_FRAME,1,0.01,-3.390916511851676e-05,0.009994835104636618,-0.0003195643904513145,"[[1.0,0.0,0.0,0.0],[0.0,1.0,0.0,0.0],[0.0,0.0,1.0,0.0],[0.0,0.0,0.0,1.0]]","[[1.0,0.0,0.0,-3.390916511851676e-05],[0.0,1.0,0.0,0.009994835104636618],[0.0,0.0,1.0,-0.0003195643904513145],[0.0,0.0,0.0,1.0]]",source/query_to_target/map,LEFT: T_initial=Delta_T@T_star,true,true,false,false,true,true,ASSUMED_METERS_FROM_SCALE,"[[1.0,-7.05964703229256e-05,-1.3516492799681146e-05,0.0004959858488291502],[7.05965212546289e-05,1.0,4.9236277845920995e-06,-4.76035856991075e-05],[1.3516145372705068e-05,-4.9245968511968385e-06,1.0,-0.0004145514394622296],[0.0,0.0,0.0,1.0]]",0.010000000000000002,0.0006481673854571761,0.0,0.004128002051057197,0.0004959858488291502,-4.76035856991075e-05,-0.0004145514394622296,0.9351832614542824,true,true,true,0.00042350164588804266,,15844,7,1270.653554,1.15.1,
CP-W_TEST_01_Q10-S-10MM-NEG-O3D,W_TEST_01,Weak,W_TEST_01_Q10,open3d,/home/lj/zero_perturbation_runtime/real_data/mid360_two_scene_pilot_v1/canonical_sources/W_TEST_01_Q10/source_points.npy,49a1f1af9dac4df0826858ec247f6abed6797f7c2f3558bef57248e39362dbae,57cd4c0f6c2d631c28097d0e8f9a6fcab6ed2a833dc96c7d2e4d5de9b3099887,/home/lj/zero_perturbation_runtime/real_data/mid360_two_scene_pilot_v1/target_maps/W_TEST_01/target_points.npy,d4438aba190de47a85fb6188ddc3b39dbfd6e39d3fdb5fa264bf425912e6c02e,e94c88ddc68916220d35f10c3da8fbaa53e6de526a6a0afc3a91899d5ce7a66a,6a1ebdee6b34390f1430eab371e1c4108db1f124b59b7239d74785efa6474af9,0.08676344683483957,0.21965229280042253,0.6935842603647379,7.99396849326451,0.727097950289688,strong,-0.0033909165118516764,0.9994835104636617,-0.03195643904513145,lambda_max,TARGET_FRAME,-1,0.01,3.390916511851676e-05,-0.009994835104636618,0.0003195643904513145,"[[1.0,0.0,0.0,0.0],[0.0,1.0,0.0,0.0],[0.0,0.0,1.0,0.0],[0.0,0.0,0.0,1.0]]","[[1.0,0.0,0.0,3.390916511851676e-05],[0.0,1.0,0.0,-0.009994835104636618],[0.0,0.0,1.0,0.0003195643904513145],[0.0,0.0,0.0,1.0]]",source/query_to_target/map,LEFT: T_initial=Delta_T@T_star,true,true,false,false,true,true,ASSUMED_METERS_FROM_SCALE,"[[0.9999999982851894,-5.0120601327267644e-05,-3.029103395382217e-05,0.0004296097644550267],[5.011999748774452e-05,0.9999999985452903,-1.993502629933039e-05,-3.3440578376352974e-05],[3.029203306526311e-05,1.9933508078599934e-05,0.999999999342524,-0.0003763097593962367],[0.0,0.0,0.0,1.0]]",0.010000000000000002,0.0005720942728380543,0.0,0.0035444729052848166,0.0004296097644550267,-3.3440578376352974e-05,-0.0003763097593962367,0.9427905727161946,true,true,true,1.0,0.020578439571136233,15844,,39.04847100056941,0.19.0+b012259,
CP-W_TEST_01_Q10-S-10MM-NEG-PCL,W_TEST_01,Weak,W_TEST_01_Q10,pcl,/home/lj/zero_perturbation_runtime/real_data/mid360_two_scene_pilot_v1/canonical_sources/W_TEST_01_Q10/source_points.npy,49a1f1af9dac4df0826858ec247f6abed6797f7c2f3558bef57248e39362dbae,57cd4c0f6c2d631c28097d0e8f9a6fcab6ed2a833dc96c7d2e4d5de9b3099887,/home/lj/zero_perturbation_runtime/real_data/mid360_two_scene_pilot_v1/target_maps/W_TEST_01/target_points.npy,d4438aba190de47a85fb6188ddc3b39dbfd6e39d3fdb5fa264bf425912e6c02e,e94c88ddc68916220d35f10c3da8fbaa53e6de526a6a0afc3a91899d5ce7a66a,6a1ebdee6b34390f1430eab371e1c4108db1f124b59b7239d74785efa6474af9,0.08676344683483957,0.21965229280042253,0.6935842603647379,7.99396849326451,0.727097950289688,strong,-0.0033909165118516764,0.9994835104636617,-0.03195643904513145,lambda_max,TARGET_FRAME,-1,0.01,3.390916511851676e-05,-0.009994835104636618,0.0003195643904513145,"[[1.0,0.0,0.0,0.0],[0.0,1.0,0.0,0.0],[0.0,0.0,1.0,0.0],[0.0,0.0,0.0,1.0]]","[[1.0,0.0,0.0,3.390916511851676e-05],[0.0,1.0,0.0,-0.009994835104636618],[0.0,0.0,1.0,0.0003195643904513145],[0.0,0.0,0.0,1.0]]",source/query_to_target/map,LEFT: T_initial=Delta_T@T_star,true,true,false,false,true,true,ASSUMED_METERS_FROM_SCALE,"[[1.0,-7.051994180073962e-05,-1.3014722753723618e-05,0.0004898931365460157],[7.051999273244292e-05,1.0,5.108823643240612e-06,-4.810215614270419e-05],[1.3014364412811119e-05,-5.109736321173841e-06,1.0,-0.0004153518530074507],[0.0,0.0,0.0,1.0]]",0.010000000000000002,0.0006440700772875521,0.0,0.004119143721112552,0.0004898931365460157,-4.810215614270419e-05,-0.0004153518530074507,0.9355929922712448,true,true,true,0.0004235004467045617,,15844,7,1535.095834,1.15.1,
CP-W_TEST_01_Q10-S-30MM-POS-O3D,W_TEST_01,Weak,W_TEST_01_Q10,open3d,/home/lj/zero_perturbation_runtime/real_data/mid360_two_scene_pilot_v1/canonical_sources/W_TEST_01_Q10/source_points.npy,49a1f1af9dac4df0826858ec247f6abed6797f7c2f3558bef57248e39362dbae,57cd4c0f6c2d631c28097d0e8f9a6fcab6ed2a833dc96c7d2e4d5de9b3099887,/home/lj/zero_perturbation_runtime/real_data/mid360_two_scene_pilot_v1/target_maps/W_TEST_01/target_points.npy,d4438aba190de47a85fb6188ddc3b39dbfd6e39d3fdb5fa264bf425912e6c02e,e94c88ddc68916220d35f10c3da8fbaa53e6de526a6a0afc3a91899d5ce7a66a,6a1ebdee6b34390f1430eab371e1c4108db1f124b59b7239d74785efa6474af9,0.08676344683483957,0.21965229280042253,0.6935842603647379,7.99396849326451,0.727097950289688,strong,-0.0033909165118516764,0.9994835104636617,-0.03195643904513145,lambda_max,TARGET_FRAME,1,0.03,-0.00010172749535555029,0.02998450531390985,-0.0009586931713539434,"[[1.0,0.0,0.0,0.0],[0.0,1.0,0.0,0.0],[0.0,0.0,1.0,0.0],[0.0,0.0,0.0,1.0]]","[[1.0,0.0,0.0,-0.00010172749535555029],[0.0,1.0,0.0,0.02998450531390985],[0.0,0.0,1.0,-0.0009586931713539434],[0.0,0.0,0.0,1.0]]",source/query_to_target/map,LEFT: T_initial=Delta_T@T_star,true,true,false,false,true,true,ASSUMED_METERS_FROM_SCALE,"[[0.9999999983058327,-5.032563731039412e-05,-2.9251747357737848e-05,0.00042825506727586137],[5.0324965530299e-05,0.9999999984699863,-2.2965751305603764e-05,-3.2364398534707206e-05],[2.925290307905305e-05,2.2964279173518486e-05,0.9999999993084546,-0.0003630044633325528],[0.0,0.0,0.0,1.0]]",0.030000000000000002,0.0005623362849215055,0.0,0.0035853272610706834,0.00042825506727586137,-3.2364398534707206e-05,-0.0003630044633325528,0.9812554571692832,true,true,true,1.0,0.020578471880661836,15844,,37.351560999923095,0.19.0+b012259,
CP-W_TEST_01_Q10-S-30MM-POS-PCL,W_TEST_01,Weak,W_TEST_01_Q10,pcl,/home/lj/zero_perturbation_runtime/real_data/mid360_two_scene_pilot_v1/canonical_sources/W_TEST_01_Q10/source_points.npy,49a1f1af9dac4df0826858ec247f6abed6797f7c2f3558bef57248e39362dbae,57cd4c0f6c2d631c28097d0e8f9a6fcab6ed2a833dc96c7d2e4d5de9b3099887,/home/lj/zero_perturbation_runtime/real_data/mid360_two_scene_pilot_v1/target_maps/W_TEST_01/target_points.npy,d4438aba190de47a85fb6188ddc3b39dbfd6e39d3fdb5fa264bf425912e6c02e,e94c88ddc68916220d35f10c3da8fbaa53e6de526a6a0afc3a91899d5ce7a66a,6a1ebdee6b34390f1430eab371e1c4108db1f124b59b7239d74785efa6474af9,0.08676344683483957,0.21965229280042253,0.6935842603647379,7.99396849326451,0.727097950289688,strong,-0.0033909165118516764,0.9994835104636617,-0.03195643904513145,lambda_max,TARGET_FRAME,1,0.03,-0.00010172749535555029,0.02998450531390985,-0.0009586931713539434,"[[1.0,0.0,0.0,0.0],[0.0,1.0,0.0,0.0],[0.0,0.0,1.0,0.0],[0.0,0.0,0.0,1.0]]","[[1.0,0.0,0.0,-0.00010172749535555029],[0.0,1.0,0.0,0.02998450531390985],[0.0,0.0,1.0,-0.0009586931713539434],[0.0,0.0,0.0,1.0]]",source/query_to_target/map,LEFT: T_initial=Delta_T@T_star,true,true,false,false,true,true,ASSUMED_METERS_FROM_SCALE,"[[1.0,-7.064535020617768e-05,-1.3569350812758785e-05,0.0004956517368555069],[7.064542296575382e-05,1.0,5.246279215498362e-06,-4.746623380924575e-05],[1.3568985195888672e-05,-5.247255103313364e-06,1.0,-0.0004143780388403684],[0.0,0.0,0.0,1.0]]",0.030000000000000002,0.0006477907429665111,0.0,0.004132619312790833,0.0004956517368555069,-4.746623380924575e-05,-0.0004143780388403684,0.9784069752344496,true,true,true,0.000423501689156791,,15844,9,1752.921968,1.15.1,
CP-W_TEST_01_Q10-S-30MM-NEG-O3D,W_TEST_01,Weak,W_TEST_01_Q10,open3d,/home/lj/zero_perturbation_runtime/real_data/mid360_two_scene_pilot_v1/canonical_sources/W_TEST_01_Q10/source_points.npy,49a1f1af9dac4df0826858ec247f6abed6797f7c2f3558bef57248e39362dbae,57cd4c0f6c2d631c28097d0e8f9a6fcab6ed2a833dc96c7d2e4d5de9b3099887,/home/lj/zero_perturbation_runtime/real_data/mid360_two_scene_pilot_v1/target_maps/W_TEST_01/target_points.npy,d4438aba190de47a85fb6188ddc3b39dbfd6e39d3fdb5fa264bf425912e6c02e,e94c88ddc68916220d35f10c3da8fbaa53e6de526a6a0afc3a91899d5ce7a66a,6a1ebdee6b34390f1430eab371e1c4108db1f124b59b7239d74785efa6474af9,0.08676344683483957,0.21965229280042253,0.6935842603647379,7.99396849326451,0.727097950289688,strong,-0.0033909165118516764,0.9994835104636617,-0.03195643904513145,lambda_max,TARGET_FRAME,-1,0.03,0.00010172749535555029,-0.02998450531390985,0.0009586931713539434,"[[1.0,0.0,0.0,0.0],[0.0,1.0,0.0,0.0],[0.0,0.0,1.0,0.0],[0.0,0.0,0.0,1.0]]","[[1.0,0.0,0.0,0.00010172749535555029],[0.0,1.0,0.0,-0.02998450531390985],[0.0,0.0,1.0,0.0009586931713539434],[0.0,0.0,0.0,1.0]]",source/query_to_target/map,LEFT: T_initial=Delta_T@T_star,true,true,false,false,true,true,ASSUMED_METERS_FROM_SCALE,"[[0.99999999828579,-4.9352936539226905e-05,-3.1507266361754324e-05,0.00039484011909163616],[4.9352232013593855e-05,0.9999999985321687,-2.236112086887419e-05,-2.7439439536376594e-05],[3.150836990248616e-05,2.235956587662285e-05,0.9999999992536364,-0.0003743808204155852],[0.0,0.0,0.0,1.0]]",0.030000000000000002,0.0005448051405607463,0.0,0.0035911270286708946,0.00039484011909163616,-2.7439439536376594e-05,-0.0003743808204155852,0.9818398286479751,true,true,true,1.0,0.020578364113761276,15844,,35.78791200015985,0.19.0+b012259,
CP-W_TEST_01_Q10-S-30MM-NEG-PCL,W_TEST_01,Weak,W_TEST_01_Q10,pcl,/home/lj/zero_perturbation_runtime/real_data/mid360_two_scene_pilot_v1/canonical_sources/W_TEST_01_Q10/source_points.npy,49a1f1af9dac4df0826858ec247f6abed6797f7c2f3558bef57248e39362dbae,57cd4c0f6c2d631c28097d0e8f9a6fcab6ed2a833dc96c7d2e4d5de9b3099887,/home/lj/zero_perturbation_runtime/real_data/mid360_two_scene_pilot_v1/target_maps/W_TEST_01/target_points.npy,d4438aba190de47a85fb6188ddc3b39dbfd6e39d3fdb5fa264bf425912e6c02e,e94c88ddc68916220d35f10c3da8fbaa53e6de526a6a0afc3a91899d5ce7a66a,6a1ebdee6b34390f1430eab371e1c4108db1f124b59b7239d74785efa6474af9,0.08676344683483957,0.21965229280042253,0.6935842603647379,7.99396849326451,0.727097950289688,strong,-0.0033909165118516764,0.9994835104636617,-0.03195643904513145,lambda_max,TARGET_FRAME,-1,0.03,0.00010172749535555029,-0.02998450531390985,0.0009586931713539434,"[[1.0,0.0,0.0,0.0],[0.0,1.0,0.0,0.0],[0.0,0.0,1.0,0.0],[0.0,0.0,0.0,1.0]]","[[1.0,0.0,0.0,0.00010172749535555029],[0.0,1.0,0.0,-0.02998450531390985],[0.0,0.0,1.0,0.0009586931713539434],[0.0,0.0,0.0,1.0]]",source/query_to_target/map,LEFT: T_initial=Delta_T@T_star,true,true,false,false,true,true,ASSUMED_METERS_FROM_SCALE,"[[1.0,-7.030897540971637e-05,-1.2951834833074827e-05,0.0004914053133688867],[7.030902634141967e-05,1.0,5.232017883827211e-06,-4.898980478174053e-05],[1.2951465578225907e-05,-5.232924195297528e-06,1.0,-0.0004164287238381803],[0.0,0.0,0.0,1.0]]",0.030000000000000002,0.0006459814742058957,0.0,0.004107144191139117,0.0004914053133688867,-4.898980478174053e-05,-0.0004164287238381803,0.9784672841931368,true,true,true,0.00042350027788371197,,15844,8,1274.591709,1.15.1,
CP-W_TEST_01_Q10-S-50MM-POS-O3D,W_TEST_01,Weak,W_TEST_01_Q10,open3d,/home/lj/zero_perturbation_runtime/real_data/mid360_two_scene_pilot_v1/canonical_sources/W_TEST_01_Q10/source_points.npy,49a1f1af9dac4df0826858ec247f6abed6797f7c2f3558bef57248e39362dbae,57cd4c0f6c2d631c28097d0e8f9a6fcab6ed2a833dc96c7d2e4d5de9b3099887,/home/lj/zero_perturbation_runtime/real_data/mid360_two_scene_pilot_v1/target_maps/W_TEST_01/target_points.npy,d4438aba190de47a85fb6188ddc3b39dbfd6e39d3fdb5fa264bf425912e6c02e,e94c88ddc68916220d35f10c3da8fbaa53e6de526a6a0afc3a91899d5ce7a66a,6a1ebdee6b34390f1430eab371e1c4108db1f124b59b7239d74785efa6474af9,0.08676344683483957,0.21965229280042253,0.6935842603647379,7.99396849326451,0.727097950289688,strong,-0.0033909165118516764,0.9994835104636617,-0.03195643904513145,lambda_max,TARGET_FRAME,1,0.05,-0.00016954582559258383,0.04997417552318309,-0.0015978219522565726,"[[1.0,0.0,0.0,0.0],[0.0,1.0,0.0,0.0],[0.0,0.0,1.0,0.0],[0.0,0.0,0.0,1.0]]","[[1.0,0.0,0.0,-0.00016954582559258383],[0.0,1.0,0.0,0.04997417552318309],[0.0,0.0,1.0,-0.0015978219522565726],[0.0,0.0,0.0,1.0]]",source/query_to_target/map,LEFT: T_initial=Delta_T@T_star,true,true,false,false,true,true,ASSUMED_METERS_FROM_SCALE,"[[0.9999999982958683,-5.0368180059863195e-05,-2.9517966677637662e-05,0.00042983601354456137],[5.0367448109650725e-05,0.9999999984241149,-2.479698817934484e-05,-2.738963039877382e-05],[2.9519215610286288e-05,2.479550139243281e-05,0.9999999992568996,-0.000359059026550131],[0.0,0.0,0.0,1.0]]",0.05000000000000001,0.0005607428777437922,0.0,0.0036341596367883383,0.00042983601354456137,-2.738963039877382e-05,-0.000359059026550131,0.9887851424451242,true,true,true,1.0,0.020578502227998258,15844,,56.71201700079109,0.19.0+b012259,
CP-W_TEST_01_Q10-S-50MM-POS-PCL,W_TEST_01,Weak,W_TEST_01_Q10,pcl,/home/lj/zero_perturbation_runtime/real_data/mid360_two_scene_pilot_v1/canonical_sources/W_TEST_01_Q10/source_points.npy,49a1f1af9dac4df0826858ec247f6abed6797f7c2f3558bef57248e39362dbae,57cd4c0f6c2d631c28097d0e8f9a6fcab6ed2a833dc96c7d2e4d5de9b3099887,/home/lj/zero_perturbation_runtime/real_data/mid360_two_scene_pilot_v1/target_maps/W_TEST_01/target_points.npy,d4438aba190de47a85fb6188ddc3b39dbfd6e39d3fdb5fa264bf425912e6c02e,e94c88ddc68916220d35f10c3da8fbaa53e6de526a6a0afc3a91899d5ce7a66a,6a1ebdee6b34390f1430eab371e1c4108db1f124b59b7239d74785efa6474af9,0.08676344683483957,0.21965229280042253,0.6935842603647379,7.99396849326451,0.727097950289688,strong,-0.0033909165118516764,0.9994835104636617,-0.03195643904513145,lambda_max,TARGET_FRAME,1,0.05,-0.00016954582559258383,0.04997417552318309,-0.0015978219522565726,"[[1.0,0.0,0.0,0.0],[0.0,1.0,0.0,0.0],[0.0,0.0,1.0,0.0],[0.0,0.0,0.0,1.0]]","[[1.0,0.0,0.0,-0.00016954582559258383],[0.0,1.0,0.0,0.04997417552318309],[0.0,0.0,1.0,-0.0015978219522565726],[0.0,0.0,0.0,1.0]]",source/query_to_target/map,LEFT: T_initial=Delta_T@T_star,true,true,false,false,true,true,ASSUMED_METERS_FROM_SCALE,"[[1.0,-7.059242489049211e-05,-1.350907223240938e-05,0.0004958594217896461],[7.059247582219541e-05,1.0,4.924620498059085e-06,-4.7607267333660275e-05],[1.3508725714928005e-05,-4.925737357552862e-06,1.0,-0.000414414273109287],[0.0,0.0,0.0,1.0]]",0.05000000000000001,0.0006479831848414274,0.0,0.004127699368621914,0.0004958594217896461,-4.7607267333660275e-05,-0.000414414273109287,0.9870403363031715,true,true,true,0.00042350161570075385,,15844,8,1706.961896,1.15.1,
CP-W_TEST_01_Q10-S-50MM-NEG-O3D,W_TEST_01,Weak,W_TEST_01_Q10,open3d,/home/lj/zero_perturbation_runtime/real_data/mid360_two_scene_pilot_v1/canonical_sources/W_TEST_01_Q10/source_points.npy,49a1f1af9dac4df0826858ec247f6abed6797f7c2f3558bef57248e39362dbae,57cd4c0f6c2d631c28097d0e8f9a6fcab6ed2a833dc96c7d2e4d5de9b3099887,/home/lj/zero_perturbation_runtime/real_data/mid360_two_scene_pilot_v1/target_maps/W_TEST_01/target_points.npy,d4438aba190de47a85fb6188ddc3b39dbfd6e39d3fdb5fa264bf425912e6c02e,e94c88ddc68916220d35f10c3da8fbaa53e6de526a6a0afc3a91899d5ce7a66a,6a1ebdee6b34390f1430eab371e1c4108db1f124b59b7239d74785efa6474af9,0.08676344683483957,0.21965229280042253,0.6935842603647379,7.99396849326451,0.727097950289688,strong,-0.0033909165118516764,0.9994835104636617,-0.03195643904513145,lambda_max,TARGET_FRAME,-1,0.05,0.00016954582559258383,-0.04997417552318309,0.0015978219522565726,"[[1.0,0.0,0.0,0.0],[0.0,1.0,0.0,0.0],[0.0,0.0,1.0,0.0],[0.0,0.0,0.0,1.0]]","[[1.0,0.0,0.0,0.00016954582559258383],[0.0,1.0,0.0,-0.04997417552318309],[0.0,0.0,1.0,0.0015978219522565726],[0.0,0.0,0.0,1.0]]",source/query_to_target/map,LEFT: T_initial=Delta_T@T_star,true,true,false,false,true,true,ASSUMED_METERS_FROM_SCALE,"[[0.9999999982851896,-5.0120599527437184e-05,-3.0291019312577886e-05,0.0004296097495551592],[5.0119995704742736e-05,0.9999999985453014,-1.9934480387293095e-05,-3.344102697824776e-05],[3.029201839662187e-05,1.9932962167351416e-05,0.9999999993425354,-0.00037630983972775],[0.0,0.0,0.0,1.0]]",0.05000000000000001,0.0005720943407115049,0.0,0.0035444623321268295,0.0004296097495551592,-3.344102697824776e-05,-0.00037630983972775,0.9885581131857699,true,true,true,1.0,0.020578439570445726,15844,,38.10624900052062,0.19.0+b012259,
CP-W_TEST_01_Q10-S-50MM-NEG-PCL,W_TEST_01,Weak,W_TEST_01_Q10,pcl,/home/lj/zero_perturbation_runtime/real_data/mid360_two_scene_pilot_v1/canonical_sources/W_TEST_01_Q10/source_points.npy,49a1f1af9dac4df0826858ec247f6abed6797f7c2f3558bef57248e39362dbae,57cd4c0f6c2d631c28097d0e8f9a6fcab6ed2a833dc96c7d2e4d5de9b3099887,/home/lj/zero_perturbation_runtime/real_data/mid360_two_scene_pilot_v1/target_maps/W_TEST_01/target_points.npy,d4438aba190de47a85fb6188ddc3b39dbfd6e39d3fdb5fa264bf425912e6c02e,e94c88ddc68916220d35f10c3da8fbaa53e6de526a6a0afc3a91899d5ce7a66a,6a1ebdee6b34390f1430eab371e1c4108db1f124b59b7239d74785efa6474af9,0.08676344683483957,0.21965229280042253,0.6935842603647379,7.99396849326451,0.727097950289688,strong,-0.0033909165118516764,0.9994835104636617,-0.03195643904513145,lambda_max,TARGET_FRAME,-1,0.05,0.00016954582559258383,-0.04997417552318309,0.0015978219522565726,"[[1.0,0.0,0.0,0.0],[0.0,1.0,0.0,0.0],[0.0,0.0,1.0,0.0],[0.0,0.0,0.0,1.0]]","[[1.0,0.0,0.0,0.00016954582559258383],[0.0,1.0,0.0,-0.04997417552318309],[0.0,0.0,1.0,0.0015978219522565726],[0.0,0.0,0.0,1.0]]",source/query_to_target/map,LEFT: T_initial=Delta_T@T_star,true,true,false,false,true,true,ASSUMED_METERS_FROM_SCALE,"[[1.0,-7.111173908924684e-05,-1.4444405678659678e-05,0.00047068187268450856],[7.111179002095014e-05,1.0,3.1020265396364266e-06,-4.802476178156212e-05],[1.4444184671447147e-05,-3.103084964095615e-06,1.0,-0.00041977630462497473],[0.0,0.0,0.0,1.0]]",0.05000000000000001,0.0006325029240585148,0.0,0.004161404163423801,0.00047068187268450856,-4.802476178156212e-05,-0.00041977630462497473,0.9873499415188297,true,true,true,0.0004234987767514449,,15844,7,1260.400611,1.15.1,
