execution_index,run_id,scene_id,scene_class,snapshot_id,backend,direction_class,direction_source,direction_vector_x,direction_vector_y,direction_vector_z,perturbation_sign,perturbation_magnitude_m,perturbation_vector_x_m,perturbation_vector_y_m,perturbation_vector_z_m,Delta_T,T_star,T_initial
1,CP-R_TEST_01_Q01-W-10MM-POS-O3D,R_TEST_01,Rich,R_TEST_01_Q01,open3d,weak,lambda_min,0.9922607333298499,-0.11404226616495552,-0.04912228231332634,1,0.01,0.009922607333298498,-0.0011404226616495553,-0.0004912228231332634,"[[1.0,0.0,0.0,0.009922607333298498],[0.0,1.0,0.0,-0.0011404226616495553],[0.0,0.0,1.0,-0.0004912228231332634],[0.0,0.0,0.0,1.0]]","[[1.0,0.0,0.0,0.0],[0.0,1.0,0.0,0.0],[0.0,0.0,1.0,0.0],[0.0,0.0,0.0,1.0]]","[[1.0,0.0,0.0,0.009922607333298498],[0.0,1.0,0.0,-0.0011404226616495553],[0.0,0.0,1.0,-0.0004912228231332634],[0.0,0.0,0.0,1.0]]"
2,CP-R_TEST_01_Q01-W-10MM-POS-PCL,R_TEST_01,Rich,R_TEST_01_Q01,pcl,weak,lambda_min,0.9922607333298499,-0.11404226616495552,-0.04912228231332634,1,0.01,0.009922607333298498,-0.0011404226616495553,-0.0004912228231332634,"[[1.0,0.0,0.0,0.009922607333298498],[0.0,1.0,0.0,-0.0011404226616495553],[0.0,0.0,1.0,-0.0004912228231332634],[0.0,0.0,0.0,1.0]]","[[1.0,0.0,0.0,0.0],[0.0,1.0,0.0,0.0],[0.0,0.0,1.0,0.0],[0.0,0.0,0.0,1.0]]","[[1.0,0.0,0.0,0.009922607333298498],[0.0,1.0,0.0,-0.0011404226616495553],[0.0,0.0,1.0,-0.0004912228231332634],[0.0,0.0,0.0,1.0]]"
3,CP-R_TEST_01_Q01-W-10MM-NEG-O3D,R_TEST_01,Rich,R_TEST_01_Q01,open3d,weak,lambda_min,0.9922607333298499,-0.11404226616495552,-0.04912228231332634,-1,0.01,-0.009922607333298498,0.0011404226616495553,0.0004912228231332634,"[[1.0,0.0,0.0,-0.009922607333298498],[0.0,1.0,0.0,0.0011404226616495553],[0.0,0.0,1.0,0.0004912228231332634],[0.0,0.0,0.0,1.0]]","[[1.0,0.0,0.0,0.0],[0.0,1.0,0.0,0.0],[0.0,0.0,1.0,0.0],[0.0,0.0,0.0,1.0]]","[[1.0,0.0,0.0,-0.009922607333298498],[0.0,1.0,0.0,0.0011404226616495553],[0.0,0.0,1.0,0.0004912228231332634],[0.0,0.0,0.0,1.0]]"
4,CP-R_TEST_01_Q01-W-10MM-NEG-PCL,R_TEST_01,Rich,R_TEST_01_Q01,pcl,weak,lambda_min,0.9922607333298499,-0.11404226616495552,-0.04912228231332634,-1,0.01,-0.009922607333298498,0.0011404226616495553,0.0004912228231332634,"[[1.0,0.0,0.0,-0.009922607333298498],[0.0,1.0,0.0,0.0011404226616495553],[0.0,0.0,1.0,0.0004912228231332634],[0.0,0.0,0.0,1.0]]","[[1.0,0.0,0.0,0.0],[0.0,1.0,0.0,0.0],[0.0,0.0,1.0,0.0],[0.0,0.0,0.0,1.0]]","[[1.0,0.0,0.0,-0.009922607333298498],[0.0,1.0,0.0,0.0011404226616495553],[0.0,0.0,1.0,0.0004912228231332634],[0.0,0.0,0.0,1.0]]"
5,CP-R_TEST_01_Q01-W-30MM-POS-O3D,R_TEST_01,Rich,R_TEST_01_Q01,open3d,weak,lambda_min,0.9922607333298499,-0.11404226616495552,-0.04912228231332634,1,0.03,0.029767821999895496,-0.0034212679849486656,-0.0014736684693997901,"[[1.0,0.0,0.0,0.029767821999895496],[0.0,1.0,0.0,-0.0034212679849486656],[0.0,0.0,1.0,-0.0014736684693997901],[0.0,0.0,0.0,1.0]]","[[1.0,0.0,0.0,0.0],[0.0,1.0,0.0,0.0],[0.0,0.0,1.0,0.0],[0.0,0.0,0.0,1.0]]","[[1.0,0.0,0.0,0.029767821999895496],[0.0,1.0,0.0,-0.0034212679849486656],[0.0,0.0,1.0,-0.0014736684693997901],[0.0,0.0,0.0,1.0]]"
6,CP-R_TEST_01_Q01-W-30MM-POS-PCL,R_TEST_01,Rich,R_TEST_01_Q01,pcl,weak,lambda_min,0.9922607333298499,-0.11404226616495552,-0.04912228231332634,1,0.03,0.029767821999895496,-0.0034212679849486656,-0.0014736684693997901,"[[1.0,0.0,0.0,0.029767821999895496],[0.0,1.0,0.0,-0.0034212679849486656],[0.0,0.0,1.0,-0.0014736684693997901],[0.0,0.0,0.0,1.0]]","[[1.0,0.0,0.0,0.0],[0.0,1.0,0.0,0.0],[0.0,0.0,1.0,0.0],[0.0,0.0,0.0,1.0]]","[[1.0,0.0,0.0,0.029767821999895496],[0.0,1.0,0.0,-0.0034212679849486656],[0.0,0.0,1.0,-0.0014736684693997901],[0.0,0.0,0.0,1.0]]"
7,CP-R_TEST_01_Q01-W-30MM-NEG-O3D,R_TEST_01,Rich,R_TEST_01_Q01,open3d,weak,lambda_min,0.9922607333298499,-0.11404226616495552,-0.04912228231332634,-1,0.03,-0.029767821999895496,0.0034212679849486656,0.0014736684693997901,"[[1.0,0.0,0.0,-0.029767821999895496],[0.0,1.0,0.0,0.0034212679849486656],[0.0,0.0,1.0,0.0014736684693997901],[0.0,0.0,0.0,1.0]]","[[1.0,0.0,0.0,0.0],[0.0,1.0,0.0,0.0],[0.0,0.0,1.0,0.0],[0.0,0.0,0.0,1.0]]","[[1.0,0.0,0.0,-0.029767821999895496],[0.0,1.0,0.0,0.0034212679849486656],[0.0,0.0,1.0,0.0014736684693997901],[0.0,0.0,0.0,1.0]]"
8,CP-R_TEST_01_Q01-W-30MM-NEG-PCL,R_TEST_01,Rich,R_TEST_01_Q01,pcl,weak,lambda_min,0.9922607333298499,-0.11404226616495552,-0.04912228231332634,-1,0.03,-0.029767821999895496,0.0034212679849486656,0.0014736684693997901,"[[1.0,0.0,0.0,-0.029767821999895496],[0.0,1.0,0.0,0.0034212679849486656],[0.0,0.0,1.0,0.0014736684693997901],[0.0,0.0,0.0,1.0]]","[[1.0,0.0,0.0,0.0],[0.0,1.0,0.0,0.0],[0.0,0.0,1.0,0.0],[0.0,0.0,0.0,1.0]]","[[1.0,0.0,0.0,-0.029767821999895496],[0.0,1.0,0.0,0.0034212679849486656],[0.0,0.0,1.0,0.0014736684693997901],[0.0,0.0,0.0,1.0]]"
9,CP-R_TEST_01_Q01-W-50MM-POS-O3D,R_TEST_01,Rich,R_TEST_01_Q01,open3d,weak,lambda_min,0.9922607333298499,-0.11404226616495552,-0.04912228231332634,1,0.05,0.0496130366664925,-0.005702113308247776,-0.0024561141156663174,"[[1.0,0.0,0.0,0.0496130366664925],[0.0,1.0,0.0,-0.005702113308247776],[0.0,0.0,1.0,-0.0024561141156663174],[0.0,0.0,0.0,1.0]]","[[1.0,0.0,0.0,0.0],[0.0,1.0,0.0,0.0],[0.0,0.0,1.0,0.0],[0.0,0.0,0.0,1.0]]","[[1.0,0.0,0.0,0.0496130366664925],[0.0,1.0,0.0,-0.005702113308247776],[0.0,0.0,1.0,-0.0024561141156663174],[0.0,0.0,0.0,1.0]]"
10,CP-R_TEST_01_Q01-W-50MM-POS-PCL,R_TEST_01,Rich,R_TEST_01_Q01,pcl,weak,lambda_min,0.9922607333298499,-0.11404226616495552,-0.04912228231332634,1,0.05,0.0496130366664925,-0.005702113308247776,-0.0024561141156663174,"[[1.0,0.0,0.0,0.0496130366664925],[0.0,1.0,0.0,-0.005702113308247776],[0.0,0.0,1.0,-0.0024561141156663174],[0.0,0.0,0.0,1.0]]","[[1.0,0.0,0.0,0.0],[0.0,1.0,0.0,0.0],[0.0,0.0,1.0,0.0],[0.0,0.0,0.0,1.0]]","[[1.0,0.0,0.0,0.0496130366664925],[0.0,1.0,0.0,-0.005702113308247776],[0.0,0.0,1.0,-0.0024561141156663174],[0.0,0.0,0.0,1.0]]"
11,CP-R_TEST_01_Q01-W-50MM-NEG-O3D,R_TEST_01,Rich,R_TEST_01_Q01,open3d,weak,lambda_min,0.9922607333298499,-0.11404226616495552,-0.04912228231332634,-1,0.05,-0.0496130366664925,0.005702113308247776,0.0024561141156663174,"[[1.0,0.0,0.0,-0.0496130366664925],[0.0,1.0,0.0,0.005702113308247776],[0.0,0.0,1.0,0.0024561141156663174],[0.0,0.0,0.0,1.0]]","[[1.0,0.0,0.0,0.0],[0.0,1.0,0.0,0.0],[0.0,0.0,1.0,0.0],[0.0,0.0,0.0,1.0]]","[[1.0,0.0,0.0,-0.0496130366664925],[0.0,1.0,0.0,0.005702113308247776],[0.0,0.0,1.0,0.0024561141156663174],[0.0,0.0,0.0,1.0]]"
12,CP-R_TEST_01_Q01-W-50MM-NEG-PCL,R_TEST_01,Rich,R_TEST_01_Q01,pcl,weak,lambda_min,0.9922607333298499,-0.11404226616495552,-0.04912228231332634,-1,0.05,-0.0496130366664925,0.005702113308247776,0.0024561141156663174,"[[1.0,0.0,0.0,-0.0496130366664925],[0.0,1.0,0.0,0.005702113308247776],[0.0,0.0,1.0,0.0024561141156663174],[0.0,0.0,0.0,1.0]]","[[1.0,0.0,0.0,0.0],[0.0,1.0,0.0,0.0],[0.0,0.0,1.0,0.0],[0.0,0.0,0.0,1.0]]","[[1.0,0.0,0.0,-0.0496130366664925],[0.0,1.0,0.0,0.005702113308247776],[0.0,0.0,1.0,0.0024561141156663174],[0.0,0.0,0.0,1.0]]"
13,CP-R_TEST_01_Q01-S-10MM-POS-O3D,R_TEST_01,Rich,R_TEST_01_Q01,open3d,strong,lambda_max,0.11262137474247069,0.993160774305118,-0.030791270398839755,1,0.01,0.001126213747424707,0.00993160774305118,-0.00030791270398839755,"[[1.0,0.0,0.0,0.001126213747424707],[0.0,1.0,0.0,0.00993160774305118],[0.0,0.0,1.0,-0.00030791270398839755],[0.0,0.0,0.0,1.0]]","[[1.0,0.0,0.0,0.0],[0.0,1.0,0.0,0.0],[0.0,0.0,1.0,0.0],[0.0,0.0,0.0,1.0]]","[[1.0,0.0,0.0,0.001126213747424707],[0.0,1.0,0.0,0.00993160774305118],[0.0,0.0,1.0,-0.00030791270398839755],[0.0,0.0,0.0,1.0]]"
14,CP-R_TEST_01_Q01-S-10MM-POS-PCL,R_TEST_01,Rich,R_TEST_01_Q01,pcl,strong,lambda_max,0.11262137474247069,0.993160774305118,-0.030791270398839755,1,0.01,0.001126213747424707,0.00993160774305118,-0.00030791270398839755,"[[1.0,0.0,0.0,0.001126213747424707],[0.0,1.0,0.0,0.00993160774305118],[0.0,0.0,1.0,-0.00030791270398839755],[0.0,0.0,0.0,1.0]]","[[1.0,0.0,0.0,0.0],[0.0,1.0,0.0,0.0],[0.0,0.0,1.0,0.0],[0.0,0.0,0.0,1.0]]","[[1.0,0.0,0.0,0.001126213747424707],[0.0,1.0,0.0,0.00993160774305118],[0.0,0.0,1.0,-0.00030791270398839755],[0.0,0.0,0.0,1.0]]"
15,CP-R_TEST_01_Q01-S-10MM-NEG-O3D,R_TEST_01,Rich,R_TEST_01_Q01,open3d,strong,lambda_max,0.11262137474247069,0.993160774305118,-0.030791270398839755,-1,0.01,-0.001126213747424707,-0.00993160774305118,0.00030791270398839755,"[[1.0,0.0,0.0,-0.001126213747424707],[0.0,1.0,0.0,-0.00993160774305118],[0.0,0.0,1.0,0.00030791270398839755],[0.0,0.0,0.0,1.0]]","[[1.0,0.0,0.0,0.0],[0.0,1.0,0.0,0.0],[0.0,0.0,1.0,0.0],[0.0,0.0,0.0,1.0]]","[[1.0,0.0,0.0,-0.001126213747424707],[0.0,1.0,0.0,-0.00993160774305118],[0.0,0.0,1.0,0.00030791270398839755],[0.0,0.0,0.0,1.0]]"
16,CP-R_TEST_01_Q01-S-10MM-NEG-PCL,R_TEST_01,Rich,R_TEST_01_Q01,pcl,strong,lambda_max,0.11262137474247069,0.993160774305118,-0.030791270398839755,-1,0.01,-0.001126213747424707,-0.00993160774305118,0.00030791270398839755,"[[1.0,0.0,0.0,-0.001126213747424707],[0.0,1.0,0.0,-0.00993160774305118],[0.0,0.0,1.0,0.00030791270398839755],[0.0,0.0,0.0,1.0]]","[[1.0,0.0,0.0,0.0],[0.0,1.0,0.0,0.0],[0.0,0.0,1.0,0.0],[0.0,0.0,0.0,1.0]]","[[1.0,0.0,0.0,-0.001126213747424707],[0.0,1.0,0.0,-0.00993160774305118],[0.0,0.0,1.0,0.00030791270398839755],[0.0,0.0,0.0,1.0]]"
17,CP-R_TEST_01_Q01-S-30MM-POS-O3D,R_TEST_01,Rich,R_TEST_01_Q01,open3d,strong,lambda_max,0.11262137474247069,0.993160774305118,-0.030791270398839755,1,0.03,0.003378641242274121,0.029794823229153538,-0.0009237381119651927,"[[1.0,0.0,0.0,0.003378641242274121],[0.0,1.0,0.0,0.029794823229153538],[0.0,0.0,1.0,-0.0009237381119651927],[0.0,0.0,0.0,1.0]]","[[1.0,0.0,0.0,0.0],[0.0,1.0,0.0,0.0],[0.0,0.0,1.0,0.0],[0.0,0.0,0.0,1.0]]","[[1.0,0.0,0.0,0.003378641242274121],[0.0,1.0,0.0,0.029794823229153538],[0.0,0.0,1.0,-0.0009237381119651927],[0.0,0.0,0.0,1.0]]"
18,CP-R_TEST_01_Q01-S-30MM-POS-PCL,R_TEST_01,Rich,R_TEST_01_Q01,pcl,strong,lambda_max,0.11262137474247069,0.993160774305118,-0.030791270398839755,1,0.03,0.003378641242274121,0.029794823229153538,-0.0009237381119651927,"[[1.0,0.0,0.0,0.003378641242274121],[0.0,1.0,0.0,0.029794823229153538],[0.0,0.0,1.0,-0.0009237381119651927],[0.0,0.0,0.0,1.0]]","[[1.0,0.0,0.0,0.0],[0.0,1.0,0.0,0.0],[0.0,0.0,1.0,0.0],[0.0,0.0,0.0,1.0]]","[[1.0,0.0,0.0,0.003378641242274121],[0.0,1.0,0.0,0.029794823229153538],[0.0,0.0,1.0,-0.0009237381119651927],[0.0,0.0,0.0,1.0]]"
19,CP-R_TEST_01_Q01-S-30MM-NEG-O3D,R_TEST_01,Rich,R_TEST_01_Q01,open3d,strong,lambda_max,0.11262137474247069,0.993160774305118,-0.030791270398839755,-1,0.03,-0.003378641242274121,-0.029794823229153538,0.0009237381119651927,"[[1.0,0.0,0.0,-0.003378641242274121],[0.0,1.0,0.0,-0.029794823229153538],[0.0,0.0,1.0,0.0009237381119651927],[0.0,0.0,0.0,1.0]]","[[1.0,0.0,0.0,0.0],[0.0,1.0,0.0,0.0],[0.0,0.0,1.0,0.0],[0.0,0.0,0.0,1.0]]","[[1.0,0.0,0.0,-0.003378641242274121],[0.0,1.0,0.0,-0.029794823229153538],[0.0,0.0,1.0,0.0009237381119651927],[0.0,0.0,0.0,1.0]]"
20,CP-R_TEST_01_Q01-S-30MM-NEG-PCL,R_TEST_01,Rich,R_TEST_01_Q01,pcl,strong,lambda_max,0.11262137474247069,0.993160774305118,-0.030791270398839755,-1,0.03,-0.003378641242274121,-0.029794823229153538,0.0009237381119651927,"[[1.0,0.0,0.0,-0.003378641242274121],[0.0,1.0,0.0,-0.029794823229153538],[0.0,0.0,1.0,0.0009237381119651927],[0.0,0.0,0.0,1.0]]","[[1.0,0.0,0.0,0.0],[0.0,1.0,0.0,0.0],[0.0,0.0,1.0,0.0],[0.0,0.0,0.0,1.0]]","[[1.0,0.0,0.0,-0.003378641242274121],[0.0,1.0,0.0,-0.029794823229153538],[0.0,0.0,1.0,0.0009237381119651927],[0.0,0.0,0.0,1.0]]"
21,CP-R_TEST_01_Q01-S-50MM-POS-O3D,R_TEST_01,Rich,R_TEST_01_Q01,open3d,strong,lambda_max,0.11262137474247069,0.993160774305118,-0.030791270398839755,1,0.05,0.005631068737123535,0.0496580387152559,-0.0015395635199419878,"[[1.0,0.0,0.0,0.005631068737123535],[0.0,1.0,0.0,0.0496580387152559],[0.0,0.0,1.0,-0.0015395635199419878],[0.0,0.0,0.0,1.0]]","[[1.0,0.0,0.0,0.0],[0.0,1.0,0.0,0.0],[0.0,0.0,1.0,0.0],[0.0,0.0,0.0,1.0]]","[[1.0,0.0,0.0,0.005631068737123535],[0.0,1.0,0.0,0.0496580387152559],[0.0,0.0,1.0,-0.0015395635199419878],[0.0,0.0,0.0,1.0]]"
22,CP-R_TEST_01_Q01-S-50MM-POS-PCL,R_TEST_01,Rich,R_TEST_01_Q01,pcl,strong,lambda_max,0.11262137474247069,0.993160774305118,-0.030791270398839755,1,0.05,0.005631068737123535,0.0496580387152559,-0.0015395635199419878,"[[1.0,0.0,0.0,0.005631068737123535],[0.0,1.0,0.0,0.0496580387152559],[0.0,0.0,1.0,-0.0015395635199419878],[0.0,0.0,0.0,1.0]]","[[1.0,0.0,0.0,0.0],[0.0,1.0,0.0,0.0],[0.0,0.0,1.0,0.0],[0.0,0.0,0.0,1.0]]","[[1.0,0.0,0.0,0.005631068737123535],[0.0,1.0,0.0,0.0496580387152559],[0.0,0.0,1.0,-0.0015395635199419878],[0.0,0.0,0.0,1.0]]"
23,CP-R_TEST_01_Q01-S-50MM-NEG-O3D,R_TEST_01,Rich,R_TEST_01_Q01,open3d,strong,lambda_max,0.11262137474247069,0.993160774305118,-0.030791270398839755,-1,0.05,-0.005631068737123535,-0.0496580387152559,0.0015395635199419878,"[[1.0,0.0,0.0,-0.005631068737123535],[0.0,1.0,0.0,-0.0496580387152559],[0.0,0.0,1.0,0.0015395635199419878],[0.0,0.0,0.0,1.0]]","[[1.0,0.0,0.0,0.0],[0.0,1.0,0.0,0.0],[0.0,0.0,1.0,0.0],[0.0,0.0,0.0,1.0]]","[[1.0,0.0,0.0,-0.005631068737123535],[0.0,1.0,0.0,-0.0496580387152559],[0.0,0.0,1.0,0.0015395635199419878],[0.0,0.0,0.0,1.0]]"
24,CP-R_TEST_01_Q01-S-50MM-NEG-PCL,R_TEST_01,Rich,R_TEST_01_Q01,pcl,strong,lambda_max,0.11262137474247069,0.993160774305118,-0.030791270398839755,-1,0.05,-0.005631068737123535,-0.0496580387152559,0.0015395635199419878,"[[1.0,0.0,0.0,-0.005631068737123535],[0.0,1.0,0.0,-0.0496580387152559],[0.0,0.0,1.0,0.0015395635199419878],[0.0,0.0,0.0,1.0]]","[[1.0,0.0,0.0,0.0],[0.0,1.0,0.0,0.0],[0.0,0.0,1.0,0.0],[0.0,0.0,0.0,1.0]]","[[1.0,0.0,0.0,-0.005631068737123535],[0.0,1.0,0.0,-0.0496580387152559],[0.0,0.0,1.0,0.0015395635199419878],[0.0,0.0,0.0,1.0]]"
25,CP-R_TEST_01_Q02-W-10MM-POS-O3D,R_TEST_01,Rich,R_TEST_01_Q02,open3d,weak,lambda_min,0.9765884366231045,-0.10302183452468287,-0.18884259865085973,1,0.01,0.009765884366231044,-0.0010302183452468288,-0.0018884259865085973,"[[1.0,0.0,0.0,0.009765884366231044],[0.0,1.0,0.0,-0.0010302183452468288],[0.0,0.0,1.0,-0.0018884259865085973],[0.0,0.0,0.0,1.0]]","[[1.0,0.0,0.0,0.0],[0.0,1.0,0.0,0.0],[0.0,0.0,1.0,0.0],[0.0,0.0,0.0,1.0]]","[[1.0,0.0,0.0,0.009765884366231044],[0.0,1.0,0.0,-0.0010302183452468288],[0.0,0.0,1.0,-0.0018884259865085973],[0.0,0.0,0.0,1.0]]"
26,CP-R_TEST_01_Q02-W-10MM-POS-PCL,R_TEST_01,Rich,R_TEST_01_Q02,pcl,weak,lambda_min,0.9765884366231045,-0.10302183452468287,-0.18884259865085973,1,0.01,0.009765884366231044,-0.0010302183452468288,-0.0018884259865085973,"[[1.0,0.0,0.0,0.009765884366231044],[0.0,1.0,0.0,-0.0010302183452468288],[0.0,0.0,1.0,-0.0018884259865085973],[0.0,0.0,0.0,1.0]]","[[1.0,0.0,0.0,0.0],[0.0,1.0,0.0,0.0],[0.0,0.0,1.0,0.0],[0.0,0.0,0.0,1.0]]","[[1.0,0.0,0.0,0.009765884366231044],[0.0,1.0,0.0,-0.0010302183452468288],[0.0,0.0,1.0,-0.0018884259865085973],[0.0,0.0,0.0,1.0]]"
27,CP-R_TEST_01_Q02-W-10MM-NEG-O3D,R_TEST_01,Rich,R_TEST_01_Q02,open3d,weak,lambda_min,0.9765884366231045,-0.10302183452468287,-0.18884259865085973,-1,0.01,-0.009765884366231044,0.0010302183452468288,0.0018884259865085973,"[[1.0,0.0,0.0,-0.009765884366231044],[0.0,1.0,0.0,0.0010302183452468288],[0.0,0.0,1.0,0.0018884259865085973],[0.0,0.0,0.0,1.0]]","[[1.0,0.0,0.0,0.0],[0.0,1.0,0.0,0.0],[0.0,0.0,1.0,0.0],[0.0,0.0,0.0,1.0]]","[[1.0,0.0,0.0,-0.009765884366231044],[0.0,1.0,0.0,0.0010302183452468288],[0.0,0.0,1.0,0.0018884259865085973],[0.0,0.0,0.0,1.0]]"
28,CP-R_TEST_01_Q02-W-10MM-NEG-PCL,R_TEST_01,Rich,R_TEST_01_Q02,pcl,weak,lambda_min,0.9765884366231045,-0.10302183452468287,-0.18884259865085973,-1,0.01,-0.009765884366231044,0.0010302183452468288,0.0018884259865085973,"[[1.0,0.0,0.0,-0.009765884366231044],[0.0,1.0,0.0,0.0010302183452468288],[0.0,0.0,1.0,0.0018884259865085973],[0.0,0.0,0.0,1.0]]","[[1.0,0.0,0.0,0.0],[0.0,1.0,0.0,0.0],[0.0,0.0,1.0,0.0],[0.0,0.0,0.0,1.0]]","[[1.0,0.0,0.0,-0.009765884366231044],[0.0,1.0,0.0,0.0010302183452468288],[0.0,0.0,1.0,0.0018884259865085973],[0.0,0.0,0.0,1.0]]"
29,CP-R_TEST_01_Q02-W-30MM-POS-O3D,R_TEST_01,Rich,R_TEST_01_Q02,open3d,weak,lambda_min,0.9765884366231045,-0.10302183452468287,-0.18884259865085973,1,0.03,0.029297653098693133,-0.003090655035740486,-0.005665277959525792,"[[1.0,0.0,0.0,0.029297653098693133],[0.0,1.0,0.0,-0.003090655035740486],[0.0,0.0,1.0,-0.005665277959525792],[0.0,0.0,0.0,1.0]]","[[1.0,0.0,0.0,0.0],[0.0,1.0,0.0,0.0],[0.0,0.0,1.0,0.0],[0.0,0.0,0.0,1.0]]","[[1.0,0.0,0.0,0.029297653098693133],[0.0,1.0,0.0,-0.003090655035740486],[0.0,0.0,1.0,-0.005665277959525792],[0.0,0.0,0.0,1.0]]"
30,CP-R_TEST_01_Q02-W-30MM-POS-PCL,R_TEST_01,Rich,R_TEST_01_Q02,pcl,weak,lambda_min,0.9765884366231045,-0.10302183452468287,-0.18884259865085973,1,0.03,0.029297653098693133,-0.003090655035740486,-0.005665277959525792,"[[1.0,0.0,0.0,0.029297653098693133],[0.0,1.0,0.0,-0.003090655035740486],[0.0,0.0,1.0,-0.005665277959525792],[0.0,0.0,0.0,1.0]]","[[1.0,0.0,0.0,0.0],[0.0,1.0,0.0,0.0],[0.0,0.0,1.0,0.0],[0.0,0.0,0.0,1.0]]","[[1.0,0.0,0.0,0.029297653098693133],[0.0,1.0,0.0,-0.003090655035740486],[0.0,0.0,1.0,-0.005665277959525792],[0.0,0.0,0.0,1.0]]"
31,CP-R_TEST_01_Q02-W-30MM-NEG-O3D,R_TEST_01,Rich,R_TEST_01_Q02,open3d,weak,lambda_min,0.9765884366231045,-0.10302183452468287,-0.18884259865085973,-1,0.03,-0.029297653098693133,0.003090655035740486,0.005665277959525792,"[[1.0,0.0,0.0,-0.029297653098693133],[0.0,1.0,0.0,0.003090655035740486],[0.0,0.0,1.0,0.005665277959525792],[0.0,0.0,0.0,1.0]]","[[1.0,0.0,0.0,0.0],[0.0,1.0,0.0,0.0],[0.0,0.0,1.0,0.0],[0.0,0.0,0.0,1.0]]","[[1.0,0.0,0.0,-0.029297653098693133],[0.0,1.0,0.0,0.003090655035740486],[0.0,0.0,1.0,0.005665277959525792],[0.0,0.0,0.0,1.0]]"
32,CP-R_TEST_01_Q02-W-30MM-NEG-PCL,R_TEST_01,Rich,R_TEST_01_Q02,pcl,weak,lambda_min,0.9765884366231045,-0.10302183452468287,-0.18884259865085973,-1,0.03,-0.029297653098693133,0.003090655035740486,0.005665277959525792,"[[1.0,0.0,0.0,-0.029297653098693133],[0.0,1.0,0.0,0.003090655035740486],[0.0,0.0,1.0,0.005665277959525792],[0.0,0.0,0.0,1.0]]","[[1.0,0.0,0.0,0.0],[0.0,1.0,0.0,0.0],[0.0,0.0,1.0,0.0],[0.0,0.0,0.0,1.0]]","[[1.0,0.0,0.0,-0.029297653098693133],[0.0,1.0,0.0,0.003090655035740486],[0.0,0.0,1.0,0.005665277959525792],[0.0,0.0,0.0,1.0]]"
33,CP-R_TEST_01_Q02-W-50MM-POS-O3D,R_TEST_01,Rich,R_TEST_01_Q02,open3d,weak,lambda_min,0.9765884366231045,-0.10302183452468287,-0.18884259865085973,1,0.05,0.048829421831155226,-0.005151091726234144,-0.009442129932542988,"[[1.0,0.0,0.0,0.048829421831155226],[0.0,1.0,0.0,-0.005151091726234144],[0.0,0.0,1.0,-0.009442129932542988],[0.0,0.0,0.0,1.0]]","[[1.0,0.0,0.0,0.0],[0.0,1.0,0.0,0.0],[0.0,0.0,1.0,0.0],[0.0,0.0,0.0,1.0]]","[[1.0,0.0,0.0,0.048829421831155226],[0.0,1.0,0.0,-0.005151091726234144],[0.0,0.0,1.0,-0.009442129932542988],[0.0,0.0,0.0,1.0]]"
34,CP-R_TEST_01_Q02-W-50MM-POS-PCL,R_TEST_01,Rich,R_TEST_01_Q02,pcl,weak,lambda_min,0.9765884366231045,-0.10302183452468287,-0.18884259865085973,1,0.05,0.048829421831155226,-0.005151091726234144,-0.009442129932542988,"[[1.0,0.0,0.0,0.048829421831155226],[0.0,1.0,0.0,-0.005151091726234144],[0.0,0.0,1.0,-0.009442129932542988],[0.0,0.0,0.0,1.0]]","[[1.0,0.0,0.0,0.0],[0.0,1.0,0.0,0.0],[0.0,0.0,1.0,0.0],[0.0,0.0,0.0,1.0]]","[[1.0,0.0,0.0,0.048829421831155226],[0.0,1.0,0.0,-0.005151091726234144],[0.0,0.0,1.0,-0.009442129932542988],[0.0,0.0,0.0,1.0]]"
35,CP-R_TEST_01_Q02-W-50MM-NEG-O3D,R_TEST_01,Rich,R_TEST_01_Q02,open3d,weak,lambda_min,0.9765884366231045,-0.10302183452468287,-0.18884259865085973,-1,0.05,-0.048829421831155226,0.005151091726234144,0.009442129932542988,"[[1.0,0.0,0.0,-0.048829421831155226],[0.0,1.0,0.0,0.005151091726234144],[0.0,0.0,1.0,0.009442129932542988],[0.0,0.0,0.0,1.0]]","[[1.0,0.0,0.0,0.0],[0.0,1.0,0.0,0.0],[0.0,0.0,1.0,0.0],[0.0,0.0,0.0,1.0]]","[[1.0,0.0,0.0,-0.048829421831155226],[0.0,1.0,0.0,0.005151091726234144],[0.0,0.0,1.0,0.009442129932542988],[0.0,0.0,0.0,1.0]]"
36,CP-R_TEST_01_Q02-W-50MM-NEG-PCL,R_TEST_01,Rich,R_TEST_01_Q02,pcl,weak,lambda_min,0.9765884366231045,-0.10302183452468287,-0.18884259865085973,-1,0.05,-0.048829421831155226,0.005151091726234144,0.009442129932542988,"[[1.0,0.0,0.0,-0.048829421831155226],[0.0,1.0,0.0,0.005151091726234144],[0.0,0.0,1.0,0.009442129932542988],[0.0,0.0,0.0,1.0]]","[[1.0,0.0,0.0,0.0],[0.0,1.0,0.0,0.0],[0.0,0.0,1.0,0.0],[0.0,0.0,0.0,1.0]]","[[1.0,0.0,0.0,-0.048829421831155226],[0.0,1.0,0.0,0.005151091726234144],[0.0,0.0,1.0,0.009442129932542988],[0.0,0.0,0.0,1.0]]"
37,CP-R_TEST_01_Q02-S-10MM-POS-O3D,R_TEST_01,Rich,R_TEST_01_Q02,open3d,strong,lambda_max,0.09541572717285077,0.9942327348519906,-0.048960269166003365,1,0.01,0.0009541572717285077,0.009942327348519906,-0.0004896026916600336,"[[1.0,0.0,0.0,0.0009541572717285077],[0.0,1.0,0.0,0.009942327348519906],[0.0,0.0,1.0,-0.0004896026916600336],[0.0,0.0,0.0,1.0]]","[[1.0,0.0,0.0,0.0],[0.0,1.0,0.0,0.0],[0.0,0.0,1.0,0.0],[0.0,0.0,0.0,1.0]]","[[1.0,0.0,0.0,0.0009541572717285077],[0.0,1.0,0.0,0.009942327348519906],[0.0,0.0,1.0,-0.0004896026916600336],[0.0,0.0,0.0,1.0]]"
38,CP-R_TEST_01_Q02-S-10MM-POS-PCL,R_TEST_01,Rich,R_TEST_01_Q02,pcl,strong,lambda_max,0.09541572717285077,0.9942327348519906,-0.048960269166003365,1,0.01,0.0009541572717285077,0.009942327348519906,-0.0004896026916600336,"[[1.0,0.0,0.0,0.0009541572717285077],[0.0,1.0,0.0,0.009942327348519906],[0.0,0.0,1.0,-0.0004896026916600336],[0.0,0.0,0.0,1.0]]","[[1.0,0.0,0.0,0.0],[0.0,1.0,0.0,0.0],[0.0,0.0,1.0,0.0],[0.0,0.0,0.0,1.0]]","[[1.0,0.0,0.0,0.0009541572717285077],[0.0,1.0,0.0,0.009942327348519906],[0.0,0.0,1.0,-0.0004896026916600336],[0.0,0.0,0.0,1.0]]"
39,CP-R_TEST_01_Q02-S-10MM-NEG-O3D,R_TEST_01,Rich,R_TEST_01_Q02,open3d,strong,lambda_max,0.09541572717285077,0.9942327348519906,-0.048960269166003365,-1,0.01,-0.0009541572717285077,-0.009942327348519906,0.0004896026916600336,"[[1.0,0.0,0.0,-0.0009541572717285077],[0.0,1.0,0.0,-0.009942327348519906],[0.0,0.0,1.0,0.0004896026916600336],[0.0,0.0,0.0,1.0]]","[[1.0,0.0,0.0,0.0],[0.0,1.0,0.0,0.0],[0.0,0.0,1.0,0.0],[0.0,0.0,0.0,1.0]]","[[1.0,0.0,0.0,-0.0009541572717285077],[0.0,1.0,0.0,-0.009942327348519906],[0.0,0.0,1.0,0.0004896026916600336],[0.0,0.0,0.0,1.0]]"
40,CP-R_TEST_01_Q02-S-10MM-NEG-PCL,R_TEST_01,Rich,R_TEST_01_Q02,pcl,strong,lambda_max,0.09541572717285077,0.9942327348519906,-0.048960269166003365,-1,0.01,-0.0009541572717285077,-0.009942327348519906,0.0004896026916600336,"[[1.0,0.0,0.0,-0.0009541572717285077],[0.0,1.0,0.0,-0.009942327348519906],[0.0,0.0,1.0,0.0004896026916600336],[0.0,0.0,0.0,1.0]]","[[1.0,0.0,0.0,0.0],[0.0,1.0,0.0,0.0],[0.0,0.0,1.0,0.0],[0.0,0.0,0.0,1.0]]","[[1.0,0.0,0.0,-0.0009541572717285077],[0.0,1.0,0.0,-0.009942327348519906],[0.0,0.0,1.0,0.0004896026916600336],[0.0,0.0,0.0,1.0]]"
41,CP-R_TEST_01_Q02-S-30MM-POS-O3D,R_TEST_01,Rich,R_TEST_01_Q02,open3d,strong,lambda_max,0.09541572717285077,0.9942327348519906,-0.048960269166003365,1,0.03,0.002862471815185523,0.029826982045559718,-0.001468808074980101,"[[1.0,0.0,0.0,0.002862471815185523],[0.0,1.0,0.0,0.029826982045559718],[0.0,0.0,1.0,-0.001468808074980101],[0.0,0.0,0.0,1.0]]","[[1.0,0.0,0.0,0.0],[0.0,1.0,0.0,0.0],[0.0,0.0,1.0,0.0],[0.0,0.0,0.0,1.0]]","[[1.0,0.0,0.0,0.002862471815185523],[0.0,1.0,0.0,0.029826982045559718],[0.0,0.0,1.0,-0.001468808074980101],[0.0,0.0,0.0,1.0]]"
42,CP-R_TEST_01_Q02-S-30MM-POS-PCL,R_TEST_01,Rich,R_TEST_01_Q02,pcl,strong,lambda_max,0.09541572717285077,0.9942327348519906,-0.048960269166003365,1,0.03,0.002862471815185523,0.029826982045559718,-0.001468808074980101,"[[1.0,0.0,0.0,0.002862471815185523],[0.0,1.0,0.0,0.029826982045559718],[0.0,0.0,1.0,-0.001468808074980101],[0.0,0.0,0.0,1.0]]","[[1.0,0.0,0.0,0.0],[0.0,1.0,0.0,0.0],[0.0,0.0,1.0,0.0],[0.0,0.0,0.0,1.0]]","[[1.0,0.0,0.0,0.002862471815185523],[0.0,1.0,0.0,0.029826982045559718],[0.0,0.0,1.0,-0.001468808074980101],[0.0,0.0,0.0,1.0]]"
43,CP-R_TEST_01_Q02-S-30MM-NEG-O3D,R_TEST_01,Rich,R_TEST_01_Q02,open3d,strong,lambda_max,0.09541572717285077,0.9942327348519906,-0.048960269166003365,-1,0.03,-0.002862471815185523,-0.029826982045559718,0.001468808074980101,"[[1.0,0.0,0.0,-0.002862471815185523],[0.0,1.0,0.0,-0.029826982045559718],[0.0,0.0,1.0,0.001468808074980101],[0.0,0.0,0.0,1.0]]","[[1.0,0.0,0.0,0.0],[0.0,1.0,0.0,0.0],[0.0,0.0,1.0,0.0],[0.0,0.0,0.0,1.0]]","[[1.0,0.0,0.0,-0.002862471815185523],[0.0,1.0,0.0,-0.029826982045559718],[0.0,0.0,1.0,0.001468808074980101],[0.0,0.0,0.0,1.0]]"
44,CP-R_TEST_01_Q02-S-30MM-NEG-PCL,R_TEST_01,Rich,R_TEST_01_Q02,pcl,strong,lambda_max,0.09541572717285077,0.9942327348519906,-0.048960269166003365,-1,0.03,-0.002862471815185523,-0.029826982045559718,0.001468808074980101,"[[1.0,0.0,0.0,-0.002862471815185523],[0.0,1.0,0.0,-0.029826982045559718],[0.0,0.0,1.0,0.001468808074980101],[0.0,0.0,0.0,1.0]]","[[1.0,0.0,0.0,0.0],[0.0,1.0,0.0,0.0],[0.0,0.0,1.0,0.0],[0.0,0.0,0.0,1.0]]","[[1.0,0.0,0.0,-0.002862471815185523],[0.0,1.0,0.0,-0.029826982045559718],[0.0,0.0,1.0,0.001468808074980101],[0.0,0.0,0.0,1.0]]"
45,CP-R_TEST_01_Q02-S-50MM-POS-O3D,R_TEST_01,Rich,R_TEST_01_Q02,open3d,strong,lambda_max,0.09541572717285077,0.9942327348519906,-0.048960269166003365,1,0.05,0.004770786358642538,0.049711636742599534,-0.0024480134583001684,"[[1.0,0.0,0.0,0.004770786358642538],[0.0,1.0,0.0,0.049711636742599534],[0.0,0.0,1.0,-0.0024480134583001684],[0.0,0.0,0.0,1.0]]","[[1.0,0.0,0.0,0.0],[0.0,1.0,0.0,0.0],[0.0,0.0,1.0,0.0],[0.0,0.0,0.0,1.0]]","[[1.0,0.0,0.0,0.004770786358642538],[0.0,1.0,0.0,0.049711636742599534],[0.0,0.0,1.0,-0.0024480134583001684],[0.0,0.0,0.0,1.0]]"
46,CP-R_TEST_01_Q02-S-50MM-POS-PCL,R_TEST_01,Rich,R_TEST_01_Q02,pcl,strong,lambda_max,0.09541572717285077,0.9942327348519906,-0.048960269166003365,1,0.05,0.004770786358642538,0.049711636742599534,-0.0024480134583001684,"[[1.0,0.0,0.0,0.004770786358642538],[0.0,1.0,0.0,0.049711636742599534],[0.0,0.0,1.0,-0.0024480134583001684],[0.0,0.0,0.0,1.0]]","[[1.0,0.0,0.0,0.0],[0.0,1.0,0.0,0.0],[0.0,0.0,1.0,0.0],[0.0,0.0,0.0,1.0]]","[[1.0,0.0,0.0,0.004770786358642538],[0.0,1.0,0.0,0.049711636742599534],[0.0,0.0,1.0,-0.0024480134583001684],[0.0,0.0,0.0,1.0]]"
47,CP-R_TEST_01_Q02-S-50MM-NEG-O3D,R_TEST_01,Rich,R_TEST_01_Q02,open3d,strong,lambda_max,0.09541572717285077,0.9942327348519906,-0.048960269166003365,-1,0.05,-0.004770786358642538,-0.049711636742599534,0.0024480134583001684,"[[1.0,0.0,0.0,-0.004770786358642538],[0.0,1.0,0.0,-0.049711636742599534],[0.0,0.0,1.0,0.0024480134583001684],[0.0,0.0,0.0,1.0]]","[[1.0,0.0,0.0,0.0],[0.0,1.0,0.0,0.0],[0.0,0.0,1.0,0.0],[0.0,0.0,0.0,1.0]]","[[1.0,0.0,0.0,-0.004770786358642538],[0.0,1.0,0.0,-0.049711636742599534],[0.0,0.0,1.0,0.0024480134583001684],[0.0,0.0,0.0,1.0]]"
48,CP-R_TEST_01_Q02-S-50MM-NEG-PCL,R_TEST_01,Rich,R_TEST_01_Q02,pcl,strong,lambda_max,0.09541572717285077,0.9942327348519906,-0.048960269166003365,-1,0.05,-0.004770786358642538,-0.049711636742599534,0.0024480134583001684,"[[1.0,0.0,0.0,-0.004770786358642538],[0.0,1.0,0.0,-0.049711636742599534],[0.0,0.0,1.0,0.0024480134583001684],[0.0,0.0,0.0,1.0]]","[[1.0,0.0,0.0,0.0],[0.0,1.0,0.0,0.0],[0.0,0.0,1.0,0.0],[0.0,0.0,0.0,1.0]]","[[1.0,0.0,0.0,-0.004770786358642538],[0.0,1.0,0.0,-0.049711636742599534],[0.0,0.0,1.0,0.0024480134583001684],[0.0,0.0,0.0,1.0]]"
49,CP-R_TEST_01_Q03-W-10MM-POS-O3D,R_TEST_01,Rich,R_TEST_01_Q03,open3d,weak,lambda_min,0.9901793197255586,-0.10395255779939754,-0.09348144476201198,1,0.01,0.009901793197255586,-0.0010395255779939753,-0.0009348144476201197,"[[1.0,0.0,0.0,0.009901793197255586],[0.0,1.0,0.0,-0.0010395255779939753],[0.0,0.0,1.0,-0.0009348144476201197],[0.0,0.0,0.0,1.0]]","[[1.0,0.0,0.0,0.0],[0.0,1.0,0.0,0.0],[0.0,0.0,1.0,0.0],[0.0,0.0,0.0,1.0]]","[[1.0,0.0,0.0,0.009901793197255586],[0.0,1.0,0.0,-0.0010395255779939753],[0.0,0.0,1.0,-0.0009348144476201197],[0.0,0.0,0.0,1.0]]"
50,CP-R_TEST_01_Q03-W-10MM-POS-PCL,R_TEST_01,Rich,R_TEST_01_Q03,pcl,weak,lambda_min,0.9901793197255586,-0.10395255779939754,-0.09348144476201198,1,0.01,0.009901793197255586,-0.0010395255779939753,-0.0009348144476201197,"[[1.0,0.0,0.0,0.009901793197255586],[0.0,1.0,0.0,-0.0010395255779939753],[0.0,0.0,1.0,-0.0009348144476201197],[0.0,0.0,0.0,1.0]]","[[1.0,0.0,0.0,0.0],[0.0,1.0,0.0,0.0],[0.0,0.0,1.0,0.0],[0.0,0.0,0.0,1.0]]","[[1.0,0.0,0.0,0.009901793197255586],[0.0,1.0,0.0,-0.0010395255779939753],[0.0,0.0,1.0,-0.0009348144476201197],[0.0,0.0,0.0,1.0]]"
51,CP-R_TEST_01_Q03-W-10MM-NEG-O3D,R_TEST_01,Rich,R_TEST_01_Q03,open3d,weak,lambda_min,0.9901793197255586,-0.10395255779939754,-0.09348144476201198,-1,0.01,-0.009901793197255586,0.0010395255779939753,0.0009348144476201197,"[[1.0,0.0,0.0,-0.009901793197255586],[0.0,1.0,0.0,0.0010395255779939753],[0.0,0.0,1.0,0.0009348144476201197],[0.0,0.0,0.0,1.0]]","[[1.0,0.0,0.0,0.0],[0.0,1.0,0.0,0.0],[0.0,0.0,1.0,0.0],[0.0,0.0,0.0,1.0]]","[[1.0,0.0,0.0,-0.009901793197255586],[0.0,1.0,0.0,0.0010395255779939753],[0.0,0.0,1.0,0.0009348144476201197],[0.0,0.0,0.0,1.0]]"
52,CP-R_TEST_01_Q03-W-10MM-NEG-PCL,R_TEST_01,Rich,R_TEST_01_Q03,pcl,weak,lambda_min,0.9901793197255586,-0.10395255779939754,-0.09348144476201198,-1,0.01,-0.009901793197255586,0.0010395255779939753,0.0009348144476201197,"[[1.0,0.0,0.0,-0.009901793197255586],[0.0,1.0,0.0,0.0010395255779939753],[0.0,0.0,1.0,0.0009348144476201197],[0.0,0.0,0.0,1.0]]","[[1.0,0.0,0.0,0.0],[0.0,1.0,0.0,0.0],[0.0,0.0,1.0,0.0],[0.0,0.0,0.0,1.0]]","[[1.0,0.0,0.0,-0.009901793197255586],[0.0,1.0,0.0,0.0010395255779939753],[0.0,0.0,1.0,0.0009348144476201197],[0.0,0.0,0.0,1.0]]"
53,CP-R_TEST_01_Q03-W-30MM-POS-O3D,R_TEST_01,Rich,R_TEST_01_Q03,open3d,weak,lambda_min,0.9901793197255586,-0.10395255779939754,-0.09348144476201198,1,0.03,0.029705379591766758,-0.003118576733981926,-0.0028044433428603592,"[[1.0,0.0,0.0,0.029705379591766758],[0.0,1.0,0.0,-0.003118576733981926],[0.0,0.0,1.0,-0.0028044433428603592],[0.0,0.0,0.0,1.0]]","[[1.0,0.0,0.0,0.0],[0.0,1.0,0.0,0.0],[0.0,0.0,1.0,0.0],[0.0,0.0,0.0,1.0]]","[[1.0,0.0,0.0,0.029705379591766758],[0.0,1.0,0.0,-0.003118576733981926],[0.0,0.0,1.0,-0.0028044433428603592],[0.0,0.0,0.0,1.0]]"
54,CP-R_TEST_01_Q03-W-30MM-POS-PCL,R_TEST_01,Rich,R_TEST_01_Q03,pcl,weak,lambda_min,0.9901793197255586,-0.10395255779939754,-0.09348144476201198,1,0.03,0.029705379591766758,-0.003118576733981926,-0.0028044433428603592,"[[1.0,0.0,0.0,0.029705379591766758],[0.0,1.0,0.0,-0.003118576733981926],[0.0,0.0,1.0,-0.0028044433428603592],[0.0,0.0,0.0,1.0]]","[[1.0,0.0,0.0,0.0],[0.0,1.0,0.0,0.0],[0.0,0.0,1.0,0.0],[0.0,0.0,0.0,1.0]]","[[1.0,0.0,0.0,0.029705379591766758],[0.0,1.0,0.0,-0.003118576733981926],[0.0,0.0,1.0,-0.0028044433428603592],[0.0,0.0,0.0,1.0]]"
55,CP-R_TEST_01_Q03-W-30MM-NEG-O3D,R_TEST_01,Rich,R_TEST_01_Q03,open3d,weak,lambda_min,0.9901793197255586,-0.10395255779939754,-0.09348144476201198,-1,0.03,-0.029705379591766758,0.003118576733981926,0.0028044433428603592,"[[1.0,0.0,0.0,-0.029705379591766758],[0.0,1.0,0.0,0.003118576733981926],[0.0,0.0,1.0,0.0028044433428603592],[0.0,0.0,0.0,1.0]]","[[1.0,0.0,0.0,0.0],[0.0,1.0,0.0,0.0],[0.0,0.0,1.0,0.0],[0.0,0.0,0.0,1.0]]","[[1.0,0.0,0.0,-0.029705379591766758],[0.0,1.0,0.0,0.003118576733981926],[0.0,0.0,1.0,0.0028044433428603592],[0.0,0.0,0.0,1.0]]"
56,CP-R_TEST_01_Q03-W-30MM-NEG-PCL,R_TEST_01,Rich,R_TEST_01_Q03,pcl,weak,lambda_min,0.9901793197255586,-0.10395255779939754,-0.09348144476201198,-1,0.03,-0.029705379591766758,0.003118576733981926,0.0028044433428603592,"[[1.0,0.0,0.0,-0.029705379591766758],[0.0,1.0,0.0,0.003118576733981926],[0.0,0.0,1.0,0.0028044433428603592],[0.0,0.0,0.0,1.0]]","[[1.0,0.0,0.0,0.0],[0.0,1.0,0.0,0.0],[0.0,0.0,1.0,0.0],[0.0,0.0,0.0,1.0]]","[[1.0,0.0,0.0,-0.029705379591766758],[0.0,1.0,0.0,0.003118576733981926],[0.0,0.0,1.0,0.0028044433428603592],[0.0,0.0,0.0,1.0]]"
57,CP-R_TEST_01_Q03-W-50MM-POS-O3D,R_TEST_01,Rich,R_TEST_01_Q03,open3d,weak,lambda_min,0.9901793197255586,-0.10395255779939754,-0.09348144476201198,1,0.05,0.049508965986277936,-0.005197627889969877,-0.004674072238100599,"[[1.0,0.0,0.0,0.049508965986277936],[0.0,1.0,0.0,-0.005197627889969877],[0.0,0.0,1.0,-0.004674072238100599],[0.0,0.0,0.0,1.0]]","[[1.0,0.0,0.0,0.0],[0.0,1.0,0.0,0.0],[0.0,0.0,1.0,0.0],[0.0,0.0,0.0,1.0]]","[[1.0,0.0,0.0,0.049508965986277936],[0.0,1.0,0.0,-0.005197627889969877],[0.0,0.0,1.0,-0.004674072238100599],[0.0,0.0,0.0,1.0]]"
58,CP-R_TEST_01_Q03-W-50MM-POS-PCL,R_TEST_01,Rich,R_TEST_01_Q03,pcl,weak,lambda_min,0.9901793197255586,-0.10395255779939754,-0.09348144476201198,1,0.05,0.049508965986277936,-0.005197627889969877,-0.004674072238100599,"[[1.0,0.0,0.0,0.049508965986277936],[0.0,1.0,0.0,-0.005197627889969877],[0.0,0.0,1.0,-0.004674072238100599],[0.0,0.0,0.0,1.0]]","[[1.0,0.0,0.0,0.0],[0.0,1.0,0.0,0.0],[0.0,0.0,1.0,0.0],[0.0,0.0,0.0,1.0]]","[[1.0,0.0,0.0,0.049508965986277936],[0.0,1.0,0.0,-0.005197627889969877],[0.0,0.0,1.0,-0.004674072238100599],[0.0,0.0,0.0,1.0]]"
59,CP-R_TEST_01_Q03-W-50MM-NEG-O3D,R_TEST_01,Rich,R_TEST_01_Q03,open3d,weak,lambda_min,0.9901793197255586,-0.10395255779939754,-0.09348144476201198,-1,0.05,-0.049508965986277936,0.005197627889969877,0.004674072238100599,"[[1.0,0.0,0.0,-0.049508965986277936],[0.0,1.0,0.0,0.005197627889969877],[0.0,0.0,1.0,0.004674072238100599],[0.0,0.0,0.0,1.0]]","[[1.0,0.0,0.0,0.0],[0.0,1.0,0.0,0.0],[0.0,0.0,1.0,0.0],[0.0,0.0,0.0,1.0]]","[[1.0,0.0,0.0,-0.049508965986277936],[0.0,1.0,0.0,0.005197627889969877],[0.0,0.0,1.0,0.004674072238100599],[0.0,0.0,0.0,1.0]]"
60,CP-R_TEST_01_Q03-W-50MM-NEG-PCL,R_TEST_01,Rich,R_TEST_01_Q03,pcl,weak,lambda_min,0.9901793197255586,-0.10395255779939754,-0.09348144476201198,-1,0.05,-0.049508965986277936,0.005197627889969877,0.004674072238100599,"[[1.0,0.0,0.0,-0.049508965986277936],[0.0,1.0,0.0,0.005197627889969877],[0.0,0.0,1.0,0.004674072238100599],[0.0,0.0,0.0,1.0]]","[[1.0,0.0,0.0,0.0],[0.0,1.0,0.0,0.0],[0.0,0.0,1.0,0.0],[0.0,0.0,0.0,1.0]]","[[1.0,0.0,0.0,-0.049508965986277936],[0.0,1.0,0.0,0.005197627889969877],[0.0,0.0,1.0,0.004674072238100599],[0.0,0.0,0.0,1.0]]"
61,CP-R_TEST_01_Q03-S-10MM-POS-O3D,R_TEST_01,Rich,R_TEST_01_Q03,open3d,strong,lambda_max,0.10002626331853963,0.9939319165659176,-0.04576124865136622,1,0.01,0.0010002626331853963,0.009939319165659176,-0.00045761248651366224,"[[1.0,0.0,0.0,0.0010002626331853963],[0.0,1.0,0.0,0.009939319165659176],[0.0,0.0,1.0,-0.00045761248651366224],[0.0,0.0,0.0,1.0]]","[[1.0,0.0,0.0,0.0],[0.0,1.0,0.0,0.0],[0.0,0.0,1.0,0.0],[0.0,0.0,0.0,1.0]]","[[1.0,0.0,0.0,0.0010002626331853963],[0.0,1.0,0.0,0.009939319165659176],[0.0,0.0,1.0,-0.00045761248651366224],[0.0,0.0,0.0,1.0]]"
62,CP-R_TEST_01_Q03-S-10MM-POS-PCL,R_TEST_01,Rich,R_TEST_01_Q03,pcl,strong,lambda_max,0.10002626331853963,0.9939319165659176,-0.04576124865136622,1,0.01,0.0010002626331853963,0.009939319165659176,-0.00045761248651366224,"[[1.0,0.0,0.0,0.0010002626331853963],[0.0,1.0,0.0,0.009939319165659176],[0.0,0.0,1.0,-0.00045761248651366224],[0.0,0.0,0.0,1.0]]","[[1.0,0.0,0.0,0.0],[0.0,1.0,0.0,0.0],[0.0,0.0,1.0,0.0],[0.0,0.0,0.0,1.0]]","[[1.0,0.0,0.0,0.0010002626331853963],[0.0,1.0,0.0,0.009939319165659176],[0.0,0.0,1.0,-0.00045761248651366224],[0.0,0.0,0.0,1.0]]"
63,CP-R_TEST_01_Q03-S-10MM-NEG-O3D,R_TEST_01,Rich,R_TEST_01_Q03,open3d,strong,lambda_max,0.10002626331853963,0.9939319165659176,-0.04576124865136622,-1,0.01,-0.0010002626331853963,-0.009939319165659176,0.00045761248651366224,"[[1.0,0.0,0.0,-0.0010002626331853963],[0.0,1.0,0.0,-0.009939319165659176],[0.0,0.0,1.0,0.00045761248651366224],[0.0,0.0,0.0,1.0]]","[[1.0,0.0,0.0,0.0],[0.0,1.0,0.0,0.0],[0.0,0.0,1.0,0.0],[0.0,0.0,0.0,1.0]]","[[1.0,0.0,0.0,-0.0010002626331853963],[0.0,1.0,0.0,-0.009939319165659176],[0.0,0.0,1.0,0.00045761248651366224],[0.0,0.0,0.0,1.0]]"
64,CP-R_TEST_01_Q03-S-10MM-NEG-PCL,R_TEST_01,Rich,R_TEST_01_Q03,pcl,strong,lambda_max,0.10002626331853963,0.9939319165659176,-0.04576124865136622,-1,0.01,-0.0010002626331853963,-0.009939319165659176,0.00045761248651366224,"[[1.0,0.0,0.0,-0.0010002626331853963],[0.0,1.0,0.0,-0.009939319165659176],[0.0,0.0,1.0,0.00045761248651366224],[0.0,0.0,0.0,1.0]]","[[1.0,0.0,0.0,0.0],[0.0,1.0,0.0,0.0],[0.0,0.0,1.0,0.0],[0.0,0.0,0.0,1.0]]","[[1.0,0.0,0.0,-0.0010002626331853963],[0.0,1.0,0.0,-0.009939319165659176],[0.0,0.0,1.0,0.00045761248651366224],[0.0,0.0,0.0,1.0]]"
65,CP-R_TEST_01_Q03-S-30MM-POS-O3D,R_TEST_01,Rich,R_TEST_01_Q03,open3d,strong,lambda_max,0.10002626331853963,0.9939319165659176,-0.04576124865136622,1,0.03,0.0030007878995561886,0.029817957496977528,-0.0013728374595409867,"[[1.0,0.0,0.0,0.0030007878995561886],[0.0,1.0,0.0,0.029817957496977528],[0.0,0.0,1.0,-0.0013728374595409867],[0.0,0.0,0.0,1.0]]","[[1.0,0.0,0.0,0.0],[0.0,1.0,0.0,0.0],[0.0,0.0,1.0,0.0],[0.0,0.0,0.0,1.0]]","[[1.0,0.0,0.0,0.0030007878995561886],[0.0,1.0,0.0,0.029817957496977528],[0.0,0.0,1.0,-0.0013728374595409867],[0.0,0.0,0.0,1.0]]"
66,CP-R_TEST_01_Q03-S-30MM-POS-PCL,R_TEST_01,Rich,R_TEST_01_Q03,pcl,strong,lambda_max,0.10002626331853963,0.9939319165659176,-0.04576124865136622,1,0.03,0.0030007878995561886,0.029817957496977528,-0.0013728374595409867,"[[1.0,0.0,0.0,0.0030007878995561886],[0.0,1.0,0.0,0.029817957496977528],[0.0,0.0,1.0,-0.0013728374595409867],[0.0,0.0,0.0,1.0]]","[[1.0,0.0,0.0,0.0],[0.0,1.0,0.0,0.0],[0.0,0.0,1.0,0.0],[0.0,0.0,0.0,1.0]]","[[1.0,0.0,0.0,0.0030007878995561886],[0.0,1.0,0.0,0.029817957496977528],[0.0,0.0,1.0,-0.0013728374595409867],[0.0,0.0,0.0,1.0]]"
67,CP-R_TEST_01_Q03-S-30MM-NEG-O3D,R_TEST_01,Rich,R_TEST_01_Q03,open3d,strong,lambda_max,0.10002626331853963,0.9939319165659176,-0.04576124865136622,-1,0.03,-0.0030007878995561886,-0.029817957496977528,0.0013728374595409867,"[[1.0,0.0,0.0,-0.0030007878995561886],[0.0,1.0,0.0,-0.029817957496977528],[0.0,0.0,1.0,0.0013728374595409867],[0.0,0.0,0.0,1.0]]","[[1.0,0.0,0.0,0.0],[0.0,1.0,0.0,0.0],[0.0,0.0,1.0,0.0],[0.0,0.0,0.0,1.0]]","[[1.0,0.0,0.0,-0.0030007878995561886],[0.0,1.0,0.0,-0.029817957496977528],[0.0,0.0,1.0,0.0013728374595409867],[0.0,0.0,0.0,1.0]]"
68,CP-R_TEST_01_Q03-S-30MM-NEG-PCL,R_TEST_01,Rich,R_TEST_01_Q03,pcl,strong,lambda_max,0.10002626331853963,0.9939319165659176,-0.04576124865136622,-1,0.03,-0.0030007878995561886,-0.029817957496977528,0.0013728374595409867,"[[1.0,0.0,0.0,-0.0030007878995561886],[0.0,1.0,0.0,-0.029817957496977528],[0.0,0.0,1.0,0.0013728374595409867],[0.0,0.0,0.0,1.0]]","[[1.0,0.0,0.0,0.0],[0.0,1.0,0.0,0.0],[0.0,0.0,1.0,0.0],[0.0,0.0,0.0,1.0]]","[[1.0,0.0,0.0,-0.0030007878995561886],[0.0,1.0,0.0,-0.029817957496977528],[0.0,0.0,1.0,0.0013728374595409867],[0.0,0.0,0.0,1.0]]"
69,CP-R_TEST_01_Q03-S-50MM-POS-O3D,R_TEST_01,Rich,R_TEST_01_Q03,open3d,strong,lambda_max,0.10002626331853963,0.9939319165659176,-0.04576124865136622,1,0.05,0.005001313165926982,0.049696595828295886,-0.002288062432568311,"[[1.0,0.0,0.0,0.005001313165926982],[0.0,1.0,0.0,0.049696595828295886],[0.0,0.0,1.0,-0.002288062432568311],[0.0,0.0,0.0,1.0]]","[[1.0,0.0,0.0,0.0],[0.0,1.0,0.0,0.0],[0.0,0.0,1.0,0.0],[0.0,0.0,0.0,1.0]]","[[1.0,0.0,0.0,0.005001313165926982],[0.0,1.0,0.0,0.049696595828295886],[0.0,0.0,1.0,-0.002288062432568311],[0.0,0.0,0.0,1.0]]"
70,CP-R_TEST_01_Q03-S-50MM-POS-PCL,R_TEST_01,Rich,R_TEST_01_Q03,pcl,strong,lambda_max,0.10002626331853963,0.9939319165659176,-0.04576124865136622,1,0.05,0.005001313165926982,0.049696595828295886,-0.002288062432568311,"[[1.0,0.0,0.0,0.005001313165926982],[0.0,1.0,0.0,0.049696595828295886],[0.0,0.0,1.0,-0.002288062432568311],[0.0,0.0,0.0,1.0]]","[[1.0,0.0,0.0,0.0],[0.0,1.0,0.0,0.0],[0.0,0.0,1.0,0.0],[0.0,0.0,0.0,1.0]]","[[1.0,0.0,0.0,0.005001313165926982],[0.0,1.0,0.0,0.049696595828295886],[0.0,0.0,1.0,-0.002288062432568311],[0.0,0.0,0.0,1.0]]"
71,CP-R_TEST_01_Q03-S-50MM-NEG-O3D,R_TEST_01,Rich,R_TEST_01_Q03,open3d,strong,lambda_max,0.10002626331853963,0.9939319165659176,-0.04576124865136622,-1,0.05,-0.005001313165926982,-0.049696595828295886,0.002288062432568311,"[[1.0,0.0,0.0,-0.005001313165926982],[0.0,1.0,0.0,-0.049696595828295886],[0.0,0.0,1.0,0.002288062432568311],[0.0,0.0,0.0,1.0]]","[[1.0,0.0,0.0,0.0],[0.0,1.0,0.0,0.0],[0.0,0.0,1.0,0.0],[0.0,0.0,0.0,1.0]]","[[1.0,0.0,0.0,-0.005001313165926982],[0.0,1.0,0.0,-0.049696595828295886],[0.0,0.0,1.0,0.002288062432568311],[0.0,0.0,0.0,1.0]]"
72,CP-R_TEST_01_Q03-S-50MM-NEG-PCL,R_TEST_01,Rich,R_TEST_01_Q03,pcl,strong,lambda_max,0.10002626331853963,0.9939319165659176,-0.04576124865136622,-1,0.05,-0.005001313165926982,-0.049696595828295886,0.002288062432568311,"[[1.0,0.0,0.0,-0.005001313165926982],[0.0,1.0,0.0,-0.049696595828295886],[0.0,0.0,1.0,0.002288062432568311],[0.0,0.0,0.0,1.0]]","[[1.0,0.0,0.0,0.0],[0.0,1.0,0.0,0.0],[0.0,0.0,1.0,0.0],[0.0,0.0,0.0,1.0]]","[[1.0,0.0,0.0,-0.005001313165926982],[0.0,1.0,0.0,-0.049696595828295886],[0.0,0.0,1.0,0.002288062432568311],[0.0,0.0,0.0,1.0]]"
73,CP-R_TEST_01_Q04-W-10MM-POS-O3D,R_TEST_01,Rich,R_TEST_01_Q04,open3d,weak,lambda_min,0.9916858789846642,-0.10054501297153282,-0.0803107576166998,1,0.01,0.009916858789846642,-0.001005450129715328,-0.000803107576166998,"[[1.0,0.0,0.0,0.009916858789846642],[0.0,1.0,0.0,-0.001005450129715328],[0.0,0.0,1.0,-0.000803107576166998],[0.0,0.0,0.0,1.0]]","[[1.0,0.0,0.0,0.0],[0.0,1.0,0.0,0.0],[0.0,0.0,1.0,0.0],[0.0,0.0,0.0,1.0]]","[[1.0,0.0,0.0,0.009916858789846642],[0.0,1.0,0.0,-0.001005450129715328],[0.0,0.0,1.0,-0.000803107576166998],[0.0,0.0,0.0,1.0]]"
74,CP-R_TEST_01_Q04-W-10MM-POS-PCL,R_TEST_01,Rich,R_TEST_01_Q04,pcl,weak,lambda_min,0.9916858789846642,-0.10054501297153282,-0.0803107576166998,1,0.01,0.009916858789846642,-0.001005450129715328,-0.000803107576166998,"[[1.0,0.0,0.0,0.009916858789846642],[0.0,1.0,0.0,-0.001005450129715328],[0.0,0.0,1.0,-0.000803107576166998],[0.0,0.0,0.0,1.0]]","[[1.0,0.0,0.0,0.0],[0.0,1.0,0.0,0.0],[0.0,0.0,1.0,0.0],[0.0,0.0,0.0,1.0]]","[[1.0,0.0,0.0,0.009916858789846642],[0.0,1.0,0.0,-0.001005450129715328],[0.0,0.0,1.0,-0.000803107576166998],[0.0,0.0,0.0,1.0]]"
75,CP-R_TEST_01_Q04-W-10MM-NEG-O3D,R_TEST_01,Rich,R_TEST_01_Q04,open3d,weak,lambda_min,0.9916858789846642,-0.10054501297153282,-0.0803107576166998,-1,0.01,-0.009916858789846642,0.001005450129715328,0.000803107576166998,"[[1.0,0.0,0.0,-0.009916858789846642],[0.0,1.0,0.0,0.001005450129715328],[0.0,0.0,1.0,0.000803107576166998],[0.0,0.0,0.0,1.0]]","[[1.0,0.0,0.0,0.0],[0.0,1.0,0.0,0.0],[0.0,0.0,1.0,0.0],[0.0,0.0,0.0,1.0]]","[[1.0,0.0,0.0,-0.009916858789846642],[0.0,1.0,0.0,0.001005450129715328],[0.0,0.0,1.0,0.000803107576166998],[0.0,0.0,0.0,1.0]]"
76,CP-R_TEST_01_Q04-W-10MM-NEG-PCL,R_TEST_01,Rich,R_TEST_01_Q04,pcl,weak,lambda_min,0.9916858789846642,-0.10054501297153282,-0.0803107576166998,-1,0.01,-0.009916858789846642,0.001005450129715328,0.000803107576166998,"[[1.0,0.0,0.0,-0.009916858789846642],[0.0,1.0,0.0,0.001005450129715328],[0.0,0.0,1.0,0.000803107576166998],[0.0,0.0,0.0,1.0]]","[[1.0,0.0,0.0,0.0],[0.0,1.0,0.0,0.0],[0.0,0.0,1.0,0.0],[0.0,0.0,0.0,1.0]]","[[1.0,0.0,0.0,-0.009916858789846642],[0.0,1.0,0.0,0.001005450129715328],[0.0,0.0,1.0,0.000803107576166998],[0.0,0.0,0.0,1.0]]"
77,CP-R_TEST_01_Q04-W-30MM-POS-O3D,R_TEST_01,Rich,R_TEST_01_Q04,open3d,weak,lambda_min,0.9916858789846642,-0.10054501297153282,-0.0803107576166998,1,0.03,0.029750576369539924,-0.003016350389145984,-0.0024093227285009937,"[[1.0,0.0,0.0,0.029750576369539924],[0.0,1.0,0.0,-0.003016350389145984],[0.0,0.0,1.0,-0.0024093227285009937],[0.0,0.0,0.0,1.0]]","[[1.0,0.0,0.0,0.0],[0.0,1.0,0.0,0.0],[0.0,0.0,1.0,0.0],[0.0,0.0,0.0,1.0]]","[[1.0,0.0,0.0,0.029750576369539924],[0.0,1.0,0.0,-0.003016350389145984],[0.0,0.0,1.0,-0.0024093227285009937],[0.0,0.0,0.0,1.0]]"
78,CP-R_TEST_01_Q04-W-30MM-POS-PCL,R_TEST_01,Rich,R_TEST_01_Q04,pcl,weak,lambda_min,0.9916858789846642,-0.10054501297153282,-0.0803107576166998,1,0.03,0.029750576369539924,-0.003016350389145984,-0.0024093227285009937,"[[1.0,0.0,0.0,0.029750576369539924],[0.0,1.0,0.0,-0.003016350389145984],[0.0,0.0,1.0,-0.0024093227285009937],[0.0,0.0,0.0,1.0]]","[[1.0,0.0,0.0,0.0],[0.0,1.0,0.0,0.0],[0.0,0.0,1.0,0.0],[0.0,0.0,0.0,1.0]]","[[1.0,0.0,0.0,0.029750576369539924],[0.0,1.0,0.0,-0.003016350389145984],[0.0,0.0,1.0,-0.0024093227285009937],[0.0,0.0,0.0,1.0]]"
79,CP-R_TEST_01_Q04-W-30MM-NEG-O3D,R_TEST_01,Rich,R_TEST_01_Q04,open3d,weak,lambda_min,0.9916858789846642,-0.10054501297153282,-0.0803107576166998,-1,0.03,-0.029750576369539924,0.003016350389145984,0.0024093227285009937,"[[1.0,0.0,0.0,-0.029750576369539924],[0.0,1.0,0.0,0.003016350389145984],[0.0,0.0,1.0,0.0024093227285009937],[0.0,0.0,0.0,1.0]]","[[1.0,0.0,0.0,0.0],[0.0,1.0,0.0,0.0],[0.0,0.0,1.0,0.0],[0.0,0.0,0.0,1.0]]","[[1.0,0.0,0.0,-0.029750576369539924],[0.0,1.0,0.0,0.003016350389145984],[0.0,0.0,1.0,0.0024093227285009937],[0.0,0.0,0.0,1.0]]"
80,CP-R_TEST_01_Q04-W-30MM-NEG-PCL,R_TEST_01,Rich,R_TEST_01_Q04,pcl,weak,lambda_min,0.9916858789846642,-0.10054501297153282,-0.0803107576166998,-1,0.03,-0.029750576369539924,0.003016350389145984,0.0024093227285009937,"[[1.0,0.0,0.0,-0.029750576369539924],[0.0,1.0,0.0,0.003016350389145984],[0.0,0.0,1.0,0.0024093227285009937],[0.0,0.0,0.0,1.0]]","[[1.0,0.0,0.0,0.0],[0.0,1.0,0.0,0.0],[0.0,0.0,1.0,0.0],[0.0,0.0,0.0,1.0]]","[[1.0,0.0,0.0,-0.029750576369539924],[0.0,1.0,0.0,0.003016350389145984],[0.0,0.0,1.0,0.0024093227285009937],[0.0,0.0,0.0,1.0]]"
81,CP-R_TEST_01_Q04-W-50MM-POS-O3D,R_TEST_01,Rich,R_TEST_01_Q04,open3d,weak,lambda_min,0.9916858789846642,-0.10054501297153282,-0.0803107576166998,1,0.05,0.049584293949233214,-0.005027250648576641,-0.0040155378808349905,"[[1.0,0.0,0.0,0.049584293949233214],[0.0,1.0,0.0,-0.005027250648576641],[0.0,0.0,1.0,-0.0040155378808349905],[0.0,0.0,0.0,1.0]]","[[1.0,0.0,0.0,0.0],[0.0,1.0,0.0,0.0],[0.0,0.0,1.0,0.0],[0.0,0.0,0.0,1.0]]","[[1.0,0.0,0.0,0.049584293949233214],[0.0,1.0,0.0,-0.005027250648576641],[0.0,0.0,1.0,-0.0040155378808349905],[0.0,0.0,0.0,1.0]]"
82,CP-R_TEST_01_Q04-W-50MM-POS-PCL,R_TEST_01,Rich,R_TEST_01_Q04,pcl,weak,lambda_min,0.9916858789846642,-0.10054501297153282,-0.0803107576166998,1,0.05,0.049584293949233214,-0.005027250648576641,-0.0040155378808349905,"[[1.0,0.0,0.0,0.049584293949233214],[0.0,1.0,0.0,-0.005027250648576641],[0.0,0.0,1.0,-0.0040155378808349905],[0.0,0.0,0.0,1.0]]","[[1.0,0.0,0.0,0.0],[0.0,1.0,0.0,0.0],[0.0,0.0,1.0,0.0],[0.0,0.0,0.0,1.0]]","[[1.0,0.0,0.0,0.049584293949233214],[0.0,1.0,0.0,-0.005027250648576641],[0.0,0.0,1.0,-0.0040155378808349905],[0.0,0.0,0.0,1.0]]"
83,CP-R_TEST_01_Q04-W-50MM-NEG-O3D,R_TEST_01,Rich,R_TEST_01_Q04,open3d,weak,lambda_min,0.9916858789846642,-0.10054501297153282,-0.0803107576166998,-1,0.05,-0.049584293949233214,0.005027250648576641,0.0040155378808349905,"[[1.0,0.0,0.0,-0.049584293949233214],[0.0,1.0,0.0,0.005027250648576641],[0.0,0.0,1.0,0.0040155378808349905],[0.0,0.0,0.0,1.0]]","[[1.0,0.0,0.0,0.0],[0.0,1.0,0.0,0.0],[0.0,0.0,1.0,0.0],[0.0,0.0,0.0,1.0]]","[[1.0,0.0,0.0,-0.049584293949233214],[0.0,1.0,0.0,0.005027250648576641],[0.0,0.0,1.0,0.0040155378808349905],[0.0,0.0,0.0,1.0]]"
84,CP-R_TEST_01_Q04-W-50MM-NEG-PCL,R_TEST_01,Rich,R_TEST_01_Q04,pcl,weak,lambda_min,0.9916858789846642,-0.10054501297153282,-0.0803107576166998,-1,0.05,-0.049584293949233214,0.005027250648576641,0.0040155378808349905,"[[1.0,0.0,0.0,-0.049584293949233214],[0.0,1.0,0.0,0.005027250648576641],[0.0,0.0,1.0,0.0040155378808349905],[0.0,0.0,0.0,1.0]]","[[1.0,0.0,0.0,0.0],[0.0,1.0,0.0,0.0],[0.0,0.0,1.0,0.0],[0.0,0.0,0.0,1.0]]","[[1.0,0.0,0.0,-0.049584293949233214],[0.0,1.0,0.0,0.005027250648576641],[0.0,0.0,1.0,0.0040155378808349905],[0.0,0.0,0.0,1.0]]"
85,CP-R_TEST_01_Q04-S-10MM-POS-O3D,R_TEST_01,Rich,R_TEST_01_Q04,open3d,strong,lambda_max,0.09788424537633204,0.9945312586570152,-0.03641771630949986,1,0.01,0.0009788424537633205,0.009945312586570151,-0.0003641771630949986,"[[1.0,0.0,0.0,0.0009788424537633205],[0.0,1.0,0.0,0.009945312586570151],[0.0,0.0,1.0,-0.0003641771630949986],[0.0,0.0,0.0,1.0]]","[[1.0,0.0,0.0,0.0],[0.0,1.0,0.0,0.0],[0.0,0.0,1.0,0.0],[0.0,0.0,0.0,1.0]]","[[1.0,0.0,0.0,0.0009788424537633205],[0.0,1.0,0.0,0.009945312586570151],[0.0,0.0,1.0,-0.0003641771630949986],[0.0,0.0,0.0,1.0]]"
86,CP-R_TEST_01_Q04-S-10MM-POS-PCL,R_TEST_01,Rich,R_TEST_01_Q04,pcl,strong,lambda_max,0.09788424537633204,0.9945312586570152,-0.03641771630949986,1,0.01,0.0009788424537633205,0.009945312586570151,-0.0003641771630949986,"[[1.0,0.0,0.0,0.0009788424537633205],[0.0,1.0,0.0,0.009945312586570151],[0.0,0.0,1.0,-0.0003641771630949986],[0.0,0.0,0.0,1.0]]","[[1.0,0.0,0.0,0.0],[0.0,1.0,0.0,0.0],[0.0,0.0,1.0,0.0],[0.0,0.0,0.0,1.0]]","[[1.0,0.0,0.0,0.0009788424537633205],[0.0,1.0,0.0,0.009945312586570151],[0.0,0.0,1.0,-0.0003641771630949986],[0.0,0.0,0.0,1.0]]"
87,CP-R_TEST_01_Q04-S-10MM-NEG-O3D,R_TEST_01,Rich,R_TEST_01_Q04,open3d,strong,lambda_max,0.09788424537633204,0.9945312586570152,-0.03641771630949986,-1,0.01,-0.0009788424537633205,-0.009945312586570151,0.0003641771630949986,"[[1.0,0.0,0.0,-0.0009788424537633205],[0.0,1.0,0.0,-0.009945312586570151],[0.0,0.0,1.0,0.0003641771630949986],[0.0,0.0,0.0,1.0]]","[[1.0,0.0,0.0,0.0],[0.0,1.0,0.0,0.0],[0.0,0.0,1.0,0.0],[0.0,0.0,0.0,1.0]]","[[1.0,0.0,0.0,-0.0009788424537633205],[0.0,1.0,0.0,-0.009945312586570151],[0.0,0.0,1.0,0.0003641771630949986],[0.0,0.0,0.0,1.0]]"
88,CP-R_TEST_01_Q04-S-10MM-NEG-PCL,R_TEST_01,Rich,R_TEST_01_Q04,pcl,strong,lambda_max,0.09788424537633204,0.9945312586570152,-0.03641771630949986,-1,0.01,-0.0009788424537633205,-0.009945312586570151,0.0003641771630949986,"[[1.0,0.0,0.0,-0.0009788424537633205],[0.0,1.0,0.0,-0.009945312586570151],[0.0,0.0,1.0,0.0003641771630949986],[0.0,0.0,0.0,1.0]]","[[1.0,0.0,0.0,0.0],[0.0,1.0,0.0,0.0],[0.0,0.0,1.0,0.0],[0.0,0.0,0.0,1.0]]","[[1.0,0.0,0.0,-0.0009788424537633205],[0.0,1.0,0.0,-0.009945312586570151],[0.0,0.0,1.0,0.0003641771630949986],[0.0,0.0,0.0,1.0]]"
89,CP-R_TEST_01_Q04-S-30MM-POS-O3D,R_TEST_01,Rich,R_TEST_01_Q04,open3d,strong,lambda_max,0.09788424537633204,0.9945312586570152,-0.03641771630949986,1,0.03,0.002936527361289961,0.029835937759710454,-0.0010925314892849957,"[[1.0,0.0,0.0,0.002936527361289961],[0.0,1.0,0.0,0.029835937759710454],[0.0,0.0,1.0,-0.0010925314892849957],[0.0,0.0,0.0,1.0]]","[[1.0,0.0,0.0,0.0],[0.0,1.0,0.0,0.0],[0.0,0.0,1.0,0.0],[0.0,0.0,0.0,1.0]]","[[1.0,0.0,0.0,0.002936527361289961],[0.0,1.0,0.0,0.029835937759710454],[0.0,0.0,1.0,-0.0010925314892849957],[0.0,0.0,0.0,1.0]]"
90,CP-R_TEST_01_Q04-S-30MM-POS-PCL,R_TEST_01,Rich,R_TEST_01_Q04,pcl,strong,lambda_max,0.09788424537633204,0.9945312586570152,-0.03641771630949986,1,0.03,0.002936527361289961,0.029835937759710454,-0.0010925314892849957,"[[1.0,0.0,0.0,0.002936527361289961],[0.0,1.0,0.0,0.029835937759710454],[0.0,0.0,1.0,-0.0010925314892849957],[0.0,0.0,0.0,1.0]]","[[1.0,0.0,0.0,0.0],[0.0,1.0,0.0,0.0],[0.0,0.0,1.0,0.0],[0.0,0.0,0.0,1.0]]","[[1.0,0.0,0.0,0.002936527361289961],[0.0,1.0,0.0,0.029835937759710454],[0.0,0.0,1.0,-0.0010925314892849957],[0.0,0.0,0.0,1.0]]"
91,CP-R_TEST_01_Q04-S-30MM-NEG-O3D,R_TEST_01,Rich,R_TEST_01_Q04,open3d,strong,lambda_max,0.09788424537633204,0.9945312586570152,-0.03641771630949986,-1,0.03,-0.002936527361289961,-0.029835937759710454,0.0010925314892849957,"[[1.0,0.0,0.0,-0.002936527361289961],[0.0,1.0,0.0,-0.029835937759710454],[0.0,0.0,1.0,0.0010925314892849957],[0.0,0.0,0.0,1.0]]","[[1.0,0.0,0.0,0.0],[0.0,1.0,0.0,0.0],[0.0,0.0,1.0,0.0],[0.0,0.0,0.0,1.0]]","[[1.0,0.0,0.0,-0.002936527361289961],[0.0,1.0,0.0,-0.029835937759710454],[0.0,0.0,1.0,0.0010925314892849957],[0.0,0.0,0.0,1.0]]"
92,CP-R_TEST_01_Q04-S-30MM-NEG-PCL,R_TEST_01,Rich,R_TEST_01_Q04,pcl,strong,lambda_max,0.09788424537633204,0.9945312586570152,-0.03641771630949986,-1,0.03,-0.002936527361289961,-0.029835937759710454,0.0010925314892849957,"[[1.0,0.0,0.0,-0.002936527361289961],[0.0,1.0,0.0,-0.029835937759710454],[0.0,0.0,1.0,0.0010925314892849957],[0.0,0.0,0.0,1.0]]","[[1.0,0.0,0.0,0.0],[0.0,1.0,0.0,0.0],[0.0,0.0,1.0,0.0],[0.0,0.0,0.0,1.0]]","[[1.0,0.0,0.0,-0.002936527361289961],[0.0,1.0,0.0,-0.029835937759710454],[0.0,0.0,1.0,0.0010925314892849957],[0.0,0.0,0.0,1.0]]"
93,CP-R_TEST_01_Q04-S-50MM-POS-O3D,R_TEST_01,Rich,R_TEST_01_Q04,open3d,strong,lambda_max,0.09788424537633204,0.9945312586570152,-0.03641771630949986,1,0.05,0.004894212268816603,0.049726562932850764,-0.001820885815474993,"[[1.0,0.0,0.0,0.004894212268816603],[0.0,1.0,0.0,0.049726562932850764],[0.0,0.0,1.0,-0.001820885815474993],[0.0,0.0,0.0,1.0]]","[[1.0,0.0,0.0,0.0],[0.0,1.0,0.0,0.0],[0.0,0.0,1.0,0.0],[0.0,0.0,0.0,1.0]]","[[1.0,0.0,0.0,0.004894212268816603],[0.0,1.0,0.0,0.049726562932850764],[0.0,0.0,1.0,-0.001820885815474993],[0.0,0.0,0.0,1.0]]"
94,CP-R_TEST_01_Q04-S-50MM-POS-PCL,R_TEST_01,Rich,R_TEST_01_Q04,pcl,strong,lambda_max,0.09788424537633204,0.9945312586570152,-0.03641771630949986,1,0.05,0.004894212268816603,0.049726562932850764,-0.001820885815474993,"[[1.0,0.0,0.0,0.004894212268816603],[0.0,1.0,0.0,0.049726562932850764],[0.0,0.0,1.0,-0.001820885815474993],[0.0,0.0,0.0,1.0]]","[[1.0,0.0,0.0,0.0],[0.0,1.0,0.0,0.0],[0.0,0.0,1.0,0.0],[0.0,0.0,0.0,1.0]]","[[1.0,0.0,0.0,0.004894212268816603],[0.0,1.0,0.0,0.049726562932850764],[0.0,0.0,1.0,-0.001820885815474993],[0.0,0.0,0.0,1.0]]"
95,CP-R_TEST_01_Q04-S-50MM-NEG-O3D,R_TEST_01,Rich,R_TEST_01_Q04,open3d,strong,lambda_max,0.09788424537633204,0.9945312586570152,-0.03641771630949986,-1,0.05,-0.004894212268816603,-0.049726562932850764,0.001820885815474993,"[[1.0,0.0,0.0,-0.004894212268816603],[0.0,1.0,0.0,-0.049726562932850764],[0.0,0.0,1.0,0.001820885815474993],[0.0,0.0,0.0,1.0]]","[[1.0,0.0,0.0,0.0],[0.0,1.0,0.0,0.0],[0.0,0.0,1.0,0.0],[0.0,0.0,0.0,1.0]]","[[1.0,0.0,0.0,-0.004894212268816603],[0.0,1.0,0.0,-0.049726562932850764],[0.0,0.0,1.0,0.001820885815474993],[0.0,0.0,0.0,1.0]]"
96,CP-R_TEST_01_Q04-S-50MM-NEG-PCL,R_TEST_01,Rich,R_TEST_01_Q04,pcl,strong,lambda_max,0.09788424537633204,0.9945312586570152,-0.03641771630949986,-1,0.05,-0.004894212268816603,-0.049726562932850764,0.001820885815474993,"[[1.0,0.0,0.0,-0.004894212268816603],[0.0,1.0,0.0,-0.049726562932850764],[0.0,0.0,1.0,0.001820885815474993],[0.0,0.0,0.0,1.0]]","[[1.0,0.0,0.0,0.0],[0.0,1.0,0.0,0.0],[0.0,0.0,1.0,0.0],[0.0,0.0,0.0,1.0]]","[[1.0,0.0,0.0,-0.004894212268816603],[0.0,1.0,0.0,-0.049726562932850764],[0.0,0.0,1.0,0.001820885815474993],[0.0,0.0,0.0,1.0]]"
97,CP-R_TEST_01_Q05-W-10MM-POS-O3D,R_TEST_01,Rich,R_TEST_01_Q05,open3d,weak,lambda_min,0.990916832556133,-0.09912966010198203,-0.09086881447992096,1,0.01,0.00990916832556133,-0.0009912966010198203,-0.0009086881447992096,"[[1.0,0.0,0.0,0.00990916832556133],[0.0,1.0,0.0,-0.0009912966010198203],[0.0,0.0,1.0,-0.0009086881447992096],[0.0,0.0,0.0,1.0]]","[[1.0,0.0,0.0,0.0],[0.0,1.0,0.0,0.0],[0.0,0.0,1.0,0.0],[0.0,0.0,0.0,1.0]]","[[1.0,0.0,0.0,0.00990916832556133],[0.0,1.0,0.0,-0.0009912966010198203],[0.0,0.0,1.0,-0.0009086881447992096],[0.0,0.0,0.0,1.0]]"
98,CP-R_TEST_01_Q05-W-10MM-POS-PCL,R_TEST_01,Rich,R_TEST_01_Q05,pcl,weak,lambda_min,0.990916832556133,-0.09912966010198203,-0.09086881447992096,1,0.01,0.00990916832556133,-0.0009912966010198203,-0.0009086881447992096,"[[1.0,0.0,0.0,0.00990916832556133],[0.0,1.0,0.0,-0.0009912966010198203],[0.0,0.0,1.0,-0.0009086881447992096],[0.0,0.0,0.0,1.0]]","[[1.0,0.0,0.0,0.0],[0.0,1.0,0.0,0.0],[0.0,0.0,1.0,0.0],[0.0,0.0,0.0,1.0]]","[[1.0,0.0,0.0,0.00990916832556133],[0.0,1.0,0.0,-0.0009912966010198203],[0.0,0.0,1.0,-0.0009086881447992096],[0.0,0.0,0.0,1.0]]"
99,CP-R_TEST_01_Q05-W-10MM-NEG-O3D,R_TEST_01,Rich,R_TEST_01_Q05,open3d,weak,lambda_min,0.990916832556133,-0.09912966010198203,-0.09086881447992096,-1,0.01,-0.00990916832556133,0.0009912966010198203,0.0009086881447992096,"[[1.0,0.0,0.0,-0.00990916832556133],[0.0,1.0,0.0,0.0009912966010198203],[0.0,0.0,1.0,0.0009086881447992096],[0.0,0.0,0.0,1.0]]","[[1.0,0.0,0.0,0.0],[0.0,1.0,0.0,0.0],[0.0,0.0,1.0,0.0],[0.0,0.0,0.0,1.0]]","[[1.0,0.0,0.0,-0.00990916832556133],[0.0,1.0,0.0,0.0009912966010198203],[0.0,0.0,1.0,0.0009086881447992096],[0.0,0.0,0.0,1.0]]"
100,CP-R_TEST_01_Q05-W-10MM-NEG-PCL,R_TEST_01,Rich,R_TEST_01_Q05,pcl,weak,lambda_min,0.990916832556133,-0.09912966010198203,-0.09086881447992096,-1,0.01,-0.00990916832556133,0.0009912966010198203,0.0009086881447992096,"[[1.0,0.0,0.0,-0.00990916832556133],[0.0,1.0,0.0,0.0009912966010198203],[0.0,0.0,1.0,0.0009086881447992096],[0.0,0.0,0.0,1.0]]","[[1.0,0.0,0.0,0.0],[0.0,1.0,0.0,0.0],[0.0,0.0,1.0,0.0],[0.0,0.0,0.0,1.0]]","[[1.0,0.0,0.0,-0.00990916832556133],[0.0,1.0,0.0,0.0009912966010198203],[0.0,0.0,1.0,0.0009086881447992096],[0.0,0.0,0.0,1.0]]"
101,CP-R_TEST_01_Q05-W-30MM-POS-O3D,R_TEST_01,Rich,R_TEST_01_Q05,open3d,weak,lambda_min,0.990916832556133,-0.09912966010198203,-0.09086881447992096,1,0.03,0.02972750497668399,-0.002973889803059461,-0.0027260644343976284,"[[1.0,0.0,0.0,0.02972750497668399],[0.0,1.0,0.0,-0.002973889803059461],[0.0,0.0,1.0,-0.0027260644343976284],[0.0,0.0,0.0,1.0]]","[[1.0,0.0,0.0,0.0],[0.0,1.0,0.0,0.0],[0.0,0.0,1.0,0.0],[0.0,0.0,0.0,1.0]]","[[1.0,0.0,0.0,0.02972750497668399],[0.0,1.0,0.0,-0.002973889803059461],[0.0,0.0,1.0,-0.0027260644343976284],[0.0,0.0,0.0,1.0]]"
102,CP-R_TEST_01_Q05-W-30MM-POS-PCL,R_TEST_01,Rich,R_TEST_01_Q05,pcl,weak,lambda_min,0.990916832556133,-0.09912966010198203,-0.09086881447992096,1,0.03,0.02972750497668399,-0.002973889803059461,-0.0027260644343976284,"[[1.0,0.0,0.0,0.02972750497668399],[0.0,1.0,0.0,-0.002973889803059461],[0.0,0.0,1.0,-0.0027260644343976284],[0.0,0.0,0.0,1.0]]","[[1.0,0.0,0.0,0.0],[0.0,1.0,0.0,0.0],[0.0,0.0,1.0,0.0],[0.0,0.0,0.0,1.0]]","[[1.0,0.0,0.0,0.02972750497668399],[0.0,1.0,0.0,-0.002973889803059461],[0.0,0.0,1.0,-0.0027260644343976284],[0.0,0.0,0.0,1.0]]"
103,CP-R_TEST_01_Q05-W-30MM-NEG-O3D,R_TEST_01,Rich,R_TEST_01_Q05,open3d,weak,lambda_min,0.990916832556133,-0.09912966010198203,-0.09086881447992096,-1,0.03,-0.02972750497668399,0.002973889803059461,0.0027260644343976284,"[[1.0,0.0,0.0,-0.02972750497668399],[0.0,1.0,0.0,0.002973889803059461],[0.0,0.0,1.0,0.0027260644343976284],[0.0,0.0,0.0,1.0]]","[[1.0,0.0,0.0,0.0],[0.0,1.0,0.0,0.0],[0.0,0.0,1.0,0.0],[0.0,0.0,0.0,1.0]]","[[1.0,0.0,0.0,-0.02972750497668399],[0.0,1.0,0.0,0.002973889803059461],[0.0,0.0,1.0,0.0027260644343976284],[0.0,0.0,0.0,1.0]]"
104,CP-R_TEST_01_Q05-W-30MM-NEG-PCL,R_TEST_01,Rich,R_TEST_01_Q05,pcl,weak,lambda_min,0.990916832556133,-0.09912966010198203,-0.09086881447992096,-1,0.03,-0.02972750497668399,0.002973889803059461,0.0027260644343976284,"[[1.0,0.0,0.0,-0.02972750497668399],[0.0,1.0,0.0,0.002973889803059461],[0.0,0.0,1.0,0.0027260644343976284],[0.0,0.0,0.0,1.0]]","[[1.0,0.0,0.0,0.0],[0.0,1.0,0.0,0.0],[0.0,0.0,1.0,0.0],[0.0,0.0,0.0,1.0]]","[[1.0,0.0,0.0,-0.02972750497668399],[0.0,1.0,0.0,0.002973889803059461],[0.0,0.0,1.0,0.0027260644343976284],[0.0,0.0,0.0,1.0]]"
105,CP-R_TEST_01_Q05-W-50MM-POS-O3D,R_TEST_01,Rich,R_TEST_01_Q05,open3d,weak,lambda_min,0.990916832556133,-0.09912966010198203,-0.09086881447992096,1,0.05,0.049545841627806654,-0.004956483005099102,-0.004543440723996048,"[[1.0,0.0,0.0,0.049545841627806654],[0.0,1.0,0.0,-0.004956483005099102],[0.0,0.0,1.0,-0.004543440723996048],[0.0,0.0,0.0,1.0]]","[[1.0,0.0,0.0,0.0],[0.0,1.0,0.0,0.0],[0.0,0.0,1.0,0.0],[0.0,0.0,0.0,1.0]]","[[1.0,0.0,0.0,0.049545841627806654],[0.0,1.0,0.0,-0.004956483005099102],[0.0,0.0,1.0,-0.004543440723996048],[0.0,0.0,0.0,1.0]]"
106,CP-R_TEST_01_Q05-W-50MM-POS-PCL,R_TEST_01,Rich,R_TEST_01_Q05,pcl,weak,lambda_min,0.990916832556133,-0.09912966010198203,-0.09086881447992096,1,0.05,0.049545841627806654,-0.004956483005099102,-0.004543440723996048,"[[1.0,0.0,0.0,0.049545841627806654],[0.0,1.0,0.0,-0.004956483005099102],[0.0,0.0,1.0,-0.004543440723996048],[0.0,0.0,0.0,1.0]]","[[1.0,0.0,0.0,0.0],[0.0,1.0,0.0,0.0],[0.0,0.0,1.0,0.0],[0.0,0.0,0.0,1.0]]","[[1.0,0.0,0.0,0.049545841627806654],[0.0,1.0,0.0,-0.004956483005099102],[0.0,0.0,1.0,-0.004543440723996048],[0.0,0.0,0.0,1.0]]"
107,CP-R_TEST_01_Q05-W-50MM-NEG-O3D,R_TEST_01,Rich,R_TEST_01_Q05,open3d,weak,lambda_min,0.990916832556133,-0.09912966010198203,-0.09086881447992096,-1,0.05,-0.049545841627806654,0.004956483005099102,0.004543440723996048,"[[1.0,0.0,0.0,-0.049545841627806654],[0.0,1.0,0.0,0.004956483005099102],[0.0,0.0,1.0,0.004543440723996048],[0.0,0.0,0.0,1.0]]","[[1.0,0.0,0.0,0.0],[0.0,1.0,0.0,0.0],[0.0,0.0,1.0,0.0],[0.0,0.0,0.0,1.0]]","[[1.0,0.0,0.0,-0.049545841627806654],[0.0,1.0,0.0,0.004956483005099102],[0.0,0.0,1.0,0.004543440723996048],[0.0,0.0,0.0,1.0]]"
108,CP-R_TEST_01_Q05-W-50MM-NEG-PCL,R_TEST_01,Rich,R_TEST_01_Q05,pcl,weak,lambda_min,0.990916832556133,-0.09912966010198203,-0.09086881447992096,-1,0.05,-0.049545841627806654,0.004956483005099102,0.004543440723996048,"[[1.0,0.0,0.0,-0.049545841627806654],[0.0,1.0,0.0,0.004956483005099102],[0.0,0.0,1.0,0.004543440723996048],[0.0,0.0,0.0,1.0]]","[[1.0,0.0,0.0,0.0],[0.0,1.0,0.0,0.0],[0.0,0.0,1.0,0.0],[0.0,0.0,0.0,1.0]]","[[1.0,0.0,0.0,-0.049545841627806654],[0.0,1.0,0.0,0.004956483005099102],[0.0,0.0,1.0,0.004543440723996048],[0.0,0.0,0.0,1.0]]"
109,CP-R_TEST_01_Q05-S-10MM-POS-O3D,R_TEST_01,Rich,R_TEST_01_Q05,open3d,strong,lambda_max,0.09496353796612403,0.9942696862004683,-0.049088874093617244,1,0.01,0.0009496353796612403,0.009942696862004684,-0.0004908887409361724,"[[1.0,0.0,0.0,0.0009496353796612403],[0.0,1.0,0.0,0.009942696862004684],[0.0,0.0,1.0,-0.0004908887409361724],[0.0,0.0,0.0,1.0]]","[[1.0,0.0,0.0,0.0],[0.0,1.0,0.0,0.0],[0.0,0.0,1.0,0.0],[0.0,0.0,0.0,1.0]]","[[1.0,0.0,0.0,0.0009496353796612403],[0.0,1.0,0.0,0.009942696862004684],[0.0,0.0,1.0,-0.0004908887409361724],[0.0,0.0,0.0,1.0]]"
110,CP-R_TEST_01_Q05-S-10MM-POS-PCL,R_TEST_01,Rich,R_TEST_01_Q05,pcl,strong,lambda_max,0.09496353796612403,0.9942696862004683,-0.049088874093617244,1,0.01,0.0009496353796612403,0.009942696862004684,-0.0004908887409361724,"[[1.0,0.0,0.0,0.0009496353796612403],[0.0,1.0,0.0,0.009942696862004684],[0.0,0.0,1.0,-0.0004908887409361724],[0.0,0.0,0.0,1.0]]","[[1.0,0.0,0.0,0.0],[0.0,1.0,0.0,0.0],[0.0,0.0,1.0,0.0],[0.0,0.0,0.0,1.0]]","[[1.0,0.0,0.0,0.0009496353796612403],[0.0,1.0,0.0,0.009942696862004684],[0.0,0.0,1.0,-0.0004908887409361724],[0.0,0.0,0.0,1.0]]"
111,CP-R_TEST_01_Q05-S-10MM-NEG-O3D,R_TEST_01,Rich,R_TEST_01_Q05,open3d,strong,lambda_max,0.09496353796612403,0.9942696862004683,-0.049088874093617244,-1,0.01,-0.0009496353796612403,-0.009942696862004684,0.0004908887409361724,"[[1.0,0.0,0.0,-0.0009496353796612403],[0.0,1.0,0.0,-0.009942696862004684],[0.0,0.0,1.0,0.0004908887409361724],[0.0,0.0,0.0,1.0]]","[[1.0,0.0,0.0,0.0],[0.0,1.0,0.0,0.0],[0.0,0.0,1.0,0.0],[0.0,0.0,0.0,1.0]]","[[1.0,0.0,0.0,-0.0009496353796612403],[0.0,1.0,0.0,-0.009942696862004684],[0.0,0.0,1.0,0.0004908887409361724],[0.0,0.0,0.0,1.0]]"
112,CP-R_TEST_01_Q05-S-10MM-NEG-PCL,R_TEST_01,Rich,R_TEST_01_Q05,pcl,strong,lambda_max,0.09496353796612403,0.9942696862004683,-0.049088874093617244,-1,0.01,-0.0009496353796612403,-0.009942696862004684,0.0004908887409361724,"[[1.0,0.0,0.0,-0.0009496353796612403],[0.0,1.0,0.0,-0.009942696862004684],[0.0,0.0,1.0,0.0004908887409361724],[0.0,0.0,0.0,1.0]]","[[1.0,0.0,0.0,0.0],[0.0,1.0,0.0,0.0],[0.0,0.0,1.0,0.0],[0.0,0.0,0.0,1.0]]","[[1.0,0.0,0.0,-0.0009496353796612403],[0.0,1.0,0.0,-0.009942696862004684],[0.0,0.0,1.0,0.0004908887409361724],[0.0,0.0,0.0,1.0]]"
113,CP-R_TEST_01_Q05-S-30MM-POS-O3D,R_TEST_01,Rich,R_TEST_01_Q05,open3d,strong,lambda_max,0.09496353796612403,0.9942696862004683,-0.049088874093617244,1,0.03,0.002848906138983721,0.029828090586014048,-0.0014726662228085172,"[[1.0,0.0,0.0,0.002848906138983721],[0.0,1.0,0.0,0.029828090586014048],[0.0,0.0,1.0,-0.0014726662228085172],[0.0,0.0,0.0,1.0]]","[[1.0,0.0,0.0,0.0],[0.0,1.0,0.0,0.0],[0.0,0.0,1.0,0.0],[0.0,0.0,0.0,1.0]]","[[1.0,0.0,0.0,0.002848906138983721],[0.0,1.0,0.0,0.029828090586014048],[0.0,0.0,1.0,-0.0014726662228085172],[0.0,0.0,0.0,1.0]]"
114,CP-R_TEST_01_Q05-S-30MM-POS-PCL,R_TEST_01,Rich,R_TEST_01_Q05,pcl,strong,lambda_max,0.09496353796612403,0.9942696862004683,-0.049088874093617244,1,0.03,0.002848906138983721,0.029828090586014048,-0.0014726662228085172,"[[1.0,0.0,0.0,0.002848906138983721],[0.0,1.0,0.0,0.029828090586014048],[0.0,0.0,1.0,-0.0014726662228085172],[0.0,0.0,0.0,1.0]]","[[1.0,0.0,0.0,0.0],[0.0,1.0,0.0,0.0],[0.0,0.0,1.0,0.0],[0.0,0.0,0.0,1.0]]","[[1.0,0.0,0.0,0.002848906138983721],[0.0,1.0,0.0,0.029828090586014048],[0.0,0.0,1.0,-0.0014726662228085172],[0.0,0.0,0.0,1.0]]"
115,CP-R_TEST_01_Q05-S-30MM-NEG-O3D,R_TEST_01,Rich,R_TEST_01_Q05,open3d,strong,lambda_max,0.09496353796612403,0.9942696862004683,-0.049088874093617244,-1,0.03,-0.002848906138983721,-0.029828090586014048,0.0014726662228085172,"[[1.0,0.0,0.0,-0.002848906138983721],[0.0,1.0,0.0,-0.029828090586014048],[0.0,0.0,1.0,0.0014726662228085172],[0.0,0.0,0.0,1.0]]","[[1.0,0.0,0.0,0.0],[0.0,1.0,0.0,0.0],[0.0,0.0,1.0,0.0],[0.0,0.0,0.0,1.0]]","[[1.0,0.0,0.0,-0.002848906138983721],[0.0,1.0,0.0,-0.029828090586014048],[0.0,0.0,1.0,0.0014726662228085172],[0.0,0.0,0.0,1.0]]"
116,CP-R_TEST_01_Q05-S-30MM-NEG-PCL,R_TEST_01,Rich,R_TEST_01_Q05,pcl,strong,lambda_max,0.09496353796612403,0.9942696862004683,-0.049088874093617244,-1,0.03,-0.002848906138983721,-0.029828090586014048,0.0014726662228085172,"[[1.0,0.0,0.0,-0.002848906138983721],[0.0,1.0,0.0,-0.029828090586014048],[0.0,0.0,1.0,0.0014726662228085172],[0.0,0.0,0.0,1.0]]","[[1.0,0.0,0.0,0.0],[0.0,1.0,0.0,0.0],[0.0,0.0,1.0,0.0],[0.0,0.0,0.0,1.0]]","[[1.0,0.0,0.0,-0.002848906138983721],[0.0,1.0,0.0,-0.029828090586014048],[0.0,0.0,1.0,0.0014726662228085172],[0.0,0.0,0.0,1.0]]"
117,CP-R_TEST_01_Q05-S-50MM-POS-O3D,R_TEST_01,Rich,R_TEST_01_Q05,open3d,strong,lambda_max,0.09496353796612403,0.9942696862004683,-0.049088874093617244,1,0.05,0.004748176898306202,0.04971348431002342,-0.0024544437046808624,"[[1.0,0.0,0.0,0.004748176898306202],[0.0,1.0,0.0,0.04971348431002342],[0.0,0.0,1.0,-0.0024544437046808624],[0.0,0.0,0.0,1.0]]","[[1.0,0.0,0.0,0.0],[0.0,1.0,0.0,0.0],[0.0,0.0,1.0,0.0],[0.0,0.0,0.0,1.0]]","[[1.0,0.0,0.0,0.004748176898306202],[0.0,1.0,0.0,0.04971348431002342],[0.0,0.0,1.0,-0.0024544437046808624],[0.0,0.0,0.0,1.0]]"
118,CP-R_TEST_01_Q05-S-50MM-POS-PCL,R_TEST_01,Rich,R_TEST_01_Q05,pcl,strong,lambda_max,0.09496353796612403,0.9942696862004683,-0.049088874093617244,1,0.05,0.004748176898306202,0.04971348431002342,-0.0024544437046808624,"[[1.0,0.0,0.0,0.004748176898306202],[0.0,1.0,0.0,0.04971348431002342],[0.0,0.0,1.0,-0.0024544437046808624],[0.0,0.0,0.0,1.0]]","[[1.0,0.0,0.0,0.0],[0.0,1.0,0.0,0.0],[0.0,0.0,1.0,0.0],[0.0,0.0,0.0,1.0]]","[[1.0,0.0,0.0,0.004748176898306202],[0.0,1.0,0.0,0.04971348431002342],[0.0,0.0,1.0,-0.0024544437046808624],[0.0,0.0,0.0,1.0]]"
119,CP-R_TEST_01_Q05-S-50MM-NEG-O3D,R_TEST_01,Rich,R_TEST_01_Q05,open3d,strong,lambda_max,0.09496353796612403,0.9942696862004683,-0.049088874093617244,-1,0.05,-0.004748176898306202,-0.04971348431002342,0.0024544437046808624,"[[1.0,0.0,0.0,-0.004748176898306202],[0.0,1.0,0.0,-0.04971348431002342],[0.0,0.0,1.0,0.0024544437046808624],[0.0,0.0,0.0,1.0]]","[[1.0,0.0,0.0,0.0],[0.0,1.0,0.0,0.0],[0.0,0.0,1.0,0.0],[0.0,0.0,0.0,1.0]]","[[1.0,0.0,0.0,-0.004748176898306202],[0.0,1.0,0.0,-0.04971348431002342],[0.0,0.0,1.0,0.0024544437046808624],[0.0,0.0,0.0,1.0]]"
120,CP-R_TEST_01_Q05-S-50MM-NEG-PCL,R_TEST_01,Rich,R_TEST_01_Q05,pcl,strong,lambda_max,0.09496353796612403,0.9942696862004683,-0.049088874093617244,-1,0.05,-0.004748176898306202,-0.04971348431002342,0.0024544437046808624,"[[1.0,0.0,0.0,-0.004748176898306202],[0.0,1.0,0.0,-0.04971348431002342],[0.0,0.0,1.0,0.0024544437046808624],[0.0,0.0,0.0,1.0]]","[[1.0,0.0,0.0,0.0],[0.0,1.0,0.0,0.0],[0.0,0.0,1.0,0.0],[0.0,0.0,0.0,1.0]]","[[1.0,0.0,0.0,-0.004748176898306202],[0.0,1.0,0.0,-0.04971348431002342],[0.0,0.0,1.0,0.0024544437046808624],[0.0,0.0,0.0,1.0]]"
121,CP-R_TEST_01_Q06-W-10MM-POS-O3D,R_TEST_01,Rich,R_TEST_01_Q06,open3d,weak,lambda_min,0.9841055041167887,-0.09567276347719332,-0.14960975601770876,1,0.01,0.009841055041167886,-0.0009567276347719332,-0.0014960975601770877,"[[1.0,0.0,0.0,0.009841055041167886],[0.0,1.0,0.0,-0.0009567276347719332],[0.0,0.0,1.0,-0.0014960975601770877],[0.0,0.0,0.0,1.0]]","[[1.0,0.0,0.0,0.0],[0.0,1.0,0.0,0.0],[0.0,0.0,1.0,0.0],[0.0,0.0,0.0,1.0]]","[[1.0,0.0,0.0,0.009841055041167886],[0.0,1.0,0.0,-0.0009567276347719332],[0.0,0.0,1.0,-0.0014960975601770877],[0.0,0.0,0.0,1.0]]"
122,CP-R_TEST_01_Q06-W-10MM-POS-PCL,R_TEST_01,Rich,R_TEST_01_Q06,pcl,weak,lambda_min,0.9841055041167887,-0.09567276347719332,-0.14960975601770876,1,0.01,0.009841055041167886,-0.0009567276347719332,-0.0014960975601770877,"[[1.0,0.0,0.0,0.009841055041167886],[0.0,1.0,0.0,-0.0009567276347719332],[0.0,0.0,1.0,-0.0014960975601770877],[0.0,0.0,0.0,1.0]]","[[1.0,0.0,0.0,0.0],[0.0,1.0,0.0,0.0],[0.0,0.0,1.0,0.0],[0.0,0.0,0.0,1.0]]","[[1.0,0.0,0.0,0.009841055041167886],[0.0,1.0,0.0,-0.0009567276347719332],[0.0,0.0,1.0,-0.0014960975601770877],[0.0,0.0,0.0,1.0]]"
123,CP-R_TEST_01_Q06-W-10MM-NEG-O3D,R_TEST_01,Rich,R_TEST_01_Q06,open3d,weak,lambda_min,0.9841055041167887,-0.09567276347719332,-0.14960975601770876,-1,0.01,-0.009841055041167886,0.0009567276347719332,0.0014960975601770877,"[[1.0,0.0,0.0,-0.009841055041167886],[0.0,1.0,0.0,0.0009567276347719332],[0.0,0.0,1.0,0.0014960975601770877],[0.0,0.0,0.0,1.0]]","[[1.0,0.0,0.0,0.0],[0.0,1.0,0.0,0.0],[0.0,0.0,1.0,0.0],[0.0,0.0,0.0,1.0]]","[[1.0,0.0,0.0,-0.009841055041167886],[0.0,1.0,0.0,0.0009567276347719332],[0.0,0.0,1.0,0.0014960975601770877],[0.0,0.0,0.0,1.0]]"
124,CP-R_TEST_01_Q06-W-10MM-NEG-PCL,R_TEST_01,Rich,R_TEST_01_Q06,pcl,weak,lambda_min,0.9841055041167887,-0.09567276347719332,-0.14960975601770876,-1,0.01,-0.009841055041167886,0.0009567276347719332,0.0014960975601770877,"[[1.0,0.0,0.0,-0.009841055041167886],[0.0,1.0,0.0,0.0009567276347719332],[0.0,0.0,1.0,0.0014960975601770877],[0.0,0.0,0.0,1.0]]","[[1.0,0.0,0.0,0.0],[0.0,1.0,0.0,0.0],[0.0,0.0,1.0,0.0],[0.0,0.0,0.0,1.0]]","[[1.0,0.0,0.0,-0.009841055041167886],[0.0,1.0,0.0,0.0009567276347719332],[0.0,0.0,1.0,0.0014960975601770877],[0.0,0.0,0.0,1.0]]"
125,CP-R_TEST_01_Q06-W-30MM-POS-O3D,R_TEST_01,Rich,R_TEST_01_Q06,open3d,weak,lambda_min,0.9841055041167887,-0.09567276347719332,-0.14960975601770876,1,0.03,0.02952316512350366,-0.0028701829043157995,-0.004488292680531263,"[[1.0,0.0,0.0,0.02952316512350366],[0.0,1.0,0.0,-0.0028701829043157995],[0.0,0.0,1.0,-0.004488292680531263],[0.0,0.0,0.0,1.0]]","[[1.0,0.0,0.0,0.0],[0.0,1.0,0.0,0.0],[0.0,0.0,1.0,0.0],[0.0,0.0,0.0,1.0]]","[[1.0,0.0,0.0,0.02952316512350366],[0.0,1.0,0.0,-0.0028701829043157995],[0.0,0.0,1.0,-0.004488292680531263],[0.0,0.0,0.0,1.0]]"
126,CP-R_TEST_01_Q06-W-30MM-POS-PCL,R_TEST_01,Rich,R_TEST_01_Q06,pcl,weak,lambda_min,0.9841055041167887,-0.09567276347719332,-0.14960975601770876,1,0.03,0.02952316512350366,-0.0028701829043157995,-0.004488292680531263,"[[1.0,0.0,0.0,0.02952316512350366],[0.0,1.0,0.0,-0.0028701829043157995],[0.0,0.0,1.0,-0.004488292680531263],[0.0,0.0,0.0,1.0]]","[[1.0,0.0,0.0,0.0],[0.0,1.0,0.0,0.0],[0.0,0.0,1.0,0.0],[0.0,0.0,0.0,1.0]]","[[1.0,0.0,0.0,0.02952316512350366],[0.0,1.0,0.0,-0.0028701829043157995],[0.0,0.0,1.0,-0.004488292680531263],[0.0,0.0,0.0,1.0]]"
127,CP-R_TEST_01_Q06-W-30MM-NEG-O3D,R_TEST_01,Rich,R_TEST_01_Q06,open3d,weak,lambda_min,0.9841055041167887,-0.09567276347719332,-0.14960975601770876,-1,0.03,-0.02952316512350366,0.0028701829043157995,0.004488292680531263,"[[1.0,0.0,0.0,-0.02952316512350366],[0.0,1.0,0.0,0.0028701829043157995],[0.0,0.0,1.0,0.004488292680531263],[0.0,0.0,0.0,1.0]]","[[1.0,0.0,0.0,0.0],[0.0,1.0,0.0,0.0],[0.0,0.0,1.0,0.0],[0.0,0.0,0.0,1.0]]","[[1.0,0.0,0.0,-0.02952316512350366],[0.0,1.0,0.0,0.0028701829043157995],[0.0,0.0,1.0,0.004488292680531263],[0.0,0.0,0.0,1.0]]"
128,CP-R_TEST_01_Q06-W-30MM-NEG-PCL,R_TEST_01,Rich,R_TEST_01_Q06,pcl,weak,lambda_min,0.9841055041167887,-0.09567276347719332,-0.14960975601770876,-1,0.03,-0.02952316512350366,0.0028701829043157995,0.004488292680531263,"[[1.0,0.0,0.0,-0.02952316512350366],[0.0,1.0,0.0,0.0028701829043157995],[0.0,0.0,1.0,0.004488292680531263],[0.0,0.0,0.0,1.0]]","[[1.0,0.0,0.0,0.0],[0.0,1.0,0.0,0.0],[0.0,0.0,1.0,0.0],[0.0,0.0,0.0,1.0]]","[[1.0,0.0,0.0,-0.02952316512350366],[0.0,1.0,0.0,0.0028701829043157995],[0.0,0.0,1.0,0.004488292680531263],[0.0,0.0,0.0,1.0]]"
129,CP-R_TEST_01_Q06-W-50MM-POS-O3D,R_TEST_01,Rich,R_TEST_01_Q06,open3d,weak,lambda_min,0.9841055041167887,-0.09567276347719332,-0.14960975601770876,1,0.05,0.049205275205839435,-0.004783638173859666,-0.007480487800885439,"[[1.0,0.0,0.0,0.049205275205839435],[0.0,1.0,0.0,-0.004783638173859666],[0.0,0.0,1.0,-0.007480487800885439],[0.0,0.0,0.0,1.0]]","[[1.0,0.0,0.0,0.0],[0.0,1.0,0.0,0.0],[0.0,0.0,1.0,0.0],[0.0,0.0,0.0,1.0]]","[[1.0,0.0,0.0,0.049205275205839435],[0.0,1.0,0.0,-0.004783638173859666],[0.0,0.0,1.0,-0.007480487800885439],[0.0,0.0,0.0,1.0]]"
130,CP-R_TEST_01_Q06-W-50MM-POS-PCL,R_TEST_01,Rich,R_TEST_01_Q06,pcl,weak,lambda_min,0.9841055041167887,-0.09567276347719332,-0.14960975601770876,1,0.05,0.049205275205839435,-0.004783638173859666,-0.007480487800885439,"[[1.0,0.0,0.0,0.049205275205839435],[0.0,1.0,0.0,-0.004783638173859666],[0.0,0.0,1.0,-0.007480487800885439],[0.0,0.0,0.0,1.0]]","[[1.0,0.0,0.0,0.0],[0.0,1.0,0.0,0.0],[0.0,0.0,1.0,0.0],[0.0,0.0,0.0,1.0]]","[[1.0,0.0,0.0,0.049205275205839435],[0.0,1.0,0.0,-0.004783638173859666],[0.0,0.0,1.0,-0.007480487800885439],[0.0,0.0,0.0,1.0]]"
131,CP-R_TEST_01_Q06-W-50MM-NEG-O3D,R_TEST_01,Rich,R_TEST_01_Q06,open3d,weak,lambda_min,0.9841055041167887,-0.09567276347719332,-0.14960975601770876,-1,0.05,-0.049205275205839435,0.004783638173859666,0.007480487800885439,"[[1.0,0.0,0.0,-0.049205275205839435],[0.0,1.0,0.0,0.004783638173859666],[0.0,0.0,1.0,0.007480487800885439],[0.0,0.0,0.0,1.0]]","[[1.0,0.0,0.0,0.0],[0.0,1.0,0.0,0.0],[0.0,0.0,1.0,0.0],[0.0,0.0,0.0,1.0]]","[[1.0,0.0,0.0,-0.049205275205839435],[0.0,1.0,0.0,0.004783638173859666],[0.0,0.0,1.0,0.007480487800885439],[0.0,0.0,0.0,1.0]]"
132,CP-R_TEST_01_Q06-W-50MM-NEG-PCL,R_TEST_01,Rich,R_TEST_01_Q06,pcl,weak,lambda_min,0.9841055041167887,-0.09567276347719332,-0.14960975601770876,-1,0.05,-0.049205275205839435,0.004783638173859666,0.007480487800885439,"[[1.0,0.0,0.0,-0.049205275205839435],[0.0,1.0,0.0,0.004783638173859666],[0.0,0.0,1.0,0.007480487800885439],[0.0,0.0,0.0,1.0]]","[[1.0,0.0,0.0,0.0],[0.0,1.0,0.0,0.0],[0.0,0.0,1.0,0.0],[0.0,0.0,0.0,1.0]]","[[1.0,0.0,0.0,-0.049205275205839435],[0.0,1.0,0.0,0.004783638173859666],[0.0,0.0,1.0,0.007480487800885439],[0.0,0.0,0.0,1.0]]"
133,CP-R_TEST_01_Q06-S-10MM-POS-O3D,R_TEST_01,Rich,R_TEST_01_Q06,open3d,strong,lambda_max,0.08968958621128309,0.9948950517034413,-0.04625596416956401,1,0.01,0.0008968958621128309,0.009948950517034413,-0.0004625596416956401,"[[1.0,0.0,0.0,0.0008968958621128309],[0.0,1.0,0.0,0.009948950517034413],[0.0,0.0,1.0,-0.0004625596416956401],[0.0,0.0,0.0,1.0]]","[[1.0,0.0,0.0,0.0],[0.0,1.0,0.0,0.0],[0.0,0.0,1.0,0.0],[0.0,0.0,0.0,1.0]]","[[1.0,0.0,0.0,0.0008968958621128309],[0.0,1.0,0.0,0.009948950517034413],[0.0,0.0,1.0,-0.0004625596416956401],[0.0,0.0,0.0,1.0]]"
134,CP-R_TEST_01_Q06-S-10MM-POS-PCL,R_TEST_01,Rich,R_TEST_01_Q06,pcl,strong,lambda_max,0.08968958621128309,0.9948950517034413,-0.04625596416956401,1,0.01,0.0008968958621128309,0.009948950517034413,-0.0004625596416956401,"[[1.0,0.0,0.0,0.0008968958621128309],[0.0,1.0,0.0,0.009948950517034413],[0.0,0.0,1.0,-0.0004625596416956401],[0.0,0.0,0.0,1.0]]","[[1.0,0.0,0.0,0.0],[0.0,1.0,0.0,0.0],[0.0,0.0,1.0,0.0],[0.0,0.0,0.0,1.0]]","[[1.0,0.0,0.0,0.0008968958621128309],[0.0,1.0,0.0,0.009948950517034413],[0.0,0.0,1.0,-0.0004625596416956401],[0.0,0.0,0.0,1.0]]"
135,CP-R_TEST_01_Q06-S-10MM-NEG-O3D,R_TEST_01,Rich,R_TEST_01_Q06,open3d,strong,lambda_max,0.08968958621128309,0.9948950517034413,-0.04625596416956401,-1,0.01,-0.0008968958621128309,-0.009948950517034413,0.0004625596416956401,"[[1.0,0.0,0.0,-0.0008968958621128309],[0.0,1.0,0.0,-0.009948950517034413],[0.0,0.0,1.0,0.0004625596416956401],[0.0,0.0,0.0,1.0]]","[[1.0,0.0,0.0,0.0],[0.0,1.0,0.0,0.0],[0.0,0.0,1.0,0.0],[0.0,0.0,0.0,1.0]]","[[1.0,0.0,0.0,-0.0008968958621128309],[0.0,1.0,0.0,-0.009948950517034413],[0.0,0.0,1.0,0.0004625596416956401],[0.0,0.0,0.0,1.0]]"
136,CP-R_TEST_01_Q06-S-10MM-NEG-PCL,R_TEST_01,Rich,R_TEST_01_Q06,pcl,strong,lambda_max,0.08968958621128309,0.9948950517034413,-0.04625596416956401,-1,0.01,-0.0008968958621128309,-0.009948950517034413,0.0004625596416956401,"[[1.0,0.0,0.0,-0.0008968958621128309],[0.0,1.0,0.0,-0.009948950517034413],[0.0,0.0,1.0,0.0004625596416956401],[0.0,0.0,0.0,1.0]]","[[1.0,0.0,0.0,0.0],[0.0,1.0,0.0,0.0],[0.0,0.0,1.0,0.0],[0.0,0.0,0.0,1.0]]","[[1.0,0.0,0.0,-0.0008968958621128309],[0.0,1.0,0.0,-0.009948950517034413],[0.0,0.0,1.0,0.0004625596416956401],[0.0,0.0,0.0,1.0]]"
137,CP-R_TEST_01_Q06-S-30MM-POS-O3D,R_TEST_01,Rich,R_TEST_01_Q06,open3d,strong,lambda_max,0.08968958621128309,0.9948950517034413,-0.04625596416956401,1,0.03,0.0026906875863384927,0.029846851551103237,-0.0013876789250869203,"[[1.0,0.0,0.0,0.0026906875863384927],[0.0,1.0,0.0,0.029846851551103237],[0.0,0.0,1.0,-0.0013876789250869203],[0.0,0.0,0.0,1.0]]","[[1.0,0.0,0.0,0.0],[0.0,1.0,0.0,0.0],[0.0,0.0,1.0,0.0],[0.0,0.0,0.0,1.0]]","[[1.0,0.0,0.0,0.0026906875863384927],[0.0,1.0,0.0,0.029846851551103237],[0.0,0.0,1.0,-0.0013876789250869203],[0.0,0.0,0.0,1.0]]"
138,CP-R_TEST_01_Q06-S-30MM-POS-PCL,R_TEST_01,Rich,R_TEST_01_Q06,pcl,strong,lambda_max,0.08968958621128309,0.9948950517034413,-0.04625596416956401,1,0.03,0.0026906875863384927,0.029846851551103237,-0.0013876789250869203,"[[1.0,0.0,0.0,0.0026906875863384927],[0.0,1.0,0.0,0.029846851551103237],[0.0,0.0,1.0,-0.0013876789250869203],[0.0,0.0,0.0,1.0]]","[[1.0,0.0,0.0,0.0],[0.0,1.0,0.0,0.0],[0.0,0.0,1.0,0.0],[0.0,0.0,0.0,1.0]]","[[1.0,0.0,0.0,0.0026906875863384927],[0.0,1.0,0.0,0.029846851551103237],[0.0,0.0,1.0,-0.0013876789250869203],[0.0,0.0,0.0,1.0]]"
139,CP-R_TEST_01_Q06-S-30MM-NEG-O3D,R_TEST_01,Rich,R_TEST_01_Q06,open3d,strong,lambda_max,0.08968958621128309,0.9948950517034413,-0.04625596416956401,-1,0.03,-0.0026906875863384927,-0.029846851551103237,0.0013876789250869203,"[[1.0,0.0,0.0,-0.0026906875863384927],[0.0,1.0,0.0,-0.029846851551103237],[0.0,0.0,1.0,0.0013876789250869203],[0.0,0.0,0.0,1.0]]","[[1.0,0.0,0.0,0.0],[0.0,1.0,0.0,0.0],[0.0,0.0,1.0,0.0],[0.0,0.0,0.0,1.0]]","[[1.0,0.0,0.0,-0.0026906875863384927],[0.0,1.0,0.0,-0.029846851551103237],[0.0,0.0,1.0,0.0013876789250869203],[0.0,0.0,0.0,1.0]]"
140,CP-R_TEST_01_Q06-S-30MM-NEG-PCL,R_TEST_01,Rich,R_TEST_01_Q06,pcl,strong,lambda_max,0.08968958621128309,0.9948950517034413,-0.04625596416956401,-1,0.03,-0.0026906875863384927,-0.029846851551103237,0.0013876789250869203,"[[1.0,0.0,0.0,-0.0026906875863384927],[0.0,1.0,0.0,-0.029846851551103237],[0.0,0.0,1.0,0.0013876789250869203],[0.0,0.0,0.0,1.0]]","[[1.0,0.0,0.0,0.0],[0.0,1.0,0.0,0.0],[0.0,0.0,1.0,0.0],[0.0,0.0,0.0,1.0]]","[[1.0,0.0,0.0,-0.0026906875863384927],[0.0,1.0,0.0,-0.029846851551103237],[0.0,0.0,1.0,0.0013876789250869203],[0.0,0.0,0.0,1.0]]"
141,CP-R_TEST_01_Q06-S-50MM-POS-O3D,R_TEST_01,Rich,R_TEST_01_Q06,open3d,strong,lambda_max,0.08968958621128309,0.9948950517034413,-0.04625596416956401,1,0.05,0.004484479310564155,0.04974475258517207,-0.002312798208478201,"[[1.0,0.0,0.0,0.004484479310564155],[0.0,1.0,0.0,0.04974475258517207],[0.0,0.0,1.0,-0.002312798208478201],[0.0,0.0,0.0,1.0]]","[[1.0,0.0,0.0,0.0],[0.0,1.0,0.0,0.0],[0.0,0.0,1.0,0.0],[0.0,0.0,0.0,1.0]]","[[1.0,0.0,0.0,0.004484479310564155],[0.0,1.0,0.0,0.04974475258517207],[0.0,0.0,1.0,-0.002312798208478201],[0.0,0.0,0.0,1.0]]"
142,CP-R_TEST_01_Q06-S-50MM-POS-PCL,R_TEST_01,Rich,R_TEST_01_Q06,pcl,strong,lambda_max,0.08968958621128309,0.9948950517034413,-0.04625596416956401,1,0.05,0.004484479310564155,0.04974475258517207,-0.002312798208478201,"[[1.0,0.0,0.0,0.004484479310564155],[0.0,1.0,0.0,0.04974475258517207],[0.0,0.0,1.0,-0.002312798208478201],[0.0,0.0,0.0,1.0]]","[[1.0,0.0,0.0,0.0],[0.0,1.0,0.0,0.0],[0.0,0.0,1.0,0.0],[0.0,0.0,0.0,1.0]]","[[1.0,0.0,0.0,0.004484479310564155],[0.0,1.0,0.0,0.04974475258517207],[0.0,0.0,1.0,-0.002312798208478201],[0.0,0.0,0.0,1.0]]"
143,CP-R_TEST_01_Q06-S-50MM-NEG-O3D,R_TEST_01,Rich,R_TEST_01_Q06,open3d,strong,lambda_max,0.08968958621128309,0.9948950517034413,-0.04625596416956401,-1,0.05,-0.004484479310564155,-0.04974475258517207,0.002312798208478201,"[[1.0,0.0,0.0,-0.004484479310564155],[0.0,1.0,0.0,-0.04974475258517207],[0.0,0.0,1.0,0.002312798208478201],[0.0,0.0,0.0,1.0]]","[[1.0,0.0,0.0,0.0],[0.0,1.0,0.0,0.0],[0.0,0.0,1.0,0.0],[0.0,0.0,0.0,1.0]]","[[1.0,0.0,0.0,-0.004484479310564155],[0.0,1.0,0.0,-0.04974475258517207],[0.0,0.0,1.0,0.002312798208478201],[0.0,0.0,0.0,1.0]]"
144,CP-R_TEST_01_Q06-S-50MM-NEG-PCL,R_TEST_01,Rich,R_TEST_01_Q06,pcl,strong,lambda_max,0.08968958621128309,0.9948950517034413,-0.04625596416956401,-1,0.05,-0.004484479310564155,-0.04974475258517207,0.002312798208478201,"[[1.0,0.0,0.0,-0.004484479310564155],[0.0,1.0,0.0,-0.04974475258517207],[0.0,0.0,1.0,0.002312798208478201],[0.0,0.0,0.0,1.0]]","[[1.0,0.0,0.0,0.0],[0.0,1.0,0.0,0.0],[0.0,0.0,1.0,0.0],[0.0,0.0,0.0,1.0]]","[[1.0,0.0,0.0,-0.004484479310564155],[0.0,1.0,0.0,-0.04974475258517207],[0.0,0.0,1.0,0.002312798208478201],[0.0,0.0,0.0,1.0]]"
145,CP-R_TEST_01_Q07-W-10MM-POS-O3D,R_TEST_01,Rich,R_TEST_01_Q07,open3d,weak,lambda_min,0.9937885387369251,-0.10132452642347951,-0.04601826398490893,1,0.01,0.009937885387369252,-0.0010132452642347951,-0.0004601826398490893,"[[1.0,0.0,0.0,0.009937885387369252],[0.0,1.0,0.0,-0.0010132452642347951],[0.0,0.0,1.0,-0.0004601826398490893],[0.0,0.0,0.0,1.0]]","[[1.0,0.0,0.0,0.0],[0.0,1.0,0.0,0.0],[0.0,0.0,1.0,0.0],[0.0,0.0,0.0,1.0]]","[[1.0,0.0,0.0,0.009937885387369252],[0.0,1.0,0.0,-0.0010132452642347951],[0.0,0.0,1.0,-0.0004601826398490893],[0.0,0.0,0.0,1.0]]"
146,CP-R_TEST_01_Q07-W-10MM-POS-PCL,R_TEST_01,Rich,R_TEST_01_Q07,pcl,weak,lambda_min,0.9937885387369251,-0.10132452642347951,-0.04601826398490893,1,0.01,0.009937885387369252,-0.0010132452642347951,-0.0004601826398490893,"[[1.0,0.0,0.0,0.009937885387369252],[0.0,1.0,0.0,-0.0010132452642347951],[0.0,0.0,1.0,-0.0004601826398490893],[0.0,0.0,0.0,1.0]]","[[1.0,0.0,0.0,0.0],[0.0,1.0,0.0,0.0],[0.0,0.0,1.0,0.0],[0.0,0.0,0.0,1.0]]","[[1.0,0.0,0.0,0.009937885387369252],[0.0,1.0,0.0,-0.0010132452642347951],[0.0,0.0,1.0,-0.0004601826398490893],[0.0,0.0,0.0,1.0]]"
147,CP-R_TEST_01_Q07-W-10MM-NEG-O3D,R_TEST_01,Rich,R_TEST_01_Q07,open3d,weak,lambda_min,0.9937885387369251,-0.10132452642347951,-0.04601826398490893,-1,0.01,-0.009937885387369252,0.0010132452642347951,0.0004601826398490893,"[[1.0,0.0,0.0,-0.009937885387369252],[0.0,1.0,0.0,0.0010132452642347951],[0.0,0.0,1.0,0.0004601826398490893],[0.0,0.0,0.0,1.0]]","[[1.0,0.0,0.0,0.0],[0.0,1.0,0.0,0.0],[0.0,0.0,1.0,0.0],[0.0,0.0,0.0,1.0]]","[[1.0,0.0,0.0,-0.009937885387369252],[0.0,1.0,0.0,0.0010132452642347951],[0.0,0.0,1.0,0.0004601826398490893],[0.0,0.0,0.0,1.0]]"
148,CP-R_TEST_01_Q07-W-10MM-NEG-PCL,R_TEST_01,Rich,R_TEST_01_Q07,pcl,weak,lambda_min,0.9937885387369251,-0.10132452642347951,-0.04601826398490893,-1,0.01,-0.009937885387369252,0.0010132452642347951,0.0004601826398490893,"[[1.0,0.0,0.0,-0.009937885387369252],[0.0,1.0,0.0,0.0010132452642347951],[0.0,0.0,1.0,0.0004601826398490893],[0.0,0.0,0.0,1.0]]","[[1.0,0.0,0.0,0.0],[0.0,1.0,0.0,0.0],[0.0,0.0,1.0,0.0],[0.0,0.0,0.0,1.0]]","[[1.0,0.0,0.0,-0.009937885387369252],[0.0,1.0,0.0,0.0010132452642347951],[0.0,0.0,1.0,0.0004601826398490893],[0.0,0.0,0.0,1.0]]"
149,CP-R_TEST_01_Q07-W-30MM-POS-O3D,R_TEST_01,Rich,R_TEST_01_Q07,open3d,weak,lambda_min,0.9937885387369251,-0.10132452642347951,-0.04601826398490893,1,0.03,0.02981365616210775,-0.003039735792704385,-0.0013805479195472677,"[[1.0,0.0,0.0,0.02981365616210775],[0.0,1.0,0.0,-0.003039735792704385],[0.0,0.0,1.0,-0.0013805479195472677],[0.0,0.0,0.0,1.0]]","[[1.0,0.0,0.0,0.0],[0.0,1.0,0.0,0.0],[0.0,0.0,1.0,0.0],[0.0,0.0,0.0,1.0]]","[[1.0,0.0,0.0,0.02981365616210775],[0.0,1.0,0.0,-0.003039735792704385],[0.0,0.0,1.0,-0.0013805479195472677],[0.0,0.0,0.0,1.0]]"
150,CP-R_TEST_01_Q07-W-30MM-POS-PCL,R_TEST_01,Rich,R_TEST_01_Q07,pcl,weak,lambda_min,0.9937885387369251,-0.10132452642347951,-0.04601826398490893,1,0.03,0.02981365616210775,-0.003039735792704385,-0.0013805479195472677,"[[1.0,0.0,0.0,0.02981365616210775],[0.0,1.0,0.0,-0.003039735792704385],[0.0,0.0,1.0,-0.0013805479195472677],[0.0,0.0,0.0,1.0]]","[[1.0,0.0,0.0,0.0],[0.0,1.0,0.0,0.0],[0.0,0.0,1.0,0.0],[0.0,0.0,0.0,1.0]]","[[1.0,0.0,0.0,0.02981365616210775],[0.0,1.0,0.0,-0.003039735792704385],[0.0,0.0,1.0,-0.0013805479195472677],[0.0,0.0,0.0,1.0]]"
151,CP-R_TEST_01_Q07-W-30MM-NEG-O3D,R_TEST_01,Rich,R_TEST_01_Q07,open3d,weak,lambda_min,0.9937885387369251,-0.10132452642347951,-0.04601826398490893,-1,0.03,-0.02981365616210775,0.003039735792704385,0.0013805479195472677,"[[1.0,0.0,0.0,-0.02981365616210775],[0.0,1.0,0.0,0.003039735792704385],[0.0,0.0,1.0,0.0013805479195472677],[0.0,0.0,0.0,1.0]]","[[1.0,0.0,0.0,0.0],[0.0,1.0,0.0,0.0],[0.0,0.0,1.0,0.0],[0.0,0.0,0.0,1.0]]","[[1.0,0.0,0.0,-0.02981365616210775],[0.0,1.0,0.0,0.003039735792704385],[0.0,0.0,1.0,0.0013805479195472677],[0.0,0.0,0.0,1.0]]"
152,CP-R_TEST_01_Q07-W-30MM-NEG-PCL,R_TEST_01,Rich,R_TEST_01_Q07,pcl,weak,lambda_min,0.9937885387369251,-0.10132452642347951,-0.04601826398490893,-1,0.03,-0.02981365616210775,0.003039735792704385,0.0013805479195472677,"[[1.0,0.0,0.0,-0.02981365616210775],[0.0,1.0,0.0,0.003039735792704385],[0.0,0.0,1.0,0.0013805479195472677],[0.0,0.0,0.0,1.0]]","[[1.0,0.0,0.0,0.0],[0.0,1.0,0.0,0.0],[0.0,0.0,1.0,0.0],[0.0,0.0,0.0,1.0]]","[[1.0,0.0,0.0,-0.02981365616210775],[0.0,1.0,0.0,0.003039735792704385],[0.0,0.0,1.0,0.0013805479195472677],[0.0,0.0,0.0,1.0]]"
153,CP-R_TEST_01_Q07-W-50MM-POS-O3D,R_TEST_01,Rich,R_TEST_01_Q07,open3d,weak,lambda_min,0.9937885387369251,-0.10132452642347951,-0.04601826398490893,1,0.05,0.049689426936846255,-0.005066226321173976,-0.0023009131992454464,"[[1.0,0.0,0.0,0.049689426936846255],[0.0,1.0,0.0,-0.005066226321173976],[0.0,0.0,1.0,-0.0023009131992454464],[0.0,0.0,0.0,1.0]]","[[1.0,0.0,0.0,0.0],[0.0,1.0,0.0,0.0],[0.0,0.0,1.0,0.0],[0.0,0.0,0.0,1.0]]","[[1.0,0.0,0.0,0.049689426936846255],[0.0,1.0,0.0,-0.005066226321173976],[0.0,0.0,1.0,-0.0023009131992454464],[0.0,0.0,0.0,1.0]]"
154,CP-R_TEST_01_Q07-W-50MM-POS-PCL,R_TEST_01,Rich,R_TEST_01_Q07,pcl,weak,lambda_min,0.9937885387369251,-0.10132452642347951,-0.04601826398490893,1,0.05,0.049689426936846255,-0.005066226321173976,-0.0023009131992454464,"[[1.0,0.0,0.0,0.049689426936846255],[0.0,1.0,0.0,-0.005066226321173976],[0.0,0.0,1.0,-0.0023009131992454464],[0.0,0.0,0.0,1.0]]","[[1.0,0.0,0.0,0.0],[0.0,1.0,0.0,0.0],[0.0,0.0,1.0,0.0],[0.0,0.0,0.0,1.0]]","[[1.0,0.0,0.0,0.049689426936846255],[0.0,1.0,0.0,-0.005066226321173976],[0.0,0.0,1.0,-0.0023009131992454464],[0.0,0.0,0.0,1.0]]"
155,CP-R_TEST_01_Q07-W-50MM-NEG-O3D,R_TEST_01,Rich,R_TEST_01_Q07,open3d,weak,lambda_min,0.9937885387369251,-0.10132452642347951,-0.04601826398490893,-1,0.05,-0.049689426936846255,0.005066226321173976,0.0023009131992454464,"[[1.0,0.0,0.0,-0.049689426936846255],[0.0,1.0,0.0,0.005066226321173976],[0.0,0.0,1.0,0.0023009131992454464],[0.0,0.0,0.0,1.0]]","[[1.0,0.0,0.0,0.0],[0.0,1.0,0.0,0.0],[0.0,0.0,1.0,0.0],[0.0,0.0,0.0,1.0]]","[[1.0,0.0,0.0,-0.049689426936846255],[0.0,1.0,0.0,0.005066226321173976],[0.0,0.0,1.0,0.0023009131992454464],[0.0,0.0,0.0,1.0]]"
156,CP-R_TEST_01_Q07-W-50MM-NEG-PCL,R_TEST_01,Rich,R_TEST_01_Q07,pcl,weak,lambda_min,0.9937885387369251,-0.10132452642347951,-0.04601826398490893,-1,0.05,-0.049689426936846255,0.005066226321173976,0.0023009131992454464,"[[1.0,0.0,0.0,-0.049689426936846255],[0.0,1.0,0.0,0.005066226321173976],[0.0,0.0,1.0,0.0023009131992454464],[0.0,0.0,0.0,1.0]]","[[1.0,0.0,0.0,0.0],[0.0,1.0,0.0,0.0],[0.0,0.0,1.0,0.0],[0.0,0.0,0.0,1.0]]","[[1.0,0.0,0.0,-0.049689426936846255],[0.0,1.0,0.0,0.005066226321173976],[0.0,0.0,1.0,0.0023009131992454464],[0.0,0.0,0.0,1.0]]"
157,CP-R_TEST_01_Q07-S-10MM-POS-O3D,R_TEST_01,Rich,R_TEST_01_Q07,open3d,strong,lambda_max,0.09881895080197699,0.9936498213611795,-0.053803786774653334,1,0.01,0.0009881895080197701,0.009936498213611797,-0.0005380378677465334,"[[1.0,0.0,0.0,0.0009881895080197701],[0.0,1.0,0.0,0.009936498213611797],[0.0,0.0,1.0,-0.0005380378677465334],[0.0,0.0,0.0,1.0]]","[[1.0,0.0,0.0,0.0],[0.0,1.0,0.0,0.0],[0.0,0.0,1.0,0.0],[0.0,0.0,0.0,1.0]]","[[1.0,0.0,0.0,0.0009881895080197701],[0.0,1.0,0.0,0.009936498213611797],[0.0,0.0,1.0,-0.0005380378677465334],[0.0,0.0,0.0,1.0]]"
158,CP-R_TEST_01_Q07-S-10MM-POS-PCL,R_TEST_01,Rich,R_TEST_01_Q07,pcl,strong,lambda_max,0.09881895080197699,0.9936498213611795,-0.053803786774653334,1,0.01,0.0009881895080197701,0.009936498213611797,-0.0005380378677465334,"[[1.0,0.0,0.0,0.0009881895080197701],[0.0,1.0,0.0,0.009936498213611797],[0.0,0.0,1.0,-0.0005380378677465334],[0.0,0.0,0.0,1.0]]","[[1.0,0.0,0.0,0.0],[0.0,1.0,0.0,0.0],[0.0,0.0,1.0,0.0],[0.0,0.0,0.0,1.0]]","[[1.0,0.0,0.0,0.0009881895080197701],[0.0,1.0,0.0,0.009936498213611797],[0.0,0.0,1.0,-0.0005380378677465334],[0.0,0.0,0.0,1.0]]"
159,CP-R_TEST_01_Q07-S-10MM-NEG-O3D,R_TEST_01,Rich,R_TEST_01_Q07,open3d,strong,lambda_max,0.09881895080197699,0.9936498213611795,-0.053803786774653334,-1,0.01,-0.0009881895080197701,-0.009936498213611797,0.0005380378677465334,"[[1.0,0.0,0.0,-0.0009881895080197701],[0.0,1.0,0.0,-0.009936498213611797],[0.0,0.0,1.0,0.0005380378677465334],[0.0,0.0,0.0,1.0]]","[[1.0,0.0,0.0,0.0],[0.0,1.0,0.0,0.0],[0.0,0.0,1.0,0.0],[0.0,0.0,0.0,1.0]]","[[1.0,0.0,0.0,-0.0009881895080197701],[0.0,1.0,0.0,-0.009936498213611797],[0.0,0.0,1.0,0.0005380378677465334],[0.0,0.0,0.0,1.0]]"
160,CP-R_TEST_01_Q07-S-10MM-NEG-PCL,R_TEST_01,Rich,R_TEST_01_Q07,pcl,strong,lambda_max,0.09881895080197699,0.9936498213611795,-0.053803786774653334,-1,0.01,-0.0009881895080197701,-0.009936498213611797,0.0005380378677465334,"[[1.0,0.0,0.0,-0.0009881895080197701],[0.0,1.0,0.0,-0.009936498213611797],[0.0,0.0,1.0,0.0005380378677465334],[0.0,0.0,0.0,1.0]]","[[1.0,0.0,0.0,0.0],[0.0,1.0,0.0,0.0],[0.0,0.0,1.0,0.0],[0.0,0.0,0.0,1.0]]","[[1.0,0.0,0.0,-0.0009881895080197701],[0.0,1.0,0.0,-0.009936498213611797],[0.0,0.0,1.0,0.0005380378677465334],[0.0,0.0,0.0,1.0]]"
161,CP-R_TEST_01_Q07-S-30MM-POS-O3D,R_TEST_01,Rich,R_TEST_01_Q07,open3d,strong,lambda_max,0.09881895080197699,0.9936498213611795,-0.053803786774653334,1,0.03,0.0029645685240593097,0.029809494640835387,-0.0016141136032396001,"[[1.0,0.0,0.0,0.0029645685240593097],[0.0,1.0,0.0,0.029809494640835387],[0.0,0.0,1.0,-0.0016141136032396001],[0.0,0.0,0.0,1.0]]","[[1.0,0.0,0.0,0.0],[0.0,1.0,0.0,0.0],[0.0,0.0,1.0,0.0],[0.0,0.0,0.0,1.0]]","[[1.0,0.0,0.0,0.0029645685240593097],[0.0,1.0,0.0,0.029809494640835387],[0.0,0.0,1.0,-0.0016141136032396001],[0.0,0.0,0.0,1.0]]"
162,CP-R_TEST_01_Q07-S-30MM-POS-PCL,R_TEST_01,Rich,R_TEST_01_Q07,pcl,strong,lambda_max,0.09881895080197699,0.9936498213611795,-0.053803786774653334,1,0.03,0.0029645685240593097,0.029809494640835387,-0.0016141136032396001,"[[1.0,0.0,0.0,0.0029645685240593097],[0.0,1.0,0.0,0.029809494640835387],[0.0,0.0,1.0,-0.0016141136032396001],[0.0,0.0,0.0,1.0]]","[[1.0,0.0,0.0,0.0],[0.0,1.0,0.0,0.0],[0.0,0.0,1.0,0.0],[0.0,0.0,0.0,1.0]]","[[1.0,0.0,0.0,0.0029645685240593097],[0.0,1.0,0.0,0.029809494640835387],[0.0,0.0,1.0,-0.0016141136032396001],[0.0,0.0,0.0,1.0]]"
163,CP-R_TEST_01_Q07-S-30MM-NEG-O3D,R_TEST_01,Rich,R_TEST_01_Q07,open3d,strong,lambda_max,0.09881895080197699,0.9936498213611795,-0.053803786774653334,-1,0.03,-0.0029645685240593097,-0.029809494640835387,0.0016141136032396001,"[[1.0,0.0,0.0,-0.0029645685240593097],[0.0,1.0,0.0,-0.029809494640835387],[0.0,0.0,1.0,0.0016141136032396001],[0.0,0.0,0.0,1.0]]","[[1.0,0.0,0.0,0.0],[0.0,1.0,0.0,0.0],[0.0,0.0,1.0,0.0],[0.0,0.0,0.0,1.0]]","[[1.0,0.0,0.0,-0.0029645685240593097],[0.0,1.0,0.0,-0.029809494640835387],[0.0,0.0,1.0,0.0016141136032396001],[0.0,0.0,0.0,1.0]]"
164,CP-R_TEST_01_Q07-S-30MM-NEG-PCL,R_TEST_01,Rich,R_TEST_01_Q07,pcl,strong,lambda_max,0.09881895080197699,0.9936498213611795,-0.053803786774653334,-1,0.03,-0.0029645685240593097,-0.029809494640835387,0.0016141136032396001,"[[1.0,0.0,0.0,-0.0029645685240593097],[0.0,1.0,0.0,-0.029809494640835387],[0.0,0.0,1.0,0.0016141136032396001],[0.0,0.0,0.0,1.0]]","[[1.0,0.0,0.0,0.0],[0.0,1.0,0.0,0.0],[0.0,0.0,1.0,0.0],[0.0,0.0,0.0,1.0]]","[[1.0,0.0,0.0,-0.0029645685240593097],[0.0,1.0,0.0,-0.029809494640835387],[0.0,0.0,1.0,0.0016141136032396001],[0.0,0.0,0.0,1.0]]"
165,CP-R_TEST_01_Q07-S-50MM-POS-O3D,R_TEST_01,Rich,R_TEST_01_Q07,open3d,strong,lambda_max,0.09881895080197699,0.9936498213611795,-0.053803786774653334,1,0.05,0.00494094754009885,0.049682491068058984,-0.0026901893387326673,"[[1.0,0.0,0.0,0.00494094754009885],[0.0,1.0,0.0,0.049682491068058984],[0.0,0.0,1.0,-0.0026901893387326673],[0.0,0.0,0.0,1.0]]","[[1.0,0.0,0.0,0.0],[0.0,1.0,0.0,0.0],[0.0,0.0,1.0,0.0],[0.0,0.0,0.0,1.0]]","[[1.0,0.0,0.0,0.00494094754009885],[0.0,1.0,0.0,0.049682491068058984],[0.0,0.0,1.0,-0.0026901893387326673],[0.0,0.0,0.0,1.0]]"
166,CP-R_TEST_01_Q07-S-50MM-POS-PCL,R_TEST_01,Rich,R_TEST_01_Q07,pcl,strong,lambda_max,0.09881895080197699,0.9936498213611795,-0.053803786774653334,1,0.05,0.00494094754009885,0.049682491068058984,-0.0026901893387326673,"[[1.0,0.0,0.0,0.00494094754009885],[0.0,1.0,0.0,0.049682491068058984],[0.0,0.0,1.0,-0.0026901893387326673],[0.0,0.0,0.0,1.0]]","[[1.0,0.0,0.0,0.0],[0.0,1.0,0.0,0.0],[0.0,0.0,1.0,0.0],[0.0,0.0,0.0,1.0]]","[[1.0,0.0,0.0,0.00494094754009885],[0.0,1.0,0.0,0.049682491068058984],[0.0,0.0,1.0,-0.0026901893387326673],[0.0,0.0,0.0,1.0]]"
167,CP-R_TEST_01_Q07-S-50MM-NEG-O3D,R_TEST_01,Rich,R_TEST_01_Q07,open3d,strong,lambda_max,0.09881895080197699,0.9936498213611795,-0.053803786774653334,-1,0.05,-0.00494094754009885,-0.049682491068058984,0.0026901893387326673,"[[1.0,0.0,0.0,-0.00494094754009885],[0.0,1.0,0.0,-0.049682491068058984],[0.0,0.0,1.0,0.0026901893387326673],[0.0,0.0,0.0,1.0]]","[[1.0,0.0,0.0,0.0],[0.0,1.0,0.0,0.0],[0.0,0.0,1.0,0.0],[0.0,0.0,0.0,1.0]]","[[1.0,0.0,0.0,-0.00494094754009885],[0.0,1.0,0.0,-0.049682491068058984],[0.0,0.0,1.0,0.0026901893387326673],[0.0,0.0,0.0,1.0]]"
168,CP-R_TEST_01_Q07-S-50MM-NEG-PCL,R_TEST_01,Rich,R_TEST_01_Q07,pcl,strong,lambda_max,0.09881895080197699,0.9936498213611795,-0.053803786774653334,-1,0.05,-0.00494094754009885,-0.049682491068058984,0.0026901893387326673,"[[1.0,0.0,0.0,-0.00494094754009885],[0.0,1.0,0.0,-0.049682491068058984],[0.0,0.0,1.0,0.0026901893387326673],[0.0,0.0,0.0,1.0]]","[[1.0,0.0,0.0,0.0],[0.0,1.0,0.0,0.0],[0.0,0.0,1.0,0.0],[0.0,0.0,0.0,1.0]]","[[1.0,0.0,0.0,-0.00494094754009885],[0.0,1.0,0.0,-0.049682491068058984],[0.0,0.0,1.0,0.0026901893387326673],[0.0,0.0,0.0,1.0]]"
169,CP-R_TEST_01_Q08-W-10MM-POS-O3D,R_TEST_01,Rich,R_TEST_01_Q08,open3d,weak,lambda_min,0.994263151840545,-0.09365520334831545,-0.05166708602090044,1,0.01,0.009942631518405451,-0.0009365520334831545,-0.0005166708602090044,"[[1.0,0.0,0.0,0.009942631518405451],[0.0,1.0,0.0,-0.0009365520334831545],[0.0,0.0,1.0,-0.0005166708602090044],[0.0,0.0,0.0,1.0]]","[[1.0,0.0,0.0,0.0],[0.0,1.0,0.0,0.0],[0.0,0.0,1.0,0.0],[0.0,0.0,0.0,1.0]]","[[1.0,0.0,0.0,0.009942631518405451],[0.0,1.0,0.0,-0.0009365520334831545],[0.0,0.0,1.0,-0.0005166708602090044],[0.0,0.0,0.0,1.0]]"
170,CP-R_TEST_01_Q08-W-10MM-POS-PCL,R_TEST_01,Rich,R_TEST_01_Q08,pcl,weak,lambda_min,0.994263151840545,-0.09365520334831545,-0.05166708602090044,1,0.01,0.009942631518405451,-0.0009365520334831545,-0.0005166708602090044,"[[1.0,0.0,0.0,0.009942631518405451],[0.0,1.0,0.0,-0.0009365520334831545],[0.0,0.0,1.0,-0.0005166708602090044],[0.0,0.0,0.0,1.0]]","[[1.0,0.0,0.0,0.0],[0.0,1.0,0.0,0.0],[0.0,0.0,1.0,0.0],[0.0,0.0,0.0,1.0]]","[[1.0,0.0,0.0,0.009942631518405451],[0.0,1.0,0.0,-0.0009365520334831545],[0.0,0.0,1.0,-0.0005166708602090044],[0.0,0.0,0.0,1.0]]"
171,CP-R_TEST_01_Q08-W-10MM-NEG-O3D,R_TEST_01,Rich,R_TEST_01_Q08,open3d,weak,lambda_min,0.994263151840545,-0.09365520334831545,-0.05166708602090044,-1,0.01,-0.009942631518405451,0.0009365520334831545,0.0005166708602090044,"[[1.0,0.0,0.0,-0.009942631518405451],[0.0,1.0,0.0,0.0009365520334831545],[0.0,0.0,1.0,0.0005166708602090044],[0.0,0.0,0.0,1.0]]","[[1.0,0.0,0.0,0.0],[0.0,1.0,0.0,0.0],[0.0,0.0,1.0,0.0],[0.0,0.0,0.0,1.0]]","[[1.0,0.0,0.0,-0.009942631518405451],[0.0,1.0,0.0,0.0009365520334831545],[0.0,0.0,1.0,0.0005166708602090044],[0.0,0.0,0.0,1.0]]"
172,CP-R_TEST_01_Q08-W-10MM-NEG-PCL,R_TEST_01,Rich,R_TEST_01_Q08,pcl,weak,lambda_min,0.994263151840545,-0.09365520334831545,-0.05166708602090044,-1,0.01,-0.009942631518405451,0.0009365520334831545,0.0005166708602090044,"[[1.0,0.0,0.0,-0.009942631518405451],[0.0,1.0,0.0,0.0009365520334831545],[0.0,0.0,1.0,0.0005166708602090044],[0.0,0.0,0.0,1.0]]","[[1.0,0.0,0.0,0.0],[0.0,1.0,0.0,0.0],[0.0,0.0,1.0,0.0],[0.0,0.0,0.0,1.0]]","[[1.0,0.0,0.0,-0.009942631518405451],[0.0,1.0,0.0,0.0009365520334831545],[0.0,0.0,1.0,0.0005166708602090044],[0.0,0.0,0.0,1.0]]"
173,CP-R_TEST_01_Q08-W-30MM-POS-O3D,R_TEST_01,Rich,R_TEST_01_Q08,open3d,weak,lambda_min,0.994263151840545,-0.09365520334831545,-0.05166708602090044,1,0.03,0.02982789455521635,-0.0028096561004494636,-0.0015500125806270132,"[[1.0,0.0,0.0,0.02982789455521635],[0.0,1.0,0.0,-0.0028096561004494636],[0.0,0.0,1.0,-0.0015500125806270132],[0.0,0.0,0.0,1.0]]","[[1.0,0.0,0.0,0.0],[0.0,1.0,0.0,0.0],[0.0,0.0,1.0,0.0],[0.0,0.0,0.0,1.0]]","[[1.0,0.0,0.0,0.02982789455521635],[0.0,1.0,0.0,-0.0028096561004494636],[0.0,0.0,1.0,-0.0015500125806270132],[0.0,0.0,0.0,1.0]]"
174,CP-R_TEST_01_Q08-W-30MM-POS-PCL,R_TEST_01,Rich,R_TEST_01_Q08,pcl,weak,lambda_min,0.994263151840545,-0.09365520334831545,-0.05166708602090044,1,0.03,0.02982789455521635,-0.0028096561004494636,-0.0015500125806270132,"[[1.0,0.0,0.0,0.02982789455521635],[0.0,1.0,0.0,-0.0028096561004494636],[0.0,0.0,1.0,-0.0015500125806270132],[0.0,0.0,0.0,1.0]]","[[1.0,0.0,0.0,0.0],[0.0,1.0,0.0,0.0],[0.0,0.0,1.0,0.0],[0.0,0.0,0.0,1.0]]","[[1.0,0.0,0.0,0.02982789455521635],[0.0,1.0,0.0,-0.0028096561004494636],[0.0,0.0,1.0,-0.0015500125806270132],[0.0,0.0,0.0,1.0]]"
175,CP-R_TEST_01_Q08-W-30MM-NEG-O3D,R_TEST_01,Rich,R_TEST_01_Q08,open3d,weak,lambda_min,0.994263151840545,-0.09365520334831545,-0.05166708602090044,-1,0.03,-0.02982789455521635,0.0028096561004494636,0.0015500125806270132,"[[1.0,0.0,0.0,-0.02982789455521635],[0.0,1.0,0.0,0.0028096561004494636],[0.0,0.0,1.0,0.0015500125806270132],[0.0,0.0,0.0,1.0]]","[[1.0,0.0,0.0,0.0],[0.0,1.0,0.0,0.0],[0.0,0.0,1.0,0.0],[0.0,0.0,0.0,1.0]]","[[1.0,0.0,0.0,-0.02982789455521635],[0.0,1.0,0.0,0.0028096561004494636],[0.0,0.0,1.0,0.0015500125806270132],[0.0,0.0,0.0,1.0]]"
176,CP-R_TEST_01_Q08-W-30MM-NEG-PCL,R_TEST_01,Rich,R_TEST_01_Q08,pcl,weak,lambda_min,0.994263151840545,-0.09365520334831545,-0.05166708602090044,-1,0.03,-0.02982789455521635,0.0028096561004494636,0.0015500125806270132,"[[1.0,0.0,0.0,-0.02982789455521635],[0.0,1.0,0.0,0.0028096561004494636],[0.0,0.0,1.0,0.0015500125806270132],[0.0,0.0,0.0,1.0]]","[[1.0,0.0,0.0,0.0],[0.0,1.0,0.0,0.0],[0.0,0.0,1.0,0.0],[0.0,0.0,0.0,1.0]]","[[1.0,0.0,0.0,-0.02982789455521635],[0.0,1.0,0.0,0.0028096561004494636],[0.0,0.0,1.0,0.0015500125806270132],[0.0,0.0,0.0,1.0]]"
177,CP-R_TEST_01_Q08-W-50MM-POS-O3D,R_TEST_01,Rich,R_TEST_01_Q08,open3d,weak,lambda_min,0.994263151840545,-0.09365520334831545,-0.05166708602090044,1,0.05,0.049713157592027254,-0.0046827601674157724,-0.002583354301045022,"[[1.0,0.0,0.0,0.049713157592027254],[0.0,1.0,0.0,-0.0046827601674157724],[0.0,0.0,1.0,-0.002583354301045022],[0.0,0.0,0.0,1.0]]","[[1.0,0.0,0.0,0.0],[0.0,1.0,0.0,0.0],[0.0,0.0,1.0,0.0],[0.0,0.0,0.0,1.0]]","[[1.0,0.0,0.0,0.049713157592027254],[0.0,1.0,0.0,-0.0046827601674157724],[0.0,0.0,1.0,-0.002583354301045022],[0.0,0.0,0.0,1.0]]"
178,CP-R_TEST_01_Q08-W-50MM-POS-PCL,R_TEST_01,Rich,R_TEST_01_Q08,pcl,weak,lambda_min,0.994263151840545,-0.09365520334831545,-0.05166708602090044,1,0.05,0.049713157592027254,-0.0046827601674157724,-0.002583354301045022,"[[1.0,0.0,0.0,0.049713157592027254],[0.0,1.0,0.0,-0.0046827601674157724],[0.0,0.0,1.0,-0.002583354301045022],[0.0,0.0,0.0,1.0]]","[[1.0,0.0,0.0,0.0],[0.0,1.0,0.0,0.0],[0.0,0.0,1.0,0.0],[0.0,0.0,0.0,1.0]]","[[1.0,0.0,0.0,0.049713157592027254],[0.0,1.0,0.0,-0.0046827601674157724],[0.0,0.0,1.0,-0.002583354301045022],[0.0,0.0,0.0,1.0]]"
179,CP-R_TEST_01_Q08-W-50MM-NEG-O3D,R_TEST_01,Rich,R_TEST_01_Q08,open3d,weak,lambda_min,0.994263151840545,-0.09365520334831545,-0.05166708602090044,-1,0.05,-0.049713157592027254,0.0046827601674157724,0.002583354301045022,"[[1.0,0.0,0.0,-0.049713157592027254],[0.0,1.0,0.0,0.0046827601674157724],[0.0,0.0,1.0,0.002583354301045022],[0.0,0.0,0.0,1.0]]","[[1.0,0.0,0.0,0.0],[0.0,1.0,0.0,0.0],[0.0,0.0,1.0,0.0],[0.0,0.0,0.0,1.0]]","[[1.0,0.0,0.0,-0.049713157592027254],[0.0,1.0,0.0,0.0046827601674157724],[0.0,0.0,1.0,0.002583354301045022],[0.0,0.0,0.0,1.0]]"
180,CP-R_TEST_01_Q08-W-50MM-NEG-PCL,R_TEST_01,Rich,R_TEST_01_Q08,pcl,weak,lambda_min,0.994263151840545,-0.09365520334831545,-0.05166708602090044,-1,0.05,-0.049713157592027254,0.0046827601674157724,0.002583354301045022,"[[1.0,0.0,0.0,-0.049713157592027254],[0.0,1.0,0.0,0.0046827601674157724],[0.0,0.0,1.0,0.002583354301045022],[0.0,0.0,0.0,1.0]]","[[1.0,0.0,0.0,0.0],[0.0,1.0,0.0,0.0],[0.0,0.0,1.0,0.0],[0.0,0.0,0.0,1.0]]","[[1.0,0.0,0.0,-0.049713157592027254],[0.0,1.0,0.0,0.0046827601674157724],[0.0,0.0,1.0,0.002583354301045022],[0.0,0.0,0.0,1.0]]"
181,CP-R_TEST_01_Q08-S-10MM-POS-O3D,R_TEST_01,Rich,R_TEST_01_Q08,open3d,strong,lambda_max,0.0909424492444678,0.9944674397926769,-0.05257358764261717,1,0.01,0.0009094244924446781,0.00994467439792677,-0.0005257358764261717,"[[1.0,0.0,0.0,0.0009094244924446781],[0.0,1.0,0.0,0.00994467439792677],[0.0,0.0,1.0,-0.0005257358764261717],[0.0,0.0,0.0,1.0]]","[[1.0,0.0,0.0,0.0],[0.0,1.0,0.0,0.0],[0.0,0.0,1.0,0.0],[0.0,0.0,0.0,1.0]]","[[1.0,0.0,0.0,0.0009094244924446781],[0.0,1.0,0.0,0.00994467439792677],[0.0,0.0,1.0,-0.0005257358764261717],[0.0,0.0,0.0,1.0]]"
182,CP-R_TEST_01_Q08-S-10MM-POS-PCL,R_TEST_01,Rich,R_TEST_01_Q08,pcl,strong,lambda_max,0.0909424492444678,0.9944674397926769,-0.05257358764261717,1,0.01,0.0009094244924446781,0.00994467439792677,-0.0005257358764261717,"[[1.0,0.0,0.0,0.0009094244924446781],[0.0,1.0,0.0,0.00994467439792677],[0.0,0.0,1.0,-0.0005257358764261717],[0.0,0.0,0.0,1.0]]","[[1.0,0.0,0.0,0.0],[0.0,1.0,0.0,0.0],[0.0,0.0,1.0,0.0],[0.0,0.0,0.0,1.0]]","[[1.0,0.0,0.0,0.0009094244924446781],[0.0,1.0,0.0,0.00994467439792677],[0.0,0.0,1.0,-0.0005257358764261717],[0.0,0.0,0.0,1.0]]"
183,CP-R_TEST_01_Q08-S-10MM-NEG-O3D,R_TEST_01,Rich,R_TEST_01_Q08,open3d,strong,lambda_max,0.0909424492444678,0.9944674397926769,-0.05257358764261717,-1,0.01,-0.0009094244924446781,-0.00994467439792677,0.0005257358764261717,"[[1.0,0.0,0.0,-0.0009094244924446781],[0.0,1.0,0.0,-0.00994467439792677],[0.0,0.0,1.0,0.0005257358764261717],[0.0,0.0,0.0,1.0]]","[[1.0,0.0,0.0,0.0],[0.0,1.0,0.0,0.0],[0.0,0.0,1.0,0.0],[0.0,0.0,0.0,1.0]]","[[1.0,0.0,0.0,-0.0009094244924446781],[0.0,1.0,0.0,-0.00994467439792677],[0.0,0.0,1.0,0.0005257358764261717],[0.0,0.0,0.0,1.0]]"
184,CP-R_TEST_01_Q08-S-10MM-NEG-PCL,R_TEST_01,Rich,R_TEST_01_Q08,pcl,strong,lambda_max,0.0909424492444678,0.9944674397926769,-0.05257358764261717,-1,0.01,-0.0009094244924446781,-0.00994467439792677,0.0005257358764261717,"[[1.0,0.0,0.0,-0.0009094244924446781],[0.0,1.0,0.0,-0.00994467439792677],[0.0,0.0,1.0,0.0005257358764261717],[0.0,0.0,0.0,1.0]]","[[1.0,0.0,0.0,0.0],[0.0,1.0,0.0,0.0],[0.0,0.0,1.0,0.0],[0.0,0.0,0.0,1.0]]","[[1.0,0.0,0.0,-0.0009094244924446781],[0.0,1.0,0.0,-0.00994467439792677],[0.0,0.0,1.0,0.0005257358764261717],[0.0,0.0,0.0,1.0]]"
185,CP-R_TEST_01_Q08-S-30MM-POS-O3D,R_TEST_01,Rich,R_TEST_01_Q08,open3d,strong,lambda_max,0.0909424492444678,0.9944674397926769,-0.05257358764261717,1,0.03,0.002728273477334034,0.029834023193780305,-0.001577207629278515,"[[1.0,0.0,0.0,0.002728273477334034],[0.0,1.0,0.0,0.029834023193780305],[0.0,0.0,1.0,-0.001577207629278515],[0.0,0.0,0.0,1.0]]","[[1.0,0.0,0.0,0.0],[0.0,1.0,0.0,0.0],[0.0,0.0,1.0,0.0],[0.0,0.0,0.0,1.0]]","[[1.0,0.0,0.0,0.002728273477334034],[0.0,1.0,0.0,0.029834023193780305],[0.0,0.0,1.0,-0.001577207629278515],[0.0,0.0,0.0,1.0]]"
186,CP-R_TEST_01_Q08-S-30MM-POS-PCL,R_TEST_01,Rich,R_TEST_01_Q08,pcl,strong,lambda_max,0.0909424492444678,0.9944674397926769,-0.05257358764261717,1,0.03,0.002728273477334034,0.029834023193780305,-0.001577207629278515,"[[1.0,0.0,0.0,0.002728273477334034],[0.0,1.0,0.0,0.029834023193780305],[0.0,0.0,1.0,-0.001577207629278515],[0.0,0.0,0.0,1.0]]","[[1.0,0.0,0.0,0.0],[0.0,1.0,0.0,0.0],[0.0,0.0,1.0,0.0],[0.0,0.0,0.0,1.0]]","[[1.0,0.0,0.0,0.002728273477334034],[0.0,1.0,0.0,0.029834023193780305],[0.0,0.0,1.0,-0.001577207629278515],[0.0,0.0,0.0,1.0]]"
187,CP-R_TEST_01_Q08-S-30MM-NEG-O3D,R_TEST_01,Rich,R_TEST_01_Q08,open3d,strong,lambda_max,0.0909424492444678,0.9944674397926769,-0.05257358764261717,-1,0.03,-0.002728273477334034,-0.029834023193780305,0.001577207629278515,"[[1.0,0.0,0.0,-0.002728273477334034],[0.0,1.0,0.0,-0.029834023193780305],[0.0,0.0,1.0,0.001577207629278515],[0.0,0.0,0.0,1.0]]","[[1.0,0.0,0.0,0.0],[0.0,1.0,0.0,0.0],[0.0,0.0,1.0,0.0],[0.0,0.0,0.0,1.0]]","[[1.0,0.0,0.0,-0.002728273477334034],[0.0,1.0,0.0,-0.029834023193780305],[0.0,0.0,1.0,0.001577207629278515],[0.0,0.0,0.0,1.0]]"
188,CP-R_TEST_01_Q08-S-30MM-NEG-PCL,R_TEST_01,Rich,R_TEST_01_Q08,pcl,strong,lambda_max,0.0909424492444678,0.9944674397926769,-0.05257358764261717,-1,0.03,-0.002728273477334034,-0.029834023193780305,0.001577207629278515,"[[1.0,0.0,0.0,-0.002728273477334034],[0.0,1.0,0.0,-0.029834023193780305],[0.0,0.0,1.0,0.001577207629278515],[0.0,0.0,0.0,1.0]]","[[1.0,0.0,0.0,0.0],[0.0,1.0,0.0,0.0],[0.0,0.0,1.0,0.0],[0.0,0.0,0.0,1.0]]","[[1.0,0.0,0.0,-0.002728273477334034],[0.0,1.0,0.0,-0.029834023193780305],[0.0,0.0,1.0,0.001577207629278515],[0.0,0.0,0.0,1.0]]"
189,CP-R_TEST_01_Q08-S-50MM-POS-O3D,R_TEST_01,Rich,R_TEST_01_Q08,open3d,strong,lambda_max,0.0909424492444678,0.9944674397926769,-0.05257358764261717,1,0.05,0.0045471224622233904,0.04972337198963385,-0.0026286793821308587,"[[1.0,0.0,0.0,0.0045471224622233904],[0.0,1.0,0.0,0.04972337198963385],[0.0,0.0,1.0,-0.0026286793821308587],[0.0,0.0,0.0,1.0]]","[[1.0,0.0,0.0,0.0],[0.0,1.0,0.0,0.0],[0.0,0.0,1.0,0.0],[0.0,0.0,0.0,1.0]]","[[1.0,0.0,0.0,0.0045471224622233904],[0.0,1.0,0.0,0.04972337198963385],[0.0,0.0,1.0,-0.0026286793821308587],[0.0,0.0,0.0,1.0]]"
190,CP-R_TEST_01_Q08-S-50MM-POS-PCL,R_TEST_01,Rich,R_TEST_01_Q08,pcl,strong,lambda_max,0.0909424492444678,0.9944674397926769,-0.05257358764261717,1,0.05,0.0045471224622233904,0.04972337198963385,-0.0026286793821308587,"[[1.0,0.0,0.0,0.0045471224622233904],[0.0,1.0,0.0,0.04972337198963385],[0.0,0.0,1.0,-0.0026286793821308587],[0.0,0.0,0.0,1.0]]","[[1.0,0.0,0.0,0.0],[0.0,1.0,0.0,0.0],[0.0,0.0,1.0,0.0],[0.0,0.0,0.0,1.0]]","[[1.0,0.0,0.0,0.0045471224622233904],[0.0,1.0,0.0,0.04972337198963385],[0.0,0.0,1.0,-0.0026286793821308587],[0.0,0.0,0.0,1.0]]"
191,CP-R_TEST_01_Q08-S-50MM-NEG-O3D,R_TEST_01,Rich,R_TEST_01_Q08,open3d,strong,lambda_max,0.0909424492444678,0.9944674397926769,-0.05257358764261717,-1,0.05,-0.0045471224622233904,-0.04972337198963385,0.0026286793821308587,"[[1.0,0.0,0.0,-0.0045471224622233904],[0.0,1.0,0.0,-0.04972337198963385],[0.0,0.0,1.0,0.0026286793821308587],[0.0,0.0,0.0,1.0]]","[[1.0,0.0,0.0,0.0],[0.0,1.0,0.0,0.0],[0.0,0.0,1.0,0.0],[0.0,0.0,0.0,1.0]]","[[1.0,0.0,0.0,-0.0045471224622233904],[0.0,1.0,0.0,-0.04972337198963385],[0.0,0.0,1.0,0.0026286793821308587],[0.0,0.0,0.0,1.0]]"
192,CP-R_TEST_01_Q08-S-50MM-NEG-PCL,R_TEST_01,Rich,R_TEST_01_Q08,pcl,strong,lambda_max,0.0909424492444678,0.9944674397926769,-0.05257358764261717,-1,0.05,-0.0045471224622233904,-0.04972337198963385,0.0026286793821308587,"[[1.0,0.0,0.0,-0.0045471224622233904],[0.0,1.0,0.0,-0.04972337198963385],[0.0,0.0,1.0,0.0026286793821308587],[0.0,0.0,0.0,1.0]]","[[1.0,0.0,0.0,0.0],[0.0,1.0,0.0,0.0],[0.0,0.0,1.0,0.0],[0.0,0.0,0.0,1.0]]","[[1.0,0.0,0.0,-0.0045471224622233904],[0.0,1.0,0.0,-0.04972337198963385],[0.0,0.0,1.0,0.0026286793821308587],[0.0,0.0,0.0,1.0]]"
193,CP-R_TEST_01_Q09-W-10MM-POS-O3D,R_TEST_01,Rich,R_TEST_01_Q09,open3d,weak,lambda_min,0.9936584968628489,-0.10509115100807805,-0.03998301629518571,1,0.01,0.00993658496862849,-0.0010509115100807804,-0.00039983016295185714,"[[1.0,0.0,0.0,0.00993658496862849],[0.0,1.0,0.0,-0.0010509115100807804],[0.0,0.0,1.0,-0.00039983016295185714],[0.0,0.0,0.0,1.0]]","[[1.0,0.0,0.0,0.0],[0.0,1.0,0.0,0.0],[0.0,0.0,1.0,0.0],[0.0,0.0,0.0,1.0]]","[[1.0,0.0,0.0,0.00993658496862849],[0.0,1.0,0.0,-0.0010509115100807804],[0.0,0.0,1.0,-0.00039983016295185714],[0.0,0.0,0.0,1.0]]"
194,CP-R_TEST_01_Q09-W-10MM-POS-PCL,R_TEST_01,Rich,R_TEST_01_Q09,pcl,weak,lambda_min,0.9936584968628489,-0.10509115100807805,-0.03998301629518571,1,0.01,0.00993658496862849,-0.0010509115100807804,-0.00039983016295185714,"[[1.0,0.0,0.0,0.00993658496862849],[0.0,1.0,0.0,-0.0010509115100807804],[0.0,0.0,1.0,-0.00039983016295185714],[0.0,0.0,0.0,1.0]]","[[1.0,0.0,0.0,0.0],[0.0,1.0,0.0,0.0],[0.0,0.0,1.0,0.0],[0.0,0.0,0.0,1.0]]","[[1.0,0.0,0.0,0.00993658496862849],[0.0,1.0,0.0,-0.0010509115100807804],[0.0,0.0,1.0,-0.00039983016295185714],[0.0,0.0,0.0,1.0]]"
195,CP-R_TEST_01_Q09-W-10MM-NEG-O3D,R_TEST_01,Rich,R_TEST_01_Q09,open3d,weak,lambda_min,0.9936584968628489,-0.10509115100807805,-0.03998301629518571,-1,0.01,-0.00993658496862849,0.0010509115100807804,0.00039983016295185714,"[[1.0,0.0,0.0,-0.00993658496862849],[0.0,1.0,0.0,0.0010509115100807804],[0.0,0.0,1.0,0.00039983016295185714],[0.0,0.0,0.0,1.0]]","[[1.0,0.0,0.0,0.0],[0.0,1.0,0.0,0.0],[0.0,0.0,1.0,0.0],[0.0,0.0,0.0,1.0]]","[[1.0,0.0,0.0,-0.00993658496862849],[0.0,1.0,0.0,0.0010509115100807804],[0.0,0.0,1.0,0.00039983016295185714],[0.0,0.0,0.0,1.0]]"
196,CP-R_TEST_01_Q09-W-10MM-NEG-PCL,R_TEST_01,Rich,R_TEST_01_Q09,pcl,weak,lambda_min,0.9936584968628489,-0.10509115100807805,-0.03998301629518571,-1,0.01,-0.00993658496862849,0.0010509115100807804,0.00039983016295185714,"[[1.0,0.0,0.0,-0.00993658496862849],[0.0,1.0,0.0,0.0010509115100807804],[0.0,0.0,1.0,0.00039983016295185714],[0.0,0.0,0.0,1.0]]","[[1.0,0.0,0.0,0.0],[0.0,1.0,0.0,0.0],[0.0,0.0,1.0,0.0],[0.0,0.0,0.0,1.0]]","[[1.0,0.0,0.0,-0.00993658496862849],[0.0,1.0,0.0,0.0010509115100807804],[0.0,0.0,1.0,0.00039983016295185714],[0.0,0.0,0.0,1.0]]"
197,CP-R_TEST_01_Q09-W-30MM-POS-O3D,R_TEST_01,Rich,R_TEST_01_Q09,open3d,weak,lambda_min,0.9936584968628489,-0.10509115100807805,-0.03998301629518571,1,0.03,0.029809754905885465,-0.0031527345302423413,-0.0011994904888555714,"[[1.0,0.0,0.0,0.029809754905885465],[0.0,1.0,0.0,-0.0031527345302423413],[0.0,0.0,1.0,-0.0011994904888555714],[0.0,0.0,0.0,1.0]]","[[1.0,0.0,0.0,0.0],[0.0,1.0,0.0,0.0],[0.0,0.0,1.0,0.0],[0.0,0.0,0.0,1.0]]","[[1.0,0.0,0.0,0.029809754905885465],[0.0,1.0,0.0,-0.0031527345302423413],[0.0,0.0,1.0,-0.0011994904888555714],[0.0,0.0,0.0,1.0]]"
198,CP-R_TEST_01_Q09-W-30MM-POS-PCL,R_TEST_01,Rich,R_TEST_01_Q09,pcl,weak,lambda_min,0.9936584968628489,-0.10509115100807805,-0.03998301629518571,1,0.03,0.029809754905885465,-0.0031527345302423413,-0.0011994904888555714,"[[1.0,0.0,0.0,0.029809754905885465],[0.0,1.0,0.0,-0.0031527345302423413],[0.0,0.0,1.0,-0.0011994904888555714],[0.0,0.0,0.0,1.0]]","[[1.0,0.0,0.0,0.0],[0.0,1.0,0.0,0.0],[0.0,0.0,1.0,0.0],[0.0,0.0,0.0,1.0]]","[[1.0,0.0,0.0,0.029809754905885465],[0.0,1.0,0.0,-0.0031527345302423413],[0.0,0.0,1.0,-0.0011994904888555714],[0.0,0.0,0.0,1.0]]"
199,CP-R_TEST_01_Q09-W-30MM-NEG-O3D,R_TEST_01,Rich,R_TEST_01_Q09,open3d,weak,lambda_min,0.9936584968628489,-0.10509115100807805,-0.03998301629518571,-1,0.03,-0.029809754905885465,0.0031527345302423413,0.0011994904888555714,"[[1.0,0.0,0.0,-0.029809754905885465],[0.0,1.0,0.0,0.0031527345302423413],[0.0,0.0,1.0,0.0011994904888555714],[0.0,0.0,0.0,1.0]]","[[1.0,0.0,0.0,0.0],[0.0,1.0,0.0,0.0],[0.0,0.0,1.0,0.0],[0.0,0.0,0.0,1.0]]","[[1.0,0.0,0.0,-0.029809754905885465],[0.0,1.0,0.0,0.0031527345302423413],[0.0,0.0,1.0,0.0011994904888555714],[0.0,0.0,0.0,1.0]]"
200,CP-R_TEST_01_Q09-W-30MM-NEG-PCL,R_TEST_01,Rich,R_TEST_01_Q09,pcl,weak,lambda_min,0.9936584968628489,-0.10509115100807805,-0.03998301629518571,-1,0.03,-0.029809754905885465,0.0031527345302423413,0.0011994904888555714,"[[1.0,0.0,0.0,-0.029809754905885465],[0.0,1.0,0.0,0.0031527345302423413],[0.0,0.0,1.0,0.0011994904888555714],[0.0,0.0,0.0,1.0]]","[[1.0,0.0,0.0,0.0],[0.0,1.0,0.0,0.0],[0.0,0.0,1.0,0.0],[0.0,0.0,0.0,1.0]]","[[1.0,0.0,0.0,-0.029809754905885465],[0.0,1.0,0.0,0.0031527345302423413],[0.0,0.0,1.0,0.0011994904888555714],[0.0,0.0,0.0,1.0]]"
201,CP-R_TEST_01_Q09-W-50MM-POS-O3D,R_TEST_01,Rich,R_TEST_01_Q09,open3d,weak,lambda_min,0.9936584968628489,-0.10509115100807805,-0.03998301629518571,1,0.05,0.04968292484314245,-0.005254557550403903,-0.0019991508147592855,"[[1.0,0.0,0.0,0.04968292484314245],[0.0,1.0,0.0,-0.005254557550403903],[0.0,0.0,1.0,-0.0019991508147592855],[0.0,0.0,0.0,1.0]]","[[1.0,0.0,0.0,0.0],[0.0,1.0,0.0,0.0],[0.0,0.0,1.0,0.0],[0.0,0.0,0.0,1.0]]","[[1.0,0.0,0.0,0.04968292484314245],[0.0,1.0,0.0,-0.005254557550403903],[0.0,0.0,1.0,-0.0019991508147592855],[0.0,0.0,0.0,1.0]]"
202,CP-R_TEST_01_Q09-W-50MM-POS-PCL,R_TEST_01,Rich,R_TEST_01_Q09,pcl,weak,lambda_min,0.9936584968628489,-0.10509115100807805,-0.03998301629518571,1,0.05,0.04968292484314245,-0.005254557550403903,-0.0019991508147592855,"[[1.0,0.0,0.0,0.04968292484314245],[0.0,1.0,0.0,-0.005254557550403903],[0.0,0.0,1.0,-0.0019991508147592855],[0.0,0.0,0.0,1.0]]","[[1.0,0.0,0.0,0.0],[0.0,1.0,0.0,0.0],[0.0,0.0,1.0,0.0],[0.0,0.0,0.0,1.0]]","[[1.0,0.0,0.0,0.04968292484314245],[0.0,1.0,0.0,-0.005254557550403903],[0.0,0.0,1.0,-0.0019991508147592855],[0.0,0.0,0.0,1.0]]"
203,CP-R_TEST_01_Q09-W-50MM-NEG-O3D,R_TEST_01,Rich,R_TEST_01_Q09,open3d,weak,lambda_min,0.9936584968628489,-0.10509115100807805,-0.03998301629518571,-1,0.05,-0.04968292484314245,0.005254557550403903,0.0019991508147592855,"[[1.0,0.0,0.0,-0.04968292484314245],[0.0,1.0,0.0,0.005254557550403903],[0.0,0.0,1.0,0.0019991508147592855],[0.0,0.0,0.0,1.0]]","[[1.0,0.0,0.0,0.0],[0.0,1.0,0.0,0.0],[0.0,0.0,1.0,0.0],[0.0,0.0,0.0,1.0]]","[[1.0,0.0,0.0,-0.04968292484314245],[0.0,1.0,0.0,0.005254557550403903],[0.0,0.0,1.0,0.0019991508147592855],[0.0,0.0,0.0,1.0]]"
204,CP-R_TEST_01_Q09-W-50MM-NEG-PCL,R_TEST_01,Rich,R_TEST_01_Q09,pcl,weak,lambda_min,0.9936584968628489,-0.10509115100807805,-0.03998301629518571,-1,0.05,-0.04968292484314245,0.005254557550403903,0.0019991508147592855,"[[1.0,0.0,0.0,-0.04968292484314245],[0.0,1.0,0.0,0.005254557550403903],[0.0,0.0,1.0,0.0019991508147592855],[0.0,0.0,0.0,1.0]]","[[1.0,0.0,0.0,0.0],[0.0,1.0,0.0,0.0],[0.0,0.0,1.0,0.0],[0.0,0.0,0.0,1.0]]","[[1.0,0.0,0.0,-0.04968292484314245],[0.0,1.0,0.0,0.005254557550403903],[0.0,0.0,1.0,0.0019991508147592855],[0.0,0.0,0.0,1.0]]"
205,CP-R_TEST_01_Q09-S-10MM-POS-O3D,R_TEST_01,Rich,R_TEST_01_Q09,open3d,strong,lambda_max,0.10385445695068313,0.9940824488703562,-0.03184865176729181,1,0.01,0.0010385445695068314,0.009940824488703563,-0.0003184865176729182,"[[1.0,0.0,0.0,0.0010385445695068314],[0.0,1.0,0.0,0.009940824488703563],[0.0,0.0,1.0,-0.0003184865176729182],[0.0,0.0,0.0,1.0]]","[[1.0,0.0,0.0,0.0],[0.0,1.0,0.0,0.0],[0.0,0.0,1.0,0.0],[0.0,0.0,0.0,1.0]]","[[1.0,0.0,0.0,0.0010385445695068314],[0.0,1.0,0.0,0.009940824488703563],[0.0,0.0,1.0,-0.0003184865176729182],[0.0,0.0,0.0,1.0]]"
206,CP-R_TEST_01_Q09-S-10MM-POS-PCL,R_TEST_01,Rich,R_TEST_01_Q09,pcl,strong,lambda_max,0.10385445695068313,0.9940824488703562,-0.03184865176729181,1,0.01,0.0010385445695068314,0.009940824488703563,-0.0003184865176729182,"[[1.0,0.0,0.0,0.0010385445695068314],[0.0,1.0,0.0,0.009940824488703563],[0.0,0.0,1.0,-0.0003184865176729182],[0.0,0.0,0.0,1.0]]","[[1.0,0.0,0.0,0.0],[0.0,1.0,0.0,0.0],[0.0,0.0,1.0,0.0],[0.0,0.0,0.0,1.0]]","[[1.0,0.0,0.0,0.0010385445695068314],[0.0,1.0,0.0,0.009940824488703563],[0.0,0.0,1.0,-0.0003184865176729182],[0.0,0.0,0.0,1.0]]"
207,CP-R_TEST_01_Q09-S-10MM-NEG-O3D,R_TEST_01,Rich,R_TEST_01_Q09,open3d,strong,lambda_max,0.10385445695068313,0.9940824488703562,-0.03184865176729181,-1,0.01,-0.0010385445695068314,-0.009940824488703563,0.0003184865176729182,"[[1.0,0.0,0.0,-0.0010385445695068314],[0.0,1.0,0.0,-0.009940824488703563],[0.0,0.0,1.0,0.0003184865176729182],[0.0,0.0,0.0,1.0]]","[[1.0,0.0,0.0,0.0],[0.0,1.0,0.0,0.0],[0.0,0.0,1.0,0.0],[0.0,0.0,0.0,1.0]]","[[1.0,0.0,0.0,-0.0010385445695068314],[0.0,1.0,0.0,-0.009940824488703563],[0.0,0.0,1.0,0.0003184865176729182],[0.0,0.0,0.0,1.0]]"
208,CP-R_TEST_01_Q09-S-10MM-NEG-PCL,R_TEST_01,Rich,R_TEST_01_Q09,pcl,strong,lambda_max,0.10385445695068313,0.9940824488703562,-0.03184865176729181,-1,0.01,-0.0010385445695068314,-0.009940824488703563,0.0003184865176729182,"[[1.0,0.0,0.0,-0.0010385445695068314],[0.0,1.0,0.0,-0.009940824488703563],[0.0,0.0,1.0,0.0003184865176729182],[0.0,0.0,0.0,1.0]]","[[1.0,0.0,0.0,0.0],[0.0,1.0,0.0,0.0],[0.0,0.0,1.0,0.0],[0.0,0.0,0.0,1.0]]","[[1.0,0.0,0.0,-0.0010385445695068314],[0.0,1.0,0.0,-0.009940824488703563],[0.0,0.0,1.0,0.0003184865176729182],[0.0,0.0,0.0,1.0]]"
209,CP-R_TEST_01_Q09-S-30MM-POS-O3D,R_TEST_01,Rich,R_TEST_01_Q09,open3d,strong,lambda_max,0.10385445695068313,0.9940824488703562,-0.03184865176729181,1,0.03,0.003115633708520494,0.02982247346611069,-0.0009554595530187546,"[[1.0,0.0,0.0,0.003115633708520494],[0.0,1.0,0.0,0.02982247346611069],[0.0,0.0,1.0,-0.0009554595530187546],[0.0,0.0,0.0,1.0]]","[[1.0,0.0,0.0,0.0],[0.0,1.0,0.0,0.0],[0.0,0.0,1.0,0.0],[0.0,0.0,0.0,1.0]]","[[1.0,0.0,0.0,0.003115633708520494],[0.0,1.0,0.0,0.02982247346611069],[0.0,0.0,1.0,-0.0009554595530187546],[0.0,0.0,0.0,1.0]]"
210,CP-R_TEST_01_Q09-S-30MM-POS-PCL,R_TEST_01,Rich,R_TEST_01_Q09,pcl,strong,lambda_max,0.10385445695068313,0.9940824488703562,-0.03184865176729181,1,0.03,0.003115633708520494,0.02982247346611069,-0.0009554595530187546,"[[1.0,0.0,0.0,0.003115633708520494],[0.0,1.0,0.0,0.02982247346611069],[0.0,0.0,1.0,-0.0009554595530187546],[0.0,0.0,0.0,1.0]]","[[1.0,0.0,0.0,0.0],[0.0,1.0,0.0,0.0],[0.0,0.0,1.0,0.0],[0.0,0.0,0.0,1.0]]","[[1.0,0.0,0.0,0.003115633708520494],[0.0,1.0,0.0,0.02982247346611069],[0.0,0.0,1.0,-0.0009554595530187546],[0.0,0.0,0.0,1.0]]"
211,CP-R_TEST_01_Q09-S-30MM-NEG-O3D,R_TEST_01,Rich,R_TEST_01_Q09,open3d,strong,lambda_max,0.10385445695068313,0.9940824488703562,-0.03184865176729181,-1,0.03,-0.003115633708520494,-0.02982247346611069,0.0009554595530187546,"[[1.0,0.0,0.0,-0.003115633708520494],[0.0,1.0,0.0,-0.02982247346611069],[0.0,0.0,1.0,0.0009554595530187546],[0.0,0.0,0.0,1.0]]","[[1.0,0.0,0.0,0.0],[0.0,1.0,0.0,0.0],[0.0,0.0,1.0,0.0],[0.0,0.0,0.0,1.0]]","[[1.0,0.0,0.0,-0.003115633708520494],[0.0,1.0,0.0,-0.02982247346611069],[0.0,0.0,1.0,0.0009554595530187546],[0.0,0.0,0.0,1.0]]"
212,CP-R_TEST_01_Q09-S-30MM-NEG-PCL,R_TEST_01,Rich,R_TEST_01_Q09,pcl,strong,lambda_max,0.10385445695068313,0.9940824488703562,-0.03184865176729181,-1,0.03,-0.003115633708520494,-0.02982247346611069,0.0009554595530187546,"[[1.0,0.0,0.0,-0.003115633708520494],[0.0,1.0,0.0,-0.02982247346611069],[0.0,0.0,1.0,0.0009554595530187546],[0.0,0.0,0.0,1.0]]","[[1.0,0.0,0.0,0.0],[0.0,1.0,0.0,0.0],[0.0,0.0,1.0,0.0],[0.0,0.0,0.0,1.0]]","[[1.0,0.0,0.0,-0.003115633708520494],[0.0,1.0,0.0,-0.02982247346611069],[0.0,0.0,1.0,0.0009554595530187546],[0.0,0.0,0.0,1.0]]"
213,CP-R_TEST_01_Q09-S-50MM-POS-O3D,R_TEST_01,Rich,R_TEST_01_Q09,open3d,strong,lambda_max,0.10385445695068313,0.9940824488703562,-0.03184865176729181,1,0.05,0.005192722847534158,0.04970412244351782,-0.001592432588364591,"[[1.0,0.0,0.0,0.005192722847534158],[0.0,1.0,0.0,0.04970412244351782],[0.0,0.0,1.0,-0.001592432588364591],[0.0,0.0,0.0,1.0]]","[[1.0,0.0,0.0,0.0],[0.0,1.0,0.0,0.0],[0.0,0.0,1.0,0.0],[0.0,0.0,0.0,1.0]]","[[1.0,0.0,0.0,0.005192722847534158],[0.0,1.0,0.0,0.04970412244351782],[0.0,0.0,1.0,-0.001592432588364591],[0.0,0.0,0.0,1.0]]"
214,CP-R_TEST_01_Q09-S-50MM-POS-PCL,R_TEST_01,Rich,R_TEST_01_Q09,pcl,strong,lambda_max,0.10385445695068313,0.9940824488703562,-0.03184865176729181,1,0.05,0.005192722847534158,0.04970412244351782,-0.001592432588364591,"[[1.0,0.0,0.0,0.005192722847534158],[0.0,1.0,0.0,0.04970412244351782],[0.0,0.0,1.0,-0.001592432588364591],[0.0,0.0,0.0,1.0]]","[[1.0,0.0,0.0,0.0],[0.0,1.0,0.0,0.0],[0.0,0.0,1.0,0.0],[0.0,0.0,0.0,1.0]]","[[1.0,0.0,0.0,0.005192722847534158],[0.0,1.0,0.0,0.04970412244351782],[0.0,0.0,1.0,-0.001592432588364591],[0.0,0.0,0.0,1.0]]"
215,CP-R_TEST_01_Q09-S-50MM-NEG-O3D,R_TEST_01,Rich,R_TEST_01_Q09,open3d,strong,lambda_max,0.10385445695068313,0.9940824488703562,-0.03184865176729181,-1,0.05,-0.005192722847534158,-0.04970412244351782,0.001592432588364591,"[[1.0,0.0,0.0,-0.005192722847534158],[0.0,1.0,0.0,-0.04970412244351782],[0.0,0.0,1.0,0.001592432588364591],[0.0,0.0,0.0,1.0]]","[[1.0,0.0,0.0,0.0],[0.0,1.0,0.0,0.0],[0.0,0.0,1.0,0.0],[0.0,0.0,0.0,1.0]]","[[1.0,0.0,0.0,-0.005192722847534158],[0.0,1.0,0.0,-0.04970412244351782],[0.0,0.0,1.0,0.001592432588364591],[0.0,0.0,0.0,1.0]]"
216,CP-R_TEST_01_Q09-S-50MM-NEG-PCL,R_TEST_01,Rich,R_TEST_01_Q09,pcl,strong,lambda_max,0.10385445695068313,0.9940824488703562,-0.03184865176729181,-1,0.05,-0.005192722847534158,-0.04970412244351782,0.001592432588364591,"[[1.0,0.0,0.0,-0.005192722847534158],[0.0,1.0,0.0,-0.04970412244351782],[0.0,0.0,1.0,0.001592432588364591],[0.0,0.0,0.0,1.0]]","[[1.0,0.0,0.0,0.0],[0.0,1.0,0.0,0.0],[0.0,0.0,1.0,0.0],[0.0,0.0,0.0,1.0]]","[[1.0,0.0,0.0,-0.005192722847534158],[0.0,1.0,0.0,-0.04970412244351782],[0.0,0.0,1.0,0.001592432588364591],[0.0,0.0,0.0,1.0]]"
217,CP-R_TEST_01_Q10-W-10MM-POS-O3D,R_TEST_01,Rich,R_TEST_01_Q10,open3d,weak,lambda_min,0.9827960601581015,-0.10422153983741858,-0.1524787682650628,1,0.01,0.009827960601581016,-0.0010422153983741858,-0.001524787682650628,"[[1.0,0.0,0.0,0.009827960601581016],[0.0,1.0,0.0,-0.0010422153983741858],[0.0,0.0,1.0,-0.001524787682650628],[0.0,0.0,0.0,1.0]]","[[1.0,0.0,0.0,0.0],[0.0,1.0,0.0,0.0],[0.0,0.0,1.0,0.0],[0.0,0.0,0.0,1.0]]","[[1.0,0.0,0.0,0.009827960601581016],[0.0,1.0,0.0,-0.0010422153983741858],[0.0,0.0,1.0,-0.001524787682650628],[0.0,0.0,0.0,1.0]]"
218,CP-R_TEST_01_Q10-W-10MM-POS-PCL,R_TEST_01,Rich,R_TEST_01_Q10,pcl,weak,lambda_min,0.9827960601581015,-0.10422153983741858,-0.1524787682650628,1,0.01,0.009827960601581016,-0.0010422153983741858,-0.001524787682650628,"[[1.0,0.0,0.0,0.009827960601581016],[0.0,1.0,0.0,-0.0010422153983741858],[0.0,0.0,1.0,-0.001524787682650628],[0.0,0.0,0.0,1.0]]","[[1.0,0.0,0.0,0.0],[0.0,1.0,0.0,0.0],[0.0,0.0,1.0,0.0],[0.0,0.0,0.0,1.0]]","[[1.0,0.0,0.0,0.009827960601581016],[0.0,1.0,0.0,-0.0010422153983741858],[0.0,0.0,1.0,-0.001524787682650628],[0.0,0.0,0.0,1.0]]"
219,CP-R_TEST_01_Q10-W-10MM-NEG-O3D,R_TEST_01,Rich,R_TEST_01_Q10,open3d,weak,lambda_min,0.9827960601581015,-0.10422153983741858,-0.1524787682650628,-1,0.01,-0.009827960601581016,0.0010422153983741858,0.001524787682650628,"[[1.0,0.0,0.0,-0.009827960601581016],[0.0,1.0,0.0,0.0010422153983741858],[0.0,0.0,1.0,0.001524787682650628],[0.0,0.0,0.0,1.0]]","[[1.0,0.0,0.0,0.0],[0.0,1.0,0.0,0.0],[0.0,0.0,1.0,0.0],[0.0,0.0,0.0,1.0]]","[[1.0,0.0,0.0,-0.009827960601581016],[0.0,1.0,0.0,0.0010422153983741858],[0.0,0.0,1.0,0.001524787682650628],[0.0,0.0,0.0,1.0]]"
220,CP-R_TEST_01_Q10-W-10MM-NEG-PCL,R_TEST_01,Rich,R_TEST_01_Q10,pcl,weak,lambda_min,0.9827960601581015,-0.10422153983741858,-0.1524787682650628,-1,0.01,-0.009827960601581016,0.0010422153983741858,0.001524787682650628,"[[1.0,0.0,0.0,-0.009827960601581016],[0.0,1.0,0.0,0.0010422153983741858],[0.0,0.0,1.0,0.001524787682650628],[0.0,0.0,0.0,1.0]]","[[1.0,0.0,0.0,0.0],[0.0,1.0,0.0,0.0],[0.0,0.0,1.0,0.0],[0.0,0.0,0.0,1.0]]","[[1.0,0.0,0.0,-0.009827960601581016],[0.0,1.0,0.0,0.0010422153983741858],[0.0,0.0,1.0,0.001524787682650628],[0.0,0.0,0.0,1.0]]"
221,CP-R_TEST_01_Q10-W-30MM-POS-O3D,R_TEST_01,Rich,R_TEST_01_Q10,open3d,weak,lambda_min,0.9827960601581015,-0.10422153983741858,-0.1524787682650628,1,0.03,0.029483881804743043,-0.0031266461951225573,-0.0045743630479518835,"[[1.0,0.0,0.0,0.029483881804743043],[0.0,1.0,0.0,-0.0031266461951225573],[0.0,0.0,1.0,-0.0045743630479518835],[0.0,0.0,0.0,1.0]]","[[1.0,0.0,0.0,0.0],[0.0,1.0,0.0,0.0],[0.0,0.0,1.0,0.0],[0.0,0.0,0.0,1.0]]","[[1.0,0.0,0.0,0.029483881804743043],[0.0,1.0,0.0,-0.0031266461951225573],[0.0,0.0,1.0,-0.0045743630479518835],[0.0,0.0,0.0,1.0]]"
222,CP-R_TEST_01_Q10-W-30MM-POS-PCL,R_TEST_01,Rich,R_TEST_01_Q10,pcl,weak,lambda_min,0.9827960601581015,-0.10422153983741858,-0.1524787682650628,1,0.03,0.029483881804743043,-0.0031266461951225573,-0.0045743630479518835,"[[1.0,0.0,0.0,0.029483881804743043],[0.0,1.0,0.0,-0.0031266461951225573],[0.0,0.0,1.0,-0.0045743630479518835],[0.0,0.0,0.0,1.0]]","[[1.0,0.0,0.0,0.0],[0.0,1.0,0.0,0.0],[0.0,0.0,1.0,0.0],[0.0,0.0,0.0,1.0]]","[[1.0,0.0,0.0,0.029483881804743043],[0.0,1.0,0.0,-0.0031266461951225573],[0.0,0.0,1.0,-0.0045743630479518835],[0.0,0.0,0.0,1.0]]"
223,CP-R_TEST_01_Q10-W-30MM-NEG-O3D,R_TEST_01,Rich,R_TEST_01_Q10,open3d,weak,lambda_min,0.9827960601581015,-0.10422153983741858,-0.1524787682650628,-1,0.03,-0.029483881804743043,0.0031266461951225573,0.0045743630479518835,"[[1.0,0.0,0.0,-0.029483881804743043],[0.0,1.0,0.0,0.0031266461951225573],[0.0,0.0,1.0,0.0045743630479518835],[0.0,0.0,0.0,1.0]]","[[1.0,0.0,0.0,0.0],[0.0,1.0,0.0,0.0],[0.0,0.0,1.0,0.0],[0.0,0.0,0.0,1.0]]","[[1.0,0.0,0.0,-0.029483881804743043],[0.0,1.0,0.0,0.0031266461951225573],[0.0,0.0,1.0,0.0045743630479518835],[0.0,0.0,0.0,1.0]]"
224,CP-R_TEST_01_Q10-W-30MM-NEG-PCL,R_TEST_01,Rich,R_TEST_01_Q10,pcl,weak,lambda_min,0.9827960601581015,-0.10422153983741858,-0.1524787682650628,-1,0.03,-0.029483881804743043,0.0031266461951225573,0.0045743630479518835,"[[1.0,0.0,0.0,-0.029483881804743043],[0.0,1.0,0.0,0.0031266461951225573],[0.0,0.0,1.0,0.0045743630479518835],[0.0,0.0,0.0,1.0]]","[[1.0,0.0,0.0,0.0],[0.0,1.0,0.0,0.0],[0.0,0.0,1.0,0.0],[0.0,0.0,0.0,1.0]]","[[1.0,0.0,0.0,-0.029483881804743043],[0.0,1.0,0.0,0.0031266461951225573],[0.0,0.0,1.0,0.0045743630479518835],[0.0,0.0,0.0,1.0]]"
225,CP-R_TEST_01_Q10-W-50MM-POS-O3D,R_TEST_01,Rich,R_TEST_01_Q10,open3d,weak,lambda_min,0.9827960601581015,-0.10422153983741858,-0.1524787682650628,1,0.05,0.049139803007905075,-0.005211076991870929,-0.00762393841325314,"[[1.0,0.0,0.0,0.049139803007905075],[0.0,1.0,0.0,-0.005211076991870929],[0.0,0.0,1.0,-0.00762393841325314],[0.0,0.0,0.0,1.0]]","[[1.0,0.0,0.0,0.0],[0.0,1.0,0.0,0.0],[0.0,0.0,1.0,0.0],[0.0,0.0,0.0,1.0]]","[[1.0,0.0,0.0,0.049139803007905075],[0.0,1.0,0.0,-0.005211076991870929],[0.0,0.0,1.0,-0.00762393841325314],[0.0,0.0,0.0,1.0]]"
226,CP-R_TEST_01_Q10-W-50MM-POS-PCL,R_TEST_01,Rich,R_TEST_01_Q10,pcl,weak,lambda_min,0.9827960601581015,-0.10422153983741858,-0.1524787682650628,1,0.05,0.049139803007905075,-0.005211076991870929,-0.00762393841325314,"[[1.0,0.0,0.0,0.049139803007905075],[0.0,1.0,0.0,-0.005211076991870929],[0.0,0.0,1.0,-0.00762393841325314],[0.0,0.0,0.0,1.0]]","[[1.0,0.0,0.0,0.0],[0.0,1.0,0.0,0.0],[0.0,0.0,1.0,0.0],[0.0,0.0,0.0,1.0]]","[[1.0,0.0,0.0,0.049139803007905075],[0.0,1.0,0.0,-0.005211076991870929],[0.0,0.0,1.0,-0.00762393841325314],[0.0,0.0,0.0,1.0]]"
227,CP-R_TEST_01_Q10-W-50MM-NEG-O3D,R_TEST_01,Rich,R_TEST_01_Q10,open3d,weak,lambda_min,0.9827960601581015,-0.10422153983741858,-0.1524787682650628,-1,0.05,-0.049139803007905075,0.005211076991870929,0.00762393841325314,"[[1.0,0.0,0.0,-0.049139803007905075],[0.0,1.0,0.0,0.005211076991870929],[0.0,0.0,1.0,0.00762393841325314],[0.0,0.0,0.0,1.0]]","[[1.0,0.0,0.0,0.0],[0.0,1.0,0.0,0.0],[0.0,0.0,1.0,0.0],[0.0,0.0,0.0,1.0]]","[[1.0,0.0,0.0,-0.049139803007905075],[0.0,1.0,0.0,0.005211076991870929],[0.0,0.0,1.0,0.00762393841325314],[0.0,0.0,0.0,1.0]]"
228,CP-R_TEST_01_Q10-W-50MM-NEG-PCL,R_TEST_01,Rich,R_TEST_01_Q10,pcl,weak,lambda_min,0.9827960601581015,-0.10422153983741858,-0.1524787682650628,-1,0.05,-0.049139803007905075,0.005211076991870929,0.00762393841325314,"[[1.0,0.0,0.0,-0.049139803007905075],[0.0,1.0,0.0,0.005211076991870929],[0.0,0.0,1.0,0.00762393841325314],[0.0,0.0,0.0,1.0]]","[[1.0,0.0,0.0,0.0],[0.0,1.0,0.0,0.0],[0.0,0.0,1.0,0.0],[0.0,0.0,0.0,1.0]]","[[1.0,0.0,0.0,-0.049139803007905075],[0.0,1.0,0.0,0.005211076991870929],[0.0,0.0,1.0,0.00762393841325314],[0.0,0.0,0.0,1.0]]"
229,CP-R_TEST_01_Q10-S-10MM-POS-O3D,R_TEST_01,Rich,R_TEST_01_Q10,open3d,strong,lambda_max,0.09937608331022003,0.9942821441896058,-0.0390821162635851,1,0.01,0.0009937608331022003,0.009942821441896059,-0.000390821162635851,"[[1.0,0.0,0.0,0.0009937608331022003],[0.0,1.0,0.0,0.009942821441896059],[0.0,0.0,1.0,-0.000390821162635851],[0.0,0.0,0.0,1.0]]","[[1.0,0.0,0.0,0.0],[0.0,1.0,0.0,0.0],[0.0,0.0,1.0,0.0],[0.0,0.0,0.0,1.0]]","[[1.0,0.0,0.0,0.0009937608331022003],[0.0,1.0,0.0,0.009942821441896059],[0.0,0.0,1.0,-0.000390821162635851],[0.0,0.0,0.0,1.0]]"
230,CP-R_TEST_01_Q10-S-10MM-POS-PCL,R_TEST_01,Rich,R_TEST_01_Q10,pcl,strong,lambda_max,0.09937608331022003,0.9942821441896058,-0.0390821162635851,1,0.01,0.0009937608331022003,0.009942821441896059,-0.000390821162635851,"[[1.0,0.0,0.0,0.0009937608331022003],[0.0,1.0,0.0,0.009942821441896059],[0.0,0.0,1.0,-0.000390821162635851],[0.0,0.0,0.0,1.0]]","[[1.0,0.0,0.0,0.0],[0.0,1.0,0.0,0.0],[0.0,0.0,1.0,0.0],[0.0,0.0,0.0,1.0]]","[[1.0,0.0,0.0,0.0009937608331022003],[0.0,1.0,0.0,0.009942821441896059],[0.0,0.0,1.0,-0.000390821162635851],[0.0,0.0,0.0,1.0]]"
231,CP-R_TEST_01_Q10-S-10MM-NEG-O3D,R_TEST_01,Rich,R_TEST_01_Q10,open3d,strong,lambda_max,0.09937608331022003,0.9942821441896058,-0.0390821162635851,-1,0.01,-0.0009937608331022003,-0.009942821441896059,0.000390821162635851,"[[1.0,0.0,0.0,-0.0009937608331022003],[0.0,1.0,0.0,-0.009942821441896059],[0.0,0.0,1.0,0.000390821162635851],[0.0,0.0,0.0,1.0]]","[[1.0,0.0,0.0,0.0],[0.0,1.0,0.0,0.0],[0.0,0.0,1.0,0.0],[0.0,0.0,0.0,1.0]]","[[1.0,0.0,0.0,-0.0009937608331022003],[0.0,1.0,0.0,-0.009942821441896059],[0.0,0.0,1.0,0.000390821162635851],[0.0,0.0,0.0,1.0]]"
232,CP-R_TEST_01_Q10-S-10MM-NEG-PCL,R_TEST_01,Rich,R_TEST_01_Q10,pcl,strong,lambda_max,0.09937608331022003,0.9942821441896058,-0.0390821162635851,-1,0.01,-0.0009937608331022003,-0.009942821441896059,0.000390821162635851,"[[1.0,0.0,0.0,-0.0009937608331022003],[0.0,1.0,0.0,-0.009942821441896059],[0.0,0.0,1.0,0.000390821162635851],[0.0,0.0,0.0,1.0]]","[[1.0,0.0,0.0,0.0],[0.0,1.0,0.0,0.0],[0.0,0.0,1.0,0.0],[0.0,0.0,0.0,1.0]]","[[1.0,0.0,0.0,-0.0009937608331022003],[0.0,1.0,0.0,-0.009942821441896059],[0.0,0.0,1.0,0.000390821162635851],[0.0,0.0,0.0,1.0]]"
233,CP-R_TEST_01_Q10-S-30MM-POS-O3D,R_TEST_01,Rich,R_TEST_01_Q10,open3d,strong,lambda_max,0.09937608331022003,0.9942821441896058,-0.0390821162635851,1,0.03,0.002981282499306601,0.029828464325688173,-0.001172463487907553,"[[1.0,0.0,0.0,0.002981282499306601],[0.0,1.0,0.0,0.029828464325688173],[0.0,0.0,1.0,-0.001172463487907553],[0.0,0.0,0.0,1.0]]","[[1.0,0.0,0.0,0.0],[0.0,1.0,0.0,0.0],[0.0,0.0,1.0,0.0],[0.0,0.0,0.0,1.0]]","[[1.0,0.0,0.0,0.002981282499306601],[0.0,1.0,0.0,0.029828464325688173],[0.0,0.0,1.0,-0.001172463487907553],[0.0,0.0,0.0,1.0]]"
234,CP-R_TEST_01_Q10-S-30MM-POS-PCL,R_TEST_01,Rich,R_TEST_01_Q10,pcl,strong,lambda_max,0.09937608331022003,0.9942821441896058,-0.0390821162635851,1,0.03,0.002981282499306601,0.029828464325688173,-0.001172463487907553,"[[1.0,0.0,0.0,0.002981282499306601],[0.0,1.0,0.0,0.029828464325688173],[0.0,0.0,1.0,-0.001172463487907553],[0.0,0.0,0.0,1.0]]","[[1.0,0.0,0.0,0.0],[0.0,1.0,0.0,0.0],[0.0,0.0,1.0,0.0],[0.0,0.0,0.0,1.0]]","[[1.0,0.0,0.0,0.002981282499306601],[0.0,1.0,0.0,0.029828464325688173],[0.0,0.0,1.0,-0.001172463487907553],[0.0,0.0,0.0,1.0]]"
235,CP-R_TEST_01_Q10-S-30MM-NEG-O3D,R_TEST_01,Rich,R_TEST_01_Q10,open3d,strong,lambda_max,0.09937608331022003,0.9942821441896058,-0.0390821162635851,-1,0.03,-0.002981282499306601,-0.029828464325688173,0.001172463487907553,"[[1.0,0.0,0.0,-0.002981282499306601],[0.0,1.0,0.0,-0.029828464325688173],[0.0,0.0,1.0,0.001172463487907553],[0.0,0.0,0.0,1.0]]","[[1.0,0.0,0.0,0.0],[0.0,1.0,0.0,0.0],[0.0,0.0,1.0,0.0],[0.0,0.0,0.0,1.0]]","[[1.0,0.0,0.0,-0.002981282499306601],[0.0,1.0,0.0,-0.029828464325688173],[0.0,0.0,1.0,0.001172463487907553],[0.0,0.0,0.0,1.0]]"
236,CP-R_TEST_01_Q10-S-30MM-NEG-PCL,R_TEST_01,Rich,R_TEST_01_Q10,pcl,strong,lambda_max,0.09937608331022003,0.9942821441896058,-0.0390821162635851,-1,0.03,-0.002981282499306601,-0.029828464325688173,0.001172463487907553,"[[1.0,0.0,0.0,-0.002981282499306601],[0.0,1.0,0.0,-0.029828464325688173],[0.0,0.0,1.0,0.001172463487907553],[0.0,0.0,0.0,1.0]]","[[1.0,0.0,0.0,0.0],[0.0,1.0,0.0,0.0],[0.0,0.0,1.0,0.0],[0.0,0.0,0.0,1.0]]","[[1.0,0.0,0.0,-0.002981282499306601],[0.0,1.0,0.0,-0.029828464325688173],[0.0,0.0,1.0,0.001172463487907553],[0.0,0.0,0.0,1.0]]"
237,CP-R_TEST_01_Q10-S-50MM-POS-O3D,R_TEST_01,Rich,R_TEST_01_Q10,open3d,strong,lambda_max,0.09937608331022003,0.9942821441896058,-0.0390821162635851,1,0.05,0.004968804165511002,0.049714107209480295,-0.001954105813179255,"[[1.0,0.0,0.0,0.004968804165511002],[0.0,1.0,0.0,0.049714107209480295],[0.0,0.0,1.0,-0.001954105813179255],[0.0,0.0,0.0,1.0]]","[[1.0,0.0,0.0,0.0],[0.0,1.0,0.0,0.0],[0.0,0.0,1.0,0.0],[0.0,0.0,0.0,1.0]]","[[1.0,0.0,0.0,0.004968804165511002],[0.0,1.0,0.0,0.049714107209480295],[0.0,0.0,1.0,-0.001954105813179255],[0.0,0.0,0.0,1.0]]"
238,CP-R_TEST_01_Q10-S-50MM-POS-PCL,R_TEST_01,Rich,R_TEST_01_Q10,pcl,strong,lambda_max,0.09937608331022003,0.9942821441896058,-0.0390821162635851,1,0.05,0.004968804165511002,0.049714107209480295,-0.001954105813179255,"[[1.0,0.0,0.0,0.004968804165511002],[0.0,1.0,0.0,0.049714107209480295],[0.0,0.0,1.0,-0.001954105813179255],[0.0,0.0,0.0,1.0]]","[[1.0,0.0,0.0,0.0],[0.0,1.0,0.0,0.0],[0.0,0.0,1.0,0.0],[0.0,0.0,0.0,1.0]]","[[1.0,0.0,0.0,0.004968804165511002],[0.0,1.0,0.0,0.049714107209480295],[0.0,0.0,1.0,-0.001954105813179255],[0.0,0.0,0.0,1.0]]"
239,CP-R_TEST_01_Q10-S-50MM-NEG-O3D,R_TEST_01,Rich,R_TEST_01_Q10,open3d,strong,lambda_max,0.09937608331022003,0.9942821441896058,-0.0390821162635851,-1,0.05,-0.004968804165511002,-0.049714107209480295,0.001954105813179255,"[[1.0,0.0,0.0,-0.004968804165511002],[0.0,1.0,0.0,-0.049714107209480295],[0.0,0.0,1.0,0.001954105813179255],[0.0,0.0,0.0,1.0]]","[[1.0,0.0,0.0,0.0],[0.0,1.0,0.0,0.0],[0.0,0.0,1.0,0.0],[0.0,0.0,0.0,1.0]]","[[1.0,0.0,0.0,-0.004968804165511002],[0.0,1.0,0.0,-0.049714107209480295],[0.0,0.0,1.0,0.001954105813179255],[0.0,0.0,0.0,1.0]]"
240,CP-R_TEST_01_Q10-S-50MM-NEG-PCL,R_TEST_01,Rich,R_TEST_01_Q10,pcl,strong,lambda_max,0.09937608331022003,0.9942821441896058,-0.0390821162635851,-1,0.05,-0.004968804165511002,-0.049714107209480295,0.001954105813179255,"[[1.0,0.0,0.0,-0.004968804165511002],[0.0,1.0,0.0,-0.049714107209480295],[0.0,0.0,1.0,0.001954105813179255],[0.0,0.0,0.0,1.0]]","[[1.0,0.0,0.0,0.0],[0.0,1.0,0.0,0.0],[0.0,0.0,1.0,0.0],[0.0,0.0,0.0,1.0]]","[[1.0,0.0,0.0,-0.004968804165511002],[0.0,1.0,0.0,-0.049714107209480295],[0.0,0.0,1.0,0.001954105813179255],[0.0,0.0,0.0,1.0]]"
241,CP-W_TEST_01_Q01-W-10MM-POS-O3D,W_TEST_01,Weak,W_TEST_01_Q01,open3d,weak,lambda_min,0.9999001678023371,0.0017450294881826284,-0.014021743862426059,1,0.01,0.009999001678023372,1.7450294881826284e-05,-0.0001402174386242606,"[[1.0,0.0,0.0,0.009999001678023372],[0.0,1.0,0.0,1.7450294881826284e-05],[0.0,0.0,1.0,-0.0001402174386242606],[0.0,0.0,0.0,1.0]]","[[1.0,0.0,0.0,0.0],[0.0,1.0,0.0,0.0],[0.0,0.0,1.0,0.0],[0.0,0.0,0.0,1.0]]","[[1.0,0.0,0.0,0.009999001678023372],[0.0,1.0,0.0,1.7450294881826284e-05],[0.0,0.0,1.0,-0.0001402174386242606],[0.0,0.0,0.0,1.0]]"
242,CP-W_TEST_01_Q01-W-10MM-POS-PCL,W_TEST_01,Weak,W_TEST_01_Q01,pcl,weak,lambda_min,0.9999001678023371,0.0017450294881826284,-0.014021743862426059,1,0.01,0.009999001678023372,1.7450294881826284e-05,-0.0001402174386242606,"[[1.0,0.0,0.0,0.009999001678023372],[0.0,1.0,0.0,1.7450294881826284e-05],[0.0,0.0,1.0,-0.0001402174386242606],[0.0,0.0,0.0,1.0]]","[[1.0,0.0,0.0,0.0],[0.0,1.0,0.0,0.0],[0.0,0.0,1.0,0.0],[0.0,0.0,0.0,1.0]]","[[1.0,0.0,0.0,0.009999001678023372],[0.0,1.0,0.0,1.7450294881826284e-05],[0.0,0.0,1.0,-0.0001402174386242606],[0.0,0.0,0.0,1.0]]"
243,CP-W_TEST_01_Q01-W-10MM-NEG-O3D,W_TEST_01,Weak,W_TEST_01_Q01,open3d,weak,lambda_min,0.9999001678023371,0.0017450294881826284,-0.014021743862426059,-1,0.01,-0.009999001678023372,-1.7450294881826284e-05,0.0001402174386242606,"[[1.0,0.0,0.0,-0.009999001678023372],[0.0,1.0,0.0,-1.7450294881826284e-05],[0.0,0.0,1.0,0.0001402174386242606],[0.0,0.0,0.0,1.0]]","[[1.0,0.0,0.0,0.0],[0.0,1.0,0.0,0.0],[0.0,0.0,1.0,0.0],[0.0,0.0,0.0,1.0]]","[[1.0,0.0,0.0,-0.009999001678023372],[0.0,1.0,0.0,-1.7450294881826284e-05],[0.0,0.0,1.0,0.0001402174386242606],[0.0,0.0,0.0,1.0]]"
244,CP-W_TEST_01_Q01-W-10MM-NEG-PCL,W_TEST_01,Weak,W_TEST_01_Q01,pcl,weak,lambda_min,0.9999001678023371,0.0017450294881826284,-0.014021743862426059,-1,0.01,-0.009999001678023372,-1.7450294881826284e-05,0.0001402174386242606,"[[1.0,0.0,0.0,-0.009999001678023372],[0.0,1.0,0.0,-1.7450294881826284e-05],[0.0,0.0,1.0,0.0001402174386242606],[0.0,0.0,0.0,1.0]]","[[1.0,0.0,0.0,0.0],[0.0,1.0,0.0,0.0],[0.0,0.0,1.0,0.0],[0.0,0.0,0.0,1.0]]","[[1.0,0.0,0.0,-0.009999001678023372],[0.0,1.0,0.0,-1.7450294881826284e-05],[0.0,0.0,1.0,0.0001402174386242606],[0.0,0.0,0.0,1.0]]"
245,CP-W_TEST_01_Q01-W-30MM-POS-O3D,W_TEST_01,Weak,W_TEST_01_Q01,open3d,weak,lambda_min,0.9999001678023371,0.0017450294881826284,-0.014021743862426059,1,0.03,0.029997005034070115,5.235088464547885e-05,-0.00042065231587278174,"[[1.0,0.0,0.0,0.029997005034070115],[0.0,1.0,0.0,5.235088464547885e-05],[0.0,0.0,1.0,-0.00042065231587278174],[0.0,0.0,0.0,1.0]]","[[1.0,0.0,0.0,0.0],[0.0,1.0,0.0,0.0],[0.0,0.0,1.0,0.0],[0.0,0.0,0.0,1.0]]","[[1.0,0.0,0.0,0.029997005034070115],[0.0,1.0,0.0,5.235088464547885e-05],[0.0,0.0,1.0,-0.00042065231587278174],[0.0,0.0,0.0,1.0]]"
246,CP-W_TEST_01_Q01-W-30MM-POS-PCL,W_TEST_01,Weak,W_TEST_01_Q01,pcl,weak,lambda_min,0.9999001678023371,0.0017450294881826284,-0.014021743862426059,1,0.03,0.029997005034070115,5.235088464547885e-05,-0.00042065231587278174,"[[1.0,0.0,0.0,0.029997005034070115],[0.0,1.0,0.0,5.235088464547885e-05],[0.0,0.0,1.0,-0.00042065231587278174],[0.0,0.0,0.0,1.0]]","[[1.0,0.0,0.0,0.0],[0.0,1.0,0.0,0.0],[0.0,0.0,1.0,0.0],[0.0,0.0,0.0,1.0]]","[[1.0,0.0,0.0,0.029997005034070115],[0.0,1.0,0.0,5.235088464547885e-05],[0.0,0.0,1.0,-0.00042065231587278174],[0.0,0.0,0.0,1.0]]"
247,CP-W_TEST_01_Q01-W-30MM-NEG-O3D,W_TEST_01,Weak,W_TEST_01_Q01,open3d,weak,lambda_min,0.9999001678023371,0.0017450294881826284,-0.014021743862426059,-1,0.03,-0.029997005034070115,-5.235088464547885e-05,0.00042065231587278174,"[[1.0,0.0,0.0,-0.029997005034070115],[0.0,1.0,0.0,-5.235088464547885e-05],[0.0,0.0,1.0,0.00042065231587278174],[0.0,0.0,0.0,1.0]]","[[1.0,0.0,0.0,0.0],[0.0,1.0,0.0,0.0],[0.0,0.0,1.0,0.0],[0.0,0.0,0.0,1.0]]","[[1.0,0.0,0.0,-0.029997005034070115],[0.0,1.0,0.0,-5.235088464547885e-05],[0.0,0.0,1.0,0.00042065231587278174],[0.0,0.0,0.0,1.0]]"
248,CP-W_TEST_01_Q01-W-30MM-NEG-PCL,W_TEST_01,Weak,W_TEST_01_Q01,pcl,weak,lambda_min,0.9999001678023371,0.0017450294881826284,-0.014021743862426059,-1,0.03,-0.029997005034070115,-5.235088464547885e-05,0.00042065231587278174,"[[1.0,0.0,0.0,-0.029997005034070115],[0.0,1.0,0.0,-5.235088464547885e-05],[0.0,0.0,1.0,0.00042065231587278174],[0.0,0.0,0.0,1.0]]","[[1.0,0.0,0.0,0.0],[0.0,1.0,0.0,0.0],[0.0,0.0,1.0,0.0],[0.0,0.0,0.0,1.0]]","[[1.0,0.0,0.0,-0.029997005034070115],[0.0,1.0,0.0,-5.235088464547885e-05],[0.0,0.0,1.0,0.00042065231587278174],[0.0,0.0,0.0,1.0]]"
249,CP-W_TEST_01_Q01-W-50MM-POS-O3D,W_TEST_01,Weak,W_TEST_01_Q01,open3d,weak,lambda_min,0.9999001678023371,0.0017450294881826284,-0.014021743862426059,1,0.05,0.04999500839011686,8.725147440913143e-05,-0.000701087193121303,"[[1.0,0.0,0.0,0.04999500839011686],[0.0,1.0,0.0,8.725147440913143e-05],[0.0,0.0,1.0,-0.000701087193121303],[0.0,0.0,0.0,1.0]]","[[1.0,0.0,0.0,0.0],[0.0,1.0,0.0,0.0],[0.0,0.0,1.0,0.0],[0.0,0.0,0.0,1.0]]","[[1.0,0.0,0.0,0.04999500839011686],[0.0,1.0,0.0,8.725147440913143e-05],[0.0,0.0,1.0,-0.000701087193121303],[0.0,0.0,0.0,1.0]]"
250,CP-W_TEST_01_Q01-W-50MM-POS-PCL,W_TEST_01,Weak,W_TEST_01_Q01,pcl,weak,lambda_min,0.9999001678023371,0.0017450294881826284,-0.014021743862426059,1,0.05,0.04999500839011686,8.725147440913143e-05,-0.000701087193121303,"[[1.0,0.0,0.0,0.04999500839011686],[0.0,1.0,0.0,8.725147440913143e-05],[0.0,0.0,1.0,-0.000701087193121303],[0.0,0.0,0.0,1.0]]","[[1.0,0.0,0.0,0.0],[0.0,1.0,0.0,0.0],[0.0,0.0,1.0,0.0],[0.0,0.0,0.0,1.0]]","[[1.0,0.0,0.0,0.04999500839011686],[0.0,1.0,0.0,8.725147440913143e-05],[0.0,0.0,1.0,-0.000701087193121303],[0.0,0.0,0.0,1.0]]"
251,CP-W_TEST_01_Q01-W-50MM-NEG-O3D,W_TEST_01,Weak,W_TEST_01_Q01,open3d,weak,lambda_min,0.9999001678023371,0.0017450294881826284,-0.014021743862426059,-1,0.05,-0.04999500839011686,-8.725147440913143e-05,0.000701087193121303,"[[1.0,0.0,0.0,-0.04999500839011686],[0.0,1.0,0.0,-8.725147440913143e-05],[0.0,0.0,1.0,0.000701087193121303],[0.0,0.0,0.0,1.0]]","[[1.0,0.0,0.0,0.0],[0.0,1.0,0.0,0.0],[0.0,0.0,1.0,0.0],[0.0,0.0,0.0,1.0]]","[[1.0,0.0,0.0,-0.04999500839011686],[0.0,1.0,0.0,-8.725147440913143e-05],[0.0,0.0,1.0,0.000701087193121303],[0.0,0.0,0.0,1.0]]"
252,CP-W_TEST_01_Q01-W-50MM-NEG-PCL,W_TEST_01,Weak,W_TEST_01_Q01,pcl,weak,lambda_min,0.9999001678023371,0.0017450294881826284,-0.014021743862426059,-1,0.05,-0.04999500839011686,-8.725147440913143e-05,0.000701087193121303,"[[1.0,0.0,0.0,-0.04999500839011686],[0.0,1.0,0.0,-8.725147440913143e-05],[0.0,0.0,1.0,0.000701087193121303],[0.0,0.0,0.0,1.0]]","[[1.0,0.0,0.0,0.0],[0.0,1.0,0.0,0.0],[0.0,0.0,1.0,0.0],[0.0,0.0,0.0,1.0]]","[[1.0,0.0,0.0,-0.04999500839011686],[0.0,1.0,0.0,-8.725147440913143e-05],[0.0,0.0,1.0,0.000701087193121303],[0.0,0.0,0.0,1.0]]"
253,CP-W_TEST_01_Q01-S-10MM-POS-O3D,W_TEST_01,Weak,W_TEST_01_Q01,open3d,strong,lambda_max,-0.0021562425808952196,0.9995664172670695,-0.02936542337183568,1,0.01,-2.1562425808952196e-05,0.009995664172670695,-0.0002936542337183568,"[[1.0,0.0,0.0,-2.1562425808952196e-05],[0.0,1.0,0.0,0.009995664172670695],[0.0,0.0,1.0,-0.0002936542337183568],[0.0,0.0,0.0,1.0]]","[[1.0,0.0,0.0,0.0],[0.0,1.0,0.0,0.0],[0.0,0.0,1.0,0.0],[0.0,0.0,0.0,1.0]]","[[1.0,0.0,0.0,-2.1562425808952196e-05],[0.0,1.0,0.0,0.009995664172670695],[0.0,0.0,1.0,-0.0002936542337183568],[0.0,0.0,0.0,1.0]]"
254,CP-W_TEST_01_Q01-S-10MM-POS-PCL,W_TEST_01,Weak,W_TEST_01_Q01,pcl,strong,lambda_max,-0.0021562425808952196,0.9995664172670695,-0.02936542337183568,1,0.01,-2.1562425808952196e-05,0.009995664172670695,-0.0002936542337183568,"[[1.0,0.0,0.0,-2.1562425808952196e-05],[0.0,1.0,0.0,0.009995664172670695],[0.0,0.0,1.0,-0.0002936542337183568],[0.0,0.0,0.0,1.0]]","[[1.0,0.0,0.0,0.0],[0.0,1.0,0.0,0.0],[0.0,0.0,1.0,0.0],[0.0,0.0,0.0,1.0]]","[[1.0,0.0,0.0,-2.1562425808952196e-05],[0.0,1.0,0.0,0.009995664172670695],[0.0,0.0,1.0,-0.0002936542337183568],[0.0,0.0,0.0,1.0]]"
255,CP-W_TEST_01_Q01-S-10MM-NEG-O3D,W_TEST_01,Weak,W_TEST_01_Q01,open3d,strong,lambda_max,-0.0021562425808952196,0.9995664172670695,-0.02936542337183568,-1,0.01,2.1562425808952196e-05,-0.009995664172670695,0.0002936542337183568,"[[1.0,0.0,0.0,2.1562425808952196e-05],[0.0,1.0,0.0,-0.009995664172670695],[0.0,0.0,1.0,0.0002936542337183568],[0.0,0.0,0.0,1.0]]","[[1.0,0.0,0.0,0.0],[0.0,1.0,0.0,0.0],[0.0,0.0,1.0,0.0],[0.0,0.0,0.0,1.0]]","[[1.0,0.0,0.0,2.1562425808952196e-05],[0.0,1.0,0.0,-0.009995664172670695],[0.0,0.0,1.0,0.0002936542337183568],[0.0,0.0,0.0,1.0]]"
256,CP-W_TEST_01_Q01-S-10MM-NEG-PCL,W_TEST_01,Weak,W_TEST_01_Q01,pcl,strong,lambda_max,-0.0021562425808952196,0.9995664172670695,-0.02936542337183568,-1,0.01,2.1562425808952196e-05,-0.009995664172670695,0.0002936542337183568,"[[1.0,0.0,0.0,2.1562425808952196e-05],[0.0,1.0,0.0,-0.009995664172670695],[0.0,0.0,1.0,0.0002936542337183568],[0.0,0.0,0.0,1.0]]","[[1.0,0.0,0.0,0.0],[0.0,1.0,0.0,0.0],[0.0,0.0,1.0,0.0],[0.0,0.0,0.0,1.0]]","[[1.0,0.0,0.0,2.1562425808952196e-05],[0.0,1.0,0.0,-0.009995664172670695],[0.0,0.0,1.0,0.0002936542337183568],[0.0,0.0,0.0,1.0]]"
257,CP-W_TEST_01_Q01-S-30MM-POS-O3D,W_TEST_01,Weak,W_TEST_01_Q01,open3d,strong,lambda_max,-0.0021562425808952196,0.9995664172670695,-0.02936542337183568,1,0.03,-6.468727742685658e-05,0.029986992518012085,-0.0008809627011550703,"[[1.0,0.0,0.0,-6.468727742685658e-05],[0.0,1.0,0.0,0.029986992518012085],[0.0,0.0,1.0,-0.0008809627011550703],[0.0,0.0,0.0,1.0]]","[[1.0,0.0,0.0,0.0],[0.0,1.0,0.0,0.0],[0.0,0.0,1.0,0.0],[0.0,0.0,0.0,1.0]]","[[1.0,0.0,0.0,-6.468727742685658e-05],[0.0,1.0,0.0,0.029986992518012085],[0.0,0.0,1.0,-0.0008809627011550703],[0.0,0.0,0.0,1.0]]"
258,CP-W_TEST_01_Q01-S-30MM-POS-PCL,W_TEST_01,Weak,W_TEST_01_Q01,pcl,strong,lambda_max,-0.0021562425808952196,0.9995664172670695,-0.02936542337183568,1,0.03,-6.468727742685658e-05,0.029986992518012085,-0.0008809627011550703,"[[1.0,0.0,0.0,-6.468727742685658e-05],[0.0,1.0,0.0,0.029986992518012085],[0.0,0.0,1.0,-0.0008809627011550703],[0.0,0.0,0.0,1.0]]","[[1.0,0.0,0.0,0.0],[0.0,1.0,0.0,0.0],[0.0,0.0,1.0,0.0],[0.0,0.0,0.0,1.0]]","[[1.0,0.0,0.0,-6.468727742685658e-05],[0.0,1.0,0.0,0.029986992518012085],[0.0,0.0,1.0,-0.0008809627011550703],[0.0,0.0,0.0,1.0]]"
259,CP-W_TEST_01_Q01-S-30MM-NEG-O3D,W_TEST_01,Weak,W_TEST_01_Q01,open3d,strong,lambda_max,-0.0021562425808952196,0.9995664172670695,-0.02936542337183568,-1,0.03,6.468727742685658e-05,-0.029986992518012085,0.0008809627011550703,"[[1.0,0.0,0.0,6.468727742685658e-05],[0.0,1.0,0.0,-0.029986992518012085],[0.0,0.0,1.0,0.0008809627011550703],[0.0,0.0,0.0,1.0]]","[[1.0,0.0,0.0,0.0],[0.0,1.0,0.0,0.0],[0.0,0.0,1.0,0.0],[0.0,0.0,0.0,1.0]]","[[1.0,0.0,0.0,6.468727742685658e-05],[0.0,1.0,0.0,-0.029986992518012085],[0.0,0.0,1.0,0.0008809627011550703],[0.0,0.0,0.0,1.0]]"
260,CP-W_TEST_01_Q01-S-30MM-NEG-PCL,W_TEST_01,Weak,W_TEST_01_Q01,pcl,strong,lambda_max,-0.0021562425808952196,0.9995664172670695,-0.02936542337183568,-1,0.03,6.468727742685658e-05,-0.029986992518012085,0.0008809627011550703,"[[1.0,0.0,0.0,6.468727742685658e-05],[0.0,1.0,0.0,-0.029986992518012085],[0.0,0.0,1.0,0.0008809627011550703],[0.0,0.0,0.0,1.0]]","[[1.0,0.0,0.0,0.0],[0.0,1.0,0.0,0.0],[0.0,0.0,1.0,0.0],[0.0,0.0,0.0,1.0]]","[[1.0,0.0,0.0,6.468727742685658e-05],[0.0,1.0,0.0,-0.029986992518012085],[0.0,0.0,1.0,0.0008809627011550703],[0.0,0.0,0.0,1.0]]"
261,CP-W_TEST_01_Q01-S-50MM-POS-O3D,W_TEST_01,Weak,W_TEST_01_Q01,open3d,strong,lambda_max,-0.0021562425808952196,0.9995664172670695,-0.02936542337183568,1,0.05,-0.00010781212904476098,0.04997832086335348,-0.001468271168591784,"[[1.0,0.0,0.0,-0.00010781212904476098],[0.0,1.0,0.0,0.04997832086335348],[0.0,0.0,1.0,-0.001468271168591784],[0.0,0.0,0.0,1.0]]","[[1.0,0.0,0.0,0.0],[0.0,1.0,0.0,0.0],[0.0,0.0,1.0,0.0],[0.0,0.0,0.0,1.0]]","[[1.0,0.0,0.0,-0.00010781212904476098],[0.0,1.0,0.0,0.04997832086335348],[0.0,0.0,1.0,-0.001468271168591784],[0.0,0.0,0.0,1.0]]"
262,CP-W_TEST_01_Q01-S-50MM-POS-PCL,W_TEST_01,Weak,W_TEST_01_Q01,pcl,strong,lambda_max,-0.0021562425808952196,0.9995664172670695,-0.02936542337183568,1,0.05,-0.00010781212904476098,0.04997832086335348,-0.001468271168591784,"[[1.0,0.0,0.0,-0.00010781212904476098],[0.0,1.0,0.0,0.04997832086335348],[0.0,0.0,1.0,-0.001468271168591784],[0.0,0.0,0.0,1.0]]","[[1.0,0.0,0.0,0.0],[0.0,1.0,0.0,0.0],[0.0,0.0,1.0,0.0],[0.0,0.0,0.0,1.0]]","[[1.0,0.0,0.0,-0.00010781212904476098],[0.0,1.0,0.0,0.04997832086335348],[0.0,0.0,1.0,-0.001468271168591784],[0.0,0.0,0.0,1.0]]"
263,CP-W_TEST_01_Q01-S-50MM-NEG-O3D,W_TEST_01,Weak,W_TEST_01_Q01,open3d,strong,lambda_max,-0.0021562425808952196,0.9995664172670695,-0.02936542337183568,-1,0.05,0.00010781212904476098,-0.04997832086335348,0.001468271168591784,"[[1.0,0.0,0.0,0.00010781212904476098],[0.0,1.0,0.0,-0.04997832086335348],[0.0,0.0,1.0,0.001468271168591784],[0.0,0.0,0.0,1.0]]","[[1.0,0.0,0.0,0.0],[0.0,1.0,0.0,0.0],[0.0,0.0,1.0,0.0],[0.0,0.0,0.0,1.0]]","[[1.0,0.0,0.0,0.00010781212904476098],[0.0,1.0,0.0,-0.04997832086335348],[0.0,0.0,1.0,0.001468271168591784],[0.0,0.0,0.0,1.0]]"
264,CP-W_TEST_01_Q01-S-50MM-NEG-PCL,W_TEST_01,Weak,W_TEST_01_Q01,pcl,strong,lambda_max,-0.0021562425808952196,0.9995664172670695,-0.02936542337183568,-1,0.05,0.00010781212904476098,-0.04997832086335348,0.001468271168591784,"[[1.0,0.0,0.0,0.00010781212904476098],[0.0,1.0,0.0,-0.04997832086335348],[0.0,0.0,1.0,0.001468271168591784],[0.0,0.0,0.0,1.0]]","[[1.0,0.0,0.0,0.0],[0.0,1.0,0.0,0.0],[0.0,0.0,1.0,0.0],[0.0,0.0,0.0,1.0]]","[[1.0,0.0,0.0,0.00010781212904476098],[0.0,1.0,0.0,-0.04997832086335348],[0.0,0.0,1.0,0.001468271168591784],[0.0,0.0,0.0,1.0]]"
265,CP-W_TEST_01_Q02-W-10MM-POS-O3D,W_TEST_01,Weak,W_TEST_01_Q02,open3d,weak,lambda_min,0.9997502067423484,0.0036546382054953694,-0.022049211736896838,1,0.01,0.009997502067423484,3.654638205495369e-05,-0.0002204921173689684,"[[1.0,0.0,0.0,0.009997502067423484],[0.0,1.0,0.0,3.654638205495369e-05],[0.0,0.0,1.0,-0.0002204921173689684],[0.0,0.0,0.0,1.0]]","[[1.0,0.0,0.0,0.0],[0.0,1.0,0.0,0.0],[0.0,0.0,1.0,0.0],[0.0,0.0,0.0,1.0]]","[[1.0,0.0,0.0,0.009997502067423484],[0.0,1.0,0.0,3.654638205495369e-05],[0.0,0.0,1.0,-0.0002204921173689684],[0.0,0.0,0.0,1.0]]"
266,CP-W_TEST_01_Q02-W-10MM-POS-PCL,W_TEST_01,Weak,W_TEST_01_Q02,pcl,weak,lambda_min,0.9997502067423484,0.0036546382054953694,-0.022049211736896838,1,0.01,0.009997502067423484,3.654638205495369e-05,-0.0002204921173689684,"[[1.0,0.0,0.0,0.009997502067423484],[0.0,1.0,0.0,3.654638205495369e-05],[0.0,0.0,1.0,-0.0002204921173689684],[0.0,0.0,0.0,1.0]]","[[1.0,0.0,0.0,0.0],[0.0,1.0,0.0,0.0],[0.0,0.0,1.0,0.0],[0.0,0.0,0.0,1.0]]","[[1.0,0.0,0.0,0.009997502067423484],[0.0,1.0,0.0,3.654638205495369e-05],[0.0,0.0,1.0,-0.0002204921173689684],[0.0,0.0,0.0,1.0]]"
267,CP-W_TEST_01_Q02-W-10MM-NEG-O3D,W_TEST_01,Weak,W_TEST_01_Q02,open3d,weak,lambda_min,0.9997502067423484,0.0036546382054953694,-0.022049211736896838,-1,0.01,-0.009997502067423484,-3.654638205495369e-05,0.0002204921173689684,"[[1.0,0.0,0.0,-0.009997502067423484],[0.0,1.0,0.0,-3.654638205495369e-05],[0.0,0.0,1.0,0.0002204921173689684],[0.0,0.0,0.0,1.0]]","[[1.0,0.0,0.0,0.0],[0.0,1.0,0.0,0.0],[0.0,0.0,1.0,0.0],[0.0,0.0,0.0,1.0]]","[[1.0,0.0,0.0,-0.009997502067423484],[0.0,1.0,0.0,-3.654638205495369e-05],[0.0,0.0,1.0,0.0002204921173689684],[0.0,0.0,0.0,1.0]]"
268,CP-W_TEST_01_Q02-W-10MM-NEG-PCL,W_TEST_01,Weak,W_TEST_01_Q02,pcl,weak,lambda_min,0.9997502067423484,0.0036546382054953694,-0.022049211736896838,-1,0.01,-0.009997502067423484,-3.654638205495369e-05,0.0002204921173689684,"[[1.0,0.0,0.0,-0.009997502067423484],[0.0,1.0,0.0,-3.654638205495369e-05],[0.0,0.0,1.0,0.0002204921173689684],[0.0,0.0,0.0,1.0]]","[[1.0,0.0,0.0,0.0],[0.0,1.0,0.0,0.0],[0.0,0.0,1.0,0.0],[0.0,0.0,0.0,1.0]]","[[1.0,0.0,0.0,-0.009997502067423484],[0.0,1.0,0.0,-3.654638205495369e-05],[0.0,0.0,1.0,0.0002204921173689684],[0.0,0.0,0.0,1.0]]"
269,CP-W_TEST_01_Q02-W-30MM-POS-O3D,W_TEST_01,Weak,W_TEST_01_Q02,open3d,weak,lambda_min,0.9997502067423484,0.0036546382054953694,-0.022049211736896838,1,0.03,0.02999250620227045,0.00010963914616486108,-0.0006614763521069051,"[[1.0,0.0,0.0,0.02999250620227045],[0.0,1.0,0.0,0.00010963914616486108],[0.0,0.0,1.0,-0.0006614763521069051],[0.0,0.0,0.0,1.0]]","[[1.0,0.0,0.0,0.0],[0.0,1.0,0.0,0.0],[0.0,0.0,1.0,0.0],[0.0,0.0,0.0,1.0]]","[[1.0,0.0,0.0,0.02999250620227045],[0.0,1.0,0.0,0.00010963914616486108],[0.0,0.0,1.0,-0.0006614763521069051],[0.0,0.0,0.0,1.0]]"
270,CP-W_TEST_01_Q02-W-30MM-POS-PCL,W_TEST_01,Weak,W_TEST_01_Q02,pcl,weak,lambda_min,0.9997502067423484,0.0036546382054953694,-0.022049211736896838,1,0.03,0.02999250620227045,0.00010963914616486108,-0.0006614763521069051,"[[1.0,0.0,0.0,0.02999250620227045],[0.0,1.0,0.0,0.00010963914616486108],[0.0,0.0,1.0,-0.0006614763521069051],[0.0,0.0,0.0,1.0]]","[[1.0,0.0,0.0,0.0],[0.0,1.0,0.0,0.0],[0.0,0.0,1.0,0.0],[0.0,0.0,0.0,1.0]]","[[1.0,0.0,0.0,0.02999250620227045],[0.0,1.0,0.0,0.00010963914616486108],[0.0,0.0,1.0,-0.0006614763521069051],[0.0,0.0,0.0,1.0]]"
271,CP-W_TEST_01_Q02-W-30MM-NEG-O3D,W_TEST_01,Weak,W_TEST_01_Q02,open3d,weak,lambda_min,0.9997502067423484,0.0036546382054953694,-0.022049211736896838,-1,0.03,-0.02999250620227045,-0.00010963914616486108,0.0006614763521069051,"[[1.0,0.0,0.0,-0.02999250620227045],[0.0,1.0,0.0,-0.00010963914616486108],[0.0,0.0,1.0,0.0006614763521069051],[0.0,0.0,0.0,1.0]]","[[1.0,0.0,0.0,0.0],[0.0,1.0,0.0,0.0],[0.0,0.0,1.0,0.0],[0.0,0.0,0.0,1.0]]","[[1.0,0.0,0.0,-0.02999250620227045],[0.0,1.0,0.0,-0.00010963914616486108],[0.0,0.0,1.0,0.0006614763521069051],[0.0,0.0,0.0,1.0]]"
272,CP-W_TEST_01_Q02-W-30MM-NEG-PCL,W_TEST_01,Weak,W_TEST_01_Q02,pcl,weak,lambda_min,0.9997502067423484,0.0036546382054953694,-0.022049211736896838,-1,0.03,-0.02999250620227045,-0.00010963914616486108,0.0006614763521069051,"[[1.0,0.0,0.0,-0.02999250620227045],[0.0,1.0,0.0,-0.00010963914616486108],[0.0,0.0,1.0,0.0006614763521069051],[0.0,0.0,0.0,1.0]]","[[1.0,0.0,0.0,0.0],[0.0,1.0,0.0,0.0],[0.0,0.0,1.0,0.0],[0.0,0.0,0.0,1.0]]","[[1.0,0.0,0.0,-0.02999250620227045],[0.0,1.0,0.0,-0.00010963914616486108],[0.0,0.0,1.0,0.0006614763521069051],[0.0,0.0,0.0,1.0]]"
273,CP-W_TEST_01_Q02-W-50MM-POS-O3D,W_TEST_01,Weak,W_TEST_01_Q02,open3d,weak,lambda_min,0.9997502067423484,0.0036546382054953694,-0.022049211736896838,1,0.05,0.04998751033711742,0.00018273191027476848,-0.001102460586844842,"[[1.0,0.0,0.0,0.04998751033711742],[0.0,1.0,0.0,0.00018273191027476848],[0.0,0.0,1.0,-0.001102460586844842],[0.0,0.0,0.0,1.0]]","[[1.0,0.0,0.0,0.0],[0.0,1.0,0.0,0.0],[0.0,0.0,1.0,0.0],[0.0,0.0,0.0,1.0]]","[[1.0,0.0,0.0,0.04998751033711742],[0.0,1.0,0.0,0.00018273191027476848],[0.0,0.0,1.0,-0.001102460586844842],[0.0,0.0,0.0,1.0]]"
274,CP-W_TEST_01_Q02-W-50MM-POS-PCL,W_TEST_01,Weak,W_TEST_01_Q02,pcl,weak,lambda_min,0.9997502067423484,0.0036546382054953694,-0.022049211736896838,1,0.05,0.04998751033711742,0.00018273191027476848,-0.001102460586844842,"[[1.0,0.0,0.0,0.04998751033711742],[0.0,1.0,0.0,0.00018273191027476848],[0.0,0.0,1.0,-0.001102460586844842],[0.0,0.0,0.0,1.0]]","[[1.0,0.0,0.0,0.0],[0.0,1.0,0.0,0.0],[0.0,0.0,1.0,0.0],[0.0,0.0,0.0,1.0]]","[[1.0,0.0,0.0,0.04998751033711742],[0.0,1.0,0.0,0.00018273191027476848],[0.0,0.0,1.0,-0.001102460586844842],[0.0,0.0,0.0,1.0]]"
275,CP-W_TEST_01_Q02-W-50MM-NEG-O3D,W_TEST_01,Weak,W_TEST_01_Q02,open3d,weak,lambda_min,0.9997502067423484,0.0036546382054953694,-0.022049211736896838,-1,0.05,-0.04998751033711742,-0.00018273191027476848,0.001102460586844842,"[[1.0,0.0,0.0,-0.04998751033711742],[0.0,1.0,0.0,-0.00018273191027476848],[0.0,0.0,1.0,0.001102460586844842],[0.0,0.0,0.0,1.0]]","[[1.0,0.0,0.0,0.0],[0.0,1.0,0.0,0.0],[0.0,0.0,1.0,0.0],[0.0,0.0,0.0,1.0]]","[[1.0,0.0,0.0,-0.04998751033711742],[0.0,1.0,0.0,-0.00018273191027476848],[0.0,0.0,1.0,0.001102460586844842],[0.0,0.0,0.0,1.0]]"
276,CP-W_TEST_01_Q02-W-50MM-NEG-PCL,W_TEST_01,Weak,W_TEST_01_Q02,pcl,weak,lambda_min,0.9997502067423484,0.0036546382054953694,-0.022049211736896838,-1,0.05,-0.04998751033711742,-0.00018273191027476848,0.001102460586844842,"[[1.0,0.0,0.0,-0.04998751033711742],[0.0,1.0,0.0,-0.00018273191027476848],[0.0,0.0,1.0,0.001102460586844842],[0.0,0.0,0.0,1.0]]","[[1.0,0.0,0.0,0.0],[0.0,1.0,0.0,0.0],[0.0,0.0,1.0,0.0],[0.0,0.0,0.0,1.0]]","[[1.0,0.0,0.0,-0.04998751033711742],[0.0,1.0,0.0,-0.00018273191027476848],[0.0,0.0,1.0,0.001102460586844842],[0.0,0.0,0.0,1.0]]"
277,CP-W_TEST_01_Q02-S-10MM-POS-O3D,W_TEST_01,Weak,W_TEST_01_Q02,open3d,strong,lambda_max,-0.0043980916596713816,0.9994201496982166,-0.03376419948625519,1,0.01,-4.3980916596713815e-05,0.009994201496982167,-0.0003376419948625519,"[[1.0,0.0,0.0,-4.3980916596713815e-05],[0.0,1.0,0.0,0.009994201496982167],[0.0,0.0,1.0,-0.0003376419948625519],[0.0,0.0,0.0,1.0]]","[[1.0,0.0,0.0,0.0],[0.0,1.0,0.0,0.0],[0.0,0.0,1.0,0.0],[0.0,0.0,0.0,1.0]]","[[1.0,0.0,0.0,-4.3980916596713815e-05],[0.0,1.0,0.0,0.009994201496982167],[0.0,0.0,1.0,-0.0003376419948625519],[0.0,0.0,0.0,1.0]]"
278,CP-W_TEST_01_Q02-S-10MM-POS-PCL,W_TEST_01,Weak,W_TEST_01_Q02,pcl,strong,lambda_max,-0.0043980916596713816,0.9994201496982166,-0.03376419948625519,1,0.01,-4.3980916596713815e-05,0.009994201496982167,-0.0003376419948625519,"[[1.0,0.0,0.0,-4.3980916596713815e-05],[0.0,1.0,0.0,0.009994201496982167],[0.0,0.0,1.0,-0.0003376419948625519],[0.0,0.0,0.0,1.0]]","[[1.0,0.0,0.0,0.0],[0.0,1.0,0.0,0.0],[0.0,0.0,1.0,0.0],[0.0,0.0,0.0,1.0]]","[[1.0,0.0,0.0,-4.3980916596713815e-05],[0.0,1.0,0.0,0.009994201496982167],[0.0,0.0,1.0,-0.0003376419948625519],[0.0,0.0,0.0,1.0]]"
279,CP-W_TEST_01_Q02-S-10MM-NEG-O3D,W_TEST_01,Weak,W_TEST_01_Q02,open3d,strong,lambda_max,-0.0043980916596713816,0.9994201496982166,-0.03376419948625519,-1,0.01,4.3980916596713815e-05,-0.009994201496982167,0.0003376419948625519,"[[1.0,0.0,0.0,4.3980916596713815e-05],[0.0,1.0,0.0,-0.009994201496982167],[0.0,0.0,1.0,0.0003376419948625519],[0.0,0.0,0.0,1.0]]","[[1.0,0.0,0.0,0.0],[0.0,1.0,0.0,0.0],[0.0,0.0,1.0,0.0],[0.0,0.0,0.0,1.0]]","[[1.0,0.0,0.0,4.3980916596713815e-05],[0.0,1.0,0.0,-0.009994201496982167],[0.0,0.0,1.0,0.0003376419948625519],[0.0,0.0,0.0,1.0]]"
280,CP-W_TEST_01_Q02-S-10MM-NEG-PCL,W_TEST_01,Weak,W_TEST_01_Q02,pcl,strong,lambda_max,-0.0043980916596713816,0.9994201496982166,-0.03376419948625519,-1,0.01,4.3980916596713815e-05,-0.009994201496982167,0.0003376419948625519,"[[1.0,0.0,0.0,4.3980916596713815e-05],[0.0,1.0,0.0,-0.009994201496982167],[0.0,0.0,1.0,0.0003376419948625519],[0.0,0.0,0.0,1.0]]","[[1.0,0.0,0.0,0.0],[0.0,1.0,0.0,0.0],[0.0,0.0,1.0,0.0],[0.0,0.0,0.0,1.0]]","[[1.0,0.0,0.0,4.3980916596713815e-05],[0.0,1.0,0.0,-0.009994201496982167],[0.0,0.0,1.0,0.0003376419948625519],[0.0,0.0,0.0,1.0]]"
281,CP-W_TEST_01_Q02-S-30MM-POS-O3D,W_TEST_01,Weak,W_TEST_01_Q02,open3d,strong,lambda_max,-0.0043980916596713816,0.9994201496982166,-0.03376419948625519,1,0.03,-0.00013194274979014145,0.029982604490946495,-0.0010129259845876558,"[[1.0,0.0,0.0,-0.00013194274979014145],[0.0,1.0,0.0,0.029982604490946495],[0.0,0.0,1.0,-0.0010129259845876558],[0.0,0.0,0.0,1.0]]","[[1.0,0.0,0.0,0.0],[0.0,1.0,0.0,0.0],[0.0,0.0,1.0,0.0],[0.0,0.0,0.0,1.0]]","[[1.0,0.0,0.0,-0.00013194274979014145],[0.0,1.0,0.0,0.029982604490946495],[0.0,0.0,1.0,-0.0010129259845876558],[0.0,0.0,0.0,1.0]]"
282,CP-W_TEST_01_Q02-S-30MM-POS-PCL,W_TEST_01,Weak,W_TEST_01_Q02,pcl,strong,lambda_max,-0.0043980916596713816,0.9994201496982166,-0.03376419948625519,1,0.03,-0.00013194274979014145,0.029982604490946495,-0.0010129259845876558,"[[1.0,0.0,0.0,-0.00013194274979014145],[0.0,1.0,0.0,0.029982604490946495],[0.0,0.0,1.0,-0.0010129259845876558],[0.0,0.0,0.0,1.0]]","[[1.0,0.0,0.0,0.0],[0.0,1.0,0.0,0.0],[0.0,0.0,1.0,0.0],[0.0,0.0,0.0,1.0]]","[[1.0,0.0,0.0,-0.00013194274979014145],[0.0,1.0,0.0,0.029982604490946495],[0.0,0.0,1.0,-0.0010129259845876558],[0.0,0.0,0.0,1.0]]"
283,CP-W_TEST_01_Q02-S-30MM-NEG-O3D,W_TEST_01,Weak,W_TEST_01_Q02,open3d,strong,lambda_max,-0.0043980916596713816,0.9994201496982166,-0.03376419948625519,-1,0.03,0.00013194274979014145,-0.029982604490946495,0.0010129259845876558,"[[1.0,0.0,0.0,0.00013194274979014145],[0.0,1.0,0.0,-0.029982604490946495],[0.0,0.0,1.0,0.0010129259845876558],[0.0,0.0,0.0,1.0]]","[[1.0,0.0,0.0,0.0],[0.0,1.0,0.0,0.0],[0.0,0.0,1.0,0.0],[0.0,0.0,0.0,1.0]]","[[1.0,0.0,0.0,0.00013194274979014145],[0.0,1.0,0.0,-0.029982604490946495],[0.0,0.0,1.0,0.0010129259845876558],[0.0,0.0,0.0,1.0]]"
284,CP-W_TEST_01_Q02-S-30MM-NEG-PCL,W_TEST_01,Weak,W_TEST_01_Q02,pcl,strong,lambda_max,-0.0043980916596713816,0.9994201496982166,-0.03376419948625519,-1,0.03,0.00013194274979014145,-0.029982604490946495,0.0010129259845876558,"[[1.0,0.0,0.0,0.00013194274979014145],[0.0,1.0,0.0,-0.029982604490946495],[0.0,0.0,1.0,0.0010129259845876558],[0.0,0.0,0.0,1.0]]","[[1.0,0.0,0.0,0.0],[0.0,1.0,0.0,0.0],[0.0,0.0,1.0,0.0],[0.0,0.0,0.0,1.0]]","[[1.0,0.0,0.0,0.00013194274979014145],[0.0,1.0,0.0,-0.029982604490946495],[0.0,0.0,1.0,0.0010129259845876558],[0.0,0.0,0.0,1.0]]"
285,CP-W_TEST_01_Q02-S-50MM-POS-O3D,W_TEST_01,Weak,W_TEST_01_Q02,open3d,strong,lambda_max,-0.0043980916596713816,0.9994201496982166,-0.03376419948625519,1,0.05,-0.0002199045829835691,0.04997100748491083,-0.0016882099743127596,"[[1.0,0.0,0.0,-0.0002199045829835691],[0.0,1.0,0.0,0.04997100748491083],[0.0,0.0,1.0,-0.0016882099743127596],[0.0,0.0,0.0,1.0]]","[[1.0,0.0,0.0,0.0],[0.0,1.0,0.0,0.0],[0.0,0.0,1.0,0.0],[0.0,0.0,0.0,1.0]]","[[1.0,0.0,0.0,-0.0002199045829835691],[0.0,1.0,0.0,0.04997100748491083],[0.0,0.0,1.0,-0.0016882099743127596],[0.0,0.0,0.0,1.0]]"
286,CP-W_TEST_01_Q02-S-50MM-POS-PCL,W_TEST_01,Weak,W_TEST_01_Q02,pcl,strong,lambda_max,-0.0043980916596713816,0.9994201496982166,-0.03376419948625519,1,0.05,-0.0002199045829835691,0.04997100748491083,-0.0016882099743127596,"[[1.0,0.0,0.0,-0.0002199045829835691],[0.0,1.0,0.0,0.04997100748491083],[0.0,0.0,1.0,-0.0016882099743127596],[0.0,0.0,0.0,1.0]]","[[1.0,0.0,0.0,0.0],[0.0,1.0,0.0,0.0],[0.0,0.0,1.0,0.0],[0.0,0.0,0.0,1.0]]","[[1.0,0.0,0.0,-0.0002199045829835691],[0.0,1.0,0.0,0.04997100748491083],[0.0,0.0,1.0,-0.0016882099743127596],[0.0,0.0,0.0,1.0]]"
287,CP-W_TEST_01_Q02-S-50MM-NEG-O3D,W_TEST_01,Weak,W_TEST_01_Q02,open3d,strong,lambda_max,-0.0043980916596713816,0.9994201496982166,-0.03376419948625519,-1,0.05,0.0002199045829835691,-0.04997100748491083,0.0016882099743127596,"[[1.0,0.0,0.0,0.0002199045829835691],[0.0,1.0,0.0,-0.04997100748491083],[0.0,0.0,1.0,0.0016882099743127596],[0.0,0.0,0.0,1.0]]","[[1.0,0.0,0.0,0.0],[0.0,1.0,0.0,0.0],[0.0,0.0,1.0,0.0],[0.0,0.0,0.0,1.0]]","[[1.0,0.0,0.0,0.0002199045829835691],[0.0,1.0,0.0,-0.04997100748491083],[0.0,0.0,1.0,0.0016882099743127596],[0.0,0.0,0.0,1.0]]"
288,CP-W_TEST_01_Q02-S-50MM-NEG-PCL,W_TEST_01,Weak,W_TEST_01_Q02,pcl,strong,lambda_max,-0.0043980916596713816,0.9994201496982166,-0.03376419948625519,-1,0.05,0.0002199045829835691,-0.04997100748491083,0.0016882099743127596,"[[1.0,0.0,0.0,0.0002199045829835691],[0.0,1.0,0.0,-0.04997100748491083],[0.0,0.0,1.0,0.0016882099743127596],[0.0,0.0,0.0,1.0]]","[[1.0,0.0,0.0,0.0],[0.0,1.0,0.0,0.0],[0.0,0.0,1.0,0.0],[0.0,0.0,0.0,1.0]]","[[1.0,0.0,0.0,0.0002199045829835691],[0.0,1.0,0.0,-0.04997100748491083],[0.0,0.0,1.0,0.0016882099743127596],[0.0,0.0,0.0,1.0]]"
289,CP-W_TEST_01_Q03-W-10MM-POS-O3D,W_TEST_01,Weak,W_TEST_01_Q03,open3d,weak,lambda_min,0.9997899788336795,0.003058795239104854,-0.020264303477691935,1,0.01,0.009997899788336794,3.058795239104854e-05,-0.00020264303477691937,"[[1.0,0.0,0.0,0.009997899788336794],[0.0,1.0,0.0,3.058795239104854e-05],[0.0,0.0,1.0,-0.00020264303477691937],[0.0,0.0,0.0,1.0]]","[[1.0,0.0,0.0,0.0],[0.0,1.0,0.0,0.0],[0.0,0.0,1.0,0.0],[0.0,0.0,0.0,1.0]]","[[1.0,0.0,0.0,0.009997899788336794],[0.0,1.0,0.0,3.058795239104854e-05],[0.0,0.0,1.0,-0.00020264303477691937],[0.0,0.0,0.0,1.0]]"
290,CP-W_TEST_01_Q03-W-10MM-POS-PCL,W_TEST_01,Weak,W_TEST_01_Q03,pcl,weak,lambda_min,0.9997899788336795,0.003058795239104854,-0.020264303477691935,1,0.01,0.009997899788336794,3.058795239104854e-05,-0.00020264303477691937,"[[1.0,0.0,0.0,0.009997899788336794],[0.0,1.0,0.0,3.058795239104854e-05],[0.0,0.0,1.0,-0.00020264303477691937],[0.0,0.0,0.0,1.0]]","[[1.0,0.0,0.0,0.0],[0.0,1.0,0.0,0.0],[0.0,0.0,1.0,0.0],[0.0,0.0,0.0,1.0]]","[[1.0,0.0,0.0,0.009997899788336794],[0.0,1.0,0.0,3.058795239104854e-05],[0.0,0.0,1.0,-0.00020264303477691937],[0.0,0.0,0.0,1.0]]"
291,CP-W_TEST_01_Q03-W-10MM-NEG-O3D,W_TEST_01,Weak,W_TEST_01_Q03,open3d,weak,lambda_min,0.9997899788336795,0.003058795239104854,-0.020264303477691935,-1,0.01,-0.009997899788336794,-3.058795239104854e-05,0.00020264303477691937,"[[1.0,0.0,0.0,-0.009997899788336794],[0.0,1.0,0.0,-3.058795239104854e-05],[0.0,0.0,1.0,0.00020264303477691937],[0.0,0.0,0.0,1.0]]","[[1.0,0.0,0.0,0.0],[0.0,1.0,0.0,0.0],[0.0,0.0,1.0,0.0],[0.0,0.0,0.0,1.0]]","[[1.0,0.0,0.0,-0.009997899788336794],[0.0,1.0,0.0,-3.058795239104854e-05],[0.0,0.0,1.0,0.00020264303477691937],[0.0,0.0,0.0,1.0]]"
292,CP-W_TEST_01_Q03-W-10MM-NEG-PCL,W_TEST_01,Weak,W_TEST_01_Q03,pcl,weak,lambda_min,0.9997899788336795,0.003058795239104854,-0.020264303477691935,-1,0.01,-0.009997899788336794,-3.058795239104854e-05,0.00020264303477691937,"[[1.0,0.0,0.0,-0.009997899788336794],[0.0,1.0,0.0,-3.058795239104854e-05],[0.0,0.0,1.0,0.00020264303477691937],[0.0,0.0,0.0,1.0]]","[[1.0,0.0,0.0,0.0],[0.0,1.0,0.0,0.0],[0.0,0.0,1.0,0.0],[0.0,0.0,0.0,1.0]]","[[1.0,0.0,0.0,-0.009997899788336794],[0.0,1.0,0.0,-3.058795239104854e-05],[0.0,0.0,1.0,0.00020264303477691937],[0.0,0.0,0.0,1.0]]"
293,CP-W_TEST_01_Q03-W-30MM-POS-O3D,W_TEST_01,Weak,W_TEST_01_Q03,open3d,weak,lambda_min,0.9997899788336795,0.003058795239104854,-0.020264303477691935,1,0.03,0.02999369936501038,9.176385717314561e-05,-0.000607929104330758,"[[1.0,0.0,0.0,0.02999369936501038],[0.0,1.0,0.0,9.176385717314561e-05],[0.0,0.0,1.0,-0.000607929104330758],[0.0,0.0,0.0,1.0]]","[[1.0,0.0,0.0,0.0],[0.0,1.0,0.0,0.0],[0.0,0.0,1.0,0.0],[0.0,0.0,0.0,1.0]]","[[1.0,0.0,0.0,0.02999369936501038],[0.0,1.0,0.0,9.176385717314561e-05],[0.0,0.0,1.0,-0.000607929104330758],[0.0,0.0,0.0,1.0]]"
294,CP-W_TEST_01_Q03-W-30MM-POS-PCL,W_TEST_01,Weak,W_TEST_01_Q03,pcl,weak,lambda_min,0.9997899788336795,0.003058795239104854,-0.020264303477691935,1,0.03,0.02999369936501038,9.176385717314561e-05,-0.000607929104330758,"[[1.0,0.0,0.0,0.02999369936501038],[0.0,1.0,0.0,9.176385717314561e-05],[0.0,0.0,1.0,-0.000607929104330758],[0.0,0.0,0.0,1.0]]","[[1.0,0.0,0.0,0.0],[0.0,1.0,0.0,0.0],[0.0,0.0,1.0,0.0],[0.0,0.0,0.0,1.0]]","[[1.0,0.0,0.0,0.02999369936501038],[0.0,1.0,0.0,9.176385717314561e-05],[0.0,0.0,1.0,-0.000607929104330758],[0.0,0.0,0.0,1.0]]"
295,CP-W_TEST_01_Q03-W-30MM-NEG-O3D,W_TEST_01,Weak,W_TEST_01_Q03,open3d,weak,lambda_min,0.9997899788336795,0.003058795239104854,-0.020264303477691935,-1,0.03,-0.02999369936501038,-9.176385717314561e-05,0.000607929104330758,"[[1.0,0.0,0.0,-0.02999369936501038],[0.0,1.0,0.0,-9.176385717314561e-05],[0.0,0.0,1.0,0.000607929104330758],[0.0,0.0,0.0,1.0]]","[[1.0,0.0,0.0,0.0],[0.0,1.0,0.0,0.0],[0.0,0.0,1.0,0.0],[0.0,0.0,0.0,1.0]]","[[1.0,0.0,0.0,-0.02999369936501038],[0.0,1.0,0.0,-9.176385717314561e-05],[0.0,0.0,1.0,0.000607929104330758],[0.0,0.0,0.0,1.0]]"
296,CP-W_TEST_01_Q03-W-30MM-NEG-PCL,W_TEST_01,Weak,W_TEST_01_Q03,pcl,weak,lambda_min,0.9997899788336795,0.003058795239104854,-0.020264303477691935,-1,0.03,-0.02999369936501038,-9.176385717314561e-05,0.000607929104330758,"[[1.0,0.0,0.0,-0.02999369936501038],[0.0,1.0,0.0,-9.176385717314561e-05],[0.0,0.0,1.0,0.000607929104330758],[0.0,0.0,0.0,1.0]]","[[1.0,0.0,0.0,0.0],[0.0,1.0,0.0,0.0],[0.0,0.0,1.0,0.0],[0.0,0.0,0.0,1.0]]","[[1.0,0.0,0.0,-0.02999369936501038],[0.0,1.0,0.0,-9.176385717314561e-05],[0.0,0.0,1.0,0.000607929104330758],[0.0,0.0,0.0,1.0]]"
297,CP-W_TEST_01_Q03-W-50MM-POS-O3D,W_TEST_01,Weak,W_TEST_01_Q03,open3d,weak,lambda_min,0.9997899788336795,0.003058795239104854,-0.020264303477691935,1,0.05,0.049989498941683974,0.0001529397619552427,-0.0010132151738845969,"[[1.0,0.0,0.0,0.049989498941683974],[0.0,1.0,0.0,0.0001529397619552427],[0.0,0.0,1.0,-0.0010132151738845969],[0.0,0.0,0.0,1.0]]","[[1.0,0.0,0.0,0.0],[0.0,1.0,0.0,0.0],[0.0,0.0,1.0,0.0],[0.0,0.0,0.0,1.0]]","[[1.0,0.0,0.0,0.049989498941683974],[0.0,1.0,0.0,0.0001529397619552427],[0.0,0.0,1.0,-0.0010132151738845969],[0.0,0.0,0.0,1.0]]"
298,CP-W_TEST_01_Q03-W-50MM-POS-PCL,W_TEST_01,Weak,W_TEST_01_Q03,pcl,weak,lambda_min,0.9997899788336795,0.003058795239104854,-0.020264303477691935,1,0.05,0.049989498941683974,0.0001529397619552427,-0.0010132151738845969,"[[1.0,0.0,0.0,0.049989498941683974],[0.0,1.0,0.0,0.0001529397619552427],[0.0,0.0,1.0,-0.0010132151738845969],[0.0,0.0,0.0,1.0]]","[[1.0,0.0,0.0,0.0],[0.0,1.0,0.0,0.0],[0.0,0.0,1.0,0.0],[0.0,0.0,0.0,1.0]]","[[1.0,0.0,0.0,0.049989498941683974],[0.0,1.0,0.0,0.0001529397619552427],[0.0,0.0,1.0,-0.0010132151738845969],[0.0,0.0,0.0,1.0]]"
299,CP-W_TEST_01_Q03-W-50MM-NEG-O3D,W_TEST_01,Weak,W_TEST_01_Q03,open3d,weak,lambda_min,0.9997899788336795,0.003058795239104854,-0.020264303477691935,-1,0.05,-0.049989498941683974,-0.0001529397619552427,0.0010132151738845969,"[[1.0,0.0,0.0,-0.049989498941683974],[0.0,1.0,0.0,-0.0001529397619552427],[0.0,0.0,1.0,0.0010132151738845969],[0.0,0.0,0.0,1.0]]","[[1.0,0.0,0.0,0.0],[0.0,1.0,0.0,0.0],[0.0,0.0,1.0,0.0],[0.0,0.0,0.0,1.0]]","[[1.0,0.0,0.0,-0.049989498941683974],[0.0,1.0,0.0,-0.0001529397619552427],[0.0,0.0,1.0,0.0010132151738845969],[0.0,0.0,0.0,1.0]]"
300,CP-W_TEST_01_Q03-W-50MM-NEG-PCL,W_TEST_01,Weak,W_TEST_01_Q03,pcl,weak,lambda_min,0.9997899788336795,0.003058795239104854,-0.020264303477691935,-1,0.05,-0.049989498941683974,-0.0001529397619552427,0.0010132151738845969,"[[1.0,0.0,0.0,-0.049989498941683974],[0.0,1.0,0.0,-0.0001529397619552427],[0.0,0.0,1.0,0.0010132151738845969],[0.0,0.0,0.0,1.0]]","[[1.0,0.0,0.0,0.0],[0.0,1.0,0.0,0.0],[0.0,0.0,1.0,0.0],[0.0,0.0,0.0,1.0]]","[[1.0,0.0,0.0,-0.049989498941683974],[0.0,1.0,0.0,-0.0001529397619552427],[0.0,0.0,1.0,0.0010132151738845969],[0.0,0.0,0.0,1.0]]"
301,CP-W_TEST_01_Q03-S-10MM-POS-O3D,W_TEST_01,Weak,W_TEST_01_Q03,open3d,strong,lambda_max,-0.0037574375549731965,0.9993966455402169,-0.03452863371149261,1,0.01,-3.757437554973197e-05,0.00999396645540217,-0.0003452863371149262,"[[1.0,0.0,0.0,-3.757437554973197e-05],[0.0,1.0,0.0,0.00999396645540217],[0.0,0.0,1.0,-0.0003452863371149262],[0.0,0.0,0.0,1.0]]","[[1.0,0.0,0.0,0.0],[0.0,1.0,0.0,0.0],[0.0,0.0,1.0,0.0],[0.0,0.0,0.0,1.0]]","[[1.0,0.0,0.0,-3.757437554973197e-05],[0.0,1.0,0.0,0.00999396645540217],[0.0,0.0,1.0,-0.0003452863371149262],[0.0,0.0,0.0,1.0]]"
302,CP-W_TEST_01_Q03-S-10MM-POS-PCL,W_TEST_01,Weak,W_TEST_01_Q03,pcl,strong,lambda_max,-0.0037574375549731965,0.9993966455402169,-0.03452863371149261,1,0.01,-3.757437554973197e-05,0.00999396645540217,-0.0003452863371149262,"[[1.0,0.0,0.0,-3.757437554973197e-05],[0.0,1.0,0.0,0.00999396645540217],[0.0,0.0,1.0,-0.0003452863371149262],[0.0,0.0,0.0,1.0]]","[[1.0,0.0,0.0,0.0],[0.0,1.0,0.0,0.0],[0.0,0.0,1.0,0.0],[0.0,0.0,0.0,1.0]]","[[1.0,0.0,0.0,-3.757437554973197e-05],[0.0,1.0,0.0,0.00999396645540217],[0.0,0.0,1.0,-0.0003452863371149262],[0.0,0.0,0.0,1.0]]"
303,CP-W_TEST_01_Q03-S-10MM-NEG-O3D,W_TEST_01,Weak,W_TEST_01_Q03,open3d,strong,lambda_max,-0.0037574375549731965,0.9993966455402169,-0.03452863371149261,-1,0.01,3.757437554973197e-05,-0.00999396645540217,0.0003452863371149262,"[[1.0,0.0,0.0,3.757437554973197e-05],[0.0,1.0,0.0,-0.00999396645540217],[0.0,0.0,1.0,0.0003452863371149262],[0.0,0.0,0.0,1.0]]","[[1.0,0.0,0.0,0.0],[0.0,1.0,0.0,0.0],[0.0,0.0,1.0,0.0],[0.0,0.0,0.0,1.0]]","[[1.0,0.0,0.0,3.757437554973197e-05],[0.0,1.0,0.0,-0.00999396645540217],[0.0,0.0,1.0,0.0003452863371149262],[0.0,0.0,0.0,1.0]]"
304,CP-W_TEST_01_Q03-S-10MM-NEG-PCL,W_TEST_01,Weak,W_TEST_01_Q03,pcl,strong,lambda_max,-0.0037574375549731965,0.9993966455402169,-0.03452863371149261,-1,0.01,3.757437554973197e-05,-0.00999396645540217,0.0003452863371149262,"[[1.0,0.0,0.0,3.757437554973197e-05],[0.0,1.0,0.0,-0.00999396645540217],[0.0,0.0,1.0,0.0003452863371149262],[0.0,0.0,0.0,1.0]]","[[1.0,0.0,0.0,0.0],[0.0,1.0,0.0,0.0],[0.0,0.0,1.0,0.0],[0.0,0.0,0.0,1.0]]","[[1.0,0.0,0.0,3.757437554973197e-05],[0.0,1.0,0.0,-0.00999396645540217],[0.0,0.0,1.0,0.0003452863371149262],[0.0,0.0,0.0,1.0]]"
305,CP-W_TEST_01_Q03-S-30MM-POS-O3D,W_TEST_01,Weak,W_TEST_01_Q03,open3d,strong,lambda_max,-0.0037574375549731965,0.9993966455402169,-0.03452863371149261,1,0.03,-0.0001127231266491959,0.02998189936620651,-0.0010358590113447785,"[[1.0,0.0,0.0,-0.0001127231266491959],[0.0,1.0,0.0,0.02998189936620651],[0.0,0.0,1.0,-0.0010358590113447785],[0.0,0.0,0.0,1.0]]","[[1.0,0.0,0.0,0.0],[0.0,1.0,0.0,0.0],[0.0,0.0,1.0,0.0],[0.0,0.0,0.0,1.0]]","[[1.0,0.0,0.0,-0.0001127231266491959],[0.0,1.0,0.0,0.02998189936620651],[0.0,0.0,1.0,-0.0010358590113447785],[0.0,0.0,0.0,1.0]]"
306,CP-W_TEST_01_Q03-S-30MM-POS-PCL,W_TEST_01,Weak,W_TEST_01_Q03,pcl,strong,lambda_max,-0.0037574375549731965,0.9993966455402169,-0.03452863371149261,1,0.03,-0.0001127231266491959,0.02998189936620651,-0.0010358590113447785,"[[1.0,0.0,0.0,-0.0001127231266491959],[0.0,1.0,0.0,0.02998189936620651],[0.0,0.0,1.0,-0.0010358590113447785],[0.0,0.0,0.0,1.0]]","[[1.0,0.0,0.0,0.0],[0.0,1.0,0.0,0.0],[0.0,0.0,1.0,0.0],[0.0,0.0,0.0,1.0]]","[[1.0,0.0,0.0,-0.0001127231266491959],[0.0,1.0,0.0,0.02998189936620651],[0.0,0.0,1.0,-0.0010358590113447785],[0.0,0.0,0.0,1.0]]"
307,CP-W_TEST_01_Q03-S-30MM-NEG-O3D,W_TEST_01,Weak,W_TEST_01_Q03,open3d,strong,lambda_max,-0.0037574375549731965,0.9993966455402169,-0.03452863371149261,-1,0.03,0.0001127231266491959,-0.02998189936620651,0.0010358590113447785,"[[1.0,0.0,0.0,0.0001127231266491959],[0.0,1.0,0.0,-0.02998189936620651],[0.0,0.0,1.0,0.0010358590113447785],[0.0,0.0,0.0,1.0]]","[[1.0,0.0,0.0,0.0],[0.0,1.0,0.0,0.0],[0.0,0.0,1.0,0.0],[0.0,0.0,0.0,1.0]]","[[1.0,0.0,0.0,0.0001127231266491959],[0.0,1.0,0.0,-0.02998189936620651],[0.0,0.0,1.0,0.0010358590113447785],[0.0,0.0,0.0,1.0]]"
308,CP-W_TEST_01_Q03-S-30MM-NEG-PCL,W_TEST_01,Weak,W_TEST_01_Q03,pcl,strong,lambda_max,-0.0037574375549731965,0.9993966455402169,-0.03452863371149261,-1,0.03,0.0001127231266491959,-0.02998189936620651,0.0010358590113447785,"[[1.0,0.0,0.0,0.0001127231266491959],[0.0,1.0,0.0,-0.02998189936620651],[0.0,0.0,1.0,0.0010358590113447785],[0.0,0.0,0.0,1.0]]","[[1.0,0.0,0.0,0.0],[0.0,1.0,0.0,0.0],[0.0,0.0,1.0,0.0],[0.0,0.0,0.0,1.0]]","[[1.0,0.0,0.0,0.0001127231266491959],[0.0,1.0,0.0,-0.02998189936620651],[0.0,0.0,1.0,0.0010358590113447785],[0.0,0.0,0.0,1.0]]"
309,CP-W_TEST_01_Q03-S-50MM-POS-O3D,W_TEST_01,Weak,W_TEST_01_Q03,open3d,strong,lambda_max,-0.0037574375549731965,0.9993966455402169,-0.03452863371149261,1,0.05,-0.00018787187774865985,0.04996983227701085,-0.001726431685574631,"[[1.0,0.0,0.0,-0.00018787187774865985],[0.0,1.0,0.0,0.04996983227701085],[0.0,0.0,1.0,-0.001726431685574631],[0.0,0.0,0.0,1.0]]","[[1.0,0.0,0.0,0.0],[0.0,1.0,0.0,0.0],[0.0,0.0,1.0,0.0],[0.0,0.0,0.0,1.0]]","[[1.0,0.0,0.0,-0.00018787187774865985],[0.0,1.0,0.0,0.04996983227701085],[0.0,0.0,1.0,-0.001726431685574631],[0.0,0.0,0.0,1.0]]"
310,CP-W_TEST_01_Q03-S-50MM-POS-PCL,W_TEST_01,Weak,W_TEST_01_Q03,pcl,strong,lambda_max,-0.0037574375549731965,0.9993966455402169,-0.03452863371149261,1,0.05,-0.00018787187774865985,0.04996983227701085,-0.001726431685574631,"[[1.0,0.0,0.0,-0.00018787187774865985],[0.0,1.0,0.0,0.04996983227701085],[0.0,0.0,1.0,-0.001726431685574631],[0.0,0.0,0.0,1.0]]","[[1.0,0.0,0.0,0.0],[0.0,1.0,0.0,0.0],[0.0,0.0,1.0,0.0],[0.0,0.0,0.0,1.0]]","[[1.0,0.0,0.0,-0.00018787187774865985],[0.0,1.0,0.0,0.04996983227701085],[0.0,0.0,1.0,-0.001726431685574631],[0.0,0.0,0.0,1.0]]"
311,CP-W_TEST_01_Q03-S-50MM-NEG-O3D,W_TEST_01,Weak,W_TEST_01_Q03,open3d,strong,lambda_max,-0.0037574375549731965,0.9993966455402169,-0.03452863371149261,-1,0.05,0.00018787187774865985,-0.04996983227701085,0.001726431685574631,"[[1.0,0.0,0.0,0.00018787187774865985],[0.0,1.0,0.0,-0.04996983227701085],[0.0,0.0,1.0,0.001726431685574631],[0.0,0.0,0.0,1.0]]","[[1.0,0.0,0.0,0.0],[0.0,1.0,0.0,0.0],[0.0,0.0,1.0,0.0],[0.0,0.0,0.0,1.0]]","[[1.0,0.0,0.0,0.00018787187774865985],[0.0,1.0,0.0,-0.04996983227701085],[0.0,0.0,1.0,0.001726431685574631],[0.0,0.0,0.0,1.0]]"
312,CP-W_TEST_01_Q03-S-50MM-NEG-PCL,W_TEST_01,Weak,W_TEST_01_Q03,pcl,strong,lambda_max,-0.0037574375549731965,0.9993966455402169,-0.03452863371149261,-1,0.05,0.00018787187774865985,-0.04996983227701085,0.001726431685574631,"[[1.0,0.0,0.0,0.00018787187774865985],[0.0,1.0,0.0,-0.04996983227701085],[0.0,0.0,1.0,0.001726431685574631],[0.0,0.0,0.0,1.0]]","[[1.0,0.0,0.0,0.0],[0.0,1.0,0.0,0.0],[0.0,0.0,1.0,0.0],[0.0,0.0,0.0,1.0]]","[[1.0,0.0,0.0,0.00018787187774865985],[0.0,1.0,0.0,-0.04996983227701085],[0.0,0.0,1.0,0.001726431685574631],[0.0,0.0,0.0,1.0]]"
313,CP-W_TEST_01_Q04-W-10MM-POS-O3D,W_TEST_01,Weak,W_TEST_01_Q04,open3d,weak,lambda_min,0.9997844066238104,0.0030102268532263003,-0.020544556606740226,1,0.01,0.009997844066238104,3.0102268532263002e-05,-0.00020544556606740227,"[[1.0,0.0,0.0,0.009997844066238104],[0.0,1.0,0.0,3.0102268532263002e-05],[0.0,0.0,1.0,-0.00020544556606740227],[0.0,0.0,0.0,1.0]]","[[1.0,0.0,0.0,0.0],[0.0,1.0,0.0,0.0],[0.0,0.0,1.0,0.0],[0.0,0.0,0.0,1.0]]","[[1.0,0.0,0.0,0.009997844066238104],[0.0,1.0,0.0,3.0102268532263002e-05],[0.0,0.0,1.0,-0.00020544556606740227],[0.0,0.0,0.0,1.0]]"
314,CP-W_TEST_01_Q04-W-10MM-POS-PCL,W_TEST_01,Weak,W_TEST_01_Q04,pcl,weak,lambda_min,0.9997844066238104,0.0030102268532263003,-0.020544556606740226,1,0.01,0.009997844066238104,3.0102268532263002e-05,-0.00020544556606740227,"[[1.0,0.0,0.0,0.009997844066238104],[0.0,1.0,0.0,3.0102268532263002e-05],[0.0,0.0,1.0,-0.00020544556606740227],[0.0,0.0,0.0,1.0]]","[[1.0,0.0,0.0,0.0],[0.0,1.0,0.0,0.0],[0.0,0.0,1.0,0.0],[0.0,0.0,0.0,1.0]]","[[1.0,0.0,0.0,0.009997844066238104],[0.0,1.0,0.0,3.0102268532263002e-05],[0.0,0.0,1.0,-0.00020544556606740227],[0.0,0.0,0.0,1.0]]"
315,CP-W_TEST_01_Q04-W-10MM-NEG-O3D,W_TEST_01,Weak,W_TEST_01_Q04,open3d,weak,lambda_min,0.9997844066238104,0.0030102268532263003,-0.020544556606740226,-1,0.01,-0.009997844066238104,-3.0102268532263002e-05,0.00020544556606740227,"[[1.0,0.0,0.0,-0.009997844066238104],[0.0,1.0,0.0,-3.0102268532263002e-05],[0.0,0.0,1.0,0.00020544556606740227],[0.0,0.0,0.0,1.0]]","[[1.0,0.0,0.0,0.0],[0.0,1.0,0.0,0.0],[0.0,0.0,1.0,0.0],[0.0,0.0,0.0,1.0]]","[[1.0,0.0,0.0,-0.009997844066238104],[0.0,1.0,0.0,-3.0102268532263002e-05],[0.0,0.0,1.0,0.00020544556606740227],[0.0,0.0,0.0,1.0]]"
316,CP-W_TEST_01_Q04-W-10MM-NEG-PCL,W_TEST_01,Weak,W_TEST_01_Q04,pcl,weak,lambda_min,0.9997844066238104,0.0030102268532263003,-0.020544556606740226,-1,0.01,-0.009997844066238104,-3.0102268532263002e-05,0.00020544556606740227,"[[1.0,0.0,0.0,-0.009997844066238104],[0.0,1.0,0.0,-3.0102268532263002e-05],[0.0,0.0,1.0,0.00020544556606740227],[0.0,0.0,0.0,1.0]]","[[1.0,0.0,0.0,0.0],[0.0,1.0,0.0,0.0],[0.0,0.0,1.0,0.0],[0.0,0.0,0.0,1.0]]","[[1.0,0.0,0.0,-0.009997844066238104],[0.0,1.0,0.0,-3.0102268532263002e-05],[0.0,0.0,1.0,0.00020544556606740227],[0.0,0.0,0.0,1.0]]"
317,CP-W_TEST_01_Q04-W-30MM-POS-O3D,W_TEST_01,Weak,W_TEST_01_Q04,open3d,weak,lambda_min,0.9997844066238104,0.0030102268532263003,-0.020544556606740226,1,0.03,0.029993532198714312,9.030680559678901e-05,-0.0006163366982022068,"[[1.0,0.0,0.0,0.029993532198714312],[0.0,1.0,0.0,9.030680559678901e-05],[0.0,0.0,1.0,-0.0006163366982022068],[0.0,0.0,0.0,1.0]]","[[1.0,0.0,0.0,0.0],[0.0,1.0,0.0,0.0],[0.0,0.0,1.0,0.0],[0.0,0.0,0.0,1.0]]","[[1.0,0.0,0.0,0.029993532198714312],[0.0,1.0,0.0,9.030680559678901e-05],[0.0,0.0,1.0,-0.0006163366982022068],[0.0,0.0,0.0,1.0]]"
318,CP-W_TEST_01_Q04-W-30MM-POS-PCL,W_TEST_01,Weak,W_TEST_01_Q04,pcl,weak,lambda_min,0.9997844066238104,0.0030102268532263003,-0.020544556606740226,1,0.03,0.029993532198714312,9.030680559678901e-05,-0.0006163366982022068,"[[1.0,0.0,0.0,0.029993532198714312],[0.0,1.0,0.0,9.030680559678901e-05],[0.0,0.0,1.0,-0.0006163366982022068],[0.0,0.0,0.0,1.0]]","[[1.0,0.0,0.0,0.0],[0.0,1.0,0.0,0.0],[0.0,0.0,1.0,0.0],[0.0,0.0,0.0,1.0]]","[[1.0,0.0,0.0,0.029993532198714312],[0.0,1.0,0.0,9.030680559678901e-05],[0.0,0.0,1.0,-0.0006163366982022068],[0.0,0.0,0.0,1.0]]"
319,CP-W_TEST_01_Q04-W-30MM-NEG-O3D,W_TEST_01,Weak,W_TEST_01_Q04,open3d,weak,lambda_min,0.9997844066238104,0.0030102268532263003,-0.020544556606740226,-1,0.03,-0.029993532198714312,-9.030680559678901e-05,0.0006163366982022068,"[[1.0,0.0,0.0,-0.029993532198714312],[0.0,1.0,0.0,-9.030680559678901e-05],[0.0,0.0,1.0,0.0006163366982022068],[0.0,0.0,0.0,1.0]]","[[1.0,0.0,0.0,0.0],[0.0,1.0,0.0,0.0],[0.0,0.0,1.0,0.0],[0.0,0.0,0.0,1.0]]","[[1.0,0.0,0.0,-0.029993532198714312],[0.0,1.0,0.0,-9.030680559678901e-05],[0.0,0.0,1.0,0.0006163366982022068],[0.0,0.0,0.0,1.0]]"
320,CP-W_TEST_01_Q04-W-30MM-NEG-PCL,W_TEST_01,Weak,W_TEST_01_Q04,pcl,weak,lambda_min,0.9997844066238104,0.0030102268532263003,-0.020544556606740226,-1,0.03,-0.029993532198714312,-9.030680559678901e-05,0.0006163366982022068,"[[1.0,0.0,0.0,-0.029993532198714312],[0.0,1.0,0.0,-9.030680559678901e-05],[0.0,0.0,1.0,0.0006163366982022068],[0.0,0.0,0.0,1.0]]","[[1.0,0.0,0.0,0.0],[0.0,1.0,0.0,0.0],[0.0,0.0,1.0,0.0],[0.0,0.0,0.0,1.0]]","[[1.0,0.0,0.0,-0.029993532198714312],[0.0,1.0,0.0,-9.030680559678901e-05],[0.0,0.0,1.0,0.0006163366982022068],[0.0,0.0,0.0,1.0]]"
321,CP-W_TEST_01_Q04-W-50MM-POS-O3D,W_TEST_01,Weak,W_TEST_01_Q04,open3d,weak,lambda_min,0.9997844066238104,0.0030102268532263003,-0.020544556606740226,1,0.05,0.04998922033119052,0.00015051134266131502,-0.0010272278303370113,"[[1.0,0.0,0.0,0.04998922033119052],[0.0,1.0,0.0,0.00015051134266131502],[0.0,0.0,1.0,-0.0010272278303370113],[0.0,0.0,0.0,1.0]]","[[1.0,0.0,0.0,0.0],[0.0,1.0,0.0,0.0],[0.0,0.0,1.0,0.0],[0.0,0.0,0.0,1.0]]","[[1.0,0.0,0.0,0.04998922033119052],[0.0,1.0,0.0,0.00015051134266131502],[0.0,0.0,1.0,-0.0010272278303370113],[0.0,0.0,0.0,1.0]]"
322,CP-W_TEST_01_Q04-W-50MM-POS-PCL,W_TEST_01,Weak,W_TEST_01_Q04,pcl,weak,lambda_min,0.9997844066238104,0.0030102268532263003,-0.020544556606740226,1,0.05,0.04998922033119052,0.00015051134266131502,-0.0010272278303370113,"[[1.0,0.0,0.0,0.04998922033119052],[0.0,1.0,0.0,0.00015051134266131502],[0.0,0.0,1.0,-0.0010272278303370113],[0.0,0.0,0.0,1.0]]","[[1.0,0.0,0.0,0.0],[0.0,1.0,0.0,0.0],[0.0,0.0,1.0,0.0],[0.0,0.0,0.0,1.0]]","[[1.0,0.0,0.0,0.04998922033119052],[0.0,1.0,0.0,0.00015051134266131502],[0.0,0.0,1.0,-0.0010272278303370113],[0.0,0.0,0.0,1.0]]"
323,CP-W_TEST_01_Q04-W-50MM-NEG-O3D,W_TEST_01,Weak,W_TEST_01_Q04,open3d,weak,lambda_min,0.9997844066238104,0.0030102268532263003,-0.020544556606740226,-1,0.05,-0.04998922033119052,-0.00015051134266131502,0.0010272278303370113,"[[1.0,0.0,0.0,-0.04998922033119052],[0.0,1.0,0.0,-0.00015051134266131502],[0.0,0.0,1.0,0.0010272278303370113],[0.0,0.0,0.0,1.0]]","[[1.0,0.0,0.0,0.0],[0.0,1.0,0.0,0.0],[0.0,0.0,1.0,0.0],[0.0,0.0,0.0,1.0]]","[[1.0,0.0,0.0,-0.04998922033119052],[0.0,1.0,0.0,-0.00015051134266131502],[0.0,0.0,1.0,0.0010272278303370113],[0.0,0.0,0.0,1.0]]"
324,CP-W_TEST_01_Q04-W-50MM-NEG-PCL,W_TEST_01,Weak,W_TEST_01_Q04,pcl,weak,lambda_min,0.9997844066238104,0.0030102268532263003,-0.020544556606740226,-1,0.05,-0.04998922033119052,-0.00015051134266131502,0.0010272278303370113,"[[1.0,0.0,0.0,-0.04998922033119052],[0.0,1.0,0.0,-0.00015051134266131502],[0.0,0.0,1.0,0.0010272278303370113],[0.0,0.0,0.0,1.0]]","[[1.0,0.0,0.0,0.0],[0.0,1.0,0.0,0.0],[0.0,0.0,1.0,0.0],[0.0,0.0,0.0,1.0]]","[[1.0,0.0,0.0,-0.04998922033119052],[0.0,1.0,0.0,-0.00015051134266131502],[0.0,0.0,1.0,0.0010272278303370113],[0.0,0.0,0.0,1.0]]"
325,CP-W_TEST_01_Q04-S-10MM-POS-O3D,W_TEST_01,Weak,W_TEST_01_Q04,open3d,strong,lambda_max,-0.0036180045511670206,0.9995549611665091,-0.02961063407774811,1,0.01,-3.618004551167021e-05,0.009995549611665091,-0.00029610634077748113,"[[1.0,0.0,0.0,-3.618004551167021e-05],[0.0,1.0,0.0,0.009995549611665091],[0.0,0.0,1.0,-0.00029610634077748113],[0.0,0.0,0.0,1.0]]","[[1.0,0.0,0.0,0.0],[0.0,1.0,0.0,0.0],[0.0,0.0,1.0,0.0],[0.0,0.0,0.0,1.0]]","[[1.0,0.0,0.0,-3.618004551167021e-05],[0.0,1.0,0.0,0.009995549611665091],[0.0,0.0,1.0,-0.00029610634077748113],[0.0,0.0,0.0,1.0]]"
326,CP-W_TEST_01_Q04-S-10MM-POS-PCL,W_TEST_01,Weak,W_TEST_01_Q04,pcl,strong,lambda_max,-0.0036180045511670206,0.9995549611665091,-0.02961063407774811,1,0.01,-3.618004551167021e-05,0.009995549611665091,-0.00029610634077748113,"[[1.0,0.0,0.0,-3.618004551167021e-05],[0.0,1.0,0.0,0.009995549611665091],[0.0,0.0,1.0,-0.00029610634077748113],[0.0,0.0,0.0,1.0]]","[[1.0,0.0,0.0,0.0],[0.0,1.0,0.0,0.0],[0.0,0.0,1.0,0.0],[0.0,0.0,0.0,1.0]]","[[1.0,0.0,0.0,-3.618004551167021e-05],[0.0,1.0,0.0,0.009995549611665091],[0.0,0.0,1.0,-0.00029610634077748113],[0.0,0.0,0.0,1.0]]"
327,CP-W_TEST_01_Q04-S-10MM-NEG-O3D,W_TEST_01,Weak,W_TEST_01_Q04,open3d,strong,lambda_max,-0.0036180045511670206,0.9995549611665091,-0.02961063407774811,-1,0.01,3.618004551167021e-05,-0.009995549611665091,0.00029610634077748113,"[[1.0,0.0,0.0,3.618004551167021e-05],[0.0,1.0,0.0,-0.009995549611665091],[0.0,0.0,1.0,0.00029610634077748113],[0.0,0.0,0.0,1.0]]","[[1.0,0.0,0.0,0.0],[0.0,1.0,0.0,0.0],[0.0,0.0,1.0,0.0],[0.0,0.0,0.0,1.0]]","[[1.0,0.0,0.0,3.618004551167021e-05],[0.0,1.0,0.0,-0.009995549611665091],[0.0,0.0,1.0,0.00029610634077748113],[0.0,0.0,0.0,1.0]]"
328,CP-W_TEST_01_Q04-S-10MM-NEG-PCL,W_TEST_01,Weak,W_TEST_01_Q04,pcl,strong,lambda_max,-0.0036180045511670206,0.9995549611665091,-0.02961063407774811,-1,0.01,3.618004551167021e-05,-0.009995549611665091,0.00029610634077748113,"[[1.0,0.0,0.0,3.618004551167021e-05],[0.0,1.0,0.0,-0.009995549611665091],[0.0,0.0,1.0,0.00029610634077748113],[0.0,0.0,0.0,1.0]]","[[1.0,0.0,0.0,0.0],[0.0,1.0,0.0,0.0],[0.0,0.0,1.0,0.0],[0.0,0.0,0.0,1.0]]","[[1.0,0.0,0.0,3.618004551167021e-05],[0.0,1.0,0.0,-0.009995549611665091],[0.0,0.0,1.0,0.00029610634077748113],[0.0,0.0,0.0,1.0]]"
329,CP-W_TEST_01_Q04-S-30MM-POS-O3D,W_TEST_01,Weak,W_TEST_01_Q04,open3d,strong,lambda_max,-0.0036180045511670206,0.9995549611665091,-0.02961063407774811,1,0.03,-0.00010854013653501062,0.029986648834995272,-0.0008883190223324432,"[[1.0,0.0,0.0,-0.00010854013653501062],[0.0,1.0,0.0,0.029986648834995272],[0.0,0.0,1.0,-0.0008883190223324432],[0.0,0.0,0.0,1.0]]","[[1.0,0.0,0.0,0.0],[0.0,1.0,0.0,0.0],[0.0,0.0,1.0,0.0],[0.0,0.0,0.0,1.0]]","[[1.0,0.0,0.0,-0.00010854013653501062],[0.0,1.0,0.0,0.029986648834995272],[0.0,0.0,1.0,-0.0008883190223324432],[0.0,0.0,0.0,1.0]]"
330,CP-W_TEST_01_Q04-S-30MM-POS-PCL,W_TEST_01,Weak,W_TEST_01_Q04,pcl,strong,lambda_max,-0.0036180045511670206,0.9995549611665091,-0.02961063407774811,1,0.03,-0.00010854013653501062,0.029986648834995272,-0.0008883190223324432,"[[1.0,0.0,0.0,-0.00010854013653501062],[0.0,1.0,0.0,0.029986648834995272],[0.0,0.0,1.0,-0.0008883190223324432],[0.0,0.0,0.0,1.0]]","[[1.0,0.0,0.0,0.0],[0.0,1.0,0.0,0.0],[0.0,0.0,1.0,0.0],[0.0,0.0,0.0,1.0]]","[[1.0,0.0,0.0,-0.00010854013653501062],[0.0,1.0,0.0,0.029986648834995272],[0.0,0.0,1.0,-0.0008883190223324432],[0.0,0.0,0.0,1.0]]"
331,CP-W_TEST_01_Q04-S-30MM-NEG-O3D,W_TEST_01,Weak,W_TEST_01_Q04,open3d,strong,lambda_max,-0.0036180045511670206,0.9995549611665091,-0.02961063407774811,-1,0.03,0.00010854013653501062,-0.029986648834995272,0.0008883190223324432,"[[1.0,0.0,0.0,0.00010854013653501062],[0.0,1.0,0.0,-0.029986648834995272],[0.0,0.0,1.0,0.0008883190223324432],[0.0,0.0,0.0,1.0]]","[[1.0,0.0,0.0,0.0],[0.0,1.0,0.0,0.0],[0.0,0.0,1.0,0.0],[0.0,0.0,0.0,1.0]]","[[1.0,0.0,0.0,0.00010854013653501062],[0.0,1.0,0.0,-0.029986648834995272],[0.0,0.0,1.0,0.0008883190223324432],[0.0,0.0,0.0,1.0]]"
332,CP-W_TEST_01_Q04-S-30MM-NEG-PCL,W_TEST_01,Weak,W_TEST_01_Q04,pcl,strong,lambda_max,-0.0036180045511670206,0.9995549611665091,-0.02961063407774811,-1,0.03,0.00010854013653501062,-0.029986648834995272,0.0008883190223324432,"[[1.0,0.0,0.0,0.00010854013653501062],[0.0,1.0,0.0,-0.029986648834995272],[0.0,0.0,1.0,0.0008883190223324432],[0.0,0.0,0.0,1.0]]","[[1.0,0.0,0.0,0.0],[0.0,1.0,0.0,0.0],[0.0,0.0,1.0,0.0],[0.0,0.0,0.0,1.0]]","[[1.0,0.0,0.0,0.00010854013653501062],[0.0,1.0,0.0,-0.029986648834995272],[0.0,0.0,1.0,0.0008883190223324432],[0.0,0.0,0.0,1.0]]"
333,CP-W_TEST_01_Q04-S-50MM-POS-O3D,W_TEST_01,Weak,W_TEST_01_Q04,open3d,strong,lambda_max,-0.0036180045511670206,0.9995549611665091,-0.02961063407774811,1,0.05,-0.00018090022755835105,0.04997774805832546,-0.0014805317038874056,"[[1.0,0.0,0.0,-0.00018090022755835105],[0.0,1.0,0.0,0.04997774805832546],[0.0,0.0,1.0,-0.0014805317038874056],[0.0,0.0,0.0,1.0]]","[[1.0,0.0,0.0,0.0],[0.0,1.0,0.0,0.0],[0.0,0.0,1.0,0.0],[0.0,0.0,0.0,1.0]]","[[1.0,0.0,0.0,-0.00018090022755835105],[0.0,1.0,0.0,0.04997774805832546],[0.0,0.0,1.0,-0.0014805317038874056],[0.0,0.0,0.0,1.0]]"
334,CP-W_TEST_01_Q04-S-50MM-POS-PCL,W_TEST_01,Weak,W_TEST_01_Q04,pcl,strong,lambda_max,-0.0036180045511670206,0.9995549611665091,-0.02961063407774811,1,0.05,-0.00018090022755835105,0.04997774805832546,-0.0014805317038874056,"[[1.0,0.0,0.0,-0.00018090022755835105],[0.0,1.0,0.0,0.04997774805832546],[0.0,0.0,1.0,-0.0014805317038874056],[0.0,0.0,0.0,1.0]]","[[1.0,0.0,0.0,0.0],[0.0,1.0,0.0,0.0],[0.0,0.0,1.0,0.0],[0.0,0.0,0.0,1.0]]","[[1.0,0.0,0.0,-0.00018090022755835105],[0.0,1.0,0.0,0.04997774805832546],[0.0,0.0,1.0,-0.0014805317038874056],[0.0,0.0,0.0,1.0]]"
335,CP-W_TEST_01_Q04-S-50MM-NEG-O3D,W_TEST_01,Weak,W_TEST_01_Q04,open3d,strong,lambda_max,-0.0036180045511670206,0.9995549611665091,-0.02961063407774811,-1,0.05,0.00018090022755835105,-0.04997774805832546,0.0014805317038874056,"[[1.0,0.0,0.0,0.00018090022755835105],[0.0,1.0,0.0,-0.04997774805832546],[0.0,0.0,1.0,0.0014805317038874056],[0.0,0.0,0.0,1.0]]","[[1.0,0.0,0.0,0.0],[0.0,1.0,0.0,0.0],[0.0,0.0,1.0,0.0],[0.0,0.0,0.0,1.0]]","[[1.0,0.0,0.0,0.00018090022755835105],[0.0,1.0,0.0,-0.04997774805832546],[0.0,0.0,1.0,0.0014805317038874056],[0.0,0.0,0.0,1.0]]"
336,CP-W_TEST_01_Q04-S-50MM-NEG-PCL,W_TEST_01,Weak,W_TEST_01_Q04,pcl,strong,lambda_max,-0.0036180045511670206,0.9995549611665091,-0.02961063407774811,-1,0.05,0.00018090022755835105,-0.04997774805832546,0.0014805317038874056,"[[1.0,0.0,0.0,0.00018090022755835105],[0.0,1.0,0.0,-0.04997774805832546],[0.0,0.0,1.0,0.0014805317038874056],[0.0,0.0,0.0,1.0]]","[[1.0,0.0,0.0,0.0],[0.0,1.0,0.0,0.0],[0.0,0.0,1.0,0.0],[0.0,0.0,0.0,1.0]]","[[1.0,0.0,0.0,0.00018090022755835105],[0.0,1.0,0.0,-0.04997774805832546],[0.0,0.0,1.0,0.0014805317038874056],[0.0,0.0,0.0,1.0]]"
337,CP-W_TEST_01_Q05-W-10MM-POS-O3D,W_TEST_01,Weak,W_TEST_01_Q05,open3d,weak,lambda_min,0.999865580199167,0.004762838216256224,-0.015688750909767124,1,0.01,0.009998655801991671,4.762838216256224e-05,-0.00015688750909767125,"[[1.0,0.0,0.0,0.009998655801991671],[0.0,1.0,0.0,4.762838216256224e-05],[0.0,0.0,1.0,-0.00015688750909767125],[0.0,0.0,0.0,1.0]]","[[1.0,0.0,0.0,0.0],[0.0,1.0,0.0,0.0],[0.0,0.0,1.0,0.0],[0.0,0.0,0.0,1.0]]","[[1.0,0.0,0.0,0.009998655801991671],[0.0,1.0,0.0,4.762838216256224e-05],[0.0,0.0,1.0,-0.00015688750909767125],[0.0,0.0,0.0,1.0]]"
338,CP-W_TEST_01_Q05-W-10MM-POS-PCL,W_TEST_01,Weak,W_TEST_01_Q05,pcl,weak,lambda_min,0.999865580199167,0.004762838216256224,-0.015688750909767124,1,0.01,0.009998655801991671,4.762838216256224e-05,-0.00015688750909767125,"[[1.0,0.0,0.0,0.009998655801991671],[0.0,1.0,0.0,4.762838216256224e-05],[0.0,0.0,1.0,-0.00015688750909767125],[0.0,0.0,0.0,1.0]]","[[1.0,0.0,0.0,0.0],[0.0,1.0,0.0,0.0],[0.0,0.0,1.0,0.0],[0.0,0.0,0.0,1.0]]","[[1.0,0.0,0.0,0.009998655801991671],[0.0,1.0,0.0,4.762838216256224e-05],[0.0,0.0,1.0,-0.00015688750909767125],[0.0,0.0,0.0,1.0]]"
339,CP-W_TEST_01_Q05-W-10MM-NEG-O3D,W_TEST_01,Weak,W_TEST_01_Q05,open3d,weak,lambda_min,0.999865580199167,0.004762838216256224,-0.015688750909767124,-1,0.01,-0.009998655801991671,-4.762838216256224e-05,0.00015688750909767125,"[[1.0,0.0,0.0,-0.009998655801991671],[0.0,1.0,0.0,-4.762838216256224e-05],[0.0,0.0,1.0,0.00015688750909767125],[0.0,0.0,0.0,1.0]]","[[1.0,0.0,0.0,0.0],[0.0,1.0,0.0,0.0],[0.0,0.0,1.0,0.0],[0.0,0.0,0.0,1.0]]","[[1.0,0.0,0.0,-0.009998655801991671],[0.0,1.0,0.0,-4.762838216256224e-05],[0.0,0.0,1.0,0.00015688750909767125],[0.0,0.0,0.0,1.0]]"
340,CP-W_TEST_01_Q05-W-10MM-NEG-PCL,W_TEST_01,Weak,W_TEST_01_Q05,pcl,weak,lambda_min,0.999865580199167,0.004762838216256224,-0.015688750909767124,-1,0.01,-0.009998655801991671,-4.762838216256224e-05,0.00015688750909767125,"[[1.0,0.0,0.0,-0.009998655801991671],[0.0,1.0,0.0,-4.762838216256224e-05],[0.0,0.0,1.0,0.00015688750909767125],[0.0,0.0,0.0,1.0]]","[[1.0,0.0,0.0,0.0],[0.0,1.0,0.0,0.0],[0.0,0.0,1.0,0.0],[0.0,0.0,0.0,1.0]]","[[1.0,0.0,0.0,-0.009998655801991671],[0.0,1.0,0.0,-4.762838216256224e-05],[0.0,0.0,1.0,0.00015688750909767125],[0.0,0.0,0.0,1.0]]"
341,CP-W_TEST_01_Q05-W-30MM-POS-O3D,W_TEST_01,Weak,W_TEST_01_Q05,open3d,weak,lambda_min,0.999865580199167,0.004762838216256224,-0.015688750909767124,1,0.03,0.02999596740597501,0.0001428851464876867,-0.0004706625272930137,"[[1.0,0.0,0.0,0.02999596740597501],[0.0,1.0,0.0,0.0001428851464876867],[0.0,0.0,1.0,-0.0004706625272930137],[0.0,0.0,0.0,1.0]]","[[1.0,0.0,0.0,0.0],[0.0,1.0,0.0,0.0],[0.0,0.0,1.0,0.0],[0.0,0.0,0.0,1.0]]","[[1.0,0.0,0.0,0.02999596740597501],[0.0,1.0,0.0,0.0001428851464876867],[0.0,0.0,1.0,-0.0004706625272930137],[0.0,0.0,0.0,1.0]]"
342,CP-W_TEST_01_Q05-W-30MM-POS-PCL,W_TEST_01,Weak,W_TEST_01_Q05,pcl,weak,lambda_min,0.999865580199167,0.004762838216256224,-0.015688750909767124,1,0.03,0.02999596740597501,0.0001428851464876867,-0.0004706625272930137,"[[1.0,0.0,0.0,0.02999596740597501],[0.0,1.0,0.0,0.0001428851464876867],[0.0,0.0,1.0,-0.0004706625272930137],[0.0,0.0,0.0,1.0]]","[[1.0,0.0,0.0,0.0],[0.0,1.0,0.0,0.0],[0.0,0.0,1.0,0.0],[0.0,0.0,0.0,1.0]]","[[1.0,0.0,0.0,0.02999596740597501],[0.0,1.0,0.0,0.0001428851464876867],[0.0,0.0,1.0,-0.0004706625272930137],[0.0,0.0,0.0,1.0]]"
343,CP-W_TEST_01_Q05-W-30MM-NEG-O3D,W_TEST_01,Weak,W_TEST_01_Q05,open3d,weak,lambda_min,0.999865580199167,0.004762838216256224,-0.015688750909767124,-1,0.03,-0.02999596740597501,-0.0001428851464876867,0.0004706625272930137,"[[1.0,0.0,0.0,-0.02999596740597501],[0.0,1.0,0.0,-0.0001428851464876867],[0.0,0.0,1.0,0.0004706625272930137],[0.0,0.0,0.0,1.0]]","[[1.0,0.0,0.0,0.0],[0.0,1.0,0.0,0.0],[0.0,0.0,1.0,0.0],[0.0,0.0,0.0,1.0]]","[[1.0,0.0,0.0,-0.02999596740597501],[0.0,1.0,0.0,-0.0001428851464876867],[0.0,0.0,1.0,0.0004706625272930137],[0.0,0.0,0.0,1.0]]"
344,CP-W_TEST_01_Q05-W-30MM-NEG-PCL,W_TEST_01,Weak,W_TEST_01_Q05,pcl,weak,lambda_min,0.999865580199167,0.004762838216256224,-0.015688750909767124,-1,0.03,-0.02999596740597501,-0.0001428851464876867,0.0004706625272930137,"[[1.0,0.0,0.0,-0.02999596740597501],[0.0,1.0,0.0,-0.0001428851464876867],[0.0,0.0,1.0,0.0004706625272930137],[0.0,0.0,0.0,1.0]]","[[1.0,0.0,0.0,0.0],[0.0,1.0,0.0,0.0],[0.0,0.0,1.0,0.0],[0.0,0.0,0.0,1.0]]","[[1.0,0.0,0.0,-0.02999596740597501],[0.0,1.0,0.0,-0.0001428851464876867],[0.0,0.0,1.0,0.0004706625272930137],[0.0,0.0,0.0,1.0]]"
345,CP-W_TEST_01_Q05-W-50MM-POS-O3D,W_TEST_01,Weak,W_TEST_01_Q05,open3d,weak,lambda_min,0.999865580199167,0.004762838216256224,-0.015688750909767124,1,0.05,0.049993279009958355,0.00023814191081281122,-0.0007844375454883562,"[[1.0,0.0,0.0,0.049993279009958355],[0.0,1.0,0.0,0.00023814191081281122],[0.0,0.0,1.0,-0.0007844375454883562],[0.0,0.0,0.0,1.0]]","[[1.0,0.0,0.0,0.0],[0.0,1.0,0.0,0.0],[0.0,0.0,1.0,0.0],[0.0,0.0,0.0,1.0]]","[[1.0,0.0,0.0,0.049993279009958355],[0.0,1.0,0.0,0.00023814191081281122],[0.0,0.0,1.0,-0.0007844375454883562],[0.0,0.0,0.0,1.0]]"
346,CP-W_TEST_01_Q05-W-50MM-POS-PCL,W_TEST_01,Weak,W_TEST_01_Q05,pcl,weak,lambda_min,0.999865580199167,0.004762838216256224,-0.015688750909767124,1,0.05,0.049993279009958355,0.00023814191081281122,-0.0007844375454883562,"[[1.0,0.0,0.0,0.049993279009958355],[0.0,1.0,0.0,0.00023814191081281122],[0.0,0.0,1.0,-0.0007844375454883562],[0.0,0.0,0.0,1.0]]","[[1.0,0.0,0.0,0.0],[0.0,1.0,0.0,0.0],[0.0,0.0,1.0,0.0],[0.0,0.0,0.0,1.0]]","[[1.0,0.0,0.0,0.049993279009958355],[0.0,1.0,0.0,0.00023814191081281122],[0.0,0.0,1.0,-0.0007844375454883562],[0.0,0.0,0.0,1.0]]"
347,CP-W_TEST_01_Q05-W-50MM-NEG-O3D,W_TEST_01,Weak,W_TEST_01_Q05,open3d,weak,lambda_min,0.999865580199167,0.004762838216256224,-0.015688750909767124,-1,0.05,-0.049993279009958355,-0.00023814191081281122,0.0007844375454883562,"[[1.0,0.0,0.0,-0.049993279009958355],[0.0,1.0,0.0,-0.00023814191081281122],[0.0,0.0,1.0,0.0007844375454883562],[0.0,0.0,0.0,1.0]]","[[1.0,0.0,0.0,0.0],[0.0,1.0,0.0,0.0],[0.0,0.0,1.0,0.0],[0.0,0.0,0.0,1.0]]","[[1.0,0.0,0.0,-0.049993279009958355],[0.0,1.0,0.0,-0.00023814191081281122],[0.0,0.0,1.0,0.0007844375454883562],[0.0,0.0,0.0,1.0]]"
348,CP-W_TEST_01_Q05-W-50MM-NEG-PCL,W_TEST_01,Weak,W_TEST_01_Q05,pcl,weak,lambda_min,0.999865580199167,0.004762838216256224,-0.015688750909767124,-1,0.05,-0.049993279009958355,-0.00023814191081281122,0.0007844375454883562,"[[1.0,0.0,0.0,-0.049993279009958355],[0.0,1.0,0.0,-0.00023814191081281122],[0.0,0.0,1.0,0.0007844375454883562],[0.0,0.0,0.0,1.0]]","[[1.0,0.0,0.0,0.0],[0.0,1.0,0.0,0.0],[0.0,0.0,1.0,0.0],[0.0,0.0,0.0,1.0]]","[[1.0,0.0,0.0,-0.049993279009958355],[0.0,1.0,0.0,-0.00023814191081281122],[0.0,0.0,1.0,0.0007844375454883562],[0.0,0.0,0.0,1.0]]"
349,CP-W_TEST_01_Q05-S-10MM-POS-O3D,W_TEST_01,Weak,W_TEST_01_Q05,open3d,strong,lambda_max,-0.005286322944109619,0.9994248645529491,-0.03349619236644808,1,0.01,-5.2863229441096194e-05,0.009994248645529492,-0.00033496192366448083,"[[1.0,0.0,0.0,-5.2863229441096194e-05],[0.0,1.0,0.0,0.009994248645529492],[0.0,0.0,1.0,-0.00033496192366448083],[0.0,0.0,0.0,1.0]]","[[1.0,0.0,0.0,0.0],[0.0,1.0,0.0,0.0],[0.0,0.0,1.0,0.0],[0.0,0.0,0.0,1.0]]","[[1.0,0.0,0.0,-5.2863229441096194e-05],[0.0,1.0,0.0,0.009994248645529492],[0.0,0.0,1.0,-0.00033496192366448083],[0.0,0.0,0.0,1.0]]"
350,CP-W_TEST_01_Q05-S-10MM-POS-PCL,W_TEST_01,Weak,W_TEST_01_Q05,pcl,strong,lambda_max,-0.005286322944109619,0.9994248645529491,-0.03349619236644808,1,0.01,-5.2863229441096194e-05,0.009994248645529492,-0.00033496192366448083,"[[1.0,0.0,0.0,-5.2863229441096194e-05],[0.0,1.0,0.0,0.009994248645529492],[0.0,0.0,1.0,-0.00033496192366448083],[0.0,0.0,0.0,1.0]]","[[1.0,0.0,0.0,0.0],[0.0,1.0,0.0,0.0],[0.0,0.0,1.0,0.0],[0.0,0.0,0.0,1.0]]","[[1.0,0.0,0.0,-5.2863229441096194e-05],[0.0,1.0,0.0,0.009994248645529492],[0.0,0.0,1.0,-0.00033496192366448083],[0.0,0.0,0.0,1.0]]"
351,CP-W_TEST_01_Q05-S-10MM-NEG-O3D,W_TEST_01,Weak,W_TEST_01_Q05,open3d,strong,lambda_max,-0.005286322944109619,0.9994248645529491,-0.03349619236644808,-1,0.01,5.2863229441096194e-05,-0.009994248645529492,0.00033496192366448083,"[[1.0,0.0,0.0,5.2863229441096194e-05],[0.0,1.0,0.0,-0.009994248645529492],[0.0,0.0,1.0,0.00033496192366448083],[0.0,0.0,0.0,1.0]]","[[1.0,0.0,0.0,0.0],[0.0,1.0,0.0,0.0],[0.0,0.0,1.0,0.0],[0.0,0.0,0.0,1.0]]","[[1.0,0.0,0.0,5.2863229441096194e-05],[0.0,1.0,0.0,-0.009994248645529492],[0.0,0.0,1.0,0.00033496192366448083],[0.0,0.0,0.0,1.0]]"
352,CP-W_TEST_01_Q05-S-10MM-NEG-PCL,W_TEST_01,Weak,W_TEST_01_Q05,pcl,strong,lambda_max,-0.005286322944109619,0.9994248645529491,-0.03349619236644808,-1,0.01,5.2863229441096194e-05,-0.009994248645529492,0.00033496192366448083,"[[1.0,0.0,0.0,5.2863229441096194e-05],[0.0,1.0,0.0,-0.009994248645529492],[0.0,0.0,1.0,0.00033496192366448083],[0.0,0.0,0.0,1.0]]","[[1.0,0.0,0.0,0.0],[0.0,1.0,0.0,0.0],[0.0,0.0,1.0,0.0],[0.0,0.0,0.0,1.0]]","[[1.0,0.0,0.0,5.2863229441096194e-05],[0.0,1.0,0.0,-0.009994248645529492],[0.0,0.0,1.0,0.00033496192366448083],[0.0,0.0,0.0,1.0]]"
353,CP-W_TEST_01_Q05-S-30MM-POS-O3D,W_TEST_01,Weak,W_TEST_01_Q05,open3d,strong,lambda_max,-0.005286322944109619,0.9994248645529491,-0.03349619236644808,1,0.03,-0.00015858968832328855,0.02998274593658847,-0.0010048857709934423,"[[1.0,0.0,0.0,-0.00015858968832328855],[0.0,1.0,0.0,0.02998274593658847],[0.0,0.0,1.0,-0.0010048857709934423],[0.0,0.0,0.0,1.0]]","[[1.0,0.0,0.0,0.0],[0.0,1.0,0.0,0.0],[0.0,0.0,1.0,0.0],[0.0,0.0,0.0,1.0]]","[[1.0,0.0,0.0,-0.00015858968832328855],[0.0,1.0,0.0,0.02998274593658847],[0.0,0.0,1.0,-0.0010048857709934423],[0.0,0.0,0.0,1.0]]"
354,CP-W_TEST_01_Q05-S-30MM-POS-PCL,W_TEST_01,Weak,W_TEST_01_Q05,pcl,strong,lambda_max,-0.005286322944109619,0.9994248645529491,-0.03349619236644808,1,0.03,-0.00015858968832328855,0.02998274593658847,-0.0010048857709934423,"[[1.0,0.0,0.0,-0.00015858968832328855],[0.0,1.0,0.0,0.02998274593658847],[0.0,0.0,1.0,-0.0010048857709934423],[0.0,0.0,0.0,1.0]]","[[1.0,0.0,0.0,0.0],[0.0,1.0,0.0,0.0],[0.0,0.0,1.0,0.0],[0.0,0.0,0.0,1.0]]","[[1.0,0.0,0.0,-0.00015858968832328855],[0.0,1.0,0.0,0.02998274593658847],[0.0,0.0,1.0,-0.0010048857709934423],[0.0,0.0,0.0,1.0]]"
355,CP-W_TEST_01_Q05-S-30MM-NEG-O3D,W_TEST_01,Weak,W_TEST_01_Q05,open3d,strong,lambda_max,-0.005286322944109619,0.9994248645529491,-0.03349619236644808,-1,0.03,0.00015858968832328855,-0.02998274593658847,0.0010048857709934423,"[[1.0,0.0,0.0,0.00015858968832328855],[0.0,1.0,0.0,-0.02998274593658847],[0.0,0.0,1.0,0.0010048857709934423],[0.0,0.0,0.0,1.0]]","[[1.0,0.0,0.0,0.0],[0.0,1.0,0.0,0.0],[0.0,0.0,1.0,0.0],[0.0,0.0,0.0,1.0]]","[[1.0,0.0,0.0,0.00015858968832328855],[0.0,1.0,0.0,-0.02998274593658847],[0.0,0.0,1.0,0.0010048857709934423],[0.0,0.0,0.0,1.0]]"
356,CP-W_TEST_01_Q05-S-30MM-NEG-PCL,W_TEST_01,Weak,W_TEST_01_Q05,pcl,strong,lambda_max,-0.005286322944109619,0.9994248645529491,-0.03349619236644808,-1,0.03,0.00015858968832328855,-0.02998274593658847,0.0010048857709934423,"[[1.0,0.0,0.0,0.00015858968832328855],[0.0,1.0,0.0,-0.02998274593658847],[0.0,0.0,1.0,0.0010048857709934423],[0.0,0.0,0.0,1.0]]","[[1.0,0.0,0.0,0.0],[0.0,1.0,0.0,0.0],[0.0,0.0,1.0,0.0],[0.0,0.0,0.0,1.0]]","[[1.0,0.0,0.0,0.00015858968832328855],[0.0,1.0,0.0,-0.02998274593658847],[0.0,0.0,1.0,0.0010048857709934423],[0.0,0.0,0.0,1.0]]"
357,CP-W_TEST_01_Q05-S-50MM-POS-O3D,W_TEST_01,Weak,W_TEST_01_Q05,open3d,strong,lambda_max,-0.005286322944109619,0.9994248645529491,-0.03349619236644808,1,0.05,-0.00026431614720548094,0.049971243227647455,-0.001674809618322404,"[[1.0,0.0,0.0,-0.00026431614720548094],[0.0,1.0,0.0,0.049971243227647455],[0.0,0.0,1.0,-0.001674809618322404],[0.0,0.0,0.0,1.0]]","[[1.0,0.0,0.0,0.0],[0.0,1.0,0.0,0.0],[0.0,0.0,1.0,0.0],[0.0,0.0,0.0,1.0]]","[[1.0,0.0,0.0,-0.00026431614720548094],[0.0,1.0,0.0,0.049971243227647455],[0.0,0.0,1.0,-0.001674809618322404],[0.0,0.0,0.0,1.0]]"
358,CP-W_TEST_01_Q05-S-50MM-POS-PCL,W_TEST_01,Weak,W_TEST_01_Q05,pcl,strong,lambda_max,-0.005286322944109619,0.9994248645529491,-0.03349619236644808,1,0.05,-0.00026431614720548094,0.049971243227647455,-0.001674809618322404,"[[1.0,0.0,0.0,-0.00026431614720548094],[0.0,1.0,0.0,0.049971243227647455],[0.0,0.0,1.0,-0.001674809618322404],[0.0,0.0,0.0,1.0]]","[[1.0,0.0,0.0,0.0],[0.0,1.0,0.0,0.0],[0.0,0.0,1.0,0.0],[0.0,0.0,0.0,1.0]]","[[1.0,0.0,0.0,-0.00026431614720548094],[0.0,1.0,0.0,0.049971243227647455],[0.0,0.0,1.0,-0.001674809618322404],[0.0,0.0,0.0,1.0]]"
359,CP-W_TEST_01_Q05-S-50MM-NEG-O3D,W_TEST_01,Weak,W_TEST_01_Q05,open3d,strong,lambda_max,-0.005286322944109619,0.9994248645529491,-0.03349619236644808,-1,0.05,0.00026431614720548094,-0.049971243227647455,0.001674809618322404,"[[1.0,0.0,0.0,0.00026431614720548094],[0.0,1.0,0.0,-0.049971243227647455],[0.0,0.0,1.0,0.001674809618322404],[0.0,0.0,0.0,1.0]]","[[1.0,0.0,0.0,0.0],[0.0,1.0,0.0,0.0],[0.0,0.0,1.0,0.0],[0.0,0.0,0.0,1.0]]","[[1.0,0.0,0.0,0.00026431614720548094],[0.0,1.0,0.0,-0.049971243227647455],[0.0,0.0,1.0,0.001674809618322404],[0.0,0.0,0.0,1.0]]"
360,CP-W_TEST_01_Q05-S-50MM-NEG-PCL,W_TEST_01,Weak,W_TEST_01_Q05,pcl,strong,lambda_max,-0.005286322944109619,0.9994248645529491,-0.03349619236644808,-1,0.05,0.00026431614720548094,-0.049971243227647455,0.001674809618322404,"[[1.0,0.0,0.0,0.00026431614720548094],[0.0,1.0,0.0,-0.049971243227647455],[0.0,0.0,1.0,0.001674809618322404],[0.0,0.0,0.0,1.0]]","[[1.0,0.0,0.0,0.0],[0.0,1.0,0.0,0.0],[0.0,0.0,1.0,0.0],[0.0,0.0,0.0,1.0]]","[[1.0,0.0,0.0,0.00026431614720548094],[0.0,1.0,0.0,-0.049971243227647455],[0.0,0.0,1.0,0.001674809618322404],[0.0,0.0,0.0,1.0]]"
361,CP-W_TEST_01_Q06-W-10MM-POS-O3D,W_TEST_01,Weak,W_TEST_01_Q06,open3d,weak,lambda_min,0.9999212363461232,0.002509246296796089,-0.012297348781852811,1,0.01,0.009999212363461232,2.5092462967960894e-05,-0.0001229734878185281,"[[1.0,0.0,0.0,0.009999212363461232],[0.0,1.0,0.0,2.5092462967960894e-05],[0.0,0.0,1.0,-0.0001229734878185281],[0.0,0.0,0.0,1.0]]","[[1.0,0.0,0.0,0.0],[0.0,1.0,0.0,0.0],[0.0,0.0,1.0,0.0],[0.0,0.0,0.0,1.0]]","[[1.0,0.0,0.0,0.009999212363461232],[0.0,1.0,0.0,2.5092462967960894e-05],[0.0,0.0,1.0,-0.0001229734878185281],[0.0,0.0,0.0,1.0]]"
362,CP-W_TEST_01_Q06-W-10MM-POS-PCL,W_TEST_01,Weak,W_TEST_01_Q06,pcl,weak,lambda_min,0.9999212363461232,0.002509246296796089,-0.012297348781852811,1,0.01,0.009999212363461232,2.5092462967960894e-05,-0.0001229734878185281,"[[1.0,0.0,0.0,0.009999212363461232],[0.0,1.0,0.0,2.5092462967960894e-05],[0.0,0.0,1.0,-0.0001229734878185281],[0.0,0.0,0.0,1.0]]","[[1.0,0.0,0.0,0.0],[0.0,1.0,0.0,0.0],[0.0,0.0,1.0,0.0],[0.0,0.0,0.0,1.0]]","[[1.0,0.0,0.0,0.009999212363461232],[0.0,1.0,0.0,2.5092462967960894e-05],[0.0,0.0,1.0,-0.0001229734878185281],[0.0,0.0,0.0,1.0]]"
363,CP-W_TEST_01_Q06-W-10MM-NEG-O3D,W_TEST_01,Weak,W_TEST_01_Q06,open3d,weak,lambda_min,0.9999212363461232,0.002509246296796089,-0.012297348781852811,-1,0.01,-0.009999212363461232,-2.5092462967960894e-05,0.0001229734878185281,"[[1.0,0.0,0.0,-0.009999212363461232],[0.0,1.0,0.0,-2.5092462967960894e-05],[0.0,0.0,1.0,0.0001229734878185281],[0.0,0.0,0.0,1.0]]","[[1.0,0.0,0.0,0.0],[0.0,1.0,0.0,0.0],[0.0,0.0,1.0,0.0],[0.0,0.0,0.0,1.0]]","[[1.0,0.0,0.0,-0.009999212363461232],[0.0,1.0,0.0,-2.5092462967960894e-05],[0.0,0.0,1.0,0.0001229734878185281],[0.0,0.0,0.0,1.0]]"
364,CP-W_TEST_01_Q06-W-10MM-NEG-PCL,W_TEST_01,Weak,W_TEST_01_Q06,pcl,weak,lambda_min,0.9999212363461232,0.002509246296796089,-0.012297348781852811,-1,0.01,-0.009999212363461232,-2.5092462967960894e-05,0.0001229734878185281,"[[1.0,0.0,0.0,-0.009999212363461232],[0.0,1.0,0.0,-2.5092462967960894e-05],[0.0,0.0,1.0,0.0001229734878185281],[0.0,0.0,0.0,1.0]]","[[1.0,0.0,0.0,0.0],[0.0,1.0,0.0,0.0],[0.0,0.0,1.0,0.0],[0.0,0.0,0.0,1.0]]","[[1.0,0.0,0.0,-0.009999212363461232],[0.0,1.0,0.0,-2.5092462967960894e-05],[0.0,0.0,1.0,0.0001229734878185281],[0.0,0.0,0.0,1.0]]"
365,CP-W_TEST_01_Q06-W-30MM-POS-O3D,W_TEST_01,Weak,W_TEST_01_Q06,open3d,weak,lambda_min,0.9999212363461232,0.002509246296796089,-0.012297348781852811,1,0.03,0.029997637090383694,7.527738890388267e-05,-0.0003689204634555843,"[[1.0,0.0,0.0,0.029997637090383694],[0.0,1.0,0.0,7.527738890388267e-05],[0.0,0.0,1.0,-0.0003689204634555843],[0.0,0.0,0.0,1.0]]","[[1.0,0.0,0.0,0.0],[0.0,1.0,0.0,0.0],[0.0,0.0,1.0,0.0],[0.0,0.0,0.0,1.0]]","[[1.0,0.0,0.0,0.029997637090383694],[0.0,1.0,0.0,7.527738890388267e-05],[0.0,0.0,1.0,-0.0003689204634555843],[0.0,0.0,0.0,1.0]]"
366,CP-W_TEST_01_Q06-W-30MM-POS-PCL,W_TEST_01,Weak,W_TEST_01_Q06,pcl,weak,lambda_min,0.9999212363461232,0.002509246296796089,-0.012297348781852811,1,0.03,0.029997637090383694,7.527738890388267e-05,-0.0003689204634555843,"[[1.0,0.0,0.0,0.029997637090383694],[0.0,1.0,0.0,7.527738890388267e-05],[0.0,0.0,1.0,-0.0003689204634555843],[0.0,0.0,0.0,1.0]]","[[1.0,0.0,0.0,0.0],[0.0,1.0,0.0,0.0],[0.0,0.0,1.0,0.0],[0.0,0.0,0.0,1.0]]","[[1.0,0.0,0.0,0.029997637090383694],[0.0,1.0,0.0,7.527738890388267e-05],[0.0,0.0,1.0,-0.0003689204634555843],[0.0,0.0,0.0,1.0]]"
367,CP-W_TEST_01_Q06-W-30MM-NEG-O3D,W_TEST_01,Weak,W_TEST_01_Q06,open3d,weak,lambda_min,0.9999212363461232,0.002509246296796089,-0.012297348781852811,-1,0.03,-0.029997637090383694,-7.527738890388267e-05,0.0003689204634555843,"[[1.0,0.0,0.0,-0.029997637090383694],[0.0,1.0,0.0,-7.527738890388267e-05],[0.0,0.0,1.0,0.0003689204634555843],[0.0,0.0,0.0,1.0]]","[[1.0,0.0,0.0,0.0],[0.0,1.0,0.0,0.0],[0.0,0.0,1.0,0.0],[0.0,0.0,0.0,1.0]]","[[1.0,0.0,0.0,-0.029997637090383694],[0.0,1.0,0.0,-7.527738890388267e-05],[0.0,0.0,1.0,0.0003689204634555843],[0.0,0.0,0.0,1.0]]"
368,CP-W_TEST_01_Q06-W-30MM-NEG-PCL,W_TEST_01,Weak,W_TEST_01_Q06,pcl,weak,lambda_min,0.9999212363461232,0.002509246296796089,-0.012297348781852811,-1,0.03,-0.029997637090383694,-7.527738890388267e-05,0.0003689204634555843,"[[1.0,0.0,0.0,-0.029997637090383694],[0.0,1.0,0.0,-7.527738890388267e-05],[0.0,0.0,1.0,0.0003689204634555843],[0.0,0.0,0.0,1.0]]","[[1.0,0.0,0.0,0.0],[0.0,1.0,0.0,0.0],[0.0,0.0,1.0,0.0],[0.0,0.0,0.0,1.0]]","[[1.0,0.0,0.0,-0.029997637090383694],[0.0,1.0,0.0,-7.527738890388267e-05],[0.0,0.0,1.0,0.0003689204634555843],[0.0,0.0,0.0,1.0]]"
369,CP-W_TEST_01_Q06-W-50MM-POS-O3D,W_TEST_01,Weak,W_TEST_01_Q06,open3d,weak,lambda_min,0.9999212363461232,0.002509246296796089,-0.012297348781852811,1,0.05,0.04999606181730616,0.00012546231483980447,-0.0006148674390926406,"[[1.0,0.0,0.0,0.04999606181730616],[0.0,1.0,0.0,0.00012546231483980447],[0.0,0.0,1.0,-0.0006148674390926406],[0.0,0.0,0.0,1.0]]","[[1.0,0.0,0.0,0.0],[0.0,1.0,0.0,0.0],[0.0,0.0,1.0,0.0],[0.0,0.0,0.0,1.0]]","[[1.0,0.0,0.0,0.04999606181730616],[0.0,1.0,0.0,0.00012546231483980447],[0.0,0.0,1.0,-0.0006148674390926406],[0.0,0.0,0.0,1.0]]"
370,CP-W_TEST_01_Q06-W-50MM-POS-PCL,W_TEST_01,Weak,W_TEST_01_Q06,pcl,weak,lambda_min,0.9999212363461232,0.002509246296796089,-0.012297348781852811,1,0.05,0.04999606181730616,0.00012546231483980447,-0.0006148674390926406,"[[1.0,0.0,0.0,0.04999606181730616],[0.0,1.0,0.0,0.00012546231483980447],[0.0,0.0,1.0,-0.0006148674390926406],[0.0,0.0,0.0,1.0]]","[[1.0,0.0,0.0,0.0],[0.0,1.0,0.0,0.0],[0.0,0.0,1.0,0.0],[0.0,0.0,0.0,1.0]]","[[1.0,0.0,0.0,0.04999606181730616],[0.0,1.0,0.0,0.00012546231483980447],[0.0,0.0,1.0,-0.0006148674390926406],[0.0,0.0,0.0,1.0]]"
371,CP-W_TEST_01_Q06-W-50MM-NEG-O3D,W_TEST_01,Weak,W_TEST_01_Q06,open3d,weak,lambda_min,0.9999212363461232,0.002509246296796089,-0.012297348781852811,-1,0.05,-0.04999606181730616,-0.00012546231483980447,0.0006148674390926406,"[[1.0,0.0,0.0,-0.04999606181730616],[0.0,1.0,0.0,-0.00012546231483980447],[0.0,0.0,1.0,0.0006148674390926406],[0.0,0.0,0.0,1.0]]","[[1.0,0.0,0.0,0.0],[0.0,1.0,0.0,0.0],[0.0,0.0,1.0,0.0],[0.0,0.0,0.0,1.0]]","[[1.0,0.0,0.0,-0.04999606181730616],[0.0,1.0,0.0,-0.00012546231483980447],[0.0,0.0,1.0,0.0006148674390926406],[0.0,0.0,0.0,1.0]]"
372,CP-W_TEST_01_Q06-W-50MM-NEG-PCL,W_TEST_01,Weak,W_TEST_01_Q06,pcl,weak,lambda_min,0.9999212363461232,0.002509246296796089,-0.012297348781852811,-1,0.05,-0.04999606181730616,-0.00012546231483980447,0.0006148674390926406,"[[1.0,0.0,0.0,-0.04999606181730616],[0.0,1.0,0.0,-0.00012546231483980447],[0.0,0.0,1.0,0.0006148674390926406],[0.0,0.0,0.0,1.0]]","[[1.0,0.0,0.0,0.0],[0.0,1.0,0.0,0.0],[0.0,0.0,1.0,0.0],[0.0,0.0,0.0,1.0]]","[[1.0,0.0,0.0,-0.04999606181730616],[0.0,1.0,0.0,-0.00012546231483980447],[0.0,0.0,1.0,0.0006148674390926406],[0.0,0.0,0.0,1.0]]"
373,CP-W_TEST_01_Q06-S-10MM-POS-O3D,W_TEST_01,Weak,W_TEST_01_Q06,open3d,strong,lambda_max,-0.002887334392087367,0.9995206320699198,-0.030824817382372416,1,0.01,-2.887334392087367e-05,0.009995206320699198,-0.00030824817382372414,"[[1.0,0.0,0.0,-2.887334392087367e-05],[0.0,1.0,0.0,0.009995206320699198],[0.0,0.0,1.0,-0.00030824817382372414],[0.0,0.0,0.0,1.0]]","[[1.0,0.0,0.0,0.0],[0.0,1.0,0.0,0.0],[0.0,0.0,1.0,0.0],[0.0,0.0,0.0,1.0]]","[[1.0,0.0,0.0,-2.887334392087367e-05],[0.0,1.0,0.0,0.009995206320699198],[0.0,0.0,1.0,-0.00030824817382372414],[0.0,0.0,0.0,1.0]]"
374,CP-W_TEST_01_Q06-S-10MM-POS-PCL,W_TEST_01,Weak,W_TEST_01_Q06,pcl,strong,lambda_max,-0.002887334392087367,0.9995206320699198,-0.030824817382372416,1,0.01,-2.887334392087367e-05,0.009995206320699198,-0.00030824817382372414,"[[1.0,0.0,0.0,-2.887334392087367e-05],[0.0,1.0,0.0,0.009995206320699198],[0.0,0.0,1.0,-0.00030824817382372414],[0.0,0.0,0.0,1.0]]","[[1.0,0.0,0.0,0.0],[0.0,1.0,0.0,0.0],[0.0,0.0,1.0,0.0],[0.0,0.0,0.0,1.0]]","[[1.0,0.0,0.0,-2.887334392087367e-05],[0.0,1.0,0.0,0.009995206320699198],[0.0,0.0,1.0,-0.00030824817382372414],[0.0,0.0,0.0,1.0]]"
375,CP-W_TEST_01_Q06-S-10MM-NEG-O3D,W_TEST_01,Weak,W_TEST_01_Q06,open3d,strong,lambda_max,-0.002887334392087367,0.9995206320699198,-0.030824817382372416,-1,0.01,2.887334392087367e-05,-0.009995206320699198,0.00030824817382372414,"[[1.0,0.0,0.0,2.887334392087367e-05],[0.0,1.0,0.0,-0.009995206320699198],[0.0,0.0,1.0,0.00030824817382372414],[0.0,0.0,0.0,1.0]]","[[1.0,0.0,0.0,0.0],[0.0,1.0,0.0,0.0],[0.0,0.0,1.0,0.0],[0.0,0.0,0.0,1.0]]","[[1.0,0.0,0.0,2.887334392087367e-05],[0.0,1.0,0.0,-0.009995206320699198],[0.0,0.0,1.0,0.00030824817382372414],[0.0,0.0,0.0,1.0]]"
376,CP-W_TEST_01_Q06-S-10MM-NEG-PCL,W_TEST_01,Weak,W_TEST_01_Q06,pcl,strong,lambda_max,-0.002887334392087367,0.9995206320699198,-0.030824817382372416,-1,0.01,2.887334392087367e-05,-0.009995206320699198,0.00030824817382372414,"[[1.0,0.0,0.0,2.887334392087367e-05],[0.0,1.0,0.0,-0.009995206320699198],[0.0,0.0,1.0,0.00030824817382372414],[0.0,0.0,0.0,1.0]]","[[1.0,0.0,0.0,0.0],[0.0,1.0,0.0,0.0],[0.0,0.0,1.0,0.0],[0.0,0.0,0.0,1.0]]","[[1.0,0.0,0.0,2.887334392087367e-05],[0.0,1.0,0.0,-0.009995206320699198],[0.0,0.0,1.0,0.00030824817382372414],[0.0,0.0,0.0,1.0]]"
377,CP-W_TEST_01_Q06-S-30MM-POS-O3D,W_TEST_01,Weak,W_TEST_01_Q06,open3d,strong,lambda_max,-0.002887334392087367,0.9995206320699198,-0.030824817382372416,1,0.03,-8.662003176262101e-05,0.029985618962097595,-0.0009247445214711725,"[[1.0,0.0,0.0,-8.662003176262101e-05],[0.0,1.0,0.0,0.029985618962097595],[0.0,0.0,1.0,-0.0009247445214711725],[0.0,0.0,0.0,1.0]]","[[1.0,0.0,0.0,0.0],[0.0,1.0,0.0,0.0],[0.0,0.0,1.0,0.0],[0.0,0.0,0.0,1.0]]","[[1.0,0.0,0.0,-8.662003176262101e-05],[0.0,1.0,0.0,0.029985618962097595],[0.0,0.0,1.0,-0.0009247445214711725],[0.0,0.0,0.0,1.0]]"
378,CP-W_TEST_01_Q06-S-30MM-POS-PCL,W_TEST_01,Weak,W_TEST_01_Q06,pcl,strong,lambda_max,-0.002887334392087367,0.9995206320699198,-0.030824817382372416,1,0.03,-8.662003176262101e-05,0.029985618962097595,-0.0009247445214711725,"[[1.0,0.0,0.0,-8.662003176262101e-05],[0.0,1.0,0.0,0.029985618962097595],[0.0,0.0,1.0,-0.0009247445214711725],[0.0,0.0,0.0,1.0]]","[[1.0,0.0,0.0,0.0],[0.0,1.0,0.0,0.0],[0.0,0.0,1.0,0.0],[0.0,0.0,0.0,1.0]]","[[1.0,0.0,0.0,-8.662003176262101e-05],[0.0,1.0,0.0,0.029985618962097595],[0.0,0.0,1.0,-0.0009247445214711725],[0.0,0.0,0.0,1.0]]"
379,CP-W_TEST_01_Q06-S-30MM-NEG-O3D,W_TEST_01,Weak,W_TEST_01_Q06,open3d,strong,lambda_max,-0.002887334392087367,0.9995206320699198,-0.030824817382372416,-1,0.03,8.662003176262101e-05,-0.029985618962097595,0.0009247445214711725,"[[1.0,0.0,0.0,8.662003176262101e-05],[0.0,1.0,0.0,-0.029985618962097595],[0.0,0.0,1.0,0.0009247445214711725],[0.0,0.0,0.0,1.0]]","[[1.0,0.0,0.0,0.0],[0.0,1.0,0.0,0.0],[0.0,0.0,1.0,0.0],[0.0,0.0,0.0,1.0]]","[[1.0,0.0,0.0,8.662003176262101e-05],[0.0,1.0,0.0,-0.029985618962097595],[0.0,0.0,1.0,0.0009247445214711725],[0.0,0.0,0.0,1.0]]"
380,CP-W_TEST_01_Q06-S-30MM-NEG-PCL,W_TEST_01,Weak,W_TEST_01_Q06,pcl,strong,lambda_max,-0.002887334392087367,0.9995206320699198,-0.030824817382372416,-1,0.03,8.662003176262101e-05,-0.029985618962097595,0.0009247445214711725,"[[1.0,0.0,0.0,8.662003176262101e-05],[0.0,1.0,0.0,-0.029985618962097595],[0.0,0.0,1.0,0.0009247445214711725],[0.0,0.0,0.0,1.0]]","[[1.0,0.0,0.0,0.0],[0.0,1.0,0.0,0.0],[0.0,0.0,1.0,0.0],[0.0,0.0,0.0,1.0]]","[[1.0,0.0,0.0,8.662003176262101e-05],[0.0,1.0,0.0,-0.029985618962097595],[0.0,0.0,1.0,0.0009247445214711725],[0.0,0.0,0.0,1.0]]"
381,CP-W_TEST_01_Q06-S-50MM-POS-O3D,W_TEST_01,Weak,W_TEST_01_Q06,open3d,strong,lambda_max,-0.002887334392087367,0.9995206320699198,-0.030824817382372416,1,0.05,-0.00014436671960436836,0.04997603160349599,-0.001541240869118621,"[[1.0,0.0,0.0,-0.00014436671960436836],[0.0,1.0,0.0,0.04997603160349599],[0.0,0.0,1.0,-0.001541240869118621],[0.0,0.0,0.0,1.0]]","[[1.0,0.0,0.0,0.0],[0.0,1.0,0.0,0.0],[0.0,0.0,1.0,0.0],[0.0,0.0,0.0,1.0]]","[[1.0,0.0,0.0,-0.00014436671960436836],[0.0,1.0,0.0,0.04997603160349599],[0.0,0.0,1.0,-0.001541240869118621],[0.0,0.0,0.0,1.0]]"
382,CP-W_TEST_01_Q06-S-50MM-POS-PCL,W_TEST_01,Weak,W_TEST_01_Q06,pcl,strong,lambda_max,-0.002887334392087367,0.9995206320699198,-0.030824817382372416,1,0.05,-0.00014436671960436836,0.04997603160349599,-0.001541240869118621,"[[1.0,0.0,0.0,-0.00014436671960436836],[0.0,1.0,0.0,0.04997603160349599],[0.0,0.0,1.0,-0.001541240869118621],[0.0,0.0,0.0,1.0]]","[[1.0,0.0,0.0,0.0],[0.0,1.0,0.0,0.0],[0.0,0.0,1.0,0.0],[0.0,0.0,0.0,1.0]]","[[1.0,0.0,0.0,-0.00014436671960436836],[0.0,1.0,0.0,0.04997603160349599],[0.0,0.0,1.0,-0.001541240869118621],[0.0,0.0,0.0,1.0]]"
383,CP-W_TEST_01_Q06-S-50MM-NEG-O3D,W_TEST_01,Weak,W_TEST_01_Q06,open3d,strong,lambda_max,-0.002887334392087367,0.9995206320699198,-0.030824817382372416,-1,0.05,0.00014436671960436836,-0.04997603160349599,0.001541240869118621,"[[1.0,0.0,0.0,0.00014436671960436836],[0.0,1.0,0.0,-0.04997603160349599],[0.0,0.0,1.0,0.001541240869118621],[0.0,0.0,0.0,1.0]]","[[1.0,0.0,0.0,0.0],[0.0,1.0,0.0,0.0],[0.0,0.0,1.0,0.0],[0.0,0.0,0.0,1.0]]","[[1.0,0.0,0.0,0.00014436671960436836],[0.0,1.0,0.0,-0.04997603160349599],[0.0,0.0,1.0,0.001541240869118621],[0.0,0.0,0.0,1.0]]"
384,CP-W_TEST_01_Q06-S-50MM-NEG-PCL,W_TEST_01,Weak,W_TEST_01_Q06,pcl,strong,lambda_max,-0.002887334392087367,0.9995206320699198,-0.030824817382372416,-1,0.05,0.00014436671960436836,-0.04997603160349599,0.001541240869118621,"[[1.0,0.0,0.0,0.00014436671960436836],[0.0,1.0,0.0,-0.04997603160349599],[0.0,0.0,1.0,0.001541240869118621],[0.0,0.0,0.0,1.0]]","[[1.0,0.0,0.0,0.0],[0.0,1.0,0.0,0.0],[0.0,0.0,1.0,0.0],[0.0,0.0,0.0,1.0]]","[[1.0,0.0,0.0,0.00014436671960436836],[0.0,1.0,0.0,-0.04997603160349599],[0.0,0.0,1.0,0.001541240869118621],[0.0,0.0,0.0,1.0]]"
385,CP-W_TEST_01_Q07-W-10MM-POS-O3D,W_TEST_01,Weak,W_TEST_01_Q07,open3d,weak,lambda_min,0.9998660890291479,0.004568058385287797,-0.015714224516175265,1,0.01,0.009998660890291479,4.5680583852877974e-05,-0.00015714224516175264,"[[1.0,0.0,0.0,0.009998660890291479],[0.0,1.0,0.0,4.5680583852877974e-05],[0.0,0.0,1.0,-0.00015714224516175264],[0.0,0.0,0.0,1.0]]","[[1.0,0.0,0.0,0.0],[0.0,1.0,0.0,0.0],[0.0,0.0,1.0,0.0],[0.0,0.0,0.0,1.0]]","[[1.0,0.0,0.0,0.009998660890291479],[0.0,1.0,0.0,4.5680583852877974e-05],[0.0,0.0,1.0,-0.00015714224516175264],[0.0,0.0,0.0,1.0]]"
386,CP-W_TEST_01_Q07-W-10MM-POS-PCL,W_TEST_01,Weak,W_TEST_01_Q07,pcl,weak,lambda_min,0.9998660890291479,0.004568058385287797,-0.015714224516175265,1,0.01,0.009998660890291479,4.5680583852877974e-05,-0.00015714224516175264,"[[1.0,0.0,0.0,0.009998660890291479],[0.0,1.0,0.0,4.5680583852877974e-05],[0.0,0.0,1.0,-0.00015714224516175264],[0.0,0.0,0.0,1.0]]","[[1.0,0.0,0.0,0.0],[0.0,1.0,0.0,0.0],[0.0,0.0,1.0,0.0],[0.0,0.0,0.0,1.0]]","[[1.0,0.0,0.0,0.009998660890291479],[0.0,1.0,0.0,4.5680583852877974e-05],[0.0,0.0,1.0,-0.00015714224516175264],[0.0,0.0,0.0,1.0]]"
387,CP-W_TEST_01_Q07-W-10MM-NEG-O3D,W_TEST_01,Weak,W_TEST_01_Q07,open3d,weak,lambda_min,0.9998660890291479,0.004568058385287797,-0.015714224516175265,-1,0.01,-0.009998660890291479,-4.5680583852877974e-05,0.00015714224516175264,"[[1.0,0.0,0.0,-0.009998660890291479],[0.0,1.0,0.0,-4.5680583852877974e-05],[0.0,0.0,1.0,0.00015714224516175264],[0.0,0.0,0.0,1.0]]","[[1.0,0.0,0.0,0.0],[0.0,1.0,0.0,0.0],[0.0,0.0,1.0,0.0],[0.0,0.0,0.0,1.0]]","[[1.0,0.0,0.0,-0.009998660890291479],[0.0,1.0,0.0,-4.5680583852877974e-05],[0.0,0.0,1.0,0.00015714224516175264],[0.0,0.0,0.0,1.0]]"
388,CP-W_TEST_01_Q07-W-10MM-NEG-PCL,W_TEST_01,Weak,W_TEST_01_Q07,pcl,weak,lambda_min,0.9998660890291479,0.004568058385287797,-0.015714224516175265,-1,0.01,-0.009998660890291479,-4.5680583852877974e-05,0.00015714224516175264,"[[1.0,0.0,0.0,-0.009998660890291479],[0.0,1.0,0.0,-4.5680583852877974e-05],[0.0,0.0,1.0,0.00015714224516175264],[0.0,0.0,0.0,1.0]]","[[1.0,0.0,0.0,0.0],[0.0,1.0,0.0,0.0],[0.0,0.0,1.0,0.0],[0.0,0.0,0.0,1.0]]","[[1.0,0.0,0.0,-0.009998660890291479],[0.0,1.0,0.0,-4.5680583852877974e-05],[0.0,0.0,1.0,0.00015714224516175264],[0.0,0.0,0.0,1.0]]"
389,CP-W_TEST_01_Q07-W-30MM-POS-O3D,W_TEST_01,Weak,W_TEST_01_Q07,open3d,weak,lambda_min,0.9998660890291479,0.004568058385287797,-0.015714224516175265,1,0.03,0.029995982670874433,0.00013704175155863392,-0.0004714267354852579,"[[1.0,0.0,0.0,0.029995982670874433],[0.0,1.0,0.0,0.00013704175155863392],[0.0,0.0,1.0,-0.0004714267354852579],[0.0,0.0,0.0,1.0]]","[[1.0,0.0,0.0,0.0],[0.0,1.0,0.0,0.0],[0.0,0.0,1.0,0.0],[0.0,0.0,0.0,1.0]]","[[1.0,0.0,0.0,0.029995982670874433],[0.0,1.0,0.0,0.00013704175155863392],[0.0,0.0,1.0,-0.0004714267354852579],[0.0,0.0,0.0,1.0]]"
390,CP-W_TEST_01_Q07-W-30MM-POS-PCL,W_TEST_01,Weak,W_TEST_01_Q07,pcl,weak,lambda_min,0.9998660890291479,0.004568058385287797,-0.015714224516175265,1,0.03,0.029995982670874433,0.00013704175155863392,-0.0004714267354852579,"[[1.0,0.0,0.0,0.029995982670874433],[0.0,1.0,0.0,0.00013704175155863392],[0.0,0.0,1.0,-0.0004714267354852579],[0.0,0.0,0.0,1.0]]","[[1.0,0.0,0.0,0.0],[0.0,1.0,0.0,0.0],[0.0,0.0,1.0,0.0],[0.0,0.0,0.0,1.0]]","[[1.0,0.0,0.0,0.029995982670874433],[0.0,1.0,0.0,0.00013704175155863392],[0.0,0.0,1.0,-0.0004714267354852579],[0.0,0.0,0.0,1.0]]"
391,CP-W_TEST_01_Q07-W-30MM-NEG-O3D,W_TEST_01,Weak,W_TEST_01_Q07,open3d,weak,lambda_min,0.9998660890291479,0.004568058385287797,-0.015714224516175265,-1,0.03,-0.029995982670874433,-0.00013704175155863392,0.0004714267354852579,"[[1.0,0.0,0.0,-0.029995982670874433],[0.0,1.0,0.0,-0.00013704175155863392],[0.0,0.0,1.0,0.0004714267354852579],[0.0,0.0,0.0,1.0]]","[[1.0,0.0,0.0,0.0],[0.0,1.0,0.0,0.0],[0.0,0.0,1.0,0.0],[0.0,0.0,0.0,1.0]]","[[1.0,0.0,0.0,-0.029995982670874433],[0.0,1.0,0.0,-0.00013704175155863392],[0.0,0.0,1.0,0.0004714267354852579],[0.0,0.0,0.0,1.0]]"
392,CP-W_TEST_01_Q07-W-30MM-NEG-PCL,W_TEST_01,Weak,W_TEST_01_Q07,pcl,weak,lambda_min,0.9998660890291479,0.004568058385287797,-0.015714224516175265,-1,0.03,-0.029995982670874433,-0.00013704175155863392,0.0004714267354852579,"[[1.0,0.0,0.0,-0.029995982670874433],[0.0,1.0,0.0,-0.00013704175155863392],[0.0,0.0,1.0,0.0004714267354852579],[0.0,0.0,0.0,1.0]]","[[1.0,0.0,0.0,0.0],[0.0,1.0,0.0,0.0],[0.0,0.0,1.0,0.0],[0.0,0.0,0.0,1.0]]","[[1.0,0.0,0.0,-0.029995982670874433],[0.0,1.0,0.0,-0.00013704175155863392],[0.0,0.0,1.0,0.0004714267354852579],[0.0,0.0,0.0,1.0]]"
393,CP-W_TEST_01_Q07-W-50MM-POS-O3D,W_TEST_01,Weak,W_TEST_01_Q07,open3d,weak,lambda_min,0.9998660890291479,0.004568058385287797,-0.015714224516175265,1,0.05,0.049993304451457395,0.00022840291926438987,-0.0007857112258087633,"[[1.0,0.0,0.0,0.049993304451457395],[0.0,1.0,0.0,0.00022840291926438987],[0.0,0.0,1.0,-0.0007857112258087633],[0.0,0.0,0.0,1.0]]","[[1.0,0.0,0.0,0.0],[0.0,1.0,0.0,0.0],[0.0,0.0,1.0,0.0],[0.0,0.0,0.0,1.0]]","[[1.0,0.0,0.0,0.049993304451457395],[0.0,1.0,0.0,0.00022840291926438987],[0.0,0.0,1.0,-0.0007857112258087633],[0.0,0.0,0.0,1.0]]"
394,CP-W_TEST_01_Q07-W-50MM-POS-PCL,W_TEST_01,Weak,W_TEST_01_Q07,pcl,weak,lambda_min,0.9998660890291479,0.004568058385287797,-0.015714224516175265,1,0.05,0.049993304451457395,0.00022840291926438987,-0.0007857112258087633,"[[1.0,0.0,0.0,0.049993304451457395],[0.0,1.0,0.0,0.00022840291926438987],[0.0,0.0,1.0,-0.0007857112258087633],[0.0,0.0,0.0,1.0]]","[[1.0,0.0,0.0,0.0],[0.0,1.0,0.0,0.0],[0.0,0.0,1.0,0.0],[0.0,0.0,0.0,1.0]]","[[1.0,0.0,0.0,0.049993304451457395],[0.0,1.0,0.0,0.00022840291926438987],[0.0,0.0,1.0,-0.0007857112258087633],[0.0,0.0,0.0,1.0]]"
395,CP-W_TEST_01_Q07-W-50MM-NEG-O3D,W_TEST_01,Weak,W_TEST_01_Q07,open3d,weak,lambda_min,0.9998660890291479,0.004568058385287797,-0.015714224516175265,-1,0.05,-0.049993304451457395,-0.00022840291926438987,0.0007857112258087633,"[[1.0,0.0,0.0,-0.049993304451457395],[0.0,1.0,0.0,-0.00022840291926438987],[0.0,0.0,1.0,0.0007857112258087633],[0.0,0.0,0.0,1.0]]","[[1.0,0.0,0.0,0.0],[0.0,1.0,0.0,0.0],[0.0,0.0,1.0,0.0],[0.0,0.0,0.0,1.0]]","[[1.0,0.0,0.0,-0.049993304451457395],[0.0,1.0,0.0,-0.00022840291926438987],[0.0,0.0,1.0,0.0007857112258087633],[0.0,0.0,0.0,1.0]]"
396,CP-W_TEST_01_Q07-W-50MM-NEG-PCL,W_TEST_01,Weak,W_TEST_01_Q07,pcl,weak,lambda_min,0.9998660890291479,0.004568058385287797,-0.015714224516175265,-1,0.05,-0.049993304451457395,-0.00022840291926438987,0.0007857112258087633,"[[1.0,0.0,0.0,-0.049993304451457395],[0.0,1.0,0.0,-0.00022840291926438987],[0.0,0.0,1.0,0.0007857112258087633],[0.0,0.0,0.0,1.0]]","[[1.0,0.0,0.0,0.0],[0.0,1.0,0.0,0.0],[0.0,0.0,1.0,0.0],[0.0,0.0,0.0,1.0]]","[[1.0,0.0,0.0,-0.049993304451457395],[0.0,1.0,0.0,-0.00022840291926438987],[0.0,0.0,1.0,0.0007857112258087633],[0.0,0.0,0.0,1.0]]"
397,CP-W_TEST_01_Q07-S-10MM-POS-O3D,W_TEST_01,Weak,W_TEST_01_Q07,open3d,strong,lambda_max,-0.005093991720064798,0.9994226124239631,-0.03359305023389181,1,0.01,-5.093991720064798e-05,0.009994226124239631,-0.0003359305023389181,"[[1.0,0.0,0.0,-5.093991720064798e-05],[0.0,1.0,0.0,0.009994226124239631],[0.0,0.0,1.0,-0.0003359305023389181],[0.0,0.0,0.0,1.0]]","[[1.0,0.0,0.0,0.0],[0.0,1.0,0.0,0.0],[0.0,0.0,1.0,0.0],[0.0,0.0,0.0,1.0]]","[[1.0,0.0,0.0,-5.093991720064798e-05],[0.0,1.0,0.0,0.009994226124239631],[0.0,0.0,1.0,-0.0003359305023389181],[0.0,0.0,0.0,1.0]]"
398,CP-W_TEST_01_Q07-S-10MM-POS-PCL,W_TEST_01,Weak,W_TEST_01_Q07,pcl,strong,lambda_max,-0.005093991720064798,0.9994226124239631,-0.03359305023389181,1,0.01,-5.093991720064798e-05,0.009994226124239631,-0.0003359305023389181,"[[1.0,0.0,0.0,-5.093991720064798e-05],[0.0,1.0,0.0,0.009994226124239631],[0.0,0.0,1.0,-0.0003359305023389181],[0.0,0.0,0.0,1.0]]","[[1.0,0.0,0.0,0.0],[0.0,1.0,0.0,0.0],[0.0,0.0,1.0,0.0],[0.0,0.0,0.0,1.0]]","[[1.0,0.0,0.0,-5.093991720064798e-05],[0.0,1.0,0.0,0.009994226124239631],[0.0,0.0,1.0,-0.0003359305023389181],[0.0,0.0,0.0,1.0]]"
399,CP-W_TEST_01_Q07-S-10MM-NEG-O3D,W_TEST_01,Weak,W_TEST_01_Q07,open3d,strong,lambda_max,-0.005093991720064798,0.9994226124239631,-0.03359305023389181,-1,0.01,5.093991720064798e-05,-0.009994226124239631,0.0003359305023389181,"[[1.0,0.0,0.0,5.093991720064798e-05],[0.0,1.0,0.0,-0.009994226124239631],[0.0,0.0,1.0,0.0003359305023389181],[0.0,0.0,0.0,1.0]]","[[1.0,0.0,0.0,0.0],[0.0,1.0,0.0,0.0],[0.0,0.0,1.0,0.0],[0.0,0.0,0.0,1.0]]","[[1.0,0.0,0.0,5.093991720064798e-05],[0.0,1.0,0.0,-0.009994226124239631],[0.0,0.0,1.0,0.0003359305023389181],[0.0,0.0,0.0,1.0]]"
400,CP-W_TEST_01_Q07-S-10MM-NEG-PCL,W_TEST_01,Weak,W_TEST_01_Q07,pcl,strong,lambda_max,-0.005093991720064798,0.9994226124239631,-0.03359305023389181,-1,0.01,5.093991720064798e-05,-0.009994226124239631,0.0003359305023389181,"[[1.0,0.0,0.0,5.093991720064798e-05],[0.0,1.0,0.0,-0.009994226124239631],[0.0,0.0,1.0,0.0003359305023389181],[0.0,0.0,0.0,1.0]]","[[1.0,0.0,0.0,0.0],[0.0,1.0,0.0,0.0],[0.0,0.0,1.0,0.0],[0.0,0.0,0.0,1.0]]","[[1.0,0.0,0.0,5.093991720064798e-05],[0.0,1.0,0.0,-0.009994226124239631],[0.0,0.0,1.0,0.0003359305023389181],[0.0,0.0,0.0,1.0]]"
401,CP-W_TEST_01_Q07-S-30MM-POS-O3D,W_TEST_01,Weak,W_TEST_01_Q07,open3d,strong,lambda_max,-0.005093991720064798,0.9994226124239631,-0.03359305023389181,1,0.03,-0.00015281975160194393,0.029982678372718893,-0.0010077915070167542,"[[1.0,0.0,0.0,-0.00015281975160194393],[0.0,1.0,0.0,0.029982678372718893],[0.0,0.0,1.0,-0.0010077915070167542],[0.0,0.0,0.0,1.0]]","[[1.0,0.0,0.0,0.0],[0.0,1.0,0.0,0.0],[0.0,0.0,1.0,0.0],[0.0,0.0,0.0,1.0]]","[[1.0,0.0,0.0,-0.00015281975160194393],[0.0,1.0,0.0,0.029982678372718893],[0.0,0.0,1.0,-0.0010077915070167542],[0.0,0.0,0.0,1.0]]"
402,CP-W_TEST_01_Q07-S-30MM-POS-PCL,W_TEST_01,Weak,W_TEST_01_Q07,pcl,strong,lambda_max,-0.005093991720064798,0.9994226124239631,-0.03359305023389181,1,0.03,-0.00015281975160194393,0.029982678372718893,-0.0010077915070167542,"[[1.0,0.0,0.0,-0.00015281975160194393],[0.0,1.0,0.0,0.029982678372718893],[0.0,0.0,1.0,-0.0010077915070167542],[0.0,0.0,0.0,1.0]]","[[1.0,0.0,0.0,0.0],[0.0,1.0,0.0,0.0],[0.0,0.0,1.0,0.0],[0.0,0.0,0.0,1.0]]","[[1.0,0.0,0.0,-0.00015281975160194393],[0.0,1.0,0.0,0.029982678372718893],[0.0,0.0,1.0,-0.0010077915070167542],[0.0,0.0,0.0,1.0]]"
403,CP-W_TEST_01_Q07-S-30MM-NEG-O3D,W_TEST_01,Weak,W_TEST_01_Q07,open3d,strong,lambda_max,-0.005093991720064798,0.9994226124239631,-0.03359305023389181,-1,0.03,0.00015281975160194393,-0.029982678372718893,0.0010077915070167542,"[[1.0,0.0,0.0,0.00015281975160194393],[0.0,1.0,0.0,-0.029982678372718893],[0.0,0.0,1.0,0.0010077915070167542],[0.0,0.0,0.0,1.0]]","[[1.0,0.0,0.0,0.0],[0.0,1.0,0.0,0.0],[0.0,0.0,1.0,0.0],[0.0,0.0,0.0,1.0]]","[[1.0,0.0,0.0,0.00015281975160194393],[0.0,1.0,0.0,-0.029982678372718893],[0.0,0.0,1.0,0.0010077915070167542],[0.0,0.0,0.0,1.0]]"
404,CP-W_TEST_01_Q07-S-30MM-NEG-PCL,W_TEST_01,Weak,W_TEST_01_Q07,pcl,strong,lambda_max,-0.005093991720064798,0.9994226124239631,-0.03359305023389181,-1,0.03,0.00015281975160194393,-0.029982678372718893,0.0010077915070167542,"[[1.0,0.0,0.0,0.00015281975160194393],[0.0,1.0,0.0,-0.029982678372718893],[0.0,0.0,1.0,0.0010077915070167542],[0.0,0.0,0.0,1.0]]","[[1.0,0.0,0.0,0.0],[0.0,1.0,0.0,0.0],[0.0,0.0,1.0,0.0],[0.0,0.0,0.0,1.0]]","[[1.0,0.0,0.0,0.00015281975160194393],[0.0,1.0,0.0,-0.029982678372718893],[0.0,0.0,1.0,0.0010077915070167542],[0.0,0.0,0.0,1.0]]"
405,CP-W_TEST_01_Q07-S-50MM-POS-O3D,W_TEST_01,Weak,W_TEST_01_Q07,open3d,strong,lambda_max,-0.005093991720064798,0.9994226124239631,-0.03359305023389181,1,0.05,-0.0002546995860032399,0.04997113062119816,-0.0016796525116945906,"[[1.0,0.0,0.0,-0.0002546995860032399],[0.0,1.0,0.0,0.04997113062119816],[0.0,0.0,1.0,-0.0016796525116945906],[0.0,0.0,0.0,1.0]]","[[1.0,0.0,0.0,0.0],[0.0,1.0,0.0,0.0],[0.0,0.0,1.0,0.0],[0.0,0.0,0.0,1.0]]","[[1.0,0.0,0.0,-0.0002546995860032399],[0.0,1.0,0.0,0.04997113062119816],[0.0,0.0,1.0,-0.0016796525116945906],[0.0,0.0,0.0,1.0]]"
406,CP-W_TEST_01_Q07-S-50MM-POS-PCL,W_TEST_01,Weak,W_TEST_01_Q07,pcl,strong,lambda_max,-0.005093991720064798,0.9994226124239631,-0.03359305023389181,1,0.05,-0.0002546995860032399,0.04997113062119816,-0.0016796525116945906,"[[1.0,0.0,0.0,-0.0002546995860032399],[0.0,1.0,0.0,0.04997113062119816],[0.0,0.0,1.0,-0.0016796525116945906],[0.0,0.0,0.0,1.0]]","[[1.0,0.0,0.0,0.0],[0.0,1.0,0.0,0.0],[0.0,0.0,1.0,0.0],[0.0,0.0,0.0,1.0]]","[[1.0,0.0,0.0,-0.0002546995860032399],[0.0,1.0,0.0,0.04997113062119816],[0.0,0.0,1.0,-0.0016796525116945906],[0.0,0.0,0.0,1.0]]"
407,CP-W_TEST_01_Q07-S-50MM-NEG-O3D,W_TEST_01,Weak,W_TEST_01_Q07,open3d,strong,lambda_max,-0.005093991720064798,0.9994226124239631,-0.03359305023389181,-1,0.05,0.0002546995860032399,-0.04997113062119816,0.0016796525116945906,"[[1.0,0.0,0.0,0.0002546995860032399],[0.0,1.0,0.0,-0.04997113062119816],[0.0,0.0,1.0,0.0016796525116945906],[0.0,0.0,0.0,1.0]]","[[1.0,0.0,0.0,0.0],[0.0,1.0,0.0,0.0],[0.0,0.0,1.0,0.0],[0.0,0.0,0.0,1.0]]","[[1.0,0.0,0.0,0.0002546995860032399],[0.0,1.0,0.0,-0.04997113062119816],[0.0,0.0,1.0,0.0016796525116945906],[0.0,0.0,0.0,1.0]]"
408,CP-W_TEST_01_Q07-S-50MM-NEG-PCL,W_TEST_01,Weak,W_TEST_01_Q07,pcl,strong,lambda_max,-0.005093991720064798,0.9994226124239631,-0.03359305023389181,-1,0.05,0.0002546995860032399,-0.04997113062119816,0.0016796525116945906,"[[1.0,0.0,0.0,0.0002546995860032399],[0.0,1.0,0.0,-0.04997113062119816],[0.0,0.0,1.0,0.0016796525116945906],[0.0,0.0,0.0,1.0]]","[[1.0,0.0,0.0,0.0],[0.0,1.0,0.0,0.0],[0.0,0.0,1.0,0.0],[0.0,0.0,0.0,1.0]]","[[1.0,0.0,0.0,0.0002546995860032399],[0.0,1.0,0.0,-0.04997113062119816],[0.0,0.0,1.0,0.0016796525116945906],[0.0,0.0,0.0,1.0]]"
409,CP-W_TEST_01_Q08-W-10MM-POS-O3D,W_TEST_01,Weak,W_TEST_01_Q08,open3d,weak,lambda_min,0.9998677818072259,0.0026542202613968023,-0.016042880623563138,1,0.01,0.009998677818072258,2.6542202613968024e-05,-0.00016042880623563137,"[[1.0,0.0,0.0,0.009998677818072258],[0.0,1.0,0.0,2.6542202613968024e-05],[0.0,0.0,1.0,-0.00016042880623563137],[0.0,0.0,0.0,1.0]]","[[1.0,0.0,0.0,0.0],[0.0,1.0,0.0,0.0],[0.0,0.0,1.0,0.0],[0.0,0.0,0.0,1.0]]","[[1.0,0.0,0.0,0.009998677818072258],[0.0,1.0,0.0,2.6542202613968024e-05],[0.0,0.0,1.0,-0.00016042880623563137],[0.0,0.0,0.0,1.0]]"
410,CP-W_TEST_01_Q08-W-10MM-POS-PCL,W_TEST_01,Weak,W_TEST_01_Q08,pcl,weak,lambda_min,0.9998677818072259,0.0026542202613968023,-0.016042880623563138,1,0.01,0.009998677818072258,2.6542202613968024e-05,-0.00016042880623563137,"[[1.0,0.0,0.0,0.009998677818072258],[0.0,1.0,0.0,2.6542202613968024e-05],[0.0,0.0,1.0,-0.00016042880623563137],[0.0,0.0,0.0,1.0]]","[[1.0,0.0,0.0,0.0],[0.0,1.0,0.0,0.0],[0.0,0.0,1.0,0.0],[0.0,0.0,0.0,1.0]]","[[1.0,0.0,0.0,0.009998677818072258],[0.0,1.0,0.0,2.6542202613968024e-05],[0.0,0.0,1.0,-0.00016042880623563137],[0.0,0.0,0.0,1.0]]"
411,CP-W_TEST_01_Q08-W-10MM-NEG-O3D,W_TEST_01,Weak,W_TEST_01_Q08,open3d,weak,lambda_min,0.9998677818072259,0.0026542202613968023,-0.016042880623563138,-1,0.01,-0.009998677818072258,-2.6542202613968024e-05,0.00016042880623563137,"[[1.0,0.0,0.0,-0.009998677818072258],[0.0,1.0,0.0,-2.6542202613968024e-05],[0.0,0.0,1.0,0.00016042880623563137],[0.0,0.0,0.0,1.0]]","[[1.0,0.0,0.0,0.0],[0.0,1.0,0.0,0.0],[0.0,0.0,1.0,0.0],[0.0,0.0,0.0,1.0]]","[[1.0,0.0,0.0,-0.009998677818072258],[0.0,1.0,0.0,-2.6542202613968024e-05],[0.0,0.0,1.0,0.00016042880623563137],[0.0,0.0,0.0,1.0]]"
412,CP-W_TEST_01_Q08-W-10MM-NEG-PCL,W_TEST_01,Weak,W_TEST_01_Q08,pcl,weak,lambda_min,0.9998677818072259,0.0026542202613968023,-0.016042880623563138,-1,0.01,-0.009998677818072258,-2.6542202613968024e-05,0.00016042880623563137,"[[1.0,0.0,0.0,-0.009998677818072258],[0.0,1.0,0.0,-2.6542202613968024e-05],[0.0,0.0,1.0,0.00016042880623563137],[0.0,0.0,0.0,1.0]]","[[1.0,0.0,0.0,0.0],[0.0,1.0,0.0,0.0],[0.0,0.0,1.0,0.0],[0.0,0.0,0.0,1.0]]","[[1.0,0.0,0.0,-0.009998677818072258],[0.0,1.0,0.0,-2.6542202613968024e-05],[0.0,0.0,1.0,0.00016042880623563137],[0.0,0.0,0.0,1.0]]"
413,CP-W_TEST_01_Q08-W-30MM-POS-O3D,W_TEST_01,Weak,W_TEST_01_Q08,open3d,weak,lambda_min,0.9998677818072259,0.0026542202613968023,-0.016042880623563138,1,0.03,0.029996033454216777,7.962660784190406e-05,-0.0004812864187068941,"[[1.0,0.0,0.0,0.029996033454216777],[0.0,1.0,0.0,7.962660784190406e-05],[0.0,0.0,1.0,-0.0004812864187068941],[0.0,0.0,0.0,1.0]]","[[1.0,0.0,0.0,0.0],[0.0,1.0,0.0,0.0],[0.0,0.0,1.0,0.0],[0.0,0.0,0.0,1.0]]","[[1.0,0.0,0.0,0.029996033454216777],[0.0,1.0,0.0,7.962660784190406e-05],[0.0,0.0,1.0,-0.0004812864187068941],[0.0,0.0,0.0,1.0]]"
414,CP-W_TEST_01_Q08-W-30MM-POS-PCL,W_TEST_01,Weak,W_TEST_01_Q08,pcl,weak,lambda_min,0.9998677818072259,0.0026542202613968023,-0.016042880623563138,1,0.03,0.029996033454216777,7.962660784190406e-05,-0.0004812864187068941,"[[1.0,0.0,0.0,0.029996033454216777],[0.0,1.0,0.0,7.962660784190406e-05],[0.0,0.0,1.0,-0.0004812864187068941],[0.0,0.0,0.0,1.0]]","[[1.0,0.0,0.0,0.0],[0.0,1.0,0.0,0.0],[0.0,0.0,1.0,0.0],[0.0,0.0,0.0,1.0]]","[[1.0,0.0,0.0,0.029996033454216777],[0.0,1.0,0.0,7.962660784190406e-05],[0.0,0.0,1.0,-0.0004812864187068941],[0.0,0.0,0.0,1.0]]"
415,CP-W_TEST_01_Q08-W-30MM-NEG-O3D,W_TEST_01,Weak,W_TEST_01_Q08,open3d,weak,lambda_min,0.9998677818072259,0.0026542202613968023,-0.016042880623563138,-1,0.03,-0.029996033454216777,-7.962660784190406e-05,0.0004812864187068941,"[[1.0,0.0,0.0,-0.029996033454216777],[0.0,1.0,0.0,-7.962660784190406e-05],[0.0,0.0,1.0,0.0004812864187068941],[0.0,0.0,0.0,1.0]]","[[1.0,0.0,0.0,0.0],[0.0,1.0,0.0,0.0],[0.0,0.0,1.0,0.0],[0.0,0.0,0.0,1.0]]","[[1.0,0.0,0.0,-0.029996033454216777],[0.0,1.0,0.0,-7.962660784190406e-05],[0.0,0.0,1.0,0.0004812864187068941],[0.0,0.0,0.0,1.0]]"
416,CP-W_TEST_01_Q08-W-30MM-NEG-PCL,W_TEST_01,Weak,W_TEST_01_Q08,pcl,weak,lambda_min,0.9998677818072259,0.0026542202613968023,-0.016042880623563138,-1,0.03,-0.029996033454216777,-7.962660784190406e-05,0.0004812864187068941,"[[1.0,0.0,0.0,-0.029996033454216777],[0.0,1.0,0.0,-7.962660784190406e-05],[0.0,0.0,1.0,0.0004812864187068941],[0.0,0.0,0.0,1.0]]","[[1.0,0.0,0.0,0.0],[0.0,1.0,0.0,0.0],[0.0,0.0,1.0,0.0],[0.0,0.0,0.0,1.0]]","[[1.0,0.0,0.0,-0.029996033454216777],[0.0,1.0,0.0,-7.962660784190406e-05],[0.0,0.0,1.0,0.0004812864187068941],[0.0,0.0,0.0,1.0]]"
417,CP-W_TEST_01_Q08-W-50MM-POS-O3D,W_TEST_01,Weak,W_TEST_01_Q08,open3d,weak,lambda_min,0.9998677818072259,0.0026542202613968023,-0.016042880623563138,1,0.05,0.0499933890903613,0.00013271101306984012,-0.0008021440311781569,"[[1.0,0.0,0.0,0.0499933890903613],[0.0,1.0,0.0,0.00013271101306984012],[0.0,0.0,1.0,-0.0008021440311781569],[0.0,0.0,0.0,1.0]]","[[1.0,0.0,0.0,0.0],[0.0,1.0,0.0,0.0],[0.0,0.0,1.0,0.0],[0.0,0.0,0.0,1.0]]","[[1.0,0.0,0.0,0.0499933890903613],[0.0,1.0,0.0,0.00013271101306984012],[0.0,0.0,1.0,-0.0008021440311781569],[0.0,0.0,0.0,1.0]]"
418,CP-W_TEST_01_Q08-W-50MM-POS-PCL,W_TEST_01,Weak,W_TEST_01_Q08,pcl,weak,lambda_min,0.9998677818072259,0.0026542202613968023,-0.016042880623563138,1,0.05,0.0499933890903613,0.00013271101306984012,-0.0008021440311781569,"[[1.0,0.0,0.0,0.0499933890903613],[0.0,1.0,0.0,0.00013271101306984012],[0.0,0.0,1.0,-0.0008021440311781569],[0.0,0.0,0.0,1.0]]","[[1.0,0.0,0.0,0.0],[0.0,1.0,0.0,0.0],[0.0,0.0,1.0,0.0],[0.0,0.0,0.0,1.0]]","[[1.0,0.0,0.0,0.0499933890903613],[0.0,1.0,0.0,0.00013271101306984012],[0.0,0.0,1.0,-0.0008021440311781569],[0.0,0.0,0.0,1.0]]"
419,CP-W_TEST_01_Q08-W-50MM-NEG-O3D,W_TEST_01,Weak,W_TEST_01_Q08,open3d,weak,lambda_min,0.9998677818072259,0.0026542202613968023,-0.016042880623563138,-1,0.05,-0.0499933890903613,-0.00013271101306984012,0.0008021440311781569,"[[1.0,0.0,0.0,-0.0499933890903613],[0.0,1.0,0.0,-0.00013271101306984012],[0.0,0.0,1.0,0.0008021440311781569],[0.0,0.0,0.0,1.0]]","[[1.0,0.0,0.0,0.0],[0.0,1.0,0.0,0.0],[0.0,0.0,1.0,0.0],[0.0,0.0,0.0,1.0]]","[[1.0,0.0,0.0,-0.0499933890903613],[0.0,1.0,0.0,-0.00013271101306984012],[0.0,0.0,1.0,0.0008021440311781569],[0.0,0.0,0.0,1.0]]"
420,CP-W_TEST_01_Q08-W-50MM-NEG-PCL,W_TEST_01,Weak,W_TEST_01_Q08,pcl,weak,lambda_min,0.9998677818072259,0.0026542202613968023,-0.016042880623563138,-1,0.05,-0.0499933890903613,-0.00013271101306984012,0.0008021440311781569,"[[1.0,0.0,0.0,-0.0499933890903613],[0.0,1.0,0.0,-0.00013271101306984012],[0.0,0.0,1.0,0.0008021440311781569],[0.0,0.0,0.0,1.0]]","[[1.0,0.0,0.0,0.0],[0.0,1.0,0.0,0.0],[0.0,0.0,1.0,0.0],[0.0,0.0,0.0,1.0]]","[[1.0,0.0,0.0,-0.0499933890903613],[0.0,1.0,0.0,-0.00013271101306984012],[0.0,0.0,1.0,0.0008021440311781569],[0.0,0.0,0.0,1.0]]"
421,CP-W_TEST_01_Q08-S-10MM-POS-O3D,W_TEST_01,Weak,W_TEST_01_Q08,open3d,strong,lambda_max,-0.003263298528170342,0.9992701463838257,-0.038059498535367046,1,0.01,-3.263298528170342e-05,0.009992701463838257,-0.00038059498535367045,"[[1.0,0.0,0.0,-3.263298528170342e-05],[0.0,1.0,0.0,0.009992701463838257],[0.0,0.0,1.0,-0.00038059498535367045],[0.0,0.0,0.0,1.0]]","[[1.0,0.0,0.0,0.0],[0.0,1.0,0.0,0.0],[0.0,0.0,1.0,0.0],[0.0,0.0,0.0,1.0]]","[[1.0,0.0,0.0,-3.263298528170342e-05],[0.0,1.0,0.0,0.009992701463838257],[0.0,0.0,1.0,-0.00038059498535367045],[0.0,0.0,0.0,1.0]]"
422,CP-W_TEST_01_Q08-S-10MM-POS-PCL,W_TEST_01,Weak,W_TEST_01_Q08,pcl,strong,lambda_max,-0.003263298528170342,0.9992701463838257,-0.038059498535367046,1,0.01,-3.263298528170342e-05,0.009992701463838257,-0.00038059498535367045,"[[1.0,0.0,0.0,-3.263298528170342e-05],[0.0,1.0,0.0,0.009992701463838257],[0.0,0.0,1.0,-0.00038059498535367045],[0.0,0.0,0.0,1.0]]","[[1.0,0.0,0.0,0.0],[0.0,1.0,0.0,0.0],[0.0,0.0,1.0,0.0],[0.0,0.0,0.0,1.0]]","[[1.0,0.0,0.0,-3.263298528170342e-05],[0.0,1.0,0.0,0.009992701463838257],[0.0,0.0,1.0,-0.00038059498535367045],[0.0,0.0,0.0,1.0]]"
423,CP-W_TEST_01_Q08-S-10MM-NEG-O3D,W_TEST_01,Weak,W_TEST_01_Q08,open3d,strong,lambda_max,-0.003263298528170342,0.9992701463838257,-0.038059498535367046,-1,0.01,3.263298528170342e-05,-0.009992701463838257,0.00038059498535367045,"[[1.0,0.0,0.0,3.263298528170342e-05],[0.0,1.0,0.0,-0.009992701463838257],[0.0,0.0,1.0,0.00038059498535367045],[0.0,0.0,0.0,1.0]]","[[1.0,0.0,0.0,0.0],[0.0,1.0,0.0,0.0],[0.0,0.0,1.0,0.0],[0.0,0.0,0.0,1.0]]","[[1.0,0.0,0.0,3.263298528170342e-05],[0.0,1.0,0.0,-0.009992701463838257],[0.0,0.0,1.0,0.00038059498535367045],[0.0,0.0,0.0,1.0]]"
424,CP-W_TEST_01_Q08-S-10MM-NEG-PCL,W_TEST_01,Weak,W_TEST_01_Q08,pcl,strong,lambda_max,-0.003263298528170342,0.9992701463838257,-0.038059498535367046,-1,0.01,3.263298528170342e-05,-0.009992701463838257,0.00038059498535367045,"[[1.0,0.0,0.0,3.263298528170342e-05],[0.0,1.0,0.0,-0.009992701463838257],[0.0,0.0,1.0,0.00038059498535367045],[0.0,0.0,0.0,1.0]]","[[1.0,0.0,0.0,0.0],[0.0,1.0,0.0,0.0],[0.0,0.0,1.0,0.0],[0.0,0.0,0.0,1.0]]","[[1.0,0.0,0.0,3.263298528170342e-05],[0.0,1.0,0.0,-0.009992701463838257],[0.0,0.0,1.0,0.00038059498535367045],[0.0,0.0,0.0,1.0]]"
425,CP-W_TEST_01_Q08-S-30MM-POS-O3D,W_TEST_01,Weak,W_TEST_01_Q08,open3d,strong,lambda_max,-0.003263298528170342,0.9992701463838257,-0.038059498535367046,1,0.03,-9.789895584511026e-05,0.02997810439151477,-0.0011417849560610112,"[[1.0,0.0,0.0,-9.789895584511026e-05],[0.0,1.0,0.0,0.02997810439151477],[0.0,0.0,1.0,-0.0011417849560610112],[0.0,0.0,0.0,1.0]]","[[1.0,0.0,0.0,0.0],[0.0,1.0,0.0,0.0],[0.0,0.0,1.0,0.0],[0.0,0.0,0.0,1.0]]","[[1.0,0.0,0.0,-9.789895584511026e-05],[0.0,1.0,0.0,0.02997810439151477],[0.0,0.0,1.0,-0.0011417849560610112],[0.0,0.0,0.0,1.0]]"
426,CP-W_TEST_01_Q08-S-30MM-POS-PCL,W_TEST_01,Weak,W_TEST_01_Q08,pcl,strong,lambda_max,-0.003263298528170342,0.9992701463838257,-0.038059498535367046,1,0.03,-9.789895584511026e-05,0.02997810439151477,-0.0011417849560610112,"[[1.0,0.0,0.0,-9.789895584511026e-05],[0.0,1.0,0.0,0.02997810439151477],[0.0,0.0,1.0,-0.0011417849560610112],[0.0,0.0,0.0,1.0]]","[[1.0,0.0,0.0,0.0],[0.0,1.0,0.0,0.0],[0.0,0.0,1.0,0.0],[0.0,0.0,0.0,1.0]]","[[1.0,0.0,0.0,-9.789895584511026e-05],[0.0,1.0,0.0,0.02997810439151477],[0.0,0.0,1.0,-0.0011417849560610112],[0.0,0.0,0.0,1.0]]"
427,CP-W_TEST_01_Q08-S-30MM-NEG-O3D,W_TEST_01,Weak,W_TEST_01_Q08,open3d,strong,lambda_max,-0.003263298528170342,0.9992701463838257,-0.038059498535367046,-1,0.03,9.789895584511026e-05,-0.02997810439151477,0.0011417849560610112,"[[1.0,0.0,0.0,9.789895584511026e-05],[0.0,1.0,0.0,-0.02997810439151477],[0.0,0.0,1.0,0.0011417849560610112],[0.0,0.0,0.0,1.0]]","[[1.0,0.0,0.0,0.0],[0.0,1.0,0.0,0.0],[0.0,0.0,1.0,0.0],[0.0,0.0,0.0,1.0]]","[[1.0,0.0,0.0,9.789895584511026e-05],[0.0,1.0,0.0,-0.02997810439151477],[0.0,0.0,1.0,0.0011417849560610112],[0.0,0.0,0.0,1.0]]"
428,CP-W_TEST_01_Q08-S-30MM-NEG-PCL,W_TEST_01,Weak,W_TEST_01_Q08,pcl,strong,lambda_max,-0.003263298528170342,0.9992701463838257,-0.038059498535367046,-1,0.03,9.789895584511026e-05,-0.02997810439151477,0.0011417849560610112,"[[1.0,0.0,0.0,9.789895584511026e-05],[0.0,1.0,0.0,-0.02997810439151477],[0.0,0.0,1.0,0.0011417849560610112],[0.0,0.0,0.0,1.0]]","[[1.0,0.0,0.0,0.0],[0.0,1.0,0.0,0.0],[0.0,0.0,1.0,0.0],[0.0,0.0,0.0,1.0]]","[[1.0,0.0,0.0,9.789895584511026e-05],[0.0,1.0,0.0,-0.02997810439151477],[0.0,0.0,1.0,0.0011417849560610112],[0.0,0.0,0.0,1.0]]"
429,CP-W_TEST_01_Q08-S-50MM-POS-O3D,W_TEST_01,Weak,W_TEST_01_Q08,open3d,strong,lambda_max,-0.003263298528170342,0.9992701463838257,-0.038059498535367046,1,0.05,-0.0001631649264085171,0.04996350731919129,-0.0019029749267683524,"[[1.0,0.0,0.0,-0.0001631649264085171],[0.0,1.0,0.0,0.04996350731919129],[0.0,0.0,1.0,-0.0019029749267683524],[0.0,0.0,0.0,1.0]]","[[1.0,0.0,0.0,0.0],[0.0,1.0,0.0,0.0],[0.0,0.0,1.0,0.0],[0.0,0.0,0.0,1.0]]","[[1.0,0.0,0.0,-0.0001631649264085171],[0.0,1.0,0.0,0.04996350731919129],[0.0,0.0,1.0,-0.0019029749267683524],[0.0,0.0,0.0,1.0]]"
430,CP-W_TEST_01_Q08-S-50MM-POS-PCL,W_TEST_01,Weak,W_TEST_01_Q08,pcl,strong,lambda_max,-0.003263298528170342,0.9992701463838257,-0.038059498535367046,1,0.05,-0.0001631649264085171,0.04996350731919129,-0.0019029749267683524,"[[1.0,0.0,0.0,-0.0001631649264085171],[0.0,1.0,0.0,0.04996350731919129],[0.0,0.0,1.0,-0.0019029749267683524],[0.0,0.0,0.0,1.0]]","[[1.0,0.0,0.0,0.0],[0.0,1.0,0.0,0.0],[0.0,0.0,1.0,0.0],[0.0,0.0,0.0,1.0]]","[[1.0,0.0,0.0,-0.0001631649264085171],[0.0,1.0,0.0,0.04996350731919129],[0.0,0.0,1.0,-0.0019029749267683524],[0.0,0.0,0.0,1.0]]"
431,CP-W_TEST_01_Q08-S-50MM-NEG-O3D,W_TEST_01,Weak,W_TEST_01_Q08,open3d,strong,lambda_max,-0.003263298528170342,0.9992701463838257,-0.038059498535367046,-1,0.05,0.0001631649264085171,-0.04996350731919129,0.0019029749267683524,"[[1.0,0.0,0.0,0.0001631649264085171],[0.0,1.0,0.0,-0.04996350731919129],[0.0,0.0,1.0,0.0019029749267683524],[0.0,0.0,0.0,1.0]]","[[1.0,0.0,0.0,0.0],[0.0,1.0,0.0,0.0],[0.0,0.0,1.0,0.0],[0.0,0.0,0.0,1.0]]","[[1.0,0.0,0.0,0.0001631649264085171],[0.0,1.0,0.0,-0.04996350731919129],[0.0,0.0,1.0,0.0019029749267683524],[0.0,0.0,0.0,1.0]]"
432,CP-W_TEST_01_Q08-S-50MM-NEG-PCL,W_TEST_01,Weak,W_TEST_01_Q08,pcl,strong,lambda_max,-0.003263298528170342,0.9992701463838257,-0.038059498535367046,-1,0.05,0.0001631649264085171,-0.04996350731919129,0.0019029749267683524,"[[1.0,0.0,0.0,0.0001631649264085171],[0.0,1.0,0.0,-0.04996350731919129],[0.0,0.0,1.0,0.0019029749267683524],[0.0,0.0,0.0,1.0]]","[[1.0,0.0,0.0,0.0],[0.0,1.0,0.0,0.0],[0.0,0.0,1.0,0.0],[0.0,0.0,0.0,1.0]]","[[1.0,0.0,0.0,0.0001631649264085171],[0.0,1.0,0.0,-0.04996350731919129],[0.0,0.0,1.0,0.0019029749267683524],[0.0,0.0,0.0,1.0]]"
433,CP-W_TEST_01_Q09-W-10MM-POS-O3D,W_TEST_01,Weak,W_TEST_01_Q09,open3d,weak,lambda_min,0.9998554762493573,0.0029135216350994805,-0.01674926881546829,1,0.01,0.009998554762493573,2.9135216350994806e-05,-0.0001674926881546829,"[[1.0,0.0,0.0,0.009998554762493573],[0.0,1.0,0.0,2.9135216350994806e-05],[0.0,0.0,1.0,-0.0001674926881546829],[0.0,0.0,0.0,1.0]]","[[1.0,0.0,0.0,0.0],[0.0,1.0,0.0,0.0],[0.0,0.0,1.0,0.0],[0.0,0.0,0.0,1.0]]","[[1.0,0.0,0.0,0.009998554762493573],[0.0,1.0,0.0,2.9135216350994806e-05],[0.0,0.0,1.0,-0.0001674926881546829],[0.0,0.0,0.0,1.0]]"
434,CP-W_TEST_01_Q09-W-10MM-POS-PCL,W_TEST_01,Weak,W_TEST_01_Q09,pcl,weak,lambda_min,0.9998554762493573,0.0029135216350994805,-0.01674926881546829,1,0.01,0.009998554762493573,2.9135216350994806e-05,-0.0001674926881546829,"[[1.0,0.0,0.0,0.009998554762493573],[0.0,1.0,0.0,2.9135216350994806e-05],[0.0,0.0,1.0,-0.0001674926881546829],[0.0,0.0,0.0,1.0]]","[[1.0,0.0,0.0,0.0],[0.0,1.0,0.0,0.0],[0.0,0.0,1.0,0.0],[0.0,0.0,0.0,1.0]]","[[1.0,0.0,0.0,0.009998554762493573],[0.0,1.0,0.0,2.9135216350994806e-05],[0.0,0.0,1.0,-0.0001674926881546829],[0.0,0.0,0.0,1.0]]"
435,CP-W_TEST_01_Q09-W-10MM-NEG-O3D,W_TEST_01,Weak,W_TEST_01_Q09,open3d,weak,lambda_min,0.9998554762493573,0.0029135216350994805,-0.01674926881546829,-1,0.01,-0.009998554762493573,-2.9135216350994806e-05,0.0001674926881546829,"[[1.0,0.0,0.0,-0.009998554762493573],[0.0,1.0,0.0,-2.9135216350994806e-05],[0.0,0.0,1.0,0.0001674926881546829],[0.0,0.0,0.0,1.0]]","[[1.0,0.0,0.0,0.0],[0.0,1.0,0.0,0.0],[0.0,0.0,1.0,0.0],[0.0,0.0,0.0,1.0]]","[[1.0,0.0,0.0,-0.009998554762493573],[0.0,1.0,0.0,-2.9135216350994806e-05],[0.0,0.0,1.0,0.0001674926881546829],[0.0,0.0,0.0,1.0]]"
436,CP-W_TEST_01_Q09-W-10MM-NEG-PCL,W_TEST_01,Weak,W_TEST_01_Q09,pcl,weak,lambda_min,0.9998554762493573,0.0029135216350994805,-0.01674926881546829,-1,0.01,-0.009998554762493573,-2.9135216350994806e-05,0.0001674926881546829,"[[1.0,0.0,0.0,-0.009998554762493573],[0.0,1.0,0.0,-2.9135216350994806e-05],[0.0,0.0,1.0,0.0001674926881546829],[0.0,0.0,0.0,1.0]]","[[1.0,0.0,0.0,0.0],[0.0,1.0,0.0,0.0],[0.0,0.0,1.0,0.0],[0.0,0.0,0.0,1.0]]","[[1.0,0.0,0.0,-0.009998554762493573],[0.0,1.0,0.0,-2.9135216350994806e-05],[0.0,0.0,1.0,0.0001674926881546829],[0.0,0.0,0.0,1.0]]"
437,CP-W_TEST_01_Q09-W-30MM-POS-O3D,W_TEST_01,Weak,W_TEST_01_Q09,open3d,weak,lambda_min,0.9998554762493573,0.0029135216350994805,-0.01674926881546829,1,0.03,0.029995664287480718,8.740564905298441e-05,-0.0005024780644640487,"[[1.0,0.0,0.0,0.029995664287480718],[0.0,1.0,0.0,8.740564905298441e-05],[0.0,0.0,1.0,-0.0005024780644640487],[0.0,0.0,0.0,1.0]]","[[1.0,0.0,0.0,0.0],[0.0,1.0,0.0,0.0],[0.0,0.0,1.0,0.0],[0.0,0.0,0.0,1.0]]","[[1.0,0.0,0.0,0.029995664287480718],[0.0,1.0,0.0,8.740564905298441e-05],[0.0,0.0,1.0,-0.0005024780644640487],[0.0,0.0,0.0,1.0]]"
438,CP-W_TEST_01_Q09-W-30MM-POS-PCL,W_TEST_01,Weak,W_TEST_01_Q09,pcl,weak,lambda_min,0.9998554762493573,0.0029135216350994805,-0.01674926881546829,1,0.03,0.029995664287480718,8.740564905298441e-05,-0.0005024780644640487,"[[1.0,0.0,0.0,0.029995664287480718],[0.0,1.0,0.0,8.740564905298441e-05],[0.0,0.0,1.0,-0.0005024780644640487],[0.0,0.0,0.0,1.0]]","[[1.0,0.0,0.0,0.0],[0.0,1.0,0.0,0.0],[0.0,0.0,1.0,0.0],[0.0,0.0,0.0,1.0]]","[[1.0,0.0,0.0,0.029995664287480718],[0.0,1.0,0.0,8.740564905298441e-05],[0.0,0.0,1.0,-0.0005024780644640487],[0.0,0.0,0.0,1.0]]"
439,CP-W_TEST_01_Q09-W-30MM-NEG-O3D,W_TEST_01,Weak,W_TEST_01_Q09,open3d,weak,lambda_min,0.9998554762493573,0.0029135216350994805,-0.01674926881546829,-1,0.03,-0.029995664287480718,-8.740564905298441e-05,0.0005024780644640487,"[[1.0,0.0,0.0,-0.029995664287480718],[0.0,1.0,0.0,-8.740564905298441e-05],[0.0,0.0,1.0,0.0005024780644640487],[0.0,0.0,0.0,1.0]]","[[1.0,0.0,0.0,0.0],[0.0,1.0,0.0,0.0],[0.0,0.0,1.0,0.0],[0.0,0.0,0.0,1.0]]","[[1.0,0.0,0.0,-0.029995664287480718],[0.0,1.0,0.0,-8.740564905298441e-05],[0.0,0.0,1.0,0.0005024780644640487],[0.0,0.0,0.0,1.0]]"
440,CP-W_TEST_01_Q09-W-30MM-NEG-PCL,W_TEST_01,Weak,W_TEST_01_Q09,pcl,weak,lambda_min,0.9998554762493573,0.0029135216350994805,-0.01674926881546829,-1,0.03,-0.029995664287480718,-8.740564905298441e-05,0.0005024780644640487,"[[1.0,0.0,0.0,-0.029995664287480718],[0.0,1.0,0.0,-8.740564905298441e-05],[0.0,0.0,1.0,0.0005024780644640487],[0.0,0.0,0.0,1.0]]","[[1.0,0.0,0.0,0.0],[0.0,1.0,0.0,0.0],[0.0,0.0,1.0,0.0],[0.0,0.0,0.0,1.0]]","[[1.0,0.0,0.0,-0.029995664287480718],[0.0,1.0,0.0,-8.740564905298441e-05],[0.0,0.0,1.0,0.0005024780644640487],[0.0,0.0,0.0,1.0]]"
441,CP-W_TEST_01_Q09-W-50MM-POS-O3D,W_TEST_01,Weak,W_TEST_01_Q09,open3d,weak,lambda_min,0.9998554762493573,0.0029135216350994805,-0.01674926881546829,1,0.05,0.04999277381246787,0.00014567608175497404,-0.0008374634407734146,"[[1.0,0.0,0.0,0.04999277381246787],[0.0,1.0,0.0,0.00014567608175497404],[0.0,0.0,1.0,-0.0008374634407734146],[0.0,0.0,0.0,1.0]]","[[1.0,0.0,0.0,0.0],[0.0,1.0,0.0,0.0],[0.0,0.0,1.0,0.0],[0.0,0.0,0.0,1.0]]","[[1.0,0.0,0.0,0.04999277381246787],[0.0,1.0,0.0,0.00014567608175497404],[0.0,0.0,1.0,-0.0008374634407734146],[0.0,0.0,0.0,1.0]]"
442,CP-W_TEST_01_Q09-W-50MM-POS-PCL,W_TEST_01,Weak,W_TEST_01_Q09,pcl,weak,lambda_min,0.9998554762493573,0.0029135216350994805,-0.01674926881546829,1,0.05,0.04999277381246787,0.00014567608175497404,-0.0008374634407734146,"[[1.0,0.0,0.0,0.04999277381246787],[0.0,1.0,0.0,0.00014567608175497404],[0.0,0.0,1.0,-0.0008374634407734146],[0.0,0.0,0.0,1.0]]","[[1.0,0.0,0.0,0.0],[0.0,1.0,0.0,0.0],[0.0,0.0,1.0,0.0],[0.0,0.0,0.0,1.0]]","[[1.0,0.0,0.0,0.04999277381246787],[0.0,1.0,0.0,0.00014567608175497404],[0.0,0.0,1.0,-0.0008374634407734146],[0.0,0.0,0.0,1.0]]"
443,CP-W_TEST_01_Q09-W-50MM-NEG-O3D,W_TEST_01,Weak,W_TEST_01_Q09,open3d,weak,lambda_min,0.9998554762493573,0.0029135216350994805,-0.01674926881546829,-1,0.05,-0.04999277381246787,-0.00014567608175497404,0.0008374634407734146,"[[1.0,0.0,0.0,-0.04999277381246787],[0.0,1.0,0.0,-0.00014567608175497404],[0.0,0.0,1.0,0.0008374634407734146],[0.0,0.0,0.0,1.0]]","[[1.0,0.0,0.0,0.0],[0.0,1.0,0.0,0.0],[0.0,0.0,1.0,0.0],[0.0,0.0,0.0,1.0]]","[[1.0,0.0,0.0,-0.04999277381246787],[0.0,1.0,0.0,-0.00014567608175497404],[0.0,0.0,1.0,0.0008374634407734146],[0.0,0.0,0.0,1.0]]"
444,CP-W_TEST_01_Q09-W-50MM-NEG-PCL,W_TEST_01,Weak,W_TEST_01_Q09,pcl,weak,lambda_min,0.9998554762493573,0.0029135216350994805,-0.01674926881546829,-1,0.05,-0.04999277381246787,-0.00014567608175497404,0.0008374634407734146,"[[1.0,0.0,0.0,-0.04999277381246787],[0.0,1.0,0.0,-0.00014567608175497404],[0.0,0.0,1.0,0.0008374634407734146],[0.0,0.0,0.0,1.0]]","[[1.0,0.0,0.0,0.0],[0.0,1.0,0.0,0.0],[0.0,0.0,1.0,0.0],[0.0,0.0,0.0,1.0]]","[[1.0,0.0,0.0,-0.04999277381246787],[0.0,1.0,0.0,-0.00014567608175497404],[0.0,0.0,1.0,0.0008374634407734146],[0.0,0.0,0.0,1.0]]"
445,CP-W_TEST_01_Q09-S-10MM-POS-O3D,W_TEST_01,Weak,W_TEST_01_Q09,open3d,strong,lambda_max,-0.0034260066565048727,0.9995242870876309,-0.0306506443709259,1,0.01,-3.426006656504873e-05,0.009995242870876308,-0.000306506443709259,"[[1.0,0.0,0.0,-3.426006656504873e-05],[0.0,1.0,0.0,0.009995242870876308],[0.0,0.0,1.0,-0.000306506443709259],[0.0,0.0,0.0,1.0]]","[[1.0,0.0,0.0,0.0],[0.0,1.0,0.0,0.0],[0.0,0.0,1.0,0.0],[0.0,0.0,0.0,1.0]]","[[1.0,0.0,0.0,-3.426006656504873e-05],[0.0,1.0,0.0,0.009995242870876308],[0.0,0.0,1.0,-0.000306506443709259],[0.0,0.0,0.0,1.0]]"
446,CP-W_TEST_01_Q09-S-10MM-POS-PCL,W_TEST_01,Weak,W_TEST_01_Q09,pcl,strong,lambda_max,-0.0034260066565048727,0.9995242870876309,-0.0306506443709259,1,0.01,-3.426006656504873e-05,0.009995242870876308,-0.000306506443709259,"[[1.0,0.0,0.0,-3.426006656504873e-05],[0.0,1.0,0.0,0.009995242870876308],[0.0,0.0,1.0,-0.000306506443709259],[0.0,0.0,0.0,1.0]]","[[1.0,0.0,0.0,0.0],[0.0,1.0,0.0,0.0],[0.0,0.0,1.0,0.0],[0.0,0.0,0.0,1.0]]","[[1.0,0.0,0.0,-3.426006656504873e-05],[0.0,1.0,0.0,0.009995242870876308],[0.0,0.0,1.0,-0.000306506443709259],[0.0,0.0,0.0,1.0]]"
447,CP-W_TEST_01_Q09-S-10MM-NEG-O3D,W_TEST_01,Weak,W_TEST_01_Q09,open3d,strong,lambda_max,-0.0034260066565048727,0.9995242870876309,-0.0306506443709259,-1,0.01,3.426006656504873e-05,-0.009995242870876308,0.000306506443709259,"[[1.0,0.0,0.0,3.426006656504873e-05],[0.0,1.0,0.0,-0.009995242870876308],[0.0,0.0,1.0,0.000306506443709259],[0.0,0.0,0.0,1.0]]","[[1.0,0.0,0.0,0.0],[0.0,1.0,0.0,0.0],[0.0,0.0,1.0,0.0],[0.0,0.0,0.0,1.0]]","[[1.0,0.0,0.0,3.426006656504873e-05],[0.0,1.0,0.0,-0.009995242870876308],[0.0,0.0,1.0,0.000306506443709259],[0.0,0.0,0.0,1.0]]"
448,CP-W_TEST_01_Q09-S-10MM-NEG-PCL,W_TEST_01,Weak,W_TEST_01_Q09,pcl,strong,lambda_max,-0.0034260066565048727,0.9995242870876309,-0.0306506443709259,-1,0.01,3.426006656504873e-05,-0.009995242870876308,0.000306506443709259,"[[1.0,0.0,0.0,3.426006656504873e-05],[0.0,1.0,0.0,-0.009995242870876308],[0.0,0.0,1.0,0.000306506443709259],[0.0,0.0,0.0,1.0]]","[[1.0,0.0,0.0,0.0],[0.0,1.0,0.0,0.0],[0.0,0.0,1.0,0.0],[0.0,0.0,0.0,1.0]]","[[1.0,0.0,0.0,3.426006656504873e-05],[0.0,1.0,0.0,-0.009995242870876308],[0.0,0.0,1.0,0.000306506443709259],[0.0,0.0,0.0,1.0]]"
449,CP-W_TEST_01_Q09-S-30MM-POS-O3D,W_TEST_01,Weak,W_TEST_01_Q09,open3d,strong,lambda_max,-0.0034260066565048727,0.9995242870876309,-0.0306506443709259,1,0.03,-0.00010278019969514618,0.029985728612628923,-0.0009195193311277769,"[[1.0,0.0,0.0,-0.00010278019969514618],[0.0,1.0,0.0,0.029985728612628923],[0.0,0.0,1.0,-0.0009195193311277769],[0.0,0.0,0.0,1.0]]","[[1.0,0.0,0.0,0.0],[0.0,1.0,0.0,0.0],[0.0,0.0,1.0,0.0],[0.0,0.0,0.0,1.0]]","[[1.0,0.0,0.0,-0.00010278019969514618],[0.0,1.0,0.0,0.029985728612628923],[0.0,0.0,1.0,-0.0009195193311277769],[0.0,0.0,0.0,1.0]]"
450,CP-W_TEST_01_Q09-S-30MM-POS-PCL,W_TEST_01,Weak,W_TEST_01_Q09,pcl,strong,lambda_max,-0.0034260066565048727,0.9995242870876309,-0.0306506443709259,1,0.03,-0.00010278019969514618,0.029985728612628923,-0.0009195193311277769,"[[1.0,0.0,0.0,-0.00010278019969514618],[0.0,1.0,0.0,0.029985728612628923],[0.0,0.0,1.0,-0.0009195193311277769],[0.0,0.0,0.0,1.0]]","[[1.0,0.0,0.0,0.0],[0.0,1.0,0.0,0.0],[0.0,0.0,1.0,0.0],[0.0,0.0,0.0,1.0]]","[[1.0,0.0,0.0,-0.00010278019969514618],[0.0,1.0,0.0,0.029985728612628923],[0.0,0.0,1.0,-0.0009195193311277769],[0.0,0.0,0.0,1.0]]"
451,CP-W_TEST_01_Q09-S-30MM-NEG-O3D,W_TEST_01,Weak,W_TEST_01_Q09,open3d,strong,lambda_max,-0.0034260066565048727,0.9995242870876309,-0.0306506443709259,-1,0.03,0.00010278019969514618,-0.029985728612628923,0.0009195193311277769,"[[1.0,0.0,0.0,0.00010278019969514618],[0.0,1.0,0.0,-0.029985728612628923],[0.0,0.0,1.0,0.0009195193311277769],[0.0,0.0,0.0,1.0]]","[[1.0,0.0,0.0,0.0],[0.0,1.0,0.0,0.0],[0.0,0.0,1.0,0.0],[0.0,0.0,0.0,1.0]]","[[1.0,0.0,0.0,0.00010278019969514618],[0.0,1.0,0.0,-0.029985728612628923],[0.0,0.0,1.0,0.0009195193311277769],[0.0,0.0,0.0,1.0]]"
452,CP-W_TEST_01_Q09-S-30MM-NEG-PCL,W_TEST_01,Weak,W_TEST_01_Q09,pcl,strong,lambda_max,-0.0034260066565048727,0.9995242870876309,-0.0306506443709259,-1,0.03,0.00010278019969514618,-0.029985728612628923,0.0009195193311277769,"[[1.0,0.0,0.0,0.00010278019969514618],[0.0,1.0,0.0,-0.029985728612628923],[0.0,0.0,1.0,0.0009195193311277769],[0.0,0.0,0.0,1.0]]","[[1.0,0.0,0.0,0.0],[0.0,1.0,0.0,0.0],[0.0,0.0,1.0,0.0],[0.0,0.0,0.0,1.0]]","[[1.0,0.0,0.0,0.00010278019969514618],[0.0,1.0,0.0,-0.029985728612628923],[0.0,0.0,1.0,0.0009195193311277769],[0.0,0.0,0.0,1.0]]"
453,CP-W_TEST_01_Q09-S-50MM-POS-O3D,W_TEST_01,Weak,W_TEST_01_Q09,open3d,strong,lambda_max,-0.0034260066565048727,0.9995242870876309,-0.0306506443709259,1,0.05,-0.00017130033282524365,0.04997621435438154,-0.001532532218546295,"[[1.0,0.0,0.0,-0.00017130033282524365],[0.0,1.0,0.0,0.04997621435438154],[0.0,0.0,1.0,-0.001532532218546295],[0.0,0.0,0.0,1.0]]","[[1.0,0.0,0.0,0.0],[0.0,1.0,0.0,0.0],[0.0,0.0,1.0,0.0],[0.0,0.0,0.0,1.0]]","[[1.0,0.0,0.0,-0.00017130033282524365],[0.0,1.0,0.0,0.04997621435438154],[0.0,0.0,1.0,-0.001532532218546295],[0.0,0.0,0.0,1.0]]"
454,CP-W_TEST_01_Q09-S-50MM-POS-PCL,W_TEST_01,Weak,W_TEST_01_Q09,pcl,strong,lambda_max,-0.0034260066565048727,0.9995242870876309,-0.0306506443709259,1,0.05,-0.00017130033282524365,0.04997621435438154,-0.001532532218546295,"[[1.0,0.0,0.0,-0.00017130033282524365],[0.0,1.0,0.0,0.04997621435438154],[0.0,0.0,1.0,-0.001532532218546295],[0.0,0.0,0.0,1.0]]","[[1.0,0.0,0.0,0.0],[0.0,1.0,0.0,0.0],[0.0,0.0,1.0,0.0],[0.0,0.0,0.0,1.0]]","[[1.0,0.0,0.0,-0.00017130033282524365],[0.0,1.0,0.0,0.04997621435438154],[0.0,0.0,1.0,-0.001532532218546295],[0.0,0.0,0.0,1.0]]"
455,CP-W_TEST_01_Q09-S-50MM-NEG-O3D,W_TEST_01,Weak,W_TEST_01_Q09,open3d,strong,lambda_max,-0.0034260066565048727,0.9995242870876309,-0.0306506443709259,-1,0.05,0.00017130033282524365,-0.04997621435438154,0.001532532218546295,"[[1.0,0.0,0.0,0.00017130033282524365],[0.0,1.0,0.0,-0.04997621435438154],[0.0,0.0,1.0,0.001532532218546295],[0.0,0.0,0.0,1.0]]","[[1.0,0.0,0.0,0.0],[0.0,1.0,0.0,0.0],[0.0,0.0,1.0,0.0],[0.0,0.0,0.0,1.0]]","[[1.0,0.0,0.0,0.00017130033282524365],[0.0,1.0,0.0,-0.04997621435438154],[0.0,0.0,1.0,0.001532532218546295],[0.0,0.0,0.0,1.0]]"
456,CP-W_TEST_01_Q09-S-50MM-NEG-PCL,W_TEST_01,Weak,W_TEST_01_Q09,pcl,strong,lambda_max,-0.0034260066565048727,0.9995242870876309,-0.0306506443709259,-1,0.05,0.00017130033282524365,-0.04997621435438154,0.001532532218546295,"[[1.0,0.0,0.0,0.00017130033282524365],[0.0,1.0,0.0,-0.04997621435438154],[0.0,0.0,1.0,0.001532532218546295],[0.0,0.0,0.0,1.0]]","[[1.0,0.0,0.0,0.0],[0.0,1.0,0.0,0.0],[0.0,0.0,1.0,0.0],[0.0,0.0,0.0,1.0]]","[[1.0,0.0,0.0,0.00017130033282524365],[0.0,1.0,0.0,-0.04997621435438154],[0.0,0.0,1.0,0.001532532218546295],[0.0,0.0,0.0,1.0]]"
457,CP-W_TEST_01_Q10-W-10MM-POS-O3D,W_TEST_01,Weak,W_TEST_01_Q10,open3d,weak,lambda_min,0.9999239515623511,0.003010028678280233,-0.011959549292872716,1,0.01,0.009999239515623513,3.0100286782802333e-05,-0.00011959549292872717,"[[1.0,0.0,0.0,0.009999239515623513],[0.0,1.0,0.0,3.0100286782802333e-05],[0.0,0.0,1.0,-0.00011959549292872717],[0.0,0.0,0.0,1.0]]","[[1.0,0.0,0.0,0.0],[0.0,1.0,0.0,0.0],[0.0,0.0,1.0,0.0],[0.0,0.0,0.0,1.0]]","[[1.0,0.0,0.0,0.009999239515623513],[0.0,1.0,0.0,3.0100286782802333e-05],[0.0,0.0,1.0,-0.00011959549292872717],[0.0,0.0,0.0,1.0]]"
458,CP-W_TEST_01_Q10-W-10MM-POS-PCL,W_TEST_01,Weak,W_TEST_01_Q10,pcl,weak,lambda_min,0.9999239515623511,0.003010028678280233,-0.011959549292872716,1,0.01,0.009999239515623513,3.0100286782802333e-05,-0.00011959549292872717,"[[1.0,0.0,0.0,0.009999239515623513],[0.0,1.0,0.0,3.0100286782802333e-05],[0.0,0.0,1.0,-0.00011959549292872717],[0.0,0.0,0.0,1.0]]","[[1.0,0.0,0.0,0.0],[0.0,1.0,0.0,0.0],[0.0,0.0,1.0,0.0],[0.0,0.0,0.0,1.0]]","[[1.0,0.0,0.0,0.009999239515623513],[0.0,1.0,0.0,3.0100286782802333e-05],[0.0,0.0,1.0,-0.00011959549292872717],[0.0,0.0,0.0,1.0]]"
459,CP-W_TEST_01_Q10-W-10MM-NEG-O3D,W_TEST_01,Weak,W_TEST_01_Q10,open3d,weak,lambda_min,0.9999239515623511,0.003010028678280233,-0.011959549292872716,-1,0.01,-0.009999239515623513,-3.0100286782802333e-05,0.00011959549292872717,"[[1.0,0.0,0.0,-0.009999239515623513],[0.0,1.0,0.0,-3.0100286782802333e-05],[0.0,0.0,1.0,0.00011959549292872717],[0.0,0.0,0.0,1.0]]","[[1.0,0.0,0.0,0.0],[0.0,1.0,0.0,0.0],[0.0,0.0,1.0,0.0],[0.0,0.0,0.0,1.0]]","[[1.0,0.0,0.0,-0.009999239515623513],[0.0,1.0,0.0,-3.0100286782802333e-05],[0.0,0.0,1.0,0.00011959549292872717],[0.0,0.0,0.0,1.0]]"
460,CP-W_TEST_01_Q10-W-10MM-NEG-PCL,W_TEST_01,Weak,W_TEST_01_Q10,pcl,weak,lambda_min,0.9999239515623511,0.003010028678280233,-0.011959549292872716,-1,0.01,-0.009999239515623513,-3.0100286782802333e-05,0.00011959549292872717,"[[1.0,0.0,0.0,-0.009999239515623513],[0.0,1.0,0.0,-3.0100286782802333e-05],[0.0,0.0,1.0,0.00011959549292872717],[0.0,0.0,0.0,1.0]]","[[1.0,0.0,0.0,0.0],[0.0,1.0,0.0,0.0],[0.0,0.0,1.0,0.0],[0.0,0.0,0.0,1.0]]","[[1.0,0.0,0.0,-0.009999239515623513],[0.0,1.0,0.0,-3.0100286782802333e-05],[0.0,0.0,1.0,0.00011959549292872717],[0.0,0.0,0.0,1.0]]"
461,CP-W_TEST_01_Q10-W-30MM-POS-O3D,W_TEST_01,Weak,W_TEST_01_Q10,open3d,weak,lambda_min,0.9999239515623511,0.003010028678280233,-0.011959549292872716,1,0.03,0.029997718546870538,9.030086034840699e-05,-0.0003587864787861815,"[[1.0,0.0,0.0,0.029997718546870538],[0.0,1.0,0.0,9.030086034840699e-05],[0.0,0.0,1.0,-0.0003587864787861815],[0.0,0.0,0.0,1.0]]","[[1.0,0.0,0.0,0.0],[0.0,1.0,0.0,0.0],[0.0,0.0,1.0,0.0],[0.0,0.0,0.0,1.0]]","[[1.0,0.0,0.0,0.029997718546870538],[0.0,1.0,0.0,9.030086034840699e-05],[0.0,0.0,1.0,-0.0003587864787861815],[0.0,0.0,0.0,1.0]]"
462,CP-W_TEST_01_Q10-W-30MM-POS-PCL,W_TEST_01,Weak,W_TEST_01_Q10,pcl,weak,lambda_min,0.9999239515623511,0.003010028678280233,-0.011959549292872716,1,0.03,0.029997718546870538,9.030086034840699e-05,-0.0003587864787861815,"[[1.0,0.0,0.0,0.029997718546870538],[0.0,1.0,0.0,9.030086034840699e-05],[0.0,0.0,1.0,-0.0003587864787861815],[0.0,0.0,0.0,1.0]]","[[1.0,0.0,0.0,0.0],[0.0,1.0,0.0,0.0],[0.0,0.0,1.0,0.0],[0.0,0.0,0.0,1.0]]","[[1.0,0.0,0.0,0.029997718546870538],[0.0,1.0,0.0,9.030086034840699e-05],[0.0,0.0,1.0,-0.0003587864787861815],[0.0,0.0,0.0,1.0]]"
463,CP-W_TEST_01_Q10-W-30MM-NEG-O3D,W_TEST_01,Weak,W_TEST_01_Q10,open3d,weak,lambda_min,0.9999239515623511,0.003010028678280233,-0.011959549292872716,-1,0.03,-0.029997718546870538,-9.030086034840699e-05,0.0003587864787861815,"[[1.0,0.0,0.0,-0.029997718546870538],[0.0,1.0,0.0,-9.030086034840699e-05],[0.0,0.0,1.0,0.0003587864787861815],[0.0,0.0,0.0,1.0]]","[[1.0,0.0,0.0,0.0],[0.0,1.0,0.0,0.0],[0.0,0.0,1.0,0.0],[0.0,0.0,0.0,1.0]]","[[1.0,0.0,0.0,-0.029997718546870538],[0.0,1.0,0.0,-9.030086034840699e-05],[0.0,0.0,1.0,0.0003587864787861815],[0.0,0.0,0.0,1.0]]"
464,CP-W_TEST_01_Q10-W-30MM-NEG-PCL,W_TEST_01,Weak,W_TEST_01_Q10,pcl,weak,lambda_min,0.9999239515623511,0.003010028678280233,-0.011959549292872716,-1,0.03,-0.029997718546870538,-9.030086034840699e-05,0.0003587864787861815,"[[1.0,0.0,0.0,-0.029997718546870538],[0.0,1.0,0.0,-9.030086034840699e-05],[0.0,0.0,1.0,0.0003587864787861815],[0.0,0.0,0.0,1.0]]","[[1.0,0.0,0.0,0.0],[0.0,1.0,0.0,0.0],[0.0,0.0,1.0,0.0],[0.0,0.0,0.0,1.0]]","[[1.0,0.0,0.0,-0.029997718546870538],[0.0,1.0,0.0,-9.030086034840699e-05],[0.0,0.0,1.0,0.0003587864787861815],[0.0,0.0,0.0,1.0]]"
465,CP-W_TEST_01_Q10-W-50MM-POS-O3D,W_TEST_01,Weak,W_TEST_01_Q10,open3d,weak,lambda_min,0.9999239515623511,0.003010028678280233,-0.011959549292872716,1,0.05,0.04999619757811757,0.00015050143391401167,-0.0005979774646436359,"[[1.0,0.0,0.0,0.04999619757811757],[0.0,1.0,0.0,0.00015050143391401167],[0.0,0.0,1.0,-0.0005979774646436359],[0.0,0.0,0.0,1.0]]","[[1.0,0.0,0.0,0.0],[0.0,1.0,0.0,0.0],[0.0,0.0,1.0,0.0],[0.0,0.0,0.0,1.0]]","[[1.0,0.0,0.0,0.04999619757811757],[0.0,1.0,0.0,0.00015050143391401167],[0.0,0.0,1.0,-0.0005979774646436359],[0.0,0.0,0.0,1.0]]"
466,CP-W_TEST_01_Q10-W-50MM-POS-PCL,W_TEST_01,Weak,W_TEST_01_Q10,pcl,weak,lambda_min,0.9999239515623511,0.003010028678280233,-0.011959549292872716,1,0.05,0.04999619757811757,0.00015050143391401167,-0.0005979774646436359,"[[1.0,0.0,0.0,0.04999619757811757],[0.0,1.0,0.0,0.00015050143391401167],[0.0,0.0,1.0,-0.0005979774646436359],[0.0,0.0,0.0,1.0]]","[[1.0,0.0,0.0,0.0],[0.0,1.0,0.0,0.0],[0.0,0.0,1.0,0.0],[0.0,0.0,0.0,1.0]]","[[1.0,0.0,0.0,0.04999619757811757],[0.0,1.0,0.0,0.00015050143391401167],[0.0,0.0,1.0,-0.0005979774646436359],[0.0,0.0,0.0,1.0]]"
467,CP-W_TEST_01_Q10-W-50MM-NEG-O3D,W_TEST_01,Weak,W_TEST_01_Q10,open3d,weak,lambda_min,0.9999239515623511,0.003010028678280233,-0.011959549292872716,-1,0.05,-0.04999619757811757,-0.00015050143391401167,0.0005979774646436359,"[[1.0,0.0,0.0,-0.04999619757811757],[0.0,1.0,0.0,-0.00015050143391401167],[0.0,0.0,1.0,0.0005979774646436359],[0.0,0.0,0.0,1.0]]","[[1.0,0.0,0.0,0.0],[0.0,1.0,0.0,0.0],[0.0,0.0,1.0,0.0],[0.0,0.0,0.0,1.0]]","[[1.0,0.0,0.0,-0.04999619757811757],[0.0,1.0,0.0,-0.00015050143391401167],[0.0,0.0,1.0,0.0005979774646436359],[0.0,0.0,0.0,1.0]]"
468,CP-W_TEST_01_Q10-W-50MM-NEG-PCL,W_TEST_01,Weak,W_TEST_01_Q10,pcl,weak,lambda_min,0.9999239515623511,0.003010028678280233,-0.011959549292872716,-1,0.05,-0.04999619757811757,-0.00015050143391401167,0.0005979774646436359,"[[1.0,0.0,0.0,-0.04999619757811757],[0.0,1.0,0.0,-0.00015050143391401167],[0.0,0.0,1.0,0.0005979774646436359],[0.0,0.0,0.0,1.0]]","[[1.0,0.0,0.0,0.0],[0.0,1.0,0.0,0.0],[0.0,0.0,1.0,0.0],[0.0,0.0,0.0,1.0]]","[[1.0,0.0,0.0,-0.04999619757811757],[0.0,1.0,0.0,-0.00015050143391401167],[0.0,0.0,1.0,0.0005979774646436359],[0.0,0.0,0.0,1.0]]"
469,CP-W_TEST_01_Q10-S-10MM-POS-O3D,W_TEST_01,Weak,W_TEST_01_Q10,open3d,strong,lambda_max,-0.0033909165118516764,0.9994835104636617,-0.03195643904513145,1,0.01,-3.390916511851676e-05,0.009994835104636618,-0.0003195643904513145,"[[1.0,0.0,0.0,-3.390916511851676e-05],[0.0,1.0,0.0,0.009994835104636618],[0.0,0.0,1.0,-0.0003195643904513145],[0.0,0.0,0.0,1.0]]","[[1.0,0.0,0.0,0.0],[0.0,1.0,0.0,0.0],[0.0,0.0,1.0,0.0],[0.0,0.0,0.0,1.0]]","[[1.0,0.0,0.0,-3.390916511851676e-05],[0.0,1.0,0.0,0.009994835104636618],[0.0,0.0,1.0,-0.0003195643904513145],[0.0,0.0,0.0,1.0]]"
470,CP-W_TEST_01_Q10-S-10MM-POS-PCL,W_TEST_01,Weak,W_TEST_01_Q10,pcl,strong,lambda_max,-0.0033909165118516764,0.9994835104636617,-0.03195643904513145,1,0.01,-3.390916511851676e-05,0.009994835104636618,-0.0003195643904513145,"[[1.0,0.0,0.0,-3.390916511851676e-05],[0.0,1.0,0.0,0.009994835104636618],[0.0,0.0,1.0,-0.0003195643904513145],[0.0,0.0,0.0,1.0]]","[[1.0,0.0,0.0,0.0],[0.0,1.0,0.0,0.0],[0.0,0.0,1.0,0.0],[0.0,0.0,0.0,1.0]]","[[1.0,0.0,0.0,-3.390916511851676e-05],[0.0,1.0,0.0,0.009994835104636618],[0.0,0.0,1.0,-0.0003195643904513145],[0.0,0.0,0.0,1.0]]"
471,CP-W_TEST_01_Q10-S-10MM-NEG-O3D,W_TEST_01,Weak,W_TEST_01_Q10,open3d,strong,lambda_max,-0.0033909165118516764,0.9994835104636617,-0.03195643904513145,-1,0.01,3.390916511851676e-05,-0.009994835104636618,0.0003195643904513145,"[[1.0,0.0,0.0,3.390916511851676e-05],[0.0,1.0,0.0,-0.009994835104636618],[0.0,0.0,1.0,0.0003195643904513145],[0.0,0.0,0.0,1.0]]","[[1.0,0.0,0.0,0.0],[0.0,1.0,0.0,0.0],[0.0,0.0,1.0,0.0],[0.0,0.0,0.0,1.0]]","[[1.0,0.0,0.0,3.390916511851676e-05],[0.0,1.0,0.0,-0.009994835104636618],[0.0,0.0,1.0,0.0003195643904513145],[0.0,0.0,0.0,1.0]]"
472,CP-W_TEST_01_Q10-S-10MM-NEG-PCL,W_TEST_01,Weak,W_TEST_01_Q10,pcl,strong,lambda_max,-0.0033909165118516764,0.9994835104636617,-0.03195643904513145,-1,0.01,3.390916511851676e-05,-0.009994835104636618,0.0003195643904513145,"[[1.0,0.0,0.0,3.390916511851676e-05],[0.0,1.0,0.0,-0.009994835104636618],[0.0,0.0,1.0,0.0003195643904513145],[0.0,0.0,0.0,1.0]]","[[1.0,0.0,0.0,0.0],[0.0,1.0,0.0,0.0],[0.0,0.0,1.0,0.0],[0.0,0.0,0.0,1.0]]","[[1.0,0.0,0.0,3.390916511851676e-05],[0.0,1.0,0.0,-0.009994835104636618],[0.0,0.0,1.0,0.0003195643904513145],[0.0,0.0,0.0,1.0]]"
473,CP-W_TEST_01_Q10-S-30MM-POS-O3D,W_TEST_01,Weak,W_TEST_01_Q10,open3d,strong,lambda_max,-0.0033909165118516764,0.9994835104636617,-0.03195643904513145,1,0.03,-0.00010172749535555029,0.02998450531390985,-0.0009586931713539434,"[[1.0,0.0,0.0,-0.00010172749535555029],[0.0,1.0,0.0,0.02998450531390985],[0.0,0.0,1.0,-0.0009586931713539434],[0.0,0.0,0.0,1.0]]","[[1.0,0.0,0.0,0.0],[0.0,1.0,0.0,0.0],[0.0,0.0,1.0,0.0],[0.0,0.0,0.0,1.0]]","[[1.0,0.0,0.0,-0.00010172749535555029],[0.0,1.0,0.0,0.02998450531390985],[0.0,0.0,1.0,-0.0009586931713539434],[0.0,0.0,0.0,1.0]]"
474,CP-W_TEST_01_Q10-S-30MM-POS-PCL,W_TEST_01,Weak,W_TEST_01_Q10,pcl,strong,lambda_max,-0.0033909165118516764,0.9994835104636617,-0.03195643904513145,1,0.03,-0.00010172749535555029,0.02998450531390985,-0.0009586931713539434,"[[1.0,0.0,0.0,-0.00010172749535555029],[0.0,1.0,0.0,0.02998450531390985],[0.0,0.0,1.0,-0.0009586931713539434],[0.0,0.0,0.0,1.0]]","[[1.0,0.0,0.0,0.0],[0.0,1.0,0.0,0.0],[0.0,0.0,1.0,0.0],[0.0,0.0,0.0,1.0]]","[[1.0,0.0,0.0,-0.00010172749535555029],[0.0,1.0,0.0,0.02998450531390985],[0.0,0.0,1.0,-0.0009586931713539434],[0.0,0.0,0.0,1.0]]"
475,CP-W_TEST_01_Q10-S-30MM-NEG-O3D,W_TEST_01,Weak,W_TEST_01_Q10,open3d,strong,lambda_max,-0.0033909165118516764,0.9994835104636617,-0.03195643904513145,-1,0.03,0.00010172749535555029,-0.02998450531390985,0.0009586931713539434,"[[1.0,0.0,0.0,0.00010172749535555029],[0.0,1.0,0.0,-0.02998450531390985],[0.0,0.0,1.0,0.0009586931713539434],[0.0,0.0,0.0,1.0]]","[[1.0,0.0,0.0,0.0],[0.0,1.0,0.0,0.0],[0.0,0.0,1.0,0.0],[0.0,0.0,0.0,1.0]]","[[1.0,0.0,0.0,0.00010172749535555029],[0.0,1.0,0.0,-0.02998450531390985],[0.0,0.0,1.0,0.0009586931713539434],[0.0,0.0,0.0,1.0]]"
476,CP-W_TEST_01_Q10-S-30MM-NEG-PCL,W_TEST_01,Weak,W_TEST_01_Q10,pcl,strong,lambda_max,-0.0033909165118516764,0.9994835104636617,-0.03195643904513145,-1,0.03,0.00010172749535555029,-0.02998450531390985,0.0009586931713539434,"[[1.0,0.0,0.0,0.00010172749535555029],[0.0,1.0,0.0,-0.02998450531390985],[0.0,0.0,1.0,0.0009586931713539434],[0.0,0.0,0.0,1.0]]","[[1.0,0.0,0.0,0.0],[0.0,1.0,0.0,0.0],[0.0,0.0,1.0,0.0],[0.0,0.0,0.0,1.0]]","[[1.0,0.0,0.0,0.00010172749535555029],[0.0,1.0,0.0,-0.02998450531390985],[0.0,0.0,1.0,0.0009586931713539434],[0.0,0.0,0.0,1.0]]"
477,CP-W_TEST_01_Q10-S-50MM-POS-O3D,W_TEST_01,Weak,W_TEST_01_Q10,open3d,strong,lambda_max,-0.0033909165118516764,0.9994835104636617,-0.03195643904513145,1,0.05,-0.00016954582559258383,0.04997417552318309,-0.0015978219522565726,"[[1.0,0.0,0.0,-0.00016954582559258383],[0.0,1.0,0.0,0.04997417552318309],[0.0,0.0,1.0,-0.0015978219522565726],[0.0,0.0,0.0,1.0]]","[[1.0,0.0,0.0,0.0],[0.0,1.0,0.0,0.0],[0.0,0.0,1.0,0.0],[0.0,0.0,0.0,1.0]]","[[1.0,0.0,0.0,-0.00016954582559258383],[0.0,1.0,0.0,0.04997417552318309],[0.0,0.0,1.0,-0.0015978219522565726],[0.0,0.0,0.0,1.0]]"
478,CP-W_TEST_01_Q10-S-50MM-POS-PCL,W_TEST_01,Weak,W_TEST_01_Q10,pcl,strong,lambda_max,-0.0033909165118516764,0.9994835104636617,-0.03195643904513145,1,0.05,-0.00016954582559258383,0.04997417552318309,-0.0015978219522565726,"[[1.0,0.0,0.0,-0.00016954582559258383],[0.0,1.0,0.0,0.04997417552318309],[0.0,0.0,1.0,-0.0015978219522565726],[0.0,0.0,0.0,1.0]]","[[1.0,0.0,0.0,0.0],[0.0,1.0,0.0,0.0],[0.0,0.0,1.0,0.0],[0.0,0.0,0.0,1.0]]","[[1.0,0.0,0.0,-0.00016954582559258383],[0.0,1.0,0.0,0.04997417552318309],[0.0,0.0,1.0,-0.0015978219522565726],[0.0,0.0,0.0,1.0]]"
479,CP-W_TEST_01_Q10-S-50MM-NEG-O3D,W_TEST_01,Weak,W_TEST_01_Q10,open3d,strong,lambda_max,-0.0033909165118516764,0.9994835104636617,-0.03195643904513145,-1,0.05,0.00016954582559258383,-0.04997417552318309,0.0015978219522565726,"[[1.0,0.0,0.0,0.00016954582559258383],[0.0,1.0,0.0,-0.04997417552318309],[0.0,0.0,1.0,0.0015978219522565726],[0.0,0.0,0.0,1.0]]","[[1.0,0.0,0.0,0.0],[0.0,1.0,0.0,0.0],[0.0,0.0,1.0,0.0],[0.0,0.0,0.0,1.0]]","[[1.0,0.0,0.0,0.00016954582559258383],[0.0,1.0,0.0,-0.04997417552318309],[0.0,0.0,1.0,0.0015978219522565726],[0.0,0.0,0.0,1.0]]"
480,CP-W_TEST_01_Q10-S-50MM-NEG-PCL,W_TEST_01,Weak,W_TEST_01_Q10,pcl,strong,lambda_max,-0.0033909165118516764,0.9994835104636617,-0.03195643904513145,-1,0.05,0.00016954582559258383,-0.04997417552318309,0.0015978219522565726,"[[1.0,0.0,0.0,0.00016954582559258383],[0.0,1.0,0.0,-0.04997417552318309],[0.0,0.0,1.0,0.0015978219522565726],[0.0,0.0,0.0,1.0]]","[[1.0,0.0,0.0,0.0],[0.0,1.0,0.0,0.0],[0.0,0.0,1.0,0.0],[0.0,0.0,0.0,1.0]]","[[1.0,0.0,0.0,0.00016954582559258383],[0.0,1.0,0.0,-0.04997417552318309],[0.0,0.0,1.0,0.0015978219522565726],[0.0,0.0,0.0,1.0]]"
