scene_id,scene_class,snapshot_id,backend,direction_class,perturbation_sign,largest_recovered_coarse_magnitude,smallest_failed_coarse_magnitude,capture_radius_lower_m,capture_radius_upper_m,capture_radius_mid_m,capture_radius_resolution_m,boundary_refinement_run_count,LEFT_CENSORED,RIGHT_CENSORED,BOUND_NOT_FOUND,NON_MONOTONIC_RECOVERY_PATTERN,CAPTURE_RADIUS_AMBIGUOUS,lower_initial_correspondence_fraction,upper_initial_correspondence_fraction,upper_bound_low_initial_overlap,coarse_profile_json,PILOT_ONLY,PILOT_NONFORMAL_DO_NOT_CITE,FORMAL_MEASUREMENT_RESULT,MEASUREMENT_EVIDENCE,SPATIAL_AXIS_INTERPRETATION
R_TEST_01,Rich,R_TEST_01_Q01,open3d,strong,-1,2.4,3.2,2.5749999999999997,2.5999999999999996,2.5874999999999995,0.02499999999999991,5,false,false,false,false,false,0.3005787864993172,0.30096897964492425,false,"[{""initial_correspondence_fraction"":0.9999349678090654,""magnitude_m"":0.05,""pose_recovered"":true},{""initial_correspondence_fraction"":0.9999349678090654,""magnitude_m"":0.1,""pose_recovered"":true},{""initial_correspondence_fraction"":0.9999349678090654,""magnitude_m"":0.2,""pose_recovered"":true},{""initial_correspondence_fraction"":1.0,""magnitude_m"":0.4,""pose_recovered"":true},{""initial_correspondence_fraction"":0.6136437536580608,""magnitude_m"":0.8,""pose_recovered"":true},{""initial_correspondence_fraction"":0.5211029459582494,""magnitude_m"":1.2,""pose_recovered"":true},{""initial_correspondence_fraction"":0.4584119138973792,""magnitude_m"":1.6,""pose_recovered"":true},{""initial_correspondence_fraction"":0.31384535344995773,""magnitude_m"":2.4,""pose_recovered"":true},{""initial_correspondence_fraction"":0.2982376276256747,""magnitude_m"":3.2,""pose_recovered"":false},{""initial_correspondence_fraction"":0.20959875138193407,""magnitude_m"":4.8,""pose_recovered"":false},{""initial_correspondence_fraction"":0.005592768420368082,""magnitude_m"":6.4,""pose_recovered"":false}]",true,true,false,false,UNRESOLVED
R_TEST_01,Rich,R_TEST_01_Q01,open3d,strong,1,2.4,3.2,3.0,3.025,3.0125,0.02499999999999991,5,false,false,false,false,false,0.4009234571112701,0.40534564609481694,false,"[{""initial_correspondence_fraction"":0.9999349678090654,""magnitude_m"":0.05,""pose_recovered"":true},{""initial_correspondence_fraction"":0.9999349678090654,""magnitude_m"":0.1,""pose_recovered"":true},{""initial_correspondence_fraction"":0.9999349678090654,""magnitude_m"":0.2,""pose_recovered"":true},{""initial_correspondence_fraction"":0.9999349678090654,""magnitude_m"":0.4,""pose_recovered"":true},{""initial_correspondence_fraction"":0.6732132405540743,""magnitude_m"":0.8,""pose_recovered"":true},{""initial_correspondence_fraction"":0.5767054692072576,""magnitude_m"":1.2,""pose_recovered"":true},{""initial_correspondence_fraction"":0.5173310788840476,""magnitude_m"":1.6,""pose_recovered"":true},{""initial_correspondence_fraction"":0.4149053781621903,""magnitude_m"":2.4,""pose_recovered"":true},{""initial_correspondence_fraction"":0.41425505625284514,""magnitude_m"":3.2,""pose_recovered"":false},{""initial_correspondence_fraction"":0.33309488196657344,""magnitude_m"":4.8,""pose_recovered"":false},{""initial_correspondence_fraction"":0.011965923131950315,""magnitude_m"":6.4,""pose_recovered"":false}]",true,true,false,false,UNRESOLVED
R_TEST_01,Rich,R_TEST_01_Q01,open3d,weak,-1,3.2,4.8,3.325,3.3500000000000005,3.3375000000000004,0.025000000000000355,6,false,false,false,false,false,0.7289458281849516,0.7308317617220524,false,"[{""initial_correspondence_fraction"":0.9999349678090654,""magnitude_m"":0.05,""pose_recovered"":true},{""initial_correspondence_fraction"":0.9999349678090654,""magnitude_m"":0.1,""pose_recovered"":true},{""initial_correspondence_fraction"":0.9999349678090654,""magnitude_m"":0.2,""pose_recovered"":true},{""initial_correspondence_fraction"":0.999869935618131,""magnitude_m"":0.4,""pose_recovered"":true},{""initial_correspondence_fraction"":0.8105612278077649,""magnitude_m"":0.8,""pose_recovered"":true},{""initial_correspondence_fraction"":0.7684203680822007,""magnitude_m"":1.2,""pose_recovered"":true},{""initial_correspondence_fraction"":0.7686154646550042,""magnitude_m"":1.6,""pose_recovered"":true},{""initial_correspondence_fraction"":0.7736879755478963,""magnitude_m"":2.4,""pose_recovered"":true},{""initial_correspondence_fraction"":0.7209468687000065,""magnitude_m"":3.2,""pose_recovered"":true},{""initial_correspondence_fraction"":0.7063796579306757,""magnitude_m"":4.8,""pose_recovered"":false},{""initial_correspondence_fraction"":0.6628731221954868,""magnitude_m"":6.4,""pose_recovered"":false}]",true,true,false,false,UNRESOLVED
R_TEST_01,Rich,R_TEST_01_Q01,open3d,weak,1,1.2,1.6,1.3249999999999997,1.3499999999999999,1.3375,0.025000000000000133,4,false,false,false,false,false,0.6810171034662158,0.6846589061585485,false,"[{""initial_correspondence_fraction"":0.9999349678090654,""magnitude_m"":0.05,""pose_recovered"":true},{""initial_correspondence_fraction"":0.9999349678090654,""magnitude_m"":0.1,""pose_recovered"":true},{""initial_correspondence_fraction"":0.9999349678090654,""magnitude_m"":0.2,""pose_recovered"":true},{""initial_correspondence_fraction"":0.9999349678090654,""magnitude_m"":0.4,""pose_recovered"":true},{""initial_correspondence_fraction"":0.8460037718670742,""magnitude_m"":0.8,""pose_recovered"":true},{""initial_correspondence_fraction"":0.6989009559732068,""magnitude_m"":1.2,""pose_recovered"":true},{""initial_correspondence_fraction"":0.6750341419002406,""magnitude_m"":1.6,""pose_recovered"":false}]",true,true,false,false,UNRESOLVED
R_TEST_01,Rich,R_TEST_01_Q01,pcl,strong,-1,2.4,3.2,2.675,2.6999999999999997,2.6875,0.02499999999999991,5,false,false,false,false,false,0.2976523379072641,0.29693698380698447,false,"[{""initial_correspondence_fraction"":0.9999349678090654,""magnitude_m"":0.05,""pose_recovered"":true},{""initial_correspondence_fraction"":0.9999349678090654,""magnitude_m"":0.1,""pose_recovered"":true},{""initial_correspondence_fraction"":0.9999349678090654,""magnitude_m"":0.2,""pose_recovered"":true},{""initial_correspondence_fraction"":1.0,""magnitude_m"":0.4,""pose_recovered"":true},{""initial_correspondence_fraction"":0.6136437536580608,""magnitude_m"":0.8,""pose_recovered"":true},{""initial_correspondence_fraction"":0.5211029459582494,""magnitude_m"":1.2,""pose_recovered"":true},{""initial_correspondence_fraction"":0.4584119138973792,""magnitude_m"":1.6,""pose_recovered"":true},{""initial_correspondence_fraction"":0.31384535344995773,""magnitude_m"":2.4,""pose_recovered"":true},{""initial_correspondence_fraction"":0.2982376276256747,""magnitude_m"":3.2,""pose_recovered"":false},{""initial_correspondence_fraction"":0.20959875138193407,""magnitude_m"":4.8,""pose_recovered"":false},{""initial_correspondence_fraction"":0.005592768420368082,""magnitude_m"":6.4,""pose_recovered"":false}]",true,true,false,false,UNRESOLVED
R_TEST_01,Rich,R_TEST_01_Q01,pcl,strong,1,2.4,3.2,3.0,3.025,3.0125,0.02499999999999991,5,false,false,false,false,false,0.4009234571112701,0.40534564609481694,false,"[{""initial_correspondence_fraction"":0.9999349678090654,""magnitude_m"":0.05,""pose_recovered"":true},{""initial_correspondence_fraction"":0.9999349678090654,""magnitude_m"":0.1,""pose_recovered"":true},{""initial_correspondence_fraction"":0.9999349678090654,""magnitude_m"":0.2,""pose_recovered"":true},{""initial_correspondence_fraction"":0.9999349678090654,""magnitude_m"":0.4,""pose_recovered"":true},{""initial_correspondence_fraction"":0.6732132405540743,""magnitude_m"":0.8,""pose_recovered"":true},{""initial_correspondence_fraction"":0.5767054692072576,""magnitude_m"":1.2,""pose_recovered"":true},{""initial_correspondence_fraction"":0.5173310788840476,""magnitude_m"":1.6,""pose_recovered"":true},{""initial_correspondence_fraction"":0.4149053781621903,""magnitude_m"":2.4,""pose_recovered"":true},{""initial_correspondence_fraction"":0.41425505625284514,""magnitude_m"":3.2,""pose_recovered"":false},{""initial_correspondence_fraction"":0.33309488196657344,""magnitude_m"":4.8,""pose_recovered"":false},{""initial_correspondence_fraction"":0.011965923131950315,""magnitude_m"":6.4,""pose_recovered"":false}]",true,true,false,false,UNRESOLVED
R_TEST_01,Rich,R_TEST_01_Q01,pcl,weak,-1,2.4,3.2,3.1,3.125,3.1125,0.02499999999999991,5,false,false,false,false,false,0.7288157638030826,0.726214476165702,false,"[{""initial_correspondence_fraction"":0.9999349678090654,""magnitude_m"":0.05,""pose_recovered"":true},{""initial_correspondence_fraction"":0.9999349678090654,""magnitude_m"":0.1,""pose_recovered"":true},{""initial_correspondence_fraction"":0.9999349678090654,""magnitude_m"":0.2,""pose_recovered"":true},{""initial_correspondence_fraction"":0.999869935618131,""magnitude_m"":0.4,""pose_recovered"":true},{""initial_correspondence_fraction"":0.8105612278077649,""magnitude_m"":0.8,""pose_recovered"":true},{""initial_correspondence_fraction"":0.7684203680822007,""magnitude_m"":1.2,""pose_recovered"":true},{""initial_correspondence_fraction"":0.7686154646550042,""magnitude_m"":1.6,""pose_recovered"":true},{""initial_correspondence_fraction"":0.7736879755478963,""magnitude_m"":2.4,""pose_recovered"":true},{""initial_correspondence_fraction"":0.7209468687000065,""magnitude_m"":3.2,""pose_recovered"":false},{""initial_correspondence_fraction"":0.7063796579306757,""magnitude_m"":4.8,""pose_recovered"":false},{""initial_correspondence_fraction"":0.6628731221954868,""magnitude_m"":6.4,""pose_recovered"":false}]",true,true,false,false,UNRESOLVED
R_TEST_01,Rich,R_TEST_01_Q01,pcl,weak,1,1.2,1.6,1.3249999999999997,1.3499999999999999,1.3375,0.025000000000000133,4,false,false,false,false,false,0.6810171034662158,0.6846589061585485,false,"[{""initial_correspondence_fraction"":0.9999349678090654,""magnitude_m"":0.05,""pose_recovered"":true},{""initial_correspondence_fraction"":0.9999349678090654,""magnitude_m"":0.1,""pose_recovered"":true},{""initial_correspondence_fraction"":0.9999349678090654,""magnitude_m"":0.2,""pose_recovered"":true},{""initial_correspondence_fraction"":0.9999349678090654,""magnitude_m"":0.4,""pose_recovered"":true},{""initial_correspondence_fraction"":0.8460037718670742,""magnitude_m"":0.8,""pose_recovered"":true},{""initial_correspondence_fraction"":0.6989009559732068,""magnitude_m"":1.2,""pose_recovered"":true},{""initial_correspondence_fraction"":0.6750341419002406,""magnitude_m"":1.6,""pose_recovered"":false}]",true,true,false,false,UNRESOLVED
R_TEST_01,Rich,R_TEST_01_Q02,open3d,strong,-1,2.4,3.2,3.125,3.1500000000000004,3.1375,0.025000000000000355,5,false,false,false,false,false,0.2874056726515743,0.291504033307312,false,"[{""initial_correspondence_fraction"":1.0,""magnitude_m"":0.05,""pose_recovered"":true},{""initial_correspondence_fraction"":1.0,""magnitude_m"":0.1,""pose_recovered"":true},{""initial_correspondence_fraction"":1.0,""magnitude_m"":0.2,""pose_recovered"":true},{""initial_correspondence_fraction"":1.0,""magnitude_m"":0.4,""pose_recovered"":true},{""initial_correspondence_fraction"":0.6079234972677595,""magnitude_m"":0.8,""pose_recovered"":true},{""initial_correspondence_fraction"":0.5111891751236014,""magnitude_m"":1.2,""pose_recovered"":true},{""initial_correspondence_fraction"":0.4472417382253448,""magnitude_m"":1.6,""pose_recovered"":true},{""initial_correspondence_fraction"":0.3042544886807182,""magnitude_m"":2.4,""pose_recovered"":true},{""initial_correspondence_fraction"":0.29195940671350507,""magnitude_m"":3.2,""pose_recovered"":false},{""initial_correspondence_fraction"":0.20491803278688525,""magnitude_m"":4.8,""pose_recovered"":false},{""initial_correspondence_fraction"":0.0059849076242518865,""magnitude_m"":6.4,""pose_recovered"":false}]",true,true,false,false,UNRESOLVED
R_TEST_01,Rich,R_TEST_01_Q02,open3d,strong,1,2.4,3.2,2.975,3.0,2.9875,0.02499999999999991,5,false,false,false,false,false,0.39916731720010407,0.40567265157429094,false,"[{""initial_correspondence_fraction"":1.0,""magnitude_m"":0.05,""pose_recovered"":true},{""initial_correspondence_fraction"":1.0,""magnitude_m"":0.1,""pose_recovered"":true},{""initial_correspondence_fraction"":1.0,""magnitude_m"":0.2,""pose_recovered"":true},{""initial_correspondence_fraction"":0.9998698933125163,""magnitude_m"":0.4,""pose_recovered"":true},{""initial_correspondence_fraction"":0.6762945615404632,""magnitude_m"":0.8,""pose_recovered"":true},{""initial_correspondence_fraction"":0.5816419463960447,""magnitude_m"":1.2,""pose_recovered"":true},{""initial_correspondence_fraction"":0.5143767889669529,""magnitude_m"":1.6,""pose_recovered"":true},{""initial_correspondence_fraction"":0.4143247462919594,""magnitude_m"":2.4,""pose_recovered"":true},{""initial_correspondence_fraction"":0.41360915951079885,""magnitude_m"":3.2,""pose_recovered"":false},{""initial_correspondence_fraction"":0.3337236533957845,""magnitude_m"":4.8,""pose_recovered"":false},{""initial_correspondence_fraction"":0.014897215716887848,""magnitude_m"":6.4,""pose_recovered"":false}]",true,true,false,false,UNRESOLVED
R_TEST_01,Rich,R_TEST_01_Q02,open3d,weak,-1,3.2,4.8,3.5,3.525,3.5125,0.02499999999999991,6,false,false,false,false,false,0.510408534998699,0.510408534998699,false,"[{""initial_correspondence_fraction"":1.0,""magnitude_m"":0.05,""pose_recovered"":true},{""initial_correspondence_fraction"":1.0,""magnitude_m"":0.1,""pose_recovered"":true},{""initial_correspondence_fraction"":1.0,""magnitude_m"":0.2,""pose_recovered"":true},{""initial_correspondence_fraction"":1.0,""magnitude_m"":0.4,""pose_recovered"":true},{""initial_correspondence_fraction"":0.8074421025240698,""magnitude_m"":0.8,""pose_recovered"":true},{""initial_correspondence_fraction"":0.7522118136872236,""magnitude_m"":1.2,""pose_recovered"":true},{""initial_correspondence_fraction"":0.7207910486599011,""magnitude_m"":1.6,""pose_recovered"":true},{""initial_correspondence_fraction"":0.6796773354150404,""magnitude_m"":2.4,""pose_recovered"":true},{""initial_correspondence_fraction"":0.5221181368722352,""magnitude_m"":3.2,""pose_recovered"":true},{""initial_correspondence_fraction"":0.43767889669529014,""magnitude_m"":4.8,""pose_recovered"":false},{""initial_correspondence_fraction"":0.372040072859745,""magnitude_m"":6.4,""pose_recovered"":false}]",true,true,false,false,UNRESOLVED
R_TEST_01,Rich,R_TEST_01_Q02,open3d,weak,1,1.2,1.6,1.3249999999999997,1.3499999999999999,1.3375,0.025000000000000133,4,false,false,false,false,false,0.6646500130106687,0.6639344262295082,false,"[{""initial_correspondence_fraction"":1.0,""magnitude_m"":0.05,""pose_recovered"":true},{""initial_correspondence_fraction"":1.0,""magnitude_m"":0.1,""pose_recovered"":true},{""initial_correspondence_fraction"":1.0,""magnitude_m"":0.2,""pose_recovered"":true},{""initial_correspondence_fraction"":1.0,""magnitude_m"":0.4,""pose_recovered"":true},{""initial_correspondence_fraction"":0.8427660681759043,""magnitude_m"":0.8,""pose_recovered"":true},{""initial_correspondence_fraction"":0.6960707780379911,""magnitude_m"":1.2,""pose_recovered"":true},{""initial_correspondence_fraction"":0.6493624772313297,""magnitude_m"":1.6,""pose_recovered"":false}]",true,true,false,false,UNRESOLVED
R_TEST_01,Rich,R_TEST_01_Q02,pcl,strong,-1,2.4,3.2,3.1500000000000004,3.1750000000000003,3.1625000000000005,0.02499999999999991,5,false,false,false,false,false,0.291504033307312,0.291504033307312,false,"[{""initial_correspondence_fraction"":1.0,""magnitude_m"":0.05,""pose_recovered"":true},{""initial_correspondence_fraction"":1.0,""magnitude_m"":0.1,""pose_recovered"":true},{""initial_correspondence_fraction"":1.0,""magnitude_m"":0.2,""pose_recovered"":true},{""initial_correspondence_fraction"":1.0,""magnitude_m"":0.4,""pose_recovered"":true},{""initial_correspondence_fraction"":0.6079234972677595,""magnitude_m"":0.8,""pose_recovered"":true},{""initial_correspondence_fraction"":0.5111891751236014,""magnitude_m"":1.2,""pose_recovered"":true},{""initial_correspondence_fraction"":0.4472417382253448,""magnitude_m"":1.6,""pose_recovered"":true},{""initial_correspondence_fraction"":0.3042544886807182,""magnitude_m"":2.4,""pose_recovered"":true},{""initial_correspondence_fraction"":0.29195940671350507,""magnitude_m"":3.2,""pose_recovered"":false},{""initial_correspondence_fraction"":0.20491803278688525,""magnitude_m"":4.8,""pose_recovered"":false},{""initial_correspondence_fraction"":0.0059849076242518865,""magnitude_m"":6.4,""pose_recovered"":false}]",true,true,false,false,UNRESOLVED
R_TEST_01,Rich,R_TEST_01_Q02,pcl,strong,1,2.4,3.2,3.0,3.025,3.0125,0.02499999999999991,5,false,false,false,false,false,0.40567265157429094,0.4096409055425449,false,"[{""initial_correspondence_fraction"":1.0,""magnitude_m"":0.05,""pose_recovered"":true},{""initial_correspondence_fraction"":1.0,""magnitude_m"":0.1,""pose_recovered"":true},{""initial_correspondence_fraction"":1.0,""magnitude_m"":0.2,""pose_recovered"":true},{""initial_correspondence_fraction"":0.9998698933125163,""magnitude_m"":0.4,""pose_recovered"":true},{""initial_correspondence_fraction"":0.6762945615404632,""magnitude_m"":0.8,""pose_recovered"":true},{""initial_correspondence_fraction"":0.5816419463960447,""magnitude_m"":1.2,""pose_recovered"":true},{""initial_correspondence_fraction"":0.5143767889669529,""magnitude_m"":1.6,""pose_recovered"":true},{""initial_correspondence_fraction"":0.4143247462919594,""magnitude_m"":2.4,""pose_recovered"":true},{""initial_correspondence_fraction"":0.41360915951079885,""magnitude_m"":3.2,""pose_recovered"":false},{""initial_correspondence_fraction"":0.3337236533957845,""magnitude_m"":4.8,""pose_recovered"":false},{""initial_correspondence_fraction"":0.014897215716887848,""magnitude_m"":6.4,""pose_recovered"":false}]",true,true,false,false,UNRESOLVED
R_TEST_01,Rich,R_TEST_01_Q02,pcl,weak,-1,2.4,3.2,3.1750000000000003,3.2,3.1875,0.02499999999999991,5,false,false,false,false,false,0.5249154306531356,0.5221181368722352,false,"[{""initial_correspondence_fraction"":1.0,""magnitude_m"":0.05,""pose_recovered"":true},{""initial_correspondence_fraction"":1.0,""magnitude_m"":0.1,""pose_recovered"":true},{""initial_correspondence_fraction"":1.0,""magnitude_m"":0.2,""pose_recovered"":true},{""initial_correspondence_fraction"":1.0,""magnitude_m"":0.4,""pose_recovered"":true},{""initial_correspondence_fraction"":0.8074421025240698,""magnitude_m"":0.8,""pose_recovered"":true},{""initial_correspondence_fraction"":0.7522118136872236,""magnitude_m"":1.2,""pose_recovered"":true},{""initial_correspondence_fraction"":0.7207910486599011,""magnitude_m"":1.6,""pose_recovered"":true},{""initial_correspondence_fraction"":0.6796773354150404,""magnitude_m"":2.4,""pose_recovered"":true},{""initial_correspondence_fraction"":0.5221181368722352,""magnitude_m"":3.2,""pose_recovered"":false},{""initial_correspondence_fraction"":0.43767889669529014,""magnitude_m"":4.8,""pose_recovered"":false},{""initial_correspondence_fraction"":0.372040072859745,""magnitude_m"":6.4,""pose_recovered"":false}]",true,true,false,false,UNRESOLVED
R_TEST_01,Rich,R_TEST_01_Q02,pcl,weak,1,1.2,1.6,1.3249999999999997,1.3499999999999999,1.3375,0.025000000000000133,4,false,false,false,false,false,0.6646500130106687,0.6639344262295082,false,"[{""initial_correspondence_fraction"":1.0,""magnitude_m"":0.05,""pose_recovered"":true},{""initial_correspondence_fraction"":1.0,""magnitude_m"":0.1,""pose_recovered"":true},{""initial_correspondence_fraction"":1.0,""magnitude_m"":0.2,""pose_recovered"":true},{""initial_correspondence_fraction"":1.0,""magnitude_m"":0.4,""pose_recovered"":true},{""initial_correspondence_fraction"":0.8427660681759043,""magnitude_m"":0.8,""pose_recovered"":true},{""initial_correspondence_fraction"":0.6960707780379911,""magnitude_m"":1.2,""pose_recovered"":true},{""initial_correspondence_fraction"":0.6493624772313297,""magnitude_m"":1.6,""pose_recovered"":false}]",true,true,false,false,UNRESOLVED
R_TEST_01,Rich,R_TEST_01_Q03,open3d,strong,-1,2.4,3.2,2.5749999999999997,2.5999999999999996,2.5874999999999995,0.02499999999999991,5,false,false,false,false,false,0.3070517824616185,0.3054905022118137,false,"[{""initial_correspondence_fraction"":1.0,""magnitude_m"":0.05,""pose_recovered"":true},{""initial_correspondence_fraction"":1.0,""magnitude_m"":0.1,""pose_recovered"":true},{""initial_correspondence_fraction"":1.0,""magnitude_m"":0.2,""pose_recovered"":true},{""initial_correspondence_fraction"":1.0,""magnitude_m"":0.4,""pose_recovered"":true},{""initial_correspondence_fraction"":0.6163153786104606,""magnitude_m"":0.8,""pose_recovered"":true},{""initial_correspondence_fraction"":0.5191907364038512,""magnitude_m"":1.2,""pose_recovered"":true},{""initial_correspondence_fraction"":0.45914650013010666,""magnitude_m"":1.6,""pose_recovered"":true},{""initial_correspondence_fraction"":0.315703877179287,""magnitude_m"":2.4,""pose_recovered"":true},{""initial_correspondence_fraction"":0.30067655477491545,""magnitude_m"":3.2,""pose_recovered"":false},{""initial_correspondence_fraction"":0.20927660681759042,""magnitude_m"":4.8,""pose_recovered"":false},{""initial_correspondence_fraction"":0.006049960967993755,""magnitude_m"":6.4,""pose_recovered"":false}]",true,true,false,false,UNRESOLVED
R_TEST_01,Rich,R_TEST_01_Q03,open3d,strong,1,2.4,3.2,2.975,3.0,2.9875,0.02499999999999991,5,false,false,false,false,false,0.40027322404371585,0.4048920114493885,false,"[{""initial_correspondence_fraction"":1.0,""magnitude_m"":0.05,""pose_recovered"":true},{""initial_correspondence_fraction"":1.0,""magnitude_m"":0.1,""pose_recovered"":true},{""initial_correspondence_fraction"":1.0,""magnitude_m"":0.2,""pose_recovered"":true},{""initial_correspondence_fraction"":1.0,""magnitude_m"":0.4,""pose_recovered"":true},{""initial_correspondence_fraction"":0.6733021077283372,""magnitude_m"":0.8,""pose_recovered"":true},{""initial_correspondence_fraction"":0.5811865729898517,""magnitude_m"":1.2,""pose_recovered"":true},{""initial_correspondence_fraction"":0.5184751496226906,""magnitude_m"":1.6,""pose_recovered"":true},{""initial_correspondence_fraction"":0.4178376268540203,""magnitude_m"":2.4,""pose_recovered"":true},{""initial_correspondence_fraction"":0.41588602654176426,""magnitude_m"":3.2,""pose_recovered"":false},{""initial_correspondence_fraction"":0.3211033047098621,""magnitude_m"":4.8,""pose_recovered"":false},{""initial_correspondence_fraction"":0.014376788966952901,""magnitude_m"":6.4,""pose_recovered"":false}]",true,true,false,false,UNRESOLVED
R_TEST_01,Rich,R_TEST_01_Q03,open3d,weak,-1,3.2,4.8,3.4000000000000004,3.4250000000000003,3.4125000000000005,0.02499999999999991,6,false,false,false,false,false,0.7007546187874056,0.7014702055685662,false,"[{""initial_correspondence_fraction"":1.0,""magnitude_m"":0.05,""pose_recovered"":true},{""initial_correspondence_fraction"":1.0,""magnitude_m"":0.1,""pose_recovered"":true},{""initial_correspondence_fraction"":1.0,""magnitude_m"":0.2,""pose_recovered"":true},{""initial_correspondence_fraction"":1.0,""magnitude_m"":0.4,""pose_recovered"":true},{""initial_correspondence_fraction"":0.8110850897736144,""magnitude_m"":0.8,""pose_recovered"":true},{""initial_correspondence_fraction"":0.7678896695290138,""magnitude_m"":1.2,""pose_recovered"":true},{""initial_correspondence_fraction"":0.7599531615925058,""magnitude_m"":1.6,""pose_recovered"":true},{""initial_correspondence_fraction"":0.7541634139994796,""magnitude_m"":2.4,""pose_recovered"":true},{""initial_correspondence_fraction"":0.6991933385376008,""magnitude_m"":3.2,""pose_recovered"":true},{""initial_correspondence_fraction"":0.6606817590424148,""magnitude_m"":4.8,""pose_recovered"":false},{""initial_correspondence_fraction"":0.5098230549050221,""magnitude_m"":6.4,""pose_recovered"":false}]",true,true,false,false,UNRESOLVED
R_TEST_01,Rich,R_TEST_01_Q03,open3d,weak,1,1.2,1.6,1.2999999999999998,1.3249999999999997,1.3124999999999998,0.02499999999999991,4,false,false,false,false,false,0.6760343481654957,0.6770752016653656,false,"[{""initial_correspondence_fraction"":1.0,""magnitude_m"":0.05,""pose_recovered"":true},{""initial_correspondence_fraction"":1.0,""magnitude_m"":0.1,""pose_recovered"":true},{""initial_correspondence_fraction"":1.0,""magnitude_m"":0.2,""pose_recovered"":true},{""initial_correspondence_fraction"":1.0,""magnitude_m"":0.4,""pose_recovered"":true},{""initial_correspondence_fraction"":0.841855321363518,""magnitude_m"":0.8,""pose_recovered"":true},{""initial_correspondence_fraction"":0.6965261514441843,""magnitude_m"":1.2,""pose_recovered"":true},{""initial_correspondence_fraction"":0.6709601873536299,""magnitude_m"":1.6,""pose_recovered"":false}]",true,true,false,false,UNRESOLVED
R_TEST_01,Rich,R_TEST_01_Q03,pcl,strong,-1,2.4,3.2,3.1,3.125,3.1125,0.02499999999999991,5,false,false,false,false,false,0.29365079365079366,0.2959927140255009,false,"[{""initial_correspondence_fraction"":1.0,""magnitude_m"":0.05,""pose_recovered"":true},{""initial_correspondence_fraction"":1.0,""magnitude_m"":0.1,""pose_recovered"":true},{""initial_correspondence_fraction"":1.0,""magnitude_m"":0.2,""pose_recovered"":true},{""initial_correspondence_fraction"":1.0,""magnitude_m"":0.4,""pose_recovered"":true},{""initial_correspondence_fraction"":0.6163153786104606,""magnitude_m"":0.8,""pose_recovered"":true},{""initial_correspondence_fraction"":0.5191907364038512,""magnitude_m"":1.2,""pose_recovered"":true},{""initial_correspondence_fraction"":0.45914650013010666,""magnitude_m"":1.6,""pose_recovered"":true},{""initial_correspondence_fraction"":0.315703877179287,""magnitude_m"":2.4,""pose_recovered"":true},{""initial_correspondence_fraction"":0.30067655477491545,""magnitude_m"":3.2,""pose_recovered"":false},{""initial_correspondence_fraction"":0.20927660681759042,""magnitude_m"":4.8,""pose_recovered"":false},{""initial_correspondence_fraction"":0.006049960967993755,""magnitude_m"":6.4,""pose_recovered"":false}]",true,true,false,false,UNRESOLVED
R_TEST_01,Rich,R_TEST_01_Q03,pcl,strong,1,2.4,3.2,3.0,3.025,3.0125,0.02499999999999991,5,false,false,false,false,false,0.4048920114493885,0.40840489201144936,false,"[{""initial_correspondence_fraction"":1.0,""magnitude_m"":0.05,""pose_recovered"":true},{""initial_correspondence_fraction"":1.0,""magnitude_m"":0.1,""pose_recovered"":true},{""initial_correspondence_fraction"":1.0,""magnitude_m"":0.2,""pose_recovered"":true},{""initial_correspondence_fraction"":1.0,""magnitude_m"":0.4,""pose_recovered"":true},{""initial_correspondence_fraction"":0.6733021077283372,""magnitude_m"":0.8,""pose_recovered"":true},{""initial_correspondence_fraction"":0.5811865729898517,""magnitude_m"":1.2,""pose_recovered"":true},{""initial_correspondence_fraction"":0.5184751496226906,""magnitude_m"":1.6,""pose_recovered"":true},{""initial_correspondence_fraction"":0.4178376268540203,""magnitude_m"":2.4,""pose_recovered"":true},{""initial_correspondence_fraction"":0.41588602654176426,""magnitude_m"":3.2,""pose_recovered"":false},{""initial_correspondence_fraction"":0.3211033047098621,""magnitude_m"":4.8,""pose_recovered"":false},{""initial_correspondence_fraction"":0.014376788966952901,""magnitude_m"":6.4,""pose_recovered"":false}]",true,true,false,false,UNRESOLVED
R_TEST_01,Rich,R_TEST_01_Q03,pcl,weak,-1,2.4,3.2,3.1,3.125,3.1125,0.02499999999999991,5,false,false,false,false,false,0.7049180327868853,0.704072339318241,false,"[{""initial_correspondence_fraction"":1.0,""magnitude_m"":0.05,""pose_recovered"":true},{""initial_correspondence_fraction"":1.0,""magnitude_m"":0.1,""pose_recovered"":true},{""initial_correspondence_fraction"":1.0,""magnitude_m"":0.2,""pose_recovered"":true},{""initial_correspondence_fraction"":1.0,""magnitude_m"":0.4,""pose_recovered"":true},{""initial_correspondence_fraction"":0.8110850897736144,""magnitude_m"":0.8,""pose_recovered"":true},{""initial_correspondence_fraction"":0.7678896695290138,""magnitude_m"":1.2,""pose_recovered"":true},{""initial_correspondence_fraction"":0.7599531615925058,""magnitude_m"":1.6,""pose_recovered"":true},{""initial_correspondence_fraction"":0.7541634139994796,""magnitude_m"":2.4,""pose_recovered"":true},{""initial_correspondence_fraction"":0.6991933385376008,""magnitude_m"":3.2,""pose_recovered"":false},{""initial_correspondence_fraction"":0.6606817590424148,""magnitude_m"":4.8,""pose_recovered"":false},{""initial_correspondence_fraction"":0.5098230549050221,""magnitude_m"":6.4,""pose_recovered"":false}]",true,true,false,false,UNRESOLVED
R_TEST_01,Rich,R_TEST_01_Q03,pcl,weak,1,1.2,1.6,1.2999999999999998,1.3249999999999997,1.3124999999999998,0.02499999999999991,4,false,false,false,false,false,0.6760343481654957,0.6770752016653656,false,"[{""initial_correspondence_fraction"":1.0,""magnitude_m"":0.05,""pose_recovered"":true},{""initial_correspondence_fraction"":1.0,""magnitude_m"":0.1,""pose_recovered"":true},{""initial_correspondence_fraction"":1.0,""magnitude_m"":0.2,""pose_recovered"":true},{""initial_correspondence_fraction"":1.0,""magnitude_m"":0.4,""pose_recovered"":true},{""initial_correspondence_fraction"":0.841855321363518,""magnitude_m"":0.8,""pose_recovered"":true},{""initial_correspondence_fraction"":0.6965261514441843,""magnitude_m"":1.2,""pose_recovered"":true},{""initial_correspondence_fraction"":0.6709601873536299,""magnitude_m"":1.6,""pose_recovered"":false}]",true,true,false,false,UNRESOLVED
R_TEST_01,Rich,R_TEST_01_Q04,open3d,strong,-1,2.4,3.2,2.5999999999999996,2.6249999999999996,2.6125,0.02499999999999991,5,false,false,false,false,false,0.30412844036697245,0.30301441677588464,false,"[{""initial_correspondence_fraction"":1.0,""magnitude_m"":0.05,""pose_recovered"":true},{""initial_correspondence_fraction"":1.0,""magnitude_m"":0.1,""pose_recovered"":true},{""initial_correspondence_fraction"":1.0,""magnitude_m"":0.2,""pose_recovered"":true},{""initial_correspondence_fraction"":1.0,""magnitude_m"":0.4,""pose_recovered"":true},{""initial_correspondence_fraction"":0.6089777195281783,""magnitude_m"":0.8,""pose_recovered"":true},{""initial_correspondence_fraction"":0.5177588466579293,""magnitude_m"":1.2,""pose_recovered"":true},{""initial_correspondence_fraction"":0.4620576671035387,""magnitude_m"":1.6,""pose_recovered"":true},{""initial_correspondence_fraction"":0.31389252948885976,""magnitude_m"":2.4,""pose_recovered"":true},{""initial_correspondence_fraction"":0.29613368283093056,""magnitude_m"":3.2,""pose_recovered"":false},{""initial_correspondence_fraction"":0.20543905635648754,""magnitude_m"":4.8,""pose_recovered"":false},{""initial_correspondence_fraction"":0.006880733944954129,""magnitude_m"":6.4,""pose_recovered"":false}]",true,true,false,false,UNRESOLVED
R_TEST_01,Rich,R_TEST_01_Q04,open3d,strong,1,2.4,3.2,2.975,3.0,2.9875,0.02499999999999991,5,false,false,false,false,false,0.4018348623853211,0.4060943643512451,false,"[{""initial_correspondence_fraction"":1.0,""magnitude_m"":0.05,""pose_recovered"":true},{""initial_correspondence_fraction"":1.0,""magnitude_m"":0.1,""pose_recovered"":true},{""initial_correspondence_fraction"":1.0,""magnitude_m"":0.2,""pose_recovered"":true},{""initial_correspondence_fraction"":0.9999344692005242,""magnitude_m"":0.4,""pose_recovered"":true},{""initial_correspondence_fraction"":0.6696592398427261,""magnitude_m"":0.8,""pose_recovered"":true},{""initial_correspondence_fraction"":0.5794233289646133,""magnitude_m"":1.2,""pose_recovered"":true},{""initial_correspondence_fraction"":0.51913499344692,""magnitude_m"":1.6,""pose_recovered"":true},{""initial_correspondence_fraction"":0.42142857142857143,""magnitude_m"":2.4,""pose_recovered"":true},{""initial_correspondence_fraction"":0.4153342070773263,""magnitude_m"":3.2,""pose_recovered"":false},{""initial_correspondence_fraction"":0.32562254259501966,""magnitude_m"":4.8,""pose_recovered"":false},{""initial_correspondence_fraction"":0.015399737876802096,""magnitude_m"":6.4,""pose_recovered"":false}]",true,true,false,false,UNRESOLVED
R_TEST_01,Rich,R_TEST_01_Q04,open3d,weak,-1,3.2,4.8,3.3500000000000005,3.3750000000000004,3.3625000000000007,0.02499999999999991,6,false,false,false,false,false,0.7119921363040629,0.7141546526867628,false,"[{""initial_correspondence_fraction"":1.0,""magnitude_m"":0.05,""pose_recovered"":true},{""initial_correspondence_fraction"":1.0,""magnitude_m"":0.1,""pose_recovered"":true},{""initial_correspondence_fraction"":1.0,""magnitude_m"":0.2,""pose_recovered"":true},{""initial_correspondence_fraction"":0.9999344692005242,""magnitude_m"":0.4,""pose_recovered"":true},{""initial_correspondence_fraction"":0.8067496723460026,""magnitude_m"":0.8,""pose_recovered"":true},{""initial_correspondence_fraction"":0.7693315858453473,""magnitude_m"":1.2,""pose_recovered"":true},{""initial_correspondence_fraction"":0.7614023591087812,""magnitude_m"":1.6,""pose_recovered"":true},{""initial_correspondence_fraction"":0.7583224115334207,""magnitude_m"":2.4,""pose_recovered"":true},{""initial_correspondence_fraction"":0.7104849279161206,""magnitude_m"":3.2,""pose_recovered"":true},{""initial_correspondence_fraction"":0.6935779816513762,""magnitude_m"":4.8,""pose_recovered"":false},{""initial_correspondence_fraction"":0.5378112712975098,""magnitude_m"":6.4,""pose_recovered"":false}]",true,true,false,false,UNRESOLVED
R_TEST_01,Rich,R_TEST_01_Q04,open3d,weak,1,1.2,1.6,1.2999999999999998,1.3249999999999997,1.3124999999999998,0.02499999999999991,4,false,false,false,false,false,0.6760157273918742,0.6770642201834862,false,"[{""initial_correspondence_fraction"":1.0,""magnitude_m"":0.05,""pose_recovered"":true},{""initial_correspondence_fraction"":1.0,""magnitude_m"":0.1,""pose_recovered"":true},{""initial_correspondence_fraction"":1.0,""magnitude_m"":0.2,""pose_recovered"":true},{""initial_correspondence_fraction"":1.0,""magnitude_m"":0.4,""pose_recovered"":true},{""initial_correspondence_fraction"":0.8429882044560943,""magnitude_m"":0.8,""pose_recovered"":true},{""initial_correspondence_fraction"":0.6983617300131062,""magnitude_m"":1.2,""pose_recovered"":true},{""initial_correspondence_fraction"":0.6699213630406291,""magnitude_m"":1.6,""pose_recovered"":false}]",true,true,false,false,UNRESOLVED
R_TEST_01,Rich,R_TEST_01_Q04,pcl,strong,-1,2.4,3.2,2.9,2.925,2.9124999999999996,0.02499999999999991,5,false,false,false,false,false,0.28990825688073396,0.28833551769331583,false,"[{""initial_correspondence_fraction"":1.0,""magnitude_m"":0.05,""pose_recovered"":true},{""initial_correspondence_fraction"":1.0,""magnitude_m"":0.1,""pose_recovered"":true},{""initial_correspondence_fraction"":1.0,""magnitude_m"":0.2,""pose_recovered"":true},{""initial_correspondence_fraction"":1.0,""magnitude_m"":0.4,""pose_recovered"":true},{""initial_correspondence_fraction"":0.6089777195281783,""magnitude_m"":0.8,""pose_recovered"":true},{""initial_correspondence_fraction"":0.5177588466579293,""magnitude_m"":1.2,""pose_recovered"":true},{""initial_correspondence_fraction"":0.4620576671035387,""magnitude_m"":1.6,""pose_recovered"":true},{""initial_correspondence_fraction"":0.31389252948885976,""magnitude_m"":2.4,""pose_recovered"":true},{""initial_correspondence_fraction"":0.29613368283093056,""magnitude_m"":3.2,""pose_recovered"":false},{""initial_correspondence_fraction"":0.20543905635648754,""magnitude_m"":4.8,""pose_recovered"":false},{""initial_correspondence_fraction"":0.006880733944954129,""magnitude_m"":6.4,""pose_recovered"":false}]",true,true,false,false,UNRESOLVED
R_TEST_01,Rich,R_TEST_01_Q04,pcl,strong,1,2.4,3.2,2.975,3.0,2.9875,0.02499999999999991,5,false,false,false,false,false,0.4018348623853211,0.4060943643512451,false,"[{""initial_correspondence_fraction"":1.0,""magnitude_m"":0.05,""pose_recovered"":true},{""initial_correspondence_fraction"":1.0,""magnitude_m"":0.1,""pose_recovered"":true},{""initial_correspondence_fraction"":1.0,""magnitude_m"":0.2,""pose_recovered"":true},{""initial_correspondence_fraction"":0.9999344692005242,""magnitude_m"":0.4,""pose_recovered"":true},{""initial_correspondence_fraction"":0.6696592398427261,""magnitude_m"":0.8,""pose_recovered"":true},{""initial_correspondence_fraction"":0.5794233289646133,""magnitude_m"":1.2,""pose_recovered"":true},{""initial_correspondence_fraction"":0.51913499344692,""magnitude_m"":1.6,""pose_recovered"":true},{""initial_correspondence_fraction"":0.42142857142857143,""magnitude_m"":2.4,""pose_recovered"":true},{""initial_correspondence_fraction"":0.4153342070773263,""magnitude_m"":3.2,""pose_recovered"":false},{""initial_correspondence_fraction"":0.32562254259501966,""magnitude_m"":4.8,""pose_recovered"":false},{""initial_correspondence_fraction"":0.015399737876802096,""magnitude_m"":6.4,""pose_recovered"":false}]",true,true,false,false,UNRESOLVED
R_TEST_01,Rich,R_TEST_01_Q04,pcl,weak,-1,2.4,3.2,3.1,3.125,3.1125,0.02499999999999991,5,false,false,false,false,false,0.7150720838794233,0.7127785058977719,false,"[{""initial_correspondence_fraction"":1.0,""magnitude_m"":0.05,""pose_recovered"":true},{""initial_correspondence_fraction"":1.0,""magnitude_m"":0.1,""pose_recovered"":true},{""initial_correspondence_fraction"":1.0,""magnitude_m"":0.2,""pose_recovered"":true},{""initial_correspondence_fraction"":0.9999344692005242,""magnitude_m"":0.4,""pose_recovered"":true},{""initial_correspondence_fraction"":0.8067496723460026,""magnitude_m"":0.8,""pose_recovered"":true},{""initial_correspondence_fraction"":0.7693315858453473,""magnitude_m"":1.2,""pose_recovered"":true},{""initial_correspondence_fraction"":0.7614023591087812,""magnitude_m"":1.6,""pose_recovered"":true},{""initial_correspondence_fraction"":0.7583224115334207,""magnitude_m"":2.4,""pose_recovered"":true},{""initial_correspondence_fraction"":0.7104849279161206,""magnitude_m"":3.2,""pose_recovered"":false},{""initial_correspondence_fraction"":0.6935779816513762,""magnitude_m"":4.8,""pose_recovered"":false},{""initial_correspondence_fraction"":0.5378112712975098,""magnitude_m"":6.4,""pose_recovered"":false}]",true,true,false,false,UNRESOLVED
R_TEST_01,Rich,R_TEST_01_Q04,pcl,weak,1,1.2,1.6,1.2999999999999998,1.3249999999999997,1.3124999999999998,0.02499999999999991,4,false,false,false,false,false,0.6760157273918742,0.6770642201834862,false,"[{""initial_correspondence_fraction"":1.0,""magnitude_m"":0.05,""pose_recovered"":true},{""initial_correspondence_fraction"":1.0,""magnitude_m"":0.1,""pose_recovered"":true},{""initial_correspondence_fraction"":1.0,""magnitude_m"":0.2,""pose_recovered"":true},{""initial_correspondence_fraction"":1.0,""magnitude_m"":0.4,""pose_recovered"":true},{""initial_correspondence_fraction"":0.8429882044560943,""magnitude_m"":0.8,""pose_recovered"":true},{""initial_correspondence_fraction"":0.6983617300131062,""magnitude_m"":1.2,""pose_recovered"":true},{""initial_correspondence_fraction"":0.6699213630406291,""magnitude_m"":1.6,""pose_recovered"":false}]",true,true,false,false,UNRESOLVED
R_TEST_01,Rich,R_TEST_01_Q05,open3d,strong,-1,2.4,3.2,2.5,2.525,2.5125,0.02499999999999991,5,false,false,false,false,false,0.2960432122868671,0.2942860861642588,false,"[{""initial_correspondence_fraction"":1.0,""magnitude_m"":0.05,""pose_recovered"":true},{""initial_correspondence_fraction"":1.0,""magnitude_m"":0.1,""pose_recovered"":true},{""initial_correspondence_fraction"":1.0,""magnitude_m"":0.2,""pose_recovered"":true},{""initial_correspondence_fraction"":1.0,""magnitude_m"":0.4,""pose_recovered"":true},{""initial_correspondence_fraction"":0.6044513861772745,""magnitude_m"":0.8,""pose_recovered"":true},{""initial_correspondence_fraction"":0.5070935832357152,""magnitude_m"":1.2,""pose_recovered"":true},{""initial_correspondence_fraction"":0.446765586359495,""magnitude_m"":1.6,""pose_recovered"":true},{""initial_correspondence_fraction"":0.3012495119094104,""magnitude_m"":2.4,""pose_recovered"":true},{""initial_correspondence_fraction"":0.28986073148509695,""magnitude_m"":3.2,""pose_recovered"":false},{""initial_correspondence_fraction"":0.2054535988546141,""magnitude_m"":4.8,""pose_recovered"":false},{""initial_correspondence_fraction"":0.006247559547051933,""magnitude_m"":6.4,""pose_recovered"":false}]",true,true,false,false,UNRESOLVED
R_TEST_01,Rich,R_TEST_01_Q05,open3d,strong,1,2.4,3.2,3.0,3.025,3.0125,0.02499999999999991,5,false,false,false,false,false,0.40732786671872967,0.41188337888845505,false,"[{""initial_correspondence_fraction"":1.0,""magnitude_m"":0.05,""pose_recovered"":true},{""initial_correspondence_fraction"":1.0,""magnitude_m"":0.1,""pose_recovered"":true},{""initial_correspondence_fraction"":1.0,""magnitude_m"":0.2,""pose_recovered"":true},{""initial_correspondence_fraction"":1.0,""magnitude_m"":0.4,""pose_recovered"":true},{""initial_correspondence_fraction"":0.6727189899778733,""magnitude_m"":0.8,""pose_recovered"":true},{""initial_correspondence_fraction"":0.5786802030456852,""magnitude_m"":1.2,""pose_recovered"":true},{""initial_correspondence_fraction"":0.5169204737732657,""magnitude_m"":1.6,""pose_recovered"":true},{""initial_correspondence_fraction"":0.4180658596902252,""magnitude_m"":2.4,""pose_recovered"":true},{""initial_correspondence_fraction"":0.41364050501106336,""magnitude_m"":3.2,""pose_recovered"":false},{""initial_correspondence_fraction"":0.3285175061824808,""magnitude_m"":4.8,""pose_recovered"":false},{""initial_correspondence_fraction"":0.015163347650657296,""magnitude_m"":6.4,""pose_recovered"":false}]",true,true,false,false,UNRESOLVED
R_TEST_01,Rich,R_TEST_01_Q05,open3d,weak,-1,3.2,4.8,3.3000000000000003,3.325,3.3125,0.02499999999999991,6,false,false,false,false,false,0.7042821814395418,0.7033710790055968,false,"[{""initial_correspondence_fraction"":1.0,""magnitude_m"":0.05,""pose_recovered"":true},{""initial_correspondence_fraction"":1.0,""magnitude_m"":0.1,""pose_recovered"":true},{""initial_correspondence_fraction"":1.0,""magnitude_m"":0.2,""pose_recovered"":true},{""initial_correspondence_fraction"":1.0,""magnitude_m"":0.4,""pose_recovered"":true},{""initial_correspondence_fraction"":0.8106208512299883,""magnitude_m"":0.8,""pose_recovered"":true},{""initial_correspondence_fraction"":0.7698164779383053,""magnitude_m"":1.2,""pose_recovered"":true},{""initial_correspondence_fraction"":0.7623975009761812,""magnitude_m"":1.6,""pose_recovered"":true},{""initial_correspondence_fraction"":0.7585578550045555,""magnitude_m"":2.4,""pose_recovered"":true},{""initial_correspondence_fraction"":0.704867890147078,""magnitude_m"":3.2,""pose_recovered"":true},{""initial_correspondence_fraction"":0.6690095014968112,""magnitude_m"":4.8,""pose_recovered"":false},{""initial_correspondence_fraction"":0.5184172849147468,""magnitude_m"":6.4,""pose_recovered"":false}]",true,true,false,false,UNRESOLVED
R_TEST_01,Rich,R_TEST_01_Q05,open3d,weak,1,1.2,1.6,1.2999999999999998,1.3249999999999997,1.3124999999999998,0.02499999999999991,4,false,false,false,false,false,0.6805935181569699,0.6820903292984511,false,"[{""initial_correspondence_fraction"":1.0,""magnitude_m"":0.05,""pose_recovered"":true},{""initial_correspondence_fraction"":1.0,""magnitude_m"":0.1,""pose_recovered"":true},{""initial_correspondence_fraction"":1.0,""magnitude_m"":0.2,""pose_recovered"":true},{""initial_correspondence_fraction"":0.9999349212547182,""magnitude_m"":0.4,""pose_recovered"":true},{""initial_correspondence_fraction"":0.8505141220877261,""magnitude_m"":0.8,""pose_recovered"":true},{""initial_correspondence_fraction"":0.700507614213198,""magnitude_m"":1.2,""pose_recovered"":true},{""initial_correspondence_fraction"":0.6781205258362619,""magnitude_m"":1.6,""pose_recovered"":false}]",true,true,false,false,UNRESOLVED
R_TEST_01,Rich,R_TEST_01_Q05,pcl,strong,-1,2.4,3.2,2.475,2.5,2.4875,0.02499999999999991,5,false,false,false,false,false,0.29721462970193935,0.2960432122868671,false,"[{""initial_correspondence_fraction"":1.0,""magnitude_m"":0.05,""pose_recovered"":true},{""initial_correspondence_fraction"":1.0,""magnitude_m"":0.1,""pose_recovered"":true},{""initial_correspondence_fraction"":1.0,""magnitude_m"":0.2,""pose_recovered"":true},{""initial_correspondence_fraction"":1.0,""magnitude_m"":0.4,""pose_recovered"":true},{""initial_correspondence_fraction"":0.6044513861772745,""magnitude_m"":0.8,""pose_recovered"":true},{""initial_correspondence_fraction"":0.5070935832357152,""magnitude_m"":1.2,""pose_recovered"":true},{""initial_correspondence_fraction"":0.446765586359495,""magnitude_m"":1.6,""pose_recovered"":true},{""initial_correspondence_fraction"":0.3012495119094104,""magnitude_m"":2.4,""pose_recovered"":true},{""initial_correspondence_fraction"":0.28986073148509695,""magnitude_m"":3.2,""pose_recovered"":false},{""initial_correspondence_fraction"":0.2054535988546141,""magnitude_m"":4.8,""pose_recovered"":false},{""initial_correspondence_fraction"":0.006247559547051933,""magnitude_m"":6.4,""pose_recovered"":false}]",true,true,false,false,UNRESOLVED
R_TEST_01,Rich,R_TEST_01_Q05,pcl,strong,1,2.4,3.2,3.0,3.025,3.0125,0.02499999999999991,5,false,false,false,false,false,0.40732786671872967,0.41188337888845505,false,"[{""initial_correspondence_fraction"":1.0,""magnitude_m"":0.05,""pose_recovered"":true},{""initial_correspondence_fraction"":1.0,""magnitude_m"":0.1,""pose_recovered"":true},{""initial_correspondence_fraction"":1.0,""magnitude_m"":0.2,""pose_recovered"":true},{""initial_correspondence_fraction"":1.0,""magnitude_m"":0.4,""pose_recovered"":true},{""initial_correspondence_fraction"":0.6727189899778733,""magnitude_m"":0.8,""pose_recovered"":true},{""initial_correspondence_fraction"":0.5786802030456852,""magnitude_m"":1.2,""pose_recovered"":true},{""initial_correspondence_fraction"":0.5169204737732657,""magnitude_m"":1.6,""pose_recovered"":true},{""initial_correspondence_fraction"":0.4180658596902252,""magnitude_m"":2.4,""pose_recovered"":true},{""initial_correspondence_fraction"":0.41364050501106336,""magnitude_m"":3.2,""pose_recovered"":false},{""initial_correspondence_fraction"":0.3285175061824808,""magnitude_m"":4.8,""pose_recovered"":false},{""initial_correspondence_fraction"":0.015163347650657296,""magnitude_m"":6.4,""pose_recovered"":false}]",true,true,false,false,UNRESOLVED
R_TEST_01,Rich,R_TEST_01_Q05,pcl,weak,-1,2.4,3.2,3.1,3.125,3.1125,0.02499999999999991,5,false,false,false,false,false,0.7119614733827931,0.7098138747884941,false,"[{""initial_correspondence_fraction"":1.0,""magnitude_m"":0.05,""pose_recovered"":true},{""initial_correspondence_fraction"":1.0,""magnitude_m"":0.1,""pose_recovered"":true},{""initial_correspondence_fraction"":1.0,""magnitude_m"":0.2,""pose_recovered"":true},{""initial_correspondence_fraction"":1.0,""magnitude_m"":0.4,""pose_recovered"":true},{""initial_correspondence_fraction"":0.8106208512299883,""magnitude_m"":0.8,""pose_recovered"":true},{""initial_correspondence_fraction"":0.7698164779383053,""magnitude_m"":1.2,""pose_recovered"":true},{""initial_correspondence_fraction"":0.7623975009761812,""magnitude_m"":1.6,""pose_recovered"":true},{""initial_correspondence_fraction"":0.7585578550045555,""magnitude_m"":2.4,""pose_recovered"":true},{""initial_correspondence_fraction"":0.704867890147078,""magnitude_m"":3.2,""pose_recovered"":false},{""initial_correspondence_fraction"":0.6690095014968112,""magnitude_m"":4.8,""pose_recovered"":false},{""initial_correspondence_fraction"":0.5184172849147468,""magnitude_m"":6.4,""pose_recovered"":false}]",true,true,false,false,UNRESOLVED
R_TEST_01,Rich,R_TEST_01_Q05,pcl,weak,1,1.2,1.6,1.2999999999999998,1.3249999999999997,1.3124999999999998,0.02499999999999991,4,false,false,false,false,false,0.6805935181569699,0.6820903292984511,false,"[{""initial_correspondence_fraction"":1.0,""magnitude_m"":0.05,""pose_recovered"":true},{""initial_correspondence_fraction"":1.0,""magnitude_m"":0.1,""pose_recovered"":true},{""initial_correspondence_fraction"":1.0,""magnitude_m"":0.2,""pose_recovered"":true},{""initial_correspondence_fraction"":0.9999349212547182,""magnitude_m"":0.4,""pose_recovered"":true},{""initial_correspondence_fraction"":0.8505141220877261,""magnitude_m"":0.8,""pose_recovered"":true},{""initial_correspondence_fraction"":0.700507614213198,""magnitude_m"":1.2,""pose_recovered"":true},{""initial_correspondence_fraction"":0.6781205258362619,""magnitude_m"":1.6,""pose_recovered"":false}]",true,true,false,false,UNRESOLVED
R_TEST_01,Rich,R_TEST_01_Q06,open3d,strong,-1,2.4,3.2,2.875,2.9,2.8875,0.02499999999999991,5,false,false,false,false,false,0.2893147125690159,0.28704124715816826,false,"[{""initial_correspondence_fraction"":1.0,""magnitude_m"":0.05,""pose_recovered"":true},{""initial_correspondence_fraction"":1.0,""magnitude_m"":0.1,""pose_recovered"":true},{""initial_correspondence_fraction"":1.0,""magnitude_m"":0.2,""pose_recovered"":true},{""initial_correspondence_fraction"":1.0,""magnitude_m"":0.4,""pose_recovered"":true},{""initial_correspondence_fraction"":0.6115621955180254,""magnitude_m"":0.8,""pose_recovered"":true},{""initial_correspondence_fraction"":0.5163364728808054,""magnitude_m"":1.2,""pose_recovered"":true},{""initial_correspondence_fraction"":0.4516401429035401,""magnitude_m"":1.6,""pose_recovered"":true},{""initial_correspondence_fraction"":0.3080220850925625,""magnitude_m"":2.4,""pose_recovered"":true},{""initial_correspondence_fraction"":0.29535563494641115,""magnitude_m"":3.2,""pose_recovered"":false},{""initial_correspondence_fraction"":0.20987333549853848,""magnitude_m"":4.8,""pose_recovered"":false},{""initial_correspondence_fraction"":0.006040922377395258,""magnitude_m"":6.4,""pose_recovered"":false}]",true,true,false,false,UNRESOLVED
R_TEST_01,Rich,R_TEST_01_Q06,open3d,strong,1,2.4,3.2,2.975,3.0,2.9875,0.02499999999999991,5,false,false,false,false,false,0.39681714842481325,0.402208509256252,false,"[{""initial_correspondence_fraction"":1.0,""magnitude_m"":0.05,""pose_recovered"":true},{""initial_correspondence_fraction"":1.0,""magnitude_m"":0.1,""pose_recovered"":true},{""initial_correspondence_fraction"":1.0,""magnitude_m"":0.2,""pose_recovered"":true},{""initial_correspondence_fraction"":1.0,""magnitude_m"":0.4,""pose_recovered"":true},{""initial_correspondence_fraction"":0.670477427736278,""magnitude_m"":0.8,""pose_recovered"":true},{""initial_correspondence_fraction"":0.5747970120168886,""magnitude_m"":1.2,""pose_recovered"":true},{""initial_correspondence_fraction"":0.512179278986684,""magnitude_m"":1.6,""pose_recovered"":true},{""initial_correspondence_fraction"":0.412731406300747,""magnitude_m"":2.4,""pose_recovered"":true},{""initial_correspondence_fraction"":0.4086391685612212,""magnitude_m"":3.2,""pose_recovered"":false},{""initial_correspondence_fraction"":0.32270217603117896,""magnitude_m"":4.8,""pose_recovered"":false},{""initial_correspondence_fraction"":0.014225397856446899,""magnitude_m"":6.4,""pose_recovered"":false}]",true,true,false,false,UNRESOLVED
R_TEST_01,Rich,R_TEST_01_Q06,open3d,weak,-1,3.2,4.8,3.6500000000000004,3.6750000000000003,3.6625000000000005,0.02499999999999991,6,false,false,false,false,false,0.5479051640142903,0.5470607340045469,false,"[{""initial_correspondence_fraction"":1.0,""magnitude_m"":0.05,""pose_recovered"":true},{""initial_correspondence_fraction"":1.0,""magnitude_m"":0.1,""pose_recovered"":true},{""initial_correspondence_fraction"":1.0,""magnitude_m"":0.2,""pose_recovered"":true},{""initial_correspondence_fraction"":1.0,""magnitude_m"":0.4,""pose_recovered"":true},{""initial_correspondence_fraction"":0.8115621955180253,""magnitude_m"":0.8,""pose_recovered"":true},{""initial_correspondence_fraction"":0.7601169210782721,""magnitude_m"":1.2,""pose_recovered"":true},{""initial_correspondence_fraction"":0.7369275738876259,""magnitude_m"":1.6,""pose_recovered"":true},{""initial_correspondence_fraction"":0.7188697629100357,""magnitude_m"":2.4,""pose_recovered"":true},{""initial_correspondence_fraction"":0.6169535563494641,""magnitude_m"":3.2,""pose_recovered"":true},{""initial_correspondence_fraction"":0.4898993179603767,""magnitude_m"":4.8,""pose_recovered"":false},{""initial_correspondence_fraction"":0.41968171484248135,""magnitude_m"":6.4,""pose_recovered"":false}]",true,true,false,false,UNRESOLVED
R_TEST_01,Rich,R_TEST_01_Q06,open3d,weak,1,1.2,1.6,1.2999999999999998,1.3249999999999997,1.3124999999999998,0.02499999999999991,4,false,false,false,false,false,0.6754790516401429,0.6751542708671646,false,"[{""initial_correspondence_fraction"":1.0,""magnitude_m"":0.05,""pose_recovered"":true},{""initial_correspondence_fraction"":1.0,""magnitude_m"":0.1,""pose_recovered"":true},{""initial_correspondence_fraction"":1.0,""magnitude_m"":0.2,""pose_recovered"":true},{""initial_correspondence_fraction"":1.0,""magnitude_m"":0.4,""pose_recovered"":true},{""initial_correspondence_fraction"":0.8468983436180578,""magnitude_m"":0.8,""pose_recovered"":true},{""initial_correspondence_fraction"":0.6968496265021111,""magnitude_m"":1.2,""pose_recovered"":true},{""initial_correspondence_fraction"":0.6632023384215654,""magnitude_m"":1.6,""pose_recovered"":false}]",true,true,false,false,UNRESOLVED
R_TEST_01,Rich,R_TEST_01_Q06,pcl,strong,-1,2.4,3.2,3.1750000000000003,3.2,3.1875,0.02499999999999991,5,false,false,false,false,false,0.2945761610912634,0.29535563494641115,false,"[{""initial_correspondence_fraction"":1.0,""magnitude_m"":0.05,""pose_recovered"":true},{""initial_correspondence_fraction"":1.0,""magnitude_m"":0.1,""pose_recovered"":true},{""initial_correspondence_fraction"":1.0,""magnitude_m"":0.2,""pose_recovered"":true},{""initial_correspondence_fraction"":1.0,""magnitude_m"":0.4,""pose_recovered"":true},{""initial_correspondence_fraction"":0.6115621955180254,""magnitude_m"":0.8,""pose_recovered"":true},{""initial_correspondence_fraction"":0.5163364728808054,""magnitude_m"":1.2,""pose_recovered"":true},{""initial_correspondence_fraction"":0.4516401429035401,""magnitude_m"":1.6,""pose_recovered"":true},{""initial_correspondence_fraction"":0.3080220850925625,""magnitude_m"":2.4,""pose_recovered"":true},{""initial_correspondence_fraction"":0.29535563494641115,""magnitude_m"":3.2,""pose_recovered"":false},{""initial_correspondence_fraction"":0.20987333549853848,""magnitude_m"":4.8,""pose_recovered"":false},{""initial_correspondence_fraction"":0.006040922377395258,""magnitude_m"":6.4,""pose_recovered"":false}]",true,true,false,false,UNRESOLVED
R_TEST_01,Rich,R_TEST_01_Q06,pcl,strong,1,2.4,3.2,2.975,3.0,2.9875,0.02499999999999991,5,false,false,false,false,false,0.39681714842481325,0.402208509256252,false,"[{""initial_correspondence_fraction"":1.0,""magnitude_m"":0.05,""pose_recovered"":true},{""initial_correspondence_fraction"":1.0,""magnitude_m"":0.1,""pose_recovered"":true},{""initial_correspondence_fraction"":1.0,""magnitude_m"":0.2,""pose_recovered"":true},{""initial_correspondence_fraction"":1.0,""magnitude_m"":0.4,""pose_recovered"":true},{""initial_correspondence_fraction"":0.670477427736278,""magnitude_m"":0.8,""pose_recovered"":true},{""initial_correspondence_fraction"":0.5747970120168886,""magnitude_m"":1.2,""pose_recovered"":true},{""initial_correspondence_fraction"":0.512179278986684,""magnitude_m"":1.6,""pose_recovered"":true},{""initial_correspondence_fraction"":0.412731406300747,""magnitude_m"":2.4,""pose_recovered"":true},{""initial_correspondence_fraction"":0.4086391685612212,""magnitude_m"":3.2,""pose_recovered"":false},{""initial_correspondence_fraction"":0.32270217603117896,""magnitude_m"":4.8,""pose_recovered"":false},{""initial_correspondence_fraction"":0.014225397856446899,""magnitude_m"":6.4,""pose_recovered"":false}]",true,true,false,false,UNRESOLVED
R_TEST_01,Rich,R_TEST_01_Q06,pcl,weak,-1,3.2,4.8,3.3000000000000003,3.325,3.3125,0.02499999999999991,6,false,false,false,false,false,0.5746021435531017,0.5673920103929847,false,"[{""initial_correspondence_fraction"":1.0,""magnitude_m"":0.05,""pose_recovered"":true},{""initial_correspondence_fraction"":1.0,""magnitude_m"":0.1,""pose_recovered"":true},{""initial_correspondence_fraction"":1.0,""magnitude_m"":0.2,""pose_recovered"":true},{""initial_correspondence_fraction"":1.0,""magnitude_m"":0.4,""pose_recovered"":true},{""initial_correspondence_fraction"":0.8115621955180253,""magnitude_m"":0.8,""pose_recovered"":true},{""initial_correspondence_fraction"":0.7601169210782721,""magnitude_m"":1.2,""pose_recovered"":true},{""initial_correspondence_fraction"":0.7369275738876259,""magnitude_m"":1.6,""pose_recovered"":true},{""initial_correspondence_fraction"":0.7188697629100357,""magnitude_m"":2.4,""pose_recovered"":true},{""initial_correspondence_fraction"":0.6169535563494641,""magnitude_m"":3.2,""pose_recovered"":true},{""initial_correspondence_fraction"":0.4898993179603767,""magnitude_m"":4.8,""pose_recovered"":false},{""initial_correspondence_fraction"":0.41968171484248135,""magnitude_m"":6.4,""pose_recovered"":false}]",true,true,false,false,UNRESOLVED
R_TEST_01,Rich,R_TEST_01_Q06,pcl,weak,1,1.2,1.6,1.3249999999999997,1.3499999999999999,1.3375,0.025000000000000133,4,false,false,false,false,false,0.6751542708671646,0.6759337447223125,false,"[{""initial_correspondence_fraction"":1.0,""magnitude_m"":0.05,""pose_recovered"":true},{""initial_correspondence_fraction"":1.0,""magnitude_m"":0.1,""pose_recovered"":true},{""initial_correspondence_fraction"":1.0,""magnitude_m"":0.2,""pose_recovered"":true},{""initial_correspondence_fraction"":1.0,""magnitude_m"":0.4,""pose_recovered"":true},{""initial_correspondence_fraction"":0.8468983436180578,""magnitude_m"":0.8,""pose_recovered"":true},{""initial_correspondence_fraction"":0.6968496265021111,""magnitude_m"":1.2,""pose_recovered"":true},{""initial_correspondence_fraction"":0.6632023384215654,""magnitude_m"":1.6,""pose_recovered"":false}]",true,true,false,false,UNRESOLVED
R_TEST_01,Rich,R_TEST_01_Q07,open3d,strong,-1,2.4,3.2,2.55,2.5749999999999997,2.5625,0.02499999999999991,5,false,false,false,false,false,0.2984090027163368,0.29718018367610916,false,"[{""initial_correspondence_fraction"":1.0,""magnitude_m"":0.05,""pose_recovered"":true},{""initial_correspondence_fraction"":1.0,""magnitude_m"":0.1,""pose_recovered"":true},{""initial_correspondence_fraction"":1.0,""magnitude_m"":0.2,""pose_recovered"":true},{""initial_correspondence_fraction"":1.0,""magnitude_m"":0.4,""pose_recovered"":true},{""initial_correspondence_fraction"":0.607748027422067,""magnitude_m"":0.8,""pose_recovered"":true},{""initial_correspondence_fraction"":0.5108006726167378,""magnitude_m"":1.2,""pose_recovered"":true},{""initial_correspondence_fraction"":0.4494243952916828,""magnitude_m"":1.6,""pose_recovered"":true},{""initial_correspondence_fraction"":0.3066226878799638,""magnitude_m"":2.4,""pose_recovered"":true},{""initial_correspondence_fraction"":0.29090673910231535,""magnitude_m"":3.2,""pose_recovered"":false},{""initial_correspondence_fraction"":0.2048894062863795,""magnitude_m"":4.8,""pose_recovered"":false},{""initial_correspondence_fraction"":0.005303324278877248,""magnitude_m"":6.4,""pose_recovered"":false}]",true,true,false,false,UNRESOLVED
R_TEST_01,Rich,R_TEST_01_Q07,open3d,strong,1,2.4,3.2,2.975,3.0,2.9875,0.02499999999999991,5,false,false,false,false,false,0.40175915146811536,0.40842064415987583,false,"[{""initial_correspondence_fraction"":1.0,""magnitude_m"":0.05,""pose_recovered"":true},{""initial_correspondence_fraction"":1.0,""magnitude_m"":0.1,""pose_recovered"":true},{""initial_correspondence_fraction"":1.0,""magnitude_m"":0.2,""pose_recovered"":true},{""initial_correspondence_fraction"":1.0,""magnitude_m"":0.4,""pose_recovered"":true},{""initial_correspondence_fraction"":0.6746863277713103,""magnitude_m"":0.8,""pose_recovered"":true},{""initial_correspondence_fraction"":0.5761867804941146,""magnitude_m"":1.2,""pose_recovered"":true},{""initial_correspondence_fraction"":0.5151338766006985,""magnitude_m"":1.6,""pose_recovered"":true},{""initial_correspondence_fraction"":0.4186392445996637,""magnitude_m"":2.4,""pose_recovered"":true},{""initial_correspondence_fraction"":0.41941534083559695,""magnitude_m"":3.2,""pose_recovered"":false},{""initial_correspondence_fraction"":0.326930539386884,""magnitude_m"":4.8,""pose_recovered"":false},{""initial_correspondence_fraction"":0.015133876600698487,""magnitude_m"":6.4,""pose_recovered"":false}]",true,true,false,false,UNRESOLVED
R_TEST_01,Rich,R_TEST_01_Q07,open3d,weak,-1,3.2,4.8,3.4250000000000003,3.45,3.4375,0.02499999999999991,6,false,false,false,false,false,0.7451170611822533,0.7450523864959255,false,"[{""initial_correspondence_fraction"":1.0,""magnitude_m"":0.05,""pose_recovered"":true},{""initial_correspondence_fraction"":1.0,""magnitude_m"":0.1,""pose_recovered"":true},{""initial_correspondence_fraction"":1.0,""magnitude_m"":0.2,""pose_recovered"":true},{""initial_correspondence_fraction"":1.0,""magnitude_m"":0.4,""pose_recovered"":true},{""initial_correspondence_fraction"":0.813607554003363,""magnitude_m"":0.8,""pose_recovered"":true},{""initial_correspondence_fraction"":0.775190790324667,""magnitude_m"":1.2,""pose_recovered"":true},{""initial_correspondence_fraction"":0.7705342129090674,""magnitude_m"":1.6,""pose_recovered"":true},{""initial_correspondence_fraction"":0.7718923813219506,""magnitude_m"":2.4,""pose_recovered"":true},{""initial_correspondence_fraction"":0.7336696417022377,""magnitude_m"":3.2,""pose_recovered"":true},{""initial_correspondence_fraction"":0.724550510930022,""magnitude_m"":4.8,""pose_recovered"":false},{""initial_correspondence_fraction"":0.6927952399430862,""magnitude_m"":6.4,""pose_recovered"":false}]",true,true,false,false,UNRESOLVED
R_TEST_01,Rich,R_TEST_01_Q07,open3d,weak,1,1.2,1.6,1.3249999999999997,1.3499999999999999,1.3375,0.025000000000000133,4,false,false,false,false,false,0.685810373819687,0.6877506144095201,false,"[{""initial_correspondence_fraction"":1.0,""magnitude_m"":0.05,""pose_recovered"":true},{""initial_correspondence_fraction"":1.0,""magnitude_m"":0.1,""pose_recovered"":true},{""initial_correspondence_fraction"":1.0,""magnitude_m"":0.2,""pose_recovered"":true},{""initial_correspondence_fraction"":1.0,""magnitude_m"":0.4,""pose_recovered"":true},{""initial_correspondence_fraction"":0.8523476911136981,""magnitude_m"":0.8,""pose_recovered"":true},{""initial_correspondence_fraction"":0.7063122493855905,""magnitude_m"":1.2,""pose_recovered"":true},{""initial_correspondence_fraction"":0.6778553874013711,""magnitude_m"":1.6,""pose_recovered"":false}]",true,true,false,false,UNRESOLVED
R_TEST_01,Rich,R_TEST_01_Q07,pcl,strong,-1,2.4,3.2,2.5749999999999997,2.5999999999999996,2.5874999999999995,0.02499999999999991,5,false,false,false,false,false,0.29718018367610916,0.2968568102444703,false,"[{""initial_correspondence_fraction"":1.0,""magnitude_m"":0.05,""pose_recovered"":true},{""initial_correspondence_fraction"":1.0,""magnitude_m"":0.1,""pose_recovered"":true},{""initial_correspondence_fraction"":1.0,""magnitude_m"":0.2,""pose_recovered"":true},{""initial_correspondence_fraction"":1.0,""magnitude_m"":0.4,""pose_recovered"":true},{""initial_correspondence_fraction"":0.607748027422067,""magnitude_m"":0.8,""pose_recovered"":true},{""initial_correspondence_fraction"":0.5108006726167378,""magnitude_m"":1.2,""pose_recovered"":true},{""initial_correspondence_fraction"":0.4494243952916828,""magnitude_m"":1.6,""pose_recovered"":true},{""initial_correspondence_fraction"":0.3066226878799638,""magnitude_m"":2.4,""pose_recovered"":true},{""initial_correspondence_fraction"":0.29090673910231535,""magnitude_m"":3.2,""pose_recovered"":false},{""initial_correspondence_fraction"":0.2048894062863795,""magnitude_m"":4.8,""pose_recovered"":false},{""initial_correspondence_fraction"":0.005303324278877248,""magnitude_m"":6.4,""pose_recovered"":false}]",true,true,false,false,UNRESOLVED
R_TEST_01,Rich,R_TEST_01_Q07,pcl,strong,1,2.4,3.2,2.975,3.0,2.9875,0.02499999999999991,5,false,false,false,false,false,0.40175915146811536,0.40842064415987583,false,"[{""initial_correspondence_fraction"":1.0,""magnitude_m"":0.05,""pose_recovered"":true},{""initial_correspondence_fraction"":1.0,""magnitude_m"":0.1,""pose_recovered"":true},{""initial_correspondence_fraction"":1.0,""magnitude_m"":0.2,""pose_recovered"":true},{""initial_correspondence_fraction"":1.0,""magnitude_m"":0.4,""pose_recovered"":true},{""initial_correspondence_fraction"":0.6746863277713103,""magnitude_m"":0.8,""pose_recovered"":true},{""initial_correspondence_fraction"":0.5761867804941146,""magnitude_m"":1.2,""pose_recovered"":true},{""initial_correspondence_fraction"":0.5151338766006985,""magnitude_m"":1.6,""pose_recovered"":true},{""initial_correspondence_fraction"":0.4186392445996637,""magnitude_m"":2.4,""pose_recovered"":true},{""initial_correspondence_fraction"":0.41941534083559695,""magnitude_m"":3.2,""pose_recovered"":false},{""initial_correspondence_fraction"":0.326930539386884,""magnitude_m"":4.8,""pose_recovered"":false},{""initial_correspondence_fraction"":0.015133876600698487,""magnitude_m"":6.4,""pose_recovered"":false}]",true,true,false,false,UNRESOLVED
R_TEST_01,Rich,R_TEST_01_Q07,pcl,weak,-1,2.4,3.2,3.1750000000000003,3.2,3.1875,0.02499999999999991,5,false,false,false,false,false,0.7345104126244988,0.7336696417022377,false,"[{""initial_correspondence_fraction"":1.0,""magnitude_m"":0.05,""pose_recovered"":true},{""initial_correspondence_fraction"":1.0,""magnitude_m"":0.1,""pose_recovered"":true},{""initial_correspondence_fraction"":1.0,""magnitude_m"":0.2,""pose_recovered"":true},{""initial_correspondence_fraction"":1.0,""magnitude_m"":0.4,""pose_recovered"":true},{""initial_correspondence_fraction"":0.813607554003363,""magnitude_m"":0.8,""pose_recovered"":true},{""initial_correspondence_fraction"":0.775190790324667,""magnitude_m"":1.2,""pose_recovered"":true},{""initial_correspondence_fraction"":0.7705342129090674,""magnitude_m"":1.6,""pose_recovered"":true},{""initial_correspondence_fraction"":0.7718923813219506,""magnitude_m"":2.4,""pose_recovered"":true},{""initial_correspondence_fraction"":0.7336696417022377,""magnitude_m"":3.2,""pose_recovered"":false},{""initial_correspondence_fraction"":0.724550510930022,""magnitude_m"":4.8,""pose_recovered"":false},{""initial_correspondence_fraction"":0.6927952399430862,""magnitude_m"":6.4,""pose_recovered"":false}]",true,true,false,false,UNRESOLVED
R_TEST_01,Rich,R_TEST_01_Q07,pcl,weak,1,1.2,1.6,1.3249999999999997,1.3499999999999999,1.3375,0.025000000000000133,4,false,false,false,false,false,0.685810373819687,0.6877506144095201,false,"[{""initial_correspondence_fraction"":1.0,""magnitude_m"":0.05,""pose_recovered"":true},{""initial_correspondence_fraction"":1.0,""magnitude_m"":0.1,""pose_recovered"":true},{""initial_correspondence_fraction"":1.0,""magnitude_m"":0.2,""pose_recovered"":true},{""initial_correspondence_fraction"":1.0,""magnitude_m"":0.4,""pose_recovered"":true},{""initial_correspondence_fraction"":0.8523476911136981,""magnitude_m"":0.8,""pose_recovered"":true},{""initial_correspondence_fraction"":0.7063122493855905,""magnitude_m"":1.2,""pose_recovered"":true},{""initial_correspondence_fraction"":0.6778553874013711,""magnitude_m"":1.6,""pose_recovered"":false}]",true,true,false,false,UNRESOLVED
R_TEST_01,Rich,R_TEST_01_Q08,open3d,strong,-1,2.4,3.2,2.525,2.55,2.5374999999999996,0.02499999999999991,5,false,false,false,false,false,0.3013455858221201,0.30016409583196585,false,"[{""initial_correspondence_fraction"":1.0,""magnitude_m"":0.05,""pose_recovered"":true},{""initial_correspondence_fraction"":1.0,""magnitude_m"":0.1,""pose_recovered"":true},{""initial_correspondence_fraction"":1.0,""magnitude_m"":0.2,""pose_recovered"":true},{""initial_correspondence_fraction"":1.0,""magnitude_m"":0.4,""pose_recovered"":true},{""initial_correspondence_fraction"":0.6097144732523794,""magnitude_m"":0.8,""pose_recovered"":true},{""initial_correspondence_fraction"":0.5128979323925172,""magnitude_m"":1.2,""pose_recovered"":true},{""initial_correspondence_fraction"":0.4518542829012143,""magnitude_m"":1.6,""pose_recovered"":true},{""initial_correspondence_fraction"":0.3067279291106006,""magnitude_m"":2.4,""pose_recovered"":true},{""initial_correspondence_fraction"":0.29386281588447655,""magnitude_m"":3.2,""pose_recovered"":false},{""initial_correspondence_fraction"":0.21076468657696096,""magnitude_m"":4.8,""pose_recovered"":false},{""initial_correspondence_fraction"":0.005447981621266819,""magnitude_m"":6.4,""pose_recovered"":false}]",true,true,false,false,UNRESOLVED
R_TEST_01,Rich,R_TEST_01_Q08,open3d,strong,1,2.4,3.2,2.975,3.0,2.9875,0.02499999999999991,5,false,false,false,false,false,0.39868723334427303,0.4043321299638989,false,"[{""initial_correspondence_fraction"":1.0,""magnitude_m"":0.05,""pose_recovered"":true},{""initial_correspondence_fraction"":1.0,""magnitude_m"":0.1,""pose_recovered"":true},{""initial_correspondence_fraction"":1.0,""magnitude_m"":0.2,""pose_recovered"":true},{""initial_correspondence_fraction"":1.0,""magnitude_m"":0.4,""pose_recovered"":true},{""initial_correspondence_fraction"":0.666360354446997,""magnitude_m"":0.8,""pose_recovered"":true},{""initial_correspondence_fraction"":0.5768953068592058,""magnitude_m"":1.2,""pose_recovered"":true},{""initial_correspondence_fraction"":0.5121759107318674,""magnitude_m"":1.6,""pose_recovered"":true},{""initial_correspondence_fraction"":0.41673777486051855,""magnitude_m"":2.4,""pose_recovered"":true},{""initial_correspondence_fraction"":0.4139153265507056,""magnitude_m"":3.2,""pose_recovered"":false},{""initial_correspondence_fraction"":0.3255661306202822,""magnitude_m"":4.8,""pose_recovered"":false},{""initial_correspondence_fraction"":0.014834263209714474,""magnitude_m"":6.4,""pose_recovered"":false}]",true,true,false,false,UNRESOLVED
R_TEST_01,Rich,R_TEST_01_Q08,open3d,weak,-1,3.2,4.8,3.3750000000000004,3.4000000000000004,3.3875,0.02499999999999991,6,false,false,false,false,false,0.7451263537906138,0.7437479488021004,false,"[{""initial_correspondence_fraction"":1.0,""magnitude_m"":0.05,""pose_recovered"":true},{""initial_correspondence_fraction"":1.0,""magnitude_m"":0.1,""pose_recovered"":true},{""initial_correspondence_fraction"":1.0,""magnitude_m"":0.2,""pose_recovered"":true},{""initial_correspondence_fraction"":1.0,""magnitude_m"":0.4,""pose_recovered"":true},{""initial_correspondence_fraction"":0.8189694781752543,""magnitude_m"":0.8,""pose_recovered"":true},{""initial_correspondence_fraction"":0.7814899901542501,""magnitude_m"":1.2,""pose_recovered"":true},{""initial_correspondence_fraction"":0.7706596652445028,""magnitude_m"":1.6,""pose_recovered"":true},{""initial_correspondence_fraction"":0.7760420085329832,""magnitude_m"":2.4,""pose_recovered"":true},{""initial_correspondence_fraction"":0.7344273055464391,""magnitude_m"":3.2,""pose_recovered"":true},{""initial_correspondence_fraction"":0.7314079422382671,""magnitude_m"":4.8,""pose_recovered"":false},{""initial_correspondence_fraction"":0.6822448309812931,""magnitude_m"":6.4,""pose_recovered"":false}]",true,true,false,false,UNRESOLVED
R_TEST_01,Rich,R_TEST_01_Q08,open3d,weak,1,1.2,1.6,1.2999999999999998,1.3249999999999997,1.3124999999999998,0.02499999999999991,4,false,false,false,false,false,0.6895963242533639,0.6929438792254676,false,"[{""initial_correspondence_fraction"":1.0,""magnitude_m"":0.05,""pose_recovered"":true},{""initial_correspondence_fraction"":1.0,""magnitude_m"":0.1,""pose_recovered"":true},{""initial_correspondence_fraction"":1.0,""magnitude_m"":0.2,""pose_recovered"":true},{""initial_correspondence_fraction"":1.0,""magnitude_m"":0.4,""pose_recovered"":true},{""initial_correspondence_fraction"":0.8476534296028881,""magnitude_m"":0.8,""pose_recovered"":true},{""initial_correspondence_fraction"":0.7069248441089596,""magnitude_m"":1.2,""pose_recovered"":true},{""initial_correspondence_fraction"":0.6796849360026256,""magnitude_m"":1.6,""pose_recovered"":false}]",true,true,false,false,UNRESOLVED
R_TEST_01,Rich,R_TEST_01_Q08,pcl,strong,-1,2.4,3.2,2.525,2.55,2.5374999999999996,0.02499999999999991,5,false,false,false,false,false,0.3013455858221201,0.30016409583196585,false,"[{""initial_correspondence_fraction"":1.0,""magnitude_m"":0.05,""pose_recovered"":true},{""initial_correspondence_fraction"":1.0,""magnitude_m"":0.1,""pose_recovered"":true},{""initial_correspondence_fraction"":1.0,""magnitude_m"":0.2,""pose_recovered"":true},{""initial_correspondence_fraction"":1.0,""magnitude_m"":0.4,""pose_recovered"":true},{""initial_correspondence_fraction"":0.6097144732523794,""magnitude_m"":0.8,""pose_recovered"":true},{""initial_correspondence_fraction"":0.5128979323925172,""magnitude_m"":1.2,""pose_recovered"":true},{""initial_correspondence_fraction"":0.4518542829012143,""magnitude_m"":1.6,""pose_recovered"":true},{""initial_correspondence_fraction"":0.3067279291106006,""magnitude_m"":2.4,""pose_recovered"":true},{""initial_correspondence_fraction"":0.29386281588447655,""magnitude_m"":3.2,""pose_recovered"":false},{""initial_correspondence_fraction"":0.21076468657696096,""magnitude_m"":4.8,""pose_recovered"":false},{""initial_correspondence_fraction"":0.005447981621266819,""magnitude_m"":6.4,""pose_recovered"":false}]",true,true,false,false,UNRESOLVED
R_TEST_01,Rich,R_TEST_01_Q08,pcl,strong,1,2.4,3.2,3.0,3.025,3.0125,0.02499999999999991,5,false,false,false,false,false,0.4043321299638989,0.40879553659337053,false,"[{""initial_correspondence_fraction"":1.0,""magnitude_m"":0.05,""pose_recovered"":true},{""initial_correspondence_fraction"":1.0,""magnitude_m"":0.1,""pose_recovered"":true},{""initial_correspondence_fraction"":1.0,""magnitude_m"":0.2,""pose_recovered"":true},{""initial_correspondence_fraction"":1.0,""magnitude_m"":0.4,""pose_recovered"":true},{""initial_correspondence_fraction"":0.666360354446997,""magnitude_m"":0.8,""pose_recovered"":true},{""initial_correspondence_fraction"":0.5768953068592058,""magnitude_m"":1.2,""pose_recovered"":true},{""initial_correspondence_fraction"":0.5121759107318674,""magnitude_m"":1.6,""pose_recovered"":true},{""initial_correspondence_fraction"":0.41673777486051855,""magnitude_m"":2.4,""pose_recovered"":true},{""initial_correspondence_fraction"":0.4139153265507056,""magnitude_m"":3.2,""pose_recovered"":false},{""initial_correspondence_fraction"":0.3255661306202822,""magnitude_m"":4.8,""pose_recovered"":false},{""initial_correspondence_fraction"":0.014834263209714474,""magnitude_m"":6.4,""pose_recovered"":false}]",true,true,false,false,UNRESOLVED
R_TEST_01,Rich,R_TEST_01_Q08,pcl,weak,-1,2.4,3.2,3.1500000000000004,3.1750000000000003,3.1625000000000005,0.02499999999999991,5,false,false,false,false,false,0.7358057105349524,0.7352149655398753,false,"[{""initial_correspondence_fraction"":1.0,""magnitude_m"":0.05,""pose_recovered"":true},{""initial_correspondence_fraction"":1.0,""magnitude_m"":0.1,""pose_recovered"":true},{""initial_correspondence_fraction"":1.0,""magnitude_m"":0.2,""pose_recovered"":true},{""initial_correspondence_fraction"":1.0,""magnitude_m"":0.4,""pose_recovered"":true},{""initial_correspondence_fraction"":0.8189694781752543,""magnitude_m"":0.8,""pose_recovered"":true},{""initial_correspondence_fraction"":0.7814899901542501,""magnitude_m"":1.2,""pose_recovered"":true},{""initial_correspondence_fraction"":0.7706596652445028,""magnitude_m"":1.6,""pose_recovered"":true},{""initial_correspondence_fraction"":0.7760420085329832,""magnitude_m"":2.4,""pose_recovered"":true},{""initial_correspondence_fraction"":0.7344273055464391,""magnitude_m"":3.2,""pose_recovered"":false},{""initial_correspondence_fraction"":0.7314079422382671,""magnitude_m"":4.8,""pose_recovered"":false},{""initial_correspondence_fraction"":0.6822448309812931,""magnitude_m"":6.4,""pose_recovered"":false}]",true,true,false,false,UNRESOLVED
R_TEST_01,Rich,R_TEST_01_Q08,pcl,weak,1,1.2,1.6,1.3249999999999997,1.3499999999999999,1.3375,0.025000000000000133,4,false,false,false,false,false,0.6929438792254676,0.694716114210699,false,"[{""initial_correspondence_fraction"":1.0,""magnitude_m"":0.05,""pose_recovered"":true},{""initial_correspondence_fraction"":1.0,""magnitude_m"":0.1,""pose_recovered"":true},{""initial_correspondence_fraction"":1.0,""magnitude_m"":0.2,""pose_recovered"":true},{""initial_correspondence_fraction"":1.0,""magnitude_m"":0.4,""pose_recovered"":true},{""initial_correspondence_fraction"":0.8476534296028881,""magnitude_m"":0.8,""pose_recovered"":true},{""initial_correspondence_fraction"":0.7069248441089596,""magnitude_m"":1.2,""pose_recovered"":true},{""initial_correspondence_fraction"":0.6796849360026256,""magnitude_m"":1.6,""pose_recovered"":false}]",true,true,false,false,UNRESOLVED
R_TEST_01,Rich,R_TEST_01_Q09,open3d,strong,-1,2.4,3.2,2.5,2.525,2.5125,0.02499999999999991,5,false,false,false,false,false,0.30103896103896105,0.2987012987012987,false,"[{""initial_correspondence_fraction"":1.0,""magnitude_m"":0.05,""pose_recovered"":true},{""initial_correspondence_fraction"":1.0,""magnitude_m"":0.1,""pose_recovered"":true},{""initial_correspondence_fraction"":1.0,""magnitude_m"":0.2,""pose_recovered"":true},{""initial_correspondence_fraction"":1.0,""magnitude_m"":0.4,""pose_recovered"":true},{""initial_correspondence_fraction"":0.6094805194805195,""magnitude_m"":0.8,""pose_recovered"":true},{""initial_correspondence_fraction"":0.5169480519480519,""magnitude_m"":1.2,""pose_recovered"":true},{""initial_correspondence_fraction"":0.44915584415584414,""magnitude_m"":1.6,""pose_recovered"":true},{""initial_correspondence_fraction"":0.3062987012987013,""magnitude_m"":2.4,""pose_recovered"":true},{""initial_correspondence_fraction"":0.2926623376623377,""magnitude_m"":3.2,""pose_recovered"":false},{""initial_correspondence_fraction"":0.20662337662337663,""magnitude_m"":4.8,""pose_recovered"":false},{""initial_correspondence_fraction"":0.006818181818181818,""magnitude_m"":6.4,""pose_recovered"":false}]",true,true,false,false,UNRESOLVED
R_TEST_01,Rich,R_TEST_01_Q09,open3d,strong,1,2.4,3.2,3.0,3.025,3.0125,0.02499999999999991,5,false,false,false,false,false,0.40324675324675324,0.407012987012987,false,"[{""initial_correspondence_fraction"":1.0,""magnitude_m"":0.05,""pose_recovered"":true},{""initial_correspondence_fraction"":1.0,""magnitude_m"":0.1,""pose_recovered"":true},{""initial_correspondence_fraction"":1.0,""magnitude_m"":0.2,""pose_recovered"":true},{""initial_correspondence_fraction"":1.0,""magnitude_m"":0.4,""pose_recovered"":true},{""initial_correspondence_fraction"":0.6744805194805195,""magnitude_m"":0.8,""pose_recovered"":true},{""initial_correspondence_fraction"":0.575,""magnitude_m"":1.2,""pose_recovered"":true},{""initial_correspondence_fraction"":0.5142857142857142,""magnitude_m"":1.6,""pose_recovered"":true},{""initial_correspondence_fraction"":0.4162987012987013,""magnitude_m"":2.4,""pose_recovered"":true},{""initial_correspondence_fraction"":0.4142857142857143,""magnitude_m"":3.2,""pose_recovered"":false},{""initial_correspondence_fraction"":0.33980519480519483,""magnitude_m"":4.8,""pose_recovered"":false},{""initial_correspondence_fraction"":0.013376623376623377,""magnitude_m"":6.4,""pose_recovered"":false}]",true,true,false,false,UNRESOLVED
R_TEST_01,Rich,R_TEST_01_Q09,open3d,weak,-1,3.2,4.8,3.2750000000000004,3.3000000000000003,3.2875000000000005,0.02499999999999991,6,false,false,false,false,false,0.7271428571428571,0.7294155844155844,false,"[{""initial_correspondence_fraction"":1.0,""magnitude_m"":0.05,""pose_recovered"":true},{""initial_correspondence_fraction"":1.0,""magnitude_m"":0.1,""pose_recovered"":true},{""initial_correspondence_fraction"":1.0,""magnitude_m"":0.2,""pose_recovered"":true},{""initial_correspondence_fraction"":1.0,""magnitude_m"":0.4,""pose_recovered"":true},{""initial_correspondence_fraction"":0.8087662337662338,""magnitude_m"":0.8,""pose_recovered"":true},{""initial_correspondence_fraction"":0.7679220779220779,""magnitude_m"":1.2,""pose_recovered"":true},{""initial_correspondence_fraction"":0.7664285714285715,""magnitude_m"":1.6,""pose_recovered"":true},{""initial_correspondence_fraction"":0.7705194805194805,""magnitude_m"":2.4,""pose_recovered"":true},{""initial_correspondence_fraction"":0.7255194805194806,""magnitude_m"":3.2,""pose_recovered"":true},{""initial_correspondence_fraction"":0.7272727272727273,""magnitude_m"":4.8,""pose_recovered"":false},{""initial_correspondence_fraction"":0.6897402597402598,""magnitude_m"":6.4,""pose_recovered"":false}]",true,true,false,false,UNRESOLVED
R_TEST_01,Rich,R_TEST_01_Q09,open3d,weak,1,1.2,1.6,1.2999999999999998,1.3249999999999997,1.3124999999999998,0.02499999999999991,4,false,false,false,false,false,0.6845454545454546,0.6881168831168831,false,"[{""initial_correspondence_fraction"":1.0,""magnitude_m"":0.05,""pose_recovered"":true},{""initial_correspondence_fraction"":0.9999350649350649,""magnitude_m"":0.1,""pose_recovered"":true},{""initial_correspondence_fraction"":0.9999350649350649,""magnitude_m"":0.2,""pose_recovered"":true},{""initial_correspondence_fraction"":0.9998701298701299,""magnitude_m"":0.4,""pose_recovered"":true},{""initial_correspondence_fraction"":0.8518181818181818,""magnitude_m"":0.8,""pose_recovered"":true},{""initial_correspondence_fraction"":0.7038961038961039,""magnitude_m"":1.2,""pose_recovered"":true},{""initial_correspondence_fraction"":0.6806493506493506,""magnitude_m"":1.6,""pose_recovered"":false}]",true,true,false,false,UNRESOLVED
R_TEST_01,Rich,R_TEST_01_Q09,pcl,strong,-1,2.4,3.2,2.5,2.525,2.5125,0.02499999999999991,5,false,false,false,false,false,0.30103896103896105,0.2987012987012987,false,"[{""initial_correspondence_fraction"":1.0,""magnitude_m"":0.05,""pose_recovered"":true},{""initial_correspondence_fraction"":1.0,""magnitude_m"":0.1,""pose_recovered"":true},{""initial_correspondence_fraction"":1.0,""magnitude_m"":0.2,""pose_recovered"":true},{""initial_correspondence_fraction"":1.0,""magnitude_m"":0.4,""pose_recovered"":true},{""initial_correspondence_fraction"":0.6094805194805195,""magnitude_m"":0.8,""pose_recovered"":true},{""initial_correspondence_fraction"":0.5169480519480519,""magnitude_m"":1.2,""pose_recovered"":true},{""initial_correspondence_fraction"":0.44915584415584414,""magnitude_m"":1.6,""pose_recovered"":true},{""initial_correspondence_fraction"":0.3062987012987013,""magnitude_m"":2.4,""pose_recovered"":true},{""initial_correspondence_fraction"":0.2926623376623377,""magnitude_m"":3.2,""pose_recovered"":false},{""initial_correspondence_fraction"":0.20662337662337663,""magnitude_m"":4.8,""pose_recovered"":false},{""initial_correspondence_fraction"":0.006818181818181818,""magnitude_m"":6.4,""pose_recovered"":false}]",true,true,false,false,UNRESOLVED
R_TEST_01,Rich,R_TEST_01_Q09,pcl,strong,1,2.4,3.2,3.0,3.025,3.0125,0.02499999999999991,5,false,false,false,false,false,0.40324675324675324,0.407012987012987,false,"[{""initial_correspondence_fraction"":1.0,""magnitude_m"":0.05,""pose_recovered"":true},{""initial_correspondence_fraction"":1.0,""magnitude_m"":0.1,""pose_recovered"":true},{""initial_correspondence_fraction"":1.0,""magnitude_m"":0.2,""pose_recovered"":true},{""initial_correspondence_fraction"":1.0,""magnitude_m"":0.4,""pose_recovered"":true},{""initial_correspondence_fraction"":0.6744805194805195,""magnitude_m"":0.8,""pose_recovered"":true},{""initial_correspondence_fraction"":0.575,""magnitude_m"":1.2,""pose_recovered"":true},{""initial_correspondence_fraction"":0.5142857142857142,""magnitude_m"":1.6,""pose_recovered"":true},{""initial_correspondence_fraction"":0.4162987012987013,""magnitude_m"":2.4,""pose_recovered"":true},{""initial_correspondence_fraction"":0.4142857142857143,""magnitude_m"":3.2,""pose_recovered"":false},{""initial_correspondence_fraction"":0.33980519480519483,""magnitude_m"":4.8,""pose_recovered"":false},{""initial_correspondence_fraction"":0.013376623376623377,""magnitude_m"":6.4,""pose_recovered"":false}]",true,true,false,false,UNRESOLVED
R_TEST_01,Rich,R_TEST_01_Q09,pcl,weak,-1,2.4,3.2,3.075,3.1,3.0875000000000004,0.02499999999999991,5,false,false,false,false,false,0.7337012987012987,0.7320779220779221,false,"[{""initial_correspondence_fraction"":1.0,""magnitude_m"":0.05,""pose_recovered"":true},{""initial_correspondence_fraction"":1.0,""magnitude_m"":0.1,""pose_recovered"":true},{""initial_correspondence_fraction"":1.0,""magnitude_m"":0.2,""pose_recovered"":true},{""initial_correspondence_fraction"":1.0,""magnitude_m"":0.4,""pose_recovered"":true},{""initial_correspondence_fraction"":0.8087662337662338,""magnitude_m"":0.8,""pose_recovered"":true},{""initial_correspondence_fraction"":0.7679220779220779,""magnitude_m"":1.2,""pose_recovered"":true},{""initial_correspondence_fraction"":0.7664285714285715,""magnitude_m"":1.6,""pose_recovered"":true},{""initial_correspondence_fraction"":0.7705194805194805,""magnitude_m"":2.4,""pose_recovered"":true},{""initial_correspondence_fraction"":0.7255194805194806,""magnitude_m"":3.2,""pose_recovered"":false},{""initial_correspondence_fraction"":0.7272727272727273,""magnitude_m"":4.8,""pose_recovered"":false},{""initial_correspondence_fraction"":0.6897402597402598,""magnitude_m"":6.4,""pose_recovered"":false}]",true,true,false,false,UNRESOLVED
R_TEST_01,Rich,R_TEST_01_Q09,pcl,weak,1,1.2,1.6,1.2999999999999998,1.3249999999999997,1.3124999999999998,0.02499999999999991,4,false,false,false,false,false,0.6845454545454546,0.6881168831168831,false,"[{""initial_correspondence_fraction"":1.0,""magnitude_m"":0.05,""pose_recovered"":true},{""initial_correspondence_fraction"":0.9999350649350649,""magnitude_m"":0.1,""pose_recovered"":true},{""initial_correspondence_fraction"":0.9999350649350649,""magnitude_m"":0.2,""pose_recovered"":true},{""initial_correspondence_fraction"":0.9998701298701299,""magnitude_m"":0.4,""pose_recovered"":true},{""initial_correspondence_fraction"":0.8518181818181818,""magnitude_m"":0.8,""pose_recovered"":true},{""initial_correspondence_fraction"":0.7038961038961039,""magnitude_m"":1.2,""pose_recovered"":true},{""initial_correspondence_fraction"":0.6806493506493506,""magnitude_m"":1.6,""pose_recovered"":false}]",true,true,false,false,UNRESOLVED
R_TEST_01,Rich,R_TEST_01_Q10,open3d,strong,-1,2.4,3.2,3.1,3.125,3.1125,0.02499999999999991,5,false,false,false,false,false,0.287291013584117,0.29016457680250785,false,"[{""initial_correspondence_fraction"":0.9999346917450366,""magnitude_m"":0.05,""pose_recovered"":true},{""initial_correspondence_fraction"":0.9999346917450366,""magnitude_m"":0.1,""pose_recovered"":true},{""initial_correspondence_fraction"":0.9999346917450366,""magnitude_m"":0.2,""pose_recovered"":true},{""initial_correspondence_fraction"":1.0,""magnitude_m"":0.4,""pose_recovered"":true},{""initial_correspondence_fraction"":0.6108934169278997,""magnitude_m"":0.8,""pose_recovered"":true},{""initial_correspondence_fraction"":0.5188740856844305,""magnitude_m"":1.2,""pose_recovered"":true},{""initial_correspondence_fraction"":0.453239289446186,""magnitude_m"":1.6,""pose_recovered"":true},{""initial_correspondence_fraction"":0.30799373040752354,""magnitude_m"":2.4,""pose_recovered"":true},{""initial_correspondence_fraction"":0.2929728317659352,""magnitude_m"":3.2,""pose_recovered"":false},{""initial_correspondence_fraction"":0.20670062695924765,""magnitude_m"":4.8,""pose_recovered"":false},{""initial_correspondence_fraction"":0.006857366771159875,""magnitude_m"":6.4,""pose_recovered"":false}]",true,true,false,false,UNRESOLVED
R_TEST_01,Rich,R_TEST_01_Q10,open3d,strong,1,2.4,3.2,2.975,3.0,2.9875,0.02499999999999991,5,false,false,false,false,false,0.40282131661442006,0.4088949843260188,false,"[{""initial_correspondence_fraction"":0.9999346917450366,""magnitude_m"":0.05,""pose_recovered"":true},{""initial_correspondence_fraction"":0.9999346917450366,""magnitude_m"":0.1,""pose_recovered"":true},{""initial_correspondence_fraction"":0.9999346917450366,""magnitude_m"":0.2,""pose_recovered"":true},{""initial_correspondence_fraction"":0.9999346917450366,""magnitude_m"":0.4,""pose_recovered"":true},{""initial_correspondence_fraction"":0.6748301985370951,""magnitude_m"":0.8,""pose_recovered"":true},{""initial_correspondence_fraction"":0.5812434691745036,""magnitude_m"":1.2,""pose_recovered"":true},{""initial_correspondence_fraction"":0.5163270637408568,""magnitude_m"":1.6,""pose_recovered"":true},{""initial_correspondence_fraction"":0.4193443051201672,""magnitude_m"":2.4,""pose_recovered"":true},{""initial_correspondence_fraction"":0.4182993730407524,""magnitude_m"":3.2,""pose_recovered"":false},{""initial_correspondence_fraction"":0.3393416927899687,""magnitude_m"":4.8,""pose_recovered"":false},{""initial_correspondence_fraction"":0.01469435736677116,""magnitude_m"":6.4,""pose_recovered"":false}]",true,true,false,false,UNRESOLVED
R_TEST_01,Rich,R_TEST_01_Q10,open3d,weak,-1,3.2,4.8,3.6,3.625,3.6125,0.02499999999999991,6,false,false,false,false,false,0.5496995820271683,0.5483281086729362,false,"[{""initial_correspondence_fraction"":0.9999346917450366,""magnitude_m"":0.05,""pose_recovered"":true},{""initial_correspondence_fraction"":0.9999346917450366,""magnitude_m"":0.1,""pose_recovered"":true},{""initial_correspondence_fraction"":0.9999346917450366,""magnitude_m"":0.2,""pose_recovered"":true},{""initial_correspondence_fraction"":0.9999346917450366,""magnitude_m"":0.4,""pose_recovered"":true},{""initial_correspondence_fraction"":0.8074712643678161,""magnitude_m"":0.8,""pose_recovered"":true},{""initial_correspondence_fraction"":0.7548328108672936,""magnitude_m"":1.2,""pose_recovered"":true},{""initial_correspondence_fraction"":0.7364811912225705,""magnitude_m"":1.6,""pose_recovered"":true},{""initial_correspondence_fraction"":0.7222439916405433,""magnitude_m"":2.4,""pose_recovered"":true},{""initial_correspondence_fraction"":0.59260710553814,""magnitude_m"":3.2,""pose_recovered"":true},{""initial_correspondence_fraction"":0.4789707419017764,""magnitude_m"":4.8,""pose_recovered"":false},{""initial_correspondence_fraction"":0.4057601880877743,""magnitude_m"":6.4,""pose_recovered"":false}]",true,true,false,false,UNRESOLVED
R_TEST_01,Rich,R_TEST_01_Q10,open3d,weak,1,1.2,1.6,1.3249999999999997,1.3499999999999999,1.3375,0.025000000000000133,4,false,false,false,false,false,0.6689524555903866,0.6696055381400209,false,"[{""initial_correspondence_fraction"":0.9999346917450366,""magnitude_m"":0.05,""pose_recovered"":true},{""initial_correspondence_fraction"":0.9999346917450366,""magnitude_m"":0.1,""pose_recovered"":true},{""initial_correspondence_fraction"":0.9999346917450366,""magnitude_m"":0.2,""pose_recovered"":true},{""initial_correspondence_fraction"":0.9999346917450366,""magnitude_m"":0.4,""pose_recovered"":true},{""initial_correspondence_fraction"":0.8416274817136886,""magnitude_m"":0.8,""pose_recovered"":true},{""initial_correspondence_fraction"":0.6939002089864159,""magnitude_m"":1.2,""pose_recovered"":true},{""initial_correspondence_fraction"":0.6526253918495298,""magnitude_m"":1.6,""pose_recovered"":false}]",true,true,false,false,UNRESOLVED
R_TEST_01,Rich,R_TEST_01_Q10,pcl,strong,-1,2.4,3.2,3.125,3.1500000000000004,3.1375,0.025000000000000355,5,false,false,false,false,false,0.29016457680250785,0.2927115987460815,false,"[{""initial_correspondence_fraction"":0.9999346917450366,""magnitude_m"":0.05,""pose_recovered"":true},{""initial_correspondence_fraction"":0.9999346917450366,""magnitude_m"":0.1,""pose_recovered"":true},{""initial_correspondence_fraction"":0.9999346917450366,""magnitude_m"":0.2,""pose_recovered"":true},{""initial_correspondence_fraction"":1.0,""magnitude_m"":0.4,""pose_recovered"":true},{""initial_correspondence_fraction"":0.6108934169278997,""magnitude_m"":0.8,""pose_recovered"":true},{""initial_correspondence_fraction"":0.5188740856844305,""magnitude_m"":1.2,""pose_recovered"":true},{""initial_correspondence_fraction"":0.453239289446186,""magnitude_m"":1.6,""pose_recovered"":true},{""initial_correspondence_fraction"":0.30799373040752354,""magnitude_m"":2.4,""pose_recovered"":true},{""initial_correspondence_fraction"":0.2929728317659352,""magnitude_m"":3.2,""pose_recovered"":false},{""initial_correspondence_fraction"":0.20670062695924765,""magnitude_m"":4.8,""pose_recovered"":false},{""initial_correspondence_fraction"":0.006857366771159875,""magnitude_m"":6.4,""pose_recovered"":false}]",true,true,false,false,UNRESOLVED
R_TEST_01,Rich,R_TEST_01_Q10,pcl,strong,1,2.4,3.2,2.975,3.0,2.9875,0.02499999999999991,5,false,false,false,false,false,0.40282131661442006,0.4088949843260188,false,"[{""initial_correspondence_fraction"":0.9999346917450366,""magnitude_m"":0.05,""pose_recovered"":true},{""initial_correspondence_fraction"":0.9999346917450366,""magnitude_m"":0.1,""pose_recovered"":true},{""initial_correspondence_fraction"":0.9999346917450366,""magnitude_m"":0.2,""pose_recovered"":true},{""initial_correspondence_fraction"":0.9999346917450366,""magnitude_m"":0.4,""pose_recovered"":true},{""initial_correspondence_fraction"":0.6748301985370951,""magnitude_m"":0.8,""pose_recovered"":true},{""initial_correspondence_fraction"":0.5812434691745036,""magnitude_m"":1.2,""pose_recovered"":true},{""initial_correspondence_fraction"":0.5163270637408568,""magnitude_m"":1.6,""pose_recovered"":true},{""initial_correspondence_fraction"":0.4193443051201672,""magnitude_m"":2.4,""pose_recovered"":true},{""initial_correspondence_fraction"":0.4182993730407524,""magnitude_m"":3.2,""pose_recovered"":false},{""initial_correspondence_fraction"":0.3393416927899687,""magnitude_m"":4.8,""pose_recovered"":false},{""initial_correspondence_fraction"":0.01469435736677116,""magnitude_m"":6.4,""pose_recovered"":false}]",true,true,false,false,UNRESOLVED
R_TEST_01,Rich,R_TEST_01_Q10,pcl,weak,-1,3.2,4.8,3.25,3.2750000000000004,3.2625,0.025000000000000355,6,false,false,false,false,false,0.5715125391849529,0.5615203761755486,false,"[{""initial_correspondence_fraction"":0.9999346917450366,""magnitude_m"":0.05,""pose_recovered"":true},{""initial_correspondence_fraction"":0.9999346917450366,""magnitude_m"":0.1,""pose_recovered"":true},{""initial_correspondence_fraction"":0.9999346917450366,""magnitude_m"":0.2,""pose_recovered"":true},{""initial_correspondence_fraction"":0.9999346917450366,""magnitude_m"":0.4,""pose_recovered"":true},{""initial_correspondence_fraction"":0.8074712643678161,""magnitude_m"":0.8,""pose_recovered"":true},{""initial_correspondence_fraction"":0.7548328108672936,""magnitude_m"":1.2,""pose_recovered"":true},{""initial_correspondence_fraction"":0.7364811912225705,""magnitude_m"":1.6,""pose_recovered"":true},{""initial_correspondence_fraction"":0.7222439916405433,""magnitude_m"":2.4,""pose_recovered"":true},{""initial_correspondence_fraction"":0.59260710553814,""magnitude_m"":3.2,""pose_recovered"":true},{""initial_correspondence_fraction"":0.4789707419017764,""magnitude_m"":4.8,""pose_recovered"":false},{""initial_correspondence_fraction"":0.4057601880877743,""magnitude_m"":6.4,""pose_recovered"":false}]",true,true,false,false,UNRESOLVED
R_TEST_01,Rich,R_TEST_01_Q10,pcl,weak,1,1.2,1.6,1.3249999999999997,1.3499999999999999,1.3375,0.025000000000000133,4,false,false,false,false,false,0.6689524555903866,0.6696055381400209,false,"[{""initial_correspondence_fraction"":0.9999346917450366,""magnitude_m"":0.05,""pose_recovered"":true},{""initial_correspondence_fraction"":0.9999346917450366,""magnitude_m"":0.1,""pose_recovered"":true},{""initial_correspondence_fraction"":0.9999346917450366,""magnitude_m"":0.2,""pose_recovered"":true},{""initial_correspondence_fraction"":0.9999346917450366,""magnitude_m"":0.4,""pose_recovered"":true},{""initial_correspondence_fraction"":0.8416274817136886,""magnitude_m"":0.8,""pose_recovered"":true},{""initial_correspondence_fraction"":0.6939002089864159,""magnitude_m"":1.2,""pose_recovered"":true},{""initial_correspondence_fraction"":0.6526253918495298,""magnitude_m"":1.6,""pose_recovered"":false}]",true,true,false,false,UNRESOLVED
W_TEST_01,Weak,W_TEST_01_Q01,open3d,strong,-1,1.6,2.4,2.1500000000000004,2.1750000000000003,2.1625000000000005,0.02499999999999991,5,false,false,false,false,false,0.2147773918534891,0.2268392800757815,false,"[{""initial_correspondence_fraction"":1.0,""magnitude_m"":0.05,""pose_recovered"":true},{""initial_correspondence_fraction"":1.0,""magnitude_m"":0.1,""pose_recovered"":true},{""initial_correspondence_fraction"":1.0,""magnitude_m"":0.2,""pose_recovered"":true},{""initial_correspondence_fraction"":1.0,""magnitude_m"":0.4,""pose_recovered"":true},{""initial_correspondence_fraction"":0.3270603094411115,""magnitude_m"":0.8,""pose_recovered"":true},{""initial_correspondence_fraction"":0.2258920113672245,""magnitude_m"":1.2,""pose_recovered"":true},{""initial_correspondence_fraction"":0.19861067256078307,""magnitude_m"":1.6,""pose_recovered"":true},{""initial_correspondence_fraction"":0.27053994316387747,""magnitude_m"":2.4,""pose_recovered"":false},{""initial_correspondence_fraction"":0.4543100726239343,""magnitude_m"":3.2,""pose_recovered"":false},{""initial_correspondence_fraction"":0.025323650142090308,""magnitude_m"":4.8,""pose_recovered"":false},{""initial_correspondence_fraction"":0.005557309756867698,""magnitude_m"":6.4,""pose_recovered"":false}]",true,true,false,false,UNRESOLVED
W_TEST_01,Weak,W_TEST_01_Q01,open3d,strong,1,4.8,2.4,,,,,0,false,false,false,true,true,,,false,"[{""initial_correspondence_fraction"":1.0,""magnitude_m"":0.05,""pose_recovered"":true},{""initial_correspondence_fraction"":1.0,""magnitude_m"":0.1,""pose_recovered"":true},{""initial_correspondence_fraction"":1.0,""magnitude_m"":0.2,""pose_recovered"":true},{""initial_correspondence_fraction"":1.0,""magnitude_m"":0.4,""pose_recovered"":true},{""initial_correspondence_fraction"":0.40884117461319863,""magnitude_m"":0.8,""pose_recovered"":true},{""initial_correspondence_fraction"":0.22267129775813072,""magnitude_m"":1.2,""pose_recovered"":true},{""initial_correspondence_fraction"":0.2094095358383328,""magnitude_m"":1.6,""pose_recovered"":true},{""initial_correspondence_fraction"":0.2648563309125355,""magnitude_m"":2.4,""pose_recovered"":false},{""initial_correspondence_fraction"":0.4540574676349858,""magnitude_m"":3.2,""pose_recovered"":false},{""initial_correspondence_fraction"":0.010609409535838332,""magnitude_m"":4.8,""pose_recovered"":true},{""initial_correspondence_fraction"":0.0004420587306599305,""magnitude_m"":6.4,""pose_recovered"":false}]",true,true,false,false,UNRESOLVED
W_TEST_01,Weak,W_TEST_01_Q01,open3d,weak,-1,1.2,1.6,1.5750000000000002,1.6,1.5875000000000001,0.02499999999999991,4,false,false,false,false,false,0.9494790022102937,0.9494790022102937,false,"[{""initial_correspondence_fraction"":1.0,""magnitude_m"":0.05,""pose_recovered"":true},{""initial_correspondence_fraction"":1.0,""magnitude_m"":0.1,""pose_recovered"":true},{""initial_correspondence_fraction"":1.0,""magnitude_m"":0.2,""pose_recovered"":true},{""initial_correspondence_fraction"":1.0,""magnitude_m"":0.4,""pose_recovered"":true},{""initial_correspondence_fraction"":0.9692453425955163,""magnitude_m"":0.8,""pose_recovered"":true},{""initial_correspondence_fraction"":0.9558572781812441,""magnitude_m"":1.2,""pose_recovered"":true},{""initial_correspondence_fraction"":0.9494790022102937,""magnitude_m"":1.6,""pose_recovered"":false}]",true,true,false,false,UNRESOLVED
W_TEST_01,Weak,W_TEST_01_Q01,open3d,weak,1,1.6,2.4,1.725,1.75,1.7375,0.02499999999999991,5,false,false,false,false,false,0.9526997158193874,0.9531417745500473,false,"[{""initial_correspondence_fraction"":1.0,""magnitude_m"":0.05,""pose_recovered"":true},{""initial_correspondence_fraction"":1.0,""magnitude_m"":0.1,""pose_recovered"":true},{""initial_correspondence_fraction"":1.0,""magnitude_m"":0.2,""pose_recovered"":true},{""initial_correspondence_fraction"":1.0,""magnitude_m"":0.4,""pose_recovered"":true},{""initial_correspondence_fraction"":0.9768234922639722,""magnitude_m"":0.8,""pose_recovered"":true},{""initial_correspondence_fraction"":0.9652036627723397,""magnitude_m"":1.2,""pose_recovered"":true},{""initial_correspondence_fraction"":0.9547205557309757,""magnitude_m"":1.6,""pose_recovered"":true},{""initial_correspondence_fraction"":0.9412693400694664,""magnitude_m"":2.4,""pose_recovered"":false},{""initial_correspondence_fraction"":0.9379854752131355,""magnitude_m"":3.2,""pose_recovered"":false},{""initial_correspondence_fraction"":0.9462582886011999,""magnitude_m"":4.8,""pose_recovered"":false},{""initial_correspondence_fraction"":0.942532365014209,""magnitude_m"":6.4,""pose_recovered"":false}]",true,true,false,false,UNRESOLVED
W_TEST_01,Weak,W_TEST_01_Q01,pcl,strong,-1,1.6,2.4,2.1500000000000004,2.1750000000000003,2.1625000000000005,0.02499999999999991,5,false,false,false,false,false,0.2147773918534891,0.2268392800757815,false,"[{""initial_correspondence_fraction"":1.0,""magnitude_m"":0.05,""pose_recovered"":true},{""initial_correspondence_fraction"":1.0,""magnitude_m"":0.1,""pose_recovered"":true},{""initial_correspondence_fraction"":1.0,""magnitude_m"":0.2,""pose_recovered"":true},{""initial_correspondence_fraction"":1.0,""magnitude_m"":0.4,""pose_recovered"":true},{""initial_correspondence_fraction"":0.3270603094411115,""magnitude_m"":0.8,""pose_recovered"":true},{""initial_correspondence_fraction"":0.2258920113672245,""magnitude_m"":1.2,""pose_recovered"":true},{""initial_correspondence_fraction"":0.19861067256078307,""magnitude_m"":1.6,""pose_recovered"":true},{""initial_correspondence_fraction"":0.27053994316387747,""magnitude_m"":2.4,""pose_recovered"":false},{""initial_correspondence_fraction"":0.4543100726239343,""magnitude_m"":3.2,""pose_recovered"":false},{""initial_correspondence_fraction"":0.025323650142090308,""magnitude_m"":4.8,""pose_recovered"":false},{""initial_correspondence_fraction"":0.005557309756867698,""magnitude_m"":6.4,""pose_recovered"":false}]",true,true,false,false,UNRESOLVED
W_TEST_01,Weak,W_TEST_01_Q01,pcl,strong,1,1.6,2.4,2.025,2.05,2.0374999999999996,0.02499999999999991,5,false,false,false,false,false,0.19494790022102937,0.1936848752762867,false,"[{""initial_correspondence_fraction"":1.0,""magnitude_m"":0.05,""pose_recovered"":true},{""initial_correspondence_fraction"":1.0,""magnitude_m"":0.1,""pose_recovered"":true},{""initial_correspondence_fraction"":1.0,""magnitude_m"":0.2,""pose_recovered"":true},{""initial_correspondence_fraction"":1.0,""magnitude_m"":0.4,""pose_recovered"":true},{""initial_correspondence_fraction"":0.40884117461319863,""magnitude_m"":0.8,""pose_recovered"":true},{""initial_correspondence_fraction"":0.22267129775813072,""magnitude_m"":1.2,""pose_recovered"":true},{""initial_correspondence_fraction"":0.2094095358383328,""magnitude_m"":1.6,""pose_recovered"":true},{""initial_correspondence_fraction"":0.2648563309125355,""magnitude_m"":2.4,""pose_recovered"":false},{""initial_correspondence_fraction"":0.4540574676349858,""magnitude_m"":3.2,""pose_recovered"":false},{""initial_correspondence_fraction"":0.010609409535838332,""magnitude_m"":4.8,""pose_recovered"":false},{""initial_correspondence_fraction"":0.0004420587306599305,""magnitude_m"":6.4,""pose_recovered"":false}]",true,true,false,false,UNRESOLVED
W_TEST_01,Weak,W_TEST_01_Q01,pcl,weak,-1,1.2,1.6,1.55,1.5750000000000002,1.5625,0.025000000000000133,4,false,false,false,false,false,0.9494158509630565,0.9494790022102937,false,"[{""initial_correspondence_fraction"":1.0,""magnitude_m"":0.05,""pose_recovered"":true},{""initial_correspondence_fraction"":1.0,""magnitude_m"":0.1,""pose_recovered"":true},{""initial_correspondence_fraction"":1.0,""magnitude_m"":0.2,""pose_recovered"":true},{""initial_correspondence_fraction"":1.0,""magnitude_m"":0.4,""pose_recovered"":true},{""initial_correspondence_fraction"":0.9692453425955163,""magnitude_m"":0.8,""pose_recovered"":true},{""initial_correspondence_fraction"":0.9558572781812441,""magnitude_m"":1.2,""pose_recovered"":true},{""initial_correspondence_fraction"":0.9494790022102937,""magnitude_m"":1.6,""pose_recovered"":false}]",true,true,false,false,UNRESOLVED
W_TEST_01,Weak,W_TEST_01_Q01,pcl,weak,1,1.6,2.4,1.725,1.75,1.7375,0.02499999999999991,5,false,false,false,false,false,0.9526997158193874,0.9531417745500473,false,"[{""initial_correspondence_fraction"":1.0,""magnitude_m"":0.05,""pose_recovered"":true},{""initial_correspondence_fraction"":1.0,""magnitude_m"":0.1,""pose_recovered"":true},{""initial_correspondence_fraction"":1.0,""magnitude_m"":0.2,""pose_recovered"":true},{""initial_correspondence_fraction"":1.0,""magnitude_m"":0.4,""pose_recovered"":true},{""initial_correspondence_fraction"":0.9768234922639722,""magnitude_m"":0.8,""pose_recovered"":true},{""initial_correspondence_fraction"":0.9652036627723397,""magnitude_m"":1.2,""pose_recovered"":true},{""initial_correspondence_fraction"":0.9547205557309757,""magnitude_m"":1.6,""pose_recovered"":true},{""initial_correspondence_fraction"":0.9412693400694664,""magnitude_m"":2.4,""pose_recovered"":false},{""initial_correspondence_fraction"":0.9379854752131355,""magnitude_m"":3.2,""pose_recovered"":false},{""initial_correspondence_fraction"":0.9462582886011999,""magnitude_m"":4.8,""pose_recovered"":false},{""initial_correspondence_fraction"":0.942532365014209,""magnitude_m"":6.4,""pose_recovered"":false}]",true,true,false,false,UNRESOLVED
W_TEST_01,Weak,W_TEST_01_Q02,open3d,strong,-1,1.6,2.4,2.1500000000000004,2.1750000000000003,2.1625000000000005,0.02499999999999991,5,false,false,false,false,false,0.21260932486000125,0.22475303592776694,false,"[{""initial_correspondence_fraction"":1.0,""magnitude_m"":0.05,""pose_recovered"":true},{""initial_correspondence_fraction"":1.0,""magnitude_m"":0.1,""pose_recovered"":true},{""initial_correspondence_fraction"":1.0,""magnitude_m"":0.2,""pose_recovered"":true},{""initial_correspondence_fraction"":1.0,""magnitude_m"":0.4,""pose_recovered"":true},{""initial_correspondence_fraction"":0.33127792109733845,""magnitude_m"":0.8,""pose_recovered"":true},{""initial_correspondence_fraction"":0.22626313471339585,""magnitude_m"":1.2,""pose_recovered"":true},{""initial_correspondence_fraction"":0.20090605927137734,""magnitude_m"":1.6,""pose_recovered"":true},{""initial_correspondence_fraction"":0.26930095010381927,""magnitude_m"":2.4,""pose_recovered"":false},{""initial_correspondence_fraction"":0.45139369533757,""magnitude_m"":3.2,""pose_recovered"":false},{""initial_correspondence_fraction"":0.023909897439124143,""magnitude_m"":4.8,""pose_recovered"":false},{""initial_correspondence_fraction"":0.007613414710879003,""magnitude_m"":6.4,""pose_recovered"":false}]",true,true,false,false,UNRESOLVED
W_TEST_01,Weak,W_TEST_01_Q02,open3d,strong,1,1.6,2.4,2.025,2.05,2.0374999999999996,0.02499999999999991,5,false,false,false,false,false,0.19587239665261436,0.19436229786698547,false,"[{""initial_correspondence_fraction"":1.0,""magnitude_m"":0.05,""pose_recovered"":true},{""initial_correspondence_fraction"":1.0,""magnitude_m"":0.1,""pose_recovered"":true},{""initial_correspondence_fraction"":1.0,""magnitude_m"":0.2,""pose_recovered"":true},{""initial_correspondence_fraction"":1.0,""magnitude_m"":0.4,""pose_recovered"":true},{""initial_correspondence_fraction"":0.40967721638457183,""magnitude_m"":0.8,""pose_recovered"":true},{""initial_correspondence_fraction"":0.22336877870760713,""magnitude_m"":1.2,""pose_recovered"":true},{""initial_correspondence_fraction"":0.20512175171459132,""magnitude_m"":1.6,""pose_recovered"":true},{""initial_correspondence_fraction"":0.26879758384194297,""magnitude_m"":2.4,""pose_recovered"":false},{""initial_correspondence_fraction"":0.4575599320455547,""magnitude_m"":3.2,""pose_recovered"":false},{""initial_correspondence_fraction"":0.01220663185050022,""magnitude_m"":4.8,""pose_recovered"":false},{""initial_correspondence_fraction"":0.00031460391367268606,""magnitude_m"":6.4,""pose_recovered"":false}]",true,true,false,false,UNRESOLVED
W_TEST_01,Weak,W_TEST_01_Q02,open3d,weak,-1,1.2,1.6,1.5750000000000002,1.6,1.5875000000000001,0.02499999999999991,4,false,false,false,false,false,0.9485937205058831,0.9484049581576794,false,"[{""initial_correspondence_fraction"":1.0,""magnitude_m"":0.05,""pose_recovered"":true},{""initial_correspondence_fraction"":1.0,""magnitude_m"":0.1,""pose_recovered"":true},{""initial_correspondence_fraction"":1.0,""magnitude_m"":0.2,""pose_recovered"":true},{""initial_correspondence_fraction"":1.0,""magnitude_m"":0.4,""pose_recovered"":true},{""initial_correspondence_fraction"":0.9705530736802366,""magnitude_m"":0.8,""pose_recovered"":true},{""initial_correspondence_fraction"":0.9523689674699554,""magnitude_m"":1.2,""pose_recovered"":true},{""initial_correspondence_fraction"":0.9484049581576794,""magnitude_m"":1.6,""pose_recovered"":false}]",true,true,false,false,UNRESOLVED
W_TEST_01,Weak,W_TEST_01_Q02,open3d,weak,1,1.6,2.4,1.875,1.9,1.8875,0.02499999999999991,5,false,false,false,false,false,0.9456993645000944,0.9443151072799345,false,"[{""initial_correspondence_fraction"":1.0,""magnitude_m"":0.05,""pose_recovered"":true},{""initial_correspondence_fraction"":1.0,""magnitude_m"":0.1,""pose_recovered"":true},{""initial_correspondence_fraction"":1.0,""magnitude_m"":0.2,""pose_recovered"":true},{""initial_correspondence_fraction"":1.0,""magnitude_m"":0.4,""pose_recovered"":true},{""initial_correspondence_fraction"":0.9738249543824326,""magnitude_m"":0.8,""pose_recovered"":true},{""initial_correspondence_fraction"":0.9665890643679608,""magnitude_m"":1.2,""pose_recovered"":true},{""initial_correspondence_fraction"":0.9540049078210533,""magnitude_m"":1.6,""pose_recovered"":true},{""initial_correspondence_fraction"":0.9385263952683571,""magnitude_m"":2.4,""pose_recovered"":false},{""initial_correspondence_fraction"":0.9364500094381174,""magnitude_m"":3.2,""pose_recovered"":false},{""initial_correspondence_fraction"":0.9456993645000944,""magnitude_m"":4.8,""pose_recovered"":false},{""initial_correspondence_fraction"":0.9535644623419115,""magnitude_m"":6.4,""pose_recovered"":false}]",true,true,false,false,UNRESOLVED
W_TEST_01,Weak,W_TEST_01_Q02,pcl,strong,-1,1.6,2.4,2.1500000000000004,2.1750000000000003,2.1625000000000005,0.02499999999999991,5,false,false,false,false,false,0.21260932486000125,0.22475303592776694,false,"[{""initial_correspondence_fraction"":1.0,""magnitude_m"":0.05,""pose_recovered"":true},{""initial_correspondence_fraction"":1.0,""magnitude_m"":0.1,""pose_recovered"":true},{""initial_correspondence_fraction"":1.0,""magnitude_m"":0.2,""pose_recovered"":true},{""initial_correspondence_fraction"":1.0,""magnitude_m"":0.4,""pose_recovered"":true},{""initial_correspondence_fraction"":0.33127792109733845,""magnitude_m"":0.8,""pose_recovered"":true},{""initial_correspondence_fraction"":0.22626313471339585,""magnitude_m"":1.2,""pose_recovered"":true},{""initial_correspondence_fraction"":0.20090605927137734,""magnitude_m"":1.6,""pose_recovered"":true},{""initial_correspondence_fraction"":0.26930095010381927,""magnitude_m"":2.4,""pose_recovered"":false},{""initial_correspondence_fraction"":0.45139369533757,""magnitude_m"":3.2,""pose_recovered"":false},{""initial_correspondence_fraction"":0.023909897439124143,""magnitude_m"":4.8,""pose_recovered"":false},{""initial_correspondence_fraction"":0.007613414710879003,""magnitude_m"":6.4,""pose_recovered"":false}]",true,true,false,false,UNRESOLVED
W_TEST_01,Weak,W_TEST_01_Q02,pcl,strong,1,1.6,2.4,2.0,2.025,2.0125,0.02499999999999991,5,false,false,false,false,false,0.19738249543824324,0.19587239665261436,false,"[{""initial_correspondence_fraction"":1.0,""magnitude_m"":0.05,""pose_recovered"":true},{""initial_correspondence_fraction"":1.0,""magnitude_m"":0.1,""pose_recovered"":true},{""initial_correspondence_fraction"":1.0,""magnitude_m"":0.2,""pose_recovered"":true},{""initial_correspondence_fraction"":1.0,""magnitude_m"":0.4,""pose_recovered"":true},{""initial_correspondence_fraction"":0.40967721638457183,""magnitude_m"":0.8,""pose_recovered"":true},{""initial_correspondence_fraction"":0.22336877870760713,""magnitude_m"":1.2,""pose_recovered"":true},{""initial_correspondence_fraction"":0.20512175171459132,""magnitude_m"":1.6,""pose_recovered"":true},{""initial_correspondence_fraction"":0.26879758384194297,""magnitude_m"":2.4,""pose_recovered"":false},{""initial_correspondence_fraction"":0.4575599320455547,""magnitude_m"":3.2,""pose_recovered"":false},{""initial_correspondence_fraction"":0.01220663185050022,""magnitude_m"":4.8,""pose_recovered"":false},{""initial_correspondence_fraction"":0.00031460391367268606,""magnitude_m"":6.4,""pose_recovered"":false}]",true,true,false,false,UNRESOLVED
W_TEST_01,Weak,W_TEST_01_Q02,pcl,weak,-1,1.2,1.6,1.5750000000000002,1.6,1.5875000000000001,0.02499999999999991,4,false,false,false,false,false,0.9485937205058831,0.9484049581576794,false,"[{""initial_correspondence_fraction"":1.0,""magnitude_m"":0.05,""pose_recovered"":true},{""initial_correspondence_fraction"":1.0,""magnitude_m"":0.1,""pose_recovered"":true},{""initial_correspondence_fraction"":1.0,""magnitude_m"":0.2,""pose_recovered"":true},{""initial_correspondence_fraction"":1.0,""magnitude_m"":0.4,""pose_recovered"":true},{""initial_correspondence_fraction"":0.9705530736802366,""magnitude_m"":0.8,""pose_recovered"":true},{""initial_correspondence_fraction"":0.9523689674699554,""magnitude_m"":1.2,""pose_recovered"":true},{""initial_correspondence_fraction"":0.9484049581576794,""magnitude_m"":1.6,""pose_recovered"":false}]",true,true,false,false,UNRESOLVED
W_TEST_01,Weak,W_TEST_01_Q02,pcl,weak,1,1.6,2.4,1.9,1.9249999999999998,1.9124999999999999,0.02499999999999991,5,false,false,false,false,false,0.9443151072799345,0.9423645630151639,false,"[{""initial_correspondence_fraction"":1.0,""magnitude_m"":0.05,""pose_recovered"":true},{""initial_correspondence_fraction"":1.0,""magnitude_m"":0.1,""pose_recovered"":true},{""initial_correspondence_fraction"":1.0,""magnitude_m"":0.2,""pose_recovered"":true},{""initial_correspondence_fraction"":1.0,""magnitude_m"":0.4,""pose_recovered"":true},{""initial_correspondence_fraction"":0.9738249543824326,""magnitude_m"":0.8,""pose_recovered"":true},{""initial_correspondence_fraction"":0.9665890643679608,""magnitude_m"":1.2,""pose_recovered"":true},{""initial_correspondence_fraction"":0.9540049078210533,""magnitude_m"":1.6,""pose_recovered"":true},{""initial_correspondence_fraction"":0.9385263952683571,""magnitude_m"":2.4,""pose_recovered"":false},{""initial_correspondence_fraction"":0.9364500094381174,""magnitude_m"":3.2,""pose_recovered"":false},{""initial_correspondence_fraction"":0.9456993645000944,""magnitude_m"":4.8,""pose_recovered"":false},{""initial_correspondence_fraction"":0.9535644623419115,""magnitude_m"":6.4,""pose_recovered"":false}]",true,true,false,false,UNRESOLVED
W_TEST_01,Weak,W_TEST_01_Q03,open3d,strong,-1,1.6,2.4,2.1500000000000004,2.1750000000000003,2.1625000000000005,0.02499999999999991,5,false,false,false,false,false,0.2185950153807521,0.23071128131081675,false,"[{""initial_correspondence_fraction"":1.0,""magnitude_m"":0.05,""pose_recovered"":true},{""initial_correspondence_fraction"":1.0,""magnitude_m"":0.1,""pose_recovered"":true},{""initial_correspondence_fraction"":1.0,""magnitude_m"":0.2,""pose_recovered"":true},{""initial_correspondence_fraction"":1.0,""magnitude_m"":0.4,""pose_recovered"":true},{""initial_correspondence_fraction"":0.3334798166865465,""magnitude_m"":0.8,""pose_recovered"":true},{""initial_correspondence_fraction"":0.23159018143009605,""magnitude_m"":1.2,""pose_recovered"":true},{""initial_correspondence_fraction"":0.20528595643166553,""magnitude_m"":1.6,""pose_recovered"":true},{""initial_correspondence_fraction"":0.27321237993596587,""magnitude_m"":2.4,""pose_recovered"":false},{""initial_correspondence_fraction"":0.4534496829681713,""magnitude_m"":3.2,""pose_recovered"":false},{""initial_correspondence_fraction"":0.025488103459099756,""magnitude_m"":4.8,""pose_recovered"":false},{""initial_correspondence_fraction"":0.00759620817377111,""magnitude_m"":6.4,""pose_recovered"":false}]",true,true,false,false,UNRESOLVED
W_TEST_01,Weak,W_TEST_01_Q03,open3d,strong,1,1.6,2.4,2.05,2.075,2.0625,0.025000000000000355,5,false,false,false,false,false,0.19561805511959318,0.19467637642036537,false,"[{""initial_correspondence_fraction"":1.0,""magnitude_m"":0.05,""pose_recovered"":true},{""initial_correspondence_fraction"":1.0,""magnitude_m"":0.1,""pose_recovered"":true},{""initial_correspondence_fraction"":1.0,""magnitude_m"":0.2,""pose_recovered"":true},{""initial_correspondence_fraction"":1.0,""magnitude_m"":0.4,""pose_recovered"":true},{""initial_correspondence_fraction"":0.41201582020214705,""magnitude_m"":0.8,""pose_recovered"":true},{""initial_correspondence_fraction"":0.22455898047586165,""magnitude_m"":1.2,""pose_recovered"":true},{""initial_correspondence_fraction"":0.20654152803063594,""magnitude_m"":1.6,""pose_recovered"":true},{""initial_correspondence_fraction"":0.26975955803879714,""magnitude_m"":2.4,""pose_recovered"":false},{""initial_correspondence_fraction"":0.4543913616673991,""magnitude_m"":3.2,""pose_recovered"":false},{""initial_correspondence_fraction"":0.012367380249858749,""magnitude_m"":4.8,""pose_recovered"":false},{""initial_correspondence_fraction"":0.0005022286395881725,""magnitude_m"":6.4,""pose_recovered"":false}]",true,true,false,false,UNRESOLVED
W_TEST_01,Weak,W_TEST_01_Q03,open3d,weak,-1,1.6,2.4,1.6,1.625,1.6125,0.02499999999999991,5,false,false,false,false,false,0.9460104212442715,0.9460104212442715,false,"[{""initial_correspondence_fraction"":1.0,""magnitude_m"":0.05,""pose_recovered"":true},{""initial_correspondence_fraction"":1.0,""magnitude_m"":0.1,""pose_recovered"":true},{""initial_correspondence_fraction"":1.0,""magnitude_m"":0.2,""pose_recovered"":true},{""initial_correspondence_fraction"":1.0,""magnitude_m"":0.4,""pose_recovered"":true},{""initial_correspondence_fraction"":0.9698035030447612,""magnitude_m"":0.8,""pose_recovered"":true},{""initial_correspondence_fraction"":0.9515977148596899,""magnitude_m"":1.2,""pose_recovered"":true},{""initial_correspondence_fraction"":0.9460104212442715,""magnitude_m"":1.6,""pose_recovered"":true},{""initial_correspondence_fraction"":0.9456337497645804,""magnitude_m"":2.4,""pose_recovered"":false},{""initial_correspondence_fraction"":0.9409881348483897,""magnitude_m"":3.2,""pose_recovered"":false},{""initial_correspondence_fraction"":0.9278674116391488,""magnitude_m"":4.8,""pose_recovered"":false},{""initial_correspondence_fraction"":0.9218406679640907,""magnitude_m"":6.4,""pose_recovered"":false}]",true,true,false,false,UNRESOLVED
W_TEST_01,Weak,W_TEST_01_Q03,open3d,weak,1,1.6,2.4,1.85,1.875,1.8625,0.02499999999999991,5,false,false,false,false,false,0.9503421432607194,0.9485215644422124,false,"[{""initial_correspondence_fraction"":1.0,""magnitude_m"":0.05,""pose_recovered"":true},{""initial_correspondence_fraction"":1.0,""magnitude_m"":0.1,""pose_recovered"":true},{""initial_correspondence_fraction"":1.0,""magnitude_m"":0.2,""pose_recovered"":true},{""initial_correspondence_fraction"":1.0,""magnitude_m"":0.4,""pose_recovered"":true},{""initial_correspondence_fraction"":0.9730679892020843,""magnitude_m"":0.8,""pose_recovered"":true},{""initial_correspondence_fraction"":0.9656601167681587,""magnitude_m"":1.2,""pose_recovered"":true},{""initial_correspondence_fraction"":0.9555527653964467,""magnitude_m"":1.6,""pose_recovered"":true},{""initial_correspondence_fraction"":0.9347730554334861,""magnitude_m"":2.4,""pose_recovered"":false},{""initial_correspondence_fraction"":0.935965848452508,""magnitude_m"":3.2,""pose_recovered"":false},{""initial_correspondence_fraction"":0.9438131709460732,""magnitude_m"":4.8,""pose_recovered"":false},{""initial_correspondence_fraction"":0.9472659928432419,""magnitude_m"":6.4,""pose_recovered"":false}]",true,true,false,false,UNRESOLVED
W_TEST_01,Weak,W_TEST_01_Q03,pcl,strong,-1,1.6,2.4,2.1500000000000004,2.1750000000000003,2.1625000000000005,0.02499999999999991,5,false,false,false,false,false,0.2185950153807521,0.23071128131081675,false,"[{""initial_correspondence_fraction"":1.0,""magnitude_m"":0.05,""pose_recovered"":true},{""initial_correspondence_fraction"":1.0,""magnitude_m"":0.1,""pose_recovered"":true},{""initial_correspondence_fraction"":1.0,""magnitude_m"":0.2,""pose_recovered"":true},{""initial_correspondence_fraction"":1.0,""magnitude_m"":0.4,""pose_recovered"":true},{""initial_correspondence_fraction"":0.3334798166865465,""magnitude_m"":0.8,""pose_recovered"":true},{""initial_correspondence_fraction"":0.23159018143009605,""magnitude_m"":1.2,""pose_recovered"":true},{""initial_correspondence_fraction"":0.20528595643166553,""magnitude_m"":1.6,""pose_recovered"":true},{""initial_correspondence_fraction"":0.27321237993596587,""magnitude_m"":2.4,""pose_recovered"":false},{""initial_correspondence_fraction"":0.4534496829681713,""magnitude_m"":3.2,""pose_recovered"":false},{""initial_correspondence_fraction"":0.025488103459099756,""magnitude_m"":4.8,""pose_recovered"":false},{""initial_correspondence_fraction"":0.00759620817377111,""magnitude_m"":6.4,""pose_recovered"":false}]",true,true,false,false,UNRESOLVED
W_TEST_01,Weak,W_TEST_01_Q03,pcl,strong,1,1.6,2.4,2.025,2.05,2.0374999999999996,0.02499999999999991,5,false,false,false,false,false,0.19630861949902692,0.19561805511959318,false,"[{""initial_correspondence_fraction"":1.0,""magnitude_m"":0.05,""pose_recovered"":true},{""initial_correspondence_fraction"":1.0,""magnitude_m"":0.1,""pose_recovered"":true},{""initial_correspondence_fraction"":1.0,""magnitude_m"":0.2,""pose_recovered"":true},{""initial_correspondence_fraction"":1.0,""magnitude_m"":0.4,""pose_recovered"":true},{""initial_correspondence_fraction"":0.41201582020214705,""magnitude_m"":0.8,""pose_recovered"":true},{""initial_correspondence_fraction"":0.22455898047586165,""magnitude_m"":1.2,""pose_recovered"":true},{""initial_correspondence_fraction"":0.20654152803063594,""magnitude_m"":1.6,""pose_recovered"":true},{""initial_correspondence_fraction"":0.26975955803879714,""magnitude_m"":2.4,""pose_recovered"":false},{""initial_correspondence_fraction"":0.4543913616673991,""magnitude_m"":3.2,""pose_recovered"":false},{""initial_correspondence_fraction"":0.012367380249858749,""magnitude_m"":4.8,""pose_recovered"":false},{""initial_correspondence_fraction"":0.0005022286395881725,""magnitude_m"":6.4,""pose_recovered"":false}]",true,true,false,false,UNRESOLVED
W_TEST_01,Weak,W_TEST_01_Q03,pcl,weak,-1,1.2,1.6,1.5750000000000002,1.6,1.5875000000000001,0.02499999999999991,4,false,false,false,false,false,0.9462615355640656,0.9460104212442715,false,"[{""initial_correspondence_fraction"":1.0,""magnitude_m"":0.05,""pose_recovered"":true},{""initial_correspondence_fraction"":1.0,""magnitude_m"":0.1,""pose_recovered"":true},{""initial_correspondence_fraction"":1.0,""magnitude_m"":0.2,""pose_recovered"":true},{""initial_correspondence_fraction"":1.0,""magnitude_m"":0.4,""pose_recovered"":true},{""initial_correspondence_fraction"":0.9698035030447612,""magnitude_m"":0.8,""pose_recovered"":true},{""initial_correspondence_fraction"":0.9515977148596899,""magnitude_m"":1.2,""pose_recovered"":true},{""initial_correspondence_fraction"":0.9460104212442715,""magnitude_m"":1.6,""pose_recovered"":false},{""initial_correspondence_fraction"":0.9456337497645804,""magnitude_m"":2.4,""pose_recovered"":false},{""initial_correspondence_fraction"":0.9409881348483897,""magnitude_m"":3.2,""pose_recovered"":false},{""initial_correspondence_fraction"":0.9278674116391488,""magnitude_m"":4.8,""pose_recovered"":false},{""initial_correspondence_fraction"":0.9218406679640907,""magnitude_m"":6.4,""pose_recovered"":false}]",true,true,false,false,UNRESOLVED
W_TEST_01,Weak,W_TEST_01_Q03,pcl,weak,1,1.6,2.4,1.9,1.9249999999999998,1.9124999999999999,0.02499999999999991,5,false,false,false,false,false,0.9468265427836022,0.9451315211249921,false,"[{""initial_correspondence_fraction"":1.0,""magnitude_m"":0.05,""pose_recovered"":true},{""initial_correspondence_fraction"":1.0,""magnitude_m"":0.1,""pose_recovered"":true},{""initial_correspondence_fraction"":1.0,""magnitude_m"":0.2,""pose_recovered"":true},{""initial_correspondence_fraction"":1.0,""magnitude_m"":0.4,""pose_recovered"":true},{""initial_correspondence_fraction"":0.9730679892020843,""magnitude_m"":0.8,""pose_recovered"":true},{""initial_correspondence_fraction"":0.9656601167681587,""magnitude_m"":1.2,""pose_recovered"":true},{""initial_correspondence_fraction"":0.9555527653964467,""magnitude_m"":1.6,""pose_recovered"":true},{""initial_correspondence_fraction"":0.9347730554334861,""magnitude_m"":2.4,""pose_recovered"":false},{""initial_correspondence_fraction"":0.935965848452508,""magnitude_m"":3.2,""pose_recovered"":false},{""initial_correspondence_fraction"":0.9438131709460732,""magnitude_m"":4.8,""pose_recovered"":false},{""initial_correspondence_fraction"":0.9472659928432419,""magnitude_m"":6.4,""pose_recovered"":false}]",true,true,false,false,UNRESOLVED
W_TEST_01,Weak,W_TEST_01_Q04,open3d,strong,-1,1.6,2.4,2.1500000000000004,2.1750000000000003,2.1625000000000005,0.02499999999999991,5,false,false,false,false,false,0.21181186196530344,0.22515187574372142,false,"[{""initial_correspondence_fraction"":1.0,""magnitude_m"":0.05,""pose_recovered"":true},{""initial_correspondence_fraction"":1.0,""magnitude_m"":0.1,""pose_recovered"":true},{""initial_correspondence_fraction"":1.0,""magnitude_m"":0.2,""pose_recovered"":true},{""initial_correspondence_fraction"":1.0,""magnitude_m"":0.4,""pose_recovered"":true},{""initial_correspondence_fraction"":0.3331245694244379,""magnitude_m"":0.8,""pose_recovered"":true},{""initial_correspondence_fraction"":0.22383666311768022,""magnitude_m"":1.2,""pose_recovered"":true},{""initial_correspondence_fraction"":0.20035072336694432,""magnitude_m"":1.6,""pose_recovered"":true},{""initial_correspondence_fraction"":0.26924281330243627,""magnitude_m"":2.4,""pose_recovered"":false},{""initial_correspondence_fraction"":0.45155633494081543,""magnitude_m"":3.2,""pose_recovered"":false},{""initial_correspondence_fraction"":0.025490073276132022,""magnitude_m"":4.8,""pose_recovered"":false},{""initial_correspondence_fraction"":0.00594977140351976,""magnitude_m"":6.4,""pose_recovered"":false}]",true,true,false,false,UNRESOLVED
W_TEST_01,Weak,W_TEST_01_Q04,open3d,strong,1,1.6,2.4,2.025,2.05,2.0374999999999996,0.02499999999999991,5,false,false,false,false,false,0.19690611887016973,0.19565353541679714,false,"[{""initial_correspondence_fraction"":1.0,""magnitude_m"":0.05,""pose_recovered"":true},{""initial_correspondence_fraction"":1.0,""magnitude_m"":0.1,""pose_recovered"":true},{""initial_correspondence_fraction"":1.0,""magnitude_m"":0.2,""pose_recovered"":true},{""initial_correspondence_fraction"":1.0,""magnitude_m"":0.4,""pose_recovered"":true},{""initial_correspondence_fraction"":0.4091563850441536,""magnitude_m"":0.8,""pose_recovered"":true},{""initial_correspondence_fraction"":0.22577816747040771,""magnitude_m"":1.2,""pose_recovered"":true},{""initial_correspondence_fraction"":0.20780359491451117,""magnitude_m"":1.6,""pose_recovered"":true},{""initial_correspondence_fraction"":0.2747541804972756,""magnitude_m"":2.4,""pose_recovered"":false},{""initial_correspondence_fraction"":0.4580697688983529,""magnitude_m"":3.2,""pose_recovered"":false},{""initial_correspondence_fraction"":0.010145925972317905,""magnitude_m"":4.8,""pose_recovered"":false},{""initial_correspondence_fraction"":0.0005636625540176614,""magnitude_m"":6.4,""pose_recovered"":false}]",true,true,false,false,UNRESOLVED
W_TEST_01,Weak,W_TEST_01_Q04,open3d,weak,-1,1.6,2.4,1.95,1.975,1.9625,0.025000000000000133,5,false,false,false,false,false,0.9463894281956535,0.9460136531596418,false,"[{""initial_correspondence_fraction"":1.0,""magnitude_m"":0.05,""pose_recovered"":true},{""initial_correspondence_fraction"":1.0,""magnitude_m"":0.1,""pose_recovered"":true},{""initial_correspondence_fraction"":1.0,""magnitude_m"":0.2,""pose_recovered"":true},{""initial_correspondence_fraction"":1.0,""magnitude_m"":0.4,""pose_recovered"":true},{""initial_correspondence_fraction"":0.9702511429824012,""magnitude_m"":0.8,""pose_recovered"":true},{""initial_correspondence_fraction"":0.9564100958226341,""magnitude_m"":1.2,""pose_recovered"":true},{""initial_correspondence_fraction"":0.950710841109789,""magnitude_m"":1.6,""pose_recovered"":true},{""initial_correspondence_fraction"":0.9423185319721926,""magnitude_m"":2.4,""pose_recovered"":false},{""initial_correspondence_fraction"":0.9436963737709025,""magnitude_m"":3.2,""pose_recovered"":false},{""initial_correspondence_fraction"":0.9304816183378217,""magnitude_m"":4.8,""pose_recovered"":false},{""initial_correspondence_fraction"":0.9235924093442726,""magnitude_m"":6.4,""pose_recovered"":false}]",true,true,false,false,UNRESOLVED
W_TEST_01,Weak,W_TEST_01_Q04,open3d,weak,1,1.6,2.4,1.725,1.75,1.7375,0.02499999999999991,5,false,false,false,false,false,0.9551575123692616,0.9557838040959479,false,"[{""initial_correspondence_fraction"":1.0,""magnitude_m"":0.05,""pose_recovered"":true},{""initial_correspondence_fraction"":1.0,""magnitude_m"":0.1,""pose_recovered"":true},{""initial_correspondence_fraction"":1.0,""magnitude_m"":0.2,""pose_recovered"":true},{""initial_correspondence_fraction"":1.0,""magnitude_m"":0.4,""pose_recovered"":true},{""initial_correspondence_fraction"":0.9761382852132523,""magnitude_m"":0.8,""pose_recovered"":true},{""initial_correspondence_fraction"":0.9669317968309639,""magnitude_m"":1.2,""pose_recovered"":true},{""initial_correspondence_fraction"":0.9551575123692616,""magnitude_m"":1.6,""pose_recovered"":true},{""initial_correspondence_fraction"":0.9464520573683222,""magnitude_m"":2.4,""pose_recovered"":false},{""initial_correspondence_fraction"":0.9410659485188201,""magnitude_m"":3.2,""pose_recovered"":false},{""initial_correspondence_fraction"":0.9492703701384104,""magnitude_m"":4.8,""pose_recovered"":false},{""initial_correspondence_fraction"":0.9535917830525459,""magnitude_m"":6.4,""pose_recovered"":false}]",true,true,false,false,UNRESOLVED
W_TEST_01,Weak,W_TEST_01_Q04,pcl,strong,-1,1.6,2.4,2.1500000000000004,2.1750000000000003,2.1625000000000005,0.02499999999999991,5,false,false,false,false,false,0.21181186196530344,0.22515187574372142,false,"[{""initial_correspondence_fraction"":1.0,""magnitude_m"":0.05,""pose_recovered"":true},{""initial_correspondence_fraction"":1.0,""magnitude_m"":0.1,""pose_recovered"":true},{""initial_correspondence_fraction"":1.0,""magnitude_m"":0.2,""pose_recovered"":true},{""initial_correspondence_fraction"":1.0,""magnitude_m"":0.4,""pose_recovered"":true},{""initial_correspondence_fraction"":0.3331245694244379,""magnitude_m"":0.8,""pose_recovered"":true},{""initial_correspondence_fraction"":0.22383666311768022,""magnitude_m"":1.2,""pose_recovered"":true},{""initial_correspondence_fraction"":0.20035072336694432,""magnitude_m"":1.6,""pose_recovered"":true},{""initial_correspondence_fraction"":0.26924281330243627,""magnitude_m"":2.4,""pose_recovered"":false},{""initial_correspondence_fraction"":0.45155633494081543,""magnitude_m"":3.2,""pose_recovered"":false},{""initial_correspondence_fraction"":0.025490073276132022,""magnitude_m"":4.8,""pose_recovered"":false},{""initial_correspondence_fraction"":0.00594977140351976,""magnitude_m"":6.4,""pose_recovered"":false}]",true,true,false,false,UNRESOLVED
W_TEST_01,Weak,W_TEST_01_Q04,pcl,strong,1,1.6,2.4,1.975,2.0,1.9875,0.02499999999999991,5,false,false,false,false,false,0.19847184818688546,0.19847184818688546,false,"[{""initial_correspondence_fraction"":1.0,""magnitude_m"":0.05,""pose_recovered"":true},{""initial_correspondence_fraction"":1.0,""magnitude_m"":0.1,""pose_recovered"":true},{""initial_correspondence_fraction"":1.0,""magnitude_m"":0.2,""pose_recovered"":true},{""initial_correspondence_fraction"":1.0,""magnitude_m"":0.4,""pose_recovered"":true},{""initial_correspondence_fraction"":0.4091563850441536,""magnitude_m"":0.8,""pose_recovered"":true},{""initial_correspondence_fraction"":0.22577816747040771,""magnitude_m"":1.2,""pose_recovered"":true},{""initial_correspondence_fraction"":0.20780359491451117,""magnitude_m"":1.6,""pose_recovered"":true},{""initial_correspondence_fraction"":0.2747541804972756,""magnitude_m"":2.4,""pose_recovered"":false},{""initial_correspondence_fraction"":0.4580697688983529,""magnitude_m"":3.2,""pose_recovered"":false},{""initial_correspondence_fraction"":0.010145925972317905,""magnitude_m"":4.8,""pose_recovered"":false},{""initial_correspondence_fraction"":0.0005636625540176614,""magnitude_m"":6.4,""pose_recovered"":false}]",true,true,false,false,UNRESOLVED
W_TEST_01,Weak,W_TEST_01_Q04,pcl,weak,-1,1.6,2.4,1.8,1.8250000000000002,1.8125,0.025000000000000133,5,false,false,false,false,false,0.9485814492390555,0.9485188200663869,false,"[{""initial_correspondence_fraction"":1.0,""magnitude_m"":0.05,""pose_recovered"":true},{""initial_correspondence_fraction"":1.0,""magnitude_m"":0.1,""pose_recovered"":true},{""initial_correspondence_fraction"":1.0,""magnitude_m"":0.2,""pose_recovered"":true},{""initial_correspondence_fraction"":1.0,""magnitude_m"":0.4,""pose_recovered"":true},{""initial_correspondence_fraction"":0.9702511429824012,""magnitude_m"":0.8,""pose_recovered"":true},{""initial_correspondence_fraction"":0.9564100958226341,""magnitude_m"":1.2,""pose_recovered"":true},{""initial_correspondence_fraction"":0.950710841109789,""magnitude_m"":1.6,""pose_recovered"":true},{""initial_correspondence_fraction"":0.9423185319721926,""magnitude_m"":2.4,""pose_recovered"":false},{""initial_correspondence_fraction"":0.9436963737709025,""magnitude_m"":3.2,""pose_recovered"":false},{""initial_correspondence_fraction"":0.9304816183378217,""magnitude_m"":4.8,""pose_recovered"":false},{""initial_correspondence_fraction"":0.9235924093442726,""magnitude_m"":6.4,""pose_recovered"":false}]",true,true,false,false,UNRESOLVED
W_TEST_01,Weak,W_TEST_01_Q04,pcl,weak,1,1.6,2.4,1.75,1.775,1.7625,0.02499999999999991,5,false,false,false,false,false,0.9557838040959479,0.9559090624412852,false,"[{""initial_correspondence_fraction"":1.0,""magnitude_m"":0.05,""pose_recovered"":true},{""initial_correspondence_fraction"":1.0,""magnitude_m"":0.1,""pose_recovered"":true},{""initial_correspondence_fraction"":1.0,""magnitude_m"":0.2,""pose_recovered"":true},{""initial_correspondence_fraction"":1.0,""magnitude_m"":0.4,""pose_recovered"":true},{""initial_correspondence_fraction"":0.9761382852132523,""magnitude_m"":0.8,""pose_recovered"":true},{""initial_correspondence_fraction"":0.9669317968309639,""magnitude_m"":1.2,""pose_recovered"":true},{""initial_correspondence_fraction"":0.9551575123692616,""magnitude_m"":1.6,""pose_recovered"":true},{""initial_correspondence_fraction"":0.9464520573683222,""magnitude_m"":2.4,""pose_recovered"":false},{""initial_correspondence_fraction"":0.9410659485188201,""magnitude_m"":3.2,""pose_recovered"":false},{""initial_correspondence_fraction"":0.9492703701384104,""magnitude_m"":4.8,""pose_recovered"":false},{""initial_correspondence_fraction"":0.9535917830525459,""magnitude_m"":6.4,""pose_recovered"":false}]",true,true,false,false,UNRESOLVED
W_TEST_01,Weak,W_TEST_01_Q05,open3d,strong,-1,1.6,2.4,2.1,2.125,2.1125,0.02499999999999991,5,false,false,false,false,false,0.2001767565178966,0.20699450792247964,false,"[{""initial_correspondence_fraction"":1.0,""magnitude_m"":0.05,""pose_recovered"":true},{""initial_correspondence_fraction"":1.0,""magnitude_m"":0.1,""pose_recovered"":true},{""initial_correspondence_fraction"":1.0,""magnitude_m"":0.2,""pose_recovered"":true},{""initial_correspondence_fraction"":0.9999368726721798,""magnitude_m"":0.4,""pose_recovered"":true},{""initial_correspondence_fraction"":0.3324285083012436,""magnitude_m"":0.8,""pose_recovered"":true},{""initial_correspondence_fraction"":0.22530143299034153,""magnitude_m"":1.2,""pose_recovered"":true},{""initial_correspondence_fraction"":0.19910359194495297,""magnitude_m"":1.6,""pose_recovered"":true},{""initial_correspondence_fraction"":0.2738463480840856,""magnitude_m"":2.4,""pose_recovered"":false},{""initial_correspondence_fraction"":0.457104980746165,""magnitude_m"":3.2,""pose_recovered"":false},{""initial_correspondence_fraction"":0.025566567767186413,""magnitude_m"":4.8,""pose_recovered"":false},{""initial_correspondence_fraction"":0.004860804242156429,""magnitude_m"":6.4,""pose_recovered"":false}]",true,true,false,false,UNRESOLVED
W_TEST_01,Weak,W_TEST_01_Q05,open3d,strong,1,4.8,2.4,,,,,0,false,false,false,true,true,,,false,"[{""initial_correspondence_fraction"":1.0,""magnitude_m"":0.05,""pose_recovered"":true},{""initial_correspondence_fraction"":1.0,""magnitude_m"":0.1,""pose_recovered"":true},{""initial_correspondence_fraction"":1.0,""magnitude_m"":0.2,""pose_recovered"":true},{""initial_correspondence_fraction"":0.9999368726721798,""magnitude_m"":0.4,""pose_recovered"":true},{""initial_correspondence_fraction"":0.4034467520989837,""magnitude_m"":0.8,""pose_recovered"":true},{""initial_correspondence_fraction"":0.2191149548639606,""magnitude_m"":1.2,""pose_recovered"":true},{""initial_correspondence_fraction"":0.20364875954800835,""magnitude_m"":1.6,""pose_recovered"":true},{""initial_correspondence_fraction"":0.2663341960734802,""magnitude_m"":2.4,""pose_recovered"":false},{""initial_correspondence_fraction"":0.45117101193106496,""magnitude_m"":3.2,""pose_recovered"":false},{""initial_correspondence_fraction"":0.008964080550470299,""magnitude_m"":4.8,""pose_recovered"":true},{""initial_correspondence_fraction"":0.0003156366391010668,""magnitude_m"":6.4,""pose_recovered"":false}]",true,true,false,false,UNRESOLVED
W_TEST_01,Weak,W_TEST_01_Q05,open3d,weak,-1,1.6,2.4,1.625,1.6500000000000001,1.6375000000000002,0.025000000000000133,5,false,false,false,false,false,0.9484249731708857,0.9480462092039644,false,"[{""initial_correspondence_fraction"":1.0,""magnitude_m"":0.05,""pose_recovered"":true},{""initial_correspondence_fraction"":1.0,""magnitude_m"":0.1,""pose_recovered"":true},{""initial_correspondence_fraction"":1.0,""magnitude_m"":0.2,""pose_recovered"":true},{""initial_correspondence_fraction"":1.0,""magnitude_m"":0.4,""pose_recovered"":true},{""initial_correspondence_fraction"":0.970140773941039,""magnitude_m"":0.8,""pose_recovered"":true},{""initial_correspondence_fraction"":0.9562527618205922,""magnitude_m"":1.2,""pose_recovered"":true},{""initial_correspondence_fraction"":0.9489299917934474,""magnitude_m"":1.6,""pose_recovered"":true},{""initial_correspondence_fraction"":0.9445110788460325,""magnitude_m"":2.4,""pose_recovered"":false},{""initial_correspondence_fraction"":0.9425541316836058,""magnitude_m"":3.2,""pose_recovered"":false},{""initial_correspondence_fraction"":0.9325800138880121,""magnitude_m"":4.8,""pose_recovered"":false},{""initial_correspondence_fraction"":0.9222271321254971,""magnitude_m"":6.4,""pose_recovered"":false}]",true,true,false,false,UNRESOLVED
W_TEST_01,Weak,W_TEST_01_Q05,open3d,weak,1,1.6,2.4,1.725,1.75,1.7375,0.02499999999999991,5,false,false,false,false,false,0.9522126128400985,0.9518338488731772,false,"[{""initial_correspondence_fraction"":1.0,""magnitude_m"":0.05,""pose_recovered"":true},{""initial_correspondence_fraction"":1.0,""magnitude_m"":0.1,""pose_recovered"":true},{""initial_correspondence_fraction"":1.0,""magnitude_m"":0.2,""pose_recovered"":true},{""initial_correspondence_fraction"":1.0,""magnitude_m"":0.4,""pose_recovered"":true},{""initial_correspondence_fraction"":0.9765166340508806,""magnitude_m"":0.8,""pose_recovered"":true},{""initial_correspondence_fraction"":0.9651537150432422,""magnitude_m"":1.2,""pose_recovered"":true},{""initial_correspondence_fraction"":0.9539170506912442,""magnitude_m"":1.6,""pose_recovered"":true},{""initial_correspondence_fraction"":0.9420491130610441,""magnitude_m"":2.4,""pose_recovered"":false},{""initial_correspondence_fraction"":0.9393977652925951,""magnitude_m"":3.2,""pose_recovered"":false},{""initial_correspondence_fraction"":0.9434379142730889,""magnitude_m"":4.8,""pose_recovered"":false},{""initial_correspondence_fraction"":0.9566315257875134,""magnitude_m"":6.4,""pose_recovered"":false}]",true,true,false,false,UNRESOLVED
W_TEST_01,Weak,W_TEST_01_Q05,pcl,strong,-1,1.6,2.4,2.1500000000000004,2.1750000000000003,2.1625000000000005,0.02499999999999991,5,false,false,false,false,false,0.2175998989962755,0.22927845464301497,false,"[{""initial_correspondence_fraction"":1.0,""magnitude_m"":0.05,""pose_recovered"":true},{""initial_correspondence_fraction"":1.0,""magnitude_m"":0.1,""pose_recovered"":true},{""initial_correspondence_fraction"":1.0,""magnitude_m"":0.2,""pose_recovered"":true},{""initial_correspondence_fraction"":0.9999368726721798,""magnitude_m"":0.4,""pose_recovered"":true},{""initial_correspondence_fraction"":0.3324285083012436,""magnitude_m"":0.8,""pose_recovered"":true},{""initial_correspondence_fraction"":0.22530143299034153,""magnitude_m"":1.2,""pose_recovered"":true},{""initial_correspondence_fraction"":0.19910359194495297,""magnitude_m"":1.6,""pose_recovered"":true},{""initial_correspondence_fraction"":0.2738463480840856,""magnitude_m"":2.4,""pose_recovered"":false},{""initial_correspondence_fraction"":0.457104980746165,""magnitude_m"":3.2,""pose_recovered"":false},{""initial_correspondence_fraction"":0.025566567767186413,""magnitude_m"":4.8,""pose_recovered"":false},{""initial_correspondence_fraction"":0.004860804242156429,""magnitude_m"":6.4,""pose_recovered"":false}]",true,true,false,false,UNRESOLVED
W_TEST_01,Weak,W_TEST_01_Q05,pcl,strong,1,1.6,2.4,1.975,2.0,1.9875,0.02499999999999991,5,false,false,false,false,false,0.19531595227574017,0.1955053342592008,false,"[{""initial_correspondence_fraction"":1.0,""magnitude_m"":0.05,""pose_recovered"":true},{""initial_correspondence_fraction"":1.0,""magnitude_m"":0.1,""pose_recovered"":true},{""initial_correspondence_fraction"":1.0,""magnitude_m"":0.2,""pose_recovered"":true},{""initial_correspondence_fraction"":0.9999368726721798,""magnitude_m"":0.4,""pose_recovered"":true},{""initial_correspondence_fraction"":0.4034467520989837,""magnitude_m"":0.8,""pose_recovered"":true},{""initial_correspondence_fraction"":0.2191149548639606,""magnitude_m"":1.2,""pose_recovered"":true},{""initial_correspondence_fraction"":0.20364875954800835,""magnitude_m"":1.6,""pose_recovered"":true},{""initial_correspondence_fraction"":0.2663341960734802,""magnitude_m"":2.4,""pose_recovered"":false},{""initial_correspondence_fraction"":0.45117101193106496,""magnitude_m"":3.2,""pose_recovered"":false},{""initial_correspondence_fraction"":0.008964080550470299,""magnitude_m"":4.8,""pose_recovered"":false},{""initial_correspondence_fraction"":0.0003156366391010668,""magnitude_m"":6.4,""pose_recovered"":false}]",true,true,false,false,UNRESOLVED
W_TEST_01,Weak,W_TEST_01_Q05,pcl,weak,-1,1.6,2.4,1.625,1.6500000000000001,1.6375000000000002,0.025000000000000133,5,false,false,false,false,false,0.9484249731708857,0.9480462092039644,false,"[{""initial_correspondence_fraction"":1.0,""magnitude_m"":0.05,""pose_recovered"":true},{""initial_correspondence_fraction"":1.0,""magnitude_m"":0.1,""pose_recovered"":true},{""initial_correspondence_fraction"":1.0,""magnitude_m"":0.2,""pose_recovered"":true},{""initial_correspondence_fraction"":1.0,""magnitude_m"":0.4,""pose_recovered"":true},{""initial_correspondence_fraction"":0.970140773941039,""magnitude_m"":0.8,""pose_recovered"":true},{""initial_correspondence_fraction"":0.9562527618205922,""magnitude_m"":1.2,""pose_recovered"":true},{""initial_correspondence_fraction"":0.9489299917934474,""magnitude_m"":1.6,""pose_recovered"":true},{""initial_correspondence_fraction"":0.9445110788460325,""magnitude_m"":2.4,""pose_recovered"":false},{""initial_correspondence_fraction"":0.9425541316836058,""magnitude_m"":3.2,""pose_recovered"":false},{""initial_correspondence_fraction"":0.9325800138880121,""magnitude_m"":4.8,""pose_recovered"":false},{""initial_correspondence_fraction"":0.9222271321254971,""magnitude_m"":6.4,""pose_recovered"":false}]",true,true,false,false,UNRESOLVED
W_TEST_01,Weak,W_TEST_01_Q05,pcl,weak,1,1.6,2.4,1.75,1.775,1.7625,0.02499999999999991,5,false,false,false,false,false,0.9518338488731772,0.9522757401679187,false,"[{""initial_correspondence_fraction"":1.0,""magnitude_m"":0.05,""pose_recovered"":true},{""initial_correspondence_fraction"":1.0,""magnitude_m"":0.1,""pose_recovered"":true},{""initial_correspondence_fraction"":1.0,""magnitude_m"":0.2,""pose_recovered"":true},{""initial_correspondence_fraction"":1.0,""magnitude_m"":0.4,""pose_recovered"":true},{""initial_correspondence_fraction"":0.9765166340508806,""magnitude_m"":0.8,""pose_recovered"":true},{""initial_correspondence_fraction"":0.9651537150432422,""magnitude_m"":1.2,""pose_recovered"":true},{""initial_correspondence_fraction"":0.9539170506912442,""magnitude_m"":1.6,""pose_recovered"":true},{""initial_correspondence_fraction"":0.9420491130610441,""magnitude_m"":2.4,""pose_recovered"":false},{""initial_correspondence_fraction"":0.9393977652925951,""magnitude_m"":3.2,""pose_recovered"":false},{""initial_correspondence_fraction"":0.9434379142730889,""magnitude_m"":4.8,""pose_recovered"":false},{""initial_correspondence_fraction"":0.9566315257875134,""magnitude_m"":6.4,""pose_recovered"":false}]",true,true,false,false,UNRESOLVED
W_TEST_01,Weak,W_TEST_01_Q06,open3d,strong,-1,1.6,2.4,2.125,2.1500000000000004,2.1375,0.025000000000000355,5,false,false,false,false,false,0.20159818788145725,0.21103630529163783,false,"[{""initial_correspondence_fraction"":1.0,""magnitude_m"":0.05,""pose_recovered"":true},{""initial_correspondence_fraction"":1.0,""magnitude_m"":0.1,""pose_recovered"":true},{""initial_correspondence_fraction"":1.0,""magnitude_m"":0.2,""pose_recovered"":true},{""initial_correspondence_fraction"":1.0,""magnitude_m"":0.4,""pose_recovered"":true},{""initial_correspondence_fraction"":0.3276914364814698,""magnitude_m"":0.8,""pose_recovered"":true},{""initial_correspondence_fraction"":0.22085194739822564,""magnitude_m"":1.2,""pose_recovered"":true},{""initial_correspondence_fraction"":0.19669036682816335,""magnitude_m"":1.6,""pose_recovered"":true},{""initial_correspondence_fraction"":0.2650852576606053,""magnitude_m"":2.4,""pose_recovered"":false},{""initial_correspondence_fraction"":0.4487510224627194,""magnitude_m"":3.2,""pose_recovered"":false},{""initial_correspondence_fraction"":0.025357075442018498,""magnitude_m"":4.8,""pose_recovered"":false},{""initial_correspondence_fraction"":0.0054111873151702,""magnitude_m"":6.4,""pose_recovered"":false}]",true,true,false,false,UNRESOLVED
W_TEST_01,Weak,W_TEST_01_Q06,open3d,strong,1,1.6,2.4,1.975,2.0,1.9875,0.02499999999999991,5,false,false,false,false,false,0.19920719813754484,0.1981375448310577,false,"[{""initial_correspondence_fraction"":1.0,""magnitude_m"":0.05,""pose_recovered"":true},{""initial_correspondence_fraction"":1.0,""magnitude_m"":0.1,""pose_recovered"":true},{""initial_correspondence_fraction"":1.0,""magnitude_m"":0.2,""pose_recovered"":true},{""initial_correspondence_fraction"":1.0,""magnitude_m"":0.4,""pose_recovered"":true},{""initial_correspondence_fraction"":0.4064053356823759,""magnitude_m"":0.8,""pose_recovered"":true},{""initial_correspondence_fraction"":0.22336877870760713,""magnitude_m"":1.2,""pose_recovered"":true},{""initial_correspondence_fraction"":0.2098408104196816,""magnitude_m"":1.6,""pose_recovered"":true},{""initial_correspondence_fraction"":0.272195306109608,""magnitude_m"":2.4,""pose_recovered"":false},{""initial_correspondence_fraction"":0.46158686214056505,""magnitude_m"":3.2,""pose_recovered"":false},{""initial_correspondence_fraction"":0.00880890958283521,""magnitude_m"":4.8,""pose_recovered"":false},{""initial_correspondence_fraction"":0.0003775246964072233,""magnitude_m"":6.4,""pose_recovered"":false}]",true,true,false,false,UNRESOLVED
W_TEST_01,Weak,W_TEST_01_Q06,open3d,weak,-1,1.6,2.4,1.75,1.775,1.7625,0.02499999999999991,5,false,false,false,false,false,0.9483420373749449,0.9479645126785378,false,"[{""initial_correspondence_fraction"":1.0,""magnitude_m"":0.05,""pose_recovered"":true},{""initial_correspondence_fraction"":1.0,""magnitude_m"":0.1,""pose_recovered"":true},{""initial_correspondence_fraction"":1.0,""magnitude_m"":0.2,""pose_recovered"":true},{""initial_correspondence_fraction"":1.0,""magnitude_m"":0.4,""pose_recovered"":true},{""initial_correspondence_fraction"":0.9709935191593784,""magnitude_m"":0.8,""pose_recovered"":true},{""initial_correspondence_fraction"":0.9582206002642673,""magnitude_m"":1.2,""pose_recovered"":true},{""initial_correspondence_fraction"":0.9511734725979991,""magnitude_m"":1.6,""pose_recovered"":true},{""initial_correspondence_fraction"":0.9456993645000944,""magnitude_m"":2.4,""pose_recovered"":false},{""initial_correspondence_fraction"":0.9437488202353237,""magnitude_m"":3.2,""pose_recovered"":false},{""initial_correspondence_fraction"":0.9326747624740451,""magnitude_m"":4.8,""pose_recovered"":false},{""initial_correspondence_fraction"":0.9236141697602718,""magnitude_m"":6.4,""pose_recovered"":false}]",true,true,false,false,UNRESOLVED
W_TEST_01,Weak,W_TEST_01_Q06,open3d,weak,1,1.6,2.4,1.725,1.75,1.7375,0.02499999999999991,5,false,false,false,false,false,0.9531240168627698,0.9538790662555843,false,"[{""initial_correspondence_fraction"":1.0,""magnitude_m"":0.05,""pose_recovered"":true},{""initial_correspondence_fraction"":1.0,""magnitude_m"":0.1,""pose_recovered"":true},{""initial_correspondence_fraction"":1.0,""magnitude_m"":0.2,""pose_recovered"":true},{""initial_correspondence_fraction"":1.0,""magnitude_m"":0.4,""pose_recovered"":true},{""initial_correspondence_fraction"":0.9777889636947084,""magnitude_m"":0.8,""pose_recovered"":true},{""initial_correspondence_fraction"":0.96602277732335,""magnitude_m"":1.2,""pose_recovered"":true},{""initial_correspondence_fraction"":0.9543824325174605,""magnitude_m"":1.6,""pose_recovered"":true},{""initial_correspondence_fraction"":0.9424904045806329,""magnitude_m"":2.4,""pose_recovered"":false},{""initial_correspondence_fraction"":0.9385893160510916,""magnitude_m"":3.2,""pose_recovered"":false},{""initial_correspondence_fraction"":0.9434971371043855,""magnitude_m"":4.8,""pose_recovered"":false},{""initial_correspondence_fraction"":0.9464544138929089,""magnitude_m"":6.4,""pose_recovered"":false}]",true,true,false,false,UNRESOLVED
W_TEST_01,Weak,W_TEST_01_Q06,pcl,strong,-1,1.6,2.4,2.1500000000000004,2.1750000000000003,2.1625000000000005,0.02499999999999991,5,false,false,false,false,false,0.21103630529163783,0.22368338262127982,false,"[{""initial_correspondence_fraction"":1.0,""magnitude_m"":0.05,""pose_recovered"":true},{""initial_correspondence_fraction"":1.0,""magnitude_m"":0.1,""pose_recovered"":true},{""initial_correspondence_fraction"":1.0,""magnitude_m"":0.2,""pose_recovered"":true},{""initial_correspondence_fraction"":1.0,""magnitude_m"":0.4,""pose_recovered"":true},{""initial_correspondence_fraction"":0.3276914364814698,""magnitude_m"":0.8,""pose_recovered"":true},{""initial_correspondence_fraction"":0.22085194739822564,""magnitude_m"":1.2,""pose_recovered"":true},{""initial_correspondence_fraction"":0.19669036682816335,""magnitude_m"":1.6,""pose_recovered"":true},{""initial_correspondence_fraction"":0.2650852576606053,""magnitude_m"":2.4,""pose_recovered"":false},{""initial_correspondence_fraction"":0.4487510224627194,""magnitude_m"":3.2,""pose_recovered"":false},{""initial_correspondence_fraction"":0.025357075442018498,""magnitude_m"":4.8,""pose_recovered"":false},{""initial_correspondence_fraction"":0.0054111873151702,""magnitude_m"":6.4,""pose_recovered"":false}]",true,true,false,false,UNRESOLVED
W_TEST_01,Weak,W_TEST_01_Q06,pcl,strong,1,1.6,2.4,1.975,2.0,1.9875,0.02499999999999991,5,false,false,false,false,false,0.19920719813754484,0.1981375448310577,false,"[{""initial_correspondence_fraction"":1.0,""magnitude_m"":0.05,""pose_recovered"":true},{""initial_correspondence_fraction"":1.0,""magnitude_m"":0.1,""pose_recovered"":true},{""initial_correspondence_fraction"":1.0,""magnitude_m"":0.2,""pose_recovered"":true},{""initial_correspondence_fraction"":1.0,""magnitude_m"":0.4,""pose_recovered"":true},{""initial_correspondence_fraction"":0.4064053356823759,""magnitude_m"":0.8,""pose_recovered"":true},{""initial_correspondence_fraction"":0.22336877870760713,""magnitude_m"":1.2,""pose_recovered"":true},{""initial_correspondence_fraction"":0.2098408104196816,""magnitude_m"":1.6,""pose_recovered"":true},{""initial_correspondence_fraction"":0.272195306109608,""magnitude_m"":2.4,""pose_recovered"":false},{""initial_correspondence_fraction"":0.46158686214056505,""magnitude_m"":3.2,""pose_recovered"":false},{""initial_correspondence_fraction"":0.00880890958283521,""magnitude_m"":4.8,""pose_recovered"":false},{""initial_correspondence_fraction"":0.0003775246964072233,""magnitude_m"":6.4,""pose_recovered"":false}]",true,true,false,false,UNRESOLVED
W_TEST_01,Weak,W_TEST_01_Q06,pcl,weak,-1,1.6,2.4,1.725,1.75,1.7375,0.02499999999999991,5,false,false,false,false,false,0.9489712452022904,0.9483420373749449,false,"[{""initial_correspondence_fraction"":1.0,""magnitude_m"":0.05,""pose_recovered"":true},{""initial_correspondence_fraction"":1.0,""magnitude_m"":0.1,""pose_recovered"":true},{""initial_correspondence_fraction"":1.0,""magnitude_m"":0.2,""pose_recovered"":true},{""initial_correspondence_fraction"":1.0,""magnitude_m"":0.4,""pose_recovered"":true},{""initial_correspondence_fraction"":0.9709935191593784,""magnitude_m"":0.8,""pose_recovered"":true},{""initial_correspondence_fraction"":0.9582206002642673,""magnitude_m"":1.2,""pose_recovered"":true},{""initial_correspondence_fraction"":0.9511734725979991,""magnitude_m"":1.6,""pose_recovered"":true},{""initial_correspondence_fraction"":0.9456993645000944,""magnitude_m"":2.4,""pose_recovered"":false},{""initial_correspondence_fraction"":0.9437488202353237,""magnitude_m"":3.2,""pose_recovered"":false},{""initial_correspondence_fraction"":0.9326747624740451,""magnitude_m"":4.8,""pose_recovered"":false},{""initial_correspondence_fraction"":0.9236141697602718,""magnitude_m"":6.4,""pose_recovered"":false}]",true,true,false,false,UNRESOLVED
W_TEST_01,Weak,W_TEST_01_Q06,pcl,weak,1,1.6,2.4,1.75,1.775,1.7625,0.02499999999999991,5,false,false,false,false,false,0.9538790662555843,0.9542565909519914,false,"[{""initial_correspondence_fraction"":1.0,""magnitude_m"":0.05,""pose_recovered"":true},{""initial_correspondence_fraction"":1.0,""magnitude_m"":0.1,""pose_recovered"":true},{""initial_correspondence_fraction"":1.0,""magnitude_m"":0.2,""pose_recovered"":true},{""initial_correspondence_fraction"":1.0,""magnitude_m"":0.4,""pose_recovered"":true},{""initial_correspondence_fraction"":0.9777889636947084,""magnitude_m"":0.8,""pose_recovered"":true},{""initial_correspondence_fraction"":0.96602277732335,""magnitude_m"":1.2,""pose_recovered"":true},{""initial_correspondence_fraction"":0.9543824325174605,""magnitude_m"":1.6,""pose_recovered"":true},{""initial_correspondence_fraction"":0.9424904045806329,""magnitude_m"":2.4,""pose_recovered"":false},{""initial_correspondence_fraction"":0.9385893160510916,""magnitude_m"":3.2,""pose_recovered"":false},{""initial_correspondence_fraction"":0.9434971371043855,""magnitude_m"":4.8,""pose_recovered"":false},{""initial_correspondence_fraction"":0.9464544138929089,""magnitude_m"":6.4,""pose_recovered"":false}]",true,true,false,false,UNRESOLVED
W_TEST_01,Weak,W_TEST_01_Q07,open3d,strong,-1,1.6,2.4,2.1500000000000004,2.1750000000000003,2.1625000000000005,0.02499999999999991,5,false,false,false,false,false,0.21150581578120087,0.22357749135491983,false,"[{""initial_correspondence_fraction"":1.0,""magnitude_m"":0.05,""pose_recovered"":true},{""initial_correspondence_fraction"":1.0,""magnitude_m"":0.1,""pose_recovered"":true},{""initial_correspondence_fraction"":1.0,""magnitude_m"":0.2,""pose_recovered"":true},{""initial_correspondence_fraction"":1.0,""magnitude_m"":0.4,""pose_recovered"":true},{""initial_correspondence_fraction"":0.32907890600440115,""magnitude_m"":0.8,""pose_recovered"":true},{""initial_correspondence_fraction"":0.2269726501100283,""magnitude_m"":1.2,""pose_recovered"":true},{""initial_correspondence_fraction"":0.2009430996541968,""magnitude_m"":1.6,""pose_recovered"":true},{""initial_correspondence_fraction"":0.26551398931153725,""magnitude_m"":2.4,""pose_recovered"":false},{""initial_correspondence_fraction"":0.45407104684061617,""magnitude_m"":3.2,""pose_recovered"":false},{""initial_correspondence_fraction"":0.02364036466519962,""magnitude_m"":4.8,""pose_recovered"":false},{""initial_correspondence_fraction"":0.007481923923294561,""magnitude_m"":6.4,""pose_recovered"":false}]",true,true,false,false,UNRESOLVED
W_TEST_01,Weak,W_TEST_01_Q07,open3d,strong,1,1.6,2.4,2.025,2.05,2.0374999999999996,0.02499999999999991,5,false,false,false,false,false,0.19528450172901604,0.19339830242062245,false,"[{""initial_correspondence_fraction"":1.0,""magnitude_m"":0.05,""pose_recovered"":true},{""initial_correspondence_fraction"":1.0,""magnitude_m"":0.1,""pose_recovered"":true},{""initial_correspondence_fraction"":1.0,""magnitude_m"":0.2,""pose_recovered"":true},{""initial_correspondence_fraction"":0.9999371266897202,""magnitude_m"":0.4,""pose_recovered"":true},{""initial_correspondence_fraction"":0.40427538509902544,""magnitude_m"":0.8,""pose_recovered"":true},{""initial_correspondence_fraction"":0.22320025149324113,""magnitude_m"":1.2,""pose_recovered"":true},{""initial_correspondence_fraction"":0.2046526249607042,""magnitude_m"":1.6,""pose_recovered"":true},{""initial_correspondence_fraction"":0.2650738761395787,""magnitude_m"":2.4,""pose_recovered"":false},{""initial_correspondence_fraction"":0.4547626532536938,""magnitude_m"":3.2,""pose_recovered"":false},{""initial_correspondence_fraction"":0.012386042125117888,""magnitude_m"":4.8,""pose_recovered"":false},{""initial_correspondence_fraction"":0.0002514932411191449,""magnitude_m"":6.4,""pose_recovered"":false}]",true,true,false,false,UNRESOLVED
W_TEST_01,Weak,W_TEST_01_Q07,open3d,weak,-1,1.6,2.4,1.625,1.6500000000000001,1.6375000000000002,0.025000000000000133,5,false,false,false,false,false,0.951776171015404,0.9514618044640051,false,"[{""initial_correspondence_fraction"":1.0,""magnitude_m"":0.05,""pose_recovered"":true},{""initial_correspondence_fraction"":1.0,""magnitude_m"":0.1,""pose_recovered"":true},{""initial_correspondence_fraction"":1.0,""magnitude_m"":0.2,""pose_recovered"":true},{""initial_correspondence_fraction"":1.0,""magnitude_m"":0.4,""pose_recovered"":true},{""initial_correspondence_fraction"":0.971769883684376,""magnitude_m"":0.8,""pose_recovered"":true},{""initial_correspondence_fraction"":0.9555485696321911,""magnitude_m"":1.2,""pose_recovered"":true},{""initial_correspondence_fraction"":0.9518390443256838,""magnitude_m"":1.6,""pose_recovered"":true},{""initial_correspondence_fraction"":0.9450487268154668,""magnitude_m"":2.4,""pose_recovered"":false},{""initial_correspondence_fraction"":0.9436655139893115,""magnitude_m"":3.2,""pose_recovered"":false},{""initial_correspondence_fraction"":0.9287645394530022,""magnitude_m"":4.8,""pose_recovered"":false},{""initial_correspondence_fraction"":0.9265639735932096,""magnitude_m"":6.4,""pose_recovered"":false}]",true,true,false,false,UNRESOLVED
W_TEST_01,Weak,W_TEST_01_Q07,open3d,weak,1,1.6,2.4,1.85,1.875,1.8625,0.02499999999999991,5,false,false,false,false,false,0.9466834328827413,0.9450487268154668,false,"[{""initial_correspondence_fraction"":1.0,""magnitude_m"":0.05,""pose_recovered"":true},{""initial_correspondence_fraction"":1.0,""magnitude_m"":0.1,""pose_recovered"":true},{""initial_correspondence_fraction"":1.0,""magnitude_m"":0.2,""pose_recovered"":true},{""initial_correspondence_fraction"":1.0,""magnitude_m"":0.4,""pose_recovered"":true},{""initial_correspondence_fraction"":0.9749135491983653,""magnitude_m"":0.8,""pose_recovered"":true},{""initial_correspondence_fraction"":0.9667400188619931,""magnitude_m"":1.2,""pose_recovered"":true},{""initial_correspondence_fraction"":0.9553599497013517,""magnitude_m"":1.6,""pose_recovered"":true},{""initial_correspondence_fraction"":0.9383841559258095,""magnitude_m"":2.4,""pose_recovered"":false},{""initial_correspondence_fraction"":0.9371266897202137,""magnitude_m"":3.2,""pose_recovered"":false},{""initial_correspondence_fraction"":0.9487582521219742,""magnitude_m"":4.8,""pose_recovered"":false},{""initial_correspondence_fraction"":0.9590694750078592,""magnitude_m"":6.4,""pose_recovered"":false}]",true,true,false,false,UNRESOLVED
W_TEST_01,Weak,W_TEST_01_Q07,pcl,strong,-1,1.6,2.4,2.1500000000000004,2.1750000000000003,2.1625000000000005,0.02499999999999991,5,false,false,false,false,false,0.21150581578120087,0.22357749135491983,false,"[{""initial_correspondence_fraction"":1.0,""magnitude_m"":0.05,""pose_recovered"":true},{""initial_correspondence_fraction"":1.0,""magnitude_m"":0.1,""pose_recovered"":true},{""initial_correspondence_fraction"":1.0,""magnitude_m"":0.2,""pose_recovered"":true},{""initial_correspondence_fraction"":1.0,""magnitude_m"":0.4,""pose_recovered"":true},{""initial_correspondence_fraction"":0.32907890600440115,""magnitude_m"":0.8,""pose_recovered"":true},{""initial_correspondence_fraction"":0.2269726501100283,""magnitude_m"":1.2,""pose_recovered"":true},{""initial_correspondence_fraction"":0.2009430996541968,""magnitude_m"":1.6,""pose_recovered"":true},{""initial_correspondence_fraction"":0.26551398931153725,""magnitude_m"":2.4,""pose_recovered"":false},{""initial_correspondence_fraction"":0.45407104684061617,""magnitude_m"":3.2,""pose_recovered"":false},{""initial_correspondence_fraction"":0.02364036466519962,""magnitude_m"":4.8,""pose_recovered"":false},{""initial_correspondence_fraction"":0.007481923923294561,""magnitude_m"":6.4,""pose_recovered"":false}]",true,true,false,false,UNRESOLVED
W_TEST_01,Weak,W_TEST_01_Q07,pcl,strong,1,1.6,2.4,2.0,2.025,2.0125,0.02499999999999991,5,false,false,false,false,false,0.19515875510845646,0.19528450172901604,false,"[{""initial_correspondence_fraction"":1.0,""magnitude_m"":0.05,""pose_recovered"":true},{""initial_correspondence_fraction"":1.0,""magnitude_m"":0.1,""pose_recovered"":true},{""initial_correspondence_fraction"":1.0,""magnitude_m"":0.2,""pose_recovered"":true},{""initial_correspondence_fraction"":0.9999371266897202,""magnitude_m"":0.4,""pose_recovered"":true},{""initial_correspondence_fraction"":0.40427538509902544,""magnitude_m"":0.8,""pose_recovered"":true},{""initial_correspondence_fraction"":0.22320025149324113,""magnitude_m"":1.2,""pose_recovered"":true},{""initial_correspondence_fraction"":0.2046526249607042,""magnitude_m"":1.6,""pose_recovered"":true},{""initial_correspondence_fraction"":0.2650738761395787,""magnitude_m"":2.4,""pose_recovered"":false},{""initial_correspondence_fraction"":0.4547626532536938,""magnitude_m"":3.2,""pose_recovered"":false},{""initial_correspondence_fraction"":0.012386042125117888,""magnitude_m"":4.8,""pose_recovered"":false},{""initial_correspondence_fraction"":0.0002514932411191449,""magnitude_m"":6.4,""pose_recovered"":false}]",true,true,false,false,UNRESOLVED
W_TEST_01,Weak,W_TEST_01_Q07,pcl,weak,-1,1.6,2.4,1.6,1.625,1.6125,0.02499999999999991,5,false,false,false,false,false,0.9518390443256838,0.951776171015404,false,"[{""initial_correspondence_fraction"":1.0,""magnitude_m"":0.05,""pose_recovered"":true},{""initial_correspondence_fraction"":1.0,""magnitude_m"":0.1,""pose_recovered"":true},{""initial_correspondence_fraction"":1.0,""magnitude_m"":0.2,""pose_recovered"":true},{""initial_correspondence_fraction"":1.0,""magnitude_m"":0.4,""pose_recovered"":true},{""initial_correspondence_fraction"":0.971769883684376,""magnitude_m"":0.8,""pose_recovered"":true},{""initial_correspondence_fraction"":0.9555485696321911,""magnitude_m"":1.2,""pose_recovered"":true},{""initial_correspondence_fraction"":0.9518390443256838,""magnitude_m"":1.6,""pose_recovered"":true},{""initial_correspondence_fraction"":0.9450487268154668,""magnitude_m"":2.4,""pose_recovered"":false},{""initial_correspondence_fraction"":0.9436655139893115,""magnitude_m"":3.2,""pose_recovered"":false},{""initial_correspondence_fraction"":0.9287645394530022,""magnitude_m"":4.8,""pose_recovered"":false},{""initial_correspondence_fraction"":0.9265639735932096,""magnitude_m"":6.4,""pose_recovered"":false}]",true,true,false,false,UNRESOLVED
W_TEST_01,Weak,W_TEST_01_Q07,pcl,weak,1,1.6,2.4,1.875,1.9,1.8875,0.02499999999999991,5,false,false,false,false,false,0.9450487268154668,0.9437283872995913,false,"[{""initial_correspondence_fraction"":1.0,""magnitude_m"":0.05,""pose_recovered"":true},{""initial_correspondence_fraction"":1.0,""magnitude_m"":0.1,""pose_recovered"":true},{""initial_correspondence_fraction"":1.0,""magnitude_m"":0.2,""pose_recovered"":true},{""initial_correspondence_fraction"":1.0,""magnitude_m"":0.4,""pose_recovered"":true},{""initial_correspondence_fraction"":0.9749135491983653,""magnitude_m"":0.8,""pose_recovered"":true},{""initial_correspondence_fraction"":0.9667400188619931,""magnitude_m"":1.2,""pose_recovered"":true},{""initial_correspondence_fraction"":0.9553599497013517,""magnitude_m"":1.6,""pose_recovered"":true},{""initial_correspondence_fraction"":0.9383841559258095,""magnitude_m"":2.4,""pose_recovered"":false},{""initial_correspondence_fraction"":0.9371266897202137,""magnitude_m"":3.2,""pose_recovered"":false},{""initial_correspondence_fraction"":0.9487582521219742,""magnitude_m"":4.8,""pose_recovered"":false},{""initial_correspondence_fraction"":0.9590694750078592,""magnitude_m"":6.4,""pose_recovered"":false}]",true,true,false,false,UNRESOLVED
W_TEST_01,Weak,W_TEST_01_Q08,open3d,strong,-1,1.6,2.4,2.1500000000000004,2.1750000000000003,2.1625000000000005,0.02499999999999991,5,false,false,false,false,false,0.21283489096573208,0.22423676012461058,false,"[{""initial_correspondence_fraction"":1.0,""magnitude_m"":0.05,""pose_recovered"":true},{""initial_correspondence_fraction"":1.0,""magnitude_m"":0.1,""pose_recovered"":true},{""initial_correspondence_fraction"":1.0,""magnitude_m"":0.2,""pose_recovered"":true},{""initial_correspondence_fraction"":1.0,""magnitude_m"":0.4,""pose_recovered"":true},{""initial_correspondence_fraction"":0.3327725856697819,""magnitude_m"":0.8,""pose_recovered"":true},{""initial_correspondence_fraction"":0.22672897196261682,""magnitude_m"":1.2,""pose_recovered"":true},{""initial_correspondence_fraction"":0.20118380062305297,""magnitude_m"":1.6,""pose_recovered"":true},{""initial_correspondence_fraction"":0.26529595015576324,""magnitude_m"":2.4,""pose_recovered"":false},{""initial_correspondence_fraction"":0.4477881619937695,""magnitude_m"":3.2,""pose_recovered"":false},{""initial_correspondence_fraction"":0.024361370716510903,""magnitude_m"":4.8,""pose_recovered"":false},{""initial_correspondence_fraction"":0.0076012461059190035,""magnitude_m"":6.4,""pose_recovered"":false}]",true,true,false,false,UNRESOLVED
W_TEST_01,Weak,W_TEST_01_Q08,open3d,strong,1,1.6,2.4,2.05,2.075,2.0625,0.025000000000000355,5,false,false,false,false,false,0.19657320872274142,0.19557632398753894,false,"[{""initial_correspondence_fraction"":1.0,""magnitude_m"":0.05,""pose_recovered"":true},{""initial_correspondence_fraction"":1.0,""magnitude_m"":0.1,""pose_recovered"":true},{""initial_correspondence_fraction"":1.0,""magnitude_m"":0.2,""pose_recovered"":true},{""initial_correspondence_fraction"":1.0,""magnitude_m"":0.4,""pose_recovered"":true},{""initial_correspondence_fraction"":0.4109657320872274,""magnitude_m"":0.8,""pose_recovered"":true},{""initial_correspondence_fraction"":0.22629283489096574,""magnitude_m"":1.2,""pose_recovered"":true},{""initial_correspondence_fraction"":0.20654205607476636,""magnitude_m"":1.6,""pose_recovered"":true},{""initial_correspondence_fraction"":0.26853582554517136,""magnitude_m"":2.4,""pose_recovered"":false},{""initial_correspondence_fraction"":0.45819314641744546,""magnitude_m"":3.2,""pose_recovered"":false},{""initial_correspondence_fraction"":0.012087227414330218,""magnitude_m"":4.8,""pose_recovered"":false},{""initial_correspondence_fraction"":0.00018691588785046728,""magnitude_m"":6.4,""pose_recovered"":false}]",true,true,false,false,UNRESOLVED
W_TEST_01,Weak,W_TEST_01_Q08,open3d,weak,-1,1.6,2.4,1.975,2.0,1.9875,0.02499999999999991,5,false,false,false,false,false,0.9487227414330218,0.9484112149532711,false,"[{""initial_correspondence_fraction"":1.0,""magnitude_m"":0.05,""pose_recovered"":true},{""initial_correspondence_fraction"":1.0,""magnitude_m"":0.1,""pose_recovered"":true},{""initial_correspondence_fraction"":1.0,""magnitude_m"":0.2,""pose_recovered"":true},{""initial_correspondence_fraction"":1.0,""magnitude_m"":0.4,""pose_recovered"":true},{""initial_correspondence_fraction"":0.9689719626168224,""magnitude_m"":0.8,""pose_recovered"":true},{""initial_correspondence_fraction"":0.9519626168224299,""magnitude_m"":1.2,""pose_recovered"":true},{""initial_correspondence_fraction"":0.9484112149532711,""magnitude_m"":1.6,""pose_recovered"":true},{""initial_correspondence_fraction"":0.9440498442367601,""magnitude_m"":2.4,""pose_recovered"":false},{""initial_correspondence_fraction"":0.9403115264797508,""magnitude_m"":3.2,""pose_recovered"":false},{""initial_correspondence_fraction"":0.9281619937694704,""magnitude_m"":4.8,""pose_recovered"":false},{""initial_correspondence_fraction"":0.9241744548286605,""magnitude_m"":6.4,""pose_recovered"":false}]",true,true,false,false,UNRESOLVED
W_TEST_01,Weak,W_TEST_01_Q08,open3d,weak,1,1.6,2.4,1.85,1.875,1.8625,0.02499999999999991,5,false,false,false,false,false,0.9454828660436138,0.9436137071651091,false,"[{""initial_correspondence_fraction"":1.0,""magnitude_m"":0.05,""pose_recovered"":true},{""initial_correspondence_fraction"":1.0,""magnitude_m"":0.1,""pose_recovered"":true},{""initial_correspondence_fraction"":1.0,""magnitude_m"":0.2,""pose_recovered"":true},{""initial_correspondence_fraction"":1.0,""magnitude_m"":0.4,""pose_recovered"":true},{""initial_correspondence_fraction"":0.9725856697819315,""magnitude_m"":0.8,""pose_recovered"":true},{""initial_correspondence_fraction"":0.9654828660436137,""magnitude_m"":1.2,""pose_recovered"":true},{""initial_correspondence_fraction"":0.9547040498442367,""magnitude_m"":1.6,""pose_recovered"":true},{""initial_correspondence_fraction"":0.935576323987539,""magnitude_m"":2.4,""pose_recovered"":false},{""initial_correspondence_fraction"":0.9353271028037383,""magnitude_m"":3.2,""pose_recovered"":false},{""initial_correspondence_fraction"":0.94398753894081,""magnitude_m"":4.8,""pose_recovered"":false},{""initial_correspondence_fraction"":0.9466043613707165,""magnitude_m"":6.4,""pose_recovered"":false}]",true,true,false,false,UNRESOLVED
W_TEST_01,Weak,W_TEST_01_Q08,pcl,strong,-1,1.6,2.4,2.1750000000000003,2.2,2.1875,0.02499999999999991,5,false,false,false,false,false,0.22423676012461058,0.23538940809968847,false,"[{""initial_correspondence_fraction"":1.0,""magnitude_m"":0.05,""pose_recovered"":true},{""initial_correspondence_fraction"":1.0,""magnitude_m"":0.1,""pose_recovered"":true},{""initial_correspondence_fraction"":1.0,""magnitude_m"":0.2,""pose_recovered"":true},{""initial_correspondence_fraction"":1.0,""magnitude_m"":0.4,""pose_recovered"":true},{""initial_correspondence_fraction"":0.3327725856697819,""magnitude_m"":0.8,""pose_recovered"":true},{""initial_correspondence_fraction"":0.22672897196261682,""magnitude_m"":1.2,""pose_recovered"":true},{""initial_correspondence_fraction"":0.20118380062305297,""magnitude_m"":1.6,""pose_recovered"":true},{""initial_correspondence_fraction"":0.26529595015576324,""magnitude_m"":2.4,""pose_recovered"":false},{""initial_correspondence_fraction"":0.4477881619937695,""magnitude_m"":3.2,""pose_recovered"":false},{""initial_correspondence_fraction"":0.024361370716510903,""magnitude_m"":4.8,""pose_recovered"":false},{""initial_correspondence_fraction"":0.0076012461059190035,""magnitude_m"":6.4,""pose_recovered"":false}]",true,true,false,false,UNRESOLVED
W_TEST_01,Weak,W_TEST_01_Q08,pcl,strong,1,1.6,2.4,2.025,2.05,2.0374999999999996,0.02499999999999991,5,false,false,false,false,false,0.19769470404984424,0.19657320872274142,false,"[{""initial_correspondence_fraction"":1.0,""magnitude_m"":0.05,""pose_recovered"":true},{""initial_correspondence_fraction"":1.0,""magnitude_m"":0.1,""pose_recovered"":true},{""initial_correspondence_fraction"":1.0,""magnitude_m"":0.2,""pose_recovered"":true},{""initial_correspondence_fraction"":1.0,""magnitude_m"":0.4,""pose_recovered"":true},{""initial_correspondence_fraction"":0.4109657320872274,""magnitude_m"":0.8,""pose_recovered"":true},{""initial_correspondence_fraction"":0.22629283489096574,""magnitude_m"":1.2,""pose_recovered"":true},{""initial_correspondence_fraction"":0.20654205607476636,""magnitude_m"":1.6,""pose_recovered"":true},{""initial_correspondence_fraction"":0.26853582554517136,""magnitude_m"":2.4,""pose_recovered"":false},{""initial_correspondence_fraction"":0.45819314641744546,""magnitude_m"":3.2,""pose_recovered"":false},{""initial_correspondence_fraction"":0.012087227414330218,""magnitude_m"":4.8,""pose_recovered"":false},{""initial_correspondence_fraction"":0.00018691588785046728,""magnitude_m"":6.4,""pose_recovered"":false}]",true,true,false,false,UNRESOLVED
W_TEST_01,Weak,W_TEST_01_Q08,pcl,weak,-1,1.6,2.4,1.75,1.775,1.7625,0.02499999999999991,5,false,false,false,false,false,0.9487227414330218,0.9491588785046728,false,"[{""initial_correspondence_fraction"":1.0,""magnitude_m"":0.05,""pose_recovered"":true},{""initial_correspondence_fraction"":1.0,""magnitude_m"":0.1,""pose_recovered"":true},{""initial_correspondence_fraction"":1.0,""magnitude_m"":0.2,""pose_recovered"":true},{""initial_correspondence_fraction"":1.0,""magnitude_m"":0.4,""pose_recovered"":true},{""initial_correspondence_fraction"":0.9689719626168224,""magnitude_m"":0.8,""pose_recovered"":true},{""initial_correspondence_fraction"":0.9519626168224299,""magnitude_m"":1.2,""pose_recovered"":true},{""initial_correspondence_fraction"":0.9484112149532711,""magnitude_m"":1.6,""pose_recovered"":true},{""initial_correspondence_fraction"":0.9440498442367601,""magnitude_m"":2.4,""pose_recovered"":false},{""initial_correspondence_fraction"":0.9403115264797508,""magnitude_m"":3.2,""pose_recovered"":false},{""initial_correspondence_fraction"":0.9281619937694704,""magnitude_m"":4.8,""pose_recovered"":false},{""initial_correspondence_fraction"":0.9241744548286605,""magnitude_m"":6.4,""pose_recovered"":false}]",true,true,false,false,UNRESOLVED
W_TEST_01,Weak,W_TEST_01_Q08,pcl,weak,1,1.6,2.4,1.9,1.9249999999999998,1.9124999999999999,0.02499999999999991,5,false,false,false,false,false,0.9423052959501558,0.9408722741433022,false,"[{""initial_correspondence_fraction"":1.0,""magnitude_m"":0.05,""pose_recovered"":true},{""initial_correspondence_fraction"":1.0,""magnitude_m"":0.1,""pose_recovered"":true},{""initial_correspondence_fraction"":1.0,""magnitude_m"":0.2,""pose_recovered"":true},{""initial_correspondence_fraction"":1.0,""magnitude_m"":0.4,""pose_recovered"":true},{""initial_correspondence_fraction"":0.9725856697819315,""magnitude_m"":0.8,""pose_recovered"":true},{""initial_correspondence_fraction"":0.9654828660436137,""magnitude_m"":1.2,""pose_recovered"":true},{""initial_correspondence_fraction"":0.9547040498442367,""magnitude_m"":1.6,""pose_recovered"":true},{""initial_correspondence_fraction"":0.935576323987539,""magnitude_m"":2.4,""pose_recovered"":false},{""initial_correspondence_fraction"":0.9353271028037383,""magnitude_m"":3.2,""pose_recovered"":false},{""initial_correspondence_fraction"":0.94398753894081,""magnitude_m"":4.8,""pose_recovered"":false},{""initial_correspondence_fraction"":0.9466043613707165,""magnitude_m"":6.4,""pose_recovered"":false}]",true,true,false,false,UNRESOLVED
W_TEST_01,Weak,W_TEST_01_Q09,open3d,strong,-1,1.6,2.4,2.1500000000000004,2.1750000000000003,2.1625000000000005,0.02499999999999991,5,false,false,false,false,false,0.21700056169256693,0.2309180552955127,false,"[{""initial_correspondence_fraction"":1.0,""magnitude_m"":0.05,""pose_recovered"":true},{""initial_correspondence_fraction"":1.0,""magnitude_m"":0.1,""pose_recovered"":true},{""initial_correspondence_fraction"":1.0,""magnitude_m"":0.2,""pose_recovered"":true},{""initial_correspondence_fraction"":1.0,""magnitude_m"":0.4,""pose_recovered"":true},{""initial_correspondence_fraction"":0.33370779504462333,""magnitude_m"":0.8,""pose_recovered"":true},{""initial_correspondence_fraction"":0.2254883604818074,""magnitude_m"":1.2,""pose_recovered"":true},{""initial_correspondence_fraction"":0.20458091493478125,""magnitude_m"":1.6,""pose_recovered"":true},{""initial_correspondence_fraction"":0.2743556138051551,""magnitude_m"":2.4,""pose_recovered"":false},{""initial_correspondence_fraction"":0.45153841353054985,""magnitude_m"":3.2,""pose_recovered"":false},{""initial_correspondence_fraction"":0.024964114086001372,""magnitude_m"":4.8,""pose_recovered"":false},{""initial_correspondence_fraction"":0.007364413655370405,""magnitude_m"":6.4,""pose_recovered"":false}]",true,true,false,false,UNRESOLVED
W_TEST_01,Weak,W_TEST_01_Q09,open3d,strong,1,1.6,2.4,2.0,2.025,2.0125,0.02499999999999991,5,false,false,false,false,false,0.19415839730387568,0.1925981401735006,false,"[{""initial_correspondence_fraction"":1.0,""magnitude_m"":0.05,""pose_recovered"":true},{""initial_correspondence_fraction"":1.0,""magnitude_m"":0.1,""pose_recovered"":true},{""initial_correspondence_fraction"":1.0,""magnitude_m"":0.2,""pose_recovered"":true},{""initial_correspondence_fraction"":1.0,""magnitude_m"":0.4,""pose_recovered"":true},{""initial_correspondence_fraction"":0.4109093178555826,""magnitude_m"":0.8,""pose_recovered"":true},{""initial_correspondence_fraction"":0.2233664107844973,""magnitude_m"":1.2,""pose_recovered"":true},{""initial_correspondence_fraction"":0.20483055607564127,""magnitude_m"":1.6,""pose_recovered"":true},{""initial_correspondence_fraction"":0.272233664107845,""magnitude_m"":2.4,""pose_recovered"":false},{""initial_correspondence_fraction"":0.46071272545715536,""magnitude_m"":3.2,""pose_recovered"":false},{""initial_correspondence_fraction"":0.008862260500530487,""magnitude_m"":4.8,""pose_recovered"":false},{""initial_correspondence_fraction"":0.00031205142607501716,""magnitude_m"":6.4,""pose_recovered"":false}]",true,true,false,false,UNRESOLVED
W_TEST_01,Weak,W_TEST_01_Q09,open3d,weak,-1,1.6,2.4,2.05,2.075,2.0625,0.025000000000000355,5,false,false,false,false,false,0.9433938713099919,0.9430194095987019,false,"[{""initial_correspondence_fraction"":1.0,""magnitude_m"":0.05,""pose_recovered"":true},{""initial_correspondence_fraction"":1.0,""magnitude_m"":0.1,""pose_recovered"":true},{""initial_correspondence_fraction"":1.0,""magnitude_m"":0.2,""pose_recovered"":true},{""initial_correspondence_fraction"":1.0,""magnitude_m"":0.4,""pose_recovered"":true},{""initial_correspondence_fraction"":0.9698558322411533,""magnitude_m"":0.8,""pose_recovered"":true},{""initial_correspondence_fraction"":0.9576234163390127,""magnitude_m"":1.2,""pose_recovered"":true},{""initial_correspondence_fraction"":0.9508831055357923,""magnitude_m"":1.6,""pose_recovered"":true},{""initial_correspondence_fraction"":0.9403357673344567,""magnitude_m"":2.4,""pose_recovered"":false},{""initial_correspondence_fraction"":0.9411471010422517,""magnitude_m"":3.2,""pose_recovered"":false},{""initial_correspondence_fraction"":0.9297260188479062,""magnitude_m"":4.8,""pose_recovered"":false},{""initial_correspondence_fraction"":0.9250452474567809,""magnitude_m"":6.4,""pose_recovered"":false}]",true,true,false,false,UNRESOLVED
W_TEST_01,Weak,W_TEST_01_Q09,open3d,weak,1,1.6,2.4,1.75,1.775,1.7625,0.02499999999999991,5,false,false,false,false,false,0.9536291580852525,0.9536291580852525,false,"[{""initial_correspondence_fraction"":1.0,""magnitude_m"":0.05,""pose_recovered"":true},{""initial_correspondence_fraction"":1.0,""magnitude_m"":0.1,""pose_recovered"":true},{""initial_correspondence_fraction"":1.0,""magnitude_m"":0.2,""pose_recovered"":true},{""initial_correspondence_fraction"":0.999937589714785,""magnitude_m"":0.4,""pose_recovered"":true},{""initial_correspondence_fraction"":0.9763465019035137,""magnitude_m"":0.8,""pose_recovered"":true},{""initial_correspondence_fraction"":0.9656743431317482,""magnitude_m"":1.2,""pose_recovered"":true},{""initial_correspondence_fraction"":0.9540036197965425,""magnitude_m"":1.6,""pose_recovered"":true},{""initial_correspondence_fraction"":0.9435811021656368,""magnitude_m"":2.4,""pose_recovered"":false},{""initial_correspondence_fraction"":0.9420832553204768,""magnitude_m"":3.2,""pose_recovered"":false},{""initial_correspondence_fraction"":0.9505710541097173,""magnitude_m"":4.8,""pose_recovered"":false},{""initial_correspondence_fraction"":0.9486987455532672,""magnitude_m"":6.4,""pose_recovered"":false}]",true,true,false,false,UNRESOLVED
W_TEST_01,Weak,W_TEST_01_Q09,pcl,strong,-1,1.6,2.4,2.1500000000000004,2.1750000000000003,2.1625000000000005,0.02499999999999991,5,false,false,false,false,false,0.21700056169256693,0.2309180552955127,false,"[{""initial_correspondence_fraction"":1.0,""magnitude_m"":0.05,""pose_recovered"":true},{""initial_correspondence_fraction"":1.0,""magnitude_m"":0.1,""pose_recovered"":true},{""initial_correspondence_fraction"":1.0,""magnitude_m"":0.2,""pose_recovered"":true},{""initial_correspondence_fraction"":1.0,""magnitude_m"":0.4,""pose_recovered"":true},{""initial_correspondence_fraction"":0.33370779504462333,""magnitude_m"":0.8,""pose_recovered"":true},{""initial_correspondence_fraction"":0.2254883604818074,""magnitude_m"":1.2,""pose_recovered"":true},{""initial_correspondence_fraction"":0.20458091493478125,""magnitude_m"":1.6,""pose_recovered"":true},{""initial_correspondence_fraction"":0.2743556138051551,""magnitude_m"":2.4,""pose_recovered"":false},{""initial_correspondence_fraction"":0.45153841353054985,""magnitude_m"":3.2,""pose_recovered"":false},{""initial_correspondence_fraction"":0.024964114086001372,""magnitude_m"":4.8,""pose_recovered"":false},{""initial_correspondence_fraction"":0.007364413655370405,""magnitude_m"":6.4,""pose_recovered"":false}]",true,true,false,false,UNRESOLVED
W_TEST_01,Weak,W_TEST_01_Q09,pcl,strong,1,1.6,2.4,1.975,2.0,1.9875,0.02499999999999991,5,false,false,false,false,false,0.1944704487299507,0.19415839730387568,false,"[{""initial_correspondence_fraction"":1.0,""magnitude_m"":0.05,""pose_recovered"":true},{""initial_correspondence_fraction"":1.0,""magnitude_m"":0.1,""pose_recovered"":true},{""initial_correspondence_fraction"":1.0,""magnitude_m"":0.2,""pose_recovered"":true},{""initial_correspondence_fraction"":1.0,""magnitude_m"":0.4,""pose_recovered"":true},{""initial_correspondence_fraction"":0.4109093178555826,""magnitude_m"":0.8,""pose_recovered"":true},{""initial_correspondence_fraction"":0.2233664107844973,""magnitude_m"":1.2,""pose_recovered"":true},{""initial_correspondence_fraction"":0.20483055607564127,""magnitude_m"":1.6,""pose_recovered"":true},{""initial_correspondence_fraction"":0.272233664107845,""magnitude_m"":2.4,""pose_recovered"":false},{""initial_correspondence_fraction"":0.46071272545715536,""magnitude_m"":3.2,""pose_recovered"":false},{""initial_correspondence_fraction"":0.008862260500530487,""magnitude_m"":4.8,""pose_recovered"":false},{""initial_correspondence_fraction"":0.00031205142607501716,""magnitude_m"":6.4,""pose_recovered"":false}]",true,true,false,false,UNRESOLVED
W_TEST_01,Weak,W_TEST_01_Q09,pcl,weak,-1,1.6,2.4,1.95,1.975,1.9625,0.025000000000000133,5,false,false,false,false,false,0.944766897584722,0.9438931535917119,false,"[{""initial_correspondence_fraction"":1.0,""magnitude_m"":0.05,""pose_recovered"":true},{""initial_correspondence_fraction"":1.0,""magnitude_m"":0.1,""pose_recovered"":true},{""initial_correspondence_fraction"":1.0,""magnitude_m"":0.2,""pose_recovered"":true},{""initial_correspondence_fraction"":1.0,""magnitude_m"":0.4,""pose_recovered"":true},{""initial_correspondence_fraction"":0.9698558322411533,""magnitude_m"":0.8,""pose_recovered"":true},{""initial_correspondence_fraction"":0.9576234163390127,""magnitude_m"":1.2,""pose_recovered"":true},{""initial_correspondence_fraction"":0.9508831055357923,""magnitude_m"":1.6,""pose_recovered"":true},{""initial_correspondence_fraction"":0.9403357673344567,""magnitude_m"":2.4,""pose_recovered"":false},{""initial_correspondence_fraction"":0.9411471010422517,""magnitude_m"":3.2,""pose_recovered"":false},{""initial_correspondence_fraction"":0.9297260188479062,""magnitude_m"":4.8,""pose_recovered"":false},{""initial_correspondence_fraction"":0.9250452474567809,""magnitude_m"":6.4,""pose_recovered"":false}]",true,true,false,false,UNRESOLVED
W_TEST_01,Weak,W_TEST_01_Q09,pcl,weak,1,1.6,2.4,1.8,1.8250000000000002,1.8125,0.025000000000000133,5,false,false,false,false,false,0.9536915683704674,0.9526305935218123,false,"[{""initial_correspondence_fraction"":1.0,""magnitude_m"":0.05,""pose_recovered"":true},{""initial_correspondence_fraction"":1.0,""magnitude_m"":0.1,""pose_recovered"":true},{""initial_correspondence_fraction"":1.0,""magnitude_m"":0.2,""pose_recovered"":true},{""initial_correspondence_fraction"":0.999937589714785,""magnitude_m"":0.4,""pose_recovered"":true},{""initial_correspondence_fraction"":0.9763465019035137,""magnitude_m"":0.8,""pose_recovered"":true},{""initial_correspondence_fraction"":0.9656743431317482,""magnitude_m"":1.2,""pose_recovered"":true},{""initial_correspondence_fraction"":0.9540036197965425,""magnitude_m"":1.6,""pose_recovered"":true},{""initial_correspondence_fraction"":0.9435811021656368,""magnitude_m"":2.4,""pose_recovered"":false},{""initial_correspondence_fraction"":0.9420832553204768,""magnitude_m"":3.2,""pose_recovered"":false},{""initial_correspondence_fraction"":0.9505710541097173,""magnitude_m"":4.8,""pose_recovered"":false},{""initial_correspondence_fraction"":0.9486987455532672,""magnitude_m"":6.4,""pose_recovered"":false}]",true,true,false,false,UNRESOLVED
W_TEST_01,Weak,W_TEST_01_Q10,open3d,strong,-1,1.6,2.4,2.1500000000000004,2.1750000000000003,2.1625000000000005,0.02499999999999991,5,false,false,false,false,false,0.21326685180509972,0.22424892703862662,false,"[{""initial_correspondence_fraction"":1.0,""magnitude_m"":0.05,""pose_recovered"":true},{""initial_correspondence_fraction"":1.0,""magnitude_m"":0.1,""pose_recovered"":true},{""initial_correspondence_fraction"":1.0,""magnitude_m"":0.2,""pose_recovered"":true},{""initial_correspondence_fraction"":1.0,""magnitude_m"":0.4,""pose_recovered"":true},{""initial_correspondence_fraction"":0.328957334006564,""magnitude_m"":0.8,""pose_recovered"":true},{""initial_correspondence_fraction"":0.22336531178995203,""magnitude_m"":1.2,""pose_recovered"":true},{""initial_correspondence_fraction"":0.19982327695026508,""magnitude_m"":1.6,""pose_recovered"":true},{""initial_correspondence_fraction"":0.26861903559707145,""magnitude_m"":2.4,""pose_recovered"":false},{""initial_correspondence_fraction"":0.4516536228225196,""magnitude_m"":3.2,""pose_recovered"":false},{""initial_correspondence_fraction"":0.024425650088361527,""magnitude_m"":4.8,""pose_recovered"":false},{""initial_correspondence_fraction"":0.005427922241858117,""magnitude_m"":6.4,""pose_recovered"":false}]",true,true,false,false,UNRESOLVED
W_TEST_01,Weak,W_TEST_01_Q10,open3d,strong,1,1.6,2.4,2.025,2.05,2.0374999999999996,0.02499999999999991,5,false,false,false,false,false,0.19628881595556677,0.19389043170916434,false,"[{""initial_correspondence_fraction"":1.0,""magnitude_m"":0.05,""pose_recovered"":true},{""initial_correspondence_fraction"":1.0,""magnitude_m"":0.1,""pose_recovered"":true},{""initial_correspondence_fraction"":1.0,""magnitude_m"":0.2,""pose_recovered"":true},{""initial_correspondence_fraction"":1.0,""magnitude_m"":0.4,""pose_recovered"":true},{""initial_correspondence_fraction"":0.4004670537742994,""magnitude_m"":0.8,""pose_recovered"":true},{""initial_correspondence_fraction"":0.22077758141883363,""magnitude_m"":1.2,""pose_recovered"":true},{""initial_correspondence_fraction"":0.20727089118909367,""magnitude_m"":1.6,""pose_recovered"":true},{""initial_correspondence_fraction"":0.26628376672557436,""magnitude_m"":2.4,""pose_recovered"":false},{""initial_correspondence_fraction"":0.4589750063115375,""magnitude_m"":3.2,""pose_recovered"":false},{""initial_correspondence_fraction"":0.009719767735420349,""magnitude_m"":4.8,""pose_recovered"":false},{""initial_correspondence_fraction"":0.0004418076243372886,""magnitude_m"":6.4,""pose_recovered"":false}]",true,true,false,false,UNRESOLVED
W_TEST_01,Weak,W_TEST_01_Q10,open3d,weak,-1,1.6,2.4,1.6,1.625,1.6125,0.02499999999999991,5,false,false,false,false,false,0.9529159303206262,0.9526003534460995,false,"[{""initial_correspondence_fraction"":1.0,""magnitude_m"":0.05,""pose_recovered"":true},{""initial_correspondence_fraction"":1.0,""magnitude_m"":0.1,""pose_recovered"":true},{""initial_correspondence_fraction"":1.0,""magnitude_m"":0.2,""pose_recovered"":true},{""initial_correspondence_fraction"":1.0,""magnitude_m"":0.4,""pose_recovered"":true},{""initial_correspondence_fraction"":0.971030042918455,""magnitude_m"":0.8,""pose_recovered"":true},{""initial_correspondence_fraction"":0.9590381216864429,""magnitude_m"":1.2,""pose_recovered"":true},{""initial_correspondence_fraction"":0.9529159303206262,""magnitude_m"":1.6,""pose_recovered"":true},{""initial_correspondence_fraction"":0.9448371623327443,""magnitude_m"":2.4,""pose_recovered"":false},{""initial_correspondence_fraction"":0.9423125473365311,""magnitude_m"":3.2,""pose_recovered"":false},{""initial_correspondence_fraction"":0.9307624337288564,""magnitude_m"":4.8,""pose_recovered"":false},{""initial_correspondence_fraction"":0.921421358242868,""magnitude_m"":6.4,""pose_recovered"":false}]",true,true,false,false,UNRESOLVED
W_TEST_01,Weak,W_TEST_01_Q10,open3d,weak,1,1.6,2.4,1.725,1.75,1.7375,0.02499999999999991,5,false,false,false,false,false,0.9528528149457208,0.9529790456955314,false,"[{""initial_correspondence_fraction"":1.0,""magnitude_m"":0.05,""pose_recovered"":true},{""initial_correspondence_fraction"":1.0,""magnitude_m"":0.1,""pose_recovered"":true},{""initial_correspondence_fraction"":1.0,""magnitude_m"":0.2,""pose_recovered"":true},{""initial_correspondence_fraction"":1.0,""magnitude_m"":0.4,""pose_recovered"":true},{""initial_correspondence_fraction"":0.977215349659177,""magnitude_m"":0.8,""pose_recovered"":true},{""initial_correspondence_fraction"":0.9674324665488513,""magnitude_m"":1.2,""pose_recovered"":true},{""initial_correspondence_fraction"":0.9549356223175965,""magnitude_m"":1.6,""pose_recovered"":true},{""initial_correspondence_fraction"":0.9443322393335016,""magnitude_m"":2.4,""pose_recovered"":false},{""initial_correspondence_fraction"":0.9397879323403181,""magnitude_m"":3.2,""pose_recovered"":false},{""initial_correspondence_fraction"":0.9453420853319868,""magnitude_m"":4.8,""pose_recovered"":false},{""initial_correspondence_fraction"":0.9491290078263065,""magnitude_m"":6.4,""pose_recovered"":false}]",true,true,false,false,UNRESOLVED
W_TEST_01,Weak,W_TEST_01_Q10,pcl,strong,-1,1.6,2.4,2.1500000000000004,2.1750000000000003,2.1625000000000005,0.02499999999999991,5,false,false,false,false,false,0.21326685180509972,0.22424892703862662,false,"[{""initial_correspondence_fraction"":1.0,""magnitude_m"":0.05,""pose_recovered"":true},{""initial_correspondence_fraction"":1.0,""magnitude_m"":0.1,""pose_recovered"":true},{""initial_correspondence_fraction"":1.0,""magnitude_m"":0.2,""pose_recovered"":true},{""initial_correspondence_fraction"":1.0,""magnitude_m"":0.4,""pose_recovered"":true},{""initial_correspondence_fraction"":0.328957334006564,""magnitude_m"":0.8,""pose_recovered"":true},{""initial_correspondence_fraction"":0.22336531178995203,""magnitude_m"":1.2,""pose_recovered"":true},{""initial_correspondence_fraction"":0.19982327695026508,""magnitude_m"":1.6,""pose_recovered"":true},{""initial_correspondence_fraction"":0.26861903559707145,""magnitude_m"":2.4,""pose_recovered"":false},{""initial_correspondence_fraction"":0.4516536228225196,""magnitude_m"":3.2,""pose_recovered"":false},{""initial_correspondence_fraction"":0.024425650088361527,""magnitude_m"":4.8,""pose_recovered"":false},{""initial_correspondence_fraction"":0.005427922241858117,""magnitude_m"":6.4,""pose_recovered"":false}]",true,true,false,false,UNRESOLVED
W_TEST_01,Weak,W_TEST_01_Q10,pcl,strong,1,1.6,2.4,2.0,2.025,2.0125,0.02499999999999991,5,false,false,false,false,false,0.1967937389548094,0.19628881595556677,false,"[{""initial_correspondence_fraction"":1.0,""magnitude_m"":0.05,""pose_recovered"":true},{""initial_correspondence_fraction"":1.0,""magnitude_m"":0.1,""pose_recovered"":true},{""initial_correspondence_fraction"":1.0,""magnitude_m"":0.2,""pose_recovered"":true},{""initial_correspondence_fraction"":1.0,""magnitude_m"":0.4,""pose_recovered"":true},{""initial_correspondence_fraction"":0.4004670537742994,""magnitude_m"":0.8,""pose_recovered"":true},{""initial_correspondence_fraction"":0.22077758141883363,""magnitude_m"":1.2,""pose_recovered"":true},{""initial_correspondence_fraction"":0.20727089118909367,""magnitude_m"":1.6,""pose_recovered"":true},{""initial_correspondence_fraction"":0.26628376672557436,""magnitude_m"":2.4,""pose_recovered"":false},{""initial_correspondence_fraction"":0.4589750063115375,""magnitude_m"":3.2,""pose_recovered"":false},{""initial_correspondence_fraction"":0.009719767735420349,""magnitude_m"":4.8,""pose_recovered"":false},{""initial_correspondence_fraction"":0.0004418076243372886,""magnitude_m"":6.4,""pose_recovered"":false}]",true,true,false,false,UNRESOLVED
W_TEST_01,Weak,W_TEST_01_Q10,pcl,weak,-1,1.2,1.6,1.5750000000000002,1.6,1.5875000000000001,0.02499999999999991,4,false,false,false,false,false,0.9531683918202474,0.9529159303206262,false,"[{""initial_correspondence_fraction"":1.0,""magnitude_m"":0.05,""pose_recovered"":true},{""initial_correspondence_fraction"":1.0,""magnitude_m"":0.1,""pose_recovered"":true},{""initial_correspondence_fraction"":1.0,""magnitude_m"":0.2,""pose_recovered"":true},{""initial_correspondence_fraction"":1.0,""magnitude_m"":0.4,""pose_recovered"":true},{""initial_correspondence_fraction"":0.971030042918455,""magnitude_m"":0.8,""pose_recovered"":true},{""initial_correspondence_fraction"":0.9590381216864429,""magnitude_m"":1.2,""pose_recovered"":true},{""initial_correspondence_fraction"":0.9529159303206262,""magnitude_m"":1.6,""pose_recovered"":false},{""initial_correspondence_fraction"":0.9448371623327443,""magnitude_m"":2.4,""pose_recovered"":false},{""initial_correspondence_fraction"":0.9423125473365311,""magnitude_m"":3.2,""pose_recovered"":false},{""initial_correspondence_fraction"":0.9307624337288564,""magnitude_m"":4.8,""pose_recovered"":false},{""initial_correspondence_fraction"":0.921421358242868,""magnitude_m"":6.4,""pose_recovered"":false}]",true,true,false,false,UNRESOLVED
W_TEST_01,Weak,W_TEST_01_Q10,pcl,weak,1,1.6,2.4,1.725,1.75,1.7375,0.02499999999999991,5,false,false,false,false,false,0.9528528149457208,0.9529790456955314,false,"[{""initial_correspondence_fraction"":1.0,""magnitude_m"":0.05,""pose_recovered"":true},{""initial_correspondence_fraction"":1.0,""magnitude_m"":0.1,""pose_recovered"":true},{""initial_correspondence_fraction"":1.0,""magnitude_m"":0.2,""pose_recovered"":true},{""initial_correspondence_fraction"":1.0,""magnitude_m"":0.4,""pose_recovered"":true},{""initial_correspondence_fraction"":0.977215349659177,""magnitude_m"":0.8,""pose_recovered"":true},{""initial_correspondence_fraction"":0.9674324665488513,""magnitude_m"":1.2,""pose_recovered"":true},{""initial_correspondence_fraction"":0.9549356223175965,""magnitude_m"":1.6,""pose_recovered"":true},{""initial_correspondence_fraction"":0.9443322393335016,""magnitude_m"":2.4,""pose_recovered"":false},{""initial_correspondence_fraction"":0.9397879323403181,""magnitude_m"":3.2,""pose_recovered"":false},{""initial_correspondence_fraction"":0.9453420853319868,""magnitude_m"":4.8,""pose_recovered"":false},{""initial_correspondence_fraction"":0.9491290078263065,""magnitude_m"":6.4,""pose_recovered"":false}]",true,true,false,false,UNRESOLVED
