snapshot_id,scene_variant,geometry_seed_index,geometry_seed_value,measurement_seed_index,measurement_seed_value,repeat_index,condition,snapshot_origin,phase_b_overlap,backend,planned_trial_id
phase-b-signal-v1/GEOMETRY_RICH_ROOM/g0/INDEPENDENT_NOISE_FREE,GEOMETRY_RICH_ROOM,0,1850310744,0,217775206,0,INDEPENDENT_NOISE_FREE,NEW_DEVELOPMENT_GENERATED,true,open3d_point_to_plane,phase-b-signal-v1/GEOMETRY_RICH_ROOM/g0/INDEPENDENT_NOISE_FREE/open3d_point_to_plane
phase-b-signal-v1/GEOMETRY_RICH_ROOM/g0/INDEPENDENT_NOISE_FREE,GEOMETRY_RICH_ROOM,0,1850310744,0,217775206,0,INDEPENDENT_NOISE_FREE,NEW_DEVELOPMENT_GENERATED,true,pcl_iterative_closest_point_with_normals,phase-b-signal-v1/GEOMETRY_RICH_ROOM/g0/INDEPENDENT_NOISE_FREE/pcl_iterative_closest_point_with_normals
full-synthetic-development-v1/GEOMETRY_RICH_ROOM/g0/m0/r0/SCAN_NOISE_ONLY,GEOMETRY_RICH_ROOM,0,1850310744,0,217775206,0,SCAN_NOISE_ONLY,NEW_DEVELOPMENT_GENERATED,false,open3d_point_to_plane,full-synthetic-development-v1/GEOMETRY_RICH_ROOM/g0/m0/r0/SCAN_NOISE_ONLY/open3d_point_to_plane
full-synthetic-development-v1/GEOMETRY_RICH_ROOM/g0/m0/r0/SCAN_NOISE_ONLY,GEOMETRY_RICH_ROOM,0,1850310744,0,217775206,0,SCAN_NOISE_ONLY,NEW_DEVELOPMENT_GENERATED,false,pcl_iterative_closest_point_with_normals,full-synthetic-development-v1/GEOMETRY_RICH_ROOM/g0/m0/r0/SCAN_NOISE_ONLY/pcl_iterative_closest_point_with_normals
full-synthetic-development-v1/GEOMETRY_RICH_ROOM/g0/m0/r0/MAP_NOISE_ONLY,GEOMETRY_RICH_ROOM,0,1850310744,0,217775206,0,MAP_NOISE_ONLY,NEW_DEVELOPMENT_GENERATED,false,open3d_point_to_plane,full-synthetic-development-v1/GEOMETRY_RICH_ROOM/g0/m0/r0/MAP_NOISE_ONLY/open3d_point_to_plane
full-synthetic-development-v1/GEOMETRY_RICH_ROOM/g0/m0/r0/MAP_NOISE_ONLY,GEOMETRY_RICH_ROOM,0,1850310744,0,217775206,0,MAP_NOISE_ONLY,NEW_DEVELOPMENT_GENERATED,false,pcl_iterative_closest_point_with_normals,full-synthetic-development-v1/GEOMETRY_RICH_ROOM/g0/m0/r0/MAP_NOISE_ONLY/pcl_iterative_closest_point_with_normals
full-synthetic-development-v1/GEOMETRY_RICH_ROOM/g0/m0/r0/DROPOUT_ONLY,GEOMETRY_RICH_ROOM,0,1850310744,0,217775206,0,DROPOUT_ONLY,NEW_DEVELOPMENT_GENERATED,false,open3d_point_to_plane,full-synthetic-development-v1/GEOMETRY_RICH_ROOM/g0/m0/r0/DROPOUT_ONLY/open3d_point_to_plane
full-synthetic-development-v1/GEOMETRY_RICH_ROOM/g0/m0/r0/DROPOUT_ONLY,GEOMETRY_RICH_ROOM,0,1850310744,0,217775206,0,DROPOUT_ONLY,NEW_DEVELOPMENT_GENERATED,false,pcl_iterative_closest_point_with_normals,full-synthetic-development-v1/GEOMETRY_RICH_ROOM/g0/m0/r0/DROPOUT_ONLY/pcl_iterative_closest_point_with_normals
phase-b-signal-v1/GEOMETRY_RICH_ROOM/g0/FULL_NOISE,GEOMETRY_RICH_ROOM,0,1850310744,0,217775206,0,FULL_NOISE,NEW_DEVELOPMENT_GENERATED,true,open3d_point_to_plane,phase-b-signal-v1/GEOMETRY_RICH_ROOM/g0/FULL_NOISE/open3d_point_to_plane
phase-b-signal-v1/GEOMETRY_RICH_ROOM/g0/FULL_NOISE,GEOMETRY_RICH_ROOM,0,1850310744,0,217775206,0,FULL_NOISE,NEW_DEVELOPMENT_GENERATED,true,pcl_iterative_closest_point_with_normals,phase-b-signal-v1/GEOMETRY_RICH_ROOM/g0/FULL_NOISE/pcl_iterative_closest_point_with_normals
full-synthetic-development-v1/GEOMETRY_RICH_ROOM/g0/m0/r1/INDEPENDENT_NOISE_FREE,GEOMETRY_RICH_ROOM,0,1850310744,0,217775206,1,INDEPENDENT_NOISE_FREE,NEW_DEVELOPMENT_GENERATED,false,open3d_point_to_plane,full-synthetic-development-v1/GEOMETRY_RICH_ROOM/g0/m0/r1/INDEPENDENT_NOISE_FREE/open3d_point_to_plane
full-synthetic-development-v1/GEOMETRY_RICH_ROOM/g0/m0/r1/INDEPENDENT_NOISE_FREE,GEOMETRY_RICH_ROOM,0,1850310744,0,217775206,1,INDEPENDENT_NOISE_FREE,NEW_DEVELOPMENT_GENERATED,false,pcl_iterative_closest_point_with_normals,full-synthetic-development-v1/GEOMETRY_RICH_ROOM/g0/m0/r1/INDEPENDENT_NOISE_FREE/pcl_iterative_closest_point_with_normals
full-synthetic-development-v1/GEOMETRY_RICH_ROOM/g0/m0/r1/SCAN_NOISE_ONLY,GEOMETRY_RICH_ROOM,0,1850310744,0,217775206,1,SCAN_NOISE_ONLY,NEW_DEVELOPMENT_GENERATED,false,open3d_point_to_plane,full-synthetic-development-v1/GEOMETRY_RICH_ROOM/g0/m0/r1/SCAN_NOISE_ONLY/open3d_point_to_plane
full-synthetic-development-v1/GEOMETRY_RICH_ROOM/g0/m0/r1/SCAN_NOISE_ONLY,GEOMETRY_RICH_ROOM,0,1850310744,0,217775206,1,SCAN_NOISE_ONLY,NEW_DEVELOPMENT_GENERATED,false,pcl_iterative_closest_point_with_normals,full-synthetic-development-v1/GEOMETRY_RICH_ROOM/g0/m0/r1/SCAN_NOISE_ONLY/pcl_iterative_closest_point_with_normals
full-synthetic-development-v1/GEOMETRY_RICH_ROOM/g0/m0/r1/MAP_NOISE_ONLY,GEOMETRY_RICH_ROOM,0,1850310744,0,217775206,1,MAP_NOISE_ONLY,NEW_DEVELOPMENT_GENERATED,false,open3d_point_to_plane,full-synthetic-development-v1/GEOMETRY_RICH_ROOM/g0/m0/r1/MAP_NOISE_ONLY/open3d_point_to_plane
full-synthetic-development-v1/GEOMETRY_RICH_ROOM/g0/m0/r1/MAP_NOISE_ONLY,GEOMETRY_RICH_ROOM,0,1850310744,0,217775206,1,MAP_NOISE_ONLY,NEW_DEVELOPMENT_GENERATED,false,pcl_iterative_closest_point_with_normals,full-synthetic-development-v1/GEOMETRY_RICH_ROOM/g0/m0/r1/MAP_NOISE_ONLY/pcl_iterative_closest_point_with_normals
full-synthetic-development-v1/GEOMETRY_RICH_ROOM/g0/m0/r1/DROPOUT_ONLY,GEOMETRY_RICH_ROOM,0,1850310744,0,217775206,1,DROPOUT_ONLY,NEW_DEVELOPMENT_GENERATED,false,open3d_point_to_plane,full-synthetic-development-v1/GEOMETRY_RICH_ROOM/g0/m0/r1/DROPOUT_ONLY/open3d_point_to_plane
full-synthetic-development-v1/GEOMETRY_RICH_ROOM/g0/m0/r1/DROPOUT_ONLY,GEOMETRY_RICH_ROOM,0,1850310744,0,217775206,1,DROPOUT_ONLY,NEW_DEVELOPMENT_GENERATED,false,pcl_iterative_closest_point_with_normals,full-synthetic-development-v1/GEOMETRY_RICH_ROOM/g0/m0/r1/DROPOUT_ONLY/pcl_iterative_closest_point_with_normals
full-synthetic-development-v1/GEOMETRY_RICH_ROOM/g0/m0/r1/FULL_NOISE,GEOMETRY_RICH_ROOM,0,1850310744,0,217775206,1,FULL_NOISE,NEW_DEVELOPMENT_GENERATED,false,open3d_point_to_plane,full-synthetic-development-v1/GEOMETRY_RICH_ROOM/g0/m0/r1/FULL_NOISE/open3d_point_to_plane
full-synthetic-development-v1/GEOMETRY_RICH_ROOM/g0/m0/r1/FULL_NOISE,GEOMETRY_RICH_ROOM,0,1850310744,0,217775206,1,FULL_NOISE,NEW_DEVELOPMENT_GENERATED,false,pcl_iterative_closest_point_with_normals,full-synthetic-development-v1/GEOMETRY_RICH_ROOM/g0/m0/r1/FULL_NOISE/pcl_iterative_closest_point_with_normals
full-synthetic-development-v1/GEOMETRY_RICH_ROOM/g0/m0/r2/INDEPENDENT_NOISE_FREE,GEOMETRY_RICH_ROOM,0,1850310744,0,217775206,2,INDEPENDENT_NOISE_FREE,NEW_DEVELOPMENT_GENERATED,false,open3d_point_to_plane,full-synthetic-development-v1/GEOMETRY_RICH_ROOM/g0/m0/r2/INDEPENDENT_NOISE_FREE/open3d_point_to_plane
full-synthetic-development-v1/GEOMETRY_RICH_ROOM/g0/m0/r2/INDEPENDENT_NOISE_FREE,GEOMETRY_RICH_ROOM,0,1850310744,0,217775206,2,INDEPENDENT_NOISE_FREE,NEW_DEVELOPMENT_GENERATED,false,pcl_iterative_closest_point_with_normals,full-synthetic-development-v1/GEOMETRY_RICH_ROOM/g0/m0/r2/INDEPENDENT_NOISE_FREE/pcl_iterative_closest_point_with_normals
full-synthetic-development-v1/GEOMETRY_RICH_ROOM/g0/m0/r2/SCAN_NOISE_ONLY,GEOMETRY_RICH_ROOM,0,1850310744,0,217775206,2,SCAN_NOISE_ONLY,NEW_DEVELOPMENT_GENERATED,false,open3d_point_to_plane,full-synthetic-development-v1/GEOMETRY_RICH_ROOM/g0/m0/r2/SCAN_NOISE_ONLY/open3d_point_to_plane
full-synthetic-development-v1/GEOMETRY_RICH_ROOM/g0/m0/r2/SCAN_NOISE_ONLY,GEOMETRY_RICH_ROOM,0,1850310744,0,217775206,2,SCAN_NOISE_ONLY,NEW_DEVELOPMENT_GENERATED,false,pcl_iterative_closest_point_with_normals,full-synthetic-development-v1/GEOMETRY_RICH_ROOM/g0/m0/r2/SCAN_NOISE_ONLY/pcl_iterative_closest_point_with_normals
full-synthetic-development-v1/GEOMETRY_RICH_ROOM/g0/m0/r2/MAP_NOISE_ONLY,GEOMETRY_RICH_ROOM,0,1850310744,0,217775206,2,MAP_NOISE_ONLY,NEW_DEVELOPMENT_GENERATED,false,open3d_point_to_plane,full-synthetic-development-v1/GEOMETRY_RICH_ROOM/g0/m0/r2/MAP_NOISE_ONLY/open3d_point_to_plane
full-synthetic-development-v1/GEOMETRY_RICH_ROOM/g0/m0/r2/MAP_NOISE_ONLY,GEOMETRY_RICH_ROOM,0,1850310744,0,217775206,2,MAP_NOISE_ONLY,NEW_DEVELOPMENT_GENERATED,false,pcl_iterative_closest_point_with_normals,full-synthetic-development-v1/GEOMETRY_RICH_ROOM/g0/m0/r2/MAP_NOISE_ONLY/pcl_iterative_closest_point_with_normals
full-synthetic-development-v1/GEOMETRY_RICH_ROOM/g0/m0/r2/DROPOUT_ONLY,GEOMETRY_RICH_ROOM,0,1850310744,0,217775206,2,DROPOUT_ONLY,NEW_DEVELOPMENT_GENERATED,false,open3d_point_to_plane,full-synthetic-development-v1/GEOMETRY_RICH_ROOM/g0/m0/r2/DROPOUT_ONLY/open3d_point_to_plane
full-synthetic-development-v1/GEOMETRY_RICH_ROOM/g0/m0/r2/DROPOUT_ONLY,GEOMETRY_RICH_ROOM,0,1850310744,0,217775206,2,DROPOUT_ONLY,NEW_DEVELOPMENT_GENERATED,false,pcl_iterative_closest_point_with_normals,full-synthetic-development-v1/GEOMETRY_RICH_ROOM/g0/m0/r2/DROPOUT_ONLY/pcl_iterative_closest_point_with_normals
full-synthetic-development-v1/GEOMETRY_RICH_ROOM/g0/m0/r2/FULL_NOISE,GEOMETRY_RICH_ROOM,0,1850310744,0,217775206,2,FULL_NOISE,NEW_DEVELOPMENT_GENERATED,false,open3d_point_to_plane,full-synthetic-development-v1/GEOMETRY_RICH_ROOM/g0/m0/r2/FULL_NOISE/open3d_point_to_plane
full-synthetic-development-v1/GEOMETRY_RICH_ROOM/g0/m0/r2/FULL_NOISE,GEOMETRY_RICH_ROOM,0,1850310744,0,217775206,2,FULL_NOISE,NEW_DEVELOPMENT_GENERATED,false,pcl_iterative_closest_point_with_normals,full-synthetic-development-v1/GEOMETRY_RICH_ROOM/g0/m0/r2/FULL_NOISE/pcl_iterative_closest_point_with_normals
full-synthetic-development-v1/GEOMETRY_RICH_ROOM/g0/m0/r3/INDEPENDENT_NOISE_FREE,GEOMETRY_RICH_ROOM,0,1850310744,0,217775206,3,INDEPENDENT_NOISE_FREE,NEW_DEVELOPMENT_GENERATED,false,open3d_point_to_plane,full-synthetic-development-v1/GEOMETRY_RICH_ROOM/g0/m0/r3/INDEPENDENT_NOISE_FREE/open3d_point_to_plane
full-synthetic-development-v1/GEOMETRY_RICH_ROOM/g0/m0/r3/INDEPENDENT_NOISE_FREE,GEOMETRY_RICH_ROOM,0,1850310744,0,217775206,3,INDEPENDENT_NOISE_FREE,NEW_DEVELOPMENT_GENERATED,false,pcl_iterative_closest_point_with_normals,full-synthetic-development-v1/GEOMETRY_RICH_ROOM/g0/m0/r3/INDEPENDENT_NOISE_FREE/pcl_iterative_closest_point_with_normals
full-synthetic-development-v1/GEOMETRY_RICH_ROOM/g0/m0/r3/SCAN_NOISE_ONLY,GEOMETRY_RICH_ROOM,0,1850310744,0,217775206,3,SCAN_NOISE_ONLY,NEW_DEVELOPMENT_GENERATED,false,open3d_point_to_plane,full-synthetic-development-v1/GEOMETRY_RICH_ROOM/g0/m0/r3/SCAN_NOISE_ONLY/open3d_point_to_plane
full-synthetic-development-v1/GEOMETRY_RICH_ROOM/g0/m0/r3/SCAN_NOISE_ONLY,GEOMETRY_RICH_ROOM,0,1850310744,0,217775206,3,SCAN_NOISE_ONLY,NEW_DEVELOPMENT_GENERATED,false,pcl_iterative_closest_point_with_normals,full-synthetic-development-v1/GEOMETRY_RICH_ROOM/g0/m0/r3/SCAN_NOISE_ONLY/pcl_iterative_closest_point_with_normals
full-synthetic-development-v1/GEOMETRY_RICH_ROOM/g0/m0/r3/MAP_NOISE_ONLY,GEOMETRY_RICH_ROOM,0,1850310744,0,217775206,3,MAP_NOISE_ONLY,NEW_DEVELOPMENT_GENERATED,false,open3d_point_to_plane,full-synthetic-development-v1/GEOMETRY_RICH_ROOM/g0/m0/r3/MAP_NOISE_ONLY/open3d_point_to_plane
full-synthetic-development-v1/GEOMETRY_RICH_ROOM/g0/m0/r3/MAP_NOISE_ONLY,GEOMETRY_RICH_ROOM,0,1850310744,0,217775206,3,MAP_NOISE_ONLY,NEW_DEVELOPMENT_GENERATED,false,pcl_iterative_closest_point_with_normals,full-synthetic-development-v1/GEOMETRY_RICH_ROOM/g0/m0/r3/MAP_NOISE_ONLY/pcl_iterative_closest_point_with_normals
full-synthetic-development-v1/GEOMETRY_RICH_ROOM/g0/m0/r3/DROPOUT_ONLY,GEOMETRY_RICH_ROOM,0,1850310744,0,217775206,3,DROPOUT_ONLY,NEW_DEVELOPMENT_GENERATED,false,open3d_point_to_plane,full-synthetic-development-v1/GEOMETRY_RICH_ROOM/g0/m0/r3/DROPOUT_ONLY/open3d_point_to_plane
full-synthetic-development-v1/GEOMETRY_RICH_ROOM/g0/m0/r3/DROPOUT_ONLY,GEOMETRY_RICH_ROOM,0,1850310744,0,217775206,3,DROPOUT_ONLY,NEW_DEVELOPMENT_GENERATED,false,pcl_iterative_closest_point_with_normals,full-synthetic-development-v1/GEOMETRY_RICH_ROOM/g0/m0/r3/DROPOUT_ONLY/pcl_iterative_closest_point_with_normals
full-synthetic-development-v1/GEOMETRY_RICH_ROOM/g0/m0/r3/FULL_NOISE,GEOMETRY_RICH_ROOM,0,1850310744,0,217775206,3,FULL_NOISE,NEW_DEVELOPMENT_GENERATED,false,open3d_point_to_plane,full-synthetic-development-v1/GEOMETRY_RICH_ROOM/g0/m0/r3/FULL_NOISE/open3d_point_to_plane
full-synthetic-development-v1/GEOMETRY_RICH_ROOM/g0/m0/r3/FULL_NOISE,GEOMETRY_RICH_ROOM,0,1850310744,0,217775206,3,FULL_NOISE,NEW_DEVELOPMENT_GENERATED,false,pcl_iterative_closest_point_with_normals,full-synthetic-development-v1/GEOMETRY_RICH_ROOM/g0/m0/r3/FULL_NOISE/pcl_iterative_closest_point_with_normals
full-synthetic-development-v1/GEOMETRY_RICH_ROOM/g0/m0/r4/INDEPENDENT_NOISE_FREE,GEOMETRY_RICH_ROOM,0,1850310744,0,217775206,4,INDEPENDENT_NOISE_FREE,NEW_DEVELOPMENT_GENERATED,false,open3d_point_to_plane,full-synthetic-development-v1/GEOMETRY_RICH_ROOM/g0/m0/r4/INDEPENDENT_NOISE_FREE/open3d_point_to_plane
full-synthetic-development-v1/GEOMETRY_RICH_ROOM/g0/m0/r4/INDEPENDENT_NOISE_FREE,GEOMETRY_RICH_ROOM,0,1850310744,0,217775206,4,INDEPENDENT_NOISE_FREE,NEW_DEVELOPMENT_GENERATED,false,pcl_iterative_closest_point_with_normals,full-synthetic-development-v1/GEOMETRY_RICH_ROOM/g0/m0/r4/INDEPENDENT_NOISE_FREE/pcl_iterative_closest_point_with_normals
full-synthetic-development-v1/GEOMETRY_RICH_ROOM/g0/m0/r4/SCAN_NOISE_ONLY,GEOMETRY_RICH_ROOM,0,1850310744,0,217775206,4,SCAN_NOISE_ONLY,NEW_DEVELOPMENT_GENERATED,false,open3d_point_to_plane,full-synthetic-development-v1/GEOMETRY_RICH_ROOM/g0/m0/r4/SCAN_NOISE_ONLY/open3d_point_to_plane
full-synthetic-development-v1/GEOMETRY_RICH_ROOM/g0/m0/r4/SCAN_NOISE_ONLY,GEOMETRY_RICH_ROOM,0,1850310744,0,217775206,4,SCAN_NOISE_ONLY,NEW_DEVELOPMENT_GENERATED,false,pcl_iterative_closest_point_with_normals,full-synthetic-development-v1/GEOMETRY_RICH_ROOM/g0/m0/r4/SCAN_NOISE_ONLY/pcl_iterative_closest_point_with_normals
full-synthetic-development-v1/GEOMETRY_RICH_ROOM/g0/m0/r4/MAP_NOISE_ONLY,GEOMETRY_RICH_ROOM,0,1850310744,0,217775206,4,MAP_NOISE_ONLY,NEW_DEVELOPMENT_GENERATED,false,open3d_point_to_plane,full-synthetic-development-v1/GEOMETRY_RICH_ROOM/g0/m0/r4/MAP_NOISE_ONLY/open3d_point_to_plane
full-synthetic-development-v1/GEOMETRY_RICH_ROOM/g0/m0/r4/MAP_NOISE_ONLY,GEOMETRY_RICH_ROOM,0,1850310744,0,217775206,4,MAP_NOISE_ONLY,NEW_DEVELOPMENT_GENERATED,false,pcl_iterative_closest_point_with_normals,full-synthetic-development-v1/GEOMETRY_RICH_ROOM/g0/m0/r4/MAP_NOISE_ONLY/pcl_iterative_closest_point_with_normals
full-synthetic-development-v1/GEOMETRY_RICH_ROOM/g0/m0/r4/DROPOUT_ONLY,GEOMETRY_RICH_ROOM,0,1850310744,0,217775206,4,DROPOUT_ONLY,NEW_DEVELOPMENT_GENERATED,false,open3d_point_to_plane,full-synthetic-development-v1/GEOMETRY_RICH_ROOM/g0/m0/r4/DROPOUT_ONLY/open3d_point_to_plane
full-synthetic-development-v1/GEOMETRY_RICH_ROOM/g0/m0/r4/DROPOUT_ONLY,GEOMETRY_RICH_ROOM,0,1850310744,0,217775206,4,DROPOUT_ONLY,NEW_DEVELOPMENT_GENERATED,false,pcl_iterative_closest_point_with_normals,full-synthetic-development-v1/GEOMETRY_RICH_ROOM/g0/m0/r4/DROPOUT_ONLY/pcl_iterative_closest_point_with_normals
full-synthetic-development-v1/GEOMETRY_RICH_ROOM/g0/m0/r4/FULL_NOISE,GEOMETRY_RICH_ROOM,0,1850310744,0,217775206,4,FULL_NOISE,NEW_DEVELOPMENT_GENERATED,false,open3d_point_to_plane,full-synthetic-development-v1/GEOMETRY_RICH_ROOM/g0/m0/r4/FULL_NOISE/open3d_point_to_plane
full-synthetic-development-v1/GEOMETRY_RICH_ROOM/g0/m0/r4/FULL_NOISE,GEOMETRY_RICH_ROOM,0,1850310744,0,217775206,4,FULL_NOISE,NEW_DEVELOPMENT_GENERATED,false,pcl_iterative_closest_point_with_normals,full-synthetic-development-v1/GEOMETRY_RICH_ROOM/g0/m0/r4/FULL_NOISE/pcl_iterative_closest_point_with_normals
full-synthetic-development-v1/GEOMETRY_RICH_ROOM/g0/m1/r0/INDEPENDENT_NOISE_FREE,GEOMETRY_RICH_ROOM,0,1850310744,1,1664898153,0,INDEPENDENT_NOISE_FREE,NEW_DEVELOPMENT_GENERATED,false,open3d_point_to_plane,full-synthetic-development-v1/GEOMETRY_RICH_ROOM/g0/m1/r0/INDEPENDENT_NOISE_FREE/open3d_point_to_plane
full-synthetic-development-v1/GEOMETRY_RICH_ROOM/g0/m1/r0/INDEPENDENT_NOISE_FREE,GEOMETRY_RICH_ROOM,0,1850310744,1,1664898153,0,INDEPENDENT_NOISE_FREE,NEW_DEVELOPMENT_GENERATED,false,pcl_iterative_closest_point_with_normals,full-synthetic-development-v1/GEOMETRY_RICH_ROOM/g0/m1/r0/INDEPENDENT_NOISE_FREE/pcl_iterative_closest_point_with_normals
full-synthetic-development-v1/GEOMETRY_RICH_ROOM/g0/m1/r0/SCAN_NOISE_ONLY,GEOMETRY_RICH_ROOM,0,1850310744,1,1664898153,0,SCAN_NOISE_ONLY,NEW_DEVELOPMENT_GENERATED,false,open3d_point_to_plane,full-synthetic-development-v1/GEOMETRY_RICH_ROOM/g0/m1/r0/SCAN_NOISE_ONLY/open3d_point_to_plane
full-synthetic-development-v1/GEOMETRY_RICH_ROOM/g0/m1/r0/SCAN_NOISE_ONLY,GEOMETRY_RICH_ROOM,0,1850310744,1,1664898153,0,SCAN_NOISE_ONLY,NEW_DEVELOPMENT_GENERATED,false,pcl_iterative_closest_point_with_normals,full-synthetic-development-v1/GEOMETRY_RICH_ROOM/g0/m1/r0/SCAN_NOISE_ONLY/pcl_iterative_closest_point_with_normals
full-synthetic-development-v1/GEOMETRY_RICH_ROOM/g0/m1/r0/MAP_NOISE_ONLY,GEOMETRY_RICH_ROOM,0,1850310744,1,1664898153,0,MAP_NOISE_ONLY,NEW_DEVELOPMENT_GENERATED,false,open3d_point_to_plane,full-synthetic-development-v1/GEOMETRY_RICH_ROOM/g0/m1/r0/MAP_NOISE_ONLY/open3d_point_to_plane
full-synthetic-development-v1/GEOMETRY_RICH_ROOM/g0/m1/r0/MAP_NOISE_ONLY,GEOMETRY_RICH_ROOM,0,1850310744,1,1664898153,0,MAP_NOISE_ONLY,NEW_DEVELOPMENT_GENERATED,false,pcl_iterative_closest_point_with_normals,full-synthetic-development-v1/GEOMETRY_RICH_ROOM/g0/m1/r0/MAP_NOISE_ONLY/pcl_iterative_closest_point_with_normals
full-synthetic-development-v1/GEOMETRY_RICH_ROOM/g0/m1/r0/DROPOUT_ONLY,GEOMETRY_RICH_ROOM,0,1850310744,1,1664898153,0,DROPOUT_ONLY,NEW_DEVELOPMENT_GENERATED,false,open3d_point_to_plane,full-synthetic-development-v1/GEOMETRY_RICH_ROOM/g0/m1/r0/DROPOUT_ONLY/open3d_point_to_plane
full-synthetic-development-v1/GEOMETRY_RICH_ROOM/g0/m1/r0/DROPOUT_ONLY,GEOMETRY_RICH_ROOM,0,1850310744,1,1664898153,0,DROPOUT_ONLY,NEW_DEVELOPMENT_GENERATED,false,pcl_iterative_closest_point_with_normals,full-synthetic-development-v1/GEOMETRY_RICH_ROOM/g0/m1/r0/DROPOUT_ONLY/pcl_iterative_closest_point_with_normals
full-synthetic-development-v1/GEOMETRY_RICH_ROOM/g0/m1/r0/FULL_NOISE,GEOMETRY_RICH_ROOM,0,1850310744,1,1664898153,0,FULL_NOISE,NEW_DEVELOPMENT_GENERATED,false,open3d_point_to_plane,full-synthetic-development-v1/GEOMETRY_RICH_ROOM/g0/m1/r0/FULL_NOISE/open3d_point_to_plane
full-synthetic-development-v1/GEOMETRY_RICH_ROOM/g0/m1/r0/FULL_NOISE,GEOMETRY_RICH_ROOM,0,1850310744,1,1664898153,0,FULL_NOISE,NEW_DEVELOPMENT_GENERATED,false,pcl_iterative_closest_point_with_normals,full-synthetic-development-v1/GEOMETRY_RICH_ROOM/g0/m1/r0/FULL_NOISE/pcl_iterative_closest_point_with_normals
full-synthetic-development-v1/GEOMETRY_RICH_ROOM/g0/m1/r1/INDEPENDENT_NOISE_FREE,GEOMETRY_RICH_ROOM,0,1850310744,1,1664898153,1,INDEPENDENT_NOISE_FREE,NEW_DEVELOPMENT_GENERATED,false,open3d_point_to_plane,full-synthetic-development-v1/GEOMETRY_RICH_ROOM/g0/m1/r1/INDEPENDENT_NOISE_FREE/open3d_point_to_plane
full-synthetic-development-v1/GEOMETRY_RICH_ROOM/g0/m1/r1/INDEPENDENT_NOISE_FREE,GEOMETRY_RICH_ROOM,0,1850310744,1,1664898153,1,INDEPENDENT_NOISE_FREE,NEW_DEVELOPMENT_GENERATED,false,pcl_iterative_closest_point_with_normals,full-synthetic-development-v1/GEOMETRY_RICH_ROOM/g0/m1/r1/INDEPENDENT_NOISE_FREE/pcl_iterative_closest_point_with_normals
full-synthetic-development-v1/GEOMETRY_RICH_ROOM/g0/m1/r1/SCAN_NOISE_ONLY,GEOMETRY_RICH_ROOM,0,1850310744,1,1664898153,1,SCAN_NOISE_ONLY,NEW_DEVELOPMENT_GENERATED,false,open3d_point_to_plane,full-synthetic-development-v1/GEOMETRY_RICH_ROOM/g0/m1/r1/SCAN_NOISE_ONLY/open3d_point_to_plane
full-synthetic-development-v1/GEOMETRY_RICH_ROOM/g0/m1/r1/SCAN_NOISE_ONLY,GEOMETRY_RICH_ROOM,0,1850310744,1,1664898153,1,SCAN_NOISE_ONLY,NEW_DEVELOPMENT_GENERATED,false,pcl_iterative_closest_point_with_normals,full-synthetic-development-v1/GEOMETRY_RICH_ROOM/g0/m1/r1/SCAN_NOISE_ONLY/pcl_iterative_closest_point_with_normals
full-synthetic-development-v1/GEOMETRY_RICH_ROOM/g0/m1/r1/MAP_NOISE_ONLY,GEOMETRY_RICH_ROOM,0,1850310744,1,1664898153,1,MAP_NOISE_ONLY,NEW_DEVELOPMENT_GENERATED,false,open3d_point_to_plane,full-synthetic-development-v1/GEOMETRY_RICH_ROOM/g0/m1/r1/MAP_NOISE_ONLY/open3d_point_to_plane
full-synthetic-development-v1/GEOMETRY_RICH_ROOM/g0/m1/r1/MAP_NOISE_ONLY,GEOMETRY_RICH_ROOM,0,1850310744,1,1664898153,1,MAP_NOISE_ONLY,NEW_DEVELOPMENT_GENERATED,false,pcl_iterative_closest_point_with_normals,full-synthetic-development-v1/GEOMETRY_RICH_ROOM/g0/m1/r1/MAP_NOISE_ONLY/pcl_iterative_closest_point_with_normals
full-synthetic-development-v1/GEOMETRY_RICH_ROOM/g0/m1/r1/DROPOUT_ONLY,GEOMETRY_RICH_ROOM,0,1850310744,1,1664898153,1,DROPOUT_ONLY,NEW_DEVELOPMENT_GENERATED,false,open3d_point_to_plane,full-synthetic-development-v1/GEOMETRY_RICH_ROOM/g0/m1/r1/DROPOUT_ONLY/open3d_point_to_plane
full-synthetic-development-v1/GEOMETRY_RICH_ROOM/g0/m1/r1/DROPOUT_ONLY,GEOMETRY_RICH_ROOM,0,1850310744,1,1664898153,1,DROPOUT_ONLY,NEW_DEVELOPMENT_GENERATED,false,pcl_iterative_closest_point_with_normals,full-synthetic-development-v1/GEOMETRY_RICH_ROOM/g0/m1/r1/DROPOUT_ONLY/pcl_iterative_closest_point_with_normals
full-synthetic-development-v1/GEOMETRY_RICH_ROOM/g0/m1/r1/FULL_NOISE,GEOMETRY_RICH_ROOM,0,1850310744,1,1664898153,1,FULL_NOISE,NEW_DEVELOPMENT_GENERATED,false,open3d_point_to_plane,full-synthetic-development-v1/GEOMETRY_RICH_ROOM/g0/m1/r1/FULL_NOISE/open3d_point_to_plane
full-synthetic-development-v1/GEOMETRY_RICH_ROOM/g0/m1/r1/FULL_NOISE,GEOMETRY_RICH_ROOM,0,1850310744,1,1664898153,1,FULL_NOISE,NEW_DEVELOPMENT_GENERATED,false,pcl_iterative_closest_point_with_normals,full-synthetic-development-v1/GEOMETRY_RICH_ROOM/g0/m1/r1/FULL_NOISE/pcl_iterative_closest_point_with_normals
full-synthetic-development-v1/GEOMETRY_RICH_ROOM/g0/m1/r2/INDEPENDENT_NOISE_FREE,GEOMETRY_RICH_ROOM,0,1850310744,1,1664898153,2,INDEPENDENT_NOISE_FREE,NEW_DEVELOPMENT_GENERATED,false,open3d_point_to_plane,full-synthetic-development-v1/GEOMETRY_RICH_ROOM/g0/m1/r2/INDEPENDENT_NOISE_FREE/open3d_point_to_plane
full-synthetic-development-v1/GEOMETRY_RICH_ROOM/g0/m1/r2/INDEPENDENT_NOISE_FREE,GEOMETRY_RICH_ROOM,0,1850310744,1,1664898153,2,INDEPENDENT_NOISE_FREE,NEW_DEVELOPMENT_GENERATED,false,pcl_iterative_closest_point_with_normals,full-synthetic-development-v1/GEOMETRY_RICH_ROOM/g0/m1/r2/INDEPENDENT_NOISE_FREE/pcl_iterative_closest_point_with_normals
full-synthetic-development-v1/GEOMETRY_RICH_ROOM/g0/m1/r2/SCAN_NOISE_ONLY,GEOMETRY_RICH_ROOM,0,1850310744,1,1664898153,2,SCAN_NOISE_ONLY,NEW_DEVELOPMENT_GENERATED,false,open3d_point_to_plane,full-synthetic-development-v1/GEOMETRY_RICH_ROOM/g0/m1/r2/SCAN_NOISE_ONLY/open3d_point_to_plane
full-synthetic-development-v1/GEOMETRY_RICH_ROOM/g0/m1/r2/SCAN_NOISE_ONLY,GEOMETRY_RICH_ROOM,0,1850310744,1,1664898153,2,SCAN_NOISE_ONLY,NEW_DEVELOPMENT_GENERATED,false,pcl_iterative_closest_point_with_normals,full-synthetic-development-v1/GEOMETRY_RICH_ROOM/g0/m1/r2/SCAN_NOISE_ONLY/pcl_iterative_closest_point_with_normals
full-synthetic-development-v1/GEOMETRY_RICH_ROOM/g0/m1/r2/MAP_NOISE_ONLY,GEOMETRY_RICH_ROOM,0,1850310744,1,1664898153,2,MAP_NOISE_ONLY,NEW_DEVELOPMENT_GENERATED,false,open3d_point_to_plane,full-synthetic-development-v1/GEOMETRY_RICH_ROOM/g0/m1/r2/MAP_NOISE_ONLY/open3d_point_to_plane
full-synthetic-development-v1/GEOMETRY_RICH_ROOM/g0/m1/r2/MAP_NOISE_ONLY,GEOMETRY_RICH_ROOM,0,1850310744,1,1664898153,2,MAP_NOISE_ONLY,NEW_DEVELOPMENT_GENERATED,false,pcl_iterative_closest_point_with_normals,full-synthetic-development-v1/GEOMETRY_RICH_ROOM/g0/m1/r2/MAP_NOISE_ONLY/pcl_iterative_closest_point_with_normals
full-synthetic-development-v1/GEOMETRY_RICH_ROOM/g0/m1/r2/DROPOUT_ONLY,GEOMETRY_RICH_ROOM,0,1850310744,1,1664898153,2,DROPOUT_ONLY,NEW_DEVELOPMENT_GENERATED,false,open3d_point_to_plane,full-synthetic-development-v1/GEOMETRY_RICH_ROOM/g0/m1/r2/DROPOUT_ONLY/open3d_point_to_plane
full-synthetic-development-v1/GEOMETRY_RICH_ROOM/g0/m1/r2/DROPOUT_ONLY,GEOMETRY_RICH_ROOM,0,1850310744,1,1664898153,2,DROPOUT_ONLY,NEW_DEVELOPMENT_GENERATED,false,pcl_iterative_closest_point_with_normals,full-synthetic-development-v1/GEOMETRY_RICH_ROOM/g0/m1/r2/DROPOUT_ONLY/pcl_iterative_closest_point_with_normals
full-synthetic-development-v1/GEOMETRY_RICH_ROOM/g0/m1/r2/FULL_NOISE,GEOMETRY_RICH_ROOM,0,1850310744,1,1664898153,2,FULL_NOISE,NEW_DEVELOPMENT_GENERATED,false,open3d_point_to_plane,full-synthetic-development-v1/GEOMETRY_RICH_ROOM/g0/m1/r2/FULL_NOISE/open3d_point_to_plane
full-synthetic-development-v1/GEOMETRY_RICH_ROOM/g0/m1/r2/FULL_NOISE,GEOMETRY_RICH_ROOM,0,1850310744,1,1664898153,2,FULL_NOISE,NEW_DEVELOPMENT_GENERATED,false,pcl_iterative_closest_point_with_normals,full-synthetic-development-v1/GEOMETRY_RICH_ROOM/g0/m1/r2/FULL_NOISE/pcl_iterative_closest_point_with_normals
full-synthetic-development-v1/GEOMETRY_RICH_ROOM/g0/m1/r3/INDEPENDENT_NOISE_FREE,GEOMETRY_RICH_ROOM,0,1850310744,1,1664898153,3,INDEPENDENT_NOISE_FREE,NEW_DEVELOPMENT_GENERATED,false,open3d_point_to_plane,full-synthetic-development-v1/GEOMETRY_RICH_ROOM/g0/m1/r3/INDEPENDENT_NOISE_FREE/open3d_point_to_plane
full-synthetic-development-v1/GEOMETRY_RICH_ROOM/g0/m1/r3/INDEPENDENT_NOISE_FREE,GEOMETRY_RICH_ROOM,0,1850310744,1,1664898153,3,INDEPENDENT_NOISE_FREE,NEW_DEVELOPMENT_GENERATED,false,pcl_iterative_closest_point_with_normals,full-synthetic-development-v1/GEOMETRY_RICH_ROOM/g0/m1/r3/INDEPENDENT_NOISE_FREE/pcl_iterative_closest_point_with_normals
full-synthetic-development-v1/GEOMETRY_RICH_ROOM/g0/m1/r3/SCAN_NOISE_ONLY,GEOMETRY_RICH_ROOM,0,1850310744,1,1664898153,3,SCAN_NOISE_ONLY,NEW_DEVELOPMENT_GENERATED,false,open3d_point_to_plane,full-synthetic-development-v1/GEOMETRY_RICH_ROOM/g0/m1/r3/SCAN_NOISE_ONLY/open3d_point_to_plane
full-synthetic-development-v1/GEOMETRY_RICH_ROOM/g0/m1/r3/SCAN_NOISE_ONLY,GEOMETRY_RICH_ROOM,0,1850310744,1,1664898153,3,SCAN_NOISE_ONLY,NEW_DEVELOPMENT_GENERATED,false,pcl_iterative_closest_point_with_normals,full-synthetic-development-v1/GEOMETRY_RICH_ROOM/g0/m1/r3/SCAN_NOISE_ONLY/pcl_iterative_closest_point_with_normals
full-synthetic-development-v1/GEOMETRY_RICH_ROOM/g0/m1/r3/MAP_NOISE_ONLY,GEOMETRY_RICH_ROOM,0,1850310744,1,1664898153,3,MAP_NOISE_ONLY,NEW_DEVELOPMENT_GENERATED,false,open3d_point_to_plane,full-synthetic-development-v1/GEOMETRY_RICH_ROOM/g0/m1/r3/MAP_NOISE_ONLY/open3d_point_to_plane
full-synthetic-development-v1/GEOMETRY_RICH_ROOM/g0/m1/r3/MAP_NOISE_ONLY,GEOMETRY_RICH_ROOM,0,1850310744,1,1664898153,3,MAP_NOISE_ONLY,NEW_DEVELOPMENT_GENERATED,false,pcl_iterative_closest_point_with_normals,full-synthetic-development-v1/GEOMETRY_RICH_ROOM/g0/m1/r3/MAP_NOISE_ONLY/pcl_iterative_closest_point_with_normals
full-synthetic-development-v1/GEOMETRY_RICH_ROOM/g0/m1/r3/DROPOUT_ONLY,GEOMETRY_RICH_ROOM,0,1850310744,1,1664898153,3,DROPOUT_ONLY,NEW_DEVELOPMENT_GENERATED,false,open3d_point_to_plane,full-synthetic-development-v1/GEOMETRY_RICH_ROOM/g0/m1/r3/DROPOUT_ONLY/open3d_point_to_plane
full-synthetic-development-v1/GEOMETRY_RICH_ROOM/g0/m1/r3/DROPOUT_ONLY,GEOMETRY_RICH_ROOM,0,1850310744,1,1664898153,3,DROPOUT_ONLY,NEW_DEVELOPMENT_GENERATED,false,pcl_iterative_closest_point_with_normals,full-synthetic-development-v1/GEOMETRY_RICH_ROOM/g0/m1/r3/DROPOUT_ONLY/pcl_iterative_closest_point_with_normals
full-synthetic-development-v1/GEOMETRY_RICH_ROOM/g0/m1/r3/FULL_NOISE,GEOMETRY_RICH_ROOM,0,1850310744,1,1664898153,3,FULL_NOISE,NEW_DEVELOPMENT_GENERATED,false,open3d_point_to_plane,full-synthetic-development-v1/GEOMETRY_RICH_ROOM/g0/m1/r3/FULL_NOISE/open3d_point_to_plane
full-synthetic-development-v1/GEOMETRY_RICH_ROOM/g0/m1/r3/FULL_NOISE,GEOMETRY_RICH_ROOM,0,1850310744,1,1664898153,3,FULL_NOISE,NEW_DEVELOPMENT_GENERATED,false,pcl_iterative_closest_point_with_normals,full-synthetic-development-v1/GEOMETRY_RICH_ROOM/g0/m1/r3/FULL_NOISE/pcl_iterative_closest_point_with_normals
full-synthetic-development-v1/GEOMETRY_RICH_ROOM/g0/m1/r4/INDEPENDENT_NOISE_FREE,GEOMETRY_RICH_ROOM,0,1850310744,1,1664898153,4,INDEPENDENT_NOISE_FREE,NEW_DEVELOPMENT_GENERATED,false,open3d_point_to_plane,full-synthetic-development-v1/GEOMETRY_RICH_ROOM/g0/m1/r4/INDEPENDENT_NOISE_FREE/open3d_point_to_plane
full-synthetic-development-v1/GEOMETRY_RICH_ROOM/g0/m1/r4/INDEPENDENT_NOISE_FREE,GEOMETRY_RICH_ROOM,0,1850310744,1,1664898153,4,INDEPENDENT_NOISE_FREE,NEW_DEVELOPMENT_GENERATED,false,pcl_iterative_closest_point_with_normals,full-synthetic-development-v1/GEOMETRY_RICH_ROOM/g0/m1/r4/INDEPENDENT_NOISE_FREE/pcl_iterative_closest_point_with_normals
full-synthetic-development-v1/GEOMETRY_RICH_ROOM/g0/m1/r4/SCAN_NOISE_ONLY,GEOMETRY_RICH_ROOM,0,1850310744,1,1664898153,4,SCAN_NOISE_ONLY,NEW_DEVELOPMENT_GENERATED,false,open3d_point_to_plane,full-synthetic-development-v1/GEOMETRY_RICH_ROOM/g0/m1/r4/SCAN_NOISE_ONLY/open3d_point_to_plane
full-synthetic-development-v1/GEOMETRY_RICH_ROOM/g0/m1/r4/SCAN_NOISE_ONLY,GEOMETRY_RICH_ROOM,0,1850310744,1,1664898153,4,SCAN_NOISE_ONLY,NEW_DEVELOPMENT_GENERATED,false,pcl_iterative_closest_point_with_normals,full-synthetic-development-v1/GEOMETRY_RICH_ROOM/g0/m1/r4/SCAN_NOISE_ONLY/pcl_iterative_closest_point_with_normals
full-synthetic-development-v1/GEOMETRY_RICH_ROOM/g0/m1/r4/MAP_NOISE_ONLY,GEOMETRY_RICH_ROOM,0,1850310744,1,1664898153,4,MAP_NOISE_ONLY,NEW_DEVELOPMENT_GENERATED,false,open3d_point_to_plane,full-synthetic-development-v1/GEOMETRY_RICH_ROOM/g0/m1/r4/MAP_NOISE_ONLY/open3d_point_to_plane
full-synthetic-development-v1/GEOMETRY_RICH_ROOM/g0/m1/r4/MAP_NOISE_ONLY,GEOMETRY_RICH_ROOM,0,1850310744,1,1664898153,4,MAP_NOISE_ONLY,NEW_DEVELOPMENT_GENERATED,false,pcl_iterative_closest_point_with_normals,full-synthetic-development-v1/GEOMETRY_RICH_ROOM/g0/m1/r4/MAP_NOISE_ONLY/pcl_iterative_closest_point_with_normals
full-synthetic-development-v1/GEOMETRY_RICH_ROOM/g0/m1/r4/DROPOUT_ONLY,GEOMETRY_RICH_ROOM,0,1850310744,1,1664898153,4,DROPOUT_ONLY,NEW_DEVELOPMENT_GENERATED,false,open3d_point_to_plane,full-synthetic-development-v1/GEOMETRY_RICH_ROOM/g0/m1/r4/DROPOUT_ONLY/open3d_point_to_plane
full-synthetic-development-v1/GEOMETRY_RICH_ROOM/g0/m1/r4/DROPOUT_ONLY,GEOMETRY_RICH_ROOM,0,1850310744,1,1664898153,4,DROPOUT_ONLY,NEW_DEVELOPMENT_GENERATED,false,pcl_iterative_closest_point_with_normals,full-synthetic-development-v1/GEOMETRY_RICH_ROOM/g0/m1/r4/DROPOUT_ONLY/pcl_iterative_closest_point_with_normals
full-synthetic-development-v1/GEOMETRY_RICH_ROOM/g0/m1/r4/FULL_NOISE,GEOMETRY_RICH_ROOM,0,1850310744,1,1664898153,4,FULL_NOISE,NEW_DEVELOPMENT_GENERATED,false,open3d_point_to_plane,full-synthetic-development-v1/GEOMETRY_RICH_ROOM/g0/m1/r4/FULL_NOISE/open3d_point_to_plane
full-synthetic-development-v1/GEOMETRY_RICH_ROOM/g0/m1/r4/FULL_NOISE,GEOMETRY_RICH_ROOM,0,1850310744,1,1664898153,4,FULL_NOISE,NEW_DEVELOPMENT_GENERATED,false,pcl_iterative_closest_point_with_normals,full-synthetic-development-v1/GEOMETRY_RICH_ROOM/g0/m1/r4/FULL_NOISE/pcl_iterative_closest_point_with_normals
phase-b-signal-v1/GEOMETRY_RICH_ROOM/g1/INDEPENDENT_NOISE_FREE,GEOMETRY_RICH_ROOM,1,1957656152,0,217775206,0,INDEPENDENT_NOISE_FREE,NEW_DEVELOPMENT_GENERATED,true,open3d_point_to_plane,phase-b-signal-v1/GEOMETRY_RICH_ROOM/g1/INDEPENDENT_NOISE_FREE/open3d_point_to_plane
phase-b-signal-v1/GEOMETRY_RICH_ROOM/g1/INDEPENDENT_NOISE_FREE,GEOMETRY_RICH_ROOM,1,1957656152,0,217775206,0,INDEPENDENT_NOISE_FREE,NEW_DEVELOPMENT_GENERATED,true,pcl_iterative_closest_point_with_normals,phase-b-signal-v1/GEOMETRY_RICH_ROOM/g1/INDEPENDENT_NOISE_FREE/pcl_iterative_closest_point_with_normals
full-synthetic-development-v1/GEOMETRY_RICH_ROOM/g1/m0/r0/SCAN_NOISE_ONLY,GEOMETRY_RICH_ROOM,1,1957656152,0,217775206,0,SCAN_NOISE_ONLY,NEW_DEVELOPMENT_GENERATED,false,open3d_point_to_plane,full-synthetic-development-v1/GEOMETRY_RICH_ROOM/g1/m0/r0/SCAN_NOISE_ONLY/open3d_point_to_plane
full-synthetic-development-v1/GEOMETRY_RICH_ROOM/g1/m0/r0/SCAN_NOISE_ONLY,GEOMETRY_RICH_ROOM,1,1957656152,0,217775206,0,SCAN_NOISE_ONLY,NEW_DEVELOPMENT_GENERATED,false,pcl_iterative_closest_point_with_normals,full-synthetic-development-v1/GEOMETRY_RICH_ROOM/g1/m0/r0/SCAN_NOISE_ONLY/pcl_iterative_closest_point_with_normals
full-synthetic-development-v1/GEOMETRY_RICH_ROOM/g1/m0/r0/MAP_NOISE_ONLY,GEOMETRY_RICH_ROOM,1,1957656152,0,217775206,0,MAP_NOISE_ONLY,NEW_DEVELOPMENT_GENERATED,false,open3d_point_to_plane,full-synthetic-development-v1/GEOMETRY_RICH_ROOM/g1/m0/r0/MAP_NOISE_ONLY/open3d_point_to_plane
full-synthetic-development-v1/GEOMETRY_RICH_ROOM/g1/m0/r0/MAP_NOISE_ONLY,GEOMETRY_RICH_ROOM,1,1957656152,0,217775206,0,MAP_NOISE_ONLY,NEW_DEVELOPMENT_GENERATED,false,pcl_iterative_closest_point_with_normals,full-synthetic-development-v1/GEOMETRY_RICH_ROOM/g1/m0/r0/MAP_NOISE_ONLY/pcl_iterative_closest_point_with_normals
full-synthetic-development-v1/GEOMETRY_RICH_ROOM/g1/m0/r0/DROPOUT_ONLY,GEOMETRY_RICH_ROOM,1,1957656152,0,217775206,0,DROPOUT_ONLY,NEW_DEVELOPMENT_GENERATED,false,open3d_point_to_plane,full-synthetic-development-v1/GEOMETRY_RICH_ROOM/g1/m0/r0/DROPOUT_ONLY/open3d_point_to_plane
full-synthetic-development-v1/GEOMETRY_RICH_ROOM/g1/m0/r0/DROPOUT_ONLY,GEOMETRY_RICH_ROOM,1,1957656152,0,217775206,0,DROPOUT_ONLY,NEW_DEVELOPMENT_GENERATED,false,pcl_iterative_closest_point_with_normals,full-synthetic-development-v1/GEOMETRY_RICH_ROOM/g1/m0/r0/DROPOUT_ONLY/pcl_iterative_closest_point_with_normals
phase-b-signal-v1/GEOMETRY_RICH_ROOM/g1/FULL_NOISE,GEOMETRY_RICH_ROOM,1,1957656152,0,217775206,0,FULL_NOISE,NEW_DEVELOPMENT_GENERATED,true,open3d_point_to_plane,phase-b-signal-v1/GEOMETRY_RICH_ROOM/g1/FULL_NOISE/open3d_point_to_plane
phase-b-signal-v1/GEOMETRY_RICH_ROOM/g1/FULL_NOISE,GEOMETRY_RICH_ROOM,1,1957656152,0,217775206,0,FULL_NOISE,NEW_DEVELOPMENT_GENERATED,true,pcl_iterative_closest_point_with_normals,phase-b-signal-v1/GEOMETRY_RICH_ROOM/g1/FULL_NOISE/pcl_iterative_closest_point_with_normals
full-synthetic-development-v1/GEOMETRY_RICH_ROOM/g1/m0/r1/INDEPENDENT_NOISE_FREE,GEOMETRY_RICH_ROOM,1,1957656152,0,217775206,1,INDEPENDENT_NOISE_FREE,NEW_DEVELOPMENT_GENERATED,false,open3d_point_to_plane,full-synthetic-development-v1/GEOMETRY_RICH_ROOM/g1/m0/r1/INDEPENDENT_NOISE_FREE/open3d_point_to_plane
full-synthetic-development-v1/GEOMETRY_RICH_ROOM/g1/m0/r1/INDEPENDENT_NOISE_FREE,GEOMETRY_RICH_ROOM,1,1957656152,0,217775206,1,INDEPENDENT_NOISE_FREE,NEW_DEVELOPMENT_GENERATED,false,pcl_iterative_closest_point_with_normals,full-synthetic-development-v1/GEOMETRY_RICH_ROOM/g1/m0/r1/INDEPENDENT_NOISE_FREE/pcl_iterative_closest_point_with_normals
full-synthetic-development-v1/GEOMETRY_RICH_ROOM/g1/m0/r1/SCAN_NOISE_ONLY,GEOMETRY_RICH_ROOM,1,1957656152,0,217775206,1,SCAN_NOISE_ONLY,NEW_DEVELOPMENT_GENERATED,false,open3d_point_to_plane,full-synthetic-development-v1/GEOMETRY_RICH_ROOM/g1/m0/r1/SCAN_NOISE_ONLY/open3d_point_to_plane
full-synthetic-development-v1/GEOMETRY_RICH_ROOM/g1/m0/r1/SCAN_NOISE_ONLY,GEOMETRY_RICH_ROOM,1,1957656152,0,217775206,1,SCAN_NOISE_ONLY,NEW_DEVELOPMENT_GENERATED,false,pcl_iterative_closest_point_with_normals,full-synthetic-development-v1/GEOMETRY_RICH_ROOM/g1/m0/r1/SCAN_NOISE_ONLY/pcl_iterative_closest_point_with_normals
full-synthetic-development-v1/GEOMETRY_RICH_ROOM/g1/m0/r1/MAP_NOISE_ONLY,GEOMETRY_RICH_ROOM,1,1957656152,0,217775206,1,MAP_NOISE_ONLY,NEW_DEVELOPMENT_GENERATED,false,open3d_point_to_plane,full-synthetic-development-v1/GEOMETRY_RICH_ROOM/g1/m0/r1/MAP_NOISE_ONLY/open3d_point_to_plane
full-synthetic-development-v1/GEOMETRY_RICH_ROOM/g1/m0/r1/MAP_NOISE_ONLY,GEOMETRY_RICH_ROOM,1,1957656152,0,217775206,1,MAP_NOISE_ONLY,NEW_DEVELOPMENT_GENERATED,false,pcl_iterative_closest_point_with_normals,full-synthetic-development-v1/GEOMETRY_RICH_ROOM/g1/m0/r1/MAP_NOISE_ONLY/pcl_iterative_closest_point_with_normals
full-synthetic-development-v1/GEOMETRY_RICH_ROOM/g1/m0/r1/DROPOUT_ONLY,GEOMETRY_RICH_ROOM,1,1957656152,0,217775206,1,DROPOUT_ONLY,NEW_DEVELOPMENT_GENERATED,false,open3d_point_to_plane,full-synthetic-development-v1/GEOMETRY_RICH_ROOM/g1/m0/r1/DROPOUT_ONLY/open3d_point_to_plane
full-synthetic-development-v1/GEOMETRY_RICH_ROOM/g1/m0/r1/DROPOUT_ONLY,GEOMETRY_RICH_ROOM,1,1957656152,0,217775206,1,DROPOUT_ONLY,NEW_DEVELOPMENT_GENERATED,false,pcl_iterative_closest_point_with_normals,full-synthetic-development-v1/GEOMETRY_RICH_ROOM/g1/m0/r1/DROPOUT_ONLY/pcl_iterative_closest_point_with_normals
full-synthetic-development-v1/GEOMETRY_RICH_ROOM/g1/m0/r1/FULL_NOISE,GEOMETRY_RICH_ROOM,1,1957656152,0,217775206,1,FULL_NOISE,NEW_DEVELOPMENT_GENERATED,false,open3d_point_to_plane,full-synthetic-development-v1/GEOMETRY_RICH_ROOM/g1/m0/r1/FULL_NOISE/open3d_point_to_plane
full-synthetic-development-v1/GEOMETRY_RICH_ROOM/g1/m0/r1/FULL_NOISE,GEOMETRY_RICH_ROOM,1,1957656152,0,217775206,1,FULL_NOISE,NEW_DEVELOPMENT_GENERATED,false,pcl_iterative_closest_point_with_normals,full-synthetic-development-v1/GEOMETRY_RICH_ROOM/g1/m0/r1/FULL_NOISE/pcl_iterative_closest_point_with_normals
full-synthetic-development-v1/GEOMETRY_RICH_ROOM/g1/m0/r2/INDEPENDENT_NOISE_FREE,GEOMETRY_RICH_ROOM,1,1957656152,0,217775206,2,INDEPENDENT_NOISE_FREE,NEW_DEVELOPMENT_GENERATED,false,open3d_point_to_plane,full-synthetic-development-v1/GEOMETRY_RICH_ROOM/g1/m0/r2/INDEPENDENT_NOISE_FREE/open3d_point_to_plane
full-synthetic-development-v1/GEOMETRY_RICH_ROOM/g1/m0/r2/INDEPENDENT_NOISE_FREE,GEOMETRY_RICH_ROOM,1,1957656152,0,217775206,2,INDEPENDENT_NOISE_FREE,NEW_DEVELOPMENT_GENERATED,false,pcl_iterative_closest_point_with_normals,full-synthetic-development-v1/GEOMETRY_RICH_ROOM/g1/m0/r2/INDEPENDENT_NOISE_FREE/pcl_iterative_closest_point_with_normals
full-synthetic-development-v1/GEOMETRY_RICH_ROOM/g1/m0/r2/SCAN_NOISE_ONLY,GEOMETRY_RICH_ROOM,1,1957656152,0,217775206,2,SCAN_NOISE_ONLY,NEW_DEVELOPMENT_GENERATED,false,open3d_point_to_plane,full-synthetic-development-v1/GEOMETRY_RICH_ROOM/g1/m0/r2/SCAN_NOISE_ONLY/open3d_point_to_plane
full-synthetic-development-v1/GEOMETRY_RICH_ROOM/g1/m0/r2/SCAN_NOISE_ONLY,GEOMETRY_RICH_ROOM,1,1957656152,0,217775206,2,SCAN_NOISE_ONLY,NEW_DEVELOPMENT_GENERATED,false,pcl_iterative_closest_point_with_normals,full-synthetic-development-v1/GEOMETRY_RICH_ROOM/g1/m0/r2/SCAN_NOISE_ONLY/pcl_iterative_closest_point_with_normals
full-synthetic-development-v1/GEOMETRY_RICH_ROOM/g1/m0/r2/MAP_NOISE_ONLY,GEOMETRY_RICH_ROOM,1,1957656152,0,217775206,2,MAP_NOISE_ONLY,NEW_DEVELOPMENT_GENERATED,false,open3d_point_to_plane,full-synthetic-development-v1/GEOMETRY_RICH_ROOM/g1/m0/r2/MAP_NOISE_ONLY/open3d_point_to_plane
full-synthetic-development-v1/GEOMETRY_RICH_ROOM/g1/m0/r2/MAP_NOISE_ONLY,GEOMETRY_RICH_ROOM,1,1957656152,0,217775206,2,MAP_NOISE_ONLY,NEW_DEVELOPMENT_GENERATED,false,pcl_iterative_closest_point_with_normals,full-synthetic-development-v1/GEOMETRY_RICH_ROOM/g1/m0/r2/MAP_NOISE_ONLY/pcl_iterative_closest_point_with_normals
full-synthetic-development-v1/GEOMETRY_RICH_ROOM/g1/m0/r2/DROPOUT_ONLY,GEOMETRY_RICH_ROOM,1,1957656152,0,217775206,2,DROPOUT_ONLY,NEW_DEVELOPMENT_GENERATED,false,open3d_point_to_plane,full-synthetic-development-v1/GEOMETRY_RICH_ROOM/g1/m0/r2/DROPOUT_ONLY/open3d_point_to_plane
full-synthetic-development-v1/GEOMETRY_RICH_ROOM/g1/m0/r2/DROPOUT_ONLY,GEOMETRY_RICH_ROOM,1,1957656152,0,217775206,2,DROPOUT_ONLY,NEW_DEVELOPMENT_GENERATED,false,pcl_iterative_closest_point_with_normals,full-synthetic-development-v1/GEOMETRY_RICH_ROOM/g1/m0/r2/DROPOUT_ONLY/pcl_iterative_closest_point_with_normals
full-synthetic-development-v1/GEOMETRY_RICH_ROOM/g1/m0/r2/FULL_NOISE,GEOMETRY_RICH_ROOM,1,1957656152,0,217775206,2,FULL_NOISE,NEW_DEVELOPMENT_GENERATED,false,open3d_point_to_plane,full-synthetic-development-v1/GEOMETRY_RICH_ROOM/g1/m0/r2/FULL_NOISE/open3d_point_to_plane
full-synthetic-development-v1/GEOMETRY_RICH_ROOM/g1/m0/r2/FULL_NOISE,GEOMETRY_RICH_ROOM,1,1957656152,0,217775206,2,FULL_NOISE,NEW_DEVELOPMENT_GENERATED,false,pcl_iterative_closest_point_with_normals,full-synthetic-development-v1/GEOMETRY_RICH_ROOM/g1/m0/r2/FULL_NOISE/pcl_iterative_closest_point_with_normals
full-synthetic-development-v1/GEOMETRY_RICH_ROOM/g1/m0/r3/INDEPENDENT_NOISE_FREE,GEOMETRY_RICH_ROOM,1,1957656152,0,217775206,3,INDEPENDENT_NOISE_FREE,NEW_DEVELOPMENT_GENERATED,false,open3d_point_to_plane,full-synthetic-development-v1/GEOMETRY_RICH_ROOM/g1/m0/r3/INDEPENDENT_NOISE_FREE/open3d_point_to_plane
full-synthetic-development-v1/GEOMETRY_RICH_ROOM/g1/m0/r3/INDEPENDENT_NOISE_FREE,GEOMETRY_RICH_ROOM,1,1957656152,0,217775206,3,INDEPENDENT_NOISE_FREE,NEW_DEVELOPMENT_GENERATED,false,pcl_iterative_closest_point_with_normals,full-synthetic-development-v1/GEOMETRY_RICH_ROOM/g1/m0/r3/INDEPENDENT_NOISE_FREE/pcl_iterative_closest_point_with_normals
full-synthetic-development-v1/GEOMETRY_RICH_ROOM/g1/m0/r3/SCAN_NOISE_ONLY,GEOMETRY_RICH_ROOM,1,1957656152,0,217775206,3,SCAN_NOISE_ONLY,NEW_DEVELOPMENT_GENERATED,false,open3d_point_to_plane,full-synthetic-development-v1/GEOMETRY_RICH_ROOM/g1/m0/r3/SCAN_NOISE_ONLY/open3d_point_to_plane
full-synthetic-development-v1/GEOMETRY_RICH_ROOM/g1/m0/r3/SCAN_NOISE_ONLY,GEOMETRY_RICH_ROOM,1,1957656152,0,217775206,3,SCAN_NOISE_ONLY,NEW_DEVELOPMENT_GENERATED,false,pcl_iterative_closest_point_with_normals,full-synthetic-development-v1/GEOMETRY_RICH_ROOM/g1/m0/r3/SCAN_NOISE_ONLY/pcl_iterative_closest_point_with_normals
full-synthetic-development-v1/GEOMETRY_RICH_ROOM/g1/m0/r3/MAP_NOISE_ONLY,GEOMETRY_RICH_ROOM,1,1957656152,0,217775206,3,MAP_NOISE_ONLY,NEW_DEVELOPMENT_GENERATED,false,open3d_point_to_plane,full-synthetic-development-v1/GEOMETRY_RICH_ROOM/g1/m0/r3/MAP_NOISE_ONLY/open3d_point_to_plane
full-synthetic-development-v1/GEOMETRY_RICH_ROOM/g1/m0/r3/MAP_NOISE_ONLY,GEOMETRY_RICH_ROOM,1,1957656152,0,217775206,3,MAP_NOISE_ONLY,NEW_DEVELOPMENT_GENERATED,false,pcl_iterative_closest_point_with_normals,full-synthetic-development-v1/GEOMETRY_RICH_ROOM/g1/m0/r3/MAP_NOISE_ONLY/pcl_iterative_closest_point_with_normals
full-synthetic-development-v1/GEOMETRY_RICH_ROOM/g1/m0/r3/DROPOUT_ONLY,GEOMETRY_RICH_ROOM,1,1957656152,0,217775206,3,DROPOUT_ONLY,NEW_DEVELOPMENT_GENERATED,false,open3d_point_to_plane,full-synthetic-development-v1/GEOMETRY_RICH_ROOM/g1/m0/r3/DROPOUT_ONLY/open3d_point_to_plane
full-synthetic-development-v1/GEOMETRY_RICH_ROOM/g1/m0/r3/DROPOUT_ONLY,GEOMETRY_RICH_ROOM,1,1957656152,0,217775206,3,DROPOUT_ONLY,NEW_DEVELOPMENT_GENERATED,false,pcl_iterative_closest_point_with_normals,full-synthetic-development-v1/GEOMETRY_RICH_ROOM/g1/m0/r3/DROPOUT_ONLY/pcl_iterative_closest_point_with_normals
full-synthetic-development-v1/GEOMETRY_RICH_ROOM/g1/m0/r3/FULL_NOISE,GEOMETRY_RICH_ROOM,1,1957656152,0,217775206,3,FULL_NOISE,NEW_DEVELOPMENT_GENERATED,false,open3d_point_to_plane,full-synthetic-development-v1/GEOMETRY_RICH_ROOM/g1/m0/r3/FULL_NOISE/open3d_point_to_plane
full-synthetic-development-v1/GEOMETRY_RICH_ROOM/g1/m0/r3/FULL_NOISE,GEOMETRY_RICH_ROOM,1,1957656152,0,217775206,3,FULL_NOISE,NEW_DEVELOPMENT_GENERATED,false,pcl_iterative_closest_point_with_normals,full-synthetic-development-v1/GEOMETRY_RICH_ROOM/g1/m0/r3/FULL_NOISE/pcl_iterative_closest_point_with_normals
full-synthetic-development-v1/GEOMETRY_RICH_ROOM/g1/m0/r4/INDEPENDENT_NOISE_FREE,GEOMETRY_RICH_ROOM,1,1957656152,0,217775206,4,INDEPENDENT_NOISE_FREE,NEW_DEVELOPMENT_GENERATED,false,open3d_point_to_plane,full-synthetic-development-v1/GEOMETRY_RICH_ROOM/g1/m0/r4/INDEPENDENT_NOISE_FREE/open3d_point_to_plane
full-synthetic-development-v1/GEOMETRY_RICH_ROOM/g1/m0/r4/INDEPENDENT_NOISE_FREE,GEOMETRY_RICH_ROOM,1,1957656152,0,217775206,4,INDEPENDENT_NOISE_FREE,NEW_DEVELOPMENT_GENERATED,false,pcl_iterative_closest_point_with_normals,full-synthetic-development-v1/GEOMETRY_RICH_ROOM/g1/m0/r4/INDEPENDENT_NOISE_FREE/pcl_iterative_closest_point_with_normals
full-synthetic-development-v1/GEOMETRY_RICH_ROOM/g1/m0/r4/SCAN_NOISE_ONLY,GEOMETRY_RICH_ROOM,1,1957656152,0,217775206,4,SCAN_NOISE_ONLY,NEW_DEVELOPMENT_GENERATED,false,open3d_point_to_plane,full-synthetic-development-v1/GEOMETRY_RICH_ROOM/g1/m0/r4/SCAN_NOISE_ONLY/open3d_point_to_plane
full-synthetic-development-v1/GEOMETRY_RICH_ROOM/g1/m0/r4/SCAN_NOISE_ONLY,GEOMETRY_RICH_ROOM,1,1957656152,0,217775206,4,SCAN_NOISE_ONLY,NEW_DEVELOPMENT_GENERATED,false,pcl_iterative_closest_point_with_normals,full-synthetic-development-v1/GEOMETRY_RICH_ROOM/g1/m0/r4/SCAN_NOISE_ONLY/pcl_iterative_closest_point_with_normals
full-synthetic-development-v1/GEOMETRY_RICH_ROOM/g1/m0/r4/MAP_NOISE_ONLY,GEOMETRY_RICH_ROOM,1,1957656152,0,217775206,4,MAP_NOISE_ONLY,NEW_DEVELOPMENT_GENERATED,false,open3d_point_to_plane,full-synthetic-development-v1/GEOMETRY_RICH_ROOM/g1/m0/r4/MAP_NOISE_ONLY/open3d_point_to_plane
full-synthetic-development-v1/GEOMETRY_RICH_ROOM/g1/m0/r4/MAP_NOISE_ONLY,GEOMETRY_RICH_ROOM,1,1957656152,0,217775206,4,MAP_NOISE_ONLY,NEW_DEVELOPMENT_GENERATED,false,pcl_iterative_closest_point_with_normals,full-synthetic-development-v1/GEOMETRY_RICH_ROOM/g1/m0/r4/MAP_NOISE_ONLY/pcl_iterative_closest_point_with_normals
full-synthetic-development-v1/GEOMETRY_RICH_ROOM/g1/m0/r4/DROPOUT_ONLY,GEOMETRY_RICH_ROOM,1,1957656152,0,217775206,4,DROPOUT_ONLY,NEW_DEVELOPMENT_GENERATED,false,open3d_point_to_plane,full-synthetic-development-v1/GEOMETRY_RICH_ROOM/g1/m0/r4/DROPOUT_ONLY/open3d_point_to_plane
full-synthetic-development-v1/GEOMETRY_RICH_ROOM/g1/m0/r4/DROPOUT_ONLY,GEOMETRY_RICH_ROOM,1,1957656152,0,217775206,4,DROPOUT_ONLY,NEW_DEVELOPMENT_GENERATED,false,pcl_iterative_closest_point_with_normals,full-synthetic-development-v1/GEOMETRY_RICH_ROOM/g1/m0/r4/DROPOUT_ONLY/pcl_iterative_closest_point_with_normals
full-synthetic-development-v1/GEOMETRY_RICH_ROOM/g1/m0/r4/FULL_NOISE,GEOMETRY_RICH_ROOM,1,1957656152,0,217775206,4,FULL_NOISE,NEW_DEVELOPMENT_GENERATED,false,open3d_point_to_plane,full-synthetic-development-v1/GEOMETRY_RICH_ROOM/g1/m0/r4/FULL_NOISE/open3d_point_to_plane
full-synthetic-development-v1/GEOMETRY_RICH_ROOM/g1/m0/r4/FULL_NOISE,GEOMETRY_RICH_ROOM,1,1957656152,0,217775206,4,FULL_NOISE,NEW_DEVELOPMENT_GENERATED,false,pcl_iterative_closest_point_with_normals,full-synthetic-development-v1/GEOMETRY_RICH_ROOM/g1/m0/r4/FULL_NOISE/pcl_iterative_closest_point_with_normals
full-synthetic-development-v1/GEOMETRY_RICH_ROOM/g1/m1/r0/INDEPENDENT_NOISE_FREE,GEOMETRY_RICH_ROOM,1,1957656152,1,1664898153,0,INDEPENDENT_NOISE_FREE,NEW_DEVELOPMENT_GENERATED,false,open3d_point_to_plane,full-synthetic-development-v1/GEOMETRY_RICH_ROOM/g1/m1/r0/INDEPENDENT_NOISE_FREE/open3d_point_to_plane
full-synthetic-development-v1/GEOMETRY_RICH_ROOM/g1/m1/r0/INDEPENDENT_NOISE_FREE,GEOMETRY_RICH_ROOM,1,1957656152,1,1664898153,0,INDEPENDENT_NOISE_FREE,NEW_DEVELOPMENT_GENERATED,false,pcl_iterative_closest_point_with_normals,full-synthetic-development-v1/GEOMETRY_RICH_ROOM/g1/m1/r0/INDEPENDENT_NOISE_FREE/pcl_iterative_closest_point_with_normals
full-synthetic-development-v1/GEOMETRY_RICH_ROOM/g1/m1/r0/SCAN_NOISE_ONLY,GEOMETRY_RICH_ROOM,1,1957656152,1,1664898153,0,SCAN_NOISE_ONLY,NEW_DEVELOPMENT_GENERATED,false,open3d_point_to_plane,full-synthetic-development-v1/GEOMETRY_RICH_ROOM/g1/m1/r0/SCAN_NOISE_ONLY/open3d_point_to_plane
full-synthetic-development-v1/GEOMETRY_RICH_ROOM/g1/m1/r0/SCAN_NOISE_ONLY,GEOMETRY_RICH_ROOM,1,1957656152,1,1664898153,0,SCAN_NOISE_ONLY,NEW_DEVELOPMENT_GENERATED,false,pcl_iterative_closest_point_with_normals,full-synthetic-development-v1/GEOMETRY_RICH_ROOM/g1/m1/r0/SCAN_NOISE_ONLY/pcl_iterative_closest_point_with_normals
full-synthetic-development-v1/GEOMETRY_RICH_ROOM/g1/m1/r0/MAP_NOISE_ONLY,GEOMETRY_RICH_ROOM,1,1957656152,1,1664898153,0,MAP_NOISE_ONLY,NEW_DEVELOPMENT_GENERATED,false,open3d_point_to_plane,full-synthetic-development-v1/GEOMETRY_RICH_ROOM/g1/m1/r0/MAP_NOISE_ONLY/open3d_point_to_plane
full-synthetic-development-v1/GEOMETRY_RICH_ROOM/g1/m1/r0/MAP_NOISE_ONLY,GEOMETRY_RICH_ROOM,1,1957656152,1,1664898153,0,MAP_NOISE_ONLY,NEW_DEVELOPMENT_GENERATED,false,pcl_iterative_closest_point_with_normals,full-synthetic-development-v1/GEOMETRY_RICH_ROOM/g1/m1/r0/MAP_NOISE_ONLY/pcl_iterative_closest_point_with_normals
full-synthetic-development-v1/GEOMETRY_RICH_ROOM/g1/m1/r0/DROPOUT_ONLY,GEOMETRY_RICH_ROOM,1,1957656152,1,1664898153,0,DROPOUT_ONLY,NEW_DEVELOPMENT_GENERATED,false,open3d_point_to_plane,full-synthetic-development-v1/GEOMETRY_RICH_ROOM/g1/m1/r0/DROPOUT_ONLY/open3d_point_to_plane
full-synthetic-development-v1/GEOMETRY_RICH_ROOM/g1/m1/r0/DROPOUT_ONLY,GEOMETRY_RICH_ROOM,1,1957656152,1,1664898153,0,DROPOUT_ONLY,NEW_DEVELOPMENT_GENERATED,false,pcl_iterative_closest_point_with_normals,full-synthetic-development-v1/GEOMETRY_RICH_ROOM/g1/m1/r0/DROPOUT_ONLY/pcl_iterative_closest_point_with_normals
full-synthetic-development-v1/GEOMETRY_RICH_ROOM/g1/m1/r0/FULL_NOISE,GEOMETRY_RICH_ROOM,1,1957656152,1,1664898153,0,FULL_NOISE,NEW_DEVELOPMENT_GENERATED,false,open3d_point_to_plane,full-synthetic-development-v1/GEOMETRY_RICH_ROOM/g1/m1/r0/FULL_NOISE/open3d_point_to_plane
full-synthetic-development-v1/GEOMETRY_RICH_ROOM/g1/m1/r0/FULL_NOISE,GEOMETRY_RICH_ROOM,1,1957656152,1,1664898153,0,FULL_NOISE,NEW_DEVELOPMENT_GENERATED,false,pcl_iterative_closest_point_with_normals,full-synthetic-development-v1/GEOMETRY_RICH_ROOM/g1/m1/r0/FULL_NOISE/pcl_iterative_closest_point_with_normals
full-synthetic-development-v1/GEOMETRY_RICH_ROOM/g1/m1/r1/INDEPENDENT_NOISE_FREE,GEOMETRY_RICH_ROOM,1,1957656152,1,1664898153,1,INDEPENDENT_NOISE_FREE,NEW_DEVELOPMENT_GENERATED,false,open3d_point_to_plane,full-synthetic-development-v1/GEOMETRY_RICH_ROOM/g1/m1/r1/INDEPENDENT_NOISE_FREE/open3d_point_to_plane
full-synthetic-development-v1/GEOMETRY_RICH_ROOM/g1/m1/r1/INDEPENDENT_NOISE_FREE,GEOMETRY_RICH_ROOM,1,1957656152,1,1664898153,1,INDEPENDENT_NOISE_FREE,NEW_DEVELOPMENT_GENERATED,false,pcl_iterative_closest_point_with_normals,full-synthetic-development-v1/GEOMETRY_RICH_ROOM/g1/m1/r1/INDEPENDENT_NOISE_FREE/pcl_iterative_closest_point_with_normals
full-synthetic-development-v1/GEOMETRY_RICH_ROOM/g1/m1/r1/SCAN_NOISE_ONLY,GEOMETRY_RICH_ROOM,1,1957656152,1,1664898153,1,SCAN_NOISE_ONLY,NEW_DEVELOPMENT_GENERATED,false,open3d_point_to_plane,full-synthetic-development-v1/GEOMETRY_RICH_ROOM/g1/m1/r1/SCAN_NOISE_ONLY/open3d_point_to_plane
full-synthetic-development-v1/GEOMETRY_RICH_ROOM/g1/m1/r1/SCAN_NOISE_ONLY,GEOMETRY_RICH_ROOM,1,1957656152,1,1664898153,1,SCAN_NOISE_ONLY,NEW_DEVELOPMENT_GENERATED,false,pcl_iterative_closest_point_with_normals,full-synthetic-development-v1/GEOMETRY_RICH_ROOM/g1/m1/r1/SCAN_NOISE_ONLY/pcl_iterative_closest_point_with_normals
full-synthetic-development-v1/GEOMETRY_RICH_ROOM/g1/m1/r1/MAP_NOISE_ONLY,GEOMETRY_RICH_ROOM,1,1957656152,1,1664898153,1,MAP_NOISE_ONLY,NEW_DEVELOPMENT_GENERATED,false,open3d_point_to_plane,full-synthetic-development-v1/GEOMETRY_RICH_ROOM/g1/m1/r1/MAP_NOISE_ONLY/open3d_point_to_plane
full-synthetic-development-v1/GEOMETRY_RICH_ROOM/g1/m1/r1/MAP_NOISE_ONLY,GEOMETRY_RICH_ROOM,1,1957656152,1,1664898153,1,MAP_NOISE_ONLY,NEW_DEVELOPMENT_GENERATED,false,pcl_iterative_closest_point_with_normals,full-synthetic-development-v1/GEOMETRY_RICH_ROOM/g1/m1/r1/MAP_NOISE_ONLY/pcl_iterative_closest_point_with_normals
full-synthetic-development-v1/GEOMETRY_RICH_ROOM/g1/m1/r1/DROPOUT_ONLY,GEOMETRY_RICH_ROOM,1,1957656152,1,1664898153,1,DROPOUT_ONLY,NEW_DEVELOPMENT_GENERATED,false,open3d_point_to_plane,full-synthetic-development-v1/GEOMETRY_RICH_ROOM/g1/m1/r1/DROPOUT_ONLY/open3d_point_to_plane
full-synthetic-development-v1/GEOMETRY_RICH_ROOM/g1/m1/r1/DROPOUT_ONLY,GEOMETRY_RICH_ROOM,1,1957656152,1,1664898153,1,DROPOUT_ONLY,NEW_DEVELOPMENT_GENERATED,false,pcl_iterative_closest_point_with_normals,full-synthetic-development-v1/GEOMETRY_RICH_ROOM/g1/m1/r1/DROPOUT_ONLY/pcl_iterative_closest_point_with_normals
full-synthetic-development-v1/GEOMETRY_RICH_ROOM/g1/m1/r1/FULL_NOISE,GEOMETRY_RICH_ROOM,1,1957656152,1,1664898153,1,FULL_NOISE,NEW_DEVELOPMENT_GENERATED,false,open3d_point_to_plane,full-synthetic-development-v1/GEOMETRY_RICH_ROOM/g1/m1/r1/FULL_NOISE/open3d_point_to_plane
full-synthetic-development-v1/GEOMETRY_RICH_ROOM/g1/m1/r1/FULL_NOISE,GEOMETRY_RICH_ROOM,1,1957656152,1,1664898153,1,FULL_NOISE,NEW_DEVELOPMENT_GENERATED,false,pcl_iterative_closest_point_with_normals,full-synthetic-development-v1/GEOMETRY_RICH_ROOM/g1/m1/r1/FULL_NOISE/pcl_iterative_closest_point_with_normals
full-synthetic-development-v1/GEOMETRY_RICH_ROOM/g1/m1/r2/INDEPENDENT_NOISE_FREE,GEOMETRY_RICH_ROOM,1,1957656152,1,1664898153,2,INDEPENDENT_NOISE_FREE,NEW_DEVELOPMENT_GENERATED,false,open3d_point_to_plane,full-synthetic-development-v1/GEOMETRY_RICH_ROOM/g1/m1/r2/INDEPENDENT_NOISE_FREE/open3d_point_to_plane
full-synthetic-development-v1/GEOMETRY_RICH_ROOM/g1/m1/r2/INDEPENDENT_NOISE_FREE,GEOMETRY_RICH_ROOM,1,1957656152,1,1664898153,2,INDEPENDENT_NOISE_FREE,NEW_DEVELOPMENT_GENERATED,false,pcl_iterative_closest_point_with_normals,full-synthetic-development-v1/GEOMETRY_RICH_ROOM/g1/m1/r2/INDEPENDENT_NOISE_FREE/pcl_iterative_closest_point_with_normals
full-synthetic-development-v1/GEOMETRY_RICH_ROOM/g1/m1/r2/SCAN_NOISE_ONLY,GEOMETRY_RICH_ROOM,1,1957656152,1,1664898153,2,SCAN_NOISE_ONLY,NEW_DEVELOPMENT_GENERATED,false,open3d_point_to_plane,full-synthetic-development-v1/GEOMETRY_RICH_ROOM/g1/m1/r2/SCAN_NOISE_ONLY/open3d_point_to_plane
full-synthetic-development-v1/GEOMETRY_RICH_ROOM/g1/m1/r2/SCAN_NOISE_ONLY,GEOMETRY_RICH_ROOM,1,1957656152,1,1664898153,2,SCAN_NOISE_ONLY,NEW_DEVELOPMENT_GENERATED,false,pcl_iterative_closest_point_with_normals,full-synthetic-development-v1/GEOMETRY_RICH_ROOM/g1/m1/r2/SCAN_NOISE_ONLY/pcl_iterative_closest_point_with_normals
full-synthetic-development-v1/GEOMETRY_RICH_ROOM/g1/m1/r2/MAP_NOISE_ONLY,GEOMETRY_RICH_ROOM,1,1957656152,1,1664898153,2,MAP_NOISE_ONLY,NEW_DEVELOPMENT_GENERATED,false,open3d_point_to_plane,full-synthetic-development-v1/GEOMETRY_RICH_ROOM/g1/m1/r2/MAP_NOISE_ONLY/open3d_point_to_plane
full-synthetic-development-v1/GEOMETRY_RICH_ROOM/g1/m1/r2/MAP_NOISE_ONLY,GEOMETRY_RICH_ROOM,1,1957656152,1,1664898153,2,MAP_NOISE_ONLY,NEW_DEVELOPMENT_GENERATED,false,pcl_iterative_closest_point_with_normals,full-synthetic-development-v1/GEOMETRY_RICH_ROOM/g1/m1/r2/MAP_NOISE_ONLY/pcl_iterative_closest_point_with_normals
full-synthetic-development-v1/GEOMETRY_RICH_ROOM/g1/m1/r2/DROPOUT_ONLY,GEOMETRY_RICH_ROOM,1,1957656152,1,1664898153,2,DROPOUT_ONLY,NEW_DEVELOPMENT_GENERATED,false,open3d_point_to_plane,full-synthetic-development-v1/GEOMETRY_RICH_ROOM/g1/m1/r2/DROPOUT_ONLY/open3d_point_to_plane
full-synthetic-development-v1/GEOMETRY_RICH_ROOM/g1/m1/r2/DROPOUT_ONLY,GEOMETRY_RICH_ROOM,1,1957656152,1,1664898153,2,DROPOUT_ONLY,NEW_DEVELOPMENT_GENERATED,false,pcl_iterative_closest_point_with_normals,full-synthetic-development-v1/GEOMETRY_RICH_ROOM/g1/m1/r2/DROPOUT_ONLY/pcl_iterative_closest_point_with_normals
full-synthetic-development-v1/GEOMETRY_RICH_ROOM/g1/m1/r2/FULL_NOISE,GEOMETRY_RICH_ROOM,1,1957656152,1,1664898153,2,FULL_NOISE,NEW_DEVELOPMENT_GENERATED,false,open3d_point_to_plane,full-synthetic-development-v1/GEOMETRY_RICH_ROOM/g1/m1/r2/FULL_NOISE/open3d_point_to_plane
full-synthetic-development-v1/GEOMETRY_RICH_ROOM/g1/m1/r2/FULL_NOISE,GEOMETRY_RICH_ROOM,1,1957656152,1,1664898153,2,FULL_NOISE,NEW_DEVELOPMENT_GENERATED,false,pcl_iterative_closest_point_with_normals,full-synthetic-development-v1/GEOMETRY_RICH_ROOM/g1/m1/r2/FULL_NOISE/pcl_iterative_closest_point_with_normals
full-synthetic-development-v1/GEOMETRY_RICH_ROOM/g1/m1/r3/INDEPENDENT_NOISE_FREE,GEOMETRY_RICH_ROOM,1,1957656152,1,1664898153,3,INDEPENDENT_NOISE_FREE,NEW_DEVELOPMENT_GENERATED,false,open3d_point_to_plane,full-synthetic-development-v1/GEOMETRY_RICH_ROOM/g1/m1/r3/INDEPENDENT_NOISE_FREE/open3d_point_to_plane
full-synthetic-development-v1/GEOMETRY_RICH_ROOM/g1/m1/r3/INDEPENDENT_NOISE_FREE,GEOMETRY_RICH_ROOM,1,1957656152,1,1664898153,3,INDEPENDENT_NOISE_FREE,NEW_DEVELOPMENT_GENERATED,false,pcl_iterative_closest_point_with_normals,full-synthetic-development-v1/GEOMETRY_RICH_ROOM/g1/m1/r3/INDEPENDENT_NOISE_FREE/pcl_iterative_closest_point_with_normals
full-synthetic-development-v1/GEOMETRY_RICH_ROOM/g1/m1/r3/SCAN_NOISE_ONLY,GEOMETRY_RICH_ROOM,1,1957656152,1,1664898153,3,SCAN_NOISE_ONLY,NEW_DEVELOPMENT_GENERATED,false,open3d_point_to_plane,full-synthetic-development-v1/GEOMETRY_RICH_ROOM/g1/m1/r3/SCAN_NOISE_ONLY/open3d_point_to_plane
full-synthetic-development-v1/GEOMETRY_RICH_ROOM/g1/m1/r3/SCAN_NOISE_ONLY,GEOMETRY_RICH_ROOM,1,1957656152,1,1664898153,3,SCAN_NOISE_ONLY,NEW_DEVELOPMENT_GENERATED,false,pcl_iterative_closest_point_with_normals,full-synthetic-development-v1/GEOMETRY_RICH_ROOM/g1/m1/r3/SCAN_NOISE_ONLY/pcl_iterative_closest_point_with_normals
full-synthetic-development-v1/GEOMETRY_RICH_ROOM/g1/m1/r3/MAP_NOISE_ONLY,GEOMETRY_RICH_ROOM,1,1957656152,1,1664898153,3,MAP_NOISE_ONLY,NEW_DEVELOPMENT_GENERATED,false,open3d_point_to_plane,full-synthetic-development-v1/GEOMETRY_RICH_ROOM/g1/m1/r3/MAP_NOISE_ONLY/open3d_point_to_plane
full-synthetic-development-v1/GEOMETRY_RICH_ROOM/g1/m1/r3/MAP_NOISE_ONLY,GEOMETRY_RICH_ROOM,1,1957656152,1,1664898153,3,MAP_NOISE_ONLY,NEW_DEVELOPMENT_GENERATED,false,pcl_iterative_closest_point_with_normals,full-synthetic-development-v1/GEOMETRY_RICH_ROOM/g1/m1/r3/MAP_NOISE_ONLY/pcl_iterative_closest_point_with_normals
full-synthetic-development-v1/GEOMETRY_RICH_ROOM/g1/m1/r3/DROPOUT_ONLY,GEOMETRY_RICH_ROOM,1,1957656152,1,1664898153,3,DROPOUT_ONLY,NEW_DEVELOPMENT_GENERATED,false,open3d_point_to_plane,full-synthetic-development-v1/GEOMETRY_RICH_ROOM/g1/m1/r3/DROPOUT_ONLY/open3d_point_to_plane
full-synthetic-development-v1/GEOMETRY_RICH_ROOM/g1/m1/r3/DROPOUT_ONLY,GEOMETRY_RICH_ROOM,1,1957656152,1,1664898153,3,DROPOUT_ONLY,NEW_DEVELOPMENT_GENERATED,false,pcl_iterative_closest_point_with_normals,full-synthetic-development-v1/GEOMETRY_RICH_ROOM/g1/m1/r3/DROPOUT_ONLY/pcl_iterative_closest_point_with_normals
full-synthetic-development-v1/GEOMETRY_RICH_ROOM/g1/m1/r3/FULL_NOISE,GEOMETRY_RICH_ROOM,1,1957656152,1,1664898153,3,FULL_NOISE,NEW_DEVELOPMENT_GENERATED,false,open3d_point_to_plane,full-synthetic-development-v1/GEOMETRY_RICH_ROOM/g1/m1/r3/FULL_NOISE/open3d_point_to_plane
full-synthetic-development-v1/GEOMETRY_RICH_ROOM/g1/m1/r3/FULL_NOISE,GEOMETRY_RICH_ROOM,1,1957656152,1,1664898153,3,FULL_NOISE,NEW_DEVELOPMENT_GENERATED,false,pcl_iterative_closest_point_with_normals,full-synthetic-development-v1/GEOMETRY_RICH_ROOM/g1/m1/r3/FULL_NOISE/pcl_iterative_closest_point_with_normals
full-synthetic-development-v1/GEOMETRY_RICH_ROOM/g1/m1/r4/INDEPENDENT_NOISE_FREE,GEOMETRY_RICH_ROOM,1,1957656152,1,1664898153,4,INDEPENDENT_NOISE_FREE,NEW_DEVELOPMENT_GENERATED,false,open3d_point_to_plane,full-synthetic-development-v1/GEOMETRY_RICH_ROOM/g1/m1/r4/INDEPENDENT_NOISE_FREE/open3d_point_to_plane
full-synthetic-development-v1/GEOMETRY_RICH_ROOM/g1/m1/r4/INDEPENDENT_NOISE_FREE,GEOMETRY_RICH_ROOM,1,1957656152,1,1664898153,4,INDEPENDENT_NOISE_FREE,NEW_DEVELOPMENT_GENERATED,false,pcl_iterative_closest_point_with_normals,full-synthetic-development-v1/GEOMETRY_RICH_ROOM/g1/m1/r4/INDEPENDENT_NOISE_FREE/pcl_iterative_closest_point_with_normals
full-synthetic-development-v1/GEOMETRY_RICH_ROOM/g1/m1/r4/SCAN_NOISE_ONLY,GEOMETRY_RICH_ROOM,1,1957656152,1,1664898153,4,SCAN_NOISE_ONLY,NEW_DEVELOPMENT_GENERATED,false,open3d_point_to_plane,full-synthetic-development-v1/GEOMETRY_RICH_ROOM/g1/m1/r4/SCAN_NOISE_ONLY/open3d_point_to_plane
full-synthetic-development-v1/GEOMETRY_RICH_ROOM/g1/m1/r4/SCAN_NOISE_ONLY,GEOMETRY_RICH_ROOM,1,1957656152,1,1664898153,4,SCAN_NOISE_ONLY,NEW_DEVELOPMENT_GENERATED,false,pcl_iterative_closest_point_with_normals,full-synthetic-development-v1/GEOMETRY_RICH_ROOM/g1/m1/r4/SCAN_NOISE_ONLY/pcl_iterative_closest_point_with_normals
full-synthetic-development-v1/GEOMETRY_RICH_ROOM/g1/m1/r4/MAP_NOISE_ONLY,GEOMETRY_RICH_ROOM,1,1957656152,1,1664898153,4,MAP_NOISE_ONLY,NEW_DEVELOPMENT_GENERATED,false,open3d_point_to_plane,full-synthetic-development-v1/GEOMETRY_RICH_ROOM/g1/m1/r4/MAP_NOISE_ONLY/open3d_point_to_plane
full-synthetic-development-v1/GEOMETRY_RICH_ROOM/g1/m1/r4/MAP_NOISE_ONLY,GEOMETRY_RICH_ROOM,1,1957656152,1,1664898153,4,MAP_NOISE_ONLY,NEW_DEVELOPMENT_GENERATED,false,pcl_iterative_closest_point_with_normals,full-synthetic-development-v1/GEOMETRY_RICH_ROOM/g1/m1/r4/MAP_NOISE_ONLY/pcl_iterative_closest_point_with_normals
full-synthetic-development-v1/GEOMETRY_RICH_ROOM/g1/m1/r4/DROPOUT_ONLY,GEOMETRY_RICH_ROOM,1,1957656152,1,1664898153,4,DROPOUT_ONLY,NEW_DEVELOPMENT_GENERATED,false,open3d_point_to_plane,full-synthetic-development-v1/GEOMETRY_RICH_ROOM/g1/m1/r4/DROPOUT_ONLY/open3d_point_to_plane
full-synthetic-development-v1/GEOMETRY_RICH_ROOM/g1/m1/r4/DROPOUT_ONLY,GEOMETRY_RICH_ROOM,1,1957656152,1,1664898153,4,DROPOUT_ONLY,NEW_DEVELOPMENT_GENERATED,false,pcl_iterative_closest_point_with_normals,full-synthetic-development-v1/GEOMETRY_RICH_ROOM/g1/m1/r4/DROPOUT_ONLY/pcl_iterative_closest_point_with_normals
full-synthetic-development-v1/GEOMETRY_RICH_ROOM/g1/m1/r4/FULL_NOISE,GEOMETRY_RICH_ROOM,1,1957656152,1,1664898153,4,FULL_NOISE,NEW_DEVELOPMENT_GENERATED,false,open3d_point_to_plane,full-synthetic-development-v1/GEOMETRY_RICH_ROOM/g1/m1/r4/FULL_NOISE/open3d_point_to_plane
full-synthetic-development-v1/GEOMETRY_RICH_ROOM/g1/m1/r4/FULL_NOISE,GEOMETRY_RICH_ROOM,1,1957656152,1,1664898153,4,FULL_NOISE,NEW_DEVELOPMENT_GENERATED,false,pcl_iterative_closest_point_with_normals,full-synthetic-development-v1/GEOMETRY_RICH_ROOM/g1/m1/r4/FULL_NOISE/pcl_iterative_closest_point_with_normals
phase-b-signal-v1/GEOMETRY_RICH_ROOM/g2/INDEPENDENT_NOISE_FREE,GEOMETRY_RICH_ROOM,2,1334931069,0,217775206,0,INDEPENDENT_NOISE_FREE,NEW_DEVELOPMENT_GENERATED,true,open3d_point_to_plane,phase-b-signal-v1/GEOMETRY_RICH_ROOM/g2/INDEPENDENT_NOISE_FREE/open3d_point_to_plane
phase-b-signal-v1/GEOMETRY_RICH_ROOM/g2/INDEPENDENT_NOISE_FREE,GEOMETRY_RICH_ROOM,2,1334931069,0,217775206,0,INDEPENDENT_NOISE_FREE,NEW_DEVELOPMENT_GENERATED,true,pcl_iterative_closest_point_with_normals,phase-b-signal-v1/GEOMETRY_RICH_ROOM/g2/INDEPENDENT_NOISE_FREE/pcl_iterative_closest_point_with_normals
full-synthetic-development-v1/GEOMETRY_RICH_ROOM/g2/m0/r0/SCAN_NOISE_ONLY,GEOMETRY_RICH_ROOM,2,1334931069,0,217775206,0,SCAN_NOISE_ONLY,NEW_DEVELOPMENT_GENERATED,false,open3d_point_to_plane,full-synthetic-development-v1/GEOMETRY_RICH_ROOM/g2/m0/r0/SCAN_NOISE_ONLY/open3d_point_to_plane
full-synthetic-development-v1/GEOMETRY_RICH_ROOM/g2/m0/r0/SCAN_NOISE_ONLY,GEOMETRY_RICH_ROOM,2,1334931069,0,217775206,0,SCAN_NOISE_ONLY,NEW_DEVELOPMENT_GENERATED,false,pcl_iterative_closest_point_with_normals,full-synthetic-development-v1/GEOMETRY_RICH_ROOM/g2/m0/r0/SCAN_NOISE_ONLY/pcl_iterative_closest_point_with_normals
full-synthetic-development-v1/GEOMETRY_RICH_ROOM/g2/m0/r0/MAP_NOISE_ONLY,GEOMETRY_RICH_ROOM,2,1334931069,0,217775206,0,MAP_NOISE_ONLY,NEW_DEVELOPMENT_GENERATED,false,open3d_point_to_plane,full-synthetic-development-v1/GEOMETRY_RICH_ROOM/g2/m0/r0/MAP_NOISE_ONLY/open3d_point_to_plane
full-synthetic-development-v1/GEOMETRY_RICH_ROOM/g2/m0/r0/MAP_NOISE_ONLY,GEOMETRY_RICH_ROOM,2,1334931069,0,217775206,0,MAP_NOISE_ONLY,NEW_DEVELOPMENT_GENERATED,false,pcl_iterative_closest_point_with_normals,full-synthetic-development-v1/GEOMETRY_RICH_ROOM/g2/m0/r0/MAP_NOISE_ONLY/pcl_iterative_closest_point_with_normals
full-synthetic-development-v1/GEOMETRY_RICH_ROOM/g2/m0/r0/DROPOUT_ONLY,GEOMETRY_RICH_ROOM,2,1334931069,0,217775206,0,DROPOUT_ONLY,NEW_DEVELOPMENT_GENERATED,false,open3d_point_to_plane,full-synthetic-development-v1/GEOMETRY_RICH_ROOM/g2/m0/r0/DROPOUT_ONLY/open3d_point_to_plane
full-synthetic-development-v1/GEOMETRY_RICH_ROOM/g2/m0/r0/DROPOUT_ONLY,GEOMETRY_RICH_ROOM,2,1334931069,0,217775206,0,DROPOUT_ONLY,NEW_DEVELOPMENT_GENERATED,false,pcl_iterative_closest_point_with_normals,full-synthetic-development-v1/GEOMETRY_RICH_ROOM/g2/m0/r0/DROPOUT_ONLY/pcl_iterative_closest_point_with_normals
phase-b-signal-v1/GEOMETRY_RICH_ROOM/g2/FULL_NOISE,GEOMETRY_RICH_ROOM,2,1334931069,0,217775206,0,FULL_NOISE,NEW_DEVELOPMENT_GENERATED,true,open3d_point_to_plane,phase-b-signal-v1/GEOMETRY_RICH_ROOM/g2/FULL_NOISE/open3d_point_to_plane
phase-b-signal-v1/GEOMETRY_RICH_ROOM/g2/FULL_NOISE,GEOMETRY_RICH_ROOM,2,1334931069,0,217775206,0,FULL_NOISE,NEW_DEVELOPMENT_GENERATED,true,pcl_iterative_closest_point_with_normals,phase-b-signal-v1/GEOMETRY_RICH_ROOM/g2/FULL_NOISE/pcl_iterative_closest_point_with_normals
full-synthetic-development-v1/GEOMETRY_RICH_ROOM/g2/m0/r1/INDEPENDENT_NOISE_FREE,GEOMETRY_RICH_ROOM,2,1334931069,0,217775206,1,INDEPENDENT_NOISE_FREE,NEW_DEVELOPMENT_GENERATED,false,open3d_point_to_plane,full-synthetic-development-v1/GEOMETRY_RICH_ROOM/g2/m0/r1/INDEPENDENT_NOISE_FREE/open3d_point_to_plane
full-synthetic-development-v1/GEOMETRY_RICH_ROOM/g2/m0/r1/INDEPENDENT_NOISE_FREE,GEOMETRY_RICH_ROOM,2,1334931069,0,217775206,1,INDEPENDENT_NOISE_FREE,NEW_DEVELOPMENT_GENERATED,false,pcl_iterative_closest_point_with_normals,full-synthetic-development-v1/GEOMETRY_RICH_ROOM/g2/m0/r1/INDEPENDENT_NOISE_FREE/pcl_iterative_closest_point_with_normals
full-synthetic-development-v1/GEOMETRY_RICH_ROOM/g2/m0/r1/SCAN_NOISE_ONLY,GEOMETRY_RICH_ROOM,2,1334931069,0,217775206,1,SCAN_NOISE_ONLY,NEW_DEVELOPMENT_GENERATED,false,open3d_point_to_plane,full-synthetic-development-v1/GEOMETRY_RICH_ROOM/g2/m0/r1/SCAN_NOISE_ONLY/open3d_point_to_plane
full-synthetic-development-v1/GEOMETRY_RICH_ROOM/g2/m0/r1/SCAN_NOISE_ONLY,GEOMETRY_RICH_ROOM,2,1334931069,0,217775206,1,SCAN_NOISE_ONLY,NEW_DEVELOPMENT_GENERATED,false,pcl_iterative_closest_point_with_normals,full-synthetic-development-v1/GEOMETRY_RICH_ROOM/g2/m0/r1/SCAN_NOISE_ONLY/pcl_iterative_closest_point_with_normals
full-synthetic-development-v1/GEOMETRY_RICH_ROOM/g2/m0/r1/MAP_NOISE_ONLY,GEOMETRY_RICH_ROOM,2,1334931069,0,217775206,1,MAP_NOISE_ONLY,NEW_DEVELOPMENT_GENERATED,false,open3d_point_to_plane,full-synthetic-development-v1/GEOMETRY_RICH_ROOM/g2/m0/r1/MAP_NOISE_ONLY/open3d_point_to_plane
full-synthetic-development-v1/GEOMETRY_RICH_ROOM/g2/m0/r1/MAP_NOISE_ONLY,GEOMETRY_RICH_ROOM,2,1334931069,0,217775206,1,MAP_NOISE_ONLY,NEW_DEVELOPMENT_GENERATED,false,pcl_iterative_closest_point_with_normals,full-synthetic-development-v1/GEOMETRY_RICH_ROOM/g2/m0/r1/MAP_NOISE_ONLY/pcl_iterative_closest_point_with_normals
full-synthetic-development-v1/GEOMETRY_RICH_ROOM/g2/m0/r1/DROPOUT_ONLY,GEOMETRY_RICH_ROOM,2,1334931069,0,217775206,1,DROPOUT_ONLY,NEW_DEVELOPMENT_GENERATED,false,open3d_point_to_plane,full-synthetic-development-v1/GEOMETRY_RICH_ROOM/g2/m0/r1/DROPOUT_ONLY/open3d_point_to_plane
full-synthetic-development-v1/GEOMETRY_RICH_ROOM/g2/m0/r1/DROPOUT_ONLY,GEOMETRY_RICH_ROOM,2,1334931069,0,217775206,1,DROPOUT_ONLY,NEW_DEVELOPMENT_GENERATED,false,pcl_iterative_closest_point_with_normals,full-synthetic-development-v1/GEOMETRY_RICH_ROOM/g2/m0/r1/DROPOUT_ONLY/pcl_iterative_closest_point_with_normals
full-synthetic-development-v1/GEOMETRY_RICH_ROOM/g2/m0/r1/FULL_NOISE,GEOMETRY_RICH_ROOM,2,1334931069,0,217775206,1,FULL_NOISE,NEW_DEVELOPMENT_GENERATED,false,open3d_point_to_plane,full-synthetic-development-v1/GEOMETRY_RICH_ROOM/g2/m0/r1/FULL_NOISE/open3d_point_to_plane
full-synthetic-development-v1/GEOMETRY_RICH_ROOM/g2/m0/r1/FULL_NOISE,GEOMETRY_RICH_ROOM,2,1334931069,0,217775206,1,FULL_NOISE,NEW_DEVELOPMENT_GENERATED,false,pcl_iterative_closest_point_with_normals,full-synthetic-development-v1/GEOMETRY_RICH_ROOM/g2/m0/r1/FULL_NOISE/pcl_iterative_closest_point_with_normals
full-synthetic-development-v1/GEOMETRY_RICH_ROOM/g2/m0/r2/INDEPENDENT_NOISE_FREE,GEOMETRY_RICH_ROOM,2,1334931069,0,217775206,2,INDEPENDENT_NOISE_FREE,NEW_DEVELOPMENT_GENERATED,false,open3d_point_to_plane,full-synthetic-development-v1/GEOMETRY_RICH_ROOM/g2/m0/r2/INDEPENDENT_NOISE_FREE/open3d_point_to_plane
full-synthetic-development-v1/GEOMETRY_RICH_ROOM/g2/m0/r2/INDEPENDENT_NOISE_FREE,GEOMETRY_RICH_ROOM,2,1334931069,0,217775206,2,INDEPENDENT_NOISE_FREE,NEW_DEVELOPMENT_GENERATED,false,pcl_iterative_closest_point_with_normals,full-synthetic-development-v1/GEOMETRY_RICH_ROOM/g2/m0/r2/INDEPENDENT_NOISE_FREE/pcl_iterative_closest_point_with_normals
full-synthetic-development-v1/GEOMETRY_RICH_ROOM/g2/m0/r2/SCAN_NOISE_ONLY,GEOMETRY_RICH_ROOM,2,1334931069,0,217775206,2,SCAN_NOISE_ONLY,NEW_DEVELOPMENT_GENERATED,false,open3d_point_to_plane,full-synthetic-development-v1/GEOMETRY_RICH_ROOM/g2/m0/r2/SCAN_NOISE_ONLY/open3d_point_to_plane
full-synthetic-development-v1/GEOMETRY_RICH_ROOM/g2/m0/r2/SCAN_NOISE_ONLY,GEOMETRY_RICH_ROOM,2,1334931069,0,217775206,2,SCAN_NOISE_ONLY,NEW_DEVELOPMENT_GENERATED,false,pcl_iterative_closest_point_with_normals,full-synthetic-development-v1/GEOMETRY_RICH_ROOM/g2/m0/r2/SCAN_NOISE_ONLY/pcl_iterative_closest_point_with_normals
full-synthetic-development-v1/GEOMETRY_RICH_ROOM/g2/m0/r2/MAP_NOISE_ONLY,GEOMETRY_RICH_ROOM,2,1334931069,0,217775206,2,MAP_NOISE_ONLY,NEW_DEVELOPMENT_GENERATED,false,open3d_point_to_plane,full-synthetic-development-v1/GEOMETRY_RICH_ROOM/g2/m0/r2/MAP_NOISE_ONLY/open3d_point_to_plane
full-synthetic-development-v1/GEOMETRY_RICH_ROOM/g2/m0/r2/MAP_NOISE_ONLY,GEOMETRY_RICH_ROOM,2,1334931069,0,217775206,2,MAP_NOISE_ONLY,NEW_DEVELOPMENT_GENERATED,false,pcl_iterative_closest_point_with_normals,full-synthetic-development-v1/GEOMETRY_RICH_ROOM/g2/m0/r2/MAP_NOISE_ONLY/pcl_iterative_closest_point_with_normals
full-synthetic-development-v1/GEOMETRY_RICH_ROOM/g2/m0/r2/DROPOUT_ONLY,GEOMETRY_RICH_ROOM,2,1334931069,0,217775206,2,DROPOUT_ONLY,NEW_DEVELOPMENT_GENERATED,false,open3d_point_to_plane,full-synthetic-development-v1/GEOMETRY_RICH_ROOM/g2/m0/r2/DROPOUT_ONLY/open3d_point_to_plane
full-synthetic-development-v1/GEOMETRY_RICH_ROOM/g2/m0/r2/DROPOUT_ONLY,GEOMETRY_RICH_ROOM,2,1334931069,0,217775206,2,DROPOUT_ONLY,NEW_DEVELOPMENT_GENERATED,false,pcl_iterative_closest_point_with_normals,full-synthetic-development-v1/GEOMETRY_RICH_ROOM/g2/m0/r2/DROPOUT_ONLY/pcl_iterative_closest_point_with_normals
full-synthetic-development-v1/GEOMETRY_RICH_ROOM/g2/m0/r2/FULL_NOISE,GEOMETRY_RICH_ROOM,2,1334931069,0,217775206,2,FULL_NOISE,NEW_DEVELOPMENT_GENERATED,false,open3d_point_to_plane,full-synthetic-development-v1/GEOMETRY_RICH_ROOM/g2/m0/r2/FULL_NOISE/open3d_point_to_plane
full-synthetic-development-v1/GEOMETRY_RICH_ROOM/g2/m0/r2/FULL_NOISE,GEOMETRY_RICH_ROOM,2,1334931069,0,217775206,2,FULL_NOISE,NEW_DEVELOPMENT_GENERATED,false,pcl_iterative_closest_point_with_normals,full-synthetic-development-v1/GEOMETRY_RICH_ROOM/g2/m0/r2/FULL_NOISE/pcl_iterative_closest_point_with_normals
full-synthetic-development-v1/GEOMETRY_RICH_ROOM/g2/m0/r3/INDEPENDENT_NOISE_FREE,GEOMETRY_RICH_ROOM,2,1334931069,0,217775206,3,INDEPENDENT_NOISE_FREE,NEW_DEVELOPMENT_GENERATED,false,open3d_point_to_plane,full-synthetic-development-v1/GEOMETRY_RICH_ROOM/g2/m0/r3/INDEPENDENT_NOISE_FREE/open3d_point_to_plane
full-synthetic-development-v1/GEOMETRY_RICH_ROOM/g2/m0/r3/INDEPENDENT_NOISE_FREE,GEOMETRY_RICH_ROOM,2,1334931069,0,217775206,3,INDEPENDENT_NOISE_FREE,NEW_DEVELOPMENT_GENERATED,false,pcl_iterative_closest_point_with_normals,full-synthetic-development-v1/GEOMETRY_RICH_ROOM/g2/m0/r3/INDEPENDENT_NOISE_FREE/pcl_iterative_closest_point_with_normals
full-synthetic-development-v1/GEOMETRY_RICH_ROOM/g2/m0/r3/SCAN_NOISE_ONLY,GEOMETRY_RICH_ROOM,2,1334931069,0,217775206,3,SCAN_NOISE_ONLY,NEW_DEVELOPMENT_GENERATED,false,open3d_point_to_plane,full-synthetic-development-v1/GEOMETRY_RICH_ROOM/g2/m0/r3/SCAN_NOISE_ONLY/open3d_point_to_plane
full-synthetic-development-v1/GEOMETRY_RICH_ROOM/g2/m0/r3/SCAN_NOISE_ONLY,GEOMETRY_RICH_ROOM,2,1334931069,0,217775206,3,SCAN_NOISE_ONLY,NEW_DEVELOPMENT_GENERATED,false,pcl_iterative_closest_point_with_normals,full-synthetic-development-v1/GEOMETRY_RICH_ROOM/g2/m0/r3/SCAN_NOISE_ONLY/pcl_iterative_closest_point_with_normals
full-synthetic-development-v1/GEOMETRY_RICH_ROOM/g2/m0/r3/MAP_NOISE_ONLY,GEOMETRY_RICH_ROOM,2,1334931069,0,217775206,3,MAP_NOISE_ONLY,NEW_DEVELOPMENT_GENERATED,false,open3d_point_to_plane,full-synthetic-development-v1/GEOMETRY_RICH_ROOM/g2/m0/r3/MAP_NOISE_ONLY/open3d_point_to_plane
full-synthetic-development-v1/GEOMETRY_RICH_ROOM/g2/m0/r3/MAP_NOISE_ONLY,GEOMETRY_RICH_ROOM,2,1334931069,0,217775206,3,MAP_NOISE_ONLY,NEW_DEVELOPMENT_GENERATED,false,pcl_iterative_closest_point_with_normals,full-synthetic-development-v1/GEOMETRY_RICH_ROOM/g2/m0/r3/MAP_NOISE_ONLY/pcl_iterative_closest_point_with_normals
full-synthetic-development-v1/GEOMETRY_RICH_ROOM/g2/m0/r3/DROPOUT_ONLY,GEOMETRY_RICH_ROOM,2,1334931069,0,217775206,3,DROPOUT_ONLY,NEW_DEVELOPMENT_GENERATED,false,open3d_point_to_plane,full-synthetic-development-v1/GEOMETRY_RICH_ROOM/g2/m0/r3/DROPOUT_ONLY/open3d_point_to_plane
full-synthetic-development-v1/GEOMETRY_RICH_ROOM/g2/m0/r3/DROPOUT_ONLY,GEOMETRY_RICH_ROOM,2,1334931069,0,217775206,3,DROPOUT_ONLY,NEW_DEVELOPMENT_GENERATED,false,pcl_iterative_closest_point_with_normals,full-synthetic-development-v1/GEOMETRY_RICH_ROOM/g2/m0/r3/DROPOUT_ONLY/pcl_iterative_closest_point_with_normals
full-synthetic-development-v1/GEOMETRY_RICH_ROOM/g2/m0/r3/FULL_NOISE,GEOMETRY_RICH_ROOM,2,1334931069,0,217775206,3,FULL_NOISE,NEW_DEVELOPMENT_GENERATED,false,open3d_point_to_plane,full-synthetic-development-v1/GEOMETRY_RICH_ROOM/g2/m0/r3/FULL_NOISE/open3d_point_to_plane
full-synthetic-development-v1/GEOMETRY_RICH_ROOM/g2/m0/r3/FULL_NOISE,GEOMETRY_RICH_ROOM,2,1334931069,0,217775206,3,FULL_NOISE,NEW_DEVELOPMENT_GENERATED,false,pcl_iterative_closest_point_with_normals,full-synthetic-development-v1/GEOMETRY_RICH_ROOM/g2/m0/r3/FULL_NOISE/pcl_iterative_closest_point_with_normals
full-synthetic-development-v1/GEOMETRY_RICH_ROOM/g2/m0/r4/INDEPENDENT_NOISE_FREE,GEOMETRY_RICH_ROOM,2,1334931069,0,217775206,4,INDEPENDENT_NOISE_FREE,NEW_DEVELOPMENT_GENERATED,false,open3d_point_to_plane,full-synthetic-development-v1/GEOMETRY_RICH_ROOM/g2/m0/r4/INDEPENDENT_NOISE_FREE/open3d_point_to_plane
full-synthetic-development-v1/GEOMETRY_RICH_ROOM/g2/m0/r4/INDEPENDENT_NOISE_FREE,GEOMETRY_RICH_ROOM,2,1334931069,0,217775206,4,INDEPENDENT_NOISE_FREE,NEW_DEVELOPMENT_GENERATED,false,pcl_iterative_closest_point_with_normals,full-synthetic-development-v1/GEOMETRY_RICH_ROOM/g2/m0/r4/INDEPENDENT_NOISE_FREE/pcl_iterative_closest_point_with_normals
full-synthetic-development-v1/GEOMETRY_RICH_ROOM/g2/m0/r4/SCAN_NOISE_ONLY,GEOMETRY_RICH_ROOM,2,1334931069,0,217775206,4,SCAN_NOISE_ONLY,NEW_DEVELOPMENT_GENERATED,false,open3d_point_to_plane,full-synthetic-development-v1/GEOMETRY_RICH_ROOM/g2/m0/r4/SCAN_NOISE_ONLY/open3d_point_to_plane
full-synthetic-development-v1/GEOMETRY_RICH_ROOM/g2/m0/r4/SCAN_NOISE_ONLY,GEOMETRY_RICH_ROOM,2,1334931069,0,217775206,4,SCAN_NOISE_ONLY,NEW_DEVELOPMENT_GENERATED,false,pcl_iterative_closest_point_with_normals,full-synthetic-development-v1/GEOMETRY_RICH_ROOM/g2/m0/r4/SCAN_NOISE_ONLY/pcl_iterative_closest_point_with_normals
full-synthetic-development-v1/GEOMETRY_RICH_ROOM/g2/m0/r4/MAP_NOISE_ONLY,GEOMETRY_RICH_ROOM,2,1334931069,0,217775206,4,MAP_NOISE_ONLY,NEW_DEVELOPMENT_GENERATED,false,open3d_point_to_plane,full-synthetic-development-v1/GEOMETRY_RICH_ROOM/g2/m0/r4/MAP_NOISE_ONLY/open3d_point_to_plane
full-synthetic-development-v1/GEOMETRY_RICH_ROOM/g2/m0/r4/MAP_NOISE_ONLY,GEOMETRY_RICH_ROOM,2,1334931069,0,217775206,4,MAP_NOISE_ONLY,NEW_DEVELOPMENT_GENERATED,false,pcl_iterative_closest_point_with_normals,full-synthetic-development-v1/GEOMETRY_RICH_ROOM/g2/m0/r4/MAP_NOISE_ONLY/pcl_iterative_closest_point_with_normals
full-synthetic-development-v1/GEOMETRY_RICH_ROOM/g2/m0/r4/DROPOUT_ONLY,GEOMETRY_RICH_ROOM,2,1334931069,0,217775206,4,DROPOUT_ONLY,NEW_DEVELOPMENT_GENERATED,false,open3d_point_to_plane,full-synthetic-development-v1/GEOMETRY_RICH_ROOM/g2/m0/r4/DROPOUT_ONLY/open3d_point_to_plane
full-synthetic-development-v1/GEOMETRY_RICH_ROOM/g2/m0/r4/DROPOUT_ONLY,GEOMETRY_RICH_ROOM,2,1334931069,0,217775206,4,DROPOUT_ONLY,NEW_DEVELOPMENT_GENERATED,false,pcl_iterative_closest_point_with_normals,full-synthetic-development-v1/GEOMETRY_RICH_ROOM/g2/m0/r4/DROPOUT_ONLY/pcl_iterative_closest_point_with_normals
full-synthetic-development-v1/GEOMETRY_RICH_ROOM/g2/m0/r4/FULL_NOISE,GEOMETRY_RICH_ROOM,2,1334931069,0,217775206,4,FULL_NOISE,NEW_DEVELOPMENT_GENERATED,false,open3d_point_to_plane,full-synthetic-development-v1/GEOMETRY_RICH_ROOM/g2/m0/r4/FULL_NOISE/open3d_point_to_plane
full-synthetic-development-v1/GEOMETRY_RICH_ROOM/g2/m0/r4/FULL_NOISE,GEOMETRY_RICH_ROOM,2,1334931069,0,217775206,4,FULL_NOISE,NEW_DEVELOPMENT_GENERATED,false,pcl_iterative_closest_point_with_normals,full-synthetic-development-v1/GEOMETRY_RICH_ROOM/g2/m0/r4/FULL_NOISE/pcl_iterative_closest_point_with_normals
full-synthetic-development-v1/GEOMETRY_RICH_ROOM/g2/m1/r0/INDEPENDENT_NOISE_FREE,GEOMETRY_RICH_ROOM,2,1334931069,1,1664898153,0,INDEPENDENT_NOISE_FREE,NEW_DEVELOPMENT_GENERATED,false,open3d_point_to_plane,full-synthetic-development-v1/GEOMETRY_RICH_ROOM/g2/m1/r0/INDEPENDENT_NOISE_FREE/open3d_point_to_plane
full-synthetic-development-v1/GEOMETRY_RICH_ROOM/g2/m1/r0/INDEPENDENT_NOISE_FREE,GEOMETRY_RICH_ROOM,2,1334931069,1,1664898153,0,INDEPENDENT_NOISE_FREE,NEW_DEVELOPMENT_GENERATED,false,pcl_iterative_closest_point_with_normals,full-synthetic-development-v1/GEOMETRY_RICH_ROOM/g2/m1/r0/INDEPENDENT_NOISE_FREE/pcl_iterative_closest_point_with_normals
full-synthetic-development-v1/GEOMETRY_RICH_ROOM/g2/m1/r0/SCAN_NOISE_ONLY,GEOMETRY_RICH_ROOM,2,1334931069,1,1664898153,0,SCAN_NOISE_ONLY,NEW_DEVELOPMENT_GENERATED,false,open3d_point_to_plane,full-synthetic-development-v1/GEOMETRY_RICH_ROOM/g2/m1/r0/SCAN_NOISE_ONLY/open3d_point_to_plane
full-synthetic-development-v1/GEOMETRY_RICH_ROOM/g2/m1/r0/SCAN_NOISE_ONLY,GEOMETRY_RICH_ROOM,2,1334931069,1,1664898153,0,SCAN_NOISE_ONLY,NEW_DEVELOPMENT_GENERATED,false,pcl_iterative_closest_point_with_normals,full-synthetic-development-v1/GEOMETRY_RICH_ROOM/g2/m1/r0/SCAN_NOISE_ONLY/pcl_iterative_closest_point_with_normals
full-synthetic-development-v1/GEOMETRY_RICH_ROOM/g2/m1/r0/MAP_NOISE_ONLY,GEOMETRY_RICH_ROOM,2,1334931069,1,1664898153,0,MAP_NOISE_ONLY,NEW_DEVELOPMENT_GENERATED,false,open3d_point_to_plane,full-synthetic-development-v1/GEOMETRY_RICH_ROOM/g2/m1/r0/MAP_NOISE_ONLY/open3d_point_to_plane
full-synthetic-development-v1/GEOMETRY_RICH_ROOM/g2/m1/r0/MAP_NOISE_ONLY,GEOMETRY_RICH_ROOM,2,1334931069,1,1664898153,0,MAP_NOISE_ONLY,NEW_DEVELOPMENT_GENERATED,false,pcl_iterative_closest_point_with_normals,full-synthetic-development-v1/GEOMETRY_RICH_ROOM/g2/m1/r0/MAP_NOISE_ONLY/pcl_iterative_closest_point_with_normals
full-synthetic-development-v1/GEOMETRY_RICH_ROOM/g2/m1/r0/DROPOUT_ONLY,GEOMETRY_RICH_ROOM,2,1334931069,1,1664898153,0,DROPOUT_ONLY,NEW_DEVELOPMENT_GENERATED,false,open3d_point_to_plane,full-synthetic-development-v1/GEOMETRY_RICH_ROOM/g2/m1/r0/DROPOUT_ONLY/open3d_point_to_plane
full-synthetic-development-v1/GEOMETRY_RICH_ROOM/g2/m1/r0/DROPOUT_ONLY,GEOMETRY_RICH_ROOM,2,1334931069,1,1664898153,0,DROPOUT_ONLY,NEW_DEVELOPMENT_GENERATED,false,pcl_iterative_closest_point_with_normals,full-synthetic-development-v1/GEOMETRY_RICH_ROOM/g2/m1/r0/DROPOUT_ONLY/pcl_iterative_closest_point_with_normals
full-synthetic-development-v1/GEOMETRY_RICH_ROOM/g2/m1/r0/FULL_NOISE,GEOMETRY_RICH_ROOM,2,1334931069,1,1664898153,0,FULL_NOISE,NEW_DEVELOPMENT_GENERATED,false,open3d_point_to_plane,full-synthetic-development-v1/GEOMETRY_RICH_ROOM/g2/m1/r0/FULL_NOISE/open3d_point_to_plane
full-synthetic-development-v1/GEOMETRY_RICH_ROOM/g2/m1/r0/FULL_NOISE,GEOMETRY_RICH_ROOM,2,1334931069,1,1664898153,0,FULL_NOISE,NEW_DEVELOPMENT_GENERATED,false,pcl_iterative_closest_point_with_normals,full-synthetic-development-v1/GEOMETRY_RICH_ROOM/g2/m1/r0/FULL_NOISE/pcl_iterative_closest_point_with_normals
full-synthetic-development-v1/GEOMETRY_RICH_ROOM/g2/m1/r1/INDEPENDENT_NOISE_FREE,GEOMETRY_RICH_ROOM,2,1334931069,1,1664898153,1,INDEPENDENT_NOISE_FREE,NEW_DEVELOPMENT_GENERATED,false,open3d_point_to_plane,full-synthetic-development-v1/GEOMETRY_RICH_ROOM/g2/m1/r1/INDEPENDENT_NOISE_FREE/open3d_point_to_plane
full-synthetic-development-v1/GEOMETRY_RICH_ROOM/g2/m1/r1/INDEPENDENT_NOISE_FREE,GEOMETRY_RICH_ROOM,2,1334931069,1,1664898153,1,INDEPENDENT_NOISE_FREE,NEW_DEVELOPMENT_GENERATED,false,pcl_iterative_closest_point_with_normals,full-synthetic-development-v1/GEOMETRY_RICH_ROOM/g2/m1/r1/INDEPENDENT_NOISE_FREE/pcl_iterative_closest_point_with_normals
full-synthetic-development-v1/GEOMETRY_RICH_ROOM/g2/m1/r1/SCAN_NOISE_ONLY,GEOMETRY_RICH_ROOM,2,1334931069,1,1664898153,1,SCAN_NOISE_ONLY,NEW_DEVELOPMENT_GENERATED,false,open3d_point_to_plane,full-synthetic-development-v1/GEOMETRY_RICH_ROOM/g2/m1/r1/SCAN_NOISE_ONLY/open3d_point_to_plane
full-synthetic-development-v1/GEOMETRY_RICH_ROOM/g2/m1/r1/SCAN_NOISE_ONLY,GEOMETRY_RICH_ROOM,2,1334931069,1,1664898153,1,SCAN_NOISE_ONLY,NEW_DEVELOPMENT_GENERATED,false,pcl_iterative_closest_point_with_normals,full-synthetic-development-v1/GEOMETRY_RICH_ROOM/g2/m1/r1/SCAN_NOISE_ONLY/pcl_iterative_closest_point_with_normals
full-synthetic-development-v1/GEOMETRY_RICH_ROOM/g2/m1/r1/MAP_NOISE_ONLY,GEOMETRY_RICH_ROOM,2,1334931069,1,1664898153,1,MAP_NOISE_ONLY,NEW_DEVELOPMENT_GENERATED,false,open3d_point_to_plane,full-synthetic-development-v1/GEOMETRY_RICH_ROOM/g2/m1/r1/MAP_NOISE_ONLY/open3d_point_to_plane
full-synthetic-development-v1/GEOMETRY_RICH_ROOM/g2/m1/r1/MAP_NOISE_ONLY,GEOMETRY_RICH_ROOM,2,1334931069,1,1664898153,1,MAP_NOISE_ONLY,NEW_DEVELOPMENT_GENERATED,false,pcl_iterative_closest_point_with_normals,full-synthetic-development-v1/GEOMETRY_RICH_ROOM/g2/m1/r1/MAP_NOISE_ONLY/pcl_iterative_closest_point_with_normals
full-synthetic-development-v1/GEOMETRY_RICH_ROOM/g2/m1/r1/DROPOUT_ONLY,GEOMETRY_RICH_ROOM,2,1334931069,1,1664898153,1,DROPOUT_ONLY,NEW_DEVELOPMENT_GENERATED,false,open3d_point_to_plane,full-synthetic-development-v1/GEOMETRY_RICH_ROOM/g2/m1/r1/DROPOUT_ONLY/open3d_point_to_plane
full-synthetic-development-v1/GEOMETRY_RICH_ROOM/g2/m1/r1/DROPOUT_ONLY,GEOMETRY_RICH_ROOM,2,1334931069,1,1664898153,1,DROPOUT_ONLY,NEW_DEVELOPMENT_GENERATED,false,pcl_iterative_closest_point_with_normals,full-synthetic-development-v1/GEOMETRY_RICH_ROOM/g2/m1/r1/DROPOUT_ONLY/pcl_iterative_closest_point_with_normals
full-synthetic-development-v1/GEOMETRY_RICH_ROOM/g2/m1/r1/FULL_NOISE,GEOMETRY_RICH_ROOM,2,1334931069,1,1664898153,1,FULL_NOISE,NEW_DEVELOPMENT_GENERATED,false,open3d_point_to_plane,full-synthetic-development-v1/GEOMETRY_RICH_ROOM/g2/m1/r1/FULL_NOISE/open3d_point_to_plane
full-synthetic-development-v1/GEOMETRY_RICH_ROOM/g2/m1/r1/FULL_NOISE,GEOMETRY_RICH_ROOM,2,1334931069,1,1664898153,1,FULL_NOISE,NEW_DEVELOPMENT_GENERATED,false,pcl_iterative_closest_point_with_normals,full-synthetic-development-v1/GEOMETRY_RICH_ROOM/g2/m1/r1/FULL_NOISE/pcl_iterative_closest_point_with_normals
full-synthetic-development-v1/GEOMETRY_RICH_ROOM/g2/m1/r2/INDEPENDENT_NOISE_FREE,GEOMETRY_RICH_ROOM,2,1334931069,1,1664898153,2,INDEPENDENT_NOISE_FREE,NEW_DEVELOPMENT_GENERATED,false,open3d_point_to_plane,full-synthetic-development-v1/GEOMETRY_RICH_ROOM/g2/m1/r2/INDEPENDENT_NOISE_FREE/open3d_point_to_plane
full-synthetic-development-v1/GEOMETRY_RICH_ROOM/g2/m1/r2/INDEPENDENT_NOISE_FREE,GEOMETRY_RICH_ROOM,2,1334931069,1,1664898153,2,INDEPENDENT_NOISE_FREE,NEW_DEVELOPMENT_GENERATED,false,pcl_iterative_closest_point_with_normals,full-synthetic-development-v1/GEOMETRY_RICH_ROOM/g2/m1/r2/INDEPENDENT_NOISE_FREE/pcl_iterative_closest_point_with_normals
full-synthetic-development-v1/GEOMETRY_RICH_ROOM/g2/m1/r2/SCAN_NOISE_ONLY,GEOMETRY_RICH_ROOM,2,1334931069,1,1664898153,2,SCAN_NOISE_ONLY,NEW_DEVELOPMENT_GENERATED,false,open3d_point_to_plane,full-synthetic-development-v1/GEOMETRY_RICH_ROOM/g2/m1/r2/SCAN_NOISE_ONLY/open3d_point_to_plane
full-synthetic-development-v1/GEOMETRY_RICH_ROOM/g2/m1/r2/SCAN_NOISE_ONLY,GEOMETRY_RICH_ROOM,2,1334931069,1,1664898153,2,SCAN_NOISE_ONLY,NEW_DEVELOPMENT_GENERATED,false,pcl_iterative_closest_point_with_normals,full-synthetic-development-v1/GEOMETRY_RICH_ROOM/g2/m1/r2/SCAN_NOISE_ONLY/pcl_iterative_closest_point_with_normals
full-synthetic-development-v1/GEOMETRY_RICH_ROOM/g2/m1/r2/MAP_NOISE_ONLY,GEOMETRY_RICH_ROOM,2,1334931069,1,1664898153,2,MAP_NOISE_ONLY,NEW_DEVELOPMENT_GENERATED,false,open3d_point_to_plane,full-synthetic-development-v1/GEOMETRY_RICH_ROOM/g2/m1/r2/MAP_NOISE_ONLY/open3d_point_to_plane
full-synthetic-development-v1/GEOMETRY_RICH_ROOM/g2/m1/r2/MAP_NOISE_ONLY,GEOMETRY_RICH_ROOM,2,1334931069,1,1664898153,2,MAP_NOISE_ONLY,NEW_DEVELOPMENT_GENERATED,false,pcl_iterative_closest_point_with_normals,full-synthetic-development-v1/GEOMETRY_RICH_ROOM/g2/m1/r2/MAP_NOISE_ONLY/pcl_iterative_closest_point_with_normals
full-synthetic-development-v1/GEOMETRY_RICH_ROOM/g2/m1/r2/DROPOUT_ONLY,GEOMETRY_RICH_ROOM,2,1334931069,1,1664898153,2,DROPOUT_ONLY,NEW_DEVELOPMENT_GENERATED,false,open3d_point_to_plane,full-synthetic-development-v1/GEOMETRY_RICH_ROOM/g2/m1/r2/DROPOUT_ONLY/open3d_point_to_plane
full-synthetic-development-v1/GEOMETRY_RICH_ROOM/g2/m1/r2/DROPOUT_ONLY,GEOMETRY_RICH_ROOM,2,1334931069,1,1664898153,2,DROPOUT_ONLY,NEW_DEVELOPMENT_GENERATED,false,pcl_iterative_closest_point_with_normals,full-synthetic-development-v1/GEOMETRY_RICH_ROOM/g2/m1/r2/DROPOUT_ONLY/pcl_iterative_closest_point_with_normals
full-synthetic-development-v1/GEOMETRY_RICH_ROOM/g2/m1/r2/FULL_NOISE,GEOMETRY_RICH_ROOM,2,1334931069,1,1664898153,2,FULL_NOISE,NEW_DEVELOPMENT_GENERATED,false,open3d_point_to_plane,full-synthetic-development-v1/GEOMETRY_RICH_ROOM/g2/m1/r2/FULL_NOISE/open3d_point_to_plane
full-synthetic-development-v1/GEOMETRY_RICH_ROOM/g2/m1/r2/FULL_NOISE,GEOMETRY_RICH_ROOM,2,1334931069,1,1664898153,2,FULL_NOISE,NEW_DEVELOPMENT_GENERATED,false,pcl_iterative_closest_point_with_normals,full-synthetic-development-v1/GEOMETRY_RICH_ROOM/g2/m1/r2/FULL_NOISE/pcl_iterative_closest_point_with_normals
full-synthetic-development-v1/GEOMETRY_RICH_ROOM/g2/m1/r3/INDEPENDENT_NOISE_FREE,GEOMETRY_RICH_ROOM,2,1334931069,1,1664898153,3,INDEPENDENT_NOISE_FREE,NEW_DEVELOPMENT_GENERATED,false,open3d_point_to_plane,full-synthetic-development-v1/GEOMETRY_RICH_ROOM/g2/m1/r3/INDEPENDENT_NOISE_FREE/open3d_point_to_plane
full-synthetic-development-v1/GEOMETRY_RICH_ROOM/g2/m1/r3/INDEPENDENT_NOISE_FREE,GEOMETRY_RICH_ROOM,2,1334931069,1,1664898153,3,INDEPENDENT_NOISE_FREE,NEW_DEVELOPMENT_GENERATED,false,pcl_iterative_closest_point_with_normals,full-synthetic-development-v1/GEOMETRY_RICH_ROOM/g2/m1/r3/INDEPENDENT_NOISE_FREE/pcl_iterative_closest_point_with_normals
full-synthetic-development-v1/GEOMETRY_RICH_ROOM/g2/m1/r3/SCAN_NOISE_ONLY,GEOMETRY_RICH_ROOM,2,1334931069,1,1664898153,3,SCAN_NOISE_ONLY,NEW_DEVELOPMENT_GENERATED,false,open3d_point_to_plane,full-synthetic-development-v1/GEOMETRY_RICH_ROOM/g2/m1/r3/SCAN_NOISE_ONLY/open3d_point_to_plane
full-synthetic-development-v1/GEOMETRY_RICH_ROOM/g2/m1/r3/SCAN_NOISE_ONLY,GEOMETRY_RICH_ROOM,2,1334931069,1,1664898153,3,SCAN_NOISE_ONLY,NEW_DEVELOPMENT_GENERATED,false,pcl_iterative_closest_point_with_normals,full-synthetic-development-v1/GEOMETRY_RICH_ROOM/g2/m1/r3/SCAN_NOISE_ONLY/pcl_iterative_closest_point_with_normals
full-synthetic-development-v1/GEOMETRY_RICH_ROOM/g2/m1/r3/MAP_NOISE_ONLY,GEOMETRY_RICH_ROOM,2,1334931069,1,1664898153,3,MAP_NOISE_ONLY,NEW_DEVELOPMENT_GENERATED,false,open3d_point_to_plane,full-synthetic-development-v1/GEOMETRY_RICH_ROOM/g2/m1/r3/MAP_NOISE_ONLY/open3d_point_to_plane
full-synthetic-development-v1/GEOMETRY_RICH_ROOM/g2/m1/r3/MAP_NOISE_ONLY,GEOMETRY_RICH_ROOM,2,1334931069,1,1664898153,3,MAP_NOISE_ONLY,NEW_DEVELOPMENT_GENERATED,false,pcl_iterative_closest_point_with_normals,full-synthetic-development-v1/GEOMETRY_RICH_ROOM/g2/m1/r3/MAP_NOISE_ONLY/pcl_iterative_closest_point_with_normals
full-synthetic-development-v1/GEOMETRY_RICH_ROOM/g2/m1/r3/DROPOUT_ONLY,GEOMETRY_RICH_ROOM,2,1334931069,1,1664898153,3,DROPOUT_ONLY,NEW_DEVELOPMENT_GENERATED,false,open3d_point_to_plane,full-synthetic-development-v1/GEOMETRY_RICH_ROOM/g2/m1/r3/DROPOUT_ONLY/open3d_point_to_plane
full-synthetic-development-v1/GEOMETRY_RICH_ROOM/g2/m1/r3/DROPOUT_ONLY,GEOMETRY_RICH_ROOM,2,1334931069,1,1664898153,3,DROPOUT_ONLY,NEW_DEVELOPMENT_GENERATED,false,pcl_iterative_closest_point_with_normals,full-synthetic-development-v1/GEOMETRY_RICH_ROOM/g2/m1/r3/DROPOUT_ONLY/pcl_iterative_closest_point_with_normals
full-synthetic-development-v1/GEOMETRY_RICH_ROOM/g2/m1/r3/FULL_NOISE,GEOMETRY_RICH_ROOM,2,1334931069,1,1664898153,3,FULL_NOISE,NEW_DEVELOPMENT_GENERATED,false,open3d_point_to_plane,full-synthetic-development-v1/GEOMETRY_RICH_ROOM/g2/m1/r3/FULL_NOISE/open3d_point_to_plane
full-synthetic-development-v1/GEOMETRY_RICH_ROOM/g2/m1/r3/FULL_NOISE,GEOMETRY_RICH_ROOM,2,1334931069,1,1664898153,3,FULL_NOISE,NEW_DEVELOPMENT_GENERATED,false,pcl_iterative_closest_point_with_normals,full-synthetic-development-v1/GEOMETRY_RICH_ROOM/g2/m1/r3/FULL_NOISE/pcl_iterative_closest_point_with_normals
full-synthetic-development-v1/GEOMETRY_RICH_ROOM/g2/m1/r4/INDEPENDENT_NOISE_FREE,GEOMETRY_RICH_ROOM,2,1334931069,1,1664898153,4,INDEPENDENT_NOISE_FREE,NEW_DEVELOPMENT_GENERATED,false,open3d_point_to_plane,full-synthetic-development-v1/GEOMETRY_RICH_ROOM/g2/m1/r4/INDEPENDENT_NOISE_FREE/open3d_point_to_plane
full-synthetic-development-v1/GEOMETRY_RICH_ROOM/g2/m1/r4/INDEPENDENT_NOISE_FREE,GEOMETRY_RICH_ROOM,2,1334931069,1,1664898153,4,INDEPENDENT_NOISE_FREE,NEW_DEVELOPMENT_GENERATED,false,pcl_iterative_closest_point_with_normals,full-synthetic-development-v1/GEOMETRY_RICH_ROOM/g2/m1/r4/INDEPENDENT_NOISE_FREE/pcl_iterative_closest_point_with_normals
full-synthetic-development-v1/GEOMETRY_RICH_ROOM/g2/m1/r4/SCAN_NOISE_ONLY,GEOMETRY_RICH_ROOM,2,1334931069,1,1664898153,4,SCAN_NOISE_ONLY,NEW_DEVELOPMENT_GENERATED,false,open3d_point_to_plane,full-synthetic-development-v1/GEOMETRY_RICH_ROOM/g2/m1/r4/SCAN_NOISE_ONLY/open3d_point_to_plane
full-synthetic-development-v1/GEOMETRY_RICH_ROOM/g2/m1/r4/SCAN_NOISE_ONLY,GEOMETRY_RICH_ROOM,2,1334931069,1,1664898153,4,SCAN_NOISE_ONLY,NEW_DEVELOPMENT_GENERATED,false,pcl_iterative_closest_point_with_normals,full-synthetic-development-v1/GEOMETRY_RICH_ROOM/g2/m1/r4/SCAN_NOISE_ONLY/pcl_iterative_closest_point_with_normals
full-synthetic-development-v1/GEOMETRY_RICH_ROOM/g2/m1/r4/MAP_NOISE_ONLY,GEOMETRY_RICH_ROOM,2,1334931069,1,1664898153,4,MAP_NOISE_ONLY,NEW_DEVELOPMENT_GENERATED,false,open3d_point_to_plane,full-synthetic-development-v1/GEOMETRY_RICH_ROOM/g2/m1/r4/MAP_NOISE_ONLY/open3d_point_to_plane
full-synthetic-development-v1/GEOMETRY_RICH_ROOM/g2/m1/r4/MAP_NOISE_ONLY,GEOMETRY_RICH_ROOM,2,1334931069,1,1664898153,4,MAP_NOISE_ONLY,NEW_DEVELOPMENT_GENERATED,false,pcl_iterative_closest_point_with_normals,full-synthetic-development-v1/GEOMETRY_RICH_ROOM/g2/m1/r4/MAP_NOISE_ONLY/pcl_iterative_closest_point_with_normals
full-synthetic-development-v1/GEOMETRY_RICH_ROOM/g2/m1/r4/DROPOUT_ONLY,GEOMETRY_RICH_ROOM,2,1334931069,1,1664898153,4,DROPOUT_ONLY,NEW_DEVELOPMENT_GENERATED,false,open3d_point_to_plane,full-synthetic-development-v1/GEOMETRY_RICH_ROOM/g2/m1/r4/DROPOUT_ONLY/open3d_point_to_plane
full-synthetic-development-v1/GEOMETRY_RICH_ROOM/g2/m1/r4/DROPOUT_ONLY,GEOMETRY_RICH_ROOM,2,1334931069,1,1664898153,4,DROPOUT_ONLY,NEW_DEVELOPMENT_GENERATED,false,pcl_iterative_closest_point_with_normals,full-synthetic-development-v1/GEOMETRY_RICH_ROOM/g2/m1/r4/DROPOUT_ONLY/pcl_iterative_closest_point_with_normals
full-synthetic-development-v1/GEOMETRY_RICH_ROOM/g2/m1/r4/FULL_NOISE,GEOMETRY_RICH_ROOM,2,1334931069,1,1664898153,4,FULL_NOISE,NEW_DEVELOPMENT_GENERATED,false,open3d_point_to_plane,full-synthetic-development-v1/GEOMETRY_RICH_ROOM/g2/m1/r4/FULL_NOISE/open3d_point_to_plane
full-synthetic-development-v1/GEOMETRY_RICH_ROOM/g2/m1/r4/FULL_NOISE,GEOMETRY_RICH_ROOM,2,1334931069,1,1664898153,4,FULL_NOISE,NEW_DEVELOPMENT_GENERATED,false,pcl_iterative_closest_point_with_normals,full-synthetic-development-v1/GEOMETRY_RICH_ROOM/g2/m1/r4/FULL_NOISE/pcl_iterative_closest_point_with_normals
phase-b-signal-v1/LONG_CORRIDOR/g0/INDEPENDENT_NOISE_FREE,LONG_CORRIDOR,0,1850310744,0,217775206,0,INDEPENDENT_NOISE_FREE,NEW_DEVELOPMENT_GENERATED,true,open3d_point_to_plane,phase-b-signal-v1/LONG_CORRIDOR/g0/INDEPENDENT_NOISE_FREE/open3d_point_to_plane
phase-b-signal-v1/LONG_CORRIDOR/g0/INDEPENDENT_NOISE_FREE,LONG_CORRIDOR,0,1850310744,0,217775206,0,INDEPENDENT_NOISE_FREE,NEW_DEVELOPMENT_GENERATED,true,pcl_iterative_closest_point_with_normals,phase-b-signal-v1/LONG_CORRIDOR/g0/INDEPENDENT_NOISE_FREE/pcl_iterative_closest_point_with_normals
full-synthetic-development-v1/LONG_CORRIDOR/g0/m0/r0/SCAN_NOISE_ONLY,LONG_CORRIDOR,0,1850310744,0,217775206,0,SCAN_NOISE_ONLY,NEW_DEVELOPMENT_GENERATED,false,open3d_point_to_plane,full-synthetic-development-v1/LONG_CORRIDOR/g0/m0/r0/SCAN_NOISE_ONLY/open3d_point_to_plane
full-synthetic-development-v1/LONG_CORRIDOR/g0/m0/r0/SCAN_NOISE_ONLY,LONG_CORRIDOR,0,1850310744,0,217775206,0,SCAN_NOISE_ONLY,NEW_DEVELOPMENT_GENERATED,false,pcl_iterative_closest_point_with_normals,full-synthetic-development-v1/LONG_CORRIDOR/g0/m0/r0/SCAN_NOISE_ONLY/pcl_iterative_closest_point_with_normals
full-synthetic-development-v1/LONG_CORRIDOR/g0/m0/r0/MAP_NOISE_ONLY,LONG_CORRIDOR,0,1850310744,0,217775206,0,MAP_NOISE_ONLY,NEW_DEVELOPMENT_GENERATED,false,open3d_point_to_plane,full-synthetic-development-v1/LONG_CORRIDOR/g0/m0/r0/MAP_NOISE_ONLY/open3d_point_to_plane
full-synthetic-development-v1/LONG_CORRIDOR/g0/m0/r0/MAP_NOISE_ONLY,LONG_CORRIDOR,0,1850310744,0,217775206,0,MAP_NOISE_ONLY,NEW_DEVELOPMENT_GENERATED,false,pcl_iterative_closest_point_with_normals,full-synthetic-development-v1/LONG_CORRIDOR/g0/m0/r0/MAP_NOISE_ONLY/pcl_iterative_closest_point_with_normals
full-synthetic-development-v1/LONG_CORRIDOR/g0/m0/r0/DROPOUT_ONLY,LONG_CORRIDOR,0,1850310744,0,217775206,0,DROPOUT_ONLY,NEW_DEVELOPMENT_GENERATED,false,open3d_point_to_plane,full-synthetic-development-v1/LONG_CORRIDOR/g0/m0/r0/DROPOUT_ONLY/open3d_point_to_plane
full-synthetic-development-v1/LONG_CORRIDOR/g0/m0/r0/DROPOUT_ONLY,LONG_CORRIDOR,0,1850310744,0,217775206,0,DROPOUT_ONLY,NEW_DEVELOPMENT_GENERATED,false,pcl_iterative_closest_point_with_normals,full-synthetic-development-v1/LONG_CORRIDOR/g0/m0/r0/DROPOUT_ONLY/pcl_iterative_closest_point_with_normals
phase-b-signal-v1/LONG_CORRIDOR/g0/FULL_NOISE,LONG_CORRIDOR,0,1850310744,0,217775206,0,FULL_NOISE,NEW_DEVELOPMENT_GENERATED,true,open3d_point_to_plane,phase-b-signal-v1/LONG_CORRIDOR/g0/FULL_NOISE/open3d_point_to_plane
phase-b-signal-v1/LONG_CORRIDOR/g0/FULL_NOISE,LONG_CORRIDOR,0,1850310744,0,217775206,0,FULL_NOISE,NEW_DEVELOPMENT_GENERATED,true,pcl_iterative_closest_point_with_normals,phase-b-signal-v1/LONG_CORRIDOR/g0/FULL_NOISE/pcl_iterative_closest_point_with_normals
full-synthetic-development-v1/LONG_CORRIDOR/g0/m0/r1/INDEPENDENT_NOISE_FREE,LONG_CORRIDOR,0,1850310744,0,217775206,1,INDEPENDENT_NOISE_FREE,NEW_DEVELOPMENT_GENERATED,false,open3d_point_to_plane,full-synthetic-development-v1/LONG_CORRIDOR/g0/m0/r1/INDEPENDENT_NOISE_FREE/open3d_point_to_plane
full-synthetic-development-v1/LONG_CORRIDOR/g0/m0/r1/INDEPENDENT_NOISE_FREE,LONG_CORRIDOR,0,1850310744,0,217775206,1,INDEPENDENT_NOISE_FREE,NEW_DEVELOPMENT_GENERATED,false,pcl_iterative_closest_point_with_normals,full-synthetic-development-v1/LONG_CORRIDOR/g0/m0/r1/INDEPENDENT_NOISE_FREE/pcl_iterative_closest_point_with_normals
full-synthetic-development-v1/LONG_CORRIDOR/g0/m0/r1/SCAN_NOISE_ONLY,LONG_CORRIDOR,0,1850310744,0,217775206,1,SCAN_NOISE_ONLY,NEW_DEVELOPMENT_GENERATED,false,open3d_point_to_plane,full-synthetic-development-v1/LONG_CORRIDOR/g0/m0/r1/SCAN_NOISE_ONLY/open3d_point_to_plane
full-synthetic-development-v1/LONG_CORRIDOR/g0/m0/r1/SCAN_NOISE_ONLY,LONG_CORRIDOR,0,1850310744,0,217775206,1,SCAN_NOISE_ONLY,NEW_DEVELOPMENT_GENERATED,false,pcl_iterative_closest_point_with_normals,full-synthetic-development-v1/LONG_CORRIDOR/g0/m0/r1/SCAN_NOISE_ONLY/pcl_iterative_closest_point_with_normals
full-synthetic-development-v1/LONG_CORRIDOR/g0/m0/r1/MAP_NOISE_ONLY,LONG_CORRIDOR,0,1850310744,0,217775206,1,MAP_NOISE_ONLY,NEW_DEVELOPMENT_GENERATED,false,open3d_point_to_plane,full-synthetic-development-v1/LONG_CORRIDOR/g0/m0/r1/MAP_NOISE_ONLY/open3d_point_to_plane
full-synthetic-development-v1/LONG_CORRIDOR/g0/m0/r1/MAP_NOISE_ONLY,LONG_CORRIDOR,0,1850310744,0,217775206,1,MAP_NOISE_ONLY,NEW_DEVELOPMENT_GENERATED,false,pcl_iterative_closest_point_with_normals,full-synthetic-development-v1/LONG_CORRIDOR/g0/m0/r1/MAP_NOISE_ONLY/pcl_iterative_closest_point_with_normals
full-synthetic-development-v1/LONG_CORRIDOR/g0/m0/r1/DROPOUT_ONLY,LONG_CORRIDOR,0,1850310744,0,217775206,1,DROPOUT_ONLY,NEW_DEVELOPMENT_GENERATED,false,open3d_point_to_plane,full-synthetic-development-v1/LONG_CORRIDOR/g0/m0/r1/DROPOUT_ONLY/open3d_point_to_plane
full-synthetic-development-v1/LONG_CORRIDOR/g0/m0/r1/DROPOUT_ONLY,LONG_CORRIDOR,0,1850310744,0,217775206,1,DROPOUT_ONLY,NEW_DEVELOPMENT_GENERATED,false,pcl_iterative_closest_point_with_normals,full-synthetic-development-v1/LONG_CORRIDOR/g0/m0/r1/DROPOUT_ONLY/pcl_iterative_closest_point_with_normals
full-synthetic-development-v1/LONG_CORRIDOR/g0/m0/r1/FULL_NOISE,LONG_CORRIDOR,0,1850310744,0,217775206,1,FULL_NOISE,NEW_DEVELOPMENT_GENERATED,false,open3d_point_to_plane,full-synthetic-development-v1/LONG_CORRIDOR/g0/m0/r1/FULL_NOISE/open3d_point_to_plane
full-synthetic-development-v1/LONG_CORRIDOR/g0/m0/r1/FULL_NOISE,LONG_CORRIDOR,0,1850310744,0,217775206,1,FULL_NOISE,NEW_DEVELOPMENT_GENERATED,false,pcl_iterative_closest_point_with_normals,full-synthetic-development-v1/LONG_CORRIDOR/g0/m0/r1/FULL_NOISE/pcl_iterative_closest_point_with_normals
full-synthetic-development-v1/LONG_CORRIDOR/g0/m0/r2/INDEPENDENT_NOISE_FREE,LONG_CORRIDOR,0,1850310744,0,217775206,2,INDEPENDENT_NOISE_FREE,NEW_DEVELOPMENT_GENERATED,false,open3d_point_to_plane,full-synthetic-development-v1/LONG_CORRIDOR/g0/m0/r2/INDEPENDENT_NOISE_FREE/open3d_point_to_plane
full-synthetic-development-v1/LONG_CORRIDOR/g0/m0/r2/INDEPENDENT_NOISE_FREE,LONG_CORRIDOR,0,1850310744,0,217775206,2,INDEPENDENT_NOISE_FREE,NEW_DEVELOPMENT_GENERATED,false,pcl_iterative_closest_point_with_normals,full-synthetic-development-v1/LONG_CORRIDOR/g0/m0/r2/INDEPENDENT_NOISE_FREE/pcl_iterative_closest_point_with_normals
full-synthetic-development-v1/LONG_CORRIDOR/g0/m0/r2/SCAN_NOISE_ONLY,LONG_CORRIDOR,0,1850310744,0,217775206,2,SCAN_NOISE_ONLY,NEW_DEVELOPMENT_GENERATED,false,open3d_point_to_plane,full-synthetic-development-v1/LONG_CORRIDOR/g0/m0/r2/SCAN_NOISE_ONLY/open3d_point_to_plane
full-synthetic-development-v1/LONG_CORRIDOR/g0/m0/r2/SCAN_NOISE_ONLY,LONG_CORRIDOR,0,1850310744,0,217775206,2,SCAN_NOISE_ONLY,NEW_DEVELOPMENT_GENERATED,false,pcl_iterative_closest_point_with_normals,full-synthetic-development-v1/LONG_CORRIDOR/g0/m0/r2/SCAN_NOISE_ONLY/pcl_iterative_closest_point_with_normals
full-synthetic-development-v1/LONG_CORRIDOR/g0/m0/r2/MAP_NOISE_ONLY,LONG_CORRIDOR,0,1850310744,0,217775206,2,MAP_NOISE_ONLY,NEW_DEVELOPMENT_GENERATED,false,open3d_point_to_plane,full-synthetic-development-v1/LONG_CORRIDOR/g0/m0/r2/MAP_NOISE_ONLY/open3d_point_to_plane
full-synthetic-development-v1/LONG_CORRIDOR/g0/m0/r2/MAP_NOISE_ONLY,LONG_CORRIDOR,0,1850310744,0,217775206,2,MAP_NOISE_ONLY,NEW_DEVELOPMENT_GENERATED,false,pcl_iterative_closest_point_with_normals,full-synthetic-development-v1/LONG_CORRIDOR/g0/m0/r2/MAP_NOISE_ONLY/pcl_iterative_closest_point_with_normals
full-synthetic-development-v1/LONG_CORRIDOR/g0/m0/r2/DROPOUT_ONLY,LONG_CORRIDOR,0,1850310744,0,217775206,2,DROPOUT_ONLY,NEW_DEVELOPMENT_GENERATED,false,open3d_point_to_plane,full-synthetic-development-v1/LONG_CORRIDOR/g0/m0/r2/DROPOUT_ONLY/open3d_point_to_plane
full-synthetic-development-v1/LONG_CORRIDOR/g0/m0/r2/DROPOUT_ONLY,LONG_CORRIDOR,0,1850310744,0,217775206,2,DROPOUT_ONLY,NEW_DEVELOPMENT_GENERATED,false,pcl_iterative_closest_point_with_normals,full-synthetic-development-v1/LONG_CORRIDOR/g0/m0/r2/DROPOUT_ONLY/pcl_iterative_closest_point_with_normals
full-synthetic-development-v1/LONG_CORRIDOR/g0/m0/r2/FULL_NOISE,LONG_CORRIDOR,0,1850310744,0,217775206,2,FULL_NOISE,NEW_DEVELOPMENT_GENERATED,false,open3d_point_to_plane,full-synthetic-development-v1/LONG_CORRIDOR/g0/m0/r2/FULL_NOISE/open3d_point_to_plane
full-synthetic-development-v1/LONG_CORRIDOR/g0/m0/r2/FULL_NOISE,LONG_CORRIDOR,0,1850310744,0,217775206,2,FULL_NOISE,NEW_DEVELOPMENT_GENERATED,false,pcl_iterative_closest_point_with_normals,full-synthetic-development-v1/LONG_CORRIDOR/g0/m0/r2/FULL_NOISE/pcl_iterative_closest_point_with_normals
full-synthetic-development-v1/LONG_CORRIDOR/g0/m0/r3/INDEPENDENT_NOISE_FREE,LONG_CORRIDOR,0,1850310744,0,217775206,3,INDEPENDENT_NOISE_FREE,NEW_DEVELOPMENT_GENERATED,false,open3d_point_to_plane,full-synthetic-development-v1/LONG_CORRIDOR/g0/m0/r3/INDEPENDENT_NOISE_FREE/open3d_point_to_plane
full-synthetic-development-v1/LONG_CORRIDOR/g0/m0/r3/INDEPENDENT_NOISE_FREE,LONG_CORRIDOR,0,1850310744,0,217775206,3,INDEPENDENT_NOISE_FREE,NEW_DEVELOPMENT_GENERATED,false,pcl_iterative_closest_point_with_normals,full-synthetic-development-v1/LONG_CORRIDOR/g0/m0/r3/INDEPENDENT_NOISE_FREE/pcl_iterative_closest_point_with_normals
full-synthetic-development-v1/LONG_CORRIDOR/g0/m0/r3/SCAN_NOISE_ONLY,LONG_CORRIDOR,0,1850310744,0,217775206,3,SCAN_NOISE_ONLY,NEW_DEVELOPMENT_GENERATED,false,open3d_point_to_plane,full-synthetic-development-v1/LONG_CORRIDOR/g0/m0/r3/SCAN_NOISE_ONLY/open3d_point_to_plane
full-synthetic-development-v1/LONG_CORRIDOR/g0/m0/r3/SCAN_NOISE_ONLY,LONG_CORRIDOR,0,1850310744,0,217775206,3,SCAN_NOISE_ONLY,NEW_DEVELOPMENT_GENERATED,false,pcl_iterative_closest_point_with_normals,full-synthetic-development-v1/LONG_CORRIDOR/g0/m0/r3/SCAN_NOISE_ONLY/pcl_iterative_closest_point_with_normals
full-synthetic-development-v1/LONG_CORRIDOR/g0/m0/r3/MAP_NOISE_ONLY,LONG_CORRIDOR,0,1850310744,0,217775206,3,MAP_NOISE_ONLY,NEW_DEVELOPMENT_GENERATED,false,open3d_point_to_plane,full-synthetic-development-v1/LONG_CORRIDOR/g0/m0/r3/MAP_NOISE_ONLY/open3d_point_to_plane
full-synthetic-development-v1/LONG_CORRIDOR/g0/m0/r3/MAP_NOISE_ONLY,LONG_CORRIDOR,0,1850310744,0,217775206,3,MAP_NOISE_ONLY,NEW_DEVELOPMENT_GENERATED,false,pcl_iterative_closest_point_with_normals,full-synthetic-development-v1/LONG_CORRIDOR/g0/m0/r3/MAP_NOISE_ONLY/pcl_iterative_closest_point_with_normals
full-synthetic-development-v1/LONG_CORRIDOR/g0/m0/r3/DROPOUT_ONLY,LONG_CORRIDOR,0,1850310744,0,217775206,3,DROPOUT_ONLY,NEW_DEVELOPMENT_GENERATED,false,open3d_point_to_plane,full-synthetic-development-v1/LONG_CORRIDOR/g0/m0/r3/DROPOUT_ONLY/open3d_point_to_plane
full-synthetic-development-v1/LONG_CORRIDOR/g0/m0/r3/DROPOUT_ONLY,LONG_CORRIDOR,0,1850310744,0,217775206,3,DROPOUT_ONLY,NEW_DEVELOPMENT_GENERATED,false,pcl_iterative_closest_point_with_normals,full-synthetic-development-v1/LONG_CORRIDOR/g0/m0/r3/DROPOUT_ONLY/pcl_iterative_closest_point_with_normals
full-synthetic-development-v1/LONG_CORRIDOR/g0/m0/r3/FULL_NOISE,LONG_CORRIDOR,0,1850310744,0,217775206,3,FULL_NOISE,NEW_DEVELOPMENT_GENERATED,false,open3d_point_to_plane,full-synthetic-development-v1/LONG_CORRIDOR/g0/m0/r3/FULL_NOISE/open3d_point_to_plane
full-synthetic-development-v1/LONG_CORRIDOR/g0/m0/r3/FULL_NOISE,LONG_CORRIDOR,0,1850310744,0,217775206,3,FULL_NOISE,NEW_DEVELOPMENT_GENERATED,false,pcl_iterative_closest_point_with_normals,full-synthetic-development-v1/LONG_CORRIDOR/g0/m0/r3/FULL_NOISE/pcl_iterative_closest_point_with_normals
full-synthetic-development-v1/LONG_CORRIDOR/g0/m0/r4/INDEPENDENT_NOISE_FREE,LONG_CORRIDOR,0,1850310744,0,217775206,4,INDEPENDENT_NOISE_FREE,NEW_DEVELOPMENT_GENERATED,false,open3d_point_to_plane,full-synthetic-development-v1/LONG_CORRIDOR/g0/m0/r4/INDEPENDENT_NOISE_FREE/open3d_point_to_plane
full-synthetic-development-v1/LONG_CORRIDOR/g0/m0/r4/INDEPENDENT_NOISE_FREE,LONG_CORRIDOR,0,1850310744,0,217775206,4,INDEPENDENT_NOISE_FREE,NEW_DEVELOPMENT_GENERATED,false,pcl_iterative_closest_point_with_normals,full-synthetic-development-v1/LONG_CORRIDOR/g0/m0/r4/INDEPENDENT_NOISE_FREE/pcl_iterative_closest_point_with_normals
full-synthetic-development-v1/LONG_CORRIDOR/g0/m0/r4/SCAN_NOISE_ONLY,LONG_CORRIDOR,0,1850310744,0,217775206,4,SCAN_NOISE_ONLY,NEW_DEVELOPMENT_GENERATED,false,open3d_point_to_plane,full-synthetic-development-v1/LONG_CORRIDOR/g0/m0/r4/SCAN_NOISE_ONLY/open3d_point_to_plane
full-synthetic-development-v1/LONG_CORRIDOR/g0/m0/r4/SCAN_NOISE_ONLY,LONG_CORRIDOR,0,1850310744,0,217775206,4,SCAN_NOISE_ONLY,NEW_DEVELOPMENT_GENERATED,false,pcl_iterative_closest_point_with_normals,full-synthetic-development-v1/LONG_CORRIDOR/g0/m0/r4/SCAN_NOISE_ONLY/pcl_iterative_closest_point_with_normals
full-synthetic-development-v1/LONG_CORRIDOR/g0/m0/r4/MAP_NOISE_ONLY,LONG_CORRIDOR,0,1850310744,0,217775206,4,MAP_NOISE_ONLY,NEW_DEVELOPMENT_GENERATED,false,open3d_point_to_plane,full-synthetic-development-v1/LONG_CORRIDOR/g0/m0/r4/MAP_NOISE_ONLY/open3d_point_to_plane
full-synthetic-development-v1/LONG_CORRIDOR/g0/m0/r4/MAP_NOISE_ONLY,LONG_CORRIDOR,0,1850310744,0,217775206,4,MAP_NOISE_ONLY,NEW_DEVELOPMENT_GENERATED,false,pcl_iterative_closest_point_with_normals,full-synthetic-development-v1/LONG_CORRIDOR/g0/m0/r4/MAP_NOISE_ONLY/pcl_iterative_closest_point_with_normals
full-synthetic-development-v1/LONG_CORRIDOR/g0/m0/r4/DROPOUT_ONLY,LONG_CORRIDOR,0,1850310744,0,217775206,4,DROPOUT_ONLY,NEW_DEVELOPMENT_GENERATED,false,open3d_point_to_plane,full-synthetic-development-v1/LONG_CORRIDOR/g0/m0/r4/DROPOUT_ONLY/open3d_point_to_plane
full-synthetic-development-v1/LONG_CORRIDOR/g0/m0/r4/DROPOUT_ONLY,LONG_CORRIDOR,0,1850310744,0,217775206,4,DROPOUT_ONLY,NEW_DEVELOPMENT_GENERATED,false,pcl_iterative_closest_point_with_normals,full-synthetic-development-v1/LONG_CORRIDOR/g0/m0/r4/DROPOUT_ONLY/pcl_iterative_closest_point_with_normals
full-synthetic-development-v1/LONG_CORRIDOR/g0/m0/r4/FULL_NOISE,LONG_CORRIDOR,0,1850310744,0,217775206,4,FULL_NOISE,NEW_DEVELOPMENT_GENERATED,false,open3d_point_to_plane,full-synthetic-development-v1/LONG_CORRIDOR/g0/m0/r4/FULL_NOISE/open3d_point_to_plane
full-synthetic-development-v1/LONG_CORRIDOR/g0/m0/r4/FULL_NOISE,LONG_CORRIDOR,0,1850310744,0,217775206,4,FULL_NOISE,NEW_DEVELOPMENT_GENERATED,false,pcl_iterative_closest_point_with_normals,full-synthetic-development-v1/LONG_CORRIDOR/g0/m0/r4/FULL_NOISE/pcl_iterative_closest_point_with_normals
full-synthetic-development-v1/LONG_CORRIDOR/g0/m1/r0/INDEPENDENT_NOISE_FREE,LONG_CORRIDOR,0,1850310744,1,1664898153,0,INDEPENDENT_NOISE_FREE,NEW_DEVELOPMENT_GENERATED,false,open3d_point_to_plane,full-synthetic-development-v1/LONG_CORRIDOR/g0/m1/r0/INDEPENDENT_NOISE_FREE/open3d_point_to_plane
full-synthetic-development-v1/LONG_CORRIDOR/g0/m1/r0/INDEPENDENT_NOISE_FREE,LONG_CORRIDOR,0,1850310744,1,1664898153,0,INDEPENDENT_NOISE_FREE,NEW_DEVELOPMENT_GENERATED,false,pcl_iterative_closest_point_with_normals,full-synthetic-development-v1/LONG_CORRIDOR/g0/m1/r0/INDEPENDENT_NOISE_FREE/pcl_iterative_closest_point_with_normals
full-synthetic-development-v1/LONG_CORRIDOR/g0/m1/r0/SCAN_NOISE_ONLY,LONG_CORRIDOR,0,1850310744,1,1664898153,0,SCAN_NOISE_ONLY,NEW_DEVELOPMENT_GENERATED,false,open3d_point_to_plane,full-synthetic-development-v1/LONG_CORRIDOR/g0/m1/r0/SCAN_NOISE_ONLY/open3d_point_to_plane
full-synthetic-development-v1/LONG_CORRIDOR/g0/m1/r0/SCAN_NOISE_ONLY,LONG_CORRIDOR,0,1850310744,1,1664898153,0,SCAN_NOISE_ONLY,NEW_DEVELOPMENT_GENERATED,false,pcl_iterative_closest_point_with_normals,full-synthetic-development-v1/LONG_CORRIDOR/g0/m1/r0/SCAN_NOISE_ONLY/pcl_iterative_closest_point_with_normals
full-synthetic-development-v1/LONG_CORRIDOR/g0/m1/r0/MAP_NOISE_ONLY,LONG_CORRIDOR,0,1850310744,1,1664898153,0,MAP_NOISE_ONLY,NEW_DEVELOPMENT_GENERATED,false,open3d_point_to_plane,full-synthetic-development-v1/LONG_CORRIDOR/g0/m1/r0/MAP_NOISE_ONLY/open3d_point_to_plane
full-synthetic-development-v1/LONG_CORRIDOR/g0/m1/r0/MAP_NOISE_ONLY,LONG_CORRIDOR,0,1850310744,1,1664898153,0,MAP_NOISE_ONLY,NEW_DEVELOPMENT_GENERATED,false,pcl_iterative_closest_point_with_normals,full-synthetic-development-v1/LONG_CORRIDOR/g0/m1/r0/MAP_NOISE_ONLY/pcl_iterative_closest_point_with_normals
full-synthetic-development-v1/LONG_CORRIDOR/g0/m1/r0/DROPOUT_ONLY,LONG_CORRIDOR,0,1850310744,1,1664898153,0,DROPOUT_ONLY,NEW_DEVELOPMENT_GENERATED,false,open3d_point_to_plane,full-synthetic-development-v1/LONG_CORRIDOR/g0/m1/r0/DROPOUT_ONLY/open3d_point_to_plane
full-synthetic-development-v1/LONG_CORRIDOR/g0/m1/r0/DROPOUT_ONLY,LONG_CORRIDOR,0,1850310744,1,1664898153,0,DROPOUT_ONLY,NEW_DEVELOPMENT_GENERATED,false,pcl_iterative_closest_point_with_normals,full-synthetic-development-v1/LONG_CORRIDOR/g0/m1/r0/DROPOUT_ONLY/pcl_iterative_closest_point_with_normals
full-synthetic-development-v1/LONG_CORRIDOR/g0/m1/r0/FULL_NOISE,LONG_CORRIDOR,0,1850310744,1,1664898153,0,FULL_NOISE,NEW_DEVELOPMENT_GENERATED,false,open3d_point_to_plane,full-synthetic-development-v1/LONG_CORRIDOR/g0/m1/r0/FULL_NOISE/open3d_point_to_plane
full-synthetic-development-v1/LONG_CORRIDOR/g0/m1/r0/FULL_NOISE,LONG_CORRIDOR,0,1850310744,1,1664898153,0,FULL_NOISE,NEW_DEVELOPMENT_GENERATED,false,pcl_iterative_closest_point_with_normals,full-synthetic-development-v1/LONG_CORRIDOR/g0/m1/r0/FULL_NOISE/pcl_iterative_closest_point_with_normals
full-synthetic-development-v1/LONG_CORRIDOR/g0/m1/r1/INDEPENDENT_NOISE_FREE,LONG_CORRIDOR,0,1850310744,1,1664898153,1,INDEPENDENT_NOISE_FREE,NEW_DEVELOPMENT_GENERATED,false,open3d_point_to_plane,full-synthetic-development-v1/LONG_CORRIDOR/g0/m1/r1/INDEPENDENT_NOISE_FREE/open3d_point_to_plane
full-synthetic-development-v1/LONG_CORRIDOR/g0/m1/r1/INDEPENDENT_NOISE_FREE,LONG_CORRIDOR,0,1850310744,1,1664898153,1,INDEPENDENT_NOISE_FREE,NEW_DEVELOPMENT_GENERATED,false,pcl_iterative_closest_point_with_normals,full-synthetic-development-v1/LONG_CORRIDOR/g0/m1/r1/INDEPENDENT_NOISE_FREE/pcl_iterative_closest_point_with_normals
full-synthetic-development-v1/LONG_CORRIDOR/g0/m1/r1/SCAN_NOISE_ONLY,LONG_CORRIDOR,0,1850310744,1,1664898153,1,SCAN_NOISE_ONLY,NEW_DEVELOPMENT_GENERATED,false,open3d_point_to_plane,full-synthetic-development-v1/LONG_CORRIDOR/g0/m1/r1/SCAN_NOISE_ONLY/open3d_point_to_plane
full-synthetic-development-v1/LONG_CORRIDOR/g0/m1/r1/SCAN_NOISE_ONLY,LONG_CORRIDOR,0,1850310744,1,1664898153,1,SCAN_NOISE_ONLY,NEW_DEVELOPMENT_GENERATED,false,pcl_iterative_closest_point_with_normals,full-synthetic-development-v1/LONG_CORRIDOR/g0/m1/r1/SCAN_NOISE_ONLY/pcl_iterative_closest_point_with_normals
full-synthetic-development-v1/LONG_CORRIDOR/g0/m1/r1/MAP_NOISE_ONLY,LONG_CORRIDOR,0,1850310744,1,1664898153,1,MAP_NOISE_ONLY,NEW_DEVELOPMENT_GENERATED,false,open3d_point_to_plane,full-synthetic-development-v1/LONG_CORRIDOR/g0/m1/r1/MAP_NOISE_ONLY/open3d_point_to_plane
full-synthetic-development-v1/LONG_CORRIDOR/g0/m1/r1/MAP_NOISE_ONLY,LONG_CORRIDOR,0,1850310744,1,1664898153,1,MAP_NOISE_ONLY,NEW_DEVELOPMENT_GENERATED,false,pcl_iterative_closest_point_with_normals,full-synthetic-development-v1/LONG_CORRIDOR/g0/m1/r1/MAP_NOISE_ONLY/pcl_iterative_closest_point_with_normals
full-synthetic-development-v1/LONG_CORRIDOR/g0/m1/r1/DROPOUT_ONLY,LONG_CORRIDOR,0,1850310744,1,1664898153,1,DROPOUT_ONLY,NEW_DEVELOPMENT_GENERATED,false,open3d_point_to_plane,full-synthetic-development-v1/LONG_CORRIDOR/g0/m1/r1/DROPOUT_ONLY/open3d_point_to_plane
full-synthetic-development-v1/LONG_CORRIDOR/g0/m1/r1/DROPOUT_ONLY,LONG_CORRIDOR,0,1850310744,1,1664898153,1,DROPOUT_ONLY,NEW_DEVELOPMENT_GENERATED,false,pcl_iterative_closest_point_with_normals,full-synthetic-development-v1/LONG_CORRIDOR/g0/m1/r1/DROPOUT_ONLY/pcl_iterative_closest_point_with_normals
full-synthetic-development-v1/LONG_CORRIDOR/g0/m1/r1/FULL_NOISE,LONG_CORRIDOR,0,1850310744,1,1664898153,1,FULL_NOISE,NEW_DEVELOPMENT_GENERATED,false,open3d_point_to_plane,full-synthetic-development-v1/LONG_CORRIDOR/g0/m1/r1/FULL_NOISE/open3d_point_to_plane
full-synthetic-development-v1/LONG_CORRIDOR/g0/m1/r1/FULL_NOISE,LONG_CORRIDOR,0,1850310744,1,1664898153,1,FULL_NOISE,NEW_DEVELOPMENT_GENERATED,false,pcl_iterative_closest_point_with_normals,full-synthetic-development-v1/LONG_CORRIDOR/g0/m1/r1/FULL_NOISE/pcl_iterative_closest_point_with_normals
full-synthetic-development-v1/LONG_CORRIDOR/g0/m1/r2/INDEPENDENT_NOISE_FREE,LONG_CORRIDOR,0,1850310744,1,1664898153,2,INDEPENDENT_NOISE_FREE,NEW_DEVELOPMENT_GENERATED,false,open3d_point_to_plane,full-synthetic-development-v1/LONG_CORRIDOR/g0/m1/r2/INDEPENDENT_NOISE_FREE/open3d_point_to_plane
full-synthetic-development-v1/LONG_CORRIDOR/g0/m1/r2/INDEPENDENT_NOISE_FREE,LONG_CORRIDOR,0,1850310744,1,1664898153,2,INDEPENDENT_NOISE_FREE,NEW_DEVELOPMENT_GENERATED,false,pcl_iterative_closest_point_with_normals,full-synthetic-development-v1/LONG_CORRIDOR/g0/m1/r2/INDEPENDENT_NOISE_FREE/pcl_iterative_closest_point_with_normals
full-synthetic-development-v1/LONG_CORRIDOR/g0/m1/r2/SCAN_NOISE_ONLY,LONG_CORRIDOR,0,1850310744,1,1664898153,2,SCAN_NOISE_ONLY,NEW_DEVELOPMENT_GENERATED,false,open3d_point_to_plane,full-synthetic-development-v1/LONG_CORRIDOR/g0/m1/r2/SCAN_NOISE_ONLY/open3d_point_to_plane
full-synthetic-development-v1/LONG_CORRIDOR/g0/m1/r2/SCAN_NOISE_ONLY,LONG_CORRIDOR,0,1850310744,1,1664898153,2,SCAN_NOISE_ONLY,NEW_DEVELOPMENT_GENERATED,false,pcl_iterative_closest_point_with_normals,full-synthetic-development-v1/LONG_CORRIDOR/g0/m1/r2/SCAN_NOISE_ONLY/pcl_iterative_closest_point_with_normals
full-synthetic-development-v1/LONG_CORRIDOR/g0/m1/r2/MAP_NOISE_ONLY,LONG_CORRIDOR,0,1850310744,1,1664898153,2,MAP_NOISE_ONLY,NEW_DEVELOPMENT_GENERATED,false,open3d_point_to_plane,full-synthetic-development-v1/LONG_CORRIDOR/g0/m1/r2/MAP_NOISE_ONLY/open3d_point_to_plane
full-synthetic-development-v1/LONG_CORRIDOR/g0/m1/r2/MAP_NOISE_ONLY,LONG_CORRIDOR,0,1850310744,1,1664898153,2,MAP_NOISE_ONLY,NEW_DEVELOPMENT_GENERATED,false,pcl_iterative_closest_point_with_normals,full-synthetic-development-v1/LONG_CORRIDOR/g0/m1/r2/MAP_NOISE_ONLY/pcl_iterative_closest_point_with_normals
full-synthetic-development-v1/LONG_CORRIDOR/g0/m1/r2/DROPOUT_ONLY,LONG_CORRIDOR,0,1850310744,1,1664898153,2,DROPOUT_ONLY,NEW_DEVELOPMENT_GENERATED,false,open3d_point_to_plane,full-synthetic-development-v1/LONG_CORRIDOR/g0/m1/r2/DROPOUT_ONLY/open3d_point_to_plane
full-synthetic-development-v1/LONG_CORRIDOR/g0/m1/r2/DROPOUT_ONLY,LONG_CORRIDOR,0,1850310744,1,1664898153,2,DROPOUT_ONLY,NEW_DEVELOPMENT_GENERATED,false,pcl_iterative_closest_point_with_normals,full-synthetic-development-v1/LONG_CORRIDOR/g0/m1/r2/DROPOUT_ONLY/pcl_iterative_closest_point_with_normals
full-synthetic-development-v1/LONG_CORRIDOR/g0/m1/r2/FULL_NOISE,LONG_CORRIDOR,0,1850310744,1,1664898153,2,FULL_NOISE,NEW_DEVELOPMENT_GENERATED,false,open3d_point_to_plane,full-synthetic-development-v1/LONG_CORRIDOR/g0/m1/r2/FULL_NOISE/open3d_point_to_plane
full-synthetic-development-v1/LONG_CORRIDOR/g0/m1/r2/FULL_NOISE,LONG_CORRIDOR,0,1850310744,1,1664898153,2,FULL_NOISE,NEW_DEVELOPMENT_GENERATED,false,pcl_iterative_closest_point_with_normals,full-synthetic-development-v1/LONG_CORRIDOR/g0/m1/r2/FULL_NOISE/pcl_iterative_closest_point_with_normals
full-synthetic-development-v1/LONG_CORRIDOR/g0/m1/r3/INDEPENDENT_NOISE_FREE,LONG_CORRIDOR,0,1850310744,1,1664898153,3,INDEPENDENT_NOISE_FREE,NEW_DEVELOPMENT_GENERATED,false,open3d_point_to_plane,full-synthetic-development-v1/LONG_CORRIDOR/g0/m1/r3/INDEPENDENT_NOISE_FREE/open3d_point_to_plane
full-synthetic-development-v1/LONG_CORRIDOR/g0/m1/r3/INDEPENDENT_NOISE_FREE,LONG_CORRIDOR,0,1850310744,1,1664898153,3,INDEPENDENT_NOISE_FREE,NEW_DEVELOPMENT_GENERATED,false,pcl_iterative_closest_point_with_normals,full-synthetic-development-v1/LONG_CORRIDOR/g0/m1/r3/INDEPENDENT_NOISE_FREE/pcl_iterative_closest_point_with_normals
full-synthetic-development-v1/LONG_CORRIDOR/g0/m1/r3/SCAN_NOISE_ONLY,LONG_CORRIDOR,0,1850310744,1,1664898153,3,SCAN_NOISE_ONLY,NEW_DEVELOPMENT_GENERATED,false,open3d_point_to_plane,full-synthetic-development-v1/LONG_CORRIDOR/g0/m1/r3/SCAN_NOISE_ONLY/open3d_point_to_plane
full-synthetic-development-v1/LONG_CORRIDOR/g0/m1/r3/SCAN_NOISE_ONLY,LONG_CORRIDOR,0,1850310744,1,1664898153,3,SCAN_NOISE_ONLY,NEW_DEVELOPMENT_GENERATED,false,pcl_iterative_closest_point_with_normals,full-synthetic-development-v1/LONG_CORRIDOR/g0/m1/r3/SCAN_NOISE_ONLY/pcl_iterative_closest_point_with_normals
full-synthetic-development-v1/LONG_CORRIDOR/g0/m1/r3/MAP_NOISE_ONLY,LONG_CORRIDOR,0,1850310744,1,1664898153,3,MAP_NOISE_ONLY,NEW_DEVELOPMENT_GENERATED,false,open3d_point_to_plane,full-synthetic-development-v1/LONG_CORRIDOR/g0/m1/r3/MAP_NOISE_ONLY/open3d_point_to_plane
full-synthetic-development-v1/LONG_CORRIDOR/g0/m1/r3/MAP_NOISE_ONLY,LONG_CORRIDOR,0,1850310744,1,1664898153,3,MAP_NOISE_ONLY,NEW_DEVELOPMENT_GENERATED,false,pcl_iterative_closest_point_with_normals,full-synthetic-development-v1/LONG_CORRIDOR/g0/m1/r3/MAP_NOISE_ONLY/pcl_iterative_closest_point_with_normals
full-synthetic-development-v1/LONG_CORRIDOR/g0/m1/r3/DROPOUT_ONLY,LONG_CORRIDOR,0,1850310744,1,1664898153,3,DROPOUT_ONLY,NEW_DEVELOPMENT_GENERATED,false,open3d_point_to_plane,full-synthetic-development-v1/LONG_CORRIDOR/g0/m1/r3/DROPOUT_ONLY/open3d_point_to_plane
full-synthetic-development-v1/LONG_CORRIDOR/g0/m1/r3/DROPOUT_ONLY,LONG_CORRIDOR,0,1850310744,1,1664898153,3,DROPOUT_ONLY,NEW_DEVELOPMENT_GENERATED,false,pcl_iterative_closest_point_with_normals,full-synthetic-development-v1/LONG_CORRIDOR/g0/m1/r3/DROPOUT_ONLY/pcl_iterative_closest_point_with_normals
full-synthetic-development-v1/LONG_CORRIDOR/g0/m1/r3/FULL_NOISE,LONG_CORRIDOR,0,1850310744,1,1664898153,3,FULL_NOISE,NEW_DEVELOPMENT_GENERATED,false,open3d_point_to_plane,full-synthetic-development-v1/LONG_CORRIDOR/g0/m1/r3/FULL_NOISE/open3d_point_to_plane
full-synthetic-development-v1/LONG_CORRIDOR/g0/m1/r3/FULL_NOISE,LONG_CORRIDOR,0,1850310744,1,1664898153,3,FULL_NOISE,NEW_DEVELOPMENT_GENERATED,false,pcl_iterative_closest_point_with_normals,full-synthetic-development-v1/LONG_CORRIDOR/g0/m1/r3/FULL_NOISE/pcl_iterative_closest_point_with_normals
full-synthetic-development-v1/LONG_CORRIDOR/g0/m1/r4/INDEPENDENT_NOISE_FREE,LONG_CORRIDOR,0,1850310744,1,1664898153,4,INDEPENDENT_NOISE_FREE,NEW_DEVELOPMENT_GENERATED,false,open3d_point_to_plane,full-synthetic-development-v1/LONG_CORRIDOR/g0/m1/r4/INDEPENDENT_NOISE_FREE/open3d_point_to_plane
full-synthetic-development-v1/LONG_CORRIDOR/g0/m1/r4/INDEPENDENT_NOISE_FREE,LONG_CORRIDOR,0,1850310744,1,1664898153,4,INDEPENDENT_NOISE_FREE,NEW_DEVELOPMENT_GENERATED,false,pcl_iterative_closest_point_with_normals,full-synthetic-development-v1/LONG_CORRIDOR/g0/m1/r4/INDEPENDENT_NOISE_FREE/pcl_iterative_closest_point_with_normals
full-synthetic-development-v1/LONG_CORRIDOR/g0/m1/r4/SCAN_NOISE_ONLY,LONG_CORRIDOR,0,1850310744,1,1664898153,4,SCAN_NOISE_ONLY,NEW_DEVELOPMENT_GENERATED,false,open3d_point_to_plane,full-synthetic-development-v1/LONG_CORRIDOR/g0/m1/r4/SCAN_NOISE_ONLY/open3d_point_to_plane
full-synthetic-development-v1/LONG_CORRIDOR/g0/m1/r4/SCAN_NOISE_ONLY,LONG_CORRIDOR,0,1850310744,1,1664898153,4,SCAN_NOISE_ONLY,NEW_DEVELOPMENT_GENERATED,false,pcl_iterative_closest_point_with_normals,full-synthetic-development-v1/LONG_CORRIDOR/g0/m1/r4/SCAN_NOISE_ONLY/pcl_iterative_closest_point_with_normals
full-synthetic-development-v1/LONG_CORRIDOR/g0/m1/r4/MAP_NOISE_ONLY,LONG_CORRIDOR,0,1850310744,1,1664898153,4,MAP_NOISE_ONLY,NEW_DEVELOPMENT_GENERATED,false,open3d_point_to_plane,full-synthetic-development-v1/LONG_CORRIDOR/g0/m1/r4/MAP_NOISE_ONLY/open3d_point_to_plane
full-synthetic-development-v1/LONG_CORRIDOR/g0/m1/r4/MAP_NOISE_ONLY,LONG_CORRIDOR,0,1850310744,1,1664898153,4,MAP_NOISE_ONLY,NEW_DEVELOPMENT_GENERATED,false,pcl_iterative_closest_point_with_normals,full-synthetic-development-v1/LONG_CORRIDOR/g0/m1/r4/MAP_NOISE_ONLY/pcl_iterative_closest_point_with_normals
full-synthetic-development-v1/LONG_CORRIDOR/g0/m1/r4/DROPOUT_ONLY,LONG_CORRIDOR,0,1850310744,1,1664898153,4,DROPOUT_ONLY,NEW_DEVELOPMENT_GENERATED,false,open3d_point_to_plane,full-synthetic-development-v1/LONG_CORRIDOR/g0/m1/r4/DROPOUT_ONLY/open3d_point_to_plane
full-synthetic-development-v1/LONG_CORRIDOR/g0/m1/r4/DROPOUT_ONLY,LONG_CORRIDOR,0,1850310744,1,1664898153,4,DROPOUT_ONLY,NEW_DEVELOPMENT_GENERATED,false,pcl_iterative_closest_point_with_normals,full-synthetic-development-v1/LONG_CORRIDOR/g0/m1/r4/DROPOUT_ONLY/pcl_iterative_closest_point_with_normals
full-synthetic-development-v1/LONG_CORRIDOR/g0/m1/r4/FULL_NOISE,LONG_CORRIDOR,0,1850310744,1,1664898153,4,FULL_NOISE,NEW_DEVELOPMENT_GENERATED,false,open3d_point_to_plane,full-synthetic-development-v1/LONG_CORRIDOR/g0/m1/r4/FULL_NOISE/open3d_point_to_plane
full-synthetic-development-v1/LONG_CORRIDOR/g0/m1/r4/FULL_NOISE,LONG_CORRIDOR,0,1850310744,1,1664898153,4,FULL_NOISE,NEW_DEVELOPMENT_GENERATED,false,pcl_iterative_closest_point_with_normals,full-synthetic-development-v1/LONG_CORRIDOR/g0/m1/r4/FULL_NOISE/pcl_iterative_closest_point_with_normals
phase-b-signal-v1/LONG_CORRIDOR/g1/INDEPENDENT_NOISE_FREE,LONG_CORRIDOR,1,1957656152,0,217775206,0,INDEPENDENT_NOISE_FREE,NEW_DEVELOPMENT_GENERATED,true,open3d_point_to_plane,phase-b-signal-v1/LONG_CORRIDOR/g1/INDEPENDENT_NOISE_FREE/open3d_point_to_plane
phase-b-signal-v1/LONG_CORRIDOR/g1/INDEPENDENT_NOISE_FREE,LONG_CORRIDOR,1,1957656152,0,217775206,0,INDEPENDENT_NOISE_FREE,NEW_DEVELOPMENT_GENERATED,true,pcl_iterative_closest_point_with_normals,phase-b-signal-v1/LONG_CORRIDOR/g1/INDEPENDENT_NOISE_FREE/pcl_iterative_closest_point_with_normals
full-synthetic-development-v1/LONG_CORRIDOR/g1/m0/r0/SCAN_NOISE_ONLY,LONG_CORRIDOR,1,1957656152,0,217775206,0,SCAN_NOISE_ONLY,NEW_DEVELOPMENT_GENERATED,false,open3d_point_to_plane,full-synthetic-development-v1/LONG_CORRIDOR/g1/m0/r0/SCAN_NOISE_ONLY/open3d_point_to_plane
full-synthetic-development-v1/LONG_CORRIDOR/g1/m0/r0/SCAN_NOISE_ONLY,LONG_CORRIDOR,1,1957656152,0,217775206,0,SCAN_NOISE_ONLY,NEW_DEVELOPMENT_GENERATED,false,pcl_iterative_closest_point_with_normals,full-synthetic-development-v1/LONG_CORRIDOR/g1/m0/r0/SCAN_NOISE_ONLY/pcl_iterative_closest_point_with_normals
full-synthetic-development-v1/LONG_CORRIDOR/g1/m0/r0/MAP_NOISE_ONLY,LONG_CORRIDOR,1,1957656152,0,217775206,0,MAP_NOISE_ONLY,NEW_DEVELOPMENT_GENERATED,false,open3d_point_to_plane,full-synthetic-development-v1/LONG_CORRIDOR/g1/m0/r0/MAP_NOISE_ONLY/open3d_point_to_plane
full-synthetic-development-v1/LONG_CORRIDOR/g1/m0/r0/MAP_NOISE_ONLY,LONG_CORRIDOR,1,1957656152,0,217775206,0,MAP_NOISE_ONLY,NEW_DEVELOPMENT_GENERATED,false,pcl_iterative_closest_point_with_normals,full-synthetic-development-v1/LONG_CORRIDOR/g1/m0/r0/MAP_NOISE_ONLY/pcl_iterative_closest_point_with_normals
full-synthetic-development-v1/LONG_CORRIDOR/g1/m0/r0/DROPOUT_ONLY,LONG_CORRIDOR,1,1957656152,0,217775206,0,DROPOUT_ONLY,NEW_DEVELOPMENT_GENERATED,false,open3d_point_to_plane,full-synthetic-development-v1/LONG_CORRIDOR/g1/m0/r0/DROPOUT_ONLY/open3d_point_to_plane
full-synthetic-development-v1/LONG_CORRIDOR/g1/m0/r0/DROPOUT_ONLY,LONG_CORRIDOR,1,1957656152,0,217775206,0,DROPOUT_ONLY,NEW_DEVELOPMENT_GENERATED,false,pcl_iterative_closest_point_with_normals,full-synthetic-development-v1/LONG_CORRIDOR/g1/m0/r0/DROPOUT_ONLY/pcl_iterative_closest_point_with_normals
phase-b-signal-v1/LONG_CORRIDOR/g1/FULL_NOISE,LONG_CORRIDOR,1,1957656152,0,217775206,0,FULL_NOISE,NEW_DEVELOPMENT_GENERATED,true,open3d_point_to_plane,phase-b-signal-v1/LONG_CORRIDOR/g1/FULL_NOISE/open3d_point_to_plane
phase-b-signal-v1/LONG_CORRIDOR/g1/FULL_NOISE,LONG_CORRIDOR,1,1957656152,0,217775206,0,FULL_NOISE,NEW_DEVELOPMENT_GENERATED,true,pcl_iterative_closest_point_with_normals,phase-b-signal-v1/LONG_CORRIDOR/g1/FULL_NOISE/pcl_iterative_closest_point_with_normals
full-synthetic-development-v1/LONG_CORRIDOR/g1/m0/r1/INDEPENDENT_NOISE_FREE,LONG_CORRIDOR,1,1957656152,0,217775206,1,INDEPENDENT_NOISE_FREE,NEW_DEVELOPMENT_GENERATED,false,open3d_point_to_plane,full-synthetic-development-v1/LONG_CORRIDOR/g1/m0/r1/INDEPENDENT_NOISE_FREE/open3d_point_to_plane
full-synthetic-development-v1/LONG_CORRIDOR/g1/m0/r1/INDEPENDENT_NOISE_FREE,LONG_CORRIDOR,1,1957656152,0,217775206,1,INDEPENDENT_NOISE_FREE,NEW_DEVELOPMENT_GENERATED,false,pcl_iterative_closest_point_with_normals,full-synthetic-development-v1/LONG_CORRIDOR/g1/m0/r1/INDEPENDENT_NOISE_FREE/pcl_iterative_closest_point_with_normals
full-synthetic-development-v1/LONG_CORRIDOR/g1/m0/r1/SCAN_NOISE_ONLY,LONG_CORRIDOR,1,1957656152,0,217775206,1,SCAN_NOISE_ONLY,NEW_DEVELOPMENT_GENERATED,false,open3d_point_to_plane,full-synthetic-development-v1/LONG_CORRIDOR/g1/m0/r1/SCAN_NOISE_ONLY/open3d_point_to_plane
full-synthetic-development-v1/LONG_CORRIDOR/g1/m0/r1/SCAN_NOISE_ONLY,LONG_CORRIDOR,1,1957656152,0,217775206,1,SCAN_NOISE_ONLY,NEW_DEVELOPMENT_GENERATED,false,pcl_iterative_closest_point_with_normals,full-synthetic-development-v1/LONG_CORRIDOR/g1/m0/r1/SCAN_NOISE_ONLY/pcl_iterative_closest_point_with_normals
full-synthetic-development-v1/LONG_CORRIDOR/g1/m0/r1/MAP_NOISE_ONLY,LONG_CORRIDOR,1,1957656152,0,217775206,1,MAP_NOISE_ONLY,NEW_DEVELOPMENT_GENERATED,false,open3d_point_to_plane,full-synthetic-development-v1/LONG_CORRIDOR/g1/m0/r1/MAP_NOISE_ONLY/open3d_point_to_plane
full-synthetic-development-v1/LONG_CORRIDOR/g1/m0/r1/MAP_NOISE_ONLY,LONG_CORRIDOR,1,1957656152,0,217775206,1,MAP_NOISE_ONLY,NEW_DEVELOPMENT_GENERATED,false,pcl_iterative_closest_point_with_normals,full-synthetic-development-v1/LONG_CORRIDOR/g1/m0/r1/MAP_NOISE_ONLY/pcl_iterative_closest_point_with_normals
full-synthetic-development-v1/LONG_CORRIDOR/g1/m0/r1/DROPOUT_ONLY,LONG_CORRIDOR,1,1957656152,0,217775206,1,DROPOUT_ONLY,NEW_DEVELOPMENT_GENERATED,false,open3d_point_to_plane,full-synthetic-development-v1/LONG_CORRIDOR/g1/m0/r1/DROPOUT_ONLY/open3d_point_to_plane
full-synthetic-development-v1/LONG_CORRIDOR/g1/m0/r1/DROPOUT_ONLY,LONG_CORRIDOR,1,1957656152,0,217775206,1,DROPOUT_ONLY,NEW_DEVELOPMENT_GENERATED,false,pcl_iterative_closest_point_with_normals,full-synthetic-development-v1/LONG_CORRIDOR/g1/m0/r1/DROPOUT_ONLY/pcl_iterative_closest_point_with_normals
full-synthetic-development-v1/LONG_CORRIDOR/g1/m0/r1/FULL_NOISE,LONG_CORRIDOR,1,1957656152,0,217775206,1,FULL_NOISE,NEW_DEVELOPMENT_GENERATED,false,open3d_point_to_plane,full-synthetic-development-v1/LONG_CORRIDOR/g1/m0/r1/FULL_NOISE/open3d_point_to_plane
full-synthetic-development-v1/LONG_CORRIDOR/g1/m0/r1/FULL_NOISE,LONG_CORRIDOR,1,1957656152,0,217775206,1,FULL_NOISE,NEW_DEVELOPMENT_GENERATED,false,pcl_iterative_closest_point_with_normals,full-synthetic-development-v1/LONG_CORRIDOR/g1/m0/r1/FULL_NOISE/pcl_iterative_closest_point_with_normals
full-synthetic-development-v1/LONG_CORRIDOR/g1/m0/r2/INDEPENDENT_NOISE_FREE,LONG_CORRIDOR,1,1957656152,0,217775206,2,INDEPENDENT_NOISE_FREE,NEW_DEVELOPMENT_GENERATED,false,open3d_point_to_plane,full-synthetic-development-v1/LONG_CORRIDOR/g1/m0/r2/INDEPENDENT_NOISE_FREE/open3d_point_to_plane
full-synthetic-development-v1/LONG_CORRIDOR/g1/m0/r2/INDEPENDENT_NOISE_FREE,LONG_CORRIDOR,1,1957656152,0,217775206,2,INDEPENDENT_NOISE_FREE,NEW_DEVELOPMENT_GENERATED,false,pcl_iterative_closest_point_with_normals,full-synthetic-development-v1/LONG_CORRIDOR/g1/m0/r2/INDEPENDENT_NOISE_FREE/pcl_iterative_closest_point_with_normals
full-synthetic-development-v1/LONG_CORRIDOR/g1/m0/r2/SCAN_NOISE_ONLY,LONG_CORRIDOR,1,1957656152,0,217775206,2,SCAN_NOISE_ONLY,NEW_DEVELOPMENT_GENERATED,false,open3d_point_to_plane,full-synthetic-development-v1/LONG_CORRIDOR/g1/m0/r2/SCAN_NOISE_ONLY/open3d_point_to_plane
full-synthetic-development-v1/LONG_CORRIDOR/g1/m0/r2/SCAN_NOISE_ONLY,LONG_CORRIDOR,1,1957656152,0,217775206,2,SCAN_NOISE_ONLY,NEW_DEVELOPMENT_GENERATED,false,pcl_iterative_closest_point_with_normals,full-synthetic-development-v1/LONG_CORRIDOR/g1/m0/r2/SCAN_NOISE_ONLY/pcl_iterative_closest_point_with_normals
full-synthetic-development-v1/LONG_CORRIDOR/g1/m0/r2/MAP_NOISE_ONLY,LONG_CORRIDOR,1,1957656152,0,217775206,2,MAP_NOISE_ONLY,NEW_DEVELOPMENT_GENERATED,false,open3d_point_to_plane,full-synthetic-development-v1/LONG_CORRIDOR/g1/m0/r2/MAP_NOISE_ONLY/open3d_point_to_plane
full-synthetic-development-v1/LONG_CORRIDOR/g1/m0/r2/MAP_NOISE_ONLY,LONG_CORRIDOR,1,1957656152,0,217775206,2,MAP_NOISE_ONLY,NEW_DEVELOPMENT_GENERATED,false,pcl_iterative_closest_point_with_normals,full-synthetic-development-v1/LONG_CORRIDOR/g1/m0/r2/MAP_NOISE_ONLY/pcl_iterative_closest_point_with_normals
full-synthetic-development-v1/LONG_CORRIDOR/g1/m0/r2/DROPOUT_ONLY,LONG_CORRIDOR,1,1957656152,0,217775206,2,DROPOUT_ONLY,NEW_DEVELOPMENT_GENERATED,false,open3d_point_to_plane,full-synthetic-development-v1/LONG_CORRIDOR/g1/m0/r2/DROPOUT_ONLY/open3d_point_to_plane
full-synthetic-development-v1/LONG_CORRIDOR/g1/m0/r2/DROPOUT_ONLY,LONG_CORRIDOR,1,1957656152,0,217775206,2,DROPOUT_ONLY,NEW_DEVELOPMENT_GENERATED,false,pcl_iterative_closest_point_with_normals,full-synthetic-development-v1/LONG_CORRIDOR/g1/m0/r2/DROPOUT_ONLY/pcl_iterative_closest_point_with_normals
full-synthetic-development-v1/LONG_CORRIDOR/g1/m0/r2/FULL_NOISE,LONG_CORRIDOR,1,1957656152,0,217775206,2,FULL_NOISE,NEW_DEVELOPMENT_GENERATED,false,open3d_point_to_plane,full-synthetic-development-v1/LONG_CORRIDOR/g1/m0/r2/FULL_NOISE/open3d_point_to_plane
full-synthetic-development-v1/LONG_CORRIDOR/g1/m0/r2/FULL_NOISE,LONG_CORRIDOR,1,1957656152,0,217775206,2,FULL_NOISE,NEW_DEVELOPMENT_GENERATED,false,pcl_iterative_closest_point_with_normals,full-synthetic-development-v1/LONG_CORRIDOR/g1/m0/r2/FULL_NOISE/pcl_iterative_closest_point_with_normals
full-synthetic-development-v1/LONG_CORRIDOR/g1/m0/r3/INDEPENDENT_NOISE_FREE,LONG_CORRIDOR,1,1957656152,0,217775206,3,INDEPENDENT_NOISE_FREE,NEW_DEVELOPMENT_GENERATED,false,open3d_point_to_plane,full-synthetic-development-v1/LONG_CORRIDOR/g1/m0/r3/INDEPENDENT_NOISE_FREE/open3d_point_to_plane
full-synthetic-development-v1/LONG_CORRIDOR/g1/m0/r3/INDEPENDENT_NOISE_FREE,LONG_CORRIDOR,1,1957656152,0,217775206,3,INDEPENDENT_NOISE_FREE,NEW_DEVELOPMENT_GENERATED,false,pcl_iterative_closest_point_with_normals,full-synthetic-development-v1/LONG_CORRIDOR/g1/m0/r3/INDEPENDENT_NOISE_FREE/pcl_iterative_closest_point_with_normals
full-synthetic-development-v1/LONG_CORRIDOR/g1/m0/r3/SCAN_NOISE_ONLY,LONG_CORRIDOR,1,1957656152,0,217775206,3,SCAN_NOISE_ONLY,NEW_DEVELOPMENT_GENERATED,false,open3d_point_to_plane,full-synthetic-development-v1/LONG_CORRIDOR/g1/m0/r3/SCAN_NOISE_ONLY/open3d_point_to_plane
full-synthetic-development-v1/LONG_CORRIDOR/g1/m0/r3/SCAN_NOISE_ONLY,LONG_CORRIDOR,1,1957656152,0,217775206,3,SCAN_NOISE_ONLY,NEW_DEVELOPMENT_GENERATED,false,pcl_iterative_closest_point_with_normals,full-synthetic-development-v1/LONG_CORRIDOR/g1/m0/r3/SCAN_NOISE_ONLY/pcl_iterative_closest_point_with_normals
full-synthetic-development-v1/LONG_CORRIDOR/g1/m0/r3/MAP_NOISE_ONLY,LONG_CORRIDOR,1,1957656152,0,217775206,3,MAP_NOISE_ONLY,NEW_DEVELOPMENT_GENERATED,false,open3d_point_to_plane,full-synthetic-development-v1/LONG_CORRIDOR/g1/m0/r3/MAP_NOISE_ONLY/open3d_point_to_plane
full-synthetic-development-v1/LONG_CORRIDOR/g1/m0/r3/MAP_NOISE_ONLY,LONG_CORRIDOR,1,1957656152,0,217775206,3,MAP_NOISE_ONLY,NEW_DEVELOPMENT_GENERATED,false,pcl_iterative_closest_point_with_normals,full-synthetic-development-v1/LONG_CORRIDOR/g1/m0/r3/MAP_NOISE_ONLY/pcl_iterative_closest_point_with_normals
full-synthetic-development-v1/LONG_CORRIDOR/g1/m0/r3/DROPOUT_ONLY,LONG_CORRIDOR,1,1957656152,0,217775206,3,DROPOUT_ONLY,NEW_DEVELOPMENT_GENERATED,false,open3d_point_to_plane,full-synthetic-development-v1/LONG_CORRIDOR/g1/m0/r3/DROPOUT_ONLY/open3d_point_to_plane
full-synthetic-development-v1/LONG_CORRIDOR/g1/m0/r3/DROPOUT_ONLY,LONG_CORRIDOR,1,1957656152,0,217775206,3,DROPOUT_ONLY,NEW_DEVELOPMENT_GENERATED,false,pcl_iterative_closest_point_with_normals,full-synthetic-development-v1/LONG_CORRIDOR/g1/m0/r3/DROPOUT_ONLY/pcl_iterative_closest_point_with_normals
full-synthetic-development-v1/LONG_CORRIDOR/g1/m0/r3/FULL_NOISE,LONG_CORRIDOR,1,1957656152,0,217775206,3,FULL_NOISE,NEW_DEVELOPMENT_GENERATED,false,open3d_point_to_plane,full-synthetic-development-v1/LONG_CORRIDOR/g1/m0/r3/FULL_NOISE/open3d_point_to_plane
full-synthetic-development-v1/LONG_CORRIDOR/g1/m0/r3/FULL_NOISE,LONG_CORRIDOR,1,1957656152,0,217775206,3,FULL_NOISE,NEW_DEVELOPMENT_GENERATED,false,pcl_iterative_closest_point_with_normals,full-synthetic-development-v1/LONG_CORRIDOR/g1/m0/r3/FULL_NOISE/pcl_iterative_closest_point_with_normals
full-synthetic-development-v1/LONG_CORRIDOR/g1/m0/r4/INDEPENDENT_NOISE_FREE,LONG_CORRIDOR,1,1957656152,0,217775206,4,INDEPENDENT_NOISE_FREE,NEW_DEVELOPMENT_GENERATED,false,open3d_point_to_plane,full-synthetic-development-v1/LONG_CORRIDOR/g1/m0/r4/INDEPENDENT_NOISE_FREE/open3d_point_to_plane
full-synthetic-development-v1/LONG_CORRIDOR/g1/m0/r4/INDEPENDENT_NOISE_FREE,LONG_CORRIDOR,1,1957656152,0,217775206,4,INDEPENDENT_NOISE_FREE,NEW_DEVELOPMENT_GENERATED,false,pcl_iterative_closest_point_with_normals,full-synthetic-development-v1/LONG_CORRIDOR/g1/m0/r4/INDEPENDENT_NOISE_FREE/pcl_iterative_closest_point_with_normals
full-synthetic-development-v1/LONG_CORRIDOR/g1/m0/r4/SCAN_NOISE_ONLY,LONG_CORRIDOR,1,1957656152,0,217775206,4,SCAN_NOISE_ONLY,NEW_DEVELOPMENT_GENERATED,false,open3d_point_to_plane,full-synthetic-development-v1/LONG_CORRIDOR/g1/m0/r4/SCAN_NOISE_ONLY/open3d_point_to_plane
full-synthetic-development-v1/LONG_CORRIDOR/g1/m0/r4/SCAN_NOISE_ONLY,LONG_CORRIDOR,1,1957656152,0,217775206,4,SCAN_NOISE_ONLY,NEW_DEVELOPMENT_GENERATED,false,pcl_iterative_closest_point_with_normals,full-synthetic-development-v1/LONG_CORRIDOR/g1/m0/r4/SCAN_NOISE_ONLY/pcl_iterative_closest_point_with_normals
full-synthetic-development-v1/LONG_CORRIDOR/g1/m0/r4/MAP_NOISE_ONLY,LONG_CORRIDOR,1,1957656152,0,217775206,4,MAP_NOISE_ONLY,NEW_DEVELOPMENT_GENERATED,false,open3d_point_to_plane,full-synthetic-development-v1/LONG_CORRIDOR/g1/m0/r4/MAP_NOISE_ONLY/open3d_point_to_plane
full-synthetic-development-v1/LONG_CORRIDOR/g1/m0/r4/MAP_NOISE_ONLY,LONG_CORRIDOR,1,1957656152,0,217775206,4,MAP_NOISE_ONLY,NEW_DEVELOPMENT_GENERATED,false,pcl_iterative_closest_point_with_normals,full-synthetic-development-v1/LONG_CORRIDOR/g1/m0/r4/MAP_NOISE_ONLY/pcl_iterative_closest_point_with_normals
full-synthetic-development-v1/LONG_CORRIDOR/g1/m0/r4/DROPOUT_ONLY,LONG_CORRIDOR,1,1957656152,0,217775206,4,DROPOUT_ONLY,NEW_DEVELOPMENT_GENERATED,false,open3d_point_to_plane,full-synthetic-development-v1/LONG_CORRIDOR/g1/m0/r4/DROPOUT_ONLY/open3d_point_to_plane
full-synthetic-development-v1/LONG_CORRIDOR/g1/m0/r4/DROPOUT_ONLY,LONG_CORRIDOR,1,1957656152,0,217775206,4,DROPOUT_ONLY,NEW_DEVELOPMENT_GENERATED,false,pcl_iterative_closest_point_with_normals,full-synthetic-development-v1/LONG_CORRIDOR/g1/m0/r4/DROPOUT_ONLY/pcl_iterative_closest_point_with_normals
full-synthetic-development-v1/LONG_CORRIDOR/g1/m0/r4/FULL_NOISE,LONG_CORRIDOR,1,1957656152,0,217775206,4,FULL_NOISE,NEW_DEVELOPMENT_GENERATED,false,open3d_point_to_plane,full-synthetic-development-v1/LONG_CORRIDOR/g1/m0/r4/FULL_NOISE/open3d_point_to_plane
full-synthetic-development-v1/LONG_CORRIDOR/g1/m0/r4/FULL_NOISE,LONG_CORRIDOR,1,1957656152,0,217775206,4,FULL_NOISE,NEW_DEVELOPMENT_GENERATED,false,pcl_iterative_closest_point_with_normals,full-synthetic-development-v1/LONG_CORRIDOR/g1/m0/r4/FULL_NOISE/pcl_iterative_closest_point_with_normals
full-synthetic-development-v1/LONG_CORRIDOR/g1/m1/r0/INDEPENDENT_NOISE_FREE,LONG_CORRIDOR,1,1957656152,1,1664898153,0,INDEPENDENT_NOISE_FREE,NEW_DEVELOPMENT_GENERATED,false,open3d_point_to_plane,full-synthetic-development-v1/LONG_CORRIDOR/g1/m1/r0/INDEPENDENT_NOISE_FREE/open3d_point_to_plane
full-synthetic-development-v1/LONG_CORRIDOR/g1/m1/r0/INDEPENDENT_NOISE_FREE,LONG_CORRIDOR,1,1957656152,1,1664898153,0,INDEPENDENT_NOISE_FREE,NEW_DEVELOPMENT_GENERATED,false,pcl_iterative_closest_point_with_normals,full-synthetic-development-v1/LONG_CORRIDOR/g1/m1/r0/INDEPENDENT_NOISE_FREE/pcl_iterative_closest_point_with_normals
full-synthetic-development-v1/LONG_CORRIDOR/g1/m1/r0/SCAN_NOISE_ONLY,LONG_CORRIDOR,1,1957656152,1,1664898153,0,SCAN_NOISE_ONLY,NEW_DEVELOPMENT_GENERATED,false,open3d_point_to_plane,full-synthetic-development-v1/LONG_CORRIDOR/g1/m1/r0/SCAN_NOISE_ONLY/open3d_point_to_plane
full-synthetic-development-v1/LONG_CORRIDOR/g1/m1/r0/SCAN_NOISE_ONLY,LONG_CORRIDOR,1,1957656152,1,1664898153,0,SCAN_NOISE_ONLY,NEW_DEVELOPMENT_GENERATED,false,pcl_iterative_closest_point_with_normals,full-synthetic-development-v1/LONG_CORRIDOR/g1/m1/r0/SCAN_NOISE_ONLY/pcl_iterative_closest_point_with_normals
full-synthetic-development-v1/LONG_CORRIDOR/g1/m1/r0/MAP_NOISE_ONLY,LONG_CORRIDOR,1,1957656152,1,1664898153,0,MAP_NOISE_ONLY,NEW_DEVELOPMENT_GENERATED,false,open3d_point_to_plane,full-synthetic-development-v1/LONG_CORRIDOR/g1/m1/r0/MAP_NOISE_ONLY/open3d_point_to_plane
full-synthetic-development-v1/LONG_CORRIDOR/g1/m1/r0/MAP_NOISE_ONLY,LONG_CORRIDOR,1,1957656152,1,1664898153,0,MAP_NOISE_ONLY,NEW_DEVELOPMENT_GENERATED,false,pcl_iterative_closest_point_with_normals,full-synthetic-development-v1/LONG_CORRIDOR/g1/m1/r0/MAP_NOISE_ONLY/pcl_iterative_closest_point_with_normals
full-synthetic-development-v1/LONG_CORRIDOR/g1/m1/r0/DROPOUT_ONLY,LONG_CORRIDOR,1,1957656152,1,1664898153,0,DROPOUT_ONLY,NEW_DEVELOPMENT_GENERATED,false,open3d_point_to_plane,full-synthetic-development-v1/LONG_CORRIDOR/g1/m1/r0/DROPOUT_ONLY/open3d_point_to_plane
full-synthetic-development-v1/LONG_CORRIDOR/g1/m1/r0/DROPOUT_ONLY,LONG_CORRIDOR,1,1957656152,1,1664898153,0,DROPOUT_ONLY,NEW_DEVELOPMENT_GENERATED,false,pcl_iterative_closest_point_with_normals,full-synthetic-development-v1/LONG_CORRIDOR/g1/m1/r0/DROPOUT_ONLY/pcl_iterative_closest_point_with_normals
full-synthetic-development-v1/LONG_CORRIDOR/g1/m1/r0/FULL_NOISE,LONG_CORRIDOR,1,1957656152,1,1664898153,0,FULL_NOISE,NEW_DEVELOPMENT_GENERATED,false,open3d_point_to_plane,full-synthetic-development-v1/LONG_CORRIDOR/g1/m1/r0/FULL_NOISE/open3d_point_to_plane
full-synthetic-development-v1/LONG_CORRIDOR/g1/m1/r0/FULL_NOISE,LONG_CORRIDOR,1,1957656152,1,1664898153,0,FULL_NOISE,NEW_DEVELOPMENT_GENERATED,false,pcl_iterative_closest_point_with_normals,full-synthetic-development-v1/LONG_CORRIDOR/g1/m1/r0/FULL_NOISE/pcl_iterative_closest_point_with_normals
full-synthetic-development-v1/LONG_CORRIDOR/g1/m1/r1/INDEPENDENT_NOISE_FREE,LONG_CORRIDOR,1,1957656152,1,1664898153,1,INDEPENDENT_NOISE_FREE,NEW_DEVELOPMENT_GENERATED,false,open3d_point_to_plane,full-synthetic-development-v1/LONG_CORRIDOR/g1/m1/r1/INDEPENDENT_NOISE_FREE/open3d_point_to_plane
full-synthetic-development-v1/LONG_CORRIDOR/g1/m1/r1/INDEPENDENT_NOISE_FREE,LONG_CORRIDOR,1,1957656152,1,1664898153,1,INDEPENDENT_NOISE_FREE,NEW_DEVELOPMENT_GENERATED,false,pcl_iterative_closest_point_with_normals,full-synthetic-development-v1/LONG_CORRIDOR/g1/m1/r1/INDEPENDENT_NOISE_FREE/pcl_iterative_closest_point_with_normals
full-synthetic-development-v1/LONG_CORRIDOR/g1/m1/r1/SCAN_NOISE_ONLY,LONG_CORRIDOR,1,1957656152,1,1664898153,1,SCAN_NOISE_ONLY,NEW_DEVELOPMENT_GENERATED,false,open3d_point_to_plane,full-synthetic-development-v1/LONG_CORRIDOR/g1/m1/r1/SCAN_NOISE_ONLY/open3d_point_to_plane
full-synthetic-development-v1/LONG_CORRIDOR/g1/m1/r1/SCAN_NOISE_ONLY,LONG_CORRIDOR,1,1957656152,1,1664898153,1,SCAN_NOISE_ONLY,NEW_DEVELOPMENT_GENERATED,false,pcl_iterative_closest_point_with_normals,full-synthetic-development-v1/LONG_CORRIDOR/g1/m1/r1/SCAN_NOISE_ONLY/pcl_iterative_closest_point_with_normals
full-synthetic-development-v1/LONG_CORRIDOR/g1/m1/r1/MAP_NOISE_ONLY,LONG_CORRIDOR,1,1957656152,1,1664898153,1,MAP_NOISE_ONLY,NEW_DEVELOPMENT_GENERATED,false,open3d_point_to_plane,full-synthetic-development-v1/LONG_CORRIDOR/g1/m1/r1/MAP_NOISE_ONLY/open3d_point_to_plane
full-synthetic-development-v1/LONG_CORRIDOR/g1/m1/r1/MAP_NOISE_ONLY,LONG_CORRIDOR,1,1957656152,1,1664898153,1,MAP_NOISE_ONLY,NEW_DEVELOPMENT_GENERATED,false,pcl_iterative_closest_point_with_normals,full-synthetic-development-v1/LONG_CORRIDOR/g1/m1/r1/MAP_NOISE_ONLY/pcl_iterative_closest_point_with_normals
full-synthetic-development-v1/LONG_CORRIDOR/g1/m1/r1/DROPOUT_ONLY,LONG_CORRIDOR,1,1957656152,1,1664898153,1,DROPOUT_ONLY,NEW_DEVELOPMENT_GENERATED,false,open3d_point_to_plane,full-synthetic-development-v1/LONG_CORRIDOR/g1/m1/r1/DROPOUT_ONLY/open3d_point_to_plane
full-synthetic-development-v1/LONG_CORRIDOR/g1/m1/r1/DROPOUT_ONLY,LONG_CORRIDOR,1,1957656152,1,1664898153,1,DROPOUT_ONLY,NEW_DEVELOPMENT_GENERATED,false,pcl_iterative_closest_point_with_normals,full-synthetic-development-v1/LONG_CORRIDOR/g1/m1/r1/DROPOUT_ONLY/pcl_iterative_closest_point_with_normals
full-synthetic-development-v1/LONG_CORRIDOR/g1/m1/r1/FULL_NOISE,LONG_CORRIDOR,1,1957656152,1,1664898153,1,FULL_NOISE,NEW_DEVELOPMENT_GENERATED,false,open3d_point_to_plane,full-synthetic-development-v1/LONG_CORRIDOR/g1/m1/r1/FULL_NOISE/open3d_point_to_plane
full-synthetic-development-v1/LONG_CORRIDOR/g1/m1/r1/FULL_NOISE,LONG_CORRIDOR,1,1957656152,1,1664898153,1,FULL_NOISE,NEW_DEVELOPMENT_GENERATED,false,pcl_iterative_closest_point_with_normals,full-synthetic-development-v1/LONG_CORRIDOR/g1/m1/r1/FULL_NOISE/pcl_iterative_closest_point_with_normals
full-synthetic-development-v1/LONG_CORRIDOR/g1/m1/r2/INDEPENDENT_NOISE_FREE,LONG_CORRIDOR,1,1957656152,1,1664898153,2,INDEPENDENT_NOISE_FREE,NEW_DEVELOPMENT_GENERATED,false,open3d_point_to_plane,full-synthetic-development-v1/LONG_CORRIDOR/g1/m1/r2/INDEPENDENT_NOISE_FREE/open3d_point_to_plane
full-synthetic-development-v1/LONG_CORRIDOR/g1/m1/r2/INDEPENDENT_NOISE_FREE,LONG_CORRIDOR,1,1957656152,1,1664898153,2,INDEPENDENT_NOISE_FREE,NEW_DEVELOPMENT_GENERATED,false,pcl_iterative_closest_point_with_normals,full-synthetic-development-v1/LONG_CORRIDOR/g1/m1/r2/INDEPENDENT_NOISE_FREE/pcl_iterative_closest_point_with_normals
full-synthetic-development-v1/LONG_CORRIDOR/g1/m1/r2/SCAN_NOISE_ONLY,LONG_CORRIDOR,1,1957656152,1,1664898153,2,SCAN_NOISE_ONLY,NEW_DEVELOPMENT_GENERATED,false,open3d_point_to_plane,full-synthetic-development-v1/LONG_CORRIDOR/g1/m1/r2/SCAN_NOISE_ONLY/open3d_point_to_plane
full-synthetic-development-v1/LONG_CORRIDOR/g1/m1/r2/SCAN_NOISE_ONLY,LONG_CORRIDOR,1,1957656152,1,1664898153,2,SCAN_NOISE_ONLY,NEW_DEVELOPMENT_GENERATED,false,pcl_iterative_closest_point_with_normals,full-synthetic-development-v1/LONG_CORRIDOR/g1/m1/r2/SCAN_NOISE_ONLY/pcl_iterative_closest_point_with_normals
full-synthetic-development-v1/LONG_CORRIDOR/g1/m1/r2/MAP_NOISE_ONLY,LONG_CORRIDOR,1,1957656152,1,1664898153,2,MAP_NOISE_ONLY,NEW_DEVELOPMENT_GENERATED,false,open3d_point_to_plane,full-synthetic-development-v1/LONG_CORRIDOR/g1/m1/r2/MAP_NOISE_ONLY/open3d_point_to_plane
full-synthetic-development-v1/LONG_CORRIDOR/g1/m1/r2/MAP_NOISE_ONLY,LONG_CORRIDOR,1,1957656152,1,1664898153,2,MAP_NOISE_ONLY,NEW_DEVELOPMENT_GENERATED,false,pcl_iterative_closest_point_with_normals,full-synthetic-development-v1/LONG_CORRIDOR/g1/m1/r2/MAP_NOISE_ONLY/pcl_iterative_closest_point_with_normals
full-synthetic-development-v1/LONG_CORRIDOR/g1/m1/r2/DROPOUT_ONLY,LONG_CORRIDOR,1,1957656152,1,1664898153,2,DROPOUT_ONLY,NEW_DEVELOPMENT_GENERATED,false,open3d_point_to_plane,full-synthetic-development-v1/LONG_CORRIDOR/g1/m1/r2/DROPOUT_ONLY/open3d_point_to_plane
full-synthetic-development-v1/LONG_CORRIDOR/g1/m1/r2/DROPOUT_ONLY,LONG_CORRIDOR,1,1957656152,1,1664898153,2,DROPOUT_ONLY,NEW_DEVELOPMENT_GENERATED,false,pcl_iterative_closest_point_with_normals,full-synthetic-development-v1/LONG_CORRIDOR/g1/m1/r2/DROPOUT_ONLY/pcl_iterative_closest_point_with_normals
full-synthetic-development-v1/LONG_CORRIDOR/g1/m1/r2/FULL_NOISE,LONG_CORRIDOR,1,1957656152,1,1664898153,2,FULL_NOISE,NEW_DEVELOPMENT_GENERATED,false,open3d_point_to_plane,full-synthetic-development-v1/LONG_CORRIDOR/g1/m1/r2/FULL_NOISE/open3d_point_to_plane
full-synthetic-development-v1/LONG_CORRIDOR/g1/m1/r2/FULL_NOISE,LONG_CORRIDOR,1,1957656152,1,1664898153,2,FULL_NOISE,NEW_DEVELOPMENT_GENERATED,false,pcl_iterative_closest_point_with_normals,full-synthetic-development-v1/LONG_CORRIDOR/g1/m1/r2/FULL_NOISE/pcl_iterative_closest_point_with_normals
full-synthetic-development-v1/LONG_CORRIDOR/g1/m1/r3/INDEPENDENT_NOISE_FREE,LONG_CORRIDOR,1,1957656152,1,1664898153,3,INDEPENDENT_NOISE_FREE,NEW_DEVELOPMENT_GENERATED,false,open3d_point_to_plane,full-synthetic-development-v1/LONG_CORRIDOR/g1/m1/r3/INDEPENDENT_NOISE_FREE/open3d_point_to_plane
full-synthetic-development-v1/LONG_CORRIDOR/g1/m1/r3/INDEPENDENT_NOISE_FREE,LONG_CORRIDOR,1,1957656152,1,1664898153,3,INDEPENDENT_NOISE_FREE,NEW_DEVELOPMENT_GENERATED,false,pcl_iterative_closest_point_with_normals,full-synthetic-development-v1/LONG_CORRIDOR/g1/m1/r3/INDEPENDENT_NOISE_FREE/pcl_iterative_closest_point_with_normals
full-synthetic-development-v1/LONG_CORRIDOR/g1/m1/r3/SCAN_NOISE_ONLY,LONG_CORRIDOR,1,1957656152,1,1664898153,3,SCAN_NOISE_ONLY,NEW_DEVELOPMENT_GENERATED,false,open3d_point_to_plane,full-synthetic-development-v1/LONG_CORRIDOR/g1/m1/r3/SCAN_NOISE_ONLY/open3d_point_to_plane
full-synthetic-development-v1/LONG_CORRIDOR/g1/m1/r3/SCAN_NOISE_ONLY,LONG_CORRIDOR,1,1957656152,1,1664898153,3,SCAN_NOISE_ONLY,NEW_DEVELOPMENT_GENERATED,false,pcl_iterative_closest_point_with_normals,full-synthetic-development-v1/LONG_CORRIDOR/g1/m1/r3/SCAN_NOISE_ONLY/pcl_iterative_closest_point_with_normals
full-synthetic-development-v1/LONG_CORRIDOR/g1/m1/r3/MAP_NOISE_ONLY,LONG_CORRIDOR,1,1957656152,1,1664898153,3,MAP_NOISE_ONLY,NEW_DEVELOPMENT_GENERATED,false,open3d_point_to_plane,full-synthetic-development-v1/LONG_CORRIDOR/g1/m1/r3/MAP_NOISE_ONLY/open3d_point_to_plane
full-synthetic-development-v1/LONG_CORRIDOR/g1/m1/r3/MAP_NOISE_ONLY,LONG_CORRIDOR,1,1957656152,1,1664898153,3,MAP_NOISE_ONLY,NEW_DEVELOPMENT_GENERATED,false,pcl_iterative_closest_point_with_normals,full-synthetic-development-v1/LONG_CORRIDOR/g1/m1/r3/MAP_NOISE_ONLY/pcl_iterative_closest_point_with_normals
full-synthetic-development-v1/LONG_CORRIDOR/g1/m1/r3/DROPOUT_ONLY,LONG_CORRIDOR,1,1957656152,1,1664898153,3,DROPOUT_ONLY,NEW_DEVELOPMENT_GENERATED,false,open3d_point_to_plane,full-synthetic-development-v1/LONG_CORRIDOR/g1/m1/r3/DROPOUT_ONLY/open3d_point_to_plane
full-synthetic-development-v1/LONG_CORRIDOR/g1/m1/r3/DROPOUT_ONLY,LONG_CORRIDOR,1,1957656152,1,1664898153,3,DROPOUT_ONLY,NEW_DEVELOPMENT_GENERATED,false,pcl_iterative_closest_point_with_normals,full-synthetic-development-v1/LONG_CORRIDOR/g1/m1/r3/DROPOUT_ONLY/pcl_iterative_closest_point_with_normals
full-synthetic-development-v1/LONG_CORRIDOR/g1/m1/r3/FULL_NOISE,LONG_CORRIDOR,1,1957656152,1,1664898153,3,FULL_NOISE,NEW_DEVELOPMENT_GENERATED,false,open3d_point_to_plane,full-synthetic-development-v1/LONG_CORRIDOR/g1/m1/r3/FULL_NOISE/open3d_point_to_plane
full-synthetic-development-v1/LONG_CORRIDOR/g1/m1/r3/FULL_NOISE,LONG_CORRIDOR,1,1957656152,1,1664898153,3,FULL_NOISE,NEW_DEVELOPMENT_GENERATED,false,pcl_iterative_closest_point_with_normals,full-synthetic-development-v1/LONG_CORRIDOR/g1/m1/r3/FULL_NOISE/pcl_iterative_closest_point_with_normals
full-synthetic-development-v1/LONG_CORRIDOR/g1/m1/r4/INDEPENDENT_NOISE_FREE,LONG_CORRIDOR,1,1957656152,1,1664898153,4,INDEPENDENT_NOISE_FREE,NEW_DEVELOPMENT_GENERATED,false,open3d_point_to_plane,full-synthetic-development-v1/LONG_CORRIDOR/g1/m1/r4/INDEPENDENT_NOISE_FREE/open3d_point_to_plane
full-synthetic-development-v1/LONG_CORRIDOR/g1/m1/r4/INDEPENDENT_NOISE_FREE,LONG_CORRIDOR,1,1957656152,1,1664898153,4,INDEPENDENT_NOISE_FREE,NEW_DEVELOPMENT_GENERATED,false,pcl_iterative_closest_point_with_normals,full-synthetic-development-v1/LONG_CORRIDOR/g1/m1/r4/INDEPENDENT_NOISE_FREE/pcl_iterative_closest_point_with_normals
full-synthetic-development-v1/LONG_CORRIDOR/g1/m1/r4/SCAN_NOISE_ONLY,LONG_CORRIDOR,1,1957656152,1,1664898153,4,SCAN_NOISE_ONLY,NEW_DEVELOPMENT_GENERATED,false,open3d_point_to_plane,full-synthetic-development-v1/LONG_CORRIDOR/g1/m1/r4/SCAN_NOISE_ONLY/open3d_point_to_plane
full-synthetic-development-v1/LONG_CORRIDOR/g1/m1/r4/SCAN_NOISE_ONLY,LONG_CORRIDOR,1,1957656152,1,1664898153,4,SCAN_NOISE_ONLY,NEW_DEVELOPMENT_GENERATED,false,pcl_iterative_closest_point_with_normals,full-synthetic-development-v1/LONG_CORRIDOR/g1/m1/r4/SCAN_NOISE_ONLY/pcl_iterative_closest_point_with_normals
full-synthetic-development-v1/LONG_CORRIDOR/g1/m1/r4/MAP_NOISE_ONLY,LONG_CORRIDOR,1,1957656152,1,1664898153,4,MAP_NOISE_ONLY,NEW_DEVELOPMENT_GENERATED,false,open3d_point_to_plane,full-synthetic-development-v1/LONG_CORRIDOR/g1/m1/r4/MAP_NOISE_ONLY/open3d_point_to_plane
full-synthetic-development-v1/LONG_CORRIDOR/g1/m1/r4/MAP_NOISE_ONLY,LONG_CORRIDOR,1,1957656152,1,1664898153,4,MAP_NOISE_ONLY,NEW_DEVELOPMENT_GENERATED,false,pcl_iterative_closest_point_with_normals,full-synthetic-development-v1/LONG_CORRIDOR/g1/m1/r4/MAP_NOISE_ONLY/pcl_iterative_closest_point_with_normals
full-synthetic-development-v1/LONG_CORRIDOR/g1/m1/r4/DROPOUT_ONLY,LONG_CORRIDOR,1,1957656152,1,1664898153,4,DROPOUT_ONLY,NEW_DEVELOPMENT_GENERATED,false,open3d_point_to_plane,full-synthetic-development-v1/LONG_CORRIDOR/g1/m1/r4/DROPOUT_ONLY/open3d_point_to_plane
full-synthetic-development-v1/LONG_CORRIDOR/g1/m1/r4/DROPOUT_ONLY,LONG_CORRIDOR,1,1957656152,1,1664898153,4,DROPOUT_ONLY,NEW_DEVELOPMENT_GENERATED,false,pcl_iterative_closest_point_with_normals,full-synthetic-development-v1/LONG_CORRIDOR/g1/m1/r4/DROPOUT_ONLY/pcl_iterative_closest_point_with_normals
full-synthetic-development-v1/LONG_CORRIDOR/g1/m1/r4/FULL_NOISE,LONG_CORRIDOR,1,1957656152,1,1664898153,4,FULL_NOISE,NEW_DEVELOPMENT_GENERATED,false,open3d_point_to_plane,full-synthetic-development-v1/LONG_CORRIDOR/g1/m1/r4/FULL_NOISE/open3d_point_to_plane
full-synthetic-development-v1/LONG_CORRIDOR/g1/m1/r4/FULL_NOISE,LONG_CORRIDOR,1,1957656152,1,1664898153,4,FULL_NOISE,NEW_DEVELOPMENT_GENERATED,false,pcl_iterative_closest_point_with_normals,full-synthetic-development-v1/LONG_CORRIDOR/g1/m1/r4/FULL_NOISE/pcl_iterative_closest_point_with_normals
phase-b-signal-v1/LONG_CORRIDOR/g2/INDEPENDENT_NOISE_FREE,LONG_CORRIDOR,2,1334931069,0,217775206,0,INDEPENDENT_NOISE_FREE,NEW_DEVELOPMENT_GENERATED,true,open3d_point_to_plane,phase-b-signal-v1/LONG_CORRIDOR/g2/INDEPENDENT_NOISE_FREE/open3d_point_to_plane
phase-b-signal-v1/LONG_CORRIDOR/g2/INDEPENDENT_NOISE_FREE,LONG_CORRIDOR,2,1334931069,0,217775206,0,INDEPENDENT_NOISE_FREE,NEW_DEVELOPMENT_GENERATED,true,pcl_iterative_closest_point_with_normals,phase-b-signal-v1/LONG_CORRIDOR/g2/INDEPENDENT_NOISE_FREE/pcl_iterative_closest_point_with_normals
full-synthetic-development-v1/LONG_CORRIDOR/g2/m0/r0/SCAN_NOISE_ONLY,LONG_CORRIDOR,2,1334931069,0,217775206,0,SCAN_NOISE_ONLY,NEW_DEVELOPMENT_GENERATED,false,open3d_point_to_plane,full-synthetic-development-v1/LONG_CORRIDOR/g2/m0/r0/SCAN_NOISE_ONLY/open3d_point_to_plane
full-synthetic-development-v1/LONG_CORRIDOR/g2/m0/r0/SCAN_NOISE_ONLY,LONG_CORRIDOR,2,1334931069,0,217775206,0,SCAN_NOISE_ONLY,NEW_DEVELOPMENT_GENERATED,false,pcl_iterative_closest_point_with_normals,full-synthetic-development-v1/LONG_CORRIDOR/g2/m0/r0/SCAN_NOISE_ONLY/pcl_iterative_closest_point_with_normals
full-synthetic-development-v1/LONG_CORRIDOR/g2/m0/r0/MAP_NOISE_ONLY,LONG_CORRIDOR,2,1334931069,0,217775206,0,MAP_NOISE_ONLY,NEW_DEVELOPMENT_GENERATED,false,open3d_point_to_plane,full-synthetic-development-v1/LONG_CORRIDOR/g2/m0/r0/MAP_NOISE_ONLY/open3d_point_to_plane
full-synthetic-development-v1/LONG_CORRIDOR/g2/m0/r0/MAP_NOISE_ONLY,LONG_CORRIDOR,2,1334931069,0,217775206,0,MAP_NOISE_ONLY,NEW_DEVELOPMENT_GENERATED,false,pcl_iterative_closest_point_with_normals,full-synthetic-development-v1/LONG_CORRIDOR/g2/m0/r0/MAP_NOISE_ONLY/pcl_iterative_closest_point_with_normals
full-synthetic-development-v1/LONG_CORRIDOR/g2/m0/r0/DROPOUT_ONLY,LONG_CORRIDOR,2,1334931069,0,217775206,0,DROPOUT_ONLY,NEW_DEVELOPMENT_GENERATED,false,open3d_point_to_plane,full-synthetic-development-v1/LONG_CORRIDOR/g2/m0/r0/DROPOUT_ONLY/open3d_point_to_plane
full-synthetic-development-v1/LONG_CORRIDOR/g2/m0/r0/DROPOUT_ONLY,LONG_CORRIDOR,2,1334931069,0,217775206,0,DROPOUT_ONLY,NEW_DEVELOPMENT_GENERATED,false,pcl_iterative_closest_point_with_normals,full-synthetic-development-v1/LONG_CORRIDOR/g2/m0/r0/DROPOUT_ONLY/pcl_iterative_closest_point_with_normals
phase-b-signal-v1/LONG_CORRIDOR/g2/FULL_NOISE,LONG_CORRIDOR,2,1334931069,0,217775206,0,FULL_NOISE,NEW_DEVELOPMENT_GENERATED,true,open3d_point_to_plane,phase-b-signal-v1/LONG_CORRIDOR/g2/FULL_NOISE/open3d_point_to_plane
phase-b-signal-v1/LONG_CORRIDOR/g2/FULL_NOISE,LONG_CORRIDOR,2,1334931069,0,217775206,0,FULL_NOISE,NEW_DEVELOPMENT_GENERATED,true,pcl_iterative_closest_point_with_normals,phase-b-signal-v1/LONG_CORRIDOR/g2/FULL_NOISE/pcl_iterative_closest_point_with_normals
full-synthetic-development-v1/LONG_CORRIDOR/g2/m0/r1/INDEPENDENT_NOISE_FREE,LONG_CORRIDOR,2,1334931069,0,217775206,1,INDEPENDENT_NOISE_FREE,NEW_DEVELOPMENT_GENERATED,false,open3d_point_to_plane,full-synthetic-development-v1/LONG_CORRIDOR/g2/m0/r1/INDEPENDENT_NOISE_FREE/open3d_point_to_plane
full-synthetic-development-v1/LONG_CORRIDOR/g2/m0/r1/INDEPENDENT_NOISE_FREE,LONG_CORRIDOR,2,1334931069,0,217775206,1,INDEPENDENT_NOISE_FREE,NEW_DEVELOPMENT_GENERATED,false,pcl_iterative_closest_point_with_normals,full-synthetic-development-v1/LONG_CORRIDOR/g2/m0/r1/INDEPENDENT_NOISE_FREE/pcl_iterative_closest_point_with_normals
full-synthetic-development-v1/LONG_CORRIDOR/g2/m0/r1/SCAN_NOISE_ONLY,LONG_CORRIDOR,2,1334931069,0,217775206,1,SCAN_NOISE_ONLY,NEW_DEVELOPMENT_GENERATED,false,open3d_point_to_plane,full-synthetic-development-v1/LONG_CORRIDOR/g2/m0/r1/SCAN_NOISE_ONLY/open3d_point_to_plane
full-synthetic-development-v1/LONG_CORRIDOR/g2/m0/r1/SCAN_NOISE_ONLY,LONG_CORRIDOR,2,1334931069,0,217775206,1,SCAN_NOISE_ONLY,NEW_DEVELOPMENT_GENERATED,false,pcl_iterative_closest_point_with_normals,full-synthetic-development-v1/LONG_CORRIDOR/g2/m0/r1/SCAN_NOISE_ONLY/pcl_iterative_closest_point_with_normals
full-synthetic-development-v1/LONG_CORRIDOR/g2/m0/r1/MAP_NOISE_ONLY,LONG_CORRIDOR,2,1334931069,0,217775206,1,MAP_NOISE_ONLY,NEW_DEVELOPMENT_GENERATED,false,open3d_point_to_plane,full-synthetic-development-v1/LONG_CORRIDOR/g2/m0/r1/MAP_NOISE_ONLY/open3d_point_to_plane
full-synthetic-development-v1/LONG_CORRIDOR/g2/m0/r1/MAP_NOISE_ONLY,LONG_CORRIDOR,2,1334931069,0,217775206,1,MAP_NOISE_ONLY,NEW_DEVELOPMENT_GENERATED,false,pcl_iterative_closest_point_with_normals,full-synthetic-development-v1/LONG_CORRIDOR/g2/m0/r1/MAP_NOISE_ONLY/pcl_iterative_closest_point_with_normals
full-synthetic-development-v1/LONG_CORRIDOR/g2/m0/r1/DROPOUT_ONLY,LONG_CORRIDOR,2,1334931069,0,217775206,1,DROPOUT_ONLY,NEW_DEVELOPMENT_GENERATED,false,open3d_point_to_plane,full-synthetic-development-v1/LONG_CORRIDOR/g2/m0/r1/DROPOUT_ONLY/open3d_point_to_plane
full-synthetic-development-v1/LONG_CORRIDOR/g2/m0/r1/DROPOUT_ONLY,LONG_CORRIDOR,2,1334931069,0,217775206,1,DROPOUT_ONLY,NEW_DEVELOPMENT_GENERATED,false,pcl_iterative_closest_point_with_normals,full-synthetic-development-v1/LONG_CORRIDOR/g2/m0/r1/DROPOUT_ONLY/pcl_iterative_closest_point_with_normals
full-synthetic-development-v1/LONG_CORRIDOR/g2/m0/r1/FULL_NOISE,LONG_CORRIDOR,2,1334931069,0,217775206,1,FULL_NOISE,NEW_DEVELOPMENT_GENERATED,false,open3d_point_to_plane,full-synthetic-development-v1/LONG_CORRIDOR/g2/m0/r1/FULL_NOISE/open3d_point_to_plane
full-synthetic-development-v1/LONG_CORRIDOR/g2/m0/r1/FULL_NOISE,LONG_CORRIDOR,2,1334931069,0,217775206,1,FULL_NOISE,NEW_DEVELOPMENT_GENERATED,false,pcl_iterative_closest_point_with_normals,full-synthetic-development-v1/LONG_CORRIDOR/g2/m0/r1/FULL_NOISE/pcl_iterative_closest_point_with_normals
full-synthetic-development-v1/LONG_CORRIDOR/g2/m0/r2/INDEPENDENT_NOISE_FREE,LONG_CORRIDOR,2,1334931069,0,217775206,2,INDEPENDENT_NOISE_FREE,NEW_DEVELOPMENT_GENERATED,false,open3d_point_to_plane,full-synthetic-development-v1/LONG_CORRIDOR/g2/m0/r2/INDEPENDENT_NOISE_FREE/open3d_point_to_plane
full-synthetic-development-v1/LONG_CORRIDOR/g2/m0/r2/INDEPENDENT_NOISE_FREE,LONG_CORRIDOR,2,1334931069,0,217775206,2,INDEPENDENT_NOISE_FREE,NEW_DEVELOPMENT_GENERATED,false,pcl_iterative_closest_point_with_normals,full-synthetic-development-v1/LONG_CORRIDOR/g2/m0/r2/INDEPENDENT_NOISE_FREE/pcl_iterative_closest_point_with_normals
full-synthetic-development-v1/LONG_CORRIDOR/g2/m0/r2/SCAN_NOISE_ONLY,LONG_CORRIDOR,2,1334931069,0,217775206,2,SCAN_NOISE_ONLY,NEW_DEVELOPMENT_GENERATED,false,open3d_point_to_plane,full-synthetic-development-v1/LONG_CORRIDOR/g2/m0/r2/SCAN_NOISE_ONLY/open3d_point_to_plane
full-synthetic-development-v1/LONG_CORRIDOR/g2/m0/r2/SCAN_NOISE_ONLY,LONG_CORRIDOR,2,1334931069,0,217775206,2,SCAN_NOISE_ONLY,NEW_DEVELOPMENT_GENERATED,false,pcl_iterative_closest_point_with_normals,full-synthetic-development-v1/LONG_CORRIDOR/g2/m0/r2/SCAN_NOISE_ONLY/pcl_iterative_closest_point_with_normals
full-synthetic-development-v1/LONG_CORRIDOR/g2/m0/r2/MAP_NOISE_ONLY,LONG_CORRIDOR,2,1334931069,0,217775206,2,MAP_NOISE_ONLY,NEW_DEVELOPMENT_GENERATED,false,open3d_point_to_plane,full-synthetic-development-v1/LONG_CORRIDOR/g2/m0/r2/MAP_NOISE_ONLY/open3d_point_to_plane
full-synthetic-development-v1/LONG_CORRIDOR/g2/m0/r2/MAP_NOISE_ONLY,LONG_CORRIDOR,2,1334931069,0,217775206,2,MAP_NOISE_ONLY,NEW_DEVELOPMENT_GENERATED,false,pcl_iterative_closest_point_with_normals,full-synthetic-development-v1/LONG_CORRIDOR/g2/m0/r2/MAP_NOISE_ONLY/pcl_iterative_closest_point_with_normals
full-synthetic-development-v1/LONG_CORRIDOR/g2/m0/r2/DROPOUT_ONLY,LONG_CORRIDOR,2,1334931069,0,217775206,2,DROPOUT_ONLY,NEW_DEVELOPMENT_GENERATED,false,open3d_point_to_plane,full-synthetic-development-v1/LONG_CORRIDOR/g2/m0/r2/DROPOUT_ONLY/open3d_point_to_plane
full-synthetic-development-v1/LONG_CORRIDOR/g2/m0/r2/DROPOUT_ONLY,LONG_CORRIDOR,2,1334931069,0,217775206,2,DROPOUT_ONLY,NEW_DEVELOPMENT_GENERATED,false,pcl_iterative_closest_point_with_normals,full-synthetic-development-v1/LONG_CORRIDOR/g2/m0/r2/DROPOUT_ONLY/pcl_iterative_closest_point_with_normals
full-synthetic-development-v1/LONG_CORRIDOR/g2/m0/r2/FULL_NOISE,LONG_CORRIDOR,2,1334931069,0,217775206,2,FULL_NOISE,NEW_DEVELOPMENT_GENERATED,false,open3d_point_to_plane,full-synthetic-development-v1/LONG_CORRIDOR/g2/m0/r2/FULL_NOISE/open3d_point_to_plane
full-synthetic-development-v1/LONG_CORRIDOR/g2/m0/r2/FULL_NOISE,LONG_CORRIDOR,2,1334931069,0,217775206,2,FULL_NOISE,NEW_DEVELOPMENT_GENERATED,false,pcl_iterative_closest_point_with_normals,full-synthetic-development-v1/LONG_CORRIDOR/g2/m0/r2/FULL_NOISE/pcl_iterative_closest_point_with_normals
full-synthetic-development-v1/LONG_CORRIDOR/g2/m0/r3/INDEPENDENT_NOISE_FREE,LONG_CORRIDOR,2,1334931069,0,217775206,3,INDEPENDENT_NOISE_FREE,NEW_DEVELOPMENT_GENERATED,false,open3d_point_to_plane,full-synthetic-development-v1/LONG_CORRIDOR/g2/m0/r3/INDEPENDENT_NOISE_FREE/open3d_point_to_plane
full-synthetic-development-v1/LONG_CORRIDOR/g2/m0/r3/INDEPENDENT_NOISE_FREE,LONG_CORRIDOR,2,1334931069,0,217775206,3,INDEPENDENT_NOISE_FREE,NEW_DEVELOPMENT_GENERATED,false,pcl_iterative_closest_point_with_normals,full-synthetic-development-v1/LONG_CORRIDOR/g2/m0/r3/INDEPENDENT_NOISE_FREE/pcl_iterative_closest_point_with_normals
full-synthetic-development-v1/LONG_CORRIDOR/g2/m0/r3/SCAN_NOISE_ONLY,LONG_CORRIDOR,2,1334931069,0,217775206,3,SCAN_NOISE_ONLY,NEW_DEVELOPMENT_GENERATED,false,open3d_point_to_plane,full-synthetic-development-v1/LONG_CORRIDOR/g2/m0/r3/SCAN_NOISE_ONLY/open3d_point_to_plane
full-synthetic-development-v1/LONG_CORRIDOR/g2/m0/r3/SCAN_NOISE_ONLY,LONG_CORRIDOR,2,1334931069,0,217775206,3,SCAN_NOISE_ONLY,NEW_DEVELOPMENT_GENERATED,false,pcl_iterative_closest_point_with_normals,full-synthetic-development-v1/LONG_CORRIDOR/g2/m0/r3/SCAN_NOISE_ONLY/pcl_iterative_closest_point_with_normals
full-synthetic-development-v1/LONG_CORRIDOR/g2/m0/r3/MAP_NOISE_ONLY,LONG_CORRIDOR,2,1334931069,0,217775206,3,MAP_NOISE_ONLY,NEW_DEVELOPMENT_GENERATED,false,open3d_point_to_plane,full-synthetic-development-v1/LONG_CORRIDOR/g2/m0/r3/MAP_NOISE_ONLY/open3d_point_to_plane
full-synthetic-development-v1/LONG_CORRIDOR/g2/m0/r3/MAP_NOISE_ONLY,LONG_CORRIDOR,2,1334931069,0,217775206,3,MAP_NOISE_ONLY,NEW_DEVELOPMENT_GENERATED,false,pcl_iterative_closest_point_with_normals,full-synthetic-development-v1/LONG_CORRIDOR/g2/m0/r3/MAP_NOISE_ONLY/pcl_iterative_closest_point_with_normals
full-synthetic-development-v1/LONG_CORRIDOR/g2/m0/r3/DROPOUT_ONLY,LONG_CORRIDOR,2,1334931069,0,217775206,3,DROPOUT_ONLY,NEW_DEVELOPMENT_GENERATED,false,open3d_point_to_plane,full-synthetic-development-v1/LONG_CORRIDOR/g2/m0/r3/DROPOUT_ONLY/open3d_point_to_plane
full-synthetic-development-v1/LONG_CORRIDOR/g2/m0/r3/DROPOUT_ONLY,LONG_CORRIDOR,2,1334931069,0,217775206,3,DROPOUT_ONLY,NEW_DEVELOPMENT_GENERATED,false,pcl_iterative_closest_point_with_normals,full-synthetic-development-v1/LONG_CORRIDOR/g2/m0/r3/DROPOUT_ONLY/pcl_iterative_closest_point_with_normals
full-synthetic-development-v1/LONG_CORRIDOR/g2/m0/r3/FULL_NOISE,LONG_CORRIDOR,2,1334931069,0,217775206,3,FULL_NOISE,NEW_DEVELOPMENT_GENERATED,false,open3d_point_to_plane,full-synthetic-development-v1/LONG_CORRIDOR/g2/m0/r3/FULL_NOISE/open3d_point_to_plane
full-synthetic-development-v1/LONG_CORRIDOR/g2/m0/r3/FULL_NOISE,LONG_CORRIDOR,2,1334931069,0,217775206,3,FULL_NOISE,NEW_DEVELOPMENT_GENERATED,false,pcl_iterative_closest_point_with_normals,full-synthetic-development-v1/LONG_CORRIDOR/g2/m0/r3/FULL_NOISE/pcl_iterative_closest_point_with_normals
full-synthetic-development-v1/LONG_CORRIDOR/g2/m0/r4/INDEPENDENT_NOISE_FREE,LONG_CORRIDOR,2,1334931069,0,217775206,4,INDEPENDENT_NOISE_FREE,NEW_DEVELOPMENT_GENERATED,false,open3d_point_to_plane,full-synthetic-development-v1/LONG_CORRIDOR/g2/m0/r4/INDEPENDENT_NOISE_FREE/open3d_point_to_plane
full-synthetic-development-v1/LONG_CORRIDOR/g2/m0/r4/INDEPENDENT_NOISE_FREE,LONG_CORRIDOR,2,1334931069,0,217775206,4,INDEPENDENT_NOISE_FREE,NEW_DEVELOPMENT_GENERATED,false,pcl_iterative_closest_point_with_normals,full-synthetic-development-v1/LONG_CORRIDOR/g2/m0/r4/INDEPENDENT_NOISE_FREE/pcl_iterative_closest_point_with_normals
full-synthetic-development-v1/LONG_CORRIDOR/g2/m0/r4/SCAN_NOISE_ONLY,LONG_CORRIDOR,2,1334931069,0,217775206,4,SCAN_NOISE_ONLY,NEW_DEVELOPMENT_GENERATED,false,open3d_point_to_plane,full-synthetic-development-v1/LONG_CORRIDOR/g2/m0/r4/SCAN_NOISE_ONLY/open3d_point_to_plane
full-synthetic-development-v1/LONG_CORRIDOR/g2/m0/r4/SCAN_NOISE_ONLY,LONG_CORRIDOR,2,1334931069,0,217775206,4,SCAN_NOISE_ONLY,NEW_DEVELOPMENT_GENERATED,false,pcl_iterative_closest_point_with_normals,full-synthetic-development-v1/LONG_CORRIDOR/g2/m0/r4/SCAN_NOISE_ONLY/pcl_iterative_closest_point_with_normals
full-synthetic-development-v1/LONG_CORRIDOR/g2/m0/r4/MAP_NOISE_ONLY,LONG_CORRIDOR,2,1334931069,0,217775206,4,MAP_NOISE_ONLY,NEW_DEVELOPMENT_GENERATED,false,open3d_point_to_plane,full-synthetic-development-v1/LONG_CORRIDOR/g2/m0/r4/MAP_NOISE_ONLY/open3d_point_to_plane
full-synthetic-development-v1/LONG_CORRIDOR/g2/m0/r4/MAP_NOISE_ONLY,LONG_CORRIDOR,2,1334931069,0,217775206,4,MAP_NOISE_ONLY,NEW_DEVELOPMENT_GENERATED,false,pcl_iterative_closest_point_with_normals,full-synthetic-development-v1/LONG_CORRIDOR/g2/m0/r4/MAP_NOISE_ONLY/pcl_iterative_closest_point_with_normals
full-synthetic-development-v1/LONG_CORRIDOR/g2/m0/r4/DROPOUT_ONLY,LONG_CORRIDOR,2,1334931069,0,217775206,4,DROPOUT_ONLY,NEW_DEVELOPMENT_GENERATED,false,open3d_point_to_plane,full-synthetic-development-v1/LONG_CORRIDOR/g2/m0/r4/DROPOUT_ONLY/open3d_point_to_plane
full-synthetic-development-v1/LONG_CORRIDOR/g2/m0/r4/DROPOUT_ONLY,LONG_CORRIDOR,2,1334931069,0,217775206,4,DROPOUT_ONLY,NEW_DEVELOPMENT_GENERATED,false,pcl_iterative_closest_point_with_normals,full-synthetic-development-v1/LONG_CORRIDOR/g2/m0/r4/DROPOUT_ONLY/pcl_iterative_closest_point_with_normals
full-synthetic-development-v1/LONG_CORRIDOR/g2/m0/r4/FULL_NOISE,LONG_CORRIDOR,2,1334931069,0,217775206,4,FULL_NOISE,NEW_DEVELOPMENT_GENERATED,false,open3d_point_to_plane,full-synthetic-development-v1/LONG_CORRIDOR/g2/m0/r4/FULL_NOISE/open3d_point_to_plane
full-synthetic-development-v1/LONG_CORRIDOR/g2/m0/r4/FULL_NOISE,LONG_CORRIDOR,2,1334931069,0,217775206,4,FULL_NOISE,NEW_DEVELOPMENT_GENERATED,false,pcl_iterative_closest_point_with_normals,full-synthetic-development-v1/LONG_CORRIDOR/g2/m0/r4/FULL_NOISE/pcl_iterative_closest_point_with_normals
full-synthetic-development-v1/LONG_CORRIDOR/g2/m1/r0/INDEPENDENT_NOISE_FREE,LONG_CORRIDOR,2,1334931069,1,1664898153,0,INDEPENDENT_NOISE_FREE,NEW_DEVELOPMENT_GENERATED,false,open3d_point_to_plane,full-synthetic-development-v1/LONG_CORRIDOR/g2/m1/r0/INDEPENDENT_NOISE_FREE/open3d_point_to_plane
full-synthetic-development-v1/LONG_CORRIDOR/g2/m1/r0/INDEPENDENT_NOISE_FREE,LONG_CORRIDOR,2,1334931069,1,1664898153,0,INDEPENDENT_NOISE_FREE,NEW_DEVELOPMENT_GENERATED,false,pcl_iterative_closest_point_with_normals,full-synthetic-development-v1/LONG_CORRIDOR/g2/m1/r0/INDEPENDENT_NOISE_FREE/pcl_iterative_closest_point_with_normals
full-synthetic-development-v1/LONG_CORRIDOR/g2/m1/r0/SCAN_NOISE_ONLY,LONG_CORRIDOR,2,1334931069,1,1664898153,0,SCAN_NOISE_ONLY,NEW_DEVELOPMENT_GENERATED,false,open3d_point_to_plane,full-synthetic-development-v1/LONG_CORRIDOR/g2/m1/r0/SCAN_NOISE_ONLY/open3d_point_to_plane
full-synthetic-development-v1/LONG_CORRIDOR/g2/m1/r0/SCAN_NOISE_ONLY,LONG_CORRIDOR,2,1334931069,1,1664898153,0,SCAN_NOISE_ONLY,NEW_DEVELOPMENT_GENERATED,false,pcl_iterative_closest_point_with_normals,full-synthetic-development-v1/LONG_CORRIDOR/g2/m1/r0/SCAN_NOISE_ONLY/pcl_iterative_closest_point_with_normals
full-synthetic-development-v1/LONG_CORRIDOR/g2/m1/r0/MAP_NOISE_ONLY,LONG_CORRIDOR,2,1334931069,1,1664898153,0,MAP_NOISE_ONLY,NEW_DEVELOPMENT_GENERATED,false,open3d_point_to_plane,full-synthetic-development-v1/LONG_CORRIDOR/g2/m1/r0/MAP_NOISE_ONLY/open3d_point_to_plane
full-synthetic-development-v1/LONG_CORRIDOR/g2/m1/r0/MAP_NOISE_ONLY,LONG_CORRIDOR,2,1334931069,1,1664898153,0,MAP_NOISE_ONLY,NEW_DEVELOPMENT_GENERATED,false,pcl_iterative_closest_point_with_normals,full-synthetic-development-v1/LONG_CORRIDOR/g2/m1/r0/MAP_NOISE_ONLY/pcl_iterative_closest_point_with_normals
full-synthetic-development-v1/LONG_CORRIDOR/g2/m1/r0/DROPOUT_ONLY,LONG_CORRIDOR,2,1334931069,1,1664898153,0,DROPOUT_ONLY,NEW_DEVELOPMENT_GENERATED,false,open3d_point_to_plane,full-synthetic-development-v1/LONG_CORRIDOR/g2/m1/r0/DROPOUT_ONLY/open3d_point_to_plane
full-synthetic-development-v1/LONG_CORRIDOR/g2/m1/r0/DROPOUT_ONLY,LONG_CORRIDOR,2,1334931069,1,1664898153,0,DROPOUT_ONLY,NEW_DEVELOPMENT_GENERATED,false,pcl_iterative_closest_point_with_normals,full-synthetic-development-v1/LONG_CORRIDOR/g2/m1/r0/DROPOUT_ONLY/pcl_iterative_closest_point_with_normals
full-synthetic-development-v1/LONG_CORRIDOR/g2/m1/r0/FULL_NOISE,LONG_CORRIDOR,2,1334931069,1,1664898153,0,FULL_NOISE,NEW_DEVELOPMENT_GENERATED,false,open3d_point_to_plane,full-synthetic-development-v1/LONG_CORRIDOR/g2/m1/r0/FULL_NOISE/open3d_point_to_plane
full-synthetic-development-v1/LONG_CORRIDOR/g2/m1/r0/FULL_NOISE,LONG_CORRIDOR,2,1334931069,1,1664898153,0,FULL_NOISE,NEW_DEVELOPMENT_GENERATED,false,pcl_iterative_closest_point_with_normals,full-synthetic-development-v1/LONG_CORRIDOR/g2/m1/r0/FULL_NOISE/pcl_iterative_closest_point_with_normals
full-synthetic-development-v1/LONG_CORRIDOR/g2/m1/r1/INDEPENDENT_NOISE_FREE,LONG_CORRIDOR,2,1334931069,1,1664898153,1,INDEPENDENT_NOISE_FREE,NEW_DEVELOPMENT_GENERATED,false,open3d_point_to_plane,full-synthetic-development-v1/LONG_CORRIDOR/g2/m1/r1/INDEPENDENT_NOISE_FREE/open3d_point_to_plane
full-synthetic-development-v1/LONG_CORRIDOR/g2/m1/r1/INDEPENDENT_NOISE_FREE,LONG_CORRIDOR,2,1334931069,1,1664898153,1,INDEPENDENT_NOISE_FREE,NEW_DEVELOPMENT_GENERATED,false,pcl_iterative_closest_point_with_normals,full-synthetic-development-v1/LONG_CORRIDOR/g2/m1/r1/INDEPENDENT_NOISE_FREE/pcl_iterative_closest_point_with_normals
full-synthetic-development-v1/LONG_CORRIDOR/g2/m1/r1/SCAN_NOISE_ONLY,LONG_CORRIDOR,2,1334931069,1,1664898153,1,SCAN_NOISE_ONLY,NEW_DEVELOPMENT_GENERATED,false,open3d_point_to_plane,full-synthetic-development-v1/LONG_CORRIDOR/g2/m1/r1/SCAN_NOISE_ONLY/open3d_point_to_plane
full-synthetic-development-v1/LONG_CORRIDOR/g2/m1/r1/SCAN_NOISE_ONLY,LONG_CORRIDOR,2,1334931069,1,1664898153,1,SCAN_NOISE_ONLY,NEW_DEVELOPMENT_GENERATED,false,pcl_iterative_closest_point_with_normals,full-synthetic-development-v1/LONG_CORRIDOR/g2/m1/r1/SCAN_NOISE_ONLY/pcl_iterative_closest_point_with_normals
full-synthetic-development-v1/LONG_CORRIDOR/g2/m1/r1/MAP_NOISE_ONLY,LONG_CORRIDOR,2,1334931069,1,1664898153,1,MAP_NOISE_ONLY,NEW_DEVELOPMENT_GENERATED,false,open3d_point_to_plane,full-synthetic-development-v1/LONG_CORRIDOR/g2/m1/r1/MAP_NOISE_ONLY/open3d_point_to_plane
full-synthetic-development-v1/LONG_CORRIDOR/g2/m1/r1/MAP_NOISE_ONLY,LONG_CORRIDOR,2,1334931069,1,1664898153,1,MAP_NOISE_ONLY,NEW_DEVELOPMENT_GENERATED,false,pcl_iterative_closest_point_with_normals,full-synthetic-development-v1/LONG_CORRIDOR/g2/m1/r1/MAP_NOISE_ONLY/pcl_iterative_closest_point_with_normals
full-synthetic-development-v1/LONG_CORRIDOR/g2/m1/r1/DROPOUT_ONLY,LONG_CORRIDOR,2,1334931069,1,1664898153,1,DROPOUT_ONLY,NEW_DEVELOPMENT_GENERATED,false,open3d_point_to_plane,full-synthetic-development-v1/LONG_CORRIDOR/g2/m1/r1/DROPOUT_ONLY/open3d_point_to_plane
full-synthetic-development-v1/LONG_CORRIDOR/g2/m1/r1/DROPOUT_ONLY,LONG_CORRIDOR,2,1334931069,1,1664898153,1,DROPOUT_ONLY,NEW_DEVELOPMENT_GENERATED,false,pcl_iterative_closest_point_with_normals,full-synthetic-development-v1/LONG_CORRIDOR/g2/m1/r1/DROPOUT_ONLY/pcl_iterative_closest_point_with_normals
full-synthetic-development-v1/LONG_CORRIDOR/g2/m1/r1/FULL_NOISE,LONG_CORRIDOR,2,1334931069,1,1664898153,1,FULL_NOISE,NEW_DEVELOPMENT_GENERATED,false,open3d_point_to_plane,full-synthetic-development-v1/LONG_CORRIDOR/g2/m1/r1/FULL_NOISE/open3d_point_to_plane
full-synthetic-development-v1/LONG_CORRIDOR/g2/m1/r1/FULL_NOISE,LONG_CORRIDOR,2,1334931069,1,1664898153,1,FULL_NOISE,NEW_DEVELOPMENT_GENERATED,false,pcl_iterative_closest_point_with_normals,full-synthetic-development-v1/LONG_CORRIDOR/g2/m1/r1/FULL_NOISE/pcl_iterative_closest_point_with_normals
full-synthetic-development-v1/LONG_CORRIDOR/g2/m1/r2/INDEPENDENT_NOISE_FREE,LONG_CORRIDOR,2,1334931069,1,1664898153,2,INDEPENDENT_NOISE_FREE,NEW_DEVELOPMENT_GENERATED,false,open3d_point_to_plane,full-synthetic-development-v1/LONG_CORRIDOR/g2/m1/r2/INDEPENDENT_NOISE_FREE/open3d_point_to_plane
full-synthetic-development-v1/LONG_CORRIDOR/g2/m1/r2/INDEPENDENT_NOISE_FREE,LONG_CORRIDOR,2,1334931069,1,1664898153,2,INDEPENDENT_NOISE_FREE,NEW_DEVELOPMENT_GENERATED,false,pcl_iterative_closest_point_with_normals,full-synthetic-development-v1/LONG_CORRIDOR/g2/m1/r2/INDEPENDENT_NOISE_FREE/pcl_iterative_closest_point_with_normals
full-synthetic-development-v1/LONG_CORRIDOR/g2/m1/r2/SCAN_NOISE_ONLY,LONG_CORRIDOR,2,1334931069,1,1664898153,2,SCAN_NOISE_ONLY,NEW_DEVELOPMENT_GENERATED,false,open3d_point_to_plane,full-synthetic-development-v1/LONG_CORRIDOR/g2/m1/r2/SCAN_NOISE_ONLY/open3d_point_to_plane
full-synthetic-development-v1/LONG_CORRIDOR/g2/m1/r2/SCAN_NOISE_ONLY,LONG_CORRIDOR,2,1334931069,1,1664898153,2,SCAN_NOISE_ONLY,NEW_DEVELOPMENT_GENERATED,false,pcl_iterative_closest_point_with_normals,full-synthetic-development-v1/LONG_CORRIDOR/g2/m1/r2/SCAN_NOISE_ONLY/pcl_iterative_closest_point_with_normals
full-synthetic-development-v1/LONG_CORRIDOR/g2/m1/r2/MAP_NOISE_ONLY,LONG_CORRIDOR,2,1334931069,1,1664898153,2,MAP_NOISE_ONLY,NEW_DEVELOPMENT_GENERATED,false,open3d_point_to_plane,full-synthetic-development-v1/LONG_CORRIDOR/g2/m1/r2/MAP_NOISE_ONLY/open3d_point_to_plane
full-synthetic-development-v1/LONG_CORRIDOR/g2/m1/r2/MAP_NOISE_ONLY,LONG_CORRIDOR,2,1334931069,1,1664898153,2,MAP_NOISE_ONLY,NEW_DEVELOPMENT_GENERATED,false,pcl_iterative_closest_point_with_normals,full-synthetic-development-v1/LONG_CORRIDOR/g2/m1/r2/MAP_NOISE_ONLY/pcl_iterative_closest_point_with_normals
full-synthetic-development-v1/LONG_CORRIDOR/g2/m1/r2/DROPOUT_ONLY,LONG_CORRIDOR,2,1334931069,1,1664898153,2,DROPOUT_ONLY,NEW_DEVELOPMENT_GENERATED,false,open3d_point_to_plane,full-synthetic-development-v1/LONG_CORRIDOR/g2/m1/r2/DROPOUT_ONLY/open3d_point_to_plane
full-synthetic-development-v1/LONG_CORRIDOR/g2/m1/r2/DROPOUT_ONLY,LONG_CORRIDOR,2,1334931069,1,1664898153,2,DROPOUT_ONLY,NEW_DEVELOPMENT_GENERATED,false,pcl_iterative_closest_point_with_normals,full-synthetic-development-v1/LONG_CORRIDOR/g2/m1/r2/DROPOUT_ONLY/pcl_iterative_closest_point_with_normals
full-synthetic-development-v1/LONG_CORRIDOR/g2/m1/r2/FULL_NOISE,LONG_CORRIDOR,2,1334931069,1,1664898153,2,FULL_NOISE,NEW_DEVELOPMENT_GENERATED,false,open3d_point_to_plane,full-synthetic-development-v1/LONG_CORRIDOR/g2/m1/r2/FULL_NOISE/open3d_point_to_plane
full-synthetic-development-v1/LONG_CORRIDOR/g2/m1/r2/FULL_NOISE,LONG_CORRIDOR,2,1334931069,1,1664898153,2,FULL_NOISE,NEW_DEVELOPMENT_GENERATED,false,pcl_iterative_closest_point_with_normals,full-synthetic-development-v1/LONG_CORRIDOR/g2/m1/r2/FULL_NOISE/pcl_iterative_closest_point_with_normals
full-synthetic-development-v1/LONG_CORRIDOR/g2/m1/r3/INDEPENDENT_NOISE_FREE,LONG_CORRIDOR,2,1334931069,1,1664898153,3,INDEPENDENT_NOISE_FREE,NEW_DEVELOPMENT_GENERATED,false,open3d_point_to_plane,full-synthetic-development-v1/LONG_CORRIDOR/g2/m1/r3/INDEPENDENT_NOISE_FREE/open3d_point_to_plane
full-synthetic-development-v1/LONG_CORRIDOR/g2/m1/r3/INDEPENDENT_NOISE_FREE,LONG_CORRIDOR,2,1334931069,1,1664898153,3,INDEPENDENT_NOISE_FREE,NEW_DEVELOPMENT_GENERATED,false,pcl_iterative_closest_point_with_normals,full-synthetic-development-v1/LONG_CORRIDOR/g2/m1/r3/INDEPENDENT_NOISE_FREE/pcl_iterative_closest_point_with_normals
full-synthetic-development-v1/LONG_CORRIDOR/g2/m1/r3/SCAN_NOISE_ONLY,LONG_CORRIDOR,2,1334931069,1,1664898153,3,SCAN_NOISE_ONLY,NEW_DEVELOPMENT_GENERATED,false,open3d_point_to_plane,full-synthetic-development-v1/LONG_CORRIDOR/g2/m1/r3/SCAN_NOISE_ONLY/open3d_point_to_plane
full-synthetic-development-v1/LONG_CORRIDOR/g2/m1/r3/SCAN_NOISE_ONLY,LONG_CORRIDOR,2,1334931069,1,1664898153,3,SCAN_NOISE_ONLY,NEW_DEVELOPMENT_GENERATED,false,pcl_iterative_closest_point_with_normals,full-synthetic-development-v1/LONG_CORRIDOR/g2/m1/r3/SCAN_NOISE_ONLY/pcl_iterative_closest_point_with_normals
full-synthetic-development-v1/LONG_CORRIDOR/g2/m1/r3/MAP_NOISE_ONLY,LONG_CORRIDOR,2,1334931069,1,1664898153,3,MAP_NOISE_ONLY,NEW_DEVELOPMENT_GENERATED,false,open3d_point_to_plane,full-synthetic-development-v1/LONG_CORRIDOR/g2/m1/r3/MAP_NOISE_ONLY/open3d_point_to_plane
full-synthetic-development-v1/LONG_CORRIDOR/g2/m1/r3/MAP_NOISE_ONLY,LONG_CORRIDOR,2,1334931069,1,1664898153,3,MAP_NOISE_ONLY,NEW_DEVELOPMENT_GENERATED,false,pcl_iterative_closest_point_with_normals,full-synthetic-development-v1/LONG_CORRIDOR/g2/m1/r3/MAP_NOISE_ONLY/pcl_iterative_closest_point_with_normals
full-synthetic-development-v1/LONG_CORRIDOR/g2/m1/r3/DROPOUT_ONLY,LONG_CORRIDOR,2,1334931069,1,1664898153,3,DROPOUT_ONLY,NEW_DEVELOPMENT_GENERATED,false,open3d_point_to_plane,full-synthetic-development-v1/LONG_CORRIDOR/g2/m1/r3/DROPOUT_ONLY/open3d_point_to_plane
full-synthetic-development-v1/LONG_CORRIDOR/g2/m1/r3/DROPOUT_ONLY,LONG_CORRIDOR,2,1334931069,1,1664898153,3,DROPOUT_ONLY,NEW_DEVELOPMENT_GENERATED,false,pcl_iterative_closest_point_with_normals,full-synthetic-development-v1/LONG_CORRIDOR/g2/m1/r3/DROPOUT_ONLY/pcl_iterative_closest_point_with_normals
full-synthetic-development-v1/LONG_CORRIDOR/g2/m1/r3/FULL_NOISE,LONG_CORRIDOR,2,1334931069,1,1664898153,3,FULL_NOISE,NEW_DEVELOPMENT_GENERATED,false,open3d_point_to_plane,full-synthetic-development-v1/LONG_CORRIDOR/g2/m1/r3/FULL_NOISE/open3d_point_to_plane
full-synthetic-development-v1/LONG_CORRIDOR/g2/m1/r3/FULL_NOISE,LONG_CORRIDOR,2,1334931069,1,1664898153,3,FULL_NOISE,NEW_DEVELOPMENT_GENERATED,false,pcl_iterative_closest_point_with_normals,full-synthetic-development-v1/LONG_CORRIDOR/g2/m1/r3/FULL_NOISE/pcl_iterative_closest_point_with_normals
full-synthetic-development-v1/LONG_CORRIDOR/g2/m1/r4/INDEPENDENT_NOISE_FREE,LONG_CORRIDOR,2,1334931069,1,1664898153,4,INDEPENDENT_NOISE_FREE,NEW_DEVELOPMENT_GENERATED,false,open3d_point_to_plane,full-synthetic-development-v1/LONG_CORRIDOR/g2/m1/r4/INDEPENDENT_NOISE_FREE/open3d_point_to_plane
full-synthetic-development-v1/LONG_CORRIDOR/g2/m1/r4/INDEPENDENT_NOISE_FREE,LONG_CORRIDOR,2,1334931069,1,1664898153,4,INDEPENDENT_NOISE_FREE,NEW_DEVELOPMENT_GENERATED,false,pcl_iterative_closest_point_with_normals,full-synthetic-development-v1/LONG_CORRIDOR/g2/m1/r4/INDEPENDENT_NOISE_FREE/pcl_iterative_closest_point_with_normals
full-synthetic-development-v1/LONG_CORRIDOR/g2/m1/r4/SCAN_NOISE_ONLY,LONG_CORRIDOR,2,1334931069,1,1664898153,4,SCAN_NOISE_ONLY,NEW_DEVELOPMENT_GENERATED,false,open3d_point_to_plane,full-synthetic-development-v1/LONG_CORRIDOR/g2/m1/r4/SCAN_NOISE_ONLY/open3d_point_to_plane
full-synthetic-development-v1/LONG_CORRIDOR/g2/m1/r4/SCAN_NOISE_ONLY,LONG_CORRIDOR,2,1334931069,1,1664898153,4,SCAN_NOISE_ONLY,NEW_DEVELOPMENT_GENERATED,false,pcl_iterative_closest_point_with_normals,full-synthetic-development-v1/LONG_CORRIDOR/g2/m1/r4/SCAN_NOISE_ONLY/pcl_iterative_closest_point_with_normals
full-synthetic-development-v1/LONG_CORRIDOR/g2/m1/r4/MAP_NOISE_ONLY,LONG_CORRIDOR,2,1334931069,1,1664898153,4,MAP_NOISE_ONLY,NEW_DEVELOPMENT_GENERATED,false,open3d_point_to_plane,full-synthetic-development-v1/LONG_CORRIDOR/g2/m1/r4/MAP_NOISE_ONLY/open3d_point_to_plane
full-synthetic-development-v1/LONG_CORRIDOR/g2/m1/r4/MAP_NOISE_ONLY,LONG_CORRIDOR,2,1334931069,1,1664898153,4,MAP_NOISE_ONLY,NEW_DEVELOPMENT_GENERATED,false,pcl_iterative_closest_point_with_normals,full-synthetic-development-v1/LONG_CORRIDOR/g2/m1/r4/MAP_NOISE_ONLY/pcl_iterative_closest_point_with_normals
full-synthetic-development-v1/LONG_CORRIDOR/g2/m1/r4/DROPOUT_ONLY,LONG_CORRIDOR,2,1334931069,1,1664898153,4,DROPOUT_ONLY,NEW_DEVELOPMENT_GENERATED,false,open3d_point_to_plane,full-synthetic-development-v1/LONG_CORRIDOR/g2/m1/r4/DROPOUT_ONLY/open3d_point_to_plane
full-synthetic-development-v1/LONG_CORRIDOR/g2/m1/r4/DROPOUT_ONLY,LONG_CORRIDOR,2,1334931069,1,1664898153,4,DROPOUT_ONLY,NEW_DEVELOPMENT_GENERATED,false,pcl_iterative_closest_point_with_normals,full-synthetic-development-v1/LONG_CORRIDOR/g2/m1/r4/DROPOUT_ONLY/pcl_iterative_closest_point_with_normals
full-synthetic-development-v1/LONG_CORRIDOR/g2/m1/r4/FULL_NOISE,LONG_CORRIDOR,2,1334931069,1,1664898153,4,FULL_NOISE,NEW_DEVELOPMENT_GENERATED,false,open3d_point_to_plane,full-synthetic-development-v1/LONG_CORRIDOR/g2/m1/r4/FULL_NOISE/open3d_point_to_plane
full-synthetic-development-v1/LONG_CORRIDOR/g2/m1/r4/FULL_NOISE,LONG_CORRIDOR,2,1334931069,1,1664898153,4,FULL_NOISE,NEW_DEVELOPMENT_GENERATED,false,pcl_iterative_closest_point_with_normals,full-synthetic-development-v1/LONG_CORRIDOR/g2/m1/r4/FULL_NOISE/pcl_iterative_closest_point_with_normals
phase-b-signal-v1/PARALLEL_WALLS/g0/INDEPENDENT_NOISE_FREE,PARALLEL_WALLS,0,1850310744,0,217775206,0,INDEPENDENT_NOISE_FREE,NEW_DEVELOPMENT_GENERATED,true,open3d_point_to_plane,phase-b-signal-v1/PARALLEL_WALLS/g0/INDEPENDENT_NOISE_FREE/open3d_point_to_plane
phase-b-signal-v1/PARALLEL_WALLS/g0/INDEPENDENT_NOISE_FREE,PARALLEL_WALLS,0,1850310744,0,217775206,0,INDEPENDENT_NOISE_FREE,NEW_DEVELOPMENT_GENERATED,true,pcl_iterative_closest_point_with_normals,phase-b-signal-v1/PARALLEL_WALLS/g0/INDEPENDENT_NOISE_FREE/pcl_iterative_closest_point_with_normals
full-synthetic-development-v1/PARALLEL_WALLS/g0/m0/r0/SCAN_NOISE_ONLY,PARALLEL_WALLS,0,1850310744,0,217775206,0,SCAN_NOISE_ONLY,NEW_DEVELOPMENT_GENERATED,false,open3d_point_to_plane,full-synthetic-development-v1/PARALLEL_WALLS/g0/m0/r0/SCAN_NOISE_ONLY/open3d_point_to_plane
full-synthetic-development-v1/PARALLEL_WALLS/g0/m0/r0/SCAN_NOISE_ONLY,PARALLEL_WALLS,0,1850310744,0,217775206,0,SCAN_NOISE_ONLY,NEW_DEVELOPMENT_GENERATED,false,pcl_iterative_closest_point_with_normals,full-synthetic-development-v1/PARALLEL_WALLS/g0/m0/r0/SCAN_NOISE_ONLY/pcl_iterative_closest_point_with_normals
full-synthetic-development-v1/PARALLEL_WALLS/g0/m0/r0/MAP_NOISE_ONLY,PARALLEL_WALLS,0,1850310744,0,217775206,0,MAP_NOISE_ONLY,NEW_DEVELOPMENT_GENERATED,false,open3d_point_to_plane,full-synthetic-development-v1/PARALLEL_WALLS/g0/m0/r0/MAP_NOISE_ONLY/open3d_point_to_plane
full-synthetic-development-v1/PARALLEL_WALLS/g0/m0/r0/MAP_NOISE_ONLY,PARALLEL_WALLS,0,1850310744,0,217775206,0,MAP_NOISE_ONLY,NEW_DEVELOPMENT_GENERATED,false,pcl_iterative_closest_point_with_normals,full-synthetic-development-v1/PARALLEL_WALLS/g0/m0/r0/MAP_NOISE_ONLY/pcl_iterative_closest_point_with_normals
full-synthetic-development-v1/PARALLEL_WALLS/g0/m0/r0/DROPOUT_ONLY,PARALLEL_WALLS,0,1850310744,0,217775206,0,DROPOUT_ONLY,NEW_DEVELOPMENT_GENERATED,false,open3d_point_to_plane,full-synthetic-development-v1/PARALLEL_WALLS/g0/m0/r0/DROPOUT_ONLY/open3d_point_to_plane
full-synthetic-development-v1/PARALLEL_WALLS/g0/m0/r0/DROPOUT_ONLY,PARALLEL_WALLS,0,1850310744,0,217775206,0,DROPOUT_ONLY,NEW_DEVELOPMENT_GENERATED,false,pcl_iterative_closest_point_with_normals,full-synthetic-development-v1/PARALLEL_WALLS/g0/m0/r0/DROPOUT_ONLY/pcl_iterative_closest_point_with_normals
phase-b-signal-v1/PARALLEL_WALLS/g0/FULL_NOISE,PARALLEL_WALLS,0,1850310744,0,217775206,0,FULL_NOISE,NEW_DEVELOPMENT_GENERATED,true,open3d_point_to_plane,phase-b-signal-v1/PARALLEL_WALLS/g0/FULL_NOISE/open3d_point_to_plane
phase-b-signal-v1/PARALLEL_WALLS/g0/FULL_NOISE,PARALLEL_WALLS,0,1850310744,0,217775206,0,FULL_NOISE,NEW_DEVELOPMENT_GENERATED,true,pcl_iterative_closest_point_with_normals,phase-b-signal-v1/PARALLEL_WALLS/g0/FULL_NOISE/pcl_iterative_closest_point_with_normals
full-synthetic-development-v1/PARALLEL_WALLS/g0/m0/r1/INDEPENDENT_NOISE_FREE,PARALLEL_WALLS,0,1850310744,0,217775206,1,INDEPENDENT_NOISE_FREE,NEW_DEVELOPMENT_GENERATED,false,open3d_point_to_plane,full-synthetic-development-v1/PARALLEL_WALLS/g0/m0/r1/INDEPENDENT_NOISE_FREE/open3d_point_to_plane
full-synthetic-development-v1/PARALLEL_WALLS/g0/m0/r1/INDEPENDENT_NOISE_FREE,PARALLEL_WALLS,0,1850310744,0,217775206,1,INDEPENDENT_NOISE_FREE,NEW_DEVELOPMENT_GENERATED,false,pcl_iterative_closest_point_with_normals,full-synthetic-development-v1/PARALLEL_WALLS/g0/m0/r1/INDEPENDENT_NOISE_FREE/pcl_iterative_closest_point_with_normals
full-synthetic-development-v1/PARALLEL_WALLS/g0/m0/r1/SCAN_NOISE_ONLY,PARALLEL_WALLS,0,1850310744,0,217775206,1,SCAN_NOISE_ONLY,NEW_DEVELOPMENT_GENERATED,false,open3d_point_to_plane,full-synthetic-development-v1/PARALLEL_WALLS/g0/m0/r1/SCAN_NOISE_ONLY/open3d_point_to_plane
full-synthetic-development-v1/PARALLEL_WALLS/g0/m0/r1/SCAN_NOISE_ONLY,PARALLEL_WALLS,0,1850310744,0,217775206,1,SCAN_NOISE_ONLY,NEW_DEVELOPMENT_GENERATED,false,pcl_iterative_closest_point_with_normals,full-synthetic-development-v1/PARALLEL_WALLS/g0/m0/r1/SCAN_NOISE_ONLY/pcl_iterative_closest_point_with_normals
full-synthetic-development-v1/PARALLEL_WALLS/g0/m0/r1/MAP_NOISE_ONLY,PARALLEL_WALLS,0,1850310744,0,217775206,1,MAP_NOISE_ONLY,NEW_DEVELOPMENT_GENERATED,false,open3d_point_to_plane,full-synthetic-development-v1/PARALLEL_WALLS/g0/m0/r1/MAP_NOISE_ONLY/open3d_point_to_plane
full-synthetic-development-v1/PARALLEL_WALLS/g0/m0/r1/MAP_NOISE_ONLY,PARALLEL_WALLS,0,1850310744,0,217775206,1,MAP_NOISE_ONLY,NEW_DEVELOPMENT_GENERATED,false,pcl_iterative_closest_point_with_normals,full-synthetic-development-v1/PARALLEL_WALLS/g0/m0/r1/MAP_NOISE_ONLY/pcl_iterative_closest_point_with_normals
full-synthetic-development-v1/PARALLEL_WALLS/g0/m0/r1/DROPOUT_ONLY,PARALLEL_WALLS,0,1850310744,0,217775206,1,DROPOUT_ONLY,NEW_DEVELOPMENT_GENERATED,false,open3d_point_to_plane,full-synthetic-development-v1/PARALLEL_WALLS/g0/m0/r1/DROPOUT_ONLY/open3d_point_to_plane
full-synthetic-development-v1/PARALLEL_WALLS/g0/m0/r1/DROPOUT_ONLY,PARALLEL_WALLS,0,1850310744,0,217775206,1,DROPOUT_ONLY,NEW_DEVELOPMENT_GENERATED,false,pcl_iterative_closest_point_with_normals,full-synthetic-development-v1/PARALLEL_WALLS/g0/m0/r1/DROPOUT_ONLY/pcl_iterative_closest_point_with_normals
full-synthetic-development-v1/PARALLEL_WALLS/g0/m0/r1/FULL_NOISE,PARALLEL_WALLS,0,1850310744,0,217775206,1,FULL_NOISE,NEW_DEVELOPMENT_GENERATED,false,open3d_point_to_plane,full-synthetic-development-v1/PARALLEL_WALLS/g0/m0/r1/FULL_NOISE/open3d_point_to_plane
full-synthetic-development-v1/PARALLEL_WALLS/g0/m0/r1/FULL_NOISE,PARALLEL_WALLS,0,1850310744,0,217775206,1,FULL_NOISE,NEW_DEVELOPMENT_GENERATED,false,pcl_iterative_closest_point_with_normals,full-synthetic-development-v1/PARALLEL_WALLS/g0/m0/r1/FULL_NOISE/pcl_iterative_closest_point_with_normals
full-synthetic-development-v1/PARALLEL_WALLS/g0/m0/r2/INDEPENDENT_NOISE_FREE,PARALLEL_WALLS,0,1850310744,0,217775206,2,INDEPENDENT_NOISE_FREE,NEW_DEVELOPMENT_GENERATED,false,open3d_point_to_plane,full-synthetic-development-v1/PARALLEL_WALLS/g0/m0/r2/INDEPENDENT_NOISE_FREE/open3d_point_to_plane
full-synthetic-development-v1/PARALLEL_WALLS/g0/m0/r2/INDEPENDENT_NOISE_FREE,PARALLEL_WALLS,0,1850310744,0,217775206,2,INDEPENDENT_NOISE_FREE,NEW_DEVELOPMENT_GENERATED,false,pcl_iterative_closest_point_with_normals,full-synthetic-development-v1/PARALLEL_WALLS/g0/m0/r2/INDEPENDENT_NOISE_FREE/pcl_iterative_closest_point_with_normals
full-synthetic-development-v1/PARALLEL_WALLS/g0/m0/r2/SCAN_NOISE_ONLY,PARALLEL_WALLS,0,1850310744,0,217775206,2,SCAN_NOISE_ONLY,NEW_DEVELOPMENT_GENERATED,false,open3d_point_to_plane,full-synthetic-development-v1/PARALLEL_WALLS/g0/m0/r2/SCAN_NOISE_ONLY/open3d_point_to_plane
full-synthetic-development-v1/PARALLEL_WALLS/g0/m0/r2/SCAN_NOISE_ONLY,PARALLEL_WALLS,0,1850310744,0,217775206,2,SCAN_NOISE_ONLY,NEW_DEVELOPMENT_GENERATED,false,pcl_iterative_closest_point_with_normals,full-synthetic-development-v1/PARALLEL_WALLS/g0/m0/r2/SCAN_NOISE_ONLY/pcl_iterative_closest_point_with_normals
full-synthetic-development-v1/PARALLEL_WALLS/g0/m0/r2/MAP_NOISE_ONLY,PARALLEL_WALLS,0,1850310744,0,217775206,2,MAP_NOISE_ONLY,NEW_DEVELOPMENT_GENERATED,false,open3d_point_to_plane,full-synthetic-development-v1/PARALLEL_WALLS/g0/m0/r2/MAP_NOISE_ONLY/open3d_point_to_plane
full-synthetic-development-v1/PARALLEL_WALLS/g0/m0/r2/MAP_NOISE_ONLY,PARALLEL_WALLS,0,1850310744,0,217775206,2,MAP_NOISE_ONLY,NEW_DEVELOPMENT_GENERATED,false,pcl_iterative_closest_point_with_normals,full-synthetic-development-v1/PARALLEL_WALLS/g0/m0/r2/MAP_NOISE_ONLY/pcl_iterative_closest_point_with_normals
full-synthetic-development-v1/PARALLEL_WALLS/g0/m0/r2/DROPOUT_ONLY,PARALLEL_WALLS,0,1850310744,0,217775206,2,DROPOUT_ONLY,NEW_DEVELOPMENT_GENERATED,false,open3d_point_to_plane,full-synthetic-development-v1/PARALLEL_WALLS/g0/m0/r2/DROPOUT_ONLY/open3d_point_to_plane
full-synthetic-development-v1/PARALLEL_WALLS/g0/m0/r2/DROPOUT_ONLY,PARALLEL_WALLS,0,1850310744,0,217775206,2,DROPOUT_ONLY,NEW_DEVELOPMENT_GENERATED,false,pcl_iterative_closest_point_with_normals,full-synthetic-development-v1/PARALLEL_WALLS/g0/m0/r2/DROPOUT_ONLY/pcl_iterative_closest_point_with_normals
full-synthetic-development-v1/PARALLEL_WALLS/g0/m0/r2/FULL_NOISE,PARALLEL_WALLS,0,1850310744,0,217775206,2,FULL_NOISE,NEW_DEVELOPMENT_GENERATED,false,open3d_point_to_plane,full-synthetic-development-v1/PARALLEL_WALLS/g0/m0/r2/FULL_NOISE/open3d_point_to_plane
full-synthetic-development-v1/PARALLEL_WALLS/g0/m0/r2/FULL_NOISE,PARALLEL_WALLS,0,1850310744,0,217775206,2,FULL_NOISE,NEW_DEVELOPMENT_GENERATED,false,pcl_iterative_closest_point_with_normals,full-synthetic-development-v1/PARALLEL_WALLS/g0/m0/r2/FULL_NOISE/pcl_iterative_closest_point_with_normals
full-synthetic-development-v1/PARALLEL_WALLS/g0/m0/r3/INDEPENDENT_NOISE_FREE,PARALLEL_WALLS,0,1850310744,0,217775206,3,INDEPENDENT_NOISE_FREE,NEW_DEVELOPMENT_GENERATED,false,open3d_point_to_plane,full-synthetic-development-v1/PARALLEL_WALLS/g0/m0/r3/INDEPENDENT_NOISE_FREE/open3d_point_to_plane
full-synthetic-development-v1/PARALLEL_WALLS/g0/m0/r3/INDEPENDENT_NOISE_FREE,PARALLEL_WALLS,0,1850310744,0,217775206,3,INDEPENDENT_NOISE_FREE,NEW_DEVELOPMENT_GENERATED,false,pcl_iterative_closest_point_with_normals,full-synthetic-development-v1/PARALLEL_WALLS/g0/m0/r3/INDEPENDENT_NOISE_FREE/pcl_iterative_closest_point_with_normals
full-synthetic-development-v1/PARALLEL_WALLS/g0/m0/r3/SCAN_NOISE_ONLY,PARALLEL_WALLS,0,1850310744,0,217775206,3,SCAN_NOISE_ONLY,NEW_DEVELOPMENT_GENERATED,false,open3d_point_to_plane,full-synthetic-development-v1/PARALLEL_WALLS/g0/m0/r3/SCAN_NOISE_ONLY/open3d_point_to_plane
full-synthetic-development-v1/PARALLEL_WALLS/g0/m0/r3/SCAN_NOISE_ONLY,PARALLEL_WALLS,0,1850310744,0,217775206,3,SCAN_NOISE_ONLY,NEW_DEVELOPMENT_GENERATED,false,pcl_iterative_closest_point_with_normals,full-synthetic-development-v1/PARALLEL_WALLS/g0/m0/r3/SCAN_NOISE_ONLY/pcl_iterative_closest_point_with_normals
full-synthetic-development-v1/PARALLEL_WALLS/g0/m0/r3/MAP_NOISE_ONLY,PARALLEL_WALLS,0,1850310744,0,217775206,3,MAP_NOISE_ONLY,NEW_DEVELOPMENT_GENERATED,false,open3d_point_to_plane,full-synthetic-development-v1/PARALLEL_WALLS/g0/m0/r3/MAP_NOISE_ONLY/open3d_point_to_plane
full-synthetic-development-v1/PARALLEL_WALLS/g0/m0/r3/MAP_NOISE_ONLY,PARALLEL_WALLS,0,1850310744,0,217775206,3,MAP_NOISE_ONLY,NEW_DEVELOPMENT_GENERATED,false,pcl_iterative_closest_point_with_normals,full-synthetic-development-v1/PARALLEL_WALLS/g0/m0/r3/MAP_NOISE_ONLY/pcl_iterative_closest_point_with_normals
full-synthetic-development-v1/PARALLEL_WALLS/g0/m0/r3/DROPOUT_ONLY,PARALLEL_WALLS,0,1850310744,0,217775206,3,DROPOUT_ONLY,NEW_DEVELOPMENT_GENERATED,false,open3d_point_to_plane,full-synthetic-development-v1/PARALLEL_WALLS/g0/m0/r3/DROPOUT_ONLY/open3d_point_to_plane
full-synthetic-development-v1/PARALLEL_WALLS/g0/m0/r3/DROPOUT_ONLY,PARALLEL_WALLS,0,1850310744,0,217775206,3,DROPOUT_ONLY,NEW_DEVELOPMENT_GENERATED,false,pcl_iterative_closest_point_with_normals,full-synthetic-development-v1/PARALLEL_WALLS/g0/m0/r3/DROPOUT_ONLY/pcl_iterative_closest_point_with_normals
full-synthetic-development-v1/PARALLEL_WALLS/g0/m0/r3/FULL_NOISE,PARALLEL_WALLS,0,1850310744,0,217775206,3,FULL_NOISE,NEW_DEVELOPMENT_GENERATED,false,open3d_point_to_plane,full-synthetic-development-v1/PARALLEL_WALLS/g0/m0/r3/FULL_NOISE/open3d_point_to_plane
full-synthetic-development-v1/PARALLEL_WALLS/g0/m0/r3/FULL_NOISE,PARALLEL_WALLS,0,1850310744,0,217775206,3,FULL_NOISE,NEW_DEVELOPMENT_GENERATED,false,pcl_iterative_closest_point_with_normals,full-synthetic-development-v1/PARALLEL_WALLS/g0/m0/r3/FULL_NOISE/pcl_iterative_closest_point_with_normals
full-synthetic-development-v1/PARALLEL_WALLS/g0/m0/r4/INDEPENDENT_NOISE_FREE,PARALLEL_WALLS,0,1850310744,0,217775206,4,INDEPENDENT_NOISE_FREE,NEW_DEVELOPMENT_GENERATED,false,open3d_point_to_plane,full-synthetic-development-v1/PARALLEL_WALLS/g0/m0/r4/INDEPENDENT_NOISE_FREE/open3d_point_to_plane
full-synthetic-development-v1/PARALLEL_WALLS/g0/m0/r4/INDEPENDENT_NOISE_FREE,PARALLEL_WALLS,0,1850310744,0,217775206,4,INDEPENDENT_NOISE_FREE,NEW_DEVELOPMENT_GENERATED,false,pcl_iterative_closest_point_with_normals,full-synthetic-development-v1/PARALLEL_WALLS/g0/m0/r4/INDEPENDENT_NOISE_FREE/pcl_iterative_closest_point_with_normals
full-synthetic-development-v1/PARALLEL_WALLS/g0/m0/r4/SCAN_NOISE_ONLY,PARALLEL_WALLS,0,1850310744,0,217775206,4,SCAN_NOISE_ONLY,NEW_DEVELOPMENT_GENERATED,false,open3d_point_to_plane,full-synthetic-development-v1/PARALLEL_WALLS/g0/m0/r4/SCAN_NOISE_ONLY/open3d_point_to_plane
full-synthetic-development-v1/PARALLEL_WALLS/g0/m0/r4/SCAN_NOISE_ONLY,PARALLEL_WALLS,0,1850310744,0,217775206,4,SCAN_NOISE_ONLY,NEW_DEVELOPMENT_GENERATED,false,pcl_iterative_closest_point_with_normals,full-synthetic-development-v1/PARALLEL_WALLS/g0/m0/r4/SCAN_NOISE_ONLY/pcl_iterative_closest_point_with_normals
full-synthetic-development-v1/PARALLEL_WALLS/g0/m0/r4/MAP_NOISE_ONLY,PARALLEL_WALLS,0,1850310744,0,217775206,4,MAP_NOISE_ONLY,NEW_DEVELOPMENT_GENERATED,false,open3d_point_to_plane,full-synthetic-development-v1/PARALLEL_WALLS/g0/m0/r4/MAP_NOISE_ONLY/open3d_point_to_plane
full-synthetic-development-v1/PARALLEL_WALLS/g0/m0/r4/MAP_NOISE_ONLY,PARALLEL_WALLS,0,1850310744,0,217775206,4,MAP_NOISE_ONLY,NEW_DEVELOPMENT_GENERATED,false,pcl_iterative_closest_point_with_normals,full-synthetic-development-v1/PARALLEL_WALLS/g0/m0/r4/MAP_NOISE_ONLY/pcl_iterative_closest_point_with_normals
full-synthetic-development-v1/PARALLEL_WALLS/g0/m0/r4/DROPOUT_ONLY,PARALLEL_WALLS,0,1850310744,0,217775206,4,DROPOUT_ONLY,NEW_DEVELOPMENT_GENERATED,false,open3d_point_to_plane,full-synthetic-development-v1/PARALLEL_WALLS/g0/m0/r4/DROPOUT_ONLY/open3d_point_to_plane
full-synthetic-development-v1/PARALLEL_WALLS/g0/m0/r4/DROPOUT_ONLY,PARALLEL_WALLS,0,1850310744,0,217775206,4,DROPOUT_ONLY,NEW_DEVELOPMENT_GENERATED,false,pcl_iterative_closest_point_with_normals,full-synthetic-development-v1/PARALLEL_WALLS/g0/m0/r4/DROPOUT_ONLY/pcl_iterative_closest_point_with_normals
full-synthetic-development-v1/PARALLEL_WALLS/g0/m0/r4/FULL_NOISE,PARALLEL_WALLS,0,1850310744,0,217775206,4,FULL_NOISE,NEW_DEVELOPMENT_GENERATED,false,open3d_point_to_plane,full-synthetic-development-v1/PARALLEL_WALLS/g0/m0/r4/FULL_NOISE/open3d_point_to_plane
full-synthetic-development-v1/PARALLEL_WALLS/g0/m0/r4/FULL_NOISE,PARALLEL_WALLS,0,1850310744,0,217775206,4,FULL_NOISE,NEW_DEVELOPMENT_GENERATED,false,pcl_iterative_closest_point_with_normals,full-synthetic-development-v1/PARALLEL_WALLS/g0/m0/r4/FULL_NOISE/pcl_iterative_closest_point_with_normals
full-synthetic-development-v1/PARALLEL_WALLS/g0/m1/r0/INDEPENDENT_NOISE_FREE,PARALLEL_WALLS,0,1850310744,1,1664898153,0,INDEPENDENT_NOISE_FREE,NEW_DEVELOPMENT_GENERATED,false,open3d_point_to_plane,full-synthetic-development-v1/PARALLEL_WALLS/g0/m1/r0/INDEPENDENT_NOISE_FREE/open3d_point_to_plane
full-synthetic-development-v1/PARALLEL_WALLS/g0/m1/r0/INDEPENDENT_NOISE_FREE,PARALLEL_WALLS,0,1850310744,1,1664898153,0,INDEPENDENT_NOISE_FREE,NEW_DEVELOPMENT_GENERATED,false,pcl_iterative_closest_point_with_normals,full-synthetic-development-v1/PARALLEL_WALLS/g0/m1/r0/INDEPENDENT_NOISE_FREE/pcl_iterative_closest_point_with_normals
full-synthetic-development-v1/PARALLEL_WALLS/g0/m1/r0/SCAN_NOISE_ONLY,PARALLEL_WALLS,0,1850310744,1,1664898153,0,SCAN_NOISE_ONLY,NEW_DEVELOPMENT_GENERATED,false,open3d_point_to_plane,full-synthetic-development-v1/PARALLEL_WALLS/g0/m1/r0/SCAN_NOISE_ONLY/open3d_point_to_plane
full-synthetic-development-v1/PARALLEL_WALLS/g0/m1/r0/SCAN_NOISE_ONLY,PARALLEL_WALLS,0,1850310744,1,1664898153,0,SCAN_NOISE_ONLY,NEW_DEVELOPMENT_GENERATED,false,pcl_iterative_closest_point_with_normals,full-synthetic-development-v1/PARALLEL_WALLS/g0/m1/r0/SCAN_NOISE_ONLY/pcl_iterative_closest_point_with_normals
full-synthetic-development-v1/PARALLEL_WALLS/g0/m1/r0/MAP_NOISE_ONLY,PARALLEL_WALLS,0,1850310744,1,1664898153,0,MAP_NOISE_ONLY,NEW_DEVELOPMENT_GENERATED,false,open3d_point_to_plane,full-synthetic-development-v1/PARALLEL_WALLS/g0/m1/r0/MAP_NOISE_ONLY/open3d_point_to_plane
full-synthetic-development-v1/PARALLEL_WALLS/g0/m1/r0/MAP_NOISE_ONLY,PARALLEL_WALLS,0,1850310744,1,1664898153,0,MAP_NOISE_ONLY,NEW_DEVELOPMENT_GENERATED,false,pcl_iterative_closest_point_with_normals,full-synthetic-development-v1/PARALLEL_WALLS/g0/m1/r0/MAP_NOISE_ONLY/pcl_iterative_closest_point_with_normals
full-synthetic-development-v1/PARALLEL_WALLS/g0/m1/r0/DROPOUT_ONLY,PARALLEL_WALLS,0,1850310744,1,1664898153,0,DROPOUT_ONLY,NEW_DEVELOPMENT_GENERATED,false,open3d_point_to_plane,full-synthetic-development-v1/PARALLEL_WALLS/g0/m1/r0/DROPOUT_ONLY/open3d_point_to_plane
full-synthetic-development-v1/PARALLEL_WALLS/g0/m1/r0/DROPOUT_ONLY,PARALLEL_WALLS,0,1850310744,1,1664898153,0,DROPOUT_ONLY,NEW_DEVELOPMENT_GENERATED,false,pcl_iterative_closest_point_with_normals,full-synthetic-development-v1/PARALLEL_WALLS/g0/m1/r0/DROPOUT_ONLY/pcl_iterative_closest_point_with_normals
full-synthetic-development-v1/PARALLEL_WALLS/g0/m1/r0/FULL_NOISE,PARALLEL_WALLS,0,1850310744,1,1664898153,0,FULL_NOISE,NEW_DEVELOPMENT_GENERATED,false,open3d_point_to_plane,full-synthetic-development-v1/PARALLEL_WALLS/g0/m1/r0/FULL_NOISE/open3d_point_to_plane
full-synthetic-development-v1/PARALLEL_WALLS/g0/m1/r0/FULL_NOISE,PARALLEL_WALLS,0,1850310744,1,1664898153,0,FULL_NOISE,NEW_DEVELOPMENT_GENERATED,false,pcl_iterative_closest_point_with_normals,full-synthetic-development-v1/PARALLEL_WALLS/g0/m1/r0/FULL_NOISE/pcl_iterative_closest_point_with_normals
full-synthetic-development-v1/PARALLEL_WALLS/g0/m1/r1/INDEPENDENT_NOISE_FREE,PARALLEL_WALLS,0,1850310744,1,1664898153,1,INDEPENDENT_NOISE_FREE,NEW_DEVELOPMENT_GENERATED,false,open3d_point_to_plane,full-synthetic-development-v1/PARALLEL_WALLS/g0/m1/r1/INDEPENDENT_NOISE_FREE/open3d_point_to_plane
full-synthetic-development-v1/PARALLEL_WALLS/g0/m1/r1/INDEPENDENT_NOISE_FREE,PARALLEL_WALLS,0,1850310744,1,1664898153,1,INDEPENDENT_NOISE_FREE,NEW_DEVELOPMENT_GENERATED,false,pcl_iterative_closest_point_with_normals,full-synthetic-development-v1/PARALLEL_WALLS/g0/m1/r1/INDEPENDENT_NOISE_FREE/pcl_iterative_closest_point_with_normals
full-synthetic-development-v1/PARALLEL_WALLS/g0/m1/r1/SCAN_NOISE_ONLY,PARALLEL_WALLS,0,1850310744,1,1664898153,1,SCAN_NOISE_ONLY,NEW_DEVELOPMENT_GENERATED,false,open3d_point_to_plane,full-synthetic-development-v1/PARALLEL_WALLS/g0/m1/r1/SCAN_NOISE_ONLY/open3d_point_to_plane
full-synthetic-development-v1/PARALLEL_WALLS/g0/m1/r1/SCAN_NOISE_ONLY,PARALLEL_WALLS,0,1850310744,1,1664898153,1,SCAN_NOISE_ONLY,NEW_DEVELOPMENT_GENERATED,false,pcl_iterative_closest_point_with_normals,full-synthetic-development-v1/PARALLEL_WALLS/g0/m1/r1/SCAN_NOISE_ONLY/pcl_iterative_closest_point_with_normals
full-synthetic-development-v1/PARALLEL_WALLS/g0/m1/r1/MAP_NOISE_ONLY,PARALLEL_WALLS,0,1850310744,1,1664898153,1,MAP_NOISE_ONLY,NEW_DEVELOPMENT_GENERATED,false,open3d_point_to_plane,full-synthetic-development-v1/PARALLEL_WALLS/g0/m1/r1/MAP_NOISE_ONLY/open3d_point_to_plane
full-synthetic-development-v1/PARALLEL_WALLS/g0/m1/r1/MAP_NOISE_ONLY,PARALLEL_WALLS,0,1850310744,1,1664898153,1,MAP_NOISE_ONLY,NEW_DEVELOPMENT_GENERATED,false,pcl_iterative_closest_point_with_normals,full-synthetic-development-v1/PARALLEL_WALLS/g0/m1/r1/MAP_NOISE_ONLY/pcl_iterative_closest_point_with_normals
full-synthetic-development-v1/PARALLEL_WALLS/g0/m1/r1/DROPOUT_ONLY,PARALLEL_WALLS,0,1850310744,1,1664898153,1,DROPOUT_ONLY,NEW_DEVELOPMENT_GENERATED,false,open3d_point_to_plane,full-synthetic-development-v1/PARALLEL_WALLS/g0/m1/r1/DROPOUT_ONLY/open3d_point_to_plane
full-synthetic-development-v1/PARALLEL_WALLS/g0/m1/r1/DROPOUT_ONLY,PARALLEL_WALLS,0,1850310744,1,1664898153,1,DROPOUT_ONLY,NEW_DEVELOPMENT_GENERATED,false,pcl_iterative_closest_point_with_normals,full-synthetic-development-v1/PARALLEL_WALLS/g0/m1/r1/DROPOUT_ONLY/pcl_iterative_closest_point_with_normals
full-synthetic-development-v1/PARALLEL_WALLS/g0/m1/r1/FULL_NOISE,PARALLEL_WALLS,0,1850310744,1,1664898153,1,FULL_NOISE,NEW_DEVELOPMENT_GENERATED,false,open3d_point_to_plane,full-synthetic-development-v1/PARALLEL_WALLS/g0/m1/r1/FULL_NOISE/open3d_point_to_plane
full-synthetic-development-v1/PARALLEL_WALLS/g0/m1/r1/FULL_NOISE,PARALLEL_WALLS,0,1850310744,1,1664898153,1,FULL_NOISE,NEW_DEVELOPMENT_GENERATED,false,pcl_iterative_closest_point_with_normals,full-synthetic-development-v1/PARALLEL_WALLS/g0/m1/r1/FULL_NOISE/pcl_iterative_closest_point_with_normals
full-synthetic-development-v1/PARALLEL_WALLS/g0/m1/r2/INDEPENDENT_NOISE_FREE,PARALLEL_WALLS,0,1850310744,1,1664898153,2,INDEPENDENT_NOISE_FREE,NEW_DEVELOPMENT_GENERATED,false,open3d_point_to_plane,full-synthetic-development-v1/PARALLEL_WALLS/g0/m1/r2/INDEPENDENT_NOISE_FREE/open3d_point_to_plane
full-synthetic-development-v1/PARALLEL_WALLS/g0/m1/r2/INDEPENDENT_NOISE_FREE,PARALLEL_WALLS,0,1850310744,1,1664898153,2,INDEPENDENT_NOISE_FREE,NEW_DEVELOPMENT_GENERATED,false,pcl_iterative_closest_point_with_normals,full-synthetic-development-v1/PARALLEL_WALLS/g0/m1/r2/INDEPENDENT_NOISE_FREE/pcl_iterative_closest_point_with_normals
full-synthetic-development-v1/PARALLEL_WALLS/g0/m1/r2/SCAN_NOISE_ONLY,PARALLEL_WALLS,0,1850310744,1,1664898153,2,SCAN_NOISE_ONLY,NEW_DEVELOPMENT_GENERATED,false,open3d_point_to_plane,full-synthetic-development-v1/PARALLEL_WALLS/g0/m1/r2/SCAN_NOISE_ONLY/open3d_point_to_plane
full-synthetic-development-v1/PARALLEL_WALLS/g0/m1/r2/SCAN_NOISE_ONLY,PARALLEL_WALLS,0,1850310744,1,1664898153,2,SCAN_NOISE_ONLY,NEW_DEVELOPMENT_GENERATED,false,pcl_iterative_closest_point_with_normals,full-synthetic-development-v1/PARALLEL_WALLS/g0/m1/r2/SCAN_NOISE_ONLY/pcl_iterative_closest_point_with_normals
full-synthetic-development-v1/PARALLEL_WALLS/g0/m1/r2/MAP_NOISE_ONLY,PARALLEL_WALLS,0,1850310744,1,1664898153,2,MAP_NOISE_ONLY,NEW_DEVELOPMENT_GENERATED,false,open3d_point_to_plane,full-synthetic-development-v1/PARALLEL_WALLS/g0/m1/r2/MAP_NOISE_ONLY/open3d_point_to_plane
full-synthetic-development-v1/PARALLEL_WALLS/g0/m1/r2/MAP_NOISE_ONLY,PARALLEL_WALLS,0,1850310744,1,1664898153,2,MAP_NOISE_ONLY,NEW_DEVELOPMENT_GENERATED,false,pcl_iterative_closest_point_with_normals,full-synthetic-development-v1/PARALLEL_WALLS/g0/m1/r2/MAP_NOISE_ONLY/pcl_iterative_closest_point_with_normals
full-synthetic-development-v1/PARALLEL_WALLS/g0/m1/r2/DROPOUT_ONLY,PARALLEL_WALLS,0,1850310744,1,1664898153,2,DROPOUT_ONLY,NEW_DEVELOPMENT_GENERATED,false,open3d_point_to_plane,full-synthetic-development-v1/PARALLEL_WALLS/g0/m1/r2/DROPOUT_ONLY/open3d_point_to_plane
full-synthetic-development-v1/PARALLEL_WALLS/g0/m1/r2/DROPOUT_ONLY,PARALLEL_WALLS,0,1850310744,1,1664898153,2,DROPOUT_ONLY,NEW_DEVELOPMENT_GENERATED,false,pcl_iterative_closest_point_with_normals,full-synthetic-development-v1/PARALLEL_WALLS/g0/m1/r2/DROPOUT_ONLY/pcl_iterative_closest_point_with_normals
full-synthetic-development-v1/PARALLEL_WALLS/g0/m1/r2/FULL_NOISE,PARALLEL_WALLS,0,1850310744,1,1664898153,2,FULL_NOISE,NEW_DEVELOPMENT_GENERATED,false,open3d_point_to_plane,full-synthetic-development-v1/PARALLEL_WALLS/g0/m1/r2/FULL_NOISE/open3d_point_to_plane
full-synthetic-development-v1/PARALLEL_WALLS/g0/m1/r2/FULL_NOISE,PARALLEL_WALLS,0,1850310744,1,1664898153,2,FULL_NOISE,NEW_DEVELOPMENT_GENERATED,false,pcl_iterative_closest_point_with_normals,full-synthetic-development-v1/PARALLEL_WALLS/g0/m1/r2/FULL_NOISE/pcl_iterative_closest_point_with_normals
full-synthetic-development-v1/PARALLEL_WALLS/g0/m1/r3/INDEPENDENT_NOISE_FREE,PARALLEL_WALLS,0,1850310744,1,1664898153,3,INDEPENDENT_NOISE_FREE,NEW_DEVELOPMENT_GENERATED,false,open3d_point_to_plane,full-synthetic-development-v1/PARALLEL_WALLS/g0/m1/r3/INDEPENDENT_NOISE_FREE/open3d_point_to_plane
full-synthetic-development-v1/PARALLEL_WALLS/g0/m1/r3/INDEPENDENT_NOISE_FREE,PARALLEL_WALLS,0,1850310744,1,1664898153,3,INDEPENDENT_NOISE_FREE,NEW_DEVELOPMENT_GENERATED,false,pcl_iterative_closest_point_with_normals,full-synthetic-development-v1/PARALLEL_WALLS/g0/m1/r3/INDEPENDENT_NOISE_FREE/pcl_iterative_closest_point_with_normals
full-synthetic-development-v1/PARALLEL_WALLS/g0/m1/r3/SCAN_NOISE_ONLY,PARALLEL_WALLS,0,1850310744,1,1664898153,3,SCAN_NOISE_ONLY,NEW_DEVELOPMENT_GENERATED,false,open3d_point_to_plane,full-synthetic-development-v1/PARALLEL_WALLS/g0/m1/r3/SCAN_NOISE_ONLY/open3d_point_to_plane
full-synthetic-development-v1/PARALLEL_WALLS/g0/m1/r3/SCAN_NOISE_ONLY,PARALLEL_WALLS,0,1850310744,1,1664898153,3,SCAN_NOISE_ONLY,NEW_DEVELOPMENT_GENERATED,false,pcl_iterative_closest_point_with_normals,full-synthetic-development-v1/PARALLEL_WALLS/g0/m1/r3/SCAN_NOISE_ONLY/pcl_iterative_closest_point_with_normals
full-synthetic-development-v1/PARALLEL_WALLS/g0/m1/r3/MAP_NOISE_ONLY,PARALLEL_WALLS,0,1850310744,1,1664898153,3,MAP_NOISE_ONLY,NEW_DEVELOPMENT_GENERATED,false,open3d_point_to_plane,full-synthetic-development-v1/PARALLEL_WALLS/g0/m1/r3/MAP_NOISE_ONLY/open3d_point_to_plane
full-synthetic-development-v1/PARALLEL_WALLS/g0/m1/r3/MAP_NOISE_ONLY,PARALLEL_WALLS,0,1850310744,1,1664898153,3,MAP_NOISE_ONLY,NEW_DEVELOPMENT_GENERATED,false,pcl_iterative_closest_point_with_normals,full-synthetic-development-v1/PARALLEL_WALLS/g0/m1/r3/MAP_NOISE_ONLY/pcl_iterative_closest_point_with_normals
full-synthetic-development-v1/PARALLEL_WALLS/g0/m1/r3/DROPOUT_ONLY,PARALLEL_WALLS,0,1850310744,1,1664898153,3,DROPOUT_ONLY,NEW_DEVELOPMENT_GENERATED,false,open3d_point_to_plane,full-synthetic-development-v1/PARALLEL_WALLS/g0/m1/r3/DROPOUT_ONLY/open3d_point_to_plane
full-synthetic-development-v1/PARALLEL_WALLS/g0/m1/r3/DROPOUT_ONLY,PARALLEL_WALLS,0,1850310744,1,1664898153,3,DROPOUT_ONLY,NEW_DEVELOPMENT_GENERATED,false,pcl_iterative_closest_point_with_normals,full-synthetic-development-v1/PARALLEL_WALLS/g0/m1/r3/DROPOUT_ONLY/pcl_iterative_closest_point_with_normals
full-synthetic-development-v1/PARALLEL_WALLS/g0/m1/r3/FULL_NOISE,PARALLEL_WALLS,0,1850310744,1,1664898153,3,FULL_NOISE,NEW_DEVELOPMENT_GENERATED,false,open3d_point_to_plane,full-synthetic-development-v1/PARALLEL_WALLS/g0/m1/r3/FULL_NOISE/open3d_point_to_plane
full-synthetic-development-v1/PARALLEL_WALLS/g0/m1/r3/FULL_NOISE,PARALLEL_WALLS,0,1850310744,1,1664898153,3,FULL_NOISE,NEW_DEVELOPMENT_GENERATED,false,pcl_iterative_closest_point_with_normals,full-synthetic-development-v1/PARALLEL_WALLS/g0/m1/r3/FULL_NOISE/pcl_iterative_closest_point_with_normals
full-synthetic-development-v1/PARALLEL_WALLS/g0/m1/r4/INDEPENDENT_NOISE_FREE,PARALLEL_WALLS,0,1850310744,1,1664898153,4,INDEPENDENT_NOISE_FREE,NEW_DEVELOPMENT_GENERATED,false,open3d_point_to_plane,full-synthetic-development-v1/PARALLEL_WALLS/g0/m1/r4/INDEPENDENT_NOISE_FREE/open3d_point_to_plane
full-synthetic-development-v1/PARALLEL_WALLS/g0/m1/r4/INDEPENDENT_NOISE_FREE,PARALLEL_WALLS,0,1850310744,1,1664898153,4,INDEPENDENT_NOISE_FREE,NEW_DEVELOPMENT_GENERATED,false,pcl_iterative_closest_point_with_normals,full-synthetic-development-v1/PARALLEL_WALLS/g0/m1/r4/INDEPENDENT_NOISE_FREE/pcl_iterative_closest_point_with_normals
full-synthetic-development-v1/PARALLEL_WALLS/g0/m1/r4/SCAN_NOISE_ONLY,PARALLEL_WALLS,0,1850310744,1,1664898153,4,SCAN_NOISE_ONLY,NEW_DEVELOPMENT_GENERATED,false,open3d_point_to_plane,full-synthetic-development-v1/PARALLEL_WALLS/g0/m1/r4/SCAN_NOISE_ONLY/open3d_point_to_plane
full-synthetic-development-v1/PARALLEL_WALLS/g0/m1/r4/SCAN_NOISE_ONLY,PARALLEL_WALLS,0,1850310744,1,1664898153,4,SCAN_NOISE_ONLY,NEW_DEVELOPMENT_GENERATED,false,pcl_iterative_closest_point_with_normals,full-synthetic-development-v1/PARALLEL_WALLS/g0/m1/r4/SCAN_NOISE_ONLY/pcl_iterative_closest_point_with_normals
full-synthetic-development-v1/PARALLEL_WALLS/g0/m1/r4/MAP_NOISE_ONLY,PARALLEL_WALLS,0,1850310744,1,1664898153,4,MAP_NOISE_ONLY,NEW_DEVELOPMENT_GENERATED,false,open3d_point_to_plane,full-synthetic-development-v1/PARALLEL_WALLS/g0/m1/r4/MAP_NOISE_ONLY/open3d_point_to_plane
full-synthetic-development-v1/PARALLEL_WALLS/g0/m1/r4/MAP_NOISE_ONLY,PARALLEL_WALLS,0,1850310744,1,1664898153,4,MAP_NOISE_ONLY,NEW_DEVELOPMENT_GENERATED,false,pcl_iterative_closest_point_with_normals,full-synthetic-development-v1/PARALLEL_WALLS/g0/m1/r4/MAP_NOISE_ONLY/pcl_iterative_closest_point_with_normals
full-synthetic-development-v1/PARALLEL_WALLS/g0/m1/r4/DROPOUT_ONLY,PARALLEL_WALLS,0,1850310744,1,1664898153,4,DROPOUT_ONLY,NEW_DEVELOPMENT_GENERATED,false,open3d_point_to_plane,full-synthetic-development-v1/PARALLEL_WALLS/g0/m1/r4/DROPOUT_ONLY/open3d_point_to_plane
full-synthetic-development-v1/PARALLEL_WALLS/g0/m1/r4/DROPOUT_ONLY,PARALLEL_WALLS,0,1850310744,1,1664898153,4,DROPOUT_ONLY,NEW_DEVELOPMENT_GENERATED,false,pcl_iterative_closest_point_with_normals,full-synthetic-development-v1/PARALLEL_WALLS/g0/m1/r4/DROPOUT_ONLY/pcl_iterative_closest_point_with_normals
full-synthetic-development-v1/PARALLEL_WALLS/g0/m1/r4/FULL_NOISE,PARALLEL_WALLS,0,1850310744,1,1664898153,4,FULL_NOISE,NEW_DEVELOPMENT_GENERATED,false,open3d_point_to_plane,full-synthetic-development-v1/PARALLEL_WALLS/g0/m1/r4/FULL_NOISE/open3d_point_to_plane
full-synthetic-development-v1/PARALLEL_WALLS/g0/m1/r4/FULL_NOISE,PARALLEL_WALLS,0,1850310744,1,1664898153,4,FULL_NOISE,NEW_DEVELOPMENT_GENERATED,false,pcl_iterative_closest_point_with_normals,full-synthetic-development-v1/PARALLEL_WALLS/g0/m1/r4/FULL_NOISE/pcl_iterative_closest_point_with_normals
phase-b-signal-v1/PARALLEL_WALLS/g1/INDEPENDENT_NOISE_FREE,PARALLEL_WALLS,1,1957656152,0,217775206,0,INDEPENDENT_NOISE_FREE,NEW_DEVELOPMENT_GENERATED,true,open3d_point_to_plane,phase-b-signal-v1/PARALLEL_WALLS/g1/INDEPENDENT_NOISE_FREE/open3d_point_to_plane
phase-b-signal-v1/PARALLEL_WALLS/g1/INDEPENDENT_NOISE_FREE,PARALLEL_WALLS,1,1957656152,0,217775206,0,INDEPENDENT_NOISE_FREE,NEW_DEVELOPMENT_GENERATED,true,pcl_iterative_closest_point_with_normals,phase-b-signal-v1/PARALLEL_WALLS/g1/INDEPENDENT_NOISE_FREE/pcl_iterative_closest_point_with_normals
full-synthetic-development-v1/PARALLEL_WALLS/g1/m0/r0/SCAN_NOISE_ONLY,PARALLEL_WALLS,1,1957656152,0,217775206,0,SCAN_NOISE_ONLY,NEW_DEVELOPMENT_GENERATED,false,open3d_point_to_plane,full-synthetic-development-v1/PARALLEL_WALLS/g1/m0/r0/SCAN_NOISE_ONLY/open3d_point_to_plane
full-synthetic-development-v1/PARALLEL_WALLS/g1/m0/r0/SCAN_NOISE_ONLY,PARALLEL_WALLS,1,1957656152,0,217775206,0,SCAN_NOISE_ONLY,NEW_DEVELOPMENT_GENERATED,false,pcl_iterative_closest_point_with_normals,full-synthetic-development-v1/PARALLEL_WALLS/g1/m0/r0/SCAN_NOISE_ONLY/pcl_iterative_closest_point_with_normals
full-synthetic-development-v1/PARALLEL_WALLS/g1/m0/r0/MAP_NOISE_ONLY,PARALLEL_WALLS,1,1957656152,0,217775206,0,MAP_NOISE_ONLY,NEW_DEVELOPMENT_GENERATED,false,open3d_point_to_plane,full-synthetic-development-v1/PARALLEL_WALLS/g1/m0/r0/MAP_NOISE_ONLY/open3d_point_to_plane
full-synthetic-development-v1/PARALLEL_WALLS/g1/m0/r0/MAP_NOISE_ONLY,PARALLEL_WALLS,1,1957656152,0,217775206,0,MAP_NOISE_ONLY,NEW_DEVELOPMENT_GENERATED,false,pcl_iterative_closest_point_with_normals,full-synthetic-development-v1/PARALLEL_WALLS/g1/m0/r0/MAP_NOISE_ONLY/pcl_iterative_closest_point_with_normals
full-synthetic-development-v1/PARALLEL_WALLS/g1/m0/r0/DROPOUT_ONLY,PARALLEL_WALLS,1,1957656152,0,217775206,0,DROPOUT_ONLY,NEW_DEVELOPMENT_GENERATED,false,open3d_point_to_plane,full-synthetic-development-v1/PARALLEL_WALLS/g1/m0/r0/DROPOUT_ONLY/open3d_point_to_plane
full-synthetic-development-v1/PARALLEL_WALLS/g1/m0/r0/DROPOUT_ONLY,PARALLEL_WALLS,1,1957656152,0,217775206,0,DROPOUT_ONLY,NEW_DEVELOPMENT_GENERATED,false,pcl_iterative_closest_point_with_normals,full-synthetic-development-v1/PARALLEL_WALLS/g1/m0/r0/DROPOUT_ONLY/pcl_iterative_closest_point_with_normals
phase-b-signal-v1/PARALLEL_WALLS/g1/FULL_NOISE,PARALLEL_WALLS,1,1957656152,0,217775206,0,FULL_NOISE,NEW_DEVELOPMENT_GENERATED,true,open3d_point_to_plane,phase-b-signal-v1/PARALLEL_WALLS/g1/FULL_NOISE/open3d_point_to_plane
phase-b-signal-v1/PARALLEL_WALLS/g1/FULL_NOISE,PARALLEL_WALLS,1,1957656152,0,217775206,0,FULL_NOISE,NEW_DEVELOPMENT_GENERATED,true,pcl_iterative_closest_point_with_normals,phase-b-signal-v1/PARALLEL_WALLS/g1/FULL_NOISE/pcl_iterative_closest_point_with_normals
full-synthetic-development-v1/PARALLEL_WALLS/g1/m0/r1/INDEPENDENT_NOISE_FREE,PARALLEL_WALLS,1,1957656152,0,217775206,1,INDEPENDENT_NOISE_FREE,NEW_DEVELOPMENT_GENERATED,false,open3d_point_to_plane,full-synthetic-development-v1/PARALLEL_WALLS/g1/m0/r1/INDEPENDENT_NOISE_FREE/open3d_point_to_plane
full-synthetic-development-v1/PARALLEL_WALLS/g1/m0/r1/INDEPENDENT_NOISE_FREE,PARALLEL_WALLS,1,1957656152,0,217775206,1,INDEPENDENT_NOISE_FREE,NEW_DEVELOPMENT_GENERATED,false,pcl_iterative_closest_point_with_normals,full-synthetic-development-v1/PARALLEL_WALLS/g1/m0/r1/INDEPENDENT_NOISE_FREE/pcl_iterative_closest_point_with_normals
full-synthetic-development-v1/PARALLEL_WALLS/g1/m0/r1/SCAN_NOISE_ONLY,PARALLEL_WALLS,1,1957656152,0,217775206,1,SCAN_NOISE_ONLY,NEW_DEVELOPMENT_GENERATED,false,open3d_point_to_plane,full-synthetic-development-v1/PARALLEL_WALLS/g1/m0/r1/SCAN_NOISE_ONLY/open3d_point_to_plane
full-synthetic-development-v1/PARALLEL_WALLS/g1/m0/r1/SCAN_NOISE_ONLY,PARALLEL_WALLS,1,1957656152,0,217775206,1,SCAN_NOISE_ONLY,NEW_DEVELOPMENT_GENERATED,false,pcl_iterative_closest_point_with_normals,full-synthetic-development-v1/PARALLEL_WALLS/g1/m0/r1/SCAN_NOISE_ONLY/pcl_iterative_closest_point_with_normals
full-synthetic-development-v1/PARALLEL_WALLS/g1/m0/r1/MAP_NOISE_ONLY,PARALLEL_WALLS,1,1957656152,0,217775206,1,MAP_NOISE_ONLY,NEW_DEVELOPMENT_GENERATED,false,open3d_point_to_plane,full-synthetic-development-v1/PARALLEL_WALLS/g1/m0/r1/MAP_NOISE_ONLY/open3d_point_to_plane
full-synthetic-development-v1/PARALLEL_WALLS/g1/m0/r1/MAP_NOISE_ONLY,PARALLEL_WALLS,1,1957656152,0,217775206,1,MAP_NOISE_ONLY,NEW_DEVELOPMENT_GENERATED,false,pcl_iterative_closest_point_with_normals,full-synthetic-development-v1/PARALLEL_WALLS/g1/m0/r1/MAP_NOISE_ONLY/pcl_iterative_closest_point_with_normals
full-synthetic-development-v1/PARALLEL_WALLS/g1/m0/r1/DROPOUT_ONLY,PARALLEL_WALLS,1,1957656152,0,217775206,1,DROPOUT_ONLY,NEW_DEVELOPMENT_GENERATED,false,open3d_point_to_plane,full-synthetic-development-v1/PARALLEL_WALLS/g1/m0/r1/DROPOUT_ONLY/open3d_point_to_plane
full-synthetic-development-v1/PARALLEL_WALLS/g1/m0/r1/DROPOUT_ONLY,PARALLEL_WALLS,1,1957656152,0,217775206,1,DROPOUT_ONLY,NEW_DEVELOPMENT_GENERATED,false,pcl_iterative_closest_point_with_normals,full-synthetic-development-v1/PARALLEL_WALLS/g1/m0/r1/DROPOUT_ONLY/pcl_iterative_closest_point_with_normals
full-synthetic-development-v1/PARALLEL_WALLS/g1/m0/r1/FULL_NOISE,PARALLEL_WALLS,1,1957656152,0,217775206,1,FULL_NOISE,NEW_DEVELOPMENT_GENERATED,false,open3d_point_to_plane,full-synthetic-development-v1/PARALLEL_WALLS/g1/m0/r1/FULL_NOISE/open3d_point_to_plane
full-synthetic-development-v1/PARALLEL_WALLS/g1/m0/r1/FULL_NOISE,PARALLEL_WALLS,1,1957656152,0,217775206,1,FULL_NOISE,NEW_DEVELOPMENT_GENERATED,false,pcl_iterative_closest_point_with_normals,full-synthetic-development-v1/PARALLEL_WALLS/g1/m0/r1/FULL_NOISE/pcl_iterative_closest_point_with_normals
full-synthetic-development-v1/PARALLEL_WALLS/g1/m0/r2/INDEPENDENT_NOISE_FREE,PARALLEL_WALLS,1,1957656152,0,217775206,2,INDEPENDENT_NOISE_FREE,NEW_DEVELOPMENT_GENERATED,false,open3d_point_to_plane,full-synthetic-development-v1/PARALLEL_WALLS/g1/m0/r2/INDEPENDENT_NOISE_FREE/open3d_point_to_plane
full-synthetic-development-v1/PARALLEL_WALLS/g1/m0/r2/INDEPENDENT_NOISE_FREE,PARALLEL_WALLS,1,1957656152,0,217775206,2,INDEPENDENT_NOISE_FREE,NEW_DEVELOPMENT_GENERATED,false,pcl_iterative_closest_point_with_normals,full-synthetic-development-v1/PARALLEL_WALLS/g1/m0/r2/INDEPENDENT_NOISE_FREE/pcl_iterative_closest_point_with_normals
full-synthetic-development-v1/PARALLEL_WALLS/g1/m0/r2/SCAN_NOISE_ONLY,PARALLEL_WALLS,1,1957656152,0,217775206,2,SCAN_NOISE_ONLY,NEW_DEVELOPMENT_GENERATED,false,open3d_point_to_plane,full-synthetic-development-v1/PARALLEL_WALLS/g1/m0/r2/SCAN_NOISE_ONLY/open3d_point_to_plane
full-synthetic-development-v1/PARALLEL_WALLS/g1/m0/r2/SCAN_NOISE_ONLY,PARALLEL_WALLS,1,1957656152,0,217775206,2,SCAN_NOISE_ONLY,NEW_DEVELOPMENT_GENERATED,false,pcl_iterative_closest_point_with_normals,full-synthetic-development-v1/PARALLEL_WALLS/g1/m0/r2/SCAN_NOISE_ONLY/pcl_iterative_closest_point_with_normals
full-synthetic-development-v1/PARALLEL_WALLS/g1/m0/r2/MAP_NOISE_ONLY,PARALLEL_WALLS,1,1957656152,0,217775206,2,MAP_NOISE_ONLY,NEW_DEVELOPMENT_GENERATED,false,open3d_point_to_plane,full-synthetic-development-v1/PARALLEL_WALLS/g1/m0/r2/MAP_NOISE_ONLY/open3d_point_to_plane
full-synthetic-development-v1/PARALLEL_WALLS/g1/m0/r2/MAP_NOISE_ONLY,PARALLEL_WALLS,1,1957656152,0,217775206,2,MAP_NOISE_ONLY,NEW_DEVELOPMENT_GENERATED,false,pcl_iterative_closest_point_with_normals,full-synthetic-development-v1/PARALLEL_WALLS/g1/m0/r2/MAP_NOISE_ONLY/pcl_iterative_closest_point_with_normals
full-synthetic-development-v1/PARALLEL_WALLS/g1/m0/r2/DROPOUT_ONLY,PARALLEL_WALLS,1,1957656152,0,217775206,2,DROPOUT_ONLY,NEW_DEVELOPMENT_GENERATED,false,open3d_point_to_plane,full-synthetic-development-v1/PARALLEL_WALLS/g1/m0/r2/DROPOUT_ONLY/open3d_point_to_plane
full-synthetic-development-v1/PARALLEL_WALLS/g1/m0/r2/DROPOUT_ONLY,PARALLEL_WALLS,1,1957656152,0,217775206,2,DROPOUT_ONLY,NEW_DEVELOPMENT_GENERATED,false,pcl_iterative_closest_point_with_normals,full-synthetic-development-v1/PARALLEL_WALLS/g1/m0/r2/DROPOUT_ONLY/pcl_iterative_closest_point_with_normals
full-synthetic-development-v1/PARALLEL_WALLS/g1/m0/r2/FULL_NOISE,PARALLEL_WALLS,1,1957656152,0,217775206,2,FULL_NOISE,NEW_DEVELOPMENT_GENERATED,false,open3d_point_to_plane,full-synthetic-development-v1/PARALLEL_WALLS/g1/m0/r2/FULL_NOISE/open3d_point_to_plane
full-synthetic-development-v1/PARALLEL_WALLS/g1/m0/r2/FULL_NOISE,PARALLEL_WALLS,1,1957656152,0,217775206,2,FULL_NOISE,NEW_DEVELOPMENT_GENERATED,false,pcl_iterative_closest_point_with_normals,full-synthetic-development-v1/PARALLEL_WALLS/g1/m0/r2/FULL_NOISE/pcl_iterative_closest_point_with_normals
full-synthetic-development-v1/PARALLEL_WALLS/g1/m0/r3/INDEPENDENT_NOISE_FREE,PARALLEL_WALLS,1,1957656152,0,217775206,3,INDEPENDENT_NOISE_FREE,NEW_DEVELOPMENT_GENERATED,false,open3d_point_to_plane,full-synthetic-development-v1/PARALLEL_WALLS/g1/m0/r3/INDEPENDENT_NOISE_FREE/open3d_point_to_plane
full-synthetic-development-v1/PARALLEL_WALLS/g1/m0/r3/INDEPENDENT_NOISE_FREE,PARALLEL_WALLS,1,1957656152,0,217775206,3,INDEPENDENT_NOISE_FREE,NEW_DEVELOPMENT_GENERATED,false,pcl_iterative_closest_point_with_normals,full-synthetic-development-v1/PARALLEL_WALLS/g1/m0/r3/INDEPENDENT_NOISE_FREE/pcl_iterative_closest_point_with_normals
full-synthetic-development-v1/PARALLEL_WALLS/g1/m0/r3/SCAN_NOISE_ONLY,PARALLEL_WALLS,1,1957656152,0,217775206,3,SCAN_NOISE_ONLY,NEW_DEVELOPMENT_GENERATED,false,open3d_point_to_plane,full-synthetic-development-v1/PARALLEL_WALLS/g1/m0/r3/SCAN_NOISE_ONLY/open3d_point_to_plane
full-synthetic-development-v1/PARALLEL_WALLS/g1/m0/r3/SCAN_NOISE_ONLY,PARALLEL_WALLS,1,1957656152,0,217775206,3,SCAN_NOISE_ONLY,NEW_DEVELOPMENT_GENERATED,false,pcl_iterative_closest_point_with_normals,full-synthetic-development-v1/PARALLEL_WALLS/g1/m0/r3/SCAN_NOISE_ONLY/pcl_iterative_closest_point_with_normals
full-synthetic-development-v1/PARALLEL_WALLS/g1/m0/r3/MAP_NOISE_ONLY,PARALLEL_WALLS,1,1957656152,0,217775206,3,MAP_NOISE_ONLY,NEW_DEVELOPMENT_GENERATED,false,open3d_point_to_plane,full-synthetic-development-v1/PARALLEL_WALLS/g1/m0/r3/MAP_NOISE_ONLY/open3d_point_to_plane
full-synthetic-development-v1/PARALLEL_WALLS/g1/m0/r3/MAP_NOISE_ONLY,PARALLEL_WALLS,1,1957656152,0,217775206,3,MAP_NOISE_ONLY,NEW_DEVELOPMENT_GENERATED,false,pcl_iterative_closest_point_with_normals,full-synthetic-development-v1/PARALLEL_WALLS/g1/m0/r3/MAP_NOISE_ONLY/pcl_iterative_closest_point_with_normals
full-synthetic-development-v1/PARALLEL_WALLS/g1/m0/r3/DROPOUT_ONLY,PARALLEL_WALLS,1,1957656152,0,217775206,3,DROPOUT_ONLY,NEW_DEVELOPMENT_GENERATED,false,open3d_point_to_plane,full-synthetic-development-v1/PARALLEL_WALLS/g1/m0/r3/DROPOUT_ONLY/open3d_point_to_plane
full-synthetic-development-v1/PARALLEL_WALLS/g1/m0/r3/DROPOUT_ONLY,PARALLEL_WALLS,1,1957656152,0,217775206,3,DROPOUT_ONLY,NEW_DEVELOPMENT_GENERATED,false,pcl_iterative_closest_point_with_normals,full-synthetic-development-v1/PARALLEL_WALLS/g1/m0/r3/DROPOUT_ONLY/pcl_iterative_closest_point_with_normals
full-synthetic-development-v1/PARALLEL_WALLS/g1/m0/r3/FULL_NOISE,PARALLEL_WALLS,1,1957656152,0,217775206,3,FULL_NOISE,NEW_DEVELOPMENT_GENERATED,false,open3d_point_to_plane,full-synthetic-development-v1/PARALLEL_WALLS/g1/m0/r3/FULL_NOISE/open3d_point_to_plane
full-synthetic-development-v1/PARALLEL_WALLS/g1/m0/r3/FULL_NOISE,PARALLEL_WALLS,1,1957656152,0,217775206,3,FULL_NOISE,NEW_DEVELOPMENT_GENERATED,false,pcl_iterative_closest_point_with_normals,full-synthetic-development-v1/PARALLEL_WALLS/g1/m0/r3/FULL_NOISE/pcl_iterative_closest_point_with_normals
full-synthetic-development-v1/PARALLEL_WALLS/g1/m0/r4/INDEPENDENT_NOISE_FREE,PARALLEL_WALLS,1,1957656152,0,217775206,4,INDEPENDENT_NOISE_FREE,NEW_DEVELOPMENT_GENERATED,false,open3d_point_to_plane,full-synthetic-development-v1/PARALLEL_WALLS/g1/m0/r4/INDEPENDENT_NOISE_FREE/open3d_point_to_plane
full-synthetic-development-v1/PARALLEL_WALLS/g1/m0/r4/INDEPENDENT_NOISE_FREE,PARALLEL_WALLS,1,1957656152,0,217775206,4,INDEPENDENT_NOISE_FREE,NEW_DEVELOPMENT_GENERATED,false,pcl_iterative_closest_point_with_normals,full-synthetic-development-v1/PARALLEL_WALLS/g1/m0/r4/INDEPENDENT_NOISE_FREE/pcl_iterative_closest_point_with_normals
full-synthetic-development-v1/PARALLEL_WALLS/g1/m0/r4/SCAN_NOISE_ONLY,PARALLEL_WALLS,1,1957656152,0,217775206,4,SCAN_NOISE_ONLY,NEW_DEVELOPMENT_GENERATED,false,open3d_point_to_plane,full-synthetic-development-v1/PARALLEL_WALLS/g1/m0/r4/SCAN_NOISE_ONLY/open3d_point_to_plane
full-synthetic-development-v1/PARALLEL_WALLS/g1/m0/r4/SCAN_NOISE_ONLY,PARALLEL_WALLS,1,1957656152,0,217775206,4,SCAN_NOISE_ONLY,NEW_DEVELOPMENT_GENERATED,false,pcl_iterative_closest_point_with_normals,full-synthetic-development-v1/PARALLEL_WALLS/g1/m0/r4/SCAN_NOISE_ONLY/pcl_iterative_closest_point_with_normals
full-synthetic-development-v1/PARALLEL_WALLS/g1/m0/r4/MAP_NOISE_ONLY,PARALLEL_WALLS,1,1957656152,0,217775206,4,MAP_NOISE_ONLY,NEW_DEVELOPMENT_GENERATED,false,open3d_point_to_plane,full-synthetic-development-v1/PARALLEL_WALLS/g1/m0/r4/MAP_NOISE_ONLY/open3d_point_to_plane
full-synthetic-development-v1/PARALLEL_WALLS/g1/m0/r4/MAP_NOISE_ONLY,PARALLEL_WALLS,1,1957656152,0,217775206,4,MAP_NOISE_ONLY,NEW_DEVELOPMENT_GENERATED,false,pcl_iterative_closest_point_with_normals,full-synthetic-development-v1/PARALLEL_WALLS/g1/m0/r4/MAP_NOISE_ONLY/pcl_iterative_closest_point_with_normals
full-synthetic-development-v1/PARALLEL_WALLS/g1/m0/r4/DROPOUT_ONLY,PARALLEL_WALLS,1,1957656152,0,217775206,4,DROPOUT_ONLY,NEW_DEVELOPMENT_GENERATED,false,open3d_point_to_plane,full-synthetic-development-v1/PARALLEL_WALLS/g1/m0/r4/DROPOUT_ONLY/open3d_point_to_plane
full-synthetic-development-v1/PARALLEL_WALLS/g1/m0/r4/DROPOUT_ONLY,PARALLEL_WALLS,1,1957656152,0,217775206,4,DROPOUT_ONLY,NEW_DEVELOPMENT_GENERATED,false,pcl_iterative_closest_point_with_normals,full-synthetic-development-v1/PARALLEL_WALLS/g1/m0/r4/DROPOUT_ONLY/pcl_iterative_closest_point_with_normals
full-synthetic-development-v1/PARALLEL_WALLS/g1/m0/r4/FULL_NOISE,PARALLEL_WALLS,1,1957656152,0,217775206,4,FULL_NOISE,NEW_DEVELOPMENT_GENERATED,false,open3d_point_to_plane,full-synthetic-development-v1/PARALLEL_WALLS/g1/m0/r4/FULL_NOISE/open3d_point_to_plane
full-synthetic-development-v1/PARALLEL_WALLS/g1/m0/r4/FULL_NOISE,PARALLEL_WALLS,1,1957656152,0,217775206,4,FULL_NOISE,NEW_DEVELOPMENT_GENERATED,false,pcl_iterative_closest_point_with_normals,full-synthetic-development-v1/PARALLEL_WALLS/g1/m0/r4/FULL_NOISE/pcl_iterative_closest_point_with_normals
full-synthetic-development-v1/PARALLEL_WALLS/g1/m1/r0/INDEPENDENT_NOISE_FREE,PARALLEL_WALLS,1,1957656152,1,1664898153,0,INDEPENDENT_NOISE_FREE,NEW_DEVELOPMENT_GENERATED,false,open3d_point_to_plane,full-synthetic-development-v1/PARALLEL_WALLS/g1/m1/r0/INDEPENDENT_NOISE_FREE/open3d_point_to_plane
full-synthetic-development-v1/PARALLEL_WALLS/g1/m1/r0/INDEPENDENT_NOISE_FREE,PARALLEL_WALLS,1,1957656152,1,1664898153,0,INDEPENDENT_NOISE_FREE,NEW_DEVELOPMENT_GENERATED,false,pcl_iterative_closest_point_with_normals,full-synthetic-development-v1/PARALLEL_WALLS/g1/m1/r0/INDEPENDENT_NOISE_FREE/pcl_iterative_closest_point_with_normals
full-synthetic-development-v1/PARALLEL_WALLS/g1/m1/r0/SCAN_NOISE_ONLY,PARALLEL_WALLS,1,1957656152,1,1664898153,0,SCAN_NOISE_ONLY,NEW_DEVELOPMENT_GENERATED,false,open3d_point_to_plane,full-synthetic-development-v1/PARALLEL_WALLS/g1/m1/r0/SCAN_NOISE_ONLY/open3d_point_to_plane
full-synthetic-development-v1/PARALLEL_WALLS/g1/m1/r0/SCAN_NOISE_ONLY,PARALLEL_WALLS,1,1957656152,1,1664898153,0,SCAN_NOISE_ONLY,NEW_DEVELOPMENT_GENERATED,false,pcl_iterative_closest_point_with_normals,full-synthetic-development-v1/PARALLEL_WALLS/g1/m1/r0/SCAN_NOISE_ONLY/pcl_iterative_closest_point_with_normals
full-synthetic-development-v1/PARALLEL_WALLS/g1/m1/r0/MAP_NOISE_ONLY,PARALLEL_WALLS,1,1957656152,1,1664898153,0,MAP_NOISE_ONLY,NEW_DEVELOPMENT_GENERATED,false,open3d_point_to_plane,full-synthetic-development-v1/PARALLEL_WALLS/g1/m1/r0/MAP_NOISE_ONLY/open3d_point_to_plane
full-synthetic-development-v1/PARALLEL_WALLS/g1/m1/r0/MAP_NOISE_ONLY,PARALLEL_WALLS,1,1957656152,1,1664898153,0,MAP_NOISE_ONLY,NEW_DEVELOPMENT_GENERATED,false,pcl_iterative_closest_point_with_normals,full-synthetic-development-v1/PARALLEL_WALLS/g1/m1/r0/MAP_NOISE_ONLY/pcl_iterative_closest_point_with_normals
full-synthetic-development-v1/PARALLEL_WALLS/g1/m1/r0/DROPOUT_ONLY,PARALLEL_WALLS,1,1957656152,1,1664898153,0,DROPOUT_ONLY,NEW_DEVELOPMENT_GENERATED,false,open3d_point_to_plane,full-synthetic-development-v1/PARALLEL_WALLS/g1/m1/r0/DROPOUT_ONLY/open3d_point_to_plane
full-synthetic-development-v1/PARALLEL_WALLS/g1/m1/r0/DROPOUT_ONLY,PARALLEL_WALLS,1,1957656152,1,1664898153,0,DROPOUT_ONLY,NEW_DEVELOPMENT_GENERATED,false,pcl_iterative_closest_point_with_normals,full-synthetic-development-v1/PARALLEL_WALLS/g1/m1/r0/DROPOUT_ONLY/pcl_iterative_closest_point_with_normals
full-synthetic-development-v1/PARALLEL_WALLS/g1/m1/r0/FULL_NOISE,PARALLEL_WALLS,1,1957656152,1,1664898153,0,FULL_NOISE,NEW_DEVELOPMENT_GENERATED,false,open3d_point_to_plane,full-synthetic-development-v1/PARALLEL_WALLS/g1/m1/r0/FULL_NOISE/open3d_point_to_plane
full-synthetic-development-v1/PARALLEL_WALLS/g1/m1/r0/FULL_NOISE,PARALLEL_WALLS,1,1957656152,1,1664898153,0,FULL_NOISE,NEW_DEVELOPMENT_GENERATED,false,pcl_iterative_closest_point_with_normals,full-synthetic-development-v1/PARALLEL_WALLS/g1/m1/r0/FULL_NOISE/pcl_iterative_closest_point_with_normals
full-synthetic-development-v1/PARALLEL_WALLS/g1/m1/r1/INDEPENDENT_NOISE_FREE,PARALLEL_WALLS,1,1957656152,1,1664898153,1,INDEPENDENT_NOISE_FREE,NEW_DEVELOPMENT_GENERATED,false,open3d_point_to_plane,full-synthetic-development-v1/PARALLEL_WALLS/g1/m1/r1/INDEPENDENT_NOISE_FREE/open3d_point_to_plane
full-synthetic-development-v1/PARALLEL_WALLS/g1/m1/r1/INDEPENDENT_NOISE_FREE,PARALLEL_WALLS,1,1957656152,1,1664898153,1,INDEPENDENT_NOISE_FREE,NEW_DEVELOPMENT_GENERATED,false,pcl_iterative_closest_point_with_normals,full-synthetic-development-v1/PARALLEL_WALLS/g1/m1/r1/INDEPENDENT_NOISE_FREE/pcl_iterative_closest_point_with_normals
full-synthetic-development-v1/PARALLEL_WALLS/g1/m1/r1/SCAN_NOISE_ONLY,PARALLEL_WALLS,1,1957656152,1,1664898153,1,SCAN_NOISE_ONLY,NEW_DEVELOPMENT_GENERATED,false,open3d_point_to_plane,full-synthetic-development-v1/PARALLEL_WALLS/g1/m1/r1/SCAN_NOISE_ONLY/open3d_point_to_plane
full-synthetic-development-v1/PARALLEL_WALLS/g1/m1/r1/SCAN_NOISE_ONLY,PARALLEL_WALLS,1,1957656152,1,1664898153,1,SCAN_NOISE_ONLY,NEW_DEVELOPMENT_GENERATED,false,pcl_iterative_closest_point_with_normals,full-synthetic-development-v1/PARALLEL_WALLS/g1/m1/r1/SCAN_NOISE_ONLY/pcl_iterative_closest_point_with_normals
full-synthetic-development-v1/PARALLEL_WALLS/g1/m1/r1/MAP_NOISE_ONLY,PARALLEL_WALLS,1,1957656152,1,1664898153,1,MAP_NOISE_ONLY,NEW_DEVELOPMENT_GENERATED,false,open3d_point_to_plane,full-synthetic-development-v1/PARALLEL_WALLS/g1/m1/r1/MAP_NOISE_ONLY/open3d_point_to_plane
full-synthetic-development-v1/PARALLEL_WALLS/g1/m1/r1/MAP_NOISE_ONLY,PARALLEL_WALLS,1,1957656152,1,1664898153,1,MAP_NOISE_ONLY,NEW_DEVELOPMENT_GENERATED,false,pcl_iterative_closest_point_with_normals,full-synthetic-development-v1/PARALLEL_WALLS/g1/m1/r1/MAP_NOISE_ONLY/pcl_iterative_closest_point_with_normals
full-synthetic-development-v1/PARALLEL_WALLS/g1/m1/r1/DROPOUT_ONLY,PARALLEL_WALLS,1,1957656152,1,1664898153,1,DROPOUT_ONLY,NEW_DEVELOPMENT_GENERATED,false,open3d_point_to_plane,full-synthetic-development-v1/PARALLEL_WALLS/g1/m1/r1/DROPOUT_ONLY/open3d_point_to_plane
full-synthetic-development-v1/PARALLEL_WALLS/g1/m1/r1/DROPOUT_ONLY,PARALLEL_WALLS,1,1957656152,1,1664898153,1,DROPOUT_ONLY,NEW_DEVELOPMENT_GENERATED,false,pcl_iterative_closest_point_with_normals,full-synthetic-development-v1/PARALLEL_WALLS/g1/m1/r1/DROPOUT_ONLY/pcl_iterative_closest_point_with_normals
full-synthetic-development-v1/PARALLEL_WALLS/g1/m1/r1/FULL_NOISE,PARALLEL_WALLS,1,1957656152,1,1664898153,1,FULL_NOISE,NEW_DEVELOPMENT_GENERATED,false,open3d_point_to_plane,full-synthetic-development-v1/PARALLEL_WALLS/g1/m1/r1/FULL_NOISE/open3d_point_to_plane
full-synthetic-development-v1/PARALLEL_WALLS/g1/m1/r1/FULL_NOISE,PARALLEL_WALLS,1,1957656152,1,1664898153,1,FULL_NOISE,NEW_DEVELOPMENT_GENERATED,false,pcl_iterative_closest_point_with_normals,full-synthetic-development-v1/PARALLEL_WALLS/g1/m1/r1/FULL_NOISE/pcl_iterative_closest_point_with_normals
full-synthetic-development-v1/PARALLEL_WALLS/g1/m1/r2/INDEPENDENT_NOISE_FREE,PARALLEL_WALLS,1,1957656152,1,1664898153,2,INDEPENDENT_NOISE_FREE,NEW_DEVELOPMENT_GENERATED,false,open3d_point_to_plane,full-synthetic-development-v1/PARALLEL_WALLS/g1/m1/r2/INDEPENDENT_NOISE_FREE/open3d_point_to_plane
full-synthetic-development-v1/PARALLEL_WALLS/g1/m1/r2/INDEPENDENT_NOISE_FREE,PARALLEL_WALLS,1,1957656152,1,1664898153,2,INDEPENDENT_NOISE_FREE,NEW_DEVELOPMENT_GENERATED,false,pcl_iterative_closest_point_with_normals,full-synthetic-development-v1/PARALLEL_WALLS/g1/m1/r2/INDEPENDENT_NOISE_FREE/pcl_iterative_closest_point_with_normals
full-synthetic-development-v1/PARALLEL_WALLS/g1/m1/r2/SCAN_NOISE_ONLY,PARALLEL_WALLS,1,1957656152,1,1664898153,2,SCAN_NOISE_ONLY,NEW_DEVELOPMENT_GENERATED,false,open3d_point_to_plane,full-synthetic-development-v1/PARALLEL_WALLS/g1/m1/r2/SCAN_NOISE_ONLY/open3d_point_to_plane
full-synthetic-development-v1/PARALLEL_WALLS/g1/m1/r2/SCAN_NOISE_ONLY,PARALLEL_WALLS,1,1957656152,1,1664898153,2,SCAN_NOISE_ONLY,NEW_DEVELOPMENT_GENERATED,false,pcl_iterative_closest_point_with_normals,full-synthetic-development-v1/PARALLEL_WALLS/g1/m1/r2/SCAN_NOISE_ONLY/pcl_iterative_closest_point_with_normals
full-synthetic-development-v1/PARALLEL_WALLS/g1/m1/r2/MAP_NOISE_ONLY,PARALLEL_WALLS,1,1957656152,1,1664898153,2,MAP_NOISE_ONLY,NEW_DEVELOPMENT_GENERATED,false,open3d_point_to_plane,full-synthetic-development-v1/PARALLEL_WALLS/g1/m1/r2/MAP_NOISE_ONLY/open3d_point_to_plane
full-synthetic-development-v1/PARALLEL_WALLS/g1/m1/r2/MAP_NOISE_ONLY,PARALLEL_WALLS,1,1957656152,1,1664898153,2,MAP_NOISE_ONLY,NEW_DEVELOPMENT_GENERATED,false,pcl_iterative_closest_point_with_normals,full-synthetic-development-v1/PARALLEL_WALLS/g1/m1/r2/MAP_NOISE_ONLY/pcl_iterative_closest_point_with_normals
full-synthetic-development-v1/PARALLEL_WALLS/g1/m1/r2/DROPOUT_ONLY,PARALLEL_WALLS,1,1957656152,1,1664898153,2,DROPOUT_ONLY,NEW_DEVELOPMENT_GENERATED,false,open3d_point_to_plane,full-synthetic-development-v1/PARALLEL_WALLS/g1/m1/r2/DROPOUT_ONLY/open3d_point_to_plane
full-synthetic-development-v1/PARALLEL_WALLS/g1/m1/r2/DROPOUT_ONLY,PARALLEL_WALLS,1,1957656152,1,1664898153,2,DROPOUT_ONLY,NEW_DEVELOPMENT_GENERATED,false,pcl_iterative_closest_point_with_normals,full-synthetic-development-v1/PARALLEL_WALLS/g1/m1/r2/DROPOUT_ONLY/pcl_iterative_closest_point_with_normals
full-synthetic-development-v1/PARALLEL_WALLS/g1/m1/r2/FULL_NOISE,PARALLEL_WALLS,1,1957656152,1,1664898153,2,FULL_NOISE,NEW_DEVELOPMENT_GENERATED,false,open3d_point_to_plane,full-synthetic-development-v1/PARALLEL_WALLS/g1/m1/r2/FULL_NOISE/open3d_point_to_plane
full-synthetic-development-v1/PARALLEL_WALLS/g1/m1/r2/FULL_NOISE,PARALLEL_WALLS,1,1957656152,1,1664898153,2,FULL_NOISE,NEW_DEVELOPMENT_GENERATED,false,pcl_iterative_closest_point_with_normals,full-synthetic-development-v1/PARALLEL_WALLS/g1/m1/r2/FULL_NOISE/pcl_iterative_closest_point_with_normals
full-synthetic-development-v1/PARALLEL_WALLS/g1/m1/r3/INDEPENDENT_NOISE_FREE,PARALLEL_WALLS,1,1957656152,1,1664898153,3,INDEPENDENT_NOISE_FREE,NEW_DEVELOPMENT_GENERATED,false,open3d_point_to_plane,full-synthetic-development-v1/PARALLEL_WALLS/g1/m1/r3/INDEPENDENT_NOISE_FREE/open3d_point_to_plane
full-synthetic-development-v1/PARALLEL_WALLS/g1/m1/r3/INDEPENDENT_NOISE_FREE,PARALLEL_WALLS,1,1957656152,1,1664898153,3,INDEPENDENT_NOISE_FREE,NEW_DEVELOPMENT_GENERATED,false,pcl_iterative_closest_point_with_normals,full-synthetic-development-v1/PARALLEL_WALLS/g1/m1/r3/INDEPENDENT_NOISE_FREE/pcl_iterative_closest_point_with_normals
full-synthetic-development-v1/PARALLEL_WALLS/g1/m1/r3/SCAN_NOISE_ONLY,PARALLEL_WALLS,1,1957656152,1,1664898153,3,SCAN_NOISE_ONLY,NEW_DEVELOPMENT_GENERATED,false,open3d_point_to_plane,full-synthetic-development-v1/PARALLEL_WALLS/g1/m1/r3/SCAN_NOISE_ONLY/open3d_point_to_plane
full-synthetic-development-v1/PARALLEL_WALLS/g1/m1/r3/SCAN_NOISE_ONLY,PARALLEL_WALLS,1,1957656152,1,1664898153,3,SCAN_NOISE_ONLY,NEW_DEVELOPMENT_GENERATED,false,pcl_iterative_closest_point_with_normals,full-synthetic-development-v1/PARALLEL_WALLS/g1/m1/r3/SCAN_NOISE_ONLY/pcl_iterative_closest_point_with_normals
full-synthetic-development-v1/PARALLEL_WALLS/g1/m1/r3/MAP_NOISE_ONLY,PARALLEL_WALLS,1,1957656152,1,1664898153,3,MAP_NOISE_ONLY,NEW_DEVELOPMENT_GENERATED,false,open3d_point_to_plane,full-synthetic-development-v1/PARALLEL_WALLS/g1/m1/r3/MAP_NOISE_ONLY/open3d_point_to_plane
full-synthetic-development-v1/PARALLEL_WALLS/g1/m1/r3/MAP_NOISE_ONLY,PARALLEL_WALLS,1,1957656152,1,1664898153,3,MAP_NOISE_ONLY,NEW_DEVELOPMENT_GENERATED,false,pcl_iterative_closest_point_with_normals,full-synthetic-development-v1/PARALLEL_WALLS/g1/m1/r3/MAP_NOISE_ONLY/pcl_iterative_closest_point_with_normals
full-synthetic-development-v1/PARALLEL_WALLS/g1/m1/r3/DROPOUT_ONLY,PARALLEL_WALLS,1,1957656152,1,1664898153,3,DROPOUT_ONLY,NEW_DEVELOPMENT_GENERATED,false,open3d_point_to_plane,full-synthetic-development-v1/PARALLEL_WALLS/g1/m1/r3/DROPOUT_ONLY/open3d_point_to_plane
full-synthetic-development-v1/PARALLEL_WALLS/g1/m1/r3/DROPOUT_ONLY,PARALLEL_WALLS,1,1957656152,1,1664898153,3,DROPOUT_ONLY,NEW_DEVELOPMENT_GENERATED,false,pcl_iterative_closest_point_with_normals,full-synthetic-development-v1/PARALLEL_WALLS/g1/m1/r3/DROPOUT_ONLY/pcl_iterative_closest_point_with_normals
full-synthetic-development-v1/PARALLEL_WALLS/g1/m1/r3/FULL_NOISE,PARALLEL_WALLS,1,1957656152,1,1664898153,3,FULL_NOISE,NEW_DEVELOPMENT_GENERATED,false,open3d_point_to_plane,full-synthetic-development-v1/PARALLEL_WALLS/g1/m1/r3/FULL_NOISE/open3d_point_to_plane
full-synthetic-development-v1/PARALLEL_WALLS/g1/m1/r3/FULL_NOISE,PARALLEL_WALLS,1,1957656152,1,1664898153,3,FULL_NOISE,NEW_DEVELOPMENT_GENERATED,false,pcl_iterative_closest_point_with_normals,full-synthetic-development-v1/PARALLEL_WALLS/g1/m1/r3/FULL_NOISE/pcl_iterative_closest_point_with_normals
full-synthetic-development-v1/PARALLEL_WALLS/g1/m1/r4/INDEPENDENT_NOISE_FREE,PARALLEL_WALLS,1,1957656152,1,1664898153,4,INDEPENDENT_NOISE_FREE,NEW_DEVELOPMENT_GENERATED,false,open3d_point_to_plane,full-synthetic-development-v1/PARALLEL_WALLS/g1/m1/r4/INDEPENDENT_NOISE_FREE/open3d_point_to_plane
full-synthetic-development-v1/PARALLEL_WALLS/g1/m1/r4/INDEPENDENT_NOISE_FREE,PARALLEL_WALLS,1,1957656152,1,1664898153,4,INDEPENDENT_NOISE_FREE,NEW_DEVELOPMENT_GENERATED,false,pcl_iterative_closest_point_with_normals,full-synthetic-development-v1/PARALLEL_WALLS/g1/m1/r4/INDEPENDENT_NOISE_FREE/pcl_iterative_closest_point_with_normals
full-synthetic-development-v1/PARALLEL_WALLS/g1/m1/r4/SCAN_NOISE_ONLY,PARALLEL_WALLS,1,1957656152,1,1664898153,4,SCAN_NOISE_ONLY,NEW_DEVELOPMENT_GENERATED,false,open3d_point_to_plane,full-synthetic-development-v1/PARALLEL_WALLS/g1/m1/r4/SCAN_NOISE_ONLY/open3d_point_to_plane
full-synthetic-development-v1/PARALLEL_WALLS/g1/m1/r4/SCAN_NOISE_ONLY,PARALLEL_WALLS,1,1957656152,1,1664898153,4,SCAN_NOISE_ONLY,NEW_DEVELOPMENT_GENERATED,false,pcl_iterative_closest_point_with_normals,full-synthetic-development-v1/PARALLEL_WALLS/g1/m1/r4/SCAN_NOISE_ONLY/pcl_iterative_closest_point_with_normals
full-synthetic-development-v1/PARALLEL_WALLS/g1/m1/r4/MAP_NOISE_ONLY,PARALLEL_WALLS,1,1957656152,1,1664898153,4,MAP_NOISE_ONLY,NEW_DEVELOPMENT_GENERATED,false,open3d_point_to_plane,full-synthetic-development-v1/PARALLEL_WALLS/g1/m1/r4/MAP_NOISE_ONLY/open3d_point_to_plane
full-synthetic-development-v1/PARALLEL_WALLS/g1/m1/r4/MAP_NOISE_ONLY,PARALLEL_WALLS,1,1957656152,1,1664898153,4,MAP_NOISE_ONLY,NEW_DEVELOPMENT_GENERATED,false,pcl_iterative_closest_point_with_normals,full-synthetic-development-v1/PARALLEL_WALLS/g1/m1/r4/MAP_NOISE_ONLY/pcl_iterative_closest_point_with_normals
full-synthetic-development-v1/PARALLEL_WALLS/g1/m1/r4/DROPOUT_ONLY,PARALLEL_WALLS,1,1957656152,1,1664898153,4,DROPOUT_ONLY,NEW_DEVELOPMENT_GENERATED,false,open3d_point_to_plane,full-synthetic-development-v1/PARALLEL_WALLS/g1/m1/r4/DROPOUT_ONLY/open3d_point_to_plane
full-synthetic-development-v1/PARALLEL_WALLS/g1/m1/r4/DROPOUT_ONLY,PARALLEL_WALLS,1,1957656152,1,1664898153,4,DROPOUT_ONLY,NEW_DEVELOPMENT_GENERATED,false,pcl_iterative_closest_point_with_normals,full-synthetic-development-v1/PARALLEL_WALLS/g1/m1/r4/DROPOUT_ONLY/pcl_iterative_closest_point_with_normals
full-synthetic-development-v1/PARALLEL_WALLS/g1/m1/r4/FULL_NOISE,PARALLEL_WALLS,1,1957656152,1,1664898153,4,FULL_NOISE,NEW_DEVELOPMENT_GENERATED,false,open3d_point_to_plane,full-synthetic-development-v1/PARALLEL_WALLS/g1/m1/r4/FULL_NOISE/open3d_point_to_plane
full-synthetic-development-v1/PARALLEL_WALLS/g1/m1/r4/FULL_NOISE,PARALLEL_WALLS,1,1957656152,1,1664898153,4,FULL_NOISE,NEW_DEVELOPMENT_GENERATED,false,pcl_iterative_closest_point_with_normals,full-synthetic-development-v1/PARALLEL_WALLS/g1/m1/r4/FULL_NOISE/pcl_iterative_closest_point_with_normals
phase-b-signal-v1/PARALLEL_WALLS/g2/INDEPENDENT_NOISE_FREE,PARALLEL_WALLS,2,1334931069,0,217775206,0,INDEPENDENT_NOISE_FREE,NEW_DEVELOPMENT_GENERATED,true,open3d_point_to_plane,phase-b-signal-v1/PARALLEL_WALLS/g2/INDEPENDENT_NOISE_FREE/open3d_point_to_plane
phase-b-signal-v1/PARALLEL_WALLS/g2/INDEPENDENT_NOISE_FREE,PARALLEL_WALLS,2,1334931069,0,217775206,0,INDEPENDENT_NOISE_FREE,NEW_DEVELOPMENT_GENERATED,true,pcl_iterative_closest_point_with_normals,phase-b-signal-v1/PARALLEL_WALLS/g2/INDEPENDENT_NOISE_FREE/pcl_iterative_closest_point_with_normals
full-synthetic-development-v1/PARALLEL_WALLS/g2/m0/r0/SCAN_NOISE_ONLY,PARALLEL_WALLS,2,1334931069,0,217775206,0,SCAN_NOISE_ONLY,NEW_DEVELOPMENT_GENERATED,false,open3d_point_to_plane,full-synthetic-development-v1/PARALLEL_WALLS/g2/m0/r0/SCAN_NOISE_ONLY/open3d_point_to_plane
full-synthetic-development-v1/PARALLEL_WALLS/g2/m0/r0/SCAN_NOISE_ONLY,PARALLEL_WALLS,2,1334931069,0,217775206,0,SCAN_NOISE_ONLY,NEW_DEVELOPMENT_GENERATED,false,pcl_iterative_closest_point_with_normals,full-synthetic-development-v1/PARALLEL_WALLS/g2/m0/r0/SCAN_NOISE_ONLY/pcl_iterative_closest_point_with_normals
full-synthetic-development-v1/PARALLEL_WALLS/g2/m0/r0/MAP_NOISE_ONLY,PARALLEL_WALLS,2,1334931069,0,217775206,0,MAP_NOISE_ONLY,NEW_DEVELOPMENT_GENERATED,false,open3d_point_to_plane,full-synthetic-development-v1/PARALLEL_WALLS/g2/m0/r0/MAP_NOISE_ONLY/open3d_point_to_plane
full-synthetic-development-v1/PARALLEL_WALLS/g2/m0/r0/MAP_NOISE_ONLY,PARALLEL_WALLS,2,1334931069,0,217775206,0,MAP_NOISE_ONLY,NEW_DEVELOPMENT_GENERATED,false,pcl_iterative_closest_point_with_normals,full-synthetic-development-v1/PARALLEL_WALLS/g2/m0/r0/MAP_NOISE_ONLY/pcl_iterative_closest_point_with_normals
full-synthetic-development-v1/PARALLEL_WALLS/g2/m0/r0/DROPOUT_ONLY,PARALLEL_WALLS,2,1334931069,0,217775206,0,DROPOUT_ONLY,NEW_DEVELOPMENT_GENERATED,false,open3d_point_to_plane,full-synthetic-development-v1/PARALLEL_WALLS/g2/m0/r0/DROPOUT_ONLY/open3d_point_to_plane
full-synthetic-development-v1/PARALLEL_WALLS/g2/m0/r0/DROPOUT_ONLY,PARALLEL_WALLS,2,1334931069,0,217775206,0,DROPOUT_ONLY,NEW_DEVELOPMENT_GENERATED,false,pcl_iterative_closest_point_with_normals,full-synthetic-development-v1/PARALLEL_WALLS/g2/m0/r0/DROPOUT_ONLY/pcl_iterative_closest_point_with_normals
phase-b-signal-v1/PARALLEL_WALLS/g2/FULL_NOISE,PARALLEL_WALLS,2,1334931069,0,217775206,0,FULL_NOISE,NEW_DEVELOPMENT_GENERATED,true,open3d_point_to_plane,phase-b-signal-v1/PARALLEL_WALLS/g2/FULL_NOISE/open3d_point_to_plane
phase-b-signal-v1/PARALLEL_WALLS/g2/FULL_NOISE,PARALLEL_WALLS,2,1334931069,0,217775206,0,FULL_NOISE,NEW_DEVELOPMENT_GENERATED,true,pcl_iterative_closest_point_with_normals,phase-b-signal-v1/PARALLEL_WALLS/g2/FULL_NOISE/pcl_iterative_closest_point_with_normals
full-synthetic-development-v1/PARALLEL_WALLS/g2/m0/r1/INDEPENDENT_NOISE_FREE,PARALLEL_WALLS,2,1334931069,0,217775206,1,INDEPENDENT_NOISE_FREE,NEW_DEVELOPMENT_GENERATED,false,open3d_point_to_plane,full-synthetic-development-v1/PARALLEL_WALLS/g2/m0/r1/INDEPENDENT_NOISE_FREE/open3d_point_to_plane
full-synthetic-development-v1/PARALLEL_WALLS/g2/m0/r1/INDEPENDENT_NOISE_FREE,PARALLEL_WALLS,2,1334931069,0,217775206,1,INDEPENDENT_NOISE_FREE,NEW_DEVELOPMENT_GENERATED,false,pcl_iterative_closest_point_with_normals,full-synthetic-development-v1/PARALLEL_WALLS/g2/m0/r1/INDEPENDENT_NOISE_FREE/pcl_iterative_closest_point_with_normals
full-synthetic-development-v1/PARALLEL_WALLS/g2/m0/r1/SCAN_NOISE_ONLY,PARALLEL_WALLS,2,1334931069,0,217775206,1,SCAN_NOISE_ONLY,NEW_DEVELOPMENT_GENERATED,false,open3d_point_to_plane,full-synthetic-development-v1/PARALLEL_WALLS/g2/m0/r1/SCAN_NOISE_ONLY/open3d_point_to_plane
full-synthetic-development-v1/PARALLEL_WALLS/g2/m0/r1/SCAN_NOISE_ONLY,PARALLEL_WALLS,2,1334931069,0,217775206,1,SCAN_NOISE_ONLY,NEW_DEVELOPMENT_GENERATED,false,pcl_iterative_closest_point_with_normals,full-synthetic-development-v1/PARALLEL_WALLS/g2/m0/r1/SCAN_NOISE_ONLY/pcl_iterative_closest_point_with_normals
full-synthetic-development-v1/PARALLEL_WALLS/g2/m0/r1/MAP_NOISE_ONLY,PARALLEL_WALLS,2,1334931069,0,217775206,1,MAP_NOISE_ONLY,NEW_DEVELOPMENT_GENERATED,false,open3d_point_to_plane,full-synthetic-development-v1/PARALLEL_WALLS/g2/m0/r1/MAP_NOISE_ONLY/open3d_point_to_plane
full-synthetic-development-v1/PARALLEL_WALLS/g2/m0/r1/MAP_NOISE_ONLY,PARALLEL_WALLS,2,1334931069,0,217775206,1,MAP_NOISE_ONLY,NEW_DEVELOPMENT_GENERATED,false,pcl_iterative_closest_point_with_normals,full-synthetic-development-v1/PARALLEL_WALLS/g2/m0/r1/MAP_NOISE_ONLY/pcl_iterative_closest_point_with_normals
full-synthetic-development-v1/PARALLEL_WALLS/g2/m0/r1/DROPOUT_ONLY,PARALLEL_WALLS,2,1334931069,0,217775206,1,DROPOUT_ONLY,NEW_DEVELOPMENT_GENERATED,false,open3d_point_to_plane,full-synthetic-development-v1/PARALLEL_WALLS/g2/m0/r1/DROPOUT_ONLY/open3d_point_to_plane
full-synthetic-development-v1/PARALLEL_WALLS/g2/m0/r1/DROPOUT_ONLY,PARALLEL_WALLS,2,1334931069,0,217775206,1,DROPOUT_ONLY,NEW_DEVELOPMENT_GENERATED,false,pcl_iterative_closest_point_with_normals,full-synthetic-development-v1/PARALLEL_WALLS/g2/m0/r1/DROPOUT_ONLY/pcl_iterative_closest_point_with_normals
full-synthetic-development-v1/PARALLEL_WALLS/g2/m0/r1/FULL_NOISE,PARALLEL_WALLS,2,1334931069,0,217775206,1,FULL_NOISE,NEW_DEVELOPMENT_GENERATED,false,open3d_point_to_plane,full-synthetic-development-v1/PARALLEL_WALLS/g2/m0/r1/FULL_NOISE/open3d_point_to_plane
full-synthetic-development-v1/PARALLEL_WALLS/g2/m0/r1/FULL_NOISE,PARALLEL_WALLS,2,1334931069,0,217775206,1,FULL_NOISE,NEW_DEVELOPMENT_GENERATED,false,pcl_iterative_closest_point_with_normals,full-synthetic-development-v1/PARALLEL_WALLS/g2/m0/r1/FULL_NOISE/pcl_iterative_closest_point_with_normals
full-synthetic-development-v1/PARALLEL_WALLS/g2/m0/r2/INDEPENDENT_NOISE_FREE,PARALLEL_WALLS,2,1334931069,0,217775206,2,INDEPENDENT_NOISE_FREE,NEW_DEVELOPMENT_GENERATED,false,open3d_point_to_plane,full-synthetic-development-v1/PARALLEL_WALLS/g2/m0/r2/INDEPENDENT_NOISE_FREE/open3d_point_to_plane
full-synthetic-development-v1/PARALLEL_WALLS/g2/m0/r2/INDEPENDENT_NOISE_FREE,PARALLEL_WALLS,2,1334931069,0,217775206,2,INDEPENDENT_NOISE_FREE,NEW_DEVELOPMENT_GENERATED,false,pcl_iterative_closest_point_with_normals,full-synthetic-development-v1/PARALLEL_WALLS/g2/m0/r2/INDEPENDENT_NOISE_FREE/pcl_iterative_closest_point_with_normals
full-synthetic-development-v1/PARALLEL_WALLS/g2/m0/r2/SCAN_NOISE_ONLY,PARALLEL_WALLS,2,1334931069,0,217775206,2,SCAN_NOISE_ONLY,NEW_DEVELOPMENT_GENERATED,false,open3d_point_to_plane,full-synthetic-development-v1/PARALLEL_WALLS/g2/m0/r2/SCAN_NOISE_ONLY/open3d_point_to_plane
full-synthetic-development-v1/PARALLEL_WALLS/g2/m0/r2/SCAN_NOISE_ONLY,PARALLEL_WALLS,2,1334931069,0,217775206,2,SCAN_NOISE_ONLY,NEW_DEVELOPMENT_GENERATED,false,pcl_iterative_closest_point_with_normals,full-synthetic-development-v1/PARALLEL_WALLS/g2/m0/r2/SCAN_NOISE_ONLY/pcl_iterative_closest_point_with_normals
full-synthetic-development-v1/PARALLEL_WALLS/g2/m0/r2/MAP_NOISE_ONLY,PARALLEL_WALLS,2,1334931069,0,217775206,2,MAP_NOISE_ONLY,NEW_DEVELOPMENT_GENERATED,false,open3d_point_to_plane,full-synthetic-development-v1/PARALLEL_WALLS/g2/m0/r2/MAP_NOISE_ONLY/open3d_point_to_plane
full-synthetic-development-v1/PARALLEL_WALLS/g2/m0/r2/MAP_NOISE_ONLY,PARALLEL_WALLS,2,1334931069,0,217775206,2,MAP_NOISE_ONLY,NEW_DEVELOPMENT_GENERATED,false,pcl_iterative_closest_point_with_normals,full-synthetic-development-v1/PARALLEL_WALLS/g2/m0/r2/MAP_NOISE_ONLY/pcl_iterative_closest_point_with_normals
full-synthetic-development-v1/PARALLEL_WALLS/g2/m0/r2/DROPOUT_ONLY,PARALLEL_WALLS,2,1334931069,0,217775206,2,DROPOUT_ONLY,NEW_DEVELOPMENT_GENERATED,false,open3d_point_to_plane,full-synthetic-development-v1/PARALLEL_WALLS/g2/m0/r2/DROPOUT_ONLY/open3d_point_to_plane
full-synthetic-development-v1/PARALLEL_WALLS/g2/m0/r2/DROPOUT_ONLY,PARALLEL_WALLS,2,1334931069,0,217775206,2,DROPOUT_ONLY,NEW_DEVELOPMENT_GENERATED,false,pcl_iterative_closest_point_with_normals,full-synthetic-development-v1/PARALLEL_WALLS/g2/m0/r2/DROPOUT_ONLY/pcl_iterative_closest_point_with_normals
full-synthetic-development-v1/PARALLEL_WALLS/g2/m0/r2/FULL_NOISE,PARALLEL_WALLS,2,1334931069,0,217775206,2,FULL_NOISE,NEW_DEVELOPMENT_GENERATED,false,open3d_point_to_plane,full-synthetic-development-v1/PARALLEL_WALLS/g2/m0/r2/FULL_NOISE/open3d_point_to_plane
full-synthetic-development-v1/PARALLEL_WALLS/g2/m0/r2/FULL_NOISE,PARALLEL_WALLS,2,1334931069,0,217775206,2,FULL_NOISE,NEW_DEVELOPMENT_GENERATED,false,pcl_iterative_closest_point_with_normals,full-synthetic-development-v1/PARALLEL_WALLS/g2/m0/r2/FULL_NOISE/pcl_iterative_closest_point_with_normals
full-synthetic-development-v1/PARALLEL_WALLS/g2/m0/r3/INDEPENDENT_NOISE_FREE,PARALLEL_WALLS,2,1334931069,0,217775206,3,INDEPENDENT_NOISE_FREE,NEW_DEVELOPMENT_GENERATED,false,open3d_point_to_plane,full-synthetic-development-v1/PARALLEL_WALLS/g2/m0/r3/INDEPENDENT_NOISE_FREE/open3d_point_to_plane
full-synthetic-development-v1/PARALLEL_WALLS/g2/m0/r3/INDEPENDENT_NOISE_FREE,PARALLEL_WALLS,2,1334931069,0,217775206,3,INDEPENDENT_NOISE_FREE,NEW_DEVELOPMENT_GENERATED,false,pcl_iterative_closest_point_with_normals,full-synthetic-development-v1/PARALLEL_WALLS/g2/m0/r3/INDEPENDENT_NOISE_FREE/pcl_iterative_closest_point_with_normals
full-synthetic-development-v1/PARALLEL_WALLS/g2/m0/r3/SCAN_NOISE_ONLY,PARALLEL_WALLS,2,1334931069,0,217775206,3,SCAN_NOISE_ONLY,NEW_DEVELOPMENT_GENERATED,false,open3d_point_to_plane,full-synthetic-development-v1/PARALLEL_WALLS/g2/m0/r3/SCAN_NOISE_ONLY/open3d_point_to_plane
full-synthetic-development-v1/PARALLEL_WALLS/g2/m0/r3/SCAN_NOISE_ONLY,PARALLEL_WALLS,2,1334931069,0,217775206,3,SCAN_NOISE_ONLY,NEW_DEVELOPMENT_GENERATED,false,pcl_iterative_closest_point_with_normals,full-synthetic-development-v1/PARALLEL_WALLS/g2/m0/r3/SCAN_NOISE_ONLY/pcl_iterative_closest_point_with_normals
full-synthetic-development-v1/PARALLEL_WALLS/g2/m0/r3/MAP_NOISE_ONLY,PARALLEL_WALLS,2,1334931069,0,217775206,3,MAP_NOISE_ONLY,NEW_DEVELOPMENT_GENERATED,false,open3d_point_to_plane,full-synthetic-development-v1/PARALLEL_WALLS/g2/m0/r3/MAP_NOISE_ONLY/open3d_point_to_plane
full-synthetic-development-v1/PARALLEL_WALLS/g2/m0/r3/MAP_NOISE_ONLY,PARALLEL_WALLS,2,1334931069,0,217775206,3,MAP_NOISE_ONLY,NEW_DEVELOPMENT_GENERATED,false,pcl_iterative_closest_point_with_normals,full-synthetic-development-v1/PARALLEL_WALLS/g2/m0/r3/MAP_NOISE_ONLY/pcl_iterative_closest_point_with_normals
full-synthetic-development-v1/PARALLEL_WALLS/g2/m0/r3/DROPOUT_ONLY,PARALLEL_WALLS,2,1334931069,0,217775206,3,DROPOUT_ONLY,NEW_DEVELOPMENT_GENERATED,false,open3d_point_to_plane,full-synthetic-development-v1/PARALLEL_WALLS/g2/m0/r3/DROPOUT_ONLY/open3d_point_to_plane
full-synthetic-development-v1/PARALLEL_WALLS/g2/m0/r3/DROPOUT_ONLY,PARALLEL_WALLS,2,1334931069,0,217775206,3,DROPOUT_ONLY,NEW_DEVELOPMENT_GENERATED,false,pcl_iterative_closest_point_with_normals,full-synthetic-development-v1/PARALLEL_WALLS/g2/m0/r3/DROPOUT_ONLY/pcl_iterative_closest_point_with_normals
full-synthetic-development-v1/PARALLEL_WALLS/g2/m0/r3/FULL_NOISE,PARALLEL_WALLS,2,1334931069,0,217775206,3,FULL_NOISE,NEW_DEVELOPMENT_GENERATED,false,open3d_point_to_plane,full-synthetic-development-v1/PARALLEL_WALLS/g2/m0/r3/FULL_NOISE/open3d_point_to_plane
full-synthetic-development-v1/PARALLEL_WALLS/g2/m0/r3/FULL_NOISE,PARALLEL_WALLS,2,1334931069,0,217775206,3,FULL_NOISE,NEW_DEVELOPMENT_GENERATED,false,pcl_iterative_closest_point_with_normals,full-synthetic-development-v1/PARALLEL_WALLS/g2/m0/r3/FULL_NOISE/pcl_iterative_closest_point_with_normals
full-synthetic-development-v1/PARALLEL_WALLS/g2/m0/r4/INDEPENDENT_NOISE_FREE,PARALLEL_WALLS,2,1334931069,0,217775206,4,INDEPENDENT_NOISE_FREE,NEW_DEVELOPMENT_GENERATED,false,open3d_point_to_plane,full-synthetic-development-v1/PARALLEL_WALLS/g2/m0/r4/INDEPENDENT_NOISE_FREE/open3d_point_to_plane
full-synthetic-development-v1/PARALLEL_WALLS/g2/m0/r4/INDEPENDENT_NOISE_FREE,PARALLEL_WALLS,2,1334931069,0,217775206,4,INDEPENDENT_NOISE_FREE,NEW_DEVELOPMENT_GENERATED,false,pcl_iterative_closest_point_with_normals,full-synthetic-development-v1/PARALLEL_WALLS/g2/m0/r4/INDEPENDENT_NOISE_FREE/pcl_iterative_closest_point_with_normals
full-synthetic-development-v1/PARALLEL_WALLS/g2/m0/r4/SCAN_NOISE_ONLY,PARALLEL_WALLS,2,1334931069,0,217775206,4,SCAN_NOISE_ONLY,NEW_DEVELOPMENT_GENERATED,false,open3d_point_to_plane,full-synthetic-development-v1/PARALLEL_WALLS/g2/m0/r4/SCAN_NOISE_ONLY/open3d_point_to_plane
full-synthetic-development-v1/PARALLEL_WALLS/g2/m0/r4/SCAN_NOISE_ONLY,PARALLEL_WALLS,2,1334931069,0,217775206,4,SCAN_NOISE_ONLY,NEW_DEVELOPMENT_GENERATED,false,pcl_iterative_closest_point_with_normals,full-synthetic-development-v1/PARALLEL_WALLS/g2/m0/r4/SCAN_NOISE_ONLY/pcl_iterative_closest_point_with_normals
full-synthetic-development-v1/PARALLEL_WALLS/g2/m0/r4/MAP_NOISE_ONLY,PARALLEL_WALLS,2,1334931069,0,217775206,4,MAP_NOISE_ONLY,NEW_DEVELOPMENT_GENERATED,false,open3d_point_to_plane,full-synthetic-development-v1/PARALLEL_WALLS/g2/m0/r4/MAP_NOISE_ONLY/open3d_point_to_plane
full-synthetic-development-v1/PARALLEL_WALLS/g2/m0/r4/MAP_NOISE_ONLY,PARALLEL_WALLS,2,1334931069,0,217775206,4,MAP_NOISE_ONLY,NEW_DEVELOPMENT_GENERATED,false,pcl_iterative_closest_point_with_normals,full-synthetic-development-v1/PARALLEL_WALLS/g2/m0/r4/MAP_NOISE_ONLY/pcl_iterative_closest_point_with_normals
full-synthetic-development-v1/PARALLEL_WALLS/g2/m0/r4/DROPOUT_ONLY,PARALLEL_WALLS,2,1334931069,0,217775206,4,DROPOUT_ONLY,NEW_DEVELOPMENT_GENERATED,false,open3d_point_to_plane,full-synthetic-development-v1/PARALLEL_WALLS/g2/m0/r4/DROPOUT_ONLY/open3d_point_to_plane
full-synthetic-development-v1/PARALLEL_WALLS/g2/m0/r4/DROPOUT_ONLY,PARALLEL_WALLS,2,1334931069,0,217775206,4,DROPOUT_ONLY,NEW_DEVELOPMENT_GENERATED,false,pcl_iterative_closest_point_with_normals,full-synthetic-development-v1/PARALLEL_WALLS/g2/m0/r4/DROPOUT_ONLY/pcl_iterative_closest_point_with_normals
full-synthetic-development-v1/PARALLEL_WALLS/g2/m0/r4/FULL_NOISE,PARALLEL_WALLS,2,1334931069,0,217775206,4,FULL_NOISE,NEW_DEVELOPMENT_GENERATED,false,open3d_point_to_plane,full-synthetic-development-v1/PARALLEL_WALLS/g2/m0/r4/FULL_NOISE/open3d_point_to_plane
full-synthetic-development-v1/PARALLEL_WALLS/g2/m0/r4/FULL_NOISE,PARALLEL_WALLS,2,1334931069,0,217775206,4,FULL_NOISE,NEW_DEVELOPMENT_GENERATED,false,pcl_iterative_closest_point_with_normals,full-synthetic-development-v1/PARALLEL_WALLS/g2/m0/r4/FULL_NOISE/pcl_iterative_closest_point_with_normals
full-synthetic-development-v1/PARALLEL_WALLS/g2/m1/r0/INDEPENDENT_NOISE_FREE,PARALLEL_WALLS,2,1334931069,1,1664898153,0,INDEPENDENT_NOISE_FREE,NEW_DEVELOPMENT_GENERATED,false,open3d_point_to_plane,full-synthetic-development-v1/PARALLEL_WALLS/g2/m1/r0/INDEPENDENT_NOISE_FREE/open3d_point_to_plane
full-synthetic-development-v1/PARALLEL_WALLS/g2/m1/r0/INDEPENDENT_NOISE_FREE,PARALLEL_WALLS,2,1334931069,1,1664898153,0,INDEPENDENT_NOISE_FREE,NEW_DEVELOPMENT_GENERATED,false,pcl_iterative_closest_point_with_normals,full-synthetic-development-v1/PARALLEL_WALLS/g2/m1/r0/INDEPENDENT_NOISE_FREE/pcl_iterative_closest_point_with_normals
full-synthetic-development-v1/PARALLEL_WALLS/g2/m1/r0/SCAN_NOISE_ONLY,PARALLEL_WALLS,2,1334931069,1,1664898153,0,SCAN_NOISE_ONLY,NEW_DEVELOPMENT_GENERATED,false,open3d_point_to_plane,full-synthetic-development-v1/PARALLEL_WALLS/g2/m1/r0/SCAN_NOISE_ONLY/open3d_point_to_plane
full-synthetic-development-v1/PARALLEL_WALLS/g2/m1/r0/SCAN_NOISE_ONLY,PARALLEL_WALLS,2,1334931069,1,1664898153,0,SCAN_NOISE_ONLY,NEW_DEVELOPMENT_GENERATED,false,pcl_iterative_closest_point_with_normals,full-synthetic-development-v1/PARALLEL_WALLS/g2/m1/r0/SCAN_NOISE_ONLY/pcl_iterative_closest_point_with_normals
full-synthetic-development-v1/PARALLEL_WALLS/g2/m1/r0/MAP_NOISE_ONLY,PARALLEL_WALLS,2,1334931069,1,1664898153,0,MAP_NOISE_ONLY,NEW_DEVELOPMENT_GENERATED,false,open3d_point_to_plane,full-synthetic-development-v1/PARALLEL_WALLS/g2/m1/r0/MAP_NOISE_ONLY/open3d_point_to_plane
full-synthetic-development-v1/PARALLEL_WALLS/g2/m1/r0/MAP_NOISE_ONLY,PARALLEL_WALLS,2,1334931069,1,1664898153,0,MAP_NOISE_ONLY,NEW_DEVELOPMENT_GENERATED,false,pcl_iterative_closest_point_with_normals,full-synthetic-development-v1/PARALLEL_WALLS/g2/m1/r0/MAP_NOISE_ONLY/pcl_iterative_closest_point_with_normals
full-synthetic-development-v1/PARALLEL_WALLS/g2/m1/r0/DROPOUT_ONLY,PARALLEL_WALLS,2,1334931069,1,1664898153,0,DROPOUT_ONLY,NEW_DEVELOPMENT_GENERATED,false,open3d_point_to_plane,full-synthetic-development-v1/PARALLEL_WALLS/g2/m1/r0/DROPOUT_ONLY/open3d_point_to_plane
full-synthetic-development-v1/PARALLEL_WALLS/g2/m1/r0/DROPOUT_ONLY,PARALLEL_WALLS,2,1334931069,1,1664898153,0,DROPOUT_ONLY,NEW_DEVELOPMENT_GENERATED,false,pcl_iterative_closest_point_with_normals,full-synthetic-development-v1/PARALLEL_WALLS/g2/m1/r0/DROPOUT_ONLY/pcl_iterative_closest_point_with_normals
full-synthetic-development-v1/PARALLEL_WALLS/g2/m1/r0/FULL_NOISE,PARALLEL_WALLS,2,1334931069,1,1664898153,0,FULL_NOISE,NEW_DEVELOPMENT_GENERATED,false,open3d_point_to_plane,full-synthetic-development-v1/PARALLEL_WALLS/g2/m1/r0/FULL_NOISE/open3d_point_to_plane
full-synthetic-development-v1/PARALLEL_WALLS/g2/m1/r0/FULL_NOISE,PARALLEL_WALLS,2,1334931069,1,1664898153,0,FULL_NOISE,NEW_DEVELOPMENT_GENERATED,false,pcl_iterative_closest_point_with_normals,full-synthetic-development-v1/PARALLEL_WALLS/g2/m1/r0/FULL_NOISE/pcl_iterative_closest_point_with_normals
full-synthetic-development-v1/PARALLEL_WALLS/g2/m1/r1/INDEPENDENT_NOISE_FREE,PARALLEL_WALLS,2,1334931069,1,1664898153,1,INDEPENDENT_NOISE_FREE,NEW_DEVELOPMENT_GENERATED,false,open3d_point_to_plane,full-synthetic-development-v1/PARALLEL_WALLS/g2/m1/r1/INDEPENDENT_NOISE_FREE/open3d_point_to_plane
full-synthetic-development-v1/PARALLEL_WALLS/g2/m1/r1/INDEPENDENT_NOISE_FREE,PARALLEL_WALLS,2,1334931069,1,1664898153,1,INDEPENDENT_NOISE_FREE,NEW_DEVELOPMENT_GENERATED,false,pcl_iterative_closest_point_with_normals,full-synthetic-development-v1/PARALLEL_WALLS/g2/m1/r1/INDEPENDENT_NOISE_FREE/pcl_iterative_closest_point_with_normals
full-synthetic-development-v1/PARALLEL_WALLS/g2/m1/r1/SCAN_NOISE_ONLY,PARALLEL_WALLS,2,1334931069,1,1664898153,1,SCAN_NOISE_ONLY,NEW_DEVELOPMENT_GENERATED,false,open3d_point_to_plane,full-synthetic-development-v1/PARALLEL_WALLS/g2/m1/r1/SCAN_NOISE_ONLY/open3d_point_to_plane
full-synthetic-development-v1/PARALLEL_WALLS/g2/m1/r1/SCAN_NOISE_ONLY,PARALLEL_WALLS,2,1334931069,1,1664898153,1,SCAN_NOISE_ONLY,NEW_DEVELOPMENT_GENERATED,false,pcl_iterative_closest_point_with_normals,full-synthetic-development-v1/PARALLEL_WALLS/g2/m1/r1/SCAN_NOISE_ONLY/pcl_iterative_closest_point_with_normals
full-synthetic-development-v1/PARALLEL_WALLS/g2/m1/r1/MAP_NOISE_ONLY,PARALLEL_WALLS,2,1334931069,1,1664898153,1,MAP_NOISE_ONLY,NEW_DEVELOPMENT_GENERATED,false,open3d_point_to_plane,full-synthetic-development-v1/PARALLEL_WALLS/g2/m1/r1/MAP_NOISE_ONLY/open3d_point_to_plane
full-synthetic-development-v1/PARALLEL_WALLS/g2/m1/r1/MAP_NOISE_ONLY,PARALLEL_WALLS,2,1334931069,1,1664898153,1,MAP_NOISE_ONLY,NEW_DEVELOPMENT_GENERATED,false,pcl_iterative_closest_point_with_normals,full-synthetic-development-v1/PARALLEL_WALLS/g2/m1/r1/MAP_NOISE_ONLY/pcl_iterative_closest_point_with_normals
full-synthetic-development-v1/PARALLEL_WALLS/g2/m1/r1/DROPOUT_ONLY,PARALLEL_WALLS,2,1334931069,1,1664898153,1,DROPOUT_ONLY,NEW_DEVELOPMENT_GENERATED,false,open3d_point_to_plane,full-synthetic-development-v1/PARALLEL_WALLS/g2/m1/r1/DROPOUT_ONLY/open3d_point_to_plane
full-synthetic-development-v1/PARALLEL_WALLS/g2/m1/r1/DROPOUT_ONLY,PARALLEL_WALLS,2,1334931069,1,1664898153,1,DROPOUT_ONLY,NEW_DEVELOPMENT_GENERATED,false,pcl_iterative_closest_point_with_normals,full-synthetic-development-v1/PARALLEL_WALLS/g2/m1/r1/DROPOUT_ONLY/pcl_iterative_closest_point_with_normals
full-synthetic-development-v1/PARALLEL_WALLS/g2/m1/r1/FULL_NOISE,PARALLEL_WALLS,2,1334931069,1,1664898153,1,FULL_NOISE,NEW_DEVELOPMENT_GENERATED,false,open3d_point_to_plane,full-synthetic-development-v1/PARALLEL_WALLS/g2/m1/r1/FULL_NOISE/open3d_point_to_plane
full-synthetic-development-v1/PARALLEL_WALLS/g2/m1/r1/FULL_NOISE,PARALLEL_WALLS,2,1334931069,1,1664898153,1,FULL_NOISE,NEW_DEVELOPMENT_GENERATED,false,pcl_iterative_closest_point_with_normals,full-synthetic-development-v1/PARALLEL_WALLS/g2/m1/r1/FULL_NOISE/pcl_iterative_closest_point_with_normals
full-synthetic-development-v1/PARALLEL_WALLS/g2/m1/r2/INDEPENDENT_NOISE_FREE,PARALLEL_WALLS,2,1334931069,1,1664898153,2,INDEPENDENT_NOISE_FREE,NEW_DEVELOPMENT_GENERATED,false,open3d_point_to_plane,full-synthetic-development-v1/PARALLEL_WALLS/g2/m1/r2/INDEPENDENT_NOISE_FREE/open3d_point_to_plane
full-synthetic-development-v1/PARALLEL_WALLS/g2/m1/r2/INDEPENDENT_NOISE_FREE,PARALLEL_WALLS,2,1334931069,1,1664898153,2,INDEPENDENT_NOISE_FREE,NEW_DEVELOPMENT_GENERATED,false,pcl_iterative_closest_point_with_normals,full-synthetic-development-v1/PARALLEL_WALLS/g2/m1/r2/INDEPENDENT_NOISE_FREE/pcl_iterative_closest_point_with_normals
full-synthetic-development-v1/PARALLEL_WALLS/g2/m1/r2/SCAN_NOISE_ONLY,PARALLEL_WALLS,2,1334931069,1,1664898153,2,SCAN_NOISE_ONLY,NEW_DEVELOPMENT_GENERATED,false,open3d_point_to_plane,full-synthetic-development-v1/PARALLEL_WALLS/g2/m1/r2/SCAN_NOISE_ONLY/open3d_point_to_plane
full-synthetic-development-v1/PARALLEL_WALLS/g2/m1/r2/SCAN_NOISE_ONLY,PARALLEL_WALLS,2,1334931069,1,1664898153,2,SCAN_NOISE_ONLY,NEW_DEVELOPMENT_GENERATED,false,pcl_iterative_closest_point_with_normals,full-synthetic-development-v1/PARALLEL_WALLS/g2/m1/r2/SCAN_NOISE_ONLY/pcl_iterative_closest_point_with_normals
full-synthetic-development-v1/PARALLEL_WALLS/g2/m1/r2/MAP_NOISE_ONLY,PARALLEL_WALLS,2,1334931069,1,1664898153,2,MAP_NOISE_ONLY,NEW_DEVELOPMENT_GENERATED,false,open3d_point_to_plane,full-synthetic-development-v1/PARALLEL_WALLS/g2/m1/r2/MAP_NOISE_ONLY/open3d_point_to_plane
full-synthetic-development-v1/PARALLEL_WALLS/g2/m1/r2/MAP_NOISE_ONLY,PARALLEL_WALLS,2,1334931069,1,1664898153,2,MAP_NOISE_ONLY,NEW_DEVELOPMENT_GENERATED,false,pcl_iterative_closest_point_with_normals,full-synthetic-development-v1/PARALLEL_WALLS/g2/m1/r2/MAP_NOISE_ONLY/pcl_iterative_closest_point_with_normals
full-synthetic-development-v1/PARALLEL_WALLS/g2/m1/r2/DROPOUT_ONLY,PARALLEL_WALLS,2,1334931069,1,1664898153,2,DROPOUT_ONLY,NEW_DEVELOPMENT_GENERATED,false,open3d_point_to_plane,full-synthetic-development-v1/PARALLEL_WALLS/g2/m1/r2/DROPOUT_ONLY/open3d_point_to_plane
full-synthetic-development-v1/PARALLEL_WALLS/g2/m1/r2/DROPOUT_ONLY,PARALLEL_WALLS,2,1334931069,1,1664898153,2,DROPOUT_ONLY,NEW_DEVELOPMENT_GENERATED,false,pcl_iterative_closest_point_with_normals,full-synthetic-development-v1/PARALLEL_WALLS/g2/m1/r2/DROPOUT_ONLY/pcl_iterative_closest_point_with_normals
full-synthetic-development-v1/PARALLEL_WALLS/g2/m1/r2/FULL_NOISE,PARALLEL_WALLS,2,1334931069,1,1664898153,2,FULL_NOISE,NEW_DEVELOPMENT_GENERATED,false,open3d_point_to_plane,full-synthetic-development-v1/PARALLEL_WALLS/g2/m1/r2/FULL_NOISE/open3d_point_to_plane
full-synthetic-development-v1/PARALLEL_WALLS/g2/m1/r2/FULL_NOISE,PARALLEL_WALLS,2,1334931069,1,1664898153,2,FULL_NOISE,NEW_DEVELOPMENT_GENERATED,false,pcl_iterative_closest_point_with_normals,full-synthetic-development-v1/PARALLEL_WALLS/g2/m1/r2/FULL_NOISE/pcl_iterative_closest_point_with_normals
full-synthetic-development-v1/PARALLEL_WALLS/g2/m1/r3/INDEPENDENT_NOISE_FREE,PARALLEL_WALLS,2,1334931069,1,1664898153,3,INDEPENDENT_NOISE_FREE,NEW_DEVELOPMENT_GENERATED,false,open3d_point_to_plane,full-synthetic-development-v1/PARALLEL_WALLS/g2/m1/r3/INDEPENDENT_NOISE_FREE/open3d_point_to_plane
full-synthetic-development-v1/PARALLEL_WALLS/g2/m1/r3/INDEPENDENT_NOISE_FREE,PARALLEL_WALLS,2,1334931069,1,1664898153,3,INDEPENDENT_NOISE_FREE,NEW_DEVELOPMENT_GENERATED,false,pcl_iterative_closest_point_with_normals,full-synthetic-development-v1/PARALLEL_WALLS/g2/m1/r3/INDEPENDENT_NOISE_FREE/pcl_iterative_closest_point_with_normals
full-synthetic-development-v1/PARALLEL_WALLS/g2/m1/r3/SCAN_NOISE_ONLY,PARALLEL_WALLS,2,1334931069,1,1664898153,3,SCAN_NOISE_ONLY,NEW_DEVELOPMENT_GENERATED,false,open3d_point_to_plane,full-synthetic-development-v1/PARALLEL_WALLS/g2/m1/r3/SCAN_NOISE_ONLY/open3d_point_to_plane
full-synthetic-development-v1/PARALLEL_WALLS/g2/m1/r3/SCAN_NOISE_ONLY,PARALLEL_WALLS,2,1334931069,1,1664898153,3,SCAN_NOISE_ONLY,NEW_DEVELOPMENT_GENERATED,false,pcl_iterative_closest_point_with_normals,full-synthetic-development-v1/PARALLEL_WALLS/g2/m1/r3/SCAN_NOISE_ONLY/pcl_iterative_closest_point_with_normals
full-synthetic-development-v1/PARALLEL_WALLS/g2/m1/r3/MAP_NOISE_ONLY,PARALLEL_WALLS,2,1334931069,1,1664898153,3,MAP_NOISE_ONLY,NEW_DEVELOPMENT_GENERATED,false,open3d_point_to_plane,full-synthetic-development-v1/PARALLEL_WALLS/g2/m1/r3/MAP_NOISE_ONLY/open3d_point_to_plane
full-synthetic-development-v1/PARALLEL_WALLS/g2/m1/r3/MAP_NOISE_ONLY,PARALLEL_WALLS,2,1334931069,1,1664898153,3,MAP_NOISE_ONLY,NEW_DEVELOPMENT_GENERATED,false,pcl_iterative_closest_point_with_normals,full-synthetic-development-v1/PARALLEL_WALLS/g2/m1/r3/MAP_NOISE_ONLY/pcl_iterative_closest_point_with_normals
full-synthetic-development-v1/PARALLEL_WALLS/g2/m1/r3/DROPOUT_ONLY,PARALLEL_WALLS,2,1334931069,1,1664898153,3,DROPOUT_ONLY,NEW_DEVELOPMENT_GENERATED,false,open3d_point_to_plane,full-synthetic-development-v1/PARALLEL_WALLS/g2/m1/r3/DROPOUT_ONLY/open3d_point_to_plane
full-synthetic-development-v1/PARALLEL_WALLS/g2/m1/r3/DROPOUT_ONLY,PARALLEL_WALLS,2,1334931069,1,1664898153,3,DROPOUT_ONLY,NEW_DEVELOPMENT_GENERATED,false,pcl_iterative_closest_point_with_normals,full-synthetic-development-v1/PARALLEL_WALLS/g2/m1/r3/DROPOUT_ONLY/pcl_iterative_closest_point_with_normals
full-synthetic-development-v1/PARALLEL_WALLS/g2/m1/r3/FULL_NOISE,PARALLEL_WALLS,2,1334931069,1,1664898153,3,FULL_NOISE,NEW_DEVELOPMENT_GENERATED,false,open3d_point_to_plane,full-synthetic-development-v1/PARALLEL_WALLS/g2/m1/r3/FULL_NOISE/open3d_point_to_plane
full-synthetic-development-v1/PARALLEL_WALLS/g2/m1/r3/FULL_NOISE,PARALLEL_WALLS,2,1334931069,1,1664898153,3,FULL_NOISE,NEW_DEVELOPMENT_GENERATED,false,pcl_iterative_closest_point_with_normals,full-synthetic-development-v1/PARALLEL_WALLS/g2/m1/r3/FULL_NOISE/pcl_iterative_closest_point_with_normals
full-synthetic-development-v1/PARALLEL_WALLS/g2/m1/r4/INDEPENDENT_NOISE_FREE,PARALLEL_WALLS,2,1334931069,1,1664898153,4,INDEPENDENT_NOISE_FREE,NEW_DEVELOPMENT_GENERATED,false,open3d_point_to_plane,full-synthetic-development-v1/PARALLEL_WALLS/g2/m1/r4/INDEPENDENT_NOISE_FREE/open3d_point_to_plane
full-synthetic-development-v1/PARALLEL_WALLS/g2/m1/r4/INDEPENDENT_NOISE_FREE,PARALLEL_WALLS,2,1334931069,1,1664898153,4,INDEPENDENT_NOISE_FREE,NEW_DEVELOPMENT_GENERATED,false,pcl_iterative_closest_point_with_normals,full-synthetic-development-v1/PARALLEL_WALLS/g2/m1/r4/INDEPENDENT_NOISE_FREE/pcl_iterative_closest_point_with_normals
full-synthetic-development-v1/PARALLEL_WALLS/g2/m1/r4/SCAN_NOISE_ONLY,PARALLEL_WALLS,2,1334931069,1,1664898153,4,SCAN_NOISE_ONLY,NEW_DEVELOPMENT_GENERATED,false,open3d_point_to_plane,full-synthetic-development-v1/PARALLEL_WALLS/g2/m1/r4/SCAN_NOISE_ONLY/open3d_point_to_plane
full-synthetic-development-v1/PARALLEL_WALLS/g2/m1/r4/SCAN_NOISE_ONLY,PARALLEL_WALLS,2,1334931069,1,1664898153,4,SCAN_NOISE_ONLY,NEW_DEVELOPMENT_GENERATED,false,pcl_iterative_closest_point_with_normals,full-synthetic-development-v1/PARALLEL_WALLS/g2/m1/r4/SCAN_NOISE_ONLY/pcl_iterative_closest_point_with_normals
full-synthetic-development-v1/PARALLEL_WALLS/g2/m1/r4/MAP_NOISE_ONLY,PARALLEL_WALLS,2,1334931069,1,1664898153,4,MAP_NOISE_ONLY,NEW_DEVELOPMENT_GENERATED,false,open3d_point_to_plane,full-synthetic-development-v1/PARALLEL_WALLS/g2/m1/r4/MAP_NOISE_ONLY/open3d_point_to_plane
full-synthetic-development-v1/PARALLEL_WALLS/g2/m1/r4/MAP_NOISE_ONLY,PARALLEL_WALLS,2,1334931069,1,1664898153,4,MAP_NOISE_ONLY,NEW_DEVELOPMENT_GENERATED,false,pcl_iterative_closest_point_with_normals,full-synthetic-development-v1/PARALLEL_WALLS/g2/m1/r4/MAP_NOISE_ONLY/pcl_iterative_closest_point_with_normals
full-synthetic-development-v1/PARALLEL_WALLS/g2/m1/r4/DROPOUT_ONLY,PARALLEL_WALLS,2,1334931069,1,1664898153,4,DROPOUT_ONLY,NEW_DEVELOPMENT_GENERATED,false,open3d_point_to_plane,full-synthetic-development-v1/PARALLEL_WALLS/g2/m1/r4/DROPOUT_ONLY/open3d_point_to_plane
full-synthetic-development-v1/PARALLEL_WALLS/g2/m1/r4/DROPOUT_ONLY,PARALLEL_WALLS,2,1334931069,1,1664898153,4,DROPOUT_ONLY,NEW_DEVELOPMENT_GENERATED,false,pcl_iterative_closest_point_with_normals,full-synthetic-development-v1/PARALLEL_WALLS/g2/m1/r4/DROPOUT_ONLY/pcl_iterative_closest_point_with_normals
full-synthetic-development-v1/PARALLEL_WALLS/g2/m1/r4/FULL_NOISE,PARALLEL_WALLS,2,1334931069,1,1664898153,4,FULL_NOISE,NEW_DEVELOPMENT_GENERATED,false,open3d_point_to_plane,full-synthetic-development-v1/PARALLEL_WALLS/g2/m1/r4/FULL_NOISE/open3d_point_to_plane
full-synthetic-development-v1/PARALLEL_WALLS/g2/m1/r4/FULL_NOISE,PARALLEL_WALLS,2,1334931069,1,1664898153,4,FULL_NOISE,NEW_DEVELOPMENT_GENERATED,false,pcl_iterative_closest_point_with_normals,full-synthetic-development-v1/PARALLEL_WALLS/g2/m1/r4/FULL_NOISE/pcl_iterative_closest_point_with_normals
phase-b-signal-v1/END_FACE_TRANSITION_PRESENT/g0/INDEPENDENT_NOISE_FREE,END_FACE_TRANSITION_PRESENT,0,1850310744,0,217775206,0,INDEPENDENT_NOISE_FREE,NEW_DEVELOPMENT_GENERATED,true,open3d_point_to_plane,phase-b-signal-v1/END_FACE_TRANSITION_PRESENT/g0/INDEPENDENT_NOISE_FREE/open3d_point_to_plane
phase-b-signal-v1/END_FACE_TRANSITION_PRESENT/g0/INDEPENDENT_NOISE_FREE,END_FACE_TRANSITION_PRESENT,0,1850310744,0,217775206,0,INDEPENDENT_NOISE_FREE,NEW_DEVELOPMENT_GENERATED,true,pcl_iterative_closest_point_with_normals,phase-b-signal-v1/END_FACE_TRANSITION_PRESENT/g0/INDEPENDENT_NOISE_FREE/pcl_iterative_closest_point_with_normals
full-synthetic-development-v1/END_FACE_TRANSITION_PRESENT/g0/m0/r0/SCAN_NOISE_ONLY,END_FACE_TRANSITION_PRESENT,0,1850310744,0,217775206,0,SCAN_NOISE_ONLY,NEW_DEVELOPMENT_GENERATED,false,open3d_point_to_plane,full-synthetic-development-v1/END_FACE_TRANSITION_PRESENT/g0/m0/r0/SCAN_NOISE_ONLY/open3d_point_to_plane
full-synthetic-development-v1/END_FACE_TRANSITION_PRESENT/g0/m0/r0/SCAN_NOISE_ONLY,END_FACE_TRANSITION_PRESENT,0,1850310744,0,217775206,0,SCAN_NOISE_ONLY,NEW_DEVELOPMENT_GENERATED,false,pcl_iterative_closest_point_with_normals,full-synthetic-development-v1/END_FACE_TRANSITION_PRESENT/g0/m0/r0/SCAN_NOISE_ONLY/pcl_iterative_closest_point_with_normals
full-synthetic-development-v1/END_FACE_TRANSITION_PRESENT/g0/m0/r0/MAP_NOISE_ONLY,END_FACE_TRANSITION_PRESENT,0,1850310744,0,217775206,0,MAP_NOISE_ONLY,NEW_DEVELOPMENT_GENERATED,false,open3d_point_to_plane,full-synthetic-development-v1/END_FACE_TRANSITION_PRESENT/g0/m0/r0/MAP_NOISE_ONLY/open3d_point_to_plane
full-synthetic-development-v1/END_FACE_TRANSITION_PRESENT/g0/m0/r0/MAP_NOISE_ONLY,END_FACE_TRANSITION_PRESENT,0,1850310744,0,217775206,0,MAP_NOISE_ONLY,NEW_DEVELOPMENT_GENERATED,false,pcl_iterative_closest_point_with_normals,full-synthetic-development-v1/END_FACE_TRANSITION_PRESENT/g0/m0/r0/MAP_NOISE_ONLY/pcl_iterative_closest_point_with_normals
full-synthetic-development-v1/END_FACE_TRANSITION_PRESENT/g0/m0/r0/DROPOUT_ONLY,END_FACE_TRANSITION_PRESENT,0,1850310744,0,217775206,0,DROPOUT_ONLY,NEW_DEVELOPMENT_GENERATED,false,open3d_point_to_plane,full-synthetic-development-v1/END_FACE_TRANSITION_PRESENT/g0/m0/r0/DROPOUT_ONLY/open3d_point_to_plane
full-synthetic-development-v1/END_FACE_TRANSITION_PRESENT/g0/m0/r0/DROPOUT_ONLY,END_FACE_TRANSITION_PRESENT,0,1850310744,0,217775206,0,DROPOUT_ONLY,NEW_DEVELOPMENT_GENERATED,false,pcl_iterative_closest_point_with_normals,full-synthetic-development-v1/END_FACE_TRANSITION_PRESENT/g0/m0/r0/DROPOUT_ONLY/pcl_iterative_closest_point_with_normals
phase-b-signal-v1/END_FACE_TRANSITION_PRESENT/g0/FULL_NOISE,END_FACE_TRANSITION_PRESENT,0,1850310744,0,217775206,0,FULL_NOISE,NEW_DEVELOPMENT_GENERATED,true,open3d_point_to_plane,phase-b-signal-v1/END_FACE_TRANSITION_PRESENT/g0/FULL_NOISE/open3d_point_to_plane
phase-b-signal-v1/END_FACE_TRANSITION_PRESENT/g0/FULL_NOISE,END_FACE_TRANSITION_PRESENT,0,1850310744,0,217775206,0,FULL_NOISE,NEW_DEVELOPMENT_GENERATED,true,pcl_iterative_closest_point_with_normals,phase-b-signal-v1/END_FACE_TRANSITION_PRESENT/g0/FULL_NOISE/pcl_iterative_closest_point_with_normals
full-synthetic-development-v1/END_FACE_TRANSITION_PRESENT/g0/m0/r1/INDEPENDENT_NOISE_FREE,END_FACE_TRANSITION_PRESENT,0,1850310744,0,217775206,1,INDEPENDENT_NOISE_FREE,NEW_DEVELOPMENT_GENERATED,false,open3d_point_to_plane,full-synthetic-development-v1/END_FACE_TRANSITION_PRESENT/g0/m0/r1/INDEPENDENT_NOISE_FREE/open3d_point_to_plane
full-synthetic-development-v1/END_FACE_TRANSITION_PRESENT/g0/m0/r1/INDEPENDENT_NOISE_FREE,END_FACE_TRANSITION_PRESENT,0,1850310744,0,217775206,1,INDEPENDENT_NOISE_FREE,NEW_DEVELOPMENT_GENERATED,false,pcl_iterative_closest_point_with_normals,full-synthetic-development-v1/END_FACE_TRANSITION_PRESENT/g0/m0/r1/INDEPENDENT_NOISE_FREE/pcl_iterative_closest_point_with_normals
full-synthetic-development-v1/END_FACE_TRANSITION_PRESENT/g0/m0/r1/SCAN_NOISE_ONLY,END_FACE_TRANSITION_PRESENT,0,1850310744,0,217775206,1,SCAN_NOISE_ONLY,NEW_DEVELOPMENT_GENERATED,false,open3d_point_to_plane,full-synthetic-development-v1/END_FACE_TRANSITION_PRESENT/g0/m0/r1/SCAN_NOISE_ONLY/open3d_point_to_plane
full-synthetic-development-v1/END_FACE_TRANSITION_PRESENT/g0/m0/r1/SCAN_NOISE_ONLY,END_FACE_TRANSITION_PRESENT,0,1850310744,0,217775206,1,SCAN_NOISE_ONLY,NEW_DEVELOPMENT_GENERATED,false,pcl_iterative_closest_point_with_normals,full-synthetic-development-v1/END_FACE_TRANSITION_PRESENT/g0/m0/r1/SCAN_NOISE_ONLY/pcl_iterative_closest_point_with_normals
full-synthetic-development-v1/END_FACE_TRANSITION_PRESENT/g0/m0/r1/MAP_NOISE_ONLY,END_FACE_TRANSITION_PRESENT,0,1850310744,0,217775206,1,MAP_NOISE_ONLY,NEW_DEVELOPMENT_GENERATED,false,open3d_point_to_plane,full-synthetic-development-v1/END_FACE_TRANSITION_PRESENT/g0/m0/r1/MAP_NOISE_ONLY/open3d_point_to_plane
full-synthetic-development-v1/END_FACE_TRANSITION_PRESENT/g0/m0/r1/MAP_NOISE_ONLY,END_FACE_TRANSITION_PRESENT,0,1850310744,0,217775206,1,MAP_NOISE_ONLY,NEW_DEVELOPMENT_GENERATED,false,pcl_iterative_closest_point_with_normals,full-synthetic-development-v1/END_FACE_TRANSITION_PRESENT/g0/m0/r1/MAP_NOISE_ONLY/pcl_iterative_closest_point_with_normals
full-synthetic-development-v1/END_FACE_TRANSITION_PRESENT/g0/m0/r1/DROPOUT_ONLY,END_FACE_TRANSITION_PRESENT,0,1850310744,0,217775206,1,DROPOUT_ONLY,NEW_DEVELOPMENT_GENERATED,false,open3d_point_to_plane,full-synthetic-development-v1/END_FACE_TRANSITION_PRESENT/g0/m0/r1/DROPOUT_ONLY/open3d_point_to_plane
full-synthetic-development-v1/END_FACE_TRANSITION_PRESENT/g0/m0/r1/DROPOUT_ONLY,END_FACE_TRANSITION_PRESENT,0,1850310744,0,217775206,1,DROPOUT_ONLY,NEW_DEVELOPMENT_GENERATED,false,pcl_iterative_closest_point_with_normals,full-synthetic-development-v1/END_FACE_TRANSITION_PRESENT/g0/m0/r1/DROPOUT_ONLY/pcl_iterative_closest_point_with_normals
full-synthetic-development-v1/END_FACE_TRANSITION_PRESENT/g0/m0/r1/FULL_NOISE,END_FACE_TRANSITION_PRESENT,0,1850310744,0,217775206,1,FULL_NOISE,NEW_DEVELOPMENT_GENERATED,false,open3d_point_to_plane,full-synthetic-development-v1/END_FACE_TRANSITION_PRESENT/g0/m0/r1/FULL_NOISE/open3d_point_to_plane
full-synthetic-development-v1/END_FACE_TRANSITION_PRESENT/g0/m0/r1/FULL_NOISE,END_FACE_TRANSITION_PRESENT,0,1850310744,0,217775206,1,FULL_NOISE,NEW_DEVELOPMENT_GENERATED,false,pcl_iterative_closest_point_with_normals,full-synthetic-development-v1/END_FACE_TRANSITION_PRESENT/g0/m0/r1/FULL_NOISE/pcl_iterative_closest_point_with_normals
full-synthetic-development-v1/END_FACE_TRANSITION_PRESENT/g0/m0/r2/INDEPENDENT_NOISE_FREE,END_FACE_TRANSITION_PRESENT,0,1850310744,0,217775206,2,INDEPENDENT_NOISE_FREE,NEW_DEVELOPMENT_GENERATED,false,open3d_point_to_plane,full-synthetic-development-v1/END_FACE_TRANSITION_PRESENT/g0/m0/r2/INDEPENDENT_NOISE_FREE/open3d_point_to_plane
full-synthetic-development-v1/END_FACE_TRANSITION_PRESENT/g0/m0/r2/INDEPENDENT_NOISE_FREE,END_FACE_TRANSITION_PRESENT,0,1850310744,0,217775206,2,INDEPENDENT_NOISE_FREE,NEW_DEVELOPMENT_GENERATED,false,pcl_iterative_closest_point_with_normals,full-synthetic-development-v1/END_FACE_TRANSITION_PRESENT/g0/m0/r2/INDEPENDENT_NOISE_FREE/pcl_iterative_closest_point_with_normals
full-synthetic-development-v1/END_FACE_TRANSITION_PRESENT/g0/m0/r2/SCAN_NOISE_ONLY,END_FACE_TRANSITION_PRESENT,0,1850310744,0,217775206,2,SCAN_NOISE_ONLY,NEW_DEVELOPMENT_GENERATED,false,open3d_point_to_plane,full-synthetic-development-v1/END_FACE_TRANSITION_PRESENT/g0/m0/r2/SCAN_NOISE_ONLY/open3d_point_to_plane
full-synthetic-development-v1/END_FACE_TRANSITION_PRESENT/g0/m0/r2/SCAN_NOISE_ONLY,END_FACE_TRANSITION_PRESENT,0,1850310744,0,217775206,2,SCAN_NOISE_ONLY,NEW_DEVELOPMENT_GENERATED,false,pcl_iterative_closest_point_with_normals,full-synthetic-development-v1/END_FACE_TRANSITION_PRESENT/g0/m0/r2/SCAN_NOISE_ONLY/pcl_iterative_closest_point_with_normals
full-synthetic-development-v1/END_FACE_TRANSITION_PRESENT/g0/m0/r2/MAP_NOISE_ONLY,END_FACE_TRANSITION_PRESENT,0,1850310744,0,217775206,2,MAP_NOISE_ONLY,NEW_DEVELOPMENT_GENERATED,false,open3d_point_to_plane,full-synthetic-development-v1/END_FACE_TRANSITION_PRESENT/g0/m0/r2/MAP_NOISE_ONLY/open3d_point_to_plane
full-synthetic-development-v1/END_FACE_TRANSITION_PRESENT/g0/m0/r2/MAP_NOISE_ONLY,END_FACE_TRANSITION_PRESENT,0,1850310744,0,217775206,2,MAP_NOISE_ONLY,NEW_DEVELOPMENT_GENERATED,false,pcl_iterative_closest_point_with_normals,full-synthetic-development-v1/END_FACE_TRANSITION_PRESENT/g0/m0/r2/MAP_NOISE_ONLY/pcl_iterative_closest_point_with_normals
full-synthetic-development-v1/END_FACE_TRANSITION_PRESENT/g0/m0/r2/DROPOUT_ONLY,END_FACE_TRANSITION_PRESENT,0,1850310744,0,217775206,2,DROPOUT_ONLY,NEW_DEVELOPMENT_GENERATED,false,open3d_point_to_plane,full-synthetic-development-v1/END_FACE_TRANSITION_PRESENT/g0/m0/r2/DROPOUT_ONLY/open3d_point_to_plane
full-synthetic-development-v1/END_FACE_TRANSITION_PRESENT/g0/m0/r2/DROPOUT_ONLY,END_FACE_TRANSITION_PRESENT,0,1850310744,0,217775206,2,DROPOUT_ONLY,NEW_DEVELOPMENT_GENERATED,false,pcl_iterative_closest_point_with_normals,full-synthetic-development-v1/END_FACE_TRANSITION_PRESENT/g0/m0/r2/DROPOUT_ONLY/pcl_iterative_closest_point_with_normals
full-synthetic-development-v1/END_FACE_TRANSITION_PRESENT/g0/m0/r2/FULL_NOISE,END_FACE_TRANSITION_PRESENT,0,1850310744,0,217775206,2,FULL_NOISE,NEW_DEVELOPMENT_GENERATED,false,open3d_point_to_plane,full-synthetic-development-v1/END_FACE_TRANSITION_PRESENT/g0/m0/r2/FULL_NOISE/open3d_point_to_plane
full-synthetic-development-v1/END_FACE_TRANSITION_PRESENT/g0/m0/r2/FULL_NOISE,END_FACE_TRANSITION_PRESENT,0,1850310744,0,217775206,2,FULL_NOISE,NEW_DEVELOPMENT_GENERATED,false,pcl_iterative_closest_point_with_normals,full-synthetic-development-v1/END_FACE_TRANSITION_PRESENT/g0/m0/r2/FULL_NOISE/pcl_iterative_closest_point_with_normals
full-synthetic-development-v1/END_FACE_TRANSITION_PRESENT/g0/m0/r3/INDEPENDENT_NOISE_FREE,END_FACE_TRANSITION_PRESENT,0,1850310744,0,217775206,3,INDEPENDENT_NOISE_FREE,NEW_DEVELOPMENT_GENERATED,false,open3d_point_to_plane,full-synthetic-development-v1/END_FACE_TRANSITION_PRESENT/g0/m0/r3/INDEPENDENT_NOISE_FREE/open3d_point_to_plane
full-synthetic-development-v1/END_FACE_TRANSITION_PRESENT/g0/m0/r3/INDEPENDENT_NOISE_FREE,END_FACE_TRANSITION_PRESENT,0,1850310744,0,217775206,3,INDEPENDENT_NOISE_FREE,NEW_DEVELOPMENT_GENERATED,false,pcl_iterative_closest_point_with_normals,full-synthetic-development-v1/END_FACE_TRANSITION_PRESENT/g0/m0/r3/INDEPENDENT_NOISE_FREE/pcl_iterative_closest_point_with_normals
full-synthetic-development-v1/END_FACE_TRANSITION_PRESENT/g0/m0/r3/SCAN_NOISE_ONLY,END_FACE_TRANSITION_PRESENT,0,1850310744,0,217775206,3,SCAN_NOISE_ONLY,NEW_DEVELOPMENT_GENERATED,false,open3d_point_to_plane,full-synthetic-development-v1/END_FACE_TRANSITION_PRESENT/g0/m0/r3/SCAN_NOISE_ONLY/open3d_point_to_plane
full-synthetic-development-v1/END_FACE_TRANSITION_PRESENT/g0/m0/r3/SCAN_NOISE_ONLY,END_FACE_TRANSITION_PRESENT,0,1850310744,0,217775206,3,SCAN_NOISE_ONLY,NEW_DEVELOPMENT_GENERATED,false,pcl_iterative_closest_point_with_normals,full-synthetic-development-v1/END_FACE_TRANSITION_PRESENT/g0/m0/r3/SCAN_NOISE_ONLY/pcl_iterative_closest_point_with_normals
full-synthetic-development-v1/END_FACE_TRANSITION_PRESENT/g0/m0/r3/MAP_NOISE_ONLY,END_FACE_TRANSITION_PRESENT,0,1850310744,0,217775206,3,MAP_NOISE_ONLY,NEW_DEVELOPMENT_GENERATED,false,open3d_point_to_plane,full-synthetic-development-v1/END_FACE_TRANSITION_PRESENT/g0/m0/r3/MAP_NOISE_ONLY/open3d_point_to_plane
full-synthetic-development-v1/END_FACE_TRANSITION_PRESENT/g0/m0/r3/MAP_NOISE_ONLY,END_FACE_TRANSITION_PRESENT,0,1850310744,0,217775206,3,MAP_NOISE_ONLY,NEW_DEVELOPMENT_GENERATED,false,pcl_iterative_closest_point_with_normals,full-synthetic-development-v1/END_FACE_TRANSITION_PRESENT/g0/m0/r3/MAP_NOISE_ONLY/pcl_iterative_closest_point_with_normals
full-synthetic-development-v1/END_FACE_TRANSITION_PRESENT/g0/m0/r3/DROPOUT_ONLY,END_FACE_TRANSITION_PRESENT,0,1850310744,0,217775206,3,DROPOUT_ONLY,NEW_DEVELOPMENT_GENERATED,false,open3d_point_to_plane,full-synthetic-development-v1/END_FACE_TRANSITION_PRESENT/g0/m0/r3/DROPOUT_ONLY/open3d_point_to_plane
full-synthetic-development-v1/END_FACE_TRANSITION_PRESENT/g0/m0/r3/DROPOUT_ONLY,END_FACE_TRANSITION_PRESENT,0,1850310744,0,217775206,3,DROPOUT_ONLY,NEW_DEVELOPMENT_GENERATED,false,pcl_iterative_closest_point_with_normals,full-synthetic-development-v1/END_FACE_TRANSITION_PRESENT/g0/m0/r3/DROPOUT_ONLY/pcl_iterative_closest_point_with_normals
full-synthetic-development-v1/END_FACE_TRANSITION_PRESENT/g0/m0/r3/FULL_NOISE,END_FACE_TRANSITION_PRESENT,0,1850310744,0,217775206,3,FULL_NOISE,NEW_DEVELOPMENT_GENERATED,false,open3d_point_to_plane,full-synthetic-development-v1/END_FACE_TRANSITION_PRESENT/g0/m0/r3/FULL_NOISE/open3d_point_to_plane
full-synthetic-development-v1/END_FACE_TRANSITION_PRESENT/g0/m0/r3/FULL_NOISE,END_FACE_TRANSITION_PRESENT,0,1850310744,0,217775206,3,FULL_NOISE,NEW_DEVELOPMENT_GENERATED,false,pcl_iterative_closest_point_with_normals,full-synthetic-development-v1/END_FACE_TRANSITION_PRESENT/g0/m0/r3/FULL_NOISE/pcl_iterative_closest_point_with_normals
full-synthetic-development-v1/END_FACE_TRANSITION_PRESENT/g0/m0/r4/INDEPENDENT_NOISE_FREE,END_FACE_TRANSITION_PRESENT,0,1850310744,0,217775206,4,INDEPENDENT_NOISE_FREE,NEW_DEVELOPMENT_GENERATED,false,open3d_point_to_plane,full-synthetic-development-v1/END_FACE_TRANSITION_PRESENT/g0/m0/r4/INDEPENDENT_NOISE_FREE/open3d_point_to_plane
full-synthetic-development-v1/END_FACE_TRANSITION_PRESENT/g0/m0/r4/INDEPENDENT_NOISE_FREE,END_FACE_TRANSITION_PRESENT,0,1850310744,0,217775206,4,INDEPENDENT_NOISE_FREE,NEW_DEVELOPMENT_GENERATED,false,pcl_iterative_closest_point_with_normals,full-synthetic-development-v1/END_FACE_TRANSITION_PRESENT/g0/m0/r4/INDEPENDENT_NOISE_FREE/pcl_iterative_closest_point_with_normals
full-synthetic-development-v1/END_FACE_TRANSITION_PRESENT/g0/m0/r4/SCAN_NOISE_ONLY,END_FACE_TRANSITION_PRESENT,0,1850310744,0,217775206,4,SCAN_NOISE_ONLY,NEW_DEVELOPMENT_GENERATED,false,open3d_point_to_plane,full-synthetic-development-v1/END_FACE_TRANSITION_PRESENT/g0/m0/r4/SCAN_NOISE_ONLY/open3d_point_to_plane
full-synthetic-development-v1/END_FACE_TRANSITION_PRESENT/g0/m0/r4/SCAN_NOISE_ONLY,END_FACE_TRANSITION_PRESENT,0,1850310744,0,217775206,4,SCAN_NOISE_ONLY,NEW_DEVELOPMENT_GENERATED,false,pcl_iterative_closest_point_with_normals,full-synthetic-development-v1/END_FACE_TRANSITION_PRESENT/g0/m0/r4/SCAN_NOISE_ONLY/pcl_iterative_closest_point_with_normals
full-synthetic-development-v1/END_FACE_TRANSITION_PRESENT/g0/m0/r4/MAP_NOISE_ONLY,END_FACE_TRANSITION_PRESENT,0,1850310744,0,217775206,4,MAP_NOISE_ONLY,NEW_DEVELOPMENT_GENERATED,false,open3d_point_to_plane,full-synthetic-development-v1/END_FACE_TRANSITION_PRESENT/g0/m0/r4/MAP_NOISE_ONLY/open3d_point_to_plane
full-synthetic-development-v1/END_FACE_TRANSITION_PRESENT/g0/m0/r4/MAP_NOISE_ONLY,END_FACE_TRANSITION_PRESENT,0,1850310744,0,217775206,4,MAP_NOISE_ONLY,NEW_DEVELOPMENT_GENERATED,false,pcl_iterative_closest_point_with_normals,full-synthetic-development-v1/END_FACE_TRANSITION_PRESENT/g0/m0/r4/MAP_NOISE_ONLY/pcl_iterative_closest_point_with_normals
full-synthetic-development-v1/END_FACE_TRANSITION_PRESENT/g0/m0/r4/DROPOUT_ONLY,END_FACE_TRANSITION_PRESENT,0,1850310744,0,217775206,4,DROPOUT_ONLY,NEW_DEVELOPMENT_GENERATED,false,open3d_point_to_plane,full-synthetic-development-v1/END_FACE_TRANSITION_PRESENT/g0/m0/r4/DROPOUT_ONLY/open3d_point_to_plane
full-synthetic-development-v1/END_FACE_TRANSITION_PRESENT/g0/m0/r4/DROPOUT_ONLY,END_FACE_TRANSITION_PRESENT,0,1850310744,0,217775206,4,DROPOUT_ONLY,NEW_DEVELOPMENT_GENERATED,false,pcl_iterative_closest_point_with_normals,full-synthetic-development-v1/END_FACE_TRANSITION_PRESENT/g0/m0/r4/DROPOUT_ONLY/pcl_iterative_closest_point_with_normals
full-synthetic-development-v1/END_FACE_TRANSITION_PRESENT/g0/m0/r4/FULL_NOISE,END_FACE_TRANSITION_PRESENT,0,1850310744,0,217775206,4,FULL_NOISE,NEW_DEVELOPMENT_GENERATED,false,open3d_point_to_plane,full-synthetic-development-v1/END_FACE_TRANSITION_PRESENT/g0/m0/r4/FULL_NOISE/open3d_point_to_plane
full-synthetic-development-v1/END_FACE_TRANSITION_PRESENT/g0/m0/r4/FULL_NOISE,END_FACE_TRANSITION_PRESENT,0,1850310744,0,217775206,4,FULL_NOISE,NEW_DEVELOPMENT_GENERATED,false,pcl_iterative_closest_point_with_normals,full-synthetic-development-v1/END_FACE_TRANSITION_PRESENT/g0/m0/r4/FULL_NOISE/pcl_iterative_closest_point_with_normals
full-synthetic-development-v1/END_FACE_TRANSITION_PRESENT/g0/m1/r0/INDEPENDENT_NOISE_FREE,END_FACE_TRANSITION_PRESENT,0,1850310744,1,1664898153,0,INDEPENDENT_NOISE_FREE,NEW_DEVELOPMENT_GENERATED,false,open3d_point_to_plane,full-synthetic-development-v1/END_FACE_TRANSITION_PRESENT/g0/m1/r0/INDEPENDENT_NOISE_FREE/open3d_point_to_plane
full-synthetic-development-v1/END_FACE_TRANSITION_PRESENT/g0/m1/r0/INDEPENDENT_NOISE_FREE,END_FACE_TRANSITION_PRESENT,0,1850310744,1,1664898153,0,INDEPENDENT_NOISE_FREE,NEW_DEVELOPMENT_GENERATED,false,pcl_iterative_closest_point_with_normals,full-synthetic-development-v1/END_FACE_TRANSITION_PRESENT/g0/m1/r0/INDEPENDENT_NOISE_FREE/pcl_iterative_closest_point_with_normals
full-synthetic-development-v1/END_FACE_TRANSITION_PRESENT/g0/m1/r0/SCAN_NOISE_ONLY,END_FACE_TRANSITION_PRESENT,0,1850310744,1,1664898153,0,SCAN_NOISE_ONLY,NEW_DEVELOPMENT_GENERATED,false,open3d_point_to_plane,full-synthetic-development-v1/END_FACE_TRANSITION_PRESENT/g0/m1/r0/SCAN_NOISE_ONLY/open3d_point_to_plane
full-synthetic-development-v1/END_FACE_TRANSITION_PRESENT/g0/m1/r0/SCAN_NOISE_ONLY,END_FACE_TRANSITION_PRESENT,0,1850310744,1,1664898153,0,SCAN_NOISE_ONLY,NEW_DEVELOPMENT_GENERATED,false,pcl_iterative_closest_point_with_normals,full-synthetic-development-v1/END_FACE_TRANSITION_PRESENT/g0/m1/r0/SCAN_NOISE_ONLY/pcl_iterative_closest_point_with_normals
full-synthetic-development-v1/END_FACE_TRANSITION_PRESENT/g0/m1/r0/MAP_NOISE_ONLY,END_FACE_TRANSITION_PRESENT,0,1850310744,1,1664898153,0,MAP_NOISE_ONLY,NEW_DEVELOPMENT_GENERATED,false,open3d_point_to_plane,full-synthetic-development-v1/END_FACE_TRANSITION_PRESENT/g0/m1/r0/MAP_NOISE_ONLY/open3d_point_to_plane
full-synthetic-development-v1/END_FACE_TRANSITION_PRESENT/g0/m1/r0/MAP_NOISE_ONLY,END_FACE_TRANSITION_PRESENT,0,1850310744,1,1664898153,0,MAP_NOISE_ONLY,NEW_DEVELOPMENT_GENERATED,false,pcl_iterative_closest_point_with_normals,full-synthetic-development-v1/END_FACE_TRANSITION_PRESENT/g0/m1/r0/MAP_NOISE_ONLY/pcl_iterative_closest_point_with_normals
full-synthetic-development-v1/END_FACE_TRANSITION_PRESENT/g0/m1/r0/DROPOUT_ONLY,END_FACE_TRANSITION_PRESENT,0,1850310744,1,1664898153,0,DROPOUT_ONLY,NEW_DEVELOPMENT_GENERATED,false,open3d_point_to_plane,full-synthetic-development-v1/END_FACE_TRANSITION_PRESENT/g0/m1/r0/DROPOUT_ONLY/open3d_point_to_plane
full-synthetic-development-v1/END_FACE_TRANSITION_PRESENT/g0/m1/r0/DROPOUT_ONLY,END_FACE_TRANSITION_PRESENT,0,1850310744,1,1664898153,0,DROPOUT_ONLY,NEW_DEVELOPMENT_GENERATED,false,pcl_iterative_closest_point_with_normals,full-synthetic-development-v1/END_FACE_TRANSITION_PRESENT/g0/m1/r0/DROPOUT_ONLY/pcl_iterative_closest_point_with_normals
full-synthetic-development-v1/END_FACE_TRANSITION_PRESENT/g0/m1/r0/FULL_NOISE,END_FACE_TRANSITION_PRESENT,0,1850310744,1,1664898153,0,FULL_NOISE,NEW_DEVELOPMENT_GENERATED,false,open3d_point_to_plane,full-synthetic-development-v1/END_FACE_TRANSITION_PRESENT/g0/m1/r0/FULL_NOISE/open3d_point_to_plane
full-synthetic-development-v1/END_FACE_TRANSITION_PRESENT/g0/m1/r0/FULL_NOISE,END_FACE_TRANSITION_PRESENT,0,1850310744,1,1664898153,0,FULL_NOISE,NEW_DEVELOPMENT_GENERATED,false,pcl_iterative_closest_point_with_normals,full-synthetic-development-v1/END_FACE_TRANSITION_PRESENT/g0/m1/r0/FULL_NOISE/pcl_iterative_closest_point_with_normals
full-synthetic-development-v1/END_FACE_TRANSITION_PRESENT/g0/m1/r1/INDEPENDENT_NOISE_FREE,END_FACE_TRANSITION_PRESENT,0,1850310744,1,1664898153,1,INDEPENDENT_NOISE_FREE,NEW_DEVELOPMENT_GENERATED,false,open3d_point_to_plane,full-synthetic-development-v1/END_FACE_TRANSITION_PRESENT/g0/m1/r1/INDEPENDENT_NOISE_FREE/open3d_point_to_plane
full-synthetic-development-v1/END_FACE_TRANSITION_PRESENT/g0/m1/r1/INDEPENDENT_NOISE_FREE,END_FACE_TRANSITION_PRESENT,0,1850310744,1,1664898153,1,INDEPENDENT_NOISE_FREE,NEW_DEVELOPMENT_GENERATED,false,pcl_iterative_closest_point_with_normals,full-synthetic-development-v1/END_FACE_TRANSITION_PRESENT/g0/m1/r1/INDEPENDENT_NOISE_FREE/pcl_iterative_closest_point_with_normals
full-synthetic-development-v1/END_FACE_TRANSITION_PRESENT/g0/m1/r1/SCAN_NOISE_ONLY,END_FACE_TRANSITION_PRESENT,0,1850310744,1,1664898153,1,SCAN_NOISE_ONLY,NEW_DEVELOPMENT_GENERATED,false,open3d_point_to_plane,full-synthetic-development-v1/END_FACE_TRANSITION_PRESENT/g0/m1/r1/SCAN_NOISE_ONLY/open3d_point_to_plane
full-synthetic-development-v1/END_FACE_TRANSITION_PRESENT/g0/m1/r1/SCAN_NOISE_ONLY,END_FACE_TRANSITION_PRESENT,0,1850310744,1,1664898153,1,SCAN_NOISE_ONLY,NEW_DEVELOPMENT_GENERATED,false,pcl_iterative_closest_point_with_normals,full-synthetic-development-v1/END_FACE_TRANSITION_PRESENT/g0/m1/r1/SCAN_NOISE_ONLY/pcl_iterative_closest_point_with_normals
full-synthetic-development-v1/END_FACE_TRANSITION_PRESENT/g0/m1/r1/MAP_NOISE_ONLY,END_FACE_TRANSITION_PRESENT,0,1850310744,1,1664898153,1,MAP_NOISE_ONLY,NEW_DEVELOPMENT_GENERATED,false,open3d_point_to_plane,full-synthetic-development-v1/END_FACE_TRANSITION_PRESENT/g0/m1/r1/MAP_NOISE_ONLY/open3d_point_to_plane
full-synthetic-development-v1/END_FACE_TRANSITION_PRESENT/g0/m1/r1/MAP_NOISE_ONLY,END_FACE_TRANSITION_PRESENT,0,1850310744,1,1664898153,1,MAP_NOISE_ONLY,NEW_DEVELOPMENT_GENERATED,false,pcl_iterative_closest_point_with_normals,full-synthetic-development-v1/END_FACE_TRANSITION_PRESENT/g0/m1/r1/MAP_NOISE_ONLY/pcl_iterative_closest_point_with_normals
full-synthetic-development-v1/END_FACE_TRANSITION_PRESENT/g0/m1/r1/DROPOUT_ONLY,END_FACE_TRANSITION_PRESENT,0,1850310744,1,1664898153,1,DROPOUT_ONLY,NEW_DEVELOPMENT_GENERATED,false,open3d_point_to_plane,full-synthetic-development-v1/END_FACE_TRANSITION_PRESENT/g0/m1/r1/DROPOUT_ONLY/open3d_point_to_plane
full-synthetic-development-v1/END_FACE_TRANSITION_PRESENT/g0/m1/r1/DROPOUT_ONLY,END_FACE_TRANSITION_PRESENT,0,1850310744,1,1664898153,1,DROPOUT_ONLY,NEW_DEVELOPMENT_GENERATED,false,pcl_iterative_closest_point_with_normals,full-synthetic-development-v1/END_FACE_TRANSITION_PRESENT/g0/m1/r1/DROPOUT_ONLY/pcl_iterative_closest_point_with_normals
full-synthetic-development-v1/END_FACE_TRANSITION_PRESENT/g0/m1/r1/FULL_NOISE,END_FACE_TRANSITION_PRESENT,0,1850310744,1,1664898153,1,FULL_NOISE,NEW_DEVELOPMENT_GENERATED,false,open3d_point_to_plane,full-synthetic-development-v1/END_FACE_TRANSITION_PRESENT/g0/m1/r1/FULL_NOISE/open3d_point_to_plane
full-synthetic-development-v1/END_FACE_TRANSITION_PRESENT/g0/m1/r1/FULL_NOISE,END_FACE_TRANSITION_PRESENT,0,1850310744,1,1664898153,1,FULL_NOISE,NEW_DEVELOPMENT_GENERATED,false,pcl_iterative_closest_point_with_normals,full-synthetic-development-v1/END_FACE_TRANSITION_PRESENT/g0/m1/r1/FULL_NOISE/pcl_iterative_closest_point_with_normals
full-synthetic-development-v1/END_FACE_TRANSITION_PRESENT/g0/m1/r2/INDEPENDENT_NOISE_FREE,END_FACE_TRANSITION_PRESENT,0,1850310744,1,1664898153,2,INDEPENDENT_NOISE_FREE,NEW_DEVELOPMENT_GENERATED,false,open3d_point_to_plane,full-synthetic-development-v1/END_FACE_TRANSITION_PRESENT/g0/m1/r2/INDEPENDENT_NOISE_FREE/open3d_point_to_plane
full-synthetic-development-v1/END_FACE_TRANSITION_PRESENT/g0/m1/r2/INDEPENDENT_NOISE_FREE,END_FACE_TRANSITION_PRESENT,0,1850310744,1,1664898153,2,INDEPENDENT_NOISE_FREE,NEW_DEVELOPMENT_GENERATED,false,pcl_iterative_closest_point_with_normals,full-synthetic-development-v1/END_FACE_TRANSITION_PRESENT/g0/m1/r2/INDEPENDENT_NOISE_FREE/pcl_iterative_closest_point_with_normals
full-synthetic-development-v1/END_FACE_TRANSITION_PRESENT/g0/m1/r2/SCAN_NOISE_ONLY,END_FACE_TRANSITION_PRESENT,0,1850310744,1,1664898153,2,SCAN_NOISE_ONLY,NEW_DEVELOPMENT_GENERATED,false,open3d_point_to_plane,full-synthetic-development-v1/END_FACE_TRANSITION_PRESENT/g0/m1/r2/SCAN_NOISE_ONLY/open3d_point_to_plane
full-synthetic-development-v1/END_FACE_TRANSITION_PRESENT/g0/m1/r2/SCAN_NOISE_ONLY,END_FACE_TRANSITION_PRESENT,0,1850310744,1,1664898153,2,SCAN_NOISE_ONLY,NEW_DEVELOPMENT_GENERATED,false,pcl_iterative_closest_point_with_normals,full-synthetic-development-v1/END_FACE_TRANSITION_PRESENT/g0/m1/r2/SCAN_NOISE_ONLY/pcl_iterative_closest_point_with_normals
full-synthetic-development-v1/END_FACE_TRANSITION_PRESENT/g0/m1/r2/MAP_NOISE_ONLY,END_FACE_TRANSITION_PRESENT,0,1850310744,1,1664898153,2,MAP_NOISE_ONLY,NEW_DEVELOPMENT_GENERATED,false,open3d_point_to_plane,full-synthetic-development-v1/END_FACE_TRANSITION_PRESENT/g0/m1/r2/MAP_NOISE_ONLY/open3d_point_to_plane
full-synthetic-development-v1/END_FACE_TRANSITION_PRESENT/g0/m1/r2/MAP_NOISE_ONLY,END_FACE_TRANSITION_PRESENT,0,1850310744,1,1664898153,2,MAP_NOISE_ONLY,NEW_DEVELOPMENT_GENERATED,false,pcl_iterative_closest_point_with_normals,full-synthetic-development-v1/END_FACE_TRANSITION_PRESENT/g0/m1/r2/MAP_NOISE_ONLY/pcl_iterative_closest_point_with_normals
full-synthetic-development-v1/END_FACE_TRANSITION_PRESENT/g0/m1/r2/DROPOUT_ONLY,END_FACE_TRANSITION_PRESENT,0,1850310744,1,1664898153,2,DROPOUT_ONLY,NEW_DEVELOPMENT_GENERATED,false,open3d_point_to_plane,full-synthetic-development-v1/END_FACE_TRANSITION_PRESENT/g0/m1/r2/DROPOUT_ONLY/open3d_point_to_plane
full-synthetic-development-v1/END_FACE_TRANSITION_PRESENT/g0/m1/r2/DROPOUT_ONLY,END_FACE_TRANSITION_PRESENT,0,1850310744,1,1664898153,2,DROPOUT_ONLY,NEW_DEVELOPMENT_GENERATED,false,pcl_iterative_closest_point_with_normals,full-synthetic-development-v1/END_FACE_TRANSITION_PRESENT/g0/m1/r2/DROPOUT_ONLY/pcl_iterative_closest_point_with_normals
full-synthetic-development-v1/END_FACE_TRANSITION_PRESENT/g0/m1/r2/FULL_NOISE,END_FACE_TRANSITION_PRESENT,0,1850310744,1,1664898153,2,FULL_NOISE,NEW_DEVELOPMENT_GENERATED,false,open3d_point_to_plane,full-synthetic-development-v1/END_FACE_TRANSITION_PRESENT/g0/m1/r2/FULL_NOISE/open3d_point_to_plane
full-synthetic-development-v1/END_FACE_TRANSITION_PRESENT/g0/m1/r2/FULL_NOISE,END_FACE_TRANSITION_PRESENT,0,1850310744,1,1664898153,2,FULL_NOISE,NEW_DEVELOPMENT_GENERATED,false,pcl_iterative_closest_point_with_normals,full-synthetic-development-v1/END_FACE_TRANSITION_PRESENT/g0/m1/r2/FULL_NOISE/pcl_iterative_closest_point_with_normals
full-synthetic-development-v1/END_FACE_TRANSITION_PRESENT/g0/m1/r3/INDEPENDENT_NOISE_FREE,END_FACE_TRANSITION_PRESENT,0,1850310744,1,1664898153,3,INDEPENDENT_NOISE_FREE,NEW_DEVELOPMENT_GENERATED,false,open3d_point_to_plane,full-synthetic-development-v1/END_FACE_TRANSITION_PRESENT/g0/m1/r3/INDEPENDENT_NOISE_FREE/open3d_point_to_plane
full-synthetic-development-v1/END_FACE_TRANSITION_PRESENT/g0/m1/r3/INDEPENDENT_NOISE_FREE,END_FACE_TRANSITION_PRESENT,0,1850310744,1,1664898153,3,INDEPENDENT_NOISE_FREE,NEW_DEVELOPMENT_GENERATED,false,pcl_iterative_closest_point_with_normals,full-synthetic-development-v1/END_FACE_TRANSITION_PRESENT/g0/m1/r3/INDEPENDENT_NOISE_FREE/pcl_iterative_closest_point_with_normals
full-synthetic-development-v1/END_FACE_TRANSITION_PRESENT/g0/m1/r3/SCAN_NOISE_ONLY,END_FACE_TRANSITION_PRESENT,0,1850310744,1,1664898153,3,SCAN_NOISE_ONLY,NEW_DEVELOPMENT_GENERATED,false,open3d_point_to_plane,full-synthetic-development-v1/END_FACE_TRANSITION_PRESENT/g0/m1/r3/SCAN_NOISE_ONLY/open3d_point_to_plane
full-synthetic-development-v1/END_FACE_TRANSITION_PRESENT/g0/m1/r3/SCAN_NOISE_ONLY,END_FACE_TRANSITION_PRESENT,0,1850310744,1,1664898153,3,SCAN_NOISE_ONLY,NEW_DEVELOPMENT_GENERATED,false,pcl_iterative_closest_point_with_normals,full-synthetic-development-v1/END_FACE_TRANSITION_PRESENT/g0/m1/r3/SCAN_NOISE_ONLY/pcl_iterative_closest_point_with_normals
full-synthetic-development-v1/END_FACE_TRANSITION_PRESENT/g0/m1/r3/MAP_NOISE_ONLY,END_FACE_TRANSITION_PRESENT,0,1850310744,1,1664898153,3,MAP_NOISE_ONLY,NEW_DEVELOPMENT_GENERATED,false,open3d_point_to_plane,full-synthetic-development-v1/END_FACE_TRANSITION_PRESENT/g0/m1/r3/MAP_NOISE_ONLY/open3d_point_to_plane
full-synthetic-development-v1/END_FACE_TRANSITION_PRESENT/g0/m1/r3/MAP_NOISE_ONLY,END_FACE_TRANSITION_PRESENT,0,1850310744,1,1664898153,3,MAP_NOISE_ONLY,NEW_DEVELOPMENT_GENERATED,false,pcl_iterative_closest_point_with_normals,full-synthetic-development-v1/END_FACE_TRANSITION_PRESENT/g0/m1/r3/MAP_NOISE_ONLY/pcl_iterative_closest_point_with_normals
full-synthetic-development-v1/END_FACE_TRANSITION_PRESENT/g0/m1/r3/DROPOUT_ONLY,END_FACE_TRANSITION_PRESENT,0,1850310744,1,1664898153,3,DROPOUT_ONLY,NEW_DEVELOPMENT_GENERATED,false,open3d_point_to_plane,full-synthetic-development-v1/END_FACE_TRANSITION_PRESENT/g0/m1/r3/DROPOUT_ONLY/open3d_point_to_plane
full-synthetic-development-v1/END_FACE_TRANSITION_PRESENT/g0/m1/r3/DROPOUT_ONLY,END_FACE_TRANSITION_PRESENT,0,1850310744,1,1664898153,3,DROPOUT_ONLY,NEW_DEVELOPMENT_GENERATED,false,pcl_iterative_closest_point_with_normals,full-synthetic-development-v1/END_FACE_TRANSITION_PRESENT/g0/m1/r3/DROPOUT_ONLY/pcl_iterative_closest_point_with_normals
full-synthetic-development-v1/END_FACE_TRANSITION_PRESENT/g0/m1/r3/FULL_NOISE,END_FACE_TRANSITION_PRESENT,0,1850310744,1,1664898153,3,FULL_NOISE,NEW_DEVELOPMENT_GENERATED,false,open3d_point_to_plane,full-synthetic-development-v1/END_FACE_TRANSITION_PRESENT/g0/m1/r3/FULL_NOISE/open3d_point_to_plane
full-synthetic-development-v1/END_FACE_TRANSITION_PRESENT/g0/m1/r3/FULL_NOISE,END_FACE_TRANSITION_PRESENT,0,1850310744,1,1664898153,3,FULL_NOISE,NEW_DEVELOPMENT_GENERATED,false,pcl_iterative_closest_point_with_normals,full-synthetic-development-v1/END_FACE_TRANSITION_PRESENT/g0/m1/r3/FULL_NOISE/pcl_iterative_closest_point_with_normals
full-synthetic-development-v1/END_FACE_TRANSITION_PRESENT/g0/m1/r4/INDEPENDENT_NOISE_FREE,END_FACE_TRANSITION_PRESENT,0,1850310744,1,1664898153,4,INDEPENDENT_NOISE_FREE,NEW_DEVELOPMENT_GENERATED,false,open3d_point_to_plane,full-synthetic-development-v1/END_FACE_TRANSITION_PRESENT/g0/m1/r4/INDEPENDENT_NOISE_FREE/open3d_point_to_plane
full-synthetic-development-v1/END_FACE_TRANSITION_PRESENT/g0/m1/r4/INDEPENDENT_NOISE_FREE,END_FACE_TRANSITION_PRESENT,0,1850310744,1,1664898153,4,INDEPENDENT_NOISE_FREE,NEW_DEVELOPMENT_GENERATED,false,pcl_iterative_closest_point_with_normals,full-synthetic-development-v1/END_FACE_TRANSITION_PRESENT/g0/m1/r4/INDEPENDENT_NOISE_FREE/pcl_iterative_closest_point_with_normals
full-synthetic-development-v1/END_FACE_TRANSITION_PRESENT/g0/m1/r4/SCAN_NOISE_ONLY,END_FACE_TRANSITION_PRESENT,0,1850310744,1,1664898153,4,SCAN_NOISE_ONLY,NEW_DEVELOPMENT_GENERATED,false,open3d_point_to_plane,full-synthetic-development-v1/END_FACE_TRANSITION_PRESENT/g0/m1/r4/SCAN_NOISE_ONLY/open3d_point_to_plane
full-synthetic-development-v1/END_FACE_TRANSITION_PRESENT/g0/m1/r4/SCAN_NOISE_ONLY,END_FACE_TRANSITION_PRESENT,0,1850310744,1,1664898153,4,SCAN_NOISE_ONLY,NEW_DEVELOPMENT_GENERATED,false,pcl_iterative_closest_point_with_normals,full-synthetic-development-v1/END_FACE_TRANSITION_PRESENT/g0/m1/r4/SCAN_NOISE_ONLY/pcl_iterative_closest_point_with_normals
full-synthetic-development-v1/END_FACE_TRANSITION_PRESENT/g0/m1/r4/MAP_NOISE_ONLY,END_FACE_TRANSITION_PRESENT,0,1850310744,1,1664898153,4,MAP_NOISE_ONLY,NEW_DEVELOPMENT_GENERATED,false,open3d_point_to_plane,full-synthetic-development-v1/END_FACE_TRANSITION_PRESENT/g0/m1/r4/MAP_NOISE_ONLY/open3d_point_to_plane
full-synthetic-development-v1/END_FACE_TRANSITION_PRESENT/g0/m1/r4/MAP_NOISE_ONLY,END_FACE_TRANSITION_PRESENT,0,1850310744,1,1664898153,4,MAP_NOISE_ONLY,NEW_DEVELOPMENT_GENERATED,false,pcl_iterative_closest_point_with_normals,full-synthetic-development-v1/END_FACE_TRANSITION_PRESENT/g0/m1/r4/MAP_NOISE_ONLY/pcl_iterative_closest_point_with_normals
full-synthetic-development-v1/END_FACE_TRANSITION_PRESENT/g0/m1/r4/DROPOUT_ONLY,END_FACE_TRANSITION_PRESENT,0,1850310744,1,1664898153,4,DROPOUT_ONLY,NEW_DEVELOPMENT_GENERATED,false,open3d_point_to_plane,full-synthetic-development-v1/END_FACE_TRANSITION_PRESENT/g0/m1/r4/DROPOUT_ONLY/open3d_point_to_plane
full-synthetic-development-v1/END_FACE_TRANSITION_PRESENT/g0/m1/r4/DROPOUT_ONLY,END_FACE_TRANSITION_PRESENT,0,1850310744,1,1664898153,4,DROPOUT_ONLY,NEW_DEVELOPMENT_GENERATED,false,pcl_iterative_closest_point_with_normals,full-synthetic-development-v1/END_FACE_TRANSITION_PRESENT/g0/m1/r4/DROPOUT_ONLY/pcl_iterative_closest_point_with_normals
full-synthetic-development-v1/END_FACE_TRANSITION_PRESENT/g0/m1/r4/FULL_NOISE,END_FACE_TRANSITION_PRESENT,0,1850310744,1,1664898153,4,FULL_NOISE,NEW_DEVELOPMENT_GENERATED,false,open3d_point_to_plane,full-synthetic-development-v1/END_FACE_TRANSITION_PRESENT/g0/m1/r4/FULL_NOISE/open3d_point_to_plane
full-synthetic-development-v1/END_FACE_TRANSITION_PRESENT/g0/m1/r4/FULL_NOISE,END_FACE_TRANSITION_PRESENT,0,1850310744,1,1664898153,4,FULL_NOISE,NEW_DEVELOPMENT_GENERATED,false,pcl_iterative_closest_point_with_normals,full-synthetic-development-v1/END_FACE_TRANSITION_PRESENT/g0/m1/r4/FULL_NOISE/pcl_iterative_closest_point_with_normals
phase-b-signal-v1/END_FACE_TRANSITION_PRESENT/g1/INDEPENDENT_NOISE_FREE,END_FACE_TRANSITION_PRESENT,1,1957656152,0,217775206,0,INDEPENDENT_NOISE_FREE,NEW_DEVELOPMENT_GENERATED,true,open3d_point_to_plane,phase-b-signal-v1/END_FACE_TRANSITION_PRESENT/g1/INDEPENDENT_NOISE_FREE/open3d_point_to_plane
phase-b-signal-v1/END_FACE_TRANSITION_PRESENT/g1/INDEPENDENT_NOISE_FREE,END_FACE_TRANSITION_PRESENT,1,1957656152,0,217775206,0,INDEPENDENT_NOISE_FREE,NEW_DEVELOPMENT_GENERATED,true,pcl_iterative_closest_point_with_normals,phase-b-signal-v1/END_FACE_TRANSITION_PRESENT/g1/INDEPENDENT_NOISE_FREE/pcl_iterative_closest_point_with_normals
full-synthetic-development-v1/END_FACE_TRANSITION_PRESENT/g1/m0/r0/SCAN_NOISE_ONLY,END_FACE_TRANSITION_PRESENT,1,1957656152,0,217775206,0,SCAN_NOISE_ONLY,NEW_DEVELOPMENT_GENERATED,false,open3d_point_to_plane,full-synthetic-development-v1/END_FACE_TRANSITION_PRESENT/g1/m0/r0/SCAN_NOISE_ONLY/open3d_point_to_plane
full-synthetic-development-v1/END_FACE_TRANSITION_PRESENT/g1/m0/r0/SCAN_NOISE_ONLY,END_FACE_TRANSITION_PRESENT,1,1957656152,0,217775206,0,SCAN_NOISE_ONLY,NEW_DEVELOPMENT_GENERATED,false,pcl_iterative_closest_point_with_normals,full-synthetic-development-v1/END_FACE_TRANSITION_PRESENT/g1/m0/r0/SCAN_NOISE_ONLY/pcl_iterative_closest_point_with_normals
full-synthetic-development-v1/END_FACE_TRANSITION_PRESENT/g1/m0/r0/MAP_NOISE_ONLY,END_FACE_TRANSITION_PRESENT,1,1957656152,0,217775206,0,MAP_NOISE_ONLY,NEW_DEVELOPMENT_GENERATED,false,open3d_point_to_plane,full-synthetic-development-v1/END_FACE_TRANSITION_PRESENT/g1/m0/r0/MAP_NOISE_ONLY/open3d_point_to_plane
full-synthetic-development-v1/END_FACE_TRANSITION_PRESENT/g1/m0/r0/MAP_NOISE_ONLY,END_FACE_TRANSITION_PRESENT,1,1957656152,0,217775206,0,MAP_NOISE_ONLY,NEW_DEVELOPMENT_GENERATED,false,pcl_iterative_closest_point_with_normals,full-synthetic-development-v1/END_FACE_TRANSITION_PRESENT/g1/m0/r0/MAP_NOISE_ONLY/pcl_iterative_closest_point_with_normals
full-synthetic-development-v1/END_FACE_TRANSITION_PRESENT/g1/m0/r0/DROPOUT_ONLY,END_FACE_TRANSITION_PRESENT,1,1957656152,0,217775206,0,DROPOUT_ONLY,NEW_DEVELOPMENT_GENERATED,false,open3d_point_to_plane,full-synthetic-development-v1/END_FACE_TRANSITION_PRESENT/g1/m0/r0/DROPOUT_ONLY/open3d_point_to_plane
full-synthetic-development-v1/END_FACE_TRANSITION_PRESENT/g1/m0/r0/DROPOUT_ONLY,END_FACE_TRANSITION_PRESENT,1,1957656152,0,217775206,0,DROPOUT_ONLY,NEW_DEVELOPMENT_GENERATED,false,pcl_iterative_closest_point_with_normals,full-synthetic-development-v1/END_FACE_TRANSITION_PRESENT/g1/m0/r0/DROPOUT_ONLY/pcl_iterative_closest_point_with_normals
phase-b-signal-v1/END_FACE_TRANSITION_PRESENT/g1/FULL_NOISE,END_FACE_TRANSITION_PRESENT,1,1957656152,0,217775206,0,FULL_NOISE,NEW_DEVELOPMENT_GENERATED,true,open3d_point_to_plane,phase-b-signal-v1/END_FACE_TRANSITION_PRESENT/g1/FULL_NOISE/open3d_point_to_plane
phase-b-signal-v1/END_FACE_TRANSITION_PRESENT/g1/FULL_NOISE,END_FACE_TRANSITION_PRESENT,1,1957656152,0,217775206,0,FULL_NOISE,NEW_DEVELOPMENT_GENERATED,true,pcl_iterative_closest_point_with_normals,phase-b-signal-v1/END_FACE_TRANSITION_PRESENT/g1/FULL_NOISE/pcl_iterative_closest_point_with_normals
full-synthetic-development-v1/END_FACE_TRANSITION_PRESENT/g1/m0/r1/INDEPENDENT_NOISE_FREE,END_FACE_TRANSITION_PRESENT,1,1957656152,0,217775206,1,INDEPENDENT_NOISE_FREE,NEW_DEVELOPMENT_GENERATED,false,open3d_point_to_plane,full-synthetic-development-v1/END_FACE_TRANSITION_PRESENT/g1/m0/r1/INDEPENDENT_NOISE_FREE/open3d_point_to_plane
full-synthetic-development-v1/END_FACE_TRANSITION_PRESENT/g1/m0/r1/INDEPENDENT_NOISE_FREE,END_FACE_TRANSITION_PRESENT,1,1957656152,0,217775206,1,INDEPENDENT_NOISE_FREE,NEW_DEVELOPMENT_GENERATED,false,pcl_iterative_closest_point_with_normals,full-synthetic-development-v1/END_FACE_TRANSITION_PRESENT/g1/m0/r1/INDEPENDENT_NOISE_FREE/pcl_iterative_closest_point_with_normals
full-synthetic-development-v1/END_FACE_TRANSITION_PRESENT/g1/m0/r1/SCAN_NOISE_ONLY,END_FACE_TRANSITION_PRESENT,1,1957656152,0,217775206,1,SCAN_NOISE_ONLY,NEW_DEVELOPMENT_GENERATED,false,open3d_point_to_plane,full-synthetic-development-v1/END_FACE_TRANSITION_PRESENT/g1/m0/r1/SCAN_NOISE_ONLY/open3d_point_to_plane
full-synthetic-development-v1/END_FACE_TRANSITION_PRESENT/g1/m0/r1/SCAN_NOISE_ONLY,END_FACE_TRANSITION_PRESENT,1,1957656152,0,217775206,1,SCAN_NOISE_ONLY,NEW_DEVELOPMENT_GENERATED,false,pcl_iterative_closest_point_with_normals,full-synthetic-development-v1/END_FACE_TRANSITION_PRESENT/g1/m0/r1/SCAN_NOISE_ONLY/pcl_iterative_closest_point_with_normals
full-synthetic-development-v1/END_FACE_TRANSITION_PRESENT/g1/m0/r1/MAP_NOISE_ONLY,END_FACE_TRANSITION_PRESENT,1,1957656152,0,217775206,1,MAP_NOISE_ONLY,NEW_DEVELOPMENT_GENERATED,false,open3d_point_to_plane,full-synthetic-development-v1/END_FACE_TRANSITION_PRESENT/g1/m0/r1/MAP_NOISE_ONLY/open3d_point_to_plane
full-synthetic-development-v1/END_FACE_TRANSITION_PRESENT/g1/m0/r1/MAP_NOISE_ONLY,END_FACE_TRANSITION_PRESENT,1,1957656152,0,217775206,1,MAP_NOISE_ONLY,NEW_DEVELOPMENT_GENERATED,false,pcl_iterative_closest_point_with_normals,full-synthetic-development-v1/END_FACE_TRANSITION_PRESENT/g1/m0/r1/MAP_NOISE_ONLY/pcl_iterative_closest_point_with_normals
full-synthetic-development-v1/END_FACE_TRANSITION_PRESENT/g1/m0/r1/DROPOUT_ONLY,END_FACE_TRANSITION_PRESENT,1,1957656152,0,217775206,1,DROPOUT_ONLY,NEW_DEVELOPMENT_GENERATED,false,open3d_point_to_plane,full-synthetic-development-v1/END_FACE_TRANSITION_PRESENT/g1/m0/r1/DROPOUT_ONLY/open3d_point_to_plane
full-synthetic-development-v1/END_FACE_TRANSITION_PRESENT/g1/m0/r1/DROPOUT_ONLY,END_FACE_TRANSITION_PRESENT,1,1957656152,0,217775206,1,DROPOUT_ONLY,NEW_DEVELOPMENT_GENERATED,false,pcl_iterative_closest_point_with_normals,full-synthetic-development-v1/END_FACE_TRANSITION_PRESENT/g1/m0/r1/DROPOUT_ONLY/pcl_iterative_closest_point_with_normals
full-synthetic-development-v1/END_FACE_TRANSITION_PRESENT/g1/m0/r1/FULL_NOISE,END_FACE_TRANSITION_PRESENT,1,1957656152,0,217775206,1,FULL_NOISE,NEW_DEVELOPMENT_GENERATED,false,open3d_point_to_plane,full-synthetic-development-v1/END_FACE_TRANSITION_PRESENT/g1/m0/r1/FULL_NOISE/open3d_point_to_plane
full-synthetic-development-v1/END_FACE_TRANSITION_PRESENT/g1/m0/r1/FULL_NOISE,END_FACE_TRANSITION_PRESENT,1,1957656152,0,217775206,1,FULL_NOISE,NEW_DEVELOPMENT_GENERATED,false,pcl_iterative_closest_point_with_normals,full-synthetic-development-v1/END_FACE_TRANSITION_PRESENT/g1/m0/r1/FULL_NOISE/pcl_iterative_closest_point_with_normals
full-synthetic-development-v1/END_FACE_TRANSITION_PRESENT/g1/m0/r2/INDEPENDENT_NOISE_FREE,END_FACE_TRANSITION_PRESENT,1,1957656152,0,217775206,2,INDEPENDENT_NOISE_FREE,NEW_DEVELOPMENT_GENERATED,false,open3d_point_to_plane,full-synthetic-development-v1/END_FACE_TRANSITION_PRESENT/g1/m0/r2/INDEPENDENT_NOISE_FREE/open3d_point_to_plane
full-synthetic-development-v1/END_FACE_TRANSITION_PRESENT/g1/m0/r2/INDEPENDENT_NOISE_FREE,END_FACE_TRANSITION_PRESENT,1,1957656152,0,217775206,2,INDEPENDENT_NOISE_FREE,NEW_DEVELOPMENT_GENERATED,false,pcl_iterative_closest_point_with_normals,full-synthetic-development-v1/END_FACE_TRANSITION_PRESENT/g1/m0/r2/INDEPENDENT_NOISE_FREE/pcl_iterative_closest_point_with_normals
full-synthetic-development-v1/END_FACE_TRANSITION_PRESENT/g1/m0/r2/SCAN_NOISE_ONLY,END_FACE_TRANSITION_PRESENT,1,1957656152,0,217775206,2,SCAN_NOISE_ONLY,NEW_DEVELOPMENT_GENERATED,false,open3d_point_to_plane,full-synthetic-development-v1/END_FACE_TRANSITION_PRESENT/g1/m0/r2/SCAN_NOISE_ONLY/open3d_point_to_plane
full-synthetic-development-v1/END_FACE_TRANSITION_PRESENT/g1/m0/r2/SCAN_NOISE_ONLY,END_FACE_TRANSITION_PRESENT,1,1957656152,0,217775206,2,SCAN_NOISE_ONLY,NEW_DEVELOPMENT_GENERATED,false,pcl_iterative_closest_point_with_normals,full-synthetic-development-v1/END_FACE_TRANSITION_PRESENT/g1/m0/r2/SCAN_NOISE_ONLY/pcl_iterative_closest_point_with_normals
full-synthetic-development-v1/END_FACE_TRANSITION_PRESENT/g1/m0/r2/MAP_NOISE_ONLY,END_FACE_TRANSITION_PRESENT,1,1957656152,0,217775206,2,MAP_NOISE_ONLY,NEW_DEVELOPMENT_GENERATED,false,open3d_point_to_plane,full-synthetic-development-v1/END_FACE_TRANSITION_PRESENT/g1/m0/r2/MAP_NOISE_ONLY/open3d_point_to_plane
full-synthetic-development-v1/END_FACE_TRANSITION_PRESENT/g1/m0/r2/MAP_NOISE_ONLY,END_FACE_TRANSITION_PRESENT,1,1957656152,0,217775206,2,MAP_NOISE_ONLY,NEW_DEVELOPMENT_GENERATED,false,pcl_iterative_closest_point_with_normals,full-synthetic-development-v1/END_FACE_TRANSITION_PRESENT/g1/m0/r2/MAP_NOISE_ONLY/pcl_iterative_closest_point_with_normals
full-synthetic-development-v1/END_FACE_TRANSITION_PRESENT/g1/m0/r2/DROPOUT_ONLY,END_FACE_TRANSITION_PRESENT,1,1957656152,0,217775206,2,DROPOUT_ONLY,NEW_DEVELOPMENT_GENERATED,false,open3d_point_to_plane,full-synthetic-development-v1/END_FACE_TRANSITION_PRESENT/g1/m0/r2/DROPOUT_ONLY/open3d_point_to_plane
full-synthetic-development-v1/END_FACE_TRANSITION_PRESENT/g1/m0/r2/DROPOUT_ONLY,END_FACE_TRANSITION_PRESENT,1,1957656152,0,217775206,2,DROPOUT_ONLY,NEW_DEVELOPMENT_GENERATED,false,pcl_iterative_closest_point_with_normals,full-synthetic-development-v1/END_FACE_TRANSITION_PRESENT/g1/m0/r2/DROPOUT_ONLY/pcl_iterative_closest_point_with_normals
full-synthetic-development-v1/END_FACE_TRANSITION_PRESENT/g1/m0/r2/FULL_NOISE,END_FACE_TRANSITION_PRESENT,1,1957656152,0,217775206,2,FULL_NOISE,NEW_DEVELOPMENT_GENERATED,false,open3d_point_to_plane,full-synthetic-development-v1/END_FACE_TRANSITION_PRESENT/g1/m0/r2/FULL_NOISE/open3d_point_to_plane
full-synthetic-development-v1/END_FACE_TRANSITION_PRESENT/g1/m0/r2/FULL_NOISE,END_FACE_TRANSITION_PRESENT,1,1957656152,0,217775206,2,FULL_NOISE,NEW_DEVELOPMENT_GENERATED,false,pcl_iterative_closest_point_with_normals,full-synthetic-development-v1/END_FACE_TRANSITION_PRESENT/g1/m0/r2/FULL_NOISE/pcl_iterative_closest_point_with_normals
full-synthetic-development-v1/END_FACE_TRANSITION_PRESENT/g1/m0/r3/INDEPENDENT_NOISE_FREE,END_FACE_TRANSITION_PRESENT,1,1957656152,0,217775206,3,INDEPENDENT_NOISE_FREE,NEW_DEVELOPMENT_GENERATED,false,open3d_point_to_plane,full-synthetic-development-v1/END_FACE_TRANSITION_PRESENT/g1/m0/r3/INDEPENDENT_NOISE_FREE/open3d_point_to_plane
full-synthetic-development-v1/END_FACE_TRANSITION_PRESENT/g1/m0/r3/INDEPENDENT_NOISE_FREE,END_FACE_TRANSITION_PRESENT,1,1957656152,0,217775206,3,INDEPENDENT_NOISE_FREE,NEW_DEVELOPMENT_GENERATED,false,pcl_iterative_closest_point_with_normals,full-synthetic-development-v1/END_FACE_TRANSITION_PRESENT/g1/m0/r3/INDEPENDENT_NOISE_FREE/pcl_iterative_closest_point_with_normals
full-synthetic-development-v1/END_FACE_TRANSITION_PRESENT/g1/m0/r3/SCAN_NOISE_ONLY,END_FACE_TRANSITION_PRESENT,1,1957656152,0,217775206,3,SCAN_NOISE_ONLY,NEW_DEVELOPMENT_GENERATED,false,open3d_point_to_plane,full-synthetic-development-v1/END_FACE_TRANSITION_PRESENT/g1/m0/r3/SCAN_NOISE_ONLY/open3d_point_to_plane
full-synthetic-development-v1/END_FACE_TRANSITION_PRESENT/g1/m0/r3/SCAN_NOISE_ONLY,END_FACE_TRANSITION_PRESENT,1,1957656152,0,217775206,3,SCAN_NOISE_ONLY,NEW_DEVELOPMENT_GENERATED,false,pcl_iterative_closest_point_with_normals,full-synthetic-development-v1/END_FACE_TRANSITION_PRESENT/g1/m0/r3/SCAN_NOISE_ONLY/pcl_iterative_closest_point_with_normals
full-synthetic-development-v1/END_FACE_TRANSITION_PRESENT/g1/m0/r3/MAP_NOISE_ONLY,END_FACE_TRANSITION_PRESENT,1,1957656152,0,217775206,3,MAP_NOISE_ONLY,NEW_DEVELOPMENT_GENERATED,false,open3d_point_to_plane,full-synthetic-development-v1/END_FACE_TRANSITION_PRESENT/g1/m0/r3/MAP_NOISE_ONLY/open3d_point_to_plane
full-synthetic-development-v1/END_FACE_TRANSITION_PRESENT/g1/m0/r3/MAP_NOISE_ONLY,END_FACE_TRANSITION_PRESENT,1,1957656152,0,217775206,3,MAP_NOISE_ONLY,NEW_DEVELOPMENT_GENERATED,false,pcl_iterative_closest_point_with_normals,full-synthetic-development-v1/END_FACE_TRANSITION_PRESENT/g1/m0/r3/MAP_NOISE_ONLY/pcl_iterative_closest_point_with_normals
full-synthetic-development-v1/END_FACE_TRANSITION_PRESENT/g1/m0/r3/DROPOUT_ONLY,END_FACE_TRANSITION_PRESENT,1,1957656152,0,217775206,3,DROPOUT_ONLY,NEW_DEVELOPMENT_GENERATED,false,open3d_point_to_plane,full-synthetic-development-v1/END_FACE_TRANSITION_PRESENT/g1/m0/r3/DROPOUT_ONLY/open3d_point_to_plane
full-synthetic-development-v1/END_FACE_TRANSITION_PRESENT/g1/m0/r3/DROPOUT_ONLY,END_FACE_TRANSITION_PRESENT,1,1957656152,0,217775206,3,DROPOUT_ONLY,NEW_DEVELOPMENT_GENERATED,false,pcl_iterative_closest_point_with_normals,full-synthetic-development-v1/END_FACE_TRANSITION_PRESENT/g1/m0/r3/DROPOUT_ONLY/pcl_iterative_closest_point_with_normals
full-synthetic-development-v1/END_FACE_TRANSITION_PRESENT/g1/m0/r3/FULL_NOISE,END_FACE_TRANSITION_PRESENT,1,1957656152,0,217775206,3,FULL_NOISE,NEW_DEVELOPMENT_GENERATED,false,open3d_point_to_plane,full-synthetic-development-v1/END_FACE_TRANSITION_PRESENT/g1/m0/r3/FULL_NOISE/open3d_point_to_plane
full-synthetic-development-v1/END_FACE_TRANSITION_PRESENT/g1/m0/r3/FULL_NOISE,END_FACE_TRANSITION_PRESENT,1,1957656152,0,217775206,3,FULL_NOISE,NEW_DEVELOPMENT_GENERATED,false,pcl_iterative_closest_point_with_normals,full-synthetic-development-v1/END_FACE_TRANSITION_PRESENT/g1/m0/r3/FULL_NOISE/pcl_iterative_closest_point_with_normals
full-synthetic-development-v1/END_FACE_TRANSITION_PRESENT/g1/m0/r4/INDEPENDENT_NOISE_FREE,END_FACE_TRANSITION_PRESENT,1,1957656152,0,217775206,4,INDEPENDENT_NOISE_FREE,NEW_DEVELOPMENT_GENERATED,false,open3d_point_to_plane,full-synthetic-development-v1/END_FACE_TRANSITION_PRESENT/g1/m0/r4/INDEPENDENT_NOISE_FREE/open3d_point_to_plane
full-synthetic-development-v1/END_FACE_TRANSITION_PRESENT/g1/m0/r4/INDEPENDENT_NOISE_FREE,END_FACE_TRANSITION_PRESENT,1,1957656152,0,217775206,4,INDEPENDENT_NOISE_FREE,NEW_DEVELOPMENT_GENERATED,false,pcl_iterative_closest_point_with_normals,full-synthetic-development-v1/END_FACE_TRANSITION_PRESENT/g1/m0/r4/INDEPENDENT_NOISE_FREE/pcl_iterative_closest_point_with_normals
full-synthetic-development-v1/END_FACE_TRANSITION_PRESENT/g1/m0/r4/SCAN_NOISE_ONLY,END_FACE_TRANSITION_PRESENT,1,1957656152,0,217775206,4,SCAN_NOISE_ONLY,NEW_DEVELOPMENT_GENERATED,false,open3d_point_to_plane,full-synthetic-development-v1/END_FACE_TRANSITION_PRESENT/g1/m0/r4/SCAN_NOISE_ONLY/open3d_point_to_plane
full-synthetic-development-v1/END_FACE_TRANSITION_PRESENT/g1/m0/r4/SCAN_NOISE_ONLY,END_FACE_TRANSITION_PRESENT,1,1957656152,0,217775206,4,SCAN_NOISE_ONLY,NEW_DEVELOPMENT_GENERATED,false,pcl_iterative_closest_point_with_normals,full-synthetic-development-v1/END_FACE_TRANSITION_PRESENT/g1/m0/r4/SCAN_NOISE_ONLY/pcl_iterative_closest_point_with_normals
full-synthetic-development-v1/END_FACE_TRANSITION_PRESENT/g1/m0/r4/MAP_NOISE_ONLY,END_FACE_TRANSITION_PRESENT,1,1957656152,0,217775206,4,MAP_NOISE_ONLY,NEW_DEVELOPMENT_GENERATED,false,open3d_point_to_plane,full-synthetic-development-v1/END_FACE_TRANSITION_PRESENT/g1/m0/r4/MAP_NOISE_ONLY/open3d_point_to_plane
full-synthetic-development-v1/END_FACE_TRANSITION_PRESENT/g1/m0/r4/MAP_NOISE_ONLY,END_FACE_TRANSITION_PRESENT,1,1957656152,0,217775206,4,MAP_NOISE_ONLY,NEW_DEVELOPMENT_GENERATED,false,pcl_iterative_closest_point_with_normals,full-synthetic-development-v1/END_FACE_TRANSITION_PRESENT/g1/m0/r4/MAP_NOISE_ONLY/pcl_iterative_closest_point_with_normals
full-synthetic-development-v1/END_FACE_TRANSITION_PRESENT/g1/m0/r4/DROPOUT_ONLY,END_FACE_TRANSITION_PRESENT,1,1957656152,0,217775206,4,DROPOUT_ONLY,NEW_DEVELOPMENT_GENERATED,false,open3d_point_to_plane,full-synthetic-development-v1/END_FACE_TRANSITION_PRESENT/g1/m0/r4/DROPOUT_ONLY/open3d_point_to_plane
full-synthetic-development-v1/END_FACE_TRANSITION_PRESENT/g1/m0/r4/DROPOUT_ONLY,END_FACE_TRANSITION_PRESENT,1,1957656152,0,217775206,4,DROPOUT_ONLY,NEW_DEVELOPMENT_GENERATED,false,pcl_iterative_closest_point_with_normals,full-synthetic-development-v1/END_FACE_TRANSITION_PRESENT/g1/m0/r4/DROPOUT_ONLY/pcl_iterative_closest_point_with_normals
full-synthetic-development-v1/END_FACE_TRANSITION_PRESENT/g1/m0/r4/FULL_NOISE,END_FACE_TRANSITION_PRESENT,1,1957656152,0,217775206,4,FULL_NOISE,NEW_DEVELOPMENT_GENERATED,false,open3d_point_to_plane,full-synthetic-development-v1/END_FACE_TRANSITION_PRESENT/g1/m0/r4/FULL_NOISE/open3d_point_to_plane
full-synthetic-development-v1/END_FACE_TRANSITION_PRESENT/g1/m0/r4/FULL_NOISE,END_FACE_TRANSITION_PRESENT,1,1957656152,0,217775206,4,FULL_NOISE,NEW_DEVELOPMENT_GENERATED,false,pcl_iterative_closest_point_with_normals,full-synthetic-development-v1/END_FACE_TRANSITION_PRESENT/g1/m0/r4/FULL_NOISE/pcl_iterative_closest_point_with_normals
full-synthetic-development-v1/END_FACE_TRANSITION_PRESENT/g1/m1/r0/INDEPENDENT_NOISE_FREE,END_FACE_TRANSITION_PRESENT,1,1957656152,1,1664898153,0,INDEPENDENT_NOISE_FREE,NEW_DEVELOPMENT_GENERATED,false,open3d_point_to_plane,full-synthetic-development-v1/END_FACE_TRANSITION_PRESENT/g1/m1/r0/INDEPENDENT_NOISE_FREE/open3d_point_to_plane
full-synthetic-development-v1/END_FACE_TRANSITION_PRESENT/g1/m1/r0/INDEPENDENT_NOISE_FREE,END_FACE_TRANSITION_PRESENT,1,1957656152,1,1664898153,0,INDEPENDENT_NOISE_FREE,NEW_DEVELOPMENT_GENERATED,false,pcl_iterative_closest_point_with_normals,full-synthetic-development-v1/END_FACE_TRANSITION_PRESENT/g1/m1/r0/INDEPENDENT_NOISE_FREE/pcl_iterative_closest_point_with_normals
full-synthetic-development-v1/END_FACE_TRANSITION_PRESENT/g1/m1/r0/SCAN_NOISE_ONLY,END_FACE_TRANSITION_PRESENT,1,1957656152,1,1664898153,0,SCAN_NOISE_ONLY,NEW_DEVELOPMENT_GENERATED,false,open3d_point_to_plane,full-synthetic-development-v1/END_FACE_TRANSITION_PRESENT/g1/m1/r0/SCAN_NOISE_ONLY/open3d_point_to_plane
full-synthetic-development-v1/END_FACE_TRANSITION_PRESENT/g1/m1/r0/SCAN_NOISE_ONLY,END_FACE_TRANSITION_PRESENT,1,1957656152,1,1664898153,0,SCAN_NOISE_ONLY,NEW_DEVELOPMENT_GENERATED,false,pcl_iterative_closest_point_with_normals,full-synthetic-development-v1/END_FACE_TRANSITION_PRESENT/g1/m1/r0/SCAN_NOISE_ONLY/pcl_iterative_closest_point_with_normals
full-synthetic-development-v1/END_FACE_TRANSITION_PRESENT/g1/m1/r0/MAP_NOISE_ONLY,END_FACE_TRANSITION_PRESENT,1,1957656152,1,1664898153,0,MAP_NOISE_ONLY,NEW_DEVELOPMENT_GENERATED,false,open3d_point_to_plane,full-synthetic-development-v1/END_FACE_TRANSITION_PRESENT/g1/m1/r0/MAP_NOISE_ONLY/open3d_point_to_plane
full-synthetic-development-v1/END_FACE_TRANSITION_PRESENT/g1/m1/r0/MAP_NOISE_ONLY,END_FACE_TRANSITION_PRESENT,1,1957656152,1,1664898153,0,MAP_NOISE_ONLY,NEW_DEVELOPMENT_GENERATED,false,pcl_iterative_closest_point_with_normals,full-synthetic-development-v1/END_FACE_TRANSITION_PRESENT/g1/m1/r0/MAP_NOISE_ONLY/pcl_iterative_closest_point_with_normals
full-synthetic-development-v1/END_FACE_TRANSITION_PRESENT/g1/m1/r0/DROPOUT_ONLY,END_FACE_TRANSITION_PRESENT,1,1957656152,1,1664898153,0,DROPOUT_ONLY,NEW_DEVELOPMENT_GENERATED,false,open3d_point_to_plane,full-synthetic-development-v1/END_FACE_TRANSITION_PRESENT/g1/m1/r0/DROPOUT_ONLY/open3d_point_to_plane
full-synthetic-development-v1/END_FACE_TRANSITION_PRESENT/g1/m1/r0/DROPOUT_ONLY,END_FACE_TRANSITION_PRESENT,1,1957656152,1,1664898153,0,DROPOUT_ONLY,NEW_DEVELOPMENT_GENERATED,false,pcl_iterative_closest_point_with_normals,full-synthetic-development-v1/END_FACE_TRANSITION_PRESENT/g1/m1/r0/DROPOUT_ONLY/pcl_iterative_closest_point_with_normals
full-synthetic-development-v1/END_FACE_TRANSITION_PRESENT/g1/m1/r0/FULL_NOISE,END_FACE_TRANSITION_PRESENT,1,1957656152,1,1664898153,0,FULL_NOISE,NEW_DEVELOPMENT_GENERATED,false,open3d_point_to_plane,full-synthetic-development-v1/END_FACE_TRANSITION_PRESENT/g1/m1/r0/FULL_NOISE/open3d_point_to_plane
full-synthetic-development-v1/END_FACE_TRANSITION_PRESENT/g1/m1/r0/FULL_NOISE,END_FACE_TRANSITION_PRESENT,1,1957656152,1,1664898153,0,FULL_NOISE,NEW_DEVELOPMENT_GENERATED,false,pcl_iterative_closest_point_with_normals,full-synthetic-development-v1/END_FACE_TRANSITION_PRESENT/g1/m1/r0/FULL_NOISE/pcl_iterative_closest_point_with_normals
full-synthetic-development-v1/END_FACE_TRANSITION_PRESENT/g1/m1/r1/INDEPENDENT_NOISE_FREE,END_FACE_TRANSITION_PRESENT,1,1957656152,1,1664898153,1,INDEPENDENT_NOISE_FREE,NEW_DEVELOPMENT_GENERATED,false,open3d_point_to_plane,full-synthetic-development-v1/END_FACE_TRANSITION_PRESENT/g1/m1/r1/INDEPENDENT_NOISE_FREE/open3d_point_to_plane
full-synthetic-development-v1/END_FACE_TRANSITION_PRESENT/g1/m1/r1/INDEPENDENT_NOISE_FREE,END_FACE_TRANSITION_PRESENT,1,1957656152,1,1664898153,1,INDEPENDENT_NOISE_FREE,NEW_DEVELOPMENT_GENERATED,false,pcl_iterative_closest_point_with_normals,full-synthetic-development-v1/END_FACE_TRANSITION_PRESENT/g1/m1/r1/INDEPENDENT_NOISE_FREE/pcl_iterative_closest_point_with_normals
full-synthetic-development-v1/END_FACE_TRANSITION_PRESENT/g1/m1/r1/SCAN_NOISE_ONLY,END_FACE_TRANSITION_PRESENT,1,1957656152,1,1664898153,1,SCAN_NOISE_ONLY,NEW_DEVELOPMENT_GENERATED,false,open3d_point_to_plane,full-synthetic-development-v1/END_FACE_TRANSITION_PRESENT/g1/m1/r1/SCAN_NOISE_ONLY/open3d_point_to_plane
full-synthetic-development-v1/END_FACE_TRANSITION_PRESENT/g1/m1/r1/SCAN_NOISE_ONLY,END_FACE_TRANSITION_PRESENT,1,1957656152,1,1664898153,1,SCAN_NOISE_ONLY,NEW_DEVELOPMENT_GENERATED,false,pcl_iterative_closest_point_with_normals,full-synthetic-development-v1/END_FACE_TRANSITION_PRESENT/g1/m1/r1/SCAN_NOISE_ONLY/pcl_iterative_closest_point_with_normals
full-synthetic-development-v1/END_FACE_TRANSITION_PRESENT/g1/m1/r1/MAP_NOISE_ONLY,END_FACE_TRANSITION_PRESENT,1,1957656152,1,1664898153,1,MAP_NOISE_ONLY,NEW_DEVELOPMENT_GENERATED,false,open3d_point_to_plane,full-synthetic-development-v1/END_FACE_TRANSITION_PRESENT/g1/m1/r1/MAP_NOISE_ONLY/open3d_point_to_plane
full-synthetic-development-v1/END_FACE_TRANSITION_PRESENT/g1/m1/r1/MAP_NOISE_ONLY,END_FACE_TRANSITION_PRESENT,1,1957656152,1,1664898153,1,MAP_NOISE_ONLY,NEW_DEVELOPMENT_GENERATED,false,pcl_iterative_closest_point_with_normals,full-synthetic-development-v1/END_FACE_TRANSITION_PRESENT/g1/m1/r1/MAP_NOISE_ONLY/pcl_iterative_closest_point_with_normals
full-synthetic-development-v1/END_FACE_TRANSITION_PRESENT/g1/m1/r1/DROPOUT_ONLY,END_FACE_TRANSITION_PRESENT,1,1957656152,1,1664898153,1,DROPOUT_ONLY,NEW_DEVELOPMENT_GENERATED,false,open3d_point_to_plane,full-synthetic-development-v1/END_FACE_TRANSITION_PRESENT/g1/m1/r1/DROPOUT_ONLY/open3d_point_to_plane
full-synthetic-development-v1/END_FACE_TRANSITION_PRESENT/g1/m1/r1/DROPOUT_ONLY,END_FACE_TRANSITION_PRESENT,1,1957656152,1,1664898153,1,DROPOUT_ONLY,NEW_DEVELOPMENT_GENERATED,false,pcl_iterative_closest_point_with_normals,full-synthetic-development-v1/END_FACE_TRANSITION_PRESENT/g1/m1/r1/DROPOUT_ONLY/pcl_iterative_closest_point_with_normals
full-synthetic-development-v1/END_FACE_TRANSITION_PRESENT/g1/m1/r1/FULL_NOISE,END_FACE_TRANSITION_PRESENT,1,1957656152,1,1664898153,1,FULL_NOISE,NEW_DEVELOPMENT_GENERATED,false,open3d_point_to_plane,full-synthetic-development-v1/END_FACE_TRANSITION_PRESENT/g1/m1/r1/FULL_NOISE/open3d_point_to_plane
full-synthetic-development-v1/END_FACE_TRANSITION_PRESENT/g1/m1/r1/FULL_NOISE,END_FACE_TRANSITION_PRESENT,1,1957656152,1,1664898153,1,FULL_NOISE,NEW_DEVELOPMENT_GENERATED,false,pcl_iterative_closest_point_with_normals,full-synthetic-development-v1/END_FACE_TRANSITION_PRESENT/g1/m1/r1/FULL_NOISE/pcl_iterative_closest_point_with_normals
full-synthetic-development-v1/END_FACE_TRANSITION_PRESENT/g1/m1/r2/INDEPENDENT_NOISE_FREE,END_FACE_TRANSITION_PRESENT,1,1957656152,1,1664898153,2,INDEPENDENT_NOISE_FREE,NEW_DEVELOPMENT_GENERATED,false,open3d_point_to_plane,full-synthetic-development-v1/END_FACE_TRANSITION_PRESENT/g1/m1/r2/INDEPENDENT_NOISE_FREE/open3d_point_to_plane
full-synthetic-development-v1/END_FACE_TRANSITION_PRESENT/g1/m1/r2/INDEPENDENT_NOISE_FREE,END_FACE_TRANSITION_PRESENT,1,1957656152,1,1664898153,2,INDEPENDENT_NOISE_FREE,NEW_DEVELOPMENT_GENERATED,false,pcl_iterative_closest_point_with_normals,full-synthetic-development-v1/END_FACE_TRANSITION_PRESENT/g1/m1/r2/INDEPENDENT_NOISE_FREE/pcl_iterative_closest_point_with_normals
full-synthetic-development-v1/END_FACE_TRANSITION_PRESENT/g1/m1/r2/SCAN_NOISE_ONLY,END_FACE_TRANSITION_PRESENT,1,1957656152,1,1664898153,2,SCAN_NOISE_ONLY,NEW_DEVELOPMENT_GENERATED,false,open3d_point_to_plane,full-synthetic-development-v1/END_FACE_TRANSITION_PRESENT/g1/m1/r2/SCAN_NOISE_ONLY/open3d_point_to_plane
full-synthetic-development-v1/END_FACE_TRANSITION_PRESENT/g1/m1/r2/SCAN_NOISE_ONLY,END_FACE_TRANSITION_PRESENT,1,1957656152,1,1664898153,2,SCAN_NOISE_ONLY,NEW_DEVELOPMENT_GENERATED,false,pcl_iterative_closest_point_with_normals,full-synthetic-development-v1/END_FACE_TRANSITION_PRESENT/g1/m1/r2/SCAN_NOISE_ONLY/pcl_iterative_closest_point_with_normals
full-synthetic-development-v1/END_FACE_TRANSITION_PRESENT/g1/m1/r2/MAP_NOISE_ONLY,END_FACE_TRANSITION_PRESENT,1,1957656152,1,1664898153,2,MAP_NOISE_ONLY,NEW_DEVELOPMENT_GENERATED,false,open3d_point_to_plane,full-synthetic-development-v1/END_FACE_TRANSITION_PRESENT/g1/m1/r2/MAP_NOISE_ONLY/open3d_point_to_plane
full-synthetic-development-v1/END_FACE_TRANSITION_PRESENT/g1/m1/r2/MAP_NOISE_ONLY,END_FACE_TRANSITION_PRESENT,1,1957656152,1,1664898153,2,MAP_NOISE_ONLY,NEW_DEVELOPMENT_GENERATED,false,pcl_iterative_closest_point_with_normals,full-synthetic-development-v1/END_FACE_TRANSITION_PRESENT/g1/m1/r2/MAP_NOISE_ONLY/pcl_iterative_closest_point_with_normals
full-synthetic-development-v1/END_FACE_TRANSITION_PRESENT/g1/m1/r2/DROPOUT_ONLY,END_FACE_TRANSITION_PRESENT,1,1957656152,1,1664898153,2,DROPOUT_ONLY,NEW_DEVELOPMENT_GENERATED,false,open3d_point_to_plane,full-synthetic-development-v1/END_FACE_TRANSITION_PRESENT/g1/m1/r2/DROPOUT_ONLY/open3d_point_to_plane
full-synthetic-development-v1/END_FACE_TRANSITION_PRESENT/g1/m1/r2/DROPOUT_ONLY,END_FACE_TRANSITION_PRESENT,1,1957656152,1,1664898153,2,DROPOUT_ONLY,NEW_DEVELOPMENT_GENERATED,false,pcl_iterative_closest_point_with_normals,full-synthetic-development-v1/END_FACE_TRANSITION_PRESENT/g1/m1/r2/DROPOUT_ONLY/pcl_iterative_closest_point_with_normals
full-synthetic-development-v1/END_FACE_TRANSITION_PRESENT/g1/m1/r2/FULL_NOISE,END_FACE_TRANSITION_PRESENT,1,1957656152,1,1664898153,2,FULL_NOISE,NEW_DEVELOPMENT_GENERATED,false,open3d_point_to_plane,full-synthetic-development-v1/END_FACE_TRANSITION_PRESENT/g1/m1/r2/FULL_NOISE/open3d_point_to_plane
full-synthetic-development-v1/END_FACE_TRANSITION_PRESENT/g1/m1/r2/FULL_NOISE,END_FACE_TRANSITION_PRESENT,1,1957656152,1,1664898153,2,FULL_NOISE,NEW_DEVELOPMENT_GENERATED,false,pcl_iterative_closest_point_with_normals,full-synthetic-development-v1/END_FACE_TRANSITION_PRESENT/g1/m1/r2/FULL_NOISE/pcl_iterative_closest_point_with_normals
full-synthetic-development-v1/END_FACE_TRANSITION_PRESENT/g1/m1/r3/INDEPENDENT_NOISE_FREE,END_FACE_TRANSITION_PRESENT,1,1957656152,1,1664898153,3,INDEPENDENT_NOISE_FREE,NEW_DEVELOPMENT_GENERATED,false,open3d_point_to_plane,full-synthetic-development-v1/END_FACE_TRANSITION_PRESENT/g1/m1/r3/INDEPENDENT_NOISE_FREE/open3d_point_to_plane
full-synthetic-development-v1/END_FACE_TRANSITION_PRESENT/g1/m1/r3/INDEPENDENT_NOISE_FREE,END_FACE_TRANSITION_PRESENT,1,1957656152,1,1664898153,3,INDEPENDENT_NOISE_FREE,NEW_DEVELOPMENT_GENERATED,false,pcl_iterative_closest_point_with_normals,full-synthetic-development-v1/END_FACE_TRANSITION_PRESENT/g1/m1/r3/INDEPENDENT_NOISE_FREE/pcl_iterative_closest_point_with_normals
full-synthetic-development-v1/END_FACE_TRANSITION_PRESENT/g1/m1/r3/SCAN_NOISE_ONLY,END_FACE_TRANSITION_PRESENT,1,1957656152,1,1664898153,3,SCAN_NOISE_ONLY,NEW_DEVELOPMENT_GENERATED,false,open3d_point_to_plane,full-synthetic-development-v1/END_FACE_TRANSITION_PRESENT/g1/m1/r3/SCAN_NOISE_ONLY/open3d_point_to_plane
full-synthetic-development-v1/END_FACE_TRANSITION_PRESENT/g1/m1/r3/SCAN_NOISE_ONLY,END_FACE_TRANSITION_PRESENT,1,1957656152,1,1664898153,3,SCAN_NOISE_ONLY,NEW_DEVELOPMENT_GENERATED,false,pcl_iterative_closest_point_with_normals,full-synthetic-development-v1/END_FACE_TRANSITION_PRESENT/g1/m1/r3/SCAN_NOISE_ONLY/pcl_iterative_closest_point_with_normals
full-synthetic-development-v1/END_FACE_TRANSITION_PRESENT/g1/m1/r3/MAP_NOISE_ONLY,END_FACE_TRANSITION_PRESENT,1,1957656152,1,1664898153,3,MAP_NOISE_ONLY,NEW_DEVELOPMENT_GENERATED,false,open3d_point_to_plane,full-synthetic-development-v1/END_FACE_TRANSITION_PRESENT/g1/m1/r3/MAP_NOISE_ONLY/open3d_point_to_plane
full-synthetic-development-v1/END_FACE_TRANSITION_PRESENT/g1/m1/r3/MAP_NOISE_ONLY,END_FACE_TRANSITION_PRESENT,1,1957656152,1,1664898153,3,MAP_NOISE_ONLY,NEW_DEVELOPMENT_GENERATED,false,pcl_iterative_closest_point_with_normals,full-synthetic-development-v1/END_FACE_TRANSITION_PRESENT/g1/m1/r3/MAP_NOISE_ONLY/pcl_iterative_closest_point_with_normals
full-synthetic-development-v1/END_FACE_TRANSITION_PRESENT/g1/m1/r3/DROPOUT_ONLY,END_FACE_TRANSITION_PRESENT,1,1957656152,1,1664898153,3,DROPOUT_ONLY,NEW_DEVELOPMENT_GENERATED,false,open3d_point_to_plane,full-synthetic-development-v1/END_FACE_TRANSITION_PRESENT/g1/m1/r3/DROPOUT_ONLY/open3d_point_to_plane
full-synthetic-development-v1/END_FACE_TRANSITION_PRESENT/g1/m1/r3/DROPOUT_ONLY,END_FACE_TRANSITION_PRESENT,1,1957656152,1,1664898153,3,DROPOUT_ONLY,NEW_DEVELOPMENT_GENERATED,false,pcl_iterative_closest_point_with_normals,full-synthetic-development-v1/END_FACE_TRANSITION_PRESENT/g1/m1/r3/DROPOUT_ONLY/pcl_iterative_closest_point_with_normals
full-synthetic-development-v1/END_FACE_TRANSITION_PRESENT/g1/m1/r3/FULL_NOISE,END_FACE_TRANSITION_PRESENT,1,1957656152,1,1664898153,3,FULL_NOISE,NEW_DEVELOPMENT_GENERATED,false,open3d_point_to_plane,full-synthetic-development-v1/END_FACE_TRANSITION_PRESENT/g1/m1/r3/FULL_NOISE/open3d_point_to_plane
full-synthetic-development-v1/END_FACE_TRANSITION_PRESENT/g1/m1/r3/FULL_NOISE,END_FACE_TRANSITION_PRESENT,1,1957656152,1,1664898153,3,FULL_NOISE,NEW_DEVELOPMENT_GENERATED,false,pcl_iterative_closest_point_with_normals,full-synthetic-development-v1/END_FACE_TRANSITION_PRESENT/g1/m1/r3/FULL_NOISE/pcl_iterative_closest_point_with_normals
full-synthetic-development-v1/END_FACE_TRANSITION_PRESENT/g1/m1/r4/INDEPENDENT_NOISE_FREE,END_FACE_TRANSITION_PRESENT,1,1957656152,1,1664898153,4,INDEPENDENT_NOISE_FREE,NEW_DEVELOPMENT_GENERATED,false,open3d_point_to_plane,full-synthetic-development-v1/END_FACE_TRANSITION_PRESENT/g1/m1/r4/INDEPENDENT_NOISE_FREE/open3d_point_to_plane
full-synthetic-development-v1/END_FACE_TRANSITION_PRESENT/g1/m1/r4/INDEPENDENT_NOISE_FREE,END_FACE_TRANSITION_PRESENT,1,1957656152,1,1664898153,4,INDEPENDENT_NOISE_FREE,NEW_DEVELOPMENT_GENERATED,false,pcl_iterative_closest_point_with_normals,full-synthetic-development-v1/END_FACE_TRANSITION_PRESENT/g1/m1/r4/INDEPENDENT_NOISE_FREE/pcl_iterative_closest_point_with_normals
full-synthetic-development-v1/END_FACE_TRANSITION_PRESENT/g1/m1/r4/SCAN_NOISE_ONLY,END_FACE_TRANSITION_PRESENT,1,1957656152,1,1664898153,4,SCAN_NOISE_ONLY,NEW_DEVELOPMENT_GENERATED,false,open3d_point_to_plane,full-synthetic-development-v1/END_FACE_TRANSITION_PRESENT/g1/m1/r4/SCAN_NOISE_ONLY/open3d_point_to_plane
full-synthetic-development-v1/END_FACE_TRANSITION_PRESENT/g1/m1/r4/SCAN_NOISE_ONLY,END_FACE_TRANSITION_PRESENT,1,1957656152,1,1664898153,4,SCAN_NOISE_ONLY,NEW_DEVELOPMENT_GENERATED,false,pcl_iterative_closest_point_with_normals,full-synthetic-development-v1/END_FACE_TRANSITION_PRESENT/g1/m1/r4/SCAN_NOISE_ONLY/pcl_iterative_closest_point_with_normals
full-synthetic-development-v1/END_FACE_TRANSITION_PRESENT/g1/m1/r4/MAP_NOISE_ONLY,END_FACE_TRANSITION_PRESENT,1,1957656152,1,1664898153,4,MAP_NOISE_ONLY,NEW_DEVELOPMENT_GENERATED,false,open3d_point_to_plane,full-synthetic-development-v1/END_FACE_TRANSITION_PRESENT/g1/m1/r4/MAP_NOISE_ONLY/open3d_point_to_plane
full-synthetic-development-v1/END_FACE_TRANSITION_PRESENT/g1/m1/r4/MAP_NOISE_ONLY,END_FACE_TRANSITION_PRESENT,1,1957656152,1,1664898153,4,MAP_NOISE_ONLY,NEW_DEVELOPMENT_GENERATED,false,pcl_iterative_closest_point_with_normals,full-synthetic-development-v1/END_FACE_TRANSITION_PRESENT/g1/m1/r4/MAP_NOISE_ONLY/pcl_iterative_closest_point_with_normals
full-synthetic-development-v1/END_FACE_TRANSITION_PRESENT/g1/m1/r4/DROPOUT_ONLY,END_FACE_TRANSITION_PRESENT,1,1957656152,1,1664898153,4,DROPOUT_ONLY,NEW_DEVELOPMENT_GENERATED,false,open3d_point_to_plane,full-synthetic-development-v1/END_FACE_TRANSITION_PRESENT/g1/m1/r4/DROPOUT_ONLY/open3d_point_to_plane
full-synthetic-development-v1/END_FACE_TRANSITION_PRESENT/g1/m1/r4/DROPOUT_ONLY,END_FACE_TRANSITION_PRESENT,1,1957656152,1,1664898153,4,DROPOUT_ONLY,NEW_DEVELOPMENT_GENERATED,false,pcl_iterative_closest_point_with_normals,full-synthetic-development-v1/END_FACE_TRANSITION_PRESENT/g1/m1/r4/DROPOUT_ONLY/pcl_iterative_closest_point_with_normals
full-synthetic-development-v1/END_FACE_TRANSITION_PRESENT/g1/m1/r4/FULL_NOISE,END_FACE_TRANSITION_PRESENT,1,1957656152,1,1664898153,4,FULL_NOISE,NEW_DEVELOPMENT_GENERATED,false,open3d_point_to_plane,full-synthetic-development-v1/END_FACE_TRANSITION_PRESENT/g1/m1/r4/FULL_NOISE/open3d_point_to_plane
full-synthetic-development-v1/END_FACE_TRANSITION_PRESENT/g1/m1/r4/FULL_NOISE,END_FACE_TRANSITION_PRESENT,1,1957656152,1,1664898153,4,FULL_NOISE,NEW_DEVELOPMENT_GENERATED,false,pcl_iterative_closest_point_with_normals,full-synthetic-development-v1/END_FACE_TRANSITION_PRESENT/g1/m1/r4/FULL_NOISE/pcl_iterative_closest_point_with_normals
phase-b-signal-v1/END_FACE_TRANSITION_PRESENT/g2/INDEPENDENT_NOISE_FREE,END_FACE_TRANSITION_PRESENT,2,1334931069,0,217775206,0,INDEPENDENT_NOISE_FREE,NEW_DEVELOPMENT_GENERATED,true,open3d_point_to_plane,phase-b-signal-v1/END_FACE_TRANSITION_PRESENT/g2/INDEPENDENT_NOISE_FREE/open3d_point_to_plane
phase-b-signal-v1/END_FACE_TRANSITION_PRESENT/g2/INDEPENDENT_NOISE_FREE,END_FACE_TRANSITION_PRESENT,2,1334931069,0,217775206,0,INDEPENDENT_NOISE_FREE,NEW_DEVELOPMENT_GENERATED,true,pcl_iterative_closest_point_with_normals,phase-b-signal-v1/END_FACE_TRANSITION_PRESENT/g2/INDEPENDENT_NOISE_FREE/pcl_iterative_closest_point_with_normals
full-synthetic-development-v1/END_FACE_TRANSITION_PRESENT/g2/m0/r0/SCAN_NOISE_ONLY,END_FACE_TRANSITION_PRESENT,2,1334931069,0,217775206,0,SCAN_NOISE_ONLY,NEW_DEVELOPMENT_GENERATED,false,open3d_point_to_plane,full-synthetic-development-v1/END_FACE_TRANSITION_PRESENT/g2/m0/r0/SCAN_NOISE_ONLY/open3d_point_to_plane
full-synthetic-development-v1/END_FACE_TRANSITION_PRESENT/g2/m0/r0/SCAN_NOISE_ONLY,END_FACE_TRANSITION_PRESENT,2,1334931069,0,217775206,0,SCAN_NOISE_ONLY,NEW_DEVELOPMENT_GENERATED,false,pcl_iterative_closest_point_with_normals,full-synthetic-development-v1/END_FACE_TRANSITION_PRESENT/g2/m0/r0/SCAN_NOISE_ONLY/pcl_iterative_closest_point_with_normals
full-synthetic-development-v1/END_FACE_TRANSITION_PRESENT/g2/m0/r0/MAP_NOISE_ONLY,END_FACE_TRANSITION_PRESENT,2,1334931069,0,217775206,0,MAP_NOISE_ONLY,NEW_DEVELOPMENT_GENERATED,false,open3d_point_to_plane,full-synthetic-development-v1/END_FACE_TRANSITION_PRESENT/g2/m0/r0/MAP_NOISE_ONLY/open3d_point_to_plane
full-synthetic-development-v1/END_FACE_TRANSITION_PRESENT/g2/m0/r0/MAP_NOISE_ONLY,END_FACE_TRANSITION_PRESENT,2,1334931069,0,217775206,0,MAP_NOISE_ONLY,NEW_DEVELOPMENT_GENERATED,false,pcl_iterative_closest_point_with_normals,full-synthetic-development-v1/END_FACE_TRANSITION_PRESENT/g2/m0/r0/MAP_NOISE_ONLY/pcl_iterative_closest_point_with_normals
full-synthetic-development-v1/END_FACE_TRANSITION_PRESENT/g2/m0/r0/DROPOUT_ONLY,END_FACE_TRANSITION_PRESENT,2,1334931069,0,217775206,0,DROPOUT_ONLY,NEW_DEVELOPMENT_GENERATED,false,open3d_point_to_plane,full-synthetic-development-v1/END_FACE_TRANSITION_PRESENT/g2/m0/r0/DROPOUT_ONLY/open3d_point_to_plane
full-synthetic-development-v1/END_FACE_TRANSITION_PRESENT/g2/m0/r0/DROPOUT_ONLY,END_FACE_TRANSITION_PRESENT,2,1334931069,0,217775206,0,DROPOUT_ONLY,NEW_DEVELOPMENT_GENERATED,false,pcl_iterative_closest_point_with_normals,full-synthetic-development-v1/END_FACE_TRANSITION_PRESENT/g2/m0/r0/DROPOUT_ONLY/pcl_iterative_closest_point_with_normals
phase-b-signal-v1/END_FACE_TRANSITION_PRESENT/g2/FULL_NOISE,END_FACE_TRANSITION_PRESENT,2,1334931069,0,217775206,0,FULL_NOISE,NEW_DEVELOPMENT_GENERATED,true,open3d_point_to_plane,phase-b-signal-v1/END_FACE_TRANSITION_PRESENT/g2/FULL_NOISE/open3d_point_to_plane
phase-b-signal-v1/END_FACE_TRANSITION_PRESENT/g2/FULL_NOISE,END_FACE_TRANSITION_PRESENT,2,1334931069,0,217775206,0,FULL_NOISE,NEW_DEVELOPMENT_GENERATED,true,pcl_iterative_closest_point_with_normals,phase-b-signal-v1/END_FACE_TRANSITION_PRESENT/g2/FULL_NOISE/pcl_iterative_closest_point_with_normals
full-synthetic-development-v1/END_FACE_TRANSITION_PRESENT/g2/m0/r1/INDEPENDENT_NOISE_FREE,END_FACE_TRANSITION_PRESENT,2,1334931069,0,217775206,1,INDEPENDENT_NOISE_FREE,NEW_DEVELOPMENT_GENERATED,false,open3d_point_to_plane,full-synthetic-development-v1/END_FACE_TRANSITION_PRESENT/g2/m0/r1/INDEPENDENT_NOISE_FREE/open3d_point_to_plane
full-synthetic-development-v1/END_FACE_TRANSITION_PRESENT/g2/m0/r1/INDEPENDENT_NOISE_FREE,END_FACE_TRANSITION_PRESENT,2,1334931069,0,217775206,1,INDEPENDENT_NOISE_FREE,NEW_DEVELOPMENT_GENERATED,false,pcl_iterative_closest_point_with_normals,full-synthetic-development-v1/END_FACE_TRANSITION_PRESENT/g2/m0/r1/INDEPENDENT_NOISE_FREE/pcl_iterative_closest_point_with_normals
full-synthetic-development-v1/END_FACE_TRANSITION_PRESENT/g2/m0/r1/SCAN_NOISE_ONLY,END_FACE_TRANSITION_PRESENT,2,1334931069,0,217775206,1,SCAN_NOISE_ONLY,NEW_DEVELOPMENT_GENERATED,false,open3d_point_to_plane,full-synthetic-development-v1/END_FACE_TRANSITION_PRESENT/g2/m0/r1/SCAN_NOISE_ONLY/open3d_point_to_plane
full-synthetic-development-v1/END_FACE_TRANSITION_PRESENT/g2/m0/r1/SCAN_NOISE_ONLY,END_FACE_TRANSITION_PRESENT,2,1334931069,0,217775206,1,SCAN_NOISE_ONLY,NEW_DEVELOPMENT_GENERATED,false,pcl_iterative_closest_point_with_normals,full-synthetic-development-v1/END_FACE_TRANSITION_PRESENT/g2/m0/r1/SCAN_NOISE_ONLY/pcl_iterative_closest_point_with_normals
full-synthetic-development-v1/END_FACE_TRANSITION_PRESENT/g2/m0/r1/MAP_NOISE_ONLY,END_FACE_TRANSITION_PRESENT,2,1334931069,0,217775206,1,MAP_NOISE_ONLY,NEW_DEVELOPMENT_GENERATED,false,open3d_point_to_plane,full-synthetic-development-v1/END_FACE_TRANSITION_PRESENT/g2/m0/r1/MAP_NOISE_ONLY/open3d_point_to_plane
full-synthetic-development-v1/END_FACE_TRANSITION_PRESENT/g2/m0/r1/MAP_NOISE_ONLY,END_FACE_TRANSITION_PRESENT,2,1334931069,0,217775206,1,MAP_NOISE_ONLY,NEW_DEVELOPMENT_GENERATED,false,pcl_iterative_closest_point_with_normals,full-synthetic-development-v1/END_FACE_TRANSITION_PRESENT/g2/m0/r1/MAP_NOISE_ONLY/pcl_iterative_closest_point_with_normals
full-synthetic-development-v1/END_FACE_TRANSITION_PRESENT/g2/m0/r1/DROPOUT_ONLY,END_FACE_TRANSITION_PRESENT,2,1334931069,0,217775206,1,DROPOUT_ONLY,NEW_DEVELOPMENT_GENERATED,false,open3d_point_to_plane,full-synthetic-development-v1/END_FACE_TRANSITION_PRESENT/g2/m0/r1/DROPOUT_ONLY/open3d_point_to_plane
full-synthetic-development-v1/END_FACE_TRANSITION_PRESENT/g2/m0/r1/DROPOUT_ONLY,END_FACE_TRANSITION_PRESENT,2,1334931069,0,217775206,1,DROPOUT_ONLY,NEW_DEVELOPMENT_GENERATED,false,pcl_iterative_closest_point_with_normals,full-synthetic-development-v1/END_FACE_TRANSITION_PRESENT/g2/m0/r1/DROPOUT_ONLY/pcl_iterative_closest_point_with_normals
full-synthetic-development-v1/END_FACE_TRANSITION_PRESENT/g2/m0/r1/FULL_NOISE,END_FACE_TRANSITION_PRESENT,2,1334931069,0,217775206,1,FULL_NOISE,NEW_DEVELOPMENT_GENERATED,false,open3d_point_to_plane,full-synthetic-development-v1/END_FACE_TRANSITION_PRESENT/g2/m0/r1/FULL_NOISE/open3d_point_to_plane
full-synthetic-development-v1/END_FACE_TRANSITION_PRESENT/g2/m0/r1/FULL_NOISE,END_FACE_TRANSITION_PRESENT,2,1334931069,0,217775206,1,FULL_NOISE,NEW_DEVELOPMENT_GENERATED,false,pcl_iterative_closest_point_with_normals,full-synthetic-development-v1/END_FACE_TRANSITION_PRESENT/g2/m0/r1/FULL_NOISE/pcl_iterative_closest_point_with_normals
full-synthetic-development-v1/END_FACE_TRANSITION_PRESENT/g2/m0/r2/INDEPENDENT_NOISE_FREE,END_FACE_TRANSITION_PRESENT,2,1334931069,0,217775206,2,INDEPENDENT_NOISE_FREE,NEW_DEVELOPMENT_GENERATED,false,open3d_point_to_plane,full-synthetic-development-v1/END_FACE_TRANSITION_PRESENT/g2/m0/r2/INDEPENDENT_NOISE_FREE/open3d_point_to_plane
full-synthetic-development-v1/END_FACE_TRANSITION_PRESENT/g2/m0/r2/INDEPENDENT_NOISE_FREE,END_FACE_TRANSITION_PRESENT,2,1334931069,0,217775206,2,INDEPENDENT_NOISE_FREE,NEW_DEVELOPMENT_GENERATED,false,pcl_iterative_closest_point_with_normals,full-synthetic-development-v1/END_FACE_TRANSITION_PRESENT/g2/m0/r2/INDEPENDENT_NOISE_FREE/pcl_iterative_closest_point_with_normals
full-synthetic-development-v1/END_FACE_TRANSITION_PRESENT/g2/m0/r2/SCAN_NOISE_ONLY,END_FACE_TRANSITION_PRESENT,2,1334931069,0,217775206,2,SCAN_NOISE_ONLY,NEW_DEVELOPMENT_GENERATED,false,open3d_point_to_plane,full-synthetic-development-v1/END_FACE_TRANSITION_PRESENT/g2/m0/r2/SCAN_NOISE_ONLY/open3d_point_to_plane
full-synthetic-development-v1/END_FACE_TRANSITION_PRESENT/g2/m0/r2/SCAN_NOISE_ONLY,END_FACE_TRANSITION_PRESENT,2,1334931069,0,217775206,2,SCAN_NOISE_ONLY,NEW_DEVELOPMENT_GENERATED,false,pcl_iterative_closest_point_with_normals,full-synthetic-development-v1/END_FACE_TRANSITION_PRESENT/g2/m0/r2/SCAN_NOISE_ONLY/pcl_iterative_closest_point_with_normals
full-synthetic-development-v1/END_FACE_TRANSITION_PRESENT/g2/m0/r2/MAP_NOISE_ONLY,END_FACE_TRANSITION_PRESENT,2,1334931069,0,217775206,2,MAP_NOISE_ONLY,NEW_DEVELOPMENT_GENERATED,false,open3d_point_to_plane,full-synthetic-development-v1/END_FACE_TRANSITION_PRESENT/g2/m0/r2/MAP_NOISE_ONLY/open3d_point_to_plane
full-synthetic-development-v1/END_FACE_TRANSITION_PRESENT/g2/m0/r2/MAP_NOISE_ONLY,END_FACE_TRANSITION_PRESENT,2,1334931069,0,217775206,2,MAP_NOISE_ONLY,NEW_DEVELOPMENT_GENERATED,false,pcl_iterative_closest_point_with_normals,full-synthetic-development-v1/END_FACE_TRANSITION_PRESENT/g2/m0/r2/MAP_NOISE_ONLY/pcl_iterative_closest_point_with_normals
full-synthetic-development-v1/END_FACE_TRANSITION_PRESENT/g2/m0/r2/DROPOUT_ONLY,END_FACE_TRANSITION_PRESENT,2,1334931069,0,217775206,2,DROPOUT_ONLY,NEW_DEVELOPMENT_GENERATED,false,open3d_point_to_plane,full-synthetic-development-v1/END_FACE_TRANSITION_PRESENT/g2/m0/r2/DROPOUT_ONLY/open3d_point_to_plane
full-synthetic-development-v1/END_FACE_TRANSITION_PRESENT/g2/m0/r2/DROPOUT_ONLY,END_FACE_TRANSITION_PRESENT,2,1334931069,0,217775206,2,DROPOUT_ONLY,NEW_DEVELOPMENT_GENERATED,false,pcl_iterative_closest_point_with_normals,full-synthetic-development-v1/END_FACE_TRANSITION_PRESENT/g2/m0/r2/DROPOUT_ONLY/pcl_iterative_closest_point_with_normals
full-synthetic-development-v1/END_FACE_TRANSITION_PRESENT/g2/m0/r2/FULL_NOISE,END_FACE_TRANSITION_PRESENT,2,1334931069,0,217775206,2,FULL_NOISE,NEW_DEVELOPMENT_GENERATED,false,open3d_point_to_plane,full-synthetic-development-v1/END_FACE_TRANSITION_PRESENT/g2/m0/r2/FULL_NOISE/open3d_point_to_plane
full-synthetic-development-v1/END_FACE_TRANSITION_PRESENT/g2/m0/r2/FULL_NOISE,END_FACE_TRANSITION_PRESENT,2,1334931069,0,217775206,2,FULL_NOISE,NEW_DEVELOPMENT_GENERATED,false,pcl_iterative_closest_point_with_normals,full-synthetic-development-v1/END_FACE_TRANSITION_PRESENT/g2/m0/r2/FULL_NOISE/pcl_iterative_closest_point_with_normals
full-synthetic-development-v1/END_FACE_TRANSITION_PRESENT/g2/m0/r3/INDEPENDENT_NOISE_FREE,END_FACE_TRANSITION_PRESENT,2,1334931069,0,217775206,3,INDEPENDENT_NOISE_FREE,NEW_DEVELOPMENT_GENERATED,false,open3d_point_to_plane,full-synthetic-development-v1/END_FACE_TRANSITION_PRESENT/g2/m0/r3/INDEPENDENT_NOISE_FREE/open3d_point_to_plane
full-synthetic-development-v1/END_FACE_TRANSITION_PRESENT/g2/m0/r3/INDEPENDENT_NOISE_FREE,END_FACE_TRANSITION_PRESENT,2,1334931069,0,217775206,3,INDEPENDENT_NOISE_FREE,NEW_DEVELOPMENT_GENERATED,false,pcl_iterative_closest_point_with_normals,full-synthetic-development-v1/END_FACE_TRANSITION_PRESENT/g2/m0/r3/INDEPENDENT_NOISE_FREE/pcl_iterative_closest_point_with_normals
full-synthetic-development-v1/END_FACE_TRANSITION_PRESENT/g2/m0/r3/SCAN_NOISE_ONLY,END_FACE_TRANSITION_PRESENT,2,1334931069,0,217775206,3,SCAN_NOISE_ONLY,NEW_DEVELOPMENT_GENERATED,false,open3d_point_to_plane,full-synthetic-development-v1/END_FACE_TRANSITION_PRESENT/g2/m0/r3/SCAN_NOISE_ONLY/open3d_point_to_plane
full-synthetic-development-v1/END_FACE_TRANSITION_PRESENT/g2/m0/r3/SCAN_NOISE_ONLY,END_FACE_TRANSITION_PRESENT,2,1334931069,0,217775206,3,SCAN_NOISE_ONLY,NEW_DEVELOPMENT_GENERATED,false,pcl_iterative_closest_point_with_normals,full-synthetic-development-v1/END_FACE_TRANSITION_PRESENT/g2/m0/r3/SCAN_NOISE_ONLY/pcl_iterative_closest_point_with_normals
full-synthetic-development-v1/END_FACE_TRANSITION_PRESENT/g2/m0/r3/MAP_NOISE_ONLY,END_FACE_TRANSITION_PRESENT,2,1334931069,0,217775206,3,MAP_NOISE_ONLY,NEW_DEVELOPMENT_GENERATED,false,open3d_point_to_plane,full-synthetic-development-v1/END_FACE_TRANSITION_PRESENT/g2/m0/r3/MAP_NOISE_ONLY/open3d_point_to_plane
full-synthetic-development-v1/END_FACE_TRANSITION_PRESENT/g2/m0/r3/MAP_NOISE_ONLY,END_FACE_TRANSITION_PRESENT,2,1334931069,0,217775206,3,MAP_NOISE_ONLY,NEW_DEVELOPMENT_GENERATED,false,pcl_iterative_closest_point_with_normals,full-synthetic-development-v1/END_FACE_TRANSITION_PRESENT/g2/m0/r3/MAP_NOISE_ONLY/pcl_iterative_closest_point_with_normals
full-synthetic-development-v1/END_FACE_TRANSITION_PRESENT/g2/m0/r3/DROPOUT_ONLY,END_FACE_TRANSITION_PRESENT,2,1334931069,0,217775206,3,DROPOUT_ONLY,NEW_DEVELOPMENT_GENERATED,false,open3d_point_to_plane,full-synthetic-development-v1/END_FACE_TRANSITION_PRESENT/g2/m0/r3/DROPOUT_ONLY/open3d_point_to_plane
full-synthetic-development-v1/END_FACE_TRANSITION_PRESENT/g2/m0/r3/DROPOUT_ONLY,END_FACE_TRANSITION_PRESENT,2,1334931069,0,217775206,3,DROPOUT_ONLY,NEW_DEVELOPMENT_GENERATED,false,pcl_iterative_closest_point_with_normals,full-synthetic-development-v1/END_FACE_TRANSITION_PRESENT/g2/m0/r3/DROPOUT_ONLY/pcl_iterative_closest_point_with_normals
full-synthetic-development-v1/END_FACE_TRANSITION_PRESENT/g2/m0/r3/FULL_NOISE,END_FACE_TRANSITION_PRESENT,2,1334931069,0,217775206,3,FULL_NOISE,NEW_DEVELOPMENT_GENERATED,false,open3d_point_to_plane,full-synthetic-development-v1/END_FACE_TRANSITION_PRESENT/g2/m0/r3/FULL_NOISE/open3d_point_to_plane
full-synthetic-development-v1/END_FACE_TRANSITION_PRESENT/g2/m0/r3/FULL_NOISE,END_FACE_TRANSITION_PRESENT,2,1334931069,0,217775206,3,FULL_NOISE,NEW_DEVELOPMENT_GENERATED,false,pcl_iterative_closest_point_with_normals,full-synthetic-development-v1/END_FACE_TRANSITION_PRESENT/g2/m0/r3/FULL_NOISE/pcl_iterative_closest_point_with_normals
full-synthetic-development-v1/END_FACE_TRANSITION_PRESENT/g2/m0/r4/INDEPENDENT_NOISE_FREE,END_FACE_TRANSITION_PRESENT,2,1334931069,0,217775206,4,INDEPENDENT_NOISE_FREE,NEW_DEVELOPMENT_GENERATED,false,open3d_point_to_plane,full-synthetic-development-v1/END_FACE_TRANSITION_PRESENT/g2/m0/r4/INDEPENDENT_NOISE_FREE/open3d_point_to_plane
full-synthetic-development-v1/END_FACE_TRANSITION_PRESENT/g2/m0/r4/INDEPENDENT_NOISE_FREE,END_FACE_TRANSITION_PRESENT,2,1334931069,0,217775206,4,INDEPENDENT_NOISE_FREE,NEW_DEVELOPMENT_GENERATED,false,pcl_iterative_closest_point_with_normals,full-synthetic-development-v1/END_FACE_TRANSITION_PRESENT/g2/m0/r4/INDEPENDENT_NOISE_FREE/pcl_iterative_closest_point_with_normals
full-synthetic-development-v1/END_FACE_TRANSITION_PRESENT/g2/m0/r4/SCAN_NOISE_ONLY,END_FACE_TRANSITION_PRESENT,2,1334931069,0,217775206,4,SCAN_NOISE_ONLY,NEW_DEVELOPMENT_GENERATED,false,open3d_point_to_plane,full-synthetic-development-v1/END_FACE_TRANSITION_PRESENT/g2/m0/r4/SCAN_NOISE_ONLY/open3d_point_to_plane
full-synthetic-development-v1/END_FACE_TRANSITION_PRESENT/g2/m0/r4/SCAN_NOISE_ONLY,END_FACE_TRANSITION_PRESENT,2,1334931069,0,217775206,4,SCAN_NOISE_ONLY,NEW_DEVELOPMENT_GENERATED,false,pcl_iterative_closest_point_with_normals,full-synthetic-development-v1/END_FACE_TRANSITION_PRESENT/g2/m0/r4/SCAN_NOISE_ONLY/pcl_iterative_closest_point_with_normals
full-synthetic-development-v1/END_FACE_TRANSITION_PRESENT/g2/m0/r4/MAP_NOISE_ONLY,END_FACE_TRANSITION_PRESENT,2,1334931069,0,217775206,4,MAP_NOISE_ONLY,NEW_DEVELOPMENT_GENERATED,false,open3d_point_to_plane,full-synthetic-development-v1/END_FACE_TRANSITION_PRESENT/g2/m0/r4/MAP_NOISE_ONLY/open3d_point_to_plane
full-synthetic-development-v1/END_FACE_TRANSITION_PRESENT/g2/m0/r4/MAP_NOISE_ONLY,END_FACE_TRANSITION_PRESENT,2,1334931069,0,217775206,4,MAP_NOISE_ONLY,NEW_DEVELOPMENT_GENERATED,false,pcl_iterative_closest_point_with_normals,full-synthetic-development-v1/END_FACE_TRANSITION_PRESENT/g2/m0/r4/MAP_NOISE_ONLY/pcl_iterative_closest_point_with_normals
full-synthetic-development-v1/END_FACE_TRANSITION_PRESENT/g2/m0/r4/DROPOUT_ONLY,END_FACE_TRANSITION_PRESENT,2,1334931069,0,217775206,4,DROPOUT_ONLY,NEW_DEVELOPMENT_GENERATED,false,open3d_point_to_plane,full-synthetic-development-v1/END_FACE_TRANSITION_PRESENT/g2/m0/r4/DROPOUT_ONLY/open3d_point_to_plane
full-synthetic-development-v1/END_FACE_TRANSITION_PRESENT/g2/m0/r4/DROPOUT_ONLY,END_FACE_TRANSITION_PRESENT,2,1334931069,0,217775206,4,DROPOUT_ONLY,NEW_DEVELOPMENT_GENERATED,false,pcl_iterative_closest_point_with_normals,full-synthetic-development-v1/END_FACE_TRANSITION_PRESENT/g2/m0/r4/DROPOUT_ONLY/pcl_iterative_closest_point_with_normals
full-synthetic-development-v1/END_FACE_TRANSITION_PRESENT/g2/m0/r4/FULL_NOISE,END_FACE_TRANSITION_PRESENT,2,1334931069,0,217775206,4,FULL_NOISE,NEW_DEVELOPMENT_GENERATED,false,open3d_point_to_plane,full-synthetic-development-v1/END_FACE_TRANSITION_PRESENT/g2/m0/r4/FULL_NOISE/open3d_point_to_plane
full-synthetic-development-v1/END_FACE_TRANSITION_PRESENT/g2/m0/r4/FULL_NOISE,END_FACE_TRANSITION_PRESENT,2,1334931069,0,217775206,4,FULL_NOISE,NEW_DEVELOPMENT_GENERATED,false,pcl_iterative_closest_point_with_normals,full-synthetic-development-v1/END_FACE_TRANSITION_PRESENT/g2/m0/r4/FULL_NOISE/pcl_iterative_closest_point_with_normals
full-synthetic-development-v1/END_FACE_TRANSITION_PRESENT/g2/m1/r0/INDEPENDENT_NOISE_FREE,END_FACE_TRANSITION_PRESENT,2,1334931069,1,1664898153,0,INDEPENDENT_NOISE_FREE,NEW_DEVELOPMENT_GENERATED,false,open3d_point_to_plane,full-synthetic-development-v1/END_FACE_TRANSITION_PRESENT/g2/m1/r0/INDEPENDENT_NOISE_FREE/open3d_point_to_plane
full-synthetic-development-v1/END_FACE_TRANSITION_PRESENT/g2/m1/r0/INDEPENDENT_NOISE_FREE,END_FACE_TRANSITION_PRESENT,2,1334931069,1,1664898153,0,INDEPENDENT_NOISE_FREE,NEW_DEVELOPMENT_GENERATED,false,pcl_iterative_closest_point_with_normals,full-synthetic-development-v1/END_FACE_TRANSITION_PRESENT/g2/m1/r0/INDEPENDENT_NOISE_FREE/pcl_iterative_closest_point_with_normals
full-synthetic-development-v1/END_FACE_TRANSITION_PRESENT/g2/m1/r0/SCAN_NOISE_ONLY,END_FACE_TRANSITION_PRESENT,2,1334931069,1,1664898153,0,SCAN_NOISE_ONLY,NEW_DEVELOPMENT_GENERATED,false,open3d_point_to_plane,full-synthetic-development-v1/END_FACE_TRANSITION_PRESENT/g2/m1/r0/SCAN_NOISE_ONLY/open3d_point_to_plane
full-synthetic-development-v1/END_FACE_TRANSITION_PRESENT/g2/m1/r0/SCAN_NOISE_ONLY,END_FACE_TRANSITION_PRESENT,2,1334931069,1,1664898153,0,SCAN_NOISE_ONLY,NEW_DEVELOPMENT_GENERATED,false,pcl_iterative_closest_point_with_normals,full-synthetic-development-v1/END_FACE_TRANSITION_PRESENT/g2/m1/r0/SCAN_NOISE_ONLY/pcl_iterative_closest_point_with_normals
full-synthetic-development-v1/END_FACE_TRANSITION_PRESENT/g2/m1/r0/MAP_NOISE_ONLY,END_FACE_TRANSITION_PRESENT,2,1334931069,1,1664898153,0,MAP_NOISE_ONLY,NEW_DEVELOPMENT_GENERATED,false,open3d_point_to_plane,full-synthetic-development-v1/END_FACE_TRANSITION_PRESENT/g2/m1/r0/MAP_NOISE_ONLY/open3d_point_to_plane
full-synthetic-development-v1/END_FACE_TRANSITION_PRESENT/g2/m1/r0/MAP_NOISE_ONLY,END_FACE_TRANSITION_PRESENT,2,1334931069,1,1664898153,0,MAP_NOISE_ONLY,NEW_DEVELOPMENT_GENERATED,false,pcl_iterative_closest_point_with_normals,full-synthetic-development-v1/END_FACE_TRANSITION_PRESENT/g2/m1/r0/MAP_NOISE_ONLY/pcl_iterative_closest_point_with_normals
full-synthetic-development-v1/END_FACE_TRANSITION_PRESENT/g2/m1/r0/DROPOUT_ONLY,END_FACE_TRANSITION_PRESENT,2,1334931069,1,1664898153,0,DROPOUT_ONLY,NEW_DEVELOPMENT_GENERATED,false,open3d_point_to_plane,full-synthetic-development-v1/END_FACE_TRANSITION_PRESENT/g2/m1/r0/DROPOUT_ONLY/open3d_point_to_plane
full-synthetic-development-v1/END_FACE_TRANSITION_PRESENT/g2/m1/r0/DROPOUT_ONLY,END_FACE_TRANSITION_PRESENT,2,1334931069,1,1664898153,0,DROPOUT_ONLY,NEW_DEVELOPMENT_GENERATED,false,pcl_iterative_closest_point_with_normals,full-synthetic-development-v1/END_FACE_TRANSITION_PRESENT/g2/m1/r0/DROPOUT_ONLY/pcl_iterative_closest_point_with_normals
full-synthetic-development-v1/END_FACE_TRANSITION_PRESENT/g2/m1/r0/FULL_NOISE,END_FACE_TRANSITION_PRESENT,2,1334931069,1,1664898153,0,FULL_NOISE,NEW_DEVELOPMENT_GENERATED,false,open3d_point_to_plane,full-synthetic-development-v1/END_FACE_TRANSITION_PRESENT/g2/m1/r0/FULL_NOISE/open3d_point_to_plane
full-synthetic-development-v1/END_FACE_TRANSITION_PRESENT/g2/m1/r0/FULL_NOISE,END_FACE_TRANSITION_PRESENT,2,1334931069,1,1664898153,0,FULL_NOISE,NEW_DEVELOPMENT_GENERATED,false,pcl_iterative_closest_point_with_normals,full-synthetic-development-v1/END_FACE_TRANSITION_PRESENT/g2/m1/r0/FULL_NOISE/pcl_iterative_closest_point_with_normals
full-synthetic-development-v1/END_FACE_TRANSITION_PRESENT/g2/m1/r1/INDEPENDENT_NOISE_FREE,END_FACE_TRANSITION_PRESENT,2,1334931069,1,1664898153,1,INDEPENDENT_NOISE_FREE,NEW_DEVELOPMENT_GENERATED,false,open3d_point_to_plane,full-synthetic-development-v1/END_FACE_TRANSITION_PRESENT/g2/m1/r1/INDEPENDENT_NOISE_FREE/open3d_point_to_plane
full-synthetic-development-v1/END_FACE_TRANSITION_PRESENT/g2/m1/r1/INDEPENDENT_NOISE_FREE,END_FACE_TRANSITION_PRESENT,2,1334931069,1,1664898153,1,INDEPENDENT_NOISE_FREE,NEW_DEVELOPMENT_GENERATED,false,pcl_iterative_closest_point_with_normals,full-synthetic-development-v1/END_FACE_TRANSITION_PRESENT/g2/m1/r1/INDEPENDENT_NOISE_FREE/pcl_iterative_closest_point_with_normals
full-synthetic-development-v1/END_FACE_TRANSITION_PRESENT/g2/m1/r1/SCAN_NOISE_ONLY,END_FACE_TRANSITION_PRESENT,2,1334931069,1,1664898153,1,SCAN_NOISE_ONLY,NEW_DEVELOPMENT_GENERATED,false,open3d_point_to_plane,full-synthetic-development-v1/END_FACE_TRANSITION_PRESENT/g2/m1/r1/SCAN_NOISE_ONLY/open3d_point_to_plane
full-synthetic-development-v1/END_FACE_TRANSITION_PRESENT/g2/m1/r1/SCAN_NOISE_ONLY,END_FACE_TRANSITION_PRESENT,2,1334931069,1,1664898153,1,SCAN_NOISE_ONLY,NEW_DEVELOPMENT_GENERATED,false,pcl_iterative_closest_point_with_normals,full-synthetic-development-v1/END_FACE_TRANSITION_PRESENT/g2/m1/r1/SCAN_NOISE_ONLY/pcl_iterative_closest_point_with_normals
full-synthetic-development-v1/END_FACE_TRANSITION_PRESENT/g2/m1/r1/MAP_NOISE_ONLY,END_FACE_TRANSITION_PRESENT,2,1334931069,1,1664898153,1,MAP_NOISE_ONLY,NEW_DEVELOPMENT_GENERATED,false,open3d_point_to_plane,full-synthetic-development-v1/END_FACE_TRANSITION_PRESENT/g2/m1/r1/MAP_NOISE_ONLY/open3d_point_to_plane
full-synthetic-development-v1/END_FACE_TRANSITION_PRESENT/g2/m1/r1/MAP_NOISE_ONLY,END_FACE_TRANSITION_PRESENT,2,1334931069,1,1664898153,1,MAP_NOISE_ONLY,NEW_DEVELOPMENT_GENERATED,false,pcl_iterative_closest_point_with_normals,full-synthetic-development-v1/END_FACE_TRANSITION_PRESENT/g2/m1/r1/MAP_NOISE_ONLY/pcl_iterative_closest_point_with_normals
full-synthetic-development-v1/END_FACE_TRANSITION_PRESENT/g2/m1/r1/DROPOUT_ONLY,END_FACE_TRANSITION_PRESENT,2,1334931069,1,1664898153,1,DROPOUT_ONLY,NEW_DEVELOPMENT_GENERATED,false,open3d_point_to_plane,full-synthetic-development-v1/END_FACE_TRANSITION_PRESENT/g2/m1/r1/DROPOUT_ONLY/open3d_point_to_plane
full-synthetic-development-v1/END_FACE_TRANSITION_PRESENT/g2/m1/r1/DROPOUT_ONLY,END_FACE_TRANSITION_PRESENT,2,1334931069,1,1664898153,1,DROPOUT_ONLY,NEW_DEVELOPMENT_GENERATED,false,pcl_iterative_closest_point_with_normals,full-synthetic-development-v1/END_FACE_TRANSITION_PRESENT/g2/m1/r1/DROPOUT_ONLY/pcl_iterative_closest_point_with_normals
full-synthetic-development-v1/END_FACE_TRANSITION_PRESENT/g2/m1/r1/FULL_NOISE,END_FACE_TRANSITION_PRESENT,2,1334931069,1,1664898153,1,FULL_NOISE,NEW_DEVELOPMENT_GENERATED,false,open3d_point_to_plane,full-synthetic-development-v1/END_FACE_TRANSITION_PRESENT/g2/m1/r1/FULL_NOISE/open3d_point_to_plane
full-synthetic-development-v1/END_FACE_TRANSITION_PRESENT/g2/m1/r1/FULL_NOISE,END_FACE_TRANSITION_PRESENT,2,1334931069,1,1664898153,1,FULL_NOISE,NEW_DEVELOPMENT_GENERATED,false,pcl_iterative_closest_point_with_normals,full-synthetic-development-v1/END_FACE_TRANSITION_PRESENT/g2/m1/r1/FULL_NOISE/pcl_iterative_closest_point_with_normals
full-synthetic-development-v1/END_FACE_TRANSITION_PRESENT/g2/m1/r2/INDEPENDENT_NOISE_FREE,END_FACE_TRANSITION_PRESENT,2,1334931069,1,1664898153,2,INDEPENDENT_NOISE_FREE,NEW_DEVELOPMENT_GENERATED,false,open3d_point_to_plane,full-synthetic-development-v1/END_FACE_TRANSITION_PRESENT/g2/m1/r2/INDEPENDENT_NOISE_FREE/open3d_point_to_plane
full-synthetic-development-v1/END_FACE_TRANSITION_PRESENT/g2/m1/r2/INDEPENDENT_NOISE_FREE,END_FACE_TRANSITION_PRESENT,2,1334931069,1,1664898153,2,INDEPENDENT_NOISE_FREE,NEW_DEVELOPMENT_GENERATED,false,pcl_iterative_closest_point_with_normals,full-synthetic-development-v1/END_FACE_TRANSITION_PRESENT/g2/m1/r2/INDEPENDENT_NOISE_FREE/pcl_iterative_closest_point_with_normals
full-synthetic-development-v1/END_FACE_TRANSITION_PRESENT/g2/m1/r2/SCAN_NOISE_ONLY,END_FACE_TRANSITION_PRESENT,2,1334931069,1,1664898153,2,SCAN_NOISE_ONLY,NEW_DEVELOPMENT_GENERATED,false,open3d_point_to_plane,full-synthetic-development-v1/END_FACE_TRANSITION_PRESENT/g2/m1/r2/SCAN_NOISE_ONLY/open3d_point_to_plane
full-synthetic-development-v1/END_FACE_TRANSITION_PRESENT/g2/m1/r2/SCAN_NOISE_ONLY,END_FACE_TRANSITION_PRESENT,2,1334931069,1,1664898153,2,SCAN_NOISE_ONLY,NEW_DEVELOPMENT_GENERATED,false,pcl_iterative_closest_point_with_normals,full-synthetic-development-v1/END_FACE_TRANSITION_PRESENT/g2/m1/r2/SCAN_NOISE_ONLY/pcl_iterative_closest_point_with_normals
full-synthetic-development-v1/END_FACE_TRANSITION_PRESENT/g2/m1/r2/MAP_NOISE_ONLY,END_FACE_TRANSITION_PRESENT,2,1334931069,1,1664898153,2,MAP_NOISE_ONLY,NEW_DEVELOPMENT_GENERATED,false,open3d_point_to_plane,full-synthetic-development-v1/END_FACE_TRANSITION_PRESENT/g2/m1/r2/MAP_NOISE_ONLY/open3d_point_to_plane
full-synthetic-development-v1/END_FACE_TRANSITION_PRESENT/g2/m1/r2/MAP_NOISE_ONLY,END_FACE_TRANSITION_PRESENT,2,1334931069,1,1664898153,2,MAP_NOISE_ONLY,NEW_DEVELOPMENT_GENERATED,false,pcl_iterative_closest_point_with_normals,full-synthetic-development-v1/END_FACE_TRANSITION_PRESENT/g2/m1/r2/MAP_NOISE_ONLY/pcl_iterative_closest_point_with_normals
full-synthetic-development-v1/END_FACE_TRANSITION_PRESENT/g2/m1/r2/DROPOUT_ONLY,END_FACE_TRANSITION_PRESENT,2,1334931069,1,1664898153,2,DROPOUT_ONLY,NEW_DEVELOPMENT_GENERATED,false,open3d_point_to_plane,full-synthetic-development-v1/END_FACE_TRANSITION_PRESENT/g2/m1/r2/DROPOUT_ONLY/open3d_point_to_plane
full-synthetic-development-v1/END_FACE_TRANSITION_PRESENT/g2/m1/r2/DROPOUT_ONLY,END_FACE_TRANSITION_PRESENT,2,1334931069,1,1664898153,2,DROPOUT_ONLY,NEW_DEVELOPMENT_GENERATED,false,pcl_iterative_closest_point_with_normals,full-synthetic-development-v1/END_FACE_TRANSITION_PRESENT/g2/m1/r2/DROPOUT_ONLY/pcl_iterative_closest_point_with_normals
full-synthetic-development-v1/END_FACE_TRANSITION_PRESENT/g2/m1/r2/FULL_NOISE,END_FACE_TRANSITION_PRESENT,2,1334931069,1,1664898153,2,FULL_NOISE,NEW_DEVELOPMENT_GENERATED,false,open3d_point_to_plane,full-synthetic-development-v1/END_FACE_TRANSITION_PRESENT/g2/m1/r2/FULL_NOISE/open3d_point_to_plane
full-synthetic-development-v1/END_FACE_TRANSITION_PRESENT/g2/m1/r2/FULL_NOISE,END_FACE_TRANSITION_PRESENT,2,1334931069,1,1664898153,2,FULL_NOISE,NEW_DEVELOPMENT_GENERATED,false,pcl_iterative_closest_point_with_normals,full-synthetic-development-v1/END_FACE_TRANSITION_PRESENT/g2/m1/r2/FULL_NOISE/pcl_iterative_closest_point_with_normals
full-synthetic-development-v1/END_FACE_TRANSITION_PRESENT/g2/m1/r3/INDEPENDENT_NOISE_FREE,END_FACE_TRANSITION_PRESENT,2,1334931069,1,1664898153,3,INDEPENDENT_NOISE_FREE,NEW_DEVELOPMENT_GENERATED,false,open3d_point_to_plane,full-synthetic-development-v1/END_FACE_TRANSITION_PRESENT/g2/m1/r3/INDEPENDENT_NOISE_FREE/open3d_point_to_plane
full-synthetic-development-v1/END_FACE_TRANSITION_PRESENT/g2/m1/r3/INDEPENDENT_NOISE_FREE,END_FACE_TRANSITION_PRESENT,2,1334931069,1,1664898153,3,INDEPENDENT_NOISE_FREE,NEW_DEVELOPMENT_GENERATED,false,pcl_iterative_closest_point_with_normals,full-synthetic-development-v1/END_FACE_TRANSITION_PRESENT/g2/m1/r3/INDEPENDENT_NOISE_FREE/pcl_iterative_closest_point_with_normals
full-synthetic-development-v1/END_FACE_TRANSITION_PRESENT/g2/m1/r3/SCAN_NOISE_ONLY,END_FACE_TRANSITION_PRESENT,2,1334931069,1,1664898153,3,SCAN_NOISE_ONLY,NEW_DEVELOPMENT_GENERATED,false,open3d_point_to_plane,full-synthetic-development-v1/END_FACE_TRANSITION_PRESENT/g2/m1/r3/SCAN_NOISE_ONLY/open3d_point_to_plane
full-synthetic-development-v1/END_FACE_TRANSITION_PRESENT/g2/m1/r3/SCAN_NOISE_ONLY,END_FACE_TRANSITION_PRESENT,2,1334931069,1,1664898153,3,SCAN_NOISE_ONLY,NEW_DEVELOPMENT_GENERATED,false,pcl_iterative_closest_point_with_normals,full-synthetic-development-v1/END_FACE_TRANSITION_PRESENT/g2/m1/r3/SCAN_NOISE_ONLY/pcl_iterative_closest_point_with_normals
full-synthetic-development-v1/END_FACE_TRANSITION_PRESENT/g2/m1/r3/MAP_NOISE_ONLY,END_FACE_TRANSITION_PRESENT,2,1334931069,1,1664898153,3,MAP_NOISE_ONLY,NEW_DEVELOPMENT_GENERATED,false,open3d_point_to_plane,full-synthetic-development-v1/END_FACE_TRANSITION_PRESENT/g2/m1/r3/MAP_NOISE_ONLY/open3d_point_to_plane
full-synthetic-development-v1/END_FACE_TRANSITION_PRESENT/g2/m1/r3/MAP_NOISE_ONLY,END_FACE_TRANSITION_PRESENT,2,1334931069,1,1664898153,3,MAP_NOISE_ONLY,NEW_DEVELOPMENT_GENERATED,false,pcl_iterative_closest_point_with_normals,full-synthetic-development-v1/END_FACE_TRANSITION_PRESENT/g2/m1/r3/MAP_NOISE_ONLY/pcl_iterative_closest_point_with_normals
full-synthetic-development-v1/END_FACE_TRANSITION_PRESENT/g2/m1/r3/DROPOUT_ONLY,END_FACE_TRANSITION_PRESENT,2,1334931069,1,1664898153,3,DROPOUT_ONLY,NEW_DEVELOPMENT_GENERATED,false,open3d_point_to_plane,full-synthetic-development-v1/END_FACE_TRANSITION_PRESENT/g2/m1/r3/DROPOUT_ONLY/open3d_point_to_plane
full-synthetic-development-v1/END_FACE_TRANSITION_PRESENT/g2/m1/r3/DROPOUT_ONLY,END_FACE_TRANSITION_PRESENT,2,1334931069,1,1664898153,3,DROPOUT_ONLY,NEW_DEVELOPMENT_GENERATED,false,pcl_iterative_closest_point_with_normals,full-synthetic-development-v1/END_FACE_TRANSITION_PRESENT/g2/m1/r3/DROPOUT_ONLY/pcl_iterative_closest_point_with_normals
full-synthetic-development-v1/END_FACE_TRANSITION_PRESENT/g2/m1/r3/FULL_NOISE,END_FACE_TRANSITION_PRESENT,2,1334931069,1,1664898153,3,FULL_NOISE,NEW_DEVELOPMENT_GENERATED,false,open3d_point_to_plane,full-synthetic-development-v1/END_FACE_TRANSITION_PRESENT/g2/m1/r3/FULL_NOISE/open3d_point_to_plane
full-synthetic-development-v1/END_FACE_TRANSITION_PRESENT/g2/m1/r3/FULL_NOISE,END_FACE_TRANSITION_PRESENT,2,1334931069,1,1664898153,3,FULL_NOISE,NEW_DEVELOPMENT_GENERATED,false,pcl_iterative_closest_point_with_normals,full-synthetic-development-v1/END_FACE_TRANSITION_PRESENT/g2/m1/r3/FULL_NOISE/pcl_iterative_closest_point_with_normals
full-synthetic-development-v1/END_FACE_TRANSITION_PRESENT/g2/m1/r4/INDEPENDENT_NOISE_FREE,END_FACE_TRANSITION_PRESENT,2,1334931069,1,1664898153,4,INDEPENDENT_NOISE_FREE,NEW_DEVELOPMENT_GENERATED,false,open3d_point_to_plane,full-synthetic-development-v1/END_FACE_TRANSITION_PRESENT/g2/m1/r4/INDEPENDENT_NOISE_FREE/open3d_point_to_plane
full-synthetic-development-v1/END_FACE_TRANSITION_PRESENT/g2/m1/r4/INDEPENDENT_NOISE_FREE,END_FACE_TRANSITION_PRESENT,2,1334931069,1,1664898153,4,INDEPENDENT_NOISE_FREE,NEW_DEVELOPMENT_GENERATED,false,pcl_iterative_closest_point_with_normals,full-synthetic-development-v1/END_FACE_TRANSITION_PRESENT/g2/m1/r4/INDEPENDENT_NOISE_FREE/pcl_iterative_closest_point_with_normals
full-synthetic-development-v1/END_FACE_TRANSITION_PRESENT/g2/m1/r4/SCAN_NOISE_ONLY,END_FACE_TRANSITION_PRESENT,2,1334931069,1,1664898153,4,SCAN_NOISE_ONLY,NEW_DEVELOPMENT_GENERATED,false,open3d_point_to_plane,full-synthetic-development-v1/END_FACE_TRANSITION_PRESENT/g2/m1/r4/SCAN_NOISE_ONLY/open3d_point_to_plane
full-synthetic-development-v1/END_FACE_TRANSITION_PRESENT/g2/m1/r4/SCAN_NOISE_ONLY,END_FACE_TRANSITION_PRESENT,2,1334931069,1,1664898153,4,SCAN_NOISE_ONLY,NEW_DEVELOPMENT_GENERATED,false,pcl_iterative_closest_point_with_normals,full-synthetic-development-v1/END_FACE_TRANSITION_PRESENT/g2/m1/r4/SCAN_NOISE_ONLY/pcl_iterative_closest_point_with_normals
full-synthetic-development-v1/END_FACE_TRANSITION_PRESENT/g2/m1/r4/MAP_NOISE_ONLY,END_FACE_TRANSITION_PRESENT,2,1334931069,1,1664898153,4,MAP_NOISE_ONLY,NEW_DEVELOPMENT_GENERATED,false,open3d_point_to_plane,full-synthetic-development-v1/END_FACE_TRANSITION_PRESENT/g2/m1/r4/MAP_NOISE_ONLY/open3d_point_to_plane
full-synthetic-development-v1/END_FACE_TRANSITION_PRESENT/g2/m1/r4/MAP_NOISE_ONLY,END_FACE_TRANSITION_PRESENT,2,1334931069,1,1664898153,4,MAP_NOISE_ONLY,NEW_DEVELOPMENT_GENERATED,false,pcl_iterative_closest_point_with_normals,full-synthetic-development-v1/END_FACE_TRANSITION_PRESENT/g2/m1/r4/MAP_NOISE_ONLY/pcl_iterative_closest_point_with_normals
full-synthetic-development-v1/END_FACE_TRANSITION_PRESENT/g2/m1/r4/DROPOUT_ONLY,END_FACE_TRANSITION_PRESENT,2,1334931069,1,1664898153,4,DROPOUT_ONLY,NEW_DEVELOPMENT_GENERATED,false,open3d_point_to_plane,full-synthetic-development-v1/END_FACE_TRANSITION_PRESENT/g2/m1/r4/DROPOUT_ONLY/open3d_point_to_plane
full-synthetic-development-v1/END_FACE_TRANSITION_PRESENT/g2/m1/r4/DROPOUT_ONLY,END_FACE_TRANSITION_PRESENT,2,1334931069,1,1664898153,4,DROPOUT_ONLY,NEW_DEVELOPMENT_GENERATED,false,pcl_iterative_closest_point_with_normals,full-synthetic-development-v1/END_FACE_TRANSITION_PRESENT/g2/m1/r4/DROPOUT_ONLY/pcl_iterative_closest_point_with_normals
full-synthetic-development-v1/END_FACE_TRANSITION_PRESENT/g2/m1/r4/FULL_NOISE,END_FACE_TRANSITION_PRESENT,2,1334931069,1,1664898153,4,FULL_NOISE,NEW_DEVELOPMENT_GENERATED,false,open3d_point_to_plane,full-synthetic-development-v1/END_FACE_TRANSITION_PRESENT/g2/m1/r4/FULL_NOISE/open3d_point_to_plane
full-synthetic-development-v1/END_FACE_TRANSITION_PRESENT/g2/m1/r4/FULL_NOISE,END_FACE_TRANSITION_PRESENT,2,1334931069,1,1664898153,4,FULL_NOISE,NEW_DEVELOPMENT_GENERATED,false,pcl_iterative_closest_point_with_normals,full-synthetic-development-v1/END_FACE_TRANSITION_PRESENT/g2/m1/r4/FULL_NOISE/pcl_iterative_closest_point_with_normals
phase-b-signal-v1/END_FACE_TRANSITION_WEAK/g0/INDEPENDENT_NOISE_FREE,END_FACE_TRANSITION_WEAK,0,1850310744,0,217775206,0,INDEPENDENT_NOISE_FREE,NEW_DEVELOPMENT_GENERATED,true,open3d_point_to_plane,phase-b-signal-v1/END_FACE_TRANSITION_WEAK/g0/INDEPENDENT_NOISE_FREE/open3d_point_to_plane
phase-b-signal-v1/END_FACE_TRANSITION_WEAK/g0/INDEPENDENT_NOISE_FREE,END_FACE_TRANSITION_WEAK,0,1850310744,0,217775206,0,INDEPENDENT_NOISE_FREE,NEW_DEVELOPMENT_GENERATED,true,pcl_iterative_closest_point_with_normals,phase-b-signal-v1/END_FACE_TRANSITION_WEAK/g0/INDEPENDENT_NOISE_FREE/pcl_iterative_closest_point_with_normals
full-synthetic-development-v1/END_FACE_TRANSITION_WEAK/g0/m0/r0/SCAN_NOISE_ONLY,END_FACE_TRANSITION_WEAK,0,1850310744,0,217775206,0,SCAN_NOISE_ONLY,NEW_DEVELOPMENT_GENERATED,false,open3d_point_to_plane,full-synthetic-development-v1/END_FACE_TRANSITION_WEAK/g0/m0/r0/SCAN_NOISE_ONLY/open3d_point_to_plane
full-synthetic-development-v1/END_FACE_TRANSITION_WEAK/g0/m0/r0/SCAN_NOISE_ONLY,END_FACE_TRANSITION_WEAK,0,1850310744,0,217775206,0,SCAN_NOISE_ONLY,NEW_DEVELOPMENT_GENERATED,false,pcl_iterative_closest_point_with_normals,full-synthetic-development-v1/END_FACE_TRANSITION_WEAK/g0/m0/r0/SCAN_NOISE_ONLY/pcl_iterative_closest_point_with_normals
full-synthetic-development-v1/END_FACE_TRANSITION_WEAK/g0/m0/r0/MAP_NOISE_ONLY,END_FACE_TRANSITION_WEAK,0,1850310744,0,217775206,0,MAP_NOISE_ONLY,NEW_DEVELOPMENT_GENERATED,false,open3d_point_to_plane,full-synthetic-development-v1/END_FACE_TRANSITION_WEAK/g0/m0/r0/MAP_NOISE_ONLY/open3d_point_to_plane
full-synthetic-development-v1/END_FACE_TRANSITION_WEAK/g0/m0/r0/MAP_NOISE_ONLY,END_FACE_TRANSITION_WEAK,0,1850310744,0,217775206,0,MAP_NOISE_ONLY,NEW_DEVELOPMENT_GENERATED,false,pcl_iterative_closest_point_with_normals,full-synthetic-development-v1/END_FACE_TRANSITION_WEAK/g0/m0/r0/MAP_NOISE_ONLY/pcl_iterative_closest_point_with_normals
full-synthetic-development-v1/END_FACE_TRANSITION_WEAK/g0/m0/r0/DROPOUT_ONLY,END_FACE_TRANSITION_WEAK,0,1850310744,0,217775206,0,DROPOUT_ONLY,NEW_DEVELOPMENT_GENERATED,false,open3d_point_to_plane,full-synthetic-development-v1/END_FACE_TRANSITION_WEAK/g0/m0/r0/DROPOUT_ONLY/open3d_point_to_plane
full-synthetic-development-v1/END_FACE_TRANSITION_WEAK/g0/m0/r0/DROPOUT_ONLY,END_FACE_TRANSITION_WEAK,0,1850310744,0,217775206,0,DROPOUT_ONLY,NEW_DEVELOPMENT_GENERATED,false,pcl_iterative_closest_point_with_normals,full-synthetic-development-v1/END_FACE_TRANSITION_WEAK/g0/m0/r0/DROPOUT_ONLY/pcl_iterative_closest_point_with_normals
phase-b-signal-v1/END_FACE_TRANSITION_WEAK/g0/FULL_NOISE,END_FACE_TRANSITION_WEAK,0,1850310744,0,217775206,0,FULL_NOISE,NEW_DEVELOPMENT_GENERATED,true,open3d_point_to_plane,phase-b-signal-v1/END_FACE_TRANSITION_WEAK/g0/FULL_NOISE/open3d_point_to_plane
phase-b-signal-v1/END_FACE_TRANSITION_WEAK/g0/FULL_NOISE,END_FACE_TRANSITION_WEAK,0,1850310744,0,217775206,0,FULL_NOISE,NEW_DEVELOPMENT_GENERATED,true,pcl_iterative_closest_point_with_normals,phase-b-signal-v1/END_FACE_TRANSITION_WEAK/g0/FULL_NOISE/pcl_iterative_closest_point_with_normals
full-synthetic-development-v1/END_FACE_TRANSITION_WEAK/g0/m0/r1/INDEPENDENT_NOISE_FREE,END_FACE_TRANSITION_WEAK,0,1850310744,0,217775206,1,INDEPENDENT_NOISE_FREE,NEW_DEVELOPMENT_GENERATED,false,open3d_point_to_plane,full-synthetic-development-v1/END_FACE_TRANSITION_WEAK/g0/m0/r1/INDEPENDENT_NOISE_FREE/open3d_point_to_plane
full-synthetic-development-v1/END_FACE_TRANSITION_WEAK/g0/m0/r1/INDEPENDENT_NOISE_FREE,END_FACE_TRANSITION_WEAK,0,1850310744,0,217775206,1,INDEPENDENT_NOISE_FREE,NEW_DEVELOPMENT_GENERATED,false,pcl_iterative_closest_point_with_normals,full-synthetic-development-v1/END_FACE_TRANSITION_WEAK/g0/m0/r1/INDEPENDENT_NOISE_FREE/pcl_iterative_closest_point_with_normals
full-synthetic-development-v1/END_FACE_TRANSITION_WEAK/g0/m0/r1/SCAN_NOISE_ONLY,END_FACE_TRANSITION_WEAK,0,1850310744,0,217775206,1,SCAN_NOISE_ONLY,NEW_DEVELOPMENT_GENERATED,false,open3d_point_to_plane,full-synthetic-development-v1/END_FACE_TRANSITION_WEAK/g0/m0/r1/SCAN_NOISE_ONLY/open3d_point_to_plane
full-synthetic-development-v1/END_FACE_TRANSITION_WEAK/g0/m0/r1/SCAN_NOISE_ONLY,END_FACE_TRANSITION_WEAK,0,1850310744,0,217775206,1,SCAN_NOISE_ONLY,NEW_DEVELOPMENT_GENERATED,false,pcl_iterative_closest_point_with_normals,full-synthetic-development-v1/END_FACE_TRANSITION_WEAK/g0/m0/r1/SCAN_NOISE_ONLY/pcl_iterative_closest_point_with_normals
full-synthetic-development-v1/END_FACE_TRANSITION_WEAK/g0/m0/r1/MAP_NOISE_ONLY,END_FACE_TRANSITION_WEAK,0,1850310744,0,217775206,1,MAP_NOISE_ONLY,NEW_DEVELOPMENT_GENERATED,false,open3d_point_to_plane,full-synthetic-development-v1/END_FACE_TRANSITION_WEAK/g0/m0/r1/MAP_NOISE_ONLY/open3d_point_to_plane
full-synthetic-development-v1/END_FACE_TRANSITION_WEAK/g0/m0/r1/MAP_NOISE_ONLY,END_FACE_TRANSITION_WEAK,0,1850310744,0,217775206,1,MAP_NOISE_ONLY,NEW_DEVELOPMENT_GENERATED,false,pcl_iterative_closest_point_with_normals,full-synthetic-development-v1/END_FACE_TRANSITION_WEAK/g0/m0/r1/MAP_NOISE_ONLY/pcl_iterative_closest_point_with_normals
full-synthetic-development-v1/END_FACE_TRANSITION_WEAK/g0/m0/r1/DROPOUT_ONLY,END_FACE_TRANSITION_WEAK,0,1850310744,0,217775206,1,DROPOUT_ONLY,NEW_DEVELOPMENT_GENERATED,false,open3d_point_to_plane,full-synthetic-development-v1/END_FACE_TRANSITION_WEAK/g0/m0/r1/DROPOUT_ONLY/open3d_point_to_plane
full-synthetic-development-v1/END_FACE_TRANSITION_WEAK/g0/m0/r1/DROPOUT_ONLY,END_FACE_TRANSITION_WEAK,0,1850310744,0,217775206,1,DROPOUT_ONLY,NEW_DEVELOPMENT_GENERATED,false,pcl_iterative_closest_point_with_normals,full-synthetic-development-v1/END_FACE_TRANSITION_WEAK/g0/m0/r1/DROPOUT_ONLY/pcl_iterative_closest_point_with_normals
full-synthetic-development-v1/END_FACE_TRANSITION_WEAK/g0/m0/r1/FULL_NOISE,END_FACE_TRANSITION_WEAK,0,1850310744,0,217775206,1,FULL_NOISE,NEW_DEVELOPMENT_GENERATED,false,open3d_point_to_plane,full-synthetic-development-v1/END_FACE_TRANSITION_WEAK/g0/m0/r1/FULL_NOISE/open3d_point_to_plane
full-synthetic-development-v1/END_FACE_TRANSITION_WEAK/g0/m0/r1/FULL_NOISE,END_FACE_TRANSITION_WEAK,0,1850310744,0,217775206,1,FULL_NOISE,NEW_DEVELOPMENT_GENERATED,false,pcl_iterative_closest_point_with_normals,full-synthetic-development-v1/END_FACE_TRANSITION_WEAK/g0/m0/r1/FULL_NOISE/pcl_iterative_closest_point_with_normals
full-synthetic-development-v1/END_FACE_TRANSITION_WEAK/g0/m0/r2/INDEPENDENT_NOISE_FREE,END_FACE_TRANSITION_WEAK,0,1850310744,0,217775206,2,INDEPENDENT_NOISE_FREE,NEW_DEVELOPMENT_GENERATED,false,open3d_point_to_plane,full-synthetic-development-v1/END_FACE_TRANSITION_WEAK/g0/m0/r2/INDEPENDENT_NOISE_FREE/open3d_point_to_plane
full-synthetic-development-v1/END_FACE_TRANSITION_WEAK/g0/m0/r2/INDEPENDENT_NOISE_FREE,END_FACE_TRANSITION_WEAK,0,1850310744,0,217775206,2,INDEPENDENT_NOISE_FREE,NEW_DEVELOPMENT_GENERATED,false,pcl_iterative_closest_point_with_normals,full-synthetic-development-v1/END_FACE_TRANSITION_WEAK/g0/m0/r2/INDEPENDENT_NOISE_FREE/pcl_iterative_closest_point_with_normals
full-synthetic-development-v1/END_FACE_TRANSITION_WEAK/g0/m0/r2/SCAN_NOISE_ONLY,END_FACE_TRANSITION_WEAK,0,1850310744,0,217775206,2,SCAN_NOISE_ONLY,NEW_DEVELOPMENT_GENERATED,false,open3d_point_to_plane,full-synthetic-development-v1/END_FACE_TRANSITION_WEAK/g0/m0/r2/SCAN_NOISE_ONLY/open3d_point_to_plane
full-synthetic-development-v1/END_FACE_TRANSITION_WEAK/g0/m0/r2/SCAN_NOISE_ONLY,END_FACE_TRANSITION_WEAK,0,1850310744,0,217775206,2,SCAN_NOISE_ONLY,NEW_DEVELOPMENT_GENERATED,false,pcl_iterative_closest_point_with_normals,full-synthetic-development-v1/END_FACE_TRANSITION_WEAK/g0/m0/r2/SCAN_NOISE_ONLY/pcl_iterative_closest_point_with_normals
full-synthetic-development-v1/END_FACE_TRANSITION_WEAK/g0/m0/r2/MAP_NOISE_ONLY,END_FACE_TRANSITION_WEAK,0,1850310744,0,217775206,2,MAP_NOISE_ONLY,NEW_DEVELOPMENT_GENERATED,false,open3d_point_to_plane,full-synthetic-development-v1/END_FACE_TRANSITION_WEAK/g0/m0/r2/MAP_NOISE_ONLY/open3d_point_to_plane
full-synthetic-development-v1/END_FACE_TRANSITION_WEAK/g0/m0/r2/MAP_NOISE_ONLY,END_FACE_TRANSITION_WEAK,0,1850310744,0,217775206,2,MAP_NOISE_ONLY,NEW_DEVELOPMENT_GENERATED,false,pcl_iterative_closest_point_with_normals,full-synthetic-development-v1/END_FACE_TRANSITION_WEAK/g0/m0/r2/MAP_NOISE_ONLY/pcl_iterative_closest_point_with_normals
full-synthetic-development-v1/END_FACE_TRANSITION_WEAK/g0/m0/r2/DROPOUT_ONLY,END_FACE_TRANSITION_WEAK,0,1850310744,0,217775206,2,DROPOUT_ONLY,NEW_DEVELOPMENT_GENERATED,false,open3d_point_to_plane,full-synthetic-development-v1/END_FACE_TRANSITION_WEAK/g0/m0/r2/DROPOUT_ONLY/open3d_point_to_plane
full-synthetic-development-v1/END_FACE_TRANSITION_WEAK/g0/m0/r2/DROPOUT_ONLY,END_FACE_TRANSITION_WEAK,0,1850310744,0,217775206,2,DROPOUT_ONLY,NEW_DEVELOPMENT_GENERATED,false,pcl_iterative_closest_point_with_normals,full-synthetic-development-v1/END_FACE_TRANSITION_WEAK/g0/m0/r2/DROPOUT_ONLY/pcl_iterative_closest_point_with_normals
full-synthetic-development-v1/END_FACE_TRANSITION_WEAK/g0/m0/r2/FULL_NOISE,END_FACE_TRANSITION_WEAK,0,1850310744,0,217775206,2,FULL_NOISE,NEW_DEVELOPMENT_GENERATED,false,open3d_point_to_plane,full-synthetic-development-v1/END_FACE_TRANSITION_WEAK/g0/m0/r2/FULL_NOISE/open3d_point_to_plane
full-synthetic-development-v1/END_FACE_TRANSITION_WEAK/g0/m0/r2/FULL_NOISE,END_FACE_TRANSITION_WEAK,0,1850310744,0,217775206,2,FULL_NOISE,NEW_DEVELOPMENT_GENERATED,false,pcl_iterative_closest_point_with_normals,full-synthetic-development-v1/END_FACE_TRANSITION_WEAK/g0/m0/r2/FULL_NOISE/pcl_iterative_closest_point_with_normals
full-synthetic-development-v1/END_FACE_TRANSITION_WEAK/g0/m0/r3/INDEPENDENT_NOISE_FREE,END_FACE_TRANSITION_WEAK,0,1850310744,0,217775206,3,INDEPENDENT_NOISE_FREE,NEW_DEVELOPMENT_GENERATED,false,open3d_point_to_plane,full-synthetic-development-v1/END_FACE_TRANSITION_WEAK/g0/m0/r3/INDEPENDENT_NOISE_FREE/open3d_point_to_plane
full-synthetic-development-v1/END_FACE_TRANSITION_WEAK/g0/m0/r3/INDEPENDENT_NOISE_FREE,END_FACE_TRANSITION_WEAK,0,1850310744,0,217775206,3,INDEPENDENT_NOISE_FREE,NEW_DEVELOPMENT_GENERATED,false,pcl_iterative_closest_point_with_normals,full-synthetic-development-v1/END_FACE_TRANSITION_WEAK/g0/m0/r3/INDEPENDENT_NOISE_FREE/pcl_iterative_closest_point_with_normals
full-synthetic-development-v1/END_FACE_TRANSITION_WEAK/g0/m0/r3/SCAN_NOISE_ONLY,END_FACE_TRANSITION_WEAK,0,1850310744,0,217775206,3,SCAN_NOISE_ONLY,NEW_DEVELOPMENT_GENERATED,false,open3d_point_to_plane,full-synthetic-development-v1/END_FACE_TRANSITION_WEAK/g0/m0/r3/SCAN_NOISE_ONLY/open3d_point_to_plane
full-synthetic-development-v1/END_FACE_TRANSITION_WEAK/g0/m0/r3/SCAN_NOISE_ONLY,END_FACE_TRANSITION_WEAK,0,1850310744,0,217775206,3,SCAN_NOISE_ONLY,NEW_DEVELOPMENT_GENERATED,false,pcl_iterative_closest_point_with_normals,full-synthetic-development-v1/END_FACE_TRANSITION_WEAK/g0/m0/r3/SCAN_NOISE_ONLY/pcl_iterative_closest_point_with_normals
full-synthetic-development-v1/END_FACE_TRANSITION_WEAK/g0/m0/r3/MAP_NOISE_ONLY,END_FACE_TRANSITION_WEAK,0,1850310744,0,217775206,3,MAP_NOISE_ONLY,NEW_DEVELOPMENT_GENERATED,false,open3d_point_to_plane,full-synthetic-development-v1/END_FACE_TRANSITION_WEAK/g0/m0/r3/MAP_NOISE_ONLY/open3d_point_to_plane
full-synthetic-development-v1/END_FACE_TRANSITION_WEAK/g0/m0/r3/MAP_NOISE_ONLY,END_FACE_TRANSITION_WEAK,0,1850310744,0,217775206,3,MAP_NOISE_ONLY,NEW_DEVELOPMENT_GENERATED,false,pcl_iterative_closest_point_with_normals,full-synthetic-development-v1/END_FACE_TRANSITION_WEAK/g0/m0/r3/MAP_NOISE_ONLY/pcl_iterative_closest_point_with_normals
full-synthetic-development-v1/END_FACE_TRANSITION_WEAK/g0/m0/r3/DROPOUT_ONLY,END_FACE_TRANSITION_WEAK,0,1850310744,0,217775206,3,DROPOUT_ONLY,NEW_DEVELOPMENT_GENERATED,false,open3d_point_to_plane,full-synthetic-development-v1/END_FACE_TRANSITION_WEAK/g0/m0/r3/DROPOUT_ONLY/open3d_point_to_plane
full-synthetic-development-v1/END_FACE_TRANSITION_WEAK/g0/m0/r3/DROPOUT_ONLY,END_FACE_TRANSITION_WEAK,0,1850310744,0,217775206,3,DROPOUT_ONLY,NEW_DEVELOPMENT_GENERATED,false,pcl_iterative_closest_point_with_normals,full-synthetic-development-v1/END_FACE_TRANSITION_WEAK/g0/m0/r3/DROPOUT_ONLY/pcl_iterative_closest_point_with_normals
full-synthetic-development-v1/END_FACE_TRANSITION_WEAK/g0/m0/r3/FULL_NOISE,END_FACE_TRANSITION_WEAK,0,1850310744,0,217775206,3,FULL_NOISE,NEW_DEVELOPMENT_GENERATED,false,open3d_point_to_plane,full-synthetic-development-v1/END_FACE_TRANSITION_WEAK/g0/m0/r3/FULL_NOISE/open3d_point_to_plane
full-synthetic-development-v1/END_FACE_TRANSITION_WEAK/g0/m0/r3/FULL_NOISE,END_FACE_TRANSITION_WEAK,0,1850310744,0,217775206,3,FULL_NOISE,NEW_DEVELOPMENT_GENERATED,false,pcl_iterative_closest_point_with_normals,full-synthetic-development-v1/END_FACE_TRANSITION_WEAK/g0/m0/r3/FULL_NOISE/pcl_iterative_closest_point_with_normals
full-synthetic-development-v1/END_FACE_TRANSITION_WEAK/g0/m0/r4/INDEPENDENT_NOISE_FREE,END_FACE_TRANSITION_WEAK,0,1850310744,0,217775206,4,INDEPENDENT_NOISE_FREE,NEW_DEVELOPMENT_GENERATED,false,open3d_point_to_plane,full-synthetic-development-v1/END_FACE_TRANSITION_WEAK/g0/m0/r4/INDEPENDENT_NOISE_FREE/open3d_point_to_plane
full-synthetic-development-v1/END_FACE_TRANSITION_WEAK/g0/m0/r4/INDEPENDENT_NOISE_FREE,END_FACE_TRANSITION_WEAK,0,1850310744,0,217775206,4,INDEPENDENT_NOISE_FREE,NEW_DEVELOPMENT_GENERATED,false,pcl_iterative_closest_point_with_normals,full-synthetic-development-v1/END_FACE_TRANSITION_WEAK/g0/m0/r4/INDEPENDENT_NOISE_FREE/pcl_iterative_closest_point_with_normals
full-synthetic-development-v1/END_FACE_TRANSITION_WEAK/g0/m0/r4/SCAN_NOISE_ONLY,END_FACE_TRANSITION_WEAK,0,1850310744,0,217775206,4,SCAN_NOISE_ONLY,NEW_DEVELOPMENT_GENERATED,false,open3d_point_to_plane,full-synthetic-development-v1/END_FACE_TRANSITION_WEAK/g0/m0/r4/SCAN_NOISE_ONLY/open3d_point_to_plane
full-synthetic-development-v1/END_FACE_TRANSITION_WEAK/g0/m0/r4/SCAN_NOISE_ONLY,END_FACE_TRANSITION_WEAK,0,1850310744,0,217775206,4,SCAN_NOISE_ONLY,NEW_DEVELOPMENT_GENERATED,false,pcl_iterative_closest_point_with_normals,full-synthetic-development-v1/END_FACE_TRANSITION_WEAK/g0/m0/r4/SCAN_NOISE_ONLY/pcl_iterative_closest_point_with_normals
full-synthetic-development-v1/END_FACE_TRANSITION_WEAK/g0/m0/r4/MAP_NOISE_ONLY,END_FACE_TRANSITION_WEAK,0,1850310744,0,217775206,4,MAP_NOISE_ONLY,NEW_DEVELOPMENT_GENERATED,false,open3d_point_to_plane,full-synthetic-development-v1/END_FACE_TRANSITION_WEAK/g0/m0/r4/MAP_NOISE_ONLY/open3d_point_to_plane
full-synthetic-development-v1/END_FACE_TRANSITION_WEAK/g0/m0/r4/MAP_NOISE_ONLY,END_FACE_TRANSITION_WEAK,0,1850310744,0,217775206,4,MAP_NOISE_ONLY,NEW_DEVELOPMENT_GENERATED,false,pcl_iterative_closest_point_with_normals,full-synthetic-development-v1/END_FACE_TRANSITION_WEAK/g0/m0/r4/MAP_NOISE_ONLY/pcl_iterative_closest_point_with_normals
full-synthetic-development-v1/END_FACE_TRANSITION_WEAK/g0/m0/r4/DROPOUT_ONLY,END_FACE_TRANSITION_WEAK,0,1850310744,0,217775206,4,DROPOUT_ONLY,NEW_DEVELOPMENT_GENERATED,false,open3d_point_to_plane,full-synthetic-development-v1/END_FACE_TRANSITION_WEAK/g0/m0/r4/DROPOUT_ONLY/open3d_point_to_plane
full-synthetic-development-v1/END_FACE_TRANSITION_WEAK/g0/m0/r4/DROPOUT_ONLY,END_FACE_TRANSITION_WEAK,0,1850310744,0,217775206,4,DROPOUT_ONLY,NEW_DEVELOPMENT_GENERATED,false,pcl_iterative_closest_point_with_normals,full-synthetic-development-v1/END_FACE_TRANSITION_WEAK/g0/m0/r4/DROPOUT_ONLY/pcl_iterative_closest_point_with_normals
full-synthetic-development-v1/END_FACE_TRANSITION_WEAK/g0/m0/r4/FULL_NOISE,END_FACE_TRANSITION_WEAK,0,1850310744,0,217775206,4,FULL_NOISE,NEW_DEVELOPMENT_GENERATED,false,open3d_point_to_plane,full-synthetic-development-v1/END_FACE_TRANSITION_WEAK/g0/m0/r4/FULL_NOISE/open3d_point_to_plane
full-synthetic-development-v1/END_FACE_TRANSITION_WEAK/g0/m0/r4/FULL_NOISE,END_FACE_TRANSITION_WEAK,0,1850310744,0,217775206,4,FULL_NOISE,NEW_DEVELOPMENT_GENERATED,false,pcl_iterative_closest_point_with_normals,full-synthetic-development-v1/END_FACE_TRANSITION_WEAK/g0/m0/r4/FULL_NOISE/pcl_iterative_closest_point_with_normals
full-synthetic-development-v1/END_FACE_TRANSITION_WEAK/g0/m1/r0/INDEPENDENT_NOISE_FREE,END_FACE_TRANSITION_WEAK,0,1850310744,1,1664898153,0,INDEPENDENT_NOISE_FREE,NEW_DEVELOPMENT_GENERATED,false,open3d_point_to_plane,full-synthetic-development-v1/END_FACE_TRANSITION_WEAK/g0/m1/r0/INDEPENDENT_NOISE_FREE/open3d_point_to_plane
full-synthetic-development-v1/END_FACE_TRANSITION_WEAK/g0/m1/r0/INDEPENDENT_NOISE_FREE,END_FACE_TRANSITION_WEAK,0,1850310744,1,1664898153,0,INDEPENDENT_NOISE_FREE,NEW_DEVELOPMENT_GENERATED,false,pcl_iterative_closest_point_with_normals,full-synthetic-development-v1/END_FACE_TRANSITION_WEAK/g0/m1/r0/INDEPENDENT_NOISE_FREE/pcl_iterative_closest_point_with_normals
full-synthetic-development-v1/END_FACE_TRANSITION_WEAK/g0/m1/r0/SCAN_NOISE_ONLY,END_FACE_TRANSITION_WEAK,0,1850310744,1,1664898153,0,SCAN_NOISE_ONLY,NEW_DEVELOPMENT_GENERATED,false,open3d_point_to_plane,full-synthetic-development-v1/END_FACE_TRANSITION_WEAK/g0/m1/r0/SCAN_NOISE_ONLY/open3d_point_to_plane
full-synthetic-development-v1/END_FACE_TRANSITION_WEAK/g0/m1/r0/SCAN_NOISE_ONLY,END_FACE_TRANSITION_WEAK,0,1850310744,1,1664898153,0,SCAN_NOISE_ONLY,NEW_DEVELOPMENT_GENERATED,false,pcl_iterative_closest_point_with_normals,full-synthetic-development-v1/END_FACE_TRANSITION_WEAK/g0/m1/r0/SCAN_NOISE_ONLY/pcl_iterative_closest_point_with_normals
full-synthetic-development-v1/END_FACE_TRANSITION_WEAK/g0/m1/r0/MAP_NOISE_ONLY,END_FACE_TRANSITION_WEAK,0,1850310744,1,1664898153,0,MAP_NOISE_ONLY,NEW_DEVELOPMENT_GENERATED,false,open3d_point_to_plane,full-synthetic-development-v1/END_FACE_TRANSITION_WEAK/g0/m1/r0/MAP_NOISE_ONLY/open3d_point_to_plane
full-synthetic-development-v1/END_FACE_TRANSITION_WEAK/g0/m1/r0/MAP_NOISE_ONLY,END_FACE_TRANSITION_WEAK,0,1850310744,1,1664898153,0,MAP_NOISE_ONLY,NEW_DEVELOPMENT_GENERATED,false,pcl_iterative_closest_point_with_normals,full-synthetic-development-v1/END_FACE_TRANSITION_WEAK/g0/m1/r0/MAP_NOISE_ONLY/pcl_iterative_closest_point_with_normals
full-synthetic-development-v1/END_FACE_TRANSITION_WEAK/g0/m1/r0/DROPOUT_ONLY,END_FACE_TRANSITION_WEAK,0,1850310744,1,1664898153,0,DROPOUT_ONLY,NEW_DEVELOPMENT_GENERATED,false,open3d_point_to_plane,full-synthetic-development-v1/END_FACE_TRANSITION_WEAK/g0/m1/r0/DROPOUT_ONLY/open3d_point_to_plane
full-synthetic-development-v1/END_FACE_TRANSITION_WEAK/g0/m1/r0/DROPOUT_ONLY,END_FACE_TRANSITION_WEAK,0,1850310744,1,1664898153,0,DROPOUT_ONLY,NEW_DEVELOPMENT_GENERATED,false,pcl_iterative_closest_point_with_normals,full-synthetic-development-v1/END_FACE_TRANSITION_WEAK/g0/m1/r0/DROPOUT_ONLY/pcl_iterative_closest_point_with_normals
full-synthetic-development-v1/END_FACE_TRANSITION_WEAK/g0/m1/r0/FULL_NOISE,END_FACE_TRANSITION_WEAK,0,1850310744,1,1664898153,0,FULL_NOISE,NEW_DEVELOPMENT_GENERATED,false,open3d_point_to_plane,full-synthetic-development-v1/END_FACE_TRANSITION_WEAK/g0/m1/r0/FULL_NOISE/open3d_point_to_plane
full-synthetic-development-v1/END_FACE_TRANSITION_WEAK/g0/m1/r0/FULL_NOISE,END_FACE_TRANSITION_WEAK,0,1850310744,1,1664898153,0,FULL_NOISE,NEW_DEVELOPMENT_GENERATED,false,pcl_iterative_closest_point_with_normals,full-synthetic-development-v1/END_FACE_TRANSITION_WEAK/g0/m1/r0/FULL_NOISE/pcl_iterative_closest_point_with_normals
full-synthetic-development-v1/END_FACE_TRANSITION_WEAK/g0/m1/r1/INDEPENDENT_NOISE_FREE,END_FACE_TRANSITION_WEAK,0,1850310744,1,1664898153,1,INDEPENDENT_NOISE_FREE,NEW_DEVELOPMENT_GENERATED,false,open3d_point_to_plane,full-synthetic-development-v1/END_FACE_TRANSITION_WEAK/g0/m1/r1/INDEPENDENT_NOISE_FREE/open3d_point_to_plane
full-synthetic-development-v1/END_FACE_TRANSITION_WEAK/g0/m1/r1/INDEPENDENT_NOISE_FREE,END_FACE_TRANSITION_WEAK,0,1850310744,1,1664898153,1,INDEPENDENT_NOISE_FREE,NEW_DEVELOPMENT_GENERATED,false,pcl_iterative_closest_point_with_normals,full-synthetic-development-v1/END_FACE_TRANSITION_WEAK/g0/m1/r1/INDEPENDENT_NOISE_FREE/pcl_iterative_closest_point_with_normals
full-synthetic-development-v1/END_FACE_TRANSITION_WEAK/g0/m1/r1/SCAN_NOISE_ONLY,END_FACE_TRANSITION_WEAK,0,1850310744,1,1664898153,1,SCAN_NOISE_ONLY,NEW_DEVELOPMENT_GENERATED,false,open3d_point_to_plane,full-synthetic-development-v1/END_FACE_TRANSITION_WEAK/g0/m1/r1/SCAN_NOISE_ONLY/open3d_point_to_plane
full-synthetic-development-v1/END_FACE_TRANSITION_WEAK/g0/m1/r1/SCAN_NOISE_ONLY,END_FACE_TRANSITION_WEAK,0,1850310744,1,1664898153,1,SCAN_NOISE_ONLY,NEW_DEVELOPMENT_GENERATED,false,pcl_iterative_closest_point_with_normals,full-synthetic-development-v1/END_FACE_TRANSITION_WEAK/g0/m1/r1/SCAN_NOISE_ONLY/pcl_iterative_closest_point_with_normals
full-synthetic-development-v1/END_FACE_TRANSITION_WEAK/g0/m1/r1/MAP_NOISE_ONLY,END_FACE_TRANSITION_WEAK,0,1850310744,1,1664898153,1,MAP_NOISE_ONLY,NEW_DEVELOPMENT_GENERATED,false,open3d_point_to_plane,full-synthetic-development-v1/END_FACE_TRANSITION_WEAK/g0/m1/r1/MAP_NOISE_ONLY/open3d_point_to_plane
full-synthetic-development-v1/END_FACE_TRANSITION_WEAK/g0/m1/r1/MAP_NOISE_ONLY,END_FACE_TRANSITION_WEAK,0,1850310744,1,1664898153,1,MAP_NOISE_ONLY,NEW_DEVELOPMENT_GENERATED,false,pcl_iterative_closest_point_with_normals,full-synthetic-development-v1/END_FACE_TRANSITION_WEAK/g0/m1/r1/MAP_NOISE_ONLY/pcl_iterative_closest_point_with_normals
full-synthetic-development-v1/END_FACE_TRANSITION_WEAK/g0/m1/r1/DROPOUT_ONLY,END_FACE_TRANSITION_WEAK,0,1850310744,1,1664898153,1,DROPOUT_ONLY,NEW_DEVELOPMENT_GENERATED,false,open3d_point_to_plane,full-synthetic-development-v1/END_FACE_TRANSITION_WEAK/g0/m1/r1/DROPOUT_ONLY/open3d_point_to_plane
full-synthetic-development-v1/END_FACE_TRANSITION_WEAK/g0/m1/r1/DROPOUT_ONLY,END_FACE_TRANSITION_WEAK,0,1850310744,1,1664898153,1,DROPOUT_ONLY,NEW_DEVELOPMENT_GENERATED,false,pcl_iterative_closest_point_with_normals,full-synthetic-development-v1/END_FACE_TRANSITION_WEAK/g0/m1/r1/DROPOUT_ONLY/pcl_iterative_closest_point_with_normals
full-synthetic-development-v1/END_FACE_TRANSITION_WEAK/g0/m1/r1/FULL_NOISE,END_FACE_TRANSITION_WEAK,0,1850310744,1,1664898153,1,FULL_NOISE,NEW_DEVELOPMENT_GENERATED,false,open3d_point_to_plane,full-synthetic-development-v1/END_FACE_TRANSITION_WEAK/g0/m1/r1/FULL_NOISE/open3d_point_to_plane
full-synthetic-development-v1/END_FACE_TRANSITION_WEAK/g0/m1/r1/FULL_NOISE,END_FACE_TRANSITION_WEAK,0,1850310744,1,1664898153,1,FULL_NOISE,NEW_DEVELOPMENT_GENERATED,false,pcl_iterative_closest_point_with_normals,full-synthetic-development-v1/END_FACE_TRANSITION_WEAK/g0/m1/r1/FULL_NOISE/pcl_iterative_closest_point_with_normals
full-synthetic-development-v1/END_FACE_TRANSITION_WEAK/g0/m1/r2/INDEPENDENT_NOISE_FREE,END_FACE_TRANSITION_WEAK,0,1850310744,1,1664898153,2,INDEPENDENT_NOISE_FREE,NEW_DEVELOPMENT_GENERATED,false,open3d_point_to_plane,full-synthetic-development-v1/END_FACE_TRANSITION_WEAK/g0/m1/r2/INDEPENDENT_NOISE_FREE/open3d_point_to_plane
full-synthetic-development-v1/END_FACE_TRANSITION_WEAK/g0/m1/r2/INDEPENDENT_NOISE_FREE,END_FACE_TRANSITION_WEAK,0,1850310744,1,1664898153,2,INDEPENDENT_NOISE_FREE,NEW_DEVELOPMENT_GENERATED,false,pcl_iterative_closest_point_with_normals,full-synthetic-development-v1/END_FACE_TRANSITION_WEAK/g0/m1/r2/INDEPENDENT_NOISE_FREE/pcl_iterative_closest_point_with_normals
full-synthetic-development-v1/END_FACE_TRANSITION_WEAK/g0/m1/r2/SCAN_NOISE_ONLY,END_FACE_TRANSITION_WEAK,0,1850310744,1,1664898153,2,SCAN_NOISE_ONLY,NEW_DEVELOPMENT_GENERATED,false,open3d_point_to_plane,full-synthetic-development-v1/END_FACE_TRANSITION_WEAK/g0/m1/r2/SCAN_NOISE_ONLY/open3d_point_to_plane
full-synthetic-development-v1/END_FACE_TRANSITION_WEAK/g0/m1/r2/SCAN_NOISE_ONLY,END_FACE_TRANSITION_WEAK,0,1850310744,1,1664898153,2,SCAN_NOISE_ONLY,NEW_DEVELOPMENT_GENERATED,false,pcl_iterative_closest_point_with_normals,full-synthetic-development-v1/END_FACE_TRANSITION_WEAK/g0/m1/r2/SCAN_NOISE_ONLY/pcl_iterative_closest_point_with_normals
full-synthetic-development-v1/END_FACE_TRANSITION_WEAK/g0/m1/r2/MAP_NOISE_ONLY,END_FACE_TRANSITION_WEAK,0,1850310744,1,1664898153,2,MAP_NOISE_ONLY,NEW_DEVELOPMENT_GENERATED,false,open3d_point_to_plane,full-synthetic-development-v1/END_FACE_TRANSITION_WEAK/g0/m1/r2/MAP_NOISE_ONLY/open3d_point_to_plane
full-synthetic-development-v1/END_FACE_TRANSITION_WEAK/g0/m1/r2/MAP_NOISE_ONLY,END_FACE_TRANSITION_WEAK,0,1850310744,1,1664898153,2,MAP_NOISE_ONLY,NEW_DEVELOPMENT_GENERATED,false,pcl_iterative_closest_point_with_normals,full-synthetic-development-v1/END_FACE_TRANSITION_WEAK/g0/m1/r2/MAP_NOISE_ONLY/pcl_iterative_closest_point_with_normals
full-synthetic-development-v1/END_FACE_TRANSITION_WEAK/g0/m1/r2/DROPOUT_ONLY,END_FACE_TRANSITION_WEAK,0,1850310744,1,1664898153,2,DROPOUT_ONLY,NEW_DEVELOPMENT_GENERATED,false,open3d_point_to_plane,full-synthetic-development-v1/END_FACE_TRANSITION_WEAK/g0/m1/r2/DROPOUT_ONLY/open3d_point_to_plane
full-synthetic-development-v1/END_FACE_TRANSITION_WEAK/g0/m1/r2/DROPOUT_ONLY,END_FACE_TRANSITION_WEAK,0,1850310744,1,1664898153,2,DROPOUT_ONLY,NEW_DEVELOPMENT_GENERATED,false,pcl_iterative_closest_point_with_normals,full-synthetic-development-v1/END_FACE_TRANSITION_WEAK/g0/m1/r2/DROPOUT_ONLY/pcl_iterative_closest_point_with_normals
full-synthetic-development-v1/END_FACE_TRANSITION_WEAK/g0/m1/r2/FULL_NOISE,END_FACE_TRANSITION_WEAK,0,1850310744,1,1664898153,2,FULL_NOISE,NEW_DEVELOPMENT_GENERATED,false,open3d_point_to_plane,full-synthetic-development-v1/END_FACE_TRANSITION_WEAK/g0/m1/r2/FULL_NOISE/open3d_point_to_plane
full-synthetic-development-v1/END_FACE_TRANSITION_WEAK/g0/m1/r2/FULL_NOISE,END_FACE_TRANSITION_WEAK,0,1850310744,1,1664898153,2,FULL_NOISE,NEW_DEVELOPMENT_GENERATED,false,pcl_iterative_closest_point_with_normals,full-synthetic-development-v1/END_FACE_TRANSITION_WEAK/g0/m1/r2/FULL_NOISE/pcl_iterative_closest_point_with_normals
full-synthetic-development-v1/END_FACE_TRANSITION_WEAK/g0/m1/r3/INDEPENDENT_NOISE_FREE,END_FACE_TRANSITION_WEAK,0,1850310744,1,1664898153,3,INDEPENDENT_NOISE_FREE,NEW_DEVELOPMENT_GENERATED,false,open3d_point_to_plane,full-synthetic-development-v1/END_FACE_TRANSITION_WEAK/g0/m1/r3/INDEPENDENT_NOISE_FREE/open3d_point_to_plane
full-synthetic-development-v1/END_FACE_TRANSITION_WEAK/g0/m1/r3/INDEPENDENT_NOISE_FREE,END_FACE_TRANSITION_WEAK,0,1850310744,1,1664898153,3,INDEPENDENT_NOISE_FREE,NEW_DEVELOPMENT_GENERATED,false,pcl_iterative_closest_point_with_normals,full-synthetic-development-v1/END_FACE_TRANSITION_WEAK/g0/m1/r3/INDEPENDENT_NOISE_FREE/pcl_iterative_closest_point_with_normals
full-synthetic-development-v1/END_FACE_TRANSITION_WEAK/g0/m1/r3/SCAN_NOISE_ONLY,END_FACE_TRANSITION_WEAK,0,1850310744,1,1664898153,3,SCAN_NOISE_ONLY,NEW_DEVELOPMENT_GENERATED,false,open3d_point_to_plane,full-synthetic-development-v1/END_FACE_TRANSITION_WEAK/g0/m1/r3/SCAN_NOISE_ONLY/open3d_point_to_plane
full-synthetic-development-v1/END_FACE_TRANSITION_WEAK/g0/m1/r3/SCAN_NOISE_ONLY,END_FACE_TRANSITION_WEAK,0,1850310744,1,1664898153,3,SCAN_NOISE_ONLY,NEW_DEVELOPMENT_GENERATED,false,pcl_iterative_closest_point_with_normals,full-synthetic-development-v1/END_FACE_TRANSITION_WEAK/g0/m1/r3/SCAN_NOISE_ONLY/pcl_iterative_closest_point_with_normals
full-synthetic-development-v1/END_FACE_TRANSITION_WEAK/g0/m1/r3/MAP_NOISE_ONLY,END_FACE_TRANSITION_WEAK,0,1850310744,1,1664898153,3,MAP_NOISE_ONLY,NEW_DEVELOPMENT_GENERATED,false,open3d_point_to_plane,full-synthetic-development-v1/END_FACE_TRANSITION_WEAK/g0/m1/r3/MAP_NOISE_ONLY/open3d_point_to_plane
full-synthetic-development-v1/END_FACE_TRANSITION_WEAK/g0/m1/r3/MAP_NOISE_ONLY,END_FACE_TRANSITION_WEAK,0,1850310744,1,1664898153,3,MAP_NOISE_ONLY,NEW_DEVELOPMENT_GENERATED,false,pcl_iterative_closest_point_with_normals,full-synthetic-development-v1/END_FACE_TRANSITION_WEAK/g0/m1/r3/MAP_NOISE_ONLY/pcl_iterative_closest_point_with_normals
full-synthetic-development-v1/END_FACE_TRANSITION_WEAK/g0/m1/r3/DROPOUT_ONLY,END_FACE_TRANSITION_WEAK,0,1850310744,1,1664898153,3,DROPOUT_ONLY,NEW_DEVELOPMENT_GENERATED,false,open3d_point_to_plane,full-synthetic-development-v1/END_FACE_TRANSITION_WEAK/g0/m1/r3/DROPOUT_ONLY/open3d_point_to_plane
full-synthetic-development-v1/END_FACE_TRANSITION_WEAK/g0/m1/r3/DROPOUT_ONLY,END_FACE_TRANSITION_WEAK,0,1850310744,1,1664898153,3,DROPOUT_ONLY,NEW_DEVELOPMENT_GENERATED,false,pcl_iterative_closest_point_with_normals,full-synthetic-development-v1/END_FACE_TRANSITION_WEAK/g0/m1/r3/DROPOUT_ONLY/pcl_iterative_closest_point_with_normals
full-synthetic-development-v1/END_FACE_TRANSITION_WEAK/g0/m1/r3/FULL_NOISE,END_FACE_TRANSITION_WEAK,0,1850310744,1,1664898153,3,FULL_NOISE,NEW_DEVELOPMENT_GENERATED,false,open3d_point_to_plane,full-synthetic-development-v1/END_FACE_TRANSITION_WEAK/g0/m1/r3/FULL_NOISE/open3d_point_to_plane
full-synthetic-development-v1/END_FACE_TRANSITION_WEAK/g0/m1/r3/FULL_NOISE,END_FACE_TRANSITION_WEAK,0,1850310744,1,1664898153,3,FULL_NOISE,NEW_DEVELOPMENT_GENERATED,false,pcl_iterative_closest_point_with_normals,full-synthetic-development-v1/END_FACE_TRANSITION_WEAK/g0/m1/r3/FULL_NOISE/pcl_iterative_closest_point_with_normals
full-synthetic-development-v1/END_FACE_TRANSITION_WEAK/g0/m1/r4/INDEPENDENT_NOISE_FREE,END_FACE_TRANSITION_WEAK,0,1850310744,1,1664898153,4,INDEPENDENT_NOISE_FREE,NEW_DEVELOPMENT_GENERATED,false,open3d_point_to_plane,full-synthetic-development-v1/END_FACE_TRANSITION_WEAK/g0/m1/r4/INDEPENDENT_NOISE_FREE/open3d_point_to_plane
full-synthetic-development-v1/END_FACE_TRANSITION_WEAK/g0/m1/r4/INDEPENDENT_NOISE_FREE,END_FACE_TRANSITION_WEAK,0,1850310744,1,1664898153,4,INDEPENDENT_NOISE_FREE,NEW_DEVELOPMENT_GENERATED,false,pcl_iterative_closest_point_with_normals,full-synthetic-development-v1/END_FACE_TRANSITION_WEAK/g0/m1/r4/INDEPENDENT_NOISE_FREE/pcl_iterative_closest_point_with_normals
full-synthetic-development-v1/END_FACE_TRANSITION_WEAK/g0/m1/r4/SCAN_NOISE_ONLY,END_FACE_TRANSITION_WEAK,0,1850310744,1,1664898153,4,SCAN_NOISE_ONLY,NEW_DEVELOPMENT_GENERATED,false,open3d_point_to_plane,full-synthetic-development-v1/END_FACE_TRANSITION_WEAK/g0/m1/r4/SCAN_NOISE_ONLY/open3d_point_to_plane
full-synthetic-development-v1/END_FACE_TRANSITION_WEAK/g0/m1/r4/SCAN_NOISE_ONLY,END_FACE_TRANSITION_WEAK,0,1850310744,1,1664898153,4,SCAN_NOISE_ONLY,NEW_DEVELOPMENT_GENERATED,false,pcl_iterative_closest_point_with_normals,full-synthetic-development-v1/END_FACE_TRANSITION_WEAK/g0/m1/r4/SCAN_NOISE_ONLY/pcl_iterative_closest_point_with_normals
full-synthetic-development-v1/END_FACE_TRANSITION_WEAK/g0/m1/r4/MAP_NOISE_ONLY,END_FACE_TRANSITION_WEAK,0,1850310744,1,1664898153,4,MAP_NOISE_ONLY,NEW_DEVELOPMENT_GENERATED,false,open3d_point_to_plane,full-synthetic-development-v1/END_FACE_TRANSITION_WEAK/g0/m1/r4/MAP_NOISE_ONLY/open3d_point_to_plane
full-synthetic-development-v1/END_FACE_TRANSITION_WEAK/g0/m1/r4/MAP_NOISE_ONLY,END_FACE_TRANSITION_WEAK,0,1850310744,1,1664898153,4,MAP_NOISE_ONLY,NEW_DEVELOPMENT_GENERATED,false,pcl_iterative_closest_point_with_normals,full-synthetic-development-v1/END_FACE_TRANSITION_WEAK/g0/m1/r4/MAP_NOISE_ONLY/pcl_iterative_closest_point_with_normals
full-synthetic-development-v1/END_FACE_TRANSITION_WEAK/g0/m1/r4/DROPOUT_ONLY,END_FACE_TRANSITION_WEAK,0,1850310744,1,1664898153,4,DROPOUT_ONLY,NEW_DEVELOPMENT_GENERATED,false,open3d_point_to_plane,full-synthetic-development-v1/END_FACE_TRANSITION_WEAK/g0/m1/r4/DROPOUT_ONLY/open3d_point_to_plane
full-synthetic-development-v1/END_FACE_TRANSITION_WEAK/g0/m1/r4/DROPOUT_ONLY,END_FACE_TRANSITION_WEAK,0,1850310744,1,1664898153,4,DROPOUT_ONLY,NEW_DEVELOPMENT_GENERATED,false,pcl_iterative_closest_point_with_normals,full-synthetic-development-v1/END_FACE_TRANSITION_WEAK/g0/m1/r4/DROPOUT_ONLY/pcl_iterative_closest_point_with_normals
full-synthetic-development-v1/END_FACE_TRANSITION_WEAK/g0/m1/r4/FULL_NOISE,END_FACE_TRANSITION_WEAK,0,1850310744,1,1664898153,4,FULL_NOISE,NEW_DEVELOPMENT_GENERATED,false,open3d_point_to_plane,full-synthetic-development-v1/END_FACE_TRANSITION_WEAK/g0/m1/r4/FULL_NOISE/open3d_point_to_plane
full-synthetic-development-v1/END_FACE_TRANSITION_WEAK/g0/m1/r4/FULL_NOISE,END_FACE_TRANSITION_WEAK,0,1850310744,1,1664898153,4,FULL_NOISE,NEW_DEVELOPMENT_GENERATED,false,pcl_iterative_closest_point_with_normals,full-synthetic-development-v1/END_FACE_TRANSITION_WEAK/g0/m1/r4/FULL_NOISE/pcl_iterative_closest_point_with_normals
phase-b-signal-v1/END_FACE_TRANSITION_WEAK/g1/INDEPENDENT_NOISE_FREE,END_FACE_TRANSITION_WEAK,1,1957656152,0,217775206,0,INDEPENDENT_NOISE_FREE,NEW_DEVELOPMENT_GENERATED,true,open3d_point_to_plane,phase-b-signal-v1/END_FACE_TRANSITION_WEAK/g1/INDEPENDENT_NOISE_FREE/open3d_point_to_plane
phase-b-signal-v1/END_FACE_TRANSITION_WEAK/g1/INDEPENDENT_NOISE_FREE,END_FACE_TRANSITION_WEAK,1,1957656152,0,217775206,0,INDEPENDENT_NOISE_FREE,NEW_DEVELOPMENT_GENERATED,true,pcl_iterative_closest_point_with_normals,phase-b-signal-v1/END_FACE_TRANSITION_WEAK/g1/INDEPENDENT_NOISE_FREE/pcl_iterative_closest_point_with_normals
full-synthetic-development-v1/END_FACE_TRANSITION_WEAK/g1/m0/r0/SCAN_NOISE_ONLY,END_FACE_TRANSITION_WEAK,1,1957656152,0,217775206,0,SCAN_NOISE_ONLY,NEW_DEVELOPMENT_GENERATED,false,open3d_point_to_plane,full-synthetic-development-v1/END_FACE_TRANSITION_WEAK/g1/m0/r0/SCAN_NOISE_ONLY/open3d_point_to_plane
full-synthetic-development-v1/END_FACE_TRANSITION_WEAK/g1/m0/r0/SCAN_NOISE_ONLY,END_FACE_TRANSITION_WEAK,1,1957656152,0,217775206,0,SCAN_NOISE_ONLY,NEW_DEVELOPMENT_GENERATED,false,pcl_iterative_closest_point_with_normals,full-synthetic-development-v1/END_FACE_TRANSITION_WEAK/g1/m0/r0/SCAN_NOISE_ONLY/pcl_iterative_closest_point_with_normals
full-synthetic-development-v1/END_FACE_TRANSITION_WEAK/g1/m0/r0/MAP_NOISE_ONLY,END_FACE_TRANSITION_WEAK,1,1957656152,0,217775206,0,MAP_NOISE_ONLY,NEW_DEVELOPMENT_GENERATED,false,open3d_point_to_plane,full-synthetic-development-v1/END_FACE_TRANSITION_WEAK/g1/m0/r0/MAP_NOISE_ONLY/open3d_point_to_plane
full-synthetic-development-v1/END_FACE_TRANSITION_WEAK/g1/m0/r0/MAP_NOISE_ONLY,END_FACE_TRANSITION_WEAK,1,1957656152,0,217775206,0,MAP_NOISE_ONLY,NEW_DEVELOPMENT_GENERATED,false,pcl_iterative_closest_point_with_normals,full-synthetic-development-v1/END_FACE_TRANSITION_WEAK/g1/m0/r0/MAP_NOISE_ONLY/pcl_iterative_closest_point_with_normals
full-synthetic-development-v1/END_FACE_TRANSITION_WEAK/g1/m0/r0/DROPOUT_ONLY,END_FACE_TRANSITION_WEAK,1,1957656152,0,217775206,0,DROPOUT_ONLY,NEW_DEVELOPMENT_GENERATED,false,open3d_point_to_plane,full-synthetic-development-v1/END_FACE_TRANSITION_WEAK/g1/m0/r0/DROPOUT_ONLY/open3d_point_to_plane
full-synthetic-development-v1/END_FACE_TRANSITION_WEAK/g1/m0/r0/DROPOUT_ONLY,END_FACE_TRANSITION_WEAK,1,1957656152,0,217775206,0,DROPOUT_ONLY,NEW_DEVELOPMENT_GENERATED,false,pcl_iterative_closest_point_with_normals,full-synthetic-development-v1/END_FACE_TRANSITION_WEAK/g1/m0/r0/DROPOUT_ONLY/pcl_iterative_closest_point_with_normals
phase-b-signal-v1/END_FACE_TRANSITION_WEAK/g1/FULL_NOISE,END_FACE_TRANSITION_WEAK,1,1957656152,0,217775206,0,FULL_NOISE,NEW_DEVELOPMENT_GENERATED,true,open3d_point_to_plane,phase-b-signal-v1/END_FACE_TRANSITION_WEAK/g1/FULL_NOISE/open3d_point_to_plane
phase-b-signal-v1/END_FACE_TRANSITION_WEAK/g1/FULL_NOISE,END_FACE_TRANSITION_WEAK,1,1957656152,0,217775206,0,FULL_NOISE,NEW_DEVELOPMENT_GENERATED,true,pcl_iterative_closest_point_with_normals,phase-b-signal-v1/END_FACE_TRANSITION_WEAK/g1/FULL_NOISE/pcl_iterative_closest_point_with_normals
full-synthetic-development-v1/END_FACE_TRANSITION_WEAK/g1/m0/r1/INDEPENDENT_NOISE_FREE,END_FACE_TRANSITION_WEAK,1,1957656152,0,217775206,1,INDEPENDENT_NOISE_FREE,NEW_DEVELOPMENT_GENERATED,false,open3d_point_to_plane,full-synthetic-development-v1/END_FACE_TRANSITION_WEAK/g1/m0/r1/INDEPENDENT_NOISE_FREE/open3d_point_to_plane
full-synthetic-development-v1/END_FACE_TRANSITION_WEAK/g1/m0/r1/INDEPENDENT_NOISE_FREE,END_FACE_TRANSITION_WEAK,1,1957656152,0,217775206,1,INDEPENDENT_NOISE_FREE,NEW_DEVELOPMENT_GENERATED,false,pcl_iterative_closest_point_with_normals,full-synthetic-development-v1/END_FACE_TRANSITION_WEAK/g1/m0/r1/INDEPENDENT_NOISE_FREE/pcl_iterative_closest_point_with_normals
full-synthetic-development-v1/END_FACE_TRANSITION_WEAK/g1/m0/r1/SCAN_NOISE_ONLY,END_FACE_TRANSITION_WEAK,1,1957656152,0,217775206,1,SCAN_NOISE_ONLY,NEW_DEVELOPMENT_GENERATED,false,open3d_point_to_plane,full-synthetic-development-v1/END_FACE_TRANSITION_WEAK/g1/m0/r1/SCAN_NOISE_ONLY/open3d_point_to_plane
full-synthetic-development-v1/END_FACE_TRANSITION_WEAK/g1/m0/r1/SCAN_NOISE_ONLY,END_FACE_TRANSITION_WEAK,1,1957656152,0,217775206,1,SCAN_NOISE_ONLY,NEW_DEVELOPMENT_GENERATED,false,pcl_iterative_closest_point_with_normals,full-synthetic-development-v1/END_FACE_TRANSITION_WEAK/g1/m0/r1/SCAN_NOISE_ONLY/pcl_iterative_closest_point_with_normals
full-synthetic-development-v1/END_FACE_TRANSITION_WEAK/g1/m0/r1/MAP_NOISE_ONLY,END_FACE_TRANSITION_WEAK,1,1957656152,0,217775206,1,MAP_NOISE_ONLY,NEW_DEVELOPMENT_GENERATED,false,open3d_point_to_plane,full-synthetic-development-v1/END_FACE_TRANSITION_WEAK/g1/m0/r1/MAP_NOISE_ONLY/open3d_point_to_plane
full-synthetic-development-v1/END_FACE_TRANSITION_WEAK/g1/m0/r1/MAP_NOISE_ONLY,END_FACE_TRANSITION_WEAK,1,1957656152,0,217775206,1,MAP_NOISE_ONLY,NEW_DEVELOPMENT_GENERATED,false,pcl_iterative_closest_point_with_normals,full-synthetic-development-v1/END_FACE_TRANSITION_WEAK/g1/m0/r1/MAP_NOISE_ONLY/pcl_iterative_closest_point_with_normals
full-synthetic-development-v1/END_FACE_TRANSITION_WEAK/g1/m0/r1/DROPOUT_ONLY,END_FACE_TRANSITION_WEAK,1,1957656152,0,217775206,1,DROPOUT_ONLY,NEW_DEVELOPMENT_GENERATED,false,open3d_point_to_plane,full-synthetic-development-v1/END_FACE_TRANSITION_WEAK/g1/m0/r1/DROPOUT_ONLY/open3d_point_to_plane
full-synthetic-development-v1/END_FACE_TRANSITION_WEAK/g1/m0/r1/DROPOUT_ONLY,END_FACE_TRANSITION_WEAK,1,1957656152,0,217775206,1,DROPOUT_ONLY,NEW_DEVELOPMENT_GENERATED,false,pcl_iterative_closest_point_with_normals,full-synthetic-development-v1/END_FACE_TRANSITION_WEAK/g1/m0/r1/DROPOUT_ONLY/pcl_iterative_closest_point_with_normals
full-synthetic-development-v1/END_FACE_TRANSITION_WEAK/g1/m0/r1/FULL_NOISE,END_FACE_TRANSITION_WEAK,1,1957656152,0,217775206,1,FULL_NOISE,NEW_DEVELOPMENT_GENERATED,false,open3d_point_to_plane,full-synthetic-development-v1/END_FACE_TRANSITION_WEAK/g1/m0/r1/FULL_NOISE/open3d_point_to_plane
full-synthetic-development-v1/END_FACE_TRANSITION_WEAK/g1/m0/r1/FULL_NOISE,END_FACE_TRANSITION_WEAK,1,1957656152,0,217775206,1,FULL_NOISE,NEW_DEVELOPMENT_GENERATED,false,pcl_iterative_closest_point_with_normals,full-synthetic-development-v1/END_FACE_TRANSITION_WEAK/g1/m0/r1/FULL_NOISE/pcl_iterative_closest_point_with_normals
full-synthetic-development-v1/END_FACE_TRANSITION_WEAK/g1/m0/r2/INDEPENDENT_NOISE_FREE,END_FACE_TRANSITION_WEAK,1,1957656152,0,217775206,2,INDEPENDENT_NOISE_FREE,NEW_DEVELOPMENT_GENERATED,false,open3d_point_to_plane,full-synthetic-development-v1/END_FACE_TRANSITION_WEAK/g1/m0/r2/INDEPENDENT_NOISE_FREE/open3d_point_to_plane
full-synthetic-development-v1/END_FACE_TRANSITION_WEAK/g1/m0/r2/INDEPENDENT_NOISE_FREE,END_FACE_TRANSITION_WEAK,1,1957656152,0,217775206,2,INDEPENDENT_NOISE_FREE,NEW_DEVELOPMENT_GENERATED,false,pcl_iterative_closest_point_with_normals,full-synthetic-development-v1/END_FACE_TRANSITION_WEAK/g1/m0/r2/INDEPENDENT_NOISE_FREE/pcl_iterative_closest_point_with_normals
full-synthetic-development-v1/END_FACE_TRANSITION_WEAK/g1/m0/r2/SCAN_NOISE_ONLY,END_FACE_TRANSITION_WEAK,1,1957656152,0,217775206,2,SCAN_NOISE_ONLY,NEW_DEVELOPMENT_GENERATED,false,open3d_point_to_plane,full-synthetic-development-v1/END_FACE_TRANSITION_WEAK/g1/m0/r2/SCAN_NOISE_ONLY/open3d_point_to_plane
full-synthetic-development-v1/END_FACE_TRANSITION_WEAK/g1/m0/r2/SCAN_NOISE_ONLY,END_FACE_TRANSITION_WEAK,1,1957656152,0,217775206,2,SCAN_NOISE_ONLY,NEW_DEVELOPMENT_GENERATED,false,pcl_iterative_closest_point_with_normals,full-synthetic-development-v1/END_FACE_TRANSITION_WEAK/g1/m0/r2/SCAN_NOISE_ONLY/pcl_iterative_closest_point_with_normals
full-synthetic-development-v1/END_FACE_TRANSITION_WEAK/g1/m0/r2/MAP_NOISE_ONLY,END_FACE_TRANSITION_WEAK,1,1957656152,0,217775206,2,MAP_NOISE_ONLY,NEW_DEVELOPMENT_GENERATED,false,open3d_point_to_plane,full-synthetic-development-v1/END_FACE_TRANSITION_WEAK/g1/m0/r2/MAP_NOISE_ONLY/open3d_point_to_plane
full-synthetic-development-v1/END_FACE_TRANSITION_WEAK/g1/m0/r2/MAP_NOISE_ONLY,END_FACE_TRANSITION_WEAK,1,1957656152,0,217775206,2,MAP_NOISE_ONLY,NEW_DEVELOPMENT_GENERATED,false,pcl_iterative_closest_point_with_normals,full-synthetic-development-v1/END_FACE_TRANSITION_WEAK/g1/m0/r2/MAP_NOISE_ONLY/pcl_iterative_closest_point_with_normals
full-synthetic-development-v1/END_FACE_TRANSITION_WEAK/g1/m0/r2/DROPOUT_ONLY,END_FACE_TRANSITION_WEAK,1,1957656152,0,217775206,2,DROPOUT_ONLY,NEW_DEVELOPMENT_GENERATED,false,open3d_point_to_plane,full-synthetic-development-v1/END_FACE_TRANSITION_WEAK/g1/m0/r2/DROPOUT_ONLY/open3d_point_to_plane
full-synthetic-development-v1/END_FACE_TRANSITION_WEAK/g1/m0/r2/DROPOUT_ONLY,END_FACE_TRANSITION_WEAK,1,1957656152,0,217775206,2,DROPOUT_ONLY,NEW_DEVELOPMENT_GENERATED,false,pcl_iterative_closest_point_with_normals,full-synthetic-development-v1/END_FACE_TRANSITION_WEAK/g1/m0/r2/DROPOUT_ONLY/pcl_iterative_closest_point_with_normals
full-synthetic-development-v1/END_FACE_TRANSITION_WEAK/g1/m0/r2/FULL_NOISE,END_FACE_TRANSITION_WEAK,1,1957656152,0,217775206,2,FULL_NOISE,NEW_DEVELOPMENT_GENERATED,false,open3d_point_to_plane,full-synthetic-development-v1/END_FACE_TRANSITION_WEAK/g1/m0/r2/FULL_NOISE/open3d_point_to_plane
full-synthetic-development-v1/END_FACE_TRANSITION_WEAK/g1/m0/r2/FULL_NOISE,END_FACE_TRANSITION_WEAK,1,1957656152,0,217775206,2,FULL_NOISE,NEW_DEVELOPMENT_GENERATED,false,pcl_iterative_closest_point_with_normals,full-synthetic-development-v1/END_FACE_TRANSITION_WEAK/g1/m0/r2/FULL_NOISE/pcl_iterative_closest_point_with_normals
full-synthetic-development-v1/END_FACE_TRANSITION_WEAK/g1/m0/r3/INDEPENDENT_NOISE_FREE,END_FACE_TRANSITION_WEAK,1,1957656152,0,217775206,3,INDEPENDENT_NOISE_FREE,NEW_DEVELOPMENT_GENERATED,false,open3d_point_to_plane,full-synthetic-development-v1/END_FACE_TRANSITION_WEAK/g1/m0/r3/INDEPENDENT_NOISE_FREE/open3d_point_to_plane
full-synthetic-development-v1/END_FACE_TRANSITION_WEAK/g1/m0/r3/INDEPENDENT_NOISE_FREE,END_FACE_TRANSITION_WEAK,1,1957656152,0,217775206,3,INDEPENDENT_NOISE_FREE,NEW_DEVELOPMENT_GENERATED,false,pcl_iterative_closest_point_with_normals,full-synthetic-development-v1/END_FACE_TRANSITION_WEAK/g1/m0/r3/INDEPENDENT_NOISE_FREE/pcl_iterative_closest_point_with_normals
full-synthetic-development-v1/END_FACE_TRANSITION_WEAK/g1/m0/r3/SCAN_NOISE_ONLY,END_FACE_TRANSITION_WEAK,1,1957656152,0,217775206,3,SCAN_NOISE_ONLY,NEW_DEVELOPMENT_GENERATED,false,open3d_point_to_plane,full-synthetic-development-v1/END_FACE_TRANSITION_WEAK/g1/m0/r3/SCAN_NOISE_ONLY/open3d_point_to_plane
full-synthetic-development-v1/END_FACE_TRANSITION_WEAK/g1/m0/r3/SCAN_NOISE_ONLY,END_FACE_TRANSITION_WEAK,1,1957656152,0,217775206,3,SCAN_NOISE_ONLY,NEW_DEVELOPMENT_GENERATED,false,pcl_iterative_closest_point_with_normals,full-synthetic-development-v1/END_FACE_TRANSITION_WEAK/g1/m0/r3/SCAN_NOISE_ONLY/pcl_iterative_closest_point_with_normals
full-synthetic-development-v1/END_FACE_TRANSITION_WEAK/g1/m0/r3/MAP_NOISE_ONLY,END_FACE_TRANSITION_WEAK,1,1957656152,0,217775206,3,MAP_NOISE_ONLY,NEW_DEVELOPMENT_GENERATED,false,open3d_point_to_plane,full-synthetic-development-v1/END_FACE_TRANSITION_WEAK/g1/m0/r3/MAP_NOISE_ONLY/open3d_point_to_plane
full-synthetic-development-v1/END_FACE_TRANSITION_WEAK/g1/m0/r3/MAP_NOISE_ONLY,END_FACE_TRANSITION_WEAK,1,1957656152,0,217775206,3,MAP_NOISE_ONLY,NEW_DEVELOPMENT_GENERATED,false,pcl_iterative_closest_point_with_normals,full-synthetic-development-v1/END_FACE_TRANSITION_WEAK/g1/m0/r3/MAP_NOISE_ONLY/pcl_iterative_closest_point_with_normals
full-synthetic-development-v1/END_FACE_TRANSITION_WEAK/g1/m0/r3/DROPOUT_ONLY,END_FACE_TRANSITION_WEAK,1,1957656152,0,217775206,3,DROPOUT_ONLY,NEW_DEVELOPMENT_GENERATED,false,open3d_point_to_plane,full-synthetic-development-v1/END_FACE_TRANSITION_WEAK/g1/m0/r3/DROPOUT_ONLY/open3d_point_to_plane
full-synthetic-development-v1/END_FACE_TRANSITION_WEAK/g1/m0/r3/DROPOUT_ONLY,END_FACE_TRANSITION_WEAK,1,1957656152,0,217775206,3,DROPOUT_ONLY,NEW_DEVELOPMENT_GENERATED,false,pcl_iterative_closest_point_with_normals,full-synthetic-development-v1/END_FACE_TRANSITION_WEAK/g1/m0/r3/DROPOUT_ONLY/pcl_iterative_closest_point_with_normals
full-synthetic-development-v1/END_FACE_TRANSITION_WEAK/g1/m0/r3/FULL_NOISE,END_FACE_TRANSITION_WEAK,1,1957656152,0,217775206,3,FULL_NOISE,NEW_DEVELOPMENT_GENERATED,false,open3d_point_to_plane,full-synthetic-development-v1/END_FACE_TRANSITION_WEAK/g1/m0/r3/FULL_NOISE/open3d_point_to_plane
full-synthetic-development-v1/END_FACE_TRANSITION_WEAK/g1/m0/r3/FULL_NOISE,END_FACE_TRANSITION_WEAK,1,1957656152,0,217775206,3,FULL_NOISE,NEW_DEVELOPMENT_GENERATED,false,pcl_iterative_closest_point_with_normals,full-synthetic-development-v1/END_FACE_TRANSITION_WEAK/g1/m0/r3/FULL_NOISE/pcl_iterative_closest_point_with_normals
full-synthetic-development-v1/END_FACE_TRANSITION_WEAK/g1/m0/r4/INDEPENDENT_NOISE_FREE,END_FACE_TRANSITION_WEAK,1,1957656152,0,217775206,4,INDEPENDENT_NOISE_FREE,NEW_DEVELOPMENT_GENERATED,false,open3d_point_to_plane,full-synthetic-development-v1/END_FACE_TRANSITION_WEAK/g1/m0/r4/INDEPENDENT_NOISE_FREE/open3d_point_to_plane
full-synthetic-development-v1/END_FACE_TRANSITION_WEAK/g1/m0/r4/INDEPENDENT_NOISE_FREE,END_FACE_TRANSITION_WEAK,1,1957656152,0,217775206,4,INDEPENDENT_NOISE_FREE,NEW_DEVELOPMENT_GENERATED,false,pcl_iterative_closest_point_with_normals,full-synthetic-development-v1/END_FACE_TRANSITION_WEAK/g1/m0/r4/INDEPENDENT_NOISE_FREE/pcl_iterative_closest_point_with_normals
full-synthetic-development-v1/END_FACE_TRANSITION_WEAK/g1/m0/r4/SCAN_NOISE_ONLY,END_FACE_TRANSITION_WEAK,1,1957656152,0,217775206,4,SCAN_NOISE_ONLY,NEW_DEVELOPMENT_GENERATED,false,open3d_point_to_plane,full-synthetic-development-v1/END_FACE_TRANSITION_WEAK/g1/m0/r4/SCAN_NOISE_ONLY/open3d_point_to_plane
full-synthetic-development-v1/END_FACE_TRANSITION_WEAK/g1/m0/r4/SCAN_NOISE_ONLY,END_FACE_TRANSITION_WEAK,1,1957656152,0,217775206,4,SCAN_NOISE_ONLY,NEW_DEVELOPMENT_GENERATED,false,pcl_iterative_closest_point_with_normals,full-synthetic-development-v1/END_FACE_TRANSITION_WEAK/g1/m0/r4/SCAN_NOISE_ONLY/pcl_iterative_closest_point_with_normals
full-synthetic-development-v1/END_FACE_TRANSITION_WEAK/g1/m0/r4/MAP_NOISE_ONLY,END_FACE_TRANSITION_WEAK,1,1957656152,0,217775206,4,MAP_NOISE_ONLY,NEW_DEVELOPMENT_GENERATED,false,open3d_point_to_plane,full-synthetic-development-v1/END_FACE_TRANSITION_WEAK/g1/m0/r4/MAP_NOISE_ONLY/open3d_point_to_plane
full-synthetic-development-v1/END_FACE_TRANSITION_WEAK/g1/m0/r4/MAP_NOISE_ONLY,END_FACE_TRANSITION_WEAK,1,1957656152,0,217775206,4,MAP_NOISE_ONLY,NEW_DEVELOPMENT_GENERATED,false,pcl_iterative_closest_point_with_normals,full-synthetic-development-v1/END_FACE_TRANSITION_WEAK/g1/m0/r4/MAP_NOISE_ONLY/pcl_iterative_closest_point_with_normals
full-synthetic-development-v1/END_FACE_TRANSITION_WEAK/g1/m0/r4/DROPOUT_ONLY,END_FACE_TRANSITION_WEAK,1,1957656152,0,217775206,4,DROPOUT_ONLY,NEW_DEVELOPMENT_GENERATED,false,open3d_point_to_plane,full-synthetic-development-v1/END_FACE_TRANSITION_WEAK/g1/m0/r4/DROPOUT_ONLY/open3d_point_to_plane
full-synthetic-development-v1/END_FACE_TRANSITION_WEAK/g1/m0/r4/DROPOUT_ONLY,END_FACE_TRANSITION_WEAK,1,1957656152,0,217775206,4,DROPOUT_ONLY,NEW_DEVELOPMENT_GENERATED,false,pcl_iterative_closest_point_with_normals,full-synthetic-development-v1/END_FACE_TRANSITION_WEAK/g1/m0/r4/DROPOUT_ONLY/pcl_iterative_closest_point_with_normals
full-synthetic-development-v1/END_FACE_TRANSITION_WEAK/g1/m0/r4/FULL_NOISE,END_FACE_TRANSITION_WEAK,1,1957656152,0,217775206,4,FULL_NOISE,NEW_DEVELOPMENT_GENERATED,false,open3d_point_to_plane,full-synthetic-development-v1/END_FACE_TRANSITION_WEAK/g1/m0/r4/FULL_NOISE/open3d_point_to_plane
full-synthetic-development-v1/END_FACE_TRANSITION_WEAK/g1/m0/r4/FULL_NOISE,END_FACE_TRANSITION_WEAK,1,1957656152,0,217775206,4,FULL_NOISE,NEW_DEVELOPMENT_GENERATED,false,pcl_iterative_closest_point_with_normals,full-synthetic-development-v1/END_FACE_TRANSITION_WEAK/g1/m0/r4/FULL_NOISE/pcl_iterative_closest_point_with_normals
full-synthetic-development-v1/END_FACE_TRANSITION_WEAK/g1/m1/r0/INDEPENDENT_NOISE_FREE,END_FACE_TRANSITION_WEAK,1,1957656152,1,1664898153,0,INDEPENDENT_NOISE_FREE,NEW_DEVELOPMENT_GENERATED,false,open3d_point_to_plane,full-synthetic-development-v1/END_FACE_TRANSITION_WEAK/g1/m1/r0/INDEPENDENT_NOISE_FREE/open3d_point_to_plane
full-synthetic-development-v1/END_FACE_TRANSITION_WEAK/g1/m1/r0/INDEPENDENT_NOISE_FREE,END_FACE_TRANSITION_WEAK,1,1957656152,1,1664898153,0,INDEPENDENT_NOISE_FREE,NEW_DEVELOPMENT_GENERATED,false,pcl_iterative_closest_point_with_normals,full-synthetic-development-v1/END_FACE_TRANSITION_WEAK/g1/m1/r0/INDEPENDENT_NOISE_FREE/pcl_iterative_closest_point_with_normals
full-synthetic-development-v1/END_FACE_TRANSITION_WEAK/g1/m1/r0/SCAN_NOISE_ONLY,END_FACE_TRANSITION_WEAK,1,1957656152,1,1664898153,0,SCAN_NOISE_ONLY,NEW_DEVELOPMENT_GENERATED,false,open3d_point_to_plane,full-synthetic-development-v1/END_FACE_TRANSITION_WEAK/g1/m1/r0/SCAN_NOISE_ONLY/open3d_point_to_plane
full-synthetic-development-v1/END_FACE_TRANSITION_WEAK/g1/m1/r0/SCAN_NOISE_ONLY,END_FACE_TRANSITION_WEAK,1,1957656152,1,1664898153,0,SCAN_NOISE_ONLY,NEW_DEVELOPMENT_GENERATED,false,pcl_iterative_closest_point_with_normals,full-synthetic-development-v1/END_FACE_TRANSITION_WEAK/g1/m1/r0/SCAN_NOISE_ONLY/pcl_iterative_closest_point_with_normals
full-synthetic-development-v1/END_FACE_TRANSITION_WEAK/g1/m1/r0/MAP_NOISE_ONLY,END_FACE_TRANSITION_WEAK,1,1957656152,1,1664898153,0,MAP_NOISE_ONLY,NEW_DEVELOPMENT_GENERATED,false,open3d_point_to_plane,full-synthetic-development-v1/END_FACE_TRANSITION_WEAK/g1/m1/r0/MAP_NOISE_ONLY/open3d_point_to_plane
full-synthetic-development-v1/END_FACE_TRANSITION_WEAK/g1/m1/r0/MAP_NOISE_ONLY,END_FACE_TRANSITION_WEAK,1,1957656152,1,1664898153,0,MAP_NOISE_ONLY,NEW_DEVELOPMENT_GENERATED,false,pcl_iterative_closest_point_with_normals,full-synthetic-development-v1/END_FACE_TRANSITION_WEAK/g1/m1/r0/MAP_NOISE_ONLY/pcl_iterative_closest_point_with_normals
full-synthetic-development-v1/END_FACE_TRANSITION_WEAK/g1/m1/r0/DROPOUT_ONLY,END_FACE_TRANSITION_WEAK,1,1957656152,1,1664898153,0,DROPOUT_ONLY,NEW_DEVELOPMENT_GENERATED,false,open3d_point_to_plane,full-synthetic-development-v1/END_FACE_TRANSITION_WEAK/g1/m1/r0/DROPOUT_ONLY/open3d_point_to_plane
full-synthetic-development-v1/END_FACE_TRANSITION_WEAK/g1/m1/r0/DROPOUT_ONLY,END_FACE_TRANSITION_WEAK,1,1957656152,1,1664898153,0,DROPOUT_ONLY,NEW_DEVELOPMENT_GENERATED,false,pcl_iterative_closest_point_with_normals,full-synthetic-development-v1/END_FACE_TRANSITION_WEAK/g1/m1/r0/DROPOUT_ONLY/pcl_iterative_closest_point_with_normals
full-synthetic-development-v1/END_FACE_TRANSITION_WEAK/g1/m1/r0/FULL_NOISE,END_FACE_TRANSITION_WEAK,1,1957656152,1,1664898153,0,FULL_NOISE,NEW_DEVELOPMENT_GENERATED,false,open3d_point_to_plane,full-synthetic-development-v1/END_FACE_TRANSITION_WEAK/g1/m1/r0/FULL_NOISE/open3d_point_to_plane
full-synthetic-development-v1/END_FACE_TRANSITION_WEAK/g1/m1/r0/FULL_NOISE,END_FACE_TRANSITION_WEAK,1,1957656152,1,1664898153,0,FULL_NOISE,NEW_DEVELOPMENT_GENERATED,false,pcl_iterative_closest_point_with_normals,full-synthetic-development-v1/END_FACE_TRANSITION_WEAK/g1/m1/r0/FULL_NOISE/pcl_iterative_closest_point_with_normals
full-synthetic-development-v1/END_FACE_TRANSITION_WEAK/g1/m1/r1/INDEPENDENT_NOISE_FREE,END_FACE_TRANSITION_WEAK,1,1957656152,1,1664898153,1,INDEPENDENT_NOISE_FREE,NEW_DEVELOPMENT_GENERATED,false,open3d_point_to_plane,full-synthetic-development-v1/END_FACE_TRANSITION_WEAK/g1/m1/r1/INDEPENDENT_NOISE_FREE/open3d_point_to_plane
full-synthetic-development-v1/END_FACE_TRANSITION_WEAK/g1/m1/r1/INDEPENDENT_NOISE_FREE,END_FACE_TRANSITION_WEAK,1,1957656152,1,1664898153,1,INDEPENDENT_NOISE_FREE,NEW_DEVELOPMENT_GENERATED,false,pcl_iterative_closest_point_with_normals,full-synthetic-development-v1/END_FACE_TRANSITION_WEAK/g1/m1/r1/INDEPENDENT_NOISE_FREE/pcl_iterative_closest_point_with_normals
full-synthetic-development-v1/END_FACE_TRANSITION_WEAK/g1/m1/r1/SCAN_NOISE_ONLY,END_FACE_TRANSITION_WEAK,1,1957656152,1,1664898153,1,SCAN_NOISE_ONLY,NEW_DEVELOPMENT_GENERATED,false,open3d_point_to_plane,full-synthetic-development-v1/END_FACE_TRANSITION_WEAK/g1/m1/r1/SCAN_NOISE_ONLY/open3d_point_to_plane
full-synthetic-development-v1/END_FACE_TRANSITION_WEAK/g1/m1/r1/SCAN_NOISE_ONLY,END_FACE_TRANSITION_WEAK,1,1957656152,1,1664898153,1,SCAN_NOISE_ONLY,NEW_DEVELOPMENT_GENERATED,false,pcl_iterative_closest_point_with_normals,full-synthetic-development-v1/END_FACE_TRANSITION_WEAK/g1/m1/r1/SCAN_NOISE_ONLY/pcl_iterative_closest_point_with_normals
full-synthetic-development-v1/END_FACE_TRANSITION_WEAK/g1/m1/r1/MAP_NOISE_ONLY,END_FACE_TRANSITION_WEAK,1,1957656152,1,1664898153,1,MAP_NOISE_ONLY,NEW_DEVELOPMENT_GENERATED,false,open3d_point_to_plane,full-synthetic-development-v1/END_FACE_TRANSITION_WEAK/g1/m1/r1/MAP_NOISE_ONLY/open3d_point_to_plane
full-synthetic-development-v1/END_FACE_TRANSITION_WEAK/g1/m1/r1/MAP_NOISE_ONLY,END_FACE_TRANSITION_WEAK,1,1957656152,1,1664898153,1,MAP_NOISE_ONLY,NEW_DEVELOPMENT_GENERATED,false,pcl_iterative_closest_point_with_normals,full-synthetic-development-v1/END_FACE_TRANSITION_WEAK/g1/m1/r1/MAP_NOISE_ONLY/pcl_iterative_closest_point_with_normals
full-synthetic-development-v1/END_FACE_TRANSITION_WEAK/g1/m1/r1/DROPOUT_ONLY,END_FACE_TRANSITION_WEAK,1,1957656152,1,1664898153,1,DROPOUT_ONLY,NEW_DEVELOPMENT_GENERATED,false,open3d_point_to_plane,full-synthetic-development-v1/END_FACE_TRANSITION_WEAK/g1/m1/r1/DROPOUT_ONLY/open3d_point_to_plane
full-synthetic-development-v1/END_FACE_TRANSITION_WEAK/g1/m1/r1/DROPOUT_ONLY,END_FACE_TRANSITION_WEAK,1,1957656152,1,1664898153,1,DROPOUT_ONLY,NEW_DEVELOPMENT_GENERATED,false,pcl_iterative_closest_point_with_normals,full-synthetic-development-v1/END_FACE_TRANSITION_WEAK/g1/m1/r1/DROPOUT_ONLY/pcl_iterative_closest_point_with_normals
full-synthetic-development-v1/END_FACE_TRANSITION_WEAK/g1/m1/r1/FULL_NOISE,END_FACE_TRANSITION_WEAK,1,1957656152,1,1664898153,1,FULL_NOISE,NEW_DEVELOPMENT_GENERATED,false,open3d_point_to_plane,full-synthetic-development-v1/END_FACE_TRANSITION_WEAK/g1/m1/r1/FULL_NOISE/open3d_point_to_plane
full-synthetic-development-v1/END_FACE_TRANSITION_WEAK/g1/m1/r1/FULL_NOISE,END_FACE_TRANSITION_WEAK,1,1957656152,1,1664898153,1,FULL_NOISE,NEW_DEVELOPMENT_GENERATED,false,pcl_iterative_closest_point_with_normals,full-synthetic-development-v1/END_FACE_TRANSITION_WEAK/g1/m1/r1/FULL_NOISE/pcl_iterative_closest_point_with_normals
full-synthetic-development-v1/END_FACE_TRANSITION_WEAK/g1/m1/r2/INDEPENDENT_NOISE_FREE,END_FACE_TRANSITION_WEAK,1,1957656152,1,1664898153,2,INDEPENDENT_NOISE_FREE,NEW_DEVELOPMENT_GENERATED,false,open3d_point_to_plane,full-synthetic-development-v1/END_FACE_TRANSITION_WEAK/g1/m1/r2/INDEPENDENT_NOISE_FREE/open3d_point_to_plane
full-synthetic-development-v1/END_FACE_TRANSITION_WEAK/g1/m1/r2/INDEPENDENT_NOISE_FREE,END_FACE_TRANSITION_WEAK,1,1957656152,1,1664898153,2,INDEPENDENT_NOISE_FREE,NEW_DEVELOPMENT_GENERATED,false,pcl_iterative_closest_point_with_normals,full-synthetic-development-v1/END_FACE_TRANSITION_WEAK/g1/m1/r2/INDEPENDENT_NOISE_FREE/pcl_iterative_closest_point_with_normals
full-synthetic-development-v1/END_FACE_TRANSITION_WEAK/g1/m1/r2/SCAN_NOISE_ONLY,END_FACE_TRANSITION_WEAK,1,1957656152,1,1664898153,2,SCAN_NOISE_ONLY,NEW_DEVELOPMENT_GENERATED,false,open3d_point_to_plane,full-synthetic-development-v1/END_FACE_TRANSITION_WEAK/g1/m1/r2/SCAN_NOISE_ONLY/open3d_point_to_plane
full-synthetic-development-v1/END_FACE_TRANSITION_WEAK/g1/m1/r2/SCAN_NOISE_ONLY,END_FACE_TRANSITION_WEAK,1,1957656152,1,1664898153,2,SCAN_NOISE_ONLY,NEW_DEVELOPMENT_GENERATED,false,pcl_iterative_closest_point_with_normals,full-synthetic-development-v1/END_FACE_TRANSITION_WEAK/g1/m1/r2/SCAN_NOISE_ONLY/pcl_iterative_closest_point_with_normals
full-synthetic-development-v1/END_FACE_TRANSITION_WEAK/g1/m1/r2/MAP_NOISE_ONLY,END_FACE_TRANSITION_WEAK,1,1957656152,1,1664898153,2,MAP_NOISE_ONLY,NEW_DEVELOPMENT_GENERATED,false,open3d_point_to_plane,full-synthetic-development-v1/END_FACE_TRANSITION_WEAK/g1/m1/r2/MAP_NOISE_ONLY/open3d_point_to_plane
full-synthetic-development-v1/END_FACE_TRANSITION_WEAK/g1/m1/r2/MAP_NOISE_ONLY,END_FACE_TRANSITION_WEAK,1,1957656152,1,1664898153,2,MAP_NOISE_ONLY,NEW_DEVELOPMENT_GENERATED,false,pcl_iterative_closest_point_with_normals,full-synthetic-development-v1/END_FACE_TRANSITION_WEAK/g1/m1/r2/MAP_NOISE_ONLY/pcl_iterative_closest_point_with_normals
full-synthetic-development-v1/END_FACE_TRANSITION_WEAK/g1/m1/r2/DROPOUT_ONLY,END_FACE_TRANSITION_WEAK,1,1957656152,1,1664898153,2,DROPOUT_ONLY,NEW_DEVELOPMENT_GENERATED,false,open3d_point_to_plane,full-synthetic-development-v1/END_FACE_TRANSITION_WEAK/g1/m1/r2/DROPOUT_ONLY/open3d_point_to_plane
full-synthetic-development-v1/END_FACE_TRANSITION_WEAK/g1/m1/r2/DROPOUT_ONLY,END_FACE_TRANSITION_WEAK,1,1957656152,1,1664898153,2,DROPOUT_ONLY,NEW_DEVELOPMENT_GENERATED,false,pcl_iterative_closest_point_with_normals,full-synthetic-development-v1/END_FACE_TRANSITION_WEAK/g1/m1/r2/DROPOUT_ONLY/pcl_iterative_closest_point_with_normals
full-synthetic-development-v1/END_FACE_TRANSITION_WEAK/g1/m1/r2/FULL_NOISE,END_FACE_TRANSITION_WEAK,1,1957656152,1,1664898153,2,FULL_NOISE,NEW_DEVELOPMENT_GENERATED,false,open3d_point_to_plane,full-synthetic-development-v1/END_FACE_TRANSITION_WEAK/g1/m1/r2/FULL_NOISE/open3d_point_to_plane
full-synthetic-development-v1/END_FACE_TRANSITION_WEAK/g1/m1/r2/FULL_NOISE,END_FACE_TRANSITION_WEAK,1,1957656152,1,1664898153,2,FULL_NOISE,NEW_DEVELOPMENT_GENERATED,false,pcl_iterative_closest_point_with_normals,full-synthetic-development-v1/END_FACE_TRANSITION_WEAK/g1/m1/r2/FULL_NOISE/pcl_iterative_closest_point_with_normals
full-synthetic-development-v1/END_FACE_TRANSITION_WEAK/g1/m1/r3/INDEPENDENT_NOISE_FREE,END_FACE_TRANSITION_WEAK,1,1957656152,1,1664898153,3,INDEPENDENT_NOISE_FREE,NEW_DEVELOPMENT_GENERATED,false,open3d_point_to_plane,full-synthetic-development-v1/END_FACE_TRANSITION_WEAK/g1/m1/r3/INDEPENDENT_NOISE_FREE/open3d_point_to_plane
full-synthetic-development-v1/END_FACE_TRANSITION_WEAK/g1/m1/r3/INDEPENDENT_NOISE_FREE,END_FACE_TRANSITION_WEAK,1,1957656152,1,1664898153,3,INDEPENDENT_NOISE_FREE,NEW_DEVELOPMENT_GENERATED,false,pcl_iterative_closest_point_with_normals,full-synthetic-development-v1/END_FACE_TRANSITION_WEAK/g1/m1/r3/INDEPENDENT_NOISE_FREE/pcl_iterative_closest_point_with_normals
full-synthetic-development-v1/END_FACE_TRANSITION_WEAK/g1/m1/r3/SCAN_NOISE_ONLY,END_FACE_TRANSITION_WEAK,1,1957656152,1,1664898153,3,SCAN_NOISE_ONLY,NEW_DEVELOPMENT_GENERATED,false,open3d_point_to_plane,full-synthetic-development-v1/END_FACE_TRANSITION_WEAK/g1/m1/r3/SCAN_NOISE_ONLY/open3d_point_to_plane
full-synthetic-development-v1/END_FACE_TRANSITION_WEAK/g1/m1/r3/SCAN_NOISE_ONLY,END_FACE_TRANSITION_WEAK,1,1957656152,1,1664898153,3,SCAN_NOISE_ONLY,NEW_DEVELOPMENT_GENERATED,false,pcl_iterative_closest_point_with_normals,full-synthetic-development-v1/END_FACE_TRANSITION_WEAK/g1/m1/r3/SCAN_NOISE_ONLY/pcl_iterative_closest_point_with_normals
full-synthetic-development-v1/END_FACE_TRANSITION_WEAK/g1/m1/r3/MAP_NOISE_ONLY,END_FACE_TRANSITION_WEAK,1,1957656152,1,1664898153,3,MAP_NOISE_ONLY,NEW_DEVELOPMENT_GENERATED,false,open3d_point_to_plane,full-synthetic-development-v1/END_FACE_TRANSITION_WEAK/g1/m1/r3/MAP_NOISE_ONLY/open3d_point_to_plane
full-synthetic-development-v1/END_FACE_TRANSITION_WEAK/g1/m1/r3/MAP_NOISE_ONLY,END_FACE_TRANSITION_WEAK,1,1957656152,1,1664898153,3,MAP_NOISE_ONLY,NEW_DEVELOPMENT_GENERATED,false,pcl_iterative_closest_point_with_normals,full-synthetic-development-v1/END_FACE_TRANSITION_WEAK/g1/m1/r3/MAP_NOISE_ONLY/pcl_iterative_closest_point_with_normals
full-synthetic-development-v1/END_FACE_TRANSITION_WEAK/g1/m1/r3/DROPOUT_ONLY,END_FACE_TRANSITION_WEAK,1,1957656152,1,1664898153,3,DROPOUT_ONLY,NEW_DEVELOPMENT_GENERATED,false,open3d_point_to_plane,full-synthetic-development-v1/END_FACE_TRANSITION_WEAK/g1/m1/r3/DROPOUT_ONLY/open3d_point_to_plane
full-synthetic-development-v1/END_FACE_TRANSITION_WEAK/g1/m1/r3/DROPOUT_ONLY,END_FACE_TRANSITION_WEAK,1,1957656152,1,1664898153,3,DROPOUT_ONLY,NEW_DEVELOPMENT_GENERATED,false,pcl_iterative_closest_point_with_normals,full-synthetic-development-v1/END_FACE_TRANSITION_WEAK/g1/m1/r3/DROPOUT_ONLY/pcl_iterative_closest_point_with_normals
full-synthetic-development-v1/END_FACE_TRANSITION_WEAK/g1/m1/r3/FULL_NOISE,END_FACE_TRANSITION_WEAK,1,1957656152,1,1664898153,3,FULL_NOISE,NEW_DEVELOPMENT_GENERATED,false,open3d_point_to_plane,full-synthetic-development-v1/END_FACE_TRANSITION_WEAK/g1/m1/r3/FULL_NOISE/open3d_point_to_plane
full-synthetic-development-v1/END_FACE_TRANSITION_WEAK/g1/m1/r3/FULL_NOISE,END_FACE_TRANSITION_WEAK,1,1957656152,1,1664898153,3,FULL_NOISE,NEW_DEVELOPMENT_GENERATED,false,pcl_iterative_closest_point_with_normals,full-synthetic-development-v1/END_FACE_TRANSITION_WEAK/g1/m1/r3/FULL_NOISE/pcl_iterative_closest_point_with_normals
full-synthetic-development-v1/END_FACE_TRANSITION_WEAK/g1/m1/r4/INDEPENDENT_NOISE_FREE,END_FACE_TRANSITION_WEAK,1,1957656152,1,1664898153,4,INDEPENDENT_NOISE_FREE,NEW_DEVELOPMENT_GENERATED,false,open3d_point_to_plane,full-synthetic-development-v1/END_FACE_TRANSITION_WEAK/g1/m1/r4/INDEPENDENT_NOISE_FREE/open3d_point_to_plane
full-synthetic-development-v1/END_FACE_TRANSITION_WEAK/g1/m1/r4/INDEPENDENT_NOISE_FREE,END_FACE_TRANSITION_WEAK,1,1957656152,1,1664898153,4,INDEPENDENT_NOISE_FREE,NEW_DEVELOPMENT_GENERATED,false,pcl_iterative_closest_point_with_normals,full-synthetic-development-v1/END_FACE_TRANSITION_WEAK/g1/m1/r4/INDEPENDENT_NOISE_FREE/pcl_iterative_closest_point_with_normals
full-synthetic-development-v1/END_FACE_TRANSITION_WEAK/g1/m1/r4/SCAN_NOISE_ONLY,END_FACE_TRANSITION_WEAK,1,1957656152,1,1664898153,4,SCAN_NOISE_ONLY,NEW_DEVELOPMENT_GENERATED,false,open3d_point_to_plane,full-synthetic-development-v1/END_FACE_TRANSITION_WEAK/g1/m1/r4/SCAN_NOISE_ONLY/open3d_point_to_plane
full-synthetic-development-v1/END_FACE_TRANSITION_WEAK/g1/m1/r4/SCAN_NOISE_ONLY,END_FACE_TRANSITION_WEAK,1,1957656152,1,1664898153,4,SCAN_NOISE_ONLY,NEW_DEVELOPMENT_GENERATED,false,pcl_iterative_closest_point_with_normals,full-synthetic-development-v1/END_FACE_TRANSITION_WEAK/g1/m1/r4/SCAN_NOISE_ONLY/pcl_iterative_closest_point_with_normals
full-synthetic-development-v1/END_FACE_TRANSITION_WEAK/g1/m1/r4/MAP_NOISE_ONLY,END_FACE_TRANSITION_WEAK,1,1957656152,1,1664898153,4,MAP_NOISE_ONLY,NEW_DEVELOPMENT_GENERATED,false,open3d_point_to_plane,full-synthetic-development-v1/END_FACE_TRANSITION_WEAK/g1/m1/r4/MAP_NOISE_ONLY/open3d_point_to_plane
full-synthetic-development-v1/END_FACE_TRANSITION_WEAK/g1/m1/r4/MAP_NOISE_ONLY,END_FACE_TRANSITION_WEAK,1,1957656152,1,1664898153,4,MAP_NOISE_ONLY,NEW_DEVELOPMENT_GENERATED,false,pcl_iterative_closest_point_with_normals,full-synthetic-development-v1/END_FACE_TRANSITION_WEAK/g1/m1/r4/MAP_NOISE_ONLY/pcl_iterative_closest_point_with_normals
full-synthetic-development-v1/END_FACE_TRANSITION_WEAK/g1/m1/r4/DROPOUT_ONLY,END_FACE_TRANSITION_WEAK,1,1957656152,1,1664898153,4,DROPOUT_ONLY,NEW_DEVELOPMENT_GENERATED,false,open3d_point_to_plane,full-synthetic-development-v1/END_FACE_TRANSITION_WEAK/g1/m1/r4/DROPOUT_ONLY/open3d_point_to_plane
full-synthetic-development-v1/END_FACE_TRANSITION_WEAK/g1/m1/r4/DROPOUT_ONLY,END_FACE_TRANSITION_WEAK,1,1957656152,1,1664898153,4,DROPOUT_ONLY,NEW_DEVELOPMENT_GENERATED,false,pcl_iterative_closest_point_with_normals,full-synthetic-development-v1/END_FACE_TRANSITION_WEAK/g1/m1/r4/DROPOUT_ONLY/pcl_iterative_closest_point_with_normals
full-synthetic-development-v1/END_FACE_TRANSITION_WEAK/g1/m1/r4/FULL_NOISE,END_FACE_TRANSITION_WEAK,1,1957656152,1,1664898153,4,FULL_NOISE,NEW_DEVELOPMENT_GENERATED,false,open3d_point_to_plane,full-synthetic-development-v1/END_FACE_TRANSITION_WEAK/g1/m1/r4/FULL_NOISE/open3d_point_to_plane
full-synthetic-development-v1/END_FACE_TRANSITION_WEAK/g1/m1/r4/FULL_NOISE,END_FACE_TRANSITION_WEAK,1,1957656152,1,1664898153,4,FULL_NOISE,NEW_DEVELOPMENT_GENERATED,false,pcl_iterative_closest_point_with_normals,full-synthetic-development-v1/END_FACE_TRANSITION_WEAK/g1/m1/r4/FULL_NOISE/pcl_iterative_closest_point_with_normals
phase-b-signal-v1/END_FACE_TRANSITION_WEAK/g2/INDEPENDENT_NOISE_FREE,END_FACE_TRANSITION_WEAK,2,1334931069,0,217775206,0,INDEPENDENT_NOISE_FREE,NEW_DEVELOPMENT_GENERATED,true,open3d_point_to_plane,phase-b-signal-v1/END_FACE_TRANSITION_WEAK/g2/INDEPENDENT_NOISE_FREE/open3d_point_to_plane
phase-b-signal-v1/END_FACE_TRANSITION_WEAK/g2/INDEPENDENT_NOISE_FREE,END_FACE_TRANSITION_WEAK,2,1334931069,0,217775206,0,INDEPENDENT_NOISE_FREE,NEW_DEVELOPMENT_GENERATED,true,pcl_iterative_closest_point_with_normals,phase-b-signal-v1/END_FACE_TRANSITION_WEAK/g2/INDEPENDENT_NOISE_FREE/pcl_iterative_closest_point_with_normals
full-synthetic-development-v1/END_FACE_TRANSITION_WEAK/g2/m0/r0/SCAN_NOISE_ONLY,END_FACE_TRANSITION_WEAK,2,1334931069,0,217775206,0,SCAN_NOISE_ONLY,NEW_DEVELOPMENT_GENERATED,false,open3d_point_to_plane,full-synthetic-development-v1/END_FACE_TRANSITION_WEAK/g2/m0/r0/SCAN_NOISE_ONLY/open3d_point_to_plane
full-synthetic-development-v1/END_FACE_TRANSITION_WEAK/g2/m0/r0/SCAN_NOISE_ONLY,END_FACE_TRANSITION_WEAK,2,1334931069,0,217775206,0,SCAN_NOISE_ONLY,NEW_DEVELOPMENT_GENERATED,false,pcl_iterative_closest_point_with_normals,full-synthetic-development-v1/END_FACE_TRANSITION_WEAK/g2/m0/r0/SCAN_NOISE_ONLY/pcl_iterative_closest_point_with_normals
full-synthetic-development-v1/END_FACE_TRANSITION_WEAK/g2/m0/r0/MAP_NOISE_ONLY,END_FACE_TRANSITION_WEAK,2,1334931069,0,217775206,0,MAP_NOISE_ONLY,NEW_DEVELOPMENT_GENERATED,false,open3d_point_to_plane,full-synthetic-development-v1/END_FACE_TRANSITION_WEAK/g2/m0/r0/MAP_NOISE_ONLY/open3d_point_to_plane
full-synthetic-development-v1/END_FACE_TRANSITION_WEAK/g2/m0/r0/MAP_NOISE_ONLY,END_FACE_TRANSITION_WEAK,2,1334931069,0,217775206,0,MAP_NOISE_ONLY,NEW_DEVELOPMENT_GENERATED,false,pcl_iterative_closest_point_with_normals,full-synthetic-development-v1/END_FACE_TRANSITION_WEAK/g2/m0/r0/MAP_NOISE_ONLY/pcl_iterative_closest_point_with_normals
full-synthetic-development-v1/END_FACE_TRANSITION_WEAK/g2/m0/r0/DROPOUT_ONLY,END_FACE_TRANSITION_WEAK,2,1334931069,0,217775206,0,DROPOUT_ONLY,NEW_DEVELOPMENT_GENERATED,false,open3d_point_to_plane,full-synthetic-development-v1/END_FACE_TRANSITION_WEAK/g2/m0/r0/DROPOUT_ONLY/open3d_point_to_plane
full-synthetic-development-v1/END_FACE_TRANSITION_WEAK/g2/m0/r0/DROPOUT_ONLY,END_FACE_TRANSITION_WEAK,2,1334931069,0,217775206,0,DROPOUT_ONLY,NEW_DEVELOPMENT_GENERATED,false,pcl_iterative_closest_point_with_normals,full-synthetic-development-v1/END_FACE_TRANSITION_WEAK/g2/m0/r0/DROPOUT_ONLY/pcl_iterative_closest_point_with_normals
phase-b-signal-v1/END_FACE_TRANSITION_WEAK/g2/FULL_NOISE,END_FACE_TRANSITION_WEAK,2,1334931069,0,217775206,0,FULL_NOISE,NEW_DEVELOPMENT_GENERATED,true,open3d_point_to_plane,phase-b-signal-v1/END_FACE_TRANSITION_WEAK/g2/FULL_NOISE/open3d_point_to_plane
phase-b-signal-v1/END_FACE_TRANSITION_WEAK/g2/FULL_NOISE,END_FACE_TRANSITION_WEAK,2,1334931069,0,217775206,0,FULL_NOISE,NEW_DEVELOPMENT_GENERATED,true,pcl_iterative_closest_point_with_normals,phase-b-signal-v1/END_FACE_TRANSITION_WEAK/g2/FULL_NOISE/pcl_iterative_closest_point_with_normals
full-synthetic-development-v1/END_FACE_TRANSITION_WEAK/g2/m0/r1/INDEPENDENT_NOISE_FREE,END_FACE_TRANSITION_WEAK,2,1334931069,0,217775206,1,INDEPENDENT_NOISE_FREE,NEW_DEVELOPMENT_GENERATED,false,open3d_point_to_plane,full-synthetic-development-v1/END_FACE_TRANSITION_WEAK/g2/m0/r1/INDEPENDENT_NOISE_FREE/open3d_point_to_plane
full-synthetic-development-v1/END_FACE_TRANSITION_WEAK/g2/m0/r1/INDEPENDENT_NOISE_FREE,END_FACE_TRANSITION_WEAK,2,1334931069,0,217775206,1,INDEPENDENT_NOISE_FREE,NEW_DEVELOPMENT_GENERATED,false,pcl_iterative_closest_point_with_normals,full-synthetic-development-v1/END_FACE_TRANSITION_WEAK/g2/m0/r1/INDEPENDENT_NOISE_FREE/pcl_iterative_closest_point_with_normals
full-synthetic-development-v1/END_FACE_TRANSITION_WEAK/g2/m0/r1/SCAN_NOISE_ONLY,END_FACE_TRANSITION_WEAK,2,1334931069,0,217775206,1,SCAN_NOISE_ONLY,NEW_DEVELOPMENT_GENERATED,false,open3d_point_to_plane,full-synthetic-development-v1/END_FACE_TRANSITION_WEAK/g2/m0/r1/SCAN_NOISE_ONLY/open3d_point_to_plane
full-synthetic-development-v1/END_FACE_TRANSITION_WEAK/g2/m0/r1/SCAN_NOISE_ONLY,END_FACE_TRANSITION_WEAK,2,1334931069,0,217775206,1,SCAN_NOISE_ONLY,NEW_DEVELOPMENT_GENERATED,false,pcl_iterative_closest_point_with_normals,full-synthetic-development-v1/END_FACE_TRANSITION_WEAK/g2/m0/r1/SCAN_NOISE_ONLY/pcl_iterative_closest_point_with_normals
full-synthetic-development-v1/END_FACE_TRANSITION_WEAK/g2/m0/r1/MAP_NOISE_ONLY,END_FACE_TRANSITION_WEAK,2,1334931069,0,217775206,1,MAP_NOISE_ONLY,NEW_DEVELOPMENT_GENERATED,false,open3d_point_to_plane,full-synthetic-development-v1/END_FACE_TRANSITION_WEAK/g2/m0/r1/MAP_NOISE_ONLY/open3d_point_to_plane
full-synthetic-development-v1/END_FACE_TRANSITION_WEAK/g2/m0/r1/MAP_NOISE_ONLY,END_FACE_TRANSITION_WEAK,2,1334931069,0,217775206,1,MAP_NOISE_ONLY,NEW_DEVELOPMENT_GENERATED,false,pcl_iterative_closest_point_with_normals,full-synthetic-development-v1/END_FACE_TRANSITION_WEAK/g2/m0/r1/MAP_NOISE_ONLY/pcl_iterative_closest_point_with_normals
full-synthetic-development-v1/END_FACE_TRANSITION_WEAK/g2/m0/r1/DROPOUT_ONLY,END_FACE_TRANSITION_WEAK,2,1334931069,0,217775206,1,DROPOUT_ONLY,NEW_DEVELOPMENT_GENERATED,false,open3d_point_to_plane,full-synthetic-development-v1/END_FACE_TRANSITION_WEAK/g2/m0/r1/DROPOUT_ONLY/open3d_point_to_plane
full-synthetic-development-v1/END_FACE_TRANSITION_WEAK/g2/m0/r1/DROPOUT_ONLY,END_FACE_TRANSITION_WEAK,2,1334931069,0,217775206,1,DROPOUT_ONLY,NEW_DEVELOPMENT_GENERATED,false,pcl_iterative_closest_point_with_normals,full-synthetic-development-v1/END_FACE_TRANSITION_WEAK/g2/m0/r1/DROPOUT_ONLY/pcl_iterative_closest_point_with_normals
full-synthetic-development-v1/END_FACE_TRANSITION_WEAK/g2/m0/r1/FULL_NOISE,END_FACE_TRANSITION_WEAK,2,1334931069,0,217775206,1,FULL_NOISE,NEW_DEVELOPMENT_GENERATED,false,open3d_point_to_plane,full-synthetic-development-v1/END_FACE_TRANSITION_WEAK/g2/m0/r1/FULL_NOISE/open3d_point_to_plane
full-synthetic-development-v1/END_FACE_TRANSITION_WEAK/g2/m0/r1/FULL_NOISE,END_FACE_TRANSITION_WEAK,2,1334931069,0,217775206,1,FULL_NOISE,NEW_DEVELOPMENT_GENERATED,false,pcl_iterative_closest_point_with_normals,full-synthetic-development-v1/END_FACE_TRANSITION_WEAK/g2/m0/r1/FULL_NOISE/pcl_iterative_closest_point_with_normals
full-synthetic-development-v1/END_FACE_TRANSITION_WEAK/g2/m0/r2/INDEPENDENT_NOISE_FREE,END_FACE_TRANSITION_WEAK,2,1334931069,0,217775206,2,INDEPENDENT_NOISE_FREE,NEW_DEVELOPMENT_GENERATED,false,open3d_point_to_plane,full-synthetic-development-v1/END_FACE_TRANSITION_WEAK/g2/m0/r2/INDEPENDENT_NOISE_FREE/open3d_point_to_plane
full-synthetic-development-v1/END_FACE_TRANSITION_WEAK/g2/m0/r2/INDEPENDENT_NOISE_FREE,END_FACE_TRANSITION_WEAK,2,1334931069,0,217775206,2,INDEPENDENT_NOISE_FREE,NEW_DEVELOPMENT_GENERATED,false,pcl_iterative_closest_point_with_normals,full-synthetic-development-v1/END_FACE_TRANSITION_WEAK/g2/m0/r2/INDEPENDENT_NOISE_FREE/pcl_iterative_closest_point_with_normals
full-synthetic-development-v1/END_FACE_TRANSITION_WEAK/g2/m0/r2/SCAN_NOISE_ONLY,END_FACE_TRANSITION_WEAK,2,1334931069,0,217775206,2,SCAN_NOISE_ONLY,NEW_DEVELOPMENT_GENERATED,false,open3d_point_to_plane,full-synthetic-development-v1/END_FACE_TRANSITION_WEAK/g2/m0/r2/SCAN_NOISE_ONLY/open3d_point_to_plane
full-synthetic-development-v1/END_FACE_TRANSITION_WEAK/g2/m0/r2/SCAN_NOISE_ONLY,END_FACE_TRANSITION_WEAK,2,1334931069,0,217775206,2,SCAN_NOISE_ONLY,NEW_DEVELOPMENT_GENERATED,false,pcl_iterative_closest_point_with_normals,full-synthetic-development-v1/END_FACE_TRANSITION_WEAK/g2/m0/r2/SCAN_NOISE_ONLY/pcl_iterative_closest_point_with_normals
full-synthetic-development-v1/END_FACE_TRANSITION_WEAK/g2/m0/r2/MAP_NOISE_ONLY,END_FACE_TRANSITION_WEAK,2,1334931069,0,217775206,2,MAP_NOISE_ONLY,NEW_DEVELOPMENT_GENERATED,false,open3d_point_to_plane,full-synthetic-development-v1/END_FACE_TRANSITION_WEAK/g2/m0/r2/MAP_NOISE_ONLY/open3d_point_to_plane
full-synthetic-development-v1/END_FACE_TRANSITION_WEAK/g2/m0/r2/MAP_NOISE_ONLY,END_FACE_TRANSITION_WEAK,2,1334931069,0,217775206,2,MAP_NOISE_ONLY,NEW_DEVELOPMENT_GENERATED,false,pcl_iterative_closest_point_with_normals,full-synthetic-development-v1/END_FACE_TRANSITION_WEAK/g2/m0/r2/MAP_NOISE_ONLY/pcl_iterative_closest_point_with_normals
full-synthetic-development-v1/END_FACE_TRANSITION_WEAK/g2/m0/r2/DROPOUT_ONLY,END_FACE_TRANSITION_WEAK,2,1334931069,0,217775206,2,DROPOUT_ONLY,NEW_DEVELOPMENT_GENERATED,false,open3d_point_to_plane,full-synthetic-development-v1/END_FACE_TRANSITION_WEAK/g2/m0/r2/DROPOUT_ONLY/open3d_point_to_plane
full-synthetic-development-v1/END_FACE_TRANSITION_WEAK/g2/m0/r2/DROPOUT_ONLY,END_FACE_TRANSITION_WEAK,2,1334931069,0,217775206,2,DROPOUT_ONLY,NEW_DEVELOPMENT_GENERATED,false,pcl_iterative_closest_point_with_normals,full-synthetic-development-v1/END_FACE_TRANSITION_WEAK/g2/m0/r2/DROPOUT_ONLY/pcl_iterative_closest_point_with_normals
full-synthetic-development-v1/END_FACE_TRANSITION_WEAK/g2/m0/r2/FULL_NOISE,END_FACE_TRANSITION_WEAK,2,1334931069,0,217775206,2,FULL_NOISE,NEW_DEVELOPMENT_GENERATED,false,open3d_point_to_plane,full-synthetic-development-v1/END_FACE_TRANSITION_WEAK/g2/m0/r2/FULL_NOISE/open3d_point_to_plane
full-synthetic-development-v1/END_FACE_TRANSITION_WEAK/g2/m0/r2/FULL_NOISE,END_FACE_TRANSITION_WEAK,2,1334931069,0,217775206,2,FULL_NOISE,NEW_DEVELOPMENT_GENERATED,false,pcl_iterative_closest_point_with_normals,full-synthetic-development-v1/END_FACE_TRANSITION_WEAK/g2/m0/r2/FULL_NOISE/pcl_iterative_closest_point_with_normals
full-synthetic-development-v1/END_FACE_TRANSITION_WEAK/g2/m0/r3/INDEPENDENT_NOISE_FREE,END_FACE_TRANSITION_WEAK,2,1334931069,0,217775206,3,INDEPENDENT_NOISE_FREE,NEW_DEVELOPMENT_GENERATED,false,open3d_point_to_plane,full-synthetic-development-v1/END_FACE_TRANSITION_WEAK/g2/m0/r3/INDEPENDENT_NOISE_FREE/open3d_point_to_plane
full-synthetic-development-v1/END_FACE_TRANSITION_WEAK/g2/m0/r3/INDEPENDENT_NOISE_FREE,END_FACE_TRANSITION_WEAK,2,1334931069,0,217775206,3,INDEPENDENT_NOISE_FREE,NEW_DEVELOPMENT_GENERATED,false,pcl_iterative_closest_point_with_normals,full-synthetic-development-v1/END_FACE_TRANSITION_WEAK/g2/m0/r3/INDEPENDENT_NOISE_FREE/pcl_iterative_closest_point_with_normals
full-synthetic-development-v1/END_FACE_TRANSITION_WEAK/g2/m0/r3/SCAN_NOISE_ONLY,END_FACE_TRANSITION_WEAK,2,1334931069,0,217775206,3,SCAN_NOISE_ONLY,NEW_DEVELOPMENT_GENERATED,false,open3d_point_to_plane,full-synthetic-development-v1/END_FACE_TRANSITION_WEAK/g2/m0/r3/SCAN_NOISE_ONLY/open3d_point_to_plane
full-synthetic-development-v1/END_FACE_TRANSITION_WEAK/g2/m0/r3/SCAN_NOISE_ONLY,END_FACE_TRANSITION_WEAK,2,1334931069,0,217775206,3,SCAN_NOISE_ONLY,NEW_DEVELOPMENT_GENERATED,false,pcl_iterative_closest_point_with_normals,full-synthetic-development-v1/END_FACE_TRANSITION_WEAK/g2/m0/r3/SCAN_NOISE_ONLY/pcl_iterative_closest_point_with_normals
full-synthetic-development-v1/END_FACE_TRANSITION_WEAK/g2/m0/r3/MAP_NOISE_ONLY,END_FACE_TRANSITION_WEAK,2,1334931069,0,217775206,3,MAP_NOISE_ONLY,NEW_DEVELOPMENT_GENERATED,false,open3d_point_to_plane,full-synthetic-development-v1/END_FACE_TRANSITION_WEAK/g2/m0/r3/MAP_NOISE_ONLY/open3d_point_to_plane
full-synthetic-development-v1/END_FACE_TRANSITION_WEAK/g2/m0/r3/MAP_NOISE_ONLY,END_FACE_TRANSITION_WEAK,2,1334931069,0,217775206,3,MAP_NOISE_ONLY,NEW_DEVELOPMENT_GENERATED,false,pcl_iterative_closest_point_with_normals,full-synthetic-development-v1/END_FACE_TRANSITION_WEAK/g2/m0/r3/MAP_NOISE_ONLY/pcl_iterative_closest_point_with_normals
full-synthetic-development-v1/END_FACE_TRANSITION_WEAK/g2/m0/r3/DROPOUT_ONLY,END_FACE_TRANSITION_WEAK,2,1334931069,0,217775206,3,DROPOUT_ONLY,NEW_DEVELOPMENT_GENERATED,false,open3d_point_to_plane,full-synthetic-development-v1/END_FACE_TRANSITION_WEAK/g2/m0/r3/DROPOUT_ONLY/open3d_point_to_plane
full-synthetic-development-v1/END_FACE_TRANSITION_WEAK/g2/m0/r3/DROPOUT_ONLY,END_FACE_TRANSITION_WEAK,2,1334931069,0,217775206,3,DROPOUT_ONLY,NEW_DEVELOPMENT_GENERATED,false,pcl_iterative_closest_point_with_normals,full-synthetic-development-v1/END_FACE_TRANSITION_WEAK/g2/m0/r3/DROPOUT_ONLY/pcl_iterative_closest_point_with_normals
full-synthetic-development-v1/END_FACE_TRANSITION_WEAK/g2/m0/r3/FULL_NOISE,END_FACE_TRANSITION_WEAK,2,1334931069,0,217775206,3,FULL_NOISE,NEW_DEVELOPMENT_GENERATED,false,open3d_point_to_plane,full-synthetic-development-v1/END_FACE_TRANSITION_WEAK/g2/m0/r3/FULL_NOISE/open3d_point_to_plane
full-synthetic-development-v1/END_FACE_TRANSITION_WEAK/g2/m0/r3/FULL_NOISE,END_FACE_TRANSITION_WEAK,2,1334931069,0,217775206,3,FULL_NOISE,NEW_DEVELOPMENT_GENERATED,false,pcl_iterative_closest_point_with_normals,full-synthetic-development-v1/END_FACE_TRANSITION_WEAK/g2/m0/r3/FULL_NOISE/pcl_iterative_closest_point_with_normals
full-synthetic-development-v1/END_FACE_TRANSITION_WEAK/g2/m0/r4/INDEPENDENT_NOISE_FREE,END_FACE_TRANSITION_WEAK,2,1334931069,0,217775206,4,INDEPENDENT_NOISE_FREE,NEW_DEVELOPMENT_GENERATED,false,open3d_point_to_plane,full-synthetic-development-v1/END_FACE_TRANSITION_WEAK/g2/m0/r4/INDEPENDENT_NOISE_FREE/open3d_point_to_plane
full-synthetic-development-v1/END_FACE_TRANSITION_WEAK/g2/m0/r4/INDEPENDENT_NOISE_FREE,END_FACE_TRANSITION_WEAK,2,1334931069,0,217775206,4,INDEPENDENT_NOISE_FREE,NEW_DEVELOPMENT_GENERATED,false,pcl_iterative_closest_point_with_normals,full-synthetic-development-v1/END_FACE_TRANSITION_WEAK/g2/m0/r4/INDEPENDENT_NOISE_FREE/pcl_iterative_closest_point_with_normals
full-synthetic-development-v1/END_FACE_TRANSITION_WEAK/g2/m0/r4/SCAN_NOISE_ONLY,END_FACE_TRANSITION_WEAK,2,1334931069,0,217775206,4,SCAN_NOISE_ONLY,NEW_DEVELOPMENT_GENERATED,false,open3d_point_to_plane,full-synthetic-development-v1/END_FACE_TRANSITION_WEAK/g2/m0/r4/SCAN_NOISE_ONLY/open3d_point_to_plane
full-synthetic-development-v1/END_FACE_TRANSITION_WEAK/g2/m0/r4/SCAN_NOISE_ONLY,END_FACE_TRANSITION_WEAK,2,1334931069,0,217775206,4,SCAN_NOISE_ONLY,NEW_DEVELOPMENT_GENERATED,false,pcl_iterative_closest_point_with_normals,full-synthetic-development-v1/END_FACE_TRANSITION_WEAK/g2/m0/r4/SCAN_NOISE_ONLY/pcl_iterative_closest_point_with_normals
full-synthetic-development-v1/END_FACE_TRANSITION_WEAK/g2/m0/r4/MAP_NOISE_ONLY,END_FACE_TRANSITION_WEAK,2,1334931069,0,217775206,4,MAP_NOISE_ONLY,NEW_DEVELOPMENT_GENERATED,false,open3d_point_to_plane,full-synthetic-development-v1/END_FACE_TRANSITION_WEAK/g2/m0/r4/MAP_NOISE_ONLY/open3d_point_to_plane
full-synthetic-development-v1/END_FACE_TRANSITION_WEAK/g2/m0/r4/MAP_NOISE_ONLY,END_FACE_TRANSITION_WEAK,2,1334931069,0,217775206,4,MAP_NOISE_ONLY,NEW_DEVELOPMENT_GENERATED,false,pcl_iterative_closest_point_with_normals,full-synthetic-development-v1/END_FACE_TRANSITION_WEAK/g2/m0/r4/MAP_NOISE_ONLY/pcl_iterative_closest_point_with_normals
full-synthetic-development-v1/END_FACE_TRANSITION_WEAK/g2/m0/r4/DROPOUT_ONLY,END_FACE_TRANSITION_WEAK,2,1334931069,0,217775206,4,DROPOUT_ONLY,NEW_DEVELOPMENT_GENERATED,false,open3d_point_to_plane,full-synthetic-development-v1/END_FACE_TRANSITION_WEAK/g2/m0/r4/DROPOUT_ONLY/open3d_point_to_plane
full-synthetic-development-v1/END_FACE_TRANSITION_WEAK/g2/m0/r4/DROPOUT_ONLY,END_FACE_TRANSITION_WEAK,2,1334931069,0,217775206,4,DROPOUT_ONLY,NEW_DEVELOPMENT_GENERATED,false,pcl_iterative_closest_point_with_normals,full-synthetic-development-v1/END_FACE_TRANSITION_WEAK/g2/m0/r4/DROPOUT_ONLY/pcl_iterative_closest_point_with_normals
full-synthetic-development-v1/END_FACE_TRANSITION_WEAK/g2/m0/r4/FULL_NOISE,END_FACE_TRANSITION_WEAK,2,1334931069,0,217775206,4,FULL_NOISE,NEW_DEVELOPMENT_GENERATED,false,open3d_point_to_plane,full-synthetic-development-v1/END_FACE_TRANSITION_WEAK/g2/m0/r4/FULL_NOISE/open3d_point_to_plane
full-synthetic-development-v1/END_FACE_TRANSITION_WEAK/g2/m0/r4/FULL_NOISE,END_FACE_TRANSITION_WEAK,2,1334931069,0,217775206,4,FULL_NOISE,NEW_DEVELOPMENT_GENERATED,false,pcl_iterative_closest_point_with_normals,full-synthetic-development-v1/END_FACE_TRANSITION_WEAK/g2/m0/r4/FULL_NOISE/pcl_iterative_closest_point_with_normals
full-synthetic-development-v1/END_FACE_TRANSITION_WEAK/g2/m1/r0/INDEPENDENT_NOISE_FREE,END_FACE_TRANSITION_WEAK,2,1334931069,1,1664898153,0,INDEPENDENT_NOISE_FREE,NEW_DEVELOPMENT_GENERATED,false,open3d_point_to_plane,full-synthetic-development-v1/END_FACE_TRANSITION_WEAK/g2/m1/r0/INDEPENDENT_NOISE_FREE/open3d_point_to_plane
full-synthetic-development-v1/END_FACE_TRANSITION_WEAK/g2/m1/r0/INDEPENDENT_NOISE_FREE,END_FACE_TRANSITION_WEAK,2,1334931069,1,1664898153,0,INDEPENDENT_NOISE_FREE,NEW_DEVELOPMENT_GENERATED,false,pcl_iterative_closest_point_with_normals,full-synthetic-development-v1/END_FACE_TRANSITION_WEAK/g2/m1/r0/INDEPENDENT_NOISE_FREE/pcl_iterative_closest_point_with_normals
full-synthetic-development-v1/END_FACE_TRANSITION_WEAK/g2/m1/r0/SCAN_NOISE_ONLY,END_FACE_TRANSITION_WEAK,2,1334931069,1,1664898153,0,SCAN_NOISE_ONLY,NEW_DEVELOPMENT_GENERATED,false,open3d_point_to_plane,full-synthetic-development-v1/END_FACE_TRANSITION_WEAK/g2/m1/r0/SCAN_NOISE_ONLY/open3d_point_to_plane
full-synthetic-development-v1/END_FACE_TRANSITION_WEAK/g2/m1/r0/SCAN_NOISE_ONLY,END_FACE_TRANSITION_WEAK,2,1334931069,1,1664898153,0,SCAN_NOISE_ONLY,NEW_DEVELOPMENT_GENERATED,false,pcl_iterative_closest_point_with_normals,full-synthetic-development-v1/END_FACE_TRANSITION_WEAK/g2/m1/r0/SCAN_NOISE_ONLY/pcl_iterative_closest_point_with_normals
full-synthetic-development-v1/END_FACE_TRANSITION_WEAK/g2/m1/r0/MAP_NOISE_ONLY,END_FACE_TRANSITION_WEAK,2,1334931069,1,1664898153,0,MAP_NOISE_ONLY,NEW_DEVELOPMENT_GENERATED,false,open3d_point_to_plane,full-synthetic-development-v1/END_FACE_TRANSITION_WEAK/g2/m1/r0/MAP_NOISE_ONLY/open3d_point_to_plane
full-synthetic-development-v1/END_FACE_TRANSITION_WEAK/g2/m1/r0/MAP_NOISE_ONLY,END_FACE_TRANSITION_WEAK,2,1334931069,1,1664898153,0,MAP_NOISE_ONLY,NEW_DEVELOPMENT_GENERATED,false,pcl_iterative_closest_point_with_normals,full-synthetic-development-v1/END_FACE_TRANSITION_WEAK/g2/m1/r0/MAP_NOISE_ONLY/pcl_iterative_closest_point_with_normals
full-synthetic-development-v1/END_FACE_TRANSITION_WEAK/g2/m1/r0/DROPOUT_ONLY,END_FACE_TRANSITION_WEAK,2,1334931069,1,1664898153,0,DROPOUT_ONLY,NEW_DEVELOPMENT_GENERATED,false,open3d_point_to_plane,full-synthetic-development-v1/END_FACE_TRANSITION_WEAK/g2/m1/r0/DROPOUT_ONLY/open3d_point_to_plane
full-synthetic-development-v1/END_FACE_TRANSITION_WEAK/g2/m1/r0/DROPOUT_ONLY,END_FACE_TRANSITION_WEAK,2,1334931069,1,1664898153,0,DROPOUT_ONLY,NEW_DEVELOPMENT_GENERATED,false,pcl_iterative_closest_point_with_normals,full-synthetic-development-v1/END_FACE_TRANSITION_WEAK/g2/m1/r0/DROPOUT_ONLY/pcl_iterative_closest_point_with_normals
full-synthetic-development-v1/END_FACE_TRANSITION_WEAK/g2/m1/r0/FULL_NOISE,END_FACE_TRANSITION_WEAK,2,1334931069,1,1664898153,0,FULL_NOISE,NEW_DEVELOPMENT_GENERATED,false,open3d_point_to_plane,full-synthetic-development-v1/END_FACE_TRANSITION_WEAK/g2/m1/r0/FULL_NOISE/open3d_point_to_plane
full-synthetic-development-v1/END_FACE_TRANSITION_WEAK/g2/m1/r0/FULL_NOISE,END_FACE_TRANSITION_WEAK,2,1334931069,1,1664898153,0,FULL_NOISE,NEW_DEVELOPMENT_GENERATED,false,pcl_iterative_closest_point_with_normals,full-synthetic-development-v1/END_FACE_TRANSITION_WEAK/g2/m1/r0/FULL_NOISE/pcl_iterative_closest_point_with_normals
full-synthetic-development-v1/END_FACE_TRANSITION_WEAK/g2/m1/r1/INDEPENDENT_NOISE_FREE,END_FACE_TRANSITION_WEAK,2,1334931069,1,1664898153,1,INDEPENDENT_NOISE_FREE,NEW_DEVELOPMENT_GENERATED,false,open3d_point_to_plane,full-synthetic-development-v1/END_FACE_TRANSITION_WEAK/g2/m1/r1/INDEPENDENT_NOISE_FREE/open3d_point_to_plane
full-synthetic-development-v1/END_FACE_TRANSITION_WEAK/g2/m1/r1/INDEPENDENT_NOISE_FREE,END_FACE_TRANSITION_WEAK,2,1334931069,1,1664898153,1,INDEPENDENT_NOISE_FREE,NEW_DEVELOPMENT_GENERATED,false,pcl_iterative_closest_point_with_normals,full-synthetic-development-v1/END_FACE_TRANSITION_WEAK/g2/m1/r1/INDEPENDENT_NOISE_FREE/pcl_iterative_closest_point_with_normals
full-synthetic-development-v1/END_FACE_TRANSITION_WEAK/g2/m1/r1/SCAN_NOISE_ONLY,END_FACE_TRANSITION_WEAK,2,1334931069,1,1664898153,1,SCAN_NOISE_ONLY,NEW_DEVELOPMENT_GENERATED,false,open3d_point_to_plane,full-synthetic-development-v1/END_FACE_TRANSITION_WEAK/g2/m1/r1/SCAN_NOISE_ONLY/open3d_point_to_plane
full-synthetic-development-v1/END_FACE_TRANSITION_WEAK/g2/m1/r1/SCAN_NOISE_ONLY,END_FACE_TRANSITION_WEAK,2,1334931069,1,1664898153,1,SCAN_NOISE_ONLY,NEW_DEVELOPMENT_GENERATED,false,pcl_iterative_closest_point_with_normals,full-synthetic-development-v1/END_FACE_TRANSITION_WEAK/g2/m1/r1/SCAN_NOISE_ONLY/pcl_iterative_closest_point_with_normals
full-synthetic-development-v1/END_FACE_TRANSITION_WEAK/g2/m1/r1/MAP_NOISE_ONLY,END_FACE_TRANSITION_WEAK,2,1334931069,1,1664898153,1,MAP_NOISE_ONLY,NEW_DEVELOPMENT_GENERATED,false,open3d_point_to_plane,full-synthetic-development-v1/END_FACE_TRANSITION_WEAK/g2/m1/r1/MAP_NOISE_ONLY/open3d_point_to_plane
full-synthetic-development-v1/END_FACE_TRANSITION_WEAK/g2/m1/r1/MAP_NOISE_ONLY,END_FACE_TRANSITION_WEAK,2,1334931069,1,1664898153,1,MAP_NOISE_ONLY,NEW_DEVELOPMENT_GENERATED,false,pcl_iterative_closest_point_with_normals,full-synthetic-development-v1/END_FACE_TRANSITION_WEAK/g2/m1/r1/MAP_NOISE_ONLY/pcl_iterative_closest_point_with_normals
full-synthetic-development-v1/END_FACE_TRANSITION_WEAK/g2/m1/r1/DROPOUT_ONLY,END_FACE_TRANSITION_WEAK,2,1334931069,1,1664898153,1,DROPOUT_ONLY,NEW_DEVELOPMENT_GENERATED,false,open3d_point_to_plane,full-synthetic-development-v1/END_FACE_TRANSITION_WEAK/g2/m1/r1/DROPOUT_ONLY/open3d_point_to_plane
full-synthetic-development-v1/END_FACE_TRANSITION_WEAK/g2/m1/r1/DROPOUT_ONLY,END_FACE_TRANSITION_WEAK,2,1334931069,1,1664898153,1,DROPOUT_ONLY,NEW_DEVELOPMENT_GENERATED,false,pcl_iterative_closest_point_with_normals,full-synthetic-development-v1/END_FACE_TRANSITION_WEAK/g2/m1/r1/DROPOUT_ONLY/pcl_iterative_closest_point_with_normals
full-synthetic-development-v1/END_FACE_TRANSITION_WEAK/g2/m1/r1/FULL_NOISE,END_FACE_TRANSITION_WEAK,2,1334931069,1,1664898153,1,FULL_NOISE,NEW_DEVELOPMENT_GENERATED,false,open3d_point_to_plane,full-synthetic-development-v1/END_FACE_TRANSITION_WEAK/g2/m1/r1/FULL_NOISE/open3d_point_to_plane
full-synthetic-development-v1/END_FACE_TRANSITION_WEAK/g2/m1/r1/FULL_NOISE,END_FACE_TRANSITION_WEAK,2,1334931069,1,1664898153,1,FULL_NOISE,NEW_DEVELOPMENT_GENERATED,false,pcl_iterative_closest_point_with_normals,full-synthetic-development-v1/END_FACE_TRANSITION_WEAK/g2/m1/r1/FULL_NOISE/pcl_iterative_closest_point_with_normals
full-synthetic-development-v1/END_FACE_TRANSITION_WEAK/g2/m1/r2/INDEPENDENT_NOISE_FREE,END_FACE_TRANSITION_WEAK,2,1334931069,1,1664898153,2,INDEPENDENT_NOISE_FREE,NEW_DEVELOPMENT_GENERATED,false,open3d_point_to_plane,full-synthetic-development-v1/END_FACE_TRANSITION_WEAK/g2/m1/r2/INDEPENDENT_NOISE_FREE/open3d_point_to_plane
full-synthetic-development-v1/END_FACE_TRANSITION_WEAK/g2/m1/r2/INDEPENDENT_NOISE_FREE,END_FACE_TRANSITION_WEAK,2,1334931069,1,1664898153,2,INDEPENDENT_NOISE_FREE,NEW_DEVELOPMENT_GENERATED,false,pcl_iterative_closest_point_with_normals,full-synthetic-development-v1/END_FACE_TRANSITION_WEAK/g2/m1/r2/INDEPENDENT_NOISE_FREE/pcl_iterative_closest_point_with_normals
full-synthetic-development-v1/END_FACE_TRANSITION_WEAK/g2/m1/r2/SCAN_NOISE_ONLY,END_FACE_TRANSITION_WEAK,2,1334931069,1,1664898153,2,SCAN_NOISE_ONLY,NEW_DEVELOPMENT_GENERATED,false,open3d_point_to_plane,full-synthetic-development-v1/END_FACE_TRANSITION_WEAK/g2/m1/r2/SCAN_NOISE_ONLY/open3d_point_to_plane
full-synthetic-development-v1/END_FACE_TRANSITION_WEAK/g2/m1/r2/SCAN_NOISE_ONLY,END_FACE_TRANSITION_WEAK,2,1334931069,1,1664898153,2,SCAN_NOISE_ONLY,NEW_DEVELOPMENT_GENERATED,false,pcl_iterative_closest_point_with_normals,full-synthetic-development-v1/END_FACE_TRANSITION_WEAK/g2/m1/r2/SCAN_NOISE_ONLY/pcl_iterative_closest_point_with_normals
full-synthetic-development-v1/END_FACE_TRANSITION_WEAK/g2/m1/r2/MAP_NOISE_ONLY,END_FACE_TRANSITION_WEAK,2,1334931069,1,1664898153,2,MAP_NOISE_ONLY,NEW_DEVELOPMENT_GENERATED,false,open3d_point_to_plane,full-synthetic-development-v1/END_FACE_TRANSITION_WEAK/g2/m1/r2/MAP_NOISE_ONLY/open3d_point_to_plane
full-synthetic-development-v1/END_FACE_TRANSITION_WEAK/g2/m1/r2/MAP_NOISE_ONLY,END_FACE_TRANSITION_WEAK,2,1334931069,1,1664898153,2,MAP_NOISE_ONLY,NEW_DEVELOPMENT_GENERATED,false,pcl_iterative_closest_point_with_normals,full-synthetic-development-v1/END_FACE_TRANSITION_WEAK/g2/m1/r2/MAP_NOISE_ONLY/pcl_iterative_closest_point_with_normals
full-synthetic-development-v1/END_FACE_TRANSITION_WEAK/g2/m1/r2/DROPOUT_ONLY,END_FACE_TRANSITION_WEAK,2,1334931069,1,1664898153,2,DROPOUT_ONLY,NEW_DEVELOPMENT_GENERATED,false,open3d_point_to_plane,full-synthetic-development-v1/END_FACE_TRANSITION_WEAK/g2/m1/r2/DROPOUT_ONLY/open3d_point_to_plane
full-synthetic-development-v1/END_FACE_TRANSITION_WEAK/g2/m1/r2/DROPOUT_ONLY,END_FACE_TRANSITION_WEAK,2,1334931069,1,1664898153,2,DROPOUT_ONLY,NEW_DEVELOPMENT_GENERATED,false,pcl_iterative_closest_point_with_normals,full-synthetic-development-v1/END_FACE_TRANSITION_WEAK/g2/m1/r2/DROPOUT_ONLY/pcl_iterative_closest_point_with_normals
full-synthetic-development-v1/END_FACE_TRANSITION_WEAK/g2/m1/r2/FULL_NOISE,END_FACE_TRANSITION_WEAK,2,1334931069,1,1664898153,2,FULL_NOISE,NEW_DEVELOPMENT_GENERATED,false,open3d_point_to_plane,full-synthetic-development-v1/END_FACE_TRANSITION_WEAK/g2/m1/r2/FULL_NOISE/open3d_point_to_plane
full-synthetic-development-v1/END_FACE_TRANSITION_WEAK/g2/m1/r2/FULL_NOISE,END_FACE_TRANSITION_WEAK,2,1334931069,1,1664898153,2,FULL_NOISE,NEW_DEVELOPMENT_GENERATED,false,pcl_iterative_closest_point_with_normals,full-synthetic-development-v1/END_FACE_TRANSITION_WEAK/g2/m1/r2/FULL_NOISE/pcl_iterative_closest_point_with_normals
full-synthetic-development-v1/END_FACE_TRANSITION_WEAK/g2/m1/r3/INDEPENDENT_NOISE_FREE,END_FACE_TRANSITION_WEAK,2,1334931069,1,1664898153,3,INDEPENDENT_NOISE_FREE,NEW_DEVELOPMENT_GENERATED,false,open3d_point_to_plane,full-synthetic-development-v1/END_FACE_TRANSITION_WEAK/g2/m1/r3/INDEPENDENT_NOISE_FREE/open3d_point_to_plane
full-synthetic-development-v1/END_FACE_TRANSITION_WEAK/g2/m1/r3/INDEPENDENT_NOISE_FREE,END_FACE_TRANSITION_WEAK,2,1334931069,1,1664898153,3,INDEPENDENT_NOISE_FREE,NEW_DEVELOPMENT_GENERATED,false,pcl_iterative_closest_point_with_normals,full-synthetic-development-v1/END_FACE_TRANSITION_WEAK/g2/m1/r3/INDEPENDENT_NOISE_FREE/pcl_iterative_closest_point_with_normals
full-synthetic-development-v1/END_FACE_TRANSITION_WEAK/g2/m1/r3/SCAN_NOISE_ONLY,END_FACE_TRANSITION_WEAK,2,1334931069,1,1664898153,3,SCAN_NOISE_ONLY,NEW_DEVELOPMENT_GENERATED,false,open3d_point_to_plane,full-synthetic-development-v1/END_FACE_TRANSITION_WEAK/g2/m1/r3/SCAN_NOISE_ONLY/open3d_point_to_plane
full-synthetic-development-v1/END_FACE_TRANSITION_WEAK/g2/m1/r3/SCAN_NOISE_ONLY,END_FACE_TRANSITION_WEAK,2,1334931069,1,1664898153,3,SCAN_NOISE_ONLY,NEW_DEVELOPMENT_GENERATED,false,pcl_iterative_closest_point_with_normals,full-synthetic-development-v1/END_FACE_TRANSITION_WEAK/g2/m1/r3/SCAN_NOISE_ONLY/pcl_iterative_closest_point_with_normals
full-synthetic-development-v1/END_FACE_TRANSITION_WEAK/g2/m1/r3/MAP_NOISE_ONLY,END_FACE_TRANSITION_WEAK,2,1334931069,1,1664898153,3,MAP_NOISE_ONLY,NEW_DEVELOPMENT_GENERATED,false,open3d_point_to_plane,full-synthetic-development-v1/END_FACE_TRANSITION_WEAK/g2/m1/r3/MAP_NOISE_ONLY/open3d_point_to_plane
full-synthetic-development-v1/END_FACE_TRANSITION_WEAK/g2/m1/r3/MAP_NOISE_ONLY,END_FACE_TRANSITION_WEAK,2,1334931069,1,1664898153,3,MAP_NOISE_ONLY,NEW_DEVELOPMENT_GENERATED,false,pcl_iterative_closest_point_with_normals,full-synthetic-development-v1/END_FACE_TRANSITION_WEAK/g2/m1/r3/MAP_NOISE_ONLY/pcl_iterative_closest_point_with_normals
full-synthetic-development-v1/END_FACE_TRANSITION_WEAK/g2/m1/r3/DROPOUT_ONLY,END_FACE_TRANSITION_WEAK,2,1334931069,1,1664898153,3,DROPOUT_ONLY,NEW_DEVELOPMENT_GENERATED,false,open3d_point_to_plane,full-synthetic-development-v1/END_FACE_TRANSITION_WEAK/g2/m1/r3/DROPOUT_ONLY/open3d_point_to_plane
full-synthetic-development-v1/END_FACE_TRANSITION_WEAK/g2/m1/r3/DROPOUT_ONLY,END_FACE_TRANSITION_WEAK,2,1334931069,1,1664898153,3,DROPOUT_ONLY,NEW_DEVELOPMENT_GENERATED,false,pcl_iterative_closest_point_with_normals,full-synthetic-development-v1/END_FACE_TRANSITION_WEAK/g2/m1/r3/DROPOUT_ONLY/pcl_iterative_closest_point_with_normals
full-synthetic-development-v1/END_FACE_TRANSITION_WEAK/g2/m1/r3/FULL_NOISE,END_FACE_TRANSITION_WEAK,2,1334931069,1,1664898153,3,FULL_NOISE,NEW_DEVELOPMENT_GENERATED,false,open3d_point_to_plane,full-synthetic-development-v1/END_FACE_TRANSITION_WEAK/g2/m1/r3/FULL_NOISE/open3d_point_to_plane
full-synthetic-development-v1/END_FACE_TRANSITION_WEAK/g2/m1/r3/FULL_NOISE,END_FACE_TRANSITION_WEAK,2,1334931069,1,1664898153,3,FULL_NOISE,NEW_DEVELOPMENT_GENERATED,false,pcl_iterative_closest_point_with_normals,full-synthetic-development-v1/END_FACE_TRANSITION_WEAK/g2/m1/r3/FULL_NOISE/pcl_iterative_closest_point_with_normals
full-synthetic-development-v1/END_FACE_TRANSITION_WEAK/g2/m1/r4/INDEPENDENT_NOISE_FREE,END_FACE_TRANSITION_WEAK,2,1334931069,1,1664898153,4,INDEPENDENT_NOISE_FREE,NEW_DEVELOPMENT_GENERATED,false,open3d_point_to_plane,full-synthetic-development-v1/END_FACE_TRANSITION_WEAK/g2/m1/r4/INDEPENDENT_NOISE_FREE/open3d_point_to_plane
full-synthetic-development-v1/END_FACE_TRANSITION_WEAK/g2/m1/r4/INDEPENDENT_NOISE_FREE,END_FACE_TRANSITION_WEAK,2,1334931069,1,1664898153,4,INDEPENDENT_NOISE_FREE,NEW_DEVELOPMENT_GENERATED,false,pcl_iterative_closest_point_with_normals,full-synthetic-development-v1/END_FACE_TRANSITION_WEAK/g2/m1/r4/INDEPENDENT_NOISE_FREE/pcl_iterative_closest_point_with_normals
full-synthetic-development-v1/END_FACE_TRANSITION_WEAK/g2/m1/r4/SCAN_NOISE_ONLY,END_FACE_TRANSITION_WEAK,2,1334931069,1,1664898153,4,SCAN_NOISE_ONLY,NEW_DEVELOPMENT_GENERATED,false,open3d_point_to_plane,full-synthetic-development-v1/END_FACE_TRANSITION_WEAK/g2/m1/r4/SCAN_NOISE_ONLY/open3d_point_to_plane
full-synthetic-development-v1/END_FACE_TRANSITION_WEAK/g2/m1/r4/SCAN_NOISE_ONLY,END_FACE_TRANSITION_WEAK,2,1334931069,1,1664898153,4,SCAN_NOISE_ONLY,NEW_DEVELOPMENT_GENERATED,false,pcl_iterative_closest_point_with_normals,full-synthetic-development-v1/END_FACE_TRANSITION_WEAK/g2/m1/r4/SCAN_NOISE_ONLY/pcl_iterative_closest_point_with_normals
full-synthetic-development-v1/END_FACE_TRANSITION_WEAK/g2/m1/r4/MAP_NOISE_ONLY,END_FACE_TRANSITION_WEAK,2,1334931069,1,1664898153,4,MAP_NOISE_ONLY,NEW_DEVELOPMENT_GENERATED,false,open3d_point_to_plane,full-synthetic-development-v1/END_FACE_TRANSITION_WEAK/g2/m1/r4/MAP_NOISE_ONLY/open3d_point_to_plane
full-synthetic-development-v1/END_FACE_TRANSITION_WEAK/g2/m1/r4/MAP_NOISE_ONLY,END_FACE_TRANSITION_WEAK,2,1334931069,1,1664898153,4,MAP_NOISE_ONLY,NEW_DEVELOPMENT_GENERATED,false,pcl_iterative_closest_point_with_normals,full-synthetic-development-v1/END_FACE_TRANSITION_WEAK/g2/m1/r4/MAP_NOISE_ONLY/pcl_iterative_closest_point_with_normals
full-synthetic-development-v1/END_FACE_TRANSITION_WEAK/g2/m1/r4/DROPOUT_ONLY,END_FACE_TRANSITION_WEAK,2,1334931069,1,1664898153,4,DROPOUT_ONLY,NEW_DEVELOPMENT_GENERATED,false,open3d_point_to_plane,full-synthetic-development-v1/END_FACE_TRANSITION_WEAK/g2/m1/r4/DROPOUT_ONLY/open3d_point_to_plane
full-synthetic-development-v1/END_FACE_TRANSITION_WEAK/g2/m1/r4/DROPOUT_ONLY,END_FACE_TRANSITION_WEAK,2,1334931069,1,1664898153,4,DROPOUT_ONLY,NEW_DEVELOPMENT_GENERATED,false,pcl_iterative_closest_point_with_normals,full-synthetic-development-v1/END_FACE_TRANSITION_WEAK/g2/m1/r4/DROPOUT_ONLY/pcl_iterative_closest_point_with_normals
full-synthetic-development-v1/END_FACE_TRANSITION_WEAK/g2/m1/r4/FULL_NOISE,END_FACE_TRANSITION_WEAK,2,1334931069,1,1664898153,4,FULL_NOISE,NEW_DEVELOPMENT_GENERATED,false,open3d_point_to_plane,full-synthetic-development-v1/END_FACE_TRANSITION_WEAK/g2/m1/r4/FULL_NOISE/open3d_point_to_plane
full-synthetic-development-v1/END_FACE_TRANSITION_WEAK/g2/m1/r4/FULL_NOISE,END_FACE_TRANSITION_WEAK,2,1334931069,1,1664898153,4,FULL_NOISE,NEW_DEVELOPMENT_GENERATED,false,pcl_iterative_closest_point_with_normals,full-synthetic-development-v1/END_FACE_TRANSITION_WEAK/g2/m1/r4/FULL_NOISE/pcl_iterative_closest_point_with_normals
phase-b-signal-v1/END_FACE_TRANSITION_ABSENT/g0/INDEPENDENT_NOISE_FREE,END_FACE_TRANSITION_ABSENT,0,1850310744,0,217775206,0,INDEPENDENT_NOISE_FREE,NEW_DEVELOPMENT_GENERATED,true,open3d_point_to_plane,phase-b-signal-v1/END_FACE_TRANSITION_ABSENT/g0/INDEPENDENT_NOISE_FREE/open3d_point_to_plane
phase-b-signal-v1/END_FACE_TRANSITION_ABSENT/g0/INDEPENDENT_NOISE_FREE,END_FACE_TRANSITION_ABSENT,0,1850310744,0,217775206,0,INDEPENDENT_NOISE_FREE,NEW_DEVELOPMENT_GENERATED,true,pcl_iterative_closest_point_with_normals,phase-b-signal-v1/END_FACE_TRANSITION_ABSENT/g0/INDEPENDENT_NOISE_FREE/pcl_iterative_closest_point_with_normals
full-synthetic-development-v1/END_FACE_TRANSITION_ABSENT/g0/m0/r0/SCAN_NOISE_ONLY,END_FACE_TRANSITION_ABSENT,0,1850310744,0,217775206,0,SCAN_NOISE_ONLY,NEW_DEVELOPMENT_GENERATED,false,open3d_point_to_plane,full-synthetic-development-v1/END_FACE_TRANSITION_ABSENT/g0/m0/r0/SCAN_NOISE_ONLY/open3d_point_to_plane
full-synthetic-development-v1/END_FACE_TRANSITION_ABSENT/g0/m0/r0/SCAN_NOISE_ONLY,END_FACE_TRANSITION_ABSENT,0,1850310744,0,217775206,0,SCAN_NOISE_ONLY,NEW_DEVELOPMENT_GENERATED,false,pcl_iterative_closest_point_with_normals,full-synthetic-development-v1/END_FACE_TRANSITION_ABSENT/g0/m0/r0/SCAN_NOISE_ONLY/pcl_iterative_closest_point_with_normals
full-synthetic-development-v1/END_FACE_TRANSITION_ABSENT/g0/m0/r0/MAP_NOISE_ONLY,END_FACE_TRANSITION_ABSENT,0,1850310744,0,217775206,0,MAP_NOISE_ONLY,NEW_DEVELOPMENT_GENERATED,false,open3d_point_to_plane,full-synthetic-development-v1/END_FACE_TRANSITION_ABSENT/g0/m0/r0/MAP_NOISE_ONLY/open3d_point_to_plane
full-synthetic-development-v1/END_FACE_TRANSITION_ABSENT/g0/m0/r0/MAP_NOISE_ONLY,END_FACE_TRANSITION_ABSENT,0,1850310744,0,217775206,0,MAP_NOISE_ONLY,NEW_DEVELOPMENT_GENERATED,false,pcl_iterative_closest_point_with_normals,full-synthetic-development-v1/END_FACE_TRANSITION_ABSENT/g0/m0/r0/MAP_NOISE_ONLY/pcl_iterative_closest_point_with_normals
full-synthetic-development-v1/END_FACE_TRANSITION_ABSENT/g0/m0/r0/DROPOUT_ONLY,END_FACE_TRANSITION_ABSENT,0,1850310744,0,217775206,0,DROPOUT_ONLY,NEW_DEVELOPMENT_GENERATED,false,open3d_point_to_plane,full-synthetic-development-v1/END_FACE_TRANSITION_ABSENT/g0/m0/r0/DROPOUT_ONLY/open3d_point_to_plane
full-synthetic-development-v1/END_FACE_TRANSITION_ABSENT/g0/m0/r0/DROPOUT_ONLY,END_FACE_TRANSITION_ABSENT,0,1850310744,0,217775206,0,DROPOUT_ONLY,NEW_DEVELOPMENT_GENERATED,false,pcl_iterative_closest_point_with_normals,full-synthetic-development-v1/END_FACE_TRANSITION_ABSENT/g0/m0/r0/DROPOUT_ONLY/pcl_iterative_closest_point_with_normals
phase-b-signal-v1/END_FACE_TRANSITION_ABSENT/g0/FULL_NOISE,END_FACE_TRANSITION_ABSENT,0,1850310744,0,217775206,0,FULL_NOISE,NEW_DEVELOPMENT_GENERATED,true,open3d_point_to_plane,phase-b-signal-v1/END_FACE_TRANSITION_ABSENT/g0/FULL_NOISE/open3d_point_to_plane
phase-b-signal-v1/END_FACE_TRANSITION_ABSENT/g0/FULL_NOISE,END_FACE_TRANSITION_ABSENT,0,1850310744,0,217775206,0,FULL_NOISE,NEW_DEVELOPMENT_GENERATED,true,pcl_iterative_closest_point_with_normals,phase-b-signal-v1/END_FACE_TRANSITION_ABSENT/g0/FULL_NOISE/pcl_iterative_closest_point_with_normals
full-synthetic-development-v1/END_FACE_TRANSITION_ABSENT/g0/m0/r1/INDEPENDENT_NOISE_FREE,END_FACE_TRANSITION_ABSENT,0,1850310744,0,217775206,1,INDEPENDENT_NOISE_FREE,NEW_DEVELOPMENT_GENERATED,false,open3d_point_to_plane,full-synthetic-development-v1/END_FACE_TRANSITION_ABSENT/g0/m0/r1/INDEPENDENT_NOISE_FREE/open3d_point_to_plane
full-synthetic-development-v1/END_FACE_TRANSITION_ABSENT/g0/m0/r1/INDEPENDENT_NOISE_FREE,END_FACE_TRANSITION_ABSENT,0,1850310744,0,217775206,1,INDEPENDENT_NOISE_FREE,NEW_DEVELOPMENT_GENERATED,false,pcl_iterative_closest_point_with_normals,full-synthetic-development-v1/END_FACE_TRANSITION_ABSENT/g0/m0/r1/INDEPENDENT_NOISE_FREE/pcl_iterative_closest_point_with_normals
full-synthetic-development-v1/END_FACE_TRANSITION_ABSENT/g0/m0/r1/SCAN_NOISE_ONLY,END_FACE_TRANSITION_ABSENT,0,1850310744,0,217775206,1,SCAN_NOISE_ONLY,NEW_DEVELOPMENT_GENERATED,false,open3d_point_to_plane,full-synthetic-development-v1/END_FACE_TRANSITION_ABSENT/g0/m0/r1/SCAN_NOISE_ONLY/open3d_point_to_plane
full-synthetic-development-v1/END_FACE_TRANSITION_ABSENT/g0/m0/r1/SCAN_NOISE_ONLY,END_FACE_TRANSITION_ABSENT,0,1850310744,0,217775206,1,SCAN_NOISE_ONLY,NEW_DEVELOPMENT_GENERATED,false,pcl_iterative_closest_point_with_normals,full-synthetic-development-v1/END_FACE_TRANSITION_ABSENT/g0/m0/r1/SCAN_NOISE_ONLY/pcl_iterative_closest_point_with_normals
full-synthetic-development-v1/END_FACE_TRANSITION_ABSENT/g0/m0/r1/MAP_NOISE_ONLY,END_FACE_TRANSITION_ABSENT,0,1850310744,0,217775206,1,MAP_NOISE_ONLY,NEW_DEVELOPMENT_GENERATED,false,open3d_point_to_plane,full-synthetic-development-v1/END_FACE_TRANSITION_ABSENT/g0/m0/r1/MAP_NOISE_ONLY/open3d_point_to_plane
full-synthetic-development-v1/END_FACE_TRANSITION_ABSENT/g0/m0/r1/MAP_NOISE_ONLY,END_FACE_TRANSITION_ABSENT,0,1850310744,0,217775206,1,MAP_NOISE_ONLY,NEW_DEVELOPMENT_GENERATED,false,pcl_iterative_closest_point_with_normals,full-synthetic-development-v1/END_FACE_TRANSITION_ABSENT/g0/m0/r1/MAP_NOISE_ONLY/pcl_iterative_closest_point_with_normals
full-synthetic-development-v1/END_FACE_TRANSITION_ABSENT/g0/m0/r1/DROPOUT_ONLY,END_FACE_TRANSITION_ABSENT,0,1850310744,0,217775206,1,DROPOUT_ONLY,NEW_DEVELOPMENT_GENERATED,false,open3d_point_to_plane,full-synthetic-development-v1/END_FACE_TRANSITION_ABSENT/g0/m0/r1/DROPOUT_ONLY/open3d_point_to_plane
full-synthetic-development-v1/END_FACE_TRANSITION_ABSENT/g0/m0/r1/DROPOUT_ONLY,END_FACE_TRANSITION_ABSENT,0,1850310744,0,217775206,1,DROPOUT_ONLY,NEW_DEVELOPMENT_GENERATED,false,pcl_iterative_closest_point_with_normals,full-synthetic-development-v1/END_FACE_TRANSITION_ABSENT/g0/m0/r1/DROPOUT_ONLY/pcl_iterative_closest_point_with_normals
full-synthetic-development-v1/END_FACE_TRANSITION_ABSENT/g0/m0/r1/FULL_NOISE,END_FACE_TRANSITION_ABSENT,0,1850310744,0,217775206,1,FULL_NOISE,NEW_DEVELOPMENT_GENERATED,false,open3d_point_to_plane,full-synthetic-development-v1/END_FACE_TRANSITION_ABSENT/g0/m0/r1/FULL_NOISE/open3d_point_to_plane
full-synthetic-development-v1/END_FACE_TRANSITION_ABSENT/g0/m0/r1/FULL_NOISE,END_FACE_TRANSITION_ABSENT,0,1850310744,0,217775206,1,FULL_NOISE,NEW_DEVELOPMENT_GENERATED,false,pcl_iterative_closest_point_with_normals,full-synthetic-development-v1/END_FACE_TRANSITION_ABSENT/g0/m0/r1/FULL_NOISE/pcl_iterative_closest_point_with_normals
full-synthetic-development-v1/END_FACE_TRANSITION_ABSENT/g0/m0/r2/INDEPENDENT_NOISE_FREE,END_FACE_TRANSITION_ABSENT,0,1850310744,0,217775206,2,INDEPENDENT_NOISE_FREE,NEW_DEVELOPMENT_GENERATED,false,open3d_point_to_plane,full-synthetic-development-v1/END_FACE_TRANSITION_ABSENT/g0/m0/r2/INDEPENDENT_NOISE_FREE/open3d_point_to_plane
full-synthetic-development-v1/END_FACE_TRANSITION_ABSENT/g0/m0/r2/INDEPENDENT_NOISE_FREE,END_FACE_TRANSITION_ABSENT,0,1850310744,0,217775206,2,INDEPENDENT_NOISE_FREE,NEW_DEVELOPMENT_GENERATED,false,pcl_iterative_closest_point_with_normals,full-synthetic-development-v1/END_FACE_TRANSITION_ABSENT/g0/m0/r2/INDEPENDENT_NOISE_FREE/pcl_iterative_closest_point_with_normals
full-synthetic-development-v1/END_FACE_TRANSITION_ABSENT/g0/m0/r2/SCAN_NOISE_ONLY,END_FACE_TRANSITION_ABSENT,0,1850310744,0,217775206,2,SCAN_NOISE_ONLY,NEW_DEVELOPMENT_GENERATED,false,open3d_point_to_plane,full-synthetic-development-v1/END_FACE_TRANSITION_ABSENT/g0/m0/r2/SCAN_NOISE_ONLY/open3d_point_to_plane
full-synthetic-development-v1/END_FACE_TRANSITION_ABSENT/g0/m0/r2/SCAN_NOISE_ONLY,END_FACE_TRANSITION_ABSENT,0,1850310744,0,217775206,2,SCAN_NOISE_ONLY,NEW_DEVELOPMENT_GENERATED,false,pcl_iterative_closest_point_with_normals,full-synthetic-development-v1/END_FACE_TRANSITION_ABSENT/g0/m0/r2/SCAN_NOISE_ONLY/pcl_iterative_closest_point_with_normals
full-synthetic-development-v1/END_FACE_TRANSITION_ABSENT/g0/m0/r2/MAP_NOISE_ONLY,END_FACE_TRANSITION_ABSENT,0,1850310744,0,217775206,2,MAP_NOISE_ONLY,NEW_DEVELOPMENT_GENERATED,false,open3d_point_to_plane,full-synthetic-development-v1/END_FACE_TRANSITION_ABSENT/g0/m0/r2/MAP_NOISE_ONLY/open3d_point_to_plane
full-synthetic-development-v1/END_FACE_TRANSITION_ABSENT/g0/m0/r2/MAP_NOISE_ONLY,END_FACE_TRANSITION_ABSENT,0,1850310744,0,217775206,2,MAP_NOISE_ONLY,NEW_DEVELOPMENT_GENERATED,false,pcl_iterative_closest_point_with_normals,full-synthetic-development-v1/END_FACE_TRANSITION_ABSENT/g0/m0/r2/MAP_NOISE_ONLY/pcl_iterative_closest_point_with_normals
full-synthetic-development-v1/END_FACE_TRANSITION_ABSENT/g0/m0/r2/DROPOUT_ONLY,END_FACE_TRANSITION_ABSENT,0,1850310744,0,217775206,2,DROPOUT_ONLY,NEW_DEVELOPMENT_GENERATED,false,open3d_point_to_plane,full-synthetic-development-v1/END_FACE_TRANSITION_ABSENT/g0/m0/r2/DROPOUT_ONLY/open3d_point_to_plane
full-synthetic-development-v1/END_FACE_TRANSITION_ABSENT/g0/m0/r2/DROPOUT_ONLY,END_FACE_TRANSITION_ABSENT,0,1850310744,0,217775206,2,DROPOUT_ONLY,NEW_DEVELOPMENT_GENERATED,false,pcl_iterative_closest_point_with_normals,full-synthetic-development-v1/END_FACE_TRANSITION_ABSENT/g0/m0/r2/DROPOUT_ONLY/pcl_iterative_closest_point_with_normals
full-synthetic-development-v1/END_FACE_TRANSITION_ABSENT/g0/m0/r2/FULL_NOISE,END_FACE_TRANSITION_ABSENT,0,1850310744,0,217775206,2,FULL_NOISE,NEW_DEVELOPMENT_GENERATED,false,open3d_point_to_plane,full-synthetic-development-v1/END_FACE_TRANSITION_ABSENT/g0/m0/r2/FULL_NOISE/open3d_point_to_plane
full-synthetic-development-v1/END_FACE_TRANSITION_ABSENT/g0/m0/r2/FULL_NOISE,END_FACE_TRANSITION_ABSENT,0,1850310744,0,217775206,2,FULL_NOISE,NEW_DEVELOPMENT_GENERATED,false,pcl_iterative_closest_point_with_normals,full-synthetic-development-v1/END_FACE_TRANSITION_ABSENT/g0/m0/r2/FULL_NOISE/pcl_iterative_closest_point_with_normals
full-synthetic-development-v1/END_FACE_TRANSITION_ABSENT/g0/m0/r3/INDEPENDENT_NOISE_FREE,END_FACE_TRANSITION_ABSENT,0,1850310744,0,217775206,3,INDEPENDENT_NOISE_FREE,NEW_DEVELOPMENT_GENERATED,false,open3d_point_to_plane,full-synthetic-development-v1/END_FACE_TRANSITION_ABSENT/g0/m0/r3/INDEPENDENT_NOISE_FREE/open3d_point_to_plane
full-synthetic-development-v1/END_FACE_TRANSITION_ABSENT/g0/m0/r3/INDEPENDENT_NOISE_FREE,END_FACE_TRANSITION_ABSENT,0,1850310744,0,217775206,3,INDEPENDENT_NOISE_FREE,NEW_DEVELOPMENT_GENERATED,false,pcl_iterative_closest_point_with_normals,full-synthetic-development-v1/END_FACE_TRANSITION_ABSENT/g0/m0/r3/INDEPENDENT_NOISE_FREE/pcl_iterative_closest_point_with_normals
full-synthetic-development-v1/END_FACE_TRANSITION_ABSENT/g0/m0/r3/SCAN_NOISE_ONLY,END_FACE_TRANSITION_ABSENT,0,1850310744,0,217775206,3,SCAN_NOISE_ONLY,NEW_DEVELOPMENT_GENERATED,false,open3d_point_to_plane,full-synthetic-development-v1/END_FACE_TRANSITION_ABSENT/g0/m0/r3/SCAN_NOISE_ONLY/open3d_point_to_plane
full-synthetic-development-v1/END_FACE_TRANSITION_ABSENT/g0/m0/r3/SCAN_NOISE_ONLY,END_FACE_TRANSITION_ABSENT,0,1850310744,0,217775206,3,SCAN_NOISE_ONLY,NEW_DEVELOPMENT_GENERATED,false,pcl_iterative_closest_point_with_normals,full-synthetic-development-v1/END_FACE_TRANSITION_ABSENT/g0/m0/r3/SCAN_NOISE_ONLY/pcl_iterative_closest_point_with_normals
full-synthetic-development-v1/END_FACE_TRANSITION_ABSENT/g0/m0/r3/MAP_NOISE_ONLY,END_FACE_TRANSITION_ABSENT,0,1850310744,0,217775206,3,MAP_NOISE_ONLY,NEW_DEVELOPMENT_GENERATED,false,open3d_point_to_plane,full-synthetic-development-v1/END_FACE_TRANSITION_ABSENT/g0/m0/r3/MAP_NOISE_ONLY/open3d_point_to_plane
full-synthetic-development-v1/END_FACE_TRANSITION_ABSENT/g0/m0/r3/MAP_NOISE_ONLY,END_FACE_TRANSITION_ABSENT,0,1850310744,0,217775206,3,MAP_NOISE_ONLY,NEW_DEVELOPMENT_GENERATED,false,pcl_iterative_closest_point_with_normals,full-synthetic-development-v1/END_FACE_TRANSITION_ABSENT/g0/m0/r3/MAP_NOISE_ONLY/pcl_iterative_closest_point_with_normals
full-synthetic-development-v1/END_FACE_TRANSITION_ABSENT/g0/m0/r3/DROPOUT_ONLY,END_FACE_TRANSITION_ABSENT,0,1850310744,0,217775206,3,DROPOUT_ONLY,NEW_DEVELOPMENT_GENERATED,false,open3d_point_to_plane,full-synthetic-development-v1/END_FACE_TRANSITION_ABSENT/g0/m0/r3/DROPOUT_ONLY/open3d_point_to_plane
full-synthetic-development-v1/END_FACE_TRANSITION_ABSENT/g0/m0/r3/DROPOUT_ONLY,END_FACE_TRANSITION_ABSENT,0,1850310744,0,217775206,3,DROPOUT_ONLY,NEW_DEVELOPMENT_GENERATED,false,pcl_iterative_closest_point_with_normals,full-synthetic-development-v1/END_FACE_TRANSITION_ABSENT/g0/m0/r3/DROPOUT_ONLY/pcl_iterative_closest_point_with_normals
full-synthetic-development-v1/END_FACE_TRANSITION_ABSENT/g0/m0/r3/FULL_NOISE,END_FACE_TRANSITION_ABSENT,0,1850310744,0,217775206,3,FULL_NOISE,NEW_DEVELOPMENT_GENERATED,false,open3d_point_to_plane,full-synthetic-development-v1/END_FACE_TRANSITION_ABSENT/g0/m0/r3/FULL_NOISE/open3d_point_to_plane
full-synthetic-development-v1/END_FACE_TRANSITION_ABSENT/g0/m0/r3/FULL_NOISE,END_FACE_TRANSITION_ABSENT,0,1850310744,0,217775206,3,FULL_NOISE,NEW_DEVELOPMENT_GENERATED,false,pcl_iterative_closest_point_with_normals,full-synthetic-development-v1/END_FACE_TRANSITION_ABSENT/g0/m0/r3/FULL_NOISE/pcl_iterative_closest_point_with_normals
full-synthetic-development-v1/END_FACE_TRANSITION_ABSENT/g0/m0/r4/INDEPENDENT_NOISE_FREE,END_FACE_TRANSITION_ABSENT,0,1850310744,0,217775206,4,INDEPENDENT_NOISE_FREE,NEW_DEVELOPMENT_GENERATED,false,open3d_point_to_plane,full-synthetic-development-v1/END_FACE_TRANSITION_ABSENT/g0/m0/r4/INDEPENDENT_NOISE_FREE/open3d_point_to_plane
full-synthetic-development-v1/END_FACE_TRANSITION_ABSENT/g0/m0/r4/INDEPENDENT_NOISE_FREE,END_FACE_TRANSITION_ABSENT,0,1850310744,0,217775206,4,INDEPENDENT_NOISE_FREE,NEW_DEVELOPMENT_GENERATED,false,pcl_iterative_closest_point_with_normals,full-synthetic-development-v1/END_FACE_TRANSITION_ABSENT/g0/m0/r4/INDEPENDENT_NOISE_FREE/pcl_iterative_closest_point_with_normals
full-synthetic-development-v1/END_FACE_TRANSITION_ABSENT/g0/m0/r4/SCAN_NOISE_ONLY,END_FACE_TRANSITION_ABSENT,0,1850310744,0,217775206,4,SCAN_NOISE_ONLY,NEW_DEVELOPMENT_GENERATED,false,open3d_point_to_plane,full-synthetic-development-v1/END_FACE_TRANSITION_ABSENT/g0/m0/r4/SCAN_NOISE_ONLY/open3d_point_to_plane
full-synthetic-development-v1/END_FACE_TRANSITION_ABSENT/g0/m0/r4/SCAN_NOISE_ONLY,END_FACE_TRANSITION_ABSENT,0,1850310744,0,217775206,4,SCAN_NOISE_ONLY,NEW_DEVELOPMENT_GENERATED,false,pcl_iterative_closest_point_with_normals,full-synthetic-development-v1/END_FACE_TRANSITION_ABSENT/g0/m0/r4/SCAN_NOISE_ONLY/pcl_iterative_closest_point_with_normals
full-synthetic-development-v1/END_FACE_TRANSITION_ABSENT/g0/m0/r4/MAP_NOISE_ONLY,END_FACE_TRANSITION_ABSENT,0,1850310744,0,217775206,4,MAP_NOISE_ONLY,NEW_DEVELOPMENT_GENERATED,false,open3d_point_to_plane,full-synthetic-development-v1/END_FACE_TRANSITION_ABSENT/g0/m0/r4/MAP_NOISE_ONLY/open3d_point_to_plane
full-synthetic-development-v1/END_FACE_TRANSITION_ABSENT/g0/m0/r4/MAP_NOISE_ONLY,END_FACE_TRANSITION_ABSENT,0,1850310744,0,217775206,4,MAP_NOISE_ONLY,NEW_DEVELOPMENT_GENERATED,false,pcl_iterative_closest_point_with_normals,full-synthetic-development-v1/END_FACE_TRANSITION_ABSENT/g0/m0/r4/MAP_NOISE_ONLY/pcl_iterative_closest_point_with_normals
full-synthetic-development-v1/END_FACE_TRANSITION_ABSENT/g0/m0/r4/DROPOUT_ONLY,END_FACE_TRANSITION_ABSENT,0,1850310744,0,217775206,4,DROPOUT_ONLY,NEW_DEVELOPMENT_GENERATED,false,open3d_point_to_plane,full-synthetic-development-v1/END_FACE_TRANSITION_ABSENT/g0/m0/r4/DROPOUT_ONLY/open3d_point_to_plane
full-synthetic-development-v1/END_FACE_TRANSITION_ABSENT/g0/m0/r4/DROPOUT_ONLY,END_FACE_TRANSITION_ABSENT,0,1850310744,0,217775206,4,DROPOUT_ONLY,NEW_DEVELOPMENT_GENERATED,false,pcl_iterative_closest_point_with_normals,full-synthetic-development-v1/END_FACE_TRANSITION_ABSENT/g0/m0/r4/DROPOUT_ONLY/pcl_iterative_closest_point_with_normals
full-synthetic-development-v1/END_FACE_TRANSITION_ABSENT/g0/m0/r4/FULL_NOISE,END_FACE_TRANSITION_ABSENT,0,1850310744,0,217775206,4,FULL_NOISE,NEW_DEVELOPMENT_GENERATED,false,open3d_point_to_plane,full-synthetic-development-v1/END_FACE_TRANSITION_ABSENT/g0/m0/r4/FULL_NOISE/open3d_point_to_plane
full-synthetic-development-v1/END_FACE_TRANSITION_ABSENT/g0/m0/r4/FULL_NOISE,END_FACE_TRANSITION_ABSENT,0,1850310744,0,217775206,4,FULL_NOISE,NEW_DEVELOPMENT_GENERATED,false,pcl_iterative_closest_point_with_normals,full-synthetic-development-v1/END_FACE_TRANSITION_ABSENT/g0/m0/r4/FULL_NOISE/pcl_iterative_closest_point_with_normals
full-synthetic-development-v1/END_FACE_TRANSITION_ABSENT/g0/m1/r0/INDEPENDENT_NOISE_FREE,END_FACE_TRANSITION_ABSENT,0,1850310744,1,1664898153,0,INDEPENDENT_NOISE_FREE,NEW_DEVELOPMENT_GENERATED,false,open3d_point_to_plane,full-synthetic-development-v1/END_FACE_TRANSITION_ABSENT/g0/m1/r0/INDEPENDENT_NOISE_FREE/open3d_point_to_plane
full-synthetic-development-v1/END_FACE_TRANSITION_ABSENT/g0/m1/r0/INDEPENDENT_NOISE_FREE,END_FACE_TRANSITION_ABSENT,0,1850310744,1,1664898153,0,INDEPENDENT_NOISE_FREE,NEW_DEVELOPMENT_GENERATED,false,pcl_iterative_closest_point_with_normals,full-synthetic-development-v1/END_FACE_TRANSITION_ABSENT/g0/m1/r0/INDEPENDENT_NOISE_FREE/pcl_iterative_closest_point_with_normals
full-synthetic-development-v1/END_FACE_TRANSITION_ABSENT/g0/m1/r0/SCAN_NOISE_ONLY,END_FACE_TRANSITION_ABSENT,0,1850310744,1,1664898153,0,SCAN_NOISE_ONLY,NEW_DEVELOPMENT_GENERATED,false,open3d_point_to_plane,full-synthetic-development-v1/END_FACE_TRANSITION_ABSENT/g0/m1/r0/SCAN_NOISE_ONLY/open3d_point_to_plane
full-synthetic-development-v1/END_FACE_TRANSITION_ABSENT/g0/m1/r0/SCAN_NOISE_ONLY,END_FACE_TRANSITION_ABSENT,0,1850310744,1,1664898153,0,SCAN_NOISE_ONLY,NEW_DEVELOPMENT_GENERATED,false,pcl_iterative_closest_point_with_normals,full-synthetic-development-v1/END_FACE_TRANSITION_ABSENT/g0/m1/r0/SCAN_NOISE_ONLY/pcl_iterative_closest_point_with_normals
full-synthetic-development-v1/END_FACE_TRANSITION_ABSENT/g0/m1/r0/MAP_NOISE_ONLY,END_FACE_TRANSITION_ABSENT,0,1850310744,1,1664898153,0,MAP_NOISE_ONLY,NEW_DEVELOPMENT_GENERATED,false,open3d_point_to_plane,full-synthetic-development-v1/END_FACE_TRANSITION_ABSENT/g0/m1/r0/MAP_NOISE_ONLY/open3d_point_to_plane
full-synthetic-development-v1/END_FACE_TRANSITION_ABSENT/g0/m1/r0/MAP_NOISE_ONLY,END_FACE_TRANSITION_ABSENT,0,1850310744,1,1664898153,0,MAP_NOISE_ONLY,NEW_DEVELOPMENT_GENERATED,false,pcl_iterative_closest_point_with_normals,full-synthetic-development-v1/END_FACE_TRANSITION_ABSENT/g0/m1/r0/MAP_NOISE_ONLY/pcl_iterative_closest_point_with_normals
full-synthetic-development-v1/END_FACE_TRANSITION_ABSENT/g0/m1/r0/DROPOUT_ONLY,END_FACE_TRANSITION_ABSENT,0,1850310744,1,1664898153,0,DROPOUT_ONLY,NEW_DEVELOPMENT_GENERATED,false,open3d_point_to_plane,full-synthetic-development-v1/END_FACE_TRANSITION_ABSENT/g0/m1/r0/DROPOUT_ONLY/open3d_point_to_plane
full-synthetic-development-v1/END_FACE_TRANSITION_ABSENT/g0/m1/r0/DROPOUT_ONLY,END_FACE_TRANSITION_ABSENT,0,1850310744,1,1664898153,0,DROPOUT_ONLY,NEW_DEVELOPMENT_GENERATED,false,pcl_iterative_closest_point_with_normals,full-synthetic-development-v1/END_FACE_TRANSITION_ABSENT/g0/m1/r0/DROPOUT_ONLY/pcl_iterative_closest_point_with_normals
full-synthetic-development-v1/END_FACE_TRANSITION_ABSENT/g0/m1/r0/FULL_NOISE,END_FACE_TRANSITION_ABSENT,0,1850310744,1,1664898153,0,FULL_NOISE,NEW_DEVELOPMENT_GENERATED,false,open3d_point_to_plane,full-synthetic-development-v1/END_FACE_TRANSITION_ABSENT/g0/m1/r0/FULL_NOISE/open3d_point_to_plane
full-synthetic-development-v1/END_FACE_TRANSITION_ABSENT/g0/m1/r0/FULL_NOISE,END_FACE_TRANSITION_ABSENT,0,1850310744,1,1664898153,0,FULL_NOISE,NEW_DEVELOPMENT_GENERATED,false,pcl_iterative_closest_point_with_normals,full-synthetic-development-v1/END_FACE_TRANSITION_ABSENT/g0/m1/r0/FULL_NOISE/pcl_iterative_closest_point_with_normals
full-synthetic-development-v1/END_FACE_TRANSITION_ABSENT/g0/m1/r1/INDEPENDENT_NOISE_FREE,END_FACE_TRANSITION_ABSENT,0,1850310744,1,1664898153,1,INDEPENDENT_NOISE_FREE,NEW_DEVELOPMENT_GENERATED,false,open3d_point_to_plane,full-synthetic-development-v1/END_FACE_TRANSITION_ABSENT/g0/m1/r1/INDEPENDENT_NOISE_FREE/open3d_point_to_plane
full-synthetic-development-v1/END_FACE_TRANSITION_ABSENT/g0/m1/r1/INDEPENDENT_NOISE_FREE,END_FACE_TRANSITION_ABSENT,0,1850310744,1,1664898153,1,INDEPENDENT_NOISE_FREE,NEW_DEVELOPMENT_GENERATED,false,pcl_iterative_closest_point_with_normals,full-synthetic-development-v1/END_FACE_TRANSITION_ABSENT/g0/m1/r1/INDEPENDENT_NOISE_FREE/pcl_iterative_closest_point_with_normals
full-synthetic-development-v1/END_FACE_TRANSITION_ABSENT/g0/m1/r1/SCAN_NOISE_ONLY,END_FACE_TRANSITION_ABSENT,0,1850310744,1,1664898153,1,SCAN_NOISE_ONLY,NEW_DEVELOPMENT_GENERATED,false,open3d_point_to_plane,full-synthetic-development-v1/END_FACE_TRANSITION_ABSENT/g0/m1/r1/SCAN_NOISE_ONLY/open3d_point_to_plane
full-synthetic-development-v1/END_FACE_TRANSITION_ABSENT/g0/m1/r1/SCAN_NOISE_ONLY,END_FACE_TRANSITION_ABSENT,0,1850310744,1,1664898153,1,SCAN_NOISE_ONLY,NEW_DEVELOPMENT_GENERATED,false,pcl_iterative_closest_point_with_normals,full-synthetic-development-v1/END_FACE_TRANSITION_ABSENT/g0/m1/r1/SCAN_NOISE_ONLY/pcl_iterative_closest_point_with_normals
full-synthetic-development-v1/END_FACE_TRANSITION_ABSENT/g0/m1/r1/MAP_NOISE_ONLY,END_FACE_TRANSITION_ABSENT,0,1850310744,1,1664898153,1,MAP_NOISE_ONLY,NEW_DEVELOPMENT_GENERATED,false,open3d_point_to_plane,full-synthetic-development-v1/END_FACE_TRANSITION_ABSENT/g0/m1/r1/MAP_NOISE_ONLY/open3d_point_to_plane
full-synthetic-development-v1/END_FACE_TRANSITION_ABSENT/g0/m1/r1/MAP_NOISE_ONLY,END_FACE_TRANSITION_ABSENT,0,1850310744,1,1664898153,1,MAP_NOISE_ONLY,NEW_DEVELOPMENT_GENERATED,false,pcl_iterative_closest_point_with_normals,full-synthetic-development-v1/END_FACE_TRANSITION_ABSENT/g0/m1/r1/MAP_NOISE_ONLY/pcl_iterative_closest_point_with_normals
full-synthetic-development-v1/END_FACE_TRANSITION_ABSENT/g0/m1/r1/DROPOUT_ONLY,END_FACE_TRANSITION_ABSENT,0,1850310744,1,1664898153,1,DROPOUT_ONLY,NEW_DEVELOPMENT_GENERATED,false,open3d_point_to_plane,full-synthetic-development-v1/END_FACE_TRANSITION_ABSENT/g0/m1/r1/DROPOUT_ONLY/open3d_point_to_plane
full-synthetic-development-v1/END_FACE_TRANSITION_ABSENT/g0/m1/r1/DROPOUT_ONLY,END_FACE_TRANSITION_ABSENT,0,1850310744,1,1664898153,1,DROPOUT_ONLY,NEW_DEVELOPMENT_GENERATED,false,pcl_iterative_closest_point_with_normals,full-synthetic-development-v1/END_FACE_TRANSITION_ABSENT/g0/m1/r1/DROPOUT_ONLY/pcl_iterative_closest_point_with_normals
full-synthetic-development-v1/END_FACE_TRANSITION_ABSENT/g0/m1/r1/FULL_NOISE,END_FACE_TRANSITION_ABSENT,0,1850310744,1,1664898153,1,FULL_NOISE,NEW_DEVELOPMENT_GENERATED,false,open3d_point_to_plane,full-synthetic-development-v1/END_FACE_TRANSITION_ABSENT/g0/m1/r1/FULL_NOISE/open3d_point_to_plane
full-synthetic-development-v1/END_FACE_TRANSITION_ABSENT/g0/m1/r1/FULL_NOISE,END_FACE_TRANSITION_ABSENT,0,1850310744,1,1664898153,1,FULL_NOISE,NEW_DEVELOPMENT_GENERATED,false,pcl_iterative_closest_point_with_normals,full-synthetic-development-v1/END_FACE_TRANSITION_ABSENT/g0/m1/r1/FULL_NOISE/pcl_iterative_closest_point_with_normals
full-synthetic-development-v1/END_FACE_TRANSITION_ABSENT/g0/m1/r2/INDEPENDENT_NOISE_FREE,END_FACE_TRANSITION_ABSENT,0,1850310744,1,1664898153,2,INDEPENDENT_NOISE_FREE,NEW_DEVELOPMENT_GENERATED,false,open3d_point_to_plane,full-synthetic-development-v1/END_FACE_TRANSITION_ABSENT/g0/m1/r2/INDEPENDENT_NOISE_FREE/open3d_point_to_plane
full-synthetic-development-v1/END_FACE_TRANSITION_ABSENT/g0/m1/r2/INDEPENDENT_NOISE_FREE,END_FACE_TRANSITION_ABSENT,0,1850310744,1,1664898153,2,INDEPENDENT_NOISE_FREE,NEW_DEVELOPMENT_GENERATED,false,pcl_iterative_closest_point_with_normals,full-synthetic-development-v1/END_FACE_TRANSITION_ABSENT/g0/m1/r2/INDEPENDENT_NOISE_FREE/pcl_iterative_closest_point_with_normals
full-synthetic-development-v1/END_FACE_TRANSITION_ABSENT/g0/m1/r2/SCAN_NOISE_ONLY,END_FACE_TRANSITION_ABSENT,0,1850310744,1,1664898153,2,SCAN_NOISE_ONLY,NEW_DEVELOPMENT_GENERATED,false,open3d_point_to_plane,full-synthetic-development-v1/END_FACE_TRANSITION_ABSENT/g0/m1/r2/SCAN_NOISE_ONLY/open3d_point_to_plane
full-synthetic-development-v1/END_FACE_TRANSITION_ABSENT/g0/m1/r2/SCAN_NOISE_ONLY,END_FACE_TRANSITION_ABSENT,0,1850310744,1,1664898153,2,SCAN_NOISE_ONLY,NEW_DEVELOPMENT_GENERATED,false,pcl_iterative_closest_point_with_normals,full-synthetic-development-v1/END_FACE_TRANSITION_ABSENT/g0/m1/r2/SCAN_NOISE_ONLY/pcl_iterative_closest_point_with_normals
full-synthetic-development-v1/END_FACE_TRANSITION_ABSENT/g0/m1/r2/MAP_NOISE_ONLY,END_FACE_TRANSITION_ABSENT,0,1850310744,1,1664898153,2,MAP_NOISE_ONLY,NEW_DEVELOPMENT_GENERATED,false,open3d_point_to_plane,full-synthetic-development-v1/END_FACE_TRANSITION_ABSENT/g0/m1/r2/MAP_NOISE_ONLY/open3d_point_to_plane
full-synthetic-development-v1/END_FACE_TRANSITION_ABSENT/g0/m1/r2/MAP_NOISE_ONLY,END_FACE_TRANSITION_ABSENT,0,1850310744,1,1664898153,2,MAP_NOISE_ONLY,NEW_DEVELOPMENT_GENERATED,false,pcl_iterative_closest_point_with_normals,full-synthetic-development-v1/END_FACE_TRANSITION_ABSENT/g0/m1/r2/MAP_NOISE_ONLY/pcl_iterative_closest_point_with_normals
full-synthetic-development-v1/END_FACE_TRANSITION_ABSENT/g0/m1/r2/DROPOUT_ONLY,END_FACE_TRANSITION_ABSENT,0,1850310744,1,1664898153,2,DROPOUT_ONLY,NEW_DEVELOPMENT_GENERATED,false,open3d_point_to_plane,full-synthetic-development-v1/END_FACE_TRANSITION_ABSENT/g0/m1/r2/DROPOUT_ONLY/open3d_point_to_plane
full-synthetic-development-v1/END_FACE_TRANSITION_ABSENT/g0/m1/r2/DROPOUT_ONLY,END_FACE_TRANSITION_ABSENT,0,1850310744,1,1664898153,2,DROPOUT_ONLY,NEW_DEVELOPMENT_GENERATED,false,pcl_iterative_closest_point_with_normals,full-synthetic-development-v1/END_FACE_TRANSITION_ABSENT/g0/m1/r2/DROPOUT_ONLY/pcl_iterative_closest_point_with_normals
full-synthetic-development-v1/END_FACE_TRANSITION_ABSENT/g0/m1/r2/FULL_NOISE,END_FACE_TRANSITION_ABSENT,0,1850310744,1,1664898153,2,FULL_NOISE,NEW_DEVELOPMENT_GENERATED,false,open3d_point_to_plane,full-synthetic-development-v1/END_FACE_TRANSITION_ABSENT/g0/m1/r2/FULL_NOISE/open3d_point_to_plane
full-synthetic-development-v1/END_FACE_TRANSITION_ABSENT/g0/m1/r2/FULL_NOISE,END_FACE_TRANSITION_ABSENT,0,1850310744,1,1664898153,2,FULL_NOISE,NEW_DEVELOPMENT_GENERATED,false,pcl_iterative_closest_point_with_normals,full-synthetic-development-v1/END_FACE_TRANSITION_ABSENT/g0/m1/r2/FULL_NOISE/pcl_iterative_closest_point_with_normals
full-synthetic-development-v1/END_FACE_TRANSITION_ABSENT/g0/m1/r3/INDEPENDENT_NOISE_FREE,END_FACE_TRANSITION_ABSENT,0,1850310744,1,1664898153,3,INDEPENDENT_NOISE_FREE,NEW_DEVELOPMENT_GENERATED,false,open3d_point_to_plane,full-synthetic-development-v1/END_FACE_TRANSITION_ABSENT/g0/m1/r3/INDEPENDENT_NOISE_FREE/open3d_point_to_plane
full-synthetic-development-v1/END_FACE_TRANSITION_ABSENT/g0/m1/r3/INDEPENDENT_NOISE_FREE,END_FACE_TRANSITION_ABSENT,0,1850310744,1,1664898153,3,INDEPENDENT_NOISE_FREE,NEW_DEVELOPMENT_GENERATED,false,pcl_iterative_closest_point_with_normals,full-synthetic-development-v1/END_FACE_TRANSITION_ABSENT/g0/m1/r3/INDEPENDENT_NOISE_FREE/pcl_iterative_closest_point_with_normals
full-synthetic-development-v1/END_FACE_TRANSITION_ABSENT/g0/m1/r3/SCAN_NOISE_ONLY,END_FACE_TRANSITION_ABSENT,0,1850310744,1,1664898153,3,SCAN_NOISE_ONLY,NEW_DEVELOPMENT_GENERATED,false,open3d_point_to_plane,full-synthetic-development-v1/END_FACE_TRANSITION_ABSENT/g0/m1/r3/SCAN_NOISE_ONLY/open3d_point_to_plane
full-synthetic-development-v1/END_FACE_TRANSITION_ABSENT/g0/m1/r3/SCAN_NOISE_ONLY,END_FACE_TRANSITION_ABSENT,0,1850310744,1,1664898153,3,SCAN_NOISE_ONLY,NEW_DEVELOPMENT_GENERATED,false,pcl_iterative_closest_point_with_normals,full-synthetic-development-v1/END_FACE_TRANSITION_ABSENT/g0/m1/r3/SCAN_NOISE_ONLY/pcl_iterative_closest_point_with_normals
full-synthetic-development-v1/END_FACE_TRANSITION_ABSENT/g0/m1/r3/MAP_NOISE_ONLY,END_FACE_TRANSITION_ABSENT,0,1850310744,1,1664898153,3,MAP_NOISE_ONLY,NEW_DEVELOPMENT_GENERATED,false,open3d_point_to_plane,full-synthetic-development-v1/END_FACE_TRANSITION_ABSENT/g0/m1/r3/MAP_NOISE_ONLY/open3d_point_to_plane
full-synthetic-development-v1/END_FACE_TRANSITION_ABSENT/g0/m1/r3/MAP_NOISE_ONLY,END_FACE_TRANSITION_ABSENT,0,1850310744,1,1664898153,3,MAP_NOISE_ONLY,NEW_DEVELOPMENT_GENERATED,false,pcl_iterative_closest_point_with_normals,full-synthetic-development-v1/END_FACE_TRANSITION_ABSENT/g0/m1/r3/MAP_NOISE_ONLY/pcl_iterative_closest_point_with_normals
full-synthetic-development-v1/END_FACE_TRANSITION_ABSENT/g0/m1/r3/DROPOUT_ONLY,END_FACE_TRANSITION_ABSENT,0,1850310744,1,1664898153,3,DROPOUT_ONLY,NEW_DEVELOPMENT_GENERATED,false,open3d_point_to_plane,full-synthetic-development-v1/END_FACE_TRANSITION_ABSENT/g0/m1/r3/DROPOUT_ONLY/open3d_point_to_plane
full-synthetic-development-v1/END_FACE_TRANSITION_ABSENT/g0/m1/r3/DROPOUT_ONLY,END_FACE_TRANSITION_ABSENT,0,1850310744,1,1664898153,3,DROPOUT_ONLY,NEW_DEVELOPMENT_GENERATED,false,pcl_iterative_closest_point_with_normals,full-synthetic-development-v1/END_FACE_TRANSITION_ABSENT/g0/m1/r3/DROPOUT_ONLY/pcl_iterative_closest_point_with_normals
full-synthetic-development-v1/END_FACE_TRANSITION_ABSENT/g0/m1/r3/FULL_NOISE,END_FACE_TRANSITION_ABSENT,0,1850310744,1,1664898153,3,FULL_NOISE,NEW_DEVELOPMENT_GENERATED,false,open3d_point_to_plane,full-synthetic-development-v1/END_FACE_TRANSITION_ABSENT/g0/m1/r3/FULL_NOISE/open3d_point_to_plane
full-synthetic-development-v1/END_FACE_TRANSITION_ABSENT/g0/m1/r3/FULL_NOISE,END_FACE_TRANSITION_ABSENT,0,1850310744,1,1664898153,3,FULL_NOISE,NEW_DEVELOPMENT_GENERATED,false,pcl_iterative_closest_point_with_normals,full-synthetic-development-v1/END_FACE_TRANSITION_ABSENT/g0/m1/r3/FULL_NOISE/pcl_iterative_closest_point_with_normals
full-synthetic-development-v1/END_FACE_TRANSITION_ABSENT/g0/m1/r4/INDEPENDENT_NOISE_FREE,END_FACE_TRANSITION_ABSENT,0,1850310744,1,1664898153,4,INDEPENDENT_NOISE_FREE,NEW_DEVELOPMENT_GENERATED,false,open3d_point_to_plane,full-synthetic-development-v1/END_FACE_TRANSITION_ABSENT/g0/m1/r4/INDEPENDENT_NOISE_FREE/open3d_point_to_plane
full-synthetic-development-v1/END_FACE_TRANSITION_ABSENT/g0/m1/r4/INDEPENDENT_NOISE_FREE,END_FACE_TRANSITION_ABSENT,0,1850310744,1,1664898153,4,INDEPENDENT_NOISE_FREE,NEW_DEVELOPMENT_GENERATED,false,pcl_iterative_closest_point_with_normals,full-synthetic-development-v1/END_FACE_TRANSITION_ABSENT/g0/m1/r4/INDEPENDENT_NOISE_FREE/pcl_iterative_closest_point_with_normals
full-synthetic-development-v1/END_FACE_TRANSITION_ABSENT/g0/m1/r4/SCAN_NOISE_ONLY,END_FACE_TRANSITION_ABSENT,0,1850310744,1,1664898153,4,SCAN_NOISE_ONLY,NEW_DEVELOPMENT_GENERATED,false,open3d_point_to_plane,full-synthetic-development-v1/END_FACE_TRANSITION_ABSENT/g0/m1/r4/SCAN_NOISE_ONLY/open3d_point_to_plane
full-synthetic-development-v1/END_FACE_TRANSITION_ABSENT/g0/m1/r4/SCAN_NOISE_ONLY,END_FACE_TRANSITION_ABSENT,0,1850310744,1,1664898153,4,SCAN_NOISE_ONLY,NEW_DEVELOPMENT_GENERATED,false,pcl_iterative_closest_point_with_normals,full-synthetic-development-v1/END_FACE_TRANSITION_ABSENT/g0/m1/r4/SCAN_NOISE_ONLY/pcl_iterative_closest_point_with_normals
full-synthetic-development-v1/END_FACE_TRANSITION_ABSENT/g0/m1/r4/MAP_NOISE_ONLY,END_FACE_TRANSITION_ABSENT,0,1850310744,1,1664898153,4,MAP_NOISE_ONLY,NEW_DEVELOPMENT_GENERATED,false,open3d_point_to_plane,full-synthetic-development-v1/END_FACE_TRANSITION_ABSENT/g0/m1/r4/MAP_NOISE_ONLY/open3d_point_to_plane
full-synthetic-development-v1/END_FACE_TRANSITION_ABSENT/g0/m1/r4/MAP_NOISE_ONLY,END_FACE_TRANSITION_ABSENT,0,1850310744,1,1664898153,4,MAP_NOISE_ONLY,NEW_DEVELOPMENT_GENERATED,false,pcl_iterative_closest_point_with_normals,full-synthetic-development-v1/END_FACE_TRANSITION_ABSENT/g0/m1/r4/MAP_NOISE_ONLY/pcl_iterative_closest_point_with_normals
full-synthetic-development-v1/END_FACE_TRANSITION_ABSENT/g0/m1/r4/DROPOUT_ONLY,END_FACE_TRANSITION_ABSENT,0,1850310744,1,1664898153,4,DROPOUT_ONLY,NEW_DEVELOPMENT_GENERATED,false,open3d_point_to_plane,full-synthetic-development-v1/END_FACE_TRANSITION_ABSENT/g0/m1/r4/DROPOUT_ONLY/open3d_point_to_plane
full-synthetic-development-v1/END_FACE_TRANSITION_ABSENT/g0/m1/r4/DROPOUT_ONLY,END_FACE_TRANSITION_ABSENT,0,1850310744,1,1664898153,4,DROPOUT_ONLY,NEW_DEVELOPMENT_GENERATED,false,pcl_iterative_closest_point_with_normals,full-synthetic-development-v1/END_FACE_TRANSITION_ABSENT/g0/m1/r4/DROPOUT_ONLY/pcl_iterative_closest_point_with_normals
full-synthetic-development-v1/END_FACE_TRANSITION_ABSENT/g0/m1/r4/FULL_NOISE,END_FACE_TRANSITION_ABSENT,0,1850310744,1,1664898153,4,FULL_NOISE,NEW_DEVELOPMENT_GENERATED,false,open3d_point_to_plane,full-synthetic-development-v1/END_FACE_TRANSITION_ABSENT/g0/m1/r4/FULL_NOISE/open3d_point_to_plane
full-synthetic-development-v1/END_FACE_TRANSITION_ABSENT/g0/m1/r4/FULL_NOISE,END_FACE_TRANSITION_ABSENT,0,1850310744,1,1664898153,4,FULL_NOISE,NEW_DEVELOPMENT_GENERATED,false,pcl_iterative_closest_point_with_normals,full-synthetic-development-v1/END_FACE_TRANSITION_ABSENT/g0/m1/r4/FULL_NOISE/pcl_iterative_closest_point_with_normals
phase-b-signal-v1/END_FACE_TRANSITION_ABSENT/g1/INDEPENDENT_NOISE_FREE,END_FACE_TRANSITION_ABSENT,1,1957656152,0,217775206,0,INDEPENDENT_NOISE_FREE,NEW_DEVELOPMENT_GENERATED,true,open3d_point_to_plane,phase-b-signal-v1/END_FACE_TRANSITION_ABSENT/g1/INDEPENDENT_NOISE_FREE/open3d_point_to_plane
phase-b-signal-v1/END_FACE_TRANSITION_ABSENT/g1/INDEPENDENT_NOISE_FREE,END_FACE_TRANSITION_ABSENT,1,1957656152,0,217775206,0,INDEPENDENT_NOISE_FREE,NEW_DEVELOPMENT_GENERATED,true,pcl_iterative_closest_point_with_normals,phase-b-signal-v1/END_FACE_TRANSITION_ABSENT/g1/INDEPENDENT_NOISE_FREE/pcl_iterative_closest_point_with_normals
full-synthetic-development-v1/END_FACE_TRANSITION_ABSENT/g1/m0/r0/SCAN_NOISE_ONLY,END_FACE_TRANSITION_ABSENT,1,1957656152,0,217775206,0,SCAN_NOISE_ONLY,NEW_DEVELOPMENT_GENERATED,false,open3d_point_to_plane,full-synthetic-development-v1/END_FACE_TRANSITION_ABSENT/g1/m0/r0/SCAN_NOISE_ONLY/open3d_point_to_plane
full-synthetic-development-v1/END_FACE_TRANSITION_ABSENT/g1/m0/r0/SCAN_NOISE_ONLY,END_FACE_TRANSITION_ABSENT,1,1957656152,0,217775206,0,SCAN_NOISE_ONLY,NEW_DEVELOPMENT_GENERATED,false,pcl_iterative_closest_point_with_normals,full-synthetic-development-v1/END_FACE_TRANSITION_ABSENT/g1/m0/r0/SCAN_NOISE_ONLY/pcl_iterative_closest_point_with_normals
full-synthetic-development-v1/END_FACE_TRANSITION_ABSENT/g1/m0/r0/MAP_NOISE_ONLY,END_FACE_TRANSITION_ABSENT,1,1957656152,0,217775206,0,MAP_NOISE_ONLY,NEW_DEVELOPMENT_GENERATED,false,open3d_point_to_plane,full-synthetic-development-v1/END_FACE_TRANSITION_ABSENT/g1/m0/r0/MAP_NOISE_ONLY/open3d_point_to_plane
full-synthetic-development-v1/END_FACE_TRANSITION_ABSENT/g1/m0/r0/MAP_NOISE_ONLY,END_FACE_TRANSITION_ABSENT,1,1957656152,0,217775206,0,MAP_NOISE_ONLY,NEW_DEVELOPMENT_GENERATED,false,pcl_iterative_closest_point_with_normals,full-synthetic-development-v1/END_FACE_TRANSITION_ABSENT/g1/m0/r0/MAP_NOISE_ONLY/pcl_iterative_closest_point_with_normals
full-synthetic-development-v1/END_FACE_TRANSITION_ABSENT/g1/m0/r0/DROPOUT_ONLY,END_FACE_TRANSITION_ABSENT,1,1957656152,0,217775206,0,DROPOUT_ONLY,NEW_DEVELOPMENT_GENERATED,false,open3d_point_to_plane,full-synthetic-development-v1/END_FACE_TRANSITION_ABSENT/g1/m0/r0/DROPOUT_ONLY/open3d_point_to_plane
full-synthetic-development-v1/END_FACE_TRANSITION_ABSENT/g1/m0/r0/DROPOUT_ONLY,END_FACE_TRANSITION_ABSENT,1,1957656152,0,217775206,0,DROPOUT_ONLY,NEW_DEVELOPMENT_GENERATED,false,pcl_iterative_closest_point_with_normals,full-synthetic-development-v1/END_FACE_TRANSITION_ABSENT/g1/m0/r0/DROPOUT_ONLY/pcl_iterative_closest_point_with_normals
phase-b-signal-v1/END_FACE_TRANSITION_ABSENT/g1/FULL_NOISE,END_FACE_TRANSITION_ABSENT,1,1957656152,0,217775206,0,FULL_NOISE,NEW_DEVELOPMENT_GENERATED,true,open3d_point_to_plane,phase-b-signal-v1/END_FACE_TRANSITION_ABSENT/g1/FULL_NOISE/open3d_point_to_plane
phase-b-signal-v1/END_FACE_TRANSITION_ABSENT/g1/FULL_NOISE,END_FACE_TRANSITION_ABSENT,1,1957656152,0,217775206,0,FULL_NOISE,NEW_DEVELOPMENT_GENERATED,true,pcl_iterative_closest_point_with_normals,phase-b-signal-v1/END_FACE_TRANSITION_ABSENT/g1/FULL_NOISE/pcl_iterative_closest_point_with_normals
full-synthetic-development-v1/END_FACE_TRANSITION_ABSENT/g1/m0/r1/INDEPENDENT_NOISE_FREE,END_FACE_TRANSITION_ABSENT,1,1957656152,0,217775206,1,INDEPENDENT_NOISE_FREE,NEW_DEVELOPMENT_GENERATED,false,open3d_point_to_plane,full-synthetic-development-v1/END_FACE_TRANSITION_ABSENT/g1/m0/r1/INDEPENDENT_NOISE_FREE/open3d_point_to_plane
full-synthetic-development-v1/END_FACE_TRANSITION_ABSENT/g1/m0/r1/INDEPENDENT_NOISE_FREE,END_FACE_TRANSITION_ABSENT,1,1957656152,0,217775206,1,INDEPENDENT_NOISE_FREE,NEW_DEVELOPMENT_GENERATED,false,pcl_iterative_closest_point_with_normals,full-synthetic-development-v1/END_FACE_TRANSITION_ABSENT/g1/m0/r1/INDEPENDENT_NOISE_FREE/pcl_iterative_closest_point_with_normals
full-synthetic-development-v1/END_FACE_TRANSITION_ABSENT/g1/m0/r1/SCAN_NOISE_ONLY,END_FACE_TRANSITION_ABSENT,1,1957656152,0,217775206,1,SCAN_NOISE_ONLY,NEW_DEVELOPMENT_GENERATED,false,open3d_point_to_plane,full-synthetic-development-v1/END_FACE_TRANSITION_ABSENT/g1/m0/r1/SCAN_NOISE_ONLY/open3d_point_to_plane
full-synthetic-development-v1/END_FACE_TRANSITION_ABSENT/g1/m0/r1/SCAN_NOISE_ONLY,END_FACE_TRANSITION_ABSENT,1,1957656152,0,217775206,1,SCAN_NOISE_ONLY,NEW_DEVELOPMENT_GENERATED,false,pcl_iterative_closest_point_with_normals,full-synthetic-development-v1/END_FACE_TRANSITION_ABSENT/g1/m0/r1/SCAN_NOISE_ONLY/pcl_iterative_closest_point_with_normals
full-synthetic-development-v1/END_FACE_TRANSITION_ABSENT/g1/m0/r1/MAP_NOISE_ONLY,END_FACE_TRANSITION_ABSENT,1,1957656152,0,217775206,1,MAP_NOISE_ONLY,NEW_DEVELOPMENT_GENERATED,false,open3d_point_to_plane,full-synthetic-development-v1/END_FACE_TRANSITION_ABSENT/g1/m0/r1/MAP_NOISE_ONLY/open3d_point_to_plane
full-synthetic-development-v1/END_FACE_TRANSITION_ABSENT/g1/m0/r1/MAP_NOISE_ONLY,END_FACE_TRANSITION_ABSENT,1,1957656152,0,217775206,1,MAP_NOISE_ONLY,NEW_DEVELOPMENT_GENERATED,false,pcl_iterative_closest_point_with_normals,full-synthetic-development-v1/END_FACE_TRANSITION_ABSENT/g1/m0/r1/MAP_NOISE_ONLY/pcl_iterative_closest_point_with_normals
full-synthetic-development-v1/END_FACE_TRANSITION_ABSENT/g1/m0/r1/DROPOUT_ONLY,END_FACE_TRANSITION_ABSENT,1,1957656152,0,217775206,1,DROPOUT_ONLY,NEW_DEVELOPMENT_GENERATED,false,open3d_point_to_plane,full-synthetic-development-v1/END_FACE_TRANSITION_ABSENT/g1/m0/r1/DROPOUT_ONLY/open3d_point_to_plane
full-synthetic-development-v1/END_FACE_TRANSITION_ABSENT/g1/m0/r1/DROPOUT_ONLY,END_FACE_TRANSITION_ABSENT,1,1957656152,0,217775206,1,DROPOUT_ONLY,NEW_DEVELOPMENT_GENERATED,false,pcl_iterative_closest_point_with_normals,full-synthetic-development-v1/END_FACE_TRANSITION_ABSENT/g1/m0/r1/DROPOUT_ONLY/pcl_iterative_closest_point_with_normals
full-synthetic-development-v1/END_FACE_TRANSITION_ABSENT/g1/m0/r1/FULL_NOISE,END_FACE_TRANSITION_ABSENT,1,1957656152,0,217775206,1,FULL_NOISE,NEW_DEVELOPMENT_GENERATED,false,open3d_point_to_plane,full-synthetic-development-v1/END_FACE_TRANSITION_ABSENT/g1/m0/r1/FULL_NOISE/open3d_point_to_plane
full-synthetic-development-v1/END_FACE_TRANSITION_ABSENT/g1/m0/r1/FULL_NOISE,END_FACE_TRANSITION_ABSENT,1,1957656152,0,217775206,1,FULL_NOISE,NEW_DEVELOPMENT_GENERATED,false,pcl_iterative_closest_point_with_normals,full-synthetic-development-v1/END_FACE_TRANSITION_ABSENT/g1/m0/r1/FULL_NOISE/pcl_iterative_closest_point_with_normals
full-synthetic-development-v1/END_FACE_TRANSITION_ABSENT/g1/m0/r2/INDEPENDENT_NOISE_FREE,END_FACE_TRANSITION_ABSENT,1,1957656152,0,217775206,2,INDEPENDENT_NOISE_FREE,NEW_DEVELOPMENT_GENERATED,false,open3d_point_to_plane,full-synthetic-development-v1/END_FACE_TRANSITION_ABSENT/g1/m0/r2/INDEPENDENT_NOISE_FREE/open3d_point_to_plane
full-synthetic-development-v1/END_FACE_TRANSITION_ABSENT/g1/m0/r2/INDEPENDENT_NOISE_FREE,END_FACE_TRANSITION_ABSENT,1,1957656152,0,217775206,2,INDEPENDENT_NOISE_FREE,NEW_DEVELOPMENT_GENERATED,false,pcl_iterative_closest_point_with_normals,full-synthetic-development-v1/END_FACE_TRANSITION_ABSENT/g1/m0/r2/INDEPENDENT_NOISE_FREE/pcl_iterative_closest_point_with_normals
full-synthetic-development-v1/END_FACE_TRANSITION_ABSENT/g1/m0/r2/SCAN_NOISE_ONLY,END_FACE_TRANSITION_ABSENT,1,1957656152,0,217775206,2,SCAN_NOISE_ONLY,NEW_DEVELOPMENT_GENERATED,false,open3d_point_to_plane,full-synthetic-development-v1/END_FACE_TRANSITION_ABSENT/g1/m0/r2/SCAN_NOISE_ONLY/open3d_point_to_plane
full-synthetic-development-v1/END_FACE_TRANSITION_ABSENT/g1/m0/r2/SCAN_NOISE_ONLY,END_FACE_TRANSITION_ABSENT,1,1957656152,0,217775206,2,SCAN_NOISE_ONLY,NEW_DEVELOPMENT_GENERATED,false,pcl_iterative_closest_point_with_normals,full-synthetic-development-v1/END_FACE_TRANSITION_ABSENT/g1/m0/r2/SCAN_NOISE_ONLY/pcl_iterative_closest_point_with_normals
full-synthetic-development-v1/END_FACE_TRANSITION_ABSENT/g1/m0/r2/MAP_NOISE_ONLY,END_FACE_TRANSITION_ABSENT,1,1957656152,0,217775206,2,MAP_NOISE_ONLY,NEW_DEVELOPMENT_GENERATED,false,open3d_point_to_plane,full-synthetic-development-v1/END_FACE_TRANSITION_ABSENT/g1/m0/r2/MAP_NOISE_ONLY/open3d_point_to_plane
full-synthetic-development-v1/END_FACE_TRANSITION_ABSENT/g1/m0/r2/MAP_NOISE_ONLY,END_FACE_TRANSITION_ABSENT,1,1957656152,0,217775206,2,MAP_NOISE_ONLY,NEW_DEVELOPMENT_GENERATED,false,pcl_iterative_closest_point_with_normals,full-synthetic-development-v1/END_FACE_TRANSITION_ABSENT/g1/m0/r2/MAP_NOISE_ONLY/pcl_iterative_closest_point_with_normals
full-synthetic-development-v1/END_FACE_TRANSITION_ABSENT/g1/m0/r2/DROPOUT_ONLY,END_FACE_TRANSITION_ABSENT,1,1957656152,0,217775206,2,DROPOUT_ONLY,NEW_DEVELOPMENT_GENERATED,false,open3d_point_to_plane,full-synthetic-development-v1/END_FACE_TRANSITION_ABSENT/g1/m0/r2/DROPOUT_ONLY/open3d_point_to_plane
full-synthetic-development-v1/END_FACE_TRANSITION_ABSENT/g1/m0/r2/DROPOUT_ONLY,END_FACE_TRANSITION_ABSENT,1,1957656152,0,217775206,2,DROPOUT_ONLY,NEW_DEVELOPMENT_GENERATED,false,pcl_iterative_closest_point_with_normals,full-synthetic-development-v1/END_FACE_TRANSITION_ABSENT/g1/m0/r2/DROPOUT_ONLY/pcl_iterative_closest_point_with_normals
full-synthetic-development-v1/END_FACE_TRANSITION_ABSENT/g1/m0/r2/FULL_NOISE,END_FACE_TRANSITION_ABSENT,1,1957656152,0,217775206,2,FULL_NOISE,NEW_DEVELOPMENT_GENERATED,false,open3d_point_to_plane,full-synthetic-development-v1/END_FACE_TRANSITION_ABSENT/g1/m0/r2/FULL_NOISE/open3d_point_to_plane
full-synthetic-development-v1/END_FACE_TRANSITION_ABSENT/g1/m0/r2/FULL_NOISE,END_FACE_TRANSITION_ABSENT,1,1957656152,0,217775206,2,FULL_NOISE,NEW_DEVELOPMENT_GENERATED,false,pcl_iterative_closest_point_with_normals,full-synthetic-development-v1/END_FACE_TRANSITION_ABSENT/g1/m0/r2/FULL_NOISE/pcl_iterative_closest_point_with_normals
full-synthetic-development-v1/END_FACE_TRANSITION_ABSENT/g1/m0/r3/INDEPENDENT_NOISE_FREE,END_FACE_TRANSITION_ABSENT,1,1957656152,0,217775206,3,INDEPENDENT_NOISE_FREE,NEW_DEVELOPMENT_GENERATED,false,open3d_point_to_plane,full-synthetic-development-v1/END_FACE_TRANSITION_ABSENT/g1/m0/r3/INDEPENDENT_NOISE_FREE/open3d_point_to_plane
full-synthetic-development-v1/END_FACE_TRANSITION_ABSENT/g1/m0/r3/INDEPENDENT_NOISE_FREE,END_FACE_TRANSITION_ABSENT,1,1957656152,0,217775206,3,INDEPENDENT_NOISE_FREE,NEW_DEVELOPMENT_GENERATED,false,pcl_iterative_closest_point_with_normals,full-synthetic-development-v1/END_FACE_TRANSITION_ABSENT/g1/m0/r3/INDEPENDENT_NOISE_FREE/pcl_iterative_closest_point_with_normals
full-synthetic-development-v1/END_FACE_TRANSITION_ABSENT/g1/m0/r3/SCAN_NOISE_ONLY,END_FACE_TRANSITION_ABSENT,1,1957656152,0,217775206,3,SCAN_NOISE_ONLY,NEW_DEVELOPMENT_GENERATED,false,open3d_point_to_plane,full-synthetic-development-v1/END_FACE_TRANSITION_ABSENT/g1/m0/r3/SCAN_NOISE_ONLY/open3d_point_to_plane
full-synthetic-development-v1/END_FACE_TRANSITION_ABSENT/g1/m0/r3/SCAN_NOISE_ONLY,END_FACE_TRANSITION_ABSENT,1,1957656152,0,217775206,3,SCAN_NOISE_ONLY,NEW_DEVELOPMENT_GENERATED,false,pcl_iterative_closest_point_with_normals,full-synthetic-development-v1/END_FACE_TRANSITION_ABSENT/g1/m0/r3/SCAN_NOISE_ONLY/pcl_iterative_closest_point_with_normals
full-synthetic-development-v1/END_FACE_TRANSITION_ABSENT/g1/m0/r3/MAP_NOISE_ONLY,END_FACE_TRANSITION_ABSENT,1,1957656152,0,217775206,3,MAP_NOISE_ONLY,NEW_DEVELOPMENT_GENERATED,false,open3d_point_to_plane,full-synthetic-development-v1/END_FACE_TRANSITION_ABSENT/g1/m0/r3/MAP_NOISE_ONLY/open3d_point_to_plane
full-synthetic-development-v1/END_FACE_TRANSITION_ABSENT/g1/m0/r3/MAP_NOISE_ONLY,END_FACE_TRANSITION_ABSENT,1,1957656152,0,217775206,3,MAP_NOISE_ONLY,NEW_DEVELOPMENT_GENERATED,false,pcl_iterative_closest_point_with_normals,full-synthetic-development-v1/END_FACE_TRANSITION_ABSENT/g1/m0/r3/MAP_NOISE_ONLY/pcl_iterative_closest_point_with_normals
full-synthetic-development-v1/END_FACE_TRANSITION_ABSENT/g1/m0/r3/DROPOUT_ONLY,END_FACE_TRANSITION_ABSENT,1,1957656152,0,217775206,3,DROPOUT_ONLY,NEW_DEVELOPMENT_GENERATED,false,open3d_point_to_plane,full-synthetic-development-v1/END_FACE_TRANSITION_ABSENT/g1/m0/r3/DROPOUT_ONLY/open3d_point_to_plane
full-synthetic-development-v1/END_FACE_TRANSITION_ABSENT/g1/m0/r3/DROPOUT_ONLY,END_FACE_TRANSITION_ABSENT,1,1957656152,0,217775206,3,DROPOUT_ONLY,NEW_DEVELOPMENT_GENERATED,false,pcl_iterative_closest_point_with_normals,full-synthetic-development-v1/END_FACE_TRANSITION_ABSENT/g1/m0/r3/DROPOUT_ONLY/pcl_iterative_closest_point_with_normals
full-synthetic-development-v1/END_FACE_TRANSITION_ABSENT/g1/m0/r3/FULL_NOISE,END_FACE_TRANSITION_ABSENT,1,1957656152,0,217775206,3,FULL_NOISE,NEW_DEVELOPMENT_GENERATED,false,open3d_point_to_plane,full-synthetic-development-v1/END_FACE_TRANSITION_ABSENT/g1/m0/r3/FULL_NOISE/open3d_point_to_plane
full-synthetic-development-v1/END_FACE_TRANSITION_ABSENT/g1/m0/r3/FULL_NOISE,END_FACE_TRANSITION_ABSENT,1,1957656152,0,217775206,3,FULL_NOISE,NEW_DEVELOPMENT_GENERATED,false,pcl_iterative_closest_point_with_normals,full-synthetic-development-v1/END_FACE_TRANSITION_ABSENT/g1/m0/r3/FULL_NOISE/pcl_iterative_closest_point_with_normals
full-synthetic-development-v1/END_FACE_TRANSITION_ABSENT/g1/m0/r4/INDEPENDENT_NOISE_FREE,END_FACE_TRANSITION_ABSENT,1,1957656152,0,217775206,4,INDEPENDENT_NOISE_FREE,NEW_DEVELOPMENT_GENERATED,false,open3d_point_to_plane,full-synthetic-development-v1/END_FACE_TRANSITION_ABSENT/g1/m0/r4/INDEPENDENT_NOISE_FREE/open3d_point_to_plane
full-synthetic-development-v1/END_FACE_TRANSITION_ABSENT/g1/m0/r4/INDEPENDENT_NOISE_FREE,END_FACE_TRANSITION_ABSENT,1,1957656152,0,217775206,4,INDEPENDENT_NOISE_FREE,NEW_DEVELOPMENT_GENERATED,false,pcl_iterative_closest_point_with_normals,full-synthetic-development-v1/END_FACE_TRANSITION_ABSENT/g1/m0/r4/INDEPENDENT_NOISE_FREE/pcl_iterative_closest_point_with_normals
full-synthetic-development-v1/END_FACE_TRANSITION_ABSENT/g1/m0/r4/SCAN_NOISE_ONLY,END_FACE_TRANSITION_ABSENT,1,1957656152,0,217775206,4,SCAN_NOISE_ONLY,NEW_DEVELOPMENT_GENERATED,false,open3d_point_to_plane,full-synthetic-development-v1/END_FACE_TRANSITION_ABSENT/g1/m0/r4/SCAN_NOISE_ONLY/open3d_point_to_plane
full-synthetic-development-v1/END_FACE_TRANSITION_ABSENT/g1/m0/r4/SCAN_NOISE_ONLY,END_FACE_TRANSITION_ABSENT,1,1957656152,0,217775206,4,SCAN_NOISE_ONLY,NEW_DEVELOPMENT_GENERATED,false,pcl_iterative_closest_point_with_normals,full-synthetic-development-v1/END_FACE_TRANSITION_ABSENT/g1/m0/r4/SCAN_NOISE_ONLY/pcl_iterative_closest_point_with_normals
full-synthetic-development-v1/END_FACE_TRANSITION_ABSENT/g1/m0/r4/MAP_NOISE_ONLY,END_FACE_TRANSITION_ABSENT,1,1957656152,0,217775206,4,MAP_NOISE_ONLY,NEW_DEVELOPMENT_GENERATED,false,open3d_point_to_plane,full-synthetic-development-v1/END_FACE_TRANSITION_ABSENT/g1/m0/r4/MAP_NOISE_ONLY/open3d_point_to_plane
full-synthetic-development-v1/END_FACE_TRANSITION_ABSENT/g1/m0/r4/MAP_NOISE_ONLY,END_FACE_TRANSITION_ABSENT,1,1957656152,0,217775206,4,MAP_NOISE_ONLY,NEW_DEVELOPMENT_GENERATED,false,pcl_iterative_closest_point_with_normals,full-synthetic-development-v1/END_FACE_TRANSITION_ABSENT/g1/m0/r4/MAP_NOISE_ONLY/pcl_iterative_closest_point_with_normals
full-synthetic-development-v1/END_FACE_TRANSITION_ABSENT/g1/m0/r4/DROPOUT_ONLY,END_FACE_TRANSITION_ABSENT,1,1957656152,0,217775206,4,DROPOUT_ONLY,NEW_DEVELOPMENT_GENERATED,false,open3d_point_to_plane,full-synthetic-development-v1/END_FACE_TRANSITION_ABSENT/g1/m0/r4/DROPOUT_ONLY/open3d_point_to_plane
full-synthetic-development-v1/END_FACE_TRANSITION_ABSENT/g1/m0/r4/DROPOUT_ONLY,END_FACE_TRANSITION_ABSENT,1,1957656152,0,217775206,4,DROPOUT_ONLY,NEW_DEVELOPMENT_GENERATED,false,pcl_iterative_closest_point_with_normals,full-synthetic-development-v1/END_FACE_TRANSITION_ABSENT/g1/m0/r4/DROPOUT_ONLY/pcl_iterative_closest_point_with_normals
full-synthetic-development-v1/END_FACE_TRANSITION_ABSENT/g1/m0/r4/FULL_NOISE,END_FACE_TRANSITION_ABSENT,1,1957656152,0,217775206,4,FULL_NOISE,NEW_DEVELOPMENT_GENERATED,false,open3d_point_to_plane,full-synthetic-development-v1/END_FACE_TRANSITION_ABSENT/g1/m0/r4/FULL_NOISE/open3d_point_to_plane
full-synthetic-development-v1/END_FACE_TRANSITION_ABSENT/g1/m0/r4/FULL_NOISE,END_FACE_TRANSITION_ABSENT,1,1957656152,0,217775206,4,FULL_NOISE,NEW_DEVELOPMENT_GENERATED,false,pcl_iterative_closest_point_with_normals,full-synthetic-development-v1/END_FACE_TRANSITION_ABSENT/g1/m0/r4/FULL_NOISE/pcl_iterative_closest_point_with_normals
full-synthetic-development-v1/END_FACE_TRANSITION_ABSENT/g1/m1/r0/INDEPENDENT_NOISE_FREE,END_FACE_TRANSITION_ABSENT,1,1957656152,1,1664898153,0,INDEPENDENT_NOISE_FREE,NEW_DEVELOPMENT_GENERATED,false,open3d_point_to_plane,full-synthetic-development-v1/END_FACE_TRANSITION_ABSENT/g1/m1/r0/INDEPENDENT_NOISE_FREE/open3d_point_to_plane
full-synthetic-development-v1/END_FACE_TRANSITION_ABSENT/g1/m1/r0/INDEPENDENT_NOISE_FREE,END_FACE_TRANSITION_ABSENT,1,1957656152,1,1664898153,0,INDEPENDENT_NOISE_FREE,NEW_DEVELOPMENT_GENERATED,false,pcl_iterative_closest_point_with_normals,full-synthetic-development-v1/END_FACE_TRANSITION_ABSENT/g1/m1/r0/INDEPENDENT_NOISE_FREE/pcl_iterative_closest_point_with_normals
full-synthetic-development-v1/END_FACE_TRANSITION_ABSENT/g1/m1/r0/SCAN_NOISE_ONLY,END_FACE_TRANSITION_ABSENT,1,1957656152,1,1664898153,0,SCAN_NOISE_ONLY,NEW_DEVELOPMENT_GENERATED,false,open3d_point_to_plane,full-synthetic-development-v1/END_FACE_TRANSITION_ABSENT/g1/m1/r0/SCAN_NOISE_ONLY/open3d_point_to_plane
full-synthetic-development-v1/END_FACE_TRANSITION_ABSENT/g1/m1/r0/SCAN_NOISE_ONLY,END_FACE_TRANSITION_ABSENT,1,1957656152,1,1664898153,0,SCAN_NOISE_ONLY,NEW_DEVELOPMENT_GENERATED,false,pcl_iterative_closest_point_with_normals,full-synthetic-development-v1/END_FACE_TRANSITION_ABSENT/g1/m1/r0/SCAN_NOISE_ONLY/pcl_iterative_closest_point_with_normals
full-synthetic-development-v1/END_FACE_TRANSITION_ABSENT/g1/m1/r0/MAP_NOISE_ONLY,END_FACE_TRANSITION_ABSENT,1,1957656152,1,1664898153,0,MAP_NOISE_ONLY,NEW_DEVELOPMENT_GENERATED,false,open3d_point_to_plane,full-synthetic-development-v1/END_FACE_TRANSITION_ABSENT/g1/m1/r0/MAP_NOISE_ONLY/open3d_point_to_plane
full-synthetic-development-v1/END_FACE_TRANSITION_ABSENT/g1/m1/r0/MAP_NOISE_ONLY,END_FACE_TRANSITION_ABSENT,1,1957656152,1,1664898153,0,MAP_NOISE_ONLY,NEW_DEVELOPMENT_GENERATED,false,pcl_iterative_closest_point_with_normals,full-synthetic-development-v1/END_FACE_TRANSITION_ABSENT/g1/m1/r0/MAP_NOISE_ONLY/pcl_iterative_closest_point_with_normals
full-synthetic-development-v1/END_FACE_TRANSITION_ABSENT/g1/m1/r0/DROPOUT_ONLY,END_FACE_TRANSITION_ABSENT,1,1957656152,1,1664898153,0,DROPOUT_ONLY,NEW_DEVELOPMENT_GENERATED,false,open3d_point_to_plane,full-synthetic-development-v1/END_FACE_TRANSITION_ABSENT/g1/m1/r0/DROPOUT_ONLY/open3d_point_to_plane
full-synthetic-development-v1/END_FACE_TRANSITION_ABSENT/g1/m1/r0/DROPOUT_ONLY,END_FACE_TRANSITION_ABSENT,1,1957656152,1,1664898153,0,DROPOUT_ONLY,NEW_DEVELOPMENT_GENERATED,false,pcl_iterative_closest_point_with_normals,full-synthetic-development-v1/END_FACE_TRANSITION_ABSENT/g1/m1/r0/DROPOUT_ONLY/pcl_iterative_closest_point_with_normals
full-synthetic-development-v1/END_FACE_TRANSITION_ABSENT/g1/m1/r0/FULL_NOISE,END_FACE_TRANSITION_ABSENT,1,1957656152,1,1664898153,0,FULL_NOISE,NEW_DEVELOPMENT_GENERATED,false,open3d_point_to_plane,full-synthetic-development-v1/END_FACE_TRANSITION_ABSENT/g1/m1/r0/FULL_NOISE/open3d_point_to_plane
full-synthetic-development-v1/END_FACE_TRANSITION_ABSENT/g1/m1/r0/FULL_NOISE,END_FACE_TRANSITION_ABSENT,1,1957656152,1,1664898153,0,FULL_NOISE,NEW_DEVELOPMENT_GENERATED,false,pcl_iterative_closest_point_with_normals,full-synthetic-development-v1/END_FACE_TRANSITION_ABSENT/g1/m1/r0/FULL_NOISE/pcl_iterative_closest_point_with_normals
full-synthetic-development-v1/END_FACE_TRANSITION_ABSENT/g1/m1/r1/INDEPENDENT_NOISE_FREE,END_FACE_TRANSITION_ABSENT,1,1957656152,1,1664898153,1,INDEPENDENT_NOISE_FREE,NEW_DEVELOPMENT_GENERATED,false,open3d_point_to_plane,full-synthetic-development-v1/END_FACE_TRANSITION_ABSENT/g1/m1/r1/INDEPENDENT_NOISE_FREE/open3d_point_to_plane
full-synthetic-development-v1/END_FACE_TRANSITION_ABSENT/g1/m1/r1/INDEPENDENT_NOISE_FREE,END_FACE_TRANSITION_ABSENT,1,1957656152,1,1664898153,1,INDEPENDENT_NOISE_FREE,NEW_DEVELOPMENT_GENERATED,false,pcl_iterative_closest_point_with_normals,full-synthetic-development-v1/END_FACE_TRANSITION_ABSENT/g1/m1/r1/INDEPENDENT_NOISE_FREE/pcl_iterative_closest_point_with_normals
full-synthetic-development-v1/END_FACE_TRANSITION_ABSENT/g1/m1/r1/SCAN_NOISE_ONLY,END_FACE_TRANSITION_ABSENT,1,1957656152,1,1664898153,1,SCAN_NOISE_ONLY,NEW_DEVELOPMENT_GENERATED,false,open3d_point_to_plane,full-synthetic-development-v1/END_FACE_TRANSITION_ABSENT/g1/m1/r1/SCAN_NOISE_ONLY/open3d_point_to_plane
full-synthetic-development-v1/END_FACE_TRANSITION_ABSENT/g1/m1/r1/SCAN_NOISE_ONLY,END_FACE_TRANSITION_ABSENT,1,1957656152,1,1664898153,1,SCAN_NOISE_ONLY,NEW_DEVELOPMENT_GENERATED,false,pcl_iterative_closest_point_with_normals,full-synthetic-development-v1/END_FACE_TRANSITION_ABSENT/g1/m1/r1/SCAN_NOISE_ONLY/pcl_iterative_closest_point_with_normals
full-synthetic-development-v1/END_FACE_TRANSITION_ABSENT/g1/m1/r1/MAP_NOISE_ONLY,END_FACE_TRANSITION_ABSENT,1,1957656152,1,1664898153,1,MAP_NOISE_ONLY,NEW_DEVELOPMENT_GENERATED,false,open3d_point_to_plane,full-synthetic-development-v1/END_FACE_TRANSITION_ABSENT/g1/m1/r1/MAP_NOISE_ONLY/open3d_point_to_plane
full-synthetic-development-v1/END_FACE_TRANSITION_ABSENT/g1/m1/r1/MAP_NOISE_ONLY,END_FACE_TRANSITION_ABSENT,1,1957656152,1,1664898153,1,MAP_NOISE_ONLY,NEW_DEVELOPMENT_GENERATED,false,pcl_iterative_closest_point_with_normals,full-synthetic-development-v1/END_FACE_TRANSITION_ABSENT/g1/m1/r1/MAP_NOISE_ONLY/pcl_iterative_closest_point_with_normals
full-synthetic-development-v1/END_FACE_TRANSITION_ABSENT/g1/m1/r1/DROPOUT_ONLY,END_FACE_TRANSITION_ABSENT,1,1957656152,1,1664898153,1,DROPOUT_ONLY,NEW_DEVELOPMENT_GENERATED,false,open3d_point_to_plane,full-synthetic-development-v1/END_FACE_TRANSITION_ABSENT/g1/m1/r1/DROPOUT_ONLY/open3d_point_to_plane
full-synthetic-development-v1/END_FACE_TRANSITION_ABSENT/g1/m1/r1/DROPOUT_ONLY,END_FACE_TRANSITION_ABSENT,1,1957656152,1,1664898153,1,DROPOUT_ONLY,NEW_DEVELOPMENT_GENERATED,false,pcl_iterative_closest_point_with_normals,full-synthetic-development-v1/END_FACE_TRANSITION_ABSENT/g1/m1/r1/DROPOUT_ONLY/pcl_iterative_closest_point_with_normals
full-synthetic-development-v1/END_FACE_TRANSITION_ABSENT/g1/m1/r1/FULL_NOISE,END_FACE_TRANSITION_ABSENT,1,1957656152,1,1664898153,1,FULL_NOISE,NEW_DEVELOPMENT_GENERATED,false,open3d_point_to_plane,full-synthetic-development-v1/END_FACE_TRANSITION_ABSENT/g1/m1/r1/FULL_NOISE/open3d_point_to_plane
full-synthetic-development-v1/END_FACE_TRANSITION_ABSENT/g1/m1/r1/FULL_NOISE,END_FACE_TRANSITION_ABSENT,1,1957656152,1,1664898153,1,FULL_NOISE,NEW_DEVELOPMENT_GENERATED,false,pcl_iterative_closest_point_with_normals,full-synthetic-development-v1/END_FACE_TRANSITION_ABSENT/g1/m1/r1/FULL_NOISE/pcl_iterative_closest_point_with_normals
full-synthetic-development-v1/END_FACE_TRANSITION_ABSENT/g1/m1/r2/INDEPENDENT_NOISE_FREE,END_FACE_TRANSITION_ABSENT,1,1957656152,1,1664898153,2,INDEPENDENT_NOISE_FREE,NEW_DEVELOPMENT_GENERATED,false,open3d_point_to_plane,full-synthetic-development-v1/END_FACE_TRANSITION_ABSENT/g1/m1/r2/INDEPENDENT_NOISE_FREE/open3d_point_to_plane
full-synthetic-development-v1/END_FACE_TRANSITION_ABSENT/g1/m1/r2/INDEPENDENT_NOISE_FREE,END_FACE_TRANSITION_ABSENT,1,1957656152,1,1664898153,2,INDEPENDENT_NOISE_FREE,NEW_DEVELOPMENT_GENERATED,false,pcl_iterative_closest_point_with_normals,full-synthetic-development-v1/END_FACE_TRANSITION_ABSENT/g1/m1/r2/INDEPENDENT_NOISE_FREE/pcl_iterative_closest_point_with_normals
full-synthetic-development-v1/END_FACE_TRANSITION_ABSENT/g1/m1/r2/SCAN_NOISE_ONLY,END_FACE_TRANSITION_ABSENT,1,1957656152,1,1664898153,2,SCAN_NOISE_ONLY,NEW_DEVELOPMENT_GENERATED,false,open3d_point_to_plane,full-synthetic-development-v1/END_FACE_TRANSITION_ABSENT/g1/m1/r2/SCAN_NOISE_ONLY/open3d_point_to_plane
full-synthetic-development-v1/END_FACE_TRANSITION_ABSENT/g1/m1/r2/SCAN_NOISE_ONLY,END_FACE_TRANSITION_ABSENT,1,1957656152,1,1664898153,2,SCAN_NOISE_ONLY,NEW_DEVELOPMENT_GENERATED,false,pcl_iterative_closest_point_with_normals,full-synthetic-development-v1/END_FACE_TRANSITION_ABSENT/g1/m1/r2/SCAN_NOISE_ONLY/pcl_iterative_closest_point_with_normals
full-synthetic-development-v1/END_FACE_TRANSITION_ABSENT/g1/m1/r2/MAP_NOISE_ONLY,END_FACE_TRANSITION_ABSENT,1,1957656152,1,1664898153,2,MAP_NOISE_ONLY,NEW_DEVELOPMENT_GENERATED,false,open3d_point_to_plane,full-synthetic-development-v1/END_FACE_TRANSITION_ABSENT/g1/m1/r2/MAP_NOISE_ONLY/open3d_point_to_plane
full-synthetic-development-v1/END_FACE_TRANSITION_ABSENT/g1/m1/r2/MAP_NOISE_ONLY,END_FACE_TRANSITION_ABSENT,1,1957656152,1,1664898153,2,MAP_NOISE_ONLY,NEW_DEVELOPMENT_GENERATED,false,pcl_iterative_closest_point_with_normals,full-synthetic-development-v1/END_FACE_TRANSITION_ABSENT/g1/m1/r2/MAP_NOISE_ONLY/pcl_iterative_closest_point_with_normals
full-synthetic-development-v1/END_FACE_TRANSITION_ABSENT/g1/m1/r2/DROPOUT_ONLY,END_FACE_TRANSITION_ABSENT,1,1957656152,1,1664898153,2,DROPOUT_ONLY,NEW_DEVELOPMENT_GENERATED,false,open3d_point_to_plane,full-synthetic-development-v1/END_FACE_TRANSITION_ABSENT/g1/m1/r2/DROPOUT_ONLY/open3d_point_to_plane
full-synthetic-development-v1/END_FACE_TRANSITION_ABSENT/g1/m1/r2/DROPOUT_ONLY,END_FACE_TRANSITION_ABSENT,1,1957656152,1,1664898153,2,DROPOUT_ONLY,NEW_DEVELOPMENT_GENERATED,false,pcl_iterative_closest_point_with_normals,full-synthetic-development-v1/END_FACE_TRANSITION_ABSENT/g1/m1/r2/DROPOUT_ONLY/pcl_iterative_closest_point_with_normals
full-synthetic-development-v1/END_FACE_TRANSITION_ABSENT/g1/m1/r2/FULL_NOISE,END_FACE_TRANSITION_ABSENT,1,1957656152,1,1664898153,2,FULL_NOISE,NEW_DEVELOPMENT_GENERATED,false,open3d_point_to_plane,full-synthetic-development-v1/END_FACE_TRANSITION_ABSENT/g1/m1/r2/FULL_NOISE/open3d_point_to_plane
full-synthetic-development-v1/END_FACE_TRANSITION_ABSENT/g1/m1/r2/FULL_NOISE,END_FACE_TRANSITION_ABSENT,1,1957656152,1,1664898153,2,FULL_NOISE,NEW_DEVELOPMENT_GENERATED,false,pcl_iterative_closest_point_with_normals,full-synthetic-development-v1/END_FACE_TRANSITION_ABSENT/g1/m1/r2/FULL_NOISE/pcl_iterative_closest_point_with_normals
full-synthetic-development-v1/END_FACE_TRANSITION_ABSENT/g1/m1/r3/INDEPENDENT_NOISE_FREE,END_FACE_TRANSITION_ABSENT,1,1957656152,1,1664898153,3,INDEPENDENT_NOISE_FREE,NEW_DEVELOPMENT_GENERATED,false,open3d_point_to_plane,full-synthetic-development-v1/END_FACE_TRANSITION_ABSENT/g1/m1/r3/INDEPENDENT_NOISE_FREE/open3d_point_to_plane
full-synthetic-development-v1/END_FACE_TRANSITION_ABSENT/g1/m1/r3/INDEPENDENT_NOISE_FREE,END_FACE_TRANSITION_ABSENT,1,1957656152,1,1664898153,3,INDEPENDENT_NOISE_FREE,NEW_DEVELOPMENT_GENERATED,false,pcl_iterative_closest_point_with_normals,full-synthetic-development-v1/END_FACE_TRANSITION_ABSENT/g1/m1/r3/INDEPENDENT_NOISE_FREE/pcl_iterative_closest_point_with_normals
full-synthetic-development-v1/END_FACE_TRANSITION_ABSENT/g1/m1/r3/SCAN_NOISE_ONLY,END_FACE_TRANSITION_ABSENT,1,1957656152,1,1664898153,3,SCAN_NOISE_ONLY,NEW_DEVELOPMENT_GENERATED,false,open3d_point_to_plane,full-synthetic-development-v1/END_FACE_TRANSITION_ABSENT/g1/m1/r3/SCAN_NOISE_ONLY/open3d_point_to_plane
full-synthetic-development-v1/END_FACE_TRANSITION_ABSENT/g1/m1/r3/SCAN_NOISE_ONLY,END_FACE_TRANSITION_ABSENT,1,1957656152,1,1664898153,3,SCAN_NOISE_ONLY,NEW_DEVELOPMENT_GENERATED,false,pcl_iterative_closest_point_with_normals,full-synthetic-development-v1/END_FACE_TRANSITION_ABSENT/g1/m1/r3/SCAN_NOISE_ONLY/pcl_iterative_closest_point_with_normals
full-synthetic-development-v1/END_FACE_TRANSITION_ABSENT/g1/m1/r3/MAP_NOISE_ONLY,END_FACE_TRANSITION_ABSENT,1,1957656152,1,1664898153,3,MAP_NOISE_ONLY,NEW_DEVELOPMENT_GENERATED,false,open3d_point_to_plane,full-synthetic-development-v1/END_FACE_TRANSITION_ABSENT/g1/m1/r3/MAP_NOISE_ONLY/open3d_point_to_plane
full-synthetic-development-v1/END_FACE_TRANSITION_ABSENT/g1/m1/r3/MAP_NOISE_ONLY,END_FACE_TRANSITION_ABSENT,1,1957656152,1,1664898153,3,MAP_NOISE_ONLY,NEW_DEVELOPMENT_GENERATED,false,pcl_iterative_closest_point_with_normals,full-synthetic-development-v1/END_FACE_TRANSITION_ABSENT/g1/m1/r3/MAP_NOISE_ONLY/pcl_iterative_closest_point_with_normals
full-synthetic-development-v1/END_FACE_TRANSITION_ABSENT/g1/m1/r3/DROPOUT_ONLY,END_FACE_TRANSITION_ABSENT,1,1957656152,1,1664898153,3,DROPOUT_ONLY,NEW_DEVELOPMENT_GENERATED,false,open3d_point_to_plane,full-synthetic-development-v1/END_FACE_TRANSITION_ABSENT/g1/m1/r3/DROPOUT_ONLY/open3d_point_to_plane
full-synthetic-development-v1/END_FACE_TRANSITION_ABSENT/g1/m1/r3/DROPOUT_ONLY,END_FACE_TRANSITION_ABSENT,1,1957656152,1,1664898153,3,DROPOUT_ONLY,NEW_DEVELOPMENT_GENERATED,false,pcl_iterative_closest_point_with_normals,full-synthetic-development-v1/END_FACE_TRANSITION_ABSENT/g1/m1/r3/DROPOUT_ONLY/pcl_iterative_closest_point_with_normals
full-synthetic-development-v1/END_FACE_TRANSITION_ABSENT/g1/m1/r3/FULL_NOISE,END_FACE_TRANSITION_ABSENT,1,1957656152,1,1664898153,3,FULL_NOISE,NEW_DEVELOPMENT_GENERATED,false,open3d_point_to_plane,full-synthetic-development-v1/END_FACE_TRANSITION_ABSENT/g1/m1/r3/FULL_NOISE/open3d_point_to_plane
full-synthetic-development-v1/END_FACE_TRANSITION_ABSENT/g1/m1/r3/FULL_NOISE,END_FACE_TRANSITION_ABSENT,1,1957656152,1,1664898153,3,FULL_NOISE,NEW_DEVELOPMENT_GENERATED,false,pcl_iterative_closest_point_with_normals,full-synthetic-development-v1/END_FACE_TRANSITION_ABSENT/g1/m1/r3/FULL_NOISE/pcl_iterative_closest_point_with_normals
full-synthetic-development-v1/END_FACE_TRANSITION_ABSENT/g1/m1/r4/INDEPENDENT_NOISE_FREE,END_FACE_TRANSITION_ABSENT,1,1957656152,1,1664898153,4,INDEPENDENT_NOISE_FREE,NEW_DEVELOPMENT_GENERATED,false,open3d_point_to_plane,full-synthetic-development-v1/END_FACE_TRANSITION_ABSENT/g1/m1/r4/INDEPENDENT_NOISE_FREE/open3d_point_to_plane
full-synthetic-development-v1/END_FACE_TRANSITION_ABSENT/g1/m1/r4/INDEPENDENT_NOISE_FREE,END_FACE_TRANSITION_ABSENT,1,1957656152,1,1664898153,4,INDEPENDENT_NOISE_FREE,NEW_DEVELOPMENT_GENERATED,false,pcl_iterative_closest_point_with_normals,full-synthetic-development-v1/END_FACE_TRANSITION_ABSENT/g1/m1/r4/INDEPENDENT_NOISE_FREE/pcl_iterative_closest_point_with_normals
full-synthetic-development-v1/END_FACE_TRANSITION_ABSENT/g1/m1/r4/SCAN_NOISE_ONLY,END_FACE_TRANSITION_ABSENT,1,1957656152,1,1664898153,4,SCAN_NOISE_ONLY,NEW_DEVELOPMENT_GENERATED,false,open3d_point_to_plane,full-synthetic-development-v1/END_FACE_TRANSITION_ABSENT/g1/m1/r4/SCAN_NOISE_ONLY/open3d_point_to_plane
full-synthetic-development-v1/END_FACE_TRANSITION_ABSENT/g1/m1/r4/SCAN_NOISE_ONLY,END_FACE_TRANSITION_ABSENT,1,1957656152,1,1664898153,4,SCAN_NOISE_ONLY,NEW_DEVELOPMENT_GENERATED,false,pcl_iterative_closest_point_with_normals,full-synthetic-development-v1/END_FACE_TRANSITION_ABSENT/g1/m1/r4/SCAN_NOISE_ONLY/pcl_iterative_closest_point_with_normals
full-synthetic-development-v1/END_FACE_TRANSITION_ABSENT/g1/m1/r4/MAP_NOISE_ONLY,END_FACE_TRANSITION_ABSENT,1,1957656152,1,1664898153,4,MAP_NOISE_ONLY,NEW_DEVELOPMENT_GENERATED,false,open3d_point_to_plane,full-synthetic-development-v1/END_FACE_TRANSITION_ABSENT/g1/m1/r4/MAP_NOISE_ONLY/open3d_point_to_plane
full-synthetic-development-v1/END_FACE_TRANSITION_ABSENT/g1/m1/r4/MAP_NOISE_ONLY,END_FACE_TRANSITION_ABSENT,1,1957656152,1,1664898153,4,MAP_NOISE_ONLY,NEW_DEVELOPMENT_GENERATED,false,pcl_iterative_closest_point_with_normals,full-synthetic-development-v1/END_FACE_TRANSITION_ABSENT/g1/m1/r4/MAP_NOISE_ONLY/pcl_iterative_closest_point_with_normals
full-synthetic-development-v1/END_FACE_TRANSITION_ABSENT/g1/m1/r4/DROPOUT_ONLY,END_FACE_TRANSITION_ABSENT,1,1957656152,1,1664898153,4,DROPOUT_ONLY,NEW_DEVELOPMENT_GENERATED,false,open3d_point_to_plane,full-synthetic-development-v1/END_FACE_TRANSITION_ABSENT/g1/m1/r4/DROPOUT_ONLY/open3d_point_to_plane
full-synthetic-development-v1/END_FACE_TRANSITION_ABSENT/g1/m1/r4/DROPOUT_ONLY,END_FACE_TRANSITION_ABSENT,1,1957656152,1,1664898153,4,DROPOUT_ONLY,NEW_DEVELOPMENT_GENERATED,false,pcl_iterative_closest_point_with_normals,full-synthetic-development-v1/END_FACE_TRANSITION_ABSENT/g1/m1/r4/DROPOUT_ONLY/pcl_iterative_closest_point_with_normals
full-synthetic-development-v1/END_FACE_TRANSITION_ABSENT/g1/m1/r4/FULL_NOISE,END_FACE_TRANSITION_ABSENT,1,1957656152,1,1664898153,4,FULL_NOISE,NEW_DEVELOPMENT_GENERATED,false,open3d_point_to_plane,full-synthetic-development-v1/END_FACE_TRANSITION_ABSENT/g1/m1/r4/FULL_NOISE/open3d_point_to_plane
full-synthetic-development-v1/END_FACE_TRANSITION_ABSENT/g1/m1/r4/FULL_NOISE,END_FACE_TRANSITION_ABSENT,1,1957656152,1,1664898153,4,FULL_NOISE,NEW_DEVELOPMENT_GENERATED,false,pcl_iterative_closest_point_with_normals,full-synthetic-development-v1/END_FACE_TRANSITION_ABSENT/g1/m1/r4/FULL_NOISE/pcl_iterative_closest_point_with_normals
phase-b-signal-v1/END_FACE_TRANSITION_ABSENT/g2/INDEPENDENT_NOISE_FREE,END_FACE_TRANSITION_ABSENT,2,1334931069,0,217775206,0,INDEPENDENT_NOISE_FREE,NEW_DEVELOPMENT_GENERATED,true,open3d_point_to_plane,phase-b-signal-v1/END_FACE_TRANSITION_ABSENT/g2/INDEPENDENT_NOISE_FREE/open3d_point_to_plane
phase-b-signal-v1/END_FACE_TRANSITION_ABSENT/g2/INDEPENDENT_NOISE_FREE,END_FACE_TRANSITION_ABSENT,2,1334931069,0,217775206,0,INDEPENDENT_NOISE_FREE,NEW_DEVELOPMENT_GENERATED,true,pcl_iterative_closest_point_with_normals,phase-b-signal-v1/END_FACE_TRANSITION_ABSENT/g2/INDEPENDENT_NOISE_FREE/pcl_iterative_closest_point_with_normals
full-synthetic-development-v1/END_FACE_TRANSITION_ABSENT/g2/m0/r0/SCAN_NOISE_ONLY,END_FACE_TRANSITION_ABSENT,2,1334931069,0,217775206,0,SCAN_NOISE_ONLY,NEW_DEVELOPMENT_GENERATED,false,open3d_point_to_plane,full-synthetic-development-v1/END_FACE_TRANSITION_ABSENT/g2/m0/r0/SCAN_NOISE_ONLY/open3d_point_to_plane
full-synthetic-development-v1/END_FACE_TRANSITION_ABSENT/g2/m0/r0/SCAN_NOISE_ONLY,END_FACE_TRANSITION_ABSENT,2,1334931069,0,217775206,0,SCAN_NOISE_ONLY,NEW_DEVELOPMENT_GENERATED,false,pcl_iterative_closest_point_with_normals,full-synthetic-development-v1/END_FACE_TRANSITION_ABSENT/g2/m0/r0/SCAN_NOISE_ONLY/pcl_iterative_closest_point_with_normals
full-synthetic-development-v1/END_FACE_TRANSITION_ABSENT/g2/m0/r0/MAP_NOISE_ONLY,END_FACE_TRANSITION_ABSENT,2,1334931069,0,217775206,0,MAP_NOISE_ONLY,NEW_DEVELOPMENT_GENERATED,false,open3d_point_to_plane,full-synthetic-development-v1/END_FACE_TRANSITION_ABSENT/g2/m0/r0/MAP_NOISE_ONLY/open3d_point_to_plane
full-synthetic-development-v1/END_FACE_TRANSITION_ABSENT/g2/m0/r0/MAP_NOISE_ONLY,END_FACE_TRANSITION_ABSENT,2,1334931069,0,217775206,0,MAP_NOISE_ONLY,NEW_DEVELOPMENT_GENERATED,false,pcl_iterative_closest_point_with_normals,full-synthetic-development-v1/END_FACE_TRANSITION_ABSENT/g2/m0/r0/MAP_NOISE_ONLY/pcl_iterative_closest_point_with_normals
full-synthetic-development-v1/END_FACE_TRANSITION_ABSENT/g2/m0/r0/DROPOUT_ONLY,END_FACE_TRANSITION_ABSENT,2,1334931069,0,217775206,0,DROPOUT_ONLY,NEW_DEVELOPMENT_GENERATED,false,open3d_point_to_plane,full-synthetic-development-v1/END_FACE_TRANSITION_ABSENT/g2/m0/r0/DROPOUT_ONLY/open3d_point_to_plane
full-synthetic-development-v1/END_FACE_TRANSITION_ABSENT/g2/m0/r0/DROPOUT_ONLY,END_FACE_TRANSITION_ABSENT,2,1334931069,0,217775206,0,DROPOUT_ONLY,NEW_DEVELOPMENT_GENERATED,false,pcl_iterative_closest_point_with_normals,full-synthetic-development-v1/END_FACE_TRANSITION_ABSENT/g2/m0/r0/DROPOUT_ONLY/pcl_iterative_closest_point_with_normals
phase-b-signal-v1/END_FACE_TRANSITION_ABSENT/g2/FULL_NOISE,END_FACE_TRANSITION_ABSENT,2,1334931069,0,217775206,0,FULL_NOISE,NEW_DEVELOPMENT_GENERATED,true,open3d_point_to_plane,phase-b-signal-v1/END_FACE_TRANSITION_ABSENT/g2/FULL_NOISE/open3d_point_to_plane
phase-b-signal-v1/END_FACE_TRANSITION_ABSENT/g2/FULL_NOISE,END_FACE_TRANSITION_ABSENT,2,1334931069,0,217775206,0,FULL_NOISE,NEW_DEVELOPMENT_GENERATED,true,pcl_iterative_closest_point_with_normals,phase-b-signal-v1/END_FACE_TRANSITION_ABSENT/g2/FULL_NOISE/pcl_iterative_closest_point_with_normals
full-synthetic-development-v1/END_FACE_TRANSITION_ABSENT/g2/m0/r1/INDEPENDENT_NOISE_FREE,END_FACE_TRANSITION_ABSENT,2,1334931069,0,217775206,1,INDEPENDENT_NOISE_FREE,NEW_DEVELOPMENT_GENERATED,false,open3d_point_to_plane,full-synthetic-development-v1/END_FACE_TRANSITION_ABSENT/g2/m0/r1/INDEPENDENT_NOISE_FREE/open3d_point_to_plane
full-synthetic-development-v1/END_FACE_TRANSITION_ABSENT/g2/m0/r1/INDEPENDENT_NOISE_FREE,END_FACE_TRANSITION_ABSENT,2,1334931069,0,217775206,1,INDEPENDENT_NOISE_FREE,NEW_DEVELOPMENT_GENERATED,false,pcl_iterative_closest_point_with_normals,full-synthetic-development-v1/END_FACE_TRANSITION_ABSENT/g2/m0/r1/INDEPENDENT_NOISE_FREE/pcl_iterative_closest_point_with_normals
full-synthetic-development-v1/END_FACE_TRANSITION_ABSENT/g2/m0/r1/SCAN_NOISE_ONLY,END_FACE_TRANSITION_ABSENT,2,1334931069,0,217775206,1,SCAN_NOISE_ONLY,NEW_DEVELOPMENT_GENERATED,false,open3d_point_to_plane,full-synthetic-development-v1/END_FACE_TRANSITION_ABSENT/g2/m0/r1/SCAN_NOISE_ONLY/open3d_point_to_plane
full-synthetic-development-v1/END_FACE_TRANSITION_ABSENT/g2/m0/r1/SCAN_NOISE_ONLY,END_FACE_TRANSITION_ABSENT,2,1334931069,0,217775206,1,SCAN_NOISE_ONLY,NEW_DEVELOPMENT_GENERATED,false,pcl_iterative_closest_point_with_normals,full-synthetic-development-v1/END_FACE_TRANSITION_ABSENT/g2/m0/r1/SCAN_NOISE_ONLY/pcl_iterative_closest_point_with_normals
full-synthetic-development-v1/END_FACE_TRANSITION_ABSENT/g2/m0/r1/MAP_NOISE_ONLY,END_FACE_TRANSITION_ABSENT,2,1334931069,0,217775206,1,MAP_NOISE_ONLY,NEW_DEVELOPMENT_GENERATED,false,open3d_point_to_plane,full-synthetic-development-v1/END_FACE_TRANSITION_ABSENT/g2/m0/r1/MAP_NOISE_ONLY/open3d_point_to_plane
full-synthetic-development-v1/END_FACE_TRANSITION_ABSENT/g2/m0/r1/MAP_NOISE_ONLY,END_FACE_TRANSITION_ABSENT,2,1334931069,0,217775206,1,MAP_NOISE_ONLY,NEW_DEVELOPMENT_GENERATED,false,pcl_iterative_closest_point_with_normals,full-synthetic-development-v1/END_FACE_TRANSITION_ABSENT/g2/m0/r1/MAP_NOISE_ONLY/pcl_iterative_closest_point_with_normals
full-synthetic-development-v1/END_FACE_TRANSITION_ABSENT/g2/m0/r1/DROPOUT_ONLY,END_FACE_TRANSITION_ABSENT,2,1334931069,0,217775206,1,DROPOUT_ONLY,NEW_DEVELOPMENT_GENERATED,false,open3d_point_to_plane,full-synthetic-development-v1/END_FACE_TRANSITION_ABSENT/g2/m0/r1/DROPOUT_ONLY/open3d_point_to_plane
full-synthetic-development-v1/END_FACE_TRANSITION_ABSENT/g2/m0/r1/DROPOUT_ONLY,END_FACE_TRANSITION_ABSENT,2,1334931069,0,217775206,1,DROPOUT_ONLY,NEW_DEVELOPMENT_GENERATED,false,pcl_iterative_closest_point_with_normals,full-synthetic-development-v1/END_FACE_TRANSITION_ABSENT/g2/m0/r1/DROPOUT_ONLY/pcl_iterative_closest_point_with_normals
full-synthetic-development-v1/END_FACE_TRANSITION_ABSENT/g2/m0/r1/FULL_NOISE,END_FACE_TRANSITION_ABSENT,2,1334931069,0,217775206,1,FULL_NOISE,NEW_DEVELOPMENT_GENERATED,false,open3d_point_to_plane,full-synthetic-development-v1/END_FACE_TRANSITION_ABSENT/g2/m0/r1/FULL_NOISE/open3d_point_to_plane
full-synthetic-development-v1/END_FACE_TRANSITION_ABSENT/g2/m0/r1/FULL_NOISE,END_FACE_TRANSITION_ABSENT,2,1334931069,0,217775206,1,FULL_NOISE,NEW_DEVELOPMENT_GENERATED,false,pcl_iterative_closest_point_with_normals,full-synthetic-development-v1/END_FACE_TRANSITION_ABSENT/g2/m0/r1/FULL_NOISE/pcl_iterative_closest_point_with_normals
full-synthetic-development-v1/END_FACE_TRANSITION_ABSENT/g2/m0/r2/INDEPENDENT_NOISE_FREE,END_FACE_TRANSITION_ABSENT,2,1334931069,0,217775206,2,INDEPENDENT_NOISE_FREE,NEW_DEVELOPMENT_GENERATED,false,open3d_point_to_plane,full-synthetic-development-v1/END_FACE_TRANSITION_ABSENT/g2/m0/r2/INDEPENDENT_NOISE_FREE/open3d_point_to_plane
full-synthetic-development-v1/END_FACE_TRANSITION_ABSENT/g2/m0/r2/INDEPENDENT_NOISE_FREE,END_FACE_TRANSITION_ABSENT,2,1334931069,0,217775206,2,INDEPENDENT_NOISE_FREE,NEW_DEVELOPMENT_GENERATED,false,pcl_iterative_closest_point_with_normals,full-synthetic-development-v1/END_FACE_TRANSITION_ABSENT/g2/m0/r2/INDEPENDENT_NOISE_FREE/pcl_iterative_closest_point_with_normals
full-synthetic-development-v1/END_FACE_TRANSITION_ABSENT/g2/m0/r2/SCAN_NOISE_ONLY,END_FACE_TRANSITION_ABSENT,2,1334931069,0,217775206,2,SCAN_NOISE_ONLY,NEW_DEVELOPMENT_GENERATED,false,open3d_point_to_plane,full-synthetic-development-v1/END_FACE_TRANSITION_ABSENT/g2/m0/r2/SCAN_NOISE_ONLY/open3d_point_to_plane
full-synthetic-development-v1/END_FACE_TRANSITION_ABSENT/g2/m0/r2/SCAN_NOISE_ONLY,END_FACE_TRANSITION_ABSENT,2,1334931069,0,217775206,2,SCAN_NOISE_ONLY,NEW_DEVELOPMENT_GENERATED,false,pcl_iterative_closest_point_with_normals,full-synthetic-development-v1/END_FACE_TRANSITION_ABSENT/g2/m0/r2/SCAN_NOISE_ONLY/pcl_iterative_closest_point_with_normals
full-synthetic-development-v1/END_FACE_TRANSITION_ABSENT/g2/m0/r2/MAP_NOISE_ONLY,END_FACE_TRANSITION_ABSENT,2,1334931069,0,217775206,2,MAP_NOISE_ONLY,NEW_DEVELOPMENT_GENERATED,false,open3d_point_to_plane,full-synthetic-development-v1/END_FACE_TRANSITION_ABSENT/g2/m0/r2/MAP_NOISE_ONLY/open3d_point_to_plane
full-synthetic-development-v1/END_FACE_TRANSITION_ABSENT/g2/m0/r2/MAP_NOISE_ONLY,END_FACE_TRANSITION_ABSENT,2,1334931069,0,217775206,2,MAP_NOISE_ONLY,NEW_DEVELOPMENT_GENERATED,false,pcl_iterative_closest_point_with_normals,full-synthetic-development-v1/END_FACE_TRANSITION_ABSENT/g2/m0/r2/MAP_NOISE_ONLY/pcl_iterative_closest_point_with_normals
full-synthetic-development-v1/END_FACE_TRANSITION_ABSENT/g2/m0/r2/DROPOUT_ONLY,END_FACE_TRANSITION_ABSENT,2,1334931069,0,217775206,2,DROPOUT_ONLY,NEW_DEVELOPMENT_GENERATED,false,open3d_point_to_plane,full-synthetic-development-v1/END_FACE_TRANSITION_ABSENT/g2/m0/r2/DROPOUT_ONLY/open3d_point_to_plane
full-synthetic-development-v1/END_FACE_TRANSITION_ABSENT/g2/m0/r2/DROPOUT_ONLY,END_FACE_TRANSITION_ABSENT,2,1334931069,0,217775206,2,DROPOUT_ONLY,NEW_DEVELOPMENT_GENERATED,false,pcl_iterative_closest_point_with_normals,full-synthetic-development-v1/END_FACE_TRANSITION_ABSENT/g2/m0/r2/DROPOUT_ONLY/pcl_iterative_closest_point_with_normals
full-synthetic-development-v1/END_FACE_TRANSITION_ABSENT/g2/m0/r2/FULL_NOISE,END_FACE_TRANSITION_ABSENT,2,1334931069,0,217775206,2,FULL_NOISE,NEW_DEVELOPMENT_GENERATED,false,open3d_point_to_plane,full-synthetic-development-v1/END_FACE_TRANSITION_ABSENT/g2/m0/r2/FULL_NOISE/open3d_point_to_plane
full-synthetic-development-v1/END_FACE_TRANSITION_ABSENT/g2/m0/r2/FULL_NOISE,END_FACE_TRANSITION_ABSENT,2,1334931069,0,217775206,2,FULL_NOISE,NEW_DEVELOPMENT_GENERATED,false,pcl_iterative_closest_point_with_normals,full-synthetic-development-v1/END_FACE_TRANSITION_ABSENT/g2/m0/r2/FULL_NOISE/pcl_iterative_closest_point_with_normals
full-synthetic-development-v1/END_FACE_TRANSITION_ABSENT/g2/m0/r3/INDEPENDENT_NOISE_FREE,END_FACE_TRANSITION_ABSENT,2,1334931069,0,217775206,3,INDEPENDENT_NOISE_FREE,NEW_DEVELOPMENT_GENERATED,false,open3d_point_to_plane,full-synthetic-development-v1/END_FACE_TRANSITION_ABSENT/g2/m0/r3/INDEPENDENT_NOISE_FREE/open3d_point_to_plane
full-synthetic-development-v1/END_FACE_TRANSITION_ABSENT/g2/m0/r3/INDEPENDENT_NOISE_FREE,END_FACE_TRANSITION_ABSENT,2,1334931069,0,217775206,3,INDEPENDENT_NOISE_FREE,NEW_DEVELOPMENT_GENERATED,false,pcl_iterative_closest_point_with_normals,full-synthetic-development-v1/END_FACE_TRANSITION_ABSENT/g2/m0/r3/INDEPENDENT_NOISE_FREE/pcl_iterative_closest_point_with_normals
full-synthetic-development-v1/END_FACE_TRANSITION_ABSENT/g2/m0/r3/SCAN_NOISE_ONLY,END_FACE_TRANSITION_ABSENT,2,1334931069,0,217775206,3,SCAN_NOISE_ONLY,NEW_DEVELOPMENT_GENERATED,false,open3d_point_to_plane,full-synthetic-development-v1/END_FACE_TRANSITION_ABSENT/g2/m0/r3/SCAN_NOISE_ONLY/open3d_point_to_plane
full-synthetic-development-v1/END_FACE_TRANSITION_ABSENT/g2/m0/r3/SCAN_NOISE_ONLY,END_FACE_TRANSITION_ABSENT,2,1334931069,0,217775206,3,SCAN_NOISE_ONLY,NEW_DEVELOPMENT_GENERATED,false,pcl_iterative_closest_point_with_normals,full-synthetic-development-v1/END_FACE_TRANSITION_ABSENT/g2/m0/r3/SCAN_NOISE_ONLY/pcl_iterative_closest_point_with_normals
full-synthetic-development-v1/END_FACE_TRANSITION_ABSENT/g2/m0/r3/MAP_NOISE_ONLY,END_FACE_TRANSITION_ABSENT,2,1334931069,0,217775206,3,MAP_NOISE_ONLY,NEW_DEVELOPMENT_GENERATED,false,open3d_point_to_plane,full-synthetic-development-v1/END_FACE_TRANSITION_ABSENT/g2/m0/r3/MAP_NOISE_ONLY/open3d_point_to_plane
full-synthetic-development-v1/END_FACE_TRANSITION_ABSENT/g2/m0/r3/MAP_NOISE_ONLY,END_FACE_TRANSITION_ABSENT,2,1334931069,0,217775206,3,MAP_NOISE_ONLY,NEW_DEVELOPMENT_GENERATED,false,pcl_iterative_closest_point_with_normals,full-synthetic-development-v1/END_FACE_TRANSITION_ABSENT/g2/m0/r3/MAP_NOISE_ONLY/pcl_iterative_closest_point_with_normals
full-synthetic-development-v1/END_FACE_TRANSITION_ABSENT/g2/m0/r3/DROPOUT_ONLY,END_FACE_TRANSITION_ABSENT,2,1334931069,0,217775206,3,DROPOUT_ONLY,NEW_DEVELOPMENT_GENERATED,false,open3d_point_to_plane,full-synthetic-development-v1/END_FACE_TRANSITION_ABSENT/g2/m0/r3/DROPOUT_ONLY/open3d_point_to_plane
full-synthetic-development-v1/END_FACE_TRANSITION_ABSENT/g2/m0/r3/DROPOUT_ONLY,END_FACE_TRANSITION_ABSENT,2,1334931069,0,217775206,3,DROPOUT_ONLY,NEW_DEVELOPMENT_GENERATED,false,pcl_iterative_closest_point_with_normals,full-synthetic-development-v1/END_FACE_TRANSITION_ABSENT/g2/m0/r3/DROPOUT_ONLY/pcl_iterative_closest_point_with_normals
full-synthetic-development-v1/END_FACE_TRANSITION_ABSENT/g2/m0/r3/FULL_NOISE,END_FACE_TRANSITION_ABSENT,2,1334931069,0,217775206,3,FULL_NOISE,NEW_DEVELOPMENT_GENERATED,false,open3d_point_to_plane,full-synthetic-development-v1/END_FACE_TRANSITION_ABSENT/g2/m0/r3/FULL_NOISE/open3d_point_to_plane
full-synthetic-development-v1/END_FACE_TRANSITION_ABSENT/g2/m0/r3/FULL_NOISE,END_FACE_TRANSITION_ABSENT,2,1334931069,0,217775206,3,FULL_NOISE,NEW_DEVELOPMENT_GENERATED,false,pcl_iterative_closest_point_with_normals,full-synthetic-development-v1/END_FACE_TRANSITION_ABSENT/g2/m0/r3/FULL_NOISE/pcl_iterative_closest_point_with_normals
full-synthetic-development-v1/END_FACE_TRANSITION_ABSENT/g2/m0/r4/INDEPENDENT_NOISE_FREE,END_FACE_TRANSITION_ABSENT,2,1334931069,0,217775206,4,INDEPENDENT_NOISE_FREE,NEW_DEVELOPMENT_GENERATED,false,open3d_point_to_plane,full-synthetic-development-v1/END_FACE_TRANSITION_ABSENT/g2/m0/r4/INDEPENDENT_NOISE_FREE/open3d_point_to_plane
full-synthetic-development-v1/END_FACE_TRANSITION_ABSENT/g2/m0/r4/INDEPENDENT_NOISE_FREE,END_FACE_TRANSITION_ABSENT,2,1334931069,0,217775206,4,INDEPENDENT_NOISE_FREE,NEW_DEVELOPMENT_GENERATED,false,pcl_iterative_closest_point_with_normals,full-synthetic-development-v1/END_FACE_TRANSITION_ABSENT/g2/m0/r4/INDEPENDENT_NOISE_FREE/pcl_iterative_closest_point_with_normals
full-synthetic-development-v1/END_FACE_TRANSITION_ABSENT/g2/m0/r4/SCAN_NOISE_ONLY,END_FACE_TRANSITION_ABSENT,2,1334931069,0,217775206,4,SCAN_NOISE_ONLY,NEW_DEVELOPMENT_GENERATED,false,open3d_point_to_plane,full-synthetic-development-v1/END_FACE_TRANSITION_ABSENT/g2/m0/r4/SCAN_NOISE_ONLY/open3d_point_to_plane
full-synthetic-development-v1/END_FACE_TRANSITION_ABSENT/g2/m0/r4/SCAN_NOISE_ONLY,END_FACE_TRANSITION_ABSENT,2,1334931069,0,217775206,4,SCAN_NOISE_ONLY,NEW_DEVELOPMENT_GENERATED,false,pcl_iterative_closest_point_with_normals,full-synthetic-development-v1/END_FACE_TRANSITION_ABSENT/g2/m0/r4/SCAN_NOISE_ONLY/pcl_iterative_closest_point_with_normals
full-synthetic-development-v1/END_FACE_TRANSITION_ABSENT/g2/m0/r4/MAP_NOISE_ONLY,END_FACE_TRANSITION_ABSENT,2,1334931069,0,217775206,4,MAP_NOISE_ONLY,NEW_DEVELOPMENT_GENERATED,false,open3d_point_to_plane,full-synthetic-development-v1/END_FACE_TRANSITION_ABSENT/g2/m0/r4/MAP_NOISE_ONLY/open3d_point_to_plane
full-synthetic-development-v1/END_FACE_TRANSITION_ABSENT/g2/m0/r4/MAP_NOISE_ONLY,END_FACE_TRANSITION_ABSENT,2,1334931069,0,217775206,4,MAP_NOISE_ONLY,NEW_DEVELOPMENT_GENERATED,false,pcl_iterative_closest_point_with_normals,full-synthetic-development-v1/END_FACE_TRANSITION_ABSENT/g2/m0/r4/MAP_NOISE_ONLY/pcl_iterative_closest_point_with_normals
full-synthetic-development-v1/END_FACE_TRANSITION_ABSENT/g2/m0/r4/DROPOUT_ONLY,END_FACE_TRANSITION_ABSENT,2,1334931069,0,217775206,4,DROPOUT_ONLY,NEW_DEVELOPMENT_GENERATED,false,open3d_point_to_plane,full-synthetic-development-v1/END_FACE_TRANSITION_ABSENT/g2/m0/r4/DROPOUT_ONLY/open3d_point_to_plane
full-synthetic-development-v1/END_FACE_TRANSITION_ABSENT/g2/m0/r4/DROPOUT_ONLY,END_FACE_TRANSITION_ABSENT,2,1334931069,0,217775206,4,DROPOUT_ONLY,NEW_DEVELOPMENT_GENERATED,false,pcl_iterative_closest_point_with_normals,full-synthetic-development-v1/END_FACE_TRANSITION_ABSENT/g2/m0/r4/DROPOUT_ONLY/pcl_iterative_closest_point_with_normals
full-synthetic-development-v1/END_FACE_TRANSITION_ABSENT/g2/m0/r4/FULL_NOISE,END_FACE_TRANSITION_ABSENT,2,1334931069,0,217775206,4,FULL_NOISE,NEW_DEVELOPMENT_GENERATED,false,open3d_point_to_plane,full-synthetic-development-v1/END_FACE_TRANSITION_ABSENT/g2/m0/r4/FULL_NOISE/open3d_point_to_plane
full-synthetic-development-v1/END_FACE_TRANSITION_ABSENT/g2/m0/r4/FULL_NOISE,END_FACE_TRANSITION_ABSENT,2,1334931069,0,217775206,4,FULL_NOISE,NEW_DEVELOPMENT_GENERATED,false,pcl_iterative_closest_point_with_normals,full-synthetic-development-v1/END_FACE_TRANSITION_ABSENT/g2/m0/r4/FULL_NOISE/pcl_iterative_closest_point_with_normals
full-synthetic-development-v1/END_FACE_TRANSITION_ABSENT/g2/m1/r0/INDEPENDENT_NOISE_FREE,END_FACE_TRANSITION_ABSENT,2,1334931069,1,1664898153,0,INDEPENDENT_NOISE_FREE,NEW_DEVELOPMENT_GENERATED,false,open3d_point_to_plane,full-synthetic-development-v1/END_FACE_TRANSITION_ABSENT/g2/m1/r0/INDEPENDENT_NOISE_FREE/open3d_point_to_plane
full-synthetic-development-v1/END_FACE_TRANSITION_ABSENT/g2/m1/r0/INDEPENDENT_NOISE_FREE,END_FACE_TRANSITION_ABSENT,2,1334931069,1,1664898153,0,INDEPENDENT_NOISE_FREE,NEW_DEVELOPMENT_GENERATED,false,pcl_iterative_closest_point_with_normals,full-synthetic-development-v1/END_FACE_TRANSITION_ABSENT/g2/m1/r0/INDEPENDENT_NOISE_FREE/pcl_iterative_closest_point_with_normals
full-synthetic-development-v1/END_FACE_TRANSITION_ABSENT/g2/m1/r0/SCAN_NOISE_ONLY,END_FACE_TRANSITION_ABSENT,2,1334931069,1,1664898153,0,SCAN_NOISE_ONLY,NEW_DEVELOPMENT_GENERATED,false,open3d_point_to_plane,full-synthetic-development-v1/END_FACE_TRANSITION_ABSENT/g2/m1/r0/SCAN_NOISE_ONLY/open3d_point_to_plane
full-synthetic-development-v1/END_FACE_TRANSITION_ABSENT/g2/m1/r0/SCAN_NOISE_ONLY,END_FACE_TRANSITION_ABSENT,2,1334931069,1,1664898153,0,SCAN_NOISE_ONLY,NEW_DEVELOPMENT_GENERATED,false,pcl_iterative_closest_point_with_normals,full-synthetic-development-v1/END_FACE_TRANSITION_ABSENT/g2/m1/r0/SCAN_NOISE_ONLY/pcl_iterative_closest_point_with_normals
full-synthetic-development-v1/END_FACE_TRANSITION_ABSENT/g2/m1/r0/MAP_NOISE_ONLY,END_FACE_TRANSITION_ABSENT,2,1334931069,1,1664898153,0,MAP_NOISE_ONLY,NEW_DEVELOPMENT_GENERATED,false,open3d_point_to_plane,full-synthetic-development-v1/END_FACE_TRANSITION_ABSENT/g2/m1/r0/MAP_NOISE_ONLY/open3d_point_to_plane
full-synthetic-development-v1/END_FACE_TRANSITION_ABSENT/g2/m1/r0/MAP_NOISE_ONLY,END_FACE_TRANSITION_ABSENT,2,1334931069,1,1664898153,0,MAP_NOISE_ONLY,NEW_DEVELOPMENT_GENERATED,false,pcl_iterative_closest_point_with_normals,full-synthetic-development-v1/END_FACE_TRANSITION_ABSENT/g2/m1/r0/MAP_NOISE_ONLY/pcl_iterative_closest_point_with_normals
full-synthetic-development-v1/END_FACE_TRANSITION_ABSENT/g2/m1/r0/DROPOUT_ONLY,END_FACE_TRANSITION_ABSENT,2,1334931069,1,1664898153,0,DROPOUT_ONLY,NEW_DEVELOPMENT_GENERATED,false,open3d_point_to_plane,full-synthetic-development-v1/END_FACE_TRANSITION_ABSENT/g2/m1/r0/DROPOUT_ONLY/open3d_point_to_plane
full-synthetic-development-v1/END_FACE_TRANSITION_ABSENT/g2/m1/r0/DROPOUT_ONLY,END_FACE_TRANSITION_ABSENT,2,1334931069,1,1664898153,0,DROPOUT_ONLY,NEW_DEVELOPMENT_GENERATED,false,pcl_iterative_closest_point_with_normals,full-synthetic-development-v1/END_FACE_TRANSITION_ABSENT/g2/m1/r0/DROPOUT_ONLY/pcl_iterative_closest_point_with_normals
full-synthetic-development-v1/END_FACE_TRANSITION_ABSENT/g2/m1/r0/FULL_NOISE,END_FACE_TRANSITION_ABSENT,2,1334931069,1,1664898153,0,FULL_NOISE,NEW_DEVELOPMENT_GENERATED,false,open3d_point_to_plane,full-synthetic-development-v1/END_FACE_TRANSITION_ABSENT/g2/m1/r0/FULL_NOISE/open3d_point_to_plane
full-synthetic-development-v1/END_FACE_TRANSITION_ABSENT/g2/m1/r0/FULL_NOISE,END_FACE_TRANSITION_ABSENT,2,1334931069,1,1664898153,0,FULL_NOISE,NEW_DEVELOPMENT_GENERATED,false,pcl_iterative_closest_point_with_normals,full-synthetic-development-v1/END_FACE_TRANSITION_ABSENT/g2/m1/r0/FULL_NOISE/pcl_iterative_closest_point_with_normals
full-synthetic-development-v1/END_FACE_TRANSITION_ABSENT/g2/m1/r1/INDEPENDENT_NOISE_FREE,END_FACE_TRANSITION_ABSENT,2,1334931069,1,1664898153,1,INDEPENDENT_NOISE_FREE,NEW_DEVELOPMENT_GENERATED,false,open3d_point_to_plane,full-synthetic-development-v1/END_FACE_TRANSITION_ABSENT/g2/m1/r1/INDEPENDENT_NOISE_FREE/open3d_point_to_plane
full-synthetic-development-v1/END_FACE_TRANSITION_ABSENT/g2/m1/r1/INDEPENDENT_NOISE_FREE,END_FACE_TRANSITION_ABSENT,2,1334931069,1,1664898153,1,INDEPENDENT_NOISE_FREE,NEW_DEVELOPMENT_GENERATED,false,pcl_iterative_closest_point_with_normals,full-synthetic-development-v1/END_FACE_TRANSITION_ABSENT/g2/m1/r1/INDEPENDENT_NOISE_FREE/pcl_iterative_closest_point_with_normals
full-synthetic-development-v1/END_FACE_TRANSITION_ABSENT/g2/m1/r1/SCAN_NOISE_ONLY,END_FACE_TRANSITION_ABSENT,2,1334931069,1,1664898153,1,SCAN_NOISE_ONLY,NEW_DEVELOPMENT_GENERATED,false,open3d_point_to_plane,full-synthetic-development-v1/END_FACE_TRANSITION_ABSENT/g2/m1/r1/SCAN_NOISE_ONLY/open3d_point_to_plane
full-synthetic-development-v1/END_FACE_TRANSITION_ABSENT/g2/m1/r1/SCAN_NOISE_ONLY,END_FACE_TRANSITION_ABSENT,2,1334931069,1,1664898153,1,SCAN_NOISE_ONLY,NEW_DEVELOPMENT_GENERATED,false,pcl_iterative_closest_point_with_normals,full-synthetic-development-v1/END_FACE_TRANSITION_ABSENT/g2/m1/r1/SCAN_NOISE_ONLY/pcl_iterative_closest_point_with_normals
full-synthetic-development-v1/END_FACE_TRANSITION_ABSENT/g2/m1/r1/MAP_NOISE_ONLY,END_FACE_TRANSITION_ABSENT,2,1334931069,1,1664898153,1,MAP_NOISE_ONLY,NEW_DEVELOPMENT_GENERATED,false,open3d_point_to_plane,full-synthetic-development-v1/END_FACE_TRANSITION_ABSENT/g2/m1/r1/MAP_NOISE_ONLY/open3d_point_to_plane
full-synthetic-development-v1/END_FACE_TRANSITION_ABSENT/g2/m1/r1/MAP_NOISE_ONLY,END_FACE_TRANSITION_ABSENT,2,1334931069,1,1664898153,1,MAP_NOISE_ONLY,NEW_DEVELOPMENT_GENERATED,false,pcl_iterative_closest_point_with_normals,full-synthetic-development-v1/END_FACE_TRANSITION_ABSENT/g2/m1/r1/MAP_NOISE_ONLY/pcl_iterative_closest_point_with_normals
full-synthetic-development-v1/END_FACE_TRANSITION_ABSENT/g2/m1/r1/DROPOUT_ONLY,END_FACE_TRANSITION_ABSENT,2,1334931069,1,1664898153,1,DROPOUT_ONLY,NEW_DEVELOPMENT_GENERATED,false,open3d_point_to_plane,full-synthetic-development-v1/END_FACE_TRANSITION_ABSENT/g2/m1/r1/DROPOUT_ONLY/open3d_point_to_plane
full-synthetic-development-v1/END_FACE_TRANSITION_ABSENT/g2/m1/r1/DROPOUT_ONLY,END_FACE_TRANSITION_ABSENT,2,1334931069,1,1664898153,1,DROPOUT_ONLY,NEW_DEVELOPMENT_GENERATED,false,pcl_iterative_closest_point_with_normals,full-synthetic-development-v1/END_FACE_TRANSITION_ABSENT/g2/m1/r1/DROPOUT_ONLY/pcl_iterative_closest_point_with_normals
full-synthetic-development-v1/END_FACE_TRANSITION_ABSENT/g2/m1/r1/FULL_NOISE,END_FACE_TRANSITION_ABSENT,2,1334931069,1,1664898153,1,FULL_NOISE,NEW_DEVELOPMENT_GENERATED,false,open3d_point_to_plane,full-synthetic-development-v1/END_FACE_TRANSITION_ABSENT/g2/m1/r1/FULL_NOISE/open3d_point_to_plane
full-synthetic-development-v1/END_FACE_TRANSITION_ABSENT/g2/m1/r1/FULL_NOISE,END_FACE_TRANSITION_ABSENT,2,1334931069,1,1664898153,1,FULL_NOISE,NEW_DEVELOPMENT_GENERATED,false,pcl_iterative_closest_point_with_normals,full-synthetic-development-v1/END_FACE_TRANSITION_ABSENT/g2/m1/r1/FULL_NOISE/pcl_iterative_closest_point_with_normals
full-synthetic-development-v1/END_FACE_TRANSITION_ABSENT/g2/m1/r2/INDEPENDENT_NOISE_FREE,END_FACE_TRANSITION_ABSENT,2,1334931069,1,1664898153,2,INDEPENDENT_NOISE_FREE,NEW_DEVELOPMENT_GENERATED,false,open3d_point_to_plane,full-synthetic-development-v1/END_FACE_TRANSITION_ABSENT/g2/m1/r2/INDEPENDENT_NOISE_FREE/open3d_point_to_plane
full-synthetic-development-v1/END_FACE_TRANSITION_ABSENT/g2/m1/r2/INDEPENDENT_NOISE_FREE,END_FACE_TRANSITION_ABSENT,2,1334931069,1,1664898153,2,INDEPENDENT_NOISE_FREE,NEW_DEVELOPMENT_GENERATED,false,pcl_iterative_closest_point_with_normals,full-synthetic-development-v1/END_FACE_TRANSITION_ABSENT/g2/m1/r2/INDEPENDENT_NOISE_FREE/pcl_iterative_closest_point_with_normals
full-synthetic-development-v1/END_FACE_TRANSITION_ABSENT/g2/m1/r2/SCAN_NOISE_ONLY,END_FACE_TRANSITION_ABSENT,2,1334931069,1,1664898153,2,SCAN_NOISE_ONLY,NEW_DEVELOPMENT_GENERATED,false,open3d_point_to_plane,full-synthetic-development-v1/END_FACE_TRANSITION_ABSENT/g2/m1/r2/SCAN_NOISE_ONLY/open3d_point_to_plane
full-synthetic-development-v1/END_FACE_TRANSITION_ABSENT/g2/m1/r2/SCAN_NOISE_ONLY,END_FACE_TRANSITION_ABSENT,2,1334931069,1,1664898153,2,SCAN_NOISE_ONLY,NEW_DEVELOPMENT_GENERATED,false,pcl_iterative_closest_point_with_normals,full-synthetic-development-v1/END_FACE_TRANSITION_ABSENT/g2/m1/r2/SCAN_NOISE_ONLY/pcl_iterative_closest_point_with_normals
full-synthetic-development-v1/END_FACE_TRANSITION_ABSENT/g2/m1/r2/MAP_NOISE_ONLY,END_FACE_TRANSITION_ABSENT,2,1334931069,1,1664898153,2,MAP_NOISE_ONLY,NEW_DEVELOPMENT_GENERATED,false,open3d_point_to_plane,full-synthetic-development-v1/END_FACE_TRANSITION_ABSENT/g2/m1/r2/MAP_NOISE_ONLY/open3d_point_to_plane
full-synthetic-development-v1/END_FACE_TRANSITION_ABSENT/g2/m1/r2/MAP_NOISE_ONLY,END_FACE_TRANSITION_ABSENT,2,1334931069,1,1664898153,2,MAP_NOISE_ONLY,NEW_DEVELOPMENT_GENERATED,false,pcl_iterative_closest_point_with_normals,full-synthetic-development-v1/END_FACE_TRANSITION_ABSENT/g2/m1/r2/MAP_NOISE_ONLY/pcl_iterative_closest_point_with_normals
full-synthetic-development-v1/END_FACE_TRANSITION_ABSENT/g2/m1/r2/DROPOUT_ONLY,END_FACE_TRANSITION_ABSENT,2,1334931069,1,1664898153,2,DROPOUT_ONLY,NEW_DEVELOPMENT_GENERATED,false,open3d_point_to_plane,full-synthetic-development-v1/END_FACE_TRANSITION_ABSENT/g2/m1/r2/DROPOUT_ONLY/open3d_point_to_plane
full-synthetic-development-v1/END_FACE_TRANSITION_ABSENT/g2/m1/r2/DROPOUT_ONLY,END_FACE_TRANSITION_ABSENT,2,1334931069,1,1664898153,2,DROPOUT_ONLY,NEW_DEVELOPMENT_GENERATED,false,pcl_iterative_closest_point_with_normals,full-synthetic-development-v1/END_FACE_TRANSITION_ABSENT/g2/m1/r2/DROPOUT_ONLY/pcl_iterative_closest_point_with_normals
full-synthetic-development-v1/END_FACE_TRANSITION_ABSENT/g2/m1/r2/FULL_NOISE,END_FACE_TRANSITION_ABSENT,2,1334931069,1,1664898153,2,FULL_NOISE,NEW_DEVELOPMENT_GENERATED,false,open3d_point_to_plane,full-synthetic-development-v1/END_FACE_TRANSITION_ABSENT/g2/m1/r2/FULL_NOISE/open3d_point_to_plane
full-synthetic-development-v1/END_FACE_TRANSITION_ABSENT/g2/m1/r2/FULL_NOISE,END_FACE_TRANSITION_ABSENT,2,1334931069,1,1664898153,2,FULL_NOISE,NEW_DEVELOPMENT_GENERATED,false,pcl_iterative_closest_point_with_normals,full-synthetic-development-v1/END_FACE_TRANSITION_ABSENT/g2/m1/r2/FULL_NOISE/pcl_iterative_closest_point_with_normals
full-synthetic-development-v1/END_FACE_TRANSITION_ABSENT/g2/m1/r3/INDEPENDENT_NOISE_FREE,END_FACE_TRANSITION_ABSENT,2,1334931069,1,1664898153,3,INDEPENDENT_NOISE_FREE,NEW_DEVELOPMENT_GENERATED,false,open3d_point_to_plane,full-synthetic-development-v1/END_FACE_TRANSITION_ABSENT/g2/m1/r3/INDEPENDENT_NOISE_FREE/open3d_point_to_plane
full-synthetic-development-v1/END_FACE_TRANSITION_ABSENT/g2/m1/r3/INDEPENDENT_NOISE_FREE,END_FACE_TRANSITION_ABSENT,2,1334931069,1,1664898153,3,INDEPENDENT_NOISE_FREE,NEW_DEVELOPMENT_GENERATED,false,pcl_iterative_closest_point_with_normals,full-synthetic-development-v1/END_FACE_TRANSITION_ABSENT/g2/m1/r3/INDEPENDENT_NOISE_FREE/pcl_iterative_closest_point_with_normals
full-synthetic-development-v1/END_FACE_TRANSITION_ABSENT/g2/m1/r3/SCAN_NOISE_ONLY,END_FACE_TRANSITION_ABSENT,2,1334931069,1,1664898153,3,SCAN_NOISE_ONLY,NEW_DEVELOPMENT_GENERATED,false,open3d_point_to_plane,full-synthetic-development-v1/END_FACE_TRANSITION_ABSENT/g2/m1/r3/SCAN_NOISE_ONLY/open3d_point_to_plane
full-synthetic-development-v1/END_FACE_TRANSITION_ABSENT/g2/m1/r3/SCAN_NOISE_ONLY,END_FACE_TRANSITION_ABSENT,2,1334931069,1,1664898153,3,SCAN_NOISE_ONLY,NEW_DEVELOPMENT_GENERATED,false,pcl_iterative_closest_point_with_normals,full-synthetic-development-v1/END_FACE_TRANSITION_ABSENT/g2/m1/r3/SCAN_NOISE_ONLY/pcl_iterative_closest_point_with_normals
full-synthetic-development-v1/END_FACE_TRANSITION_ABSENT/g2/m1/r3/MAP_NOISE_ONLY,END_FACE_TRANSITION_ABSENT,2,1334931069,1,1664898153,3,MAP_NOISE_ONLY,NEW_DEVELOPMENT_GENERATED,false,open3d_point_to_plane,full-synthetic-development-v1/END_FACE_TRANSITION_ABSENT/g2/m1/r3/MAP_NOISE_ONLY/open3d_point_to_plane
full-synthetic-development-v1/END_FACE_TRANSITION_ABSENT/g2/m1/r3/MAP_NOISE_ONLY,END_FACE_TRANSITION_ABSENT,2,1334931069,1,1664898153,3,MAP_NOISE_ONLY,NEW_DEVELOPMENT_GENERATED,false,pcl_iterative_closest_point_with_normals,full-synthetic-development-v1/END_FACE_TRANSITION_ABSENT/g2/m1/r3/MAP_NOISE_ONLY/pcl_iterative_closest_point_with_normals
full-synthetic-development-v1/END_FACE_TRANSITION_ABSENT/g2/m1/r3/DROPOUT_ONLY,END_FACE_TRANSITION_ABSENT,2,1334931069,1,1664898153,3,DROPOUT_ONLY,NEW_DEVELOPMENT_GENERATED,false,open3d_point_to_plane,full-synthetic-development-v1/END_FACE_TRANSITION_ABSENT/g2/m1/r3/DROPOUT_ONLY/open3d_point_to_plane
full-synthetic-development-v1/END_FACE_TRANSITION_ABSENT/g2/m1/r3/DROPOUT_ONLY,END_FACE_TRANSITION_ABSENT,2,1334931069,1,1664898153,3,DROPOUT_ONLY,NEW_DEVELOPMENT_GENERATED,false,pcl_iterative_closest_point_with_normals,full-synthetic-development-v1/END_FACE_TRANSITION_ABSENT/g2/m1/r3/DROPOUT_ONLY/pcl_iterative_closest_point_with_normals
full-synthetic-development-v1/END_FACE_TRANSITION_ABSENT/g2/m1/r3/FULL_NOISE,END_FACE_TRANSITION_ABSENT,2,1334931069,1,1664898153,3,FULL_NOISE,NEW_DEVELOPMENT_GENERATED,false,open3d_point_to_plane,full-synthetic-development-v1/END_FACE_TRANSITION_ABSENT/g2/m1/r3/FULL_NOISE/open3d_point_to_plane
full-synthetic-development-v1/END_FACE_TRANSITION_ABSENT/g2/m1/r3/FULL_NOISE,END_FACE_TRANSITION_ABSENT,2,1334931069,1,1664898153,3,FULL_NOISE,NEW_DEVELOPMENT_GENERATED,false,pcl_iterative_closest_point_with_normals,full-synthetic-development-v1/END_FACE_TRANSITION_ABSENT/g2/m1/r3/FULL_NOISE/pcl_iterative_closest_point_with_normals
full-synthetic-development-v1/END_FACE_TRANSITION_ABSENT/g2/m1/r4/INDEPENDENT_NOISE_FREE,END_FACE_TRANSITION_ABSENT,2,1334931069,1,1664898153,4,INDEPENDENT_NOISE_FREE,NEW_DEVELOPMENT_GENERATED,false,open3d_point_to_plane,full-synthetic-development-v1/END_FACE_TRANSITION_ABSENT/g2/m1/r4/INDEPENDENT_NOISE_FREE/open3d_point_to_plane
full-synthetic-development-v1/END_FACE_TRANSITION_ABSENT/g2/m1/r4/INDEPENDENT_NOISE_FREE,END_FACE_TRANSITION_ABSENT,2,1334931069,1,1664898153,4,INDEPENDENT_NOISE_FREE,NEW_DEVELOPMENT_GENERATED,false,pcl_iterative_closest_point_with_normals,full-synthetic-development-v1/END_FACE_TRANSITION_ABSENT/g2/m1/r4/INDEPENDENT_NOISE_FREE/pcl_iterative_closest_point_with_normals
full-synthetic-development-v1/END_FACE_TRANSITION_ABSENT/g2/m1/r4/SCAN_NOISE_ONLY,END_FACE_TRANSITION_ABSENT,2,1334931069,1,1664898153,4,SCAN_NOISE_ONLY,NEW_DEVELOPMENT_GENERATED,false,open3d_point_to_plane,full-synthetic-development-v1/END_FACE_TRANSITION_ABSENT/g2/m1/r4/SCAN_NOISE_ONLY/open3d_point_to_plane
full-synthetic-development-v1/END_FACE_TRANSITION_ABSENT/g2/m1/r4/SCAN_NOISE_ONLY,END_FACE_TRANSITION_ABSENT,2,1334931069,1,1664898153,4,SCAN_NOISE_ONLY,NEW_DEVELOPMENT_GENERATED,false,pcl_iterative_closest_point_with_normals,full-synthetic-development-v1/END_FACE_TRANSITION_ABSENT/g2/m1/r4/SCAN_NOISE_ONLY/pcl_iterative_closest_point_with_normals
full-synthetic-development-v1/END_FACE_TRANSITION_ABSENT/g2/m1/r4/MAP_NOISE_ONLY,END_FACE_TRANSITION_ABSENT,2,1334931069,1,1664898153,4,MAP_NOISE_ONLY,NEW_DEVELOPMENT_GENERATED,false,open3d_point_to_plane,full-synthetic-development-v1/END_FACE_TRANSITION_ABSENT/g2/m1/r4/MAP_NOISE_ONLY/open3d_point_to_plane
full-synthetic-development-v1/END_FACE_TRANSITION_ABSENT/g2/m1/r4/MAP_NOISE_ONLY,END_FACE_TRANSITION_ABSENT,2,1334931069,1,1664898153,4,MAP_NOISE_ONLY,NEW_DEVELOPMENT_GENERATED,false,pcl_iterative_closest_point_with_normals,full-synthetic-development-v1/END_FACE_TRANSITION_ABSENT/g2/m1/r4/MAP_NOISE_ONLY/pcl_iterative_closest_point_with_normals
full-synthetic-development-v1/END_FACE_TRANSITION_ABSENT/g2/m1/r4/DROPOUT_ONLY,END_FACE_TRANSITION_ABSENT,2,1334931069,1,1664898153,4,DROPOUT_ONLY,NEW_DEVELOPMENT_GENERATED,false,open3d_point_to_plane,full-synthetic-development-v1/END_FACE_TRANSITION_ABSENT/g2/m1/r4/DROPOUT_ONLY/open3d_point_to_plane
full-synthetic-development-v1/END_FACE_TRANSITION_ABSENT/g2/m1/r4/DROPOUT_ONLY,END_FACE_TRANSITION_ABSENT,2,1334931069,1,1664898153,4,DROPOUT_ONLY,NEW_DEVELOPMENT_GENERATED,false,pcl_iterative_closest_point_with_normals,full-synthetic-development-v1/END_FACE_TRANSITION_ABSENT/g2/m1/r4/DROPOUT_ONLY/pcl_iterative_closest_point_with_normals
full-synthetic-development-v1/END_FACE_TRANSITION_ABSENT/g2/m1/r4/FULL_NOISE,END_FACE_TRANSITION_ABSENT,2,1334931069,1,1664898153,4,FULL_NOISE,NEW_DEVELOPMENT_GENERATED,false,open3d_point_to_plane,full-synthetic-development-v1/END_FACE_TRANSITION_ABSENT/g2/m1/r4/FULL_NOISE/open3d_point_to_plane
full-synthetic-development-v1/END_FACE_TRANSITION_ABSENT/g2/m1/r4/FULL_NOISE,END_FACE_TRANSITION_ABSENT,2,1334931069,1,1664898153,4,FULL_NOISE,NEW_DEVELOPMENT_GENERATED,false,pcl_iterative_closest_point_with_normals,full-synthetic-development-v1/END_FACE_TRANSITION_ABSENT/g2/m1/r4/FULL_NOISE/pcl_iterative_closest_point_with_normals
phase-b-signal-v1/REPEATED_STRUCTURE/g0/INDEPENDENT_NOISE_FREE,REPEATED_STRUCTURE,0,1850310744,0,217775206,0,INDEPENDENT_NOISE_FREE,NEW_DEVELOPMENT_GENERATED,true,open3d_point_to_plane,phase-b-signal-v1/REPEATED_STRUCTURE/g0/INDEPENDENT_NOISE_FREE/open3d_point_to_plane
phase-b-signal-v1/REPEATED_STRUCTURE/g0/INDEPENDENT_NOISE_FREE,REPEATED_STRUCTURE,0,1850310744,0,217775206,0,INDEPENDENT_NOISE_FREE,NEW_DEVELOPMENT_GENERATED,true,pcl_iterative_closest_point_with_normals,phase-b-signal-v1/REPEATED_STRUCTURE/g0/INDEPENDENT_NOISE_FREE/pcl_iterative_closest_point_with_normals
full-synthetic-development-v1/REPEATED_STRUCTURE/g0/m0/r0/SCAN_NOISE_ONLY,REPEATED_STRUCTURE,0,1850310744,0,217775206,0,SCAN_NOISE_ONLY,NEW_DEVELOPMENT_GENERATED,false,open3d_point_to_plane,full-synthetic-development-v1/REPEATED_STRUCTURE/g0/m0/r0/SCAN_NOISE_ONLY/open3d_point_to_plane
full-synthetic-development-v1/REPEATED_STRUCTURE/g0/m0/r0/SCAN_NOISE_ONLY,REPEATED_STRUCTURE,0,1850310744,0,217775206,0,SCAN_NOISE_ONLY,NEW_DEVELOPMENT_GENERATED,false,pcl_iterative_closest_point_with_normals,full-synthetic-development-v1/REPEATED_STRUCTURE/g0/m0/r0/SCAN_NOISE_ONLY/pcl_iterative_closest_point_with_normals
full-synthetic-development-v1/REPEATED_STRUCTURE/g0/m0/r0/MAP_NOISE_ONLY,REPEATED_STRUCTURE,0,1850310744,0,217775206,0,MAP_NOISE_ONLY,NEW_DEVELOPMENT_GENERATED,false,open3d_point_to_plane,full-synthetic-development-v1/REPEATED_STRUCTURE/g0/m0/r0/MAP_NOISE_ONLY/open3d_point_to_plane
full-synthetic-development-v1/REPEATED_STRUCTURE/g0/m0/r0/MAP_NOISE_ONLY,REPEATED_STRUCTURE,0,1850310744,0,217775206,0,MAP_NOISE_ONLY,NEW_DEVELOPMENT_GENERATED,false,pcl_iterative_closest_point_with_normals,full-synthetic-development-v1/REPEATED_STRUCTURE/g0/m0/r0/MAP_NOISE_ONLY/pcl_iterative_closest_point_with_normals
full-synthetic-development-v1/REPEATED_STRUCTURE/g0/m0/r0/DROPOUT_ONLY,REPEATED_STRUCTURE,0,1850310744,0,217775206,0,DROPOUT_ONLY,NEW_DEVELOPMENT_GENERATED,false,open3d_point_to_plane,full-synthetic-development-v1/REPEATED_STRUCTURE/g0/m0/r0/DROPOUT_ONLY/open3d_point_to_plane
full-synthetic-development-v1/REPEATED_STRUCTURE/g0/m0/r0/DROPOUT_ONLY,REPEATED_STRUCTURE,0,1850310744,0,217775206,0,DROPOUT_ONLY,NEW_DEVELOPMENT_GENERATED,false,pcl_iterative_closest_point_with_normals,full-synthetic-development-v1/REPEATED_STRUCTURE/g0/m0/r0/DROPOUT_ONLY/pcl_iterative_closest_point_with_normals
phase-b-signal-v1/REPEATED_STRUCTURE/g0/FULL_NOISE,REPEATED_STRUCTURE,0,1850310744,0,217775206,0,FULL_NOISE,NEW_DEVELOPMENT_GENERATED,true,open3d_point_to_plane,phase-b-signal-v1/REPEATED_STRUCTURE/g0/FULL_NOISE/open3d_point_to_plane
phase-b-signal-v1/REPEATED_STRUCTURE/g0/FULL_NOISE,REPEATED_STRUCTURE,0,1850310744,0,217775206,0,FULL_NOISE,NEW_DEVELOPMENT_GENERATED,true,pcl_iterative_closest_point_with_normals,phase-b-signal-v1/REPEATED_STRUCTURE/g0/FULL_NOISE/pcl_iterative_closest_point_with_normals
full-synthetic-development-v1/REPEATED_STRUCTURE/g0/m0/r1/INDEPENDENT_NOISE_FREE,REPEATED_STRUCTURE,0,1850310744,0,217775206,1,INDEPENDENT_NOISE_FREE,NEW_DEVELOPMENT_GENERATED,false,open3d_point_to_plane,full-synthetic-development-v1/REPEATED_STRUCTURE/g0/m0/r1/INDEPENDENT_NOISE_FREE/open3d_point_to_plane
full-synthetic-development-v1/REPEATED_STRUCTURE/g0/m0/r1/INDEPENDENT_NOISE_FREE,REPEATED_STRUCTURE,0,1850310744,0,217775206,1,INDEPENDENT_NOISE_FREE,NEW_DEVELOPMENT_GENERATED,false,pcl_iterative_closest_point_with_normals,full-synthetic-development-v1/REPEATED_STRUCTURE/g0/m0/r1/INDEPENDENT_NOISE_FREE/pcl_iterative_closest_point_with_normals
full-synthetic-development-v1/REPEATED_STRUCTURE/g0/m0/r1/SCAN_NOISE_ONLY,REPEATED_STRUCTURE,0,1850310744,0,217775206,1,SCAN_NOISE_ONLY,NEW_DEVELOPMENT_GENERATED,false,open3d_point_to_plane,full-synthetic-development-v1/REPEATED_STRUCTURE/g0/m0/r1/SCAN_NOISE_ONLY/open3d_point_to_plane
full-synthetic-development-v1/REPEATED_STRUCTURE/g0/m0/r1/SCAN_NOISE_ONLY,REPEATED_STRUCTURE,0,1850310744,0,217775206,1,SCAN_NOISE_ONLY,NEW_DEVELOPMENT_GENERATED,false,pcl_iterative_closest_point_with_normals,full-synthetic-development-v1/REPEATED_STRUCTURE/g0/m0/r1/SCAN_NOISE_ONLY/pcl_iterative_closest_point_with_normals
full-synthetic-development-v1/REPEATED_STRUCTURE/g0/m0/r1/MAP_NOISE_ONLY,REPEATED_STRUCTURE,0,1850310744,0,217775206,1,MAP_NOISE_ONLY,NEW_DEVELOPMENT_GENERATED,false,open3d_point_to_plane,full-synthetic-development-v1/REPEATED_STRUCTURE/g0/m0/r1/MAP_NOISE_ONLY/open3d_point_to_plane
full-synthetic-development-v1/REPEATED_STRUCTURE/g0/m0/r1/MAP_NOISE_ONLY,REPEATED_STRUCTURE,0,1850310744,0,217775206,1,MAP_NOISE_ONLY,NEW_DEVELOPMENT_GENERATED,false,pcl_iterative_closest_point_with_normals,full-synthetic-development-v1/REPEATED_STRUCTURE/g0/m0/r1/MAP_NOISE_ONLY/pcl_iterative_closest_point_with_normals
full-synthetic-development-v1/REPEATED_STRUCTURE/g0/m0/r1/DROPOUT_ONLY,REPEATED_STRUCTURE,0,1850310744,0,217775206,1,DROPOUT_ONLY,NEW_DEVELOPMENT_GENERATED,false,open3d_point_to_plane,full-synthetic-development-v1/REPEATED_STRUCTURE/g0/m0/r1/DROPOUT_ONLY/open3d_point_to_plane
full-synthetic-development-v1/REPEATED_STRUCTURE/g0/m0/r1/DROPOUT_ONLY,REPEATED_STRUCTURE,0,1850310744,0,217775206,1,DROPOUT_ONLY,NEW_DEVELOPMENT_GENERATED,false,pcl_iterative_closest_point_with_normals,full-synthetic-development-v1/REPEATED_STRUCTURE/g0/m0/r1/DROPOUT_ONLY/pcl_iterative_closest_point_with_normals
full-synthetic-development-v1/REPEATED_STRUCTURE/g0/m0/r1/FULL_NOISE,REPEATED_STRUCTURE,0,1850310744,0,217775206,1,FULL_NOISE,NEW_DEVELOPMENT_GENERATED,false,open3d_point_to_plane,full-synthetic-development-v1/REPEATED_STRUCTURE/g0/m0/r1/FULL_NOISE/open3d_point_to_plane
full-synthetic-development-v1/REPEATED_STRUCTURE/g0/m0/r1/FULL_NOISE,REPEATED_STRUCTURE,0,1850310744,0,217775206,1,FULL_NOISE,NEW_DEVELOPMENT_GENERATED,false,pcl_iterative_closest_point_with_normals,full-synthetic-development-v1/REPEATED_STRUCTURE/g0/m0/r1/FULL_NOISE/pcl_iterative_closest_point_with_normals
full-synthetic-development-v1/REPEATED_STRUCTURE/g0/m0/r2/INDEPENDENT_NOISE_FREE,REPEATED_STRUCTURE,0,1850310744,0,217775206,2,INDEPENDENT_NOISE_FREE,NEW_DEVELOPMENT_GENERATED,false,open3d_point_to_plane,full-synthetic-development-v1/REPEATED_STRUCTURE/g0/m0/r2/INDEPENDENT_NOISE_FREE/open3d_point_to_plane
full-synthetic-development-v1/REPEATED_STRUCTURE/g0/m0/r2/INDEPENDENT_NOISE_FREE,REPEATED_STRUCTURE,0,1850310744,0,217775206,2,INDEPENDENT_NOISE_FREE,NEW_DEVELOPMENT_GENERATED,false,pcl_iterative_closest_point_with_normals,full-synthetic-development-v1/REPEATED_STRUCTURE/g0/m0/r2/INDEPENDENT_NOISE_FREE/pcl_iterative_closest_point_with_normals
full-synthetic-development-v1/REPEATED_STRUCTURE/g0/m0/r2/SCAN_NOISE_ONLY,REPEATED_STRUCTURE,0,1850310744,0,217775206,2,SCAN_NOISE_ONLY,NEW_DEVELOPMENT_GENERATED,false,open3d_point_to_plane,full-synthetic-development-v1/REPEATED_STRUCTURE/g0/m0/r2/SCAN_NOISE_ONLY/open3d_point_to_plane
full-synthetic-development-v1/REPEATED_STRUCTURE/g0/m0/r2/SCAN_NOISE_ONLY,REPEATED_STRUCTURE,0,1850310744,0,217775206,2,SCAN_NOISE_ONLY,NEW_DEVELOPMENT_GENERATED,false,pcl_iterative_closest_point_with_normals,full-synthetic-development-v1/REPEATED_STRUCTURE/g0/m0/r2/SCAN_NOISE_ONLY/pcl_iterative_closest_point_with_normals
full-synthetic-development-v1/REPEATED_STRUCTURE/g0/m0/r2/MAP_NOISE_ONLY,REPEATED_STRUCTURE,0,1850310744,0,217775206,2,MAP_NOISE_ONLY,NEW_DEVELOPMENT_GENERATED,false,open3d_point_to_plane,full-synthetic-development-v1/REPEATED_STRUCTURE/g0/m0/r2/MAP_NOISE_ONLY/open3d_point_to_plane
full-synthetic-development-v1/REPEATED_STRUCTURE/g0/m0/r2/MAP_NOISE_ONLY,REPEATED_STRUCTURE,0,1850310744,0,217775206,2,MAP_NOISE_ONLY,NEW_DEVELOPMENT_GENERATED,false,pcl_iterative_closest_point_with_normals,full-synthetic-development-v1/REPEATED_STRUCTURE/g0/m0/r2/MAP_NOISE_ONLY/pcl_iterative_closest_point_with_normals
full-synthetic-development-v1/REPEATED_STRUCTURE/g0/m0/r2/DROPOUT_ONLY,REPEATED_STRUCTURE,0,1850310744,0,217775206,2,DROPOUT_ONLY,NEW_DEVELOPMENT_GENERATED,false,open3d_point_to_plane,full-synthetic-development-v1/REPEATED_STRUCTURE/g0/m0/r2/DROPOUT_ONLY/open3d_point_to_plane
full-synthetic-development-v1/REPEATED_STRUCTURE/g0/m0/r2/DROPOUT_ONLY,REPEATED_STRUCTURE,0,1850310744,0,217775206,2,DROPOUT_ONLY,NEW_DEVELOPMENT_GENERATED,false,pcl_iterative_closest_point_with_normals,full-synthetic-development-v1/REPEATED_STRUCTURE/g0/m0/r2/DROPOUT_ONLY/pcl_iterative_closest_point_with_normals
full-synthetic-development-v1/REPEATED_STRUCTURE/g0/m0/r2/FULL_NOISE,REPEATED_STRUCTURE,0,1850310744,0,217775206,2,FULL_NOISE,NEW_DEVELOPMENT_GENERATED,false,open3d_point_to_plane,full-synthetic-development-v1/REPEATED_STRUCTURE/g0/m0/r2/FULL_NOISE/open3d_point_to_plane
full-synthetic-development-v1/REPEATED_STRUCTURE/g0/m0/r2/FULL_NOISE,REPEATED_STRUCTURE,0,1850310744,0,217775206,2,FULL_NOISE,NEW_DEVELOPMENT_GENERATED,false,pcl_iterative_closest_point_with_normals,full-synthetic-development-v1/REPEATED_STRUCTURE/g0/m0/r2/FULL_NOISE/pcl_iterative_closest_point_with_normals
full-synthetic-development-v1/REPEATED_STRUCTURE/g0/m0/r3/INDEPENDENT_NOISE_FREE,REPEATED_STRUCTURE,0,1850310744,0,217775206,3,INDEPENDENT_NOISE_FREE,NEW_DEVELOPMENT_GENERATED,false,open3d_point_to_plane,full-synthetic-development-v1/REPEATED_STRUCTURE/g0/m0/r3/INDEPENDENT_NOISE_FREE/open3d_point_to_plane
full-synthetic-development-v1/REPEATED_STRUCTURE/g0/m0/r3/INDEPENDENT_NOISE_FREE,REPEATED_STRUCTURE,0,1850310744,0,217775206,3,INDEPENDENT_NOISE_FREE,NEW_DEVELOPMENT_GENERATED,false,pcl_iterative_closest_point_with_normals,full-synthetic-development-v1/REPEATED_STRUCTURE/g0/m0/r3/INDEPENDENT_NOISE_FREE/pcl_iterative_closest_point_with_normals
full-synthetic-development-v1/REPEATED_STRUCTURE/g0/m0/r3/SCAN_NOISE_ONLY,REPEATED_STRUCTURE,0,1850310744,0,217775206,3,SCAN_NOISE_ONLY,NEW_DEVELOPMENT_GENERATED,false,open3d_point_to_plane,full-synthetic-development-v1/REPEATED_STRUCTURE/g0/m0/r3/SCAN_NOISE_ONLY/open3d_point_to_plane
full-synthetic-development-v1/REPEATED_STRUCTURE/g0/m0/r3/SCAN_NOISE_ONLY,REPEATED_STRUCTURE,0,1850310744,0,217775206,3,SCAN_NOISE_ONLY,NEW_DEVELOPMENT_GENERATED,false,pcl_iterative_closest_point_with_normals,full-synthetic-development-v1/REPEATED_STRUCTURE/g0/m0/r3/SCAN_NOISE_ONLY/pcl_iterative_closest_point_with_normals
full-synthetic-development-v1/REPEATED_STRUCTURE/g0/m0/r3/MAP_NOISE_ONLY,REPEATED_STRUCTURE,0,1850310744,0,217775206,3,MAP_NOISE_ONLY,NEW_DEVELOPMENT_GENERATED,false,open3d_point_to_plane,full-synthetic-development-v1/REPEATED_STRUCTURE/g0/m0/r3/MAP_NOISE_ONLY/open3d_point_to_plane
full-synthetic-development-v1/REPEATED_STRUCTURE/g0/m0/r3/MAP_NOISE_ONLY,REPEATED_STRUCTURE,0,1850310744,0,217775206,3,MAP_NOISE_ONLY,NEW_DEVELOPMENT_GENERATED,false,pcl_iterative_closest_point_with_normals,full-synthetic-development-v1/REPEATED_STRUCTURE/g0/m0/r3/MAP_NOISE_ONLY/pcl_iterative_closest_point_with_normals
full-synthetic-development-v1/REPEATED_STRUCTURE/g0/m0/r3/DROPOUT_ONLY,REPEATED_STRUCTURE,0,1850310744,0,217775206,3,DROPOUT_ONLY,NEW_DEVELOPMENT_GENERATED,false,open3d_point_to_plane,full-synthetic-development-v1/REPEATED_STRUCTURE/g0/m0/r3/DROPOUT_ONLY/open3d_point_to_plane
full-synthetic-development-v1/REPEATED_STRUCTURE/g0/m0/r3/DROPOUT_ONLY,REPEATED_STRUCTURE,0,1850310744,0,217775206,3,DROPOUT_ONLY,NEW_DEVELOPMENT_GENERATED,false,pcl_iterative_closest_point_with_normals,full-synthetic-development-v1/REPEATED_STRUCTURE/g0/m0/r3/DROPOUT_ONLY/pcl_iterative_closest_point_with_normals
full-synthetic-development-v1/REPEATED_STRUCTURE/g0/m0/r3/FULL_NOISE,REPEATED_STRUCTURE,0,1850310744,0,217775206,3,FULL_NOISE,NEW_DEVELOPMENT_GENERATED,false,open3d_point_to_plane,full-synthetic-development-v1/REPEATED_STRUCTURE/g0/m0/r3/FULL_NOISE/open3d_point_to_plane
full-synthetic-development-v1/REPEATED_STRUCTURE/g0/m0/r3/FULL_NOISE,REPEATED_STRUCTURE,0,1850310744,0,217775206,3,FULL_NOISE,NEW_DEVELOPMENT_GENERATED,false,pcl_iterative_closest_point_with_normals,full-synthetic-development-v1/REPEATED_STRUCTURE/g0/m0/r3/FULL_NOISE/pcl_iterative_closest_point_with_normals
full-synthetic-development-v1/REPEATED_STRUCTURE/g0/m0/r4/INDEPENDENT_NOISE_FREE,REPEATED_STRUCTURE,0,1850310744,0,217775206,4,INDEPENDENT_NOISE_FREE,NEW_DEVELOPMENT_GENERATED,false,open3d_point_to_plane,full-synthetic-development-v1/REPEATED_STRUCTURE/g0/m0/r4/INDEPENDENT_NOISE_FREE/open3d_point_to_plane
full-synthetic-development-v1/REPEATED_STRUCTURE/g0/m0/r4/INDEPENDENT_NOISE_FREE,REPEATED_STRUCTURE,0,1850310744,0,217775206,4,INDEPENDENT_NOISE_FREE,NEW_DEVELOPMENT_GENERATED,false,pcl_iterative_closest_point_with_normals,full-synthetic-development-v1/REPEATED_STRUCTURE/g0/m0/r4/INDEPENDENT_NOISE_FREE/pcl_iterative_closest_point_with_normals
full-synthetic-development-v1/REPEATED_STRUCTURE/g0/m0/r4/SCAN_NOISE_ONLY,REPEATED_STRUCTURE,0,1850310744,0,217775206,4,SCAN_NOISE_ONLY,NEW_DEVELOPMENT_GENERATED,false,open3d_point_to_plane,full-synthetic-development-v1/REPEATED_STRUCTURE/g0/m0/r4/SCAN_NOISE_ONLY/open3d_point_to_plane
full-synthetic-development-v1/REPEATED_STRUCTURE/g0/m0/r4/SCAN_NOISE_ONLY,REPEATED_STRUCTURE,0,1850310744,0,217775206,4,SCAN_NOISE_ONLY,NEW_DEVELOPMENT_GENERATED,false,pcl_iterative_closest_point_with_normals,full-synthetic-development-v1/REPEATED_STRUCTURE/g0/m0/r4/SCAN_NOISE_ONLY/pcl_iterative_closest_point_with_normals
full-synthetic-development-v1/REPEATED_STRUCTURE/g0/m0/r4/MAP_NOISE_ONLY,REPEATED_STRUCTURE,0,1850310744,0,217775206,4,MAP_NOISE_ONLY,NEW_DEVELOPMENT_GENERATED,false,open3d_point_to_plane,full-synthetic-development-v1/REPEATED_STRUCTURE/g0/m0/r4/MAP_NOISE_ONLY/open3d_point_to_plane
full-synthetic-development-v1/REPEATED_STRUCTURE/g0/m0/r4/MAP_NOISE_ONLY,REPEATED_STRUCTURE,0,1850310744,0,217775206,4,MAP_NOISE_ONLY,NEW_DEVELOPMENT_GENERATED,false,pcl_iterative_closest_point_with_normals,full-synthetic-development-v1/REPEATED_STRUCTURE/g0/m0/r4/MAP_NOISE_ONLY/pcl_iterative_closest_point_with_normals
full-synthetic-development-v1/REPEATED_STRUCTURE/g0/m0/r4/DROPOUT_ONLY,REPEATED_STRUCTURE,0,1850310744,0,217775206,4,DROPOUT_ONLY,NEW_DEVELOPMENT_GENERATED,false,open3d_point_to_plane,full-synthetic-development-v1/REPEATED_STRUCTURE/g0/m0/r4/DROPOUT_ONLY/open3d_point_to_plane
full-synthetic-development-v1/REPEATED_STRUCTURE/g0/m0/r4/DROPOUT_ONLY,REPEATED_STRUCTURE,0,1850310744,0,217775206,4,DROPOUT_ONLY,NEW_DEVELOPMENT_GENERATED,false,pcl_iterative_closest_point_with_normals,full-synthetic-development-v1/REPEATED_STRUCTURE/g0/m0/r4/DROPOUT_ONLY/pcl_iterative_closest_point_with_normals
full-synthetic-development-v1/REPEATED_STRUCTURE/g0/m0/r4/FULL_NOISE,REPEATED_STRUCTURE,0,1850310744,0,217775206,4,FULL_NOISE,NEW_DEVELOPMENT_GENERATED,false,open3d_point_to_plane,full-synthetic-development-v1/REPEATED_STRUCTURE/g0/m0/r4/FULL_NOISE/open3d_point_to_plane
full-synthetic-development-v1/REPEATED_STRUCTURE/g0/m0/r4/FULL_NOISE,REPEATED_STRUCTURE,0,1850310744,0,217775206,4,FULL_NOISE,NEW_DEVELOPMENT_GENERATED,false,pcl_iterative_closest_point_with_normals,full-synthetic-development-v1/REPEATED_STRUCTURE/g0/m0/r4/FULL_NOISE/pcl_iterative_closest_point_with_normals
full-synthetic-development-v1/REPEATED_STRUCTURE/g0/m1/r0/INDEPENDENT_NOISE_FREE,REPEATED_STRUCTURE,0,1850310744,1,1664898153,0,INDEPENDENT_NOISE_FREE,NEW_DEVELOPMENT_GENERATED,false,open3d_point_to_plane,full-synthetic-development-v1/REPEATED_STRUCTURE/g0/m1/r0/INDEPENDENT_NOISE_FREE/open3d_point_to_plane
full-synthetic-development-v1/REPEATED_STRUCTURE/g0/m1/r0/INDEPENDENT_NOISE_FREE,REPEATED_STRUCTURE,0,1850310744,1,1664898153,0,INDEPENDENT_NOISE_FREE,NEW_DEVELOPMENT_GENERATED,false,pcl_iterative_closest_point_with_normals,full-synthetic-development-v1/REPEATED_STRUCTURE/g0/m1/r0/INDEPENDENT_NOISE_FREE/pcl_iterative_closest_point_with_normals
full-synthetic-development-v1/REPEATED_STRUCTURE/g0/m1/r0/SCAN_NOISE_ONLY,REPEATED_STRUCTURE,0,1850310744,1,1664898153,0,SCAN_NOISE_ONLY,NEW_DEVELOPMENT_GENERATED,false,open3d_point_to_plane,full-synthetic-development-v1/REPEATED_STRUCTURE/g0/m1/r0/SCAN_NOISE_ONLY/open3d_point_to_plane
full-synthetic-development-v1/REPEATED_STRUCTURE/g0/m1/r0/SCAN_NOISE_ONLY,REPEATED_STRUCTURE,0,1850310744,1,1664898153,0,SCAN_NOISE_ONLY,NEW_DEVELOPMENT_GENERATED,false,pcl_iterative_closest_point_with_normals,full-synthetic-development-v1/REPEATED_STRUCTURE/g0/m1/r0/SCAN_NOISE_ONLY/pcl_iterative_closest_point_with_normals
full-synthetic-development-v1/REPEATED_STRUCTURE/g0/m1/r0/MAP_NOISE_ONLY,REPEATED_STRUCTURE,0,1850310744,1,1664898153,0,MAP_NOISE_ONLY,NEW_DEVELOPMENT_GENERATED,false,open3d_point_to_plane,full-synthetic-development-v1/REPEATED_STRUCTURE/g0/m1/r0/MAP_NOISE_ONLY/open3d_point_to_plane
full-synthetic-development-v1/REPEATED_STRUCTURE/g0/m1/r0/MAP_NOISE_ONLY,REPEATED_STRUCTURE,0,1850310744,1,1664898153,0,MAP_NOISE_ONLY,NEW_DEVELOPMENT_GENERATED,false,pcl_iterative_closest_point_with_normals,full-synthetic-development-v1/REPEATED_STRUCTURE/g0/m1/r0/MAP_NOISE_ONLY/pcl_iterative_closest_point_with_normals
full-synthetic-development-v1/REPEATED_STRUCTURE/g0/m1/r0/DROPOUT_ONLY,REPEATED_STRUCTURE,0,1850310744,1,1664898153,0,DROPOUT_ONLY,NEW_DEVELOPMENT_GENERATED,false,open3d_point_to_plane,full-synthetic-development-v1/REPEATED_STRUCTURE/g0/m1/r0/DROPOUT_ONLY/open3d_point_to_plane
full-synthetic-development-v1/REPEATED_STRUCTURE/g0/m1/r0/DROPOUT_ONLY,REPEATED_STRUCTURE,0,1850310744,1,1664898153,0,DROPOUT_ONLY,NEW_DEVELOPMENT_GENERATED,false,pcl_iterative_closest_point_with_normals,full-synthetic-development-v1/REPEATED_STRUCTURE/g0/m1/r0/DROPOUT_ONLY/pcl_iterative_closest_point_with_normals
full-synthetic-development-v1/REPEATED_STRUCTURE/g0/m1/r0/FULL_NOISE,REPEATED_STRUCTURE,0,1850310744,1,1664898153,0,FULL_NOISE,NEW_DEVELOPMENT_GENERATED,false,open3d_point_to_plane,full-synthetic-development-v1/REPEATED_STRUCTURE/g0/m1/r0/FULL_NOISE/open3d_point_to_plane
full-synthetic-development-v1/REPEATED_STRUCTURE/g0/m1/r0/FULL_NOISE,REPEATED_STRUCTURE,0,1850310744,1,1664898153,0,FULL_NOISE,NEW_DEVELOPMENT_GENERATED,false,pcl_iterative_closest_point_with_normals,full-synthetic-development-v1/REPEATED_STRUCTURE/g0/m1/r0/FULL_NOISE/pcl_iterative_closest_point_with_normals
full-synthetic-development-v1/REPEATED_STRUCTURE/g0/m1/r1/INDEPENDENT_NOISE_FREE,REPEATED_STRUCTURE,0,1850310744,1,1664898153,1,INDEPENDENT_NOISE_FREE,NEW_DEVELOPMENT_GENERATED,false,open3d_point_to_plane,full-synthetic-development-v1/REPEATED_STRUCTURE/g0/m1/r1/INDEPENDENT_NOISE_FREE/open3d_point_to_plane
full-synthetic-development-v1/REPEATED_STRUCTURE/g0/m1/r1/INDEPENDENT_NOISE_FREE,REPEATED_STRUCTURE,0,1850310744,1,1664898153,1,INDEPENDENT_NOISE_FREE,NEW_DEVELOPMENT_GENERATED,false,pcl_iterative_closest_point_with_normals,full-synthetic-development-v1/REPEATED_STRUCTURE/g0/m1/r1/INDEPENDENT_NOISE_FREE/pcl_iterative_closest_point_with_normals
full-synthetic-development-v1/REPEATED_STRUCTURE/g0/m1/r1/SCAN_NOISE_ONLY,REPEATED_STRUCTURE,0,1850310744,1,1664898153,1,SCAN_NOISE_ONLY,NEW_DEVELOPMENT_GENERATED,false,open3d_point_to_plane,full-synthetic-development-v1/REPEATED_STRUCTURE/g0/m1/r1/SCAN_NOISE_ONLY/open3d_point_to_plane
full-synthetic-development-v1/REPEATED_STRUCTURE/g0/m1/r1/SCAN_NOISE_ONLY,REPEATED_STRUCTURE,0,1850310744,1,1664898153,1,SCAN_NOISE_ONLY,NEW_DEVELOPMENT_GENERATED,false,pcl_iterative_closest_point_with_normals,full-synthetic-development-v1/REPEATED_STRUCTURE/g0/m1/r1/SCAN_NOISE_ONLY/pcl_iterative_closest_point_with_normals
full-synthetic-development-v1/REPEATED_STRUCTURE/g0/m1/r1/MAP_NOISE_ONLY,REPEATED_STRUCTURE,0,1850310744,1,1664898153,1,MAP_NOISE_ONLY,NEW_DEVELOPMENT_GENERATED,false,open3d_point_to_plane,full-synthetic-development-v1/REPEATED_STRUCTURE/g0/m1/r1/MAP_NOISE_ONLY/open3d_point_to_plane
full-synthetic-development-v1/REPEATED_STRUCTURE/g0/m1/r1/MAP_NOISE_ONLY,REPEATED_STRUCTURE,0,1850310744,1,1664898153,1,MAP_NOISE_ONLY,NEW_DEVELOPMENT_GENERATED,false,pcl_iterative_closest_point_with_normals,full-synthetic-development-v1/REPEATED_STRUCTURE/g0/m1/r1/MAP_NOISE_ONLY/pcl_iterative_closest_point_with_normals
full-synthetic-development-v1/REPEATED_STRUCTURE/g0/m1/r1/DROPOUT_ONLY,REPEATED_STRUCTURE,0,1850310744,1,1664898153,1,DROPOUT_ONLY,NEW_DEVELOPMENT_GENERATED,false,open3d_point_to_plane,full-synthetic-development-v1/REPEATED_STRUCTURE/g0/m1/r1/DROPOUT_ONLY/open3d_point_to_plane
full-synthetic-development-v1/REPEATED_STRUCTURE/g0/m1/r1/DROPOUT_ONLY,REPEATED_STRUCTURE,0,1850310744,1,1664898153,1,DROPOUT_ONLY,NEW_DEVELOPMENT_GENERATED,false,pcl_iterative_closest_point_with_normals,full-synthetic-development-v1/REPEATED_STRUCTURE/g0/m1/r1/DROPOUT_ONLY/pcl_iterative_closest_point_with_normals
full-synthetic-development-v1/REPEATED_STRUCTURE/g0/m1/r1/FULL_NOISE,REPEATED_STRUCTURE,0,1850310744,1,1664898153,1,FULL_NOISE,NEW_DEVELOPMENT_GENERATED,false,open3d_point_to_plane,full-synthetic-development-v1/REPEATED_STRUCTURE/g0/m1/r1/FULL_NOISE/open3d_point_to_plane
full-synthetic-development-v1/REPEATED_STRUCTURE/g0/m1/r1/FULL_NOISE,REPEATED_STRUCTURE,0,1850310744,1,1664898153,1,FULL_NOISE,NEW_DEVELOPMENT_GENERATED,false,pcl_iterative_closest_point_with_normals,full-synthetic-development-v1/REPEATED_STRUCTURE/g0/m1/r1/FULL_NOISE/pcl_iterative_closest_point_with_normals
full-synthetic-development-v1/REPEATED_STRUCTURE/g0/m1/r2/INDEPENDENT_NOISE_FREE,REPEATED_STRUCTURE,0,1850310744,1,1664898153,2,INDEPENDENT_NOISE_FREE,NEW_DEVELOPMENT_GENERATED,false,open3d_point_to_plane,full-synthetic-development-v1/REPEATED_STRUCTURE/g0/m1/r2/INDEPENDENT_NOISE_FREE/open3d_point_to_plane
full-synthetic-development-v1/REPEATED_STRUCTURE/g0/m1/r2/INDEPENDENT_NOISE_FREE,REPEATED_STRUCTURE,0,1850310744,1,1664898153,2,INDEPENDENT_NOISE_FREE,NEW_DEVELOPMENT_GENERATED,false,pcl_iterative_closest_point_with_normals,full-synthetic-development-v1/REPEATED_STRUCTURE/g0/m1/r2/INDEPENDENT_NOISE_FREE/pcl_iterative_closest_point_with_normals
full-synthetic-development-v1/REPEATED_STRUCTURE/g0/m1/r2/SCAN_NOISE_ONLY,REPEATED_STRUCTURE,0,1850310744,1,1664898153,2,SCAN_NOISE_ONLY,NEW_DEVELOPMENT_GENERATED,false,open3d_point_to_plane,full-synthetic-development-v1/REPEATED_STRUCTURE/g0/m1/r2/SCAN_NOISE_ONLY/open3d_point_to_plane
full-synthetic-development-v1/REPEATED_STRUCTURE/g0/m1/r2/SCAN_NOISE_ONLY,REPEATED_STRUCTURE,0,1850310744,1,1664898153,2,SCAN_NOISE_ONLY,NEW_DEVELOPMENT_GENERATED,false,pcl_iterative_closest_point_with_normals,full-synthetic-development-v1/REPEATED_STRUCTURE/g0/m1/r2/SCAN_NOISE_ONLY/pcl_iterative_closest_point_with_normals
full-synthetic-development-v1/REPEATED_STRUCTURE/g0/m1/r2/MAP_NOISE_ONLY,REPEATED_STRUCTURE,0,1850310744,1,1664898153,2,MAP_NOISE_ONLY,NEW_DEVELOPMENT_GENERATED,false,open3d_point_to_plane,full-synthetic-development-v1/REPEATED_STRUCTURE/g0/m1/r2/MAP_NOISE_ONLY/open3d_point_to_plane
full-synthetic-development-v1/REPEATED_STRUCTURE/g0/m1/r2/MAP_NOISE_ONLY,REPEATED_STRUCTURE,0,1850310744,1,1664898153,2,MAP_NOISE_ONLY,NEW_DEVELOPMENT_GENERATED,false,pcl_iterative_closest_point_with_normals,full-synthetic-development-v1/REPEATED_STRUCTURE/g0/m1/r2/MAP_NOISE_ONLY/pcl_iterative_closest_point_with_normals
full-synthetic-development-v1/REPEATED_STRUCTURE/g0/m1/r2/DROPOUT_ONLY,REPEATED_STRUCTURE,0,1850310744,1,1664898153,2,DROPOUT_ONLY,NEW_DEVELOPMENT_GENERATED,false,open3d_point_to_plane,full-synthetic-development-v1/REPEATED_STRUCTURE/g0/m1/r2/DROPOUT_ONLY/open3d_point_to_plane
full-synthetic-development-v1/REPEATED_STRUCTURE/g0/m1/r2/DROPOUT_ONLY,REPEATED_STRUCTURE,0,1850310744,1,1664898153,2,DROPOUT_ONLY,NEW_DEVELOPMENT_GENERATED,false,pcl_iterative_closest_point_with_normals,full-synthetic-development-v1/REPEATED_STRUCTURE/g0/m1/r2/DROPOUT_ONLY/pcl_iterative_closest_point_with_normals
full-synthetic-development-v1/REPEATED_STRUCTURE/g0/m1/r2/FULL_NOISE,REPEATED_STRUCTURE,0,1850310744,1,1664898153,2,FULL_NOISE,NEW_DEVELOPMENT_GENERATED,false,open3d_point_to_plane,full-synthetic-development-v1/REPEATED_STRUCTURE/g0/m1/r2/FULL_NOISE/open3d_point_to_plane
full-synthetic-development-v1/REPEATED_STRUCTURE/g0/m1/r2/FULL_NOISE,REPEATED_STRUCTURE,0,1850310744,1,1664898153,2,FULL_NOISE,NEW_DEVELOPMENT_GENERATED,false,pcl_iterative_closest_point_with_normals,full-synthetic-development-v1/REPEATED_STRUCTURE/g0/m1/r2/FULL_NOISE/pcl_iterative_closest_point_with_normals
full-synthetic-development-v1/REPEATED_STRUCTURE/g0/m1/r3/INDEPENDENT_NOISE_FREE,REPEATED_STRUCTURE,0,1850310744,1,1664898153,3,INDEPENDENT_NOISE_FREE,NEW_DEVELOPMENT_GENERATED,false,open3d_point_to_plane,full-synthetic-development-v1/REPEATED_STRUCTURE/g0/m1/r3/INDEPENDENT_NOISE_FREE/open3d_point_to_plane
full-synthetic-development-v1/REPEATED_STRUCTURE/g0/m1/r3/INDEPENDENT_NOISE_FREE,REPEATED_STRUCTURE,0,1850310744,1,1664898153,3,INDEPENDENT_NOISE_FREE,NEW_DEVELOPMENT_GENERATED,false,pcl_iterative_closest_point_with_normals,full-synthetic-development-v1/REPEATED_STRUCTURE/g0/m1/r3/INDEPENDENT_NOISE_FREE/pcl_iterative_closest_point_with_normals
full-synthetic-development-v1/REPEATED_STRUCTURE/g0/m1/r3/SCAN_NOISE_ONLY,REPEATED_STRUCTURE,0,1850310744,1,1664898153,3,SCAN_NOISE_ONLY,NEW_DEVELOPMENT_GENERATED,false,open3d_point_to_plane,full-synthetic-development-v1/REPEATED_STRUCTURE/g0/m1/r3/SCAN_NOISE_ONLY/open3d_point_to_plane
full-synthetic-development-v1/REPEATED_STRUCTURE/g0/m1/r3/SCAN_NOISE_ONLY,REPEATED_STRUCTURE,0,1850310744,1,1664898153,3,SCAN_NOISE_ONLY,NEW_DEVELOPMENT_GENERATED,false,pcl_iterative_closest_point_with_normals,full-synthetic-development-v1/REPEATED_STRUCTURE/g0/m1/r3/SCAN_NOISE_ONLY/pcl_iterative_closest_point_with_normals
full-synthetic-development-v1/REPEATED_STRUCTURE/g0/m1/r3/MAP_NOISE_ONLY,REPEATED_STRUCTURE,0,1850310744,1,1664898153,3,MAP_NOISE_ONLY,NEW_DEVELOPMENT_GENERATED,false,open3d_point_to_plane,full-synthetic-development-v1/REPEATED_STRUCTURE/g0/m1/r3/MAP_NOISE_ONLY/open3d_point_to_plane
full-synthetic-development-v1/REPEATED_STRUCTURE/g0/m1/r3/MAP_NOISE_ONLY,REPEATED_STRUCTURE,0,1850310744,1,1664898153,3,MAP_NOISE_ONLY,NEW_DEVELOPMENT_GENERATED,false,pcl_iterative_closest_point_with_normals,full-synthetic-development-v1/REPEATED_STRUCTURE/g0/m1/r3/MAP_NOISE_ONLY/pcl_iterative_closest_point_with_normals
full-synthetic-development-v1/REPEATED_STRUCTURE/g0/m1/r3/DROPOUT_ONLY,REPEATED_STRUCTURE,0,1850310744,1,1664898153,3,DROPOUT_ONLY,NEW_DEVELOPMENT_GENERATED,false,open3d_point_to_plane,full-synthetic-development-v1/REPEATED_STRUCTURE/g0/m1/r3/DROPOUT_ONLY/open3d_point_to_plane
full-synthetic-development-v1/REPEATED_STRUCTURE/g0/m1/r3/DROPOUT_ONLY,REPEATED_STRUCTURE,0,1850310744,1,1664898153,3,DROPOUT_ONLY,NEW_DEVELOPMENT_GENERATED,false,pcl_iterative_closest_point_with_normals,full-synthetic-development-v1/REPEATED_STRUCTURE/g0/m1/r3/DROPOUT_ONLY/pcl_iterative_closest_point_with_normals
full-synthetic-development-v1/REPEATED_STRUCTURE/g0/m1/r3/FULL_NOISE,REPEATED_STRUCTURE,0,1850310744,1,1664898153,3,FULL_NOISE,NEW_DEVELOPMENT_GENERATED,false,open3d_point_to_plane,full-synthetic-development-v1/REPEATED_STRUCTURE/g0/m1/r3/FULL_NOISE/open3d_point_to_plane
full-synthetic-development-v1/REPEATED_STRUCTURE/g0/m1/r3/FULL_NOISE,REPEATED_STRUCTURE,0,1850310744,1,1664898153,3,FULL_NOISE,NEW_DEVELOPMENT_GENERATED,false,pcl_iterative_closest_point_with_normals,full-synthetic-development-v1/REPEATED_STRUCTURE/g0/m1/r3/FULL_NOISE/pcl_iterative_closest_point_with_normals
full-synthetic-development-v1/REPEATED_STRUCTURE/g0/m1/r4/INDEPENDENT_NOISE_FREE,REPEATED_STRUCTURE,0,1850310744,1,1664898153,4,INDEPENDENT_NOISE_FREE,NEW_DEVELOPMENT_GENERATED,false,open3d_point_to_plane,full-synthetic-development-v1/REPEATED_STRUCTURE/g0/m1/r4/INDEPENDENT_NOISE_FREE/open3d_point_to_plane
full-synthetic-development-v1/REPEATED_STRUCTURE/g0/m1/r4/INDEPENDENT_NOISE_FREE,REPEATED_STRUCTURE,0,1850310744,1,1664898153,4,INDEPENDENT_NOISE_FREE,NEW_DEVELOPMENT_GENERATED,false,pcl_iterative_closest_point_with_normals,full-synthetic-development-v1/REPEATED_STRUCTURE/g0/m1/r4/INDEPENDENT_NOISE_FREE/pcl_iterative_closest_point_with_normals
full-synthetic-development-v1/REPEATED_STRUCTURE/g0/m1/r4/SCAN_NOISE_ONLY,REPEATED_STRUCTURE,0,1850310744,1,1664898153,4,SCAN_NOISE_ONLY,NEW_DEVELOPMENT_GENERATED,false,open3d_point_to_plane,full-synthetic-development-v1/REPEATED_STRUCTURE/g0/m1/r4/SCAN_NOISE_ONLY/open3d_point_to_plane
full-synthetic-development-v1/REPEATED_STRUCTURE/g0/m1/r4/SCAN_NOISE_ONLY,REPEATED_STRUCTURE,0,1850310744,1,1664898153,4,SCAN_NOISE_ONLY,NEW_DEVELOPMENT_GENERATED,false,pcl_iterative_closest_point_with_normals,full-synthetic-development-v1/REPEATED_STRUCTURE/g0/m1/r4/SCAN_NOISE_ONLY/pcl_iterative_closest_point_with_normals
full-synthetic-development-v1/REPEATED_STRUCTURE/g0/m1/r4/MAP_NOISE_ONLY,REPEATED_STRUCTURE,0,1850310744,1,1664898153,4,MAP_NOISE_ONLY,NEW_DEVELOPMENT_GENERATED,false,open3d_point_to_plane,full-synthetic-development-v1/REPEATED_STRUCTURE/g0/m1/r4/MAP_NOISE_ONLY/open3d_point_to_plane
full-synthetic-development-v1/REPEATED_STRUCTURE/g0/m1/r4/MAP_NOISE_ONLY,REPEATED_STRUCTURE,0,1850310744,1,1664898153,4,MAP_NOISE_ONLY,NEW_DEVELOPMENT_GENERATED,false,pcl_iterative_closest_point_with_normals,full-synthetic-development-v1/REPEATED_STRUCTURE/g0/m1/r4/MAP_NOISE_ONLY/pcl_iterative_closest_point_with_normals
full-synthetic-development-v1/REPEATED_STRUCTURE/g0/m1/r4/DROPOUT_ONLY,REPEATED_STRUCTURE,0,1850310744,1,1664898153,4,DROPOUT_ONLY,NEW_DEVELOPMENT_GENERATED,false,open3d_point_to_plane,full-synthetic-development-v1/REPEATED_STRUCTURE/g0/m1/r4/DROPOUT_ONLY/open3d_point_to_plane
full-synthetic-development-v1/REPEATED_STRUCTURE/g0/m1/r4/DROPOUT_ONLY,REPEATED_STRUCTURE,0,1850310744,1,1664898153,4,DROPOUT_ONLY,NEW_DEVELOPMENT_GENERATED,false,pcl_iterative_closest_point_with_normals,full-synthetic-development-v1/REPEATED_STRUCTURE/g0/m1/r4/DROPOUT_ONLY/pcl_iterative_closest_point_with_normals
full-synthetic-development-v1/REPEATED_STRUCTURE/g0/m1/r4/FULL_NOISE,REPEATED_STRUCTURE,0,1850310744,1,1664898153,4,FULL_NOISE,NEW_DEVELOPMENT_GENERATED,false,open3d_point_to_plane,full-synthetic-development-v1/REPEATED_STRUCTURE/g0/m1/r4/FULL_NOISE/open3d_point_to_plane
full-synthetic-development-v1/REPEATED_STRUCTURE/g0/m1/r4/FULL_NOISE,REPEATED_STRUCTURE,0,1850310744,1,1664898153,4,FULL_NOISE,NEW_DEVELOPMENT_GENERATED,false,pcl_iterative_closest_point_with_normals,full-synthetic-development-v1/REPEATED_STRUCTURE/g0/m1/r4/FULL_NOISE/pcl_iterative_closest_point_with_normals
phase-b-signal-v1/REPEATED_STRUCTURE/g1/INDEPENDENT_NOISE_FREE,REPEATED_STRUCTURE,1,1957656152,0,217775206,0,INDEPENDENT_NOISE_FREE,NEW_DEVELOPMENT_GENERATED,true,open3d_point_to_plane,phase-b-signal-v1/REPEATED_STRUCTURE/g1/INDEPENDENT_NOISE_FREE/open3d_point_to_plane
phase-b-signal-v1/REPEATED_STRUCTURE/g1/INDEPENDENT_NOISE_FREE,REPEATED_STRUCTURE,1,1957656152,0,217775206,0,INDEPENDENT_NOISE_FREE,NEW_DEVELOPMENT_GENERATED,true,pcl_iterative_closest_point_with_normals,phase-b-signal-v1/REPEATED_STRUCTURE/g1/INDEPENDENT_NOISE_FREE/pcl_iterative_closest_point_with_normals
full-synthetic-development-v1/REPEATED_STRUCTURE/g1/m0/r0/SCAN_NOISE_ONLY,REPEATED_STRUCTURE,1,1957656152,0,217775206,0,SCAN_NOISE_ONLY,NEW_DEVELOPMENT_GENERATED,false,open3d_point_to_plane,full-synthetic-development-v1/REPEATED_STRUCTURE/g1/m0/r0/SCAN_NOISE_ONLY/open3d_point_to_plane
full-synthetic-development-v1/REPEATED_STRUCTURE/g1/m0/r0/SCAN_NOISE_ONLY,REPEATED_STRUCTURE,1,1957656152,0,217775206,0,SCAN_NOISE_ONLY,NEW_DEVELOPMENT_GENERATED,false,pcl_iterative_closest_point_with_normals,full-synthetic-development-v1/REPEATED_STRUCTURE/g1/m0/r0/SCAN_NOISE_ONLY/pcl_iterative_closest_point_with_normals
full-synthetic-development-v1/REPEATED_STRUCTURE/g1/m0/r0/MAP_NOISE_ONLY,REPEATED_STRUCTURE,1,1957656152,0,217775206,0,MAP_NOISE_ONLY,NEW_DEVELOPMENT_GENERATED,false,open3d_point_to_plane,full-synthetic-development-v1/REPEATED_STRUCTURE/g1/m0/r0/MAP_NOISE_ONLY/open3d_point_to_plane
full-synthetic-development-v1/REPEATED_STRUCTURE/g1/m0/r0/MAP_NOISE_ONLY,REPEATED_STRUCTURE,1,1957656152,0,217775206,0,MAP_NOISE_ONLY,NEW_DEVELOPMENT_GENERATED,false,pcl_iterative_closest_point_with_normals,full-synthetic-development-v1/REPEATED_STRUCTURE/g1/m0/r0/MAP_NOISE_ONLY/pcl_iterative_closest_point_with_normals
full-synthetic-development-v1/REPEATED_STRUCTURE/g1/m0/r0/DROPOUT_ONLY,REPEATED_STRUCTURE,1,1957656152,0,217775206,0,DROPOUT_ONLY,NEW_DEVELOPMENT_GENERATED,false,open3d_point_to_plane,full-synthetic-development-v1/REPEATED_STRUCTURE/g1/m0/r0/DROPOUT_ONLY/open3d_point_to_plane
full-synthetic-development-v1/REPEATED_STRUCTURE/g1/m0/r0/DROPOUT_ONLY,REPEATED_STRUCTURE,1,1957656152,0,217775206,0,DROPOUT_ONLY,NEW_DEVELOPMENT_GENERATED,false,pcl_iterative_closest_point_with_normals,full-synthetic-development-v1/REPEATED_STRUCTURE/g1/m0/r0/DROPOUT_ONLY/pcl_iterative_closest_point_with_normals
phase-b-signal-v1/REPEATED_STRUCTURE/g1/FULL_NOISE,REPEATED_STRUCTURE,1,1957656152,0,217775206,0,FULL_NOISE,NEW_DEVELOPMENT_GENERATED,true,open3d_point_to_plane,phase-b-signal-v1/REPEATED_STRUCTURE/g1/FULL_NOISE/open3d_point_to_plane
phase-b-signal-v1/REPEATED_STRUCTURE/g1/FULL_NOISE,REPEATED_STRUCTURE,1,1957656152,0,217775206,0,FULL_NOISE,NEW_DEVELOPMENT_GENERATED,true,pcl_iterative_closest_point_with_normals,phase-b-signal-v1/REPEATED_STRUCTURE/g1/FULL_NOISE/pcl_iterative_closest_point_with_normals
full-synthetic-development-v1/REPEATED_STRUCTURE/g1/m0/r1/INDEPENDENT_NOISE_FREE,REPEATED_STRUCTURE,1,1957656152,0,217775206,1,INDEPENDENT_NOISE_FREE,NEW_DEVELOPMENT_GENERATED,false,open3d_point_to_plane,full-synthetic-development-v1/REPEATED_STRUCTURE/g1/m0/r1/INDEPENDENT_NOISE_FREE/open3d_point_to_plane
full-synthetic-development-v1/REPEATED_STRUCTURE/g1/m0/r1/INDEPENDENT_NOISE_FREE,REPEATED_STRUCTURE,1,1957656152,0,217775206,1,INDEPENDENT_NOISE_FREE,NEW_DEVELOPMENT_GENERATED,false,pcl_iterative_closest_point_with_normals,full-synthetic-development-v1/REPEATED_STRUCTURE/g1/m0/r1/INDEPENDENT_NOISE_FREE/pcl_iterative_closest_point_with_normals
full-synthetic-development-v1/REPEATED_STRUCTURE/g1/m0/r1/SCAN_NOISE_ONLY,REPEATED_STRUCTURE,1,1957656152,0,217775206,1,SCAN_NOISE_ONLY,NEW_DEVELOPMENT_GENERATED,false,open3d_point_to_plane,full-synthetic-development-v1/REPEATED_STRUCTURE/g1/m0/r1/SCAN_NOISE_ONLY/open3d_point_to_plane
full-synthetic-development-v1/REPEATED_STRUCTURE/g1/m0/r1/SCAN_NOISE_ONLY,REPEATED_STRUCTURE,1,1957656152,0,217775206,1,SCAN_NOISE_ONLY,NEW_DEVELOPMENT_GENERATED,false,pcl_iterative_closest_point_with_normals,full-synthetic-development-v1/REPEATED_STRUCTURE/g1/m0/r1/SCAN_NOISE_ONLY/pcl_iterative_closest_point_with_normals
full-synthetic-development-v1/REPEATED_STRUCTURE/g1/m0/r1/MAP_NOISE_ONLY,REPEATED_STRUCTURE,1,1957656152,0,217775206,1,MAP_NOISE_ONLY,NEW_DEVELOPMENT_GENERATED,false,open3d_point_to_plane,full-synthetic-development-v1/REPEATED_STRUCTURE/g1/m0/r1/MAP_NOISE_ONLY/open3d_point_to_plane
full-synthetic-development-v1/REPEATED_STRUCTURE/g1/m0/r1/MAP_NOISE_ONLY,REPEATED_STRUCTURE,1,1957656152,0,217775206,1,MAP_NOISE_ONLY,NEW_DEVELOPMENT_GENERATED,false,pcl_iterative_closest_point_with_normals,full-synthetic-development-v1/REPEATED_STRUCTURE/g1/m0/r1/MAP_NOISE_ONLY/pcl_iterative_closest_point_with_normals
full-synthetic-development-v1/REPEATED_STRUCTURE/g1/m0/r1/DROPOUT_ONLY,REPEATED_STRUCTURE,1,1957656152,0,217775206,1,DROPOUT_ONLY,NEW_DEVELOPMENT_GENERATED,false,open3d_point_to_plane,full-synthetic-development-v1/REPEATED_STRUCTURE/g1/m0/r1/DROPOUT_ONLY/open3d_point_to_plane
full-synthetic-development-v1/REPEATED_STRUCTURE/g1/m0/r1/DROPOUT_ONLY,REPEATED_STRUCTURE,1,1957656152,0,217775206,1,DROPOUT_ONLY,NEW_DEVELOPMENT_GENERATED,false,pcl_iterative_closest_point_with_normals,full-synthetic-development-v1/REPEATED_STRUCTURE/g1/m0/r1/DROPOUT_ONLY/pcl_iterative_closest_point_with_normals
full-synthetic-development-v1/REPEATED_STRUCTURE/g1/m0/r1/FULL_NOISE,REPEATED_STRUCTURE,1,1957656152,0,217775206,1,FULL_NOISE,NEW_DEVELOPMENT_GENERATED,false,open3d_point_to_plane,full-synthetic-development-v1/REPEATED_STRUCTURE/g1/m0/r1/FULL_NOISE/open3d_point_to_plane
full-synthetic-development-v1/REPEATED_STRUCTURE/g1/m0/r1/FULL_NOISE,REPEATED_STRUCTURE,1,1957656152,0,217775206,1,FULL_NOISE,NEW_DEVELOPMENT_GENERATED,false,pcl_iterative_closest_point_with_normals,full-synthetic-development-v1/REPEATED_STRUCTURE/g1/m0/r1/FULL_NOISE/pcl_iterative_closest_point_with_normals
full-synthetic-development-v1/REPEATED_STRUCTURE/g1/m0/r2/INDEPENDENT_NOISE_FREE,REPEATED_STRUCTURE,1,1957656152,0,217775206,2,INDEPENDENT_NOISE_FREE,NEW_DEVELOPMENT_GENERATED,false,open3d_point_to_plane,full-synthetic-development-v1/REPEATED_STRUCTURE/g1/m0/r2/INDEPENDENT_NOISE_FREE/open3d_point_to_plane
full-synthetic-development-v1/REPEATED_STRUCTURE/g1/m0/r2/INDEPENDENT_NOISE_FREE,REPEATED_STRUCTURE,1,1957656152,0,217775206,2,INDEPENDENT_NOISE_FREE,NEW_DEVELOPMENT_GENERATED,false,pcl_iterative_closest_point_with_normals,full-synthetic-development-v1/REPEATED_STRUCTURE/g1/m0/r2/INDEPENDENT_NOISE_FREE/pcl_iterative_closest_point_with_normals
full-synthetic-development-v1/REPEATED_STRUCTURE/g1/m0/r2/SCAN_NOISE_ONLY,REPEATED_STRUCTURE,1,1957656152,0,217775206,2,SCAN_NOISE_ONLY,NEW_DEVELOPMENT_GENERATED,false,open3d_point_to_plane,full-synthetic-development-v1/REPEATED_STRUCTURE/g1/m0/r2/SCAN_NOISE_ONLY/open3d_point_to_plane
full-synthetic-development-v1/REPEATED_STRUCTURE/g1/m0/r2/SCAN_NOISE_ONLY,REPEATED_STRUCTURE,1,1957656152,0,217775206,2,SCAN_NOISE_ONLY,NEW_DEVELOPMENT_GENERATED,false,pcl_iterative_closest_point_with_normals,full-synthetic-development-v1/REPEATED_STRUCTURE/g1/m0/r2/SCAN_NOISE_ONLY/pcl_iterative_closest_point_with_normals
full-synthetic-development-v1/REPEATED_STRUCTURE/g1/m0/r2/MAP_NOISE_ONLY,REPEATED_STRUCTURE,1,1957656152,0,217775206,2,MAP_NOISE_ONLY,NEW_DEVELOPMENT_GENERATED,false,open3d_point_to_plane,full-synthetic-development-v1/REPEATED_STRUCTURE/g1/m0/r2/MAP_NOISE_ONLY/open3d_point_to_plane
full-synthetic-development-v1/REPEATED_STRUCTURE/g1/m0/r2/MAP_NOISE_ONLY,REPEATED_STRUCTURE,1,1957656152,0,217775206,2,MAP_NOISE_ONLY,NEW_DEVELOPMENT_GENERATED,false,pcl_iterative_closest_point_with_normals,full-synthetic-development-v1/REPEATED_STRUCTURE/g1/m0/r2/MAP_NOISE_ONLY/pcl_iterative_closest_point_with_normals
full-synthetic-development-v1/REPEATED_STRUCTURE/g1/m0/r2/DROPOUT_ONLY,REPEATED_STRUCTURE,1,1957656152,0,217775206,2,DROPOUT_ONLY,NEW_DEVELOPMENT_GENERATED,false,open3d_point_to_plane,full-synthetic-development-v1/REPEATED_STRUCTURE/g1/m0/r2/DROPOUT_ONLY/open3d_point_to_plane
full-synthetic-development-v1/REPEATED_STRUCTURE/g1/m0/r2/DROPOUT_ONLY,REPEATED_STRUCTURE,1,1957656152,0,217775206,2,DROPOUT_ONLY,NEW_DEVELOPMENT_GENERATED,false,pcl_iterative_closest_point_with_normals,full-synthetic-development-v1/REPEATED_STRUCTURE/g1/m0/r2/DROPOUT_ONLY/pcl_iterative_closest_point_with_normals
full-synthetic-development-v1/REPEATED_STRUCTURE/g1/m0/r2/FULL_NOISE,REPEATED_STRUCTURE,1,1957656152,0,217775206,2,FULL_NOISE,NEW_DEVELOPMENT_GENERATED,false,open3d_point_to_plane,full-synthetic-development-v1/REPEATED_STRUCTURE/g1/m0/r2/FULL_NOISE/open3d_point_to_plane
full-synthetic-development-v1/REPEATED_STRUCTURE/g1/m0/r2/FULL_NOISE,REPEATED_STRUCTURE,1,1957656152,0,217775206,2,FULL_NOISE,NEW_DEVELOPMENT_GENERATED,false,pcl_iterative_closest_point_with_normals,full-synthetic-development-v1/REPEATED_STRUCTURE/g1/m0/r2/FULL_NOISE/pcl_iterative_closest_point_with_normals
full-synthetic-development-v1/REPEATED_STRUCTURE/g1/m0/r3/INDEPENDENT_NOISE_FREE,REPEATED_STRUCTURE,1,1957656152,0,217775206,3,INDEPENDENT_NOISE_FREE,NEW_DEVELOPMENT_GENERATED,false,open3d_point_to_plane,full-synthetic-development-v1/REPEATED_STRUCTURE/g1/m0/r3/INDEPENDENT_NOISE_FREE/open3d_point_to_plane
full-synthetic-development-v1/REPEATED_STRUCTURE/g1/m0/r3/INDEPENDENT_NOISE_FREE,REPEATED_STRUCTURE,1,1957656152,0,217775206,3,INDEPENDENT_NOISE_FREE,NEW_DEVELOPMENT_GENERATED,false,pcl_iterative_closest_point_with_normals,full-synthetic-development-v1/REPEATED_STRUCTURE/g1/m0/r3/INDEPENDENT_NOISE_FREE/pcl_iterative_closest_point_with_normals
full-synthetic-development-v1/REPEATED_STRUCTURE/g1/m0/r3/SCAN_NOISE_ONLY,REPEATED_STRUCTURE,1,1957656152,0,217775206,3,SCAN_NOISE_ONLY,NEW_DEVELOPMENT_GENERATED,false,open3d_point_to_plane,full-synthetic-development-v1/REPEATED_STRUCTURE/g1/m0/r3/SCAN_NOISE_ONLY/open3d_point_to_plane
full-synthetic-development-v1/REPEATED_STRUCTURE/g1/m0/r3/SCAN_NOISE_ONLY,REPEATED_STRUCTURE,1,1957656152,0,217775206,3,SCAN_NOISE_ONLY,NEW_DEVELOPMENT_GENERATED,false,pcl_iterative_closest_point_with_normals,full-synthetic-development-v1/REPEATED_STRUCTURE/g1/m0/r3/SCAN_NOISE_ONLY/pcl_iterative_closest_point_with_normals
full-synthetic-development-v1/REPEATED_STRUCTURE/g1/m0/r3/MAP_NOISE_ONLY,REPEATED_STRUCTURE,1,1957656152,0,217775206,3,MAP_NOISE_ONLY,NEW_DEVELOPMENT_GENERATED,false,open3d_point_to_plane,full-synthetic-development-v1/REPEATED_STRUCTURE/g1/m0/r3/MAP_NOISE_ONLY/open3d_point_to_plane
full-synthetic-development-v1/REPEATED_STRUCTURE/g1/m0/r3/MAP_NOISE_ONLY,REPEATED_STRUCTURE,1,1957656152,0,217775206,3,MAP_NOISE_ONLY,NEW_DEVELOPMENT_GENERATED,false,pcl_iterative_closest_point_with_normals,full-synthetic-development-v1/REPEATED_STRUCTURE/g1/m0/r3/MAP_NOISE_ONLY/pcl_iterative_closest_point_with_normals
full-synthetic-development-v1/REPEATED_STRUCTURE/g1/m0/r3/DROPOUT_ONLY,REPEATED_STRUCTURE,1,1957656152,0,217775206,3,DROPOUT_ONLY,NEW_DEVELOPMENT_GENERATED,false,open3d_point_to_plane,full-synthetic-development-v1/REPEATED_STRUCTURE/g1/m0/r3/DROPOUT_ONLY/open3d_point_to_plane
full-synthetic-development-v1/REPEATED_STRUCTURE/g1/m0/r3/DROPOUT_ONLY,REPEATED_STRUCTURE,1,1957656152,0,217775206,3,DROPOUT_ONLY,NEW_DEVELOPMENT_GENERATED,false,pcl_iterative_closest_point_with_normals,full-synthetic-development-v1/REPEATED_STRUCTURE/g1/m0/r3/DROPOUT_ONLY/pcl_iterative_closest_point_with_normals
full-synthetic-development-v1/REPEATED_STRUCTURE/g1/m0/r3/FULL_NOISE,REPEATED_STRUCTURE,1,1957656152,0,217775206,3,FULL_NOISE,NEW_DEVELOPMENT_GENERATED,false,open3d_point_to_plane,full-synthetic-development-v1/REPEATED_STRUCTURE/g1/m0/r3/FULL_NOISE/open3d_point_to_plane
full-synthetic-development-v1/REPEATED_STRUCTURE/g1/m0/r3/FULL_NOISE,REPEATED_STRUCTURE,1,1957656152,0,217775206,3,FULL_NOISE,NEW_DEVELOPMENT_GENERATED,false,pcl_iterative_closest_point_with_normals,full-synthetic-development-v1/REPEATED_STRUCTURE/g1/m0/r3/FULL_NOISE/pcl_iterative_closest_point_with_normals
full-synthetic-development-v1/REPEATED_STRUCTURE/g1/m0/r4/INDEPENDENT_NOISE_FREE,REPEATED_STRUCTURE,1,1957656152,0,217775206,4,INDEPENDENT_NOISE_FREE,NEW_DEVELOPMENT_GENERATED,false,open3d_point_to_plane,full-synthetic-development-v1/REPEATED_STRUCTURE/g1/m0/r4/INDEPENDENT_NOISE_FREE/open3d_point_to_plane
full-synthetic-development-v1/REPEATED_STRUCTURE/g1/m0/r4/INDEPENDENT_NOISE_FREE,REPEATED_STRUCTURE,1,1957656152,0,217775206,4,INDEPENDENT_NOISE_FREE,NEW_DEVELOPMENT_GENERATED,false,pcl_iterative_closest_point_with_normals,full-synthetic-development-v1/REPEATED_STRUCTURE/g1/m0/r4/INDEPENDENT_NOISE_FREE/pcl_iterative_closest_point_with_normals
full-synthetic-development-v1/REPEATED_STRUCTURE/g1/m0/r4/SCAN_NOISE_ONLY,REPEATED_STRUCTURE,1,1957656152,0,217775206,4,SCAN_NOISE_ONLY,NEW_DEVELOPMENT_GENERATED,false,open3d_point_to_plane,full-synthetic-development-v1/REPEATED_STRUCTURE/g1/m0/r4/SCAN_NOISE_ONLY/open3d_point_to_plane
full-synthetic-development-v1/REPEATED_STRUCTURE/g1/m0/r4/SCAN_NOISE_ONLY,REPEATED_STRUCTURE,1,1957656152,0,217775206,4,SCAN_NOISE_ONLY,NEW_DEVELOPMENT_GENERATED,false,pcl_iterative_closest_point_with_normals,full-synthetic-development-v1/REPEATED_STRUCTURE/g1/m0/r4/SCAN_NOISE_ONLY/pcl_iterative_closest_point_with_normals
full-synthetic-development-v1/REPEATED_STRUCTURE/g1/m0/r4/MAP_NOISE_ONLY,REPEATED_STRUCTURE,1,1957656152,0,217775206,4,MAP_NOISE_ONLY,NEW_DEVELOPMENT_GENERATED,false,open3d_point_to_plane,full-synthetic-development-v1/REPEATED_STRUCTURE/g1/m0/r4/MAP_NOISE_ONLY/open3d_point_to_plane
full-synthetic-development-v1/REPEATED_STRUCTURE/g1/m0/r4/MAP_NOISE_ONLY,REPEATED_STRUCTURE,1,1957656152,0,217775206,4,MAP_NOISE_ONLY,NEW_DEVELOPMENT_GENERATED,false,pcl_iterative_closest_point_with_normals,full-synthetic-development-v1/REPEATED_STRUCTURE/g1/m0/r4/MAP_NOISE_ONLY/pcl_iterative_closest_point_with_normals
full-synthetic-development-v1/REPEATED_STRUCTURE/g1/m0/r4/DROPOUT_ONLY,REPEATED_STRUCTURE,1,1957656152,0,217775206,4,DROPOUT_ONLY,NEW_DEVELOPMENT_GENERATED,false,open3d_point_to_plane,full-synthetic-development-v1/REPEATED_STRUCTURE/g1/m0/r4/DROPOUT_ONLY/open3d_point_to_plane
full-synthetic-development-v1/REPEATED_STRUCTURE/g1/m0/r4/DROPOUT_ONLY,REPEATED_STRUCTURE,1,1957656152,0,217775206,4,DROPOUT_ONLY,NEW_DEVELOPMENT_GENERATED,false,pcl_iterative_closest_point_with_normals,full-synthetic-development-v1/REPEATED_STRUCTURE/g1/m0/r4/DROPOUT_ONLY/pcl_iterative_closest_point_with_normals
full-synthetic-development-v1/REPEATED_STRUCTURE/g1/m0/r4/FULL_NOISE,REPEATED_STRUCTURE,1,1957656152,0,217775206,4,FULL_NOISE,NEW_DEVELOPMENT_GENERATED,false,open3d_point_to_plane,full-synthetic-development-v1/REPEATED_STRUCTURE/g1/m0/r4/FULL_NOISE/open3d_point_to_plane
full-synthetic-development-v1/REPEATED_STRUCTURE/g1/m0/r4/FULL_NOISE,REPEATED_STRUCTURE,1,1957656152,0,217775206,4,FULL_NOISE,NEW_DEVELOPMENT_GENERATED,false,pcl_iterative_closest_point_with_normals,full-synthetic-development-v1/REPEATED_STRUCTURE/g1/m0/r4/FULL_NOISE/pcl_iterative_closest_point_with_normals
full-synthetic-development-v1/REPEATED_STRUCTURE/g1/m1/r0/INDEPENDENT_NOISE_FREE,REPEATED_STRUCTURE,1,1957656152,1,1664898153,0,INDEPENDENT_NOISE_FREE,NEW_DEVELOPMENT_GENERATED,false,open3d_point_to_plane,full-synthetic-development-v1/REPEATED_STRUCTURE/g1/m1/r0/INDEPENDENT_NOISE_FREE/open3d_point_to_plane
full-synthetic-development-v1/REPEATED_STRUCTURE/g1/m1/r0/INDEPENDENT_NOISE_FREE,REPEATED_STRUCTURE,1,1957656152,1,1664898153,0,INDEPENDENT_NOISE_FREE,NEW_DEVELOPMENT_GENERATED,false,pcl_iterative_closest_point_with_normals,full-synthetic-development-v1/REPEATED_STRUCTURE/g1/m1/r0/INDEPENDENT_NOISE_FREE/pcl_iterative_closest_point_with_normals
full-synthetic-development-v1/REPEATED_STRUCTURE/g1/m1/r0/SCAN_NOISE_ONLY,REPEATED_STRUCTURE,1,1957656152,1,1664898153,0,SCAN_NOISE_ONLY,NEW_DEVELOPMENT_GENERATED,false,open3d_point_to_plane,full-synthetic-development-v1/REPEATED_STRUCTURE/g1/m1/r0/SCAN_NOISE_ONLY/open3d_point_to_plane
full-synthetic-development-v1/REPEATED_STRUCTURE/g1/m1/r0/SCAN_NOISE_ONLY,REPEATED_STRUCTURE,1,1957656152,1,1664898153,0,SCAN_NOISE_ONLY,NEW_DEVELOPMENT_GENERATED,false,pcl_iterative_closest_point_with_normals,full-synthetic-development-v1/REPEATED_STRUCTURE/g1/m1/r0/SCAN_NOISE_ONLY/pcl_iterative_closest_point_with_normals
full-synthetic-development-v1/REPEATED_STRUCTURE/g1/m1/r0/MAP_NOISE_ONLY,REPEATED_STRUCTURE,1,1957656152,1,1664898153,0,MAP_NOISE_ONLY,NEW_DEVELOPMENT_GENERATED,false,open3d_point_to_plane,full-synthetic-development-v1/REPEATED_STRUCTURE/g1/m1/r0/MAP_NOISE_ONLY/open3d_point_to_plane
full-synthetic-development-v1/REPEATED_STRUCTURE/g1/m1/r0/MAP_NOISE_ONLY,REPEATED_STRUCTURE,1,1957656152,1,1664898153,0,MAP_NOISE_ONLY,NEW_DEVELOPMENT_GENERATED,false,pcl_iterative_closest_point_with_normals,full-synthetic-development-v1/REPEATED_STRUCTURE/g1/m1/r0/MAP_NOISE_ONLY/pcl_iterative_closest_point_with_normals
full-synthetic-development-v1/REPEATED_STRUCTURE/g1/m1/r0/DROPOUT_ONLY,REPEATED_STRUCTURE,1,1957656152,1,1664898153,0,DROPOUT_ONLY,NEW_DEVELOPMENT_GENERATED,false,open3d_point_to_plane,full-synthetic-development-v1/REPEATED_STRUCTURE/g1/m1/r0/DROPOUT_ONLY/open3d_point_to_plane
full-synthetic-development-v1/REPEATED_STRUCTURE/g1/m1/r0/DROPOUT_ONLY,REPEATED_STRUCTURE,1,1957656152,1,1664898153,0,DROPOUT_ONLY,NEW_DEVELOPMENT_GENERATED,false,pcl_iterative_closest_point_with_normals,full-synthetic-development-v1/REPEATED_STRUCTURE/g1/m1/r0/DROPOUT_ONLY/pcl_iterative_closest_point_with_normals
full-synthetic-development-v1/REPEATED_STRUCTURE/g1/m1/r0/FULL_NOISE,REPEATED_STRUCTURE,1,1957656152,1,1664898153,0,FULL_NOISE,NEW_DEVELOPMENT_GENERATED,false,open3d_point_to_plane,full-synthetic-development-v1/REPEATED_STRUCTURE/g1/m1/r0/FULL_NOISE/open3d_point_to_plane
full-synthetic-development-v1/REPEATED_STRUCTURE/g1/m1/r0/FULL_NOISE,REPEATED_STRUCTURE,1,1957656152,1,1664898153,0,FULL_NOISE,NEW_DEVELOPMENT_GENERATED,false,pcl_iterative_closest_point_with_normals,full-synthetic-development-v1/REPEATED_STRUCTURE/g1/m1/r0/FULL_NOISE/pcl_iterative_closest_point_with_normals
full-synthetic-development-v1/REPEATED_STRUCTURE/g1/m1/r1/INDEPENDENT_NOISE_FREE,REPEATED_STRUCTURE,1,1957656152,1,1664898153,1,INDEPENDENT_NOISE_FREE,NEW_DEVELOPMENT_GENERATED,false,open3d_point_to_plane,full-synthetic-development-v1/REPEATED_STRUCTURE/g1/m1/r1/INDEPENDENT_NOISE_FREE/open3d_point_to_plane
full-synthetic-development-v1/REPEATED_STRUCTURE/g1/m1/r1/INDEPENDENT_NOISE_FREE,REPEATED_STRUCTURE,1,1957656152,1,1664898153,1,INDEPENDENT_NOISE_FREE,NEW_DEVELOPMENT_GENERATED,false,pcl_iterative_closest_point_with_normals,full-synthetic-development-v1/REPEATED_STRUCTURE/g1/m1/r1/INDEPENDENT_NOISE_FREE/pcl_iterative_closest_point_with_normals
full-synthetic-development-v1/REPEATED_STRUCTURE/g1/m1/r1/SCAN_NOISE_ONLY,REPEATED_STRUCTURE,1,1957656152,1,1664898153,1,SCAN_NOISE_ONLY,NEW_DEVELOPMENT_GENERATED,false,open3d_point_to_plane,full-synthetic-development-v1/REPEATED_STRUCTURE/g1/m1/r1/SCAN_NOISE_ONLY/open3d_point_to_plane
full-synthetic-development-v1/REPEATED_STRUCTURE/g1/m1/r1/SCAN_NOISE_ONLY,REPEATED_STRUCTURE,1,1957656152,1,1664898153,1,SCAN_NOISE_ONLY,NEW_DEVELOPMENT_GENERATED,false,pcl_iterative_closest_point_with_normals,full-synthetic-development-v1/REPEATED_STRUCTURE/g1/m1/r1/SCAN_NOISE_ONLY/pcl_iterative_closest_point_with_normals
full-synthetic-development-v1/REPEATED_STRUCTURE/g1/m1/r1/MAP_NOISE_ONLY,REPEATED_STRUCTURE,1,1957656152,1,1664898153,1,MAP_NOISE_ONLY,NEW_DEVELOPMENT_GENERATED,false,open3d_point_to_plane,full-synthetic-development-v1/REPEATED_STRUCTURE/g1/m1/r1/MAP_NOISE_ONLY/open3d_point_to_plane
full-synthetic-development-v1/REPEATED_STRUCTURE/g1/m1/r1/MAP_NOISE_ONLY,REPEATED_STRUCTURE,1,1957656152,1,1664898153,1,MAP_NOISE_ONLY,NEW_DEVELOPMENT_GENERATED,false,pcl_iterative_closest_point_with_normals,full-synthetic-development-v1/REPEATED_STRUCTURE/g1/m1/r1/MAP_NOISE_ONLY/pcl_iterative_closest_point_with_normals
full-synthetic-development-v1/REPEATED_STRUCTURE/g1/m1/r1/DROPOUT_ONLY,REPEATED_STRUCTURE,1,1957656152,1,1664898153,1,DROPOUT_ONLY,NEW_DEVELOPMENT_GENERATED,false,open3d_point_to_plane,full-synthetic-development-v1/REPEATED_STRUCTURE/g1/m1/r1/DROPOUT_ONLY/open3d_point_to_plane
full-synthetic-development-v1/REPEATED_STRUCTURE/g1/m1/r1/DROPOUT_ONLY,REPEATED_STRUCTURE,1,1957656152,1,1664898153,1,DROPOUT_ONLY,NEW_DEVELOPMENT_GENERATED,false,pcl_iterative_closest_point_with_normals,full-synthetic-development-v1/REPEATED_STRUCTURE/g1/m1/r1/DROPOUT_ONLY/pcl_iterative_closest_point_with_normals
full-synthetic-development-v1/REPEATED_STRUCTURE/g1/m1/r1/FULL_NOISE,REPEATED_STRUCTURE,1,1957656152,1,1664898153,1,FULL_NOISE,NEW_DEVELOPMENT_GENERATED,false,open3d_point_to_plane,full-synthetic-development-v1/REPEATED_STRUCTURE/g1/m1/r1/FULL_NOISE/open3d_point_to_plane
full-synthetic-development-v1/REPEATED_STRUCTURE/g1/m1/r1/FULL_NOISE,REPEATED_STRUCTURE,1,1957656152,1,1664898153,1,FULL_NOISE,NEW_DEVELOPMENT_GENERATED,false,pcl_iterative_closest_point_with_normals,full-synthetic-development-v1/REPEATED_STRUCTURE/g1/m1/r1/FULL_NOISE/pcl_iterative_closest_point_with_normals
full-synthetic-development-v1/REPEATED_STRUCTURE/g1/m1/r2/INDEPENDENT_NOISE_FREE,REPEATED_STRUCTURE,1,1957656152,1,1664898153,2,INDEPENDENT_NOISE_FREE,NEW_DEVELOPMENT_GENERATED,false,open3d_point_to_plane,full-synthetic-development-v1/REPEATED_STRUCTURE/g1/m1/r2/INDEPENDENT_NOISE_FREE/open3d_point_to_plane
full-synthetic-development-v1/REPEATED_STRUCTURE/g1/m1/r2/INDEPENDENT_NOISE_FREE,REPEATED_STRUCTURE,1,1957656152,1,1664898153,2,INDEPENDENT_NOISE_FREE,NEW_DEVELOPMENT_GENERATED,false,pcl_iterative_closest_point_with_normals,full-synthetic-development-v1/REPEATED_STRUCTURE/g1/m1/r2/INDEPENDENT_NOISE_FREE/pcl_iterative_closest_point_with_normals
full-synthetic-development-v1/REPEATED_STRUCTURE/g1/m1/r2/SCAN_NOISE_ONLY,REPEATED_STRUCTURE,1,1957656152,1,1664898153,2,SCAN_NOISE_ONLY,NEW_DEVELOPMENT_GENERATED,false,open3d_point_to_plane,full-synthetic-development-v1/REPEATED_STRUCTURE/g1/m1/r2/SCAN_NOISE_ONLY/open3d_point_to_plane
full-synthetic-development-v1/REPEATED_STRUCTURE/g1/m1/r2/SCAN_NOISE_ONLY,REPEATED_STRUCTURE,1,1957656152,1,1664898153,2,SCAN_NOISE_ONLY,NEW_DEVELOPMENT_GENERATED,false,pcl_iterative_closest_point_with_normals,full-synthetic-development-v1/REPEATED_STRUCTURE/g1/m1/r2/SCAN_NOISE_ONLY/pcl_iterative_closest_point_with_normals
full-synthetic-development-v1/REPEATED_STRUCTURE/g1/m1/r2/MAP_NOISE_ONLY,REPEATED_STRUCTURE,1,1957656152,1,1664898153,2,MAP_NOISE_ONLY,NEW_DEVELOPMENT_GENERATED,false,open3d_point_to_plane,full-synthetic-development-v1/REPEATED_STRUCTURE/g1/m1/r2/MAP_NOISE_ONLY/open3d_point_to_plane
full-synthetic-development-v1/REPEATED_STRUCTURE/g1/m1/r2/MAP_NOISE_ONLY,REPEATED_STRUCTURE,1,1957656152,1,1664898153,2,MAP_NOISE_ONLY,NEW_DEVELOPMENT_GENERATED,false,pcl_iterative_closest_point_with_normals,full-synthetic-development-v1/REPEATED_STRUCTURE/g1/m1/r2/MAP_NOISE_ONLY/pcl_iterative_closest_point_with_normals
full-synthetic-development-v1/REPEATED_STRUCTURE/g1/m1/r2/DROPOUT_ONLY,REPEATED_STRUCTURE,1,1957656152,1,1664898153,2,DROPOUT_ONLY,NEW_DEVELOPMENT_GENERATED,false,open3d_point_to_plane,full-synthetic-development-v1/REPEATED_STRUCTURE/g1/m1/r2/DROPOUT_ONLY/open3d_point_to_plane
full-synthetic-development-v1/REPEATED_STRUCTURE/g1/m1/r2/DROPOUT_ONLY,REPEATED_STRUCTURE,1,1957656152,1,1664898153,2,DROPOUT_ONLY,NEW_DEVELOPMENT_GENERATED,false,pcl_iterative_closest_point_with_normals,full-synthetic-development-v1/REPEATED_STRUCTURE/g1/m1/r2/DROPOUT_ONLY/pcl_iterative_closest_point_with_normals
full-synthetic-development-v1/REPEATED_STRUCTURE/g1/m1/r2/FULL_NOISE,REPEATED_STRUCTURE,1,1957656152,1,1664898153,2,FULL_NOISE,NEW_DEVELOPMENT_GENERATED,false,open3d_point_to_plane,full-synthetic-development-v1/REPEATED_STRUCTURE/g1/m1/r2/FULL_NOISE/open3d_point_to_plane
full-synthetic-development-v1/REPEATED_STRUCTURE/g1/m1/r2/FULL_NOISE,REPEATED_STRUCTURE,1,1957656152,1,1664898153,2,FULL_NOISE,NEW_DEVELOPMENT_GENERATED,false,pcl_iterative_closest_point_with_normals,full-synthetic-development-v1/REPEATED_STRUCTURE/g1/m1/r2/FULL_NOISE/pcl_iterative_closest_point_with_normals
full-synthetic-development-v1/REPEATED_STRUCTURE/g1/m1/r3/INDEPENDENT_NOISE_FREE,REPEATED_STRUCTURE,1,1957656152,1,1664898153,3,INDEPENDENT_NOISE_FREE,NEW_DEVELOPMENT_GENERATED,false,open3d_point_to_plane,full-synthetic-development-v1/REPEATED_STRUCTURE/g1/m1/r3/INDEPENDENT_NOISE_FREE/open3d_point_to_plane
full-synthetic-development-v1/REPEATED_STRUCTURE/g1/m1/r3/INDEPENDENT_NOISE_FREE,REPEATED_STRUCTURE,1,1957656152,1,1664898153,3,INDEPENDENT_NOISE_FREE,NEW_DEVELOPMENT_GENERATED,false,pcl_iterative_closest_point_with_normals,full-synthetic-development-v1/REPEATED_STRUCTURE/g1/m1/r3/INDEPENDENT_NOISE_FREE/pcl_iterative_closest_point_with_normals
full-synthetic-development-v1/REPEATED_STRUCTURE/g1/m1/r3/SCAN_NOISE_ONLY,REPEATED_STRUCTURE,1,1957656152,1,1664898153,3,SCAN_NOISE_ONLY,NEW_DEVELOPMENT_GENERATED,false,open3d_point_to_plane,full-synthetic-development-v1/REPEATED_STRUCTURE/g1/m1/r3/SCAN_NOISE_ONLY/open3d_point_to_plane
full-synthetic-development-v1/REPEATED_STRUCTURE/g1/m1/r3/SCAN_NOISE_ONLY,REPEATED_STRUCTURE,1,1957656152,1,1664898153,3,SCAN_NOISE_ONLY,NEW_DEVELOPMENT_GENERATED,false,pcl_iterative_closest_point_with_normals,full-synthetic-development-v1/REPEATED_STRUCTURE/g1/m1/r3/SCAN_NOISE_ONLY/pcl_iterative_closest_point_with_normals
full-synthetic-development-v1/REPEATED_STRUCTURE/g1/m1/r3/MAP_NOISE_ONLY,REPEATED_STRUCTURE,1,1957656152,1,1664898153,3,MAP_NOISE_ONLY,NEW_DEVELOPMENT_GENERATED,false,open3d_point_to_plane,full-synthetic-development-v1/REPEATED_STRUCTURE/g1/m1/r3/MAP_NOISE_ONLY/open3d_point_to_plane
full-synthetic-development-v1/REPEATED_STRUCTURE/g1/m1/r3/MAP_NOISE_ONLY,REPEATED_STRUCTURE,1,1957656152,1,1664898153,3,MAP_NOISE_ONLY,NEW_DEVELOPMENT_GENERATED,false,pcl_iterative_closest_point_with_normals,full-synthetic-development-v1/REPEATED_STRUCTURE/g1/m1/r3/MAP_NOISE_ONLY/pcl_iterative_closest_point_with_normals
full-synthetic-development-v1/REPEATED_STRUCTURE/g1/m1/r3/DROPOUT_ONLY,REPEATED_STRUCTURE,1,1957656152,1,1664898153,3,DROPOUT_ONLY,NEW_DEVELOPMENT_GENERATED,false,open3d_point_to_plane,full-synthetic-development-v1/REPEATED_STRUCTURE/g1/m1/r3/DROPOUT_ONLY/open3d_point_to_plane
full-synthetic-development-v1/REPEATED_STRUCTURE/g1/m1/r3/DROPOUT_ONLY,REPEATED_STRUCTURE,1,1957656152,1,1664898153,3,DROPOUT_ONLY,NEW_DEVELOPMENT_GENERATED,false,pcl_iterative_closest_point_with_normals,full-synthetic-development-v1/REPEATED_STRUCTURE/g1/m1/r3/DROPOUT_ONLY/pcl_iterative_closest_point_with_normals
full-synthetic-development-v1/REPEATED_STRUCTURE/g1/m1/r3/FULL_NOISE,REPEATED_STRUCTURE,1,1957656152,1,1664898153,3,FULL_NOISE,NEW_DEVELOPMENT_GENERATED,false,open3d_point_to_plane,full-synthetic-development-v1/REPEATED_STRUCTURE/g1/m1/r3/FULL_NOISE/open3d_point_to_plane
full-synthetic-development-v1/REPEATED_STRUCTURE/g1/m1/r3/FULL_NOISE,REPEATED_STRUCTURE,1,1957656152,1,1664898153,3,FULL_NOISE,NEW_DEVELOPMENT_GENERATED,false,pcl_iterative_closest_point_with_normals,full-synthetic-development-v1/REPEATED_STRUCTURE/g1/m1/r3/FULL_NOISE/pcl_iterative_closest_point_with_normals
full-synthetic-development-v1/REPEATED_STRUCTURE/g1/m1/r4/INDEPENDENT_NOISE_FREE,REPEATED_STRUCTURE,1,1957656152,1,1664898153,4,INDEPENDENT_NOISE_FREE,NEW_DEVELOPMENT_GENERATED,false,open3d_point_to_plane,full-synthetic-development-v1/REPEATED_STRUCTURE/g1/m1/r4/INDEPENDENT_NOISE_FREE/open3d_point_to_plane
full-synthetic-development-v1/REPEATED_STRUCTURE/g1/m1/r4/INDEPENDENT_NOISE_FREE,REPEATED_STRUCTURE,1,1957656152,1,1664898153,4,INDEPENDENT_NOISE_FREE,NEW_DEVELOPMENT_GENERATED,false,pcl_iterative_closest_point_with_normals,full-synthetic-development-v1/REPEATED_STRUCTURE/g1/m1/r4/INDEPENDENT_NOISE_FREE/pcl_iterative_closest_point_with_normals
full-synthetic-development-v1/REPEATED_STRUCTURE/g1/m1/r4/SCAN_NOISE_ONLY,REPEATED_STRUCTURE,1,1957656152,1,1664898153,4,SCAN_NOISE_ONLY,NEW_DEVELOPMENT_GENERATED,false,open3d_point_to_plane,full-synthetic-development-v1/REPEATED_STRUCTURE/g1/m1/r4/SCAN_NOISE_ONLY/open3d_point_to_plane
full-synthetic-development-v1/REPEATED_STRUCTURE/g1/m1/r4/SCAN_NOISE_ONLY,REPEATED_STRUCTURE,1,1957656152,1,1664898153,4,SCAN_NOISE_ONLY,NEW_DEVELOPMENT_GENERATED,false,pcl_iterative_closest_point_with_normals,full-synthetic-development-v1/REPEATED_STRUCTURE/g1/m1/r4/SCAN_NOISE_ONLY/pcl_iterative_closest_point_with_normals
full-synthetic-development-v1/REPEATED_STRUCTURE/g1/m1/r4/MAP_NOISE_ONLY,REPEATED_STRUCTURE,1,1957656152,1,1664898153,4,MAP_NOISE_ONLY,NEW_DEVELOPMENT_GENERATED,false,open3d_point_to_plane,full-synthetic-development-v1/REPEATED_STRUCTURE/g1/m1/r4/MAP_NOISE_ONLY/open3d_point_to_plane
full-synthetic-development-v1/REPEATED_STRUCTURE/g1/m1/r4/MAP_NOISE_ONLY,REPEATED_STRUCTURE,1,1957656152,1,1664898153,4,MAP_NOISE_ONLY,NEW_DEVELOPMENT_GENERATED,false,pcl_iterative_closest_point_with_normals,full-synthetic-development-v1/REPEATED_STRUCTURE/g1/m1/r4/MAP_NOISE_ONLY/pcl_iterative_closest_point_with_normals
full-synthetic-development-v1/REPEATED_STRUCTURE/g1/m1/r4/DROPOUT_ONLY,REPEATED_STRUCTURE,1,1957656152,1,1664898153,4,DROPOUT_ONLY,NEW_DEVELOPMENT_GENERATED,false,open3d_point_to_plane,full-synthetic-development-v1/REPEATED_STRUCTURE/g1/m1/r4/DROPOUT_ONLY/open3d_point_to_plane
full-synthetic-development-v1/REPEATED_STRUCTURE/g1/m1/r4/DROPOUT_ONLY,REPEATED_STRUCTURE,1,1957656152,1,1664898153,4,DROPOUT_ONLY,NEW_DEVELOPMENT_GENERATED,false,pcl_iterative_closest_point_with_normals,full-synthetic-development-v1/REPEATED_STRUCTURE/g1/m1/r4/DROPOUT_ONLY/pcl_iterative_closest_point_with_normals
full-synthetic-development-v1/REPEATED_STRUCTURE/g1/m1/r4/FULL_NOISE,REPEATED_STRUCTURE,1,1957656152,1,1664898153,4,FULL_NOISE,NEW_DEVELOPMENT_GENERATED,false,open3d_point_to_plane,full-synthetic-development-v1/REPEATED_STRUCTURE/g1/m1/r4/FULL_NOISE/open3d_point_to_plane
full-synthetic-development-v1/REPEATED_STRUCTURE/g1/m1/r4/FULL_NOISE,REPEATED_STRUCTURE,1,1957656152,1,1664898153,4,FULL_NOISE,NEW_DEVELOPMENT_GENERATED,false,pcl_iterative_closest_point_with_normals,full-synthetic-development-v1/REPEATED_STRUCTURE/g1/m1/r4/FULL_NOISE/pcl_iterative_closest_point_with_normals
phase-b-signal-v1/REPEATED_STRUCTURE/g2/INDEPENDENT_NOISE_FREE,REPEATED_STRUCTURE,2,1334931069,0,217775206,0,INDEPENDENT_NOISE_FREE,NEW_DEVELOPMENT_GENERATED,true,open3d_point_to_plane,phase-b-signal-v1/REPEATED_STRUCTURE/g2/INDEPENDENT_NOISE_FREE/open3d_point_to_plane
phase-b-signal-v1/REPEATED_STRUCTURE/g2/INDEPENDENT_NOISE_FREE,REPEATED_STRUCTURE,2,1334931069,0,217775206,0,INDEPENDENT_NOISE_FREE,NEW_DEVELOPMENT_GENERATED,true,pcl_iterative_closest_point_with_normals,phase-b-signal-v1/REPEATED_STRUCTURE/g2/INDEPENDENT_NOISE_FREE/pcl_iterative_closest_point_with_normals
full-synthetic-development-v1/REPEATED_STRUCTURE/g2/m0/r0/SCAN_NOISE_ONLY,REPEATED_STRUCTURE,2,1334931069,0,217775206,0,SCAN_NOISE_ONLY,NEW_DEVELOPMENT_GENERATED,false,open3d_point_to_plane,full-synthetic-development-v1/REPEATED_STRUCTURE/g2/m0/r0/SCAN_NOISE_ONLY/open3d_point_to_plane
full-synthetic-development-v1/REPEATED_STRUCTURE/g2/m0/r0/SCAN_NOISE_ONLY,REPEATED_STRUCTURE,2,1334931069,0,217775206,0,SCAN_NOISE_ONLY,NEW_DEVELOPMENT_GENERATED,false,pcl_iterative_closest_point_with_normals,full-synthetic-development-v1/REPEATED_STRUCTURE/g2/m0/r0/SCAN_NOISE_ONLY/pcl_iterative_closest_point_with_normals
full-synthetic-development-v1/REPEATED_STRUCTURE/g2/m0/r0/MAP_NOISE_ONLY,REPEATED_STRUCTURE,2,1334931069,0,217775206,0,MAP_NOISE_ONLY,NEW_DEVELOPMENT_GENERATED,false,open3d_point_to_plane,full-synthetic-development-v1/REPEATED_STRUCTURE/g2/m0/r0/MAP_NOISE_ONLY/open3d_point_to_plane
full-synthetic-development-v1/REPEATED_STRUCTURE/g2/m0/r0/MAP_NOISE_ONLY,REPEATED_STRUCTURE,2,1334931069,0,217775206,0,MAP_NOISE_ONLY,NEW_DEVELOPMENT_GENERATED,false,pcl_iterative_closest_point_with_normals,full-synthetic-development-v1/REPEATED_STRUCTURE/g2/m0/r0/MAP_NOISE_ONLY/pcl_iterative_closest_point_with_normals
full-synthetic-development-v1/REPEATED_STRUCTURE/g2/m0/r0/DROPOUT_ONLY,REPEATED_STRUCTURE,2,1334931069,0,217775206,0,DROPOUT_ONLY,NEW_DEVELOPMENT_GENERATED,false,open3d_point_to_plane,full-synthetic-development-v1/REPEATED_STRUCTURE/g2/m0/r0/DROPOUT_ONLY/open3d_point_to_plane
full-synthetic-development-v1/REPEATED_STRUCTURE/g2/m0/r0/DROPOUT_ONLY,REPEATED_STRUCTURE,2,1334931069,0,217775206,0,DROPOUT_ONLY,NEW_DEVELOPMENT_GENERATED,false,pcl_iterative_closest_point_with_normals,full-synthetic-development-v1/REPEATED_STRUCTURE/g2/m0/r0/DROPOUT_ONLY/pcl_iterative_closest_point_with_normals
phase-b-signal-v1/REPEATED_STRUCTURE/g2/FULL_NOISE,REPEATED_STRUCTURE,2,1334931069,0,217775206,0,FULL_NOISE,NEW_DEVELOPMENT_GENERATED,true,open3d_point_to_plane,phase-b-signal-v1/REPEATED_STRUCTURE/g2/FULL_NOISE/open3d_point_to_plane
phase-b-signal-v1/REPEATED_STRUCTURE/g2/FULL_NOISE,REPEATED_STRUCTURE,2,1334931069,0,217775206,0,FULL_NOISE,NEW_DEVELOPMENT_GENERATED,true,pcl_iterative_closest_point_with_normals,phase-b-signal-v1/REPEATED_STRUCTURE/g2/FULL_NOISE/pcl_iterative_closest_point_with_normals
full-synthetic-development-v1/REPEATED_STRUCTURE/g2/m0/r1/INDEPENDENT_NOISE_FREE,REPEATED_STRUCTURE,2,1334931069,0,217775206,1,INDEPENDENT_NOISE_FREE,NEW_DEVELOPMENT_GENERATED,false,open3d_point_to_plane,full-synthetic-development-v1/REPEATED_STRUCTURE/g2/m0/r1/INDEPENDENT_NOISE_FREE/open3d_point_to_plane
full-synthetic-development-v1/REPEATED_STRUCTURE/g2/m0/r1/INDEPENDENT_NOISE_FREE,REPEATED_STRUCTURE,2,1334931069,0,217775206,1,INDEPENDENT_NOISE_FREE,NEW_DEVELOPMENT_GENERATED,false,pcl_iterative_closest_point_with_normals,full-synthetic-development-v1/REPEATED_STRUCTURE/g2/m0/r1/INDEPENDENT_NOISE_FREE/pcl_iterative_closest_point_with_normals
full-synthetic-development-v1/REPEATED_STRUCTURE/g2/m0/r1/SCAN_NOISE_ONLY,REPEATED_STRUCTURE,2,1334931069,0,217775206,1,SCAN_NOISE_ONLY,NEW_DEVELOPMENT_GENERATED,false,open3d_point_to_plane,full-synthetic-development-v1/REPEATED_STRUCTURE/g2/m0/r1/SCAN_NOISE_ONLY/open3d_point_to_plane
full-synthetic-development-v1/REPEATED_STRUCTURE/g2/m0/r1/SCAN_NOISE_ONLY,REPEATED_STRUCTURE,2,1334931069,0,217775206,1,SCAN_NOISE_ONLY,NEW_DEVELOPMENT_GENERATED,false,pcl_iterative_closest_point_with_normals,full-synthetic-development-v1/REPEATED_STRUCTURE/g2/m0/r1/SCAN_NOISE_ONLY/pcl_iterative_closest_point_with_normals
full-synthetic-development-v1/REPEATED_STRUCTURE/g2/m0/r1/MAP_NOISE_ONLY,REPEATED_STRUCTURE,2,1334931069,0,217775206,1,MAP_NOISE_ONLY,NEW_DEVELOPMENT_GENERATED,false,open3d_point_to_plane,full-synthetic-development-v1/REPEATED_STRUCTURE/g2/m0/r1/MAP_NOISE_ONLY/open3d_point_to_plane
full-synthetic-development-v1/REPEATED_STRUCTURE/g2/m0/r1/MAP_NOISE_ONLY,REPEATED_STRUCTURE,2,1334931069,0,217775206,1,MAP_NOISE_ONLY,NEW_DEVELOPMENT_GENERATED,false,pcl_iterative_closest_point_with_normals,full-synthetic-development-v1/REPEATED_STRUCTURE/g2/m0/r1/MAP_NOISE_ONLY/pcl_iterative_closest_point_with_normals
full-synthetic-development-v1/REPEATED_STRUCTURE/g2/m0/r1/DROPOUT_ONLY,REPEATED_STRUCTURE,2,1334931069,0,217775206,1,DROPOUT_ONLY,NEW_DEVELOPMENT_GENERATED,false,open3d_point_to_plane,full-synthetic-development-v1/REPEATED_STRUCTURE/g2/m0/r1/DROPOUT_ONLY/open3d_point_to_plane
full-synthetic-development-v1/REPEATED_STRUCTURE/g2/m0/r1/DROPOUT_ONLY,REPEATED_STRUCTURE,2,1334931069,0,217775206,1,DROPOUT_ONLY,NEW_DEVELOPMENT_GENERATED,false,pcl_iterative_closest_point_with_normals,full-synthetic-development-v1/REPEATED_STRUCTURE/g2/m0/r1/DROPOUT_ONLY/pcl_iterative_closest_point_with_normals
full-synthetic-development-v1/REPEATED_STRUCTURE/g2/m0/r1/FULL_NOISE,REPEATED_STRUCTURE,2,1334931069,0,217775206,1,FULL_NOISE,NEW_DEVELOPMENT_GENERATED,false,open3d_point_to_plane,full-synthetic-development-v1/REPEATED_STRUCTURE/g2/m0/r1/FULL_NOISE/open3d_point_to_plane
full-synthetic-development-v1/REPEATED_STRUCTURE/g2/m0/r1/FULL_NOISE,REPEATED_STRUCTURE,2,1334931069,0,217775206,1,FULL_NOISE,NEW_DEVELOPMENT_GENERATED,false,pcl_iterative_closest_point_with_normals,full-synthetic-development-v1/REPEATED_STRUCTURE/g2/m0/r1/FULL_NOISE/pcl_iterative_closest_point_with_normals
full-synthetic-development-v1/REPEATED_STRUCTURE/g2/m0/r2/INDEPENDENT_NOISE_FREE,REPEATED_STRUCTURE,2,1334931069,0,217775206,2,INDEPENDENT_NOISE_FREE,NEW_DEVELOPMENT_GENERATED,false,open3d_point_to_plane,full-synthetic-development-v1/REPEATED_STRUCTURE/g2/m0/r2/INDEPENDENT_NOISE_FREE/open3d_point_to_plane
full-synthetic-development-v1/REPEATED_STRUCTURE/g2/m0/r2/INDEPENDENT_NOISE_FREE,REPEATED_STRUCTURE,2,1334931069,0,217775206,2,INDEPENDENT_NOISE_FREE,NEW_DEVELOPMENT_GENERATED,false,pcl_iterative_closest_point_with_normals,full-synthetic-development-v1/REPEATED_STRUCTURE/g2/m0/r2/INDEPENDENT_NOISE_FREE/pcl_iterative_closest_point_with_normals
full-synthetic-development-v1/REPEATED_STRUCTURE/g2/m0/r2/SCAN_NOISE_ONLY,REPEATED_STRUCTURE,2,1334931069,0,217775206,2,SCAN_NOISE_ONLY,NEW_DEVELOPMENT_GENERATED,false,open3d_point_to_plane,full-synthetic-development-v1/REPEATED_STRUCTURE/g2/m0/r2/SCAN_NOISE_ONLY/open3d_point_to_plane
full-synthetic-development-v1/REPEATED_STRUCTURE/g2/m0/r2/SCAN_NOISE_ONLY,REPEATED_STRUCTURE,2,1334931069,0,217775206,2,SCAN_NOISE_ONLY,NEW_DEVELOPMENT_GENERATED,false,pcl_iterative_closest_point_with_normals,full-synthetic-development-v1/REPEATED_STRUCTURE/g2/m0/r2/SCAN_NOISE_ONLY/pcl_iterative_closest_point_with_normals
full-synthetic-development-v1/REPEATED_STRUCTURE/g2/m0/r2/MAP_NOISE_ONLY,REPEATED_STRUCTURE,2,1334931069,0,217775206,2,MAP_NOISE_ONLY,NEW_DEVELOPMENT_GENERATED,false,open3d_point_to_plane,full-synthetic-development-v1/REPEATED_STRUCTURE/g2/m0/r2/MAP_NOISE_ONLY/open3d_point_to_plane
full-synthetic-development-v1/REPEATED_STRUCTURE/g2/m0/r2/MAP_NOISE_ONLY,REPEATED_STRUCTURE,2,1334931069,0,217775206,2,MAP_NOISE_ONLY,NEW_DEVELOPMENT_GENERATED,false,pcl_iterative_closest_point_with_normals,full-synthetic-development-v1/REPEATED_STRUCTURE/g2/m0/r2/MAP_NOISE_ONLY/pcl_iterative_closest_point_with_normals
full-synthetic-development-v1/REPEATED_STRUCTURE/g2/m0/r2/DROPOUT_ONLY,REPEATED_STRUCTURE,2,1334931069,0,217775206,2,DROPOUT_ONLY,NEW_DEVELOPMENT_GENERATED,false,open3d_point_to_plane,full-synthetic-development-v1/REPEATED_STRUCTURE/g2/m0/r2/DROPOUT_ONLY/open3d_point_to_plane
full-synthetic-development-v1/REPEATED_STRUCTURE/g2/m0/r2/DROPOUT_ONLY,REPEATED_STRUCTURE,2,1334931069,0,217775206,2,DROPOUT_ONLY,NEW_DEVELOPMENT_GENERATED,false,pcl_iterative_closest_point_with_normals,full-synthetic-development-v1/REPEATED_STRUCTURE/g2/m0/r2/DROPOUT_ONLY/pcl_iterative_closest_point_with_normals
full-synthetic-development-v1/REPEATED_STRUCTURE/g2/m0/r2/FULL_NOISE,REPEATED_STRUCTURE,2,1334931069,0,217775206,2,FULL_NOISE,NEW_DEVELOPMENT_GENERATED,false,open3d_point_to_plane,full-synthetic-development-v1/REPEATED_STRUCTURE/g2/m0/r2/FULL_NOISE/open3d_point_to_plane
full-synthetic-development-v1/REPEATED_STRUCTURE/g2/m0/r2/FULL_NOISE,REPEATED_STRUCTURE,2,1334931069,0,217775206,2,FULL_NOISE,NEW_DEVELOPMENT_GENERATED,false,pcl_iterative_closest_point_with_normals,full-synthetic-development-v1/REPEATED_STRUCTURE/g2/m0/r2/FULL_NOISE/pcl_iterative_closest_point_with_normals
full-synthetic-development-v1/REPEATED_STRUCTURE/g2/m0/r3/INDEPENDENT_NOISE_FREE,REPEATED_STRUCTURE,2,1334931069,0,217775206,3,INDEPENDENT_NOISE_FREE,NEW_DEVELOPMENT_GENERATED,false,open3d_point_to_plane,full-synthetic-development-v1/REPEATED_STRUCTURE/g2/m0/r3/INDEPENDENT_NOISE_FREE/open3d_point_to_plane
full-synthetic-development-v1/REPEATED_STRUCTURE/g2/m0/r3/INDEPENDENT_NOISE_FREE,REPEATED_STRUCTURE,2,1334931069,0,217775206,3,INDEPENDENT_NOISE_FREE,NEW_DEVELOPMENT_GENERATED,false,pcl_iterative_closest_point_with_normals,full-synthetic-development-v1/REPEATED_STRUCTURE/g2/m0/r3/INDEPENDENT_NOISE_FREE/pcl_iterative_closest_point_with_normals
full-synthetic-development-v1/REPEATED_STRUCTURE/g2/m0/r3/SCAN_NOISE_ONLY,REPEATED_STRUCTURE,2,1334931069,0,217775206,3,SCAN_NOISE_ONLY,NEW_DEVELOPMENT_GENERATED,false,open3d_point_to_plane,full-synthetic-development-v1/REPEATED_STRUCTURE/g2/m0/r3/SCAN_NOISE_ONLY/open3d_point_to_plane
full-synthetic-development-v1/REPEATED_STRUCTURE/g2/m0/r3/SCAN_NOISE_ONLY,REPEATED_STRUCTURE,2,1334931069,0,217775206,3,SCAN_NOISE_ONLY,NEW_DEVELOPMENT_GENERATED,false,pcl_iterative_closest_point_with_normals,full-synthetic-development-v1/REPEATED_STRUCTURE/g2/m0/r3/SCAN_NOISE_ONLY/pcl_iterative_closest_point_with_normals
full-synthetic-development-v1/REPEATED_STRUCTURE/g2/m0/r3/MAP_NOISE_ONLY,REPEATED_STRUCTURE,2,1334931069,0,217775206,3,MAP_NOISE_ONLY,NEW_DEVELOPMENT_GENERATED,false,open3d_point_to_plane,full-synthetic-development-v1/REPEATED_STRUCTURE/g2/m0/r3/MAP_NOISE_ONLY/open3d_point_to_plane
full-synthetic-development-v1/REPEATED_STRUCTURE/g2/m0/r3/MAP_NOISE_ONLY,REPEATED_STRUCTURE,2,1334931069,0,217775206,3,MAP_NOISE_ONLY,NEW_DEVELOPMENT_GENERATED,false,pcl_iterative_closest_point_with_normals,full-synthetic-development-v1/REPEATED_STRUCTURE/g2/m0/r3/MAP_NOISE_ONLY/pcl_iterative_closest_point_with_normals
full-synthetic-development-v1/REPEATED_STRUCTURE/g2/m0/r3/DROPOUT_ONLY,REPEATED_STRUCTURE,2,1334931069,0,217775206,3,DROPOUT_ONLY,NEW_DEVELOPMENT_GENERATED,false,open3d_point_to_plane,full-synthetic-development-v1/REPEATED_STRUCTURE/g2/m0/r3/DROPOUT_ONLY/open3d_point_to_plane
full-synthetic-development-v1/REPEATED_STRUCTURE/g2/m0/r3/DROPOUT_ONLY,REPEATED_STRUCTURE,2,1334931069,0,217775206,3,DROPOUT_ONLY,NEW_DEVELOPMENT_GENERATED,false,pcl_iterative_closest_point_with_normals,full-synthetic-development-v1/REPEATED_STRUCTURE/g2/m0/r3/DROPOUT_ONLY/pcl_iterative_closest_point_with_normals
full-synthetic-development-v1/REPEATED_STRUCTURE/g2/m0/r3/FULL_NOISE,REPEATED_STRUCTURE,2,1334931069,0,217775206,3,FULL_NOISE,NEW_DEVELOPMENT_GENERATED,false,open3d_point_to_plane,full-synthetic-development-v1/REPEATED_STRUCTURE/g2/m0/r3/FULL_NOISE/open3d_point_to_plane
full-synthetic-development-v1/REPEATED_STRUCTURE/g2/m0/r3/FULL_NOISE,REPEATED_STRUCTURE,2,1334931069,0,217775206,3,FULL_NOISE,NEW_DEVELOPMENT_GENERATED,false,pcl_iterative_closest_point_with_normals,full-synthetic-development-v1/REPEATED_STRUCTURE/g2/m0/r3/FULL_NOISE/pcl_iterative_closest_point_with_normals
full-synthetic-development-v1/REPEATED_STRUCTURE/g2/m0/r4/INDEPENDENT_NOISE_FREE,REPEATED_STRUCTURE,2,1334931069,0,217775206,4,INDEPENDENT_NOISE_FREE,NEW_DEVELOPMENT_GENERATED,false,open3d_point_to_plane,full-synthetic-development-v1/REPEATED_STRUCTURE/g2/m0/r4/INDEPENDENT_NOISE_FREE/open3d_point_to_plane
full-synthetic-development-v1/REPEATED_STRUCTURE/g2/m0/r4/INDEPENDENT_NOISE_FREE,REPEATED_STRUCTURE,2,1334931069,0,217775206,4,INDEPENDENT_NOISE_FREE,NEW_DEVELOPMENT_GENERATED,false,pcl_iterative_closest_point_with_normals,full-synthetic-development-v1/REPEATED_STRUCTURE/g2/m0/r4/INDEPENDENT_NOISE_FREE/pcl_iterative_closest_point_with_normals
full-synthetic-development-v1/REPEATED_STRUCTURE/g2/m0/r4/SCAN_NOISE_ONLY,REPEATED_STRUCTURE,2,1334931069,0,217775206,4,SCAN_NOISE_ONLY,NEW_DEVELOPMENT_GENERATED,false,open3d_point_to_plane,full-synthetic-development-v1/REPEATED_STRUCTURE/g2/m0/r4/SCAN_NOISE_ONLY/open3d_point_to_plane
full-synthetic-development-v1/REPEATED_STRUCTURE/g2/m0/r4/SCAN_NOISE_ONLY,REPEATED_STRUCTURE,2,1334931069,0,217775206,4,SCAN_NOISE_ONLY,NEW_DEVELOPMENT_GENERATED,false,pcl_iterative_closest_point_with_normals,full-synthetic-development-v1/REPEATED_STRUCTURE/g2/m0/r4/SCAN_NOISE_ONLY/pcl_iterative_closest_point_with_normals
full-synthetic-development-v1/REPEATED_STRUCTURE/g2/m0/r4/MAP_NOISE_ONLY,REPEATED_STRUCTURE,2,1334931069,0,217775206,4,MAP_NOISE_ONLY,NEW_DEVELOPMENT_GENERATED,false,open3d_point_to_plane,full-synthetic-development-v1/REPEATED_STRUCTURE/g2/m0/r4/MAP_NOISE_ONLY/open3d_point_to_plane
full-synthetic-development-v1/REPEATED_STRUCTURE/g2/m0/r4/MAP_NOISE_ONLY,REPEATED_STRUCTURE,2,1334931069,0,217775206,4,MAP_NOISE_ONLY,NEW_DEVELOPMENT_GENERATED,false,pcl_iterative_closest_point_with_normals,full-synthetic-development-v1/REPEATED_STRUCTURE/g2/m0/r4/MAP_NOISE_ONLY/pcl_iterative_closest_point_with_normals
full-synthetic-development-v1/REPEATED_STRUCTURE/g2/m0/r4/DROPOUT_ONLY,REPEATED_STRUCTURE,2,1334931069,0,217775206,4,DROPOUT_ONLY,NEW_DEVELOPMENT_GENERATED,false,open3d_point_to_plane,full-synthetic-development-v1/REPEATED_STRUCTURE/g2/m0/r4/DROPOUT_ONLY/open3d_point_to_plane
full-synthetic-development-v1/REPEATED_STRUCTURE/g2/m0/r4/DROPOUT_ONLY,REPEATED_STRUCTURE,2,1334931069,0,217775206,4,DROPOUT_ONLY,NEW_DEVELOPMENT_GENERATED,false,pcl_iterative_closest_point_with_normals,full-synthetic-development-v1/REPEATED_STRUCTURE/g2/m0/r4/DROPOUT_ONLY/pcl_iterative_closest_point_with_normals
full-synthetic-development-v1/REPEATED_STRUCTURE/g2/m0/r4/FULL_NOISE,REPEATED_STRUCTURE,2,1334931069,0,217775206,4,FULL_NOISE,NEW_DEVELOPMENT_GENERATED,false,open3d_point_to_plane,full-synthetic-development-v1/REPEATED_STRUCTURE/g2/m0/r4/FULL_NOISE/open3d_point_to_plane
full-synthetic-development-v1/REPEATED_STRUCTURE/g2/m0/r4/FULL_NOISE,REPEATED_STRUCTURE,2,1334931069,0,217775206,4,FULL_NOISE,NEW_DEVELOPMENT_GENERATED,false,pcl_iterative_closest_point_with_normals,full-synthetic-development-v1/REPEATED_STRUCTURE/g2/m0/r4/FULL_NOISE/pcl_iterative_closest_point_with_normals
full-synthetic-development-v1/REPEATED_STRUCTURE/g2/m1/r0/INDEPENDENT_NOISE_FREE,REPEATED_STRUCTURE,2,1334931069,1,1664898153,0,INDEPENDENT_NOISE_FREE,NEW_DEVELOPMENT_GENERATED,false,open3d_point_to_plane,full-synthetic-development-v1/REPEATED_STRUCTURE/g2/m1/r0/INDEPENDENT_NOISE_FREE/open3d_point_to_plane
full-synthetic-development-v1/REPEATED_STRUCTURE/g2/m1/r0/INDEPENDENT_NOISE_FREE,REPEATED_STRUCTURE,2,1334931069,1,1664898153,0,INDEPENDENT_NOISE_FREE,NEW_DEVELOPMENT_GENERATED,false,pcl_iterative_closest_point_with_normals,full-synthetic-development-v1/REPEATED_STRUCTURE/g2/m1/r0/INDEPENDENT_NOISE_FREE/pcl_iterative_closest_point_with_normals
full-synthetic-development-v1/REPEATED_STRUCTURE/g2/m1/r0/SCAN_NOISE_ONLY,REPEATED_STRUCTURE,2,1334931069,1,1664898153,0,SCAN_NOISE_ONLY,NEW_DEVELOPMENT_GENERATED,false,open3d_point_to_plane,full-synthetic-development-v1/REPEATED_STRUCTURE/g2/m1/r0/SCAN_NOISE_ONLY/open3d_point_to_plane
full-synthetic-development-v1/REPEATED_STRUCTURE/g2/m1/r0/SCAN_NOISE_ONLY,REPEATED_STRUCTURE,2,1334931069,1,1664898153,0,SCAN_NOISE_ONLY,NEW_DEVELOPMENT_GENERATED,false,pcl_iterative_closest_point_with_normals,full-synthetic-development-v1/REPEATED_STRUCTURE/g2/m1/r0/SCAN_NOISE_ONLY/pcl_iterative_closest_point_with_normals
full-synthetic-development-v1/REPEATED_STRUCTURE/g2/m1/r0/MAP_NOISE_ONLY,REPEATED_STRUCTURE,2,1334931069,1,1664898153,0,MAP_NOISE_ONLY,NEW_DEVELOPMENT_GENERATED,false,open3d_point_to_plane,full-synthetic-development-v1/REPEATED_STRUCTURE/g2/m1/r0/MAP_NOISE_ONLY/open3d_point_to_plane
full-synthetic-development-v1/REPEATED_STRUCTURE/g2/m1/r0/MAP_NOISE_ONLY,REPEATED_STRUCTURE,2,1334931069,1,1664898153,0,MAP_NOISE_ONLY,NEW_DEVELOPMENT_GENERATED,false,pcl_iterative_closest_point_with_normals,full-synthetic-development-v1/REPEATED_STRUCTURE/g2/m1/r0/MAP_NOISE_ONLY/pcl_iterative_closest_point_with_normals
full-synthetic-development-v1/REPEATED_STRUCTURE/g2/m1/r0/DROPOUT_ONLY,REPEATED_STRUCTURE,2,1334931069,1,1664898153,0,DROPOUT_ONLY,NEW_DEVELOPMENT_GENERATED,false,open3d_point_to_plane,full-synthetic-development-v1/REPEATED_STRUCTURE/g2/m1/r0/DROPOUT_ONLY/open3d_point_to_plane
full-synthetic-development-v1/REPEATED_STRUCTURE/g2/m1/r0/DROPOUT_ONLY,REPEATED_STRUCTURE,2,1334931069,1,1664898153,0,DROPOUT_ONLY,NEW_DEVELOPMENT_GENERATED,false,pcl_iterative_closest_point_with_normals,full-synthetic-development-v1/REPEATED_STRUCTURE/g2/m1/r0/DROPOUT_ONLY/pcl_iterative_closest_point_with_normals
full-synthetic-development-v1/REPEATED_STRUCTURE/g2/m1/r0/FULL_NOISE,REPEATED_STRUCTURE,2,1334931069,1,1664898153,0,FULL_NOISE,NEW_DEVELOPMENT_GENERATED,false,open3d_point_to_plane,full-synthetic-development-v1/REPEATED_STRUCTURE/g2/m1/r0/FULL_NOISE/open3d_point_to_plane
full-synthetic-development-v1/REPEATED_STRUCTURE/g2/m1/r0/FULL_NOISE,REPEATED_STRUCTURE,2,1334931069,1,1664898153,0,FULL_NOISE,NEW_DEVELOPMENT_GENERATED,false,pcl_iterative_closest_point_with_normals,full-synthetic-development-v1/REPEATED_STRUCTURE/g2/m1/r0/FULL_NOISE/pcl_iterative_closest_point_with_normals
full-synthetic-development-v1/REPEATED_STRUCTURE/g2/m1/r1/INDEPENDENT_NOISE_FREE,REPEATED_STRUCTURE,2,1334931069,1,1664898153,1,INDEPENDENT_NOISE_FREE,NEW_DEVELOPMENT_GENERATED,false,open3d_point_to_plane,full-synthetic-development-v1/REPEATED_STRUCTURE/g2/m1/r1/INDEPENDENT_NOISE_FREE/open3d_point_to_plane
full-synthetic-development-v1/REPEATED_STRUCTURE/g2/m1/r1/INDEPENDENT_NOISE_FREE,REPEATED_STRUCTURE,2,1334931069,1,1664898153,1,INDEPENDENT_NOISE_FREE,NEW_DEVELOPMENT_GENERATED,false,pcl_iterative_closest_point_with_normals,full-synthetic-development-v1/REPEATED_STRUCTURE/g2/m1/r1/INDEPENDENT_NOISE_FREE/pcl_iterative_closest_point_with_normals
full-synthetic-development-v1/REPEATED_STRUCTURE/g2/m1/r1/SCAN_NOISE_ONLY,REPEATED_STRUCTURE,2,1334931069,1,1664898153,1,SCAN_NOISE_ONLY,NEW_DEVELOPMENT_GENERATED,false,open3d_point_to_plane,full-synthetic-development-v1/REPEATED_STRUCTURE/g2/m1/r1/SCAN_NOISE_ONLY/open3d_point_to_plane
full-synthetic-development-v1/REPEATED_STRUCTURE/g2/m1/r1/SCAN_NOISE_ONLY,REPEATED_STRUCTURE,2,1334931069,1,1664898153,1,SCAN_NOISE_ONLY,NEW_DEVELOPMENT_GENERATED,false,pcl_iterative_closest_point_with_normals,full-synthetic-development-v1/REPEATED_STRUCTURE/g2/m1/r1/SCAN_NOISE_ONLY/pcl_iterative_closest_point_with_normals
full-synthetic-development-v1/REPEATED_STRUCTURE/g2/m1/r1/MAP_NOISE_ONLY,REPEATED_STRUCTURE,2,1334931069,1,1664898153,1,MAP_NOISE_ONLY,NEW_DEVELOPMENT_GENERATED,false,open3d_point_to_plane,full-synthetic-development-v1/REPEATED_STRUCTURE/g2/m1/r1/MAP_NOISE_ONLY/open3d_point_to_plane
full-synthetic-development-v1/REPEATED_STRUCTURE/g2/m1/r1/MAP_NOISE_ONLY,REPEATED_STRUCTURE,2,1334931069,1,1664898153,1,MAP_NOISE_ONLY,NEW_DEVELOPMENT_GENERATED,false,pcl_iterative_closest_point_with_normals,full-synthetic-development-v1/REPEATED_STRUCTURE/g2/m1/r1/MAP_NOISE_ONLY/pcl_iterative_closest_point_with_normals
full-synthetic-development-v1/REPEATED_STRUCTURE/g2/m1/r1/DROPOUT_ONLY,REPEATED_STRUCTURE,2,1334931069,1,1664898153,1,DROPOUT_ONLY,NEW_DEVELOPMENT_GENERATED,false,open3d_point_to_plane,full-synthetic-development-v1/REPEATED_STRUCTURE/g2/m1/r1/DROPOUT_ONLY/open3d_point_to_plane
full-synthetic-development-v1/REPEATED_STRUCTURE/g2/m1/r1/DROPOUT_ONLY,REPEATED_STRUCTURE,2,1334931069,1,1664898153,1,DROPOUT_ONLY,NEW_DEVELOPMENT_GENERATED,false,pcl_iterative_closest_point_with_normals,full-synthetic-development-v1/REPEATED_STRUCTURE/g2/m1/r1/DROPOUT_ONLY/pcl_iterative_closest_point_with_normals
full-synthetic-development-v1/REPEATED_STRUCTURE/g2/m1/r1/FULL_NOISE,REPEATED_STRUCTURE,2,1334931069,1,1664898153,1,FULL_NOISE,NEW_DEVELOPMENT_GENERATED,false,open3d_point_to_plane,full-synthetic-development-v1/REPEATED_STRUCTURE/g2/m1/r1/FULL_NOISE/open3d_point_to_plane
full-synthetic-development-v1/REPEATED_STRUCTURE/g2/m1/r1/FULL_NOISE,REPEATED_STRUCTURE,2,1334931069,1,1664898153,1,FULL_NOISE,NEW_DEVELOPMENT_GENERATED,false,pcl_iterative_closest_point_with_normals,full-synthetic-development-v1/REPEATED_STRUCTURE/g2/m1/r1/FULL_NOISE/pcl_iterative_closest_point_with_normals
full-synthetic-development-v1/REPEATED_STRUCTURE/g2/m1/r2/INDEPENDENT_NOISE_FREE,REPEATED_STRUCTURE,2,1334931069,1,1664898153,2,INDEPENDENT_NOISE_FREE,NEW_DEVELOPMENT_GENERATED,false,open3d_point_to_plane,full-synthetic-development-v1/REPEATED_STRUCTURE/g2/m1/r2/INDEPENDENT_NOISE_FREE/open3d_point_to_plane
full-synthetic-development-v1/REPEATED_STRUCTURE/g2/m1/r2/INDEPENDENT_NOISE_FREE,REPEATED_STRUCTURE,2,1334931069,1,1664898153,2,INDEPENDENT_NOISE_FREE,NEW_DEVELOPMENT_GENERATED,false,pcl_iterative_closest_point_with_normals,full-synthetic-development-v1/REPEATED_STRUCTURE/g2/m1/r2/INDEPENDENT_NOISE_FREE/pcl_iterative_closest_point_with_normals
full-synthetic-development-v1/REPEATED_STRUCTURE/g2/m1/r2/SCAN_NOISE_ONLY,REPEATED_STRUCTURE,2,1334931069,1,1664898153,2,SCAN_NOISE_ONLY,NEW_DEVELOPMENT_GENERATED,false,open3d_point_to_plane,full-synthetic-development-v1/REPEATED_STRUCTURE/g2/m1/r2/SCAN_NOISE_ONLY/open3d_point_to_plane
full-synthetic-development-v1/REPEATED_STRUCTURE/g2/m1/r2/SCAN_NOISE_ONLY,REPEATED_STRUCTURE,2,1334931069,1,1664898153,2,SCAN_NOISE_ONLY,NEW_DEVELOPMENT_GENERATED,false,pcl_iterative_closest_point_with_normals,full-synthetic-development-v1/REPEATED_STRUCTURE/g2/m1/r2/SCAN_NOISE_ONLY/pcl_iterative_closest_point_with_normals
full-synthetic-development-v1/REPEATED_STRUCTURE/g2/m1/r2/MAP_NOISE_ONLY,REPEATED_STRUCTURE,2,1334931069,1,1664898153,2,MAP_NOISE_ONLY,NEW_DEVELOPMENT_GENERATED,false,open3d_point_to_plane,full-synthetic-development-v1/REPEATED_STRUCTURE/g2/m1/r2/MAP_NOISE_ONLY/open3d_point_to_plane
full-synthetic-development-v1/REPEATED_STRUCTURE/g2/m1/r2/MAP_NOISE_ONLY,REPEATED_STRUCTURE,2,1334931069,1,1664898153,2,MAP_NOISE_ONLY,NEW_DEVELOPMENT_GENERATED,false,pcl_iterative_closest_point_with_normals,full-synthetic-development-v1/REPEATED_STRUCTURE/g2/m1/r2/MAP_NOISE_ONLY/pcl_iterative_closest_point_with_normals
full-synthetic-development-v1/REPEATED_STRUCTURE/g2/m1/r2/DROPOUT_ONLY,REPEATED_STRUCTURE,2,1334931069,1,1664898153,2,DROPOUT_ONLY,NEW_DEVELOPMENT_GENERATED,false,open3d_point_to_plane,full-synthetic-development-v1/REPEATED_STRUCTURE/g2/m1/r2/DROPOUT_ONLY/open3d_point_to_plane
full-synthetic-development-v1/REPEATED_STRUCTURE/g2/m1/r2/DROPOUT_ONLY,REPEATED_STRUCTURE,2,1334931069,1,1664898153,2,DROPOUT_ONLY,NEW_DEVELOPMENT_GENERATED,false,pcl_iterative_closest_point_with_normals,full-synthetic-development-v1/REPEATED_STRUCTURE/g2/m1/r2/DROPOUT_ONLY/pcl_iterative_closest_point_with_normals
full-synthetic-development-v1/REPEATED_STRUCTURE/g2/m1/r2/FULL_NOISE,REPEATED_STRUCTURE,2,1334931069,1,1664898153,2,FULL_NOISE,NEW_DEVELOPMENT_GENERATED,false,open3d_point_to_plane,full-synthetic-development-v1/REPEATED_STRUCTURE/g2/m1/r2/FULL_NOISE/open3d_point_to_plane
full-synthetic-development-v1/REPEATED_STRUCTURE/g2/m1/r2/FULL_NOISE,REPEATED_STRUCTURE,2,1334931069,1,1664898153,2,FULL_NOISE,NEW_DEVELOPMENT_GENERATED,false,pcl_iterative_closest_point_with_normals,full-synthetic-development-v1/REPEATED_STRUCTURE/g2/m1/r2/FULL_NOISE/pcl_iterative_closest_point_with_normals
full-synthetic-development-v1/REPEATED_STRUCTURE/g2/m1/r3/INDEPENDENT_NOISE_FREE,REPEATED_STRUCTURE,2,1334931069,1,1664898153,3,INDEPENDENT_NOISE_FREE,NEW_DEVELOPMENT_GENERATED,false,open3d_point_to_plane,full-synthetic-development-v1/REPEATED_STRUCTURE/g2/m1/r3/INDEPENDENT_NOISE_FREE/open3d_point_to_plane
full-synthetic-development-v1/REPEATED_STRUCTURE/g2/m1/r3/INDEPENDENT_NOISE_FREE,REPEATED_STRUCTURE,2,1334931069,1,1664898153,3,INDEPENDENT_NOISE_FREE,NEW_DEVELOPMENT_GENERATED,false,pcl_iterative_closest_point_with_normals,full-synthetic-development-v1/REPEATED_STRUCTURE/g2/m1/r3/INDEPENDENT_NOISE_FREE/pcl_iterative_closest_point_with_normals
full-synthetic-development-v1/REPEATED_STRUCTURE/g2/m1/r3/SCAN_NOISE_ONLY,REPEATED_STRUCTURE,2,1334931069,1,1664898153,3,SCAN_NOISE_ONLY,NEW_DEVELOPMENT_GENERATED,false,open3d_point_to_plane,full-synthetic-development-v1/REPEATED_STRUCTURE/g2/m1/r3/SCAN_NOISE_ONLY/open3d_point_to_plane
full-synthetic-development-v1/REPEATED_STRUCTURE/g2/m1/r3/SCAN_NOISE_ONLY,REPEATED_STRUCTURE,2,1334931069,1,1664898153,3,SCAN_NOISE_ONLY,NEW_DEVELOPMENT_GENERATED,false,pcl_iterative_closest_point_with_normals,full-synthetic-development-v1/REPEATED_STRUCTURE/g2/m1/r3/SCAN_NOISE_ONLY/pcl_iterative_closest_point_with_normals
full-synthetic-development-v1/REPEATED_STRUCTURE/g2/m1/r3/MAP_NOISE_ONLY,REPEATED_STRUCTURE,2,1334931069,1,1664898153,3,MAP_NOISE_ONLY,NEW_DEVELOPMENT_GENERATED,false,open3d_point_to_plane,full-synthetic-development-v1/REPEATED_STRUCTURE/g2/m1/r3/MAP_NOISE_ONLY/open3d_point_to_plane
full-synthetic-development-v1/REPEATED_STRUCTURE/g2/m1/r3/MAP_NOISE_ONLY,REPEATED_STRUCTURE,2,1334931069,1,1664898153,3,MAP_NOISE_ONLY,NEW_DEVELOPMENT_GENERATED,false,pcl_iterative_closest_point_with_normals,full-synthetic-development-v1/REPEATED_STRUCTURE/g2/m1/r3/MAP_NOISE_ONLY/pcl_iterative_closest_point_with_normals
full-synthetic-development-v1/REPEATED_STRUCTURE/g2/m1/r3/DROPOUT_ONLY,REPEATED_STRUCTURE,2,1334931069,1,1664898153,3,DROPOUT_ONLY,NEW_DEVELOPMENT_GENERATED,false,open3d_point_to_plane,full-synthetic-development-v1/REPEATED_STRUCTURE/g2/m1/r3/DROPOUT_ONLY/open3d_point_to_plane
full-synthetic-development-v1/REPEATED_STRUCTURE/g2/m1/r3/DROPOUT_ONLY,REPEATED_STRUCTURE,2,1334931069,1,1664898153,3,DROPOUT_ONLY,NEW_DEVELOPMENT_GENERATED,false,pcl_iterative_closest_point_with_normals,full-synthetic-development-v1/REPEATED_STRUCTURE/g2/m1/r3/DROPOUT_ONLY/pcl_iterative_closest_point_with_normals
full-synthetic-development-v1/REPEATED_STRUCTURE/g2/m1/r3/FULL_NOISE,REPEATED_STRUCTURE,2,1334931069,1,1664898153,3,FULL_NOISE,NEW_DEVELOPMENT_GENERATED,false,open3d_point_to_plane,full-synthetic-development-v1/REPEATED_STRUCTURE/g2/m1/r3/FULL_NOISE/open3d_point_to_plane
full-synthetic-development-v1/REPEATED_STRUCTURE/g2/m1/r3/FULL_NOISE,REPEATED_STRUCTURE,2,1334931069,1,1664898153,3,FULL_NOISE,NEW_DEVELOPMENT_GENERATED,false,pcl_iterative_closest_point_with_normals,full-synthetic-development-v1/REPEATED_STRUCTURE/g2/m1/r3/FULL_NOISE/pcl_iterative_closest_point_with_normals
full-synthetic-development-v1/REPEATED_STRUCTURE/g2/m1/r4/INDEPENDENT_NOISE_FREE,REPEATED_STRUCTURE,2,1334931069,1,1664898153,4,INDEPENDENT_NOISE_FREE,NEW_DEVELOPMENT_GENERATED,false,open3d_point_to_plane,full-synthetic-development-v1/REPEATED_STRUCTURE/g2/m1/r4/INDEPENDENT_NOISE_FREE/open3d_point_to_plane
full-synthetic-development-v1/REPEATED_STRUCTURE/g2/m1/r4/INDEPENDENT_NOISE_FREE,REPEATED_STRUCTURE,2,1334931069,1,1664898153,4,INDEPENDENT_NOISE_FREE,NEW_DEVELOPMENT_GENERATED,false,pcl_iterative_closest_point_with_normals,full-synthetic-development-v1/REPEATED_STRUCTURE/g2/m1/r4/INDEPENDENT_NOISE_FREE/pcl_iterative_closest_point_with_normals
full-synthetic-development-v1/REPEATED_STRUCTURE/g2/m1/r4/SCAN_NOISE_ONLY,REPEATED_STRUCTURE,2,1334931069,1,1664898153,4,SCAN_NOISE_ONLY,NEW_DEVELOPMENT_GENERATED,false,open3d_point_to_plane,full-synthetic-development-v1/REPEATED_STRUCTURE/g2/m1/r4/SCAN_NOISE_ONLY/open3d_point_to_plane
full-synthetic-development-v1/REPEATED_STRUCTURE/g2/m1/r4/SCAN_NOISE_ONLY,REPEATED_STRUCTURE,2,1334931069,1,1664898153,4,SCAN_NOISE_ONLY,NEW_DEVELOPMENT_GENERATED,false,pcl_iterative_closest_point_with_normals,full-synthetic-development-v1/REPEATED_STRUCTURE/g2/m1/r4/SCAN_NOISE_ONLY/pcl_iterative_closest_point_with_normals
full-synthetic-development-v1/REPEATED_STRUCTURE/g2/m1/r4/MAP_NOISE_ONLY,REPEATED_STRUCTURE,2,1334931069,1,1664898153,4,MAP_NOISE_ONLY,NEW_DEVELOPMENT_GENERATED,false,open3d_point_to_plane,full-synthetic-development-v1/REPEATED_STRUCTURE/g2/m1/r4/MAP_NOISE_ONLY/open3d_point_to_plane
full-synthetic-development-v1/REPEATED_STRUCTURE/g2/m1/r4/MAP_NOISE_ONLY,REPEATED_STRUCTURE,2,1334931069,1,1664898153,4,MAP_NOISE_ONLY,NEW_DEVELOPMENT_GENERATED,false,pcl_iterative_closest_point_with_normals,full-synthetic-development-v1/REPEATED_STRUCTURE/g2/m1/r4/MAP_NOISE_ONLY/pcl_iterative_closest_point_with_normals
full-synthetic-development-v1/REPEATED_STRUCTURE/g2/m1/r4/DROPOUT_ONLY,REPEATED_STRUCTURE,2,1334931069,1,1664898153,4,DROPOUT_ONLY,NEW_DEVELOPMENT_GENERATED,false,open3d_point_to_plane,full-synthetic-development-v1/REPEATED_STRUCTURE/g2/m1/r4/DROPOUT_ONLY/open3d_point_to_plane
full-synthetic-development-v1/REPEATED_STRUCTURE/g2/m1/r4/DROPOUT_ONLY,REPEATED_STRUCTURE,2,1334931069,1,1664898153,4,DROPOUT_ONLY,NEW_DEVELOPMENT_GENERATED,false,pcl_iterative_closest_point_with_normals,full-synthetic-development-v1/REPEATED_STRUCTURE/g2/m1/r4/DROPOUT_ONLY/pcl_iterative_closest_point_with_normals
full-synthetic-development-v1/REPEATED_STRUCTURE/g2/m1/r4/FULL_NOISE,REPEATED_STRUCTURE,2,1334931069,1,1664898153,4,FULL_NOISE,NEW_DEVELOPMENT_GENERATED,false,open3d_point_to_plane,full-synthetic-development-v1/REPEATED_STRUCTURE/g2/m1/r4/FULL_NOISE/open3d_point_to_plane
full-synthetic-development-v1/REPEATED_STRUCTURE/g2/m1/r4/FULL_NOISE,REPEATED_STRUCTURE,2,1334931069,1,1664898153,4,FULL_NOISE,NEW_DEVELOPMENT_GENERATED,false,pcl_iterative_closest_point_with_normals,full-synthetic-development-v1/REPEATED_STRUCTURE/g2/m1/r4/FULL_NOISE/pcl_iterative_closest_point_with_normals
