scene_id,semantic_scene,scene_type,role,bag_path,bag_sha256,message_type,frame_ids,point_fields,frame_index,timestamp,bag_timestamp,inter_frame_interval_seconds,point_count,finite_point_count,nonfinite_point_count,x_min,x_max,y_min,y_max,z_min,z_max,range_min,range_median,range_q95,range_max,point_timestamp_field,point_timestamp_unit_inference,point_timestamp_raw_min,point_timestamp_raw_max,point_timestamp_span_seconds,point_timestamp_nondecreasing,point_timestamp_usable,frame_rate_anomaly,point_count_drop,MID360_TWO_SCENE_PILOT,INDEPENDENT_MAP_QUERY_ACQUISITION,INDEPENDENT_ACQUISITION,SAME_BAG_MAP_QUERY,FORMAL_MEASUREMENT_RESULT,PILOT_NONFORMAL_DO_NOT_CITE,PILOT_ONLY,FORMAL_REAL_DATA,MEASUREMENT_EVIDENCE
R_TEST_01,LABORATORY,RICH_CANDIDATE,MAP,/home/lj/ZPRM/bag/mid360_20260818_203200_part1_20s.bag,ec998bc44cd7f6276548cbf7c11cffdfcb7a5a5601335cf2fdddd3c8da998c13,sensor_msgs/PointCloud2,"[""livox_frame""]","[""x"",""y"",""z"",""intensity"",""tag"",""line"",""timestamp""]",0,1787056321.6430824,1787056321.7451997,,20064,20064,0,-16.447999954223633,20.54400062561035,-15.227999687194824,17.083999633789062,-1.4819999933242798,6.9770002365112305,0.0,3.006064042730779,7.510585858183657,24.19037824143678,timestamp,nanoseconds_absolute,1.7870563216430825e+18,1.7870563217434017e+18,0.10031923200000001,false,true,false,false,true,true,true,false,false,true,true,false,false
R_TEST_01,LABORATORY,RICH_CANDIDATE,MAP,/home/lj/ZPRM/bag/mid360_20260818_203200_part1_20s.bag,ec998bc44cd7f6276548cbf7c11cffdfcb7a5a5601335cf2fdddd3c8da998c13,sensor_msgs/PointCloud2,"[""livox_frame""]","[""x"",""y"",""z"",""intensity"",""tag"",""line"",""timestamp""]",1,1787056321.74382,1787056321.8450215,0.1007375717163086,19968,19968,0,-16.29199981689453,21.011999130249023,-12.744000434875488,16.35700035095215,-1.5360000133514404,6.304999828338623,0.0,3.0031702060541052,9.05215959140241,24.62217487688372,timestamp,nanoseconds_absolute,1.78705632174382e+18,1.7870563218434358e+18,0.099615744,false,true,false,false,true,true,true,false,false,true,true,false,false
R_TEST_01,LABORATORY,RICH_CANDIDATE,MAP,/home/lj/ZPRM/bag/mid360_20260818_203200_part1_20s.bag,ec998bc44cd7f6276548cbf7c11cffdfcb7a5a5601335cf2fdddd3c8da998c13,sensor_msgs/PointCloud2,"[""livox_frame""]","[""x"",""y"",""z"",""intensity"",""tag"",""line"",""timestamp""]",2,1787056321.8431766,1787056321.9444716,0.09935665130615234,19968,19968,0,-16.28700065612793,21.05900001525879,-13.137999534606934,13.539999961853027,-1.7410000562667847,5.749000072479248,0.0,3.0020824537837836,8.405105692107258,24.74768872080418,timestamp,nanoseconds_absolute,1.7870563218431767e+18,1.7870563219433743e+18,0.10019763200000001,false,true,false,false,true,true,true,false,false,true,true,false,false
R_TEST_01,LABORATORY,RICH_CANDIDATE,MAP,/home/lj/ZPRM/bag/mid360_20260818_203200_part1_20s.bag,ec998bc44cd7f6276548cbf7c11cffdfcb7a5a5601335cf2fdddd3c8da998c13,sensor_msgs/PointCloud2,"[""livox_frame""]","[""x"",""y"",""z"",""intensity"",""tag"",""line"",""timestamp""]",3,1787056321.9430828,1787056322.044612,0.09990620613098145,19968,19968,0,-15.133999824523926,20.371000289916992,-14.904000282287598,21.743999481201172,-1.5839999914169312,7.488999843597412,0.0,3.023909396551735,7.526043368253524,27.185164367084727,timestamp,nanoseconds_absolute,1.7870563219430828e+18,1.7870563220433556e+18,0.100272896,false,true,false,false,true,true,true,false,false,true,true,false,false
R_TEST_01,LABORATORY,RICH_CANDIDATE,MAP,/home/lj/ZPRM/bag/mid360_20260818_203200_part1_20s.bag,ec998bc44cd7f6276548cbf7c11cffdfcb7a5a5601335cf2fdddd3c8da998c13,sensor_msgs/PointCloud2,"[""livox_frame""]","[""x"",""y"",""z"",""intensity"",""tag"",""line"",""timestamp""]",4,1787056322.0430803,1787056322.1449804,0.09999752044677734,20064,20064,0,-16.48900032043457,31.444000244140625,-13.32800006866455,15.095000267028809,-2.0399999618530273,7.125999927520752,0.0,3.0187659463496725,8.589750391211343,33.42055479961725,timestamp,nanoseconds_absolute,1.7870563220430804e+18,1.787056322143726e+18,0.10064563200000001,false,true,false,false,true,true,true,false,false,true,true,false,false
R_TEST_01,LABORATORY,RICH_CANDIDATE,MAP,/home/lj/ZPRM/bag/mid360_20260818_203200_part1_20s.bag,ec998bc44cd7f6276548cbf7c11cffdfcb7a5a5601335cf2fdddd3c8da998c13,sensor_msgs/PointCloud2,"[""livox_frame""]","[""x"",""y"",""z"",""intensity"",""tag"",""line"",""timestamp""]",5,1787056322.1432717,1787056322.2448075,0.10019135475158691,19968,19968,0,-16.316999435424805,21.06999969482422,-14.873000144958496,16.832000732421875,-1.7899999618530273,7.294000148773193,0.0,3.020515235338764,9.21957906096203,26.302158141782403,timestamp,nanoseconds_absolute,1.7870563221432717e+18,1.7870563222433178e+18,0.10004608000000001,false,true,false,false,true,true,true,false,false,true,true,false,false
R_TEST_01,LABORATORY,RICH_CANDIDATE,MAP,/home/lj/ZPRM/bag/mid360_20260818_203200_part1_20s.bag,ec998bc44cd7f6276548cbf7c11cffdfcb7a5a5601335cf2fdddd3c8da998c13,sensor_msgs/PointCloud2,"[""livox_frame""]","[""x"",""y"",""z"",""intensity"",""tag"",""line"",""timestamp""]",6,1787056322.2431066,1787056322.3446224,0.09983491897583008,20064,20064,0,-16.256000518798828,31.548999786376953,-12.835000038146973,17.118000030517578,-1.6480000019073486,7.078999996185303,0.0,3.024387087206958,7.890905694296723,33.552494105550984,timestamp,nanoseconds_absolute,1.7870563222431066e+18,1.7870563223434427e+18,0.10033612800000001,false,true,false,false,true,true,true,false,false,true,true,false,false
R_TEST_01,LABORATORY,RICH_CANDIDATE,MAP,/home/lj/ZPRM/bag/mid360_20260818_203200_part1_20s.bag,ec998bc44cd7f6276548cbf7c11cffdfcb7a5a5601335cf2fdddd3c8da998c13,sensor_msgs/PointCloud2,"[""livox_frame""]","[""x"",""y"",""z"",""intensity"",""tag"",""line"",""timestamp""]",7,1787056322.343815,1787056322.445078,0.1007084846496582,19968,19968,0,-16.375999450683594,31.770000457763672,-12.782999992370605,15.79699993133545,-1.6759999990463257,6.980000019073486,0.0,3.0273601144932822,7.487726523146611,33.77851781901445,timestamp,nanoseconds_absolute,1.7870563223438152e+18,1.787056322443308e+18,0.099492864,false,true,false,false,true,true,true,false,false,true,true,false,false
R_TEST_01,LABORATORY,RICH_CANDIDATE,MAP,/home/lj/ZPRM/bag/mid360_20260818_203200_part1_20s.bag,ec998bc44cd7f6276548cbf7c11cffdfcb7a5a5601335cf2fdddd3c8da998c13,sensor_msgs/PointCloud2,"[""livox_frame""]","[""x"",""y"",""z"",""intensity"",""tag"",""line"",""timestamp""]",8,1787056322.4437912,1787056322.5466628,0.0999760627746582,19968,19968,0,-16.2810001373291,20.983999252319336,-15.019000053405762,16.90999984741211,-1.5269999504089355,7.368000030517578,0.0,3.033643221091306,9.372056656121519,26.27568959576401,timestamp,nanoseconds_absolute,1.787056322443791e+18,1.7870563225433155e+18,0.09952435200000001,false,true,false,false,true,true,true,false,false,true,true,false,false
R_TEST_01,LABORATORY,RICH_CANDIDATE,MAP,/home/lj/ZPRM/bag/mid360_20260818_203200_part1_20s.bag,ec998bc44cd7f6276548cbf7c11cffdfcb7a5a5601335cf2fdddd3c8da998c13,sensor_msgs/PointCloud2,"[""livox_frame""]","[""x"",""y"",""z"",""intensity"",""tag"",""line"",""timestamp""]",9,1787056322.5440166,1787056322.6451933,0.10022544860839844,20064,20064,0,-16.291000366210938,21.374000549316406,-13.03499984741211,16.23900032043457,-1.7109999656677246,6.640999794006348,0.0,3.0154388965150476,8.625504291203091,25.093557766620634,timestamp,nanoseconds_absolute,1.7870563225440166e+18,1.78705632264346e+18,0.099443456,false,true,false,false,true,true,true,false,false,true,true,false,false
R_TEST_01,LABORATORY,RICH_CANDIDATE,MAP,/home/lj/ZPRM/bag/mid360_20260818_203200_part1_20s.bag,ec998bc44cd7f6276548cbf7c11cffdfcb7a5a5601335cf2fdddd3c8da998c13,sensor_msgs/PointCloud2,"[""livox_frame""]","[""x"",""y"",""z"",""intensity"",""tag"",""line"",""timestamp""]",10,1787056322.6437197,1787056322.7447758,0.09970307350158691,19968,19968,0,-16.402999877929688,31.77400016784668,-10.723999977111816,16.989999771118164,-1.8550000190734863,7.185999870300293,0.0,3.0187717853879965,7.542444164991588,33.77430390996454,timestamp,nanoseconds_absolute,1.7870563226437197e+18,1.7870563227434217e+18,0.099702016,false,true,false,false,true,true,true,false,false,true,true,false,false
R_TEST_01,LABORATORY,RICH_CANDIDATE,MAP,/home/lj/ZPRM/bag/mid360_20260818_203200_part1_20s.bag,ec998bc44cd7f6276548cbf7c11cffdfcb7a5a5601335cf2fdddd3c8da998c13,sensor_msgs/PointCloud2,"[""livox_frame""]","[""x"",""y"",""z"",""intensity"",""tag"",""line"",""timestamp""]",11,1787056322.743175,1787056322.8442457,0.09945535659790039,19968,19968,0,-16.382999420166016,31.510000228881836,-15.559000015258789,15.090999603271484,-1.5269999504089355,6.943999767303467,0.0,3.0260600249118927,8.87746761667681,33.42009790264517,timestamp,nanoseconds_absolute,1.787056322743175e+18,1.7870563228433633e+18,0.100188416,false,true,false,false,true,true,true,false,false,true,true,false,false
R_TEST_01,LABORATORY,RICH_CANDIDATE,MAP,/home/lj/ZPRM/bag/mid360_20260818_203200_part1_20s.bag,ec998bc44cd7f6276548cbf7c11cffdfcb7a5a5601335cf2fdddd3c8da998c13,sensor_msgs/PointCloud2,"[""livox_frame""]","[""x"",""y"",""z"",""intensity"",""tag"",""line"",""timestamp""]",12,1787056322.8430622,1787056322.944219,0.09988713264465332,19968,19968,0,-16.358999252319336,20.381999969482422,-15.553999900817871,17.033000946044922,-1.4600000381469727,7.492000102996826,0.0,3.009694728584468,9.045720115216119,26.399171511338718,timestamp,nanoseconds_absolute,1.7870563228430623e+18,1.7870563229433272e+18,0.10026496,false,true,false,false,true,true,true,false,false,true,true,false,false
R_TEST_01,LABORATORY,RICH_CANDIDATE,MAP,/home/lj/ZPRM/bag/mid360_20260818_203200_part1_20s.bag,ec998bc44cd7f6276548cbf7c11cffdfcb7a5a5601335cf2fdddd3c8da998c13,sensor_msgs/PointCloud2,"[""livox_frame""]","[""x"",""y"",""z"",""intensity"",""tag"",""line"",""timestamp""]",13,1787056322.9430811,1787056323.0446813,0.10001897811889648,20064,20064,0,-16.277000427246094,21.589000701904297,-15.477999687194824,16.299999237060547,-1.8029999732971191,7.130000114440918,0.0,3.0104753095197765,7.588616242852213,26.507533757735402,timestamp,nanoseconds_absolute,1.7870563229430812e+18,1.7870563230434212e+18,0.100339968,false,true,false,false,true,true,true,false,false,true,true,false,false
R_TEST_01,LABORATORY,RICH_CANDIDATE,MAP,/home/lj/ZPRM/bag/mid360_20260818_203200_part1_20s.bag,ec998bc44cd7f6276548cbf7c11cffdfcb7a5a5601335cf2fdddd3c8da998c13,sensor_msgs/PointCloud2,"[""livox_frame""]","[""x"",""y"",""z"",""intensity"",""tag"",""line"",""timestamp""]",14,1787056323.04319,1787056323.144604,0.10010886192321777,19968,19968,0,-16.413000106811523,30.791000366210938,-14.395999908447266,21.14299964904785,-2.1070001125335693,7.00600004196167,0.0,3.026246704869034,7.860648457549783,32.672209736620324,timestamp,nanoseconds_absolute,1.78705632304319e+18,1.7870563231434104e+18,0.100220416,false,true,false,false,true,true,true,false,false,true,true,false,false
R_TEST_01,LABORATORY,RICH_CANDIDATE,MAP,/home/lj/ZPRM/bag/mid360_20260818_203200_part1_20s.bag,ec998bc44cd7f6276548cbf7c11cffdfcb7a5a5601335cf2fdddd3c8da998c13,sensor_msgs/PointCloud2,"[""livox_frame""]","[""x"",""y"",""z"",""intensity"",""tag"",""line"",""timestamp""]",15,1787056323.1431527,1787056323.244617,0.09996271133422852,20064,20064,0,-16.259000778198242,21.204999923706055,-15.432999610900879,15.303999900817871,-1.7120000123977661,6.126999855041504,0.0,3.0180562063093435,9.363522070092623,24.861787758656618,timestamp,nanoseconds_absolute,1.7870563231431526e+18,1.7870563232434796e+18,0.100326912,false,true,false,false,true,true,true,false,false,true,true,false,false
R_TEST_01,LABORATORY,RICH_CANDIDATE,MAP,/home/lj/ZPRM/bag/mid360_20260818_203200_part1_20s.bag,ec998bc44cd7f6276548cbf7c11cffdfcb7a5a5601335cf2fdddd3c8da998c13,sensor_msgs/PointCloud2,"[""livox_frame""]","[""x"",""y"",""z"",""intensity"",""tag"",""line"",""timestamp""]",16,1787056323.243729,1787056323.3447988,0.10057640075683594,19968,19968,0,-15.256999969482422,31.572999954223633,-12.875,15.128000259399414,-1.7170000076293945,6.650000095367432,0.0,3.038248813692668,8.204604814943972,33.590293965769376,timestamp,nanoseconds_absolute,1.7870563232437292e+18,1.7870563233434327e+18,0.099703552,false,true,false,false,true,true,true,false,false,true,true,false,false
R_TEST_01,LABORATORY,RICH_CANDIDATE,MAP,/home/lj/ZPRM/bag/mid360_20260818_203200_part1_20s.bag,ec998bc44cd7f6276548cbf7c11cffdfcb7a5a5601335cf2fdddd3c8da998c13,sensor_msgs/PointCloud2,"[""livox_frame""]","[""x"",""y"",""z"",""intensity"",""tag"",""line"",""timestamp""]",17,1787056323.3431797,1787056323.4441915,0.09945058822631836,19968,19968,0,-16.37700080871582,31.402999877929688,-12.769000053405762,15.418000221252441,-1.6480000019073486,7.03000020980835,0.0,3.0174130956301903,7.537591309666819,33.41598881351444,timestamp,nanoseconds_absolute,1.7870563233431798e+18,1.7870563234433887e+18,0.100208896,false,true,false,false,true,true,true,false,false,true,true,false,false
R_TEST_01,LABORATORY,RICH_CANDIDATE,MAP,/home/lj/ZPRM/bag/mid360_20260818_203200_part1_20s.bag,ec998bc44cd7f6276548cbf7c11cffdfcb7a5a5601335cf2fdddd3c8da998c13,sensor_msgs/PointCloud2,"[""livox_frame""]","[""x"",""y"",""z"",""intensity"",""tag"",""line"",""timestamp""]",18,1787056323.443122,1787056323.544333,0.09994220733642578,19968,19968,0,-16.290000915527344,20.961999893188477,-13.222999572753906,21.628999710083008,-1.6959999799728394,7.170000076293945,0.0,3.0275887369557166,9.173558453239602,27.047723410518067,timestamp,nanoseconds_absolute,1.787056323443122e+18,1.7870563235434317e+18,0.10030976000000001,false,true,false,false,true,true,true,false,false,true,true,false,false
R_TEST_01,LABORATORY,RICH_CANDIDATE,MAP,/home/lj/ZPRM/bag/mid360_20260818_203200_part1_20s.bag,ec998bc44cd7f6276548cbf7c11cffdfcb7a5a5601335cf2fdddd3c8da998c13,sensor_msgs/PointCloud2,"[""livox_frame""]","[""x"",""y"",""z"",""intensity"",""tag"",""line"",""timestamp""]",19,1787056323.5431542,1787056323.6443212,0.10003232955932617,19968,19968,0,-16.246000289916992,21.02899932861328,-14.98799991607666,14.987000465393066,-1.5520000457763672,6.689000129699707,0.0,3.0183270095923898,8.76827386334682,24.7385022386444,timestamp,nanoseconds_absolute,1.7870563235431542e+18,1.7870563236432622e+18,0.100108032,false,true,false,false,true,true,true,false,false,true,true,false,false
R_TEST_01,LABORATORY,RICH_CANDIDATE,MAP,/home/lj/ZPRM/bag/mid360_20260818_203200_part1_20s.bag,ec998bc44cd7f6276548cbf7c11cffdfcb7a5a5601335cf2fdddd3c8da998c13,sensor_msgs/PointCloud2,"[""livox_frame""]","[""x"",""y"",""z"",""intensity"",""tag"",""line"",""timestamp""]",20,1787056323.6430633,1787056323.7448194,0.09990906715393066,20064,20064,0,-16.386999130249023,21.572999954223633,-15.442999839782715,21.18400001525879,-1.8229999542236328,7.118000030517578,0.0,3.0012104065987417,7.521498744404993,26.21031853530529,timestamp,nanoseconds_absolute,1.7870563236430633e+18,1.7870563237433126e+18,0.100249344,false,true,false,false,true,true,true,false,false,true,true,false,false
R_TEST_01,LABORATORY,RICH_CANDIDATE,MAP,/home/lj/ZPRM/bag/mid360_20260818_203200_part1_20s.bag,ec998bc44cd7f6276548cbf7c11cffdfcb7a5a5601335cf2fdddd3c8da998c13,sensor_msgs/PointCloud2,"[""livox_frame""]","[""x"",""y"",""z"",""intensity"",""tag"",""line"",""timestamp""]",21,1787056323.743068,1787056323.8454444,0.10000467300415039,20064,20064,0,-16.41900062561035,30.74799919128418,-14.843000411987305,16.86400032043457,-1.5329999923706055,7.263999938964844,0.0,3.0011597402420094,7.884064686379038,32.672376970592126,timestamp,nanoseconds_absolute,1.787056323743068e+18,1.7870563238435502e+18,0.10048230400000001,false,true,false,false,true,true,true,false,false,true,true,false,false
R_TEST_01,LABORATORY,RICH_CANDIDATE,MAP,/home/lj/ZPRM/bag/mid360_20260818_203200_part1_20s.bag,ec998bc44cd7f6276548cbf7c11cffdfcb7a5a5601335cf2fdddd3c8da998c13,sensor_msgs/PointCloud2,"[""livox_frame""]","[""x"",""y"",""z"",""intensity"",""tag"",""line"",""timestamp""]",22,1787056323.8436902,1787056323.9447215,0.10062217712402344,19968,19968,0,-16.263999938964844,24.757999420166016,-13.039999961853027,14.961000442504883,-1.8550000190734863,6.335000038146973,0.0,3.0071049798371865,9.067419955987832,28.244910754052306,timestamp,nanoseconds_absolute,1.7870563238436902e+18,1.7870563239434104e+18,0.09972019200000001,false,true,false,false,true,true,true,false,false,true,true,false,false
R_TEST_01,LABORATORY,RICH_CANDIDATE,MAP,/home/lj/ZPRM/bag/mid360_20260818_203200_part1_20s.bag,ec998bc44cd7f6276548cbf7c11cffdfcb7a5a5601335cf2fdddd3c8da998c13,sensor_msgs/PointCloud2,"[""livox_frame""]","[""x"",""y"",""z"",""intensity"",""tag"",""line"",""timestamp""]",23,1787056323.9431794,1787056324.0441248,0.09948921203613281,19968,19968,0,-16.26300048828125,21.104999542236328,-12.720000267028809,17.115999221801758,-1.718000054359436,7.178999900817871,0.0,3.0229835713240667,7.901530101034058,26.3518834365341,timestamp,nanoseconds_absolute,1.7870563239431793e+18,1.787056324043384e+18,0.10020480000000001,false,true,false,false,true,true,true,false,false,true,true,false,false
R_TEST_01,LABORATORY,RICH_CANDIDATE,MAP,/home/lj/ZPRM/bag/mid360_20260818_203200_part1_20s.bag,ec998bc44cd7f6276548cbf7c11cffdfcb7a5a5601335cf2fdddd3c8da998c13,sensor_msgs/PointCloud2,"[""livox_frame""]","[""x"",""y"",""z"",""intensity"",""tag"",""line"",""timestamp""]",24,1787056324.0431306,1787056324.1445727,0.09995126724243164,19968,19968,0,-16.514999389648438,31.913000106811523,-14.98799991607666,15.307000160217285,-1.4910000562667847,6.573999881744385,0.0,3.0101967914749057,7.609269944688649,33.92698351360234,timestamp,nanoseconds_absolute,1.7870563240431306e+18,1.7870563241434214e+18,0.100290816,false,true,false,false,true,true,true,false,false,true,true,false,false
R_TEST_01,LABORATORY,RICH_CANDIDATE,MAP,/home/lj/ZPRM/bag/mid360_20260818_203200_part1_20s.bag,ec998bc44cd7f6276548cbf7c11cffdfcb7a5a5601335cf2fdddd3c8da998c13,sensor_msgs/PointCloud2,"[""livox_frame""]","[""x"",""y"",""z"",""intensity"",""tag"",""line"",""timestamp""]",25,1787056324.1431887,1787056324.244791,0.10005807876586914,20064,20064,0,-16.30500030517578,21.097999572753906,-12.977999687194824,16.32900047302246,-1.6920000314712524,7.063000202178955,0.0,3.008982926069253,8.32329886362683,24.82774508406375,timestamp,nanoseconds_absolute,1.7870563241431887e+18,1.78705632424351e+18,0.10032128000000001,false,true,false,false,true,true,true,false,false,true,true,false,false
R_TEST_01,LABORATORY,RICH_CANDIDATE,MAP,/home/lj/ZPRM/bag/mid360_20260818_203200_part1_20s.bag,ec998bc44cd7f6276548cbf7c11cffdfcb7a5a5601335cf2fdddd3c8da998c13,sensor_msgs/PointCloud2,"[""livox_frame""]","[""x"",""y"",""z"",""intensity"",""tag"",""line"",""timestamp""]",26,1787056324.2431142,1787056324.347338,0.09992551803588867,19968,19968,0,-16.277000427246094,21.097999572753906,-15.359000205993652,16.3799991607666,-1.6699999570846558,6.4730000495910645,0.0,3.0117270779339282,7.849512927245543,25.283624788011398,timestamp,nanoseconds_absolute,1.7870563242431142e+18,1.7870563243433546e+18,0.100240384,false,true,false,false,true,true,true,false,false,true,true,false,false
R_TEST_01,LABORATORY,RICH_CANDIDATE,MAP,/home/lj/ZPRM/bag/mid360_20260818_203200_part1_20s.bag,ec998bc44cd7f6276548cbf7c11cffdfcb7a5a5601335cf2fdddd3c8da998c13,sensor_msgs/PointCloud2,"[""livox_frame""]","[""x"",""y"",""z"",""intensity"",""tag"",""line"",""timestamp""]",27,1787056324.3443825,1787056324.4446049,0.10126829147338867,19968,19968,0,-16.458999633789062,30.892000198364258,-14.85099983215332,16.926000595092773,-1.6790000200271606,7.329999923706055,0.0,3.0127558623907618,7.749313863891765,32.76695713726536,timestamp,nanoseconds_absolute,1.7870563243443825e+18,1.7870563244434762e+18,0.09909376,false,true,false,false,true,true,true,false,false,true,true,false,false
R_TEST_01,LABORATORY,RICH_CANDIDATE,MAP,/home/lj/ZPRM/bag/mid360_20260818_203200_part1_20s.bag,ec998bc44cd7f6276548cbf7c11cffdfcb7a5a5601335cf2fdddd3c8da998c13,sensor_msgs/PointCloud2,"[""livox_frame""]","[""x"",""y"",""z"",""intensity"",""tag"",""line"",""timestamp""]",28,1787056324.4431615,1787056324.5446675,0.09877896308898926,20064,20064,0,-12.876999855041504,20.753000259399414,-12.805999755859375,14.88700008392334,-1.472000002861023,7.079999923706055,0.0,3.0211949814249692,8.802563581558772,25.499748633195495,timestamp,nanoseconds_absolute,1.7870563244431616e+18,1.7870563245434301e+18,0.100268544,false,true,false,false,true,true,true,false,false,true,true,false,false
R_TEST_01,LABORATORY,RICH_CANDIDATE,MAP,/home/lj/ZPRM/bag/mid360_20260818_203200_part1_20s.bag,ec998bc44cd7f6276548cbf7c11cffdfcb7a5a5601335cf2fdddd3c8da998c13,sensor_msgs/PointCloud2,"[""livox_frame""]","[""x"",""y"",""z"",""intensity"",""tag"",""line"",""timestamp""]",29,1787056324.543191,1787056324.645579,0.10002946853637695,20064,20064,0,-16.44700050354004,24.94099998474121,-13.12600040435791,14.210000038146973,-1.6069999933242798,5.906000137329102,0.0,2.996612021732868,8.177799561254917,28.38805561211576,timestamp,nanoseconds_absolute,1.787056324543191e+18,1.787056324643462e+18,0.10027084800000001,false,true,false,false,true,true,true,false,false,true,true,false,false
R_TEST_01,LABORATORY,RICH_CANDIDATE,MAP,/home/lj/ZPRM/bag/mid360_20260818_203200_part1_20s.bag,ec998bc44cd7f6276548cbf7c11cffdfcb7a5a5601335cf2fdddd3c8da998c13,sensor_msgs/PointCloud2,"[""livox_frame""]","[""x"",""y"",""z"",""intensity"",""tag"",""line"",""timestamp""]",30,1787056324.643848,1787056324.7446148,0.10065698623657227,19968,19968,0,-16.214000701904297,20.96299934387207,-12.880999565124512,16.285999298095703,-1.5770000219345093,6.585999965667725,0.0,3.005410309822524,7.63263987569814,24.611076043711094,timestamp,nanoseconds_absolute,1.787056324643848e+18,1.7870563247434537e+18,0.09960576,false,true,false,false,true,true,true,false,false,true,true,false,false
R_TEST_01,LABORATORY,RICH_CANDIDATE,MAP,/home/lj/ZPRM/bag/mid360_20260818_203200_part1_20s.bag,ec998bc44cd7f6276548cbf7c11cffdfcb7a5a5601335cf2fdddd3c8da998c13,sensor_msgs/PointCloud2,"[""livox_frame""]","[""x"",""y"",""z"",""intensity"",""tag"",""line"",""timestamp""]",31,1787056324.7437258,1787056324.8445323,0.09987783432006836,19968,19968,0,-16.423999786376953,30.760000228881836,-12.906000137329102,21.176000595092773,-1.656999945640564,6.952000141143799,0.0,3.0058775232627566,7.937215716502287,32.67404964680627,timestamp,nanoseconds_absolute,1.7870563247437258e+18,1.7870563248434468e+18,0.09972096000000001,false,true,false,false,true,true,true,false,false,true,true,false,false
R_TEST_01,LABORATORY,RICH_CANDIDATE,MAP,/home/lj/ZPRM/bag/mid360_20260818_203200_part1_20s.bag,ec998bc44cd7f6276548cbf7c11cffdfcb7a5a5601335cf2fdddd3c8da998c13,sensor_msgs/PointCloud2,"[""livox_frame""]","[""x"",""y"",""z"",""intensity"",""tag"",""line"",""timestamp""]",32,1787056324.8431878,1787056324.944322,0.09946203231811523,19968,19968,0,-16.2810001373291,21.974000930786133,-14.97599983215332,15.151000022888184,-1.843999981880188,6.105999946594238,0.0,3.0054779840337496,8.712655740869094,25.73399393349085,timestamp,nanoseconds_absolute,1.7870563248431877e+18,1.7870563249433236e+18,0.10013593600000001,false,true,false,false,true,true,true,false,false,true,true,false,false
R_TEST_01,LABORATORY,RICH_CANDIDATE,MAP,/home/lj/ZPRM/bag/mid360_20260818_203200_part1_20s.bag,ec998bc44cd7f6276548cbf7c11cffdfcb7a5a5601335cf2fdddd3c8da998c13,sensor_msgs/PointCloud2,"[""livox_frame""]","[""x"",""y"",""z"",""intensity"",""tag"",""line"",""timestamp""]",33,1787056324.9430926,1787056325.0447185,0.09990477561950684,20064,20064,0,-16.250999450683594,21.066999435424805,-15.520000457763672,14.180999755859375,-1.4470000267028809,6.581999778747559,0.0,3.0140892510287953,7.967755634264592,24.84419829051909,timestamp,nanoseconds_absolute,1.7870563249430925e+18,1.7870563250434737e+18,0.10038118400000001,false,true,false,false,true,true,true,false,false,true,true,false,false
R_TEST_01,LABORATORY,RICH_CANDIDATE,MAP,/home/lj/ZPRM/bag/mid360_20260818_203200_part1_20s.bag,ec998bc44cd7f6276548cbf7c11cffdfcb7a5a5601335cf2fdddd3c8da998c13,sensor_msgs/PointCloud2,"[""livox_frame""]","[""x"",""y"",""z"",""intensity"",""tag"",""line"",""timestamp""]",34,1787056325.0437667,1787056325.1448674,0.10067415237426758,19968,19968,0,-16.30699920654297,30.941999435424805,-13.079999923706055,15.737000465393066,-1.8539999723434448,7.150000095367432,0.0,3.019058073387495,8.021285241855878,32.84030681915809,timestamp,nanoseconds_absolute,1.7870563250437668e+18,1.7870563251434086e+18,0.099641856,false,true,false,false,true,true,true,false,false,true,true,false,false
R_TEST_01,LABORATORY,RICH_CANDIDATE,MAP,/home/lj/ZPRM/bag/mid360_20260818_203200_part1_20s.bag,ec998bc44cd7f6276548cbf7c11cffdfcb7a5a5601335cf2fdddd3c8da998c13,sensor_msgs/PointCloud2,"[""livox_frame""]","[""x"",""y"",""z"",""intensity"",""tag"",""line"",""timestamp""]",35,1787056325.1431606,1787056325.244919,0.09939384460449219,19968,19968,0,-12.894000053405762,30.882999420166016,-12.434000015258789,15.715999603271484,-1.878999948501587,7.005000114440918,0.0,3.0097003664226705,7.882700272524011,32.71356345317159,timestamp,nanoseconds_absolute,1.7870563251431606e+18,1.7870563252433748e+18,0.10021427200000001,false,true,false,false,true,true,true,false,false,true,true,false,false
R_TEST_01,LABORATORY,RICH_CANDIDATE,MAP,/home/lj/ZPRM/bag/mid360_20260818_203200_part1_20s.bag,ec998bc44cd7f6276548cbf7c11cffdfcb7a5a5601335cf2fdddd3c8da998c13,sensor_msgs/PointCloud2,"[""livox_frame""]","[""x"",""y"",""z"",""intensity"",""tag"",""line"",""timestamp""]",36,1787056325.2431026,1787056325.3444288,0.09994196891784668,19968,19968,0,-16.451000213623047,21.59600067138672,-15.50100040435791,15.375,-1.7999999523162842,6.172999858856201,0.0,3.010431858048342,8.602455963996736,25.681036534134684,timestamp,nanoseconds_absolute,1.7870563252431025e+18,1.787056325343375e+18,0.10027264000000001,false,true,false,false,true,true,true,false,false,true,true,false,false
R_TEST_01,LABORATORY,RICH_CANDIDATE,MAP,/home/lj/ZPRM/bag/mid360_20260818_203200_part1_20s.bag,ec998bc44cd7f6276548cbf7c11cffdfcb7a5a5601335cf2fdddd3c8da998c13,sensor_msgs/PointCloud2,"[""livox_frame""]","[""x"",""y"",""z"",""intensity"",""tag"",""line"",""timestamp""]",37,1787056325.3431268,1787056325.4450512,0.10002422332763672,20064,20064,0,-16.27899932861328,21.652000427246094,-11.277999877929688,16.97599983215332,-1.809000015258789,7.4629998207092285,0.0,3.030689269334014,7.859212672787913,26.465470926957416,timestamp,nanoseconds_absolute,1.7870563253431268e+18,1.7870563254434176e+18,0.100290816,false,true,false,false,true,true,true,false,false,true,true,false,false
R_TEST_01,LABORATORY,RICH_CANDIDATE,MAP,/home/lj/ZPRM/bag/mid360_20260818_203200_part1_20s.bag,ec998bc44cd7f6276548cbf7c11cffdfcb7a5a5601335cf2fdddd3c8da998c13,sensor_msgs/PointCloud2,"[""livox_frame""]","[""x"",""y"",""z"",""intensity"",""tag"",""line"",""timestamp""]",38,1787056325.4431612,1787056325.5449204,0.10003447532653809,19968,19968,0,-12.901000022888184,31.507999420166016,-14.996000289916992,21.299999237060547,-1.496999979019165,7.048999786376953,0.0,3.0252438655731257,8.432276549146112,33.52945190644771,timestamp,nanoseconds_absolute,1.7870563254431613e+18,1.7870563255433818e+18,0.100220416,false,true,false,false,true,true,true,false,false,true,true,false,false
R_TEST_01,LABORATORY,RICH_CANDIDATE,MAP,/home/lj/ZPRM/bag/mid360_20260818_203200_part1_20s.bag,ec998bc44cd7f6276548cbf7c11cffdfcb7a5a5601335cf2fdddd3c8da998c13,sensor_msgs/PointCloud2,"[""livox_frame""]","[""x"",""y"",""z"",""intensity"",""tag"",""line"",""timestamp""]",39,1787056325.5430954,1787056325.6446142,0.09993410110473633,20064,20064,0,-16.280000686645508,31.58799934387207,-12.78499984741211,15.281999588012695,-1.7549999952316284,6.375,0.0,2.9987089549961636,8.601757414394864,33.59361816242277,timestamp,nanoseconds_absolute,1.7870563255430953e+18,1.7870563256434616e+18,0.100366336,false,true,false,false,true,true,true,false,false,true,true,false,false
R_TEST_01,LABORATORY,RICH_CANDIDATE,MAP,/home/lj/ZPRM/bag/mid360_20260818_203200_part1_20s.bag,ec998bc44cd7f6276548cbf7c11cffdfcb7a5a5601335cf2fdddd3c8da998c13,sensor_msgs/PointCloud2,"[""livox_frame""]","[""x"",""y"",""z"",""intensity"",""tag"",""line"",""timestamp""]",40,1787056325.6438344,1787056325.7446907,0.1007390022277832,19968,19968,0,-15.324000358581543,20.156999588012695,-11.309000015258789,15.331000328063965,-1.5679999589920044,6.125999927520752,0.0,3.003615189172317,8.426852690644921,22.952910131915733,timestamp,nanoseconds_absolute,1.7870563256438344e+18,1.7870563257434614e+18,0.099627008,false,true,false,false,true,true,true,false,false,true,true,false,false
R_TEST_01,LABORATORY,RICH_CANDIDATE,MAP,/home/lj/ZPRM/bag/mid360_20260818_203200_part1_20s.bag,ec998bc44cd7f6276548cbf7c11cffdfcb7a5a5601335cf2fdddd3c8da998c13,sensor_msgs/PointCloud2,"[""livox_frame""]","[""x"",""y"",""z"",""intensity"",""tag"",""line"",""timestamp""]",41,1787056325.7432103,1787056325.8442328,0.09937596321105957,19968,19968,0,-16.30699920654297,22.070999145507812,-15.105999946594238,15.269000053405762,-1.8029999732971191,6.515999794006348,0.0,3.02267273630853,8.0289072978413,24.50843819713267,timestamp,nanoseconds_absolute,1.7870563257432102e+18,1.7870563258433618e+18,0.100151552,false,true,false,false,true,true,true,false,false,true,true,false,false
R_TEST_01,LABORATORY,RICH_CANDIDATE,MAP,/home/lj/ZPRM/bag/mid360_20260818_203200_part1_20s.bag,ec998bc44cd7f6276548cbf7c11cffdfcb7a5a5601335cf2fdddd3c8da998c13,sensor_msgs/PointCloud2,"[""livox_frame""]","[""x"",""y"",""z"",""intensity"",""tag"",""line"",""timestamp""]",42,1787056325.8430812,1787056325.9446294,0.09987092018127441,20064,20064,0,-16.53499984741211,20.466999053955078,-15.123000144958496,16.233999252319336,-1.5369999408721924,6.442999839782715,0.0,3.004123361841443,8.214932660826818,25.674275086181055,timestamp,nanoseconds_absolute,1.7870563258430812e+18,1.787056325943453e+18,0.100371712,false,true,false,false,true,true,true,false,false,true,true,false,false
R_TEST_01,LABORATORY,RICH_CANDIDATE,MAP,/home/lj/ZPRM/bag/mid360_20260818_203200_part1_20s.bag,ec998bc44cd7f6276548cbf7c11cffdfcb7a5a5601335cf2fdddd3c8da998c13,sensor_msgs/PointCloud2,"[""livox_frame""]","[""x"",""y"",""z"",""intensity"",""tag"",""line"",""timestamp""]",43,1787056325.9437845,1787056326.0447745,0.10070323944091797,19968,19968,0,-16.312999725341797,20.976999282836914,-12.753999710083008,16.34000015258789,-1.5579999685287476,6.164000034332275,0.0,3.024818836184304,8.698606628144704,24.599316482757676,timestamp,nanoseconds_absolute,1.7870563259437844e+18,1.7870563260434092e+18,0.09962470400000001,false,true,false,false,true,true,true,false,false,true,true,false,false
R_TEST_01,LABORATORY,RICH_CANDIDATE,MAP,/home/lj/ZPRM/bag/mid360_20260818_203200_part1_20s.bag,ec998bc44cd7f6276548cbf7c11cffdfcb7a5a5601335cf2fdddd3c8da998c13,sensor_msgs/PointCloud2,"[""livox_frame""]","[""x"",""y"",""z"",""intensity"",""tag"",""line"",""timestamp""]",44,1787056326.0431588,1787056326.1441393,0.09937429428100586,19968,19968,0,-16.360000610351562,21.663999557495117,-15.324999809265137,17.136999130249023,-1.8329999446868896,6.90500020980835,0.0,3.0269889022210092,7.850836030458551,25.7271994933891,timestamp,nanoseconds_absolute,1.7870563260431588e+18,1.787056326143367e+18,0.10020812800000001,false,true,false,false,true,true,true,false,false,true,true,false,false
R_TEST_01,LABORATORY,RICH_CANDIDATE,MAP,/home/lj/ZPRM/bag/mid360_20260818_203200_part1_20s.bag,ec998bc44cd7f6276548cbf7c11cffdfcb7a5a5601335cf2fdddd3c8da998c13,sensor_msgs/PointCloud2,"[""livox_frame""]","[""x"",""y"",""z"",""intensity"",""tag"",""line"",""timestamp""]",45,1787056326.1430953,1787056326.2446265,0.09993648529052734,20064,20064,0,-12.826000213623047,31.516000747680664,-11.24899959564209,13.770000457763672,-1.8760000467300415,6.486999988555908,0.0,3.0147341453314134,8.34857792614024,33.53372968581617,timestamp,nanoseconds_absolute,1.7870563261430953e+18,1.787056326243425e+18,0.100329728,false,true,false,false,true,true,true,false,false,true,true,false,false
R_TEST_01,LABORATORY,RICH_CANDIDATE,MAP,/home/lj/ZPRM/bag/mid360_20260818_203200_part1_20s.bag,ec998bc44cd7f6276548cbf7c11cffdfcb7a5a5601335cf2fdddd3c8da998c13,sensor_msgs/PointCloud2,"[""livox_frame""]","[""x"",""y"",""z"",""intensity"",""tag"",""line"",""timestamp""]",46,1787056326.2432764,1787056326.3450208,0.10018110275268555,19968,19968,0,-16.320999145507812,21.6299991607666,-13.119000434875488,15.02299976348877,-1.8680000305175781,6.385000228881836,0.0,3.003954931600287,8.651320563820324,25.661567413714266,timestamp,nanoseconds_absolute,1.7870563262432763e+18,1.7870563263434662e+18,0.10018995200000001,false,true,false,false,true,true,true,false,false,true,true,false,false
R_TEST_01,LABORATORY,RICH_CANDIDATE,MAP,/home/lj/ZPRM/bag/mid360_20260818_203200_part1_20s.bag,ec998bc44cd7f6276548cbf7c11cffdfcb7a5a5601335cf2fdddd3c8da998c13,sensor_msgs/PointCloud2,"[""livox_frame""]","[""x"",""y"",""z"",""intensity"",""tag"",""line"",""timestamp""]",47,1787056326.343165,1787056326.444636,0.09988856315612793,20064,20064,0,-16.20800018310547,20.93400001525879,-13.161999702453613,17.145999908447266,-1.593000054359436,6.25600004196167,0.0,3.0130573354731514,8.284022634022362,26.455327770384773,timestamp,nanoseconds_absolute,1.787056326343165e+18,1.78705632644345e+18,0.100285184,false,true,false,false,true,true,true,false,false,true,true,false,false
R_TEST_01,LABORATORY,RICH_CANDIDATE,MAP,/home/lj/ZPRM/bag/mid360_20260818_203200_part1_20s.bag,ec998bc44cd7f6276548cbf7c11cffdfcb7a5a5601335cf2fdddd3c8da998c13,sensor_msgs/PointCloud2,"[""livox_frame""]","[""x"",""y"",""z"",""intensity"",""tag"",""line"",""timestamp""]",48,1787056326.4438193,1787056326.5448325,0.10065436363220215,19968,19968,0,-16.358999252319336,30.867000579833984,-12.307999610900879,21.28499984741211,-1.8700000047683716,7.116000175476074,0.0,3.033972317217917,8.249164441477209,32.74432331173315,timestamp,nanoseconds_absolute,1.7870563264438193e+18,1.7870563265435274e+18,0.09970816,false,true,false,false,true,true,true,false,false,true,true,false,false
R_TEST_01,LABORATORY,RICH_CANDIDATE,MAP,/home/lj/ZPRM/bag/mid360_20260818_203200_part1_20s.bag,ec998bc44cd7f6276548cbf7c11cffdfcb7a5a5601335cf2fdddd3c8da998c13,sensor_msgs/PointCloud2,"[""livox_frame""]","[""x"",""y"",""z"",""intensity"",""tag"",""line"",""timestamp""]",49,1787056326.5437613,1787056326.6444237,0.09994196891784668,19968,19968,0,-16.288999557495117,30.867000579833984,-15.008999824523926,17.02899932861328,-1.6959999799728394,7.456999778747559,0.0,3.009748624514735,8.26973928448711,32.66867394531687,timestamp,nanoseconds_absolute,1.7870563265437612e+18,1.7870563266434499e+18,0.099688704,false,true,false,false,true,true,true,false,false,true,true,false,false
R_TEST_01,LABORATORY,RICH_CANDIDATE,MAP,/home/lj/ZPRM/bag/mid360_20260818_203200_part1_20s.bag,ec998bc44cd7f6276548cbf7c11cffdfcb7a5a5601335cf2fdddd3c8da998c13,sensor_msgs/PointCloud2,"[""livox_frame""]","[""x"",""y"",""z"",""intensity"",""tag"",""line"",""timestamp""]",50,1787056326.6431782,1787056326.7442822,0.09941697120666504,19968,19968,0,-16.28499984741211,20.895000457763672,-15.385000228881836,16.37700080871582,-1.534999966621399,6.377999782562256,0.0,2.9873389775611914,8.452750695912117,26.45788050313183,timestamp,nanoseconds_absolute,1.7870563266431782e+18,1.7870563267433994e+18,0.100221184,false,true,false,false,true,true,true,false,false,true,true,false,false
R_TEST_01,LABORATORY,RICH_CANDIDATE,MAP,/home/lj/ZPRM/bag/mid360_20260818_203200_part1_20s.bag,ec998bc44cd7f6276548cbf7c11cffdfcb7a5a5601335cf2fdddd3c8da998c13,sensor_msgs/PointCloud2,"[""livox_frame""]","[""x"",""y"",""z"",""intensity"",""tag"",""line"",""timestamp""]",51,1787056326.743131,1787056326.8446577,0.09995269775390625,20064,20064,0,-15.125,19.81999969482422,-15.579000473022461,17.07699966430664,-1.531999945640564,7.507999897003174,0.0,3.008327869763779,7.804340083552585,26.451257034726407,timestamp,nanoseconds_absolute,1.787056326743131e+18,1.7870563268435203e+18,0.100389376,false,true,false,false,true,true,true,false,false,true,true,false,false
R_TEST_01,LABORATORY,RICH_CANDIDATE,MAP,/home/lj/ZPRM/bag/mid360_20260818_203200_part1_20s.bag,ec998bc44cd7f6276548cbf7c11cffdfcb7a5a5601335cf2fdddd3c8da998c13,sensor_msgs/PointCloud2,"[""livox_frame""]","[""x"",""y"",""z"",""intensity"",""tag"",""line"",""timestamp""]",52,1787056326.8437653,1787056326.944957,0.10063433647155762,19968,19968,0,-12.869999885559082,30.9060001373291,-11.154999732971191,16.29400062561035,-1.5829999446868896,7.138000011444092,0.0,3.011014115208473,8.152031605464725,32.71849512781573,timestamp,nanoseconds_absolute,1.7870563268437652e+18,1.7870563269433884e+18,0.09962316800000001,false,true,false,false,true,true,true,false,false,true,true,false,false
R_TEST_01,LABORATORY,RICH_CANDIDATE,MAP,/home/lj/ZPRM/bag/mid360_20260818_203200_part1_20s.bag,ec998bc44cd7f6276548cbf7c11cffdfcb7a5a5601335cf2fdddd3c8da998c13,sensor_msgs/PointCloud2,"[""livox_frame""]","[""x"",""y"",""z"",""intensity"",""tag"",""line"",""timestamp""]",53,1787056326.9431403,1787056327.0442414,0.09937500953674316,19968,19968,0,-16.31100082397461,30.889999389648438,-15.140000343322754,16.95800018310547,-1.6150000095367432,7.455999851226807,0.0,3.0102020071350584,8.605814859251545,32.706798725721505,timestamp,nanoseconds_absolute,1.7870563269431404e+18,1.7870563270433787e+18,0.10023833600000001,false,true,false,false,true,true,true,false,false,true,true,false,false
R_TEST_01,LABORATORY,RICH_CANDIDATE,MAP,/home/lj/ZPRM/bag/mid360_20260818_203200_part1_20s.bag,ec998bc44cd7f6276548cbf7c11cffdfcb7a5a5601335cf2fdddd3c8da998c13,sensor_msgs/PointCloud2,"[""livox_frame""]","[""x"",""y"",""z"",""intensity"",""tag"",""line"",""timestamp""]",54,1787056327.043115,1787056327.144352,0.0999746322631836,19968,19968,0,-16.23699951171875,20.93199920654297,-12.767000198364258,21.19499969482422,-1.5210000276565552,7.315000057220459,0.0,3.004449739721085,8.235433580235295,26.39765646503812,timestamp,nanoseconds_absolute,1.787056327043115e+18,1.7870563271433513e+18,0.100236288,false,true,false,false,true,true,true,false,false,true,true,false,false
R_TEST_01,LABORATORY,RICH_CANDIDATE,MAP,/home/lj/ZPRM/bag/mid360_20260818_203200_part1_20s.bag,ec998bc44cd7f6276548cbf7c11cffdfcb7a5a5601335cf2fdddd3c8da998c13,sensor_msgs/PointCloud2,"[""livox_frame""]","[""x"",""y"",""z"",""intensity"",""tag"",""line"",""timestamp""]",55,1787056327.1430902,1787056327.2445614,0.0999753475189209,19872,19872,0,-16.493999481201172,31.55299949645996,-12.866999626159668,21.250999450683594,-1.4509999752044678,7.1479997634887695,0.0,3.0149533042961267,8.499066580156116,33.57236108108607,timestamp,nanoseconds_absolute,1.7870563271430902e+18,1.7870563272434196e+18,0.100329472,false,true,false,false,true,true,true,false,false,true,true,false,false
R_TEST_01,LABORATORY,RICH_CANDIDATE,MAP,/home/lj/ZPRM/bag/mid360_20260818_203200_part1_20s.bag,ec998bc44cd7f6276548cbf7c11cffdfcb7a5a5601335cf2fdddd3c8da998c13,sensor_msgs/PointCloud2,"[""livox_frame""]","[""x"",""y"",""z"",""intensity"",""tag"",""line"",""timestamp""]",56,1787056327.2429793,1787056327.3460338,0.09988903999328613,20160,20160,0,-16.2810001373291,31.989999771118164,-15.204999923706055,15.371999740600586,-1.6610000133514404,6.374000072479248,0.0,3.0100784862656402,8.167974753778065,33.9309718032065,timestamp,nanoseconds_absolute,1.7870563272429793e+18,1.78705632734335e+18,0.100370688,false,true,false,false,true,true,true,false,false,true,true,false,false
R_TEST_01,LABORATORY,RICH_CANDIDATE,MAP,/home/lj/ZPRM/bag/mid360_20260818_203200_part1_20s.bag,ec998bc44cd7f6276548cbf7c11cffdfcb7a5a5601335cf2fdddd3c8da998c13,sensor_msgs/PointCloud2,"[""livox_frame""]","[""x"",""y"",""z"",""intensity"",""tag"",""line"",""timestamp""]",57,1787056327.3430963,1787056327.4449136,0.10011696815490723,19968,19968,0,-16.298999786376953,21.159000396728516,-12.914999961853027,16.90399932861328,-1.7000000476837158,7.521999835968018,0.0,3.0073188909534165,8.4890378263598,26.334640044161794,timestamp,nanoseconds_absolute,1.7870563273430963e+18,1.7870563274432957e+18,0.10019942400000001,false,true,false,false,true,true,true,false,false,true,true,false,false
R_TEST_01,LABORATORY,RICH_CANDIDATE,MAP,/home/lj/ZPRM/bag/mid360_20260818_203200_part1_20s.bag,ec998bc44cd7f6276548cbf7c11cffdfcb7a5a5601335cf2fdddd3c8da998c13,sensor_msgs/PointCloud2,"[""livox_frame""]","[""x"",""y"",""z"",""intensity"",""tag"",""line"",""timestamp""]",58,1787056327.4430537,1787056327.5442915,0.09995746612548828,19872,19872,0,-16.273000717163086,32.08399963378906,-15.515999794006348,21.18400001525879,-1.8370000123977661,7.488999843597412,0.0,2.9970553135469764,7.91041833845073,34.184810991868964,timestamp,nanoseconds_absolute,1.7870563274430538e+18,1.7870563275434273e+18,0.100373504,false,true,false,false,true,true,true,false,false,true,true,false,false
R_TEST_01,LABORATORY,RICH_CANDIDATE,MAP,/home/lj/ZPRM/bag/mid360_20260818_203200_part1_20s.bag,ec998bc44cd7f6276548cbf7c11cffdfcb7a5a5601335cf2fdddd3c8da998c13,sensor_msgs/PointCloud2,"[""livox_frame""]","[""x"",""y"",""z"",""intensity"",""tag"",""line"",""timestamp""]",59,1787056327.5429845,1787056327.644513,0.0999307632446289,20160,20160,0,-16.260000228881836,30.799999237060547,-12.963000297546387,15.192000389099121,-1.871000051498413,6.968999862670898,0.0,2.9978124962409867,7.932391418017332,32.63336831536755,timestamp,nanoseconds_absolute,1.7870563275429844e+18,1.7870563276433708e+18,0.10038630400000001,false,true,false,false,true,true,true,false,false,true,true,false,false
R_TEST_01,LABORATORY,RICH_CANDIDATE,MAP,/home/lj/ZPRM/bag/mid360_20260818_203200_part1_20s.bag,ec998bc44cd7f6276548cbf7c11cffdfcb7a5a5601335cf2fdddd3c8da998c13,sensor_msgs/PointCloud2,"[""livox_frame""]","[""x"",""y"",""z"",""intensity"",""tag"",""line"",""timestamp""]",60,1787056327.6431253,1787056327.7445202,0.10014081001281738,19968,19968,0,-16.430999755859375,21.256999969482422,-15.501999855041504,17.148000717163086,-1.6480000019073486,6.059000015258789,0.0,3.0014323597587427,8.563234114944107,25.757256181627373,timestamp,nanoseconds_absolute,1.7870563276431252e+18,1.78705632774328e+18,0.10015488,false,true,false,false,true,true,true,false,false,true,true,false,false
R_TEST_01,LABORATORY,RICH_CANDIDATE,MAP,/home/lj/ZPRM/bag/mid360_20260818_203200_part1_20s.bag,ec998bc44cd7f6276548cbf7c11cffdfcb7a5a5601335cf2fdddd3c8da998c13,sensor_msgs/PointCloud2,"[""livox_frame""]","[""x"",""y"",""z"",""intensity"",""tag"",""line"",""timestamp""]",61,1787056327.7430193,1787056327.8446596,0.09989404678344727,20064,20064,0,-16.26300048828125,20.45199966430664,-15.074000358581543,17.124000549316406,-1.5080000162124634,6.445000171661377,0.0,3.0182316359409387,8.06631248991688,26.453082810740806,timestamp,nanoseconds_absolute,1.7870563277430193e+18,1.78705632784347e+18,0.10045081600000001,false,true,false,false,true,true,true,false,false,true,true,false,false
R_TEST_01,LABORATORY,RICH_CANDIDATE,MAP,/home/lj/ZPRM/bag/mid360_20260818_203200_part1_20s.bag,ec998bc44cd7f6276548cbf7c11cffdfcb7a5a5601335cf2fdddd3c8da998c13,sensor_msgs/PointCloud2,"[""livox_frame""]","[""x"",""y"",""z"",""intensity"",""tag"",""line"",""timestamp""]",62,1787056327.8431008,1787056327.9448543,0.1000814437866211,19968,19968,0,-12.906000137329102,30.700000762939453,-14.918000221252441,21.23699951171875,-1.6330000162124634,7.111000061035156,0.0,3.018784952810347,8.576803278627969,32.626411029362266,timestamp,nanoseconds_absolute,1.7870563278431007e+18,1.787056327943422e+18,0.10032128000000001,false,true,false,false,true,true,true,false,false,true,true,false,false
R_TEST_01,LABORATORY,RICH_CANDIDATE,MAP,/home/lj/ZPRM/bag/mid360_20260818_203200_part1_20s.bag,ec998bc44cd7f6276548cbf7c11cffdfcb7a5a5601335cf2fdddd3c8da998c13,sensor_msgs/PointCloud2,"[""livox_frame""]","[""x"",""y"",""z"",""intensity"",""tag"",""line"",""timestamp""]",63,1787056327.943183,1787056328.0446045,0.1000821590423584,20064,20064,0,-16.42799949645996,31.79800033569336,-15.454999923706055,15.267999649047852,-1.7589999437332153,6.243000030517578,0.0,2.994311410242081,8.593272972394175,33.82938905405949,timestamp,nanoseconds_absolute,1.7870563279431828e+18,1.7870563280434125e+18,0.10022963200000001,false,true,false,false,true,true,true,false,false,true,true,false,false
R_TEST_01,LABORATORY,RICH_CANDIDATE,MAP,/home/lj/ZPRM/bag/mid360_20260818_203200_part1_20s.bag,ec998bc44cd7f6276548cbf7c11cffdfcb7a5a5601335cf2fdddd3c8da998c13,sensor_msgs/PointCloud2,"[""livox_frame""]","[""x"",""y"",""z"",""intensity"",""tag"",""line"",""timestamp""]",64,1787056328.043809,1787056328.1448247,0.10062599182128906,19968,19968,0,-16.239999771118164,20.930999755859375,-15.541999816894531,16.43000030517578,-1.4620000123977661,6.047999858856201,0.0,3.005274441352006,8.424914220903666,24.58437605175039,timestamp,nanoseconds_absolute,1.787056328043809e+18,1.7870563281434135e+18,0.09960448000000001,false,true,false,false,true,true,true,false,false,true,true,false,false
R_TEST_01,LABORATORY,RICH_CANDIDATE,MAP,/home/lj/ZPRM/bag/mid360_20260818_203200_part1_20s.bag,ec998bc44cd7f6276548cbf7c11cffdfcb7a5a5601335cf2fdddd3c8da998c13,sensor_msgs/PointCloud2,"[""livox_frame""]","[""x"",""y"",""z"",""intensity"",""tag"",""line"",""timestamp""]",65,1787056328.143142,1787056328.244408,0.09933304786682129,19968,19968,0,-16.302000045776367,30.805999755859375,-12.206000328063965,17.131999969482422,-1.8459999561309814,6.591000080108643,0.0,3.0192360438390367,8.278588598602036,32.66596267478332,timestamp,nanoseconds_absolute,1.787056328143142e+18,1.7870563282433306e+18,0.100188672,false,true,false,false,true,true,true,false,false,true,true,false,false
R_TEST_01,LABORATORY,RICH_CANDIDATE,MAP,/home/lj/ZPRM/bag/mid360_20260818_203200_part1_20s.bag,ec998bc44cd7f6276548cbf7c11cffdfcb7a5a5601335cf2fdddd3c8da998c13,sensor_msgs/PointCloud2,"[""livox_frame""]","[""x"",""y"",""z"",""intensity"",""tag"",""line"",""timestamp""]",66,1787056328.2430828,1787056328.3441508,0.09994077682495117,19968,19968,0,-16.479000091552734,20.506999969482422,-12.661999702453613,15.425999641418457,-1.5329999923706055,7.123000144958496,0.0,2.999532145050958,8.300131664700727,26.114118156905548,timestamp,nanoseconds_absolute,1.7870563282430828e+18,1.7870563283432957e+18,0.100212992,false,true,false,false,true,true,true,false,false,true,true,false,false
R_TEST_01,LABORATORY,RICH_CANDIDATE,MAP,/home/lj/ZPRM/bag/mid360_20260818_203200_part1_20s.bag,ec998bc44cd7f6276548cbf7c11cffdfcb7a5a5601335cf2fdddd3c8da998c13,sensor_msgs/PointCloud2,"[""livox_frame""]","[""x"",""y"",""z"",""intensity"",""tag"",""line"",""timestamp""]",67,1787056328.3430297,1787056328.4454393,0.09994697570800781,20064,20064,0,-16.26799964904785,20.26099967956543,-12.885000228881836,17.43000030517578,-1.4709999561309814,6.35699987411499,0.0,3.0052424389767327,8.70498528250413,24.001929676017582,timestamp,nanoseconds_absolute,1.7870563283430298e+18,1.7870563284433846e+18,0.100354816,false,true,false,false,true,true,true,false,false,true,true,false,false
R_TEST_01,LABORATORY,RICH_CANDIDATE,MAP,/home/lj/ZPRM/bag/mid360_20260818_203200_part1_20s.bag,ec998bc44cd7f6276548cbf7c11cffdfcb7a5a5601335cf2fdddd3c8da998c13,sensor_msgs/PointCloud2,"[""livox_frame""]","[""x"",""y"",""z"",""intensity"",""tag"",""line"",""timestamp""]",68,1787056328.4431357,1787056328.544912,0.10010600090026855,19968,19968,0,-16.288000106811523,20.315000534057617,-14.956000328063965,15.057999610900879,-1.496999979019165,6.631999969482422,0.0,3.0053365704148405,7.864173742693732,23.38606119031673,timestamp,nanoseconds_absolute,1.7870563284431357e+18,1.7870563285433165e+18,0.100180736,false,true,false,false,true,true,true,false,false,true,true,false,false
R_TEST_01,LABORATORY,RICH_CANDIDATE,MAP,/home/lj/ZPRM/bag/mid360_20260818_203200_part1_20s.bag,ec998bc44cd7f6276548cbf7c11cffdfcb7a5a5601335cf2fdddd3c8da998c13,sensor_msgs/PointCloud2,"[""livox_frame""]","[""x"",""y"",""z"",""intensity"",""tag"",""line"",""timestamp""]",69,1787056328.543103,1787056328.6442957,0.09996724128723145,19968,19968,0,-12.852999687194824,30.773000717163086,-12.45199966430664,13.991000175476074,-1.8739999532699585,7.107999801635742,0.0,3.0171906054790174,8.192549644709516,32.621090156156434,timestamp,nanoseconds_absolute,1.787056328543103e+18,1.7870563286433587e+18,0.10025574400000001,false,true,false,false,true,true,true,false,false,true,true,false,false
R_TEST_01,LABORATORY,RICH_CANDIDATE,MAP,/home/lj/ZPRM/bag/mid360_20260818_203200_part1_20s.bag,ec998bc44cd7f6276548cbf7c11cffdfcb7a5a5601335cf2fdddd3c8da998c13,sensor_msgs/PointCloud2,"[""livox_frame""]","[""x"",""y"",""z"",""intensity"",""tag"",""line"",""timestamp""]",70,1787056328.6430736,1787056328.7447944,0.09997057914733887,20064,20064,0,-16.398000717163086,21.722000122070312,-12.618000030517578,16.97800064086914,-1.8910000324249268,7.2829999923706055,0.0,3.027808446363678,8.444474049329466,26.462151807285174,timestamp,nanoseconds_absolute,1.7870563286430735e+18,1.7870563287434463e+18,0.100372736,false,true,false,false,true,true,true,false,false,true,true,false,false
R_TEST_01,LABORATORY,RICH_CANDIDATE,MAP,/home/lj/ZPRM/bag/mid360_20260818_203200_part1_20s.bag,ec998bc44cd7f6276548cbf7c11cffdfcb7a5a5601335cf2fdddd3c8da998c13,sensor_msgs/PointCloud2,"[""livox_frame""]","[""x"",""y"",""z"",""intensity"",""tag"",""line"",""timestamp""]",71,1787056328.7432077,1787056328.8449812,0.10013413429260254,19968,19968,0,-16.243000030517578,20.93899917602539,-15.5,21.18600082397461,-1.7209999561309814,6.836999893188477,0.0,3.008951462537334,8.47185200649966,26.24873017869431,timestamp,nanoseconds_absolute,1.7870563287432077e+18,1.787056328843469e+18,0.10026137600000001,false,true,false,false,true,true,true,false,false,true,true,false,false
R_TEST_01,LABORATORY,RICH_CANDIDATE,MAP,/home/lj/ZPRM/bag/mid360_20260818_203200_part1_20s.bag,ec998bc44cd7f6276548cbf7c11cffdfcb7a5a5601335cf2fdddd3c8da998c13,sensor_msgs/PointCloud2,"[""livox_frame""]","[""x"",""y"",""z"",""intensity"",""tag"",""line"",""timestamp""]",72,1787056328.8430977,1787056328.94465,0.09988999366760254,19968,19968,0,-12.890999794006348,30.75,-11.232000350952148,17.201000213623047,-1.86899995803833,6.984000205993652,0.0,3.0178282771433844,8.370022500815713,32.62893320723459,timestamp,nanoseconds_absolute,1.7870563288430976e+18,1.7870563289434286e+18,0.10033100800000001,false,true,false,false,true,true,true,false,false,true,true,false,false
R_TEST_01,LABORATORY,RICH_CANDIDATE,MAP,/home/lj/ZPRM/bag/mid360_20260818_203200_part1_20s.bag,ec998bc44cd7f6276548cbf7c11cffdfcb7a5a5601335cf2fdddd3c8da998c13,sensor_msgs/PointCloud2,"[""livox_frame""]","[""x"",""y"",""z"",""intensity"",""tag"",""line"",""timestamp""]",73,1787056328.94303,1787056329.0450253,0.09993243217468262,20064,20064,0,-16.437000274658203,21.06599998474121,-12.92199993133545,17.065000534057617,-1.6859999895095825,7.585000038146973,0.0,3.0182229690306324,8.161870491200597,26.504477999823674,timestamp,nanoseconds_absolute,1.78705632894303e+18,1.7870563290434048e+18,0.10037478400000001,false,true,false,false,true,true,true,false,false,true,true,false,false
R_TEST_01,LABORATORY,RICH_CANDIDATE,MAP,/home/lj/ZPRM/bag/mid360_20260818_203200_part1_20s.bag,ec998bc44cd7f6276548cbf7c11cffdfcb7a5a5601335cf2fdddd3c8da998c13,sensor_msgs/PointCloud2,"[""livox_frame""]","[""x"",""y"",""z"",""intensity"",""tag"",""line"",""timestamp""]",74,1787056329.0431488,1787056329.1447527,0.10011863708496094,19968,19968,0,-16.541000366210938,24.378000259399414,-14.977999687194824,17.04599952697754,-1.4809999465942383,7.314000129699707,0.0,3.015416657546915,8.779021982654227,27.79112518196581,timestamp,nanoseconds_absolute,1.7870563290431488e+18,1.7870563291433175e+18,0.10016870400000001,false,true,false,false,true,true,true,false,false,true,true,false,false
R_TEST_01,LABORATORY,RICH_CANDIDATE,MAP,/home/lj/ZPRM/bag/mid360_20260818_203200_part1_20s.bag,ec998bc44cd7f6276548cbf7c11cffdfcb7a5a5601335cf2fdddd3c8da998c13,sensor_msgs/PointCloud2,"[""livox_frame""]","[""x"",""y"",""z"",""intensity"",""tag"",""line"",""timestamp""]",75,1787056329.1430657,1787056329.2443926,0.09991693496704102,19968,19968,0,-16.323999404907227,22.368999481201172,-15.449999809265137,17.257999420166016,-1.8140000104904175,7.624000072479248,0.0,3.0031449217483623,7.901902937438925,26.654408111336615,timestamp,nanoseconds_absolute,1.7870563291430656e+18,1.7870563292433956e+18,0.10032998400000001,false,true,false,false,true,true,true,false,false,true,true,false,false
R_TEST_01,LABORATORY,RICH_CANDIDATE,MAP,/home/lj/ZPRM/bag/mid360_20260818_203200_part1_20s.bag,ec998bc44cd7f6276548cbf7c11cffdfcb7a5a5601335cf2fdddd3c8da998c13,sensor_msgs/PointCloud2,"[""livox_frame""]","[""x"",""y"",""z"",""intensity"",""tag"",""line"",""timestamp""]",76,1787056329.2431781,1787056329.3445463,0.1001124382019043,20064,20064,0,-12.878999710083008,31.7810001373291,-12.281000137329102,16.295000076293945,-1.5920000076293945,7.171000003814697,0.0,3.0007740297873204,8.119163931994901,33.757352889476465,timestamp,nanoseconds_absolute,1.7870563292431782e+18,1.7870563293434004e+18,0.10022220800000001,false,true,false,false,true,true,true,false,false,true,true,false,false
R_TEST_01,LABORATORY,RICH_CANDIDATE,MAP,/home/lj/ZPRM/bag/mid360_20260818_203200_part1_20s.bag,ec998bc44cd7f6276548cbf7c11cffdfcb7a5a5601335cf2fdddd3c8da998c13,sensor_msgs/PointCloud2,"[""livox_frame""]","[""x"",""y"",""z"",""intensity"",""tag"",""line"",""timestamp""]",77,1787056329.3431435,1787056329.4448988,0.09996533393859863,19968,19968,0,-16.29400062561035,30.82900047302246,-13.067999839782715,17.058000564575195,-1.6019999980926514,7.501999855041504,0.0,3.0157539102525757,8.571256967261252,32.650282351515,timestamp,nanoseconds_absolute,1.7870563293431434e+18,1.787056329443384e+18,0.10024064,false,true,false,false,true,true,true,false,false,true,true,false,false
R_TEST_01,LABORATORY,RICH_CANDIDATE,MAP,/home/lj/ZPRM/bag/mid360_20260818_203200_part1_20s.bag,ec998bc44cd7f6276548cbf7c11cffdfcb7a5a5601335cf2fdddd3c8da998c13,sensor_msgs/PointCloud2,"[""livox_frame""]","[""x"",""y"",""z"",""intensity"",""tag"",""line"",""timestamp""]",78,1787056329.4432094,1787056329.5443246,0.10006594657897949,19968,19968,0,-16.253999710083008,20.496999740600586,-11.338000297546387,17.052000045776367,-1.5099999904632568,7.258999824523926,0.0,3.014162476179295,8.120100543516676,26.458107474186164,timestamp,nanoseconds_absolute,1.7870563294432095e+18,1.7870563295433871e+18,0.100177664,false,true,false,false,true,true,true,false,false,true,true,false,false
R_TEST_01,LABORATORY,RICH_CANDIDATE,MAP,/home/lj/ZPRM/bag/mid360_20260818_203200_part1_20s.bag,ec998bc44cd7f6276548cbf7c11cffdfcb7a5a5601335cf2fdddd3c8da998c13,sensor_msgs/PointCloud2,"[""livox_frame""]","[""x"",""y"",""z"",""intensity"",""tag"",""line"",""timestamp""]",79,1787056329.543126,1787056329.6445606,0.09991669654846191,20064,20064,0,-12.826000213623047,30.780000686645508,-12.559000015258789,15.168999671936035,-1.6050000190734863,7.1479997634887695,0.0,3.022865395675443,8.25728889154211,32.633410238867036,timestamp,nanoseconds_absolute,1.787056329543126e+18,1.787056329643458e+18,0.100332032,false,true,false,false,true,true,true,false,false,true,true,false,false
R_TEST_01,LABORATORY,RICH_CANDIDATE,MAP,/home/lj/ZPRM/bag/mid360_20260818_203200_part1_20s.bag,ec998bc44cd7f6276548cbf7c11cffdfcb7a5a5601335cf2fdddd3c8da998c13,sensor_msgs/PointCloud2,"[""livox_frame""]","[""x"",""y"",""z"",""intensity"",""tag"",""line"",""timestamp""]",80,1787056329.6431913,1787056329.7446716,0.10006523132324219,19968,19968,0,-16.27400016784668,31.836000442504883,-14.979999542236328,15.432000160217285,-1.6610000133514404,6.443999767303467,0.0,3.0113255604576126,8.543028033336887,33.77691885195761,timestamp,nanoseconds_absolute,1.7870563296431913e+18,1.7870563297433772e+18,0.100185856,false,true,false,false,true,true,true,false,false,true,true,false,false
R_TEST_01,LABORATORY,RICH_CANDIDATE,MAP,/home/lj/ZPRM/bag/mid360_20260818_203200_part1_20s.bag,ec998bc44cd7f6276548cbf7c11cffdfcb7a5a5601335cf2fdddd3c8da998c13,sensor_msgs/PointCloud2,"[""livox_frame""]","[""x"",""y"",""z"",""intensity"",""tag"",""line"",""timestamp""]",81,1787056329.7430868,1787056329.8445766,0.09989547729492188,20064,20064,0,-16.253000259399414,21.315000534057617,-15.015000343322754,17.23200035095215,-1.524999976158142,7.413000106811523,0.0,3.0260914919346558,8.46559729275425,26.613404526153488,timestamp,nanoseconds_absolute,1.7870563297430868e+18,1.7870563298434516e+18,0.1003648,false,true,false,false,true,true,true,false,false,true,true,false,false
R_TEST_01,LABORATORY,RICH_CANDIDATE,MAP,/home/lj/ZPRM/bag/mid360_20260818_203200_part1_20s.bag,ec998bc44cd7f6276548cbf7c11cffdfcb7a5a5601335cf2fdddd3c8da998c13,sensor_msgs/PointCloud2,"[""livox_frame""]","[""x"",""y"",""z"",""intensity"",""tag"",""line"",""timestamp""]",82,1787056329.8437862,1787056329.944819,0.10069942474365234,19968,19968,0,-16.268999099731445,19.885000228881836,-15.531000137329102,21.1299991607666,-1.4179999828338623,7.420000076293945,0.0,3.01941762666746,7.85158712095553,26.438149443001105,timestamp,nanoseconds_absolute,1.7870563298437862e+18,1.7870563299434524e+18,0.09966617600000001,false,true,false,false,true,true,true,false,false,true,true,false,false
R_TEST_01,LABORATORY,RICH_CANDIDATE,MAP,/home/lj/ZPRM/bag/mid360_20260818_203200_part1_20s.bag,ec998bc44cd7f6276548cbf7c11cffdfcb7a5a5601335cf2fdddd3c8da998c13,sensor_msgs/PointCloud2,"[""livox_frame""]","[""x"",""y"",""z"",""intensity"",""tag"",""line"",""timestamp""]",83,1787056329.943268,1787056330.0445302,0.09948182106018066,19968,19968,0,-16.281999588012695,30.6299991607666,-12.967000007629395,15.637999534606934,-1.7300000190734863,6.206999778747559,0.0,3.0140546468607274,8.077100594679983,32.50489741225157,timestamp,nanoseconds_absolute,1.787056329943268e+18,1.7870563300433864e+18,0.10011827200000001,false,true,false,false,true,true,true,false,false,true,true,false,false
R_TEST_01,LABORATORY,RICH_CANDIDATE,MAP,/home/lj/ZPRM/bag/mid360_20260818_203200_part1_20s.bag,ec998bc44cd7f6276548cbf7c11cffdfcb7a5a5601335cf2fdddd3c8da998c13,sensor_msgs/PointCloud2,"[""livox_frame""]","[""x"",""y"",""z"",""intensity"",""tag"",""line"",""timestamp""]",84,1787056330.0431383,1787056330.1444125,0.09987020492553711,19968,19968,0,-16.27899932861328,31.3439998626709,-12.562000274658203,16.312999725341797,-1.4520000219345093,7.105999946594238,0.0,2.9979867532251605,8.490524021215293,33.35857554692618,timestamp,nanoseconds_absolute,1.7870563300431383e+18,1.7870563301433613e+18,0.100222976,false,true,false,false,true,true,true,false,false,true,true,false,false
R_TEST_01,LABORATORY,RICH_CANDIDATE,MAP,/home/lj/ZPRM/bag/mid360_20260818_203200_part1_20s.bag,ec998bc44cd7f6276548cbf7c11cffdfcb7a5a5601335cf2fdddd3c8da998c13,sensor_msgs/PointCloud2,"[""livox_frame""]","[""x"",""y"",""z"",""intensity"",""tag"",""line"",""timestamp""]",85,1787056330.1430857,1787056330.2450294,0.09994745254516602,20064,20064,0,-16.270999908447266,21.114999771118164,-13.020000457763672,16.263999938964844,-1.7280000448226929,6.439000129699707,0.0,2.9955981337629796,7.954152870159863,26.351000214032442,timestamp,nanoseconds_absolute,1.7870563301430858e+18,1.7870563302433828e+18,0.10029696,false,true,false,false,true,true,true,false,false,true,true,false,false
R_TEST_01,LABORATORY,RICH_CANDIDATE,MAP,/home/lj/ZPRM/bag/mid360_20260818_203200_part1_20s.bag,ec998bc44cd7f6276548cbf7c11cffdfcb7a5a5601335cf2fdddd3c8da998c13,sensor_msgs/PointCloud2,"[""livox_frame""]","[""x"",""y"",""z"",""intensity"",""tag"",""line"",""timestamp""]",86,1787056330.2431204,1787056330.344699,0.10003471374511719,19968,19968,0,-16.263999938964844,22.496000289916992,-14.163000106811523,14.940999984741211,-2.0840001106262207,7.13700008392334,0.0,3.018820500482949,8.36329762960004,25.741733157772092,timestamp,nanoseconds_absolute,1.7870563302431204e+18,1.7870563303433943e+18,0.10027392,false,true,false,false,true,true,true,false,false,true,true,false,false
R_TEST_01,LABORATORY,RICH_CANDIDATE,MAP,/home/lj/ZPRM/bag/mid360_20260818_203200_part1_20s.bag,ec998bc44cd7f6276548cbf7c11cffdfcb7a5a5601335cf2fdddd3c8da998c13,sensor_msgs/PointCloud2,"[""livox_frame""]","[""x"",""y"",""z"",""intensity"",""tag"",""line"",""timestamp""]",87,1787056330.3431268,1787056330.4444304,0.1000063419342041,19968,19968,0,-16.2810001373291,24.224000930786133,-13.029999732971191,22.374000549316406,-1.7999999523162842,7.245999813079834,0.0,3.0102584555064418,7.909227090319654,27.998165827324325,timestamp,nanoseconds_absolute,1.7870563303431268e+18,1.787056330443375e+18,0.10024832,false,true,false,false,true,true,true,false,false,true,true,false,false
R_TEST_01,LABORATORY,RICH_CANDIDATE,MAP,/home/lj/ZPRM/bag/mid360_20260818_203200_part1_20s.bag,ec998bc44cd7f6276548cbf7c11cffdfcb7a5a5601335cf2fdddd3c8da998c13,sensor_msgs/PointCloud2,"[""livox_frame""]","[""x"",""y"",""z"",""intensity"",""tag"",""line"",""timestamp""]",88,1787056330.443083,1787056330.5445554,0.09995627403259277,20064,20064,0,-16.29800033569336,20.999000549316406,-15.472000122070312,21.392000198364258,-1.531000018119812,6.506999969482422,0.0,3.0182788397731968,8.204127785356329,26.429216391384116,timestamp,nanoseconds_absolute,1.787056330443083e+18,1.787056330543398e+18,0.10031488000000001,false,true,false,false,true,true,true,false,false,true,true,false,false
R_TEST_01,LABORATORY,RICH_CANDIDATE,MAP,/home/lj/ZPRM/bag/mid360_20260818_203200_part1_20s.bag,ec998bc44cd7f6276548cbf7c11cffdfcb7a5a5601335cf2fdddd3c8da998c13,sensor_msgs/PointCloud2,"[""livox_frame""]","[""x"",""y"",""z"",""intensity"",""tag"",""line"",""timestamp""]",89,1787056330.5431502,1787056330.6447563,0.100067138671875,19968,19968,0,-16.266000747680664,31.812000274658203,-12.055999755859375,17.05900001525879,-1.6710000038146973,6.572999954223633,0.0,3.0112049567968984,8.030744451594755,33.80822807970858,timestamp,nanoseconds_absolute,1.78705633054315e+18,1.7870563306434314e+18,0.10028134400000001,false,true,false,false,true,true,true,false,false,true,true,false,false
R_TEST_01,LABORATORY,RICH_CANDIDATE,MAP,/home/lj/ZPRM/bag/mid360_20260818_203200_part1_20s.bag,ec998bc44cd7f6276548cbf7c11cffdfcb7a5a5601335cf2fdddd3c8da998c13,sensor_msgs/PointCloud2,"[""livox_frame""]","[""x"",""y"",""z"",""intensity"",""tag"",""line"",""timestamp""]",90,1787056330.643175,1787056330.744543,0.10002470016479492,19968,19968,0,-16.461999893188477,20.31399917602539,-11.27400016784668,17.006000518798828,-1.5240000486373901,7.28000020980835,0.0,3.0211826504469745,7.605165821269398,26.40998471769668,timestamp,nanoseconds_absolute,1.787056330643175e+18,1.787056330743407e+18,0.10023219200000001,false,true,false,false,true,true,true,false,false,true,true,false,false
R_TEST_01,LABORATORY,RICH_CANDIDATE,MAP,/home/lj/ZPRM/bag/mid360_20260818_203200_part1_20s.bag,ec998bc44cd7f6276548cbf7c11cffdfcb7a5a5601335cf2fdddd3c8da998c13,sensor_msgs/PointCloud2,"[""livox_frame""]","[""x"",""y"",""z"",""intensity"",""tag"",""line"",""timestamp""]",91,1787056330.7431476,1787056330.8448405,0.09997272491455078,20064,20064,0,-16.441999435424805,20.95400047302246,-13.42300033569336,17.155000686645508,-2.0309998989105225,6.960999965667725,0.0,3.018744083266105,8.989473710619272,24.967419458663006,timestamp,nanoseconds_absolute,1.7870563307431475e+18,1.7870563308435277e+18,0.10038016000000001,false,true,false,false,true,true,true,false,false,true,true,false,false
R_TEST_01,LABORATORY,RICH_CANDIDATE,MAP,/home/lj/ZPRM/bag/mid360_20260818_203200_part1_20s.bag,ec998bc44cd7f6276548cbf7c11cffdfcb7a5a5601335cf2fdddd3c8da998c13,sensor_msgs/PointCloud2,"[""livox_frame""]","[""x"",""y"",""z"",""intensity"",""tag"",""line"",""timestamp""]",92,1787056330.8432653,1787056330.9450963,0.10011768341064453,19968,19968,0,-16.257999420166016,21.111000061035156,-13.156000137329102,16.464000701904297,-1.7309999465942383,5.89300012588501,0.0,2.9871673954488522,7.909395736459989,24.754860823746544,timestamp,nanoseconds_absolute,1.7870563308432653e+18,1.7870563309434094e+18,0.10014412800000001,false,true,false,false,true,true,true,false,false,true,true,false,false
R_TEST_01,LABORATORY,RICH_CANDIDATE,MAP,/home/lj/ZPRM/bag/mid360_20260818_203200_part1_20s.bag,ec998bc44cd7f6276548cbf7c11cffdfcb7a5a5601335cf2fdddd3c8da998c13,sensor_msgs/PointCloud2,"[""livox_frame""]","[""x"",""y"",""z"",""intensity"",""tag"",""line"",""timestamp""]",93,1787056330.943177,1787056331.0443628,0.09991168975830078,19968,19968,0,-12.82800006866455,30.52199935913086,-13.086000442504883,15.118000030517578,-1.871000051498413,6.894999980926514,0.0,3.009531100303127,7.587606867471248,32.376924220563275,timestamp,nanoseconds_absolute,1.787056330943177e+18,1.7870563310433047e+18,0.100127744,false,true,false,false,true,true,true,false,false,true,true,false,false
R_TEST_01,LABORATORY,RICH_CANDIDATE,MAP,/home/lj/ZPRM/bag/mid360_20260818_203200_part1_20s.bag,ec998bc44cd7f6276548cbf7c11cffdfcb7a5a5601335cf2fdddd3c8da998c13,sensor_msgs/PointCloud2,"[""livox_frame""]","[""x"",""y"",""z"",""intensity"",""tag"",""line"",""timestamp""]",94,1787056331.0430408,1787056331.1447086,0.09986376762390137,20064,20064,0,-16.44099998474121,30.586999893188477,-13.095000267028809,15.77299976348877,-1.8739999532699585,7.078999996185303,0.0,3.016012481298654,7.818057958787155,32.42600659372308,timestamp,nanoseconds_absolute,1.7870563310430408e+18,1.787056331143405e+18,0.10036428800000001,false,true,false,false,true,true,true,false,false,true,true,false,false
R_TEST_01,LABORATORY,RICH_CANDIDATE,MAP,/home/lj/ZPRM/bag/mid360_20260818_203200_part1_20s.bag,ec998bc44cd7f6276548cbf7c11cffdfcb7a5a5601335cf2fdddd3c8da998c13,sensor_msgs/PointCloud2,"[""livox_frame""]","[""x"",""y"",""z"",""intensity"",""tag"",""line"",""timestamp""]",95,1787056331.1431537,1787056331.2452145,0.1001129150390625,19968,19968,0,-16.273000717163086,21.937000274658203,-15.302000045776367,15.197999954223633,-1.725000023841858,6.178999900817871,0.0,2.9970910026344826,9.02242711382966,24.972255769015096,timestamp,nanoseconds_absolute,1.7870563311431537e+18,1.7870563312433815e+18,0.10022784000000001,false,true,false,false,true,true,true,false,false,true,true,false,false
R_TEST_01,LABORATORY,RICH_CANDIDATE,MAP,/home/lj/ZPRM/bag/mid360_20260818_203200_part1_20s.bag,ec998bc44cd7f6276548cbf7c11cffdfcb7a5a5601335cf2fdddd3c8da998c13,sensor_msgs/PointCloud2,"[""livox_frame""]","[""x"",""y"",""z"",""intensity"",""tag"",""line"",""timestamp""]",96,1787056331.2431202,1787056331.346473,0.09996652603149414,19968,19968,0,-16.270999908447266,31.5939998626709,-15.491000175476074,16.51300048828125,-1.8650000095367432,6.626999855041504,0.0,3.018267479524715,8.01167366881184,33.54533760238252,timestamp,nanoseconds_absolute,1.78705633124312e+18,1.7870563313433964e+18,0.10027622400000001,false,true,false,false,true,true,true,false,false,true,true,false,false
R_TEST_01,LABORATORY,RICH_CANDIDATE,MAP,/home/lj/ZPRM/bag/mid360_20260818_203200_part1_20s.bag,ec998bc44cd7f6276548cbf7c11cffdfcb7a5a5601335cf2fdddd3c8da998c13,sensor_msgs/PointCloud2,"[""livox_frame""]","[""x"",""y"",""z"",""intensity"",""tag"",""line"",""timestamp""]",97,1787056331.3431287,1787056331.4445398,0.10000848770141602,20064,20064,0,-16.357999801635742,21.982999801635742,-12.255999565124512,21.097999572753906,-1.871000051498413,7.0970001220703125,0.0,3.019417979566669,7.600535518092208,26.103634899087425,timestamp,nanoseconds_absolute,1.7870563313431286e+18,1.7870563314434194e+18,0.100290816,false,true,false,false,true,true,true,false,false,true,true,false,false
R_TEST_01,LABORATORY,RICH_CANDIDATE,MAP,/home/lj/ZPRM/bag/mid360_20260818_203200_part1_20s.bag,ec998bc44cd7f6276548cbf7c11cffdfcb7a5a5601335cf2fdddd3c8da998c13,sensor_msgs/PointCloud2,"[""livox_frame""]","[""x"",""y"",""z"",""intensity"",""tag"",""line"",""timestamp""]",98,1787056331.4431508,1787056331.5446634,0.1000220775604248,19968,19968,0,-16.29400062561035,31.46299934387207,-14.25100040435791,15.27299976348877,-2.0999999046325684,6.90500020980835,0.0,3.0134513430011034,8.630507869410815,33.413243260397486,timestamp,nanoseconds_absolute,1.7870563314431508e+18,1.7870563315433966e+18,0.10024576,false,true,false,false,true,true,true,false,false,true,true,false,false
R_TEST_01,LABORATORY,RICH_CANDIDATE,MAP,/home/lj/ZPRM/bag/mid360_20260818_203200_part1_20s.bag,ec998bc44cd7f6276548cbf7c11cffdfcb7a5a5601335cf2fdddd3c8da998c13,sensor_msgs/PointCloud2,"[""livox_frame""]","[""x"",""y"",""z"",""intensity"",""tag"",""line"",""timestamp""]",99,1787056331.5431223,1787056331.6443353,0.09997153282165527,19968,19968,0,-15.307999610900879,21.577999114990234,-14.949999809265137,13.605999946594238,-1.5989999771118164,5.888000011444092,0.0,3.013360695683127,8.641675989131551,24.548623035758087,timestamp,nanoseconds_absolute,1.7870563315431222e+18,1.787056331643508e+18,0.100385792,false,true,false,false,true,true,true,false,false,true,true,false,false
R_TEST_01,LABORATORY,RICH_CANDIDATE,MAP,/home/lj/ZPRM/bag/mid360_20260818_203200_part1_20s.bag,ec998bc44cd7f6276548cbf7c11cffdfcb7a5a5601335cf2fdddd3c8da998c13,sensor_msgs/PointCloud2,"[""livox_frame""]","[""x"",""y"",""z"",""intensity"",""tag"",""line"",""timestamp""]",100,1787056331.6430817,1787056331.7449863,0.0999593734741211,20064,20064,0,-15.178000450134277,31.700000762939453,-15.465999603271484,17.301000595092773,-2.1019999980926514,7.572999954223633,0.0,3.0300610492159747,7.641744761459332,33.70406919778086,timestamp,nanoseconds_absolute,1.7870563316430817e+18,1.787056331743476e+18,0.10039424000000001,false,true,false,false,true,true,true,false,false,true,true,false,false
R_TEST_01,LABORATORY,RICH_CANDIDATE,MAP,/home/lj/ZPRM/bag/mid360_20260818_203200_part1_20s.bag,ec998bc44cd7f6276548cbf7c11cffdfcb7a5a5601335cf2fdddd3c8da998c13,sensor_msgs/PointCloud2,"[""livox_frame""]","[""x"",""y"",""z"",""intensity"",""tag"",""line"",""timestamp""]",101,1787056331.7432053,1787056331.8446956,0.10012364387512207,19968,19968,0,-16.33099937438965,20.964000701904297,-12.763999938964844,21.214000701904297,-1.621000051498413,7.36299991607666,0.0,3.020075447787466,7.876661721440241,26.578216751924224,timestamp,nanoseconds_absolute,1.7870563317432054e+18,1.7870563318433057e+18,0.100100352,false,true,false,false,true,true,true,false,false,true,true,false,false
R_TEST_01,LABORATORY,RICH_CANDIDATE,MAP,/home/lj/ZPRM/bag/mid360_20260818_203200_part1_20s.bag,ec998bc44cd7f6276548cbf7c11cffdfcb7a5a5601335cf2fdddd3c8da998c13,sensor_msgs/PointCloud2,"[""livox_frame""]","[""x"",""y"",""z"",""intensity"",""tag"",""line"",""timestamp""]",102,1787056331.8430586,1787056331.9485047,0.0998532772064209,20064,20064,0,-16.281999588012695,21.089000701904297,-14.897000312805176,21.143999099731445,-1.6050000190734863,6.882999897003174,0.0,2.9981140516306573,9.327747302842905,26.044017872159774,timestamp,nanoseconds_absolute,1.7870563318430587e+18,1.7870563319435085e+18,0.10044979200000001,false,true,false,false,true,true,true,false,false,true,true,false,false
R_TEST_01,LABORATORY,RICH_CANDIDATE,MAP,/home/lj/ZPRM/bag/mid360_20260818_203200_part1_20s.bag,ec998bc44cd7f6276548cbf7c11cffdfcb7a5a5601335cf2fdddd3c8da998c13,sensor_msgs/PointCloud2,"[""livox_frame""]","[""x"",""y"",""z"",""intensity"",""tag"",""line"",""timestamp""]",103,1787056331.9437768,1787056332.0448215,0.10071825981140137,19968,19968,0,-16.211000442504883,31.326000213623047,-12.930000305175781,15.4399995803833,-1.7009999752044678,7.118000030517578,0.0,3.031376781707448,8.042024693837224,33.372366347610104,timestamp,nanoseconds_absolute,1.7870563319437768e+18,1.7870563320434831e+18,0.099706368,false,true,false,false,true,true,true,false,false,true,true,false,false
R_TEST_01,LABORATORY,RICH_CANDIDATE,MAP,/home/lj/ZPRM/bag/mid360_20260818_203200_part1_20s.bag,ec998bc44cd7f6276548cbf7c11cffdfcb7a5a5601335cf2fdddd3c8da998c13,sensor_msgs/PointCloud2,"[""livox_frame""]","[""x"",""y"",""z"",""intensity"",""tag"",""line"",""timestamp""]",104,1787056332.0432255,1787056332.144124,0.09944868087768555,19968,19968,0,-16.416000366210938,21.035999298095703,-15.00100040435791,17.141000747680664,-1.6979999542236328,7.0970001220703125,0.0,3.0108418880120453,7.5234300724751115,24.811178407563084,timestamp,nanoseconds_absolute,1.7870563320432256e+18,1.7870563321433213e+18,0.100095744,false,true,false,false,true,true,true,false,false,true,true,false,false
R_TEST_01,LABORATORY,RICH_CANDIDATE,MAP,/home/lj/ZPRM/bag/mid360_20260818_203200_part1_20s.bag,ec998bc44cd7f6276548cbf7c11cffdfcb7a5a5601335cf2fdddd3c8da998c13,sensor_msgs/PointCloud2,"[""livox_frame""]","[""x"",""y"",""z"",""intensity"",""tag"",""line"",""timestamp""]",105,1787056332.1430538,1787056332.2451124,0.09982824325561523,20064,20064,0,-16.28700065612793,21.108999252319336,-13.034000396728516,16.218000411987305,-1.5369999408721924,7.03000020980835,0.0,3.01340610067854,9.119154654796558,24.856334898664734,timestamp,nanoseconds_absolute,1.7870563321430538e+18,1.7870563322434534e+18,0.10039961600000001,false,true,false,false,true,true,true,false,false,true,true,false,false
R_TEST_01,LABORATORY,RICH_CANDIDATE,MAP,/home/lj/ZPRM/bag/mid360_20260818_203200_part1_20s.bag,ec998bc44cd7f6276548cbf7c11cffdfcb7a5a5601335cf2fdddd3c8da998c13,sensor_msgs/PointCloud2,"[""livox_frame""]","[""x"",""y"",""z"",""intensity"",""tag"",""line"",""timestamp""]",106,1787056332.2438142,1787056332.344731,0.10076045989990234,19968,19968,0,-16.27199935913086,31.207000732421875,-14.96500015258789,15.307000160217285,-1.8370000123977661,6.98199987411499,0.0,3.02595277721281,8.69717730572112,33.23769953753548,timestamp,nanoseconds_absolute,1.7870563322438141e+18,1.787056332343531e+18,0.099716864,false,true,false,false,true,true,true,false,false,true,true,false,false
R_TEST_01,LABORATORY,RICH_CANDIDATE,MAP,/home/lj/ZPRM/bag/mid360_20260818_203200_part1_20s.bag,ec998bc44cd7f6276548cbf7c11cffdfcb7a5a5601335cf2fdddd3c8da998c13,sensor_msgs/PointCloud2,"[""livox_frame""]","[""x"",""y"",""z"",""intensity"",""tag"",""line"",""timestamp""]",107,1787056332.3432748,1787056332.444485,0.09946060180664062,19968,19968,0,-16.398000717163086,20.906999588012695,-15.015000343322754,21.229999542236328,-1.7339999675750732,7.584000110626221,0.0,3.0195236481402983,7.5603766880704155,26.4524829409106,timestamp,nanoseconds_absolute,1.7870563323432748e+18,1.7870563324434066e+18,0.10013184,false,true,false,false,true,true,true,false,false,true,true,false,false
R_TEST_01,LABORATORY,RICH_CANDIDATE,MAP,/home/lj/ZPRM/bag/mid360_20260818_203200_part1_20s.bag,ec998bc44cd7f6276548cbf7c11cffdfcb7a5a5601335cf2fdddd3c8da998c13,sensor_msgs/PointCloud2,"[""livox_frame""]","[""x"",""y"",""z"",""intensity"",""tag"",""line"",""timestamp""]",108,1787056332.4430473,1787056332.5445597,0.09977245330810547,20064,20064,0,-16.458999633789062,31.66200065612793,-15.17300033569336,13.135000228881836,-2.062999963760376,7.144000053405762,0.0,3.034458284431292,8.184849796427342,33.66554488119246,timestamp,nanoseconds_absolute,1.7870563324430472e+18,1.7870563325434744e+18,0.100427264,false,true,false,false,true,true,true,false,false,true,true,false,false
R_TEST_01,LABORATORY,RICH_CANDIDATE,MAP,/home/lj/ZPRM/bag/mid360_20260818_203200_part1_20s.bag,ec998bc44cd7f6276548cbf7c11cffdfcb7a5a5601335cf2fdddd3c8da998c13,sensor_msgs/PointCloud2,"[""livox_frame""]","[""x"",""y"",""z"",""intensity"",""tag"",""line"",""timestamp""]",109,1787056332.543817,1787056332.6447327,0.1007697582244873,19968,19968,0,-12.89900016784668,20.545000076293945,-12.307999610900879,15.052000045776367,-1.503999948501587,6.392000198364258,0.0,3.025933201054996,9.176545410317837,23.89743868677116,timestamp,nanoseconds_absolute,1.787056332543817e+18,1.787056332643477e+18,0.09966003200000001,false,true,false,false,true,true,true,false,false,true,true,false,false
R_TEST_01,LABORATORY,RICH_CANDIDATE,MAP,/home/lj/ZPRM/bag/mid360_20260818_203200_part1_20s.bag,ec998bc44cd7f6276548cbf7c11cffdfcb7a5a5601335cf2fdddd3c8da998c13,sensor_msgs/PointCloud2,"[""livox_frame""]","[""x"",""y"",""z"",""intensity"",""tag"",""line"",""timestamp""]",110,1787056332.6432023,1787056332.7445369,0.09938526153564453,19968,19968,0,-16.257999420166016,20.69499969482422,-14.755000114440918,17.559999465942383,-1.4290000200271606,7.609000205993652,0.0,3.031170941506205,7.824722285663352,26.482023265837338,timestamp,nanoseconds_absolute,1.7870563326432023e+18,1.7870563327434606e+18,0.100258304,false,true,false,false,true,true,true,false,false,true,true,false,false
R_TEST_01,LABORATORY,RICH_CANDIDATE,MAP,/home/lj/ZPRM/bag/mid360_20260818_203200_part1_20s.bag,ec998bc44cd7f6276548cbf7c11cffdfcb7a5a5601335cf2fdddd3c8da998c13,sensor_msgs/PointCloud2,"[""livox_frame""]","[""x"",""y"",""z"",""intensity"",""tag"",""line"",""timestamp""]",111,1787056332.7432141,1787056332.8448074,0.10001182556152344,20064,20064,0,-16.490999221801758,21.781999588012695,-12.206999778747559,21.150999069213867,-1.4700000286102295,7.013000011444092,0.0,3.006418234835455,7.514824346691395,26.122894747319474,timestamp,nanoseconds_absolute,1.787056332743214e+18,1.787056332843535e+18,0.10032102400000001,false,true,false,false,true,true,true,false,false,true,true,false,false
R_TEST_01,LABORATORY,RICH_CANDIDATE,MAP,/home/lj/ZPRM/bag/mid360_20260818_203200_part1_20s.bag,ec998bc44cd7f6276548cbf7c11cffdfcb7a5a5601335cf2fdddd3c8da998c13,sensor_msgs/PointCloud2,"[""livox_frame""]","[""x"",""y"",""z"",""intensity"",""tag"",""line"",""timestamp""]",112,1787056332.84382,1787056332.944944,0.10060596466064453,19968,19968,0,-15.539999961853027,21.618999481201172,-13.005000114440918,16.26300048828125,-1.847000002861023,6.484000205993652,0.0,3.021142779089536,9.09788419725687,25.70478717030842,timestamp,nanoseconds_absolute,1.78705633284382e+18,1.7870563329434002e+18,0.09958016,false,true,false,false,true,true,true,false,false,true,true,false,false
R_TEST_01,LABORATORY,RICH_CANDIDATE,MAP,/home/lj/ZPRM/bag/mid360_20260818_203200_part1_20s.bag,ec998bc44cd7f6276548cbf7c11cffdfcb7a5a5601335cf2fdddd3c8da998c13,sensor_msgs/PointCloud2,"[""livox_frame""]","[""x"",""y"",""z"",""intensity"",""tag"",""line"",""timestamp""]",113,1787056332.9431446,1787056333.0443919,0.09932446479797363,19968,19968,0,-12.902999877929688,20.84600067138672,-15.442999839782715,15.144000053405762,-1.531999945640564,6.568999767303467,0.0,3.017740032343627,8.631020038487579,25.33186370284124,timestamp,nanoseconds_absolute,1.7870563329431444e+18,1.7870563330433733e+18,0.100228864,false,true,false,false,true,true,true,false,false,true,true,false,false
R_TEST_01,LABORATORY,RICH_CANDIDATE,MAP,/home/lj/ZPRM/bag/mid360_20260818_203200_part1_20s.bag,ec998bc44cd7f6276548cbf7c11cffdfcb7a5a5601335cf2fdddd3c8da998c13,sensor_msgs/PointCloud2,"[""livox_frame""]","[""x"",""y"",""z"",""intensity"",""tag"",""line"",""timestamp""]",114,1787056333.0431323,1787056333.144521,0.09998774528503418,20064,20064,0,-16.270000457763672,31.714000701904297,-14.82699966430664,21.371000289916992,-1.559999942779541,7.414000034332275,0.0,3.0032023801012677,7.508083033615047,33.77500800118218,timestamp,nanoseconds_absolute,1.7870563330431324e+18,1.787056333143436e+18,0.10030361600000001,false,true,false,false,true,true,true,false,false,true,true,false,false
R_TEST_01,LABORATORY,RICH_CANDIDATE,MAP,/home/lj/ZPRM/bag/mid360_20260818_203200_part1_20s.bag,ec998bc44cd7f6276548cbf7c11cffdfcb7a5a5601335cf2fdddd3c8da998c13,sensor_msgs/PointCloud2,"[""livox_frame""]","[""x"",""y"",""z"",""intensity"",""tag"",""line"",""timestamp""]",115,1787056333.1438165,1787056333.2448351,0.10068416595458984,19968,19968,0,-16.4060001373291,20.7549991607666,-12.803999900817871,17.187000274658203,-1.565999984741211,6.556000232696533,0.0,3.0244447350087666,8.729106028236856,24.326042770344074,timestamp,nanoseconds_absolute,1.7870563331438164e+18,1.7870563332435277e+18,0.09971123200000001,false,true,false,false,true,true,true,false,false,true,true,false,false
R_TEST_01,LABORATORY,RICH_CANDIDATE,MAP,/home/lj/ZPRM/bag/mid360_20260818_203200_part1_20s.bag,ec998bc44cd7f6276548cbf7c11cffdfcb7a5a5601335cf2fdddd3c8da998c13,sensor_msgs/PointCloud2,"[""livox_frame""]","[""x"",""y"",""z"",""intensity"",""tag"",""line"",""timestamp""]",116,1787056333.2432613,1787056333.3443944,0.09944486618041992,19968,19968,0,-16.371999740600586,25.07200050354004,-15.067999839782715,16.448999404907227,-1.4520000219345093,5.992000102996826,0.0,3.021109132538813,9.19396482906823,28.23809606027337,timestamp,nanoseconds_absolute,1.7870563332432614e+18,1.787056333343367e+18,0.100105472,false,true,false,false,true,true,true,false,false,true,true,false,false
R_TEST_01,LABORATORY,RICH_CANDIDATE,MAP,/home/lj/ZPRM/bag/mid360_20260818_203200_part1_20s.bag,ec998bc44cd7f6276548cbf7c11cffdfcb7a5a5601335cf2fdddd3c8da998c13,sensor_msgs/PointCloud2,"[""livox_frame""]","[""x"",""y"",""z"",""intensity"",""tag"",""line"",""timestamp""]",117,1787056333.3431067,1787056333.444672,0.09984540939331055,20064,20064,0,-16.2549991607666,30.54199981689453,-12.805000305175781,17.216999053955078,-1.5410000085830688,6.656000137329102,0.0,3.02258150950661,7.669915455526289,32.41043847285118,timestamp,nanoseconds_absolute,1.7870563333431068e+18,1.7870563334434468e+18,0.100339968,false,true,false,false,true,true,true,false,false,true,true,false,false
R_TEST_01,LABORATORY,RICH_CANDIDATE,MAP,/home/lj/ZPRM/bag/mid360_20260818_203200_part1_20s.bag,ec998bc44cd7f6276548cbf7c11cffdfcb7a5a5601335cf2fdddd3c8da998c13,sensor_msgs/PointCloud2,"[""livox_frame""]","[""x"",""y"",""z"",""intensity"",""tag"",""line"",""timestamp""]",118,1787056333.4438019,1787056333.5448263,0.10069513320922852,19968,19968,0,-16.451000213623047,30.632999420166016,-12.633999824523926,15.52400016784668,-1.5260000228881836,7.091000080108643,0.0,3.0302474544190536,7.712258677820668,32.486550893543416,timestamp,nanoseconds_absolute,1.7870563334438019e+18,1.7870563335434476e+18,0.099645696,false,true,false,false,true,true,true,false,false,true,true,false,false
R_TEST_01,LABORATORY,RICH_CANDIDATE,MAP,/home/lj/ZPRM/bag/mid360_20260818_203200_part1_20s.bag,ec998bc44cd7f6276548cbf7c11cffdfcb7a5a5601335cf2fdddd3c8da998c13,sensor_msgs/PointCloud2,"[""livox_frame""]","[""x"",""y"",""z"",""intensity"",""tag"",""line"",""timestamp""]",119,1787056333.5431068,1787056333.6444218,0.0993049144744873,19968,19968,0,-16.2810001373291,25.048999786376953,-13.12600040435791,17.19700050354004,-1.63100004196167,6.169000148773193,0.0,3.025185194205106,9.333279282862781,28.49477687626958,timestamp,nanoseconds_absolute,1.7870563335431068e+18,1.7870563336435668e+18,0.100460032,false,true,false,false,true,true,true,false,false,true,true,false,false
R_TEST_01,LABORATORY,RICH_CANDIDATE,MAP,/home/lj/ZPRM/bag/mid360_20260818_203200_part1_20s.bag,ec998bc44cd7f6276548cbf7c11cffdfcb7a5a5601335cf2fdddd3c8da998c13,sensor_msgs/PointCloud2,"[""livox_frame""]","[""x"",""y"",""z"",""intensity"",""tag"",""line"",""timestamp""]",120,1787056333.6432047,1787056333.7442844,0.1000978946685791,19968,19968,0,-15.133000373840332,20.691999435424805,-12.77400016784668,16.34000015258789,-1.5609999895095825,7.11299991607666,0.0,3.0276687304097893,8.053648116266157,24.358260240859675,timestamp,nanoseconds_absolute,1.7870563336432046e+18,1.7870563337434237e+18,0.100219136,false,true,false,false,true,true,true,false,false,true,true,false,false
R_TEST_01,LABORATORY,RICH_CANDIDATE,MAP,/home/lj/ZPRM/bag/mid360_20260818_203200_part1_20s.bag,ec998bc44cd7f6276548cbf7c11cffdfcb7a5a5601335cf2fdddd3c8da998c13,sensor_msgs/PointCloud2,"[""livox_frame""]","[""x"",""y"",""z"",""intensity"",""tag"",""line"",""timestamp""]",121,1787056333.743191,1787056333.844431,0.09998631477355957,20064,20064,0,-16.27199935913086,30.591999053955078,-15.47599983215332,17.197999954223633,-1.4179999828338623,7.124000072479248,0.0,2.9968027468919742,7.484028455887579,32.44743054163818,timestamp,nanoseconds_absolute,1.787056333743191e+18,1.7870563338434035e+18,0.10021248,false,true,false,false,true,true,true,false,false,true,true,false,false
R_TEST_01,LABORATORY,RICH_CANDIDATE,MAP,/home/lj/ZPRM/bag/mid360_20260818_203200_part1_20s.bag,ec998bc44cd7f6276548cbf7c11cffdfcb7a5a5601335cf2fdddd3c8da998c13,sensor_msgs/PointCloud2,"[""livox_frame""]","[""x"",""y"",""z"",""intensity"",""tag"",""line"",""timestamp""]",122,1787056333.8431091,1787056333.9448614,0.09991812705993652,19968,19968,0,-16.274999618530273,31.663999557495117,-15.484000205993652,15.104999542236328,-1.465000033378601,6.170000076293945,0.0,3.0041195397099525,8.943043790868835,33.619254328766374,timestamp,nanoseconds_absolute,1.787056333843109e+18,1.787056333943365e+18,0.10025600000000001,false,true,false,false,true,true,true,false,false,true,true,false,false
R_TEST_01,LABORATORY,RICH_CANDIDATE,MAP,/home/lj/ZPRM/bag/mid360_20260818_203200_part1_20s.bag,ec998bc44cd7f6276548cbf7c11cffdfcb7a5a5601335cf2fdddd3c8da998c13,sensor_msgs/PointCloud2,"[""livox_frame""]","[""x"",""y"",""z"",""intensity"",""tag"",""line"",""timestamp""]",123,1787056333.9431124,1787056334.0442388,0.10000324249267578,19968,19968,0,-15.269000053405762,20.70800018310547,-14.975000381469727,16.417999267578125,-1.4910000562667847,5.879000186920166,0.0,3.003379635754884,8.23577064695505,26.844404642414176,timestamp,nanoseconds_absolute,1.7870563339431124e+18,1.7870563340433303e+18,0.10021785600000001,false,true,false,false,true,true,true,false,false,true,true,false,false
R_TEST_01,LABORATORY,RICH_CANDIDATE,MAP,/home/lj/ZPRM/bag/mid360_20260818_203200_part1_20s.bag,ec998bc44cd7f6276548cbf7c11cffdfcb7a5a5601335cf2fdddd3c8da998c13,sensor_msgs/PointCloud2,"[""livox_frame""]","[""x"",""y"",""z"",""intensity"",""tag"",""line"",""timestamp""]",124,1787056334.0430942,1787056334.1447806,0.09998178482055664,20064,20064,0,-16.218000411987305,31.740999221801758,-15.519000053405762,17.250999450683594,-1.5920000076293945,7.47599983215332,0.0,3.0055870777318345,7.623147834094728,33.70760292130492,timestamp,nanoseconds_absolute,1.7870563340430943e+18,1.7870563341434268e+18,0.10033254400000001,false,true,false,false,true,true,true,false,false,true,true,false,false
R_TEST_01,LABORATORY,RICH_CANDIDATE,MAP,/home/lj/ZPRM/bag/mid360_20260818_203200_part1_20s.bag,ec998bc44cd7f6276548cbf7c11cffdfcb7a5a5601335cf2fdddd3c8da998c13,sensor_msgs/PointCloud2,"[""livox_frame""]","[""x"",""y"",""z"",""intensity"",""tag"",""line"",""timestamp""]",125,1787056334.14319,1787056334.2447817,0.10009574890136719,19968,19968,0,-12.892999649047852,22.090999603271484,-12.612000465393066,14.807999610900879,-1.5110000371932983,6.089000225067139,0.0,3.01115375379689,8.000968313283447,25.262159516761326,timestamp,nanoseconds_absolute,1.78705633414319e+18,1.7870563342434132e+18,0.10022323200000001,false,true,false,false,true,true,true,false,false,true,true,false,false
R_TEST_01,LABORATORY,RICH_CANDIDATE,MAP,/home/lj/ZPRM/bag/mid360_20260818_203200_part1_20s.bag,ec998bc44cd7f6276548cbf7c11cffdfcb7a5a5601335cf2fdddd3c8da998c13,sensor_msgs/PointCloud2,"[""livox_frame""]","[""x"",""y"",""z"",""intensity"",""tag"",""line"",""timestamp""]",126,1787056334.2431657,1787056334.3450446,0.0999758243560791,19968,19968,0,-16.472999572753906,20.398000717163086,-14.928000450134277,21.208999633789062,-1.4529999494552612,7.234000205993652,0.0,3.0134511689059265,8.625135541021706,26.37899934031638,timestamp,nanoseconds_absolute,1.7870563342431657e+18,1.787056334344006e+18,0.10084019200000001,false,true,false,false,true,true,true,false,false,true,true,false,false
R_TEST_01,LABORATORY,RICH_CANDIDATE,MAP,/home/lj/ZPRM/bag/mid360_20260818_203200_part1_20s.bag,ec998bc44cd7f6276548cbf7c11cffdfcb7a5a5601335cf2fdddd3c8da998c13,sensor_msgs/PointCloud2,"[""livox_frame""]","[""x"",""y"",""z"",""intensity"",""tag"",""line"",""timestamp""]",127,1787056334.343572,1787056334.4449832,0.10040616989135742,20064,20064,0,-16.57699966430664,20.68000030517578,-12.531000137329102,16.312000274658203,-1.5779999494552612,6.4710001945495605,0.0,3.0303188383536632,7.761013848259018,24.219905716333123,timestamp,nanoseconds_absolute,1.787056334343572e+18,1.78705633444345e+18,0.099878144,false,true,false,false,true,true,true,false,false,true,true,false,false
R_TEST_01,LABORATORY,RICH_CANDIDATE,MAP,/home/lj/ZPRM/bag/mid360_20260818_203200_part1_20s.bag,ec998bc44cd7f6276548cbf7c11cffdfcb7a5a5601335cf2fdddd3c8da998c13,sensor_msgs/PointCloud2,"[""livox_frame""]","[""x"",""y"",""z"",""intensity"",""tag"",""line"",""timestamp""]",128,1787056334.4431865,1787056334.544806,0.09961462020874023,19968,19968,0,-16.360000610351562,20.340999603271484,-14.916000366210938,17.19300079345703,-1.4570000171661377,6.584000110626221,0.0,3.0121288546011407,7.858380329414205,23.23774513621653,timestamp,nanoseconds_absolute,1.7870563344431864e+18,1.787056334543434e+18,0.100247552,false,true,false,false,true,true,true,false,false,true,true,false,false
R_TEST_01,LABORATORY,RICH_CANDIDATE,MAP,/home/lj/ZPRM/bag/mid360_20260818_203200_part1_20s.bag,ec998bc44cd7f6276548cbf7c11cffdfcb7a5a5601335cf2fdddd3c8da998c13,sensor_msgs/PointCloud2,"[""livox_frame""]","[""x"",""y"",""z"",""intensity"",""tag"",""line"",""timestamp""]",129,1787056334.5431802,1787056334.644899,0.09999370574951172,19968,19968,0,-16.273000717163086,21.441999435424805,-12.642999649047852,13.482000350952148,-1.4850000143051147,6.473999977111816,0.0,3.0116712942478303,8.89669072276418,24.200060648214485,timestamp,nanoseconds_absolute,1.7870563345431803e+18,1.7870563346434545e+18,0.100274176,false,true,false,false,true,true,true,false,false,true,true,false,false
R_TEST_01,LABORATORY,RICH_CANDIDATE,MAP,/home/lj/ZPRM/bag/mid360_20260818_203200_part1_20s.bag,ec998bc44cd7f6276548cbf7c11cffdfcb7a5a5601335cf2fdddd3c8da998c13,sensor_msgs/PointCloud2,"[""livox_frame""]","[""x"",""y"",""z"",""intensity"",""tag"",""line"",""timestamp""]",130,1787056334.643067,1787056334.7448628,0.09988665580749512,20064,20064,0,-16.23200035095215,20.253999710083008,-14.97700023651123,13.852999687194824,-1.5290000438690186,5.9730000495910645,0.0,3.0136780447302867,7.810309781860179,23.220997324184477,timestamp,nanoseconds_absolute,1.787056334643067e+18,1.7870563347435156e+18,0.10044876800000001,false,true,false,false,true,true,true,false,false,true,true,false,false
R_TEST_01,LABORATORY,RICH_CANDIDATE,MAP,/home/lj/ZPRM/bag/mid360_20260818_203200_part1_20s.bag,ec998bc44cd7f6276548cbf7c11cffdfcb7a5a5601335cf2fdddd3c8da998c13,sensor_msgs/PointCloud2,"[""livox_frame""]","[""x"",""y"",""z"",""intensity"",""tag"",""line"",""timestamp""]",131,1787056334.7432835,1787056334.8455434,0.10021662712097168,19968,19968,0,-16.482999801635742,21.6200008392334,-13.154999732971191,15.380999565124512,-1.8380000591278076,6.578999996185303,0.0,2.999767797909014,7.710988575086564,25.697480320879485,timestamp,nanoseconds_absolute,1.7870563347432835e+18,1.7870563348433838e+18,0.100100352,false,true,false,false,true,true,true,false,false,true,true,false,false
R_TEST_01,LABORATORY,RICH_CANDIDATE,MAP,/home/lj/ZPRM/bag/mid360_20260818_203200_part1_20s.bag,ec998bc44cd7f6276548cbf7c11cffdfcb7a5a5601335cf2fdddd3c8da998c13,sensor_msgs/PointCloud2,"[""livox_frame""]","[""x"",""y"",""z"",""intensity"",""tag"",""line"",""timestamp""]",132,1787056334.8431435,1787056334.9456797,0.09985995292663574,20064,20064,0,-12.87399959564209,20.56599998474121,-15.281999588012695,14.904999732971191,-1.5119999647140503,7.13700008392334,0.0,3.0055013458510635,7.905625026102097,25.35492500090374,timestamp,nanoseconds_absolute,1.7870563348431434e+18,1.787056334943519e+18,0.100375552,false,true,false,false,true,true,true,false,false,true,true,false,false
R_TEST_01,LABORATORY,RICH_CANDIDATE,MAP,/home/lj/ZPRM/bag/mid360_20260818_203200_part1_20s.bag,ec998bc44cd7f6276548cbf7c11cffdfcb7a5a5601335cf2fdddd3c8da998c13,sensor_msgs/PointCloud2,"[""livox_frame""]","[""x"",""y"",""z"",""intensity"",""tag"",""line"",""timestamp""]",133,1787056334.9438984,1787056335.0449545,0.10075497627258301,19968,19968,0,-16.479000091552734,21.000999450683594,-15.364999771118164,17.26300048828125,-1.5829999446868896,6.568999767303467,0.0,3.009176976292676,8.65601374349589,24.65459362157813,timestamp,nanoseconds_absolute,1.7870563349438984e+18,1.7870563350435223e+18,0.09962393600000001,false,true,false,false,true,true,true,false,false,true,true,false,false
R_TEST_01,LABORATORY,RICH_CANDIDATE,MAP,/home/lj/ZPRM/bag/mid360_20260818_203200_part1_20s.bag,ec998bc44cd7f6276548cbf7c11cffdfcb7a5a5601335cf2fdddd3c8da998c13,sensor_msgs/PointCloud2,"[""livox_frame""]","[""x"",""y"",""z"",""intensity"",""tag"",""line"",""timestamp""]",134,1787056335.04316,1787056335.1444,0.09926152229309082,19968,19968,0,-16.28499984741211,21.058000564575195,-15.104000091552734,16.398000717163086,-1.7070000171661377,7.105999946594238,0.0,3.0172447370832005,8.017038509368275,26.504110201512997,timestamp,nanoseconds_absolute,1.78705633504316e+18,1.7870563351435418e+18,0.100381696,false,true,false,false,true,true,true,false,false,true,true,false,false
R_TEST_01,LABORATORY,RICH_CANDIDATE,MAP,/home/lj/ZPRM/bag/mid360_20260818_203200_part1_20s.bag,ec998bc44cd7f6276548cbf7c11cffdfcb7a5a5601335cf2fdddd3c8da998c13,sensor_msgs/PointCloud2,"[""livox_frame""]","[""x"",""y"",""z"",""intensity"",""tag"",""line"",""timestamp""]",135,1787056335.1431663,1787056335.2446873,0.1000063419342041,20064,20064,0,-12.890999794006348,31.6299991607666,-15.109000205993652,15.359000205993652,-1.6579999923706055,7.059000015258789,0.0,3.0167545764949626,8.037001090116085,33.62659464301909,timestamp,nanoseconds_absolute,1.7870563351431662e+18,1.7870563352434033e+18,0.100237056,false,true,false,false,true,true,true,false,false,true,true,false,false
R_TEST_01,LABORATORY,RICH_CANDIDATE,MAP,/home/lj/ZPRM/bag/mid360_20260818_203200_part1_20s.bag,ec998bc44cd7f6276548cbf7c11cffdfcb7a5a5601335cf2fdddd3c8da998c13,sensor_msgs/PointCloud2,"[""livox_frame""]","[""x"",""y"",""z"",""intensity"",""tag"",""line"",""timestamp""]",136,1787056335.24388,1787056335.3445563,0.10071372985839844,19968,19968,0,-16.479999542236328,21.92300033569336,-12.663000106811523,15.284000396728516,-1.8550000190734863,6.228000164031982,0.0,3.0043517572049794,8.175029967053948,25.90861048326906,timestamp,nanoseconds_absolute,1.78705633524388e+18,1.7870563353433802e+18,0.099500288,false,true,false,false,true,true,true,false,false,true,true,false,false
R_TEST_01,LABORATORY,RICH_CANDIDATE,MAP,/home/lj/ZPRM/bag/mid360_20260818_203200_part1_20s.bag,ec998bc44cd7f6276548cbf7c11cffdfcb7a5a5601335cf2fdddd3c8da998c13,sensor_msgs/PointCloud2,"[""livox_frame""]","[""x"",""y"",""z"",""intensity"",""tag"",""line"",""timestamp""]",137,1787056335.3432374,1787056335.4442651,0.09935736656188965,19968,19968,0,-16.270999908447266,21.160999298095703,-12.942000389099121,15.763999938964844,-1.690000057220459,6.5879998207092285,0.0,3.018032427423023,8.586912660653741,25.300713118409536,timestamp,nanoseconds_absolute,1.7870563353432374e+18,1.7870563354433288e+18,0.100091392,false,true,false,false,true,true,true,false,false,true,true,false,false
R_TEST_01,LABORATORY,RICH_CANDIDATE,MAP,/home/lj/ZPRM/bag/mid360_20260818_203200_part1_20s.bag,ec998bc44cd7f6276548cbf7c11cffdfcb7a5a5601335cf2fdddd3c8da998c13,sensor_msgs/PointCloud2,"[""livox_frame""]","[""x"",""y"",""z"",""intensity"",""tag"",""line"",""timestamp""]",138,1787056335.443107,1787056335.544662,0.0998694896697998,19968,19968,0,-16.270000457763672,31.250999450683594,-14.8100004196167,15.85099983215332,-1.5549999475479126,6.580999851226807,0.0,3.029965156934017,7.863875546065091,33.29266431521877,timestamp,nanoseconds_absolute,1.7870563354431068e+18,1.7870563355433492e+18,0.100242432,false,true,false,false,true,true,true,false,false,true,true,false,false
R_TEST_01,LABORATORY,RICH_CANDIDATE,MAP,/home/lj/ZPRM/bag/mid360_20260818_203200_part1_20s.bag,ec998bc44cd7f6276548cbf7c11cffdfcb7a5a5601335cf2fdddd3c8da998c13,sensor_msgs/PointCloud2,"[""livox_frame""]","[""x"",""y"",""z"",""intensity"",""tag"",""line"",""timestamp""]",139,1787056335.543226,1787056335.6447945,0.10011911392211914,20064,20064,0,-12.880000114440918,20.900999069213867,-12.777999877929688,22.513999938964844,-1.680999994277954,7.583000183105469,0.0,3.0187092189991622,8.143433287943738,28.22264663153599,timestamp,nanoseconds_absolute,1.787056335543226e+18,1.7870563356435587e+18,0.10033254400000001,false,true,false,false,true,true,true,false,false,true,true,false,false
R_TEST_01,LABORATORY,RICH_CANDIDATE,MAP,/home/lj/ZPRM/bag/mid360_20260818_203200_part1_20s.bag,ec998bc44cd7f6276548cbf7c11cffdfcb7a5a5601335cf2fdddd3c8da998c13,sensor_msgs/PointCloud2,"[""livox_frame""]","[""x"",""y"",""z"",""intensity"",""tag"",""line"",""timestamp""]",140,1787056335.643156,1787056335.744729,0.0999300479888916,19968,19968,0,-16.367000579833984,20.07200050354004,-15.081000328063965,16.451000213623047,-1.4520000219345093,6.1620001792907715,0.0,3.002945685659917,8.765186225013283,23.10911113881853,timestamp,nanoseconds_absolute,1.787056335643156e+18,1.7870563357433562e+18,0.10020019200000001,false,true,false,false,true,true,true,false,false,true,true,false,false
R_TEST_01,LABORATORY,RICH_CANDIDATE,MAP,/home/lj/ZPRM/bag/mid360_20260818_203200_part1_20s.bag,ec998bc44cd7f6276548cbf7c11cffdfcb7a5a5601335cf2fdddd3c8da998c13,sensor_msgs/PointCloud2,"[""livox_frame""]","[""x"",""y"",""z"",""intensity"",""tag"",""line"",""timestamp""]",141,1787056335.7430894,1787056335.845488,0.09993338584899902,20064,20064,0,-14.92300033569336,23.22599983215332,-14.963000297546387,18.99799919128418,-1.7419999837875366,7.479000091552734,0.0,3.0060768314698922,7.966652546885131,30.375300563322124,timestamp,nanoseconds_absolute,1.7870563357430894e+18,1.7870563358435318e+18,0.100442368,false,true,false,false,true,true,true,false,false,true,true,false,false
R_TEST_01,LABORATORY,RICH_CANDIDATE,MAP,/home/lj/ZPRM/bag/mid360_20260818_203200_part1_20s.bag,ec998bc44cd7f6276548cbf7c11cffdfcb7a5a5601335cf2fdddd3c8da998c13,sensor_msgs/PointCloud2,"[""livox_frame""]","[""x"",""y"",""z"",""intensity"",""tag"",""line"",""timestamp""]",142,1787056335.8432968,1787056335.944709,0.10020732879638672,19968,19968,0,-12.84000015258789,31.743000030517578,-14.428999900817871,20.599000930786133,-2.055999994277954,6.98199987411499,0.0,3.014807092145332,8.391304314739392,33.65859162682243,timestamp,nanoseconds_absolute,1.7870563358432968e+18,1.7870563359434432e+18,0.10014643200000001,false,true,false,false,true,true,true,false,false,true,true,false,false
R_TEST_01,LABORATORY,RICH_CANDIDATE,MAP,/home/lj/ZPRM/bag/mid360_20260818_203200_part1_20s.bag,ec998bc44cd7f6276548cbf7c11cffdfcb7a5a5601335cf2fdddd3c8da998c13,sensor_msgs/PointCloud2,"[""livox_frame""]","[""x"",""y"",""z"",""intensity"",""tag"",""line"",""timestamp""]",143,1787056335.9440384,1787056336.0445793,0.10074162483215332,20064,20064,0,-16.29800033569336,20.590999603271484,-12.657999992370605,16.88800048828125,-1.4730000495910645,7.281000137329102,0.0,3.007548464394663,8.626553741251705,26.315828901417433,timestamp,nanoseconds_absolute,1.7870563359440384e+18,1.7870563360435036e+18,0.09946521600000001,false,true,false,false,true,true,true,false,false,true,true,false,false
R_TEST_01,LABORATORY,RICH_CANDIDATE,MAP,/home/lj/ZPRM/bag/mid360_20260818_203200_part1_20s.bag,ec998bc44cd7f6276548cbf7c11cffdfcb7a5a5601335cf2fdddd3c8da998c13,sensor_msgs/PointCloud2,"[""livox_frame""]","[""x"",""y"",""z"",""intensity"",""tag"",""line"",""timestamp""]",144,1787056336.0438862,1787056336.1449678,0.09984779357910156,19968,19968,0,-15.052000045776367,21.104999542236328,-12.859999656677246,13.843000411987305,-1.7020000219345093,5.921999931335449,0.0,3.0264057325990565,8.434327701197171,24.772916681775676,timestamp,nanoseconds_absolute,1.787056336043886e+18,1.7870563361434499e+18,0.099563776,false,true,false,false,true,true,true,false,false,true,true,false,false
R_TEST_01,LABORATORY,RICH_CANDIDATE,MAP,/home/lj/ZPRM/bag/mid360_20260818_203200_part1_20s.bag,ec998bc44cd7f6276548cbf7c11cffdfcb7a5a5601335cf2fdddd3c8da998c13,sensor_msgs/PointCloud2,"[""livox_frame""]","[""x"",""y"",""z"",""intensity"",""tag"",""line"",""timestamp""]",145,1787056336.1438282,1787056336.2441702,0.09994196891784668,19968,19968,0,-16.302000045776367,31.43400001525879,-12.140999794006348,21.1299991607666,-1.465999960899353,7.160999774932861,0.0,3.040053646189392,7.975700951369134,33.42863191505661,timestamp,nanoseconds_absolute,1.7870563361438282e+18,1.7870563362434074e+18,0.09957913600000001,false,true,false,false,true,true,true,false,false,true,true,false,false
R_TEST_01,LABORATORY,RICH_CANDIDATE,MAP,/home/lj/ZPRM/bag/mid360_20260818_203200_part1_20s.bag,ec998bc44cd7f6276548cbf7c11cffdfcb7a5a5601335cf2fdddd3c8da998c13,sensor_msgs/PointCloud2,"[""livox_frame""]","[""x"",""y"",""z"",""intensity"",""tag"",""line"",""timestamp""]",146,1787056336.2435713,1787056336.3443305,0.09974312782287598,19968,19968,0,-16.41200065612793,21.47599983215332,-13.199999809265137,15.109000205993652,-1.7170000076293945,7.136000156402588,0.0,3.014433475699847,8.174197943142637,25.783435404956624,timestamp,nanoseconds_absolute,1.7870563362435712e+18,1.7870563363434483e+18,0.09987712,false,true,false,false,true,true,true,false,false,true,true,false,false
R_TEST_01,LABORATORY,RICH_CANDIDATE,MAP,/home/lj/ZPRM/bag/mid360_20260818_203200_part1_20s.bag,ec998bc44cd7f6276548cbf7c11cffdfcb7a5a5601335cf2fdddd3c8da998c13,sensor_msgs/PointCloud2,"[""livox_frame""]","[""x"",""y"",""z"",""intensity"",""tag"",""line"",""timestamp""]",147,1787056336.3431864,1787056336.4447255,0.09961509704589844,20064,20064,0,-16.402999877929688,21.03499984741211,-12.765000343322754,17.341999053955078,-1.7000000476837158,6.376999855041504,0.0,2.994193974547258,8.565281298756876,25.861410930923494,timestamp,nanoseconds_absolute,1.7870563363431864e+18,1.7870563364435302e+18,0.100343808,false,true,false,false,true,true,true,false,false,true,true,false,false
R_TEST_01,LABORATORY,RICH_CANDIDATE,MAP,/home/lj/ZPRM/bag/mid360_20260818_203200_part1_20s.bag,ec998bc44cd7f6276548cbf7c11cffdfcb7a5a5601335cf2fdddd3c8da998c13,sensor_msgs/PointCloud2,"[""livox_frame""]","[""x"",""y"",""z"",""intensity"",""tag"",""line"",""timestamp""]",148,1787056336.4432662,1787056336.5464761,0.10007977485656738,19968,19968,0,-15.194000244140625,21.729000091552734,-15.508999824523926,17.250999450683594,-1.8309999704360962,6.629000186920166,0.0,3.002781787755312,7.810497265038786,25.71481360943296,timestamp,nanoseconds_absolute,1.787056336443266e+18,1.7870563365433938e+18,0.100127744,false,true,false,false,true,true,true,false,false,true,true,false,false
R_TEST_01,LABORATORY,RICH_CANDIDATE,MAP,/home/lj/ZPRM/bag/mid360_20260818_203200_part1_20s.bag,ec998bc44cd7f6276548cbf7c11cffdfcb7a5a5601335cf2fdddd3c8da998c13,sensor_msgs/PointCloud2,"[""livox_frame""]","[""x"",""y"",""z"",""intensity"",""tag"",""line"",""timestamp""]",149,1787056336.5431323,1787056336.644241,0.09986615180969238,19968,19968,0,-12.890999794006348,31.406999588012695,-13.13599967956543,16.395999908447266,-1.7309999465942383,7.122000217437744,0.0,3.0173001185752453,8.489939679125689,33.392058171235774,timestamp,nanoseconds_absolute,1.7870563365431324e+18,1.7870563366433905e+18,0.100258048,false,true,false,false,true,true,true,false,false,true,true,false,false
R_TEST_01,LABORATORY,RICH_CANDIDATE,MAP,/home/lj/ZPRM/bag/mid360_20260818_203200_part1_20s.bag,ec998bc44cd7f6276548cbf7c11cffdfcb7a5a5601335cf2fdddd3c8da998c13,sensor_msgs/PointCloud2,"[""livox_frame""]","[""x"",""y"",""z"",""intensity"",""tag"",""line"",""timestamp""]",150,1787056336.6431231,1787056336.744303,0.0999908447265625,19968,19968,0,-16.243999481201172,21.83099937438965,-13.45300006866455,15.204000473022461,-1.875,6.326000213623047,0.0,3.0183155388945364,8.612066846285739,25.75890163957782,timestamp,nanoseconds_absolute,1.7870563366431232e+18,1.7870563367433894e+18,0.10026624,false,true,false,false,true,true,true,false,false,true,true,false,false
R_TEST_01,LABORATORY,RICH_CANDIDATE,MAP,/home/lj/ZPRM/bag/mid360_20260818_203200_part1_20s.bag,ec998bc44cd7f6276548cbf7c11cffdfcb7a5a5601335cf2fdddd3c8da998c13,sensor_msgs/PointCloud2,"[""livox_frame""]","[""x"",""y"",""z"",""intensity"",""tag"",""line"",""timestamp""]",151,1787056336.7431319,1787056336.844973,0.10000872611999512,20064,20064,0,-16.2450008392334,21.06999969482422,-15.519000053405762,15.083999633789062,-1.496999979019165,6.665999889373779,0.0,3.0004218814055172,8.29116054632139,24.832533563816646,timestamp,nanoseconds_absolute,1.787056336743132e+18,1.7870563368435535e+18,0.10042163200000001,false,true,false,false,true,true,true,false,false,true,true,false,false
R_TEST_01,LABORATORY,RICH_CANDIDATE,MAP,/home/lj/ZPRM/bag/mid360_20260818_203200_part1_20s.bag,ec998bc44cd7f6276548cbf7c11cffdfcb7a5a5601335cf2fdddd3c8da998c13,sensor_msgs/PointCloud2,"[""livox_frame""]","[""x"",""y"",""z"",""intensity"",""tag"",""line"",""timestamp""]",152,1787056336.843298,1787056336.9449658,0.10016608238220215,19968,19968,0,-16.365999221801758,21.743999481201172,-14.99899959564209,17.21500015258789,-1.8639999628067017,7.052999973297119,0.0,3.0076943127149134,7.965506731317271,25.717154233003132,timestamp,nanoseconds_absolute,1.787056336843298e+18,1.7870563369433946e+18,0.10009651200000001,false,true,false,false,true,true,true,false,false,true,true,false,false
R_TEST_01,LABORATORY,RICH_CANDIDATE,MAP,/home/lj/ZPRM/bag/mid360_20260818_203200_part1_20s.bag,ec998bc44cd7f6276548cbf7c11cffdfcb7a5a5601335cf2fdddd3c8da998c13,sensor_msgs/PointCloud2,"[""livox_frame""]","[""x"",""y"",""z"",""intensity"",""tag"",""line"",""timestamp""]",153,1787056336.943143,1787056337.0448189,0.09984493255615234,20064,20064,0,-16.420000076293945,21.701000213623047,-13.380999565124512,15.371000289916992,-2.1519999504089355,7.025000095367432,0.0,3.0139504272693296,8.093239714721811,25.70689775387051,timestamp,nanoseconds_absolute,1.787056336943143e+18,1.787056337043444e+18,0.100301056,false,true,false,false,true,true,true,false,false,true,true,false,false
R_TEST_01,LABORATORY,RICH_CANDIDATE,MAP,/home/lj/ZPRM/bag/mid360_20260818_203200_part1_20s.bag,ec998bc44cd7f6276548cbf7c11cffdfcb7a5a5601335cf2fdddd3c8da998c13,sensor_msgs/PointCloud2,"[""livox_frame""]","[""x"",""y"",""z"",""intensity"",""tag"",""line"",""timestamp""]",154,1787056337.043791,1787056337.1455054,0.10064816474914551,19968,19968,0,-16.290000915527344,21.003000259399414,-15.380000114440918,16.243000030517578,-1.5390000343322754,6.327000141143799,0.0,3.005767835391285,8.74596008931692,24.626516029324502,timestamp,nanoseconds_absolute,1.787056337043791e+18,1.7870563371434289e+18,0.09963776,false,true,false,false,true,true,true,false,false,true,true,false,false
R_TEST_01,LABORATORY,RICH_CANDIDATE,MAP,/home/lj/ZPRM/bag/mid360_20260818_203200_part1_20s.bag,ec998bc44cd7f6276548cbf7c11cffdfcb7a5a5601335cf2fdddd3c8da998c13,sensor_msgs/PointCloud2,"[""livox_frame""]","[""x"",""y"",""z"",""intensity"",""tag"",""line"",""timestamp""]",155,1787056337.1432717,1787056337.2445679,0.09948062896728516,19968,19968,0,-16.351999282836914,19.518999099731445,-14.930000305175781,17.0939998626709,-1.4910000562667847,7.567999839782715,0.0,3.007312823662055,7.857044814378456,26.53162422921668,timestamp,nanoseconds_absolute,1.7870563371432717e+18,1.7870563372434903e+18,0.100218624,false,true,false,false,true,true,true,false,false,true,true,false,false
R_TEST_01,LABORATORY,RICH_CANDIDATE,MAP,/home/lj/ZPRM/bag/mid360_20260818_203200_part1_20s.bag,ec998bc44cd7f6276548cbf7c11cffdfcb7a5a5601335cf2fdddd3c8da998c13,sensor_msgs/PointCloud2,"[""livox_frame""]","[""x"",""y"",""z"",""intensity"",""tag"",""line"",""timestamp""]",156,1787056337.2432327,1787056337.3448389,0.0999610424041748,20064,20064,0,-12.868000030517578,31.433000564575195,-13.255000114440918,21.59600067138672,-1.8899999856948853,7.156000137329102,0.0,3.0004401726110275,8.234398458538811,33.422854627025295,timestamp,nanoseconds_absolute,1.7870563372432328e+18,1.7870563373435438e+18,0.10031104,false,true,false,false,true,true,true,false,false,true,true,false,false
R_TEST_01,LABORATORY,RICH_CANDIDATE,MAP,/home/lj/ZPRM/bag/mid360_20260818_203200_part1_20s.bag,ec998bc44cd7f6276548cbf7c11cffdfcb7a5a5601335cf2fdddd3c8da998c13,sensor_msgs/PointCloud2,"[""livox_frame""]","[""x"",""y"",""z"",""intensity"",""tag"",""line"",""timestamp""]",157,1787056337.3437831,1787056337.4450314,0.10055041313171387,19968,19968,0,-16.30500030517578,21.034000396728516,-12.798999786376953,21.13800048828125,-1.6030000448226929,7.132999897003174,0.0,3.0122623722349697,8.529110215605094,26.096481585459095,timestamp,nanoseconds_absolute,1.7870563373437832e+18,1.7870563374433738e+18,0.099590656,false,true,false,false,true,true,true,false,false,true,true,false,false
R_TEST_01,LABORATORY,RICH_CANDIDATE,MAP,/home/lj/ZPRM/bag/mid360_20260818_203200_part1_20s.bag,ec998bc44cd7f6276548cbf7c11cffdfcb7a5a5601335cf2fdddd3c8da998c13,sensor_msgs/PointCloud2,"[""livox_frame""]","[""x"",""y"",""z"",""intensity"",""tag"",""line"",""timestamp""]",158,1787056337.4431098,1787056337.5445192,0.09932661056518555,19968,19968,0,-16.256000518798828,20.349000930786133,-14.993000030517578,17.042999267578125,-1.5130000114440918,6.3520002365112305,0.0,3.0069097372899027,8.2154785283805,26.414998044974446,timestamp,nanoseconds_absolute,1.7870563374431096e+18,1.787056337543401e+18,0.10029132800000001,false,true,false,false,true,true,true,false,false,true,true,false,false
R_TEST_01,LABORATORY,RICH_CANDIDATE,MAP,/home/lj/ZPRM/bag/mid360_20260818_203200_part1_20s.bag,ec998bc44cd7f6276548cbf7c11cffdfcb7a5a5601335cf2fdddd3c8da998c13,sensor_msgs/PointCloud2,"[""livox_frame""]","[""x"",""y"",""z"",""intensity"",""tag"",""line"",""timestamp""]",159,1787056337.5431275,1787056337.6482666,0.10001778602600098,20064,20064,0,-16.482999801635742,20.558000564575195,-13.425999641418457,21.13599967956543,-1.7350000143051147,7.114999771118164,0.0,3.013876746267198,8.004733214202608,26.067119937337928,timestamp,nanoseconds_absolute,1.7870563375431276e+18,1.787056337643536e+18,0.10040832000000001,false,true,false,false,true,true,true,false,false,true,true,false,false
R_TEST_01,LABORATORY,RICH_CANDIDATE,MAP,/home/lj/ZPRM/bag/mid360_20260818_203200_part1_20s.bag,ec998bc44cd7f6276548cbf7c11cffdfcb7a5a5601335cf2fdddd3c8da998c13,sensor_msgs/PointCloud2,"[""livox_frame""]","[""x"",""y"",""z"",""intensity"",""tag"",""line"",""timestamp""]",160,1787056337.6432877,1787056337.7449832,0.10016012191772461,19968,19968,0,-16.4060001373291,21.06800079345703,-15.571999549865723,15.88599967956543,-1.6829999685287476,6.618000030517578,0.0,2.9950290604758365,8.049652199322972,24.65679939559123,timestamp,nanoseconds_absolute,1.7870563376432876e+18,1.787056337743555e+18,0.10026752000000001,false,true,false,false,true,true,true,false,false,true,true,false,false
R_TEST_01,LABORATORY,RICH_CANDIDATE,MAP,/home/lj/ZPRM/bag/mid360_20260818_203200_part1_20s.bag,ec998bc44cd7f6276548cbf7c11cffdfcb7a5a5601335cf2fdddd3c8da998c13,sensor_msgs/PointCloud2,"[""livox_frame""]","[""x"",""y"",""z"",""intensity"",""tag"",""line"",""timestamp""]",161,1787056337.743179,1787056337.8444417,0.09989142417907715,19968,19968,0,-16.288999557495117,20.983999252319336,-12.628999710083008,16.95800018310547,-1.656999945640564,7.354000091552734,0.0,2.99086248644758,8.433289439751437,26.4110451122452,timestamp,nanoseconds_absolute,1.787056337743179e+18,1.787056337843292e+18,0.100112896,false,true,false,false,true,true,true,false,false,true,true,false,false
R_TEST_01,LABORATORY,RICH_CANDIDATE,MAP,/home/lj/ZPRM/bag/mid360_20260818_203200_part1_20s.bag,ec998bc44cd7f6276548cbf7c11cffdfcb7a5a5601335cf2fdddd3c8da998c13,sensor_msgs/PointCloud2,"[""livox_frame""]","[""x"",""y"",""z"",""intensity"",""tag"",""line"",""timestamp""]",162,1787056337.843134,1787056337.945497,0.09995484352111816,20064,20064,0,-16.274999618530273,21.41699981689453,-14.803000450134277,21.156999588012695,-1.4800000190734863,6.939000129699707,0.0,3.0253076473791665,7.929533269459221,26.274318515373455,timestamp,nanoseconds_absolute,1.787056337843134e+18,1.7870563379435456e+18,0.100411648,false,true,false,false,true,true,true,false,false,true,true,false,false
R_TEST_01,LABORATORY,RICH_CANDIDATE,MAP,/home/lj/ZPRM/bag/mid360_20260818_203200_part1_20s.bag,ec998bc44cd7f6276548cbf7c11cffdfcb7a5a5601335cf2fdddd3c8da998c13,sensor_msgs/PointCloud2,"[""livox_frame""]","[""x"",""y"",""z"",""intensity"",""tag"",""line"",""timestamp""]",163,1787056337.9437807,1787056338.0453207,0.1006467342376709,19968,19968,0,-12.871000289916992,21.761999130249023,-15.506999969482422,16.216999053955078,-1.8680000305175781,7.025000095367432,0.0,3.0060377804773957,8.025996462801299,25.67888327525778,timestamp,nanoseconds_absolute,1.7870563379437806e+18,1.7870563380434117e+18,0.09963110400000001,false,true,false,false,true,true,true,false,false,true,true,false,false
R_TEST_01,LABORATORY,RICH_CANDIDATE,MAP,/home/lj/ZPRM/bag/mid360_20260818_203200_part1_20s.bag,ec998bc44cd7f6276548cbf7c11cffdfcb7a5a5601335cf2fdddd3c8da998c13,sensor_msgs/PointCloud2,"[""livox_frame""]","[""x"",""y"",""z"",""intensity"",""tag"",""line"",""timestamp""]",164,1787056338.043157,1787056338.1447308,0.09937644004821777,19968,19968,0,-16.489999771118164,21.33300018310547,-12.611000061035156,15.359000205993652,-1.5980000495910645,5.918000221252441,0.0,2.997654235155853,8.462025350637743,24.83320002557664,timestamp,nanoseconds_absolute,1.787056338043157e+18,1.7870563381434452e+18,0.100288256,false,true,false,false,true,true,true,false,false,true,true,false,false
R_TEST_01,LABORATORY,RICH_CANDIDATE,MAP,/home/lj/ZPRM/bag/mid360_20260818_203200_part1_20s.bag,ec998bc44cd7f6276548cbf7c11cffdfcb7a5a5601335cf2fdddd3c8da998c13,sensor_msgs/PointCloud2,"[""livox_frame""]","[""x"",""y"",""z"",""intensity"",""tag"",""line"",""timestamp""]",165,1787056338.143182,1787056338.244833,0.10002493858337402,20064,20064,0,-15.026000022888184,21.101999282836914,-14.973999977111816,17.07900047302246,-1.4900000095367432,6.6570000648498535,0.0,2.9958273177578745,7.890228196152775,24.63501232100095,timestamp,nanoseconds_absolute,1.787056338143182e+18,1.7870563382434504e+18,0.10026828800000001,false,true,false,false,true,true,true,false,false,true,true,false,false
R_TEST_01,LABORATORY,RICH_CANDIDATE,MAP,/home/lj/ZPRM/bag/mid360_20260818_203200_part1_20s.bag,ec998bc44cd7f6276548cbf7c11cffdfcb7a5a5601335cf2fdddd3c8da998c13,sensor_msgs/PointCloud2,"[""livox_frame""]","[""x"",""y"",""z"",""intensity"",""tag"",""line"",""timestamp""]",166,1787056338.2437837,1787056338.3448226,0.1006016731262207,19968,19968,0,-12.887999534606934,21.81399917602539,-12.154000282287598,17.388999938964844,-1.878000020980835,7.072000026702881,0.0,3.019553821849385,8.132754821093698,26.146837322173003,timestamp,nanoseconds_absolute,1.7870563382437837e+18,1.7870563383433928e+18,0.09960908800000001,false,true,false,false,true,true,true,false,false,true,true,false,false
R_TEST_01,LABORATORY,RICH_CANDIDATE,MAP,/home/lj/ZPRM/bag/mid360_20260818_203200_part1_20s.bag,ec998bc44cd7f6276548cbf7c11cffdfcb7a5a5601335cf2fdddd3c8da998c13,sensor_msgs/PointCloud2,"[""livox_frame""]","[""x"",""y"",""z"",""intensity"",""tag"",""line"",""timestamp""]",167,1787056338.3431373,1787056338.4448035,0.09935355186462402,19968,19968,0,-16.275999069213867,31.492000579833984,-15.295000076293945,14.968999862670898,-1.5499999523162842,6.196000099182129,0.0,3.0070874721920466,8.253586858589811,33.45415701170861,timestamp,nanoseconds_absolute,1.7870563383431373e+18,1.787056338443589e+18,0.10045184,false,true,false,false,true,true,true,false,false,true,true,false,false
R_TEST_01,LABORATORY,RICH_CANDIDATE,MAP,/home/lj/ZPRM/bag/mid360_20260818_203200_part1_20s.bag,ec998bc44cd7f6276548cbf7c11cffdfcb7a5a5601335cf2fdddd3c8da998c13,sensor_msgs/PointCloud2,"[""livox_frame""]","[""x"",""y"",""z"",""intensity"",""tag"",""line"",""timestamp""]",168,1787056338.443135,1787056338.5448582,0.09999775886535645,20064,20064,0,-16.408000946044922,19.072999954223633,-11.958999633789062,14.057999610900879,-1.5520000457763672,6.186999797821045,0.0,3.01035174415872,8.395940632977897,23.02016539079122,timestamp,nanoseconds_absolute,1.787056338443135e+18,1.7870563385434985e+18,0.10036352000000001,false,true,false,false,true,true,true,false,false,true,true,false,false
R_TEST_01,LABORATORY,RICH_CANDIDATE,MAP,/home/lj/ZPRM/bag/mid360_20260818_203200_part1_20s.bag,ec998bc44cd7f6276548cbf7c11cffdfcb7a5a5601335cf2fdddd3c8da998c13,sensor_msgs/PointCloud2,"[""livox_frame""]","[""x"",""y"",""z"",""intensity"",""tag"",""line"",""timestamp""]",169,1787056338.543246,1787056338.6450667,0.10011100769042969,19968,19968,0,-16.291000366210938,31.48900032043457,-15.041999816894531,21.076000213623047,-1.4709999561309814,7.156000137329102,0.0,3.0143421928968923,7.942922635767462,33.47002256012138,timestamp,nanoseconds_absolute,1.787056338543246e+18,1.7870563386435026e+18,0.100256512,false,true,false,false,true,true,true,false,false,true,true,false,false
R_TEST_01,LABORATORY,RICH_CANDIDATE,MAP,/home/lj/ZPRM/bag/mid360_20260818_203200_part1_20s.bag,ec998bc44cd7f6276548cbf7c11cffdfcb7a5a5601335cf2fdddd3c8da998c13,sensor_msgs/PointCloud2,"[""livox_frame""]","[""x"",""y"",""z"",""intensity"",""tag"",""line"",""timestamp""]",170,1787056338.6431499,1787056338.744524,0.09990382194519043,19968,19968,0,-16.465999603271484,20.38800048828125,-11.795999526977539,15.072999954223633,-1.5460000038146973,6.446000099182129,0.0,3.0048792806220126,8.259044241486407,23.50983416981889,timestamp,nanoseconds_absolute,1.7870563386431498e+18,1.7870563387434342e+18,0.100284416,false,true,false,false,true,true,true,false,false,true,true,false,false
R_TEST_01,LABORATORY,RICH_CANDIDATE,MAP,/home/lj/ZPRM/bag/mid360_20260818_203200_part1_20s.bag,ec998bc44cd7f6276548cbf7c11cffdfcb7a5a5601335cf2fdddd3c8da998c13,sensor_msgs/PointCloud2,"[""livox_frame""]","[""x"",""y"",""z"",""intensity"",""tag"",""line"",""timestamp""]",171,1787056338.7430632,1787056338.8445256,0.09991335868835449,19968,19968,0,-16.302000045776367,20.06399917602539,-12.001999855041504,21.128999710083008,-1.468000054359436,6.928999900817871,0.0,3.014510630906355,8.64960354230549,26.19883560219738,timestamp,nanoseconds_absolute,1.7870563387430633e+18,1.7870563388433792e+18,0.10031590400000001,false,true,false,false,true,true,true,false,false,true,true,false,false
R_TEST_01,LABORATORY,RICH_CANDIDATE,MAP,/home/lj/ZPRM/bag/mid360_20260818_203200_part1_20s.bag,ec998bc44cd7f6276548cbf7c11cffdfcb7a5a5601335cf2fdddd3c8da998c13,sensor_msgs/PointCloud2,"[""livox_frame""]","[""x"",""y"",""z"",""intensity"",""tag"",""line"",""timestamp""]",172,1787056338.8431356,1787056338.9448686,0.10007238388061523,20064,20064,0,-15.399999618530273,20.416000366210938,-11.937999725341797,17.14900016784668,-1.6519999504089355,7.131999969482422,0.0,3.018289761860111,7.806262598832699,26.50897932221107,timestamp,nanoseconds_absolute,1.7870563388431355e+18,1.7870563389435287e+18,0.10039321600000001,false,true,false,false,true,true,true,false,false,true,true,false,false
R_TEST_01,LABORATORY,RICH_CANDIDATE,MAP,/home/lj/ZPRM/bag/mid360_20260818_203200_part1_20s.bag,ec998bc44cd7f6276548cbf7c11cffdfcb7a5a5601335cf2fdddd3c8da998c13,sensor_msgs/PointCloud2,"[""livox_frame""]","[""x"",""y"",""z"",""intensity"",""tag"",""line"",""timestamp""]",173,1787056338.943273,1787056339.0446315,0.10013747215270996,19968,19968,0,-12.864999771118164,31.499000549316406,-14.951000213623047,21.10300064086914,-1.5950000286102295,7.105999946594238,0.0,3.013346086559749,8.563069459944849,33.469511223846276,timestamp,nanoseconds_absolute,1.787056338943273e+18,1.787056339043388e+18,0.10011494400000001,false,true,false,false,true,true,true,false,false,true,true,false,false
R_TEST_01,LABORATORY,RICH_CANDIDATE,MAP,/home/lj/ZPRM/bag/mid360_20260818_203200_part1_20s.bag,ec998bc44cd7f6276548cbf7c11cffdfcb7a5a5601335cf2fdddd3c8da998c13,sensor_msgs/PointCloud2,"[""livox_frame""]","[""x"",""y"",""z"",""intensity"",""tag"",""line"",""timestamp""]",174,1787056339.0431416,1787056339.1444037,0.0998685359954834,19968,19968,0,-16.285999298095703,21.209999084472656,-15.496999740600586,15.166000366210938,-1.7009999752044678,6.353000164031982,0.0,3.0291838115724907,8.689232364673815,24.90201962320656,timestamp,nanoseconds_absolute,1.7870563390431416e+18,1.7870563391433887e+18,0.10024704000000001,false,true,false,false,true,true,true,false,false,true,true,false,false
R_TEST_01,LABORATORY,RICH_CANDIDATE,MAP,/home/lj/ZPRM/bag/mid360_20260818_203200_part1_20s.bag,ec998bc44cd7f6276548cbf7c11cffdfcb7a5a5601335cf2fdddd3c8da998c13,sensor_msgs/PointCloud2,"[""livox_frame""]","[""x"",""y"",""z"",""intensity"",""tag"",""line"",""timestamp""]",175,1787056339.1431272,1787056339.2445247,0.09998559951782227,20064,20064,0,-16.264999389648438,20.3439998626709,-11.276000022888184,17.086999893188477,-1.5149999856948853,6.283999919891357,0.0,3.0151730016525553,8.438327128191721,23.124906717647335,timestamp,nanoseconds_absolute,1.7870563391431273e+18,1.7870563392434122e+18,0.10028492800000001,false,true,false,false,true,true,true,false,false,true,true,false,false
R_TEST_01,LABORATORY,RICH_CANDIDATE,MAP,/home/lj/ZPRM/bag/mid360_20260818_203200_part1_20s.bag,ec998bc44cd7f6276548cbf7c11cffdfcb7a5a5601335cf2fdddd3c8da998c13,sensor_msgs/PointCloud2,"[""livox_frame""]","[""x"",""y"",""z"",""intensity"",""tag"",""line"",""timestamp""]",176,1787056339.2431788,1787056339.3453567,0.1000516414642334,19968,19968,0,-16.368000030517578,20.937000274658203,-14.967000007629395,21.04800033569336,-1.7489999532699585,7.107999801635742,0.0,3.01377650164691,8.36214154291183,26.196614835743475,timestamp,nanoseconds_absolute,1.7870563392431788e+18,1.7870563393434435e+18,0.10026470400000001,false,true,false,false,true,true,true,false,false,true,true,false,false
R_TEST_01,LABORATORY,RICH_CANDIDATE,MAP,/home/lj/ZPRM/bag/mid360_20260818_203200_part1_20s.bag,ec998bc44cd7f6276548cbf7c11cffdfcb7a5a5601335cf2fdddd3c8da998c13,sensor_msgs/PointCloud2,"[""livox_frame""]","[""x"",""y"",""z"",""intensity"",""tag"",""line"",""timestamp""]",177,1787056339.3431847,1787056339.4451482,0.1000058650970459,20064,20064,0,-16.437999725341797,20.170000076293945,-12.194000244140625,13.657999992370605,-1.4889999628067017,6.47599983215332,0.0,3.0076485133491273,8.04839366755733,23.353530791889995,timestamp,nanoseconds_absolute,1.7870563393431846e+18,1.787056339443426e+18,0.100241408,false,true,false,false,true,true,true,false,false,true,true,false,false
R_TEST_01,LABORATORY,RICH_CANDIDATE,MAP,/home/lj/ZPRM/bag/mid360_20260818_203200_part1_20s.bag,ec998bc44cd7f6276548cbf7c11cffdfcb7a5a5601335cf2fdddd3c8da998c13,sensor_msgs/PointCloud2,"[""livox_frame""]","[""x"",""y"",""z"",""intensity"",""tag"",""line"",""timestamp""]",178,1787056339.4439147,1787056339.5449631,0.10072994232177734,19968,19968,0,-16.264999389648438,21.118999481201172,-15.413999557495117,16.344999313354492,-1.6649999618530273,6.414000034332275,0.0,3.0136906888561894,8.626488875119355,26.598468259959585,timestamp,nanoseconds_absolute,1.7870563394439148e+18,1.7870563395434342e+18,0.099519488,false,true,false,false,true,true,true,false,false,true,true,false,false
R_TEST_01,LABORATORY,RICH_CANDIDATE,MAP,/home/lj/ZPRM/bag/mid360_20260818_203200_part1_20s.bag,ec998bc44cd7f6276548cbf7c11cffdfcb7a5a5601335cf2fdddd3c8da998c13,sensor_msgs/PointCloud2,"[""livox_frame""]","[""x"",""y"",""z"",""intensity"",""tag"",""line"",""timestamp""]",179,1787056339.5431833,1787056339.644593,0.09926867485046387,19968,19968,0,-16.44499969482422,19.542999267578125,-13.675000190734863,21.101999282836914,-1.6490000486373901,7.020999908447266,0.0,3.01448056347853,7.904676760619425,25.987209687729166,timestamp,nanoseconds_absolute,1.7870563395431834e+18,1.7870563396434993e+18,0.10031590400000001,false,true,false,false,true,true,true,false,false,true,true,false,false
R_TEST_01,LABORATORY,RICH_CANDIDATE,MAP,/home/lj/ZPRM/bag/mid360_20260818_203200_part1_20s.bag,ec998bc44cd7f6276548cbf7c11cffdfcb7a5a5601335cf2fdddd3c8da998c13,sensor_msgs/PointCloud2,"[""livox_frame""]","[""x"",""y"",""z"",""intensity"",""tag"",""line"",""timestamp""]",180,1787056339.6432471,1787056339.744426,0.10006380081176758,20064,20064,0,-24.72599983215332,20.466999053955078,-11.300999641418457,15.111000061035156,-1.5549999475479126,7.171999931335449,0.0,3.0076137425488967,8.223415664914343,25.66370563541781,timestamp,nanoseconds_absolute,1.787056339643247e+18,1.7870563397434097e+18,0.10016256000000001,false,true,false,false,true,true,true,false,false,true,true,false,false
R_TEST_01,LABORATORY,RICH_CANDIDATE,MAP,/home/lj/ZPRM/bag/mid360_20260818_203200_part1_20s.bag,ec998bc44cd7f6276548cbf7c11cffdfcb7a5a5601335cf2fdddd3c8da998c13,sensor_msgs/PointCloud2,"[""livox_frame""]","[""x"",""y"",""z"",""intensity"",""tag"",""line"",""timestamp""]",181,1787056339.743873,1787056339.8446143,0.10062575340270996,19968,19968,0,-16.52400016784668,21.538999557495117,-15.02400016784668,17.41200065612793,-2.0959999561309814,6.631999969482422,0.0,3.0122037299046696,8.457165354376054,26.53538591411663,timestamp,nanoseconds_absolute,1.7870563397438728e+18,1.7870563398433603e+18,0.09948748800000001,false,true,false,false,true,true,true,false,false,true,true,false,false
R_TEST_01,LABORATORY,RICH_CANDIDATE,MAP,/home/lj/ZPRM/bag/mid360_20260818_203200_part1_20s.bag,ec998bc44cd7f6276548cbf7c11cffdfcb7a5a5601335cf2fdddd3c8da998c13,sensor_msgs/PointCloud2,"[""livox_frame""]","[""x"",""y"",""z"",""intensity"",""tag"",""line"",""timestamp""]",182,1787056339.8430924,1787056339.9441628,0.09921956062316895,19968,19968,0,-16.27199935913086,21.003999710083008,-15.222000122070312,15.25100040435791,-1.6979999542236328,6.581999778747559,0.0,3.017442077586279,7.982529620405246,24.747278220235724,timestamp,nanoseconds_absolute,1.7870563398430925e+18,1.78705633994336e+18,0.10026752000000001,false,true,false,false,true,true,true,false,false,true,true,false,false
R_TEST_01,LABORATORY,RICH_CANDIDATE,MAP,/home/lj/ZPRM/bag/mid360_20260818_203200_part1_20s.bag,ec998bc44cd7f6276548cbf7c11cffdfcb7a5a5601335cf2fdddd3c8da998c13,sensor_msgs/PointCloud2,"[""livox_frame""]","[""x"",""y"",""z"",""intensity"",""tag"",""line"",""timestamp""]",183,1787056339.9431872,1787056340.0442936,0.10009479522705078,19968,19968,0,-16.400999069213867,22.0,-13.640999794006348,21.115999221801758,-1.6069999933242798,7.071000099182129,0.0,3.033160141719553,7.93757603756357,26.0241017252039,timestamp,nanoseconds_absolute,1.7870563399431872e+18,1.7870563400434337e+18,0.100246528,false,true,false,false,true,true,true,false,false,true,true,false,false
R_TEST_01,LABORATORY,RICH_CANDIDATE,MAP,/home/lj/ZPRM/bag/mid360_20260818_203200_part1_20s.bag,ec998bc44cd7f6276548cbf7c11cffdfcb7a5a5601335cf2fdddd3c8da998c13,sensor_msgs/PointCloud2,"[""livox_frame""]","[""x"",""y"",""z"",""intensity"",""tag"",""line"",""timestamp""]",184,1787056340.0432138,1787056340.1448681,0.10002660751342773,20064,20064,0,-16.32699966430664,21.173999786376953,-12.88599967956543,13.927000045776367,-1.687999963760376,6.454999923706055,0.0,3.0117130206559017,8.258923243295145,24.84424679021094,timestamp,nanoseconds_absolute,1.7870563400432138e+18,1.787056340143517e+18,0.100303104,false,true,false,false,true,true,true,false,false,true,true,false,false
R_TEST_01,LABORATORY,RICH_CANDIDATE,MAP,/home/lj/ZPRM/bag/mid360_20260818_203200_part1_20s.bag,ec998bc44cd7f6276548cbf7c11cffdfcb7a5a5601335cf2fdddd3c8da998c13,sensor_msgs/PointCloud2,"[""livox_frame""]","[""x"",""y"",""z"",""intensity"",""tag"",""line"",""timestamp""]",185,1787056340.1432872,1787056340.2444904,0.10007333755493164,19968,19968,0,-16.297000885009766,21.14900016784668,-12.937000274658203,15.151000022888184,-1.690000057220459,6.550000190734863,0.0,3.0024163624241123,8.090393749464198,24.849593244145677,timestamp,nanoseconds_absolute,1.7870563401432873e+18,1.7870563402433152e+18,0.100027904,false,true,false,false,true,true,true,false,false,true,true,false,false
R_TEST_01,LABORATORY,RICH_CANDIDATE,MAP,/home/lj/ZPRM/bag/mid360_20260818_203200_part1_20s.bag,ec998bc44cd7f6276548cbf7c11cffdfcb7a5a5601335cf2fdddd3c8da998c13,sensor_msgs/PointCloud2,"[""livox_frame""]","[""x"",""y"",""z"",""intensity"",""tag"",""line"",""timestamp""]",186,1787056340.2430701,1787056340.3444417,0.09978294372558594,19968,19968,0,-16.268999099731445,20.31800079345703,-14.807999610900879,17.39299964904785,-1.4709999561309814,6.521999835968018,0.0,2.99051084124485,7.967862325769385,25.687442688130925,timestamp,nanoseconds_absolute,1.7870563402430702e+18,1.7870563403434017e+18,0.10033152000000001,false,true,false,false,true,true,true,false,false,true,true,false,false
R_TEST_01,LABORATORY,RICH_CANDIDATE,MAP,/home/lj/ZPRM/bag/mid360_20260818_203200_part1_20s.bag,ec998bc44cd7f6276548cbf7c11cffdfcb7a5a5601335cf2fdddd3c8da998c13,sensor_msgs/PointCloud2,"[""livox_frame""]","[""x"",""y"",""z"",""intensity"",""tag"",""line"",""timestamp""]",187,1787056340.3431404,1787056340.4448857,0.10007023811340332,20064,20064,0,-16.493000030517578,20.945999145507812,-15.118000030517578,21.17300033569336,-1.6890000104904175,7.460999965667725,0.0,3.017562233951973,7.824753014448162,26.52897656920927,timestamp,nanoseconds_absolute,1.7870563403431404e+18,1.7870563404434657e+18,0.10032537600000001,false,true,false,false,true,true,true,false,false,true,true,false,false
R_TEST_01,LABORATORY,RICH_CANDIDATE,MAP,/home/lj/ZPRM/bag/mid360_20260818_203200_part1_20s.bag,ec998bc44cd7f6276548cbf7c11cffdfcb7a5a5601335cf2fdddd3c8da998c13,sensor_msgs/PointCloud2,"[""livox_frame""]","[""x"",""y"",""z"",""intensity"",""tag"",""line"",""timestamp""]",188,1787056340.4433296,1787056340.5448627,0.100189208984375,19968,19968,0,-16.305999755859375,21.139999389648438,-14.46399974822998,16.35700035095215,-2.010999917984009,7.1529998779296875,0.0,3.0065699502383723,8.270863733300779,24.83261157450412,timestamp,nanoseconds_absolute,1.7870563404433295e+18,1.7870563405433518e+18,0.10002227200000001,false,true,false,false,true,true,true,false,false,true,true,false,false
R_TEST_01,LABORATORY,RICH_CANDIDATE,MAP,/home/lj/ZPRM/bag/mid360_20260818_203200_part1_20s.bag,ec998bc44cd7f6276548cbf7c11cffdfcb7a5a5601335cf2fdddd3c8da998c13,sensor_msgs/PointCloud2,"[""livox_frame""]","[""x"",""y"",""z"",""intensity"",""tag"",""line"",""timestamp""]",189,1787056340.5431018,1787056340.6447861,0.09977221488952637,20064,20064,0,-16.261999130249023,21.03700065612793,-15.420999526977539,16.249000549316406,-1.7350000143051147,5.874000072479248,0.0,3.008743604735913,7.910278997084673,24.780156926898517,timestamp,nanoseconds_absolute,1.7870563405431017e+18,1.7870563406435446e+18,0.10044288000000001,false,true,false,false,true,true,true,false,false,true,true,false,false
R_TEST_01,LABORATORY,RICH_CANDIDATE,MAP,/home/lj/ZPRM/bag/mid360_20260818_203200_part1_20s.bag,ec998bc44cd7f6276548cbf7c11cffdfcb7a5a5601335cf2fdddd3c8da998c13,sensor_msgs/PointCloud2,"[""livox_frame""]","[""x"",""y"",""z"",""intensity"",""tag"",""line"",""timestamp""]",190,1787056340.643839,1787056340.7450013,0.10073709487915039,19968,19968,0,-16.233999252319336,31.05500030517578,-14.28600025177002,15.166999816894531,-2.072999954223633,7.064000129699707,0.0,3.024886288240371,7.920418968646079,33.10584357235049,timestamp,nanoseconds_absolute,1.787056340643839e+18,1.7870563407434916e+18,0.099652608,false,true,false,false,true,true,true,false,false,true,true,false,false
R_TEST_01,LABORATORY,RICH_CANDIDATE,MAP,/home/lj/ZPRM/bag/mid360_20260818_203200_part1_20s.bag,ec998bc44cd7f6276548cbf7c11cffdfcb7a5a5601335cf2fdddd3c8da998c13,sensor_msgs/PointCloud2,"[""livox_frame""]","[""x"",""y"",""z"",""intensity"",""tag"",""line"",""timestamp""]",191,1787056340.7432544,1787056340.844549,0.09941554069519043,19968,19968,0,-16.496999740600586,31.266000747680664,-12.888999938964844,21.19099998474121,-1.6629999876022339,7.0980000495910645,0.0,3.019258243934224,7.683102625918882,33.21500672859,timestamp,nanoseconds_absolute,1.7870563407432545e+18,1.787056340843439e+18,0.10018457600000001,false,true,false,false,true,true,true,false,false,true,true,false,false
R_TEST_01,LABORATORY,RICH_CANDIDATE,MAP,/home/lj/ZPRM/bag/mid360_20260818_203200_part1_20s.bag,ec998bc44cd7f6276548cbf7c11cffdfcb7a5a5601335cf2fdddd3c8da998c13,sensor_msgs/PointCloud2,"[""livox_frame""]","[""x"",""y"",""z"",""intensity"",""tag"",""line"",""timestamp""]",192,1787056340.8436754,1787056340.9448242,0.10042095184326172,20064,20064,0,-16.2450008392334,20.922000885009766,-14.944000244140625,16.33099937438965,-1.559999942779541,6.244999885559082,0.0,3.0151260035495078,9.036479709472303,24.5784822180218,timestamp,nanoseconds_absolute,1.7870563408436754e+18,1.78705634094359e+18,0.099914496,false,true,false,false,true,true,true,false,false,true,true,false,false
R_TEST_01,LABORATORY,RICH_CANDIDATE,MAP,/home/lj/ZPRM/bag/mid360_20260818_203200_part1_20s.bag,ec998bc44cd7f6276548cbf7c11cffdfcb7a5a5601335cf2fdddd3c8da998c13,sensor_msgs/PointCloud2,"[""livox_frame""]","[""x"",""y"",""z"",""intensity"",""tag"",""line"",""timestamp""]",193,1787056340.94324,1787056341.0450668,0.0995645523071289,19968,19968,0,-16.295000076293945,20.92799949645996,-13.430999755859375,15.142999649047852,-1.75,7.146999835968018,0.0,3.0029143550171886,7.735310666062564,24.768262201921402,timestamp,nanoseconds_absolute,1.78705634094324e+18,1.7870563410435395e+18,0.10029952,false,true,false,false,true,true,true,false,false,true,true,false,false
R_TEST_01,LABORATORY,RICH_CANDIDATE,MAP,/home/lj/ZPRM/bag/mid360_20260818_203200_part1_20s.bag,ec998bc44cd7f6276548cbf7c11cffdfcb7a5a5601335cf2fdddd3c8da998c13,sensor_msgs/PointCloud2,"[""livox_frame""]","[""x"",""y"",""z"",""intensity"",""tag"",""line"",""timestamp""]",194,1787056341.0432932,1787056341.1449003,0.10005331039428711,19968,19968,0,-16.398000717163086,20.4950008392334,-14.979999542236328,21.141000747680664,-1.5210000276565552,7.131999969482422,0.0,3.013099942377229,7.554355700049704,26.090613097999277,timestamp,nanoseconds_absolute,1.7870563410432932e+18,1.7870563411433953e+18,0.100102144,false,true,false,false,true,true,true,false,false,true,true,false,false
R_TEST_01,LABORATORY,RICH_CANDIDATE,MAP,/home/lj/ZPRM/bag/mid360_20260818_203200_part1_20s.bag,ec998bc44cd7f6276548cbf7c11cffdfcb7a5a5601335cf2fdddd3c8da998c13,sensor_msgs/PointCloud2,"[""livox_frame""]","[""x"",""y"",""z"",""intensity"",""tag"",""line"",""timestamp""]",195,1787056341.1431627,1787056341.2444775,0.0998694896697998,19968,19968,0,-16.302000045776367,20.68400001525879,-11.970000267028809,21.16699981689453,-1.4709999561309814,6.8979997634887695,0.0,3.0072114634380847,8.941497568028375,26.212869629638,timestamp,nanoseconds_absolute,1.7870563411431626e+18,1.7870563412433108e+18,0.10014822400000001,false,true,false,false,true,true,true,false,false,true,true,false,false
R_TEST_01,LABORATORY,RICH_CANDIDATE,MAP,/home/lj/ZPRM/bag/mid360_20260818_203200_part1_20s.bag,ec998bc44cd7f6276548cbf7c11cffdfcb7a5a5601335cf2fdddd3c8da998c13,sensor_msgs/PointCloud2,"[""livox_frame""]","[""x"",""y"",""z"",""intensity"",""tag"",""line"",""timestamp""]",196,1787056341.2431006,1787056341.3456886,0.09993791580200195,20064,20064,0,-16.281999588012695,20.472000122070312,-12.581000328063965,13.586000442504883,-1.6540000438690186,6.1479997634887695,0.0,2.9938105309707734,8.507604904700658,24.058173292390407,timestamp,nanoseconds_absolute,1.7870563412431007e+18,1.787056341343436e+18,0.10033536000000001,false,true,false,false,true,true,true,false,false,true,true,false,false
R_TEST_01,LABORATORY,RICH_CANDIDATE,MAP,/home/lj/ZPRM/bag/mid360_20260818_203200_part1_20s.bag,ec998bc44cd7f6276548cbf7c11cffdfcb7a5a5601335cf2fdddd3c8da998c13,sensor_msgs/PointCloud2,"[""livox_frame""]","[""x"",""y"",""z"",""intensity"",""tag"",""line"",""timestamp""]",197,1787056341.343187,1787056341.4448135,0.10008645057678223,19968,19968,0,-15.192000389099121,31.663999557495117,-15.517000198364258,17.138999938964844,-1.5859999656677246,6.686999797821045,0.0,3.005336114361717,7.50800265063682,33.68696885109201,timestamp,nanoseconds_absolute,1.7870563413431872e+18,1.787056341443602e+18,0.10041472000000001,false,true,false,false,true,true,true,false,false,true,true,false,false
R_TEST_01,LABORATORY,RICH_CANDIDATE,MAP,/home/lj/ZPRM/bag/mid360_20260818_203200_part1_20s.bag,ec998bc44cd7f6276548cbf7c11cffdfcb7a5a5601335cf2fdddd3c8da998c13,sensor_msgs/PointCloud2,"[""livox_frame""]","[""x"",""y"",""z"",""intensity"",""tag"",""line"",""timestamp""]",198,1787056341.4431746,1787056341.5443206,0.09998750686645508,19968,19968,0,-16.266000747680664,21.916000366210938,-12.914999961853027,15.161999702453613,-1.9040000438690186,7.135000228881836,0.0,3.0240602902435167,8.227781671459244,25.79125171895589,timestamp,nanoseconds_absolute,1.7870563414431747e+18,1.7870563415433807e+18,0.10020608,false,true,false,false,true,true,true,false,false,true,true,false,false
R_TEST_01,LABORATORY,RICH_CANDIDATE,QUERY,/home/lj/ZPRM/bag/mid360_20260818_203200_part2_15s.bag,3a96dba7563f9742e8fabe5cbc7a90d77991e1d6d25dc024c1c36073af116e73,sensor_msgs/PointCloud2,"[""livox_frame""]","[""x"",""y"",""z"",""intensity"",""tag"",""line"",""timestamp""]",0,1787056352.8439429,1787056352.9456036,,19968,19968,0,-16.468000411987305,31.31999969482422,-12.251999855041504,15.470999717712402,-1.4320000410079956,7.206999778747559,0.0,3.0296129776301424,7.597423629288733,33.36167263583628,timestamp,nanoseconds_absolute,1.787056352843943e+18,1.7870563529435264e+18,0.09958348800000001,false,true,false,false,true,true,true,false,false,true,true,false,false
R_TEST_01,LABORATORY,RICH_CANDIDATE,QUERY,/home/lj/ZPRM/bag/mid360_20260818_203200_part2_15s.bag,3a96dba7563f9742e8fabe5cbc7a90d77991e1d6d25dc024c1c36073af116e73,sensor_msgs/PointCloud2,"[""livox_frame""]","[""x"",""y"",""z"",""intensity"",""tag"",""line"",""timestamp""]",1,1787056352.943268,1787056353.0447593,0.09932518005371094,19968,19968,0,-15.25,20.049999237060547,-12.595000267028809,17.215999603271484,-1.4630000591278076,7.564000129699707,0.0,3.016979083283646,9.142785993518268,26.497149600593616,timestamp,nanoseconds_absolute,1.787056352943268e+18,1.787056353043548e+18,0.10027980800000001,false,true,false,false,true,true,true,false,false,true,true,false,false
R_TEST_01,LABORATORY,RICH_CANDIDATE,QUERY,/home/lj/ZPRM/bag/mid360_20260818_203200_part2_15s.bag,3a96dba7563f9742e8fabe5cbc7a90d77991e1d6d25dc024c1c36073af116e73,sensor_msgs/PointCloud2,"[""livox_frame""]","[""x"",""y"",""z"",""intensity"",""tag"",""line"",""timestamp""]",2,1787056353.0432851,1787056353.1444476,0.10001707077026367,19968,19968,0,-16.37299919128418,21.0310001373291,-14.831999778747559,14.074000358581543,-1.690000057220459,6.866000175476074,0.0,3.023040922095806,8.523429606861065,24.590160021043367,timestamp,nanoseconds_absolute,1.7870563530432852e+18,1.7870563531434237e+18,0.10013849600000001,false,true,false,false,true,true,true,false,false,true,true,false,false
R_TEST_01,LABORATORY,RICH_CANDIDATE,QUERY,/home/lj/ZPRM/bag/mid360_20260818_203200_part2_15s.bag,3a96dba7563f9742e8fabe5cbc7a90d77991e1d6d25dc024c1c36073af116e73,sensor_msgs/PointCloud2,"[""livox_frame""]","[""x"",""y"",""z"",""intensity"",""tag"",""line"",""timestamp""]",3,1787056353.143166,1787056353.2451482,0.09988093376159668,20064,20064,0,-16.27899932861328,20.680999755859375,-12.770000457763672,22.636999130249023,-1.5789999961853027,7.415999889373779,0.0,3.0020539731958404,7.532540300895475,28.28145691955744,timestamp,nanoseconds_absolute,1.787056353143166e+18,1.787056353243449e+18,0.10028313600000001,false,true,false,false,true,true,true,false,false,true,true,false,false
R_TEST_01,LABORATORY,RICH_CANDIDATE,QUERY,/home/lj/ZPRM/bag/mid360_20260818_203200_part2_15s.bag,3a96dba7563f9742e8fabe5cbc7a90d77991e1d6d25dc024c1c36073af116e73,sensor_msgs/PointCloud2,"[""livox_frame""]","[""x"",""y"",""z"",""intensity"",""tag"",""line"",""timestamp""]",4,1787056353.2432976,1787056353.3460565,0.10013151168823242,19968,19968,0,-16.472999572753906,20.118999481201172,-11.241000175476074,17.177000045776367,-1.5190000534057617,7.0229997634887695,0.0,3.0246222576350843,8.596196797266433,23.55085102257286,timestamp,nanoseconds_absolute,1.7870563532432975e+18,1.787056353343482e+18,0.10018457600000001,false,true,false,false,true,true,true,false,false,true,true,false,false
R_TEST_01,LABORATORY,RICH_CANDIDATE,QUERY,/home/lj/ZPRM/bag/mid360_20260818_203200_part2_15s.bag,3a96dba7563f9742e8fabe5cbc7a90d77991e1d6d25dc024c1c36073af116e73,sensor_msgs/PointCloud2,"[""livox_frame""]","[""x"",""y"",""z"",""intensity"",""tag"",""line"",""timestamp""]",5,1787056353.343214,1787056353.444902,0.09991645812988281,19968,19968,0,-16.38599967956543,20.075000762939453,-11.949000358581543,16.406999588012695,-1.4739999771118164,6.140999794006348,0.0,3.015371417634158,9.001454205138009,23.51290407605768,timestamp,nanoseconds_absolute,1.787056353343214e+18,1.787056353443415e+18,0.10020096,false,true,false,false,true,true,true,false,false,true,true,false,false
R_TEST_01,LABORATORY,RICH_CANDIDATE,QUERY,/home/lj/ZPRM/bag/mid360_20260818_203200_part2_15s.bag,3a96dba7563f9742e8fabe5cbc7a90d77991e1d6d25dc024c1c36073af116e73,sensor_msgs/PointCloud2,"[""livox_frame""]","[""x"",""y"",""z"",""intensity"",""tag"",""line"",""timestamp""]",6,1787056353.4431646,1787056353.5446799,0.09995055198669434,19968,19968,0,-16.26099967956543,31.298999786376953,-14.984999656677246,15.390000343322754,-1.74399995803833,6.605999946594238,0.0,3.0167289509364883,7.739580714287028,33.316588917566456,timestamp,nanoseconds_absolute,1.7870563534431647e+18,1.787056353543417e+18,0.10025241600000001,false,true,false,false,true,true,true,false,false,true,true,false,false
R_TEST_01,LABORATORY,RICH_CANDIDATE,QUERY,/home/lj/ZPRM/bag/mid360_20260818_203200_part2_15s.bag,3a96dba7563f9742e8fabe5cbc7a90d77991e1d6d25dc024c1c36073af116e73,sensor_msgs/PointCloud2,"[""livox_frame""]","[""x"",""y"",""z"",""intensity"",""tag"",""line"",""timestamp""]",7,1787056353.543167,1787056353.645503,0.10000252723693848,20064,20064,0,-16.531999588012695,31.628999710083008,-12.843999862670898,22.45199966430664,-1.5199999809265137,7.4670000076293945,0.0,3.019848949876016,7.713435107778433,33.58681278649642,timestamp,nanoseconds_absolute,1.7870563535431672e+18,1.787056353643488e+18,0.100320768,false,true,false,false,true,true,true,false,false,true,true,false,false
R_TEST_01,LABORATORY,RICH_CANDIDATE,QUERY,/home/lj/ZPRM/bag/mid360_20260818_203200_part2_15s.bag,3a96dba7563f9742e8fabe5cbc7a90d77991e1d6d25dc024c1c36073af116e73,sensor_msgs/PointCloud2,"[""livox_frame""]","[""x"",""y"",""z"",""intensity"",""tag"",""line"",""timestamp""]",8,1787056353.6432433,1787056353.7453012,0.10007619857788086,19968,19968,0,-16.266000747680664,21.66699981689453,-13.071000099182129,15.02400016784668,-1.8609999418258667,6.064000129699707,0.0,3.0175436257980826,9.16453737667326,25.73227012691436,timestamp,nanoseconds_absolute,1.7870563536432433e+18,1.7870563537433636e+18,0.10012032000000001,false,true,false,false,true,true,true,false,false,true,true,false,false
R_TEST_01,LABORATORY,RICH_CANDIDATE,QUERY,/home/lj/ZPRM/bag/mid360_20260818_203200_part2_15s.bag,3a96dba7563f9742e8fabe5cbc7a90d77991e1d6d25dc024c1c36073af116e73,sensor_msgs/PointCloud2,"[""livox_frame""]","[""x"",""y"",""z"",""intensity"",""tag"",""line"",""timestamp""]",9,1787056353.7431061,1787056353.8451352,0.09986281394958496,20064,20064,0,-16.464000701904297,20.97100067138672,-15.49899959564209,16.327999114990234,-1.531000018119812,7.09499979019165,0.0,3.02910014291909,7.937242444862822,24.621074542060196,timestamp,nanoseconds_absolute,1.787056353743106e+18,1.7870563538435374e+18,0.10043136000000001,false,true,false,false,true,true,true,false,false,true,true,false,false
R_TEST_01,LABORATORY,RICH_CANDIDATE,QUERY,/home/lj/ZPRM/bag/mid360_20260818_203200_part2_15s.bag,3a96dba7563f9742e8fabe5cbc7a90d77991e1d6d25dc024c1c36073af116e73,sensor_msgs/PointCloud2,"[""livox_frame""]","[""x"",""y"",""z"",""intensity"",""tag"",""line"",""timestamp""]",10,1787056353.843898,1787056353.9448416,0.10079193115234375,19968,19968,0,-16.400999069213867,20.874000549316406,-12.826000213623047,15.27400016784668,-1.4930000305175781,7.136000156402588,0.0,3.020079365636097,7.608494051000292,24.503335924207363,timestamp,nanoseconds_absolute,1.787056353843898e+18,1.7870563539435704e+18,0.09967232000000001,false,true,false,false,true,true,true,false,false,true,true,false,false
R_TEST_01,LABORATORY,RICH_CANDIDATE,QUERY,/home/lj/ZPRM/bag/mid360_20260818_203200_part2_15s.bag,3a96dba7563f9742e8fabe5cbc7a90d77991e1d6d25dc024c1c36073af116e73,sensor_msgs/PointCloud2,"[""livox_frame""]","[""x"",""y"",""z"",""intensity"",""tag"",""line"",""timestamp""]",11,1787056353.9433029,1787056354.0445697,0.09940481185913086,19968,19968,0,-16.312000274658203,24.173999786376953,-15.527000427246094,15.343000411987305,-1.531000018119812,6.256999969482422,0.0,3.0108037396059553,8.817199346781596,27.812451632431596,timestamp,nanoseconds_absolute,1.787056353943303e+18,1.7870563540434358e+18,0.100132864,false,true,false,false,true,true,true,false,false,true,true,false,false
R_TEST_01,LABORATORY,RICH_CANDIDATE,QUERY,/home/lj/ZPRM/bag/mid360_20260818_203200_part2_15s.bag,3a96dba7563f9742e8fabe5cbc7a90d77991e1d6d25dc024c1c36073af116e73,sensor_msgs/PointCloud2,"[""livox_frame""]","[""x"",""y"",""z"",""intensity"",""tag"",""line"",""timestamp""]",12,1787056354.0431805,1787056354.1448405,0.09987759590148926,20064,20064,0,-16.184999465942383,20.53700065612793,-12.09000015258789,18.590999603271484,-1.4850000143051147,5.886000156402588,0.0,2.9927247922786497,8.155502817557256,26.63932305737576,timestamp,nanoseconds_absolute,1.7870563540431805e+18,1.7870563541435525e+18,0.100371968,false,true,false,false,true,true,true,false,false,true,true,false,false
R_TEST_01,LABORATORY,RICH_CANDIDATE,QUERY,/home/lj/ZPRM/bag/mid360_20260818_203200_part2_15s.bag,3a96dba7563f9742e8fabe5cbc7a90d77991e1d6d25dc024c1c36073af116e73,sensor_msgs/PointCloud2,"[""livox_frame""]","[""x"",""y"",""z"",""intensity"",""tag"",""line"",""timestamp""]",13,1787056354.1433065,1787056354.2453032,0.10012602806091309,19968,19968,0,-16.291000366210938,21.680999755859375,-15.36299991607666,15.991999626159668,-1.8179999589920044,6.586999893188477,0.0,2.996910184099667,7.466908238348361,25.753820433193116,timestamp,nanoseconds_absolute,1.7870563541433065e+18,1.787056354243525e+18,0.100218624,false,true,false,false,true,true,true,false,false,true,true,false,false
R_TEST_01,LABORATORY,RICH_CANDIDATE,QUERY,/home/lj/ZPRM/bag/mid360_20260818_203200_part2_15s.bag,3a96dba7563f9742e8fabe5cbc7a90d77991e1d6d25dc024c1c36073af116e73,sensor_msgs/PointCloud2,"[""livox_frame""]","[""x"",""y"",""z"",""intensity"",""tag"",""line"",""timestamp""]",14,1787056354.2444696,1787056354.3443596,0.10116314888000488,19968,19968,0,-12.88599967956543,30.648000717163086,-12.96399974822998,15.152999877929688,-1.593999981880188,6.493000030517578,0.0,3.0095820646767226,8.168290236775128,32.495243420878744,timestamp,nanoseconds_absolute,1.7870563542444698e+18,1.7870563543434563e+18,0.09898649600000001,false,true,false,false,true,true,true,false,false,true,true,false,false
R_TEST_01,LABORATORY,RICH_CANDIDATE,QUERY,/home/lj/ZPRM/bag/mid360_20260818_203200_part2_15s.bag,3a96dba7563f9742e8fabe5cbc7a90d77991e1d6d25dc024c1c36073af116e73,sensor_msgs/PointCloud2,"[""livox_frame""]","[""x"",""y"",""z"",""intensity"",""tag"",""line"",""timestamp""]",15,1787056354.343219,1787056354.4451344,0.09874939918518066,20064,20064,0,-16.285999298095703,30.69700050354004,-15.46500015258789,13.836999893188477,-2.2019999027252197,5.614999771118164,0.0,3.0053296269471157,8.756186758943604,32.53684341602545,timestamp,nanoseconds_absolute,1.787056354343219e+18,1.7870563544435075e+18,0.10028851200000001,false,true,false,false,true,true,true,false,false,true,true,false,false
R_TEST_01,LABORATORY,RICH_CANDIDATE,QUERY,/home/lj/ZPRM/bag/mid360_20260818_203200_part2_15s.bag,3a96dba7563f9742e8fabe5cbc7a90d77991e1d6d25dc024c1c36073af116e73,sensor_msgs/PointCloud2,"[""livox_frame""]","[""x"",""y"",""z"",""intensity"",""tag"",""line"",""timestamp""]",16,1787056354.4433613,1787056354.5450566,0.10014224052429199,19968,19968,0,-15.213000297546387,19.698999404907227,-11.329000473022461,16.292999267578125,-1.5670000314712524,7.076000213623047,0.0,3.0204298415934447,7.769024332016854,25.672239967256495,timestamp,nanoseconds_absolute,1.7870563544433613e+18,1.7870563545435692e+18,0.100207872,false,true,false,false,true,true,true,false,false,true,true,false,false
R_TEST_01,LABORATORY,RICH_CANDIDATE,QUERY,/home/lj/ZPRM/bag/mid360_20260818_203200_part2_15s.bag,3a96dba7563f9742e8fabe5cbc7a90d77991e1d6d25dc024c1c36073af116e73,sensor_msgs/PointCloud2,"[""livox_frame""]","[""x"",""y"",""z"",""intensity"",""tag"",""line"",""timestamp""]",17,1787056354.5433064,1787056354.6448529,0.099945068359375,20064,20064,0,-16.413000106811523,31.691999435424805,-12.817000389099121,17.187999725341797,-1.4830000400543213,6.931000232696533,0.0,3.021680090071248,7.823589035012612,33.69923905024085,timestamp,nanoseconds_absolute,1.7870563545433062e+18,1.7870563546435366e+18,0.10023040000000001,false,true,false,false,true,true,true,false,false,true,true,false,false
R_TEST_01,LABORATORY,RICH_CANDIDATE,QUERY,/home/lj/ZPRM/bag/mid360_20260818_203200_part2_15s.bag,3a96dba7563f9742e8fabe5cbc7a90d77991e1d6d25dc024c1c36073af116e73,sensor_msgs/PointCloud2,"[""livox_frame""]","[""x"",""y"",""z"",""intensity"",""tag"",""line"",""timestamp""]",18,1787056354.6439404,1787056354.7450972,0.10063409805297852,19968,19968,0,-16.343000411987305,31.54199981689453,-15.043999671936035,15.317000389099121,-1.843999981880188,6.422999858856201,0.0,3.0101059475385687,8.527769464804537,33.479100767436044,timestamp,nanoseconds_absolute,1.7870563546439404e+18,1.7870563547436754e+18,0.09973504000000001,false,true,false,false,true,true,true,false,false,true,true,false,false
R_TEST_01,LABORATORY,RICH_CANDIDATE,QUERY,/home/lj/ZPRM/bag/mid360_20260818_203200_part2_15s.bag,3a96dba7563f9742e8fabe5cbc7a90d77991e1d6d25dc024c1c36073af116e73,sensor_msgs/PointCloud2,"[""livox_frame""]","[""x"",""y"",""z"",""intensity"",""tag"",""line"",""timestamp""]",19,1787056354.7438433,1787056354.8443713,0.09990286827087402,19968,19968,0,-16.277999877929688,20.232999801635742,-12.123000144958496,15.168000221252441,-1.531999945640564,6.885000228881836,0.0,3.0157472238008776,8.615259375598033,24.36724865369053,timestamp,nanoseconds_absolute,1.7870563547438433e+18,1.7870563548435292e+18,0.099685888,false,true,false,false,true,true,true,false,false,true,true,false,false
R_TEST_01,LABORATORY,RICH_CANDIDATE,QUERY,/home/lj/ZPRM/bag/mid360_20260818_203200_part2_15s.bag,3a96dba7563f9742e8fabe5cbc7a90d77991e1d6d25dc024c1c36073af116e73,sensor_msgs/PointCloud2,"[""livox_frame""]","[""x"",""y"",""z"",""intensity"",""tag"",""line"",""timestamp""]",20,1787056354.8432813,1787056354.9444811,0.09943795204162598,19968,19968,0,-16.35700035095215,21.621000289916992,-15.092000007629395,17.408000946044922,-1.8329999446868896,7.546000003814697,0.0,3.012269581156358,7.778216201178719,26.58564860735287,timestamp,nanoseconds_absolute,1.7870563548432812e+18,1.7870563549435638e+18,0.100282624,false,true,false,false,true,true,true,false,false,true,true,false,false
R_TEST_01,LABORATORY,RICH_CANDIDATE,QUERY,/home/lj/ZPRM/bag/mid360_20260818_203200_part2_15s.bag,3a96dba7563f9742e8fabe5cbc7a90d77991e1d6d25dc024c1c36073af116e73,sensor_msgs/PointCloud2,"[""livox_frame""]","[""x"",""y"",""z"",""intensity"",""tag"",""line"",""timestamp""]",21,1787056354.9432492,1787056355.0446148,0.09996795654296875,20064,20064,0,-12.880999565124512,20.486000061035156,-14.854999542236328,15.064000129699707,-1.534000039100647,7.084000110626221,0.0,3.000632855692751,7.899892339515269,23.47258350692426,timestamp,nanoseconds_absolute,1.7870563549432492e+18,1.7870563550434952e+18,0.10024601600000001,false,true,false,false,true,true,true,false,false,true,true,false,false
R_TEST_01,LABORATORY,RICH_CANDIDATE,QUERY,/home/lj/ZPRM/bag/mid360_20260818_203200_part2_15s.bag,3a96dba7563f9742e8fabe5cbc7a90d77991e1d6d25dc024c1c36073af116e73,sensor_msgs/PointCloud2,"[""livox_frame""]","[""x"",""y"",""z"",""intensity"",""tag"",""line"",""timestamp""]",22,1787056355.0438464,1787056355.1449835,0.10059714317321777,19968,19968,0,-16.493999481201172,21.81800079345703,-14.267999649047852,17.375,-1.9220000505447388,7.546999931335449,0.0,3.001542504151097,8.601637111824491,26.65071030635291,timestamp,nanoseconds_absolute,1.7870563550438464e+18,1.787056355143473e+18,0.09962649600000001,false,true,false,false,true,true,true,false,false,true,true,false,false
R_TEST_01,LABORATORY,RICH_CANDIDATE,QUERY,/home/lj/ZPRM/bag/mid360_20260818_203200_part2_15s.bag,3a96dba7563f9742e8fabe5cbc7a90d77991e1d6d25dc024c1c36073af116e73,sensor_msgs/PointCloud2,"[""livox_frame""]","[""x"",""y"",""z"",""intensity"",""tag"",""line"",""timestamp""]",23,1787056355.144227,1787056355.244449,0.10038065910339355,19968,19968,0,-16.27400016784668,20.996000289916992,-14.98900032043457,17.05299949645996,-1.7280000448226929,6.327000141143799,0.0,3.0199106676608034,8.238757283665096,24.872460665505717,timestamp,nanoseconds_absolute,1.787056355144227e+18,1.787056355243398e+18,0.09917081600000001,false,true,false,false,true,true,true,false,false,true,true,false,false
R_TEST_01,LABORATORY,RICH_CANDIDATE,QUERY,/home/lj/ZPRM/bag/mid360_20260818_203200_part2_15s.bag,3a96dba7563f9742e8fabe5cbc7a90d77991e1d6d25dc024c1c36073af116e73,sensor_msgs/PointCloud2,"[""livox_frame""]","[""x"",""y"",""z"",""intensity"",""tag"",""line"",""timestamp""]",24,1787056355.2431543,1787056355.3442461,0.09892725944519043,19968,19968,0,-12.909000396728516,31.482999801635742,-15.166000366210938,21.451000213623047,-1.4529999494552612,7.116000175476074,0.0,3.0206886221258564,8.247685903391751,33.494710387308736,timestamp,nanoseconds_absolute,1.7870563552431542e+18,1.7870563553434708e+18,0.10031667200000001,false,true,false,false,true,true,true,false,false,true,true,false,false
R_TEST_01,LABORATORY,RICH_CANDIDATE,QUERY,/home/lj/ZPRM/bag/mid360_20260818_203200_part2_15s.bag,3a96dba7563f9742e8fabe5cbc7a90d77991e1d6d25dc024c1c36073af116e73,sensor_msgs/PointCloud2,"[""livox_frame""]","[""x"",""y"",""z"",""intensity"",""tag"",""line"",""timestamp""]",25,1787056355.343089,1787056355.4448063,0.09993481636047363,20064,20064,0,-16.283000946044922,21.886999130249023,-13.496999740600586,15.347999572753906,-1.8489999771118164,6.171999931335449,0.0,3.00168924760114,8.365341735829947,25.821837921479833,timestamp,nanoseconds_absolute,1.7870563553430892e+18,1.7870563554435162e+18,0.10042700800000001,false,true,false,false,true,true,true,false,false,true,true,false,false
R_TEST_01,LABORATORY,RICH_CANDIDATE,QUERY,/home/lj/ZPRM/bag/mid360_20260818_203200_part2_15s.bag,3a96dba7563f9742e8fabe5cbc7a90d77991e1d6d25dc024c1c36073af116e73,sensor_msgs/PointCloud2,"[""livox_frame""]","[""x"",""y"",""z"",""intensity"",""tag"",""line"",""timestamp""]",26,1787056355.4432657,1787056355.544835,0.10017657279968262,19968,19968,0,-16.253000259399414,20.722999572753906,-15.432000160217285,17.399999618530273,-1.5089999437332153,7.563000202178955,0.0,3.000823087460758,8.330940229423897,26.965977273037566,timestamp,nanoseconds_absolute,1.7870563554432658e+18,1.7870563555434045e+18,0.10013875200000001,false,true,false,false,true,true,true,false,false,true,true,false,false
R_TEST_01,LABORATORY,RICH_CANDIDATE,QUERY,/home/lj/ZPRM/bag/mid360_20260818_203200_part2_15s.bag,3a96dba7563f9742e8fabe5cbc7a90d77991e1d6d25dc024c1c36073af116e73,sensor_msgs/PointCloud2,"[""livox_frame""]","[""x"",""y"",""z"",""intensity"",""tag"",""line"",""timestamp""]",27,1787056355.5431802,1787056355.6448746,0.09991455078125,20064,20064,0,-16.260000228881836,31.284000396728516,-14.842000007629395,17.545000076293945,-1.6640000343322754,7.568999767303467,0.0,3.0249073996193965,7.940079307827968,33.309964950331455,timestamp,nanoseconds_absolute,1.7870563555431803e+18,1.787056355643543e+18,0.100362752,false,true,false,false,true,true,true,false,false,true,true,false,false
R_TEST_01,LABORATORY,RICH_CANDIDATE,QUERY,/home/lj/ZPRM/bag/mid360_20260818_203200_part2_15s.bag,3a96dba7563f9742e8fabe5cbc7a90d77991e1d6d25dc024c1c36073af116e73,sensor_msgs/PointCloud2,"[""livox_frame""]","[""x"",""y"",""z"",""intensity"",""tag"",""line"",""timestamp""]",28,1787056355.6432948,1787056355.7450135,0.10011458396911621,19968,19968,0,-12.876999855041504,20.788999557495117,-12.621999740600586,16.219999313354492,-1.5210000276565552,7.142000198364258,0.0,3.0182371355480972,8.250042752680086,26.538439722343696,timestamp,nanoseconds_absolute,1.7870563556432947e+18,1.787056355743511e+18,0.10021632000000001,false,true,false,false,true,true,true,false,false,true,true,false,false
R_TEST_01,LABORATORY,RICH_CANDIDATE,QUERY,/home/lj/ZPRM/bag/mid360_20260818_203200_part2_15s.bag,3a96dba7563f9742e8fabe5cbc7a90d77991e1d6d25dc024c1c36073af116e73,sensor_msgs/PointCloud2,"[""livox_frame""]","[""x"",""y"",""z"",""intensity"",""tag"",""line"",""timestamp""]",29,1787056355.743256,1787056355.8452063,0.0999612808227539,20064,20064,0,-16.420000076293945,21.05500030517578,-12.70199966430664,22.490999221801758,-1.621000051498413,7.366000175476074,0.0,3.0215356312829362,8.73985777781966,28.13645489062888,timestamp,nanoseconds_absolute,1.787056355743256e+18,1.7870563558435666e+18,0.10031052800000001,false,true,false,false,true,true,true,false,false,true,true,false,false
R_TEST_01,LABORATORY,RICH_CANDIDATE,QUERY,/home/lj/ZPRM/bag/mid360_20260818_203200_part2_15s.bag,3a96dba7563f9742e8fabe5cbc7a90d77991e1d6d25dc024c1c36073af116e73,sensor_msgs/PointCloud2,"[""livox_frame""]","[""x"",""y"",""z"",""intensity"",""tag"",""line"",""timestamp""]",30,1787056355.8439553,1787056355.9447587,0.10069918632507324,19968,19968,0,-16.218000411987305,19.56399917602539,-11.359999656677246,17.39699935913086,-1.600000023841858,7.664999961853027,0.0,3.00504947267613,7.959511963373522,26.660106742967148,timestamp,nanoseconds_absolute,1.7870563558439552e+18,1.7870563559434962e+18,0.09954099200000001,false,true,false,false,true,true,true,false,false,true,true,false,false
R_TEST_01,LABORATORY,RICH_CANDIDATE,QUERY,/home/lj/ZPRM/bag/mid360_20260818_203200_part2_15s.bag,3a96dba7563f9742e8fabe5cbc7a90d77991e1d6d25dc024c1c36073af116e73,sensor_msgs/PointCloud2,"[""livox_frame""]","[""x"",""y"",""z"",""intensity"",""tag"",""line"",""timestamp""]",31,1787056355.9438586,1787056356.044634,0.09990334510803223,19968,19968,0,-16.256999969482422,22.042999267578125,-12.053000450134277,15.482000350952148,-1.6330000162124634,7.14300012588501,0.0,3.0101671238614207,8.032277450322589,24.46106646191316,timestamp,nanoseconds_absolute,1.7870563559438587e+18,1.7870563560434427e+18,0.099584,false,true,false,false,true,true,true,false,false,true,true,false,false
R_TEST_01,LABORATORY,RICH_CANDIDATE,QUERY,/home/lj/ZPRM/bag/mid360_20260818_203200_part2_15s.bag,3a96dba7563f9742e8fabe5cbc7a90d77991e1d6d25dc024c1c36073af116e73,sensor_msgs/PointCloud2,"[""livox_frame""]","[""x"",""y"",""z"",""intensity"",""tag"",""line"",""timestamp""]",32,1787056356.0431936,1787056356.1448221,0.0993349552154541,19968,19968,0,-16.523000717163086,19.767000198364258,-14.944999694824219,15.12600040435791,-1.5390000343322754,6.376999855041504,0.0,3.014409642426752,8.15112205313259,25.694285594777053,timestamp,nanoseconds_absolute,1.7870563560431936e+18,1.7870563561434598e+18,0.10026624,false,true,false,false,true,true,true,false,false,true,true,false,false
R_TEST_01,LABORATORY,RICH_CANDIDATE,QUERY,/home/lj/ZPRM/bag/mid360_20260818_203200_part2_15s.bag,3a96dba7563f9742e8fabe5cbc7a90d77991e1d6d25dc024c1c36073af116e73,sensor_msgs/PointCloud2,"[""livox_frame""]","[""x"",""y"",""z"",""intensity"",""tag"",""line"",""timestamp""]",33,1787056356.1432338,1787056356.2449913,0.10004019737243652,20064,20064,0,-14.95199966430664,21.100000381469727,-12.961000442504883,14.013999938964844,-1.7059999704360962,5.90500020980835,0.0,2.9990901216337997,8.350872577946145,24.821522605750083,timestamp,nanoseconds_absolute,1.7870563561432338e+18,1.7870563562438234e+18,0.100589568,false,true,false,false,true,true,true,false,false,true,true,false,false
R_TEST_01,LABORATORY,RICH_CANDIDATE,QUERY,/home/lj/ZPRM/bag/mid360_20260818_203200_part2_15s.bag,3a96dba7563f9742e8fabe5cbc7a90d77991e1d6d25dc024c1c36073af116e73,sensor_msgs/PointCloud2,"[""livox_frame""]","[""x"",""y"",""z"",""intensity"",""tag"",""line"",""timestamp""]",34,1787056356.2433774,1787056356.3455303,0.1001436710357666,19776,19776,0,-16.29599952697754,31.3700008392334,-12.218000411987305,16.41699981689453,-1.4579999446868896,7.142000198364258,0.0,3.0310720053298086,8.193475415650244,33.384885070709124,timestamp,nanoseconds_absolute,1.7870563562433774e+18,1.7870563563435302e+18,0.10015283200000001,false,true,false,false,true,true,true,false,false,true,true,false,false
R_TEST_01,LABORATORY,RICH_CANDIDATE,QUERY,/home/lj/ZPRM/bag/mid360_20260818_203200_part2_15s.bag,3a96dba7563f9742e8fabe5cbc7a90d77991e1d6d25dc024c1c36073af116e73,sensor_msgs/PointCloud2,"[""livox_frame""]","[""x"",""y"",""z"",""intensity"",""tag"",""line"",""timestamp""]",35,1787056356.343124,1787056356.4447563,0.0997464656829834,20256,20256,0,-16.388999938964844,24.25200080871582,-15.489999771118164,17.400999069213867,-1.7059999704360962,7.0960001945495605,0.0,3.015126911500382,7.946652393580459,27.906957423738152,timestamp,nanoseconds_absolute,1.787056356343124e+18,1.787056356443529e+18,0.10040499200000001,false,true,false,false,true,true,true,false,false,true,true,false,false
R_TEST_01,LABORATORY,RICH_CANDIDATE,QUERY,/home/lj/ZPRM/bag/mid360_20260818_203200_part2_15s.bag,3a96dba7563f9742e8fabe5cbc7a90d77991e1d6d25dc024c1c36073af116e73,sensor_msgs/PointCloud2,"[""livox_frame""]","[""x"",""y"",""z"",""intensity"",""tag"",""line"",""timestamp""]",36,1787056356.443979,1787056356.5447233,0.10085511207580566,19872,19872,0,-16.40999984741211,31.576000213623047,-15.4350004196167,15.067999839782715,-1.6059999465942383,6.328999996185303,0.0,3.010069207326764,8.719315663200517,33.53762531457216,timestamp,nanoseconds_absolute,1.787056356443979e+18,1.787056356543357e+18,0.09937792000000001,false,true,false,false,true,true,true,false,false,true,true,false,false
R_TEST_01,LABORATORY,RICH_CANDIDATE,QUERY,/home/lj/ZPRM/bag/mid360_20260818_203200_part2_15s.bag,3a96dba7563f9742e8fabe5cbc7a90d77991e1d6d25dc024c1c36073af116e73,sensor_msgs/PointCloud2,"[""livox_frame""]","[""x"",""y"",""z"",""intensity"",""tag"",""line"",""timestamp""]",37,1787056356.5430822,1787056356.64469,0.09910321235656738,20064,20064,0,-16.285999298095703,21.149999618530273,-13.020999908447266,17.285999298095703,-1.722000002861023,7.559000015258789,0.0,3.0100830476515927,7.953650403215654,26.644858754758598,timestamp,nanoseconds_absolute,1.7870563565430822e+18,1.7870563566435604e+18,0.100478208,false,true,false,false,true,true,true,false,false,true,true,false,false
R_TEST_01,LABORATORY,RICH_CANDIDATE,QUERY,/home/lj/ZPRM/bag/mid360_20260818_203200_part2_15s.bag,3a96dba7563f9742e8fabe5cbc7a90d77991e1d6d25dc024c1c36073af116e73,sensor_msgs/PointCloud2,"[""livox_frame""]","[""x"",""y"",""z"",""intensity"",""tag"",""line"",""timestamp""]",38,1787056356.6433039,1787056356.7446344,0.10022163391113281,19968,19968,0,-12.876999855041504,19.839000701904297,-14.925999641418457,15.402999877929688,-1.6119999885559082,7.080999851226807,0.0,3.002981015255118,8.326162118807996,25.590574664587027,timestamp,nanoseconds_absolute,1.787056356643304e+18,1.7870563567434033e+18,0.100099328,false,true,false,false,true,true,true,false,false,true,true,false,false
R_TEST_01,LABORATORY,RICH_CANDIDATE,QUERY,/home/lj/ZPRM/bag/mid360_20260818_203200_part2_15s.bag,3a96dba7563f9742e8fabe5cbc7a90d77991e1d6d25dc024c1c36073af116e73,sensor_msgs/PointCloud2,"[""livox_frame""]","[""x"",""y"",""z"",""intensity"",""tag"",""line"",""timestamp""]",39,1787056356.7431786,1787056356.8445902,0.09987473487854004,20064,20064,0,-16.43600082397461,24.06599998474121,-15.460000038146973,15.649999618530273,-1.8300000429153442,6.580999851226807,0.0,3.0278721404969033,8.607887227437798,27.403136029834045,timestamp,nanoseconds_absolute,1.7870563567431785e+18,1.787056356843508e+18,0.100329472,false,true,false,false,true,true,true,false,false,true,true,false,false
R_TEST_01,LABORATORY,RICH_CANDIDATE,QUERY,/home/lj/ZPRM/bag/mid360_20260818_203200_part2_15s.bag,3a96dba7563f9742e8fabe5cbc7a90d77991e1d6d25dc024c1c36073af116e73,sensor_msgs/PointCloud2,"[""livox_frame""]","[""x"",""y"",""z"",""intensity"",""tag"",""line"",""timestamp""]",40,1787056356.8439267,1787056356.944992,0.10074806213378906,19968,19968,0,-15.180999755859375,19.33300018310547,-14.78499984741211,15.355999946594238,-1.4950000047683716,6.173999786376953,0.0,3.010707577955147,8.58817482020845,23.075667339904236,timestamp,nanoseconds_absolute,1.7870563568439268e+18,1.7870563569434747e+18,0.099547904,false,true,false,false,true,true,true,false,false,true,true,false,false
R_TEST_01,LABORATORY,RICH_CANDIDATE,QUERY,/home/lj/ZPRM/bag/mid360_20260818_203200_part2_15s.bag,3a96dba7563f9742e8fabe5cbc7a90d77991e1d6d25dc024c1c36073af116e73,sensor_msgs/PointCloud2,"[""livox_frame""]","[""x"",""y"",""z"",""intensity"",""tag"",""line"",""timestamp""]",41,1787056356.9432592,1787056357.044432,0.09933257102966309,19968,19968,0,-16.340999603271484,21.87299919128418,-15.005999565124512,17.25200080871582,-1.6649999618530273,7.089000225067139,0.0,3.0168070896243653,8.028554280528983,25.444127668032117,timestamp,nanoseconds_absolute,1.7870563569432591e+18,1.7870563570435057e+18,0.100246528,false,true,false,false,true,true,true,false,false,true,true,false,false
R_TEST_01,LABORATORY,RICH_CANDIDATE,QUERY,/home/lj/ZPRM/bag/mid360_20260818_203200_part2_15s.bag,3a96dba7563f9742e8fabe5cbc7a90d77991e1d6d25dc024c1c36073af116e73,sensor_msgs/PointCloud2,"[""livox_frame""]","[""x"",""y"",""z"",""intensity"",""tag"",""line"",""timestamp""]",42,1787056357.0432358,1787056357.144517,0.0999765396118164,19968,19968,0,-16.28700065612793,20.584999084472656,-12.630999565124512,17.197999954223633,-1.465999960899353,7.039000034332275,0.0,3.0013798914925074,7.9843215222282975,24.18192354508809,timestamp,nanoseconds_absolute,1.7870563570432358e+18,1.7870563571435052e+18,0.100269312,false,true,false,false,true,true,true,false,false,true,true,false,false
R_TEST_01,LABORATORY,RICH_CANDIDATE,QUERY,/home/lj/ZPRM/bag/mid360_20260818_203200_part2_15s.bag,3a96dba7563f9742e8fabe5cbc7a90d77991e1d6d25dc024c1c36073af116e73,sensor_msgs/PointCloud2,"[""livox_frame""]","[""x"",""y"",""z"",""intensity"",""tag"",""line"",""timestamp""]",43,1787056357.1431634,1787056357.2444916,0.09992766380310059,20064,20064,0,-16.488000869750977,21.347000122070312,-14.329999923706055,16.402999877929688,-1.7039999961853027,6.142000198364258,0.0,2.995728606811622,8.659151812235347,25.767167636589104,timestamp,nanoseconds_absolute,1.7870563571431634e+18,1.7870563572434322e+18,0.1002688,false,true,false,false,true,true,true,false,false,true,true,false,false
R_TEST_01,LABORATORY,RICH_CANDIDATE,QUERY,/home/lj/ZPRM/bag/mid360_20260818_203200_part2_15s.bag,3a96dba7563f9742e8fabe5cbc7a90d77991e1d6d25dc024c1c36073af116e73,sensor_msgs/PointCloud2,"[""livox_frame""]","[""x"",""y"",""z"",""intensity"",""tag"",""line"",""timestamp""]",44,1787056357.2431977,1787056357.344804,0.10003423690795898,19968,19968,0,-16.385000228881836,21.114999771118164,-14.961000442504883,17.62299919128418,-1.6670000553131104,7.658999919891357,0.0,3.007741571181446,7.8298996161583805,26.874138651916798,timestamp,nanoseconds_absolute,1.7870563572431977e+18,1.7870563573434255e+18,0.10022784000000001,false,true,false,false,true,true,true,false,false,true,true,false,false
R_TEST_01,LABORATORY,RICH_CANDIDATE,QUERY,/home/lj/ZPRM/bag/mid360_20260818_203200_part2_15s.bag,3a96dba7563f9742e8fabe5cbc7a90d77991e1d6d25dc024c1c36073af116e73,sensor_msgs/PointCloud2,"[""livox_frame""]","[""x"",""y"",""z"",""intensity"",""tag"",""line"",""timestamp""]",45,1787056357.3431826,1787056357.445041,0.09998488426208496,20064,20064,0,-12.83899974822998,31.4060001373291,-12.270000457763672,15.111000061035156,-1.8519999980926514,7.041999816894531,0.0,3.0274610639674853,8.366106060330349,33.452332183774345,timestamp,nanoseconds_absolute,1.7870563573431826e+18,1.7870563574435308e+18,0.10034816,false,true,false,false,true,true,true,false,false,true,true,false,false
R_TEST_01,LABORATORY,RICH_CANDIDATE,QUERY,/home/lj/ZPRM/bag/mid360_20260818_203200_part2_15s.bag,3a96dba7563f9742e8fabe5cbc7a90d77991e1d6d25dc024c1c36073af116e73,sensor_msgs/PointCloud2,"[""livox_frame""]","[""x"",""y"",""z"",""intensity"",""tag"",""line"",""timestamp""]",46,1787056357.4432843,1787056357.5451257,0.10010170936584473,19968,19968,0,-16.388999938964844,21.61199951171875,-15.260000228881836,15.223999977111816,-1.8350000381469727,6.36299991607666,0.0,3.0069852318952908,8.699556259250988,25.68517709343507,timestamp,nanoseconds_absolute,1.7870563574432842e+18,1.787056357543531e+18,0.100246784,false,true,false,false,true,true,true,false,false,true,true,false,false
R_TEST_01,LABORATORY,RICH_CANDIDATE,QUERY,/home/lj/ZPRM/bag/mid360_20260818_203200_part2_15s.bag,3a96dba7563f9742e8fabe5cbc7a90d77991e1d6d25dc024c1c36073af116e73,sensor_msgs/PointCloud2,"[""livox_frame""]","[""x"",""y"",""z"",""intensity"",""tag"",""line"",""timestamp""]",47,1787056357.5444732,1787056357.6447,0.10118889808654785,20064,20064,0,-16.256999969482422,21.284000396728516,-15.045999526977539,21.326000213623047,-1.590999960899353,6.869999885559082,0.0,3.0028497881087097,8.122199334467286,26.380459616007812,timestamp,nanoseconds_absolute,1.787056357544473e+18,1.7870563576435338e+18,0.09906073600000001,false,true,false,false,true,true,true,false,false,true,true,false,false
R_TEST_01,LABORATORY,RICH_CANDIDATE,QUERY,/home/lj/ZPRM/bag/mid360_20260818_203200_part2_15s.bag,3a96dba7563f9742e8fabe5cbc7a90d77991e1d6d25dc024c1c36073af116e73,sensor_msgs/PointCloud2,"[""livox_frame""]","[""x"",""y"",""z"",""intensity"",""tag"",""line"",""timestamp""]",48,1787056357.6439264,1787056357.7447312,0.09945321083068848,19968,19968,0,-16.516000747680664,31.527000427246094,-12.708999633789062,15.527999877929688,-1.5429999828338623,7.190999984741211,0.0,3.024761791207118,8.551487213049166,33.55234948483034,timestamp,nanoseconds_absolute,1.7870563576439263e+18,1.7870563577434929e+18,0.09956659200000001,false,true,false,false,true,true,true,false,false,true,true,false,false
R_TEST_01,LABORATORY,RICH_CANDIDATE,QUERY,/home/lj/ZPRM/bag/mid360_20260818_203200_part2_15s.bag,3a96dba7563f9742e8fabe5cbc7a90d77991e1d6d25dc024c1c36073af116e73,sensor_msgs/PointCloud2,"[""livox_frame""]","[""x"",""y"",""z"",""intensity"",""tag"",""line"",""timestamp""]",49,1787056357.7438385,1787056357.844346,0.09991216659545898,19968,19968,0,-16.274999618530273,20.43600082397461,-15.513999938964844,17.27199935913086,-1.531999945640564,7.546999931335449,0.0,3.006087743599691,7.95896227341626,26.664185583809896,timestamp,nanoseconds_absolute,1.7870563577438385e+18,1.7870563578434798e+18,0.099641344,false,true,false,false,true,true,true,false,false,true,true,false,false
R_TEST_01,LABORATORY,RICH_CANDIDATE,QUERY,/home/lj/ZPRM/bag/mid360_20260818_203200_part2_15s.bag,3a96dba7563f9742e8fabe5cbc7a90d77991e1d6d25dc024c1c36073af116e73,sensor_msgs/PointCloud2,"[""livox_frame""]","[""x"",""y"",""z"",""intensity"",""tag"",""line"",""timestamp""]",50,1787056357.8432126,1787056357.9442773,0.09937405586242676,19968,19968,0,-16.30699920654297,31.452999114990234,-11.373000144958496,14.343999862670898,-1.4880000352859497,5.888999938964844,0.0,2.9947671623349814,8.516219252480308,33.405795260773026,timestamp,nanoseconds_absolute,1.7870563578432125e+18,1.7870563579434074e+18,0.100194816,false,true,false,false,true,true,true,false,false,true,true,false,false
R_TEST_01,LABORATORY,RICH_CANDIDATE,QUERY,/home/lj/ZPRM/bag/mid360_20260818_203200_part2_15s.bag,3a96dba7563f9742e8fabe5cbc7a90d77991e1d6d25dc024c1c36073af116e73,sensor_msgs/PointCloud2,"[""livox_frame""]","[""x"",""y"",""z"",""intensity"",""tag"",""line"",""timestamp""]",51,1787056357.9431353,1787056358.0447927,0.09992265701293945,20064,20064,0,-15.40999984741211,19.25200080871582,-12.3100004196167,17.433000564575195,-1.5490000247955322,7.5920000076293945,0.0,2.9942832138723636,7.86459466094806,26.74316605514574,timestamp,nanoseconds_absolute,1.7870563579431352e+18,1.7870563580435505e+18,0.10041523200000001,false,true,false,false,true,true,true,false,false,true,true,false,false
R_TEST_01,LABORATORY,RICH_CANDIDATE,QUERY,/home/lj/ZPRM/bag/mid360_20260818_203200_part2_15s.bag,3a96dba7563f9742e8fabe5cbc7a90d77991e1d6d25dc024c1c36073af116e73,sensor_msgs/PointCloud2,"[""livox_frame""]","[""x"",""y"",""z"",""intensity"",""tag"",""line"",""timestamp""]",52,1787056358.0432916,1787056358.1447902,0.10015630722045898,19968,19968,0,-12.888999938964844,21.791000366210938,-13.371999740600586,21.21500015258789,-2.055999994277954,7.132999897003174,0.0,3.006529472330942,8.053912390550291,26.137619949669517,timestamp,nanoseconds_absolute,1.7870563580432916e+18,1.787056358143497e+18,0.100205312,false,true,false,false,true,true,true,false,false,true,true,false,false
R_TEST_01,LABORATORY,RICH_CANDIDATE,QUERY,/home/lj/ZPRM/bag/mid360_20260818_203200_part2_15s.bag,3a96dba7563f9742e8fabe5cbc7a90d77991e1d6d25dc024c1c36073af116e73,sensor_msgs/PointCloud2,"[""livox_frame""]","[""x"",""y"",""z"",""intensity"",""tag"",""line"",""timestamp""]",53,1787056358.143257,1787056358.2444487,0.09996533393859863,19968,19968,0,-16.29800033569336,30.70800018310547,-15.541999816894531,14.90999984741211,-1.6349999904632568,6.033999919891357,0.0,3.008764496128859,8.591973526654748,32.5549888813523,timestamp,nanoseconds_absolute,1.7870563581432568e+18,1.7870563582433692e+18,0.10011238400000001,false,true,false,false,true,true,true,false,false,true,true,false,false
R_TEST_01,LABORATORY,RICH_CANDIDATE,QUERY,/home/lj/ZPRM/bag/mid360_20260818_203200_part2_15s.bag,3a96dba7563f9742e8fabe5cbc7a90d77991e1d6d25dc024c1c36073af116e73,sensor_msgs/PointCloud2,"[""livox_frame""]","[""x"",""y"",""z"",""intensity"",""tag"",""line"",""timestamp""]",54,1787056358.2431166,1787056358.3444655,0.09985971450805664,19968,19968,0,-15.310999870300293,20.368999481201172,-11.3100004196167,16.31599998474121,-1.5789999961853027,6.105000019073486,0.0,3.021569591454324,8.684472503499876,23.313996132712887,timestamp,nanoseconds_absolute,1.7870563582431165e+18,1.787056358343394e+18,0.100277504,false,true,false,false,true,true,true,false,false,true,true,false,false
R_TEST_01,LABORATORY,RICH_CANDIDATE,QUERY,/home/lj/ZPRM/bag/mid360_20260818_203200_part2_15s.bag,3a96dba7563f9742e8fabe5cbc7a90d77991e1d6d25dc024c1c36073af116e73,sensor_msgs/PointCloud2,"[""livox_frame""]","[""x"",""y"",""z"",""intensity"",""tag"",""line"",""timestamp""]",55,1787056358.3431172,1787056358.4445624,0.10000061988830566,20064,20064,0,-16.423999786376953,21.93600082397461,-15.01200008392334,17.118999481201172,-1.4830000400543213,7.105000019073486,0.0,3.0165887837590915,8.397105780923516,26.145148523490043,timestamp,nanoseconds_absolute,1.7870563583431173e+18,1.7870563584434276e+18,0.100310272,false,true,false,false,true,true,true,false,false,true,true,false,false
R_TEST_01,LABORATORY,RICH_CANDIDATE,QUERY,/home/lj/ZPRM/bag/mid360_20260818_203200_part2_15s.bag,3a96dba7563f9742e8fabe5cbc7a90d77991e1d6d25dc024c1c36073af116e73,sensor_msgs/PointCloud2,"[""livox_frame""]","[""x"",""y"",""z"",""intensity"",""tag"",""line"",""timestamp""]",56,1787056358.4432743,1787056358.5457184,0.10015702247619629,20064,20064,0,-16.305999755859375,21.413000106811523,-14.390000343322754,14.793999671936035,-1.7330000400543213,6.425000190734863,0.0,3.0122648809612755,8.363263374987307,25.85714548425575,timestamp,nanoseconds_absolute,1.7870563584432742e+18,1.7870563585435625e+18,0.100288256,false,true,false,false,true,true,true,false,false,true,true,false,false
R_TEST_01,LABORATORY,RICH_CANDIDATE,QUERY,/home/lj/ZPRM/bag/mid360_20260818_203200_part2_15s.bag,3a96dba7563f9742e8fabe5cbc7a90d77991e1d6d25dc024c1c36073af116e73,sensor_msgs/PointCloud2,"[""livox_frame""]","[""x"",""y"",""z"",""intensity"",""tag"",""line"",""timestamp""]",57,1787056358.5441957,1787056358.6449277,0.1009213924407959,19968,19968,0,-16.281999588012695,20.149999618530273,-14.987000465393066,17.17799949645996,-1.4850000143051147,7.439000129699707,0.0,3.0138022306219456,8.65190695819136,26.51765257623985,timestamp,nanoseconds_absolute,1.7870563585441956e+18,1.7870563586435556e+18,0.09936,false,true,false,false,true,true,true,false,false,true,true,false,false
R_TEST_01,LABORATORY,RICH_CANDIDATE,QUERY,/home/lj/ZPRM/bag/mid360_20260818_203200_part2_15s.bag,3a96dba7563f9742e8fabe5cbc7a90d77991e1d6d25dc024c1c36073af116e73,sensor_msgs/PointCloud2,"[""livox_frame""]","[""x"",""y"",""z"",""intensity"",""tag"",""line"",""timestamp""]",58,1787056358.6432962,1787056358.7444785,0.09910058975219727,19968,19968,0,-16.268999099731445,20.566999435424805,-15.52299976348877,21.176000595092773,-1.4220000505447388,7.044000148773193,0.0,3.0319157922900484,7.996434505514399,26.1117353910742,timestamp,nanoseconds_absolute,1.7870563586432963e+18,1.78705635874356e+18,0.10026368000000001,false,true,false,false,true,true,true,false,false,true,true,false,false
R_TEST_01,LABORATORY,RICH_CANDIDATE,QUERY,/home/lj/ZPRM/bag/mid360_20260818_203200_part2_15s.bag,3a96dba7563f9742e8fabe5cbc7a90d77991e1d6d25dc024c1c36073af116e73,sensor_msgs/PointCloud2,"[""livox_frame""]","[""x"",""y"",""z"",""intensity"",""tag"",""line"",""timestamp""]",59,1787056358.7433004,1787056358.8445873,0.10000419616699219,19968,19968,0,-16.29800033569336,30.659000396728516,-15.204000473022461,15.222999572753906,-1.5149999856948853,7.11299991607666,0.0,3.014316393684945,7.999563861903118,32.5871424571635,timestamp,nanoseconds_absolute,1.7870563587433004e+18,1.7870563588434266e+18,0.10012620800000001,false,true,false,false,true,true,true,false,false,true,true,false,false
R_TEST_01,LABORATORY,RICH_CANDIDATE,QUERY,/home/lj/ZPRM/bag/mid360_20260818_203200_part2_15s.bag,3a96dba7563f9742e8fabe5cbc7a90d77991e1d6d25dc024c1c36073af116e73,sensor_msgs/PointCloud2,"[""livox_frame""]","[""x"",""y"",""z"",""intensity"",""tag"",""line"",""timestamp""]",60,1787056358.8431635,1787056358.9449818,0.09986305236816406,20064,20064,0,-16.301000595092773,25.062999725341797,-12.734999656677246,17.319000244140625,-1.9190000295639038,7.53000020980835,0.0,2.9958651891361336,8.643130774136246,28.499053505019948,timestamp,nanoseconds_absolute,1.7870563588431634e+18,1.7870563589435287e+18,0.10036531200000001,false,true,false,false,true,true,true,false,false,true,true,false,false
R_TEST_01,LABORATORY,RICH_CANDIDATE,QUERY,/home/lj/ZPRM/bag/mid360_20260818_203200_part2_15s.bag,3a96dba7563f9742e8fabe5cbc7a90d77991e1d6d25dc024c1c36073af116e73,sensor_msgs/PointCloud2,"[""livox_frame""]","[""x"",""y"",""z"",""intensity"",""tag"",""line"",""timestamp""]",61,1787056358.9432871,1787056359.0449877,0.10012364387512207,19968,19968,0,-16.270000457763672,21.110000610351562,-15.145000457763672,17.256999969482422,-1.7300000190734863,7.465000152587891,0.0,3.0162899666674585,8.014980125833858,26.526059126531997,timestamp,nanoseconds_absolute,1.787056358943287e+18,1.7870563590434647e+18,0.100177664,false,true,false,false,true,true,true,false,false,true,true,false,false
R_TEST_01,LABORATORY,RICH_CANDIDATE,QUERY,/home/lj/ZPRM/bag/mid360_20260818_203200_part2_15s.bag,3a96dba7563f9742e8fabe5cbc7a90d77991e1d6d25dc024c1c36073af116e73,sensor_msgs/PointCloud2,"[""livox_frame""]","[""x"",""y"",""z"",""intensity"",""tag"",""line"",""timestamp""]",62,1787056359.0432084,1787056359.144559,0.09992122650146484,19968,19968,0,-12.902999877929688,31.301000595092773,-13.416000366210938,21.211000442504883,-1.965999960899353,7.111000061035156,0.0,3.0249733166658554,8.268986416115258,33.35202313486589,timestamp,nanoseconds_absolute,1.7870563590432084e+18,1.7870563591433943e+18,0.100185856,false,true,false,false,true,true,true,false,false,true,true,false,false
R_TEST_01,LABORATORY,RICH_CANDIDATE,QUERY,/home/lj/ZPRM/bag/mid360_20260818_203200_part2_15s.bag,3a96dba7563f9742e8fabe5cbc7a90d77991e1d6d25dc024c1c36073af116e73,sensor_msgs/PointCloud2,"[""livox_frame""]","[""x"",""y"",""z"",""intensity"",""tag"",""line"",""timestamp""]",63,1787056359.1431189,1787056359.2446482,0.09991049766540527,20064,20064,0,-16.27400016784668,21.69099998474121,-13.107000350952148,22.371000289916992,-1.8289999961853027,7.334000110626221,0.0,3.0221372053534887,8.213754799016803,28.02030027176439,timestamp,nanoseconds_absolute,1.7870563591431188e+18,1.7870563592435308e+18,0.10041190400000001,false,true,false,false,true,true,true,false,false,true,true,false,false
R_TEST_01,LABORATORY,RICH_CANDIDATE,QUERY,/home/lj/ZPRM/bag/mid360_20260818_203200_part2_15s.bag,3a96dba7563f9742e8fabe5cbc7a90d77991e1d6d25dc024c1c36073af116e73,sensor_msgs/PointCloud2,"[""livox_frame""]","[""x"",""y"",""z"",""intensity"",""tag"",""line"",""timestamp""]",64,1787056359.2438643,1787056359.3450496,0.10074543952941895,19968,19968,0,-16.437000274658203,19.384000778198242,-11.069999694824219,16.371999740600586,-1.4910000562667847,6.006999969482422,0.0,3.023840390139643,8.379854086417543,22.970488660343975,timestamp,nanoseconds_absolute,1.7870563592438643e+18,1.7870563593434954e+18,0.09963110400000001,false,true,false,false,true,true,true,false,false,true,true,false,false
R_TEST_01,LABORATORY,RICH_CANDIDATE,QUERY,/home/lj/ZPRM/bag/mid360_20260818_203200_part2_15s.bag,3a96dba7563f9742e8fabe5cbc7a90d77991e1d6d25dc024c1c36073af116e73,sensor_msgs/PointCloud2,"[""livox_frame""]","[""x"",""y"",""z"",""intensity"",""tag"",""line"",""timestamp""]",65,1787056359.3432312,1787056359.4444616,0.09936690330505371,19968,19968,0,-16.281999588012695,19.951000213623047,-12.26200008392334,21.170000076293945,-1.5700000524520874,6.828000068664551,0.0,3.0325290779856973,8.044041480143925,26.306891023286383,timestamp,nanoseconds_absolute,1.7870563593432312e+18,1.7870563594433713e+18,0.100140032,false,true,false,false,true,true,true,false,false,true,true,false,false
R_TEST_01,LABORATORY,RICH_CANDIDATE,QUERY,/home/lj/ZPRM/bag/mid360_20260818_203200_part2_15s.bag,3a96dba7563f9742e8fabe5cbc7a90d77991e1d6d25dc024c1c36073af116e73,sensor_msgs/PointCloud2,"[""livox_frame""]","[""x"",""y"",""z"",""intensity"",""tag"",""line"",""timestamp""]",66,1787056359.4431496,1787056359.544801,0.09991836547851562,20064,20064,0,-12.88700008392334,20.426000595092773,-11.128999710083008,15.508999824523926,-1.5540000200271606,7.172999858856201,0.0,2.9942367206961666,8.118338699931412,26.049718350962248,timestamp,nanoseconds_absolute,1.7870563594431496e+18,1.7870563595435136e+18,0.100364032,false,true,false,false,true,true,true,false,false,true,true,false,false
R_TEST_01,LABORATORY,RICH_CANDIDATE,QUERY,/home/lj/ZPRM/bag/mid360_20260818_203200_part2_15s.bag,3a96dba7563f9742e8fabe5cbc7a90d77991e1d6d25dc024c1c36073af116e73,sensor_msgs/PointCloud2,"[""livox_frame""]","[""x"",""y"",""z"",""intensity"",""tag"",""line"",""timestamp""]",67,1787056359.5432603,1787056359.6447744,0.10011076927185059,19968,19968,0,-16.48699951171875,21.06399917602539,-13.399999618530273,16.398000717163086,-2.00600004196167,6.133999824523926,0.0,3.009380916554517,8.554280970378501,24.854032678521715,timestamp,nanoseconds_absolute,1.7870563595432604e+18,1.787056359643493e+18,0.100232704,false,true,false,false,true,true,true,false,false,true,true,false,false
R_TEST_01,LABORATORY,RICH_CANDIDATE,QUERY,/home/lj/ZPRM/bag/mid360_20260818_203200_part2_15s.bag,3a96dba7563f9742e8fabe5cbc7a90d77991e1d6d25dc024c1c36073af116e73,sensor_msgs/PointCloud2,"[""livox_frame""]","[""x"",""y"",""z"",""intensity"",""tag"",""line"",""timestamp""]",68,1787056359.6431994,1787056359.744249,0.09993910789489746,19968,19968,0,-16.219999313354492,21.777000427246094,-15.552000045776367,17.30500030517578,-1.815999984741211,5.986999988555908,0.0,3.007656918245334,7.815120832394057,25.732651546993313,timestamp,nanoseconds_absolute,1.7870563596431995e+18,1.787056359743379e+18,0.100179456,false,true,false,false,true,true,true,false,false,true,true,false,false
R_TEST_01,LABORATORY,RICH_CANDIDATE,QUERY,/home/lj/ZPRM/bag/mid360_20260818_203200_part2_15s.bag,3a96dba7563f9742e8fabe5cbc7a90d77991e1d6d25dc024c1c36073af116e73,sensor_msgs/PointCloud2,"[""livox_frame""]","[""x"",""y"",""z"",""intensity"",""tag"",""line"",""timestamp""]",69,1787056359.7431226,1787056359.8448503,0.09992313385009766,20064,20064,0,-16.48900032043457,30.652000427246094,-12.220000267028809,21.2810001373291,-1.4880000352859497,7.119999885559082,0.0,3.0157449549631155,8.148025963308314,32.57035566252034,timestamp,nanoseconds_absolute,1.7870563597431227e+18,1.7870563598434742e+18,0.100351488,false,true,false,false,true,true,true,false,false,true,true,false,false
R_TEST_01,LABORATORY,RICH_CANDIDATE,QUERY,/home/lj/ZPRM/bag/mid360_20260818_203200_part2_15s.bag,3a96dba7563f9742e8fabe5cbc7a90d77991e1d6d25dc024c1c36073af116e73,sensor_msgs/PointCloud2,"[""livox_frame""]","[""x"",""y"",""z"",""intensity"",""tag"",""line"",""timestamp""]",70,1787056359.843872,1787056359.9449315,0.10074949264526367,19968,19968,0,-16.364999771118164,21.06599998474121,-13.081999778747559,16.358999252319336,-1.6410000324249268,6.11299991607666,0.0,3.0228296143120055,8.70439690954088,24.851719350473246,timestamp,nanoseconds_absolute,1.787056359843872e+18,1.7870563599435123e+18,0.09964032,false,true,false,false,true,true,true,false,false,true,true,false,false
R_TEST_01,LABORATORY,RICH_CANDIDATE,QUERY,/home/lj/ZPRM/bag/mid360_20260818_203200_part2_15s.bag,3a96dba7563f9742e8fabe5cbc7a90d77991e1d6d25dc024c1c36073af116e73,sensor_msgs/PointCloud2,"[""livox_frame""]","[""x"",""y"",""z"",""intensity"",""tag"",""line"",""timestamp""]",71,1787056359.9442463,1787056360.0444171,0.10037422180175781,19968,19968,0,-16.256000518798828,21.01099967956543,-15.378000259399414,21.207000732421875,-1.7230000495910645,6.864999771118164,0.0,3.0013519326890066,8.151171410496248,26.420369135446723,timestamp,nanoseconds_absolute,1.7870563599442463e+18,1.7870563600433564e+18,0.09911014400000001,false,true,false,false,true,true,true,false,false,true,true,false,false
R_TEST_01,LABORATORY,RICH_CANDIDATE,QUERY,/home/lj/ZPRM/bag/mid360_20260818_203200_part2_15s.bag,3a96dba7563f9742e8fabe5cbc7a90d77991e1d6d25dc024c1c36073af116e73,sensor_msgs/PointCloud2,"[""livox_frame""]","[""x"",""y"",""z"",""intensity"",""tag"",""line"",""timestamp""]",72,1787056360.0430827,1787056360.1447706,0.09883642196655273,20064,20064,0,-16.29199981689453,31.354000091552734,-19.277000427246094,21.19099998474121,-2.377000093460083,7.131999969482422,0.0,3.0265576859094265,7.8833398972181685,33.711657301380356,timestamp,nanoseconds_absolute,1.7870563600430828e+18,1.7870563601435305e+18,0.100447744,false,true,false,false,true,true,true,false,false,true,true,false,false
R_TEST_01,LABORATORY,RICH_CANDIDATE,QUERY,/home/lj/ZPRM/bag/mid360_20260818_203200_part2_15s.bag,3a96dba7563f9742e8fabe5cbc7a90d77991e1d6d25dc024c1c36073af116e73,sensor_msgs/PointCloud2,"[""livox_frame""]","[""x"",""y"",""z"",""intensity"",""tag"",""line"",""timestamp""]",73,1787056360.1439059,1787056360.2449992,0.10082316398620605,19968,19968,0,-16.40999984741211,20.450000762939453,-15.42300033569336,15.390999794006348,-1.4700000286102295,6.390999794006348,0.0,3.024434192785833,7.986889989103031,24.041277952808798,timestamp,nanoseconds_absolute,1.7870563601439058e+18,1.7870563602435197e+18,0.099613952,false,true,false,false,true,true,true,false,false,true,true,false,false
R_TEST_01,LABORATORY,RICH_CANDIDATE,QUERY,/home/lj/ZPRM/bag/mid360_20260818_203200_part2_15s.bag,3a96dba7563f9742e8fabe5cbc7a90d77991e1d6d25dc024c1c36073af116e73,sensor_msgs/PointCloud2,"[""livox_frame""]","[""x"",""y"",""z"",""intensity"",""tag"",""line"",""timestamp""]",74,1787056360.2432709,1787056360.3445551,0.0993649959564209,19968,19968,0,-16.302000045776367,21.042999267578125,-13.156000137329102,21.155000686645508,-1.6579999923706055,6.88100004196167,0.0,3.0092830440068274,8.58205486354178,26.19818279334554,timestamp,nanoseconds_absolute,1.787056360243271e+18,1.7870563603435735e+18,0.10030259200000001,false,true,false,false,true,true,true,false,false,true,true,false,false
R_TEST_01,LABORATORY,RICH_CANDIDATE,QUERY,/home/lj/ZPRM/bag/mid360_20260818_203200_part2_15s.bag,3a96dba7563f9742e8fabe5cbc7a90d77991e1d6d25dc024c1c36073af116e73,sensor_msgs/PointCloud2,"[""livox_frame""]","[""x"",""y"",""z"",""intensity"",""tag"",""line"",""timestamp""]",75,1787056360.3432248,1787056360.444712,0.09995388984680176,20064,20064,0,-16.329999923706055,21.697999954223633,-15.444000244140625,17.312999725341797,-1.8270000219345093,5.879000186920166,0.0,2.986725754201604,7.812288153016268,25.747936168090657,timestamp,nanoseconds_absolute,1.7870563603432248e+18,1.787056360443504e+18,0.100279296,false,true,false,false,true,true,true,false,false,true,true,false,false
R_TEST_01,LABORATORY,RICH_CANDIDATE,QUERY,/home/lj/ZPRM/bag/mid360_20260818_203200_part2_15s.bag,3a96dba7563f9742e8fabe5cbc7a90d77991e1d6d25dc024c1c36073af116e73,sensor_msgs/PointCloud2,"[""livox_frame""]","[""x"",""y"",""z"",""intensity"",""tag"",""line"",""timestamp""]",76,1787056360.44394,1787056360.5452945,0.10071516036987305,19296,19296,0,-12.798999786376953,22.499000549316406,-14.88700008392334,17.29599952697754,-1.5980000495910645,7.603000164031982,0.0,2.991220129087744,7.483190100304719,26.651867247009267,timestamp,nanoseconds_absolute,1.7870563604439398e+18,1.7870563605437727e+18,0.09983283200000001,false,true,false,false,true,true,true,false,false,true,true,false,false
R_TEST_01,LABORATORY,RICH_CANDIDATE,QUERY,/home/lj/ZPRM/bag/mid360_20260818_203200_part2_15s.bag,3a96dba7563f9742e8fabe5cbc7a90d77991e1d6d25dc024c1c36073af116e73,sensor_msgs/PointCloud2,"[""livox_frame""]","[""x"",""y"",""z"",""intensity"",""tag"",""line"",""timestamp""]",77,1787056360.5434213,1787056360.6445403,0.09948134422302246,20640,20640,0,-16.320999145507812,21.15999984741211,-11.741999626159668,21.207000732421875,-1.472000002861023,6.955999851226807,0.0,3.028076560839013,8.538428481384232,26.140235254820364,timestamp,nanoseconds_absolute,1.7870563605434212e+18,1.787056360643398e+18,0.099976704,false,true,false,false,true,true,true,false,false,true,true,false,false
R_TEST_01,LABORATORY,RICH_CANDIDATE,QUERY,/home/lj/ZPRM/bag/mid360_20260818_203200_part2_15s.bag,3a96dba7563f9742e8fabe5cbc7a90d77991e1d6d25dc024c1c36073af116e73,sensor_msgs/PointCloud2,"[""livox_frame""]","[""x"",""y"",""z"",""intensity"",""tag"",""line"",""timestamp""]",78,1787056360.6431582,1787056360.744911,0.09973692893981934,20064,20064,0,-16.437999725341797,20.969999313354492,-13.128999710083008,15.392999649047852,-1.7079999446868896,6.145999908447266,0.0,3.001807014199085,8.535181507278827,24.799773555427837,timestamp,nanoseconds_absolute,1.7870563606431583e+18,1.787056360743507e+18,0.100348672,false,true,false,false,true,true,true,false,false,true,true,false,false
R_TEST_01,LABORATORY,RICH_CANDIDATE,QUERY,/home/lj/ZPRM/bag/mid360_20260818_203200_part2_15s.bag,3a96dba7563f9742e8fabe5cbc7a90d77991e1d6d25dc024c1c36073af116e73,sensor_msgs/PointCloud2,"[""livox_frame""]","[""x"",""y"",""z"",""intensity"",""tag"",""line"",""timestamp""]",79,1787056360.7438748,1787056360.8447702,0.10071659088134766,19968,19968,0,-16.39900016784668,31.274999618530273,-14.97700023651123,17.511999130249023,-1.4809999465942383,7.041999816894531,0.0,3.0154765081846167,8.017352562157686,33.283931850057456,timestamp,nanoseconds_absolute,1.7870563607438748e+18,1.787056360843594e+18,0.09971916800000001,false,true,false,false,true,true,true,false,false,true,true,false,false
R_TEST_01,LABORATORY,RICH_CANDIDATE,QUERY,/home/lj/ZPRM/bag/mid360_20260818_203200_part2_15s.bag,3a96dba7563f9742e8fabe5cbc7a90d77991e1d6d25dc024c1c36073af116e73,sensor_msgs/PointCloud2,"[""livox_frame""]","[""x"",""y"",""z"",""intensity"",""tag"",""line"",""timestamp""]",80,1787056360.843324,1787056360.9445102,0.09944915771484375,19968,19968,0,-16.29800033569336,25.48900032043457,-12.946000099182129,21.48699951171875,-1.6660000085830688,6.973999977111816,0.0,3.0201668055011712,7.617717473374473,28.825376916190944,timestamp,nanoseconds_absolute,1.787056360843324e+18,1.7870563609434314e+18,0.10010752,false,true,false,false,true,true,true,false,false,true,true,false,false
R_TEST_01,LABORATORY,RICH_CANDIDATE,QUERY,/home/lj/ZPRM/bag/mid360_20260818_203200_part2_15s.bag,3a96dba7563f9742e8fabe5cbc7a90d77991e1d6d25dc024c1c36073af116e73,sensor_msgs/PointCloud2,"[""livox_frame""]","[""x"",""y"",""z"",""intensity"",""tag"",""line"",""timestamp""]",81,1787056360.9431803,1787056361.0446386,0.09985637664794922,20064,20064,0,-15.404999732971191,21.093000411987305,-15.206000328063965,13.545000076293945,-1.6820000410079956,5.848999977111816,0.0,3.0218149409771726,8.629011151551028,24.658049125073177,timestamp,nanoseconds_absolute,1.7870563609431803e+18,1.7870563610435438e+18,0.10036352000000001,false,true,false,false,true,true,true,false,false,true,true,false,false
R_TEST_01,LABORATORY,RICH_CANDIDATE,QUERY,/home/lj/ZPRM/bag/mid360_20260818_203200_part2_15s.bag,3a96dba7563f9742e8fabe5cbc7a90d77991e1d6d25dc024c1c36073af116e73,sensor_msgs/PointCloud2,"[""livox_frame""]","[""x"",""y"",""z"",""intensity"",""tag"",""line"",""timestamp""]",82,1787056361.0438383,1787056361.144781,0.10065793991088867,19968,19968,0,-12.89900016784668,21.95800018310547,-14.972000122070312,16.43899917602539,-1.8420000076293945,6.927999973297119,0.0,3.0077736073772865,8.151676976387456,26.774875454664464,timestamp,nanoseconds_absolute,1.7870563610438382e+18,1.7870563611435366e+18,0.099698432,false,true,false,false,true,true,true,false,false,true,true,false,false
R_TEST_01,LABORATORY,RICH_CANDIDATE,QUERY,/home/lj/ZPRM/bag/mid360_20260818_203200_part2_15s.bag,3a96dba7563f9742e8fabe5cbc7a90d77991e1d6d25dc024c1c36073af116e73,sensor_msgs/PointCloud2,"[""livox_frame""]","[""x"",""y"",""z"",""intensity"",""tag"",""line"",""timestamp""]",83,1787056361.1431718,1787056361.2442589,0.09933352470397949,19968,19968,0,-16.434999465942383,20.525999069213867,-12.246000289916992,21.23699951171875,-1.5820000171661377,7.019999980926514,0.0,3.0261187498818964,7.653776053614017,26.153940071550714,timestamp,nanoseconds_absolute,1.7870563611431718e+18,1.7870563612434348e+18,0.10026291200000001,false,true,false,false,true,true,true,false,false,true,true,false,false
R_TEST_01,LABORATORY,RICH_CANDIDATE,QUERY,/home/lj/ZPRM/bag/mid360_20260818_203200_part2_15s.bag,3a96dba7563f9742e8fabe5cbc7a90d77991e1d6d25dc024c1c36073af116e73,sensor_msgs/PointCloud2,"[""livox_frame""]","[""x"",""y"",""z"",""intensity"",""tag"",""line"",""timestamp""]",84,1787056361.2432032,1787056361.3445904,0.10003137588500977,20064,20064,0,-16.516000747680664,21.041000366210938,-14.541000366210938,13.416000366210938,-2.0810000896453857,7.105000019073486,0.0,3.013327387733792,8.293681886689736,25.000482685382952,timestamp,nanoseconds_absolute,1.787056361243203e+18,1.787056361343512e+18,0.100308992,false,true,false,false,true,true,true,false,false,true,true,false,false
R_TEST_01,LABORATORY,RICH_CANDIDATE,QUERY,/home/lj/ZPRM/bag/mid360_20260818_203200_part2_15s.bag,3a96dba7563f9742e8fabe5cbc7a90d77991e1d6d25dc024c1c36073af116e73,sensor_msgs/PointCloud2,"[""livox_frame""]","[""x"",""y"",""z"",""intensity"",""tag"",""line"",""timestamp""]",85,1787056361.343882,1787056361.444945,0.10067892074584961,19968,19968,0,-16.336999893188477,20.58300018310547,-10.979000091552734,15.437999725341797,-1.4730000495910645,6.447999954223633,0.0,2.999744419145193,9.000636194922055,23.57903306876506,timestamp,nanoseconds_absolute,1.787056361343882e+18,1.7870563614434716e+18,0.09958963200000001,false,true,false,false,true,true,true,false,false,true,true,false,false
R_TEST_01,LABORATORY,RICH_CANDIDATE,QUERY,/home/lj/ZPRM/bag/mid360_20260818_203200_part2_15s.bag,3a96dba7563f9742e8fabe5cbc7a90d77991e1d6d25dc024c1c36073af116e73,sensor_msgs/PointCloud2,"[""livox_frame""]","[""x"",""y"",""z"",""intensity"",""tag"",""line"",""timestamp""]",86,1787056361.443248,1787056361.5441797,0.0993659496307373,19968,19968,0,-16.284000396728516,19.131999969482422,-14.96500015258789,18.45599937438965,-2.013000011444092,7.09499979019165,0.0,3.0213836500414457,7.69695136075707,23.433110144412364,timestamp,nanoseconds_absolute,1.787056361443248e+18,1.787056361543457e+18,0.100208896,false,true,false,false,true,true,true,false,false,true,true,false,false
R_TEST_01,LABORATORY,RICH_CANDIDATE,QUERY,/home/lj/ZPRM/bag/mid360_20260818_203200_part2_15s.bag,3a96dba7563f9742e8fabe5cbc7a90d77991e1d6d25dc024c1c36073af116e73,sensor_msgs/PointCloud2,"[""livox_frame""]","[""x"",""y"",""z"",""intensity"",""tag"",""line"",""timestamp""]",87,1787056361.543204,1787056361.646151,0.09995603561401367,20064,20064,0,-18.163000106811523,31.667999267578125,-14.946999549865723,21.165000915527344,-2.190999984741211,6.998000144958496,0.0,3.012990107915881,7.825672399159621,33.662246131007116,timestamp,nanoseconds_absolute,1.787056361543204e+18,1.787056361643617e+18,0.10041292800000001,false,true,false,false,true,true,true,false,false,true,true,false,false
R_TEST_01,LABORATORY,RICH_CANDIDATE,QUERY,/home/lj/ZPRM/bag/mid360_20260818_203200_part2_15s.bag,3a96dba7563f9742e8fabe5cbc7a90d77991e1d6d25dc024c1c36073af116e73,sensor_msgs/PointCloud2,"[""livox_frame""]","[""x"",""y"",""z"",""intensity"",""tag"",""line"",""timestamp""]",88,1787056361.6433685,1787056361.7510974,0.10016441345214844,19968,19968,0,-16.260000228881836,20.333999633789062,-15.428999900817871,14.928000450134277,-1.4550000429153442,6.083000183105469,0.0,3.0115228148311814,9.270797752897304,23.018724381326905,timestamp,nanoseconds_absolute,1.7870563616433684e+18,1.7870563617436063e+18,0.100237824,false,true,false,false,true,true,true,false,false,true,true,false,false
R_TEST_01,LABORATORY,RICH_CANDIDATE,QUERY,/home/lj/ZPRM/bag/mid360_20260818_203200_part2_15s.bag,3a96dba7563f9742e8fabe5cbc7a90d77991e1d6d25dc024c1c36073af116e73,sensor_msgs/PointCloud2,"[""livox_frame""]","[""x"",""y"",""z"",""intensity"",""tag"",""line"",""timestamp""]",89,1787056361.743514,1787056361.844337,0.10014557838439941,19968,19968,0,-16.347999572753906,21.402999877929688,-15.538000106811523,17.29599952697754,-1.6779999732971191,6.468999862670898,0.0,3.0230726328828483,8.575787903767148,25.50292583244365,timestamp,nanoseconds_absolute,1.787056361743514e+18,1.7870563618434217e+18,0.09990758400000001,false,true,false,false,true,true,true,false,false,true,true,false,false
R_TEST_01,LABORATORY,RICH_CANDIDATE,QUERY,/home/lj/ZPRM/bag/mid360_20260818_203200_part2_15s.bag,3a96dba7563f9742e8fabe5cbc7a90d77991e1d6d25dc024c1c36073af116e73,sensor_msgs/PointCloud2,"[""livox_frame""]","[""x"",""y"",""z"",""intensity"",""tag"",""line"",""timestamp""]",90,1787056361.8431756,1787056361.9446878,0.09966158866882324,20064,20064,0,-16.464000701904297,20.966999053955078,-12.885000228881836,15.67300033569336,-1.531000018119812,7.14300012588501,0.0,3.018250078023749,7.566839320887396,24.65245791305365,timestamp,nanoseconds_absolute,1.7870563618431757e+18,1.7870563619435625e+18,0.100386816,false,true,false,false,true,true,true,false,false,true,true,false,false
R_TEST_01,LABORATORY,RICH_CANDIDATE,QUERY,/home/lj/ZPRM/bag/mid360_20260818_203200_part2_15s.bag,3a96dba7563f9742e8fabe5cbc7a90d77991e1d6d25dc024c1c36073af116e73,sensor_msgs/PointCloud2,"[""livox_frame""]","[""x"",""y"",""z"",""intensity"",""tag"",""line"",""timestamp""]",91,1787056361.943272,1787056362.0447268,0.10009646415710449,19968,19968,0,-16.28700065612793,20.920000076293945,-15.128999710083008,22.47800064086914,-1.5360000133514404,7.5289998054504395,0.0,3.0299650306604216,9.056668189719407,28.16271246810732,timestamp,nanoseconds_absolute,1.7870563619432722e+18,1.7870563620434854e+18,0.100213248,false,true,false,false,true,true,true,false,false,true,true,false,false
R_TEST_01,LABORATORY,RICH_CANDIDATE,QUERY,/home/lj/ZPRM/bag/mid360_20260818_203200_part2_15s.bag,3a96dba7563f9742e8fabe5cbc7a90d77991e1d6d25dc024c1c36073af116e73,sensor_msgs/PointCloud2,"[""livox_frame""]","[""x"",""y"",""z"",""intensity"",""tag"",""line"",""timestamp""]",92,1787056362.0432267,1787056362.1442223,0.09995460510253906,19968,19968,0,-15.402000427246094,20.73200035095215,-12.812999725341797,13.95199966430664,-1.621999979019165,5.796999931335449,0.0,3.016451530584561,8.787887703101845,24.408366526471806,timestamp,nanoseconds_absolute,1.7870563620432266e+18,1.7870563621434278e+18,0.10020121600000001,false,true,false,false,true,true,true,false,false,true,true,false,false
R_TEST_01,LABORATORY,RICH_CANDIDATE,QUERY,/home/lj/ZPRM/bag/mid360_20260818_203200_part2_15s.bag,3a96dba7563f9742e8fabe5cbc7a90d77991e1d6d25dc024c1c36073af116e73,sensor_msgs/PointCloud2,"[""livox_frame""]","[""x"",""y"",""z"",""intensity"",""tag"",""line"",""timestamp""]",93,1787056362.1431942,1787056362.2444203,0.09996747970581055,19968,19968,0,-16.297000885009766,20.97599983215332,-14.914999961853027,16.160999298095703,-1.7380000352859497,6.48199987411499,0.0,3.0286035469273807,7.617236639877031,24.756257832763865,timestamp,nanoseconds_absolute,1.787056362143194e+18,1.7870563622434703e+18,0.10027622400000001,false,true,false,false,true,true,true,false,false,true,true,false,false
R_TEST_01,LABORATORY,RICH_CANDIDATE,QUERY,/home/lj/ZPRM/bag/mid360_20260818_203200_part2_15s.bag,3a96dba7563f9742e8fabe5cbc7a90d77991e1d6d25dc024c1c36073af116e73,sensor_msgs/PointCloud2,"[""livox_frame""]","[""x"",""y"",""z"",""intensity"",""tag"",""line"",""timestamp""]",94,1787056362.243129,1787056362.3448966,0.09993481636047363,20064,20064,0,-16.28700065612793,21.5939998626709,-13.383999824523926,15.192000389099121,-2.0739998817443848,6.968999862670898,0.0,3.0209738945549915,7.877252322126597,25.68852362562391,timestamp,nanoseconds_absolute,1.787056362243129e+18,1.7870563623434348e+18,0.100305664,false,true,false,false,true,true,true,false,false,true,true,false,false
R_TEST_01,LABORATORY,RICH_CANDIDATE,QUERY,/home/lj/ZPRM/bag/mid360_20260818_203200_part2_15s.bag,3a96dba7563f9742e8fabe5cbc7a90d77991e1d6d25dc024c1c36073af116e73,sensor_msgs/PointCloud2,"[""livox_frame""]","[""x"",""y"",""z"",""intensity"",""tag"",""line"",""timestamp""]",95,1787056362.3431807,1787056362.4447417,0.1000516414642334,19968,19968,0,-16.236000061035156,21.777000427246094,-12.934000015258789,17.209999084472656,-1.9160000085830688,6.201000213623047,0.0,3.0081316893256753,9.125915912301663,25.765272963861168,timestamp,nanoseconds_absolute,1.7870563623431805e+18,1.7870563624434427e+18,0.10026214400000001,false,true,false,false,true,true,true,false,false,true,true,false,false
R_TEST_01,LABORATORY,RICH_CANDIDATE,QUERY,/home/lj/ZPRM/bag/mid360_20260818_203200_part2_15s.bag,3a96dba7563f9742e8fabe5cbc7a90d77991e1d6d25dc024c1c36073af116e73,sensor_msgs/PointCloud2,"[""livox_frame""]","[""x"",""y"",""z"",""intensity"",""tag"",""line"",""timestamp""]",96,1787056362.4431906,1787056362.544854,0.10000991821289062,20064,20064,0,-15.267000198364258,22.027000427246094,-13.04699993133545,14.960000038146973,-1.7549999952316284,6.548999786376953,0.0,3.022898954549082,8.435918149741337,25.435229087856165,timestamp,nanoseconds_absolute,1.7870563624431905e+18,1.7870563625434916e+18,0.100301056,false,true,false,false,true,true,true,false,false,true,true,false,false
R_TEST_01,LABORATORY,RICH_CANDIDATE,QUERY,/home/lj/ZPRM/bag/mid360_20260818_203200_part2_15s.bag,3a96dba7563f9742e8fabe5cbc7a90d77991e1d6d25dc024c1c36073af116e73,sensor_msgs/PointCloud2,"[""livox_frame""]","[""x"",""y"",""z"",""intensity"",""tag"",""line"",""timestamp""]",97,1787056362.5440843,1787056362.645799,0.10089373588562012,19968,19968,0,-16.351999282836914,31.55299949645996,-14.015000343322754,21.261999130249023,-2.2709999084472656,7.466000080108643,0.0,3.014567016315192,7.508184189768703,33.51835204055333,timestamp,nanoseconds_absolute,1.7870563625440842e+18,1.7870563626434583e+18,0.09937408,false,true,false,false,true,true,true,false,false,true,true,false,false
R_TEST_01,LABORATORY,RICH_CANDIDATE,QUERY,/home/lj/ZPRM/bag/mid360_20260818_203200_part2_15s.bag,3a96dba7563f9742e8fabe5cbc7a90d77991e1d6d25dc024c1c36073af116e73,sensor_msgs/PointCloud2,"[""livox_frame""]","[""x"",""y"",""z"",""intensity"",""tag"",""line"",""timestamp""]",98,1787056362.643201,1787056362.7447493,0.09911680221557617,19968,19968,0,-16.305999755859375,21.961000442504883,-15.541999816894531,15.758000373840332,-1.559999942779541,6.230999946594238,0.0,3.019835067489489,8.994024504982649,24.79463733323097,timestamp,nanoseconds_absolute,1.787056362643201e+18,1.7870563627434678e+18,0.100266752,false,true,false,false,true,true,true,false,false,true,true,false,false
R_TEST_01,LABORATORY,RICH_CANDIDATE,QUERY,/home/lj/ZPRM/bag/mid360_20260818_203200_part2_15s.bag,3a96dba7563f9742e8fabe5cbc7a90d77991e1d6d25dc024c1c36073af116e73,sensor_msgs/PointCloud2,"[""livox_frame""]","[""x"",""y"",""z"",""intensity"",""tag"",""line"",""timestamp""]",99,1787056362.7432117,1787056362.8450549,0.10001063346862793,20064,20064,0,-15.407999992370605,24.475000381469727,-14.940999984741211,15.9350004196167,-1.6670000553131104,5.882999897003174,0.0,3.008820813819405,8.733996901853208,27.972450365016872,timestamp,nanoseconds_absolute,1.7870563627432118e+18,1.7870563628435208e+18,0.100308992,false,true,false,false,true,true,true,false,false,true,true,false,false
R_TEST_01,LABORATORY,RICH_CANDIDATE,QUERY,/home/lj/ZPRM/bag/mid360_20260818_203200_part2_15s.bag,3a96dba7563f9742e8fabe5cbc7a90d77991e1d6d25dc024c1c36073af116e73,sensor_msgs/PointCloud2,"[""livox_frame""]","[""x"",""y"",""z"",""intensity"",""tag"",""line"",""timestamp""]",100,1787056362.8432608,1787056362.9447992,0.10004901885986328,19968,19968,0,-16.27899932861328,21.687000274658203,-15.442999839782715,17.215999603271484,-1.8279999494552612,6.633999824523926,0.0,3.0234509425757334,7.534881188976314,25.754232221812497,timestamp,nanoseconds_absolute,1.7870563628432607e+18,1.7870563629434388e+18,0.10017817600000001,false,true,false,false,true,true,true,false,false,true,true,false,false
R_TEST_01,LABORATORY,RICH_CANDIDATE,QUERY,/home/lj/ZPRM/bag/mid360_20260818_203200_part2_15s.bag,3a96dba7563f9742e8fabe5cbc7a90d77991e1d6d25dc024c1c36073af116e73,sensor_msgs/PointCloud2,"[""livox_frame""]","[""x"",""y"",""z"",""intensity"",""tag"",""line"",""timestamp""]",101,1787056362.9432876,1787056363.0444918,0.10002684593200684,19968,19968,0,-16.27400016784668,30.492000579833984,-12.857999801635742,17.148000717163086,-1.7359999418258667,7.364999771118164,0.0,3.038154683741149,7.989489051355527,32.34724155109222,timestamp,nanoseconds_absolute,1.7870563629432876e+18,1.7870563630434473e+18,0.10015974400000001,false,true,false,false,true,true,true,false,false,true,true,false,false
R_TEST_01,LABORATORY,RICH_CANDIDATE,QUERY,/home/lj/ZPRM/bag/mid360_20260818_203200_part2_15s.bag,3a96dba7563f9742e8fabe5cbc7a90d77991e1d6d25dc024c1c36073af116e73,sensor_msgs/PointCloud2,"[""livox_frame""]","[""x"",""y"",""z"",""intensity"",""tag"",""line"",""timestamp""]",102,1787056363.0431437,1787056363.1450722,0.09985613822937012,20064,20064,0,-16.264999389648438,20.535999298095703,-15.390999794006348,13.732000350952148,-1.5420000553131104,5.6620001792907715,0.0,3.0214226609554915,9.32280342990709,24.213670444298057,timestamp,nanoseconds_absolute,1.7870563630431437e+18,1.7870563631435674e+18,0.10042368,false,true,false,false,true,true,true,false,false,true,true,false,false
R_TEST_01,LABORATORY,RICH_CANDIDATE,QUERY,/home/lj/ZPRM/bag/mid360_20260818_203200_part2_15s.bag,3a96dba7563f9742e8fabe5cbc7a90d77991e1d6d25dc024c1c36073af116e73,sensor_msgs/PointCloud2,"[""livox_frame""]","[""x"",""y"",""z"",""intensity"",""tag"",""line"",""timestamp""]",103,1787056363.1432846,1787056363.2450838,0.10014081001281738,19968,19968,0,-16.26799964904785,31.341999053955078,-12.42300033569336,17.170000076293945,-1.7890000343322754,7.13100004196167,0.0,3.030533923417321,7.959301920210195,33.40374996827786,timestamp,nanoseconds_absolute,1.7870563631432845e+18,1.7870563632434988e+18,0.10021427200000001,false,true,false,false,true,true,true,false,false,true,true,false,false
R_TEST_01,LABORATORY,RICH_CANDIDATE,QUERY,/home/lj/ZPRM/bag/mid360_20260818_203200_part2_15s.bag,3a96dba7563f9742e8fabe5cbc7a90d77991e1d6d25dc024c1c36073af116e73,sensor_msgs/PointCloud2,"[""livox_frame""]","[""x"",""y"",""z"",""intensity"",""tag"",""line"",""timestamp""]",104,1787056363.2431521,1787056363.3442883,0.09986758232116699,19968,19968,0,-16.4689998626709,31.42300033569336,-12.246999740600586,15.217000007629395,-1.621999979019165,6.1620001792907715,0.0,3.0153313262891097,7.53094983653893,33.39805320799585,timestamp,nanoseconds_absolute,1.7870563632431521e+18,1.7870563633434094e+18,0.10025728,false,true,false,false,true,true,true,false,false,true,true,false,false
R_TEST_01,LABORATORY,RICH_CANDIDATE,QUERY,/home/lj/ZPRM/bag/mid360_20260818_203200_part2_15s.bag,3a96dba7563f9742e8fabe5cbc7a90d77991e1d6d25dc024c1c36073af116e73,sensor_msgs/PointCloud2,"[""livox_frame""]","[""x"",""y"",""z"",""intensity"",""tag"",""line"",""timestamp""]",105,1787056363.3431623,1787056363.4455533,0.10001015663146973,20064,20064,0,-16.274999618530273,20.98200035095215,-12.699999809265137,16.200000762939453,-1.6540000438690186,6.440999984741211,0.0,3.0050875098170815,9.025283154809582,24.560321017937756,timestamp,nanoseconds_absolute,1.7870563633431624e+18,1.7870563634435863e+18,0.100423936,false,true,false,false,true,true,true,false,false,true,true,false,false
R_TEST_01,LABORATORY,RICH_CANDIDATE,QUERY,/home/lj/ZPRM/bag/mid360_20260818_203200_part2_15s.bag,3a96dba7563f9742e8fabe5cbc7a90d77991e1d6d25dc024c1c36073af116e73,sensor_msgs/PointCloud2,"[""livox_frame""]","[""x"",""y"",""z"",""intensity"",""tag"",""line"",""timestamp""]",106,1787056363.4433012,1787056363.546174,0.10013890266418457,19968,19968,0,-16.275999069213867,31.209999084472656,-15.505000114440918,17.134000778198242,-1.4919999837875366,5.953999996185303,0.0,3.0171446088301614,8.762465052608388,33.27847953041829,timestamp,nanoseconds_absolute,1.787056363443301e+18,1.7870563635441823e+18,0.100881152,false,true,false,false,true,true,true,false,false,true,true,false,false
R_TEST_01,LABORATORY,RICH_CANDIDATE,QUERY,/home/lj/ZPRM/bag/mid360_20260818_203200_part2_15s.bag,3a96dba7563f9742e8fabe5cbc7a90d77991e1d6d25dc024c1c36073af116e73,sensor_msgs/PointCloud2,"[""livox_frame""]","[""x"",""y"",""z"",""intensity"",""tag"",""line"",""timestamp""]",107,1787056363.5437427,1787056363.6442835,0.10044145584106445,19968,19968,0,-16.27400016784668,20.304000854492188,-15.071000099182129,21.104000091552734,-1.690000057220459,6.822000026702881,0.0,3.0025472643246767,7.523462162582607,25.99287243726562,timestamp,nanoseconds_absolute,1.7870563635437427e+18,1.787056363643436e+18,0.099693312,false,true,false,false,true,true,true,false,false,true,true,false,false
R_TEST_01,LABORATORY,RICH_CANDIDATE,QUERY,/home/lj/ZPRM/bag/mid360_20260818_203200_part2_15s.bag,3a96dba7563f9742e8fabe5cbc7a90d77991e1d6d25dc024c1c36073af116e73,sensor_msgs/PointCloud2,"[""livox_frame""]","[""x"",""y"",""z"",""intensity"",""tag"",""line"",""timestamp""]",108,1787056363.6432211,1787056363.744396,0.09947848320007324,19968,19968,0,-16.474000930786133,30.631999969482422,-12.91100025177002,15.184000015258789,-1.5509999990463257,7.0370001792907715,0.0,3.0168343418877184,8.698326026240952,32.51762437051032,timestamp,nanoseconds_absolute,1.7870563636432212e+18,1.7870563637434412e+18,0.10021990400000001,false,true,false,false,true,true,true,false,false,true,true,false,false
R_TEST_01,LABORATORY,RICH_CANDIDATE,QUERY,/home/lj/ZPRM/bag/mid360_20260818_203200_part2_15s.bag,3a96dba7563f9742e8fabe5cbc7a90d77991e1d6d25dc024c1c36073af116e73,sensor_msgs/PointCloud2,"[""livox_frame""]","[""x"",""y"",""z"",""intensity"",""tag"",""line"",""timestamp""]",109,1787056363.743177,1787056363.8447766,0.09995579719543457,20064,20064,0,-16.322999954223633,21.832000732421875,-12.020999908447266,15.088000297546387,-1.9450000524520874,6.416999816894531,0.0,3.016466641046142,9.121108036541544,25.806552619779154,timestamp,nanoseconds_absolute,1.787056363743177e+18,1.7870563638435517e+18,0.10037478400000001,false,true,false,false,true,true,true,false,false,true,true,false,false
R_TEST_01,LABORATORY,RICH_CANDIDATE,QUERY,/home/lj/ZPRM/bag/mid360_20260818_203200_part2_15s.bag,3a96dba7563f9742e8fabe5cbc7a90d77991e1d6d25dc024c1c36073af116e73,sensor_msgs/PointCloud2,"[""livox_frame""]","[""x"",""y"",""z"",""intensity"",""tag"",""line"",""timestamp""]",110,1787056363.843278,1787056363.9446993,0.10010099411010742,19968,19968,0,-16.291000366210938,31.187000274658203,-15.230999946594238,17.077999114990234,-1.6150000095367432,7.500999927520752,0.0,3.023369971892523,7.611300235809006,33.22793085530656,timestamp,nanoseconds_absolute,1.7870563638432778e+18,1.7870563639434204e+18,0.100142592,false,true,false,false,true,true,true,false,false,true,true,false,false
R_TEST_01,LABORATORY,RICH_CANDIDATE,QUERY,/home/lj/ZPRM/bag/mid360_20260818_203200_part2_15s.bag,3a96dba7563f9742e8fabe5cbc7a90d77991e1d6d25dc024c1c36073af116e73,sensor_msgs/PointCloud2,"[""livox_frame""]","[""x"",""y"",""z"",""intensity"",""tag"",""line"",""timestamp""]",111,1787056363.9431574,1787056364.044768,0.09987950325012207,20064,20064,0,-16.500999450683594,31.579999923706055,-14.871000289916992,21.17799949645996,-1.6080000400543213,6.88700008392334,0.0,3.029033534213812,8.190064092725713,33.50506712409273,timestamp,nanoseconds_absolute,1.7870563639431575e+18,1.7870563640436093e+18,0.10045184,false,true,false,false,true,true,true,false,false,true,true,false,false
R_TEST_01,LABORATORY,RICH_CANDIDATE,QUERY,/home/lj/ZPRM/bag/mid360_20260818_203200_part2_15s.bag,3a96dba7563f9742e8fabe5cbc7a90d77991e1d6d25dc024c1c36073af116e73,sensor_msgs/PointCloud2,"[""livox_frame""]","[""x"",""y"",""z"",""intensity"",""tag"",""line"",""timestamp""]",112,1787056364.0438483,1787056364.1449683,0.10069084167480469,19968,19968,0,-16.29199981689453,24.649999618530273,-11.130999565124512,14.001999855041504,-1.8329999446868896,6.383999824523926,0.0,3.019113844943755,8.858114426622146,28.180013588843888,timestamp,nanoseconds_absolute,1.7870563640438482e+18,1.787056364143589e+18,0.099740928,false,true,false,false,true,true,true,false,false,true,true,false,false
R_TEST_01,LABORATORY,RICH_CANDIDATE,QUERY,/home/lj/ZPRM/bag/mid360_20260818_203200_part2_15s.bag,3a96dba7563f9742e8fabe5cbc7a90d77991e1d6d25dc024c1c36073af116e73,sensor_msgs/PointCloud2,"[""livox_frame""]","[""x"",""y"",""z"",""intensity"",""tag"",""line"",""timestamp""]",113,1787056364.143338,1787056364.2445316,0.09948968887329102,19968,19968,0,-16.312000274658203,20.26099967956543,-14.937000274658203,16.325000762939453,-1.690999984741211,7.052000045776367,0.0,3.002149801220671,7.822619917066414,25.452210731648652,timestamp,nanoseconds_absolute,1.787056364143338e+18,1.787056364243412e+18,0.100073984,false,true,false,false,true,true,true,false,false,true,true,false,false
R_TEST_01,LABORATORY,RICH_CANDIDATE,QUERY,/home/lj/ZPRM/bag/mid360_20260818_203200_part2_15s.bag,3a96dba7563f9742e8fabe5cbc7a90d77991e1d6d25dc024c1c36073af116e73,sensor_msgs/PointCloud2,"[""livox_frame""]","[""x"",""y"",""z"",""intensity"",""tag"",""line"",""timestamp""]",114,1787056364.2431536,1787056364.3448281,0.09981560707092285,20064,20064,0,-16.283000946044922,31.746000289916992,-12.793999671936035,15.755000114440918,-1.468000054359436,6.736999988555908,0.0,2.9974429018485047,7.627414613547246,33.74681057121321,timestamp,nanoseconds_absolute,1.7870563642431537e+18,1.7870563643435602e+18,0.10040652800000001,false,true,false,false,true,true,true,false,false,true,true,false,false
R_TEST_01,LABORATORY,RICH_CANDIDATE,QUERY,/home/lj/ZPRM/bag/mid360_20260818_203200_part2_15s.bag,3a96dba7563f9742e8fabe5cbc7a90d77991e1d6d25dc024c1c36073af116e73,sensor_msgs/PointCloud2,"[""livox_frame""]","[""x"",""y"",""z"",""intensity"",""tag"",""line"",""timestamp""]",115,1787056364.3432994,1787056364.4462762,0.10014581680297852,19968,19968,0,-16.312000274658203,31.391000747680664,-12.927000045776367,17.10700035095215,-1.7050000429153442,7.15500020980835,0.0,3.0081465302868056,8.610804194876149,33.42701639407129,timestamp,nanoseconds_absolute,1.7870563643432993e+18,1.7870563644434724e+18,0.10017305600000001,false,true,false,false,true,true,true,false,false,true,true,false,false
R_TEST_01,LABORATORY,RICH_CANDIDATE,QUERY,/home/lj/ZPRM/bag/mid360_20260818_203200_part2_15s.bag,3a96dba7563f9742e8fabe5cbc7a90d77991e1d6d25dc024c1c36073af116e73,sensor_msgs/PointCloud2,"[""livox_frame""]","[""x"",""y"",""z"",""intensity"",""tag"",""line"",""timestamp""]",116,1787056364.4437716,1787056364.5445101,0.10047221183776855,19968,19968,0,-16.507999420166016,19.10099983215332,-11.279000282287598,16.395999908447266,-1.475000023841858,5.828999996185303,0.0,3.0063060751833612,8.42669131845481,22.821948726706704,timestamp,nanoseconds_absolute,1.7870563644437716e+18,1.7870563645433997e+18,0.099628032,false,true,false,false,true,true,true,false,false,true,true,false,false
R_TEST_01,LABORATORY,RICH_CANDIDATE,QUERY,/home/lj/ZPRM/bag/mid360_20260818_203200_part2_15s.bag,3a96dba7563f9742e8fabe5cbc7a90d77991e1d6d25dc024c1c36073af116e73,sensor_msgs/PointCloud2,"[""livox_frame""]","[""x"",""y"",""z"",""intensity"",""tag"",""line"",""timestamp""]",117,1787056364.5431366,1787056364.644672,0.0993649959564209,20064,20064,0,-16.277999877929688,21.70599937438965,-15.397000312805176,14.39900016784668,-1.812000036239624,6.4670000076293945,0.0,3.00582499881489,7.572375932116974,25.75415125174403,timestamp,nanoseconds_absolute,1.7870563645431365e+18,1.787056364643551e+18,0.10041446400000001,false,true,false,false,true,true,true,false,false,true,true,false,false
R_TEST_01,LABORATORY,RICH_CANDIDATE,QUERY,/home/lj/ZPRM/bag/mid360_20260818_203200_part2_15s.bag,3a96dba7563f9742e8fabe5cbc7a90d77991e1d6d25dc024c1c36073af116e73,sensor_msgs/PointCloud2,"[""livox_frame""]","[""x"",""y"",""z"",""intensity"",""tag"",""line"",""timestamp""]",118,1787056364.6432974,1787056364.7446914,0.10016083717346191,19968,19968,0,-12.854999542236328,31.264999389648438,-12.166999816894531,21.18899917602539,-1.5499999523162842,6.927999973297119,0.0,3.0203564475366034,8.209515876610723,33.3428367042482,timestamp,nanoseconds_absolute,1.7870563646432975e+18,1.7870563647434568e+18,0.100159232,false,true,false,false,true,true,true,false,false,true,true,false,false
R_TEST_01,LABORATORY,RICH_CANDIDATE,QUERY,/home/lj/ZPRM/bag/mid360_20260818_203200_part2_15s.bag,3a96dba7563f9742e8fabe5cbc7a90d77991e1d6d25dc024c1c36073af116e73,sensor_msgs/PointCloud2,"[""livox_frame""]","[""x"",""y"",""z"",""intensity"",""tag"",""line"",""timestamp""]",119,1787056364.7431903,1787056364.8445852,0.09989285469055176,20064,20064,0,-16.30900001525879,21.2450008392334,-15.166999816894531,15.227999687194824,-1.465999960899353,6.179999828338623,0.0,3.0181375003600843,8.241833435317089,23.918774926954722,timestamp,nanoseconds_absolute,1.7870563647431903e+18,1.787056364843577e+18,0.100386816,false,true,false,false,true,true,true,false,false,true,true,false,false
R_TEST_01,LABORATORY,RICH_CANDIDATE,QUERY,/home/lj/ZPRM/bag/mid360_20260818_203200_part2_15s.bag,3a96dba7563f9742e8fabe5cbc7a90d77991e1d6d25dc024c1c36073af116e73,sensor_msgs/PointCloud2,"[""livox_frame""]","[""x"",""y"",""z"",""intensity"",""tag"",""line"",""timestamp""]",120,1787056364.843901,1787056364.9447114,0.10071063041687012,19872,19872,0,-15.37600040435791,20.875,-12.78499984741211,17.20599937438965,-1.5729999542236328,6.546000003814697,0.0,3.01422043650455,8.404755265018071,26.441156083929727,timestamp,nanoseconds_absolute,1.787056364843901e+18,1.7870563649433974e+18,0.099496448,false,true,false,false,true,true,true,false,false,true,true,false,false
R_TEST_01,LABORATORY,RICH_CANDIDATE,QUERY,/home/lj/ZPRM/bag/mid360_20260818_203200_part2_15s.bag,3a96dba7563f9742e8fabe5cbc7a90d77991e1d6d25dc024c1c36073af116e73,sensor_msgs/PointCloud2,"[""livox_frame""]","[""x"",""y"",""z"",""intensity"",""tag"",""line"",""timestamp""]",121,1787056364.943099,1787056365.0445874,0.0991981029510498,20064,20064,0,-16.33300018310547,31.39900016784668,-12.73799991607666,21.086000442504883,-1.4520000219345093,7.0960001945495605,0.0,3.024167763294337,8.001201294098173,33.45124563377223,timestamp,nanoseconds_absolute,1.7870563649430991e+18,1.7870563650435208e+18,0.10042163200000001,false,true,false,false,true,true,true,false,false,true,true,false,false
R_TEST_01,LABORATORY,RICH_CANDIDATE,QUERY,/home/lj/ZPRM/bag/mid360_20260818_203200_part2_15s.bag,3a96dba7563f9742e8fabe5cbc7a90d77991e1d6d25dc024c1c36073af116e73,sensor_msgs/PointCloud2,"[""livox_frame""]","[""x"",""y"",""z"",""intensity"",""tag"",""line"",""timestamp""]",122,1787056365.0432591,1787056365.1446745,0.10016012191772461,19968,19968,0,-16.382999420166016,21.05699920654297,-13.029000282287598,17.31599998474121,-1.7109999656677246,7.442999839782715,0.0,3.011502014891046,8.044416798169223,26.54703591130356,timestamp,nanoseconds_absolute,1.7870563650432591e+18,1.7870563651434698e+18,0.100210688,false,true,false,false,true,true,true,false,false,true,true,false,false
R_TEST_01,LABORATORY,RICH_CANDIDATE,QUERY,/home/lj/ZPRM/bag/mid360_20260818_203200_part2_15s.bag,3a96dba7563f9742e8fabe5cbc7a90d77991e1d6d25dc024c1c36073af116e73,sensor_msgs/PointCloud2,"[""livox_frame""]","[""x"",""y"",""z"",""intensity"",""tag"",""line"",""timestamp""]",123,1787056365.1432166,1787056365.2447731,0.09995746612548828,20064,20064,0,-16.27400016784668,24.679000854492188,-15.189000129699707,16.229000091552734,-2.0789999961853027,6.177000045776367,0.0,2.9920929497654507,8.683937089487722,28.226170105778206,timestamp,nanoseconds_absolute,1.7870563651432166e+18,1.787056365243468e+18,0.10025139200000001,false,true,false,false,true,true,true,false,false,true,true,false,false
R_TEST_01,LABORATORY,RICH_CANDIDATE,QUERY,/home/lj/ZPRM/bag/mid360_20260818_203200_part2_15s.bag,3a96dba7563f9742e8fabe5cbc7a90d77991e1d6d25dc024c1c36073af116e73,sensor_msgs/PointCloud2,"[""livox_frame""]","[""x"",""y"",""z"",""intensity"",""tag"",""line"",""timestamp""]",124,1787056365.2438524,1787056365.3448553,0.10063576698303223,19968,19968,0,-16.246999740600586,21.694000244140625,-15.46500015258789,17.426000595092773,-1.8320000171661377,7.695000171661377,0.0,3.0138829432244263,7.849113999562452,26.51072637684791,timestamp,nanoseconds_absolute,1.7870563652438523e+18,1.787056365343475e+18,0.099622656,false,true,false,false,true,true,true,false,false,true,true,false,false
R_TEST_01,LABORATORY,RICH_CANDIDATE,QUERY,/home/lj/ZPRM/bag/mid360_20260818_203200_part2_15s.bag,3a96dba7563f9742e8fabe5cbc7a90d77991e1d6d25dc024c1c36073af116e73,sensor_msgs/PointCloud2,"[""livox_frame""]","[""x"",""y"",""z"",""intensity"",""tag"",""line"",""timestamp""]",125,1787056365.3432193,1787056365.444709,0.09936690330505371,19968,19968,0,-16.275999069213867,30.604000091552734,-14.861000061035156,14.979999542236328,-1.6610000133514404,7.1539998054504395,0.0,3.0150773561383293,8.162053592474521,32.506858150619145,timestamp,nanoseconds_absolute,1.7870563653432192e+18,1.7870563654434468e+18,0.10022758400000001,false,true,false,false,true,true,true,false,false,true,true,false,false
R_TEST_01,LABORATORY,RICH_CANDIDATE,QUERY,/home/lj/ZPRM/bag/mid360_20260818_203200_part2_15s.bag,3a96dba7563f9742e8fabe5cbc7a90d77991e1d6d25dc024c1c36073af116e73,sensor_msgs/PointCloud2,"[""livox_frame""]","[""x"",""y"",""z"",""intensity"",""tag"",""line"",""timestamp""]",126,1787056365.4432,1787056365.5457869,0.09998083114624023,19968,19968,0,-16.305999755859375,21.020000457763672,-15.543999671936035,17.295000076293945,-1.5390000343322754,7.4039998054504395,0.0,3.001592703832203,8.525792987545413,26.54146810801766,timestamp,nanoseconds_absolute,1.7870563654432e+18,1.7870563655435203e+18,0.10032025600000001,false,true,false,false,true,true,true,false,false,true,true,false,false
R_TEST_01,LABORATORY,RICH_CANDIDATE,QUERY,/home/lj/ZPRM/bag/mid360_20260818_203200_part2_15s.bag,3a96dba7563f9742e8fabe5cbc7a90d77991e1d6d25dc024c1c36073af116e73,sensor_msgs/PointCloud2,"[""livox_frame""]","[""x"",""y"",""z"",""intensity"",""tag"",""line"",""timestamp""]",127,1787056365.5433621,1787056365.644481,0.10016202926635742,20064,20064,0,-16.23699951171875,21.565000534057617,-11.258000373840332,17.410999298095703,-1.7910000085830688,6.252999782562256,0.0,3.0157078195845735,8.23864954311829,26.612695533246132,timestamp,nanoseconds_absolute,1.787056365543362e+18,1.7870563656434496e+18,0.10008755200000001,false,true,false,false,true,true,true,false,false,true,true,false,false
R_TEST_01,LABORATORY,RICH_CANDIDATE,QUERY,/home/lj/ZPRM/bag/mid360_20260818_203200_part2_15s.bag,3a96dba7563f9742e8fabe5cbc7a90d77991e1d6d25dc024c1c36073af116e73,sensor_msgs/PointCloud2,"[""livox_frame""]","[""x"",""y"",""z"",""intensity"",""tag"",""line"",""timestamp""]",128,1787056365.6431847,1787056365.7445645,0.0998225212097168,19968,19968,0,-16.4060001373291,31.131999969482422,-15.230999946594238,21.2549991607666,-1.531000018119812,7.145999908447266,0.0,3.0323105561719026,8.283307927687108,33.1514689215417,timestamp,nanoseconds_absolute,1.7870563656431846e+18,1.787056365743369e+18,0.10018432000000001,false,true,false,false,true,true,true,false,false,true,true,false,false
R_TEST_01,LABORATORY,RICH_CANDIDATE,QUERY,/home/lj/ZPRM/bag/mid360_20260818_203200_part2_15s.bag,3a96dba7563f9742e8fabe5cbc7a90d77991e1d6d25dc024c1c36073af116e73,sensor_msgs/PointCloud2,"[""livox_frame""]","[""x"",""y"",""z"",""intensity"",""tag"",""line"",""timestamp""]",129,1787056365.7430906,1787056365.8445668,0.09990596771240234,20064,20064,0,-16.284000396728516,21.077999114990234,-13.079000473022461,14.039999961853027,-1.690000057220459,6.928999900817871,0.0,3.0222833691699247,8.133996323860737,24.863595883505187,timestamp,nanoseconds_absolute,1.7870563657430907e+18,1.7870563658435328e+18,0.100442112,false,true,false,false,true,true,true,false,false,true,true,false,false
R_TEST_01,LABORATORY,RICH_CANDIDATE,QUERY,/home/lj/ZPRM/bag/mid360_20260818_203200_part2_15s.bag,3a96dba7563f9742e8fabe5cbc7a90d77991e1d6d25dc024c1c36073af116e73,sensor_msgs/PointCloud2,"[""livox_frame""]","[""x"",""y"",""z"",""intensity"",""tag"",""line"",""timestamp""]",130,1787056365.8432739,1787056365.9446127,0.10018324851989746,19968,19968,0,-16.268999099731445,21.110000610351562,-15.520999908447266,16.354000091552734,-1.6759999990463257,6.113999843597412,0.0,3.0140730073397903,8.537636879537413,26.743961816294608,timestamp,nanoseconds_absolute,1.787056365843274e+18,1.7870563659434604e+18,0.10018636800000001,false,true,false,false,true,true,true,false,false,true,true,false,false
R_TEST_01,LABORATORY,RICH_CANDIDATE,QUERY,/home/lj/ZPRM/bag/mid360_20260818_203200_part2_15s.bag,3a96dba7563f9742e8fabe5cbc7a90d77991e1d6d25dc024c1c36073af116e73,sensor_msgs/PointCloud2,"[""livox_frame""]","[""x"",""y"",""z"",""intensity"",""tag"",""line"",""timestamp""]",131,1787056365.943206,1787056366.0446646,0.09993219375610352,20064,20064,0,-15.425999641418457,20.30699920654297,-14.868000030517578,17.23900032043457,-1.6540000438690186,7.568999767303467,0.0,3.0167920512797277,7.923892603520723,26.527612468138898,timestamp,nanoseconds_absolute,1.7870563659432061e+18,1.7870563660435456e+18,0.10033945600000001,false,true,false,false,true,true,true,false,false,true,true,false,false
R_TEST_01,LABORATORY,RICH_CANDIDATE,QUERY,/home/lj/ZPRM/bag/mid360_20260818_203200_part2_15s.bag,3a96dba7563f9742e8fabe5cbc7a90d77991e1d6d25dc024c1c36073af116e73,sensor_msgs/PointCloud2,"[""livox_frame""]","[""x"",""y"",""z"",""intensity"",""tag"",""line"",""timestamp""]",132,1787056366.0438907,1787056366.1448133,0.10068464279174805,19968,19968,0,-12.854000091552734,31.261999130249023,-11.213000297546387,21.343000411987305,-1.590000033378601,7.065000057220459,0.0,3.0033319039866333,8.09233791866422,33.34412406201975,timestamp,nanoseconds_absolute,1.7870563660438907e+18,1.787056366143548e+18,0.099657216,false,true,false,false,true,true,true,false,false,true,true,false,false
R_TEST_01,LABORATORY,RICH_CANDIDATE,QUERY,/home/lj/ZPRM/bag/mid360_20260818_203200_part2_15s.bag,3a96dba7563f9742e8fabe5cbc7a90d77991e1d6d25dc024c1c36073af116e73,sensor_msgs/PointCloud2,"[""livox_frame""]","[""x"",""y"",""z"",""intensity"",""tag"",""line"",""timestamp""]",133,1787056366.1433668,1787056366.244364,0.09947609901428223,19968,19968,0,-16.322999954223633,20.85300064086914,-14.769000053405762,13.779999732971191,-2.046999931335449,5.114999771118164,0.0,3.020563370931415,8.436995178124267,24.86085773881133,timestamp,nanoseconds_absolute,1.787056366143367e+18,1.7870563662434504e+18,0.100083456,false,true,false,false,true,true,true,false,false,true,true,false,false
R_TEST_01,LABORATORY,RICH_CANDIDATE,QUERY,/home/lj/ZPRM/bag/mid360_20260818_203200_part2_15s.bag,3a96dba7563f9742e8fabe5cbc7a90d77991e1d6d25dc024c1c36073af116e73,sensor_msgs/PointCloud2,"[""livox_frame""]","[""x"",""y"",""z"",""intensity"",""tag"",""line"",""timestamp""]",134,1787056366.2432866,1787056366.3442926,0.09991979598999023,19968,19968,0,-16.291000366210938,21.124000549316406,-15.178999900817871,17.284000396728516,-1.7020000219345093,7.706999778747559,0.0,3.0136273665024964,8.017884614625128,26.611689808217584,timestamp,nanoseconds_absolute,1.7870563662432865e+18,1.7870563663433997e+18,0.10011315200000001,false,true,false,false,true,true,true,false,false,true,true,false,false
R_TEST_01,LABORATORY,RICH_CANDIDATE,QUERY,/home/lj/ZPRM/bag/mid360_20260818_203200_part2_15s.bag,3a96dba7563f9742e8fabe5cbc7a90d77991e1d6d25dc024c1c36073af116e73,sensor_msgs/PointCloud2,"[""livox_frame""]","[""x"",""y"",""z"",""intensity"",""tag"",""line"",""timestamp""]",135,1787056366.343147,1787056366.4451716,0.09986042976379395,20064,20064,0,-16.451000213623047,30.583999633789062,-12.902000427246094,21.20800018310547,-1.8680000305175781,7.046999931335449,0.0,3.0146169355564827,8.012975655860714,32.52304660456782,timestamp,nanoseconds_absolute,1.787056366343147e+18,1.787056366443523e+18,0.100376064,false,true,false,false,true,true,true,false,false,true,true,false,false
R_TEST_01,LABORATORY,RICH_CANDIDATE,QUERY,/home/lj/ZPRM/bag/mid360_20260818_203200_part2_15s.bag,3a96dba7563f9742e8fabe5cbc7a90d77991e1d6d25dc024c1c36073af116e73,sensor_msgs/PointCloud2,"[""livox_frame""]","[""x"",""y"",""z"",""intensity"",""tag"",""line"",""timestamp""]",136,1787056366.4432843,1787056366.5456164,0.10013723373413086,19968,19968,0,-16.226999282836914,25.29599952697754,-15.07699966430664,17.214000701904297,-1.5329999923706055,7.625999927520752,0.0,3.0197780532067147,8.309935570946424,28.665410332469065,timestamp,nanoseconds_absolute,1.7870563664432842e+18,1.7870563665434757e+18,0.10019148800000001,false,true,false,false,true,true,true,false,false,true,true,false,false
R_TEST_01,LABORATORY,RICH_CANDIDATE,QUERY,/home/lj/ZPRM/bag/mid360_20260818_203200_part2_15s.bag,3a96dba7563f9742e8fabe5cbc7a90d77991e1d6d25dc024c1c36073af116e73,sensor_msgs/PointCloud2,"[""livox_frame""]","[""x"",""y"",""z"",""intensity"",""tag"",""line"",""timestamp""]",137,1787056366.5448363,1787056366.6443102,0.10155200958251953,19968,19968,0,-16.31100082397461,21.086000442504883,-12.857000350952148,16.530000686645508,-1.687999963760376,5.974999904632568,0.0,3.010939721540862,8.441825765894881,26.900527777074107,timestamp,nanoseconds_absolute,1.7870563665448364e+18,1.787056366643451e+18,0.098614528,false,true,false,false,true,true,true,false,false,true,true,false,false
R_TEST_01,LABORATORY,RICH_CANDIDATE,QUERY,/home/lj/ZPRM/bag/mid360_20260818_203200_part2_15s.bag,3a96dba7563f9742e8fabe5cbc7a90d77991e1d6d25dc024c1c36073af116e73,sensor_msgs/PointCloud2,"[""livox_frame""]","[""x"",""y"",""z"",""intensity"",""tag"",""line"",""timestamp""]",138,1787056366.643201,1787056366.7444756,0.09836483001708984,19968,19968,0,-16.274999618530273,21.040000915527344,-13.22599983215332,21.174999237060547,-1.753999948501587,7.052999973297119,0.0,3.0187260135576297,7.942816281496989,26.240476634436277,timestamp,nanoseconds_absolute,1.787056366643201e+18,1.7870563667434726e+18,0.10027161600000001,false,true,false,false,true,true,true,false,false,true,true,false,false
R_TEST_01,LABORATORY,RICH_CANDIDATE,QUERY,/home/lj/ZPRM/bag/mid360_20260818_203200_part2_15s.bag,3a96dba7563f9742e8fabe5cbc7a90d77991e1d6d25dc024c1c36073af116e73,sensor_msgs/PointCloud2,"[""livox_frame""]","[""x"",""y"",""z"",""intensity"",""tag"",""line"",""timestamp""]",139,1787056366.743213,1787056366.8445764,0.10001182556152344,20064,20064,0,-16.274999618530273,31.045000076293945,-15.538000106811523,15.593999862670898,-2.075000047683716,6.550000190734863,0.0,2.994491261732701,8.138198616960523,33.0009059408497,timestamp,nanoseconds_absolute,1.787056366743213e+18,1.7870563668434775e+18,0.100264448,false,true,false,false,true,true,true,false,false,true,true,false,false
R_TEST_01,LABORATORY,RICH_CANDIDATE,QUERY,/home/lj/ZPRM/bag/mid360_20260818_203200_part2_15s.bag,3a96dba7563f9742e8fabe5cbc7a90d77991e1d6d25dc024c1c36073af116e73,sensor_msgs/PointCloud2,"[""livox_frame""]","[""x"",""y"",""z"",""intensity"",""tag"",""line"",""timestamp""]",140,1787056366.8432264,1787056366.9448144,0.10001349449157715,19968,19968,0,-16.410999298095703,21.250999450683594,-15.52299976348877,15.385000228881836,-1.6160000562667847,6.104000091552734,0.0,3.0101697555775857,8.624074718832922,24.98502696692604,timestamp,nanoseconds_absolute,1.7870563668432264e+18,1.7870563669434196e+18,0.10019328000000001,false,true,false,false,true,true,true,false,false,true,true,false,false
R_TEST_01,LABORATORY,RICH_CANDIDATE,QUERY,/home/lj/ZPRM/bag/mid360_20260818_203200_part2_15s.bag,3a96dba7563f9742e8fabe5cbc7a90d77991e1d6d25dc024c1c36073af116e73,sensor_msgs/PointCloud2,"[""livox_frame""]","[""x"",""y"",""z"",""intensity"",""tag"",""line"",""timestamp""]",141,1787056366.943168,1787056367.0445309,0.09994149208068848,20064,20064,0,-16.270999908447266,20.573999404907227,-15.383000373840332,16.325000762939453,-1.5119999647140503,6.025000095367432,0.0,3.010927006950719,7.844877298694266,26.642293017274117,timestamp,nanoseconds_absolute,1.787056366943168e+18,1.7870563670435156e+18,0.10034764800000001,false,true,false,false,true,true,true,false,false,true,true,false,false
R_TEST_01,LABORATORY,RICH_CANDIDATE,QUERY,/home/lj/ZPRM/bag/mid360_20260818_203200_part2_15s.bag,3a96dba7563f9742e8fabe5cbc7a90d77991e1d6d25dc024c1c36073af116e73,sensor_msgs/PointCloud2,"[""livox_frame""]","[""x"",""y"",""z"",""intensity"",""tag"",""line"",""timestamp""]",142,1787056367.0438778,1787056367.1449335,0.10070991516113281,19968,19968,0,-12.880000114440918,30.60700035095215,-10.52299976348877,15.5649995803833,-1.8760000467300415,7.113999843597412,0.0,3.021060601915963,8.521179592200212,32.50593998123794,timestamp,nanoseconds_absolute,1.787056367043878e+18,1.7870563671435185e+18,0.09964057600000001,false,true,false,false,true,true,true,false,false,true,true,false,false
R_TEST_01,LABORATORY,RICH_CANDIDATE,QUERY,/home/lj/ZPRM/bag/mid360_20260818_203200_part2_15s.bag,3a96dba7563f9742e8fabe5cbc7a90d77991e1d6d25dc024c1c36073af116e73,sensor_msgs/PointCloud2,"[""livox_frame""]","[""x"",""y"",""z"",""intensity"",""tag"",""line"",""timestamp""]",143,1787056367.143269,1787056367.2457347,0.09939122200012207,19968,19968,0,-16.361000061035156,21.134000778198242,-15.265999794006348,15.826000213623047,-1.6410000324249268,6.276000022888184,0.0,3.0035902290508734,8.574734675236032,25.299261226339638,timestamp,nanoseconds_absolute,1.787056367143269e+18,1.7870563672437773e+18,0.10050816000000001,false,true,false,false,true,true,true,false,false,true,true,false,false
R_TEST_01,LABORATORY,RICH_CANDIDATE,QUERY,/home/lj/ZPRM/bag/mid360_20260818_203200_part2_15s.bag,3a96dba7563f9742e8fabe5cbc7a90d77991e1d6d25dc024c1c36073af116e73,sensor_msgs/PointCloud2,"[""livox_frame""]","[""x"",""y"",""z"",""intensity"",""tag"",""line"",""timestamp""]",144,1787056367.243327,1787056367.3450696,0.10005784034729004,20064,20064,0,-16.385000228881836,20.69700050354004,-14.890999794006348,16.253000259399414,-1.5570000410079956,6.151000022888184,0.0,2.9979793158394665,8.45489416962153,26.516804685822603,timestamp,nanoseconds_absolute,1.787056367243327e+18,1.787056367343534e+18,0.100207104,false,true,false,false,true,true,true,false,false,true,true,false,false
R_TEST_01,LABORATORY,RICH_CANDIDATE,QUERY,/home/lj/ZPRM/bag/mid360_20260818_203200_part2_15s.bag,3a96dba7563f9742e8fabe5cbc7a90d77991e1d6d25dc024c1c36073af116e73,sensor_msgs/PointCloud2,"[""livox_frame""]","[""x"",""y"",""z"",""intensity"",""tag"",""line"",""timestamp""]",145,1787056367.3432834,1787056367.445008,0.09995651245117188,19968,19968,0,-16.27400016784668,21.665000915527344,-10.770000457763672,17.392000198364258,-1.850000023841858,7.425000190734863,0.0,3.020281079026806,7.970684177576008,26.5260390766664,timestamp,nanoseconds_absolute,1.7870563673432835e+18,1.787056367443405e+18,0.1001216,false,true,false,false,true,true,true,false,false,true,true,false,false
R_TEST_01,LABORATORY,RICH_CANDIDATE,QUERY,/home/lj/ZPRM/bag/mid360_20260818_203200_part2_15s.bag,3a96dba7563f9742e8fabe5cbc7a90d77991e1d6d25dc024c1c36073af116e73,sensor_msgs/PointCloud2,"[""livox_frame""]","[""x"",""y"",""z"",""intensity"",""tag"",""line"",""timestamp""]",146,1787056367.4431593,1787056367.5448987,0.09987592697143555,19968,19968,0,-16.461000442504883,30.513999938964844,-12.9350004196167,13.76099967956543,-1.7239999771118164,6.765999794006348,0.0,3.006879440251201,8.311754946096233,32.37000196420359,timestamp,nanoseconds_absolute,1.7870563674431593e+18,1.7870563675434035e+18,0.100244224,false,true,false,false,true,true,true,false,false,true,true,false,false
R_TEST_01,LABORATORY,RICH_CANDIDATE,QUERY,/home/lj/ZPRM/bag/mid360_20260818_203200_part2_15s.bag,3a96dba7563f9742e8fabe5cbc7a90d77991e1d6d25dc024c1c36073af116e73,sensor_msgs/PointCloud2,"[""livox_frame""]","[""x"",""y"",""z"",""intensity"",""tag"",""line"",""timestamp""]",147,1787056367.5436103,1787056367.6446745,0.10045099258422852,19968,19968,0,-16.30299949645996,21.017000198364258,-12.956000328063965,16.207000732421875,-1.6440000534057617,6.484000205993652,0.0,3.004842710556085,8.7139373945959,26.006732243890855,timestamp,nanoseconds_absolute,1.7870563675436104e+18,1.7870563676434102e+18,0.099799808,false,true,false,false,true,true,true,false,false,true,true,false,false
W_TEST_01,LONG_CORRIDOR,WEAK_CANDIDATE,MAP,/home/lj/ZPRM/bag/mid360_20260818_205021_part1_20s.bag,d20b50bd4be04229d311717a27021502a74429fa3a143418b18ad70622eb4a6d,sensor_msgs/PointCloud2,"[""livox_frame""]","[""x"",""y"",""z"",""intensity"",""tag"",""line"",""timestamp""]",0,1787057422.5868363,1787057422.6903265,,19968,19968,0,-41.18899917602539,66.54299926757812,-6.150000095367432,3.3519999980926514,-2.8010001182556152,3.441999912261963,0.0,2.333826631008672,8.048220107593538,66.58313657637862,timestamp,nanoseconds_absolute,1.7870574225868362e+18,1.787057422687081e+18,0.100244736,false,true,false,false,true,true,true,false,false,true,true,false,false
W_TEST_01,LONG_CORRIDOR,WEAK_CANDIDATE,MAP,/home/lj/ZPRM/bag/mid360_20260818_205021_part1_20s.bag,d20b50bd4be04229d311717a27021502a74429fa3a143418b18ad70622eb4a6d,sensor_msgs/PointCloud2,"[""livox_frame""]","[""x"",""y"",""z"",""intensity"",""tag"",""line"",""timestamp""]",1,1787057422.6869457,1787057422.78817,0.10010933876037598,19968,19968,0,-43.54800033569336,66.41000366210938,-5.2129998207092285,3.375,-3.6730000972747803,3.443000078201294,0.0,2.3168706291283097,8.190874441520656,66.51566020225773,timestamp,nanoseconds_absolute,1.7870574226869458e+18,1.7870574227870013e+18,0.100055552,false,true,false,false,true,true,true,false,false,true,true,false,false
W_TEST_01,LONG_CORRIDOR,WEAK_CANDIDATE,MAP,/home/lj/ZPRM/bag/mid360_20260818_205021_part1_20s.bag,d20b50bd4be04229d311717a27021502a74429fa3a143418b18ad70622eb4a6d,sensor_msgs/PointCloud2,"[""livox_frame""]","[""x"",""y"",""z"",""intensity"",""tag"",""line"",""timestamp""]",2,1787057422.7867353,1787057422.8885415,0.09978961944580078,20064,20064,0,-43.55099868774414,65.13800048828125,-5.644999980926514,3.361999988555908,-3.2070000171661377,3.436000108718872,0.0,2.306008874374605,7.90564899356082,65.24876610221406,timestamp,nanoseconds_absolute,1.7870574227867354e+18,1.7870574228871652e+18,0.100429824,false,true,false,false,true,true,true,false,false,true,true,false,false
W_TEST_01,LONG_CORRIDOR,WEAK_CANDIDATE,MAP,/home/lj/ZPRM/bag/mid360_20260818_205021_part1_20s.bag,d20b50bd4be04229d311717a27021502a74429fa3a143418b18ad70622eb4a6d,sensor_msgs/PointCloud2,"[""livox_frame""]","[""x"",""y"",""z"",""intensity"",""tag"",""line"",""timestamp""]",3,1787057422.8868966,1787057422.9893837,0.10016131401062012,19968,19968,0,-43.37300109863281,66.51799774169922,-6.285999774932861,4.605999946594238,-2.756999969482422,3.440000057220459,0.0,2.3363758275215414,8.129456299342756,66.54521579837275,timestamp,nanoseconds_absolute,1.7870574228868966e+18,1.7870574229875136e+18,0.10061696,false,true,false,false,true,true,true,false,false,true,true,false,false
W_TEST_01,LONG_CORRIDOR,WEAK_CANDIDATE,MAP,/home/lj/ZPRM/bag/mid360_20260818_205021_part1_20s.bag,d20b50bd4be04229d311717a27021502a74429fa3a143418b18ad70622eb4a6d,sensor_msgs/PointCloud2,"[""livox_frame""]","[""x"",""y"",""z"",""intensity"",""tag"",""line"",""timestamp""]",4,1787057422.98722,1787057423.0880113,0.10032343864440918,19968,19968,0,-43.5359992980957,66.52300262451172,-5.511000156402588,3.385999917984009,-3.0950000286102295,3.450000047683716,0.0,2.3342133872660478,8.395398017193163,66.60279513973161,timestamp,nanoseconds_absolute,1.78705742298722e+18,1.7870574230870428e+18,0.099822848,false,true,false,false,true,true,true,false,false,true,true,false,false
W_TEST_01,LONG_CORRIDOR,WEAK_CANDIDATE,MAP,/home/lj/ZPRM/bag/mid360_20260818_205021_part1_20s.bag,d20b50bd4be04229d311717a27021502a74429fa3a143418b18ad70622eb4a6d,sensor_msgs/PointCloud2,"[""livox_frame""]","[""x"",""y"",""z"",""intensity"",""tag"",""line"",""timestamp""]",5,1787057423.086894,1787057423.1891582,0.09967398643493652,20064,20064,0,-43.5629997253418,65.05999755859375,-4.86899995803833,3.3580000400543213,-2.7039999961853027,3.443000078201294,0.0,2.3240698057737394,8.137601308866278,65.07099824231682,timestamp,nanoseconds_absolute,1.787057423086894e+18,1.7870574231871626e+18,0.100268544,false,true,false,false,true,true,true,false,false,true,true,false,false
W_TEST_01,LONG_CORRIDOR,WEAK_CANDIDATE,MAP,/home/lj/ZPRM/bag/mid360_20260818_205021_part1_20s.bag,d20b50bd4be04229d311717a27021502a74429fa3a143418b18ad70622eb4a6d,sensor_msgs/PointCloud2,"[""livox_frame""]","[""x"",""y"",""z"",""intensity"",""tag"",""line"",""timestamp""]",6,1787057423.1869087,1787057423.2890081,0.10001468658447266,20064,20064,0,-43.54899978637695,66.49500274658203,-10.184000015258789,3.364000082015991,-3.7669999599456787,3.437999963760376,0.0,2.3165591630535154,8.084355237115739,66.61027814810738,timestamp,nanoseconds_absolute,1.7870574231869087e+18,1.7870574232873912e+18,0.10048256000000001,false,true,false,false,true,true,true,false,false,true,true,false,false
W_TEST_01,LONG_CORRIDOR,WEAK_CANDIDATE,MAP,/home/lj/ZPRM/bag/mid360_20260818_205021_part1_20s.bag,d20b50bd4be04229d311717a27021502a74429fa3a143418b18ad70622eb4a6d,sensor_msgs/PointCloud2,"[""livox_frame""]","[""x"",""y"",""z"",""intensity"",""tag"",""line"",""timestamp""]",7,1787057423.2871275,1787057423.388803,0.1002187728881836,19968,19968,0,-41.23899841308594,66.49800109863281,-6.202000141143799,3.382999897003174,-2.753000020980835,3.4489998817443848,0.0,2.340040741897623,8.091792265702262,66.53498446619814,timestamp,nanoseconds_absolute,1.7870574232871276e+18,1.7870574233872463e+18,0.100118784,false,true,false,false,true,true,true,false,false,true,true,false,false
W_TEST_01,LONG_CORRIDOR,WEAK_CANDIDATE,MAP,/home/lj/ZPRM/bag/mid360_20260818_205021_part1_20s.bag,d20b50bd4be04229d311717a27021502a74429fa3a143418b18ad70622eb4a6d,sensor_msgs/PointCloud2,"[""livox_frame""]","[""x"",""y"",""z"",""intensity"",""tag"",""line"",""timestamp""]",8,1787057423.3870673,1787057423.489584,0.09993982315063477,20064,20064,0,-43.58300018310547,66.54399871826172,-4.517000198364258,4.668000221252441,-3.0260000228881836,3.440000057220459,0.0,2.3282672498691586,8.236141391889241,66.5843478524367,timestamp,nanoseconds_absolute,1.7870574233870674e+18,1.7870574234874043e+18,0.10033689600000001,false,true,false,false,true,true,true,false,false,true,true,false,false
W_TEST_01,LONG_CORRIDOR,WEAK_CANDIDATE,MAP,/home/lj/ZPRM/bag/mid360_20260818_205021_part1_20s.bag,d20b50bd4be04229d311717a27021502a74429fa3a143418b18ad70622eb4a6d,sensor_msgs/PointCloud2,"[""livox_frame""]","[""x"",""y"",""z"",""intensity"",""tag"",""line"",""timestamp""]",9,1787057423.4871893,1787057423.58914,0.10012197494506836,19872,19872,0,-43.56700134277344,66.47699737548828,-5.831999778747559,3.374000072479248,-3.7760000228881836,3.438999891281128,0.0,2.330867259499005,8.171536689705567,66.5914970343651,timestamp,nanoseconds_absolute,1.7870574234871892e+18,1.7870574235873528e+18,0.100163584,false,true,false,false,true,true,true,false,false,true,true,false,false
W_TEST_01,LONG_CORRIDOR,WEAK_CANDIDATE,MAP,/home/lj/ZPRM/bag/mid360_20260818_205021_part1_20s.bag,d20b50bd4be04229d311717a27021502a74429fa3a143418b18ad70622eb4a6d,sensor_msgs/PointCloud2,"[""livox_frame""]","[""x"",""y"",""z"",""intensity"",""tag"",""line"",""timestamp""]",10,1787057423.5871043,1787057423.6904507,0.0999150276184082,20064,20064,0,-43.441001892089844,66.53099822998047,-6.267000198364258,3.384999990463257,-2.552999973297119,3.4820001125335693,0.0,2.334389872888591,8.114400811223941,66.56425608030028,timestamp,nanoseconds_absolute,1.7870574235871043e+18,1.7870574236874565e+18,0.100352256,false,true,false,false,true,true,true,false,false,true,true,false,false
W_TEST_01,LONG_CORRIDOR,WEAK_CANDIDATE,MAP,/home/lj/ZPRM/bag/mid360_20260818_205021_part1_20s.bag,d20b50bd4be04229d311717a27021502a74429fa3a143418b18ad70622eb4a6d,sensor_msgs/PointCloud2,"[""livox_frame""]","[""x"",""y"",""z"",""intensity"",""tag"",""line"",""timestamp""]",11,1787057423.6870472,1787057423.7887185,0.09994292259216309,19968,19968,0,-43.650001525878906,66.49800109863281,-6.043000221252441,3.4049999713897705,-2.7309999465942383,3.440000057220459,0.0,2.3233366110084948,8.198812655506885,66.52851556979957,timestamp,nanoseconds_absolute,1.7870574236870472e+18,1.7870574237866563e+18,0.09960908800000001,false,true,false,false,true,true,true,false,false,true,true,false,false
W_TEST_01,LONG_CORRIDOR,WEAK_CANDIDATE,MAP,/home/lj/ZPRM/bag/mid360_20260818_205021_part1_20s.bag,d20b50bd4be04229d311717a27021502a74429fa3a143418b18ad70622eb4a6d,sensor_msgs/PointCloud2,"[""livox_frame""]","[""x"",""y"",""z"",""intensity"",""tag"",""line"",""timestamp""]",12,1787057423.7870197,1787057423.8893144,0.09997248649597168,19968,19968,0,-43.53499984741211,66.52799987792969,-8.140000343322754,3.384000062942505,-3.630000114440918,3.437000036239624,0.0,2.3158276281025403,8.12044350073256,66.6295979095059,timestamp,nanoseconds_absolute,1.7870574237870198e+18,1.787057423886692e+18,0.09967232000000001,false,true,false,false,true,true,true,false,false,true,true,false,false
W_TEST_01,LONG_CORRIDOR,WEAK_CANDIDATE,MAP,/home/lj/ZPRM/bag/mid360_20260818_205021_part1_20s.bag,d20b50bd4be04229d311717a27021502a74429fa3a143418b18ad70622eb4a6d,sensor_msgs/PointCloud2,"[""livox_frame""]","[""x"",""y"",""z"",""intensity"",""tag"",""line"",""timestamp""]",13,1787057423.8893273,1787057423.9896965,0.10230755805969238,19968,19968,0,-43.534000396728516,66.5009994506836,-5.754000186920166,3.378999948501587,-3.9579999446868896,3.434999942779541,0.0,2.3361141616484353,8.246525336087782,66.62510275057004,timestamp,nanoseconds_absolute,1.7870574238893274e+18,1.7870574239865636e+18,0.09723622400000001,false,true,false,false,true,true,true,false,false,true,true,false,false
W_TEST_01,LONG_CORRIDOR,WEAK_CANDIDATE,MAP,/home/lj/ZPRM/bag/mid360_20260818_205021_part1_20s.bag,d20b50bd4be04229d311717a27021502a74429fa3a143418b18ad70622eb4a6d,sensor_msgs/PointCloud2,"[""livox_frame""]","[""x"",""y"",""z"",""intensity"",""tag"",""line"",""timestamp""]",14,1787057423.987235,1787057424.0893521,0.09790778160095215,20064,20064,0,-43.54100036621094,66.52100372314453,-6.3429999351501465,3.3540000915527344,-3.1630001068115234,3.441999912261963,0.0,2.3428734191279976,8.172109991412535,66.56140877735989,timestamp,nanoseconds_absolute,1.787057423987235e+18,1.7870574240874593e+18,0.10022425600000001,false,true,false,false,true,true,true,false,false,true,true,false,false
W_TEST_01,LONG_CORRIDOR,WEAK_CANDIDATE,MAP,/home/lj/ZPRM/bag/mid360_20260818_205021_part1_20s.bag,d20b50bd4be04229d311717a27021502a74429fa3a143418b18ad70622eb4a6d,sensor_msgs/PointCloud2,"[""livox_frame""]","[""x"",""y"",""z"",""intensity"",""tag"",""line"",""timestamp""]",15,1787057424.0872176,1787057424.1884558,0.09998250007629395,19872,19872,0,-43.542999267578125,66.46800231933594,-5.072000026702881,3.365000009536743,-3.802999973297119,3.440999984741211,0.0,2.319811380930656,8.232736285627285,66.57789235273134,timestamp,nanoseconds_absolute,1.7870574240872177e+18,1.787057424186459e+18,0.09924121600000001,false,true,false,false,true,true,true,false,false,true,true,false,false
W_TEST_01,LONG_CORRIDOR,WEAK_CANDIDATE,MAP,/home/lj/ZPRM/bag/mid360_20260818_205021_part1_20s.bag,d20b50bd4be04229d311717a27021502a74429fa3a143418b18ad70622eb4a6d,sensor_msgs/PointCloud2,"[""livox_frame""]","[""x"",""y"",""z"",""intensity"",""tag"",""line"",""timestamp""]",16,1787057424.1871495,1787057424.2892094,0.09993195533752441,20064,20064,0,-43.57899856567383,65.07099914550781,-7.8429999351501465,3.3499999046325684,-2.7149999141693115,3.438999891281128,0.0,2.317901241184074,8.065887372190389,65.08488591741282,timestamp,nanoseconds_absolute,1.7870574241871496e+18,1.7870574242874967e+18,0.100347136,false,true,false,false,true,true,true,false,false,true,true,false,false
W_TEST_01,LONG_CORRIDOR,WEAK_CANDIDATE,MAP,/home/lj/ZPRM/bag/mid360_20260818_205021_part1_20s.bag,d20b50bd4be04229d311717a27021502a74429fa3a143418b18ad70622eb4a6d,sensor_msgs/PointCloud2,"[""livox_frame""]","[""x"",""y"",""z"",""intensity"",""tag"",""line"",""timestamp""]",17,1787057424.2872224,1787057424.3880928,0.10007286071777344,19968,19968,0,-43.452999114990234,65.13200378417969,-10.305000305175781,3.4140000343322754,-3.122999906539917,3.444000005722046,0.0,2.3385794525309183,8.1231161637118,65.18023475062665,timestamp,nanoseconds_absolute,1.7870574242872223e+18,1.7870574243866212e+18,0.099398912,false,true,false,false,true,true,true,false,false,true,true,false,false
W_TEST_01,LONG_CORRIDOR,WEAK_CANDIDATE,MAP,/home/lj/ZPRM/bag/mid360_20260818_205021_part1_20s.bag,d20b50bd4be04229d311717a27021502a74429fa3a143418b18ad70622eb4a6d,sensor_msgs/PointCloud2,"[""livox_frame""]","[""x"",""y"",""z"",""intensity"",""tag"",""line"",""timestamp""]",18,1787057424.3871047,1787057424.488711,0.09988236427307129,20064,20064,0,-43.362998962402344,65.10199737548828,-6.1620001792907715,3.361999988555908,-2.9760000705718994,3.441999912261963,0.0,2.3245276848824217,8.22879332343177,65.17763543943965,timestamp,nanoseconds_absolute,1.7870574243871048e+18,1.7870574244874857e+18,0.10038092800000001,false,true,false,false,true,true,true,false,false,true,true,false,false
W_TEST_01,LONG_CORRIDOR,WEAK_CANDIDATE,MAP,/home/lj/ZPRM/bag/mid360_20260818_205021_part1_20s.bag,d20b50bd4be04229d311717a27021502a74429fa3a143418b18ad70622eb4a6d,sensor_msgs/PointCloud2,"[""livox_frame""]","[""x"",""y"",""z"",""intensity"",""tag"",""line"",""timestamp""]",19,1787057424.487237,1787057424.5902169,0.10013222694396973,19968,19968,0,-43.553001403808594,64.39900207519531,-10.093000411987305,3.068000078201294,-2.7769999504089355,3.434999942779541,0.0,2.3295848011485116,8.046248581328724,64.40306865581185,timestamp,nanoseconds_absolute,1.7870574244872369e+18,1.7870574245879299e+18,0.10069299200000001,false,true,false,false,true,true,true,false,false,true,true,false,false
W_TEST_01,LONG_CORRIDOR,WEAK_CANDIDATE,MAP,/home/lj/ZPRM/bag/mid360_20260818_205021_part1_20s.bag,d20b50bd4be04229d311717a27021502a74429fa3a143418b18ad70622eb4a6d,sensor_msgs/PointCloud2,"[""livox_frame""]","[""x"",""y"",""z"",""intensity"",""tag"",""line"",""timestamp""]",20,1787057424.587855,1787057424.6879027,0.10061812400817871,19968,19968,0,-43.3120002746582,66.52300262451172,-6.382999897003174,3.3480000495910645,-2.9579999446868896,3.440000057220459,0.0,2.3385298234719523,8.149071147375574,66.55539634632247,timestamp,nanoseconds_absolute,1.787057424587855e+18,1.7870574246868173e+18,0.09896217600000001,false,true,false,false,true,true,true,false,false,true,true,false,false
W_TEST_01,LONG_CORRIDOR,WEAK_CANDIDATE,MAP,/home/lj/ZPRM/bag/mid360_20260818_205021_part1_20s.bag,d20b50bd4be04229d311717a27021502a74429fa3a143418b18ad70622eb4a6d,sensor_msgs/PointCloud2,"[""livox_frame""]","[""x"",""y"",""z"",""intensity"",""tag"",""line"",""timestamp""]",21,1787057424.68786,1787057424.789703,0.10000491142272949,19968,19968,0,-43.558998107910156,66.50299835205078,-6.265999794006348,3.384999990463257,-3.3540000915527344,3.4489998817443848,0.0,2.332618840445557,8.099579222615636,66.55834553030293,timestamp,nanoseconds_absolute,1.78705742468786e+18,1.7870574247867543e+18,0.098894336,false,true,false,false,true,true,true,false,false,true,true,false,false
W_TEST_01,LONG_CORRIDOR,WEAK_CANDIDATE,MAP,/home/lj/ZPRM/bag/mid360_20260818_205021_part1_20s.bag,d20b50bd4be04229d311717a27021502a74429fa3a143418b18ad70622eb4a6d,sensor_msgs/PointCloud2,"[""livox_frame""]","[""x"",""y"",""z"",""intensity"",""tag"",""line"",""timestamp""]",22,1787057424.7895756,1787057424.8891933,0.1017155647277832,20064,20064,0,-43.56399917602539,65.08499908447266,-5.2170000076293945,3.371000051498413,-2.9590001106262207,3.438999891281128,0.0,2.299135817966274,7.996858574698643,65.16005255788696,timestamp,nanoseconds_absolute,1.7870574247895757e+18,1.787057424887977e+18,0.09840128000000001,false,true,false,false,true,true,true,false,false,true,true,false,false
W_TEST_01,LONG_CORRIDOR,WEAK_CANDIDATE,MAP,/home/lj/ZPRM/bag/mid360_20260818_205021_part1_20s.bag,d20b50bd4be04229d311717a27021502a74429fa3a143418b18ad70622eb4a6d,sensor_msgs/PointCloud2,"[""livox_frame""]","[""x"",""y"",""z"",""intensity"",""tag"",""line"",""timestamp""]",23,1787057424.8875868,1787057424.9880261,0.09801125526428223,19968,19968,0,-43.553001403808594,65.00599670410156,-6.126999855041504,3.187999963760376,-2.7290000915527344,3.437000036239624,0.0,2.3411208368455325,8.38376274314781,65.0212687165881,timestamp,nanoseconds_absolute,1.7870574248875868e+18,1.7870574249867246e+18,0.099137792,false,true,false,false,true,true,true,false,false,true,true,false,false
W_TEST_01,LONG_CORRIDOR,WEAK_CANDIDATE,MAP,/home/lj/ZPRM/bag/mid360_20260818_205021_part1_20s.bag,d20b50bd4be04229d311717a27021502a74429fa3a143418b18ad70622eb4a6d,sensor_msgs/PointCloud2,"[""livox_frame""]","[""x"",""y"",""z"",""intensity"",""tag"",""line"",""timestamp""]",24,1787057424.9873257,1787057425.0898228,0.09973883628845215,20064,20064,0,-43.62300109863281,66.50399780273438,-6.074999809265137,3.3459999561309814,-2.694999933242798,3.447999954223633,0.0,2.340596522310177,8.131995268839876,66.57369462492369,timestamp,nanoseconds_absolute,1.7870574249873257e+18,1.7870574250878124e+18,0.10048665600000001,false,true,false,false,true,true,true,false,false,true,true,false,false
W_TEST_01,LONG_CORRIDOR,WEAK_CANDIDATE,MAP,/home/lj/ZPRM/bag/mid360_20260818_205021_part1_20s.bag,d20b50bd4be04229d311717a27021502a74429fa3a143418b18ad70622eb4a6d,sensor_msgs/PointCloud2,"[""livox_frame""]","[""x"",""y"",""z"",""intensity"",""tag"",""line"",""timestamp""]",25,1787057425.0875654,1787057425.188153,0.10023975372314453,19968,19968,0,-43.5880012512207,66.55999755859375,-5.3979997634887695,4.690000057220459,-3.3450000286102295,3.440999984741211,0.0,2.313814179791439,8.174043564486027,66.5981861621671,timestamp,nanoseconds_absolute,1.7870574250875653e+18,1.787057425186824e+18,0.099258624,false,true,false,false,true,true,true,false,false,true,true,false,false
W_TEST_01,LONG_CORRIDOR,WEAK_CANDIDATE,MAP,/home/lj/ZPRM/bag/mid360_20260818_205021_part1_20s.bag,d20b50bd4be04229d311717a27021502a74429fa3a143418b18ad70622eb4a6d,sensor_msgs/PointCloud2,"[""livox_frame""]","[""x"",""y"",""z"",""intensity"",""tag"",""line"",""timestamp""]",26,1787057425.1874306,1787057425.2888246,0.09986519813537598,19968,19968,0,-43.59299850463867,66.45999908447266,-5.7220001220703125,3.2309999465942383,-3.765000104904175,3.437999963760376,0.0,2.3139727173898335,7.9690580519349075,66.57730183816501,timestamp,nanoseconds_absolute,1.7870574251874307e+18,1.7870574252878172e+18,0.10038656,false,true,false,false,true,true,true,false,false,true,true,false,false
W_TEST_01,LONG_CORRIDOR,WEAK_CANDIDATE,MAP,/home/lj/ZPRM/bag/mid360_20260818_205021_part1_20s.bag,d20b50bd4be04229d311717a27021502a74429fa3a143418b18ad70622eb4a6d,sensor_msgs/PointCloud2,"[""livox_frame""]","[""x"",""y"",""z"",""intensity"",""tag"",""line"",""timestamp""]",27,1787057425.2875056,1787057425.389063,0.10007500648498535,20064,20064,0,-43.53300094604492,65.1510009765625,-6.486000061035156,3.3529999256134033,-3.2339999675750732,3.447000026702881,0.0,2.339581648626516,8.131507146961054,65.17106310596319,timestamp,nanoseconds_absolute,1.7870574252875057e+18,1.7870574253878973e+18,0.10039168000000001,false,true,false,false,true,true,true,false,false,true,true,false,false
W_TEST_01,LONG_CORRIDOR,WEAK_CANDIDATE,MAP,/home/lj/ZPRM/bag/mid360_20260818_205021_part1_20s.bag,d20b50bd4be04229d311717a27021502a74429fa3a143418b18ad70622eb4a6d,sensor_msgs/PointCloud2,"[""livox_frame""]","[""x"",""y"",""z"",""intensity"",""tag"",""line"",""timestamp""]",28,1787057425.387643,1787057425.4895723,0.10013747215270996,19968,19968,0,-41.24399948120117,66.53600311279297,-5.948999881744385,3.4049999713897705,-3.5950000286102295,3.4839999675750732,0.0,2.330798941854966,8.328594755407243,66.61677500700515,timestamp,nanoseconds_absolute,1.7870574253876431e+18,1.787057425487861e+18,0.10021785600000001,false,true,false,false,true,true,true,false,false,true,true,false,false
W_TEST_01,LONG_CORRIDOR,WEAK_CANDIDATE,MAP,/home/lj/ZPRM/bag/mid360_20260818_205021_part1_20s.bag,d20b50bd4be04229d311717a27021502a74429fa3a143418b18ad70622eb4a6d,sensor_msgs/PointCloud2,"[""livox_frame""]","[""x"",""y"",""z"",""intensity"",""tag"",""line"",""timestamp""]",29,1787057425.4902482,1787057425.58801,0.10260510444641113,19968,19968,0,-43.49800109863281,65.0719985961914,-7.834000110626221,3.371999979019165,-3.1470000743865967,3.444000005722046,0.0,2.3246977189897056,8.055615358651146,65.10078806108693,timestamp,nanoseconds_absolute,1.7870574254902482e+18,1.7870574255868237e+18,0.096575488,false,true,false,false,true,true,true,false,false,true,true,false,false
W_TEST_01,LONG_CORRIDOR,WEAK_CANDIDATE,MAP,/home/lj/ZPRM/bag/mid360_20260818_205021_part1_20s.bag,d20b50bd4be04229d311717a27021502a74429fa3a143418b18ad70622eb4a6d,sensor_msgs/PointCloud2,"[""livox_frame""]","[""x"",""y"",""z"",""intensity"",""tag"",""line"",""timestamp""]",30,1787057425.5885475,1787057425.6893377,0.09829926490783691,20064,20064,0,-43.47200012207031,65.11699676513672,-8.095000267028809,3.0230000019073486,-2.756999969482422,3.437000036239624,0.0,2.310475289260053,7.933419311524323,65.14836950311643,timestamp,nanoseconds_absolute,1.7870574255885476e+18,1.7870574256879299e+18,0.09938227200000001,false,true,false,false,true,true,true,false,false,true,true,false,false
W_TEST_01,LONG_CORRIDOR,WEAK_CANDIDATE,MAP,/home/lj/ZPRM/bag/mid360_20260818_205021_part1_20s.bag,d20b50bd4be04229d311717a27021502a74429fa3a143418b18ad70622eb4a6d,sensor_msgs/PointCloud2,"[""livox_frame""]","[""x"",""y"",""z"",""intensity"",""tag"",""line"",""timestamp""]",31,1787057425.6876748,1787057425.7878969,0.09912729263305664,19872,19872,0,-43.542999267578125,66.48200225830078,-10.152999877929688,3.4010000228881836,-3.739000082015991,3.447999954223633,0.0,2.330111054236781,8.016829192676694,66.59043803476521,timestamp,nanoseconds_absolute,1.787057425687675e+18,1.787057425786721e+18,0.099046144,false,true,false,false,true,true,true,false,false,true,true,false,false
W_TEST_01,LONG_CORRIDOR,WEAK_CANDIDATE,MAP,/home/lj/ZPRM/bag/mid360_20260818_205021_part1_20s.bag,d20b50bd4be04229d311717a27021502a74429fa3a143418b18ad70622eb4a6d,sensor_msgs/PointCloud2,"[""livox_frame""]","[""x"",""y"",""z"",""intensity"",""tag"",""line"",""timestamp""]",32,1787057425.7865863,1787057425.8887153,0.09891152381896973,20064,20064,0,-43.50899887084961,66.572998046875,-5.135000228881836,3.367000102996826,-3.921999931335449,3.437999963760376,0.0,2.3084761002926433,8.065596613841542,66.61052490877825,timestamp,nanoseconds_absolute,1.7870574257865864e+18,1.7870574258867072e+18,0.100120832,false,true,false,false,true,true,true,false,false,true,true,false,false
W_TEST_01,LONG_CORRIDOR,WEAK_CANDIDATE,MAP,/home/lj/ZPRM/bag/mid360_20260818_205021_part1_20s.bag,d20b50bd4be04229d311717a27021502a74429fa3a143418b18ad70622eb4a6d,sensor_msgs/PointCloud2,"[""livox_frame""]","[""x"",""y"",""z"",""intensity"",""tag"",""line"",""timestamp""]",33,1787057425.8885658,1787057425.9884453,0.10197949409484863,19968,19968,0,-43.597999572753906,66.45999908447266,-5.948999881744385,3.3540000915527344,-3.6710000038146973,3.440000057220459,0.0,2.326606831962353,8.358174007860061,66.56865508916673,timestamp,nanoseconds_absolute,1.7870574258885658e+18,1.7870574259866852e+18,0.09811942400000001,false,true,false,false,true,true,true,false,false,true,true,false,false
W_TEST_01,LONG_CORRIDOR,WEAK_CANDIDATE,MAP,/home/lj/ZPRM/bag/mid360_20260818_205021_part1_20s.bag,d20b50bd4be04229d311717a27021502a74429fa3a143418b18ad70622eb4a6d,sensor_msgs/PointCloud2,"[""livox_frame""]","[""x"",""y"",""z"",""intensity"",""tag"",""line"",""timestamp""]",34,1787057425.9875784,1787057426.0877984,0.09901261329650879,19968,19968,0,-43.551998138427734,65.08599853515625,-7.484000205993652,3.364000082015991,-2.6029999256134033,3.450000047683716,0.0,2.337605624072788,8.056664421993412,65.11166729714205,timestamp,nanoseconds_absolute,1.7870574259875784e+18,1.78705742608669e+18,0.09911168000000001,false,true,false,false,true,true,true,false,false,true,true,false,false
W_TEST_01,LONG_CORRIDOR,WEAK_CANDIDATE,MAP,/home/lj/ZPRM/bag/mid360_20260818_205021_part1_20s.bag,d20b50bd4be04229d311717a27021502a74429fa3a143418b18ad70622eb4a6d,sensor_msgs/PointCloud2,"[""livox_frame""]","[""x"",""y"",""z"",""intensity"",""tag"",""line"",""timestamp""]",35,1787057426.0865512,1787057426.1886637,0.09897279739379883,20064,20064,0,-43.47100067138672,66.51100158691406,-6.339000225067139,3.371000051498413,-2.7890000343322754,3.437000036239624,0.0,2.3033393029390625,8.150329074213714,66.56334109383226,timestamp,nanoseconds_absolute,1.7870574260865513e+18,1.7870574261868388e+18,0.10028748800000001,false,true,false,false,true,true,true,false,false,true,true,false,false
W_TEST_01,LONG_CORRIDOR,WEAK_CANDIDATE,MAP,/home/lj/ZPRM/bag/mid360_20260818_205021_part1_20s.bag,d20b50bd4be04229d311717a27021502a74429fa3a143418b18ad70622eb4a6d,sensor_msgs/PointCloud2,"[""livox_frame""]","[""x"",""y"",""z"",""intensity"",""tag"",""line"",""timestamp""]",36,1787057426.1875808,1787057426.2897062,0.10102963447570801,19968,19968,0,-43.486000061035156,66.47000122070312,-5.461999893188477,3.364000082015991,-3.630000114440918,3.437999963760376,0.0,2.3130973842209066,8.339619102058702,66.60743264636642,timestamp,nanoseconds_absolute,1.787057426187581e+18,1.787057426286801e+18,0.099219968,false,true,false,false,true,true,true,false,false,true,true,false,false
W_TEST_01,LONG_CORRIDOR,WEAK_CANDIDATE,MAP,/home/lj/ZPRM/bag/mid360_20260818_205021_part1_20s.bag,d20b50bd4be04229d311717a27021502a74429fa3a143418b18ad70622eb4a6d,sensor_msgs/PointCloud2,"[""livox_frame""]","[""x"",""y"",""z"",""intensity"",""tag"",""line"",""timestamp""]",37,1787057426.286685,1787057426.3894851,0.09910416603088379,19968,19968,0,-43.5629997253418,66.51499938964844,-8.116999626159668,3.375,-2.6649999618530273,3.436000108718872,0.0,2.3339192787790832,8.141328470426613,66.5536480518948,timestamp,nanoseconds_absolute,1.787057426286685e+18,1.7870574263866831e+18,0.099998208,false,true,false,false,true,true,true,false,false,true,true,false,false
W_TEST_01,LONG_CORRIDOR,WEAK_CANDIDATE,MAP,/home/lj/ZPRM/bag/mid360_20260818_205021_part1_20s.bag,d20b50bd4be04229d311717a27021502a74429fa3a143418b18ad70622eb4a6d,sensor_msgs/PointCloud2,"[""livox_frame""]","[""x"",""y"",""z"",""intensity"",""tag"",""line"",""timestamp""]",38,1787057426.386566,1787057426.4887543,0.09988093376159668,19968,19968,0,-43.48099899291992,66.46199798583984,-10.130000114440918,3.3970000743865967,-3.88100004196167,3.438999891281128,0.0,2.3278562182715374,8.30924453747292,66.57523673705876,timestamp,nanoseconds_absolute,1.787057426386566e+18,1.7870574264867768e+18,0.10021094400000001,false,true,false,false,true,true,true,false,false,true,true,false,false
W_TEST_01,LONG_CORRIDOR,WEAK_CANDIDATE,MAP,/home/lj/ZPRM/bag/mid360_20260818_205021_part1_20s.bag,d20b50bd4be04229d311717a27021502a74429fa3a143418b18ad70622eb4a6d,sensor_msgs/PointCloud2,"[""livox_frame""]","[""x"",""y"",""z"",""intensity"",""tag"",""line"",""timestamp""]",39,1787057426.489378,1787057426.5877864,0.10281205177307129,19968,19968,0,-43.382999420166016,66.49700164794922,-7.427000045776367,4.629000186920166,-2.947999954223633,3.440000057220459,0.0,2.314984976242044,8.240374088402886,66.51975930020657,timestamp,nanoseconds_absolute,1.787057426489378e+18,1.787057426586664e+18,0.097285888,false,true,false,false,true,true,true,false,false,true,true,false,false
W_TEST_01,LONG_CORRIDOR,WEAK_CANDIDATE,MAP,/home/lj/ZPRM/bag/mid360_20260818_205021_part1_20s.bag,d20b50bd4be04229d311717a27021502a74429fa3a143418b18ad70622eb4a6d,sensor_msgs/PointCloud2,"[""livox_frame""]","[""x"",""y"",""z"",""intensity"",""tag"",""line"",""timestamp""]",40,1787057426.5864038,1787057426.6877391,0.09702587127685547,19968,19968,0,-43.62200164794922,66.46099853515625,-5.49399995803833,3.3559999465942383,-3.803999900817871,3.443000078201294,0.0,2.3241844692619056,8.143710452517407,66.57332863517952,timestamp,nanoseconds_absolute,1.7870574265864038e+18,1.7870574266866744e+18,0.100270592,false,true,false,false,true,true,true,false,false,true,true,false,false
W_TEST_01,LONG_CORRIDOR,WEAK_CANDIDATE,MAP,/home/lj/ZPRM/bag/mid360_20260818_205021_part1_20s.bag,d20b50bd4be04229d311717a27021502a74429fa3a143418b18ad70622eb4a6d,sensor_msgs/PointCloud2,"[""livox_frame""]","[""x"",""y"",""z"",""intensity"",""tag"",""line"",""timestamp""]",41,1787057426.6867566,1787057426.7879527,0.10035276412963867,20064,20064,0,-43.569000244140625,66.57599639892578,-7.224999904632568,3.2290000915527344,-2.569000005722046,3.447000026702881,0.0,2.3193937902419686,8.22570767649847,66.62423406871271,timestamp,nanoseconds_absolute,1.7870574266867566e+18,1.7870574267867681e+18,0.10001152,false,true,false,false,true,true,true,false,false,true,true,false,false
W_TEST_01,LONG_CORRIDOR,WEAK_CANDIDATE,MAP,/home/lj/ZPRM/bag/mid360_20260818_205021_part1_20s.bag,d20b50bd4be04229d311717a27021502a74429fa3a143418b18ad70622eb4a6d,sensor_msgs/PointCloud2,"[""livox_frame""]","[""x"",""y"",""z"",""intensity"",""tag"",""line"",""timestamp""]",42,1787057426.786512,1787057426.8878503,0.09975528717041016,19872,19872,0,-41.263999938964844,66.56700134277344,-6.303999900817871,3.382999897003174,-3.3420000076293945,3.440999984741211,0.0,2.319613545159436,8.317577622598264,66.61856180339323,timestamp,nanoseconds_absolute,1.787057426786512e+18,1.7870574268866765e+18,0.100164608,false,true,false,false,true,true,true,false,false,true,true,false,false
W_TEST_01,LONG_CORRIDOR,WEAK_CANDIDATE,MAP,/home/lj/ZPRM/bag/mid360_20260818_205021_part1_20s.bag,d20b50bd4be04229d311717a27021502a74429fa3a143418b18ad70622eb4a6d,sensor_msgs/PointCloud2,"[""livox_frame""]","[""x"",""y"",""z"",""intensity"",""tag"",""line"",""timestamp""]",43,1787057426.8862667,1787057426.9880922,0.09975481033325195,20064,20064,0,-43.599998474121094,65.13600158691406,-5.2769999504089355,3.3589999675750732,-2.7780001163482666,3.440999984741211,0.0,2.322237497059799,8.183823241946953,65.13728937969921,timestamp,nanoseconds_absolute,1.7870574268862666e+18,1.787057426986749e+18,0.10048230400000001,false,true,false,false,true,true,true,false,false,true,true,false,false
W_TEST_01,LONG_CORRIDOR,WEAK_CANDIDATE,MAP,/home/lj/ZPRM/bag/mid360_20260818_205021_part1_20s.bag,d20b50bd4be04229d311717a27021502a74429fa3a143418b18ad70622eb4a6d,sensor_msgs/PointCloud2,"[""livox_frame""]","[""x"",""y"",""z"",""intensity"",""tag"",""line"",""timestamp""]",44,1787057426.9865546,1787057427.0878346,0.10028791427612305,19968,19968,0,-43.65800094604492,66.49500274658203,-5.561999797821045,3.4140000343322754,-3.815999984741211,3.441999912261963,0.0,2.3471778702815804,8.274515793285975,66.54811045792117,timestamp,nanoseconds_absolute,1.7870574269865546e+18,1.7870574270866824e+18,0.100127744,false,true,false,false,true,true,true,false,false,true,true,false,false
W_TEST_01,LONG_CORRIDOR,WEAK_CANDIDATE,MAP,/home/lj/ZPRM/bag/mid360_20260818_205021_part1_20s.bag,d20b50bd4be04229d311717a27021502a74429fa3a143418b18ad70622eb4a6d,sensor_msgs/PointCloud2,"[""livox_frame""]","[""x"",""y"",""z"",""intensity"",""tag"",""line"",""timestamp""]",45,1787057427.0864284,1787057427.1877682,0.09987378120422363,20064,20064,0,-43.41400146484375,66.52400207519531,-6.329999923706055,3.4159998893737793,-3.7920000553131104,3.4860000610351562,0.0,2.321981363332135,8.191394291525635,66.63268823576344,timestamp,nanoseconds_absolute,1.7870574270864284e+18,1.787057427186746e+18,0.10031769600000001,false,true,false,false,true,true,true,false,false,true,true,false,false
W_TEST_01,LONG_CORRIDOR,WEAK_CANDIDATE,MAP,/home/lj/ZPRM/bag/mid360_20260818_205021_part1_20s.bag,d20b50bd4be04229d311717a27021502a74429fa3a143418b18ad70622eb4a6d,sensor_msgs/PointCloud2,"[""livox_frame""]","[""x"",""y"",""z"",""intensity"",""tag"",""line"",""timestamp""]",46,1787057427.1864817,1787057427.2881122,0.10005331039428711,19968,19968,0,-43.481998443603516,66.51000213623047,-5.60699987411499,3.3580000400543213,-2.75600004196167,3.440000057220459,0.0,2.3169617745904465,8.249297071318608,66.53635867212202,timestamp,nanoseconds_absolute,1.7870574271864817e+18,1.7870574272867996e+18,0.100317952,false,true,false,false,true,true,true,false,false,true,true,false,false
W_TEST_01,LONG_CORRIDOR,WEAK_CANDIDATE,MAP,/home/lj/ZPRM/bag/mid360_20260818_205021_part1_20s.bag,d20b50bd4be04229d311717a27021502a74429fa3a143418b18ad70622eb4a6d,sensor_msgs/PointCloud2,"[""livox_frame""]","[""x"",""y"",""z"",""intensity"",""tag"",""line"",""timestamp""]",47,1787057427.286533,1787057427.3881166,0.1000514030456543,19968,19968,0,-43.54100036621094,65.0719985961914,-6.1620001792907715,3.3919999599456787,-2.7239999771118164,3.440999984741211,0.0,2.344452810404048,8.18340616937166,65.07990726200269,timestamp,nanoseconds_absolute,1.787057427286533e+18,1.7870574273867528e+18,0.10021964800000001,false,true,false,false,true,true,true,false,false,true,true,false,false
W_TEST_01,LONG_CORRIDOR,WEAK_CANDIDATE,MAP,/home/lj/ZPRM/bag/mid360_20260818_205021_part1_20s.bag,d20b50bd4be04229d311717a27021502a74429fa3a143418b18ad70622eb4a6d,sensor_msgs/PointCloud2,"[""livox_frame""]","[""x"",""y"",""z"",""intensity"",""tag"",""line"",""timestamp""]",48,1787057427.386487,1787057427.487848,0.09995388984680176,19968,19968,0,-43.487998962402344,65.10399627685547,-5.53000020980835,3.260999917984009,-2.6559998989105225,3.446000099182129,0.0,2.3344523565329003,8.364984708842576,65.14714346397396,timestamp,nanoseconds_absolute,1.787057427386487e+18,1.7870574274866196e+18,0.10013260800000001,false,true,false,false,true,true,true,false,false,true,true,false,false
W_TEST_01,LONG_CORRIDOR,WEAK_CANDIDATE,MAP,/home/lj/ZPRM/bag/mid360_20260818_205021_part1_20s.bag,d20b50bd4be04229d311717a27021502a74429fa3a143418b18ad70622eb4a6d,sensor_msgs/PointCloud2,"[""livox_frame""]","[""x"",""y"",""z"",""intensity"",""tag"",""line"",""timestamp""]",49,1787057427.4863524,1787057427.587903,0.09986543655395508,19968,19968,0,-43.369998931884766,66.51699829101562,-6.366000175476074,3.359999895095825,-3.936000108718872,3.443000078201294,0.0,2.315572149127982,8.226779994946465,66.61324156750608,timestamp,nanoseconds_absolute,1.7870574274863524e+18,1.7870574275866716e+18,0.10031923200000001,false,true,false,false,true,true,true,false,false,true,true,false,false
W_TEST_01,LONG_CORRIDOR,WEAK_CANDIDATE,MAP,/home/lj/ZPRM/bag/mid360_20260818_205021_part1_20s.bag,d20b50bd4be04229d311717a27021502a74429fa3a143418b18ad70622eb4a6d,sensor_msgs/PointCloud2,"[""livox_frame""]","[""x"",""y"",""z"",""intensity"",""tag"",""line"",""timestamp""]",50,1787057427.5864096,1787057427.6878207,0.10005712509155273,19968,19968,0,-43.50299835205078,66.5260009765625,-5.843999862670898,3.3970000743865967,-3.565999984741211,3.440000057220459,0.0,2.3215711219660364,8.156501418598332,66.59830313713454,timestamp,nanoseconds_absolute,1.7870574275864095e+18,1.7870574276866163e+18,0.100206848,false,true,false,false,true,true,true,false,false,true,true,false,false
W_TEST_01,LONG_CORRIDOR,WEAK_CANDIDATE,MAP,/home/lj/ZPRM/bag/mid360_20260818_205021_part1_20s.bag,d20b50bd4be04229d311717a27021502a74429fa3a143418b18ad70622eb4a6d,sensor_msgs/PointCloud2,"[""livox_frame""]","[""x"",""y"",""z"",""intensity"",""tag"",""line"",""timestamp""]",51,1787057427.6865373,1787057427.7893205,0.1001276969909668,19968,19968,0,-43.57400131225586,65.11399841308594,-6.3480000495910645,3.365000009536743,-2.5820000171661377,3.434999942779541,0.0,2.32709883277798,8.193082830050379,65.16855935959397,timestamp,nanoseconds_absolute,1.7870574276865372e+18,1.787057427786667e+18,0.10012979200000001,false,true,false,false,true,true,true,false,false,true,true,false,false
W_TEST_01,LONG_CORRIDOR,WEAK_CANDIDATE,MAP,/home/lj/ZPRM/bag/mid360_20260818_205021_part1_20s.bag,d20b50bd4be04229d311717a27021502a74429fa3a143418b18ad70622eb4a6d,sensor_msgs/PointCloud2,"[""livox_frame""]","[""x"",""y"",""z"",""intensity"",""tag"",""line"",""timestamp""]",52,1787057427.7863164,1787057427.8881927,0.09977912902832031,20064,20064,0,-43.457000732421875,66.45500183105469,-6.434000015258789,4.666999816894531,-2.734999895095825,3.4860000610351562,0.0,2.3303174911791777,8.197764879644122,66.48152547260932,timestamp,nanoseconds_absolute,1.7870574277863163e+18,1.7870574278867302e+18,0.100413952,false,true,false,false,true,true,true,false,false,true,true,false,false
W_TEST_01,LONG_CORRIDOR,WEAK_CANDIDATE,MAP,/home/lj/ZPRM/bag/mid360_20260818_205021_part1_20s.bag,d20b50bd4be04229d311717a27021502a74429fa3a143418b18ad70622eb4a6d,sensor_msgs/PointCloud2,"[""livox_frame""]","[""x"",""y"",""z"",""intensity"",""tag"",""line"",""timestamp""]",53,1787057427.8864655,1787057427.9884806,0.10014915466308594,19968,19968,0,-43.52399826049805,66.58100128173828,-5.685999870300293,4.51200008392334,-2.749000072479248,3.434999942779541,0.0,2.305415653905686,8.36907919653979,66.61192707393597,timestamp,nanoseconds_absolute,1.7870574278864655e+18,1.787057427986682e+18,0.100216576,false,true,false,false,true,true,true,false,false,true,true,false,false
W_TEST_01,LONG_CORRIDOR,WEAK_CANDIDATE,MAP,/home/lj/ZPRM/bag/mid360_20260818_205021_part1_20s.bag,d20b50bd4be04229d311717a27021502a74429fa3a143418b18ad70622eb4a6d,sensor_msgs/PointCloud2,"[""livox_frame""]","[""x"",""y"",""z"",""intensity"",""tag"",""line"",""timestamp""]",54,1787057427.9876544,1787057428.088176,0.10118889808654785,20064,20064,0,-43.60900115966797,65.05799865722656,-6.2170000076293945,3.3459999561309814,-2.694000005722046,3.440000057220459,0.0,2.316420112655333,8.154880215561862,65.07116407583226,timestamp,nanoseconds_absolute,1.7870574279876544e+18,1.7870574280868352e+18,0.0991808,false,true,false,false,true,true,true,false,false,true,true,false,false
W_TEST_01,LONG_CORRIDOR,WEAK_CANDIDATE,MAP,/home/lj/ZPRM/bag/mid360_20260818_205021_part1_20s.bag,d20b50bd4be04229d311717a27021502a74429fa3a143418b18ad70622eb4a6d,sensor_msgs/PointCloud2,"[""livox_frame""]","[""x"",""y"",""z"",""intensity"",""tag"",""line"",""timestamp""]",55,1787057428.0866194,1787057428.1882539,0.09896492958068848,19968,19968,0,-43.58399963378906,66.45899963378906,-6.3460001945495605,3.385999917984009,-2.882999897003174,3.437999963760376,0.0,2.3275862711313433,8.311695818767445,66.48334441327457,timestamp,nanoseconds_absolute,1.7870574280866194e+18,1.7870574281868147e+18,0.100195328,false,true,false,false,true,true,true,false,false,true,true,false,false
W_TEST_01,LONG_CORRIDOR,WEAK_CANDIDATE,MAP,/home/lj/ZPRM/bag/mid360_20260818_205021_part1_20s.bag,d20b50bd4be04229d311717a27021502a74429fa3a143418b18ad70622eb4a6d,sensor_msgs/PointCloud2,"[""livox_frame""]","[""x"",""y"",""z"",""intensity"",""tag"",""line"",""timestamp""]",56,1787057428.1865542,1787057428.2881172,0.09993481636047363,19968,19968,0,-43.37300109863281,66.56300354003906,-6.089000225067139,3.197000026702881,-3.674999952316284,3.4489998817443848,0.0,2.3118371715696617,8.191364018455618,66.65425742446078,timestamp,nanoseconds_absolute,1.787057428186554e+18,1.7870574282867924e+18,0.10023833600000001,false,true,false,false,true,true,true,false,false,true,true,false,false
W_TEST_01,LONG_CORRIDOR,WEAK_CANDIDATE,MAP,/home/lj/ZPRM/bag/mid360_20260818_205021_part1_20s.bag,d20b50bd4be04229d311717a27021502a74429fa3a143418b18ad70622eb4a6d,sensor_msgs/PointCloud2,"[""livox_frame""]","[""x"",""y"",""z"",""intensity"",""tag"",""line"",""timestamp""]",57,1787057428.2865367,1787057428.3900003,0.09998250007629395,20064,20064,0,-43.58399963378906,66.48999786376953,-9.161999702453613,3.3559999465942383,-3.690999984741211,3.440000057220459,0.0,2.306621705622268,8.126181608001993,66.59890228722944,timestamp,nanoseconds_absolute,1.7870574282865367e+18,1.787057428386909e+18,0.10037222400000001,false,true,false,false,true,true,true,false,false,true,true,false,false
W_TEST_01,LONG_CORRIDOR,WEAK_CANDIDATE,MAP,/home/lj/ZPRM/bag/mid360_20260818_205021_part1_20s.bag,d20b50bd4be04229d311717a27021502a74429fa3a143418b18ad70622eb4a6d,sensor_msgs/PointCloud2,"[""livox_frame""]","[""x"",""y"",""z"",""intensity"",""tag"",""line"",""timestamp""]",58,1787057428.386657,1787057428.4896545,0.10012030601501465,19968,19968,0,-43.56700134277344,65.06400299072266,-7.5329999923706055,3.368000030517578,-2.5920000076293945,3.434000015258789,0.0,2.3157100285094208,8.255364773250196,65.06772000143987,timestamp,nanoseconds_absolute,1.787057428386657e+18,1.7870574284869688e+18,0.100311808,false,true,false,false,true,true,true,false,false,true,true,false,false
W_TEST_01,LONG_CORRIDOR,WEAK_CANDIDATE,MAP,/home/lj/ZPRM/bag/mid360_20260818_205021_part1_20s.bag,d20b50bd4be04229d311717a27021502a74429fa3a143418b18ad70622eb4a6d,sensor_msgs/PointCloud2,"[""livox_frame""]","[""x"",""y"",""z"",""intensity"",""tag"",""line"",""timestamp""]",59,1787057428.488911,1787057428.5891306,0.10225391387939453,19968,19968,0,-41.224998474121094,66.56900024414062,-6.182000160217285,3.3970000743865967,-3.3540000915527344,3.4719998836517334,0.0,2.3209957911258137,8.300694901338764,66.60840351289275,timestamp,nanoseconds_absolute,1.7870574284889108e+18,1.787057428586889e+18,0.097978112,false,true,false,false,true,true,true,false,false,true,true,false,false
W_TEST_01,LONG_CORRIDOR,WEAK_CANDIDATE,MAP,/home/lj/ZPRM/bag/mid360_20260818_205021_part1_20s.bag,d20b50bd4be04229d311717a27021502a74429fa3a143418b18ad70622eb4a6d,sensor_msgs/PointCloud2,"[""livox_frame""]","[""x"",""y"",""z"",""intensity"",""tag"",""line"",""timestamp""]",60,1787057428.5882277,1787057428.6890838,0.09931683540344238,19968,19968,0,-43.52000045776367,66.53099822998047,-5.493000030517578,3.3429999351501465,-3.5999999046325684,3.437999963760376,0.0,2.3070351165296508,8.298469914022098,66.57041156935034,timestamp,nanoseconds_absolute,1.7870574285882278e+18,1.7870574286867758e+18,0.098547968,false,true,false,false,true,true,true,false,false,true,true,false,false
W_TEST_01,LONG_CORRIDOR,WEAK_CANDIDATE,MAP,/home/lj/ZPRM/bag/mid360_20260818_205021_part1_20s.bag,d20b50bd4be04229d311717a27021502a74429fa3a143418b18ad70622eb4a6d,sensor_msgs/PointCloud2,"[""livox_frame""]","[""x"",""y"",""z"",""intensity"",""tag"",""line"",""timestamp""]",61,1787057428.686514,1787057428.78869,0.09828615188598633,20064,20064,0,-43.59600067138672,65.08200073242188,-8.067000389099121,3.378999948501587,-2.881999969482422,3.440999984741211,0.0,2.318328605249505,8.081586923366643,65.11613366999124,timestamp,nanoseconds_absolute,1.787057428686514e+18,1.787057428787225e+18,0.100711168,false,true,false,false,true,true,true,false,false,true,true,false,false
W_TEST_01,LONG_CORRIDOR,WEAK_CANDIDATE,MAP,/home/lj/ZPRM/bag/mid360_20260818_205021_part1_20s.bag,d20b50bd4be04229d311717a27021502a74429fa3a143418b18ad70622eb4a6d,sensor_msgs/PointCloud2,"[""livox_frame""]","[""x"",""y"",""z"",""intensity"",""tag"",""line"",""timestamp""]",62,1787057428.7873027,1787057428.8896174,0.10078883171081543,19968,19968,0,-43.542999267578125,65.0770034790039,-10.177000045776367,3.380000114440918,-3.1040000915527344,3.438999891281128,0.0,2.312386116581183,8.270471746493563,65.13018754618982,timestamp,nanoseconds_absolute,1.7870574287873027e+18,1.7870574288868198e+18,0.09951718400000001,false,true,false,false,true,true,true,false,false,true,true,false,false
W_TEST_01,LONG_CORRIDOR,WEAK_CANDIDATE,MAP,/home/lj/ZPRM/bag/mid360_20260818_205021_part1_20s.bag,d20b50bd4be04229d311717a27021502a74429fa3a143418b18ad70622eb4a6d,sensor_msgs/PointCloud2,"[""livox_frame""]","[""x"",""y"",""z"",""intensity"",""tag"",""line"",""timestamp""]",63,1787057428.8895,1787057428.988423,0.10219717025756836,19968,19968,0,-43.5260009765625,65.09200286865234,-5.857999801635742,3.359999895095825,-3.0850000381469727,3.444000005722046,0.0,2.3045744350858035,8.310413793326592,65.15700348916121,timestamp,nanoseconds_absolute,1.7870574288895e+18,1.7870574289869322e+18,0.09743232,false,true,false,false,true,true,true,false,false,true,true,false,false
W_TEST_01,LONG_CORRIDOR,WEAK_CANDIDATE,MAP,/home/lj/ZPRM/bag/mid360_20260818_205021_part1_20s.bag,d20b50bd4be04229d311717a27021502a74429fa3a143418b18ad70622eb4a6d,sensor_msgs/PointCloud2,"[""livox_frame""]","[""x"",""y"",""z"",""intensity"",""tag"",""line"",""timestamp""]",64,1787057428.9867084,1787057429.0888374,0.09720849990844727,20064,20064,0,-43.53200149536133,64.2300033569336,-9.982000350952148,3.3329999446868896,-2.746999979019165,3.443000078201294,0.0,2.317075044798938,8.189594957313956,64.23936842210875,timestamp,nanoseconds_absolute,1.7870574289867085e+18,1.7870574290871107e+18,0.10040217600000001,false,true,false,false,true,true,true,false,false,true,true,false,false
W_TEST_01,LONG_CORRIDOR,WEAK_CANDIDATE,MAP,/home/lj/ZPRM/bag/mid360_20260818_205021_part1_20s.bag,d20b50bd4be04229d311717a27021502a74429fa3a143418b18ad70622eb4a6d,sensor_msgs/PointCloud2,"[""livox_frame""]","[""x"",""y"",""z"",""intensity"",""tag"",""line"",""timestamp""]",65,1787057429.086852,1787057429.188761,0.1001436710357666,19968,19968,0,-43.595001220703125,65.06999969482422,-6.3379998207092285,3.177000045776367,-2.575000047683716,3.443000078201294,0.0,2.324256795939208,8.240003132968232,65.1116551873953,timestamp,nanoseconds_absolute,1.787057429086852e+18,1.787057429186937e+18,0.10008499200000001,false,true,false,false,true,true,true,false,false,true,true,false,false
W_TEST_01,LONG_CORRIDOR,WEAK_CANDIDATE,MAP,/home/lj/ZPRM/bag/mid360_20260818_205021_part1_20s.bag,d20b50bd4be04229d311717a27021502a74429fa3a143418b18ad70622eb4a6d,sensor_msgs/PointCloud2,"[""livox_frame""]","[""x"",""y"",""z"",""intensity"",""tag"",""line"",""timestamp""]",66,1787057429.1867893,1787057429.2889504,0.09993720054626465,19968,19968,0,-41.194000244140625,66.53500366210938,-6.2179999351501465,3.4089999198913574,-2.9089999198913574,3.444999933242798,0.0,2.3226500634581138,8.227076527018927,66.5856924618662,timestamp,nanoseconds_absolute,1.7870574291867894e+18,1.7870574292870195e+18,0.10023014400000001,false,true,false,false,true,true,true,false,false,true,true,false,false
W_TEST_01,LONG_CORRIDOR,WEAK_CANDIDATE,MAP,/home/lj/ZPRM/bag/mid360_20260818_205021_part1_20s.bag,d20b50bd4be04229d311717a27021502a74429fa3a143418b18ad70622eb4a6d,sensor_msgs/PointCloud2,"[""livox_frame""]","[""x"",""y"",""z"",""intensity"",""tag"",""line"",""timestamp""]",67,1787057429.2881339,1787057429.3890052,0.10134458541870117,20064,20064,0,-43.625999450683594,64.96099853515625,-5.276000022888184,3.3469998836517334,-2.7269999980926514,3.440000057220459,0.0,2.307995590392818,8.174483656846181,64.97645391717019,timestamp,nanoseconds_absolute,1.787057429288134e+18,1.7870574293871452e+18,0.09901132800000001,false,true,false,false,true,true,true,false,false,true,true,false,false
W_TEST_01,LONG_CORRIDOR,WEAK_CANDIDATE,MAP,/home/lj/ZPRM/bag/mid360_20260818_205021_part1_20s.bag,d20b50bd4be04229d311717a27021502a74429fa3a143418b18ad70622eb4a6d,sensor_msgs/PointCloud2,"[""livox_frame""]","[""x"",""y"",""z"",""intensity"",""tag"",""line"",""timestamp""]",68,1787057429.3868885,1787057429.4885778,0.0987546443939209,19968,19968,0,-43.479000091552734,66.54000091552734,-6.051000118255615,3.364000082015991,-3.015000104904175,3.434000015258789,0.0,2.324117076575285,8.192598729781674,66.56857762444962,timestamp,nanoseconds_absolute,1.7870574293868884e+18,1.7870574294871194e+18,0.100230912,false,true,false,false,true,true,true,false,false,true,true,false,false
W_TEST_01,LONG_CORRIDOR,WEAK_CANDIDATE,MAP,/home/lj/ZPRM/bag/mid360_20260818_205021_part1_20s.bag,d20b50bd4be04229d311717a27021502a74429fa3a143418b18ad70622eb4a6d,sensor_msgs/PointCloud2,"[""livox_frame""]","[""x"",""y"",""z"",""intensity"",""tag"",""line"",""timestamp""]",69,1787057429.4868524,1787057429.5894485,0.09996390342712402,20064,20064,0,-43.43899917602539,65.16699981689453,-6.322999954223633,3.4000000953674316,-3.4210000038146973,3.438999891281128,0.0,2.3348871279243126,8.291389969075121,65.18547192514237,timestamp,nanoseconds_absolute,1.7870574294868524e+18,1.7870574295871974e+18,0.10034508800000001,false,true,false,false,true,true,true,false,false,true,true,false,false
W_TEST_01,LONG_CORRIDOR,WEAK_CANDIDATE,MAP,/home/lj/ZPRM/bag/mid360_20260818_205021_part1_20s.bag,d20b50bd4be04229d311717a27021502a74429fa3a143418b18ad70622eb4a6d,sensor_msgs/PointCloud2,"[""livox_frame""]","[""x"",""y"",""z"",""intensity"",""tag"",""line"",""timestamp""]",70,1787057429.5894244,1787057429.688783,0.10257196426391602,19968,19968,0,-43.42900085449219,66.47000122070312,-4.783999919891357,3.365999937057495,-3.7820000648498535,3.444999933242798,0.0,2.3095059081933647,8.207196569126475,66.58922275904763,timestamp,nanoseconds_absolute,1.7870574295894244e+18,1.7870574296872287e+18,0.097804288,false,true,false,false,true,true,true,false,false,true,true,false,false
W_TEST_01,LONG_CORRIDOR,WEAK_CANDIDATE,MAP,/home/lj/ZPRM/bag/mid360_20260818_205021_part1_20s.bag,d20b50bd4be04229d311717a27021502a74429fa3a143418b18ad70622eb4a6d,sensor_msgs/PointCloud2,"[""livox_frame""]","[""x"",""y"",""z"",""intensity"",""tag"",""line"",""timestamp""]",71,1787057429.6869981,1787057429.7885528,0.09757375717163086,19968,19968,0,-43.56700134277344,65.04199981689453,-6.1579999923706055,3.4210000038146973,-2.7190001010894775,3.440000057220459,0.0,2.3142442729519113,8.206588289906241,65.06055410391568,timestamp,nanoseconds_absolute,1.787057429686998e+18,1.787057429787204e+18,0.10020608,false,true,false,false,true,true,true,false,false,true,true,false,false
W_TEST_01,LONG_CORRIDOR,WEAK_CANDIDATE,MAP,/home/lj/ZPRM/bag/mid360_20260818_205021_part1_20s.bag,d20b50bd4be04229d311717a27021502a74429fa3a143418b18ad70622eb4a6d,sensor_msgs/PointCloud2,"[""livox_frame""]","[""x"",""y"",""z"",""intensity"",""tag"",""line"",""timestamp""]",72,1787057429.786955,1787057429.8882258,0.09995698928833008,19968,19968,0,-43.63399887084961,66.51899719238281,-6.033999919891357,3.361999988555908,-3.736999988555908,3.437999963760376,0.0,2.339779422938502,8.393650183572458,66.57875015673048,timestamp,nanoseconds_absolute,1.787057429786955e+18,1.7870574298871644e+18,0.100209408,false,true,false,false,true,true,true,false,false,true,true,false,false
W_TEST_01,LONG_CORRIDOR,WEAK_CANDIDATE,MAP,/home/lj/ZPRM/bag/mid360_20260818_205021_part1_20s.bag,d20b50bd4be04229d311717a27021502a74429fa3a143418b18ad70622eb4a6d,sensor_msgs/PointCloud2,"[""livox_frame""]","[""x"",""y"",""z"",""intensity"",""tag"",""line"",""timestamp""]",73,1787057429.8869069,1787057429.9890273,0.09995174407958984,20064,20064,0,-43.49700164794922,66.50900268554688,-5.9720001220703125,3.3550000190734863,-3.9749999046325684,3.446000099182129,0.0,2.334542725919172,8.230850820920622,66.56542679111645,timestamp,nanoseconds_absolute,1.787057429886907e+18,1.7870574299875123e+18,0.10060544,false,true,false,false,true,true,true,false,false,true,true,false,false
W_TEST_01,LONG_CORRIDOR,WEAK_CANDIDATE,MAP,/home/lj/ZPRM/bag/mid360_20260818_205021_part1_20s.bag,d20b50bd4be04229d311717a27021502a74429fa3a143418b18ad70622eb4a6d,sensor_msgs/PointCloud2,"[""livox_frame""]","[""x"",""y"",""z"",""intensity"",""tag"",""line"",""timestamp""]",74,1787057429.987146,1787057430.0884118,0.10023903846740723,19968,19968,0,-43.42499923706055,66.53600311279297,-5.88100004196167,3.4079999923706055,-3.7109999656677246,3.440000057220459,0.0,2.3255973352443298,8.16314926252009,66.61759219325283,timestamp,nanoseconds_absolute,1.787057429987146e+18,1.7870574300871273e+18,0.099981312,false,true,false,false,true,true,true,false,false,true,true,false,false
W_TEST_01,LONG_CORRIDOR,WEAK_CANDIDATE,MAP,/home/lj/ZPRM/bag/mid360_20260818_205021_part1_20s.bag,d20b50bd4be04229d311717a27021502a74429fa3a143418b18ad70622eb4a6d,sensor_msgs/PointCloud2,"[""livox_frame""]","[""x"",""y"",""z"",""intensity"",""tag"",""line"",""timestamp""]",75,1787057430.0869637,1787057430.1882596,0.09981775283813477,19968,19968,0,-43.5260009765625,65.06700134277344,-7.85699987411499,3.367000102996826,-2.635999917984009,3.434999942779541,0.0,2.3156708844485596,8.223242168532302,65.07948875705948,timestamp,nanoseconds_absolute,1.7870574300869637e+18,1.7870574301872924e+18,0.100328704,false,true,false,false,true,true,true,false,false,true,true,false,false
W_TEST_01,LONG_CORRIDOR,WEAK_CANDIDATE,MAP,/home/lj/ZPRM/bag/mid360_20260818_205021_part1_20s.bag,d20b50bd4be04229d311717a27021502a74429fa3a143418b18ad70622eb4a6d,sensor_msgs/PointCloud2,"[""livox_frame""]","[""x"",""y"",""z"",""intensity"",""tag"",""line"",""timestamp""]",76,1787057430.1870377,1787057430.2887084,0.10007405281066895,19968,19968,0,-43.4739990234375,66.52200317382812,-6.52400016784668,3.374000072479248,-3.2130000591278076,3.438999891281128,0.0,2.345239632848902,8.364949798179232,66.55133801273203,timestamp,nanoseconds_absolute,1.7870574301870377e+18,1.7870574302872556e+18,0.10021785600000001,false,true,false,false,true,true,true,false,false,true,true,false,false
W_TEST_01,LONG_CORRIDOR,WEAK_CANDIDATE,MAP,/home/lj/ZPRM/bag/mid360_20260818_205021_part1_20s.bag,d20b50bd4be04229d311717a27021502a74429fa3a143418b18ad70622eb4a6d,sensor_msgs/PointCloud2,"[""livox_frame""]","[""x"",""y"",""z"",""intensity"",""tag"",""line"",""timestamp""]",77,1787057430.2869878,1787057430.3895419,0.09995007514953613,20064,20064,0,-43.53799819946289,66.51300048828125,-5.609000205993652,3.3919999599456787,-3.549999952316284,3.440000057220459,0.0,2.324157412539133,8.329451410472576,66.56999828656976,timestamp,nanoseconds_absolute,1.7870574302869878e+18,1.7870574303872765e+18,0.100288768,false,true,false,false,true,true,true,false,false,true,true,false,false
W_TEST_01,LONG_CORRIDOR,WEAK_CANDIDATE,MAP,/home/lj/ZPRM/bag/mid360_20260818_205021_part1_20s.bag,d20b50bd4be04229d311717a27021502a74429fa3a143418b18ad70622eb4a6d,sensor_msgs/PointCloud2,"[""livox_frame""]","[""x"",""y"",""z"",""intensity"",""tag"",""line"",""timestamp""]",78,1787057430.3871024,1787057430.489446,0.10011458396911621,19968,19968,0,-43.56700134277344,65.0739974975586,-5.697999954223633,3.321000099182129,-2.688999891281128,3.444000005722046,0.0,2.310739466677714,8.157584544899574,65.09227231623227,timestamp,nanoseconds_absolute,1.7870574303871025e+18,1.7870574304873513e+18,0.10024883200000001,false,true,false,false,true,true,true,false,false,true,true,false,false
W_TEST_01,LONG_CORRIDOR,WEAK_CANDIDATE,MAP,/home/lj/ZPRM/bag/mid360_20260818_205021_part1_20s.bag,d20b50bd4be04229d311717a27021502a74429fa3a143418b18ad70622eb4a6d,sensor_msgs/PointCloud2,"[""livox_frame""]","[""x"",""y"",""z"",""intensity"",""tag"",""line"",""timestamp""]",79,1787057430.4870868,1787057430.5895479,0.09998440742492676,19968,19968,0,-43.525001525878906,66.52799987792969,-5.949999809265137,3.378000020980835,-3.7170000076293945,3.438999891281128,0.0,2.3264449468598376,8.351349979170221,66.611010512576,timestamp,nanoseconds_absolute,1.7870574304870868e+18,1.7870574305873966e+18,0.10030976000000001,false,true,false,false,true,true,true,false,false,true,true,false,false
W_TEST_01,LONG_CORRIDOR,WEAK_CANDIDATE,MAP,/home/lj/ZPRM/bag/mid360_20260818_205021_part1_20s.bag,d20b50bd4be04229d311717a27021502a74429fa3a143418b18ad70622eb4a6d,sensor_msgs/PointCloud2,"[""livox_frame""]","[""x"",""y"",""z"",""intensity"",""tag"",""line"",""timestamp""]",80,1787057430.5904405,1787057430.6887782,0.10335373878479004,20064,20064,0,-41.224998474121094,66.51499938964844,-6.079999923706055,3.315000057220459,-3.6710000038146973,3.447000026702881,0.0,2.338413658606016,8.218267063992714,66.62160906070781,timestamp,nanoseconds_absolute,1.7870574305904404e+18,1.7870574306875118e+18,0.09707136000000001,false,true,false,false,true,true,true,false,false,true,true,false,false
W_TEST_01,LONG_CORRIDOR,WEAK_CANDIDATE,MAP,/home/lj/ZPRM/bag/mid360_20260818_205021_part1_20s.bag,d20b50bd4be04229d311717a27021502a74429fa3a143418b18ad70622eb4a6d,sensor_msgs/PointCloud2,"[""livox_frame""]","[""x"",""y"",""z"",""intensity"",""tag"",""line"",""timestamp""]",81,1787057430.6872609,1787057430.789194,0.09682035446166992,19968,19968,0,-43.542999267578125,66.48799896240234,-5.921999931335449,3.3580000400543213,-3.7130000591278076,3.440999984741211,0.0,2.3192814745711647,8.161736738851305,66.5163940006777,timestamp,nanoseconds_absolute,1.787057430687261e+18,1.787057430787457e+18,0.10019609600000001,false,true,false,false,true,true,true,false,false,true,true,false,false
W_TEST_01,LONG_CORRIDOR,WEAK_CANDIDATE,MAP,/home/lj/ZPRM/bag/mid360_20260818_205021_part1_20s.bag,d20b50bd4be04229d311717a27021502a74429fa3a143418b18ad70622eb4a6d,sensor_msgs/PointCloud2,"[""livox_frame""]","[""x"",""y"",""z"",""intensity"",""tag"",""line"",""timestamp""]",82,1787057430.7872038,1787057430.8889625,0.09994292259216309,20064,20064,0,-43.470001220703125,66.4990005493164,-7.440999984741211,3.375,-3.9010000228881836,3.436000108718872,0.0,2.3123039141138966,8.200253538929523,66.61903075848497,timestamp,nanoseconds_absolute,1.7870574307872038e+18,1.7870574308874668e+18,0.10026291200000001,false,true,false,false,true,true,true,false,false,true,true,false,false
W_TEST_01,LONG_CORRIDOR,WEAK_CANDIDATE,MAP,/home/lj/ZPRM/bag/mid360_20260818_205021_part1_20s.bag,d20b50bd4be04229d311717a27021502a74429fa3a143418b18ad70622eb4a6d,sensor_msgs/PointCloud2,"[""livox_frame""]","[""x"",""y"",""z"",""intensity"",""tag"",""line"",""timestamp""]",83,1787057430.8872066,1787057430.989509,0.10000276565551758,19968,19968,0,-41.22800064086914,66.52200317382812,-6.197000026702881,3.430999994277954,-3.1110000610351562,3.444999933242798,0.0,2.3200527722980047,8.19634535581962,66.5550494795476,timestamp,nanoseconds_absolute,1.7870574308872067e+18,1.7870574309876122e+18,0.100405504,false,true,false,false,true,true,true,false,false,true,true,false,false
W_TEST_01,LONG_CORRIDOR,WEAK_CANDIDATE,MAP,/home/lj/ZPRM/bag/mid360_20260818_205021_part1_20s.bag,d20b50bd4be04229d311717a27021502a74429fa3a143418b18ad70622eb4a6d,sensor_msgs/PointCloud2,"[""livox_frame""]","[""x"",""y"",""z"",""intensity"",""tag"",""line"",""timestamp""]",84,1787057430.9905636,1787057431.0887403,0.10335707664489746,19968,19968,0,-43.54199981689453,65.08000183105469,-5.473999977111816,3.3499999046325684,-2.7739999294281006,3.440000057220459,0.0,2.3291757815268808,8.29563006711923,65.08767017151415,timestamp,nanoseconds_absolute,1.7870574309905636e+18,1.787057431087659e+18,0.097095424,false,true,false,false,true,true,true,false,false,true,true,false,false
W_TEST_01,LONG_CORRIDOR,WEAK_CANDIDATE,MAP,/home/lj/ZPRM/bag/mid360_20260818_205021_part1_20s.bag,d20b50bd4be04229d311717a27021502a74429fa3a143418b18ad70622eb4a6d,sensor_msgs/PointCloud2,"[""livox_frame""]","[""x"",""y"",""z"",""intensity"",""tag"",""line"",""timestamp""]",85,1787057431.0880709,1787057431.1892228,0.09750723838806152,19968,19968,0,-43.63399887084961,65.04000091552734,-8.116000175476074,3.2100000381469727,-2.7130000591278076,3.443000078201294,0.0,2.3204951029963894,8.185235905094238,65.06237810197935,timestamp,nanoseconds_absolute,1.787057431088071e+18,1.787057431187658e+18,0.09958707200000001,false,true,false,false,true,true,true,false,false,true,true,false,false
W_TEST_01,LONG_CORRIDOR,WEAK_CANDIDATE,MAP,/home/lj/ZPRM/bag/mid360_20260818_205021_part1_20s.bag,d20b50bd4be04229d311717a27021502a74429fa3a143418b18ad70622eb4a6d,sensor_msgs/PointCloud2,"[""livox_frame""]","[""x"",""y"",""z"",""intensity"",""tag"",""line"",""timestamp""]",86,1787057431.1872702,1787057431.289539,0.09919929504394531,20064,20064,0,-43.465999603271484,66.49099731445312,-6.357999801635742,3.181999921798706,-2.6519999504089355,3.4809999465942383,0.0,2.3315534791172228,8.252430228055132,66.51930243218256,timestamp,nanoseconds_absolute,1.7870574311872701e+18,1.7870574312876214e+18,0.10035123200000001,false,true,false,false,true,true,true,false,false,true,true,false,false
W_TEST_01,LONG_CORRIDOR,WEAK_CANDIDATE,MAP,/home/lj/ZPRM/bag/mid360_20260818_205021_part1_20s.bag,d20b50bd4be04229d311717a27021502a74429fa3a143418b18ad70622eb4a6d,sensor_msgs/PointCloud2,"[""livox_frame""]","[""x"",""y"",""z"",""intensity"",""tag"",""line"",""timestamp""]",87,1787057431.2874718,1787057431.3902144,0.10020160675048828,19968,19968,0,-43.529998779296875,66.5510025024414,-5.808000087738037,3.36899995803833,-3.880000114440918,3.447999954223633,0.0,2.325012016222539,7.907316282796016,66.62545219107118,timestamp,nanoseconds_absolute,1.7870574312874719e+18,1.7870574313877243e+18,0.10025241600000001,false,true,false,false,true,true,true,false,false,true,true,false,false
W_TEST_01,LONG_CORRIDOR,WEAK_CANDIDATE,MAP,/home/lj/ZPRM/bag/mid360_20260818_205021_part1_20s.bag,d20b50bd4be04229d311717a27021502a74429fa3a143418b18ad70622eb4a6d,sensor_msgs/PointCloud2,"[""livox_frame""]","[""x"",""y"",""z"",""intensity"",""tag"",""line"",""timestamp""]",88,1787057431.3873773,1787057431.4890635,0.09990549087524414,19968,19968,0,-43.4630012512207,66.44999694824219,-4.940999984741211,3.384999990463257,-3.6470000743865967,3.440000057220459,0.0,2.3022528122932293,7.986246504629856,66.56329021373664,timestamp,nanoseconds_absolute,1.7870574313873772e+18,1.7870574314876416e+18,0.100264448,false,true,false,false,true,true,true,false,false,true,true,false,false
W_TEST_01,LONG_CORRIDOR,WEAK_CANDIDATE,MAP,/home/lj/ZPRM/bag/mid360_20260818_205021_part1_20s.bag,d20b50bd4be04229d311717a27021502a74429fa3a143418b18ad70622eb4a6d,sensor_msgs/PointCloud2,"[""livox_frame""]","[""x"",""y"",""z"",""intensity"",""tag"",""line"",""timestamp""]",89,1787057431.4873533,1787057431.5892477,0.0999760627746582,19968,19968,0,-43.5880012512207,65.0719985961914,-5.968999862670898,3.3589999675750732,-2.565999984741211,3.444999933242798,0.0,2.3232243680392726,7.951106650561393,65.09666532819175,timestamp,nanoseconds_absolute,1.7870574314873533e+18,1.7870574315866179e+18,0.09926451200000001,false,true,false,false,true,true,true,false,false,true,true,false,false
W_TEST_01,LONG_CORRIDOR,WEAK_CANDIDATE,MAP,/home/lj/ZPRM/bag/mid360_20260818_205021_part1_20s.bag,d20b50bd4be04229d311717a27021502a74429fa3a143418b18ad70622eb4a6d,sensor_msgs/PointCloud2,"[""livox_frame""]","[""x"",""y"",""z"",""intensity"",""tag"",""line"",""timestamp""]",90,1787057431.5874157,1787057431.6898189,0.10006237030029297,20064,20064,0,-43.49300003051758,65.09100341796875,-6.297999858856201,3.3559999465942383,-2.875,3.447000026702881,0.0,2.344347591865644,8.304817625519618,65.1089417730502,timestamp,nanoseconds_absolute,1.7870574315874158e+18,1.787057431687855e+18,0.10043929600000001,false,true,false,false,true,true,true,false,false,true,true,false,false
W_TEST_01,LONG_CORRIDOR,WEAK_CANDIDATE,MAP,/home/lj/ZPRM/bag/mid360_20260818_205021_part1_20s.bag,d20b50bd4be04229d311717a27021502a74429fa3a143418b18ad70622eb4a6d,sensor_msgs/PointCloud2,"[""livox_frame""]","[""x"",""y"",""z"",""intensity"",""tag"",""line"",""timestamp""]",91,1787057431.687566,1787057431.7915983,0.10015034675598145,19968,19968,0,-43.62200164794922,65.0979995727539,-6.09499979019165,3.365000009536743,-2.556999921798706,3.438999891281128,0.0,2.3196659854749555,8.078494395493552,65.1063467342156,timestamp,nanoseconds_absolute,1.787057431687566e+18,1.7870574317892332e+18,0.10166707200000001,false,true,false,false,true,true,true,false,false,true,true,false,false
W_TEST_01,LONG_CORRIDOR,WEAK_CANDIDATE,MAP,/home/lj/ZPRM/bag/mid360_20260818_205021_part1_20s.bag,d20b50bd4be04229d311717a27021502a74429fa3a143418b18ad70622eb4a6d,sensor_msgs/PointCloud2,"[""livox_frame""]","[""x"",""y"",""z"",""intensity"",""tag"",""line"",""timestamp""]",92,1787057431.7888894,1787057431.889227,0.10132336616516113,19968,19968,0,-43.400001525878906,66.55699920654297,-5.067999839782715,3.365999937057495,-2.674999952316284,3.436000108718872,0.0,2.30617694775955,7.927118458850281,66.5890316536099,timestamp,nanoseconds_absolute,1.7870574317888893e+18,1.787057431886689e+18,0.09779968,false,true,false,false,true,true,true,false,false,true,true,false,false
W_TEST_01,LONG_CORRIDOR,WEAK_CANDIDATE,MAP,/home/lj/ZPRM/bag/mid360_20260818_205021_part1_20s.bag,d20b50bd4be04229d311717a27021502a74429fa3a143418b18ad70622eb4a6d,sensor_msgs/PointCloud2,"[""livox_frame""]","[""x"",""y"",""z"",""intensity"",""tag"",""line"",""timestamp""]",93,1787057431.887436,1787057431.9890008,0.09854650497436523,20064,20064,0,-43.53300094604492,66.47000122070312,-6.019000053405762,4.744999885559082,-3.8399999141693115,3.440000057220459,0.0,2.319507058912534,8.03053622637489,66.58210274256504,timestamp,nanoseconds_absolute,1.787057431887436e+18,1.787057431987859e+18,0.100422912,false,true,false,false,true,true,true,false,false,true,true,false,false
W_TEST_01,LONG_CORRIDOR,WEAK_CANDIDATE,MAP,/home/lj/ZPRM/bag/mid360_20260818_205021_part1_20s.bag,d20b50bd4be04229d311717a27021502a74429fa3a143418b18ad70622eb4a6d,sensor_msgs/PointCloud2,"[""livox_frame""]","[""x"",""y"",""z"",""intensity"",""tag"",""line"",""timestamp""]",94,1787057431.987493,1787057432.0880811,0.10005712509155273,19872,19872,0,-43.439998626708984,66.47599792480469,-6.302999973297119,4.540999889373779,-3.818000078201294,3.444000005722046,0.0,2.326075573919362,8.083327223350034,66.59451730017227,timestamp,nanoseconds_absolute,1.787057431987493e+18,1.7870574320866734e+18,0.099180288,false,true,false,false,true,true,true,false,false,true,true,false,false
W_TEST_01,LONG_CORRIDOR,WEAK_CANDIDATE,MAP,/home/lj/ZPRM/bag/mid360_20260818_205021_part1_20s.bag,d20b50bd4be04229d311717a27021502a74429fa3a143418b18ad70622eb4a6d,sensor_msgs/PointCloud2,"[""livox_frame""]","[""x"",""y"",""z"",""intensity"",""tag"",""line"",""timestamp""]",95,1787057432.0874178,1787057432.18849,0.09992480278015137,20064,20064,0,-43.604000091552734,65.06199645996094,-4.952000141143799,3.367000102996826,-2.7660000324249268,3.440000057220459,0.0,2.3305015422398196,8.390439596064617,65.07127580840238,timestamp,nanoseconds_absolute,1.7870574320874179e+18,1.7870574321866941e+18,0.099276288,false,true,false,false,true,true,true,false,false,true,true,false,false
W_TEST_01,LONG_CORRIDOR,WEAK_CANDIDATE,MAP,/home/lj/ZPRM/bag/mid360_20260818_205021_part1_20s.bag,d20b50bd4be04229d311717a27021502a74429fa3a143418b18ad70622eb4a6d,sensor_msgs/PointCloud2,"[""livox_frame""]","[""x"",""y"",""z"",""intensity"",""tag"",""line"",""timestamp""]",96,1787057432.1874344,1787057432.2880118,0.10001659393310547,19968,19968,0,-43.5620002746582,66.46700286865234,-10.144000053405762,3.36899995803833,-3.7769999504089355,3.438999891281128,0.0,2.3324270009905823,7.9556955694862275,66.57225415400555,timestamp,nanoseconds_absolute,1.7870574321874345e+18,1.7870574322866396e+18,0.09920512000000001,false,true,false,false,true,true,true,false,false,true,true,false,false
W_TEST_01,LONG_CORRIDOR,WEAK_CANDIDATE,MAP,/home/lj/ZPRM/bag/mid360_20260818_205021_part1_20s.bag,d20b50bd4be04229d311717a27021502a74429fa3a143418b18ad70622eb4a6d,sensor_msgs/PointCloud2,"[""livox_frame""]","[""x"",""y"",""z"",""intensity"",""tag"",""line"",""timestamp""]",97,1787057432.2873104,1787057432.3882024,0.09987592697143555,20064,20064,0,-41.25699996948242,66.4990005493164,-6.505000114440918,3.421999931335449,-2.755000114440918,3.4760000705718994,0.0,2.3156986109797044,7.9619094462883195,66.5276501614283,timestamp,nanoseconds_absolute,1.7870574322873103e+18,1.787057432386793e+18,0.099482624,false,true,false,false,true,true,true,false,false,true,true,false,false
W_TEST_01,LONG_CORRIDOR,WEAK_CANDIDATE,MAP,/home/lj/ZPRM/bag/mid360_20260818_205021_part1_20s.bag,d20b50bd4be04229d311717a27021502a74429fa3a143418b18ad70622eb4a6d,sensor_msgs/PointCloud2,"[""livox_frame""]","[""x"",""y"",""z"",""intensity"",""tag"",""line"",""timestamp""]",98,1787057432.3875868,1787057432.4881842,0.10027647018432617,19968,19968,0,-43.50400161743164,64.97599792480469,-5.360000133514404,3.359999895095825,-2.7769999504089355,3.437000036239624,0.0,2.314152713527654,8.247414537528691,64.99377055789846,timestamp,nanoseconds_absolute,1.7870574323875868e+18,1.7870574324866862e+18,0.09909939200000001,false,true,false,false,true,true,true,false,false,true,true,false,false
W_TEST_01,LONG_CORRIDOR,WEAK_CANDIDATE,MAP,/home/lj/ZPRM/bag/mid360_20260818_205021_part1_20s.bag,d20b50bd4be04229d311717a27021502a74429fa3a143418b18ad70622eb4a6d,sensor_msgs/PointCloud2,"[""livox_frame""]","[""x"",""y"",""z"",""intensity"",""tag"",""line"",""timestamp""]",99,1787057432.4875784,1787057432.587682,0.0999915599822998,19968,19968,0,-43.54600143432617,65.13300323486328,-7.9120001792907715,3.385999917984009,-2.640000104904175,3.437000036239624,0.0,2.316387690703503,8.038460467228662,65.14916093407905,timestamp,nanoseconds_absolute,1.7870574324875784e+18,1.787057432586722e+18,0.09914368000000001,false,true,false,false,true,true,true,false,false,true,true,false,false
W_TEST_01,LONG_CORRIDOR,WEAK_CANDIDATE,MAP,/home/lj/ZPRM/bag/mid360_20260818_205021_part1_20s.bag,d20b50bd4be04229d311717a27021502a74429fa3a143418b18ad70622eb4a6d,sensor_msgs/PointCloud2,"[""livox_frame""]","[""x"",""y"",""z"",""intensity"",""tag"",""line"",""timestamp""]",100,1787057432.587486,1787057432.687747,0.09990763664245605,19968,19968,0,-41.20800018310547,66.50499725341797,-5.425000190734863,3.3910000324249268,-3.8289999961853027,3.4860000610351562,0.0,2.336844322768023,8.277303488851677,66.61565976285408,timestamp,nanoseconds_absolute,1.787057432587486e+18,1.787057432686778e+18,0.09929216,false,true,false,false,true,true,true,false,false,true,true,false,false
W_TEST_01,LONG_CORRIDOR,WEAK_CANDIDATE,MAP,/home/lj/ZPRM/bag/mid360_20260818_205021_part1_20s.bag,d20b50bd4be04229d311717a27021502a74429fa3a143418b18ad70622eb4a6d,sensor_msgs/PointCloud2,"[""livox_frame""]","[""x"",""y"",""z"",""intensity"",""tag"",""line"",""timestamp""]",101,1787057432.6865046,1787057432.7892148,0.09901857376098633,20064,20064,0,-43.38100051879883,66.49099731445312,-6.335999965667725,3.4040000438690186,-3.450000047683716,3.440999984741211,0.0,2.330204161751417,8.079173645788208,66.51709192382125,timestamp,nanoseconds_absolute,1.7870574326865047e+18,1.787057432786918e+18,0.100413184,false,true,false,false,true,true,true,false,false,true,true,false,false
W_TEST_01,LONG_CORRIDOR,WEAK_CANDIDATE,MAP,/home/lj/ZPRM/bag/mid360_20260818_205021_part1_20s.bag,d20b50bd4be04229d311717a27021502a74429fa3a143418b18ad70622eb4a6d,sensor_msgs/PointCloud2,"[""livox_frame""]","[""x"",""y"",""z"",""intensity"",""tag"",""line"",""timestamp""]",102,1787057432.7876134,1787057432.8880732,0.10110878944396973,19968,19968,0,-43.40999984741211,65.09100341796875,-6.335000038146973,3.36299991607666,-2.740000009536743,3.440000057220459,0.0,2.312447694922771,8.14225947364767,65.11003752094223,timestamp,nanoseconds_absolute,1.7870574327876134e+18,1.787057432886743e+18,0.09912960000000001,false,true,false,false,true,true,true,false,false,true,true,false,false
W_TEST_01,LONG_CORRIDOR,WEAK_CANDIDATE,MAP,/home/lj/ZPRM/bag/mid360_20260818_205021_part1_20s.bag,d20b50bd4be04229d311717a27021502a74429fa3a143418b18ad70622eb4a6d,sensor_msgs/PointCloud2,"[""livox_frame""]","[""x"",""y"",""z"",""intensity"",""tag"",""line"",""timestamp""]",103,1787057432.8875372,1787057432.9882517,0.09992384910583496,20064,20064,0,-43.50899887084961,65.07599639892578,-5.632999897003174,3.2320001125335693,-2.625999927520752,3.437999963760376,0.0,2.3323449457844703,8.133838980357028,65.09845157303279,timestamp,nanoseconds_absolute,1.7870574328875372e+18,1.7870574329869975e+18,0.099460352,false,true,false,false,true,true,true,false,false,true,true,false,false
W_TEST_01,LONG_CORRIDOR,WEAK_CANDIDATE,MAP,/home/lj/ZPRM/bag/mid360_20260818_205021_part1_20s.bag,d20b50bd4be04229d311717a27021502a74429fa3a143418b18ad70622eb4a6d,sensor_msgs/PointCloud2,"[""livox_frame""]","[""x"",""y"",""z"",""intensity"",""tag"",""line"",""timestamp""]",104,1787057432.987689,1787057433.0886977,0.10015177726745605,19968,19968,0,-41.229000091552734,66.5250015258789,-6.080999851226807,3.2880001068115234,-3.63100004196167,3.443000078201294,0.0,2.334783465840488,8.094695552434631,66.58688265993301,timestamp,nanoseconds_absolute,1.787057432987689e+18,1.7870574330868695e+18,0.09918054400000001,false,true,false,false,true,true,true,false,false,true,true,false,false
W_TEST_01,LONG_CORRIDOR,WEAK_CANDIDATE,MAP,/home/lj/ZPRM/bag/mid360_20260818_205021_part1_20s.bag,d20b50bd4be04229d311717a27021502a74429fa3a143418b18ad70622eb4a6d,sensor_msgs/PointCloud2,"[""livox_frame""]","[""x"",""y"",""z"",""intensity"",""tag"",""line"",""timestamp""]",105,1787057433.0875182,1787057433.18788,0.09982919692993164,19968,19968,0,-43.560001373291016,66.53399658203125,-6.334000110626221,3.375999927520752,-3.061000108718872,3.437999963760376,0.0,2.3241579185284005,8.299093875927289,66.55920898725073,timestamp,nanoseconds_absolute,1.7870574330875182e+18,1.7870574331868751e+18,0.09935692800000001,false,true,false,false,true,true,true,false,false,true,true,false,false
W_TEST_01,LONG_CORRIDOR,WEAK_CANDIDATE,MAP,/home/lj/ZPRM/bag/mid360_20260818_205021_part1_20s.bag,d20b50bd4be04229d311717a27021502a74429fa3a143418b18ad70622eb4a6d,sensor_msgs/PointCloud2,"[""livox_frame""]","[""x"",""y"",""z"",""intensity"",""tag"",""line"",""timestamp""]",106,1787057433.1877403,1787057433.2892098,0.10022211074829102,20064,20064,0,-43.55699920654297,66.44100189208984,-5.357999801635742,3.188999891281128,-3.638000011444092,3.437000036239624,0.0,2.3256444355659065,8.097271751268165,66.547996104061,timestamp,nanoseconds_absolute,1.7870574331877404e+18,1.787057433288075e+18,0.100334592,false,true,false,false,true,true,true,false,false,true,true,false,false
W_TEST_01,LONG_CORRIDOR,WEAK_CANDIDATE,MAP,/home/lj/ZPRM/bag/mid360_20260818_205021_part1_20s.bag,d20b50bd4be04229d311717a27021502a74429fa3a143418b18ad70622eb4a6d,sensor_msgs/PointCloud2,"[""livox_frame""]","[""x"",""y"",""z"",""intensity"",""tag"",""line"",""timestamp""]",107,1787057433.2878163,1787057433.388928,0.10007596015930176,19968,19968,0,-43.41699981689453,65.07499694824219,-6.1620001792907715,3.428999900817871,-3.1040000915527344,3.446000099182129,0.0,2.3273586142511116,8.152486014348346,65.10504468438656,timestamp,nanoseconds_absolute,1.7870574332878162e+18,1.7870574333869404e+18,0.09912422400000001,false,true,false,false,true,true,true,false,false,true,true,false,false
W_TEST_01,LONG_CORRIDOR,WEAK_CANDIDATE,MAP,/home/lj/ZPRM/bag/mid360_20260818_205021_part1_20s.bag,d20b50bd4be04229d311717a27021502a74429fa3a143418b18ad70622eb4a6d,sensor_msgs/PointCloud2,"[""livox_frame""]","[""x"",""y"",""z"",""intensity"",""tag"",""line"",""timestamp""]",108,1787057433.3877463,1787057433.491513,0.0999300479888916,19968,19968,0,-43.4109992980957,66.51200103759766,-6.0320000648498535,3.384000062942505,-3.390000104904175,3.440999984741211,0.0,2.3199108497040593,8.19605662253975,66.53814596200394,timestamp,nanoseconds_absolute,1.7870574333877463e+18,1.7870574334898647e+18,0.10211840000000001,false,true,false,false,true,true,true,false,false,true,true,false,false
W_TEST_01,LONG_CORRIDOR,WEAK_CANDIDATE,MAP,/home/lj/ZPRM/bag/mid360_20260818_205021_part1_20s.bag,d20b50bd4be04229d311717a27021502a74429fa3a143418b18ad70622eb4a6d,sensor_msgs/PointCloud2,"[""livox_frame""]","[""x"",""y"",""z"",""intensity"",""tag"",""line"",""timestamp""]",109,1787057433.4894373,1787057433.5875857,0.10169100761413574,19968,19968,0,-43.500999450683594,65.08799743652344,-4.859000205993652,3.361999988555908,-3.0739998817443848,3.437000036239624,0.0,2.3211651207888586,8.182211809451879,65.09975276568404,timestamp,nanoseconds_absolute,1.7870574334894374e+18,1.7870574335866788e+18,0.09724134400000001,false,true,false,false,true,true,true,false,false,true,true,false,false
W_TEST_01,LONG_CORRIDOR,WEAK_CANDIDATE,MAP,/home/lj/ZPRM/bag/mid360_20260818_205021_part1_20s.bag,d20b50bd4be04229d311717a27021502a74429fa3a143418b18ad70622eb4a6d,sensor_msgs/PointCloud2,"[""livox_frame""]","[""x"",""y"",""z"",""intensity"",""tag"",""line"",""timestamp""]",110,1787057433.5865517,1787057433.6895382,0.09711432456970215,20064,20064,0,-43.51599884033203,65.09400177001953,-6.3470001220703125,3.36299991607666,-2.703000068664551,3.440999984741211,0.0,2.346990104650452,8.29840097006118,65.1092212096516,timestamp,nanoseconds_absolute,1.7870574335865516e+18,1.7870574336873073e+18,0.10075571200000001,false,true,false,false,true,true,true,false,false,true,true,false,false
W_TEST_01,LONG_CORRIDOR,WEAK_CANDIDATE,MAP,/home/lj/ZPRM/bag/mid360_20260818_205021_part1_20s.bag,d20b50bd4be04229d311717a27021502a74429fa3a143418b18ad70622eb4a6d,sensor_msgs/PointCloud2,"[""livox_frame""]","[""x"",""y"",""z"",""intensity"",""tag"",""line"",""timestamp""]",111,1787057433.687807,1787057433.788383,0.10125541687011719,19968,19968,0,-43.474998474121094,66.52300262451172,-6.328999996185303,3.3959999084472656,-3.7909998893737793,3.444000005722046,0.0,2.3328723625508916,8.176206634511642,66.63996524119969,timestamp,nanoseconds_absolute,1.787057433687807e+18,1.7870574337868367e+18,0.09902976000000001,false,true,false,false,true,true,true,false,false,true,true,false,false
W_TEST_01,LONG_CORRIDOR,WEAK_CANDIDATE,MAP,/home/lj/ZPRM/bag/mid360_20260818_205021_part1_20s.bag,d20b50bd4be04229d311717a27021502a74429fa3a143418b18ad70622eb4a6d,sensor_msgs/PointCloud2,"[""livox_frame""]","[""x"",""y"",""z"",""intensity"",""tag"",""line"",""timestamp""]",112,1787057433.7878497,1787057433.8878977,0.10004258155822754,19968,19968,0,-43.60300064086914,66.49400329589844,-5.181000232696533,3.3910000324249268,-2.759999990463257,3.440000057220459,0.0,2.3106485987904426,8.192780335851609,66.52046685960244,timestamp,nanoseconds_absolute,1.7870574337878497e+18,1.7870574338867932e+18,0.09894348800000001,false,true,false,false,true,true,true,false,false,true,true,false,false
W_TEST_01,LONG_CORRIDOR,WEAK_CANDIDATE,MAP,/home/lj/ZPRM/bag/mid360_20260818_205021_part1_20s.bag,d20b50bd4be04229d311717a27021502a74429fa3a143418b18ad70622eb4a6d,sensor_msgs/PointCloud2,"[""livox_frame""]","[""x"",""y"",""z"",""intensity"",""tag"",""line"",""timestamp""]",113,1787057433.887926,1787057433.988647,0.10007643699645996,19968,19968,0,-43.558998107910156,66.5739974975586,-5.985000133514404,3.371999979019165,-3.6760001182556152,3.441999912261963,0.0,2.3274896170885047,8.186740163601456,66.68733193619425,timestamp,nanoseconds_absolute,1.787057433887926e+18,1.787057433986741e+18,0.09881497600000001,false,true,false,false,true,true,true,false,false,true,true,false,false
W_TEST_01,LONG_CORRIDOR,WEAK_CANDIDATE,MAP,/home/lj/ZPRM/bag/mid360_20260818_205021_part1_20s.bag,d20b50bd4be04229d311717a27021502a74429fa3a143418b18ad70622eb4a6d,sensor_msgs/PointCloud2,"[""livox_frame""]","[""x"",""y"",""z"",""intensity"",""tag"",""line"",""timestamp""]",114,1787057433.988182,1787057434.0890827,0.10025596618652344,19968,19968,0,-43.558998107910156,65.05899810791016,-6.211999893188477,3.367000102996826,-2.609999895095825,3.444999933242798,0.0,2.339359955349015,8.079773943351867,65.08394149031554,timestamp,nanoseconds_absolute,1.787057433988182e+18,1.78705743408679e+18,0.09860787200000001,false,true,false,false,true,true,true,false,false,true,true,false,false
W_TEST_01,LONG_CORRIDOR,WEAK_CANDIDATE,MAP,/home/lj/ZPRM/bag/mid360_20260818_205021_part1_20s.bag,d20b50bd4be04229d311717a27021502a74429fa3a143418b18ad70622eb4a6d,sensor_msgs/PointCloud2,"[""livox_frame""]","[""x"",""y"",""z"",""intensity"",""tag"",""line"",""timestamp""]",115,1787057434.0866811,1787057434.187601,0.09849905967712402,19968,19968,0,-43.40800094604492,66.54499816894531,-6.059000015258789,3.6059999465942383,-3.002000093460083,3.444999933242798,0.0,2.327348167990759,8.31664662610535,66.57144193451401,timestamp,nanoseconds_absolute,1.787057434086681e+18,1.7870574341866934e+18,0.100012288,false,true,false,false,true,true,true,false,false,true,true,false,false
W_TEST_01,LONG_CORRIDOR,WEAK_CANDIDATE,MAP,/home/lj/ZPRM/bag/mid360_20260818_205021_part1_20s.bag,d20b50bd4be04229d311717a27021502a74429fa3a143418b18ad70622eb4a6d,sensor_msgs/PointCloud2,"[""livox_frame""]","[""x"",""y"",""z"",""intensity"",""tag"",""line"",""timestamp""]",116,1787057434.1864445,1787057434.287982,0.09976339340209961,19968,19968,0,-43.62799835205078,66.4280014038086,-8.10200023651123,4.547999858856201,-3.6429998874664307,3.444000005722046,0.0,2.3275624777826276,8.205282006464532,66.53128481933649,timestamp,nanoseconds_absolute,1.7870574341864445e+18,1.7870574342866757e+18,0.10023116800000001,false,true,false,false,true,true,true,false,false,true,true,false,false
W_TEST_01,LONG_CORRIDOR,WEAK_CANDIDATE,MAP,/home/lj/ZPRM/bag/mid360_20260818_205021_part1_20s.bag,d20b50bd4be04229d311717a27021502a74429fa3a143418b18ad70622eb4a6d,sensor_msgs/PointCloud2,"[""livox_frame""]","[""x"",""y"",""z"",""intensity"",""tag"",""line"",""timestamp""]",117,1787057434.2864182,1787057434.3889778,0.09997367858886719,20064,20064,0,-43.33700180053711,66.50199890136719,-6.500999927520752,3.367000102996826,-2.6679999828338623,3.443000078201294,0.0,2.3317720769221246,8.100077053335168,66.53646127365461,timestamp,nanoseconds_absolute,1.7870574342864182e+18,1.7870574343867338e+18,0.10031564800000001,false,true,false,false,true,true,true,false,false,true,true,false,false
W_TEST_01,LONG_CORRIDOR,WEAK_CANDIDATE,MAP,/home/lj/ZPRM/bag/mid360_20260818_205021_part1_20s.bag,d20b50bd4be04229d311717a27021502a74429fa3a143418b18ad70622eb4a6d,sensor_msgs/PointCloud2,"[""livox_frame""]","[""x"",""y"",""z"",""intensity"",""tag"",""line"",""timestamp""]",118,1787057434.38716,1787057434.4884348,0.10074186325073242,19872,19872,0,-43.479000091552734,65.11299896240234,-6.223999977111816,7.02400016784668,-3.068000078201294,3.444000005722046,0.0,2.3351105573808653,8.172841588391801,65.12685636313608,timestamp,nanoseconds_absolute,1.78705743438716e+18,1.7870574344866565e+18,0.099496448,false,true,false,false,true,true,true,false,false,true,true,false,false
W_TEST_01,LONG_CORRIDOR,WEAK_CANDIDATE,MAP,/home/lj/ZPRM/bag/mid360_20260818_205021_part1_20s.bag,d20b50bd4be04229d311717a27021502a74429fa3a143418b18ad70622eb4a6d,sensor_msgs/PointCloud2,"[""livox_frame""]","[""x"",""y"",""z"",""intensity"",""tag"",""line"",""timestamp""]",119,1787057434.4862576,1787057434.5890944,0.09909749031066895,20064,20064,0,-43.566001892089844,65.01799774169922,-4.931000232696533,3.3510000705718994,-3.0869998931884766,3.444999933242798,0.0,2.298123619315944,8.074348759422042,65.09556128247263,timestamp,nanoseconds_absolute,1.7870574344862577e+18,1.787057434586661e+18,0.100403456,false,true,false,false,true,true,true,false,false,true,true,false,false
W_TEST_01,LONG_CORRIDOR,WEAK_CANDIDATE,MAP,/home/lj/ZPRM/bag/mid360_20260818_205021_part1_20s.bag,d20b50bd4be04229d311717a27021502a74429fa3a143418b18ad70622eb4a6d,sensor_msgs/PointCloud2,"[""livox_frame""]","[""x"",""y"",""z"",""intensity"",""tag"",""line"",""timestamp""]",120,1787057434.5872,1787057434.6882524,0.10094237327575684,19968,19968,0,-43.62099838256836,66.39800262451172,-10.17199993133545,3.367000102996826,-3.7709999084472656,3.444000005722046,0.0,2.332942774803786,8.093624806014748,66.50890943217205,timestamp,nanoseconds_absolute,1.7870574345872e+18,1.7870574346867712e+18,0.09957120000000001,false,true,false,false,true,true,true,false,false,true,true,false,false
W_TEST_01,LONG_CORRIDOR,WEAK_CANDIDATE,MAP,/home/lj/ZPRM/bag/mid360_20260818_205021_part1_20s.bag,d20b50bd4be04229d311717a27021502a74429fa3a143418b18ad70622eb4a6d,sensor_msgs/PointCloud2,"[""livox_frame""]","[""x"",""y"",""z"",""intensity"",""tag"",""line"",""timestamp""]",121,1787057434.6864429,1787057434.788242,0.0992429256439209,20064,20064,0,-43.57400131225586,66.50800323486328,-6.458000183105469,3.3910000324249268,-3.73799991607666,3.444000005722046,0.0,2.3480552899374265,8.381526598631815,66.55826877065127,timestamp,nanoseconds_absolute,1.7870574346864428e+18,1.7870574347868221e+18,0.10037939200000001,false,true,false,false,true,true,true,false,false,true,true,false,false
W_TEST_01,LONG_CORRIDOR,WEAK_CANDIDATE,MAP,/home/lj/ZPRM/bag/mid360_20260818_205021_part1_20s.bag,d20b50bd4be04229d311717a27021502a74429fa3a143418b18ad70622eb4a6d,sensor_msgs/PointCloud2,"[""livox_frame""]","[""x"",""y"",""z"",""intensity"",""tag"",""line"",""timestamp""]",122,1787057434.7874138,1787057434.8896592,0.10097098350524902,19968,19968,0,-41.22999954223633,66.57599639892578,-6.238999843597412,3.365999937057495,-3.2269999980926514,3.441999912261963,0.0,2.3107915727639843,8.094397932809139,66.6116809138821,timestamp,nanoseconds_absolute,1.7870574347874138e+18,1.7870574348866962e+18,0.099282432,false,true,false,false,true,true,true,false,false,true,true,false,false
W_TEST_01,LONG_CORRIDOR,WEAK_CANDIDATE,MAP,/home/lj/ZPRM/bag/mid360_20260818_205021_part1_20s.bag,d20b50bd4be04229d311717a27021502a74429fa3a143418b18ad70622eb4a6d,sensor_msgs/PointCloud2,"[""livox_frame""]","[""x"",""y"",""z"",""intensity"",""tag"",""line"",""timestamp""]",123,1787057434.888934,1787057434.9890628,0.10152006149291992,19968,19968,0,-43.641998291015625,65.02899932861328,-5.191999912261963,3.428999900817871,-2.7309999465942383,3.438999891281128,0.0,2.315075388994998,7.955316460925087,65.0439599945421,timestamp,nanoseconds_absolute,1.787057434888934e+18,1.7870574349866716e+18,0.09773772800000001,false,true,false,false,true,true,true,false,false,true,true,false,false
W_TEST_01,LONG_CORRIDOR,WEAK_CANDIDATE,MAP,/home/lj/ZPRM/bag/mid360_20260818_205021_part1_20s.bag,d20b50bd4be04229d311717a27021502a74429fa3a143418b18ad70622eb4a6d,sensor_msgs/PointCloud2,"[""livox_frame""]","[""x"",""y"",""z"",""intensity"",""tag"",""line"",""timestamp""]",124,1787057434.98641,1787057435.0875652,0.09747600555419922,19968,19968,0,-43.58599853515625,66.56199645996094,-6.458000183105469,3.1449999809265137,-3.115000009536743,3.486999988555908,0.0,2.3237958156820078,8.1616069182223,66.59093948684979,timestamp,nanoseconds_absolute,1.78705743498641e+18,1.7870574350867087e+18,0.100298752,false,true,false,false,true,true,true,false,false,true,true,false,false
W_TEST_01,LONG_CORRIDOR,WEAK_CANDIDATE,MAP,/home/lj/ZPRM/bag/mid360_20260818_205021_part1_20s.bag,d20b50bd4be04229d311717a27021502a74429fa3a143418b18ad70622eb4a6d,sensor_msgs/PointCloud2,"[""livox_frame""]","[""x"",""y"",""z"",""intensity"",""tag"",""line"",""timestamp""]",125,1787057435.0864153,1787057435.1884892,0.1000053882598877,20064,20064,0,-43.62300109863281,66.53500366210938,-10.208000183105469,3.628999948501587,-3.128999948501587,3.444999933242798,0.0,2.340413681024256,8.30373554312386,66.5753083536739,timestamp,nanoseconds_absolute,1.7870574350864154e+18,1.7870574351867904e+18,0.10037504000000001,false,true,false,false,true,true,true,false,false,true,true,false,false
W_TEST_01,LONG_CORRIDOR,WEAK_CANDIDATE,MAP,/home/lj/ZPRM/bag/mid360_20260818_205021_part1_20s.bag,d20b50bd4be04229d311717a27021502a74429fa3a143418b18ad70622eb4a6d,sensor_msgs/PointCloud2,"[""livox_frame""]","[""x"",""y"",""z"",""intensity"",""tag"",""line"",""timestamp""]",126,1787057435.1865373,1787057435.2896187,0.10012197494506836,19968,19968,0,-43.542999267578125,66.46600341796875,-4.880000114440918,3.359999895095825,-2.75600004196167,3.437999963760376,0.0,2.317309927324019,7.905177767668104,66.49402370283319,timestamp,nanoseconds_absolute,1.7870574351865372e+18,1.7870574352868198e+18,0.100282624,false,true,false,false,true,true,true,false,false,true,true,false,false
W_TEST_01,LONG_CORRIDOR,WEAK_CANDIDATE,MAP,/home/lj/ZPRM/bag/mid360_20260818_205021_part1_20s.bag,d20b50bd4be04229d311717a27021502a74429fa3a143418b18ad70622eb4a6d,sensor_msgs/PointCloud2,"[""livox_frame""]","[""x"",""y"",""z"",""intensity"",""tag"",""line"",""timestamp""]",127,1787057435.2865663,1787057435.3886888,0.10002899169921875,19968,19968,0,-43.606998443603516,65.0770034790039,-6.25,3.36899995803833,-2.7320001125335693,3.440000057220459,0.0,2.322558243808756,8.078260453887017,65.10022834058759,timestamp,nanoseconds_absolute,1.7870574352865661e+18,1.7870574353867261e+18,0.10016000000000001,false,true,false,false,true,true,true,false,false,true,true,false,false
W_TEST_01,LONG_CORRIDOR,WEAK_CANDIDATE,MAP,/home/lj/ZPRM/bag/mid360_20260818_205021_part1_20s.bag,d20b50bd4be04229d311717a27021502a74429fa3a143418b18ad70622eb4a6d,sensor_msgs/PointCloud2,"[""livox_frame""]","[""x"",""y"",""z"",""intensity"",""tag"",""line"",""timestamp""]",128,1787057435.386469,1787057435.4876573,0.09990262985229492,19968,19968,0,-43.62900161743164,66.51899719238281,-6.51200008392334,3.061000108718872,-3.7799999713897705,3.441999912261963,0.0,2.326197880900036,8.050021245697142,66.60576382639266,timestamp,nanoseconds_absolute,1.7870574353864689e+18,1.7870574354867133e+18,0.10024448000000001,false,true,false,false,true,true,true,false,false,true,true,false,false
W_TEST_01,LONG_CORRIDOR,WEAK_CANDIDATE,MAP,/home/lj/ZPRM/bag/mid360_20260818_205021_part1_20s.bag,d20b50bd4be04229d311717a27021502a74429fa3a143418b18ad70622eb4a6d,sensor_msgs/PointCloud2,"[""livox_frame""]","[""x"",""y"",""z"",""intensity"",""tag"",""line"",""timestamp""]",129,1787057435.4864423,1787057435.588368,0.09997344017028809,20064,20064,0,-43.479000091552734,66.55699920654297,-4.940000057220459,3.3580000400543213,-2.760999917984009,3.440000057220459,0.0,2.3054803109937487,8.084414263290997,66.5839155990443,timestamp,nanoseconds_absolute,1.7870574354864422e+18,1.7870574355867937e+18,0.100351488,false,true,false,false,true,true,true,false,false,true,true,false,false
W_TEST_01,LONG_CORRIDOR,WEAK_CANDIDATE,MAP,/home/lj/ZPRM/bag/mid360_20260818_205021_part1_20s.bag,d20b50bd4be04229d311717a27021502a74429fa3a143418b18ad70622eb4a6d,sensor_msgs/PointCloud2,"[""livox_frame""]","[""x"",""y"",""z"",""intensity"",""tag"",""line"",""timestamp""]",130,1787057435.588275,1787057435.687878,0.10183262825012207,19968,19968,0,-43.606998443603516,66.52200317382812,-5.355000019073486,3.385999917984009,-2.755000114440918,3.443000078201294,0.0,2.3249062507605944,8.171971221793772,66.54271778450314,timestamp,nanoseconds_absolute,1.787057435588275e+18,1.7870574356867118e+18,0.09843686400000001,false,true,false,false,true,true,true,false,false,true,true,false,false
W_TEST_01,LONG_CORRIDOR,WEAK_CANDIDATE,MAP,/home/lj/ZPRM/bag/mid360_20260818_205021_part1_20s.bag,d20b50bd4be04229d311717a27021502a74429fa3a143418b18ad70622eb4a6d,sensor_msgs/PointCloud2,"[""livox_frame""]","[""x"",""y"",""z"",""intensity"",""tag"",""line"",""timestamp""]",131,1787057435.686456,1787057435.788851,0.09818100929260254,19968,19968,0,-43.577999114990234,66.4800033569336,-6.229000091552734,3.11299991607666,-3.7290000915527344,3.441999912261963,0.0,2.340057065184907,8.204745006425274,66.6182777414664,timestamp,nanoseconds_absolute,1.787057435686456e+18,1.7870574357867215e+18,0.10026547200000001,false,true,false,false,true,true,true,false,false,true,true,false,false
W_TEST_01,LONG_CORRIDOR,WEAK_CANDIDATE,MAP,/home/lj/ZPRM/bag/mid360_20260818_205021_part1_20s.bag,d20b50bd4be04229d311717a27021502a74429fa3a143418b18ad70622eb4a6d,sensor_msgs/PointCloud2,"[""livox_frame""]","[""x"",""y"",""z"",""intensity"",""tag"",""line"",""timestamp""]",132,1787057435.787679,1787057435.8881662,0.10122299194335938,19968,19968,0,-43.38199996948242,66.552001953125,-6.25,4.656000137329102,-3.6579999923706055,3.490000009536743,0.0,2.3222733485270695,8.008751562518595,66.58793244537411,timestamp,nanoseconds_absolute,1.787057435787679e+18,1.787057435886703e+18,0.099024128,false,true,false,false,true,true,true,false,false,true,true,false,false
W_TEST_01,LONG_CORRIDOR,WEAK_CANDIDATE,MAP,/home/lj/ZPRM/bag/mid360_20260818_205021_part1_20s.bag,d20b50bd4be04229d311717a27021502a74429fa3a143418b18ad70622eb4a6d,sensor_msgs/PointCloud2,"[""livox_frame""]","[""x"",""y"",""z"",""intensity"",""tag"",""line"",""timestamp""]",133,1787057435.887025,1787057435.9879806,0.09934616088867188,20064,20064,0,-43.55400085449219,66.54199981689453,-5.434000015258789,3.367000102996826,-2.759000062942505,3.447000026702881,0.0,2.3027211011973057,8.293091276391438,66.5786733153753,timestamp,nanoseconds_absolute,1.7870574358870252e+18,1.787057435986778e+18,0.09975296,false,true,false,false,true,true,true,false,false,true,true,false,false
W_TEST_01,LONG_CORRIDOR,WEAK_CANDIDATE,MAP,/home/lj/ZPRM/bag/mid360_20260818_205021_part1_20s.bag,d20b50bd4be04229d311717a27021502a74429fa3a143418b18ad70622eb4a6d,sensor_msgs/PointCloud2,"[""livox_frame""]","[""x"",""y"",""z"",""intensity"",""tag"",""line"",""timestamp""]",134,1787057435.9873216,1787057436.0883007,0.1002964973449707,19968,19968,0,-43.540000915527344,65.09200286865234,-8.081999778747559,3.191999912261963,-2.6989998817443848,3.440999984741211,0.0,2.32933788664256,8.129250317908038,65.09325066746588,timestamp,nanoseconds_absolute,1.7870574359873216e+18,1.7870574360867858e+18,0.099464192,false,true,false,false,true,true,true,false,false,true,true,false,false
W_TEST_01,LONG_CORRIDOR,WEAK_CANDIDATE,MAP,/home/lj/ZPRM/bag/mid360_20260818_205021_part1_20s.bag,d20b50bd4be04229d311717a27021502a74429fa3a143418b18ad70622eb4a6d,sensor_msgs/PointCloud2,"[""livox_frame""]","[""x"",""y"",""z"",""intensity"",""tag"",""line"",""timestamp""]",135,1787057436.0866315,1787057436.187581,0.09930992126464844,19968,19968,0,-43.6150016784668,66.50900268554688,-6.383999824523926,3.369999885559082,-2.627000093460083,3.4489998817443848,0.0,2.3352913099180093,8.2991609552105,66.53616965345178,timestamp,nanoseconds_absolute,1.7870574360866314e+18,1.7870574361867195e+18,0.100088064,false,true,false,false,true,true,true,false,false,true,true,false,false
W_TEST_01,LONG_CORRIDOR,WEAK_CANDIDATE,MAP,/home/lj/ZPRM/bag/mid360_20260818_205021_part1_20s.bag,d20b50bd4be04229d311717a27021502a74429fa3a143418b18ad70622eb4a6d,sensor_msgs/PointCloud2,"[""livox_frame""]","[""x"",""y"",""z"",""intensity"",""tag"",""line"",""timestamp""]",136,1787057436.1864707,1787057436.2882953,0.0998392105102539,20064,20064,0,-43.5629997253418,65.04100036621094,-5.0370001792907715,3.3610000610351562,-2.7669999599456787,3.440999984741211,0.0,2.3113243261340184,8.215348444400433,65.05640449864529,timestamp,nanoseconds_absolute,1.7870574361864707e+18,1.7870574362869023e+18,0.100431616,false,true,false,false,true,true,true,false,false,true,true,false,false
W_TEST_01,LONG_CORRIDOR,WEAK_CANDIDATE,MAP,/home/lj/ZPRM/bag/mid360_20260818_205021_part1_20s.bag,d20b50bd4be04229d311717a27021502a74429fa3a143418b18ad70622eb4a6d,sensor_msgs/PointCloud2,"[""livox_frame""]","[""x"",""y"",""z"",""intensity"",""tag"",""line"",""timestamp""]",137,1787057436.2867033,1787057436.3881283,0.10023260116577148,19968,19968,0,-43.55099868774414,66.49199676513672,-6.078000068664551,3.4100000858306885,-2.7290000915527344,3.438999891281128,0.0,2.3137505263724503,8.11736908345213,66.54161157357005,timestamp,nanoseconds_absolute,1.7870574362867034e+18,1.7870574363867937e+18,0.10009036800000001,false,true,false,false,true,true,true,false,false,true,true,false,false
W_TEST_01,LONG_CORRIDOR,WEAK_CANDIDATE,MAP,/home/lj/ZPRM/bag/mid360_20260818_205021_part1_20s.bag,d20b50bd4be04229d311717a27021502a74429fa3a143418b18ad70622eb4a6d,sensor_msgs/PointCloud2,"[""livox_frame""]","[""x"",""y"",""z"",""intensity"",""tag"",""line"",""timestamp""]",138,1787057436.3865814,1787057436.488444,0.09987807273864746,19968,19968,0,-43.50199890136719,66.50599670410156,-6.150000095367432,3.368000030517578,-3.6470000743865967,3.444000005722046,0.0,2.3289757152700234,8.208558679838024,66.60634600505429,timestamp,nanoseconds_absolute,1.7870574363865815e+18,1.7870574364874596e+18,0.10087808000000001,false,true,false,false,true,true,true,false,false,true,true,false,false
W_TEST_01,LONG_CORRIDOR,WEAK_CANDIDATE,MAP,/home/lj/ZPRM/bag/mid360_20260818_205021_part1_20s.bag,d20b50bd4be04229d311717a27021502a74429fa3a143418b18ad70622eb4a6d,sensor_msgs/PointCloud2,"[""livox_frame""]","[""x"",""y"",""z"",""intensity"",""tag"",""line"",""timestamp""]",139,1787057436.4870903,1787057436.5888293,0.1005089282989502,20064,20064,0,-43.34600067138672,66.54100036621094,-6.491000175476074,3.381999969482422,-2.749000072479248,3.4830000400543213,0.0,2.33043902555465,8.230446589049643,66.57826296131529,timestamp,nanoseconds_absolute,1.7870574364870904e+18,1.7870574365870034e+18,0.09991296000000001,false,true,false,false,true,true,true,false,false,true,true,false,false
W_TEST_01,LONG_CORRIDOR,WEAK_CANDIDATE,MAP,/home/lj/ZPRM/bag/mid360_20260818_205021_part1_20s.bag,d20b50bd4be04229d311717a27021502a74429fa3a143418b18ad70622eb4a6d,sensor_msgs/PointCloud2,"[""livox_frame""]","[""x"",""y"",""z"",""intensity"",""tag"",""line"",""timestamp""]",140,1787057436.5867472,1787057436.6883335,0.09965682029724121,19968,19968,0,-43.49800109863281,65.04399871826172,-5.561999797821045,3.4010000228881836,-2.746000051498413,3.436000108718872,0.0,2.325809076121913,8.272445051169829,65.05489662017415,timestamp,nanoseconds_absolute,1.7870574365867471e+18,1.7870574366869857e+18,0.100238592,false,true,false,false,true,true,true,false,false,true,true,false,false
W_TEST_01,LONG_CORRIDOR,WEAK_CANDIDATE,MAP,/home/lj/ZPRM/bag/mid360_20260818_205021_part1_20s.bag,d20b50bd4be04229d311717a27021502a74429fa3a143418b18ad70622eb4a6d,sensor_msgs/PointCloud2,"[""livox_frame""]","[""x"",""y"",""z"",""intensity"",""tag"",""line"",""timestamp""]",141,1787057436.6867213,1787057436.7892058,0.09997415542602539,19968,19968,0,-43.395999908447266,66.56400299072266,-9.927000045776367,3.368000030517578,-2.6610000133514404,3.443000078201294,0.0,2.335635914974155,8.18465881885011,66.59814772521695,timestamp,nanoseconds_absolute,1.7870574366867213e+18,1.787057436786856e+18,0.100134656,false,true,false,false,true,true,true,false,false,true,true,false,false
W_TEST_01,LONG_CORRIDOR,WEAK_CANDIDATE,MAP,/home/lj/ZPRM/bag/mid360_20260818_205021_part1_20s.bag,d20b50bd4be04229d311717a27021502a74429fa3a143418b18ad70622eb4a6d,sensor_msgs/PointCloud2,"[""livox_frame""]","[""x"",""y"",""z"",""intensity"",""tag"",""line"",""timestamp""]",142,1787057436.7866094,1787057436.8906827,0.09988808631896973,20064,20064,0,-43.542999267578125,65.05799865722656,-10.168999671936035,3.371999979019165,-3.052000045776367,3.440000057220459,0.0,2.3222647614302723,8.194698433423273,65.08130170989648,timestamp,nanoseconds_absolute,1.7870574367866094e+18,1.7870574368870536e+18,0.10044416,false,true,false,false,true,true,true,false,false,true,true,false,false
W_TEST_01,LONG_CORRIDOR,WEAK_CANDIDATE,MAP,/home/lj/ZPRM/bag/mid360_20260818_205021_part1_20s.bag,d20b50bd4be04229d311717a27021502a74429fa3a143418b18ad70622eb4a6d,sensor_msgs/PointCloud2,"[""livox_frame""]","[""x"",""y"",""z"",""intensity"",""tag"",""line"",""timestamp""]",143,1787057436.8867505,1787057436.990009,0.10014104843139648,19968,19968,0,-43.5359992980957,66.51100158691406,-5.611999988555908,3.5759999752044678,-3.059000015258789,3.440000057220459,0.0,2.3213341480398384,8.238988090507231,66.56317046411448,timestamp,nanoseconds_absolute,1.7870574368867505e+18,1.787057436987015e+18,0.100264448,false,true,false,false,true,true,true,false,false,true,true,false,false
W_TEST_01,LONG_CORRIDOR,WEAK_CANDIDATE,MAP,/home/lj/ZPRM/bag/mid360_20260818_205021_part1_20s.bag,d20b50bd4be04229d311717a27021502a74429fa3a143418b18ad70622eb4a6d,sensor_msgs/PointCloud2,"[""livox_frame""]","[""x"",""y"",""z"",""intensity"",""tag"",""line"",""timestamp""]",144,1787057436.9892504,1787057437.0886128,0.10249996185302734,19968,19968,0,-43.41999816894531,66.47899627685547,-5.5,3.361999988555908,-3.7230000495910645,3.444999933242798,0.0,2.3323999194056215,8.139437211561692,66.62608015261347,timestamp,nanoseconds_absolute,1.7870574369892503e+18,1.7870574370869304e+18,0.097680128,false,true,false,false,true,true,true,false,false,true,true,false,false
W_TEST_01,LONG_CORRIDOR,WEAK_CANDIDATE,MAP,/home/lj/ZPRM/bag/mid360_20260818_205021_part1_20s.bag,d20b50bd4be04229d311717a27021502a74429fa3a143418b18ad70622eb4a6d,sensor_msgs/PointCloud2,"[""livox_frame""]","[""x"",""y"",""z"",""intensity"",""tag"",""line"",""timestamp""]",145,1787057437.086698,1787057437.1884105,0.09744763374328613,20064,20064,0,-43.54100036621094,66.45500183105469,-10.11299991607666,3.378000020980835,-3.743000030517578,3.447000026702881,0.0,2.330756303393879,8.249691221250519,66.5697171517363,timestamp,nanoseconds_absolute,1.787057437086698e+18,1.787057437187116e+18,0.10041804800000001,false,true,false,false,true,true,true,false,false,true,true,false,false
W_TEST_01,LONG_CORRIDOR,WEAK_CANDIDATE,MAP,/home/lj/ZPRM/bag/mid360_20260818_205021_part1_20s.bag,d20b50bd4be04229d311717a27021502a74429fa3a143418b18ad70622eb4a6d,sensor_msgs/PointCloud2,"[""livox_frame""]","[""x"",""y"",""z"",""intensity"",""tag"",""line"",""timestamp""]",146,1787057437.1869307,1787057437.2888067,0.10023260116577148,19968,19968,0,-41.22100067138672,66.5989990234375,-8.083000183105469,3.1489999294281006,-3.693000078201294,3.441999912261963,0.0,2.3269364284900522,8.19104543199763,66.65784995450949,timestamp,nanoseconds_absolute,1.7870574371869307e+18,1.7870574372871437e+18,0.100212992,false,true,false,false,true,true,true,false,false,true,true,false,false
W_TEST_01,LONG_CORRIDOR,WEAK_CANDIDATE,MAP,/home/lj/ZPRM/bag/mid360_20260818_205021_part1_20s.bag,d20b50bd4be04229d311717a27021502a74429fa3a143418b18ad70622eb4a6d,sensor_msgs/PointCloud2,"[""livox_frame""]","[""x"",""y"",""z"",""intensity"",""tag"",""line"",""timestamp""]",147,1787057437.286894,1787057437.38808,0.09996342658996582,19968,19968,0,-43.48099899291992,66.54199981689453,-5.214000225067139,3.36299991607666,-3.815000057220459,3.443000078201294,0.0,2.316073727460857,8.192314341781929,66.65312426343533,timestamp,nanoseconds_absolute,1.787057437286894e+18,1.7870574373870766e+18,0.100182528,false,true,false,false,true,true,true,false,false,true,true,false,false
W_TEST_01,LONG_CORRIDOR,WEAK_CANDIDATE,MAP,/home/lj/ZPRM/bag/mid360_20260818_205021_part1_20s.bag,d20b50bd4be04229d311717a27021502a74429fa3a143418b18ad70622eb4a6d,sensor_msgs/PointCloud2,"[""livox_frame""]","[""x"",""y"",""z"",""intensity"",""tag"",""line"",""timestamp""]",148,1787057437.387442,1787057437.4886782,0.10054802894592285,19968,19968,0,-43.27199935913086,65.00900268554688,-5.98799991607666,3.365999937057495,-2.924999952316284,3.441999912261963,0.0,2.338879066063753,8.152343874094857,65.04180195662188,timestamp,nanoseconds_absolute,1.7870574373874422e+18,1.7870574374871685e+18,0.09972633600000001,false,true,false,false,true,true,true,false,false,true,true,false,false
W_TEST_01,LONG_CORRIDOR,WEAK_CANDIDATE,MAP,/home/lj/ZPRM/bag/mid360_20260818_205021_part1_20s.bag,d20b50bd4be04229d311717a27021502a74429fa3a143418b18ad70622eb4a6d,sensor_msgs/PointCloud2,"[""livox_frame""]","[""x"",""y"",""z"",""intensity"",""tag"",""line"",""timestamp""]",149,1787057437.4868262,1787057437.5885696,0.09938406944274902,20064,20064,0,-43.505001068115234,66.50599670410156,-6.327000141143799,3.4000000953674316,-3.0980000495910645,3.444000005722046,0.0,2.317861181354332,8.267614993702509,66.55806300623787,timestamp,nanoseconds_absolute,1.7870574374868262e+18,1.7870574375871547e+18,0.100328448,false,true,false,false,true,true,true,false,false,true,true,false,false
W_TEST_01,LONG_CORRIDOR,WEAK_CANDIDATE,MAP,/home/lj/ZPRM/bag/mid360_20260818_205021_part1_20s.bag,d20b50bd4be04229d311717a27021502a74429fa3a143418b18ad70622eb4a6d,sensor_msgs/PointCloud2,"[""livox_frame""]","[""x"",""y"",""z"",""intensity"",""tag"",""line"",""timestamp""]",150,1787057437.5878959,1787057437.6885772,0.10106968879699707,19968,19968,0,-43.5890007019043,66.55699920654297,-5.577000141143799,3.374000072479248,-3.4700000286102295,3.447000026702881,0.0,2.3122827322092743,8.343792156401747,66.60833579778289,timestamp,nanoseconds_absolute,1.7870574375878958e+18,1.78705743768714e+18,0.099244288,false,true,false,false,true,true,true,false,false,true,true,false,false
W_TEST_01,LONG_CORRIDOR,WEAK_CANDIDATE,MAP,/home/lj/ZPRM/bag/mid360_20260818_205021_part1_20s.bag,d20b50bd4be04229d311717a27021502a74429fa3a143418b18ad70622eb4a6d,sensor_msgs/PointCloud2,"[""livox_frame""]","[""x"",""y"",""z"",""intensity"",""tag"",""line"",""timestamp""]",151,1787057437.6878963,1787057437.7888536,0.10000038146972656,20064,20064,0,-43.624000549316406,65.10700225830078,-6.234000205993652,3.0940001010894775,-2.7269999980926514,3.440000057220459,0.0,2.324233109306801,8.157196454737333,65.13255581393454,timestamp,nanoseconds_absolute,1.7870574376878963e+18,1.7870574377872794e+18,0.09938304,false,true,false,false,true,true,true,false,false,true,true,false,false
W_TEST_01,LONG_CORRIDOR,WEAK_CANDIDATE,MAP,/home/lj/ZPRM/bag/mid360_20260818_205021_part1_20s.bag,d20b50bd4be04229d311717a27021502a74429fa3a143418b18ad70622eb4a6d,sensor_msgs/PointCloud2,"[""livox_frame""]","[""x"",""y"",""z"",""intensity"",""tag"",""line"",""timestamp""]",152,1787057437.7870142,1787057437.8885975,0.09911799430847168,19968,19968,0,-43.492000579833984,66.51000213623047,-5.560999870300293,3.36899995803833,-3.7060000896453857,3.433000087738037,0.0,2.331099325744951,8.450991952698626,66.56985406960028,timestamp,nanoseconds_absolute,1.7870574377870141e+18,1.7870574378872154e+18,0.10020121600000001,false,true,false,false,true,true,true,false,false,true,true,false,false
W_TEST_01,LONG_CORRIDOR,WEAK_CANDIDATE,MAP,/home/lj/ZPRM/bag/mid360_20260818_205021_part1_20s.bag,d20b50bd4be04229d311717a27021502a74429fa3a143418b18ad70622eb4a6d,sensor_msgs/PointCloud2,"[""livox_frame""]","[""x"",""y"",""z"",""intensity"",""tag"",""line"",""timestamp""]",153,1787057437.890294,1787057437.9883442,0.10327982902526855,19968,19968,0,-43.303001403808594,66.5270004272461,-6.354000091552734,3.3610000610351562,-3.7679998874664307,3.446000099182129,0.0,2.3119567445715825,8.233135270168503,66.55462108623874,timestamp,nanoseconds_absolute,1.787057437890294e+18,1.7870574379872172e+18,0.09692313600000001,false,true,false,false,true,true,true,false,false,true,true,false,false
W_TEST_01,LONG_CORRIDOR,WEAK_CANDIDATE,MAP,/home/lj/ZPRM/bag/mid360_20260818_205021_part1_20s.bag,d20b50bd4be04229d311717a27021502a74429fa3a143418b18ad70622eb4a6d,sensor_msgs/PointCloud2,"[""livox_frame""]","[""x"",""y"",""z"",""intensity"",""tag"",""line"",""timestamp""]",154,1787057437.9882627,1787057438.0881991,0.09796857833862305,19968,19968,0,-43.481998443603516,66.51899719238281,-5.848999977111816,3.368000030517578,-2.750999927520752,3.440000057220459,0.0,2.3040671270038082,8.192714774528678,66.54425063348363,timestamp,nanoseconds_absolute,1.7870574379882627e+18,1.7870574380872714e+18,0.09900876800000001,false,true,false,false,true,true,true,false,false,true,true,false,false
W_TEST_01,LONG_CORRIDOR,WEAK_CANDIDATE,MAP,/home/lj/ZPRM/bag/mid360_20260818_205021_part1_20s.bag,d20b50bd4be04229d311717a27021502a74429fa3a143418b18ad70622eb4a6d,sensor_msgs/PointCloud2,"[""livox_frame""]","[""x"",""y"",""z"",""intensity"",""tag"",""line"",""timestamp""]",155,1787057438.0869944,1787057438.188551,0.09873175621032715,20064,20064,0,-43.553001403808594,64.83499908447266,-10.253000259399414,3.368000030517578,-2.6429998874664307,3.437000036239624,0.0,2.318752694673365,8.20842936799791,64.83612025936098,timestamp,nanoseconds_absolute,1.7870574380869944e+18,1.787057438187343e+18,0.100348672,false,true,false,false,true,true,true,false,false,true,true,false,false
W_TEST_01,LONG_CORRIDOR,WEAK_CANDIDATE,MAP,/home/lj/ZPRM/bag/mid360_20260818_205021_part1_20s.bag,d20b50bd4be04229d311717a27021502a74429fa3a143418b18ad70622eb4a6d,sensor_msgs/PointCloud2,"[""livox_frame""]","[""x"",""y"",""z"",""intensity"",""tag"",""line"",""timestamp""]",156,1787057438.1872044,1787057438.2889566,0.10020995140075684,19968,19968,0,-43.34299850463867,66.55799865722656,-6.377999782562256,3.385999917984009,-3.1610000133514404,3.4790000915527344,0.0,2.316114404450869,8.33690483092063,66.58725430189325,timestamp,nanoseconds_absolute,1.7870574381872044e+18,1.787057438287296e+18,0.100091648,false,true,false,false,true,true,true,false,false,true,true,false,false
W_TEST_01,LONG_CORRIDOR,WEAK_CANDIDATE,MAP,/home/lj/ZPRM/bag/mid360_20260818_205021_part1_20s.bag,d20b50bd4be04229d311717a27021502a74429fa3a143418b18ad70622eb4a6d,sensor_msgs/PointCloud2,"[""livox_frame""]","[""x"",""y"",""z"",""intensity"",""tag"",""line"",""timestamp""]",157,1787057438.2871387,1787057438.3882148,0.09993433952331543,19968,19968,0,-43.529998779296875,66.55699920654297,-5.409999847412109,3.368000030517578,-2.7909998893737793,3.444000005722046,0.0,2.3083247754983844,8.263233042836683,66.59502825264687,timestamp,nanoseconds_absolute,1.7870574382871388e+18,1.7870574383873874e+18,0.100248576,false,true,false,false,true,true,true,false,false,true,true,false,false
W_TEST_01,LONG_CORRIDOR,WEAK_CANDIDATE,MAP,/home/lj/ZPRM/bag/mid360_20260818_205021_part1_20s.bag,d20b50bd4be04229d311717a27021502a74429fa3a143418b18ad70622eb4a6d,sensor_msgs/PointCloud2,"[""livox_frame""]","[""x"",""y"",""z"",""intensity"",""tag"",""line"",""timestamp""]",158,1787057438.3871117,1787057438.489123,0.09997296333312988,20064,20064,0,-43.492000579833984,65.0989990234375,-5.736000061035156,3.3570001125335693,-2.5429999828338623,3.438999891281128,0.0,2.3042903979744915,8.08755633174091,65.16237495851557,timestamp,nanoseconds_absolute,1.7870574383871117e+18,1.787057438487397e+18,0.10028544,false,true,false,false,true,true,true,false,false,true,true,false,false
W_TEST_01,LONG_CORRIDOR,WEAK_CANDIDATE,MAP,/home/lj/ZPRM/bag/mid360_20260818_205021_part1_20s.bag,d20b50bd4be04229d311717a27021502a74429fa3a143418b18ad70622eb4a6d,sensor_msgs/PointCloud2,"[""livox_frame""]","[""x"",""y"",""z"",""intensity"",""tag"",""line"",""timestamp""]",159,1787057438.489121,1787057438.591003,0.10200929641723633,19968,19968,0,-43.58100128173828,66.5770034790039,-10.140999794006348,4.568999767303467,-3.7170000076293945,3.440999984741211,0.0,2.3249404714612893,8.278503136396562,66.68228344404135,timestamp,nanoseconds_absolute,1.787057438489121e+18,1.7870574385890028e+18,0.099881728,false,true,false,false,true,true,true,false,false,true,true,false,false
W_TEST_01,LONG_CORRIDOR,WEAK_CANDIDATE,MAP,/home/lj/ZPRM/bag/mid360_20260818_205021_part1_20s.bag,d20b50bd4be04229d311717a27021502a74429fa3a143418b18ad70622eb4a6d,sensor_msgs/PointCloud2,"[""livox_frame""]","[""x"",""y"",""z"",""intensity"",""tag"",""line"",""timestamp""]",160,1787057438.5885618,1787057438.6915936,0.0994408130645752,20064,20064,0,-43.41299819946289,65.06099700927734,-7.376999855041504,3.375999927520752,-3.2190001010894775,3.444999933242798,0.0,2.309177355671573,8.257760379903246,65.09369473415686,timestamp,nanoseconds_absolute,1.7870574385885617e+18,1.7870574386888108e+18,0.100249088,false,true,false,false,true,true,true,false,false,true,true,false,false
W_TEST_01,LONG_CORRIDOR,WEAK_CANDIDATE,MAP,/home/lj/ZPRM/bag/mid360_20260818_205021_part1_20s.bag,d20b50bd4be04229d311717a27021502a74429fa3a143418b18ad70622eb4a6d,sensor_msgs/PointCloud2,"[""livox_frame""]","[""x"",""y"",""z"",""intensity"",""tag"",""line"",""timestamp""]",161,1787057438.6884675,1787057438.7888699,0.09990572929382324,19968,19968,0,-43.56700134277344,66.51399993896484,-5.88700008392334,3.3510000705718994,-3.7260000705718994,3.440000057220459,0.0,2.308731350119878,8.159776320414554,66.55588392561148,timestamp,nanoseconds_absolute,1.7870574386884675e+18,1.7870574387875323e+18,0.099064832,false,true,false,false,true,true,true,false,false,true,true,false,false
W_TEST_01,LONG_CORRIDOR,WEAK_CANDIDATE,MAP,/home/lj/ZPRM/bag/mid360_20260818_205021_part1_20s.bag,d20b50bd4be04229d311717a27021502a74429fa3a143418b18ad70622eb4a6d,sensor_msgs/PointCloud2,"[""livox_frame""]","[""x"",""y"",""z"",""intensity"",""tag"",""line"",""timestamp""]",162,1787057438.787282,1787057438.8883364,0.09881448745727539,19968,19968,0,-43.483001708984375,66.44000244140625,-7.453000068664551,3.369999885559082,-3.9189999103546143,3.438999891281128,0.0,2.317069077738292,8.297663389181157,66.55861439845815,timestamp,nanoseconds_absolute,1.787057438787282e+18,1.7870574388874647e+18,0.10018278400000001,false,true,false,false,true,true,true,false,false,true,true,false,false
W_TEST_01,LONG_CORRIDOR,WEAK_CANDIDATE,MAP,/home/lj/ZPRM/bag/mid360_20260818_205021_part1_20s.bag,d20b50bd4be04229d311717a27021502a74429fa3a143418b18ad70622eb4a6d,sensor_msgs/PointCloud2,"[""livox_frame""]","[""x"",""y"",""z"",""intensity"",""tag"",""line"",""timestamp""]",163,1787057438.8876834,1787057438.9877105,0.10040140151977539,19968,19968,0,-41.27799987792969,66.5790023803711,-6.116000175476074,3.372999906539917,-3.0490000247955322,3.444999933242798,0.0,2.321436531661212,8.226704944433225,66.61930694981162,timestamp,nanoseconds_absolute,1.7870574388876833e+18,1.7870574389866798e+18,0.09899648000000001,false,true,false,false,true,true,true,false,false,true,true,false,false
W_TEST_01,LONG_CORRIDOR,WEAK_CANDIDATE,MAP,/home/lj/ZPRM/bag/mid360_20260818_205021_part1_20s.bag,d20b50bd4be04229d311717a27021502a74429fa3a143418b18ad70622eb4a6d,sensor_msgs/PointCloud2,"[""livox_frame""]","[""x"",""y"",""z"",""intensity"",""tag"",""line"",""timestamp""]",164,1787057438.9871469,1787057439.0885694,0.09946346282958984,20064,20064,0,-43.5359992980957,65.0989990234375,-5.485000133514404,3.4210000038146973,-2.7699999809265137,3.436000108718872,0.0,2.314476828254847,8.238221931998664,65.11134189760402,timestamp,nanoseconds_absolute,1.7870574389871468e+18,1.7870574390875694e+18,0.10042265600000001,false,true,false,false,true,true,true,false,false,true,true,false,false
W_TEST_01,LONG_CORRIDOR,WEAK_CANDIDATE,MAP,/home/lj/ZPRM/bag/mid360_20260818_205021_part1_20s.bag,d20b50bd4be04229d311717a27021502a74429fa3a143418b18ad70622eb4a6d,sensor_msgs/PointCloud2,"[""livox_frame""]","[""x"",""y"",""z"",""intensity"",""tag"",""line"",""timestamp""]",165,1787057439.0873141,1787057439.1889203,0.10016727447509766,19968,19968,0,-43.48400115966797,66.42400360107422,-8.0600004196167,3.378000020980835,-4.218999862670898,3.437000036239624,0.0,2.315110162926934,8.101591381199487,66.57144462390538,timestamp,nanoseconds_absolute,1.7870574390873142e+18,1.7870574391875397e+18,0.100225536,false,true,false,false,true,true,true,false,false,true,true,false,false
W_TEST_01,LONG_CORRIDOR,WEAK_CANDIDATE,MAP,/home/lj/ZPRM/bag/mid360_20260818_205021_part1_20s.bag,d20b50bd4be04229d311717a27021502a74429fa3a143418b18ad70622eb4a6d,sensor_msgs/PointCloud2,"[""livox_frame""]","[""x"",""y"",""z"",""intensity"",""tag"",""line"",""timestamp""]",166,1787057439.187285,1787057439.2875164,0.09997081756591797,19968,19968,0,-43.61899948120117,66.53900146484375,-10.13599967956543,3.3889999389648438,-3.8550000190734863,3.441999912261963,0.0,2.3293138578997508,8.268327922670526,66.66079530139612,timestamp,nanoseconds_absolute,1.787057439187285e+18,1.7870574392866929e+18,0.09940787200000001,false,true,false,false,true,true,true,false,false,true,true,false,false
W_TEST_01,LONG_CORRIDOR,WEAK_CANDIDATE,MAP,/home/lj/ZPRM/bag/mid360_20260818_205021_part1_20s.bag,d20b50bd4be04229d311717a27021502a74429fa3a143418b18ad70622eb4a6d,sensor_msgs/PointCloud2,"[""livox_frame""]","[""x"",""y"",""z"",""intensity"",""tag"",""line"",""timestamp""]",167,1787057439.2874482,1787057439.389065,0.10016322135925293,20064,20064,0,-43.5099983215332,66.45600128173828,-5.860000133514404,3.382999897003174,-3.8510000705718994,3.440000057220459,0.0,2.3080813421390873,8.33975513311982,66.57578320155115,timestamp,nanoseconds_absolute,1.787057439287448e+18,1.787057439387726e+18,0.10027801600000001,false,true,false,false,true,true,true,false,false,true,true,false,false
W_TEST_01,LONG_CORRIDOR,WEAK_CANDIDATE,MAP,/home/lj/ZPRM/bag/mid360_20260818_205021_part1_20s.bag,d20b50bd4be04229d311717a27021502a74429fa3a143418b18ad70622eb4a6d,sensor_msgs/PointCloud2,"[""livox_frame""]","[""x"",""y"",""z"",""intensity"",""tag"",""line"",""timestamp""]",168,1787057439.3874495,1787057439.488854,0.10000133514404297,17952,17952,0,-43.564998626708984,65.1259994506836,-5.494999885559082,3.3369998931884766,-2.75,3.444999933242798,0.0,2.358083836309632,8.654036536418245,65.15767836172881,timestamp,nanoseconds_absolute,1.7870574393874496e+18,1.787057439482288e+18,0.094838528,false,true,false,false,true,true,true,false,false,true,true,false,false
W_TEST_01,LONG_CORRIDOR,WEAK_CANDIDATE,MAP,/home/lj/ZPRM/bag/mid360_20260818_205021_part1_20s.bag,d20b50bd4be04229d311717a27021502a74429fa3a143418b18ad70622eb4a6d,sensor_msgs/PointCloud2,"[""livox_frame""]","[""x"",""y"",""z"",""intensity"",""tag"",""line"",""timestamp""]",169,1787057439.481866,1787057439.5891836,0.09441637992858887,21888,21888,0,-43.54100036621094,66.48200225830078,-10.137999534606934,3.377000093460083,-3.734999895095825,3.4489998817443848,0.0,2.312678439474161,7.79778942360576,66.57613207818942,timestamp,nanoseconds_absolute,1.787057439481866e+18,1.7870574395866834e+18,0.104817408,false,true,false,false,true,true,true,false,false,true,true,false,false
W_TEST_01,LONG_CORRIDOR,WEAK_CANDIDATE,MAP,/home/lj/ZPRM/bag/mid360_20260818_205021_part1_20s.bag,d20b50bd4be04229d311717a27021502a74429fa3a143418b18ad70622eb4a6d,sensor_msgs/PointCloud2,"[""livox_frame""]","[""x"",""y"",""z"",""intensity"",""tag"",""line"",""timestamp""]",170,1787057439.5865402,1787057439.688819,0.1046743392944336,20064,20064,0,-41.277000427246094,66.53099822998047,-6.15500020980835,3.555999994277954,-3.6760001182556152,3.447000026702881,0.0,2.338859558183459,8.225595484017765,66.58356544931648,timestamp,nanoseconds_absolute,1.7870574395865403e+18,1.7870574396867976e+18,0.10025728,false,true,false,false,true,true,true,false,false,true,true,false,false
W_TEST_01,LONG_CORRIDOR,WEAK_CANDIDATE,MAP,/home/lj/ZPRM/bag/mid360_20260818_205021_part1_20s.bag,d20b50bd4be04229d311717a27021502a74429fa3a143418b18ad70622eb4a6d,sensor_msgs/PointCloud2,"[""livox_frame""]","[""x"",""y"",""z"",""intensity"",""tag"",""line"",""timestamp""]",171,1787057439.6875966,1787057439.7879548,0.10105633735656738,19968,19968,0,-43.56999969482422,65.10099792480469,-5.093999862670898,3.364000082015991,-2.812000036239624,3.440999984741211,0.0,2.316401512637238,8.126270588556435,65.120770125479,timestamp,nanoseconds_absolute,1.7870574396875965e+18,1.7870574397866929e+18,0.09909632,false,true,false,false,true,true,true,false,false,true,true,false,false
W_TEST_01,LONG_CORRIDOR,WEAK_CANDIDATE,MAP,/home/lj/ZPRM/bag/mid360_20260818_205021_part1_20s.bag,d20b50bd4be04229d311717a27021502a74429fa3a143418b18ad70622eb4a6d,sensor_msgs/PointCloud2,"[""livox_frame""]","[""x"",""y"",""z"",""intensity"",""tag"",""line"",""timestamp""]",172,1787057439.7864501,1787057439.8887086,0.09885358810424805,20064,20064,0,-43.474998474121094,66.5719985961914,-6.076000213623047,3.3529999256134033,-2.678999900817871,3.437000036239624,0.0,2.3255603324807046,8.176220188672403,66.59990012895584,timestamp,nanoseconds_absolute,1.7870574397864502e+18,1.7870574398868626e+18,0.100412416,false,true,false,false,true,true,true,false,false,true,true,false,false
W_TEST_01,LONG_CORRIDOR,WEAK_CANDIDATE,MAP,/home/lj/ZPRM/bag/mid360_20260818_205021_part1_20s.bag,d20b50bd4be04229d311717a27021502a74429fa3a143418b18ad70622eb4a6d,sensor_msgs/PointCloud2,"[""livox_frame""]","[""x"",""y"",""z"",""intensity"",""tag"",""line"",""timestamp""]",173,1787057439.8874469,1787057439.9887605,0.10099673271179199,19968,19968,0,-41.22600173950195,66.48999786376953,-3.931999921798706,3.3959999084472656,-2.936000108718872,3.444000005722046,0.0,2.3342909925115127,8.195713037881811,66.5389685858458,timestamp,nanoseconds_absolute,1.7870574398874468e+18,1.7870574399868434e+18,0.09939660800000001,false,true,false,false,true,true,true,false,false,true,true,false,false
W_TEST_01,LONG_CORRIDOR,WEAK_CANDIDATE,MAP,/home/lj/ZPRM/bag/mid360_20260818_205021_part1_20s.bag,d20b50bd4be04229d311717a27021502a74429fa3a143418b18ad70622eb4a6d,sensor_msgs/PointCloud2,"[""livox_frame""]","[""x"",""y"",""z"",""intensity"",""tag"",""line"",""timestamp""]",174,1787057439.987477,1787057440.08769,0.10003018379211426,19968,19968,0,-43.428001403808594,66.50399780273438,-4.783999919891357,3.36899995803833,-3.013000011444092,3.440999984741211,0.0,2.320522379380375,8.281040473272657,66.54264760928048,timestamp,nanoseconds_absolute,1.787057439987477e+18,1.7870574400867164e+18,0.099239424,false,true,false,false,true,true,true,false,false,true,true,false,false
W_TEST_01,LONG_CORRIDOR,WEAK_CANDIDATE,MAP,/home/lj/ZPRM/bag/mid360_20260818_205021_part1_20s.bag,d20b50bd4be04229d311717a27021502a74429fa3a143418b18ad70622eb4a6d,sensor_msgs/PointCloud2,"[""livox_frame""]","[""x"",""y"",""z"",""intensity"",""tag"",""line"",""timestamp""]",175,1787057440.0873876,1787057440.1882858,0.09991049766540527,19968,19968,0,-43.551998138427734,65.03199768066406,-6.202000141143799,3.4240000247955322,-2.7179999351501465,3.440000057220459,0.0,2.314056599194674,8.22858686649444,65.05352770823463,timestamp,nanoseconds_absolute,1.7870574400873876e+18,1.7870574401869363e+18,0.099548672,false,true,false,false,true,true,true,false,false,true,true,false,false
W_TEST_01,LONG_CORRIDOR,WEAK_CANDIDATE,MAP,/home/lj/ZPRM/bag/mid360_20260818_205021_part1_20s.bag,d20b50bd4be04229d311717a27021502a74429fa3a143418b18ad70622eb4a6d,sensor_msgs/PointCloud2,"[""livox_frame""]","[""x"",""y"",""z"",""intensity"",""tag"",""line"",""timestamp""]",176,1787057440.1866045,1787057440.2882357,0.09921693801879883,20064,20064,0,-43.57099914550781,66.48200225830078,-7.2230000495910645,3.372999906539917,-2.88100004196167,3.440000057220459,0.0,2.3417062583711648,8.373958273832391,66.50862623944674,timestamp,nanoseconds_absolute,1.7870574401866045e+18,1.7870574402869e+18,0.10029542400000001,false,true,false,false,true,true,true,false,false,true,true,false,false
W_TEST_01,LONG_CORRIDOR,WEAK_CANDIDATE,MAP,/home/lj/ZPRM/bag/mid360_20260818_205021_part1_20s.bag,d20b50bd4be04229d311717a27021502a74429fa3a143418b18ad70622eb4a6d,sensor_msgs/PointCloud2,"[""livox_frame""]","[""x"",""y"",""z"",""intensity"",""tag"",""line"",""timestamp""]",177,1787057440.2874928,1787057440.3884637,0.10088825225830078,19968,19968,0,-43.5359992980957,66.5469970703125,-6.355000019073486,3.365999937057495,-3.6480000019073486,3.444999933242798,0.0,2.3369530405266503,8.243721564063188,66.57247410853873,timestamp,nanoseconds_absolute,1.7870574402874929e+18,1.7870574403867922e+18,0.099299328,false,true,false,false,true,true,true,false,false,true,true,false,false
W_TEST_01,LONG_CORRIDOR,WEAK_CANDIDATE,MAP,/home/lj/ZPRM/bag/mid360_20260818_205021_part1_20s.bag,d20b50bd4be04229d311717a27021502a74429fa3a143418b18ad70622eb4a6d,sensor_msgs/PointCloud2,"[""livox_frame""]","[""x"",""y"",""z"",""intensity"",""tag"",""line"",""timestamp""]",178,1787057440.387594,1787057440.488086,0.10010123252868652,19968,19968,0,-43.507999420166016,65.0260009765625,-9.677000045776367,3.364000082015991,-3.2920000553131104,3.437999963760376,0.0,2.320295429992303,8.260383342622047,65.10140108864495,timestamp,nanoseconds_absolute,1.787057440387594e+18,1.7870574404868662e+18,0.09927219200000001,false,true,false,false,true,true,true,false,false,true,true,false,false
W_TEST_01,LONG_CORRIDOR,WEAK_CANDIDATE,MAP,/home/lj/ZPRM/bag/mid360_20260818_205021_part1_20s.bag,d20b50bd4be04229d311717a27021502a74429fa3a143418b18ad70622eb4a6d,sensor_msgs/PointCloud2,"[""livox_frame""]","[""x"",""y"",""z"",""intensity"",""tag"",""line"",""timestamp""]",179,1787057440.4866543,1787057440.5875177,0.0990602970123291,19968,19968,0,-43.43199920654297,66.51399993896484,-6.091000080108643,3.3910000324249268,-2.638000011444092,3.436000108718872,0.0,2.3078755636900716,8.240342158253293,66.53622801019742,timestamp,nanoseconds_absolute,1.7870574404866542e+18,1.7870574405866394e+18,0.09998515200000001,false,true,false,false,true,true,true,false,false,true,true,false,false
W_TEST_01,LONG_CORRIDOR,WEAK_CANDIDATE,MAP,/home/lj/ZPRM/bag/mid360_20260818_205021_part1_20s.bag,d20b50bd4be04229d311717a27021502a74429fa3a143418b18ad70622eb4a6d,sensor_msgs/PointCloud2,"[""livox_frame""]","[""x"",""y"",""z"",""intensity"",""tag"",""line"",""timestamp""]",180,1787057440.5863793,1787057440.688103,0.09972500801086426,20064,20064,0,-41.25400161743164,66.54299926757812,-6.366000175476074,3.36299991607666,-4.1529998779296875,3.447999954223633,0.0,2.333217233604273,8.284803859404056,66.66161618721823,timestamp,nanoseconds_absolute,1.7870574405863793e+18,1.7870574406870505e+18,0.100671232,false,true,false,false,true,true,true,false,false,true,true,false,false
W_TEST_01,LONG_CORRIDOR,WEAK_CANDIDATE,MAP,/home/lj/ZPRM/bag/mid360_20260818_205021_part1_20s.bag,d20b50bd4be04229d311717a27021502a74429fa3a143418b18ad70622eb4a6d,sensor_msgs/PointCloud2,"[""livox_frame""]","[""x"",""y"",""z"",""intensity"",""tag"",""line"",""timestamp""]",181,1787057440.6876504,1787057440.789123,0.10127115249633789,19872,19872,0,-43.43000030517578,66.48100280761719,-5.611999988555908,4.611000061035156,-2.5869998931884766,3.443000078201294,0.0,2.314178020846575,8.311024479427848,66.51152386948863,timestamp,nanoseconds_absolute,1.7870574406876506e+18,1.7870574407866237e+18,0.098973184,false,true,false,false,true,true,true,false,false,true,true,false,false
W_TEST_01,LONG_CORRIDOR,WEAK_CANDIDATE,MAP,/home/lj/ZPRM/bag/mid360_20260818_205021_part1_20s.bag,d20b50bd4be04229d311717a27021502a74429fa3a143418b18ad70622eb4a6d,sensor_msgs/PointCloud2,"[""livox_frame""]","[""x"",""y"",""z"",""intensity"",""tag"",""line"",""timestamp""]",182,1787057440.7873912,1787057440.8883865,0.09974074363708496,20064,20064,0,-43.452999114990234,65.0530014038086,-5.257999897003174,3.3610000610351562,-2.744999885559082,3.437999963760376,0.0,2.324554912835876,8.054838619647068,65.08105285424465,timestamp,nanoseconds_absolute,1.7870574407873912e+18,1.787057440886919e+18,0.09952768000000001,false,true,false,false,true,true,true,false,false,true,true,false,false
W_TEST_01,LONG_CORRIDOR,WEAK_CANDIDATE,MAP,/home/lj/ZPRM/bag/mid360_20260818_205021_part1_20s.bag,d20b50bd4be04229d311717a27021502a74429fa3a143418b18ad70622eb4a6d,sensor_msgs/PointCloud2,"[""livox_frame""]","[""x"",""y"",""z"",""intensity"",""tag"",""line"",""timestamp""]",183,1787057440.887711,1787057440.9881563,0.10031986236572266,19968,19968,0,-43.564998626708984,66.5260009765625,-10.123000144958496,3.365999937057495,-2.8970000743865967,3.438999891281128,0.0,2.3245305934532845,8.287150240068371,66.54931590981722,timestamp,nanoseconds_absolute,1.787057440887711e+18,1.7870574409866703e+18,0.09895936000000001,false,true,false,false,true,true,true,false,false,true,true,false,false
W_TEST_01,LONG_CORRIDOR,WEAK_CANDIDATE,MAP,/home/lj/ZPRM/bag/mid360_20260818_205021_part1_20s.bag,d20b50bd4be04229d311717a27021502a74429fa3a143418b18ad70622eb4a6d,sensor_msgs/PointCloud2,"[""livox_frame""]","[""x"",""y"",""z"",""intensity"",""tag"",""line"",""timestamp""]",184,1787057440.9866025,1787057441.088879,0.0988914966583252,20064,20064,0,-43.59700012207031,66.46900177001953,-10.218999862670898,3.380000114440918,-3.11299991607666,3.447000026702881,0.0,2.3093388027794473,7.955487928304234,66.49434078316827,timestamp,nanoseconds_absolute,1.7870574409866025e+18,1.7870574410871288e+18,0.10052633600000001,false,true,false,false,true,true,true,false,false,true,true,false,false
W_TEST_01,LONG_CORRIDOR,WEAK_CANDIDATE,MAP,/home/lj/ZPRM/bag/mid360_20260818_205021_part1_20s.bag,d20b50bd4be04229d311717a27021502a74429fa3a143418b18ad70622eb4a6d,sensor_msgs/PointCloud2,"[""livox_frame""]","[""x"",""y"",""z"",""intensity"",""tag"",""line"",""timestamp""]",185,1787057441.0876317,1787057441.1886775,0.1010291576385498,19968,19968,0,-43.54800033569336,66.50700378417969,-5.038000106811523,3.3589999675750732,-3.740999937057495,3.447999954223633,0.0,2.3112961770500124,8.102230313706835,66.54144107593432,timestamp,nanoseconds_absolute,1.7870574410876316e+18,1.7870574411871793e+18,0.099547648,false,true,false,false,true,true,true,false,false,true,true,false,false
W_TEST_01,LONG_CORRIDOR,WEAK_CANDIDATE,MAP,/home/lj/ZPRM/bag/mid360_20260818_205021_part1_20s.bag,d20b50bd4be04229d311717a27021502a74429fa3a143418b18ad70622eb4a6d,sensor_msgs/PointCloud2,"[""livox_frame""]","[""x"",""y"",""z"",""intensity"",""tag"",""line"",""timestamp""]",186,1787057441.187745,1787057441.287752,0.1001133918762207,19968,19968,0,-43.47600173950195,66.48100280761719,-7.34499979019165,3.378000020980835,-3.8919999599456787,3.434999942779541,0.0,2.329799334872267,8.111478154517005,66.59991536794459,timestamp,nanoseconds_absolute,1.787057441187745e+18,1.7870574412866642e+18,0.098919168,false,true,false,false,true,true,true,false,false,true,true,false,false
W_TEST_01,LONG_CORRIDOR,WEAK_CANDIDATE,MAP,/home/lj/ZPRM/bag/mid360_20260818_205021_part1_20s.bag,d20b50bd4be04229d311717a27021502a74429fa3a143418b18ad70622eb4a6d,sensor_msgs/PointCloud2,"[""livox_frame""]","[""x"",""y"",""z"",""intensity"",""tag"",""line"",""timestamp""]",187,1787057441.2867126,1787057441.3876774,0.0989675521850586,19968,19968,0,-41.22600173950195,66.5009994506836,-6.158999919891357,3.4140000343322754,-3.1080000400543213,3.444999933242798,0.0,2.338362571106483,8.23210591607418,66.5287972298873,timestamp,nanoseconds_absolute,1.7870574412867126e+18,1.787057441386676e+18,0.09996339200000001,false,true,false,false,true,true,true,false,false,true,true,false,false
W_TEST_01,LONG_CORRIDOR,WEAK_CANDIDATE,MAP,/home/lj/ZPRM/bag/mid360_20260818_205021_part1_20s.bag,d20b50bd4be04229d311717a27021502a74429fa3a143418b18ad70622eb4a6d,sensor_msgs/PointCloud2,"[""livox_frame""]","[""x"",""y"",""z"",""intensity"",""tag"",""line"",""timestamp""]",188,1787057441.386717,1787057441.488529,0.10000443458557129,19968,19968,0,-43.638999938964844,66.52100372314453,-10.045999526977539,3.361999988555908,-3.5369999408721924,3.443000078201294,0.0,2.3300109066888766,8.123374182822124,66.57667210777684,timestamp,nanoseconds_absolute,1.7870574413867172e+18,1.7870574414866762e+18,0.09995904000000001,false,true,false,false,true,true,true,false,false,true,true,false,false
W_TEST_01,LONG_CORRIDOR,WEAK_CANDIDATE,MAP,/home/lj/ZPRM/bag/mid360_20260818_205021_part1_20s.bag,d20b50bd4be04229d311717a27021502a74429fa3a143418b18ad70622eb4a6d,sensor_msgs/PointCloud2,"[""livox_frame""]","[""x"",""y"",""z"",""intensity"",""tag"",""line"",""timestamp""]",189,1787057441.4864235,1787057441.588496,0.09970641136169434,20064,20064,0,-43.45000076293945,65.07599639892578,-8.02299976348877,3.1700000762939453,-2.877000093460083,3.440000057220459,0.0,2.302543348533646,7.875696229738247,65.12093367892277,timestamp,nanoseconds_absolute,1.7870574414864236e+18,1.787057441586712e+18,0.10028851200000001,false,true,false,false,true,true,true,false,false,true,true,false,false
W_TEST_01,LONG_CORRIDOR,WEAK_CANDIDATE,MAP,/home/lj/ZPRM/bag/mid360_20260818_205021_part1_20s.bag,d20b50bd4be04229d311717a27021502a74429fa3a143418b18ad70622eb4a6d,sensor_msgs/PointCloud2,"[""livox_frame""]","[""x"",""y"",""z"",""intensity"",""tag"",""line"",""timestamp""]",190,1787057441.5867472,1787057441.6896665,0.10032367706298828,20064,20064,0,-43.53099822998047,66.58000183105469,-5.39300012588501,3.3499999046325684,-2.694000005722046,3.489000082015991,0.0,2.3395195026614872,8.10712402960992,66.60169463783302,timestamp,nanoseconds_absolute,1.7870574415867471e+18,1.7870574416872236e+18,0.10047641600000001,false,true,false,false,true,true,true,false,false,true,true,false,false
W_TEST_01,LONG_CORRIDOR,WEAK_CANDIDATE,MAP,/home/lj/ZPRM/bag/mid360_20260818_205021_part1_20s.bag,d20b50bd4be04229d311717a27021502a74429fa3a143418b18ad70622eb4a6d,sensor_msgs/PointCloud2,"[""livox_frame""]","[""x"",""y"",""z"",""intensity"",""tag"",""line"",""timestamp""]",191,1787057441.6878836,1787057441.789275,0.10113644599914551,19872,19872,0,-43.53300094604492,66.45500183105469,-5.821000099182129,3.361999988555908,-3.875,3.444999933242798,0.0,2.3309404840581456,8.025718418622548,66.57542262211994,timestamp,nanoseconds_absolute,1.7870574416878835e+18,1.7870574417867356e+18,0.098852096,false,true,false,false,true,true,true,false,false,true,true,false,false
W_TEST_01,LONG_CORRIDOR,WEAK_CANDIDATE,MAP,/home/lj/ZPRM/bag/mid360_20260818_205021_part1_20s.bag,d20b50bd4be04229d311717a27021502a74429fa3a143418b18ad70622eb4a6d,sensor_msgs/PointCloud2,"[""livox_frame""]","[""x"",""y"",""z"",""intensity"",""tag"",""line"",""timestamp""]",192,1787057441.7864683,1787057441.8881023,0.09858465194702148,20064,20064,0,-43.64899826049805,65.04299926757812,-4.929999828338623,3.365999937057495,-2.7019999027252197,3.438999891281128,0.0,2.325160174889298,8.39836222455115,65.07413371442713,timestamp,nanoseconds_absolute,1.7870574417864684e+18,1.7870574418867717e+18,0.10030336000000001,false,true,false,false,true,true,true,false,false,true,true,false,false
W_TEST_01,LONG_CORRIDOR,WEAK_CANDIDATE,MAP,/home/lj/ZPRM/bag/mid360_20260818_205021_part1_20s.bag,d20b50bd4be04229d311717a27021502a74429fa3a143418b18ad70622eb4a6d,sensor_msgs/PointCloud2,"[""livox_frame""]","[""x"",""y"",""z"",""intensity"",""tag"",""line"",""timestamp""]",193,1787057441.8867562,1787057441.9895103,0.10028791427612305,19968,19968,0,-43.604000091552734,65.06700134277344,-6.017000198364258,3.0889999866485596,-2.5989999771118164,3.437999963760376,0.0,2.324856737736729,8.042398913836756,65.0958825913036,timestamp,nanoseconds_absolute,1.787057441886756e+18,1.7870574419867725e+18,0.100016384,false,true,false,false,true,true,true,false,false,true,true,false,false
W_TEST_01,LONG_CORRIDOR,WEAK_CANDIDATE,MAP,/home/lj/ZPRM/bag/mid360_20260818_205021_part1_20s.bag,d20b50bd4be04229d311717a27021502a74429fa3a143418b18ad70622eb4a6d,sensor_msgs/PointCloud2,"[""livox_frame""]","[""x"",""y"",""z"",""intensity"",""tag"",""line"",""timestamp""]",194,1787057441.9894962,1787057442.0886705,0.10274004936218262,19968,19968,0,-41.20600128173828,66.49800109863281,-6.315000057220459,3.367000102996826,-3.007999897003174,3.441999912261963,0.0,2.329422918387265,8.069373753389613,66.55531299208307,timestamp,nanoseconds_absolute,1.7870574419894963e+18,1.7870574420867077e+18,0.09721139200000001,false,true,false,false,true,true,true,false,false,true,true,false,false
W_TEST_01,LONG_CORRIDOR,WEAK_CANDIDATE,MAP,/home/lj/ZPRM/bag/mid360_20260818_205021_part1_20s.bag,d20b50bd4be04229d311717a27021502a74429fa3a143418b18ad70622eb4a6d,sensor_msgs/PointCloud2,"[""livox_frame""]","[""x"",""y"",""z"",""intensity"",""tag"",""line"",""timestamp""]",195,1787057442.086455,1787057442.1897218,0.09695887565612793,20064,20064,0,-43.54600143432617,66.51899719238281,-7.5929999351501465,3.36899995803833,-3.697999954223633,3.437999963760376,0.0,2.3125548990161136,8.12587074133006,66.56947672390955,timestamp,nanoseconds_absolute,1.787057442086455e+18,1.7870574421868134e+18,0.1003584,false,true,false,false,true,true,true,false,false,true,true,false,false
W_TEST_01,LONG_CORRIDOR,WEAK_CANDIDATE,MAP,/home/lj/ZPRM/bag/mid360_20260818_205021_part1_20s.bag,d20b50bd4be04229d311717a27021502a74429fa3a143418b18ad70622eb4a6d,sensor_msgs/PointCloud2,"[""livox_frame""]","[""x"",""y"",""z"",""intensity"",""tag"",""line"",""timestamp""]",196,1787057442.1869237,1787057442.2880301,0.10046863555908203,19872,19872,0,-43.58000183105469,64.3499984741211,-5.65500020980835,3.3580000400543213,-2.6740000247955322,3.434000015258789,0.0,2.3236530951338077,8.071797461427163,64.35167156815076,timestamp,nanoseconds_absolute,1.7870574421869238e+18,1.7870574422866678e+18,0.099744,false,true,false,false,true,true,true,false,false,true,true,false,false
W_TEST_01,LONG_CORRIDOR,WEAK_CANDIDATE,MAP,/home/lj/ZPRM/bag/mid360_20260818_205021_part1_20s.bag,d20b50bd4be04229d311717a27021502a74429fa3a143418b18ad70622eb4a6d,sensor_msgs/PointCloud2,"[""livox_frame""]","[""x"",""y"",""z"",""intensity"",""tag"",""line"",""timestamp""]",197,1787057442.286418,1787057442.3886256,0.09949421882629395,20064,20064,0,-43.617000579833984,66.5,-10.190999984741211,3.364000082015991,-3.114000082015991,3.438999891281128,0.0,2.3485931815878747,8.277942947183522,66.53306892962615,timestamp,nanoseconds_absolute,1.787057442286418e+18,1.787057442386761e+18,0.10034304000000001,false,true,false,false,true,true,true,false,false,true,true,false,false
W_TEST_01,LONG_CORRIDOR,WEAK_CANDIDATE,QUERY,/home/lj/ZPRM/bag/mid360_20260818_205021_part2_15s.bag,2c9893beb56146996eccbe846dc0ee5a4a3ca9aba5b3bb71f7067c598b27c581,sensor_msgs/PointCloud2,"[""livox_frame""]","[""x"",""y"",""z"",""intensity"",""tag"",""line"",""timestamp""]",0,1787057453.6871927,1787057453.789922,,19968,19968,0,-43.42499923706055,66.46700286865234,-6.140999794006348,3.187999963760376,-4.111999988555908,3.440999984741211,0.0,2.32975665556,8.17707726473229,66.60249616403007,timestamp,nanoseconds_absolute,1.7870574536871926e+18,1.787057453787508e+18,0.100315392,false,true,false,false,true,true,true,false,false,true,true,false,false
W_TEST_01,LONG_CORRIDOR,WEAK_CANDIDATE,QUERY,/home/lj/ZPRM/bag/mid360_20260818_205021_part2_15s.bag,2c9893beb56146996eccbe846dc0ee5a4a3ca9aba5b3bb71f7067c598b27c581,sensor_msgs/PointCloud2,"[""livox_frame""]","[""x"",""y"",""z"",""intensity"",""tag"",""line"",""timestamp""]",1,1787057453.787233,1787057453.8892605,0.10004043579101562,19968,19968,0,-43.512001037597656,66.50700378417969,-6.125999927520752,3.3399999141693115,-2.6480000019073486,3.447000026702881,0.0,2.33844565095327,8.173860150137807,66.57147506606705,timestamp,nanoseconds_absolute,1.787057453787233e+18,1.7870574538875569e+18,0.10032384000000001,false,true,false,false,true,true,true,false,false,true,true,false,false
W_TEST_01,LONG_CORRIDOR,WEAK_CANDIDATE,QUERY,/home/lj/ZPRM/bag/mid360_20260818_205021_part2_15s.bag,2c9893beb56146996eccbe846dc0ee5a4a3ca9aba5b3bb71f7067c598b27c581,sensor_msgs/PointCloud2,"[""livox_frame""]","[""x"",""y"",""z"",""intensity"",""tag"",""line"",""timestamp""]",2,1787057453.8876283,1787057453.9899044,0.10039520263671875,20064,20064,0,-41.194000244140625,66.55799865722656,-5.129000186920166,3.369999885559082,-3.6500000953674316,3.444000005722046,0.0,2.324934175265118,8.249345467463288,66.57646218602495,timestamp,nanoseconds_absolute,1.7870574538876283e+18,1.787057453987557e+18,0.09992883200000001,false,true,false,false,true,true,true,false,false,true,true,false,false
W_TEST_01,LONG_CORRIDOR,WEAK_CANDIDATE,QUERY,/home/lj/ZPRM/bag/mid360_20260818_205021_part2_15s.bag,2c9893beb56146996eccbe846dc0ee5a4a3ca9aba5b3bb71f7067c598b27c581,sensor_msgs/PointCloud2,"[""livox_frame""]","[""x"",""y"",""z"",""intensity"",""tag"",""line"",""timestamp""]",3,1787057453.987279,1787057454.089245,0.09965062141418457,19968,19968,0,-43.61600112915039,66.43699645996094,-7.461999893188477,3.1760001182556152,-3.621000051498413,3.437999963760376,0.0,2.3246047360065525,7.986426780507983,66.53568819809726,timestamp,nanoseconds_absolute,1.7870574539872788e+18,1.7870574540875694e+18,0.10029056,false,true,false,false,true,true,true,false,false,true,true,false,false
W_TEST_01,LONG_CORRIDOR,WEAK_CANDIDATE,QUERY,/home/lj/ZPRM/bag/mid360_20260818_205021_part2_15s.bag,2c9893beb56146996eccbe846dc0ee5a4a3ca9aba5b3bb71f7067c598b27c581,sensor_msgs/PointCloud2,"[""livox_frame""]","[""x"",""y"",""z"",""intensity"",""tag"",""line"",""timestamp""]",4,1787057454.089213,1787057454.1890607,0.10193395614624023,19968,19968,0,-43.53200149536133,65.12000274658203,-6.119999885559082,3.375,-2.6610000133514404,3.444999933242798,0.0,2.3276529902449785,8.089567840136953,65.15592595892029,timestamp,nanoseconds_absolute,1.787057454089213e+18,1.7870574541876332e+18,0.098420224,false,true,false,false,true,true,true,false,false,true,true,false,false
W_TEST_01,LONG_CORRIDOR,WEAK_CANDIDATE,QUERY,/home/lj/ZPRM/bag/mid360_20260818_205021_part2_15s.bag,2c9893beb56146996eccbe846dc0ee5a4a3ca9aba5b3bb71f7067c598b27c581,sensor_msgs/PointCloud2,"[""livox_frame""]","[""x"",""y"",""z"",""intensity"",""tag"",""line"",""timestamp""]",5,1787057454.1873379,1787057454.2896986,0.09812498092651367,20064,20064,0,-43.46799850463867,65.10700225830078,-6.38700008392334,3.4049999713897705,-3.0999999046325684,3.440999984741211,0.0,2.322549682565797,8.085339858347128,65.10785688427046,timestamp,nanoseconds_absolute,1.787057454187338e+18,1.7870574542877112e+18,0.10037324800000001,false,true,false,false,true,true,true,false,false,true,true,false,false
W_TEST_01,LONG_CORRIDOR,WEAK_CANDIDATE,QUERY,/home/lj/ZPRM/bag/mid360_20260818_205021_part2_15s.bag,2c9893beb56146996eccbe846dc0ee5a4a3ca9aba5b3bb71f7067c598b27c581,sensor_msgs/PointCloud2,"[""livox_frame""]","[""x"",""y"",""z"",""intensity"",""tag"",""line"",""timestamp""]",6,1787057454.28744,1787057454.389781,0.10010218620300293,19968,19968,0,-43.573001861572266,66.49199676513672,-8.104999542236328,3.3489999771118164,-3.5429999828338623,3.441999912261963,0.0,2.3231439937868266,8.178142080893474,66.56874338023597,timestamp,nanoseconds_absolute,1.7870574542874401e+18,1.7870574543876326e+18,0.10019251200000001,false,true,false,false,true,true,true,false,false,true,true,false,false
W_TEST_01,LONG_CORRIDOR,WEAK_CANDIDATE,QUERY,/home/lj/ZPRM/bag/mid360_20260818_205021_part2_15s.bag,2c9893beb56146996eccbe846dc0ee5a4a3ca9aba5b3bb71f7067c598b27c581,sensor_msgs/PointCloud2,"[""livox_frame""]","[""x"",""y"",""z"",""intensity"",""tag"",""line"",""timestamp""]",7,1787057454.3874817,1787057454.4889143,0.10004162788391113,19968,19968,0,-43.59000015258789,65.08200073242188,-5.947000026702881,3.062000036239624,-2.86899995803833,3.438999891281128,0.0,2.336212523907504,8.262003905725651,65.10744758074681,timestamp,nanoseconds_absolute,1.7870574543874816e+18,1.7870574544876682e+18,0.100186624,false,true,false,false,true,true,true,false,false,true,true,false,false
W_TEST_01,LONG_CORRIDOR,WEAK_CANDIDATE,QUERY,/home/lj/ZPRM/bag/mid360_20260818_205021_part2_15s.bag,2c9893beb56146996eccbe846dc0ee5a4a3ca9aba5b3bb71f7067c598b27c581,sensor_msgs/PointCloud2,"[""livox_frame""]","[""x"",""y"",""z"",""intensity"",""tag"",""line"",""timestamp""]",8,1787057454.488149,1787057454.5878003,0.10066723823547363,19968,19968,0,-43.564998626708984,66.56099700927734,-6.089000225067139,3.3589999675750732,-2.9140000343322754,3.444000005722046,0.0,2.3401135837720464,8.151658492090823,66.61714907575535,timestamp,nanoseconds_absolute,1.787057454488149e+18,1.787057454586802e+18,0.098652928,false,true,false,false,true,true,true,false,false,true,true,false,false
W_TEST_01,LONG_CORRIDOR,WEAK_CANDIDATE,QUERY,/home/lj/ZPRM/bag/mid360_20260818_205021_part2_15s.bag,2c9893beb56146996eccbe846dc0ee5a4a3ca9aba5b3bb71f7067c598b27c581,sensor_msgs/PointCloud2,"[""livox_frame""]","[""x"",""y"",""z"",""intensity"",""tag"",""line"",""timestamp""]",9,1787057454.5872684,1787057454.6905656,0.09911942481994629,20064,20064,0,-43.584999084472656,66.57099914550781,-4.61299991607666,3.36299991607666,-3.950000047683716,3.437999963760376,0.0,2.2960804571293405,8.022946300863863,66.60077522357957,timestamp,nanoseconds_absolute,1.7870574545872684e+18,1.7870574546879951e+18,0.100726784,false,true,false,false,true,true,true,false,false,true,true,false,false
W_TEST_01,LONG_CORRIDOR,WEAK_CANDIDATE,QUERY,/home/lj/ZPRM/bag/mid360_20260818_205021_part2_15s.bag,2c9893beb56146996eccbe846dc0ee5a4a3ca9aba5b3bb71f7067c598b27c581,sensor_msgs/PointCloud2,"[""livox_frame""]","[""x"",""y"",""z"",""intensity"",""tag"",""line"",""timestamp""]",10,1787057454.687651,1787057454.7883346,0.10038256645202637,19968,19968,0,-43.5369987487793,66.48200225830078,-5.438000202178955,3.0869998931884766,-3.7690000534057617,3.440999984741211,0.0,2.315302563905666,7.889697318989203,66.59336129596775,timestamp,nanoseconds_absolute,1.7870574546876508e+18,1.787057454786774e+18,0.09912320000000001,false,true,false,false,true,true,true,false,false,true,true,false,false
W_TEST_01,LONG_CORRIDOR,WEAK_CANDIDATE,QUERY,/home/lj/ZPRM/bag/mid360_20260818_205021_part2_15s.bag,2c9893beb56146996eccbe846dc0ee5a4a3ca9aba5b3bb71f7067c598b27c581,sensor_msgs/PointCloud2,"[""livox_frame""]","[""x"",""y"",""z"",""intensity"",""tag"",""line"",""timestamp""]",11,1787057454.7873394,1787057454.8876956,0.09968852996826172,19968,19968,0,-43.48899841308594,66.41999816894531,-6.265999794006348,3.369999885559082,-3.6489999294281006,3.441999912261963,0.0,2.3451919565345425,8.122217922599633,66.52045518671714,timestamp,nanoseconds_absolute,1.7870574547873395e+18,1.7870574548866775e+18,0.099337984,false,true,false,false,true,true,true,false,false,true,true,false,false
W_TEST_01,LONG_CORRIDOR,WEAK_CANDIDATE,QUERY,/home/lj/ZPRM/bag/mid360_20260818_205021_part2_15s.bag,2c9893beb56146996eccbe846dc0ee5a4a3ca9aba5b3bb71f7067c598b27c581,sensor_msgs/PointCloud2,"[""livox_frame""]","[""x"",""y"",""z"",""intensity"",""tag"",""line"",""timestamp""]",12,1787057454.8875287,1787057454.9878068,0.100189208984375,19968,19968,0,-43.4109992980957,66.52999877929688,-6.3429999351501465,3.38100004196167,-3.0230000019073486,3.437999963760376,0.0,2.323572959500838,8.335887155181172,66.55435183124433,timestamp,nanoseconds_absolute,1.7870574548875287e+18,1.7870574549867397e+18,0.099211008,false,true,false,false,true,true,true,false,false,true,true,false,false
W_TEST_01,LONG_CORRIDOR,WEAK_CANDIDATE,QUERY,/home/lj/ZPRM/bag/mid360_20260818_205021_part2_15s.bag,2c9893beb56146996eccbe846dc0ee5a4a3ca9aba5b3bb71f7067c598b27c581,sensor_msgs/PointCloud2,"[""livox_frame""]","[""x"",""y"",""z"",""intensity"",""tag"",""line"",""timestamp""]",13,1787057454.986478,1787057455.0884044,0.09894943237304688,20064,20064,0,-43.518001556396484,65.12200164794922,-5.544000148773193,3.1029999256134033,-3.2990000247955322,3.443000078201294,0.0,2.3162713808619335,7.941827978448011,65.14081933368134,timestamp,nanoseconds_absolute,1.787057454986478e+18,1.7870574550868974e+18,0.100419328,false,true,false,false,true,true,true,false,false,true,true,false,false
W_TEST_01,LONG_CORRIDOR,WEAK_CANDIDATE,QUERY,/home/lj/ZPRM/bag/mid360_20260818_205021_part2_15s.bag,2c9893beb56146996eccbe846dc0ee5a4a3ca9aba5b3bb71f7067c598b27c581,sensor_msgs/PointCloud2,"[""livox_frame""]","[""x"",""y"",""z"",""intensity"",""tag"",""line"",""timestamp""]",14,1787057455.087444,1787057455.1887798,0.10096597671508789,19968,19968,0,-43.57600021362305,65.08599853515625,-8.125,3.380000114440918,-2.816999912261963,3.437000036239624,0.0,2.3215827314307558,8.070676627441902,65.15341113496935,timestamp,nanoseconds_absolute,1.787057455087444e+18,1.7870574551868224e+18,0.099378432,false,true,false,false,true,true,true,false,false,true,true,false,false
W_TEST_01,LONG_CORRIDOR,WEAK_CANDIDATE,QUERY,/home/lj/ZPRM/bag/mid360_20260818_205021_part2_15s.bag,2c9893beb56146996eccbe846dc0ee5a4a3ca9aba5b3bb71f7067c598b27c581,sensor_msgs/PointCloud2,"[""livox_frame""]","[""x"",""y"",""z"",""intensity"",""tag"",""line"",""timestamp""]",15,1787057455.1874883,1787057455.2893336,0.10004425048828125,20064,20064,0,-43.44900131225586,65.07099914550781,-10.170999526977539,3.3929998874664307,-3.062000036239624,3.441999912261963,0.0,2.3316820954494526,7.990521585754097,65.11171921383958,timestamp,nanoseconds_absolute,1.7870574551874883e+18,1.787057455287882e+18,0.100393728,false,true,false,false,true,true,true,false,false,true,true,false,false
W_TEST_01,LONG_CORRIDOR,WEAK_CANDIDATE,QUERY,/home/lj/ZPRM/bag/mid360_20260818_205021_part2_15s.bag,2c9893beb56146996eccbe846dc0ee5a4a3ca9aba5b3bb71f7067c598b27c581,sensor_msgs/PointCloud2,"[""livox_frame""]","[""x"",""y"",""z"",""intensity"",""tag"",""line"",""timestamp""]",16,1787057455.2876027,1787057455.388525,0.10011434555053711,19968,19968,0,-43.481998443603516,66.51799774169922,-4.895999908447266,3.380000114440918,-2.75,3.440000057220459,0.0,2.316879767023968,8.39735016664354,66.54064415614195,timestamp,nanoseconds_absolute,1.7870574552876027e+18,1.7870574553869307e+18,0.099328,false,true,false,false,true,true,true,false,false,true,true,false,false
W_TEST_01,LONG_CORRIDOR,WEAK_CANDIDATE,QUERY,/home/lj/ZPRM/bag/mid360_20260818_205021_part2_15s.bag,2c9893beb56146996eccbe846dc0ee5a4a3ca9aba5b3bb71f7067c598b27c581,sensor_msgs/PointCloud2,"[""livox_frame""]","[""x"",""y"",""z"",""intensity"",""tag"",""line"",""timestamp""]",17,1787057455.3875432,1787057455.487884,0.09994053840637207,19968,19968,0,-43.47700119018555,66.55599975585938,-6.052000045776367,3.3459999561309814,-3.8610000610351562,3.437000036239624,0.0,2.3317613936952326,8.023608271197501,66.6811816474076,timestamp,nanoseconds_absolute,1.7870574553875433e+18,1.787057455486841e+18,0.09929779200000001,false,true,false,false,true,true,true,false,false,true,true,false,false
W_TEST_01,LONG_CORRIDOR,WEAK_CANDIDATE,QUERY,/home/lj/ZPRM/bag/mid360_20260818_205021_part2_15s.bag,2c9893beb56146996eccbe846dc0ee5a4a3ca9aba5b3bb71f7067c598b27c581,sensor_msgs/PointCloud2,"[""livox_frame""]","[""x"",""y"",""z"",""intensity"",""tag"",""line"",""timestamp""]",18,1787057455.4867084,1787057455.588371,0.09916520118713379,20064,20064,0,-43.441001892089844,66.51100158691406,-10.095999717712402,3.375999927520752,-3.8289999961853027,3.446000099182129,0.0,2.318586545033502,8.236923464123047,66.5855059445454,timestamp,nanoseconds_absolute,1.7870574554867085e+18,1.787057455586979e+18,0.100270592,false,true,false,false,true,true,true,false,false,true,true,false,false
W_TEST_01,LONG_CORRIDOR,WEAK_CANDIDATE,QUERY,/home/lj/ZPRM/bag/mid360_20260818_205021_part2_15s.bag,2c9893beb56146996eccbe846dc0ee5a4a3ca9aba5b3bb71f7067c598b27c581,sensor_msgs/PointCloud2,"[""livox_frame""]","[""x"",""y"",""z"",""intensity"",""tag"",""line"",""timestamp""]",19,1787057455.5878017,1787057455.6889293,0.10109329223632812,19968,19968,0,-43.35200119018555,65.08000183105469,-6.242000102996826,3.4200000762939453,-2.9679999351501465,3.444999933242798,0.0,2.3043755337028964,8.258798314148978,65.17220237924741,timestamp,nanoseconds_absolute,1.7870574555878016e+18,1.7870574556870717e+18,0.099270144,false,true,false,false,true,true,true,false,false,true,true,false,false
W_TEST_01,LONG_CORRIDOR,WEAK_CANDIDATE,QUERY,/home/lj/ZPRM/bag/mid360_20260818_205021_part2_15s.bag,2c9893beb56146996eccbe846dc0ee5a4a3ca9aba5b3bb71f7067c598b27c581,sensor_msgs/PointCloud2,"[""livox_frame""]","[""x"",""y"",""z"",""intensity"",""tag"",""line"",""timestamp""]",20,1787057455.6876695,1787057455.788615,0.0998678207397461,19968,19968,0,-43.584999084472656,65.06500244140625,-5.573999881744385,3.3489999771118164,-2.553999900817871,3.437999963760376,0.0,2.323354447864183,8.121983539471522,65.11972477917438,timestamp,nanoseconds_absolute,1.7870574556876695e+18,1.7870574557870054e+18,0.099335936,false,true,false,false,true,true,true,false,false,true,true,false,false
W_TEST_01,LONG_CORRIDOR,WEAK_CANDIDATE,QUERY,/home/lj/ZPRM/bag/mid360_20260818_205021_part2_15s.bag,2c9893beb56146996eccbe846dc0ee5a4a3ca9aba5b3bb71f7067c598b27c581,sensor_msgs/PointCloud2,"[""livox_frame""]","[""x"",""y"",""z"",""intensity"",""tag"",""line"",""timestamp""]",21,1787057455.7867692,1787057455.8883474,0.09909963607788086,20064,20064,0,-43.56700134277344,66.50900268554688,-5.521999835968018,3.125,-3.0840001106262207,3.440999984741211,0.0,2.348170546734459,8.187143091632935,66.5374711226,timestamp,nanoseconds_absolute,1.7870574557867692e+18,1.7870574558871242e+18,0.100355072,false,true,false,false,true,true,true,false,false,true,true,false,false
W_TEST_01,LONG_CORRIDOR,WEAK_CANDIDATE,QUERY,/home/lj/ZPRM/bag/mid360_20260818_205021_part2_15s.bag,2c9893beb56146996eccbe846dc0ee5a4a3ca9aba5b3bb71f7067c598b27c581,sensor_msgs/PointCloud2,"[""livox_frame""]","[""x"",""y"",""z"",""intensity"",""tag"",""line"",""timestamp""]",22,1787057455.8877437,1787057455.9890206,0.10097455978393555,19968,19968,0,-43.41899871826172,66.52799987792969,-6.433000087738037,3.4170000553131104,-3.255000114440918,3.484999895095825,0.0,2.322011736318564,8.285149379365343,66.56117289384594,timestamp,nanoseconds_absolute,1.7870574558877437e+18,1.7870574559870449e+18,0.09930112,false,true,false,false,true,true,true,false,false,true,true,false,false
W_TEST_01,LONG_CORRIDOR,WEAK_CANDIDATE,QUERY,/home/lj/ZPRM/bag/mid360_20260818_205021_part2_15s.bag,2c9893beb56146996eccbe846dc0ee5a4a3ca9aba5b3bb71f7067c598b27c581,sensor_msgs/PointCloud2,"[""livox_frame""]","[""x"",""y"",""z"",""intensity"",""tag"",""line"",""timestamp""]",23,1787057455.987626,1787057456.0881934,0.09988236427307129,19968,19968,0,-43.55799865722656,65.05799865722656,-10.01200008392334,3.3550000190734863,-2.5769999027252197,3.441999912261963,0.0,2.303155004901313,8.257653007219236,65.06284603579017,timestamp,nanoseconds_absolute,1.787057455987626e+18,1.787057456086785e+18,0.09915904,false,true,false,false,true,true,true,false,false,true,true,false,false
W_TEST_01,LONG_CORRIDOR,WEAK_CANDIDATE,QUERY,/home/lj/ZPRM/bag/mid360_20260818_205021_part2_15s.bag,2c9893beb56146996eccbe846dc0ee5a4a3ca9aba5b3bb71f7067c598b27c581,sensor_msgs/PointCloud2,"[""livox_frame""]","[""x"",""y"",""z"",""intensity"",""tag"",""line"",""timestamp""]",24,1787057456.0877814,1787057456.1883962,0.10015535354614258,19968,19968,0,-43.41600036621094,64.34200286865234,-6.0920000076293945,3.364000082015991,-2.7300000190734863,3.440000057220459,0.0,2.324289444589338,8.175618656127199,64.35251959510015,timestamp,nanoseconds_absolute,1.7870574560877814e+18,1.7870574561872087e+18,0.09942732800000001,false,true,false,false,true,true,true,false,false,true,true,false,false
W_TEST_01,LONG_CORRIDOR,WEAK_CANDIDATE,QUERY,/home/lj/ZPRM/bag/mid360_20260818_205021_part2_15s.bag,2c9893beb56146996eccbe846dc0ee5a4a3ca9aba5b3bb71f7067c598b27c581,sensor_msgs/PointCloud2,"[""livox_frame""]","[""x"",""y"",""z"",""intensity"",""tag"",""line"",""timestamp""]",25,1787057456.1869335,1787057456.2886934,0.0991520881652832,20064,20064,0,-43.45800018310547,66.5260009765625,-10.291999816894531,3.3559999465942383,-3.752000093460083,3.444000005722046,0.0,2.3474817610638024,8.405861025170928,66.59315327830049,timestamp,nanoseconds_absolute,1.7870574561869335e+18,1.7870574562872087e+18,0.10027520000000001,false,true,false,false,true,true,true,false,false,true,true,false,false
W_TEST_01,LONG_CORRIDOR,WEAK_CANDIDATE,QUERY,/home/lj/ZPRM/bag/mid360_20260818_205021_part2_15s.bag,2c9893beb56146996eccbe846dc0ee5a4a3ca9aba5b3bb71f7067c598b27c581,sensor_msgs/PointCloud2,"[""livox_frame""]","[""x"",""y"",""z"",""intensity"",""tag"",""line"",""timestamp""]",26,1787057456.2878191,1787057456.388466,0.10088562965393066,19968,19968,0,-41.183998107910156,66.56099700927734,-6.039000034332275,3.36299991607666,-3.6679999828338623,3.437000036239624,0.0,2.32514030695087,8.23762244619249,66.5845860326311,timestamp,nanoseconds_absolute,1.7870574562878193e+18,1.787057456386792e+18,0.09897267200000001,false,true,false,false,true,true,true,false,false,true,true,false,false
W_TEST_01,LONG_CORRIDOR,WEAK_CANDIDATE,QUERY,/home/lj/ZPRM/bag/mid360_20260818_205021_part2_15s.bag,2c9893beb56146996eccbe846dc0ee5a4a3ca9aba5b3bb71f7067c598b27c581,sensor_msgs/PointCloud2,"[""livox_frame""]","[""x"",""y"",""z"",""intensity"",""tag"",""line"",""timestamp""]",27,1787057456.387794,1787057456.4907775,0.0999748706817627,19968,19968,0,-43.4379997253418,66.56500244140625,-5.800000190734863,3.368000030517578,-2.747999906539917,3.437000036239624,0.0,2.3192065582445727,8.104735895679497,66.58735033102516,timestamp,nanoseconds_absolute,1.787057456387794e+18,1.787057456486776e+18,0.09898214400000001,false,true,false,false,true,true,true,false,false,true,true,false,false
W_TEST_01,LONG_CORRIDOR,WEAK_CANDIDATE,QUERY,/home/lj/ZPRM/bag/mid360_20260818_205021_part2_15s.bag,2c9893beb56146996eccbe846dc0ee5a4a3ca9aba5b3bb71f7067c598b27c581,sensor_msgs/PointCloud2,"[""livox_frame""]","[""x"",""y"",""z"",""intensity"",""tag"",""line"",""timestamp""]",28,1787057456.4876974,1787057456.587703,0.09990334510803223,19968,19968,0,-43.448001861572266,66.52899932861328,-7.953999996185303,3.3329999446868896,-3.069999933242798,3.444000005722046,0.0,2.3368820051948225,8.242146051527605,66.55442867203602,timestamp,nanoseconds_absolute,1.7870574564876974e+18,1.787057456586667e+18,0.0989696,false,true,false,false,true,true,true,false,false,true,true,false,false
W_TEST_01,LONG_CORRIDOR,WEAK_CANDIDATE,QUERY,/home/lj/ZPRM/bag/mid360_20260818_205021_part2_15s.bag,2c9893beb56146996eccbe846dc0ee5a4a3ca9aba5b3bb71f7067c598b27c581,sensor_msgs/PointCloud2,"[""livox_frame""]","[""x"",""y"",""z"",""intensity"",""tag"",""line"",""timestamp""]",29,1787057456.586855,1787057456.6889913,0.09915757179260254,20064,20064,0,-41.21900177001953,66.49299621582031,-6.458000183105469,3.375,-3.1110000610351562,3.444999933242798,0.0,2.3312200774944642,8.221067662460488,66.53517542891079,timestamp,nanoseconds_absolute,1.787057456586855e+18,1.7870574566871578e+18,0.100302848,false,true,false,false,true,true,true,false,false,true,true,false,false
W_TEST_01,LONG_CORRIDOR,WEAK_CANDIDATE,QUERY,/home/lj/ZPRM/bag/mid360_20260818_205021_part2_15s.bag,2c9893beb56146996eccbe846dc0ee5a4a3ca9aba5b3bb71f7067c598b27c581,sensor_msgs/PointCloud2,"[""livox_frame""]","[""x"",""y"",""z"",""intensity"",""tag"",""line"",""timestamp""]",30,1787057456.687662,1787057456.7900798,0.10080695152282715,19968,19968,0,-43.569000244140625,66.51699829101562,-5.4629998207092285,3.369999885559082,-3.565000057220459,3.440000057220459,0.0,2.321827564920244,8.359659576103182,66.60744143175141,timestamp,nanoseconds_absolute,1.7870574566876618e+18,1.7870574567867924e+18,0.099130624,false,true,false,false,true,true,true,false,false,true,true,false,false
W_TEST_01,LONG_CORRIDOR,WEAK_CANDIDATE,QUERY,/home/lj/ZPRM/bag/mid360_20260818_205021_part2_15s.bag,2c9893beb56146996eccbe846dc0ee5a4a3ca9aba5b3bb71f7067c598b27c581,sensor_msgs/PointCloud2,"[""livox_frame""]","[""x"",""y"",""z"",""intensity"",""tag"",""line"",""timestamp""]",31,1787057456.786893,1787057456.8901532,0.09923100471496582,19872,19872,0,-43.584999084472656,65.10900115966797,-6.214000225067139,4.576000213623047,-2.6989998817443848,3.438999891281128,0.0,2.3341465654145277,8.177246420348629,65.10980565943109,timestamp,nanoseconds_absolute,1.7870574567868928e+18,1.7870574568867246e+18,0.09983180800000001,false,true,false,false,true,true,true,false,false,true,true,false,false
W_TEST_01,LONG_CORRIDOR,WEAK_CANDIDATE,QUERY,/home/lj/ZPRM/bag/mid360_20260818_205021_part2_15s.bag,2c9893beb56146996eccbe846dc0ee5a4a3ca9aba5b3bb71f7067c598b27c581,sensor_msgs/PointCloud2,"[""livox_frame""]","[""x"",""y"",""z"",""intensity"",""tag"",""line"",""timestamp""]",32,1787057456.8885756,1787057456.9892132,0.10168266296386719,20064,20064,0,-43.43199920654297,66.4729995727539,-10.190999984741211,3.378999948501587,-3.7780001163482666,3.447000026702881,0.0,2.3310820577946894,8.395263297198133,66.58559845110139,timestamp,nanoseconds_absolute,1.7870574568885755e+18,1.7870574569866214e+18,0.098045952,false,true,false,false,true,true,true,false,false,true,true,false,false
W_TEST_01,LONG_CORRIDOR,WEAK_CANDIDATE,QUERY,/home/lj/ZPRM/bag/mid360_20260818_205021_part2_15s.bag,2c9893beb56146996eccbe846dc0ee5a4a3ca9aba5b3bb71f7067c598b27c581,sensor_msgs/PointCloud2,"[""livox_frame""]","[""x"",""y"",""z"",""intensity"",""tag"",""line"",""timestamp""]",33,1787057456.9867904,1787057457.0883052,0.09821486473083496,19968,19968,0,-43.55699920654297,66.53099822998047,-5.8480000495910645,3.380000114440918,-2.809000015258789,3.438999891281128,0.0,2.3160335589619634,8.222049061170399,66.55765489625824,timestamp,nanoseconds_absolute,1.7870574569867904e+18,1.7870574570866726e+18,0.09988224000000001,false,true,false,false,true,true,true,false,false,true,true,false,false
W_TEST_01,LONG_CORRIDOR,WEAK_CANDIDATE,QUERY,/home/lj/ZPRM/bag/mid360_20260818_205021_part2_15s.bag,2c9893beb56146996eccbe846dc0ee5a4a3ca9aba5b3bb71f7067c598b27c581,sensor_msgs/PointCloud2,"[""livox_frame""]","[""x"",""y"",""z"",""intensity"",""tag"",""line"",""timestamp""]",34,1787057457.0884664,1787057457.1887927,0.10167598724365234,20064,20064,0,-43.49399948120117,65.12799835205078,-5.311999797821045,3.3570001125335693,-2.7690000534057617,3.437000036239624,0.0,2.328586475210951,8.17475156732815,65.17104695374029,timestamp,nanoseconds_absolute,1.7870574570884664e+18,1.787057457186791e+18,0.09832448,false,true,false,false,true,true,true,false,false,true,true,false,false
W_TEST_01,LONG_CORRIDOR,WEAK_CANDIDATE,QUERY,/home/lj/ZPRM/bag/mid360_20260818_205021_part2_15s.bag,2c9893beb56146996eccbe846dc0ee5a4a3ca9aba5b3bb71f7067c598b27c581,sensor_msgs/PointCloud2,"[""livox_frame""]","[""x"",""y"",""z"",""intensity"",""tag"",""line"",""timestamp""]",35,1787057457.1872168,1787057457.288963,0.09875035285949707,19968,19968,0,-43.59000015258789,65.0510025024414,-5.5920000076293945,3.174999952316284,-2.619999885559082,3.434000015258789,0.0,2.3123924516672867,8.200891463541366,65.1146405774979,timestamp,nanoseconds_absolute,1.7870574571872166e+18,1.7870574572867986e+18,0.099581952,false,true,false,false,true,true,true,false,false,true,true,false,false
W_TEST_01,LONG_CORRIDOR,WEAK_CANDIDATE,QUERY,/home/lj/ZPRM/bag/mid360_20260818_205021_part2_15s.bag,2c9893beb56146996eccbe846dc0ee5a4a3ca9aba5b3bb71f7067c598b27c581,sensor_msgs/PointCloud2,"[""livox_frame""]","[""x"",""y"",""z"",""intensity"",""tag"",""line"",""timestamp""]",36,1787057457.2866461,1787057457.3876724,0.09942936897277832,19968,19968,0,-41.207000732421875,66.51000213623047,-6.181000232696533,3.3889999389648438,-3.0759999752044678,3.446000099182129,0.0,2.3137660741127526,8.288343602349716,66.54783224987182,timestamp,nanoseconds_absolute,1.787057457286646e+18,1.787057457386743e+18,0.100097024,false,true,false,false,true,true,true,false,false,true,true,false,false
W_TEST_01,LONG_CORRIDOR,WEAK_CANDIDATE,QUERY,/home/lj/ZPRM/bag/mid360_20260818_205021_part2_15s.bag,2c9893beb56146996eccbe846dc0ee5a4a3ca9aba5b3bb71f7067c598b27c581,sensor_msgs/PointCloud2,"[""livox_frame""]","[""x"",""y"",""z"",""intensity"",""tag"",""line"",""timestamp""]",37,1787057457.3865037,1787057457.4887233,0.09985756874084473,19968,19968,0,-43.57099914550781,65.08899688720703,-5.5279998779296875,3.1010000705718994,-2.546999931335449,3.438999891281128,0.0,2.3148928488744986,8.253219298589698,65.12185181723716,timestamp,nanoseconds_absolute,1.7870574573865037e+18,1.787057457486812e+18,0.100308224,false,true,false,false,true,true,true,false,false,true,true,false,false
W_TEST_01,LONG_CORRIDOR,WEAK_CANDIDATE,QUERY,/home/lj/ZPRM/bag/mid360_20260818_205021_part2_15s.bag,2c9893beb56146996eccbe846dc0ee5a4a3ca9aba5b3bb71f7067c598b27c581,sensor_msgs/PointCloud2,"[""livox_frame""]","[""x"",""y"",""z"",""intensity"",""tag"",""line"",""timestamp""]",38,1787057457.4881015,1787057457.5885549,0.10159778594970703,19968,19968,0,-43.551998138427734,66.50900268554688,-8.12600040435791,3.384000062942505,-2.8459999561309814,3.441999912261963,0.0,2.3168628991851348,8.141361059433589,66.548686223455,timestamp,nanoseconds_absolute,1.7870574574881014e+18,1.787057457586621e+18,0.09851955200000001,false,true,false,false,true,true,true,false,false,true,true,false,false
W_TEST_01,LONG_CORRIDOR,WEAK_CANDIDATE,QUERY,/home/lj/ZPRM/bag/mid360_20260818_205021_part2_15s.bag,2c9893beb56146996eccbe846dc0ee5a4a3ca9aba5b3bb71f7067c598b27c581,sensor_msgs/PointCloud2,"[""livox_frame""]","[""x"",""y"",""z"",""intensity"",""tag"",""line"",""timestamp""]",39,1787057457.5876756,1787057457.687759,0.09957408905029297,19968,19968,0,-43.58599853515625,66.43099975585938,-10.083999633789062,3.381999969482422,-3.864000082015991,3.438999891281128,0.0,2.3210560143932053,8.238565514314326,66.55395622554556,timestamp,nanoseconds_absolute,1.7870574575876756e+18,1.7870574576866657e+18,0.09899008000000001,false,true,false,false,true,true,true,false,false,true,true,false,false
W_TEST_01,LONG_CORRIDOR,WEAK_CANDIDATE,QUERY,/home/lj/ZPRM/bag/mid360_20260818_205021_part2_15s.bag,2c9893beb56146996eccbe846dc0ee5a4a3ca9aba5b3bb71f7067c598b27c581,sensor_msgs/PointCloud2,"[""livox_frame""]","[""x"",""y"",""z"",""intensity"",""tag"",""line"",""timestamp""]",40,1787057457.6864133,1787057457.7890947,0.09873771667480469,20064,20064,0,-43.569000244140625,65.02899932861328,-5.88700008392334,3.3580000400543213,-3.005000114440918,3.4519999027252197,0.0,2.3020863105841833,8.184153364634291,65.0735145542044,timestamp,nanoseconds_absolute,1.7870574576864133e+18,1.7870574577868585e+18,0.100445184,false,true,false,false,true,true,true,false,false,true,true,false,false
W_TEST_01,LONG_CORRIDOR,WEAK_CANDIDATE,QUERY,/home/lj/ZPRM/bag/mid360_20260818_205021_part2_15s.bag,2c9893beb56146996eccbe846dc0ee5a4a3ca9aba5b3bb71f7067c598b27c581,sensor_msgs/PointCloud2,"[""livox_frame""]","[""x"",""y"",""z"",""intensity"",""tag"",""line"",""timestamp""]",41,1787057457.7866588,1787057457.8880782,0.10024547576904297,19968,19968,0,-43.577999114990234,65.11000061035156,-5.445000171661377,4.651000022888184,-2.7119998931884766,3.444999933242798,0.0,2.303413175809143,8.177373322934375,65.12612916043422,timestamp,nanoseconds_absolute,1.7870574577866588e+18,1.7870574578867346e+18,0.100075776,false,true,false,false,true,true,true,false,false,true,true,false,false
W_TEST_01,LONG_CORRIDOR,WEAK_CANDIDATE,QUERY,/home/lj/ZPRM/bag/mid360_20260818_205021_part2_15s.bag,2c9893beb56146996eccbe846dc0ee5a4a3ca9aba5b3bb71f7067c598b27c581,sensor_msgs/PointCloud2,"[""livox_frame""]","[""x"",""y"",""z"",""intensity"",""tag"",""line"",""timestamp""]",42,1787057457.886628,1787057457.9878309,0.09996914863586426,19968,19968,0,-43.41600036621094,66.52899932861328,-7.228000164031982,3.2200000286102295,-2.6040000915527344,3.443000078201294,0.0,2.3239747206987014,8.307454924095094,66.57506539362296,timestamp,nanoseconds_absolute,1.7870574578866278e+18,1.7870574579866478e+18,0.100019968,false,true,false,false,true,true,true,false,false,true,true,false,false
W_TEST_01,LONG_CORRIDOR,WEAK_CANDIDATE,QUERY,/home/lj/ZPRM/bag/mid360_20260818_205021_part2_15s.bag,2c9893beb56146996eccbe846dc0ee5a4a3ca9aba5b3bb71f7067c598b27c581,sensor_msgs/PointCloud2,"[""livox_frame""]","[""x"",""y"",""z"",""intensity"",""tag"",""line"",""timestamp""]",43,1787057457.9883945,1787057458.0888414,0.10176658630371094,20064,20064,0,-43.50699996948242,66.47000122070312,-6.184000015258789,3.3949999809265137,-2.890000104904175,3.444000005722046,0.0,2.3216422822293206,8.200345848561573,66.4961369353318,timestamp,nanoseconds_absolute,1.7870574579883945e+18,1.7870574580867858e+18,0.098391296,false,true,false,false,true,true,true,false,false,true,true,false,false
W_TEST_01,LONG_CORRIDOR,WEAK_CANDIDATE,QUERY,/home/lj/ZPRM/bag/mid360_20260818_205021_part2_15s.bag,2c9893beb56146996eccbe846dc0ee5a4a3ca9aba5b3bb71f7067c598b27c581,sensor_msgs/PointCloud2,"[""livox_frame""]","[""x"",""y"",""z"",""intensity"",""tag"",""line"",""timestamp""]",44,1787057458.086558,1787057458.1898482,0.09816360473632812,19872,19872,0,-43.54100036621094,66.52200317382812,-5.02400016784668,3.365999937057495,-2.750999927520752,3.444000005722046,0.0,2.303805649015775,8.25871655110993,66.56216648353372,timestamp,nanoseconds_absolute,1.7870574580865582e+18,1.7870574581866514e+18,0.100093184,false,true,false,false,true,true,true,false,false,true,true,false,false
W_TEST_01,LONG_CORRIDOR,WEAK_CANDIDATE,QUERY,/home/lj/ZPRM/bag/mid360_20260818_205021_part2_15s.bag,2c9893beb56146996eccbe846dc0ee5a4a3ca9aba5b3bb71f7067c598b27c581,sensor_msgs/PointCloud2,"[""livox_frame""]","[""x"",""y"",""z"",""intensity"",""tag"",""line"",""timestamp""]",45,1787057458.1873963,1787057458.288472,0.10083818435668945,20064,20064,0,-43.50400161743164,66.48999786376953,-6.060999870300293,3.378000020980835,-3.007999897003174,3.437999963760376,0.0,2.3131784339145787,8.180358082680245,66.51859374688857,timestamp,nanoseconds_absolute,1.7870574581873964e+18,1.787057458286746e+18,0.09934976000000001,false,true,false,false,true,true,true,false,false,true,true,false,false
W_TEST_01,LONG_CORRIDOR,WEAK_CANDIDATE,QUERY,/home/lj/ZPRM/bag/mid360_20260818_205021_part2_15s.bag,2c9893beb56146996eccbe846dc0ee5a4a3ca9aba5b3bb71f7067c598b27c581,sensor_msgs/PointCloud2,"[""livox_frame""]","[""x"",""y"",""z"",""intensity"",""tag"",""line"",""timestamp""]",46,1787057458.286494,1787057458.3899295,0.09909772872924805,20064,20064,0,-41.17499923706055,66.53900146484375,-7.3379998207092285,4.658999919891357,-3.7330000400543213,3.441999912261963,0.0,2.3302758127717036,8.275857183662984,66.59152073100776,timestamp,nanoseconds_absolute,1.787057458286494e+18,1.787057458386907e+18,0.10041292800000001,false,true,false,false,true,true,true,false,false,true,true,false,false
W_TEST_01,LONG_CORRIDOR,WEAK_CANDIDATE,QUERY,/home/lj/ZPRM/bag/mid360_20260818_205021_part2_15s.bag,2c9893beb56146996eccbe846dc0ee5a4a3ca9aba5b3bb71f7067c598b27c581,sensor_msgs/PointCloud2,"[""livox_frame""]","[""x"",""y"",""z"",""intensity"",""tag"",""line"",""timestamp""]",47,1787057458.3902957,1787057458.4883502,0.10380172729492188,19872,19872,0,-43.4739990234375,66.47200012207031,-5.636000156402588,3.367000102996826,-2.9619998931884766,3.447999954223633,0.0,2.3102103805310517,8.304141934497713,66.5226117323762,timestamp,nanoseconds_absolute,1.7870574583902958e+18,1.7870574584868083e+18,0.09651251200000001,false,true,false,false,true,true,true,false,false,true,true,false,false
W_TEST_01,LONG_CORRIDOR,WEAK_CANDIDATE,QUERY,/home/lj/ZPRM/bag/mid360_20260818_205021_part2_15s.bag,2c9893beb56146996eccbe846dc0ee5a4a3ca9aba5b3bb71f7067c598b27c581,sensor_msgs/PointCloud2,"[""livox_frame""]","[""x"",""y"",""z"",""intensity"",""tag"",""line"",""timestamp""]",48,1787057458.4865484,1787057458.5884557,0.0962526798248291,19968,19968,0,-43.50899887084961,65.05699920654297,-6.025000095367432,3.4049999713897705,-2.7230000495910645,3.443000078201294,0.0,2.3084561907220995,8.152878833153448,65.06733200156994,timestamp,nanoseconds_absolute,1.7870574584865485e+18,1.7870574585867758e+18,0.100227328,false,true,false,false,true,true,true,false,false,true,true,false,false
W_TEST_01,LONG_CORRIDOR,WEAK_CANDIDATE,QUERY,/home/lj/ZPRM/bag/mid360_20260818_205021_part2_15s.bag,2c9893beb56146996eccbe846dc0ee5a4a3ca9aba5b3bb71f7067c598b27c581,sensor_msgs/PointCloud2,"[""livox_frame""]","[""x"",""y"",""z"",""intensity"",""tag"",""line"",""timestamp""]",49,1787057458.587714,1787057458.6895642,0.1011655330657959,20064,20064,0,-43.65399932861328,66.52300262451172,-10.305000305175781,3.3589999675750732,-3.76200008392334,3.434999942779541,0.0,2.3290620356430596,8.336090591898548,66.6094186991959,timestamp,nanoseconds_absolute,1.787057458587714e+18,1.7870574586867735e+18,0.099059456,false,true,false,false,true,true,true,false,false,true,true,false,false
W_TEST_01,LONG_CORRIDOR,WEAK_CANDIDATE,QUERY,/home/lj/ZPRM/bag/mid360_20260818_205021_part2_15s.bag,2c9893beb56146996eccbe846dc0ee5a4a3ca9aba5b3bb71f7067c598b27c581,sensor_msgs/PointCloud2,"[""livox_frame""]","[""x"",""y"",""z"",""intensity"",""tag"",""line"",""timestamp""]",50,1787057458.686522,1787057458.78942,0.09880805015563965,20064,20064,0,-43.2140007019043,66.56999969482422,-6.361999988555908,3.374000072479248,-3.318000078201294,3.447000026702881,0.0,2.3163958286855673,8.2506060533924,66.59929899648974,timestamp,nanoseconds_absolute,1.787057458686522e+18,1.787057458786885e+18,0.100363008,false,true,false,false,true,true,true,false,false,true,true,false,false
W_TEST_01,LONG_CORRIDOR,WEAK_CANDIDATE,QUERY,/home/lj/ZPRM/bag/mid360_20260818_205021_part2_15s.bag,2c9893beb56146996eccbe846dc0ee5a4a3ca9aba5b3bb71f7067c598b27c581,sensor_msgs/PointCloud2,"[""livox_frame""]","[""x"",""y"",""z"",""intensity"",""tag"",""line"",""timestamp""]",51,1787057458.7866569,1787057458.889347,0.10013484954833984,19872,19872,0,-43.58399963378906,66.48899841308594,-5.281000137329102,3.3469998836517334,-3.753000020980835,3.437999963760376,0.0,2.312608516152463,8.187902647650054,66.60030957199515,timestamp,nanoseconds_absolute,1.7870574587866568e+18,1.7870574588868178e+18,0.100161024,false,true,false,false,true,true,true,false,false,true,true,false,false
W_TEST_01,LONG_CORRIDOR,WEAK_CANDIDATE,QUERY,/home/lj/ZPRM/bag/mid360_20260818_205021_part2_15s.bag,2c9893beb56146996eccbe846dc0ee5a4a3ca9aba5b3bb71f7067c598b27c581,sensor_msgs/PointCloud2,"[""livox_frame""]","[""x"",""y"",""z"",""intensity"",""tag"",""line"",""timestamp""]",52,1787057458.8876393,1787057458.9904072,0.1009824275970459,20064,20064,0,-43.62200164794922,66.51599884033203,-10.069000244140625,3.372999906539917,-2.6489999294281006,3.437999963760376,0.0,2.338785391321654,8.186535700089584,66.5462229705729,timestamp,nanoseconds_absolute,1.7870574588876393e+18,1.7870574589869327e+18,0.09929344000000001,false,true,false,false,true,true,true,false,false,true,true,false,false
W_TEST_01,LONG_CORRIDOR,WEAK_CANDIDATE,QUERY,/home/lj/ZPRM/bag/mid360_20260818_205021_part2_15s.bag,2c9893beb56146996eccbe846dc0ee5a4a3ca9aba5b3bb71f7067c598b27c581,sensor_msgs/PointCloud2,"[""livox_frame""]","[""x"",""y"",""z"",""intensity"",""tag"",""line"",""timestamp""]",53,1787057458.9866729,1787057459.0882874,0.09903359413146973,19968,19968,0,-41.194000244140625,66.5250015258789,-6.4019999504089355,3.375,-3.13700008392334,3.440000057220459,0.0,2.347913450312914,8.264113341577625,66.56511760332155,timestamp,nanoseconds_absolute,1.787057458986673e+18,1.7870574590869043e+18,0.100231424,false,true,false,false,true,true,true,false,false,true,true,false,false
W_TEST_01,LONG_CORRIDOR,WEAK_CANDIDATE,QUERY,/home/lj/ZPRM/bag/mid360_20260818_205021_part2_15s.bag,2c9893beb56146996eccbe846dc0ee5a4a3ca9aba5b3bb71f7067c598b27c581,sensor_msgs/PointCloud2,"[""livox_frame""]","[""x"",""y"",""z"",""intensity"",""tag"",""line"",""timestamp""]",54,1787057459.0876396,1787057459.1899436,0.1009666919708252,20064,20064,0,-43.45899963378906,66.62899780273438,-5.760000228881836,3.575000047683716,-2.7360000610351562,3.447000026702881,0.0,2.3164629259409293,8.353013883367984,66.65417565534197,timestamp,nanoseconds_absolute,1.7870574590876396e+18,1.7870574591869978e+18,0.099358208,false,true,false,false,true,true,true,false,false,true,true,false,false
W_TEST_01,LONG_CORRIDOR,WEAK_CANDIDATE,QUERY,/home/lj/ZPRM/bag/mid360_20260818_205021_part2_15s.bag,2c9893beb56146996eccbe846dc0ee5a4a3ca9aba5b3bb71f7067c598b27c581,sensor_msgs/PointCloud2,"[""livox_frame""]","[""x"",""y"",""z"",""intensity"",""tag"",""line"",""timestamp""]",55,1787057459.1867046,1787057459.2886121,0.09906506538391113,19968,19968,0,-43.595001220703125,65.04199981689453,-5.7870001792907715,3.3440001010894775,-2.690999984741211,3.443000078201294,0.0,2.326057421824921,8.16899980007293,65.05117060623314,timestamp,nanoseconds_absolute,1.7870574591867046e+18,1.7870574592868472e+18,0.100142592,false,true,false,false,true,true,true,false,false,true,true,false,false
W_TEST_01,LONG_CORRIDOR,WEAK_CANDIDATE,QUERY,/home/lj/ZPRM/bag/mid360_20260818_205021_part2_15s.bag,2c9893beb56146996eccbe846dc0ee5a4a3ca9aba5b3bb71f7067c598b27c581,sensor_msgs/PointCloud2,"[""livox_frame""]","[""x"",""y"",""z"",""intensity"",""tag"",""line"",""timestamp""]",56,1787057459.286586,1787057459.3884192,0.09988141059875488,20064,20064,0,-43.6150016784668,65.12799835205078,-10.192000389099121,3.390000104904175,-2.884000062942505,3.440999984741211,0.0,2.327445595151547,8.253521324395422,65.14312580502276,timestamp,nanoseconds_absolute,1.787057459286586e+18,1.787057459387009e+18,0.100422912,false,true,false,false,true,true,true,false,false,true,true,false,false
W_TEST_01,LONG_CORRIDOR,WEAK_CANDIDATE,QUERY,/home/lj/ZPRM/bag/mid360_20260818_205021_part2_15s.bag,2c9893beb56146996eccbe846dc0ee5a4a3ca9aba5b3bb71f7067c598b27c581,sensor_msgs/PointCloud2,"[""livox_frame""]","[""x"",""y"",""z"",""intensity"",""tag"",""line"",""timestamp""]",57,1787057459.3868785,1787057459.4884286,0.10029244422912598,19968,19968,0,-41.24300003051758,66.50599670410156,-6.23799991607666,3.25600004196167,-2.9660000801086426,3.441999912261963,0.0,2.327215051021165,8.20415119455951,66.54133758141481,timestamp,nanoseconds_absolute,1.7870574593868785e+18,1.7870574594870707e+18,0.10019225600000001,false,true,false,false,true,true,true,false,false,true,true,false,false
W_TEST_01,LONG_CORRIDOR,WEAK_CANDIDATE,QUERY,/home/lj/ZPRM/bag/mid360_20260818_205021_part2_15s.bag,2c9893beb56146996eccbe846dc0ee5a4a3ca9aba5b3bb71f7067c598b27c581,sensor_msgs/PointCloud2,"[""livox_frame""]","[""x"",""y"",""z"",""intensity"",""tag"",""line"",""timestamp""]",58,1787057459.4867961,1787057459.5883856,0.09991765022277832,19968,19968,0,-43.612998962402344,65.00700378417969,-9.232999801635742,3.369999885559082,-3.11899995803833,3.440000057220459,0.0,2.327025133629183,8.20037842461335,65.09480705750495,timestamp,nanoseconds_absolute,1.787057459486796e+18,1.7870574595871498e+18,0.10035379200000001,false,true,false,false,true,true,true,false,false,true,true,false,false
W_TEST_01,LONG_CORRIDOR,WEAK_CANDIDATE,QUERY,/home/lj/ZPRM/bag/mid360_20260818_205021_part2_15s.bag,2c9893beb56146996eccbe846dc0ee5a4a3ca9aba5b3bb71f7067c598b27c581,sensor_msgs/PointCloud2,"[""livox_frame""]","[""x"",""y"",""z"",""intensity"",""tag"",""line"",""timestamp""]",59,1787057459.5869038,1787057459.6884162,0.10010766983032227,19968,19968,0,-43.564998626708984,65.06099700927734,-6.1539998054504395,3.1559998989105225,-3.1510000228881836,3.440999984741211,0.0,2.329573149538969,8.205112940562406,65.14201026976514,timestamp,nanoseconds_absolute,1.7870574595869038e+18,1.7870574596870615e+18,0.100157696,false,true,false,false,true,true,true,false,false,true,true,false,false
W_TEST_01,LONG_CORRIDOR,WEAK_CANDIDATE,QUERY,/home/lj/ZPRM/bag/mid360_20260818_205021_part2_15s.bag,2c9893beb56146996eccbe846dc0ee5a4a3ca9aba5b3bb71f7067c598b27c581,sensor_msgs/PointCloud2,"[""livox_frame""]","[""x"",""y"",""z"",""intensity"",""tag"",""line"",""timestamp""]",60,1787057459.686826,1787057459.7883735,0.09992218017578125,20064,20064,0,-43.375999450683594,66.5260009765625,-6.243000030517578,3.4040000438690186,-3.690000057220459,3.441999912261963,0.0,2.3372841727270925,8.268683868328893,66.55930993589145,timestamp,nanoseconds_absolute,1.787057459686826e+18,1.78705745978716e+18,0.10033408,false,true,false,false,true,true,true,false,false,true,true,false,false
W_TEST_01,LONG_CORRIDOR,WEAK_CANDIDATE,QUERY,/home/lj/ZPRM/bag/mid360_20260818_205021_part2_15s.bag,2c9893beb56146996eccbe846dc0ee5a4a3ca9aba5b3bb71f7067c598b27c581,sensor_msgs/PointCloud2,"[""livox_frame""]","[""x"",""y"",""z"",""intensity"",""tag"",""line"",""timestamp""]",61,1787057459.7868614,1787057459.8894603,0.10003542900085449,19968,19968,0,-43.5989990234375,66.48100280761719,-5.488999843597412,3.3550000190734863,-3.368000030517578,3.440999984741211,0.0,2.3150520545916193,8.268537552517875,66.5115390232866,timestamp,nanoseconds_absolute,1.7870574597868613e+18,1.7870574598870874e+18,0.10022604800000001,false,true,false,false,true,true,true,false,false,true,true,false,false
W_TEST_01,LONG_CORRIDOR,WEAK_CANDIDATE,QUERY,/home/lj/ZPRM/bag/mid360_20260818_205021_part2_15s.bag,2c9893beb56146996eccbe846dc0ee5a4a3ca9aba5b3bb71f7067c598b27c581,sensor_msgs/PointCloud2,"[""livox_frame""]","[""x"",""y"",""z"",""intensity"",""tag"",""line"",""timestamp""]",62,1787057459.8884764,1787057459.9888234,0.10161495208740234,20064,20064,0,-43.569000244140625,65.05699920654297,-8.098999977111816,3.372999906539917,-2.8399999141693115,3.440000057220459,0.0,2.3173047595628584,8.090846935516279,65.09095208634085,timestamp,nanoseconds_absolute,1.7870574598884764e+18,1.7870574599872205e+18,0.098744064,false,true,false,false,true,true,true,false,false,true,true,false,false
W_TEST_01,LONG_CORRIDOR,WEAK_CANDIDATE,QUERY,/home/lj/ZPRM/bag/mid360_20260818_205021_part2_15s.bag,2c9893beb56146996eccbe846dc0ee5a4a3ca9aba5b3bb71f7067c598b27c581,sensor_msgs/PointCloud2,"[""livox_frame""]","[""x"",""y"",""z"",""intensity"",""tag"",""line"",""timestamp""]",63,1787057459.9869642,1787057460.0887332,0.09848785400390625,19968,19968,0,-43.5099983215332,65.14099884033203,-6.0960001945495605,3.2709999084472656,-3.2360000610351562,3.4839999675750732,0.0,2.337676023043424,8.286197858827904,65.18689575192712,timestamp,nanoseconds_absolute,1.7870574599869642e+18,1.7870574600871788e+18,0.10021452800000001,false,true,false,false,true,true,true,false,false,true,true,false,false
W_TEST_01,LONG_CORRIDOR,WEAK_CANDIDATE,QUERY,/home/lj/ZPRM/bag/mid360_20260818_205021_part2_15s.bag,2c9893beb56146996eccbe846dc0ee5a4a3ca9aba5b3bb71f7067c598b27c581,sensor_msgs/PointCloud2,"[""livox_frame""]","[""x"",""y"",""z"",""intensity"",""tag"",""line"",""timestamp""]",64,1787057460.086926,1787057460.189617,0.09996175765991211,19872,19872,0,-43.48899841308594,66.5270004272461,-5.947999954223633,3.3580000400543213,-3.765000104904175,3.446000099182129,0.0,2.326967557488021,8.291442315309299,66.57239276944296,timestamp,nanoseconds_absolute,1.787057460086926e+18,1.7870574601871094e+18,0.100183296,false,true,false,false,true,true,true,false,false,true,true,false,false
W_TEST_01,LONG_CORRIDOR,WEAK_CANDIDATE,QUERY,/home/lj/ZPRM/bag/mid360_20260818_205021_part2_15s.bag,2c9893beb56146996eccbe846dc0ee5a4a3ca9aba5b3bb71f7067c598b27c581,sensor_msgs/PointCloud2,"[""livox_frame""]","[""x"",""y"",""z"",""intensity"",""tag"",""line"",""timestamp""]",65,1787057460.1868463,1787057460.2884765,0.09992027282714844,19968,19968,0,-43.59400177001953,66.51599884033203,-5.989999771118164,3.4070000648498535,-2.743000030517578,3.443000078201294,0.0,2.319309933598536,8.145114094378231,66.53879017994079,timestamp,nanoseconds_absolute,1.7870574601868462e+18,1.7870574602872133e+18,0.10036710400000001,false,true,false,false,true,true,true,false,false,true,true,false,false
W_TEST_01,LONG_CORRIDOR,WEAK_CANDIDATE,QUERY,/home/lj/ZPRM/bag/mid360_20260818_205021_part2_15s.bag,2c9893beb56146996eccbe846dc0ee5a4a3ca9aba5b3bb71f7067c598b27c581,sensor_msgs/PointCloud2,"[""livox_frame""]","[""x"",""y"",""z"",""intensity"",""tag"",""line"",""timestamp""]",66,1787057460.2870233,1787057460.3886244,0.10017704963684082,20064,20064,0,-43.625999450683594,65.08799743652344,-6.198999881744385,3.190999984741211,-2.569000005722046,3.440999984741211,0.0,2.310371738767935,8.20252307632143,65.0996658391778,timestamp,nanoseconds_absolute,1.7870574602870234e+18,1.7870574603872317e+18,0.10020838400000001,false,true,false,false,true,true,true,false,false,true,true,false,false
W_TEST_01,LONG_CORRIDOR,WEAK_CANDIDATE,QUERY,/home/lj/ZPRM/bag/mid360_20260818_205021_part2_15s.bag,2c9893beb56146996eccbe846dc0ee5a4a3ca9aba5b3bb71f7067c598b27c581,sensor_msgs/PointCloud2,"[""livox_frame""]","[""x"",""y"",""z"",""intensity"",""tag"",""line"",""timestamp""]",67,1787057460.3869865,1787057460.4887698,0.09996318817138672,19968,19968,0,-41.19499969482422,66.5510025024414,-6.5279998779296875,3.371999979019165,-4.138999938964844,3.446000099182129,0.0,2.33004948712881,8.100187830914246,66.69147123458166,timestamp,nanoseconds_absolute,1.7870574603869865e+18,1.7870574604873533e+18,0.10036684800000001,false,true,false,false,true,true,true,false,false,true,true,false,false
W_TEST_01,LONG_CORRIDOR,WEAK_CANDIDATE,QUERY,/home/lj/ZPRM/bag/mid360_20260818_205021_part2_15s.bag,2c9893beb56146996eccbe846dc0ee5a4a3ca9aba5b3bb71f7067c598b27c581,sensor_msgs/PointCloud2,"[""livox_frame""]","[""x"",""y"",""z"",""intensity"",""tag"",""line"",""timestamp""]",68,1787057460.4871008,1787057460.5885265,0.10011434555053711,19968,19968,0,-43.54600143432617,65.06999969482422,-5.571000099182129,3.36899995803833,-2.5380001068115234,3.441999912261963,0.0,2.3242568561369445,8.133833432006753,65.07726938279382,timestamp,nanoseconds_absolute,1.787057460487101e+18,1.7870574605873275e+18,0.10022656,false,true,false,false,true,true,true,false,false,true,true,false,false
W_TEST_01,LONG_CORRIDOR,WEAK_CANDIDATE,QUERY,/home/lj/ZPRM/bag/mid360_20260818_205021_part2_15s.bag,2c9893beb56146996eccbe846dc0ee5a4a3ca9aba5b3bb71f7067c598b27c581,sensor_msgs/PointCloud2,"[""livox_frame""]","[""x"",""y"",""z"",""intensity"",""tag"",""line"",""timestamp""]",69,1787057460.5872223,1787057460.6885672,0.10012149810791016,20064,20064,0,-43.36399841308594,66.52999877929688,-5.4720001220703125,3.3410000801086426,-2.683000087738037,3.438999891281128,0.0,2.3248913691819597,8.400313433352897,66.56527385262962,timestamp,nanoseconds_absolute,1.7870574605872223e+18,1.7870574606874394e+18,0.10021708800000001,false,true,false,false,true,true,true,false,false,true,true,false,false
W_TEST_01,LONG_CORRIDOR,WEAK_CANDIDATE,QUERY,/home/lj/ZPRM/bag/mid360_20260818_205021_part2_15s.bag,2c9893beb56146996eccbe846dc0ee5a4a3ca9aba5b3bb71f7067c598b27c581,sensor_msgs/PointCloud2,"[""livox_frame""]","[""x"",""y"",""z"",""intensity"",""tag"",""line"",""timestamp""]",70,1787057460.6871827,1787057460.7895162,0.0999603271484375,19968,19968,0,-43.611000061035156,65.11399841308594,-10.053999900817871,3.3919999599456787,-3.072999954223633,3.437000036239624,0.0,2.328662684449437,8.090597491377247,65.15168653134518,timestamp,nanoseconds_absolute,1.7870574606871826e+18,1.7870574607874632e+18,0.10028057600000001,false,true,false,false,true,true,true,false,false,true,true,false,false
W_TEST_01,LONG_CORRIDOR,WEAK_CANDIDATE,QUERY,/home/lj/ZPRM/bag/mid360_20260818_205021_part2_15s.bag,2c9893beb56146996eccbe846dc0ee5a4a3ca9aba5b3bb71f7067c598b27c581,sensor_msgs/PointCloud2,"[""livox_frame""]","[""x"",""y"",""z"",""intensity"",""tag"",""line"",""timestamp""]",71,1787057460.7870975,1787057460.889068,0.0999147891998291,19968,19968,0,-43.39500045776367,66.49199676513672,-6.214000225067139,3.384000062942505,-3.7899999618530273,3.447000026702881,0.0,2.3213635587011416,8.00470674726956,66.61095013251088,timestamp,nanoseconds_absolute,1.7870574607870973e+18,1.7870574608873715e+18,0.100274176,false,true,false,false,true,true,true,false,false,true,true,false,false
W_TEST_01,LONG_CORRIDOR,WEAK_CANDIDATE,QUERY,/home/lj/ZPRM/bag/mid360_20260818_205021_part2_15s.bag,2c9893beb56146996eccbe846dc0ee5a4a3ca9aba5b3bb71f7067c598b27c581,sensor_msgs/PointCloud2,"[""livox_frame""]","[""x"",""y"",""z"",""intensity"",""tag"",""line"",""timestamp""]",72,1787057460.8870142,1787057460.9884536,0.09991669654846191,20064,20064,0,-43.45399856567383,66.46700286865234,-4.998000144958496,3.3559999465942383,-3.746000051498413,3.440000057220459,0.0,2.307843616294639,7.997377176831062,66.579839942329,timestamp,nanoseconds_absolute,1.7870574608870141e+18,1.7870574609873638e+18,0.100349696,false,true,false,false,true,true,true,false,false,true,true,false,false
W_TEST_01,LONG_CORRIDOR,WEAK_CANDIDATE,QUERY,/home/lj/ZPRM/bag/mid360_20260818_205021_part2_15s.bag,2c9893beb56146996eccbe846dc0ee5a4a3ca9aba5b3bb71f7067c598b27c581,sensor_msgs/PointCloud2,"[""livox_frame""]","[""x"",""y"",""z"",""intensity"",""tag"",""line"",""timestamp""]",73,1787057460.9871376,1787057461.0895967,0.10012340545654297,20064,20064,0,-43.60900115966797,65.05699920654297,-7.442999839782715,3.1410000324249268,-2.5920000076293945,3.438999891281128,0.0,2.3380675937195727,8.361114698141987,65.10812507454135,timestamp,nanoseconds_absolute,1.7870574609871375e+18,1.7870574610875837e+18,0.10044620800000001,false,true,false,false,true,true,true,false,false,true,true,false,false
W_TEST_01,LONG_CORRIDOR,WEAK_CANDIDATE,QUERY,/home/lj/ZPRM/bag/mid360_20260818_205021_part2_15s.bag,2c9893beb56146996eccbe846dc0ee5a4a3ca9aba5b3bb71f7067c598b27c581,sensor_msgs/PointCloud2,"[""livox_frame""]","[""x"",""y"",""z"",""intensity"",""tag"",""line"",""timestamp""]",74,1787057461.0872626,1787057461.188742,0.10012507438659668,19968,19968,0,-41.2140007019043,66.49600219726562,-6.255000114440918,3.440000057220459,-3.638000011444092,3.443000078201294,0.0,2.3356406614168144,8.087058034419586,66.55084793318888,timestamp,nanoseconds_absolute,1.7870574610872627e+18,1.787057461187471e+18,0.10020838400000001,false,true,false,false,true,true,true,false,false,true,true,false,false
W_TEST_01,LONG_CORRIDOR,WEAK_CANDIDATE,QUERY,/home/lj/ZPRM/bag/mid360_20260818_205021_part2_15s.bag,2c9893beb56146996eccbe846dc0ee5a4a3ca9aba5b3bb71f7067c598b27c581,sensor_msgs/PointCloud2,"[""livox_frame""]","[""x"",""y"",""z"",""intensity"",""tag"",""line"",""timestamp""]",75,1787057461.1872349,1787057461.2883995,0.09997224807739258,19968,19968,0,-43.573001861572266,65.04900360107422,-9.803999900817871,4.616000175476074,-2.7330000400543213,3.440999984741211,0.0,2.3198067750340057,8.118945794878043,65.0606027216844,timestamp,nanoseconds_absolute,1.7870574611872348e+18,1.7870574612874437e+18,0.100208896,false,true,false,false,true,true,true,false,false,true,true,false,false
W_TEST_01,LONG_CORRIDOR,WEAK_CANDIDATE,QUERY,/home/lj/ZPRM/bag/mid360_20260818_205021_part2_15s.bag,2c9893beb56146996eccbe846dc0ee5a4a3ca9aba5b3bb71f7067c598b27c581,sensor_msgs/PointCloud2,"[""livox_frame""]","[""x"",""y"",""z"",""intensity"",""tag"",""line"",""timestamp""]",76,1787057461.2870836,1787057461.3888087,0.09984874725341797,20064,20064,0,-43.53200149536133,66.55799865722656,-7.918000221252441,3.4110000133514404,-2.9760000705718994,3.438999891281128,0.0,2.306488557266695,7.903228549697217,66.59146584394477,timestamp,nanoseconds_absolute,1.7870574612870835e+18,1.787057461387566e+18,0.10048256000000001,false,true,false,false,true,true,true,false,false,true,true,false,false
W_TEST_01,LONG_CORRIDOR,WEAK_CANDIDATE,QUERY,/home/lj/ZPRM/bag/mid360_20260818_205021_part2_15s.bag,2c9893beb56146996eccbe846dc0ee5a4a3ca9aba5b3bb71f7067c598b27c581,sensor_msgs/PointCloud2,"[""livox_frame""]","[""x"",""y"",""z"",""intensity"",""tag"",""line"",""timestamp""]",77,1787057461.3872974,1787057461.4894853,0.10021376609802246,19968,19968,0,-41.19900131225586,66.50800323486328,-5.914000034332275,3.4089999198913574,-3.7839999198913574,3.4679999351501465,0.0,2.3362316495000104,8.162446924078132,66.6285995168308,timestamp,nanoseconds_absolute,1.7870574613872973e+18,1.787057461487628e+18,0.10033075200000001,false,true,false,false,true,true,true,false,false,true,true,false,false
W_TEST_01,LONG_CORRIDOR,WEAK_CANDIDATE,QUERY,/home/lj/ZPRM/bag/mid360_20260818_205021_part2_15s.bag,2c9893beb56146996eccbe846dc0ee5a4a3ca9aba5b3bb71f7067c598b27c581,sensor_msgs/PointCloud2,"[""livox_frame""]","[""x"",""y"",""z"",""intensity"",""tag"",""line"",""timestamp""]",78,1787057461.4884467,1787057461.58882,0.10114932060241699,19968,19968,0,-43.43000030517578,66.54900360107422,-6.310999870300293,3.5999999046325684,-2.5739998817443848,3.440000057220459,0.0,2.338097165166902,8.28648080262275,66.57208430870654,timestamp,nanoseconds_absolute,1.7870574614884467e+18,1.7870574615877117e+18,0.09926502400000001,false,true,false,false,true,true,true,false,false,true,true,false,false
W_TEST_01,LONG_CORRIDOR,WEAK_CANDIDATE,QUERY,/home/lj/ZPRM/bag/mid360_20260818_205021_part2_15s.bag,2c9893beb56146996eccbe846dc0ee5a4a3ca9aba5b3bb71f7067c598b27c581,sensor_msgs/PointCloud2,"[""livox_frame""]","[""x"",""y"",""z"",""intensity"",""tag"",""line"",""timestamp""]",79,1787057461.5874503,1787057461.6889522,0.09900355339050293,19968,19968,0,-43.46900177001953,64.11699676513672,-6.359000205993652,3.361999988555908,-2.747999906539917,3.438999891281128,0.0,2.3224644459075305,8.036895912120043,64.11766605376766,timestamp,nanoseconds_absolute,1.7870574615874504e+18,1.7870574616866673e+18,0.09921689600000001,false,true,false,false,true,true,true,false,false,true,true,false,false
W_TEST_01,LONG_CORRIDOR,WEAK_CANDIDATE,QUERY,/home/lj/ZPRM/bag/mid360_20260818_205021_part2_15s.bag,2c9893beb56146996eccbe846dc0ee5a4a3ca9aba5b3bb71f7067c598b27c581,sensor_msgs/PointCloud2,"[""livox_frame""]","[""x"",""y"",""z"",""intensity"",""tag"",""line"",""timestamp""]",80,1787057461.6871781,1787057461.7894278,0.09972786903381348,20064,20064,0,-43.5260009765625,66.4229965209961,-6.146999835968018,3.1010000705718994,-3.502000093460083,3.447999954223633,0.0,2.3165157096380637,8.092216719154125,66.51985839184346,timestamp,nanoseconds_absolute,1.7870574616871782e+18,1.7870574617876874e+18,0.100509184,false,true,false,false,true,true,true,false,false,true,true,false,false
W_TEST_01,LONG_CORRIDOR,WEAK_CANDIDATE,QUERY,/home/lj/ZPRM/bag/mid360_20260818_205021_part2_15s.bag,2c9893beb56146996eccbe846dc0ee5a4a3ca9aba5b3bb71f7067c598b27c581,sensor_msgs/PointCloud2,"[""livox_frame""]","[""x"",""y"",""z"",""intensity"",""tag"",""line"",""timestamp""]",81,1787057461.7873065,1787057461.8894904,0.1001284122467041,19968,19968,0,-43.51599884033203,66.5260009765625,-6.110000133514404,3.0250000953674316,-2.9590001106262207,3.444000005722046,0.0,2.3270929375590033,8.012486423231618,66.55179221333105,timestamp,nanoseconds_absolute,1.7870574617873065e+18,1.7870574618876713e+18,0.1003648,false,true,false,false,true,true,true,false,false,true,true,false,false
W_TEST_01,LONG_CORRIDOR,WEAK_CANDIDATE,QUERY,/home/lj/ZPRM/bag/mid360_20260818_205021_part2_15s.bag,2c9893beb56146996eccbe846dc0ee5a4a3ca9aba5b3bb71f7067c598b27c581,sensor_msgs/PointCloud2,"[""livox_frame""]","[""x"",""y"",""z"",""intensity"",""tag"",""line"",""timestamp""]",82,1787057461.8873997,1787057461.9879596,0.10009312629699707,19968,19968,0,-43.573001861572266,66.5469970703125,-9.190999984741211,3.359999895095825,-2.559999942779541,3.446000099182129,0.0,2.3302866805834546,8.18323187574915,66.56583078586053,timestamp,nanoseconds_absolute,1.7870574618873997e+18,1.7870574619867246e+18,0.099324928,false,true,false,false,true,true,true,false,false,true,true,false,false
W_TEST_01,LONG_CORRIDOR,WEAK_CANDIDATE,QUERY,/home/lj/ZPRM/bag/mid360_20260818_205021_part2_15s.bag,2c9893beb56146996eccbe846dc0ee5a4a3ca9aba5b3bb71f7067c598b27c581,sensor_msgs/PointCloud2,"[""livox_frame""]","[""x"",""y"",""z"",""intensity"",""tag"",""line"",""timestamp""]",83,1787057461.9872034,1787057462.0889573,0.09980368614196777,20064,20064,0,-43.34299850463867,65.052001953125,-8.147000312805176,3.365000009536743,-2.6730000972747803,3.434999942779541,0.0,2.334242694038969,8.290784953227538,65.06079808994397,timestamp,nanoseconds_absolute,1.7870574619872033e+18,1.7870574620876895e+18,0.100486144,false,true,false,false,true,true,true,false,false,true,true,false,false
W_TEST_01,LONG_CORRIDOR,WEAK_CANDIDATE,QUERY,/home/lj/ZPRM/bag/mid360_20260818_205021_part2_15s.bag,2c9893beb56146996eccbe846dc0ee5a4a3ca9aba5b3bb71f7067c598b27c581,sensor_msgs/PointCloud2,"[""livox_frame""]","[""x"",""y"",""z"",""intensity"",""tag"",""line"",""timestamp""]",84,1787057462.0874047,1787057462.1885293,0.10020136833190918,19968,19968,0,-43.507999420166016,66.51000213623047,-6.425000190734863,3.3610000610351562,-3.256999969482422,3.443000078201294,0.0,2.3284927403063733,8.054424664915615,66.54964997511469,timestamp,nanoseconds_absolute,1.7870574620874048e+18,1.7870574621868083e+18,0.09940352000000001,false,true,false,false,true,true,true,false,false,true,true,false,false
W_TEST_01,LONG_CORRIDOR,WEAK_CANDIDATE,QUERY,/home/lj/ZPRM/bag/mid360_20260818_205021_part2_15s.bag,2c9893beb56146996eccbe846dc0ee5a4a3ca9aba5b3bb71f7067c598b27c581,sensor_msgs/PointCloud2,"[""livox_frame""]","[""x"",""y"",""z"",""intensity"",""tag"",""line"",""timestamp""]",85,1787057462.1874096,1787057462.2877927,0.10000491142272949,19968,19968,0,-43.5099983215332,66.52200317382812,-5.525000095367432,3.3910000324249268,-2.806999921798706,3.440999984741211,0.0,2.317109510726169,8.057791288559004,66.55534866901299,timestamp,nanoseconds_absolute,1.7870574621874097e+18,1.7870574622868001e+18,0.09939046400000001,false,true,false,false,true,true,true,false,false,true,true,false,false
W_TEST_01,LONG_CORRIDOR,WEAK_CANDIDATE,QUERY,/home/lj/ZPRM/bag/mid360_20260818_205021_part2_15s.bag,2c9893beb56146996eccbe846dc0ee5a4a3ca9aba5b3bb71f7067c598b27c581,sensor_msgs/PointCloud2,"[""livox_frame""]","[""x"",""y"",""z"",""intensity"",""tag"",""line"",""timestamp""]",86,1787057462.2875526,1787057462.392653,0.1001429557800293,20064,20064,0,-43.64500045776367,65.0510025024414,-5.366000175476074,3.359999895095825,-2.7109999656677246,3.438999891281128,0.0,2.3092066557095006,8.176999940624968,65.09624628141101,timestamp,nanoseconds_absolute,1.7870574622875525e+18,1.7870574623877458e+18,0.10019328000000001,false,true,false,false,true,true,true,false,false,true,true,false,false
W_TEST_01,LONG_CORRIDOR,WEAK_CANDIDATE,QUERY,/home/lj/ZPRM/bag/mid360_20260818_205021_part2_15s.bag,2c9893beb56146996eccbe846dc0ee5a4a3ca9aba5b3bb71f7067c598b27c581,sensor_msgs/PointCloud2,"[""livox_frame""]","[""x"",""y"",""z"",""intensity"",""tag"",""line"",""timestamp""]",87,1787057462.3874655,1787057462.489289,0.09991288185119629,19968,19968,0,-43.553001403808594,65.08699798583984,-10.222000122070312,3.3610000610351562,-2.615000009536743,3.440000057220459,0.0,2.3380279313879084,8.260797999308444,65.10793551683629,timestamp,nanoseconds_absolute,1.7870574623874655e+18,1.7870574624878323e+18,0.10036684800000001,false,true,false,false,true,true,true,false,false,true,true,false,false
W_TEST_01,LONG_CORRIDOR,WEAK_CANDIDATE,QUERY,/home/lj/ZPRM/bag/mid360_20260818_205021_part2_15s.bag,2c9893beb56146996eccbe846dc0ee5a4a3ca9aba5b3bb71f7067c598b27c581,sensor_msgs/PointCloud2,"[""livox_frame""]","[""x"",""y"",""z"",""intensity"",""tag"",""line"",""timestamp""]",88,1787057462.4875677,1787057462.588718,0.10010218620300293,19968,19968,0,-43.446998596191406,66.50900268554688,-6.4679999351501465,3.369999885559082,-2.806999921798706,3.484999895095825,0.0,2.3353487861213162,8.087495284165485,66.54160235154436,timestamp,nanoseconds_absolute,1.7870574624875676e+18,1.7870574625868434e+18,0.09927577600000001,false,true,false,false,true,true,true,false,false,true,true,false,false
W_TEST_01,LONG_CORRIDOR,WEAK_CANDIDATE,QUERY,/home/lj/ZPRM/bag/mid360_20260818_205021_part2_15s.bag,2c9893beb56146996eccbe846dc0ee5a4a3ca9aba5b3bb71f7067c598b27c581,sensor_msgs/PointCloud2,"[""livox_frame""]","[""x"",""y"",""z"",""intensity"",""tag"",""line"",""timestamp""]",89,1787057462.5876951,1787057462.687812,0.1001274585723877,19968,19968,0,-43.5629997253418,66.54100036621094,-5.238999843597412,3.359999895095825,-3.0450000762939453,3.441999912261963,0.0,2.3239359122967844,8.14667409134294,66.5772871294192,timestamp,nanoseconds_absolute,1.787057462587695e+18,1.7870574626867773e+18,0.09908224,false,true,false,false,true,true,true,false,false,true,true,false,false
W_TEST_01,LONG_CORRIDOR,WEAK_CANDIDATE,QUERY,/home/lj/ZPRM/bag/mid360_20260818_205021_part2_15s.bag,2c9893beb56146996eccbe846dc0ee5a4a3ca9aba5b3bb71f7067c598b27c581,sensor_msgs/PointCloud2,"[""livox_frame""]","[""x"",""y"",""z"",""intensity"",""tag"",""line"",""timestamp""]",90,1787057462.6870005,1787057462.787531,0.09930539131164551,19968,19968,0,-43.62099838256836,64.447998046875,-10.196999549865723,3.369999885559082,-2.63100004196167,3.440000057220459,0.0,2.3224252609896867,8.078361484951232,64.44999265517778,timestamp,nanoseconds_absolute,1.7870574626870006e+18,1.7870574627866644e+18,0.099663872,false,true,false,false,true,true,true,false,false,true,true,false,false
W_TEST_01,LONG_CORRIDOR,WEAK_CANDIDATE,QUERY,/home/lj/ZPRM/bag/mid360_20260818_205021_part2_15s.bag,2c9893beb56146996eccbe846dc0ee5a4a3ca9aba5b3bb71f7067c598b27c581,sensor_msgs/PointCloud2,"[""livox_frame""]","[""x"",""y"",""z"",""intensity"",""tag"",""line"",""timestamp""]",91,1787057462.7865133,1787057462.888127,0.09951281547546387,20064,20064,0,-43.63399887084961,66.5739974975586,-6.283999919891357,3.378999948501587,-3.7799999713897705,3.443000078201294,0.0,2.330953351086551,8.110724521092521,66.6812451787517,timestamp,nanoseconds_absolute,1.7870574627865134e+18,1.7870574628869207e+18,0.10040729600000001,false,true,false,false,true,true,true,false,false,true,true,false,false
W_TEST_01,LONG_CORRIDOR,WEAK_CANDIDATE,QUERY,/home/lj/ZPRM/bag/mid360_20260818_205021_part2_15s.bag,2c9893beb56146996eccbe846dc0ee5a4a3ca9aba5b3bb71f7067c598b27c581,sensor_msgs/PointCloud2,"[""livox_frame""]","[""x"",""y"",""z"",""intensity"",""tag"",""line"",""timestamp""]",92,1787057462.889721,1787057462.989793,0.10320758819580078,19968,19968,0,-41.21900177001953,66.48999786376953,-5.9029998779296875,4.734000205993652,-3.427999973297119,3.443000078201294,0.0,2.334985878166938,8.096577451058995,66.52639190914668,timestamp,nanoseconds_absolute,1.7870574628897208e+18,1.787057462987367e+18,0.09764608000000001,false,true,false,false,true,true,true,false,false,true,true,false,false
W_TEST_01,LONG_CORRIDOR,WEAK_CANDIDATE,QUERY,/home/lj/ZPRM/bag/mid360_20260818_205021_part2_15s.bag,2c9893beb56146996eccbe846dc0ee5a4a3ca9aba5b3bb71f7067c598b27c581,sensor_msgs/PointCloud2,"[""livox_frame""]","[""x"",""y"",""z"",""intensity"",""tag"",""line"",""timestamp""]",93,1787057462.9869897,1787057463.0891802,0.09726881980895996,19968,19968,0,-43.52199935913086,65.15699768066406,-10.017999649047852,3.361999988555908,-2.568000078201294,3.436000108718872,0.0,2.3202617214053767,8.240396585169245,65.17635853494441,timestamp,nanoseconds_absolute,1.7870574629869898e+18,1.787057463086709e+18,0.09971916800000001,false,true,false,false,true,true,true,false,false,true,true,false,false
W_TEST_01,LONG_CORRIDOR,WEAK_CANDIDATE,QUERY,/home/lj/ZPRM/bag/mid360_20260818_205021_part2_15s.bag,2c9893beb56146996eccbe846dc0ee5a4a3ca9aba5b3bb71f7067c598b27c581,sensor_msgs/PointCloud2,"[""livox_frame""]","[""x"",""y"",""z"",""intensity"",""tag"",""line"",""timestamp""]",94,1787057463.088393,1787057463.1891189,0.10140323638916016,19968,19968,0,-43.53099822998047,65.072998046875,-6.3379998207092285,3.365000009536743,-2.8440001010894775,3.437000036239624,0.0,2.341967635822896,8.204217892815064,65.10571154521955,timestamp,nanoseconds_absolute,1.787057463088393e+18,1.7870574631867139e+18,0.098320896,false,true,false,false,true,true,true,false,false,true,true,false,false
W_TEST_01,LONG_CORRIDOR,WEAK_CANDIDATE,QUERY,/home/lj/ZPRM/bag/mid360_20260818_205021_part2_15s.bag,2c9893beb56146996eccbe846dc0ee5a4a3ca9aba5b3bb71f7067c598b27c581,sensor_msgs/PointCloud2,"[""livox_frame""]","[""x"",""y"",""z"",""intensity"",""tag"",""line"",""timestamp""]",95,1787057463.1866984,1787057463.287578,0.09830546379089355,19968,19968,0,-43.46900177001953,65.10099792480469,-6.171999931335449,3.4030001163482666,-3.003999948501587,3.446000099182129,0.0,2.331782876317334,8.075952758569517,65.1285370119391,timestamp,nanoseconds_absolute,1.7870574631866985e+18,1.7870574632866785e+18,0.09998003200000001,false,true,false,false,true,true,true,false,false,true,true,false,false
W_TEST_01,LONG_CORRIDOR,WEAK_CANDIDATE,QUERY,/home/lj/ZPRM/bag/mid360_20260818_205021_part2_15s.bag,2c9893beb56146996eccbe846dc0ee5a4a3ca9aba5b3bb71f7067c598b27c581,sensor_msgs/PointCloud2,"[""livox_frame""]","[""x"",""y"",""z"",""intensity"",""tag"",""line"",""timestamp""]",96,1787057463.2866352,1787057463.3880656,0.09993672370910645,20064,20064,0,-43.5620002746582,66.52400207519531,-5.1529998779296875,3.365000009536743,-2.890000104904175,3.440999984741211,0.0,2.300473175590013,8.160714516874254,66.54633902055099,timestamp,nanoseconds_absolute,1.7870574632866353e+18,1.7870574633868058e+18,0.10017049600000001,false,true,false,false,true,true,true,false,false,true,true,false,false
W_TEST_01,LONG_CORRIDOR,WEAK_CANDIDATE,QUERY,/home/lj/ZPRM/bag/mid360_20260818_205021_part2_15s.bag,2c9893beb56146996eccbe846dc0ee5a4a3ca9aba5b3bb71f7067c598b27c581,sensor_msgs/PointCloud2,"[""livox_frame""]","[""x"",""y"",""z"",""intensity"",""tag"",""line"",""timestamp""]",97,1787057463.3875525,1787057463.4883375,0.10091733932495117,19968,19968,0,-43.560001373291016,66.4280014038086,-7.438000202178955,3.378999948501587,-3.5450000762939453,3.440000057220459,0.0,2.329095618117276,8.068354363899173,66.5400949592009,timestamp,nanoseconds_absolute,1.7870574633875525e+18,1.7870574634867238e+18,0.099171328,false,true,false,false,true,true,true,false,false,true,true,false,false
W_TEST_01,LONG_CORRIDOR,WEAK_CANDIDATE,QUERY,/home/lj/ZPRM/bag/mid360_20260818_205021_part2_15s.bag,2c9893beb56146996eccbe846dc0ee5a4a3ca9aba5b3bb71f7067c598b27c581,sensor_msgs/PointCloud2,"[""livox_frame""]","[""x"",""y"",""z"",""intensity"",""tag"",""line"",""timestamp""]",98,1787057463.4880555,1787057463.58784,0.10050296783447266,19968,19968,0,-43.571998596191406,66.53199768066406,-6.250999927520752,3.440999984741211,-3.75600004196167,3.4509999752044678,0.0,2.3466524845356043,8.285944049257514,66.56597881593535,timestamp,nanoseconds_absolute,1.7870574634880556e+18,1.7870574635867722e+18,0.098716672,false,true,false,false,true,true,true,false,false,true,true,false,false
W_TEST_01,LONG_CORRIDOR,WEAK_CANDIDATE,QUERY,/home/lj/ZPRM/bag/mid360_20260818_205021_part2_15s.bag,2c9893beb56146996eccbe846dc0ee5a4a3ca9aba5b3bb71f7067c598b27c581,sensor_msgs/PointCloud2,"[""livox_frame""]","[""x"",""y"",""z"",""intensity"",""tag"",""line"",""timestamp""]",99,1787057463.5866945,1787057463.688167,0.09863901138305664,19968,19968,0,-41.194000244140625,66.50599670410156,-6.0289998054504395,4.572000026702881,-3.072000026702881,3.441999912261963,0.0,2.3298386066746026,8.187471252985628,66.5522464774069,timestamp,nanoseconds_absolute,1.7870574635866944e+18,1.7870574636866775e+18,0.099983104,false,true,false,false,true,true,true,false,false,true,true,false,false
W_TEST_01,LONG_CORRIDOR,WEAK_CANDIDATE,QUERY,/home/lj/ZPRM/bag/mid360_20260818_205021_part2_15s.bag,2c9893beb56146996eccbe846dc0ee5a4a3ca9aba5b3bb71f7067c598b27c581,sensor_msgs/PointCloud2,"[""livox_frame""]","[""x"",""y"",""z"",""intensity"",""tag"",""line"",""timestamp""]",100,1787057463.6864262,1787057463.787682,0.0997316837310791,19968,19968,0,-43.53499984741211,64.5,-8.114999771118164,3.121999979019165,-2.809000015258789,3.446000099182129,0.0,2.3208133041607875,8.02477415619486,64.50993824173709,timestamp,nanoseconds_absolute,1.787057463686426e+18,1.7870574637866819e+18,0.10025574400000001,false,true,false,false,true,true,true,false,false,true,true,false,false
W_TEST_01,LONG_CORRIDOR,WEAK_CANDIDATE,QUERY,/home/lj/ZPRM/bag/mid360_20260818_205021_part2_15s.bag,2c9893beb56146996eccbe846dc0ee5a4a3ca9aba5b3bb71f7067c598b27c581,sensor_msgs/PointCloud2,"[""livox_frame""]","[""x"",""y"",""z"",""intensity"",""tag"",""line"",""timestamp""]",101,1787057463.7863524,1787057463.8883271,0.09992623329162598,20064,20064,0,-43.529998779296875,66.53800201416016,-5.031000137329102,3.3580000400543213,-2.934000015258789,3.489000082015991,0.0,2.3181558495167525,8.118447325341338,66.5717541984734,timestamp,nanoseconds_absolute,1.7870574637863524e+18,1.7870574638868224e+18,0.10047001600000001,false,true,false,false,true,true,true,false,false,true,true,false,false
W_TEST_01,LONG_CORRIDOR,WEAK_CANDIDATE,QUERY,/home/lj/ZPRM/bag/mid360_20260818_205021_part2_15s.bag,2c9893beb56146996eccbe846dc0ee5a4a3ca9aba5b3bb71f7067c598b27c581,sensor_msgs/PointCloud2,"[""livox_frame""]","[""x"",""y"",""z"",""intensity"",""tag"",""line"",""timestamp""]",102,1787057463.8876054,1787057463.9884877,0.10125303268432617,19872,19872,0,-43.5620002746582,66.4530029296875,-10.119000434875488,3.364000082015991,-3.8380000591278076,3.441999912261963,0.0,2.338057609720721,8.122392465896837,66.57026713775646,timestamp,nanoseconds_absolute,1.7870574638876055e+18,1.7870574639866908e+18,0.09908531200000001,false,true,false,false,true,true,true,false,false,true,true,false,false
W_TEST_01,LONG_CORRIDOR,WEAK_CANDIDATE,QUERY,/home/lj/ZPRM/bag/mid360_20260818_205021_part2_15s.bag,2c9893beb56146996eccbe846dc0ee5a4a3ca9aba5b3bb71f7067c598b27c581,sensor_msgs/PointCloud2,"[""livox_frame""]","[""x"",""y"",""z"",""intensity"",""tag"",""line"",""timestamp""]",103,1787057463.986273,1787057464.0878894,0.09866762161254883,20064,20064,0,-43.47600173950195,65.11299896240234,-4.685999870300293,3.361999988555908,-2.8570001125335693,3.440000057220459,0.0,2.320350816549109,8.17624331564175,65.20056916892771,timestamp,nanoseconds_absolute,1.787057463986273e+18,1.7870574640867497e+18,0.100476672,false,true,false,false,true,true,true,false,false,true,true,false,false
W_TEST_01,LONG_CORRIDOR,WEAK_CANDIDATE,QUERY,/home/lj/ZPRM/bag/mid360_20260818_205021_part2_15s.bag,2c9893beb56146996eccbe846dc0ee5a4a3ca9aba5b3bb71f7067c598b27c581,sensor_msgs/PointCloud2,"[""livox_frame""]","[""x"",""y"",""z"",""intensity"",""tag"",""line"",""timestamp""]",104,1787057464.0865543,1787057464.1883235,0.1002812385559082,19968,19968,0,-43.57400131225586,66.58899688720703,-7.543000221252441,3.1070001125335693,-3.796999931335449,3.436000108718872,0.0,2.333371813706688,8.210907581758025,66.61526938777843,timestamp,nanoseconds_absolute,1.7870574640865544e+18,1.7870574641867156e+18,0.10016128,false,true,false,false,true,true,true,false,false,true,true,false,false
W_TEST_01,LONG_CORRIDOR,WEAK_CANDIDATE,QUERY,/home/lj/ZPRM/bag/mid360_20260818_205021_part2_15s.bag,2c9893beb56146996eccbe846dc0ee5a4a3ca9aba5b3bb71f7067c598b27c581,sensor_msgs/PointCloud2,"[""livox_frame""]","[""x"",""y"",""z"",""intensity"",""tag"",""line"",""timestamp""]",105,1787057464.1864839,1787057464.288645,0.0999295711517334,20064,20064,0,-43.582000732421875,65.04100036621094,-6.413000106811523,3.5899999141693115,-2.575000047683716,3.446000099182129,0.0,2.3399312053467365,8.039761040317343,65.05120242319967,timestamp,nanoseconds_absolute,1.787057464186484e+18,1.7870574642868124e+18,0.100328448,false,true,false,false,true,true,true,false,false,true,true,false,false
W_TEST_01,LONG_CORRIDOR,WEAK_CANDIDATE,QUERY,/home/lj/ZPRM/bag/mid360_20260818_205021_part2_15s.bag,2c9893beb56146996eccbe846dc0ee5a4a3ca9aba5b3bb71f7067c598b27c581,sensor_msgs/PointCloud2,"[""livox_frame""]","[""x"",""y"",""z"",""intensity"",""tag"",""line"",""timestamp""]",106,1787057464.286603,1787057464.3882186,0.10011911392211914,19968,19968,0,-43.54899978637695,66.5270004272461,-6.340000152587891,3.3610000610351562,-2.9059998989105225,3.441999912261963,0.0,2.3083269535657545,8.100889253405905,66.56878244537722,timestamp,nanoseconds_absolute,1.787057464286603e+18,1.787057464386692e+18,0.100089088,false,true,false,false,true,true,true,false,false,true,true,false,false
W_TEST_01,LONG_CORRIDOR,WEAK_CANDIDATE,QUERY,/home/lj/ZPRM/bag/mid360_20260818_205021_part2_15s.bag,2c9893beb56146996eccbe846dc0ee5a4a3ca9aba5b3bb71f7067c598b27c581,sensor_msgs/PointCloud2,"[""livox_frame""]","[""x"",""y"",""z"",""intensity"",""tag"",""line"",""timestamp""]",107,1787057464.3874433,1787057464.4876978,0.10084033012390137,19968,19968,0,-43.499000549316406,66.48300170898438,-8.065999984741211,3.368000030517578,-3.6760001182556152,3.434999942779541,0.0,2.3116630364706863,7.997055913873395,66.58879783467717,timestamp,nanoseconds_absolute,1.7870574643874432e+18,1.7870574644867072e+18,0.099264,false,true,false,false,true,true,true,false,false,true,true,false,false
W_TEST_01,LONG_CORRIDOR,WEAK_CANDIDATE,QUERY,/home/lj/ZPRM/bag/mid360_20260818_205021_part2_15s.bag,2c9893beb56146996eccbe846dc0ee5a4a3ca9aba5b3bb71f7067c598b27c581,sensor_msgs/PointCloud2,"[""livox_frame""]","[""x"",""y"",""z"",""intensity"",""tag"",""line"",""timestamp""]",108,1787057464.4863205,1787057464.5877385,0.0988771915435791,19968,19968,0,-43.52899932861328,66.52999877929688,-5.8979997634887695,3.193000078201294,-2.8550000190734863,3.441999912261963,0.0,2.329957403169017,8.027949721271545,66.57028205983477,timestamp,nanoseconds_absolute,1.7870574644863204e+18,1.7870574645866644e+18,0.10034406400000001,false,true,false,false,true,true,true,false,false,true,true,false,false
W_TEST_01,LONG_CORRIDOR,WEAK_CANDIDATE,QUERY,/home/lj/ZPRM/bag/mid360_20260818_205021_part2_15s.bag,2c9893beb56146996eccbe846dc0ee5a4a3ca9aba5b3bb71f7067c598b27c581,sensor_msgs/PointCloud2,"[""livox_frame""]","[""x"",""y"",""z"",""intensity"",""tag"",""line"",""timestamp""]",109,1787057464.5864189,1787057464.6886528,0.1000983715057373,20064,20064,0,-41.25199890136719,66.53199768066406,-10.204000473022461,3.3949999809265137,-3.325000047683716,3.441999912261963,0.0,2.348413609927971,8.504295502788361,66.57548477607664,timestamp,nanoseconds_absolute,1.787057464586419e+18,1.7870574646867935e+18,0.100374528,false,true,false,false,true,true,true,false,false,true,true,false,false
W_TEST_01,LONG_CORRIDOR,WEAK_CANDIDATE,QUERY,/home/lj/ZPRM/bag/mid360_20260818_205021_part2_15s.bag,2c9893beb56146996eccbe846dc0ee5a4a3ca9aba5b3bb71f7067c598b27c581,sensor_msgs/PointCloud2,"[""livox_frame""]","[""x"",""y"",""z"",""intensity"",""tag"",""line"",""timestamp""]",110,1787057464.686605,1787057464.7892666,0.10018610954284668,19968,19968,0,-43.4630012512207,65.0739974975586,-7.492000102996826,4.502999782562256,-3.063999891281128,3.436000108718872,0.0,2.3093645919487846,8.070153698843557,65.14589395465613,timestamp,nanoseconds_absolute,1.787057464686605e+18,1.7870574647868004e+18,0.100195328,false,true,false,false,true,true,true,false,false,true,true,false,false
W_TEST_01,LONG_CORRIDOR,WEAK_CANDIDATE,QUERY,/home/lj/ZPRM/bag/mid360_20260818_205021_part2_15s.bag,2c9893beb56146996eccbe846dc0ee5a4a3ca9aba5b3bb71f7067c598b27c581,sensor_msgs/PointCloud2,"[""livox_frame""]","[""x"",""y"",""z"",""intensity"",""tag"",""line"",""timestamp""]",111,1787057464.7865458,1787057464.8896897,0.09994077682495117,19968,19968,0,-43.45899963378906,66.55000305175781,-6.059000015258789,3.3510000705718994,-2.7709999084472656,3.437999963760376,0.0,2.319305701226917,7.978683745864214,66.59967645249814,timestamp,nanoseconds_absolute,1.7870574647865457e+18,1.7870574648866964e+18,0.100150784,false,true,false,false,true,true,true,false,false,true,true,false,false
W_TEST_01,LONG_CORRIDOR,WEAK_CANDIDATE,QUERY,/home/lj/ZPRM/bag/mid360_20260818_205021_part2_15s.bag,2c9893beb56146996eccbe846dc0ee5a4a3ca9aba5b3bb71f7067c598b27c581,sensor_msgs/PointCloud2,"[""livox_frame""]","[""x"",""y"",""z"",""intensity"",""tag"",""line"",""timestamp""]",112,1787057464.8864527,1787057464.9875274,0.09990692138671875,19968,19968,0,-43.55400085449219,66.51100158691406,-10.196000099182129,3.368000030517578,-3.7750000953674316,3.443000078201294,0.0,2.327545515869942,8.025237626502431,66.61638138425592,timestamp,nanoseconds_absolute,1.7870574648864527e+18,1.7870574649866985e+18,0.10024576,false,true,false,false,true,true,true,false,false,true,true,false,false
W_TEST_01,LONG_CORRIDOR,WEAK_CANDIDATE,QUERY,/home/lj/ZPRM/bag/mid360_20260818_205021_part2_15s.bag,2c9893beb56146996eccbe846dc0ee5a4a3ca9aba5b3bb71f7067c598b27c581,sensor_msgs/PointCloud2,"[""livox_frame""]","[""x"",""y"",""z"",""intensity"",""tag"",""line"",""timestamp""]",113,1787057464.986427,1787057465.0885575,0.09997439384460449,20064,20064,0,-41.1879997253418,65.01499938964844,-7.613999843597412,3.4030001163482666,-2.802999973297119,3.438999891281128,0.0,2.3290696319266537,8.253300999057885,65.03849898069107,timestamp,nanoseconds_absolute,1.7870574649864271e+18,1.7870574650870113e+18,0.100584192,false,true,false,false,true,true,true,false,false,true,true,false,false
W_TEST_01,LONG_CORRIDOR,WEAK_CANDIDATE,QUERY,/home/lj/ZPRM/bag/mid360_20260818_205021_part2_15s.bag,2c9893beb56146996eccbe846dc0ee5a4a3ca9aba5b3bb71f7067c598b27c581,sensor_msgs/PointCloud2,"[""livox_frame""]","[""x"",""y"",""z"",""intensity"",""tag"",""line"",""timestamp""]",114,1787057465.0865993,1787057465.188141,0.10017228126525879,19968,19968,0,-43.54499816894531,65.14800262451172,-5.551000118255615,3.3429999351501465,-3.252000093460083,3.446000099182129,0.0,2.326311477154155,8.042507019770415,65.15790522979415,timestamp,nanoseconds_absolute,1.7870574650865994e+18,1.787057465186821e+18,0.10022169600000001,false,true,false,false,true,true,true,false,false,true,true,false,false
W_TEST_01,LONG_CORRIDOR,WEAK_CANDIDATE,QUERY,/home/lj/ZPRM/bag/mid360_20260818_205021_part2_15s.bag,2c9893beb56146996eccbe846dc0ee5a4a3ca9aba5b3bb71f7067c598b27c581,sensor_msgs/PointCloud2,"[""livox_frame""]","[""x"",""y"",""z"",""intensity"",""tag"",""line"",""timestamp""]",115,1787057465.1865602,1787057465.288359,0.0999608039855957,19968,19968,0,-43.590999603271484,66.5270004272461,-5.546000003814697,3.4189999103546143,-2.628999948501587,3.444999933242798,0.0,2.3321944803404975,8.224248405252796,66.55421480233545,timestamp,nanoseconds_absolute,1.7870574651865603e+18,1.7870574652867233e+18,0.100163072,false,true,false,false,true,true,true,false,false,true,true,false,false
W_TEST_01,LONG_CORRIDOR,WEAK_CANDIDATE,QUERY,/home/lj/ZPRM/bag/mid360_20260818_205021_part2_15s.bag,2c9893beb56146996eccbe846dc0ee5a4a3ca9aba5b3bb71f7067c598b27c581,sensor_msgs/PointCloud2,"[""livox_frame""]","[""x"",""y"",""z"",""intensity"",""tag"",""line"",""timestamp""]",116,1787057465.2878513,1787057465.3875823,0.10129117965698242,19968,19968,0,-41.23899841308594,66.52799987792969,-6.3429999351501465,4.699999809265137,-3.7669999599456787,3.4860000610351562,0.0,2.312089852388641,8.235824507529884,66.5959512815978,timestamp,nanoseconds_absolute,1.7870574652878513e+18,1.7870574653866614e+18,0.098810112,false,true,false,false,true,true,true,false,false,true,true,false,false
W_TEST_01,LONG_CORRIDOR,WEAK_CANDIDATE,QUERY,/home/lj/ZPRM/bag/mid360_20260818_205021_part2_15s.bag,2c9893beb56146996eccbe846dc0ee5a4a3ca9aba5b3bb71f7067c598b27c581,sensor_msgs/PointCloud2,"[""livox_frame""]","[""x"",""y"",""z"",""intensity"",""tag"",""line"",""timestamp""]",117,1787057465.3864129,1787057465.4891558,0.09856152534484863,20064,20064,0,-43.590999603271484,66.51300048828125,-6.4079999923706055,3.3589999675750732,-3.6610000133514404,3.440999984741211,0.0,2.3012164098488057,8.210610138887892,66.54803362608368,timestamp,nanoseconds_absolute,1.7870574653864128e+18,1.7870574654868298e+18,0.10041702400000001,false,true,false,false,true,true,true,false,false,true,true,false,false
W_TEST_01,LONG_CORRIDOR,WEAK_CANDIDATE,QUERY,/home/lj/ZPRM/bag/mid360_20260818_205021_part2_15s.bag,2c9893beb56146996eccbe846dc0ee5a4a3ca9aba5b3bb71f7067c598b27c581,sensor_msgs/PointCloud2,"[""livox_frame""]","[""x"",""y"",""z"",""intensity"",""tag"",""line"",""timestamp""]",118,1787057465.4874036,1787057465.5885513,0.10099077224731445,19968,19968,0,-43.4630012512207,65.08399963378906,-6.307000160217285,3.0299999713897705,-2.5339999198913574,3.437000036239624,0.0,2.3333060387480655,8.143842173426995,65.11179054649274,timestamp,nanoseconds_absolute,1.7870574654874035e+18,1.787057465586842e+18,0.099438592,false,true,false,false,true,true,true,false,false,true,true,false,false
W_TEST_01,LONG_CORRIDOR,WEAK_CANDIDATE,QUERY,/home/lj/ZPRM/bag/mid360_20260818_205021_part2_15s.bag,2c9893beb56146996eccbe846dc0ee5a4a3ca9aba5b3bb71f7067c598b27c581,sensor_msgs/PointCloud2,"[""livox_frame""]","[""x"",""y"",""z"",""intensity"",""tag"",""line"",""timestamp""]",119,1787057465.5876222,1787057465.6875453,0.10021853446960449,19968,19968,0,-43.5629997253418,66.48500061035156,-6.354000091552734,3.371999979019165,-3.5929999351501465,3.446000099182129,0.0,2.3405511057775783,8.283735405121583,66.58084291834416,timestamp,nanoseconds_absolute,1.7870574655876221e+18,1.7870574656867136e+18,0.09909145600000001,false,true,false,false,true,true,true,false,false,true,true,false,false
W_TEST_01,LONG_CORRIDOR,WEAK_CANDIDATE,QUERY,/home/lj/ZPRM/bag/mid360_20260818_205021_part2_15s.bag,2c9893beb56146996eccbe846dc0ee5a4a3ca9aba5b3bb71f7067c598b27c581,sensor_msgs/PointCloud2,"[""livox_frame""]","[""x"",""y"",""z"",""intensity"",""tag"",""line"",""timestamp""]",120,1787057465.6864617,1787057465.7879984,0.09883952140808105,20064,20064,0,-43.54499816894531,66.52899932861328,-6.059999942779541,3.375,-3.2119998931884766,3.441999912261963,0.0,2.3071504157410336,8.186421023773317,66.55884716934594,timestamp,nanoseconds_absolute,1.7870574656864617e+18,1.7870574657868483e+18,0.10038656,false,true,false,false,true,true,true,false,false,true,true,false,false
W_TEST_01,LONG_CORRIDOR,WEAK_CANDIDATE,QUERY,/home/lj/ZPRM/bag/mid360_20260818_205021_part2_15s.bag,2c9893beb56146996eccbe846dc0ee5a4a3ca9aba5b3bb71f7067c598b27c581,sensor_msgs/PointCloud2,"[""livox_frame""]","[""x"",""y"",""z"",""intensity"",""tag"",""line"",""timestamp""]",121,1787057465.7866626,1787057465.8899474,0.10020089149475098,19968,19968,0,-43.611000061035156,66.50399780273438,-5.857999801635742,3.3910000324249268,-3.6530001163482666,3.444999933242798,0.0,2.3156489643000975,8.157553005492524,66.53665841075572,timestamp,nanoseconds_absolute,1.7870574657866627e+18,1.7870574658868838e+18,0.100221184,false,true,false,false,true,true,true,false,false,true,true,false,false
W_TEST_01,LONG_CORRIDOR,WEAK_CANDIDATE,QUERY,/home/lj/ZPRM/bag/mid360_20260818_205021_part2_15s.bag,2c9893beb56146996eccbe846dc0ee5a4a3ca9aba5b3bb71f7067c598b27c581,sensor_msgs/PointCloud2,"[""livox_frame""]","[""x"",""y"",""z"",""intensity"",""tag"",""line"",""timestamp""]",122,1787057465.8866265,1787057465.9877818,0.09996390342712402,19968,19968,0,-43.5,66.53700256347656,-6.080999851226807,3.3610000610351562,-2.6510000228881836,3.443000078201294,0.0,2.341823103248152,8.306329660259502,66.55899946860971,timestamp,nanoseconds_absolute,1.7870574658866266e+18,1.7870574659868424e+18,0.100215808,false,true,false,false,true,true,true,false,false,true,true,false,false
W_TEST_01,LONG_CORRIDOR,WEAK_CANDIDATE,QUERY,/home/lj/ZPRM/bag/mid360_20260818_205021_part2_15s.bag,2c9893beb56146996eccbe846dc0ee5a4a3ca9aba5b3bb71f7067c598b27c581,sensor_msgs/PointCloud2,"[""livox_frame""]","[""x"",""y"",""z"",""intensity"",""tag"",""line"",""timestamp""]",123,1787057465.9886136,1787057466.0878081,0.10198712348937988,19968,19968,0,-41.189998626708984,65.08499908447266,-6.479000091552734,3.375999927520752,-3.309999942779541,3.443000078201294,0.0,2.339783989131983,8.29389953547963,65.1022529667953,timestamp,nanoseconds_absolute,1.7870574659886136e+18,1.7870574660868224e+18,0.098208768,false,true,false,false,true,true,true,false,false,true,true,false,false
W_TEST_01,LONG_CORRIDOR,WEAK_CANDIDATE,QUERY,/home/lj/ZPRM/bag/mid360_20260818_205021_part2_15s.bag,2c9893beb56146996eccbe846dc0ee5a4a3ca9aba5b3bb71f7067c598b27c581,sensor_msgs/PointCloud2,"[""livox_frame""]","[""x"",""y"",""z"",""intensity"",""tag"",""line"",""timestamp""]",124,1787057466.0921798,1787057466.1879816,0.10356616973876953,20064,20064,0,-43.582000732421875,66.48100280761719,-5.480999946594238,3.3489999771118164,-3.553999900817871,3.440000057220459,0.0,2.322993656173875,8.329827256439566,66.58181339213087,timestamp,nanoseconds_absolute,1.7870574660921797e+18,1.7870574661869414e+18,0.094761728,false,true,false,false,true,true,true,false,false,true,true,false,false
W_TEST_01,LONG_CORRIDOR,WEAK_CANDIDATE,QUERY,/home/lj/ZPRM/bag/mid360_20260818_205021_part2_15s.bag,2c9893beb56146996eccbe846dc0ee5a4a3ca9aba5b3bb71f7067c598b27c581,sensor_msgs/PointCloud2,"[""livox_frame""]","[""x"",""y"",""z"",""intensity"",""tag"",""line"",""timestamp""]",125,1787057466.1866832,1787057466.2889314,0.09450340270996094,19968,19968,0,-43.558998107910156,65.08999633789062,-8.052000045776367,3.234999895095825,-2.6989998817443848,3.437999963760376,0.0,2.329569495025628,8.14169327756253,65.09100577855307,timestamp,nanoseconds_absolute,1.7870574661866831e+18,1.787057466286931e+18,0.10024780800000001,false,true,false,false,true,true,true,false,false,true,true,false,false
W_TEST_01,LONG_CORRIDOR,WEAK_CANDIDATE,QUERY,/home/lj/ZPRM/bag/mid360_20260818_205021_part2_15s.bag,2c9893beb56146996eccbe846dc0ee5a4a3ca9aba5b3bb71f7067c598b27c581,sensor_msgs/PointCloud2,"[""livox_frame""]","[""x"",""y"",""z"",""intensity"",""tag"",""line"",""timestamp""]",126,1787057466.286665,1787057466.387719,0.09998178482055664,19968,19968,0,-43.465999603271484,65.06900024414062,-6.34499979019165,3.377000093460083,-2.9549999237060547,3.441999912261963,0.0,2.3382372642303073,8.395405356127513,65.10192129745575,timestamp,nanoseconds_absolute,1.787057466286665e+18,1.7870574663868534e+18,0.100188416,false,true,false,false,true,true,true,false,false,true,true,false,false
W_TEST_01,LONG_CORRIDOR,WEAK_CANDIDATE,QUERY,/home/lj/ZPRM/bag/mid360_20260818_205021_part2_15s.bag,2c9893beb56146996eccbe846dc0ee5a4a3ca9aba5b3bb71f7067c598b27c581,sensor_msgs/PointCloud2,"[""livox_frame""]","[""x"",""y"",""z"",""intensity"",""tag"",""line"",""timestamp""]",127,1787057466.3866065,1787057466.4910069,0.09994149208068848,20064,20064,0,-43.430999755859375,66.42900085449219,-7.364999771118164,3.365999937057495,-3.815000057220459,3.444000005722046,0.0,2.3266409123555007,8.279177897834309,66.55253970246233,timestamp,nanoseconds_absolute,1.7870574663866063e+18,1.7870574664870602e+18,0.100453888,false,true,false,false,true,true,true,false,false,true,true,false,false
W_TEST_01,LONG_CORRIDOR,WEAK_CANDIDATE,QUERY,/home/lj/ZPRM/bag/mid360_20260818_205021_part2_15s.bag,2c9893beb56146996eccbe846dc0ee5a4a3ca9aba5b3bb71f7067c598b27c581,sensor_msgs/PointCloud2,"[""livox_frame""]","[""x"",""y"",""z"",""intensity"",""tag"",""line"",""timestamp""]",128,1787057466.4867673,1787057466.588185,0.10016083717346191,19968,19968,0,-43.53300094604492,65.08300018310547,-6.035999774932861,3.4149999618530273,-2.7249999046325684,3.437999963760376,0.0,2.328454735259349,8.12573003648585,65.09432780781611,timestamp,nanoseconds_absolute,1.7870574664867674e+18,1.787057466586941e+18,0.100173568,false,true,false,false,true,true,true,false,false,true,true,false,false
W_TEST_01,LONG_CORRIDOR,WEAK_CANDIDATE,QUERY,/home/lj/ZPRM/bag/mid360_20260818_205021_part2_15s.bag,2c9893beb56146996eccbe846dc0ee5a4a3ca9aba5b3bb71f7067c598b27c581,sensor_msgs/PointCloud2,"[""livox_frame""]","[""x"",""y"",""z"",""intensity"",""tag"",""line"",""timestamp""]",129,1787057466.586809,1787057466.689323,0.10004162788391113,19968,19968,0,-43.599998474121094,66.45099639892578,-6.420000076293945,3.371000051498413,-3.8289999961853027,3.447000026702881,0.0,2.3347082378429835,8.255839994787934,66.56122191922884,timestamp,nanoseconds_absolute,1.7870574665868088e+18,1.7870574666869727e+18,0.10016384,false,true,false,false,true,true,true,false,false,true,true,false,false
W_TEST_01,LONG_CORRIDOR,WEAK_CANDIDATE,QUERY,/home/lj/ZPRM/bag/mid360_20260818_205021_part2_15s.bag,2c9893beb56146996eccbe846dc0ee5a4a3ca9aba5b3bb71f7067c598b27c581,sensor_msgs/PointCloud2,"[""livox_frame""]","[""x"",""y"",""z"",""intensity"",""tag"",""line"",""timestamp""]",130,1787057466.686717,1787057466.788335,0.09990811347961426,19968,19968,0,-43.44300079345703,66.51699829101562,-6.333000183105469,4.735000133514404,-2.875,3.443000078201294,0.0,2.3238810055785786,8.248704508702378,66.55813382039616,timestamp,nanoseconds_absolute,1.787057466686717e+18,1.7870574667869645e+18,0.100247552,false,true,false,false,true,true,true,false,false,true,true,false,false
W_TEST_01,LONG_CORRIDOR,WEAK_CANDIDATE,QUERY,/home/lj/ZPRM/bag/mid360_20260818_205021_part2_15s.bag,2c9893beb56146996eccbe846dc0ee5a4a3ca9aba5b3bb71f7067c598b27c581,sensor_msgs/PointCloud2,"[""livox_frame""]","[""x"",""y"",""z"",""intensity"",""tag"",""line"",""timestamp""]",131,1787057466.7867086,1787057466.8883555,0.0999915599822998,20064,20064,0,-43.53300094604492,66.48600006103516,-5.583000183105469,3.118000030517578,-3.694999933242798,3.440000057220459,0.0,2.3293723596565146,8.224493352765112,66.59267525490894,timestamp,nanoseconds_absolute,1.7870574667867085e+18,1.7870574668870884e+18,0.100379904,false,true,false,false,true,true,true,false,false,true,true,false,false
W_TEST_01,LONG_CORRIDOR,WEAK_CANDIDATE,QUERY,/home/lj/ZPRM/bag/mid360_20260818_205021_part2_15s.bag,2c9893beb56146996eccbe846dc0ee5a4a3ca9aba5b3bb71f7067c598b27c581,sensor_msgs/PointCloud2,"[""livox_frame""]","[""x"",""y"",""z"",""intensity"",""tag"",""line"",""timestamp""]",132,1787057466.88693,1787057466.9888008,0.10022139549255371,19968,19968,0,-43.5880012512207,66.50700378417969,-8.027999877929688,4.677999973297119,-2.6600000858306885,3.433000087738037,0.0,2.323180042362153,8.14859119128149,66.54437028835483,timestamp,nanoseconds_absolute,1.78705746688693e+18,1.7870574669870525e+18,0.10012262400000001,false,true,false,false,true,true,true,false,false,true,true,false,false
W_TEST_01,LONG_CORRIDOR,WEAK_CANDIDATE,QUERY,/home/lj/ZPRM/bag/mid360_20260818_205021_part2_15s.bag,2c9893beb56146996eccbe846dc0ee5a4a3ca9aba5b3bb71f7067c598b27c581,sensor_msgs/PointCloud2,"[""livox_frame""]","[""x"",""y"",""z"",""intensity"",""tag"",""line"",""timestamp""]",133,1787057466.9890478,1787057467.0892017,0.10211777687072754,20064,20064,0,-41.255001068115234,66.50599670410156,-6.5279998779296875,3.3970000743865967,-2.989000082015991,3.443000078201294,0.0,2.3215959970394606,8.294912010403959,66.58083239539972,timestamp,nanoseconds_absolute,1.7870574669890478e+18,1.787057467087212e+18,0.09816422400000001,false,true,false,false,true,true,true,false,false,true,true,false,false
W_TEST_01,LONG_CORRIDOR,WEAK_CANDIDATE,QUERY,/home/lj/ZPRM/bag/mid360_20260818_205021_part2_15s.bag,2c9893beb56146996eccbe846dc0ee5a4a3ca9aba5b3bb71f7067c598b27c581,sensor_msgs/PointCloud2,"[""livox_frame""]","[""x"",""y"",""z"",""intensity"",""tag"",""line"",""timestamp""]",134,1787057467.087859,1787057467.189338,0.09881114959716797,19968,19968,0,-43.516998291015625,65.05899810791016,-5.551000118255615,3.565999984741211,-2.749000072479248,3.446000099182129,0.0,2.314438795615912,8.367181956670947,65.08451824900646,timestamp,nanoseconds_absolute,1.787057467087859e+18,1.787057467187179e+18,0.099320064,false,true,false,false,true,true,true,false,false,true,true,false,false
W_TEST_01,LONG_CORRIDOR,WEAK_CANDIDATE,QUERY,/home/lj/ZPRM/bag/mid360_20260818_205021_part2_15s.bag,2c9893beb56146996eccbe846dc0ee5a4a3ca9aba5b3bb71f7067c598b27c581,sensor_msgs/PointCloud2,"[""livox_frame""]","[""x"",""y"",""z"",""intensity"",""tag"",""line"",""timestamp""]",135,1787057467.1893044,1787057467.2881086,0.10144543647766113,19968,19968,0,-43.49100112915039,65.09700012207031,-6.11299991607666,3.3389999866485596,-2.5450000762939453,3.441999912261963,0.0,2.3154106471582505,8.107410999263598,65.10557915348448,timestamp,nanoseconds_absolute,1.7870574671893043e+18,1.7870574672871232e+18,0.09781888000000001,false,true,false,false,true,true,true,false,false,true,true,false,false
W_TEST_01,LONG_CORRIDOR,WEAK_CANDIDATE,QUERY,/home/lj/ZPRM/bag/mid360_20260818_205021_part2_15s.bag,2c9893beb56146996eccbe846dc0ee5a4a3ca9aba5b3bb71f7067c598b27c581,sensor_msgs/PointCloud2,"[""livox_frame""]","[""x"",""y"",""z"",""intensity"",""tag"",""line"",""timestamp""]",136,1787057467.2868748,1787057467.3892655,0.09757041931152344,20064,20064,0,-43.62099838256836,66.4219970703125,-6.326000213623047,3.240000009536743,-3.5899999141693115,3.436000108718872,0.0,2.3274573996681194,8.28670863981921,66.52319368576354,timestamp,nanoseconds_absolute,1.787057467286875e+18,1.7870574673875907e+18,0.100715776,false,true,false,false,true,true,true,false,false,true,true,false,false
W_TEST_01,LONG_CORRIDOR,WEAK_CANDIDATE,QUERY,/home/lj/ZPRM/bag/mid360_20260818_205021_part2_15s.bag,2c9893beb56146996eccbe846dc0ee5a4a3ca9aba5b3bb71f7067c598b27c581,sensor_msgs/PointCloud2,"[""livox_frame""]","[""x"",""y"",""z"",""intensity"",""tag"",""line"",""timestamp""]",137,1787057467.387218,1787057467.4888852,0.10034322738647461,19968,19968,0,-43.319000244140625,65.06600189208984,-6.236000061035156,3.5940001010894775,-2.9660000801086426,3.443000078201294,0.0,2.3049312204304995,8.233041532496376,65.14534535169348,timestamp,nanoseconds_absolute,1.787057467387218e+18,1.7870574674870477e+18,0.09982976,false,true,false,false,true,true,true,false,false,true,true,false,false
W_TEST_01,LONG_CORRIDOR,WEAK_CANDIDATE,QUERY,/home/lj/ZPRM/bag/mid360_20260818_205021_part2_15s.bag,2c9893beb56146996eccbe846dc0ee5a4a3ca9aba5b3bb71f7067c598b27c581,sensor_msgs/PointCloud2,"[""livox_frame""]","[""x"",""y"",""z"",""intensity"",""tag"",""line"",""timestamp""]",138,1787057467.4869003,1787057467.5883324,0.09968233108520508,19968,19968,0,-43.560001373291016,64.36799621582031,-5.22599983215332,3.367000102996826,-2.7269999980926514,3.440000057220459,0.0,2.3131211677470844,8.195695301596531,64.38093591807409,timestamp,nanoseconds_absolute,1.7870574674869002e+18,1.7870574675872543e+18,0.100354048,false,true,false,false,true,true,true,false,false,true,true,false,false
W_TEST_01,LONG_CORRIDOR,WEAK_CANDIDATE,QUERY,/home/lj/ZPRM/bag/mid360_20260818_205021_part2_15s.bag,2c9893beb56146996eccbe846dc0ee5a4a3ca9aba5b3bb71f7067c598b27c581,sensor_msgs/PointCloud2,"[""livox_frame""]","[""x"",""y"",""z"",""intensity"",""tag"",""line"",""timestamp""]",139,1787057467.5870302,1787057467.689002,0.10012984275817871,19968,19968,0,-43.542999267578125,66.46800231933594,-7.664999961853027,3.4230000972747803,-3.128999948501587,3.440999984741211,0.0,2.316649987091,8.199771722643415,66.49434343032317,timestamp,nanoseconds_absolute,1.7870574675870303e+18,1.787057467687482e+18,0.10045184,false,true,false,false,true,true,true,false,false,true,true,false,false
W_TEST_01,LONG_CORRIDOR,WEAK_CANDIDATE,QUERY,/home/lj/ZPRM/bag/mid360_20260818_205021_part2_15s.bag,2c9893beb56146996eccbe846dc0ee5a4a3ca9aba5b3bb71f7067c598b27c581,sensor_msgs/PointCloud2,"[""livox_frame""]","[""x"",""y"",""z"",""intensity"",""tag"",""line"",""timestamp""]",140,1787057467.6871848,1787057467.7903955,0.10015463829040527,20064,20064,0,-43.428001403808594,66.54299926757812,-6.3429999351501465,3.4210000038146973,-3.742000102996826,3.4790000915527344,0.0,2.324807609341715,8.242039533895287,66.57417157166783,timestamp,nanoseconds_absolute,1.787057467687185e+18,1.7870574677873533e+18,0.10016844800000001,false,true,false,false,true,true,true,false,false,true,true,false,false
W_TEST_01,LONG_CORRIDOR,WEAK_CANDIDATE,QUERY,/home/lj/ZPRM/bag/mid360_20260818_205021_part2_15s.bag,2c9893beb56146996eccbe846dc0ee5a4a3ca9aba5b3bb71f7067c598b27c581,sensor_msgs/PointCloud2,"[""livox_frame""]","[""x"",""y"",""z"",""intensity"",""tag"",""line"",""timestamp""]",141,1787057467.787085,1787057467.890109,0.0999002456665039,19968,19968,0,-43.611000061035156,65.0739974975586,-5.50600004196167,3.609999895095825,-2.578000068664551,3.440999984741211,0.0,2.3029012872190338,8.309466040479467,65.07978500524638,timestamp,nanoseconds_absolute,1.787057467787085e+18,1.7870574678872788e+18,0.100193792,false,true,false,false,true,true,true,false,false,true,true,false,false
W_TEST_01,LONG_CORRIDOR,WEAK_CANDIDATE,QUERY,/home/lj/ZPRM/bag/mid360_20260818_205021_part2_15s.bag,2c9893beb56146996eccbe846dc0ee5a4a3ca9aba5b3bb71f7067c598b27c581,sensor_msgs/PointCloud2,"[""livox_frame""]","[""x"",""y"",""z"",""intensity"",""tag"",""line"",""timestamp""]",142,1787057467.8870256,1787057467.9894762,0.09994053840637207,20064,20064,0,-43.47999954223633,65.11799621582031,-6.177999973297119,3.367000102996826,-2.7300000190734863,3.436000108718872,0.0,2.318338703343113,8.06401265246493,65.1442302225798,timestamp,nanoseconds_absolute,1.7870574678870257e+18,1.787057467987636e+18,0.10061030400000001,false,true,false,false,true,true,true,false,false,true,true,false,false
W_TEST_01,LONG_CORRIDOR,WEAK_CANDIDATE,QUERY,/home/lj/ZPRM/bag/mid360_20260818_205021_part2_15s.bag,2c9893beb56146996eccbe846dc0ee5a4a3ca9aba5b3bb71f7067c598b27c581,sensor_msgs/PointCloud2,"[""livox_frame""]","[""x"",""y"",""z"",""intensity"",""tag"",""line"",""timestamp""]",143,1787057467.9871876,1787057468.0896628,0.10016202926635742,19968,19968,0,-43.48500061035156,66.50399780273438,-7.323999881744385,3.1480000019073486,-2.6559998989105225,3.443000078201294,0.0,2.325868014328484,8.423856811883747,66.53309743034283,timestamp,nanoseconds_absolute,1.7870574679871877e+18,1.7870574680876892e+18,0.100501504,false,true,false,false,true,true,true,false,false,true,true,false,false
W_TEST_01,LONG_CORRIDOR,WEAK_CANDIDATE,QUERY,/home/lj/ZPRM/bag/mid360_20260818_205021_part2_15s.bag,2c9893beb56146996eccbe846dc0ee5a4a3ca9aba5b3bb71f7067c598b27c581,sensor_msgs/PointCloud2,"[""livox_frame""]","[""x"",""y"",""z"",""intensity"",""tag"",""line"",""timestamp""]",144,1787057468.0873861,1787057468.1887498,0.10019850730895996,19968,19968,0,-43.321998596191406,66.45899963378906,-5.973999977111816,3.38100004196167,-2.734999895095825,3.444000005722046,0.0,2.316391368587638,8.236618599726395,66.49189412251303,timestamp,nanoseconds_absolute,1.787057468087386e+18,1.787057468187398e+18,0.10001177600000001,false,true,false,false,true,true,true,false,false,true,true,false,false
W_TEST_01,LONG_CORRIDOR,WEAK_CANDIDATE,QUERY,/home/lj/ZPRM/bag/mid360_20260818_205021_part2_15s.bag,2c9893beb56146996eccbe846dc0ee5a4a3ca9aba5b3bb71f7067c598b27c581,sensor_msgs/PointCloud2,"[""livox_frame""]","[""x"",""y"",""z"",""intensity"",""tag"",""line"",""timestamp""]",145,1787057468.1870348,1787057468.2899723,0.09964871406555176,20064,20064,0,-43.47800064086914,66.46099853515625,-5.849999904632568,3.365000009536743,-3.5940001010894775,3.440999984741211,0.0,2.304342470927994,8.171067042383367,66.5744233091748,timestamp,nanoseconds_absolute,1.787057468187035e+18,1.7870574682875543e+18,0.10051942400000001,false,true,false,false,true,true,true,false,false,true,true,false,false
W_TEST_01,LONG_CORRIDOR,WEAK_CANDIDATE,QUERY,/home/lj/ZPRM/bag/mid360_20260818_205021_part2_15s.bag,2c9893beb56146996eccbe846dc0ee5a4a3ca9aba5b3bb71f7067c598b27c581,sensor_msgs/PointCloud2,"[""livox_frame""]","[""x"",""y"",""z"",""intensity"",""tag"",""line"",""timestamp""]",146,1787057468.2871604,1787057468.389042,0.10012555122375488,19968,19968,0,-43.470001220703125,65.12000274658203,-7.900000095367432,3.367000102996826,-2.6440000534057617,3.437000036239624,0.0,2.316927672985524,8.247516942868325,65.17887509915123,timestamp,nanoseconds_absolute,1.7870574682871603e+18,1.7870574683874806e+18,0.10032025600000001,false,true,false,false,true,true,true,false,false,true,true,false,false
