trial_id,backend,finite_result,scientific_status,solver_status,infrastructure_status,solver_success,solver_converged,has_converged,has_converged_raw,iteration_count,frozen_result_path
FMB1-ZP11R1-FMB1-R01-S01-Q01-O3D,OPEN3D_POINT_TO_PLANE,True,COMPLETED,completed_finite_correspondences,OK,MISSING_FIELD,MISSING_FIELD,MISSING_FIELD,MISSING_FIELD,MISSING_FIELD,results/mid360_formal_batch1/zero_perturbation_v1_1_execution_v1/raw_runtime_snapshot/trial_results/FMB1-ZP11R1-FMB1-R01-S01-Q01-O3D/attempt-0001.json
FMB1-ZP11R1-FMB1-R01-S01-Q01-PCL,PCL_POINT_TO_PLANE,True,COMPLETED,completed_finite_correspondences,OK,MISSING_FIELD,MISSING_FIELD,MISSING_FIELD,MISSING_FIELD,MISSING_FIELD,results/mid360_formal_batch1/zero_perturbation_v1_1_execution_v1/raw_runtime_snapshot/trial_results/FMB1-ZP11R1-FMB1-R01-S01-Q01-PCL/attempt-0001.json
FMB1-ZP11R1-FMB1-R01-S01-Q02-O3D,OPEN3D_POINT_TO_PLANE,True,COMPLETED,completed_finite_correspondences,OK,MISSING_FIELD,MISSING_FIELD,MISSING_FIELD,MISSING_FIELD,MISSING_FIELD,results/mid360_formal_batch1/zero_perturbation_v1_1_execution_v1/raw_runtime_snapshot/trial_results/FMB1-ZP11R1-FMB1-R01-S01-Q02-O3D/attempt-0001.json
FMB1-ZP11R1-FMB1-R01-S01-Q02-PCL,PCL_POINT_TO_PLANE,True,COMPLETED,completed_finite_correspondences,OK,MISSING_FIELD,MISSING_FIELD,MISSING_FIELD,MISSING_FIELD,MISSING_FIELD,results/mid360_formal_batch1/zero_perturbation_v1_1_execution_v1/raw_runtime_snapshot/trial_results/FMB1-ZP11R1-FMB1-R01-S01-Q02-PCL/attempt-0001.json
FMB1-ZP11R1-FMB1-R01-S01-Q03-O3D,OPEN3D_POINT_TO_PLANE,True,COMPLETED,completed_finite_correspondences,OK,MISSING_FIELD,MISSING_FIELD,MISSING_FIELD,MISSING_FIELD,MISSING_FIELD,results/mid360_formal_batch1/zero_perturbation_v1_1_execution_v1/raw_runtime_snapshot/trial_results/FMB1-ZP11R1-FMB1-R01-S01-Q03-O3D/attempt-0001.json
FMB1-ZP11R1-FMB1-R01-S01-Q03-PCL,PCL_POINT_TO_PLANE,True,COMPLETED,completed_finite_correspondences,OK,MISSING_FIELD,MISSING_FIELD,MISSING_FIELD,MISSING_FIELD,MISSING_FIELD,results/mid360_formal_batch1/zero_perturbation_v1_1_execution_v1/raw_runtime_snapshot/trial_results/FMB1-ZP11R1-FMB1-R01-S01-Q03-PCL/attempt-0001.json
FMB1-ZP11R1-FMB1-R01-S01-Q04-O3D,OPEN3D_POINT_TO_PLANE,True,COMPLETED,completed_finite_correspondences,OK,MISSING_FIELD,MISSING_FIELD,MISSING_FIELD,MISSING_FIELD,MISSING_FIELD,results/mid360_formal_batch1/zero_perturbation_v1_1_execution_v1/raw_runtime_snapshot/trial_results/FMB1-ZP11R1-FMB1-R01-S01-Q04-O3D/attempt-0001.json
FMB1-ZP11R1-FMB1-R01-S01-Q04-PCL,PCL_POINT_TO_PLANE,True,COMPLETED,completed_finite_correspondences,OK,MISSING_FIELD,MISSING_FIELD,MISSING_FIELD,MISSING_FIELD,MISSING_FIELD,results/mid360_formal_batch1/zero_perturbation_v1_1_execution_v1/raw_runtime_snapshot/trial_results/FMB1-ZP11R1-FMB1-R01-S01-Q04-PCL/attempt-0001.json
FMB1-ZP11R1-FMB1-R01-S01-Q05-O3D,OPEN3D_POINT_TO_PLANE,True,COMPLETED,completed_finite_correspondences,OK,MISSING_FIELD,MISSING_FIELD,MISSING_FIELD,MISSING_FIELD,MISSING_FIELD,results/mid360_formal_batch1/zero_perturbation_v1_1_execution_v1/raw_runtime_snapshot/trial_results/FMB1-ZP11R1-FMB1-R01-S01-Q05-O3D/attempt-0001.json
FMB1-ZP11R1-FMB1-R01-S01-Q05-PCL,PCL_POINT_TO_PLANE,True,COMPLETED,completed_finite_correspondences,OK,MISSING_FIELD,MISSING_FIELD,MISSING_FIELD,MISSING_FIELD,MISSING_FIELD,results/mid360_formal_batch1/zero_perturbation_v1_1_execution_v1/raw_runtime_snapshot/trial_results/FMB1-ZP11R1-FMB1-R01-S01-Q05-PCL/attempt-0001.json
FMB1-ZP11R1-FMB1-R01-S01-Q06-O3D,OPEN3D_POINT_TO_PLANE,True,COMPLETED,completed_finite_correspondences,OK,MISSING_FIELD,MISSING_FIELD,MISSING_FIELD,MISSING_FIELD,MISSING_FIELD,results/mid360_formal_batch1/zero_perturbation_v1_1_execution_v1/raw_runtime_snapshot/trial_results/FMB1-ZP11R1-FMB1-R01-S01-Q06-O3D/attempt-0001.json
FMB1-ZP11R1-FMB1-R01-S01-Q06-PCL,PCL_POINT_TO_PLANE,True,COMPLETED,completed_finite_correspondences,OK,MISSING_FIELD,MISSING_FIELD,MISSING_FIELD,MISSING_FIELD,MISSING_FIELD,results/mid360_formal_batch1/zero_perturbation_v1_1_execution_v1/raw_runtime_snapshot/trial_results/FMB1-ZP11R1-FMB1-R01-S01-Q06-PCL/attempt-0001.json
FMB1-ZP11R1-FMB1-R01-S01-Q07-O3D,OPEN3D_POINT_TO_PLANE,True,COMPLETED,completed_finite_correspondences,OK,MISSING_FIELD,MISSING_FIELD,MISSING_FIELD,MISSING_FIELD,MISSING_FIELD,results/mid360_formal_batch1/zero_perturbation_v1_1_execution_v1/raw_runtime_snapshot/trial_results/FMB1-ZP11R1-FMB1-R01-S01-Q07-O3D/attempt-0001.json
FMB1-ZP11R1-FMB1-R01-S01-Q07-PCL,PCL_POINT_TO_PLANE,True,COMPLETED,completed_finite_correspondences,OK,MISSING_FIELD,MISSING_FIELD,MISSING_FIELD,MISSING_FIELD,MISSING_FIELD,results/mid360_formal_batch1/zero_perturbation_v1_1_execution_v1/raw_runtime_snapshot/trial_results/FMB1-ZP11R1-FMB1-R01-S01-Q07-PCL/attempt-0001.json
FMB1-ZP11R1-FMB1-R01-S01-Q08-O3D,OPEN3D_POINT_TO_PLANE,True,COMPLETED,completed_finite_correspondences,OK,MISSING_FIELD,MISSING_FIELD,MISSING_FIELD,MISSING_FIELD,MISSING_FIELD,results/mid360_formal_batch1/zero_perturbation_v1_1_execution_v1/raw_runtime_snapshot/trial_results/FMB1-ZP11R1-FMB1-R01-S01-Q08-O3D/attempt-0001.json
FMB1-ZP11R1-FMB1-R01-S01-Q08-PCL,PCL_POINT_TO_PLANE,True,COMPLETED,completed_finite_correspondences,OK,MISSING_FIELD,MISSING_FIELD,MISSING_FIELD,MISSING_FIELD,MISSING_FIELD,results/mid360_formal_batch1/zero_perturbation_v1_1_execution_v1/raw_runtime_snapshot/trial_results/FMB1-ZP11R1-FMB1-R01-S01-Q08-PCL/attempt-0001.json
FMB1-ZP11R1-FMB1-R01-S01-Q09-O3D,OPEN3D_POINT_TO_PLANE,True,COMPLETED,completed_finite_correspondences,OK,MISSING_FIELD,MISSING_FIELD,MISSING_FIELD,MISSING_FIELD,MISSING_FIELD,results/mid360_formal_batch1/zero_perturbation_v1_1_execution_v1/raw_runtime_snapshot/trial_results/FMB1-ZP11R1-FMB1-R01-S01-Q09-O3D/attempt-0001.json
FMB1-ZP11R1-FMB1-R01-S01-Q09-PCL,PCL_POINT_TO_PLANE,True,COMPLETED,completed_finite_correspondences,OK,MISSING_FIELD,MISSING_FIELD,MISSING_FIELD,MISSING_FIELD,MISSING_FIELD,results/mid360_formal_batch1/zero_perturbation_v1_1_execution_v1/raw_runtime_snapshot/trial_results/FMB1-ZP11R1-FMB1-R01-S01-Q09-PCL/attempt-0001.json
FMB1-ZP11R1-FMB1-R01-S01-Q10-O3D,OPEN3D_POINT_TO_PLANE,True,COMPLETED,completed_finite_correspondences,OK,MISSING_FIELD,MISSING_FIELD,MISSING_FIELD,MISSING_FIELD,MISSING_FIELD,results/mid360_formal_batch1/zero_perturbation_v1_1_execution_v1/raw_runtime_snapshot/trial_results/FMB1-ZP11R1-FMB1-R01-S01-Q10-O3D/attempt-0001.json
FMB1-ZP11R1-FMB1-R01-S01-Q10-PCL,PCL_POINT_TO_PLANE,True,COMPLETED,completed_finite_correspondences,OK,MISSING_FIELD,MISSING_FIELD,MISSING_FIELD,MISSING_FIELD,MISSING_FIELD,results/mid360_formal_batch1/zero_perturbation_v1_1_execution_v1/raw_runtime_snapshot/trial_results/FMB1-ZP11R1-FMB1-R01-S01-Q10-PCL/attempt-0001.json
FMB1-ZP11R1-FMB1-R01-S02-Q01-O3D,OPEN3D_POINT_TO_PLANE,True,COMPLETED,completed_finite_correspondences,OK,MISSING_FIELD,MISSING_FIELD,MISSING_FIELD,MISSING_FIELD,MISSING_FIELD,results/mid360_formal_batch1/zero_perturbation_v1_1_execution_v1/raw_runtime_snapshot/trial_results/FMB1-ZP11R1-FMB1-R01-S02-Q01-O3D/attempt-0001.json
FMB1-ZP11R1-FMB1-R01-S02-Q01-PCL,PCL_POINT_TO_PLANE,True,COMPLETED,completed_finite_correspondences,OK,MISSING_FIELD,MISSING_FIELD,MISSING_FIELD,MISSING_FIELD,MISSING_FIELD,results/mid360_formal_batch1/zero_perturbation_v1_1_execution_v1/raw_runtime_snapshot/trial_results/FMB1-ZP11R1-FMB1-R01-S02-Q01-PCL/attempt-0001.json
FMB1-ZP11R1-FMB1-R01-S02-Q02-O3D,OPEN3D_POINT_TO_PLANE,True,COMPLETED,completed_finite_correspondences,OK,MISSING_FIELD,MISSING_FIELD,MISSING_FIELD,MISSING_FIELD,MISSING_FIELD,results/mid360_formal_batch1/zero_perturbation_v1_1_execution_v1/raw_runtime_snapshot/trial_results/FMB1-ZP11R1-FMB1-R01-S02-Q02-O3D/attempt-0001.json
FMB1-ZP11R1-FMB1-R01-S02-Q02-PCL,PCL_POINT_TO_PLANE,True,COMPLETED,completed_finite_correspondences,OK,MISSING_FIELD,MISSING_FIELD,MISSING_FIELD,MISSING_FIELD,MISSING_FIELD,results/mid360_formal_batch1/zero_perturbation_v1_1_execution_v1/raw_runtime_snapshot/trial_results/FMB1-ZP11R1-FMB1-R01-S02-Q02-PCL/attempt-0001.json
FMB1-ZP11R1-FMB1-R01-S02-Q03-O3D,OPEN3D_POINT_TO_PLANE,True,COMPLETED,completed_finite_correspondences,OK,MISSING_FIELD,MISSING_FIELD,MISSING_FIELD,MISSING_FIELD,MISSING_FIELD,results/mid360_formal_batch1/zero_perturbation_v1_1_execution_v1/raw_runtime_snapshot/trial_results/FMB1-ZP11R1-FMB1-R01-S02-Q03-O3D/attempt-0001.json
FMB1-ZP11R1-FMB1-R01-S02-Q03-PCL,PCL_POINT_TO_PLANE,True,COMPLETED,completed_finite_correspondences,OK,MISSING_FIELD,MISSING_FIELD,MISSING_FIELD,MISSING_FIELD,MISSING_FIELD,results/mid360_formal_batch1/zero_perturbation_v1_1_execution_v1/raw_runtime_snapshot/trial_results/FMB1-ZP11R1-FMB1-R01-S02-Q03-PCL/attempt-0001.json
FMB1-ZP11R1-FMB1-R01-S02-Q04-O3D,OPEN3D_POINT_TO_PLANE,True,COMPLETED,completed_finite_correspondences,OK,MISSING_FIELD,MISSING_FIELD,MISSING_FIELD,MISSING_FIELD,MISSING_FIELD,results/mid360_formal_batch1/zero_perturbation_v1_1_execution_v1/raw_runtime_snapshot/trial_results/FMB1-ZP11R1-FMB1-R01-S02-Q04-O3D/attempt-0001.json
FMB1-ZP11R1-FMB1-R01-S02-Q04-PCL,PCL_POINT_TO_PLANE,True,COMPLETED,completed_finite_correspondences,OK,MISSING_FIELD,MISSING_FIELD,MISSING_FIELD,MISSING_FIELD,MISSING_FIELD,results/mid360_formal_batch1/zero_perturbation_v1_1_execution_v1/raw_runtime_snapshot/trial_results/FMB1-ZP11R1-FMB1-R01-S02-Q04-PCL/attempt-0001.json
FMB1-ZP11R1-FMB1-R01-S02-Q05-O3D,OPEN3D_POINT_TO_PLANE,True,COMPLETED,completed_finite_correspondences,OK,MISSING_FIELD,MISSING_FIELD,MISSING_FIELD,MISSING_FIELD,MISSING_FIELD,results/mid360_formal_batch1/zero_perturbation_v1_1_execution_v1/raw_runtime_snapshot/trial_results/FMB1-ZP11R1-FMB1-R01-S02-Q05-O3D/attempt-0001.json
FMB1-ZP11R1-FMB1-R01-S02-Q05-PCL,PCL_POINT_TO_PLANE,True,COMPLETED,completed_finite_correspondences,OK,MISSING_FIELD,MISSING_FIELD,MISSING_FIELD,MISSING_FIELD,MISSING_FIELD,results/mid360_formal_batch1/zero_perturbation_v1_1_execution_v1/raw_runtime_snapshot/trial_results/FMB1-ZP11R1-FMB1-R01-S02-Q05-PCL/attempt-0001.json
FMB1-ZP11R1-FMB1-R01-S02-Q06-O3D,OPEN3D_POINT_TO_PLANE,True,COMPLETED,completed_finite_correspondences,OK,MISSING_FIELD,MISSING_FIELD,MISSING_FIELD,MISSING_FIELD,MISSING_FIELD,results/mid360_formal_batch1/zero_perturbation_v1_1_execution_v1/raw_runtime_snapshot/trial_results/FMB1-ZP11R1-FMB1-R01-S02-Q06-O3D/attempt-0001.json
FMB1-ZP11R1-FMB1-R01-S02-Q06-PCL,PCL_POINT_TO_PLANE,True,COMPLETED,completed_finite_correspondences,OK,MISSING_FIELD,MISSING_FIELD,MISSING_FIELD,MISSING_FIELD,MISSING_FIELD,results/mid360_formal_batch1/zero_perturbation_v1_1_execution_v1/raw_runtime_snapshot/trial_results/FMB1-ZP11R1-FMB1-R01-S02-Q06-PCL/attempt-0001.json
FMB1-ZP11R1-FMB1-R01-S02-Q07-O3D,OPEN3D_POINT_TO_PLANE,True,COMPLETED,completed_finite_correspondences,OK,MISSING_FIELD,MISSING_FIELD,MISSING_FIELD,MISSING_FIELD,MISSING_FIELD,results/mid360_formal_batch1/zero_perturbation_v1_1_execution_v1/raw_runtime_snapshot/trial_results/FMB1-ZP11R1-FMB1-R01-S02-Q07-O3D/attempt-0001.json
FMB1-ZP11R1-FMB1-R01-S02-Q07-PCL,PCL_POINT_TO_PLANE,True,COMPLETED,completed_finite_correspondences,OK,MISSING_FIELD,MISSING_FIELD,MISSING_FIELD,MISSING_FIELD,MISSING_FIELD,results/mid360_formal_batch1/zero_perturbation_v1_1_execution_v1/raw_runtime_snapshot/trial_results/FMB1-ZP11R1-FMB1-R01-S02-Q07-PCL/attempt-0001.json
FMB1-ZP11R1-FMB1-R01-S02-Q08-O3D,OPEN3D_POINT_TO_PLANE,True,COMPLETED,completed_finite_correspondences,OK,MISSING_FIELD,MISSING_FIELD,MISSING_FIELD,MISSING_FIELD,MISSING_FIELD,results/mid360_formal_batch1/zero_perturbation_v1_1_execution_v1/raw_runtime_snapshot/trial_results/FMB1-ZP11R1-FMB1-R01-S02-Q08-O3D/attempt-0001.json
FMB1-ZP11R1-FMB1-R01-S02-Q08-PCL,PCL_POINT_TO_PLANE,True,COMPLETED,completed_finite_correspondences,OK,MISSING_FIELD,MISSING_FIELD,MISSING_FIELD,MISSING_FIELD,MISSING_FIELD,results/mid360_formal_batch1/zero_perturbation_v1_1_execution_v1/raw_runtime_snapshot/trial_results/FMB1-ZP11R1-FMB1-R01-S02-Q08-PCL/attempt-0001.json
FMB1-ZP11R1-FMB1-R01-S02-Q09-O3D,OPEN3D_POINT_TO_PLANE,True,COMPLETED,completed_finite_correspondences,OK,MISSING_FIELD,MISSING_FIELD,MISSING_FIELD,MISSING_FIELD,MISSING_FIELD,results/mid360_formal_batch1/zero_perturbation_v1_1_execution_v1/raw_runtime_snapshot/trial_results/FMB1-ZP11R1-FMB1-R01-S02-Q09-O3D/attempt-0001.json
FMB1-ZP11R1-FMB1-R01-S02-Q09-PCL,PCL_POINT_TO_PLANE,True,COMPLETED,completed_finite_correspondences,OK,MISSING_FIELD,MISSING_FIELD,MISSING_FIELD,MISSING_FIELD,MISSING_FIELD,results/mid360_formal_batch1/zero_perturbation_v1_1_execution_v1/raw_runtime_snapshot/trial_results/FMB1-ZP11R1-FMB1-R01-S02-Q09-PCL/attempt-0001.json
FMB1-ZP11R1-FMB1-R01-S02-Q10-O3D,OPEN3D_POINT_TO_PLANE,True,COMPLETED,completed_finite_correspondences,OK,MISSING_FIELD,MISSING_FIELD,MISSING_FIELD,MISSING_FIELD,MISSING_FIELD,results/mid360_formal_batch1/zero_perturbation_v1_1_execution_v1/raw_runtime_snapshot/trial_results/FMB1-ZP11R1-FMB1-R01-S02-Q10-O3D/attempt-0001.json
FMB1-ZP11R1-FMB1-R01-S02-Q10-PCL,PCL_POINT_TO_PLANE,True,COMPLETED,completed_finite_correspondences,OK,MISSING_FIELD,MISSING_FIELD,MISSING_FIELD,MISSING_FIELD,MISSING_FIELD,results/mid360_formal_batch1/zero_perturbation_v1_1_execution_v1/raw_runtime_snapshot/trial_results/FMB1-ZP11R1-FMB1-R01-S02-Q10-PCL/attempt-0001.json
FMB1-ZP11R1-FMB1-R01-S03-Q01-O3D,OPEN3D_POINT_TO_PLANE,True,COMPLETED,completed_finite_correspondences,OK,MISSING_FIELD,MISSING_FIELD,MISSING_FIELD,MISSING_FIELD,MISSING_FIELD,results/mid360_formal_batch1/zero_perturbation_v1_1_execution_v1/raw_runtime_snapshot/trial_results/FMB1-ZP11R1-FMB1-R01-S03-Q01-O3D/attempt-0001.json
FMB1-ZP11R1-FMB1-R01-S03-Q01-PCL,PCL_POINT_TO_PLANE,True,COMPLETED,completed_finite_correspondences,OK,MISSING_FIELD,MISSING_FIELD,MISSING_FIELD,MISSING_FIELD,MISSING_FIELD,results/mid360_formal_batch1/zero_perturbation_v1_1_execution_v1/raw_runtime_snapshot/trial_results/FMB1-ZP11R1-FMB1-R01-S03-Q01-PCL/attempt-0001.json
FMB1-ZP11R1-FMB1-R01-S03-Q02-O3D,OPEN3D_POINT_TO_PLANE,True,COMPLETED,completed_finite_correspondences,OK,MISSING_FIELD,MISSING_FIELD,MISSING_FIELD,MISSING_FIELD,MISSING_FIELD,results/mid360_formal_batch1/zero_perturbation_v1_1_execution_v1/raw_runtime_snapshot/trial_results/FMB1-ZP11R1-FMB1-R01-S03-Q02-O3D/attempt-0001.json
FMB1-ZP11R1-FMB1-R01-S03-Q02-PCL,PCL_POINT_TO_PLANE,True,COMPLETED,completed_finite_correspondences,OK,MISSING_FIELD,MISSING_FIELD,MISSING_FIELD,MISSING_FIELD,MISSING_FIELD,results/mid360_formal_batch1/zero_perturbation_v1_1_execution_v1/raw_runtime_snapshot/trial_results/FMB1-ZP11R1-FMB1-R01-S03-Q02-PCL/attempt-0001.json
FMB1-ZP11R1-FMB1-R01-S03-Q03-O3D,OPEN3D_POINT_TO_PLANE,True,COMPLETED,completed_finite_correspondences,OK,MISSING_FIELD,MISSING_FIELD,MISSING_FIELD,MISSING_FIELD,MISSING_FIELD,results/mid360_formal_batch1/zero_perturbation_v1_1_execution_v1/raw_runtime_snapshot/trial_results/FMB1-ZP11R1-FMB1-R01-S03-Q03-O3D/attempt-0001.json
FMB1-ZP11R1-FMB1-R01-S03-Q03-PCL,PCL_POINT_TO_PLANE,True,COMPLETED,completed_finite_correspondences,OK,MISSING_FIELD,MISSING_FIELD,MISSING_FIELD,MISSING_FIELD,MISSING_FIELD,results/mid360_formal_batch1/zero_perturbation_v1_1_execution_v1/raw_runtime_snapshot/trial_results/FMB1-ZP11R1-FMB1-R01-S03-Q03-PCL/attempt-0001.json
FMB1-ZP11R1-FMB1-R01-S03-Q04-O3D,OPEN3D_POINT_TO_PLANE,True,COMPLETED,completed_finite_correspondences,OK,MISSING_FIELD,MISSING_FIELD,MISSING_FIELD,MISSING_FIELD,MISSING_FIELD,results/mid360_formal_batch1/zero_perturbation_v1_1_execution_v1/raw_runtime_snapshot/trial_results/FMB1-ZP11R1-FMB1-R01-S03-Q04-O3D/attempt-0001.json
FMB1-ZP11R1-FMB1-R01-S03-Q04-PCL,PCL_POINT_TO_PLANE,True,COMPLETED,completed_finite_correspondences,OK,MISSING_FIELD,MISSING_FIELD,MISSING_FIELD,MISSING_FIELD,MISSING_FIELD,results/mid360_formal_batch1/zero_perturbation_v1_1_execution_v1/raw_runtime_snapshot/trial_results/FMB1-ZP11R1-FMB1-R01-S03-Q04-PCL/attempt-0001.json
FMB1-ZP11R1-FMB1-R01-S03-Q05-O3D,OPEN3D_POINT_TO_PLANE,True,COMPLETED,completed_finite_correspondences,OK,MISSING_FIELD,MISSING_FIELD,MISSING_FIELD,MISSING_FIELD,MISSING_FIELD,results/mid360_formal_batch1/zero_perturbation_v1_1_execution_v1/raw_runtime_snapshot/trial_results/FMB1-ZP11R1-FMB1-R01-S03-Q05-O3D/attempt-0001.json
FMB1-ZP11R1-FMB1-R01-S03-Q05-PCL,PCL_POINT_TO_PLANE,True,COMPLETED,completed_finite_correspondences,OK,MISSING_FIELD,MISSING_FIELD,MISSING_FIELD,MISSING_FIELD,MISSING_FIELD,results/mid360_formal_batch1/zero_perturbation_v1_1_execution_v1/raw_runtime_snapshot/trial_results/FMB1-ZP11R1-FMB1-R01-S03-Q05-PCL/attempt-0001.json
FMB1-ZP11R1-FMB1-R01-S03-Q06-O3D,OPEN3D_POINT_TO_PLANE,True,COMPLETED,completed_finite_correspondences,OK,MISSING_FIELD,MISSING_FIELD,MISSING_FIELD,MISSING_FIELD,MISSING_FIELD,results/mid360_formal_batch1/zero_perturbation_v1_1_execution_v1/raw_runtime_snapshot/trial_results/FMB1-ZP11R1-FMB1-R01-S03-Q06-O3D/attempt-0001.json
FMB1-ZP11R1-FMB1-R01-S03-Q06-PCL,PCL_POINT_TO_PLANE,True,COMPLETED,completed_finite_correspondences,OK,MISSING_FIELD,MISSING_FIELD,MISSING_FIELD,MISSING_FIELD,MISSING_FIELD,results/mid360_formal_batch1/zero_perturbation_v1_1_execution_v1/raw_runtime_snapshot/trial_results/FMB1-ZP11R1-FMB1-R01-S03-Q06-PCL/attempt-0001.json
FMB1-ZP11R1-FMB1-R01-S03-Q07-O3D,OPEN3D_POINT_TO_PLANE,True,COMPLETED,completed_finite_correspondences,OK,MISSING_FIELD,MISSING_FIELD,MISSING_FIELD,MISSING_FIELD,MISSING_FIELD,results/mid360_formal_batch1/zero_perturbation_v1_1_execution_v1/raw_runtime_snapshot/trial_results/FMB1-ZP11R1-FMB1-R01-S03-Q07-O3D/attempt-0001.json
FMB1-ZP11R1-FMB1-R01-S03-Q07-PCL,PCL_POINT_TO_PLANE,True,COMPLETED,completed_finite_correspondences,OK,MISSING_FIELD,MISSING_FIELD,MISSING_FIELD,MISSING_FIELD,MISSING_FIELD,results/mid360_formal_batch1/zero_perturbation_v1_1_execution_v1/raw_runtime_snapshot/trial_results/FMB1-ZP11R1-FMB1-R01-S03-Q07-PCL/attempt-0001.json
FMB1-ZP11R1-FMB1-R01-S03-Q08-O3D,OPEN3D_POINT_TO_PLANE,True,COMPLETED,completed_finite_correspondences,OK,MISSING_FIELD,MISSING_FIELD,MISSING_FIELD,MISSING_FIELD,MISSING_FIELD,results/mid360_formal_batch1/zero_perturbation_v1_1_execution_v1/raw_runtime_snapshot/trial_results/FMB1-ZP11R1-FMB1-R01-S03-Q08-O3D/attempt-0001.json
FMB1-ZP11R1-FMB1-R01-S03-Q08-PCL,PCL_POINT_TO_PLANE,True,COMPLETED,completed_finite_correspondences,OK,MISSING_FIELD,MISSING_FIELD,MISSING_FIELD,MISSING_FIELD,MISSING_FIELD,results/mid360_formal_batch1/zero_perturbation_v1_1_execution_v1/raw_runtime_snapshot/trial_results/FMB1-ZP11R1-FMB1-R01-S03-Q08-PCL/attempt-0001.json
FMB1-ZP11R1-FMB1-R01-S03-Q09-O3D,OPEN3D_POINT_TO_PLANE,True,COMPLETED,completed_finite_correspondences,OK,MISSING_FIELD,MISSING_FIELD,MISSING_FIELD,MISSING_FIELD,MISSING_FIELD,results/mid360_formal_batch1/zero_perturbation_v1_1_execution_v1/raw_runtime_snapshot/trial_results/FMB1-ZP11R1-FMB1-R01-S03-Q09-O3D/attempt-0001.json
FMB1-ZP11R1-FMB1-R01-S03-Q09-PCL,PCL_POINT_TO_PLANE,True,COMPLETED,completed_finite_correspondences,OK,MISSING_FIELD,MISSING_FIELD,MISSING_FIELD,MISSING_FIELD,MISSING_FIELD,results/mid360_formal_batch1/zero_perturbation_v1_1_execution_v1/raw_runtime_snapshot/trial_results/FMB1-ZP11R1-FMB1-R01-S03-Q09-PCL/attempt-0001.json
FMB1-ZP11R1-FMB1-R01-S03-Q10-O3D,OPEN3D_POINT_TO_PLANE,True,COMPLETED,completed_finite_correspondences,OK,MISSING_FIELD,MISSING_FIELD,MISSING_FIELD,MISSING_FIELD,MISSING_FIELD,results/mid360_formal_batch1/zero_perturbation_v1_1_execution_v1/raw_runtime_snapshot/trial_results/FMB1-ZP11R1-FMB1-R01-S03-Q10-O3D/attempt-0001.json
FMB1-ZP11R1-FMB1-R01-S03-Q10-PCL,PCL_POINT_TO_PLANE,True,COMPLETED,completed_finite_correspondences,OK,MISSING_FIELD,MISSING_FIELD,MISSING_FIELD,MISSING_FIELD,MISSING_FIELD,results/mid360_formal_batch1/zero_perturbation_v1_1_execution_v1/raw_runtime_snapshot/trial_results/FMB1-ZP11R1-FMB1-R01-S03-Q10-PCL/attempt-0001.json
FMB1-ZP11R1-FMB1-R02-S01-Q01-O3D,OPEN3D_POINT_TO_PLANE,True,COMPLETED,completed_finite_correspondences,OK,MISSING_FIELD,MISSING_FIELD,MISSING_FIELD,MISSING_FIELD,MISSING_FIELD,results/mid360_formal_batch1/zero_perturbation_v1_1_execution_v1/raw_runtime_snapshot/trial_results/FMB1-ZP11R1-FMB1-R02-S01-Q01-O3D/attempt-0001.json
FMB1-ZP11R1-FMB1-R02-S01-Q01-PCL,PCL_POINT_TO_PLANE,True,COMPLETED,completed_finite_correspondences,OK,MISSING_FIELD,MISSING_FIELD,MISSING_FIELD,MISSING_FIELD,MISSING_FIELD,results/mid360_formal_batch1/zero_perturbation_v1_1_execution_v1/raw_runtime_snapshot/trial_results/FMB1-ZP11R1-FMB1-R02-S01-Q01-PCL/attempt-0001.json
FMB1-ZP11R1-FMB1-R02-S01-Q02-O3D,OPEN3D_POINT_TO_PLANE,True,COMPLETED,completed_finite_correspondences,OK,MISSING_FIELD,MISSING_FIELD,MISSING_FIELD,MISSING_FIELD,MISSING_FIELD,results/mid360_formal_batch1/zero_perturbation_v1_1_execution_v1/raw_runtime_snapshot/trial_results/FMB1-ZP11R1-FMB1-R02-S01-Q02-O3D/attempt-0001.json
FMB1-ZP11R1-FMB1-R02-S01-Q02-PCL,PCL_POINT_TO_PLANE,True,COMPLETED,completed_finite_correspondences,OK,MISSING_FIELD,MISSING_FIELD,MISSING_FIELD,MISSING_FIELD,MISSING_FIELD,results/mid360_formal_batch1/zero_perturbation_v1_1_execution_v1/raw_runtime_snapshot/trial_results/FMB1-ZP11R1-FMB1-R02-S01-Q02-PCL/attempt-0001.json
FMB1-ZP11R1-FMB1-R02-S01-Q03-O3D,OPEN3D_POINT_TO_PLANE,True,COMPLETED,completed_finite_correspondences,OK,MISSING_FIELD,MISSING_FIELD,MISSING_FIELD,MISSING_FIELD,MISSING_FIELD,results/mid360_formal_batch1/zero_perturbation_v1_1_execution_v1/raw_runtime_snapshot/trial_results/FMB1-ZP11R1-FMB1-R02-S01-Q03-O3D/attempt-0001.json
FMB1-ZP11R1-FMB1-R02-S01-Q03-PCL,PCL_POINT_TO_PLANE,True,COMPLETED,completed_finite_correspondences,OK,MISSING_FIELD,MISSING_FIELD,MISSING_FIELD,MISSING_FIELD,MISSING_FIELD,results/mid360_formal_batch1/zero_perturbation_v1_1_execution_v1/raw_runtime_snapshot/trial_results/FMB1-ZP11R1-FMB1-R02-S01-Q03-PCL/attempt-0001.json
FMB1-ZP11R1-FMB1-R02-S01-Q04-O3D,OPEN3D_POINT_TO_PLANE,True,COMPLETED,completed_finite_correspondences,OK,MISSING_FIELD,MISSING_FIELD,MISSING_FIELD,MISSING_FIELD,MISSING_FIELD,results/mid360_formal_batch1/zero_perturbation_v1_1_execution_v1/raw_runtime_snapshot/trial_results/FMB1-ZP11R1-FMB1-R02-S01-Q04-O3D/attempt-0001.json
FMB1-ZP11R1-FMB1-R02-S01-Q04-PCL,PCL_POINT_TO_PLANE,True,COMPLETED,completed_finite_correspondences,OK,MISSING_FIELD,MISSING_FIELD,MISSING_FIELD,MISSING_FIELD,MISSING_FIELD,results/mid360_formal_batch1/zero_perturbation_v1_1_execution_v1/raw_runtime_snapshot/trial_results/FMB1-ZP11R1-FMB1-R02-S01-Q04-PCL/attempt-0001.json
FMB1-ZP11R1-FMB1-R02-S01-Q05-O3D,OPEN3D_POINT_TO_PLANE,True,COMPLETED,completed_finite_correspondences,OK,MISSING_FIELD,MISSING_FIELD,MISSING_FIELD,MISSING_FIELD,MISSING_FIELD,results/mid360_formal_batch1/zero_perturbation_v1_1_execution_v1/raw_runtime_snapshot/trial_results/FMB1-ZP11R1-FMB1-R02-S01-Q05-O3D/attempt-0001.json
FMB1-ZP11R1-FMB1-R02-S01-Q05-PCL,PCL_POINT_TO_PLANE,True,COMPLETED,completed_finite_correspondences,OK,MISSING_FIELD,MISSING_FIELD,MISSING_FIELD,MISSING_FIELD,MISSING_FIELD,results/mid360_formal_batch1/zero_perturbation_v1_1_execution_v1/raw_runtime_snapshot/trial_results/FMB1-ZP11R1-FMB1-R02-S01-Q05-PCL/attempt-0001.json
FMB1-ZP11R1-FMB1-R02-S01-Q06-O3D,OPEN3D_POINT_TO_PLANE,True,COMPLETED,completed_finite_correspondences,OK,MISSING_FIELD,MISSING_FIELD,MISSING_FIELD,MISSING_FIELD,MISSING_FIELD,results/mid360_formal_batch1/zero_perturbation_v1_1_execution_v1/raw_runtime_snapshot/trial_results/FMB1-ZP11R1-FMB1-R02-S01-Q06-O3D/attempt-0001.json
FMB1-ZP11R1-FMB1-R02-S01-Q06-PCL,PCL_POINT_TO_PLANE,True,COMPLETED,completed_finite_correspondences,OK,MISSING_FIELD,MISSING_FIELD,MISSING_FIELD,MISSING_FIELD,MISSING_FIELD,results/mid360_formal_batch1/zero_perturbation_v1_1_execution_v1/raw_runtime_snapshot/trial_results/FMB1-ZP11R1-FMB1-R02-S01-Q06-PCL/attempt-0001.json
FMB1-ZP11R1-FMB1-R02-S01-Q07-O3D,OPEN3D_POINT_TO_PLANE,True,COMPLETED,completed_finite_correspondences,OK,MISSING_FIELD,MISSING_FIELD,MISSING_FIELD,MISSING_FIELD,MISSING_FIELD,results/mid360_formal_batch1/zero_perturbation_v1_1_execution_v1/raw_runtime_snapshot/trial_results/FMB1-ZP11R1-FMB1-R02-S01-Q07-O3D/attempt-0001.json
FMB1-ZP11R1-FMB1-R02-S01-Q07-PCL,PCL_POINT_TO_PLANE,True,COMPLETED,completed_finite_correspondences,OK,MISSING_FIELD,MISSING_FIELD,MISSING_FIELD,MISSING_FIELD,MISSING_FIELD,results/mid360_formal_batch1/zero_perturbation_v1_1_execution_v1/raw_runtime_snapshot/trial_results/FMB1-ZP11R1-FMB1-R02-S01-Q07-PCL/attempt-0001.json
FMB1-ZP11R1-FMB1-R02-S01-Q08-O3D,OPEN3D_POINT_TO_PLANE,True,COMPLETED,completed_finite_correspondences,OK,MISSING_FIELD,MISSING_FIELD,MISSING_FIELD,MISSING_FIELD,MISSING_FIELD,results/mid360_formal_batch1/zero_perturbation_v1_1_execution_v1/raw_runtime_snapshot/trial_results/FMB1-ZP11R1-FMB1-R02-S01-Q08-O3D/attempt-0001.json
FMB1-ZP11R1-FMB1-R02-S01-Q08-PCL,PCL_POINT_TO_PLANE,True,COMPLETED,completed_finite_correspondences,OK,MISSING_FIELD,MISSING_FIELD,MISSING_FIELD,MISSING_FIELD,MISSING_FIELD,results/mid360_formal_batch1/zero_perturbation_v1_1_execution_v1/raw_runtime_snapshot/trial_results/FMB1-ZP11R1-FMB1-R02-S01-Q08-PCL/attempt-0001.json
FMB1-ZP11R1-FMB1-R02-S01-Q09-O3D,OPEN3D_POINT_TO_PLANE,True,COMPLETED,completed_finite_correspondences,OK,MISSING_FIELD,MISSING_FIELD,MISSING_FIELD,MISSING_FIELD,MISSING_FIELD,results/mid360_formal_batch1/zero_perturbation_v1_1_execution_v1/raw_runtime_snapshot/trial_results/FMB1-ZP11R1-FMB1-R02-S01-Q09-O3D/attempt-0001.json
FMB1-ZP11R1-FMB1-R02-S01-Q09-PCL,PCL_POINT_TO_PLANE,True,COMPLETED,completed_finite_correspondences,OK,MISSING_FIELD,MISSING_FIELD,MISSING_FIELD,MISSING_FIELD,MISSING_FIELD,results/mid360_formal_batch1/zero_perturbation_v1_1_execution_v1/raw_runtime_snapshot/trial_results/FMB1-ZP11R1-FMB1-R02-S01-Q09-PCL/attempt-0001.json
FMB1-ZP11R1-FMB1-R02-S01-Q10-O3D,OPEN3D_POINT_TO_PLANE,True,COMPLETED,completed_finite_correspondences,OK,MISSING_FIELD,MISSING_FIELD,MISSING_FIELD,MISSING_FIELD,MISSING_FIELD,results/mid360_formal_batch1/zero_perturbation_v1_1_execution_v1/raw_runtime_snapshot/trial_results/FMB1-ZP11R1-FMB1-R02-S01-Q10-O3D/attempt-0001.json
FMB1-ZP11R1-FMB1-R02-S01-Q10-PCL,PCL_POINT_TO_PLANE,True,COMPLETED,completed_finite_correspondences,OK,MISSING_FIELD,MISSING_FIELD,MISSING_FIELD,MISSING_FIELD,MISSING_FIELD,results/mid360_formal_batch1/zero_perturbation_v1_1_execution_v1/raw_runtime_snapshot/trial_results/FMB1-ZP11R1-FMB1-R02-S01-Q10-PCL/attempt-0001.json
FMB1-ZP11R1-FMB1-R02-S02-Q01-O3D,OPEN3D_POINT_TO_PLANE,True,COMPLETED,completed_finite_correspondences,OK,MISSING_FIELD,MISSING_FIELD,MISSING_FIELD,MISSING_FIELD,MISSING_FIELD,results/mid360_formal_batch1/zero_perturbation_v1_1_execution_v1/raw_runtime_snapshot/trial_results/FMB1-ZP11R1-FMB1-R02-S02-Q01-O3D/attempt-0001.json
FMB1-ZP11R1-FMB1-R02-S02-Q01-PCL,PCL_POINT_TO_PLANE,True,COMPLETED,completed_finite_correspondences,OK,MISSING_FIELD,MISSING_FIELD,MISSING_FIELD,MISSING_FIELD,MISSING_FIELD,results/mid360_formal_batch1/zero_perturbation_v1_1_execution_v1/raw_runtime_snapshot/trial_results/FMB1-ZP11R1-FMB1-R02-S02-Q01-PCL/attempt-0001.json
FMB1-ZP11R1-FMB1-R02-S02-Q02-O3D,OPEN3D_POINT_TO_PLANE,True,COMPLETED,completed_finite_correspondences,OK,MISSING_FIELD,MISSING_FIELD,MISSING_FIELD,MISSING_FIELD,MISSING_FIELD,results/mid360_formal_batch1/zero_perturbation_v1_1_execution_v1/raw_runtime_snapshot/trial_results/FMB1-ZP11R1-FMB1-R02-S02-Q02-O3D/attempt-0001.json
FMB1-ZP11R1-FMB1-R02-S02-Q02-PCL,PCL_POINT_TO_PLANE,True,COMPLETED,completed_finite_correspondences,OK,MISSING_FIELD,MISSING_FIELD,MISSING_FIELD,MISSING_FIELD,MISSING_FIELD,results/mid360_formal_batch1/zero_perturbation_v1_1_execution_v1/raw_runtime_snapshot/trial_results/FMB1-ZP11R1-FMB1-R02-S02-Q02-PCL/attempt-0001.json
FMB1-ZP11R1-FMB1-R02-S02-Q03-O3D,OPEN3D_POINT_TO_PLANE,True,COMPLETED,completed_finite_correspondences,OK,MISSING_FIELD,MISSING_FIELD,MISSING_FIELD,MISSING_FIELD,MISSING_FIELD,results/mid360_formal_batch1/zero_perturbation_v1_1_execution_v1/raw_runtime_snapshot/trial_results/FMB1-ZP11R1-FMB1-R02-S02-Q03-O3D/attempt-0001.json
FMB1-ZP11R1-FMB1-R02-S02-Q03-PCL,PCL_POINT_TO_PLANE,True,COMPLETED,completed_finite_correspondences,OK,MISSING_FIELD,MISSING_FIELD,MISSING_FIELD,MISSING_FIELD,MISSING_FIELD,results/mid360_formal_batch1/zero_perturbation_v1_1_execution_v1/raw_runtime_snapshot/trial_results/FMB1-ZP11R1-FMB1-R02-S02-Q03-PCL/attempt-0001.json
FMB1-ZP11R1-FMB1-R02-S02-Q04-O3D,OPEN3D_POINT_TO_PLANE,True,COMPLETED,completed_finite_correspondences,OK,MISSING_FIELD,MISSING_FIELD,MISSING_FIELD,MISSING_FIELD,MISSING_FIELD,results/mid360_formal_batch1/zero_perturbation_v1_1_execution_v1/raw_runtime_snapshot/trial_results/FMB1-ZP11R1-FMB1-R02-S02-Q04-O3D/attempt-0001.json
FMB1-ZP11R1-FMB1-R02-S02-Q04-PCL,PCL_POINT_TO_PLANE,True,COMPLETED,completed_finite_correspondences,OK,MISSING_FIELD,MISSING_FIELD,MISSING_FIELD,MISSING_FIELD,MISSING_FIELD,results/mid360_formal_batch1/zero_perturbation_v1_1_execution_v1/raw_runtime_snapshot/trial_results/FMB1-ZP11R1-FMB1-R02-S02-Q04-PCL/attempt-0001.json
FMB1-ZP11R1-FMB1-R02-S02-Q05-O3D,OPEN3D_POINT_TO_PLANE,True,COMPLETED,completed_finite_correspondences,OK,MISSING_FIELD,MISSING_FIELD,MISSING_FIELD,MISSING_FIELD,MISSING_FIELD,results/mid360_formal_batch1/zero_perturbation_v1_1_execution_v1/raw_runtime_snapshot/trial_results/FMB1-ZP11R1-FMB1-R02-S02-Q05-O3D/attempt-0001.json
FMB1-ZP11R1-FMB1-R02-S02-Q05-PCL,PCL_POINT_TO_PLANE,True,COMPLETED,completed_finite_correspondences,OK,MISSING_FIELD,MISSING_FIELD,MISSING_FIELD,MISSING_FIELD,MISSING_FIELD,results/mid360_formal_batch1/zero_perturbation_v1_1_execution_v1/raw_runtime_snapshot/trial_results/FMB1-ZP11R1-FMB1-R02-S02-Q05-PCL/attempt-0001.json
FMB1-ZP11R1-FMB1-R02-S02-Q06-O3D,OPEN3D_POINT_TO_PLANE,True,COMPLETED,completed_finite_correspondences,OK,MISSING_FIELD,MISSING_FIELD,MISSING_FIELD,MISSING_FIELD,MISSING_FIELD,results/mid360_formal_batch1/zero_perturbation_v1_1_execution_v1/raw_runtime_snapshot/trial_results/FMB1-ZP11R1-FMB1-R02-S02-Q06-O3D/attempt-0001.json
FMB1-ZP11R1-FMB1-R02-S02-Q06-PCL,PCL_POINT_TO_PLANE,True,COMPLETED,completed_finite_correspondences,OK,MISSING_FIELD,MISSING_FIELD,MISSING_FIELD,MISSING_FIELD,MISSING_FIELD,results/mid360_formal_batch1/zero_perturbation_v1_1_execution_v1/raw_runtime_snapshot/trial_results/FMB1-ZP11R1-FMB1-R02-S02-Q06-PCL/attempt-0001.json
FMB1-ZP11R1-FMB1-R02-S02-Q07-O3D,OPEN3D_POINT_TO_PLANE,True,COMPLETED,completed_finite_correspondences,OK,MISSING_FIELD,MISSING_FIELD,MISSING_FIELD,MISSING_FIELD,MISSING_FIELD,results/mid360_formal_batch1/zero_perturbation_v1_1_execution_v1/raw_runtime_snapshot/trial_results/FMB1-ZP11R1-FMB1-R02-S02-Q07-O3D/attempt-0001.json
FMB1-ZP11R1-FMB1-R02-S02-Q07-PCL,PCL_POINT_TO_PLANE,True,COMPLETED,completed_finite_correspondences,OK,MISSING_FIELD,MISSING_FIELD,MISSING_FIELD,MISSING_FIELD,MISSING_FIELD,results/mid360_formal_batch1/zero_perturbation_v1_1_execution_v1/raw_runtime_snapshot/trial_results/FMB1-ZP11R1-FMB1-R02-S02-Q07-PCL/attempt-0001.json
FMB1-ZP11R1-FMB1-R02-S02-Q08-O3D,OPEN3D_POINT_TO_PLANE,True,COMPLETED,completed_finite_correspondences,OK,MISSING_FIELD,MISSING_FIELD,MISSING_FIELD,MISSING_FIELD,MISSING_FIELD,results/mid360_formal_batch1/zero_perturbation_v1_1_execution_v1/raw_runtime_snapshot/trial_results/FMB1-ZP11R1-FMB1-R02-S02-Q08-O3D/attempt-0001.json
FMB1-ZP11R1-FMB1-R02-S02-Q08-PCL,PCL_POINT_TO_PLANE,True,COMPLETED,completed_finite_correspondences,OK,MISSING_FIELD,MISSING_FIELD,MISSING_FIELD,MISSING_FIELD,MISSING_FIELD,results/mid360_formal_batch1/zero_perturbation_v1_1_execution_v1/raw_runtime_snapshot/trial_results/FMB1-ZP11R1-FMB1-R02-S02-Q08-PCL/attempt-0001.json
FMB1-ZP11R1-FMB1-R02-S02-Q09-O3D,OPEN3D_POINT_TO_PLANE,True,COMPLETED,completed_finite_correspondences,OK,MISSING_FIELD,MISSING_FIELD,MISSING_FIELD,MISSING_FIELD,MISSING_FIELD,results/mid360_formal_batch1/zero_perturbation_v1_1_execution_v1/raw_runtime_snapshot/trial_results/FMB1-ZP11R1-FMB1-R02-S02-Q09-O3D/attempt-0001.json
FMB1-ZP11R1-FMB1-R02-S02-Q09-PCL,PCL_POINT_TO_PLANE,True,COMPLETED,completed_finite_correspondences,OK,MISSING_FIELD,MISSING_FIELD,MISSING_FIELD,MISSING_FIELD,MISSING_FIELD,results/mid360_formal_batch1/zero_perturbation_v1_1_execution_v1/raw_runtime_snapshot/trial_results/FMB1-ZP11R1-FMB1-R02-S02-Q09-PCL/attempt-0001.json
FMB1-ZP11R1-FMB1-R02-S02-Q10-O3D,OPEN3D_POINT_TO_PLANE,True,COMPLETED,completed_finite_correspondences,OK,MISSING_FIELD,MISSING_FIELD,MISSING_FIELD,MISSING_FIELD,MISSING_FIELD,results/mid360_formal_batch1/zero_perturbation_v1_1_execution_v1/raw_runtime_snapshot/trial_results/FMB1-ZP11R1-FMB1-R02-S02-Q10-O3D/attempt-0001.json
FMB1-ZP11R1-FMB1-R02-S02-Q10-PCL,PCL_POINT_TO_PLANE,True,COMPLETED,completed_finite_correspondences,OK,MISSING_FIELD,MISSING_FIELD,MISSING_FIELD,MISSING_FIELD,MISSING_FIELD,results/mid360_formal_batch1/zero_perturbation_v1_1_execution_v1/raw_runtime_snapshot/trial_results/FMB1-ZP11R1-FMB1-R02-S02-Q10-PCL/attempt-0001.json
FMB1-ZP11R1-FMB1-R02-S03-Q01-O3D,OPEN3D_POINT_TO_PLANE,True,COMPLETED,completed_finite_correspondences,OK,MISSING_FIELD,MISSING_FIELD,MISSING_FIELD,MISSING_FIELD,MISSING_FIELD,results/mid360_formal_batch1/zero_perturbation_v1_1_execution_v1/raw_runtime_snapshot/trial_results/FMB1-ZP11R1-FMB1-R02-S03-Q01-O3D/attempt-0001.json
FMB1-ZP11R1-FMB1-R02-S03-Q01-PCL,PCL_POINT_TO_PLANE,True,COMPLETED,completed_finite_correspondences,OK,MISSING_FIELD,MISSING_FIELD,MISSING_FIELD,MISSING_FIELD,MISSING_FIELD,results/mid360_formal_batch1/zero_perturbation_v1_1_execution_v1/raw_runtime_snapshot/trial_results/FMB1-ZP11R1-FMB1-R02-S03-Q01-PCL/attempt-0001.json
FMB1-ZP11R1-FMB1-R02-S03-Q02-O3D,OPEN3D_POINT_TO_PLANE,True,COMPLETED,completed_finite_correspondences,OK,MISSING_FIELD,MISSING_FIELD,MISSING_FIELD,MISSING_FIELD,MISSING_FIELD,results/mid360_formal_batch1/zero_perturbation_v1_1_execution_v1/raw_runtime_snapshot/trial_results/FMB1-ZP11R1-FMB1-R02-S03-Q02-O3D/attempt-0001.json
FMB1-ZP11R1-FMB1-R02-S03-Q02-PCL,PCL_POINT_TO_PLANE,True,COMPLETED,completed_finite_correspondences,OK,MISSING_FIELD,MISSING_FIELD,MISSING_FIELD,MISSING_FIELD,MISSING_FIELD,results/mid360_formal_batch1/zero_perturbation_v1_1_execution_v1/raw_runtime_snapshot/trial_results/FMB1-ZP11R1-FMB1-R02-S03-Q02-PCL/attempt-0001.json
FMB1-ZP11R1-FMB1-R02-S03-Q03-O3D,OPEN3D_POINT_TO_PLANE,True,COMPLETED,completed_finite_correspondences,OK,MISSING_FIELD,MISSING_FIELD,MISSING_FIELD,MISSING_FIELD,MISSING_FIELD,results/mid360_formal_batch1/zero_perturbation_v1_1_execution_v1/raw_runtime_snapshot/trial_results/FMB1-ZP11R1-FMB1-R02-S03-Q03-O3D/attempt-0001.json
FMB1-ZP11R1-FMB1-R02-S03-Q03-PCL,PCL_POINT_TO_PLANE,True,COMPLETED,completed_finite_correspondences,OK,MISSING_FIELD,MISSING_FIELD,MISSING_FIELD,MISSING_FIELD,MISSING_FIELD,results/mid360_formal_batch1/zero_perturbation_v1_1_execution_v1/raw_runtime_snapshot/trial_results/FMB1-ZP11R1-FMB1-R02-S03-Q03-PCL/attempt-0001.json
FMB1-ZP11R1-FMB1-R02-S03-Q04-O3D,OPEN3D_POINT_TO_PLANE,True,COMPLETED,completed_finite_correspondences,OK,MISSING_FIELD,MISSING_FIELD,MISSING_FIELD,MISSING_FIELD,MISSING_FIELD,results/mid360_formal_batch1/zero_perturbation_v1_1_execution_v1/raw_runtime_snapshot/trial_results/FMB1-ZP11R1-FMB1-R02-S03-Q04-O3D/attempt-0001.json
FMB1-ZP11R1-FMB1-R02-S03-Q04-PCL,PCL_POINT_TO_PLANE,True,COMPLETED,completed_finite_correspondences,OK,MISSING_FIELD,MISSING_FIELD,MISSING_FIELD,MISSING_FIELD,MISSING_FIELD,results/mid360_formal_batch1/zero_perturbation_v1_1_execution_v1/raw_runtime_snapshot/trial_results/FMB1-ZP11R1-FMB1-R02-S03-Q04-PCL/attempt-0001.json
FMB1-ZP11R1-FMB1-R02-S03-Q05-O3D,OPEN3D_POINT_TO_PLANE,True,COMPLETED,completed_finite_correspondences,OK,MISSING_FIELD,MISSING_FIELD,MISSING_FIELD,MISSING_FIELD,MISSING_FIELD,results/mid360_formal_batch1/zero_perturbation_v1_1_execution_v1/raw_runtime_snapshot/trial_results/FMB1-ZP11R1-FMB1-R02-S03-Q05-O3D/attempt-0001.json
FMB1-ZP11R1-FMB1-R02-S03-Q05-PCL,PCL_POINT_TO_PLANE,True,COMPLETED,completed_finite_correspondences,OK,MISSING_FIELD,MISSING_FIELD,MISSING_FIELD,MISSING_FIELD,MISSING_FIELD,results/mid360_formal_batch1/zero_perturbation_v1_1_execution_v1/raw_runtime_snapshot/trial_results/FMB1-ZP11R1-FMB1-R02-S03-Q05-PCL/attempt-0001.json
FMB1-ZP11R1-FMB1-R02-S03-Q06-O3D,OPEN3D_POINT_TO_PLANE,True,COMPLETED,completed_finite_correspondences,OK,MISSING_FIELD,MISSING_FIELD,MISSING_FIELD,MISSING_FIELD,MISSING_FIELD,results/mid360_formal_batch1/zero_perturbation_v1_1_execution_v1/raw_runtime_snapshot/trial_results/FMB1-ZP11R1-FMB1-R02-S03-Q06-O3D/attempt-0001.json
FMB1-ZP11R1-FMB1-R02-S03-Q06-PCL,PCL_POINT_TO_PLANE,True,COMPLETED,completed_finite_correspondences,OK,MISSING_FIELD,MISSING_FIELD,MISSING_FIELD,MISSING_FIELD,MISSING_FIELD,results/mid360_formal_batch1/zero_perturbation_v1_1_execution_v1/raw_runtime_snapshot/trial_results/FMB1-ZP11R1-FMB1-R02-S03-Q06-PCL/attempt-0001.json
FMB1-ZP11R1-FMB1-R02-S03-Q07-O3D,OPEN3D_POINT_TO_PLANE,True,COMPLETED,completed_finite_correspondences,OK,MISSING_FIELD,MISSING_FIELD,MISSING_FIELD,MISSING_FIELD,MISSING_FIELD,results/mid360_formal_batch1/zero_perturbation_v1_1_execution_v1/raw_runtime_snapshot/trial_results/FMB1-ZP11R1-FMB1-R02-S03-Q07-O3D/attempt-0001.json
FMB1-ZP11R1-FMB1-R02-S03-Q07-PCL,PCL_POINT_TO_PLANE,True,COMPLETED,completed_finite_correspondences,OK,MISSING_FIELD,MISSING_FIELD,MISSING_FIELD,MISSING_FIELD,MISSING_FIELD,results/mid360_formal_batch1/zero_perturbation_v1_1_execution_v1/raw_runtime_snapshot/trial_results/FMB1-ZP11R1-FMB1-R02-S03-Q07-PCL/attempt-0001.json
FMB1-ZP11R1-FMB1-R02-S03-Q08-O3D,OPEN3D_POINT_TO_PLANE,True,COMPLETED,completed_finite_correspondences,OK,MISSING_FIELD,MISSING_FIELD,MISSING_FIELD,MISSING_FIELD,MISSING_FIELD,results/mid360_formal_batch1/zero_perturbation_v1_1_execution_v1/raw_runtime_snapshot/trial_results/FMB1-ZP11R1-FMB1-R02-S03-Q08-O3D/attempt-0001.json
FMB1-ZP11R1-FMB1-R02-S03-Q08-PCL,PCL_POINT_TO_PLANE,True,COMPLETED,completed_finite_correspondences,OK,MISSING_FIELD,MISSING_FIELD,MISSING_FIELD,MISSING_FIELD,MISSING_FIELD,results/mid360_formal_batch1/zero_perturbation_v1_1_execution_v1/raw_runtime_snapshot/trial_results/FMB1-ZP11R1-FMB1-R02-S03-Q08-PCL/attempt-0001.json
FMB1-ZP11R1-FMB1-R02-S03-Q09-O3D,OPEN3D_POINT_TO_PLANE,True,COMPLETED,completed_finite_correspondences,OK,MISSING_FIELD,MISSING_FIELD,MISSING_FIELD,MISSING_FIELD,MISSING_FIELD,results/mid360_formal_batch1/zero_perturbation_v1_1_execution_v1/raw_runtime_snapshot/trial_results/FMB1-ZP11R1-FMB1-R02-S03-Q09-O3D/attempt-0001.json
FMB1-ZP11R1-FMB1-R02-S03-Q09-PCL,PCL_POINT_TO_PLANE,True,COMPLETED,completed_finite_correspondences,OK,MISSING_FIELD,MISSING_FIELD,MISSING_FIELD,MISSING_FIELD,MISSING_FIELD,results/mid360_formal_batch1/zero_perturbation_v1_1_execution_v1/raw_runtime_snapshot/trial_results/FMB1-ZP11R1-FMB1-R02-S03-Q09-PCL/attempt-0001.json
FMB1-ZP11R1-FMB1-R02-S03-Q10-O3D,OPEN3D_POINT_TO_PLANE,True,COMPLETED,completed_finite_correspondences,OK,MISSING_FIELD,MISSING_FIELD,MISSING_FIELD,MISSING_FIELD,MISSING_FIELD,results/mid360_formal_batch1/zero_perturbation_v1_1_execution_v1/raw_runtime_snapshot/trial_results/FMB1-ZP11R1-FMB1-R02-S03-Q10-O3D/attempt-0001.json
FMB1-ZP11R1-FMB1-R02-S03-Q10-PCL,PCL_POINT_TO_PLANE,True,COMPLETED,completed_finite_correspondences,OK,MISSING_FIELD,MISSING_FIELD,MISSING_FIELD,MISSING_FIELD,MISSING_FIELD,results/mid360_formal_batch1/zero_perturbation_v1_1_execution_v1/raw_runtime_snapshot/trial_results/FMB1-ZP11R1-FMB1-R02-S03-Q10-PCL/attempt-0001.json
FMB1-ZP11R1-FMB1-R03-S01-Q01-O3D,OPEN3D_POINT_TO_PLANE,True,COMPLETED,completed_finite_correspondences,OK,MISSING_FIELD,MISSING_FIELD,MISSING_FIELD,MISSING_FIELD,MISSING_FIELD,results/mid360_formal_batch1/zero_perturbation_v1_1_execution_v1/raw_runtime_snapshot/trial_results/FMB1-ZP11R1-FMB1-R03-S01-Q01-O3D/attempt-0001.json
FMB1-ZP11R1-FMB1-R03-S01-Q01-PCL,PCL_POINT_TO_PLANE,True,COMPLETED,completed_finite_correspondences,OK,MISSING_FIELD,MISSING_FIELD,MISSING_FIELD,MISSING_FIELD,MISSING_FIELD,results/mid360_formal_batch1/zero_perturbation_v1_1_execution_v1/raw_runtime_snapshot/trial_results/FMB1-ZP11R1-FMB1-R03-S01-Q01-PCL/attempt-0001.json
FMB1-ZP11R1-FMB1-R03-S01-Q02-O3D,OPEN3D_POINT_TO_PLANE,True,COMPLETED,completed_finite_correspondences,OK,MISSING_FIELD,MISSING_FIELD,MISSING_FIELD,MISSING_FIELD,MISSING_FIELD,results/mid360_formal_batch1/zero_perturbation_v1_1_execution_v1/raw_runtime_snapshot/trial_results/FMB1-ZP11R1-FMB1-R03-S01-Q02-O3D/attempt-0001.json
FMB1-ZP11R1-FMB1-R03-S01-Q02-PCL,PCL_POINT_TO_PLANE,True,COMPLETED,completed_finite_correspondences,OK,MISSING_FIELD,MISSING_FIELD,MISSING_FIELD,MISSING_FIELD,MISSING_FIELD,results/mid360_formal_batch1/zero_perturbation_v1_1_execution_v1/raw_runtime_snapshot/trial_results/FMB1-ZP11R1-FMB1-R03-S01-Q02-PCL/attempt-0001.json
FMB1-ZP11R1-FMB1-R03-S01-Q03-O3D,OPEN3D_POINT_TO_PLANE,True,COMPLETED,completed_finite_correspondences,OK,MISSING_FIELD,MISSING_FIELD,MISSING_FIELD,MISSING_FIELD,MISSING_FIELD,results/mid360_formal_batch1/zero_perturbation_v1_1_execution_v1/raw_runtime_snapshot/trial_results/FMB1-ZP11R1-FMB1-R03-S01-Q03-O3D/attempt-0001.json
FMB1-ZP11R1-FMB1-R03-S01-Q03-PCL,PCL_POINT_TO_PLANE,True,COMPLETED,completed_finite_correspondences,OK,MISSING_FIELD,MISSING_FIELD,MISSING_FIELD,MISSING_FIELD,MISSING_FIELD,results/mid360_formal_batch1/zero_perturbation_v1_1_execution_v1/raw_runtime_snapshot/trial_results/FMB1-ZP11R1-FMB1-R03-S01-Q03-PCL/attempt-0001.json
FMB1-ZP11R1-FMB1-R03-S01-Q04-O3D,OPEN3D_POINT_TO_PLANE,True,COMPLETED,completed_finite_correspondences,OK,MISSING_FIELD,MISSING_FIELD,MISSING_FIELD,MISSING_FIELD,MISSING_FIELD,results/mid360_formal_batch1/zero_perturbation_v1_1_execution_v1/raw_runtime_snapshot/trial_results/FMB1-ZP11R1-FMB1-R03-S01-Q04-O3D/attempt-0001.json
FMB1-ZP11R1-FMB1-R03-S01-Q04-PCL,PCL_POINT_TO_PLANE,True,COMPLETED,completed_finite_correspondences,OK,MISSING_FIELD,MISSING_FIELD,MISSING_FIELD,MISSING_FIELD,MISSING_FIELD,results/mid360_formal_batch1/zero_perturbation_v1_1_execution_v1/raw_runtime_snapshot/trial_results/FMB1-ZP11R1-FMB1-R03-S01-Q04-PCL/attempt-0001.json
FMB1-ZP11R1-FMB1-R03-S01-Q05-O3D,OPEN3D_POINT_TO_PLANE,True,COMPLETED,completed_finite_correspondences,OK,MISSING_FIELD,MISSING_FIELD,MISSING_FIELD,MISSING_FIELD,MISSING_FIELD,results/mid360_formal_batch1/zero_perturbation_v1_1_execution_v1/raw_runtime_snapshot/trial_results/FMB1-ZP11R1-FMB1-R03-S01-Q05-O3D/attempt-0001.json
FMB1-ZP11R1-FMB1-R03-S01-Q05-PCL,PCL_POINT_TO_PLANE,True,COMPLETED,completed_finite_correspondences,OK,MISSING_FIELD,MISSING_FIELD,MISSING_FIELD,MISSING_FIELD,MISSING_FIELD,results/mid360_formal_batch1/zero_perturbation_v1_1_execution_v1/raw_runtime_snapshot/trial_results/FMB1-ZP11R1-FMB1-R03-S01-Q05-PCL/attempt-0001.json
FMB1-ZP11R1-FMB1-R03-S01-Q06-O3D,OPEN3D_POINT_TO_PLANE,True,COMPLETED,completed_finite_correspondences,OK,MISSING_FIELD,MISSING_FIELD,MISSING_FIELD,MISSING_FIELD,MISSING_FIELD,results/mid360_formal_batch1/zero_perturbation_v1_1_execution_v1/raw_runtime_snapshot/trial_results/FMB1-ZP11R1-FMB1-R03-S01-Q06-O3D/attempt-0001.json
FMB1-ZP11R1-FMB1-R03-S01-Q06-PCL,PCL_POINT_TO_PLANE,True,COMPLETED,completed_finite_correspondences,OK,MISSING_FIELD,MISSING_FIELD,MISSING_FIELD,MISSING_FIELD,MISSING_FIELD,results/mid360_formal_batch1/zero_perturbation_v1_1_execution_v1/raw_runtime_snapshot/trial_results/FMB1-ZP11R1-FMB1-R03-S01-Q06-PCL/attempt-0001.json
FMB1-ZP11R1-FMB1-R03-S01-Q07-O3D,OPEN3D_POINT_TO_PLANE,True,COMPLETED,completed_finite_correspondences,OK,MISSING_FIELD,MISSING_FIELD,MISSING_FIELD,MISSING_FIELD,MISSING_FIELD,results/mid360_formal_batch1/zero_perturbation_v1_1_execution_v1/raw_runtime_snapshot/trial_results/FMB1-ZP11R1-FMB1-R03-S01-Q07-O3D/attempt-0001.json
FMB1-ZP11R1-FMB1-R03-S01-Q07-PCL,PCL_POINT_TO_PLANE,True,COMPLETED,completed_finite_correspondences,OK,MISSING_FIELD,MISSING_FIELD,MISSING_FIELD,MISSING_FIELD,MISSING_FIELD,results/mid360_formal_batch1/zero_perturbation_v1_1_execution_v1/raw_runtime_snapshot/trial_results/FMB1-ZP11R1-FMB1-R03-S01-Q07-PCL/attempt-0001.json
FMB1-ZP11R1-FMB1-R03-S01-Q08-O3D,OPEN3D_POINT_TO_PLANE,True,COMPLETED,completed_finite_correspondences,OK,MISSING_FIELD,MISSING_FIELD,MISSING_FIELD,MISSING_FIELD,MISSING_FIELD,results/mid360_formal_batch1/zero_perturbation_v1_1_execution_v1/raw_runtime_snapshot/trial_results/FMB1-ZP11R1-FMB1-R03-S01-Q08-O3D/attempt-0001.json
FMB1-ZP11R1-FMB1-R03-S01-Q08-PCL,PCL_POINT_TO_PLANE,True,COMPLETED,completed_finite_correspondences,OK,MISSING_FIELD,MISSING_FIELD,MISSING_FIELD,MISSING_FIELD,MISSING_FIELD,results/mid360_formal_batch1/zero_perturbation_v1_1_execution_v1/raw_runtime_snapshot/trial_results/FMB1-ZP11R1-FMB1-R03-S01-Q08-PCL/attempt-0001.json
FMB1-ZP11R1-FMB1-R03-S01-Q09-O3D,OPEN3D_POINT_TO_PLANE,True,COMPLETED,completed_finite_correspondences,OK,MISSING_FIELD,MISSING_FIELD,MISSING_FIELD,MISSING_FIELD,MISSING_FIELD,results/mid360_formal_batch1/zero_perturbation_v1_1_execution_v1/raw_runtime_snapshot/trial_results/FMB1-ZP11R1-FMB1-R03-S01-Q09-O3D/attempt-0001.json
FMB1-ZP11R1-FMB1-R03-S01-Q09-PCL,PCL_POINT_TO_PLANE,True,COMPLETED,completed_finite_correspondences,OK,MISSING_FIELD,MISSING_FIELD,MISSING_FIELD,MISSING_FIELD,MISSING_FIELD,results/mid360_formal_batch1/zero_perturbation_v1_1_execution_v1/raw_runtime_snapshot/trial_results/FMB1-ZP11R1-FMB1-R03-S01-Q09-PCL/attempt-0001.json
FMB1-ZP11R1-FMB1-R03-S01-Q10-O3D,OPEN3D_POINT_TO_PLANE,True,COMPLETED,completed_finite_correspondences,OK,MISSING_FIELD,MISSING_FIELD,MISSING_FIELD,MISSING_FIELD,MISSING_FIELD,results/mid360_formal_batch1/zero_perturbation_v1_1_execution_v1/raw_runtime_snapshot/trial_results/FMB1-ZP11R1-FMB1-R03-S01-Q10-O3D/attempt-0001.json
FMB1-ZP11R1-FMB1-R03-S01-Q10-PCL,PCL_POINT_TO_PLANE,True,COMPLETED,completed_finite_correspondences,OK,MISSING_FIELD,MISSING_FIELD,MISSING_FIELD,MISSING_FIELD,MISSING_FIELD,results/mid360_formal_batch1/zero_perturbation_v1_1_execution_v1/raw_runtime_snapshot/trial_results/FMB1-ZP11R1-FMB1-R03-S01-Q10-PCL/attempt-0001.json
FMB1-ZP11R1-FMB1-R03-S02-Q01-O3D,OPEN3D_POINT_TO_PLANE,True,COMPLETED,completed_finite_correspondences,OK,MISSING_FIELD,MISSING_FIELD,MISSING_FIELD,MISSING_FIELD,MISSING_FIELD,results/mid360_formal_batch1/zero_perturbation_v1_1_execution_v1/raw_runtime_snapshot/trial_results/FMB1-ZP11R1-FMB1-R03-S02-Q01-O3D/attempt-0001.json
FMB1-ZP11R1-FMB1-R03-S02-Q01-PCL,PCL_POINT_TO_PLANE,True,COMPLETED,completed_finite_correspondences,OK,MISSING_FIELD,MISSING_FIELD,MISSING_FIELD,MISSING_FIELD,MISSING_FIELD,results/mid360_formal_batch1/zero_perturbation_v1_1_execution_v1/raw_runtime_snapshot/trial_results/FMB1-ZP11R1-FMB1-R03-S02-Q01-PCL/attempt-0001.json
FMB1-ZP11R1-FMB1-R03-S02-Q02-O3D,OPEN3D_POINT_TO_PLANE,True,COMPLETED,completed_finite_correspondences,OK,MISSING_FIELD,MISSING_FIELD,MISSING_FIELD,MISSING_FIELD,MISSING_FIELD,results/mid360_formal_batch1/zero_perturbation_v1_1_execution_v1/raw_runtime_snapshot/trial_results/FMB1-ZP11R1-FMB1-R03-S02-Q02-O3D/attempt-0001.json
FMB1-ZP11R1-FMB1-R03-S02-Q02-PCL,PCL_POINT_TO_PLANE,True,COMPLETED,completed_finite_correspondences,OK,MISSING_FIELD,MISSING_FIELD,MISSING_FIELD,MISSING_FIELD,MISSING_FIELD,results/mid360_formal_batch1/zero_perturbation_v1_1_execution_v1/raw_runtime_snapshot/trial_results/FMB1-ZP11R1-FMB1-R03-S02-Q02-PCL/attempt-0001.json
FMB1-ZP11R1-FMB1-R03-S02-Q03-O3D,OPEN3D_POINT_TO_PLANE,True,COMPLETED,completed_finite_correspondences,OK,MISSING_FIELD,MISSING_FIELD,MISSING_FIELD,MISSING_FIELD,MISSING_FIELD,results/mid360_formal_batch1/zero_perturbation_v1_1_execution_v1/raw_runtime_snapshot/trial_results/FMB1-ZP11R1-FMB1-R03-S02-Q03-O3D/attempt-0001.json
FMB1-ZP11R1-FMB1-R03-S02-Q03-PCL,PCL_POINT_TO_PLANE,True,COMPLETED,completed_finite_correspondences,OK,MISSING_FIELD,MISSING_FIELD,MISSING_FIELD,MISSING_FIELD,MISSING_FIELD,results/mid360_formal_batch1/zero_perturbation_v1_1_execution_v1/raw_runtime_snapshot/trial_results/FMB1-ZP11R1-FMB1-R03-S02-Q03-PCL/attempt-0001.json
FMB1-ZP11R1-FMB1-R03-S02-Q04-O3D,OPEN3D_POINT_TO_PLANE,True,COMPLETED,completed_finite_correspondences,OK,MISSING_FIELD,MISSING_FIELD,MISSING_FIELD,MISSING_FIELD,MISSING_FIELD,results/mid360_formal_batch1/zero_perturbation_v1_1_execution_v1/raw_runtime_snapshot/trial_results/FMB1-ZP11R1-FMB1-R03-S02-Q04-O3D/attempt-0001.json
FMB1-ZP11R1-FMB1-R03-S02-Q04-PCL,PCL_POINT_TO_PLANE,True,COMPLETED,completed_finite_correspondences,OK,MISSING_FIELD,MISSING_FIELD,MISSING_FIELD,MISSING_FIELD,MISSING_FIELD,results/mid360_formal_batch1/zero_perturbation_v1_1_execution_v1/raw_runtime_snapshot/trial_results/FMB1-ZP11R1-FMB1-R03-S02-Q04-PCL/attempt-0001.json
FMB1-ZP11R1-FMB1-R03-S02-Q05-O3D,OPEN3D_POINT_TO_PLANE,True,COMPLETED,completed_finite_correspondences,OK,MISSING_FIELD,MISSING_FIELD,MISSING_FIELD,MISSING_FIELD,MISSING_FIELD,results/mid360_formal_batch1/zero_perturbation_v1_1_execution_v1/raw_runtime_snapshot/trial_results/FMB1-ZP11R1-FMB1-R03-S02-Q05-O3D/attempt-0001.json
FMB1-ZP11R1-FMB1-R03-S02-Q05-PCL,PCL_POINT_TO_PLANE,True,COMPLETED,completed_finite_correspondences,OK,MISSING_FIELD,MISSING_FIELD,MISSING_FIELD,MISSING_FIELD,MISSING_FIELD,results/mid360_formal_batch1/zero_perturbation_v1_1_execution_v1/raw_runtime_snapshot/trial_results/FMB1-ZP11R1-FMB1-R03-S02-Q05-PCL/attempt-0001.json
FMB1-ZP11R1-FMB1-R03-S02-Q06-O3D,OPEN3D_POINT_TO_PLANE,True,COMPLETED,completed_finite_correspondences,OK,MISSING_FIELD,MISSING_FIELD,MISSING_FIELD,MISSING_FIELD,MISSING_FIELD,results/mid360_formal_batch1/zero_perturbation_v1_1_execution_v1/raw_runtime_snapshot/trial_results/FMB1-ZP11R1-FMB1-R03-S02-Q06-O3D/attempt-0001.json
FMB1-ZP11R1-FMB1-R03-S02-Q06-PCL,PCL_POINT_TO_PLANE,True,COMPLETED,completed_finite_correspondences,OK,MISSING_FIELD,MISSING_FIELD,MISSING_FIELD,MISSING_FIELD,MISSING_FIELD,results/mid360_formal_batch1/zero_perturbation_v1_1_execution_v1/raw_runtime_snapshot/trial_results/FMB1-ZP11R1-FMB1-R03-S02-Q06-PCL/attempt-0001.json
FMB1-ZP11R1-FMB1-R03-S02-Q07-O3D,OPEN3D_POINT_TO_PLANE,True,COMPLETED,completed_finite_correspondences,OK,MISSING_FIELD,MISSING_FIELD,MISSING_FIELD,MISSING_FIELD,MISSING_FIELD,results/mid360_formal_batch1/zero_perturbation_v1_1_execution_v1/raw_runtime_snapshot/trial_results/FMB1-ZP11R1-FMB1-R03-S02-Q07-O3D/attempt-0001.json
FMB1-ZP11R1-FMB1-R03-S02-Q07-PCL,PCL_POINT_TO_PLANE,True,COMPLETED,completed_finite_correspondences,OK,MISSING_FIELD,MISSING_FIELD,MISSING_FIELD,MISSING_FIELD,MISSING_FIELD,results/mid360_formal_batch1/zero_perturbation_v1_1_execution_v1/raw_runtime_snapshot/trial_results/FMB1-ZP11R1-FMB1-R03-S02-Q07-PCL/attempt-0001.json
FMB1-ZP11R1-FMB1-R03-S02-Q08-O3D,OPEN3D_POINT_TO_PLANE,True,COMPLETED,completed_finite_correspondences,OK,MISSING_FIELD,MISSING_FIELD,MISSING_FIELD,MISSING_FIELD,MISSING_FIELD,results/mid360_formal_batch1/zero_perturbation_v1_1_execution_v1/raw_runtime_snapshot/trial_results/FMB1-ZP11R1-FMB1-R03-S02-Q08-O3D/attempt-0001.json
FMB1-ZP11R1-FMB1-R03-S02-Q08-PCL,PCL_POINT_TO_PLANE,True,COMPLETED,completed_finite_correspondences,OK,MISSING_FIELD,MISSING_FIELD,MISSING_FIELD,MISSING_FIELD,MISSING_FIELD,results/mid360_formal_batch1/zero_perturbation_v1_1_execution_v1/raw_runtime_snapshot/trial_results/FMB1-ZP11R1-FMB1-R03-S02-Q08-PCL/attempt-0001.json
FMB1-ZP11R1-FMB1-R03-S02-Q09-O3D,OPEN3D_POINT_TO_PLANE,True,COMPLETED,completed_finite_correspondences,OK,MISSING_FIELD,MISSING_FIELD,MISSING_FIELD,MISSING_FIELD,MISSING_FIELD,results/mid360_formal_batch1/zero_perturbation_v1_1_execution_v1/raw_runtime_snapshot/trial_results/FMB1-ZP11R1-FMB1-R03-S02-Q09-O3D/attempt-0001.json
FMB1-ZP11R1-FMB1-R03-S02-Q09-PCL,PCL_POINT_TO_PLANE,True,COMPLETED,completed_finite_correspondences,OK,MISSING_FIELD,MISSING_FIELD,MISSING_FIELD,MISSING_FIELD,MISSING_FIELD,results/mid360_formal_batch1/zero_perturbation_v1_1_execution_v1/raw_runtime_snapshot/trial_results/FMB1-ZP11R1-FMB1-R03-S02-Q09-PCL/attempt-0001.json
FMB1-ZP11R1-FMB1-R03-S02-Q10-O3D,OPEN3D_POINT_TO_PLANE,True,COMPLETED,completed_finite_correspondences,OK,MISSING_FIELD,MISSING_FIELD,MISSING_FIELD,MISSING_FIELD,MISSING_FIELD,results/mid360_formal_batch1/zero_perturbation_v1_1_execution_v1/raw_runtime_snapshot/trial_results/FMB1-ZP11R1-FMB1-R03-S02-Q10-O3D/attempt-0001.json
FMB1-ZP11R1-FMB1-R03-S02-Q10-PCL,PCL_POINT_TO_PLANE,True,COMPLETED,completed_finite_correspondences,OK,MISSING_FIELD,MISSING_FIELD,MISSING_FIELD,MISSING_FIELD,MISSING_FIELD,results/mid360_formal_batch1/zero_perturbation_v1_1_execution_v1/raw_runtime_snapshot/trial_results/FMB1-ZP11R1-FMB1-R03-S02-Q10-PCL/attempt-0001.json
FMB1-ZP11R1-FMB1-R03-S03-Q01-O3D,OPEN3D_POINT_TO_PLANE,True,COMPLETED,completed_finite_correspondences,OK,MISSING_FIELD,MISSING_FIELD,MISSING_FIELD,MISSING_FIELD,MISSING_FIELD,results/mid360_formal_batch1/zero_perturbation_v1_1_execution_v1/raw_runtime_snapshot/trial_results/FMB1-ZP11R1-FMB1-R03-S03-Q01-O3D/attempt-0001.json
FMB1-ZP11R1-FMB1-R03-S03-Q01-PCL,PCL_POINT_TO_PLANE,True,COMPLETED,completed_finite_correspondences,OK,MISSING_FIELD,MISSING_FIELD,MISSING_FIELD,MISSING_FIELD,MISSING_FIELD,results/mid360_formal_batch1/zero_perturbation_v1_1_execution_v1/raw_runtime_snapshot/trial_results/FMB1-ZP11R1-FMB1-R03-S03-Q01-PCL/attempt-0001.json
FMB1-ZP11R1-FMB1-R03-S03-Q02-O3D,OPEN3D_POINT_TO_PLANE,True,COMPLETED,completed_finite_correspondences,OK,MISSING_FIELD,MISSING_FIELD,MISSING_FIELD,MISSING_FIELD,MISSING_FIELD,results/mid360_formal_batch1/zero_perturbation_v1_1_execution_v1/raw_runtime_snapshot/trial_results/FMB1-ZP11R1-FMB1-R03-S03-Q02-O3D/attempt-0001.json
FMB1-ZP11R1-FMB1-R03-S03-Q02-PCL,PCL_POINT_TO_PLANE,True,COMPLETED,completed_finite_correspondences,OK,MISSING_FIELD,MISSING_FIELD,MISSING_FIELD,MISSING_FIELD,MISSING_FIELD,results/mid360_formal_batch1/zero_perturbation_v1_1_execution_v1/raw_runtime_snapshot/trial_results/FMB1-ZP11R1-FMB1-R03-S03-Q02-PCL/attempt-0001.json
FMB1-ZP11R1-FMB1-R03-S03-Q03-O3D,OPEN3D_POINT_TO_PLANE,True,COMPLETED,completed_finite_correspondences,OK,MISSING_FIELD,MISSING_FIELD,MISSING_FIELD,MISSING_FIELD,MISSING_FIELD,results/mid360_formal_batch1/zero_perturbation_v1_1_execution_v1/raw_runtime_snapshot/trial_results/FMB1-ZP11R1-FMB1-R03-S03-Q03-O3D/attempt-0001.json
FMB1-ZP11R1-FMB1-R03-S03-Q03-PCL,PCL_POINT_TO_PLANE,True,COMPLETED,completed_finite_correspondences,OK,MISSING_FIELD,MISSING_FIELD,MISSING_FIELD,MISSING_FIELD,MISSING_FIELD,results/mid360_formal_batch1/zero_perturbation_v1_1_execution_v1/raw_runtime_snapshot/trial_results/FMB1-ZP11R1-FMB1-R03-S03-Q03-PCL/attempt-0001.json
FMB1-ZP11R1-FMB1-R03-S03-Q04-O3D,OPEN3D_POINT_TO_PLANE,True,COMPLETED,completed_finite_correspondences,OK,MISSING_FIELD,MISSING_FIELD,MISSING_FIELD,MISSING_FIELD,MISSING_FIELD,results/mid360_formal_batch1/zero_perturbation_v1_1_execution_v1/raw_runtime_snapshot/trial_results/FMB1-ZP11R1-FMB1-R03-S03-Q04-O3D/attempt-0001.json
FMB1-ZP11R1-FMB1-R03-S03-Q04-PCL,PCL_POINT_TO_PLANE,True,COMPLETED,completed_finite_correspondences,OK,MISSING_FIELD,MISSING_FIELD,MISSING_FIELD,MISSING_FIELD,MISSING_FIELD,results/mid360_formal_batch1/zero_perturbation_v1_1_execution_v1/raw_runtime_snapshot/trial_results/FMB1-ZP11R1-FMB1-R03-S03-Q04-PCL/attempt-0001.json
FMB1-ZP11R1-FMB1-R03-S03-Q05-O3D,OPEN3D_POINT_TO_PLANE,True,COMPLETED,completed_finite_correspondences,OK,MISSING_FIELD,MISSING_FIELD,MISSING_FIELD,MISSING_FIELD,MISSING_FIELD,results/mid360_formal_batch1/zero_perturbation_v1_1_execution_v1/raw_runtime_snapshot/trial_results/FMB1-ZP11R1-FMB1-R03-S03-Q05-O3D/attempt-0001.json
FMB1-ZP11R1-FMB1-R03-S03-Q05-PCL,PCL_POINT_TO_PLANE,True,COMPLETED,completed_finite_correspondences,OK,MISSING_FIELD,MISSING_FIELD,MISSING_FIELD,MISSING_FIELD,MISSING_FIELD,results/mid360_formal_batch1/zero_perturbation_v1_1_execution_v1/raw_runtime_snapshot/trial_results/FMB1-ZP11R1-FMB1-R03-S03-Q05-PCL/attempt-0001.json
FMB1-ZP11R1-FMB1-R03-S03-Q06-O3D,OPEN3D_POINT_TO_PLANE,True,COMPLETED,completed_finite_correspondences,OK,MISSING_FIELD,MISSING_FIELD,MISSING_FIELD,MISSING_FIELD,MISSING_FIELD,results/mid360_formal_batch1/zero_perturbation_v1_1_execution_v1/raw_runtime_snapshot/trial_results/FMB1-ZP11R1-FMB1-R03-S03-Q06-O3D/attempt-0001.json
FMB1-ZP11R1-FMB1-R03-S03-Q06-PCL,PCL_POINT_TO_PLANE,True,COMPLETED,completed_finite_correspondences,OK,MISSING_FIELD,MISSING_FIELD,MISSING_FIELD,MISSING_FIELD,MISSING_FIELD,results/mid360_formal_batch1/zero_perturbation_v1_1_execution_v1/raw_runtime_snapshot/trial_results/FMB1-ZP11R1-FMB1-R03-S03-Q06-PCL/attempt-0001.json
FMB1-ZP11R1-FMB1-R03-S03-Q07-O3D,OPEN3D_POINT_TO_PLANE,True,COMPLETED,completed_finite_correspondences,OK,MISSING_FIELD,MISSING_FIELD,MISSING_FIELD,MISSING_FIELD,MISSING_FIELD,results/mid360_formal_batch1/zero_perturbation_v1_1_execution_v1/raw_runtime_snapshot/trial_results/FMB1-ZP11R1-FMB1-R03-S03-Q07-O3D/attempt-0001.json
FMB1-ZP11R1-FMB1-R03-S03-Q07-PCL,PCL_POINT_TO_PLANE,True,COMPLETED,completed_finite_correspondences,OK,MISSING_FIELD,MISSING_FIELD,MISSING_FIELD,MISSING_FIELD,MISSING_FIELD,results/mid360_formal_batch1/zero_perturbation_v1_1_execution_v1/raw_runtime_snapshot/trial_results/FMB1-ZP11R1-FMB1-R03-S03-Q07-PCL/attempt-0001.json
FMB1-ZP11R1-FMB1-R03-S03-Q08-O3D,OPEN3D_POINT_TO_PLANE,True,COMPLETED,completed_finite_correspondences,OK,MISSING_FIELD,MISSING_FIELD,MISSING_FIELD,MISSING_FIELD,MISSING_FIELD,results/mid360_formal_batch1/zero_perturbation_v1_1_execution_v1/raw_runtime_snapshot/trial_results/FMB1-ZP11R1-FMB1-R03-S03-Q08-O3D/attempt-0001.json
FMB1-ZP11R1-FMB1-R03-S03-Q08-PCL,PCL_POINT_TO_PLANE,True,COMPLETED,completed_finite_correspondences,OK,MISSING_FIELD,MISSING_FIELD,MISSING_FIELD,MISSING_FIELD,MISSING_FIELD,results/mid360_formal_batch1/zero_perturbation_v1_1_execution_v1/raw_runtime_snapshot/trial_results/FMB1-ZP11R1-FMB1-R03-S03-Q08-PCL/attempt-0001.json
FMB1-ZP11R1-FMB1-R03-S03-Q09-O3D,OPEN3D_POINT_TO_PLANE,True,COMPLETED,completed_finite_correspondences,OK,MISSING_FIELD,MISSING_FIELD,MISSING_FIELD,MISSING_FIELD,MISSING_FIELD,results/mid360_formal_batch1/zero_perturbation_v1_1_execution_v1/raw_runtime_snapshot/trial_results/FMB1-ZP11R1-FMB1-R03-S03-Q09-O3D/attempt-0001.json
FMB1-ZP11R1-FMB1-R03-S03-Q09-PCL,PCL_POINT_TO_PLANE,True,COMPLETED,completed_finite_correspondences,OK,MISSING_FIELD,MISSING_FIELD,MISSING_FIELD,MISSING_FIELD,MISSING_FIELD,results/mid360_formal_batch1/zero_perturbation_v1_1_execution_v1/raw_runtime_snapshot/trial_results/FMB1-ZP11R1-FMB1-R03-S03-Q09-PCL/attempt-0001.json
FMB1-ZP11R1-FMB1-R03-S03-Q10-O3D,OPEN3D_POINT_TO_PLANE,True,COMPLETED,completed_finite_correspondences,OK,MISSING_FIELD,MISSING_FIELD,MISSING_FIELD,MISSING_FIELD,MISSING_FIELD,results/mid360_formal_batch1/zero_perturbation_v1_1_execution_v1/raw_runtime_snapshot/trial_results/FMB1-ZP11R1-FMB1-R03-S03-Q10-O3D/attempt-0001.json
FMB1-ZP11R1-FMB1-R03-S03-Q10-PCL,PCL_POINT_TO_PLANE,True,COMPLETED,completed_finite_correspondences,OK,MISSING_FIELD,MISSING_FIELD,MISSING_FIELD,MISSING_FIELD,MISSING_FIELD,results/mid360_formal_batch1/zero_perturbation_v1_1_execution_v1/raw_runtime_snapshot/trial_results/FMB1-ZP11R1-FMB1-R03-S03-Q10-PCL/attempt-0001.json
FMB1-ZP11R1-FMB1-W01-S01-Q01-O3D,OPEN3D_POINT_TO_PLANE,True,COMPLETED,completed_finite_correspondences,OK,MISSING_FIELD,MISSING_FIELD,MISSING_FIELD,MISSING_FIELD,MISSING_FIELD,results/mid360_formal_batch1/zero_perturbation_v1_1_execution_v1/raw_runtime_snapshot/trial_results/FMB1-ZP11R1-FMB1-W01-S01-Q01-O3D/attempt-0001.json
FMB1-ZP11R1-FMB1-W01-S01-Q01-PCL,PCL_POINT_TO_PLANE,True,COMPLETED,completed_finite_correspondences,OK,MISSING_FIELD,MISSING_FIELD,MISSING_FIELD,MISSING_FIELD,MISSING_FIELD,results/mid360_formal_batch1/zero_perturbation_v1_1_execution_v1/raw_runtime_snapshot/trial_results/FMB1-ZP11R1-FMB1-W01-S01-Q01-PCL/attempt-0001.json
FMB1-ZP11R1-FMB1-W01-S01-Q02-O3D,OPEN3D_POINT_TO_PLANE,True,COMPLETED,completed_finite_correspondences,OK,MISSING_FIELD,MISSING_FIELD,MISSING_FIELD,MISSING_FIELD,MISSING_FIELD,results/mid360_formal_batch1/zero_perturbation_v1_1_execution_v1/raw_runtime_snapshot/trial_results/FMB1-ZP11R1-FMB1-W01-S01-Q02-O3D/attempt-0001.json
FMB1-ZP11R1-FMB1-W01-S01-Q02-PCL,PCL_POINT_TO_PLANE,True,COMPLETED,completed_finite_correspondences,OK,MISSING_FIELD,MISSING_FIELD,MISSING_FIELD,MISSING_FIELD,MISSING_FIELD,results/mid360_formal_batch1/zero_perturbation_v1_1_execution_v1/raw_runtime_snapshot/trial_results/FMB1-ZP11R1-FMB1-W01-S01-Q02-PCL/attempt-0001.json
FMB1-ZP11R1-FMB1-W01-S01-Q03-O3D,OPEN3D_POINT_TO_PLANE,True,COMPLETED,completed_finite_correspondences,OK,MISSING_FIELD,MISSING_FIELD,MISSING_FIELD,MISSING_FIELD,MISSING_FIELD,results/mid360_formal_batch1/zero_perturbation_v1_1_execution_v1/raw_runtime_snapshot/trial_results/FMB1-ZP11R1-FMB1-W01-S01-Q03-O3D/attempt-0001.json
FMB1-ZP11R1-FMB1-W01-S01-Q03-PCL,PCL_POINT_TO_PLANE,True,COMPLETED,completed_finite_correspondences,OK,MISSING_FIELD,MISSING_FIELD,MISSING_FIELD,MISSING_FIELD,MISSING_FIELD,results/mid360_formal_batch1/zero_perturbation_v1_1_execution_v1/raw_runtime_snapshot/trial_results/FMB1-ZP11R1-FMB1-W01-S01-Q03-PCL/attempt-0001.json
FMB1-ZP11R1-FMB1-W01-S01-Q04-O3D,OPEN3D_POINT_TO_PLANE,True,COMPLETED,completed_finite_correspondences,OK,MISSING_FIELD,MISSING_FIELD,MISSING_FIELD,MISSING_FIELD,MISSING_FIELD,results/mid360_formal_batch1/zero_perturbation_v1_1_execution_v1/raw_runtime_snapshot/trial_results/FMB1-ZP11R1-FMB1-W01-S01-Q04-O3D/attempt-0001.json
FMB1-ZP11R1-FMB1-W01-S01-Q04-PCL,PCL_POINT_TO_PLANE,True,COMPLETED,completed_finite_correspondences,OK,MISSING_FIELD,MISSING_FIELD,MISSING_FIELD,MISSING_FIELD,MISSING_FIELD,results/mid360_formal_batch1/zero_perturbation_v1_1_execution_v1/raw_runtime_snapshot/trial_results/FMB1-ZP11R1-FMB1-W01-S01-Q04-PCL/attempt-0001.json
FMB1-ZP11R1-FMB1-W01-S01-Q05-O3D,OPEN3D_POINT_TO_PLANE,True,COMPLETED,completed_finite_correspondences,OK,MISSING_FIELD,MISSING_FIELD,MISSING_FIELD,MISSING_FIELD,MISSING_FIELD,results/mid360_formal_batch1/zero_perturbation_v1_1_execution_v1/raw_runtime_snapshot/trial_results/FMB1-ZP11R1-FMB1-W01-S01-Q05-O3D/attempt-0001.json
FMB1-ZP11R1-FMB1-W01-S01-Q05-PCL,PCL_POINT_TO_PLANE,True,COMPLETED,completed_finite_correspondences,OK,MISSING_FIELD,MISSING_FIELD,MISSING_FIELD,MISSING_FIELD,MISSING_FIELD,results/mid360_formal_batch1/zero_perturbation_v1_1_execution_v1/raw_runtime_snapshot/trial_results/FMB1-ZP11R1-FMB1-W01-S01-Q05-PCL/attempt-0001.json
FMB1-ZP11R1-FMB1-W01-S01-Q06-O3D,OPEN3D_POINT_TO_PLANE,True,COMPLETED,completed_finite_correspondences,OK,MISSING_FIELD,MISSING_FIELD,MISSING_FIELD,MISSING_FIELD,MISSING_FIELD,results/mid360_formal_batch1/zero_perturbation_v1_1_execution_v1/raw_runtime_snapshot/trial_results/FMB1-ZP11R1-FMB1-W01-S01-Q06-O3D/attempt-0001.json
FMB1-ZP11R1-FMB1-W01-S01-Q06-PCL,PCL_POINT_TO_PLANE,True,COMPLETED,completed_finite_correspondences,OK,MISSING_FIELD,MISSING_FIELD,MISSING_FIELD,MISSING_FIELD,MISSING_FIELD,results/mid360_formal_batch1/zero_perturbation_v1_1_execution_v1/raw_runtime_snapshot/trial_results/FMB1-ZP11R1-FMB1-W01-S01-Q06-PCL/attempt-0001.json
FMB1-ZP11R1-FMB1-W01-S01-Q07-O3D,OPEN3D_POINT_TO_PLANE,True,COMPLETED,completed_finite_correspondences,OK,MISSING_FIELD,MISSING_FIELD,MISSING_FIELD,MISSING_FIELD,MISSING_FIELD,results/mid360_formal_batch1/zero_perturbation_v1_1_execution_v1/raw_runtime_snapshot/trial_results/FMB1-ZP11R1-FMB1-W01-S01-Q07-O3D/attempt-0001.json
FMB1-ZP11R1-FMB1-W01-S01-Q07-PCL,PCL_POINT_TO_PLANE,True,COMPLETED,completed_finite_correspondences,OK,MISSING_FIELD,MISSING_FIELD,MISSING_FIELD,MISSING_FIELD,MISSING_FIELD,results/mid360_formal_batch1/zero_perturbation_v1_1_execution_v1/raw_runtime_snapshot/trial_results/FMB1-ZP11R1-FMB1-W01-S01-Q07-PCL/attempt-0001.json
FMB1-ZP11R1-FMB1-W01-S01-Q08-O3D,OPEN3D_POINT_TO_PLANE,True,COMPLETED,completed_finite_correspondences,OK,MISSING_FIELD,MISSING_FIELD,MISSING_FIELD,MISSING_FIELD,MISSING_FIELD,results/mid360_formal_batch1/zero_perturbation_v1_1_execution_v1/raw_runtime_snapshot/trial_results/FMB1-ZP11R1-FMB1-W01-S01-Q08-O3D/attempt-0001.json
FMB1-ZP11R1-FMB1-W01-S01-Q08-PCL,PCL_POINT_TO_PLANE,True,COMPLETED,completed_finite_correspondences,OK,MISSING_FIELD,MISSING_FIELD,MISSING_FIELD,MISSING_FIELD,MISSING_FIELD,results/mid360_formal_batch1/zero_perturbation_v1_1_execution_v1/raw_runtime_snapshot/trial_results/FMB1-ZP11R1-FMB1-W01-S01-Q08-PCL/attempt-0001.json
FMB1-ZP11R1-FMB1-W01-S01-Q09-O3D,OPEN3D_POINT_TO_PLANE,True,COMPLETED,completed_finite_correspondences,OK,MISSING_FIELD,MISSING_FIELD,MISSING_FIELD,MISSING_FIELD,MISSING_FIELD,results/mid360_formal_batch1/zero_perturbation_v1_1_execution_v1/raw_runtime_snapshot/trial_results/FMB1-ZP11R1-FMB1-W01-S01-Q09-O3D/attempt-0001.json
FMB1-ZP11R1-FMB1-W01-S01-Q09-PCL,PCL_POINT_TO_PLANE,True,COMPLETED,completed_finite_correspondences,OK,MISSING_FIELD,MISSING_FIELD,MISSING_FIELD,MISSING_FIELD,MISSING_FIELD,results/mid360_formal_batch1/zero_perturbation_v1_1_execution_v1/raw_runtime_snapshot/trial_results/FMB1-ZP11R1-FMB1-W01-S01-Q09-PCL/attempt-0001.json
FMB1-ZP11R1-FMB1-W01-S01-Q10-O3D,OPEN3D_POINT_TO_PLANE,True,COMPLETED,completed_finite_correspondences,OK,MISSING_FIELD,MISSING_FIELD,MISSING_FIELD,MISSING_FIELD,MISSING_FIELD,results/mid360_formal_batch1/zero_perturbation_v1_1_execution_v1/raw_runtime_snapshot/trial_results/FMB1-ZP11R1-FMB1-W01-S01-Q10-O3D/attempt-0001.json
FMB1-ZP11R1-FMB1-W01-S01-Q10-PCL,PCL_POINT_TO_PLANE,True,COMPLETED,completed_finite_correspondences,OK,MISSING_FIELD,MISSING_FIELD,MISSING_FIELD,MISSING_FIELD,MISSING_FIELD,results/mid360_formal_batch1/zero_perturbation_v1_1_execution_v1/raw_runtime_snapshot/trial_results/FMB1-ZP11R1-FMB1-W01-S01-Q10-PCL/attempt-0001.json
FMB1-ZP11R1-FMB1-W01-S02-Q01-O3D,OPEN3D_POINT_TO_PLANE,True,COMPLETED,completed_finite_correspondences,OK,MISSING_FIELD,MISSING_FIELD,MISSING_FIELD,MISSING_FIELD,MISSING_FIELD,results/mid360_formal_batch1/zero_perturbation_v1_1_execution_v1/raw_runtime_snapshot/trial_results/FMB1-ZP11R1-FMB1-W01-S02-Q01-O3D/attempt-0001.json
FMB1-ZP11R1-FMB1-W01-S02-Q01-PCL,PCL_POINT_TO_PLANE,True,COMPLETED,completed_finite_correspondences,OK,MISSING_FIELD,MISSING_FIELD,MISSING_FIELD,MISSING_FIELD,MISSING_FIELD,results/mid360_formal_batch1/zero_perturbation_v1_1_execution_v1/raw_runtime_snapshot/trial_results/FMB1-ZP11R1-FMB1-W01-S02-Q01-PCL/attempt-0001.json
FMB1-ZP11R1-FMB1-W01-S02-Q02-O3D,OPEN3D_POINT_TO_PLANE,True,COMPLETED,completed_finite_correspondences,OK,MISSING_FIELD,MISSING_FIELD,MISSING_FIELD,MISSING_FIELD,MISSING_FIELD,results/mid360_formal_batch1/zero_perturbation_v1_1_execution_v1/raw_runtime_snapshot/trial_results/FMB1-ZP11R1-FMB1-W01-S02-Q02-O3D/attempt-0001.json
FMB1-ZP11R1-FMB1-W01-S02-Q02-PCL,PCL_POINT_TO_PLANE,True,COMPLETED,completed_finite_correspondences,OK,MISSING_FIELD,MISSING_FIELD,MISSING_FIELD,MISSING_FIELD,MISSING_FIELD,results/mid360_formal_batch1/zero_perturbation_v1_1_execution_v1/raw_runtime_snapshot/trial_results/FMB1-ZP11R1-FMB1-W01-S02-Q02-PCL/attempt-0001.json
FMB1-ZP11R1-FMB1-W01-S02-Q03-O3D,OPEN3D_POINT_TO_PLANE,True,COMPLETED,completed_finite_correspondences,OK,MISSING_FIELD,MISSING_FIELD,MISSING_FIELD,MISSING_FIELD,MISSING_FIELD,results/mid360_formal_batch1/zero_perturbation_v1_1_execution_v1/raw_runtime_snapshot/trial_results/FMB1-ZP11R1-FMB1-W01-S02-Q03-O3D/attempt-0001.json
FMB1-ZP11R1-FMB1-W01-S02-Q03-PCL,PCL_POINT_TO_PLANE,True,COMPLETED,completed_finite_correspondences,OK,MISSING_FIELD,MISSING_FIELD,MISSING_FIELD,MISSING_FIELD,MISSING_FIELD,results/mid360_formal_batch1/zero_perturbation_v1_1_execution_v1/raw_runtime_snapshot/trial_results/FMB1-ZP11R1-FMB1-W01-S02-Q03-PCL/attempt-0001.json
FMB1-ZP11R1-FMB1-W01-S02-Q04-O3D,OPEN3D_POINT_TO_PLANE,True,COMPLETED,completed_finite_correspondences,OK,MISSING_FIELD,MISSING_FIELD,MISSING_FIELD,MISSING_FIELD,MISSING_FIELD,results/mid360_formal_batch1/zero_perturbation_v1_1_execution_v1/raw_runtime_snapshot/trial_results/FMB1-ZP11R1-FMB1-W01-S02-Q04-O3D/attempt-0001.json
FMB1-ZP11R1-FMB1-W01-S02-Q04-PCL,PCL_POINT_TO_PLANE,True,COMPLETED,completed_finite_correspondences,OK,MISSING_FIELD,MISSING_FIELD,MISSING_FIELD,MISSING_FIELD,MISSING_FIELD,results/mid360_formal_batch1/zero_perturbation_v1_1_execution_v1/raw_runtime_snapshot/trial_results/FMB1-ZP11R1-FMB1-W01-S02-Q04-PCL/attempt-0001.json
FMB1-ZP11R1-FMB1-W01-S02-Q05-O3D,OPEN3D_POINT_TO_PLANE,True,COMPLETED,completed_finite_correspondences,OK,MISSING_FIELD,MISSING_FIELD,MISSING_FIELD,MISSING_FIELD,MISSING_FIELD,results/mid360_formal_batch1/zero_perturbation_v1_1_execution_v1/raw_runtime_snapshot/trial_results/FMB1-ZP11R1-FMB1-W01-S02-Q05-O3D/attempt-0001.json
FMB1-ZP11R1-FMB1-W01-S02-Q05-PCL,PCL_POINT_TO_PLANE,True,COMPLETED,completed_finite_correspondences,OK,MISSING_FIELD,MISSING_FIELD,MISSING_FIELD,MISSING_FIELD,MISSING_FIELD,results/mid360_formal_batch1/zero_perturbation_v1_1_execution_v1/raw_runtime_snapshot/trial_results/FMB1-ZP11R1-FMB1-W01-S02-Q05-PCL/attempt-0001.json
FMB1-ZP11R1-FMB1-W01-S02-Q06-O3D,OPEN3D_POINT_TO_PLANE,True,COMPLETED,completed_finite_correspondences,OK,MISSING_FIELD,MISSING_FIELD,MISSING_FIELD,MISSING_FIELD,MISSING_FIELD,results/mid360_formal_batch1/zero_perturbation_v1_1_execution_v1/raw_runtime_snapshot/trial_results/FMB1-ZP11R1-FMB1-W01-S02-Q06-O3D/attempt-0001.json
FMB1-ZP11R1-FMB1-W01-S02-Q06-PCL,PCL_POINT_TO_PLANE,True,COMPLETED,completed_finite_correspondences,OK,MISSING_FIELD,MISSING_FIELD,MISSING_FIELD,MISSING_FIELD,MISSING_FIELD,results/mid360_formal_batch1/zero_perturbation_v1_1_execution_v1/raw_runtime_snapshot/trial_results/FMB1-ZP11R1-FMB1-W01-S02-Q06-PCL/attempt-0001.json
FMB1-ZP11R1-FMB1-W01-S02-Q07-O3D,OPEN3D_POINT_TO_PLANE,True,COMPLETED,completed_finite_correspondences,OK,MISSING_FIELD,MISSING_FIELD,MISSING_FIELD,MISSING_FIELD,MISSING_FIELD,results/mid360_formal_batch1/zero_perturbation_v1_1_execution_v1/raw_runtime_snapshot/trial_results/FMB1-ZP11R1-FMB1-W01-S02-Q07-O3D/attempt-0001.json
FMB1-ZP11R1-FMB1-W01-S02-Q07-PCL,PCL_POINT_TO_PLANE,True,COMPLETED,completed_finite_correspondences,OK,MISSING_FIELD,MISSING_FIELD,MISSING_FIELD,MISSING_FIELD,MISSING_FIELD,results/mid360_formal_batch1/zero_perturbation_v1_1_execution_v1/raw_runtime_snapshot/trial_results/FMB1-ZP11R1-FMB1-W01-S02-Q07-PCL/attempt-0001.json
FMB1-ZP11R1-FMB1-W01-S02-Q08-O3D,OPEN3D_POINT_TO_PLANE,True,COMPLETED,completed_finite_correspondences,OK,MISSING_FIELD,MISSING_FIELD,MISSING_FIELD,MISSING_FIELD,MISSING_FIELD,results/mid360_formal_batch1/zero_perturbation_v1_1_execution_v1/raw_runtime_snapshot/trial_results/FMB1-ZP11R1-FMB1-W01-S02-Q08-O3D/attempt-0001.json
FMB1-ZP11R1-FMB1-W01-S02-Q08-PCL,PCL_POINT_TO_PLANE,True,COMPLETED,completed_finite_correspondences,OK,MISSING_FIELD,MISSING_FIELD,MISSING_FIELD,MISSING_FIELD,MISSING_FIELD,results/mid360_formal_batch1/zero_perturbation_v1_1_execution_v1/raw_runtime_snapshot/trial_results/FMB1-ZP11R1-FMB1-W01-S02-Q08-PCL/attempt-0001.json
FMB1-ZP11R1-FMB1-W01-S02-Q09-O3D,OPEN3D_POINT_TO_PLANE,True,COMPLETED,completed_finite_correspondences,OK,MISSING_FIELD,MISSING_FIELD,MISSING_FIELD,MISSING_FIELD,MISSING_FIELD,results/mid360_formal_batch1/zero_perturbation_v1_1_execution_v1/raw_runtime_snapshot/trial_results/FMB1-ZP11R1-FMB1-W01-S02-Q09-O3D/attempt-0001.json
FMB1-ZP11R1-FMB1-W01-S02-Q09-PCL,PCL_POINT_TO_PLANE,True,COMPLETED,completed_finite_correspondences,OK,MISSING_FIELD,MISSING_FIELD,MISSING_FIELD,MISSING_FIELD,MISSING_FIELD,results/mid360_formal_batch1/zero_perturbation_v1_1_execution_v1/raw_runtime_snapshot/trial_results/FMB1-ZP11R1-FMB1-W01-S02-Q09-PCL/attempt-0001.json
FMB1-ZP11R1-FMB1-W01-S02-Q10-O3D,OPEN3D_POINT_TO_PLANE,True,COMPLETED,completed_finite_correspondences,OK,MISSING_FIELD,MISSING_FIELD,MISSING_FIELD,MISSING_FIELD,MISSING_FIELD,results/mid360_formal_batch1/zero_perturbation_v1_1_execution_v1/raw_runtime_snapshot/trial_results/FMB1-ZP11R1-FMB1-W01-S02-Q10-O3D/attempt-0001.json
FMB1-ZP11R1-FMB1-W01-S02-Q10-PCL,PCL_POINT_TO_PLANE,True,COMPLETED,completed_finite_correspondences,OK,MISSING_FIELD,MISSING_FIELD,MISSING_FIELD,MISSING_FIELD,MISSING_FIELD,results/mid360_formal_batch1/zero_perturbation_v1_1_execution_v1/raw_runtime_snapshot/trial_results/FMB1-ZP11R1-FMB1-W01-S02-Q10-PCL/attempt-0001.json
FMB1-ZP11R1-FMB1-W01-S03-Q01-O3D,OPEN3D_POINT_TO_PLANE,True,COMPLETED,completed_finite_correspondences,OK,MISSING_FIELD,MISSING_FIELD,MISSING_FIELD,MISSING_FIELD,MISSING_FIELD,results/mid360_formal_batch1/zero_perturbation_v1_1_execution_v1/raw_runtime_snapshot/trial_results/FMB1-ZP11R1-FMB1-W01-S03-Q01-O3D/attempt-0001.json
FMB1-ZP11R1-FMB1-W01-S03-Q01-PCL,PCL_POINT_TO_PLANE,True,COMPLETED,completed_finite_correspondences,OK,MISSING_FIELD,MISSING_FIELD,MISSING_FIELD,MISSING_FIELD,MISSING_FIELD,results/mid360_formal_batch1/zero_perturbation_v1_1_execution_v1/raw_runtime_snapshot/trial_results/FMB1-ZP11R1-FMB1-W01-S03-Q01-PCL/attempt-0001.json
FMB1-ZP11R1-FMB1-W01-S03-Q02-O3D,OPEN3D_POINT_TO_PLANE,True,COMPLETED,completed_finite_correspondences,OK,MISSING_FIELD,MISSING_FIELD,MISSING_FIELD,MISSING_FIELD,MISSING_FIELD,results/mid360_formal_batch1/zero_perturbation_v1_1_execution_v1/raw_runtime_snapshot/trial_results/FMB1-ZP11R1-FMB1-W01-S03-Q02-O3D/attempt-0001.json
FMB1-ZP11R1-FMB1-W01-S03-Q02-PCL,PCL_POINT_TO_PLANE,True,COMPLETED,completed_finite_correspondences,OK,MISSING_FIELD,MISSING_FIELD,MISSING_FIELD,MISSING_FIELD,MISSING_FIELD,results/mid360_formal_batch1/zero_perturbation_v1_1_execution_v1/raw_runtime_snapshot/trial_results/FMB1-ZP11R1-FMB1-W01-S03-Q02-PCL/attempt-0001.json
FMB1-ZP11R1-FMB1-W01-S03-Q03-O3D,OPEN3D_POINT_TO_PLANE,True,COMPLETED,completed_finite_correspondences,OK,MISSING_FIELD,MISSING_FIELD,MISSING_FIELD,MISSING_FIELD,MISSING_FIELD,results/mid360_formal_batch1/zero_perturbation_v1_1_execution_v1/raw_runtime_snapshot/trial_results/FMB1-ZP11R1-FMB1-W01-S03-Q03-O3D/attempt-0001.json
FMB1-ZP11R1-FMB1-W01-S03-Q03-PCL,PCL_POINT_TO_PLANE,True,COMPLETED,completed_finite_correspondences,OK,MISSING_FIELD,MISSING_FIELD,MISSING_FIELD,MISSING_FIELD,MISSING_FIELD,results/mid360_formal_batch1/zero_perturbation_v1_1_execution_v1/raw_runtime_snapshot/trial_results/FMB1-ZP11R1-FMB1-W01-S03-Q03-PCL/attempt-0001.json
FMB1-ZP11R1-FMB1-W01-S03-Q04-O3D,OPEN3D_POINT_TO_PLANE,True,COMPLETED,completed_finite_correspondences,OK,MISSING_FIELD,MISSING_FIELD,MISSING_FIELD,MISSING_FIELD,MISSING_FIELD,results/mid360_formal_batch1/zero_perturbation_v1_1_execution_v1/raw_runtime_snapshot/trial_results/FMB1-ZP11R1-FMB1-W01-S03-Q04-O3D/attempt-0001.json
FMB1-ZP11R1-FMB1-W01-S03-Q04-PCL,PCL_POINT_TO_PLANE,True,COMPLETED,completed_finite_correspondences,OK,MISSING_FIELD,MISSING_FIELD,MISSING_FIELD,MISSING_FIELD,MISSING_FIELD,results/mid360_formal_batch1/zero_perturbation_v1_1_execution_v1/raw_runtime_snapshot/trial_results/FMB1-ZP11R1-FMB1-W01-S03-Q04-PCL/attempt-0001.json
FMB1-ZP11R1-FMB1-W01-S03-Q05-O3D,OPEN3D_POINT_TO_PLANE,True,COMPLETED,completed_finite_correspondences,OK,MISSING_FIELD,MISSING_FIELD,MISSING_FIELD,MISSING_FIELD,MISSING_FIELD,results/mid360_formal_batch1/zero_perturbation_v1_1_execution_v1/raw_runtime_snapshot/trial_results/FMB1-ZP11R1-FMB1-W01-S03-Q05-O3D/attempt-0001.json
FMB1-ZP11R1-FMB1-W01-S03-Q05-PCL,PCL_POINT_TO_PLANE,True,COMPLETED,completed_finite_correspondences,OK,MISSING_FIELD,MISSING_FIELD,MISSING_FIELD,MISSING_FIELD,MISSING_FIELD,results/mid360_formal_batch1/zero_perturbation_v1_1_execution_v1/raw_runtime_snapshot/trial_results/FMB1-ZP11R1-FMB1-W01-S03-Q05-PCL/attempt-0001.json
FMB1-ZP11R1-FMB1-W01-S03-Q06-O3D,OPEN3D_POINT_TO_PLANE,True,COMPLETED,completed_finite_correspondences,OK,MISSING_FIELD,MISSING_FIELD,MISSING_FIELD,MISSING_FIELD,MISSING_FIELD,results/mid360_formal_batch1/zero_perturbation_v1_1_execution_v1/raw_runtime_snapshot/trial_results/FMB1-ZP11R1-FMB1-W01-S03-Q06-O3D/attempt-0001.json
FMB1-ZP11R1-FMB1-W01-S03-Q06-PCL,PCL_POINT_TO_PLANE,True,COMPLETED,completed_finite_correspondences,OK,MISSING_FIELD,MISSING_FIELD,MISSING_FIELD,MISSING_FIELD,MISSING_FIELD,results/mid360_formal_batch1/zero_perturbation_v1_1_execution_v1/raw_runtime_snapshot/trial_results/FMB1-ZP11R1-FMB1-W01-S03-Q06-PCL/attempt-0001.json
FMB1-ZP11R1-FMB1-W01-S03-Q07-O3D,OPEN3D_POINT_TO_PLANE,True,COMPLETED,completed_finite_correspondences,OK,MISSING_FIELD,MISSING_FIELD,MISSING_FIELD,MISSING_FIELD,MISSING_FIELD,results/mid360_formal_batch1/zero_perturbation_v1_1_execution_v1/raw_runtime_snapshot/trial_results/FMB1-ZP11R1-FMB1-W01-S03-Q07-O3D/attempt-0001.json
FMB1-ZP11R1-FMB1-W01-S03-Q07-PCL,PCL_POINT_TO_PLANE,True,COMPLETED,completed_finite_correspondences,OK,MISSING_FIELD,MISSING_FIELD,MISSING_FIELD,MISSING_FIELD,MISSING_FIELD,results/mid360_formal_batch1/zero_perturbation_v1_1_execution_v1/raw_runtime_snapshot/trial_results/FMB1-ZP11R1-FMB1-W01-S03-Q07-PCL/attempt-0001.json
FMB1-ZP11R1-FMB1-W01-S03-Q08-O3D,OPEN3D_POINT_TO_PLANE,True,COMPLETED,completed_finite_correspondences,OK,MISSING_FIELD,MISSING_FIELD,MISSING_FIELD,MISSING_FIELD,MISSING_FIELD,results/mid360_formal_batch1/zero_perturbation_v1_1_execution_v1/raw_runtime_snapshot/trial_results/FMB1-ZP11R1-FMB1-W01-S03-Q08-O3D/attempt-0001.json
FMB1-ZP11R1-FMB1-W01-S03-Q08-PCL,PCL_POINT_TO_PLANE,True,COMPLETED,completed_finite_correspondences,OK,MISSING_FIELD,MISSING_FIELD,MISSING_FIELD,MISSING_FIELD,MISSING_FIELD,results/mid360_formal_batch1/zero_perturbation_v1_1_execution_v1/raw_runtime_snapshot/trial_results/FMB1-ZP11R1-FMB1-W01-S03-Q08-PCL/attempt-0001.json
FMB1-ZP11R1-FMB1-W01-S03-Q09-O3D,OPEN3D_POINT_TO_PLANE,True,COMPLETED,completed_finite_correspondences,OK,MISSING_FIELD,MISSING_FIELD,MISSING_FIELD,MISSING_FIELD,MISSING_FIELD,results/mid360_formal_batch1/zero_perturbation_v1_1_execution_v1/raw_runtime_snapshot/trial_results/FMB1-ZP11R1-FMB1-W01-S03-Q09-O3D/attempt-0001.json
FMB1-ZP11R1-FMB1-W01-S03-Q09-PCL,PCL_POINT_TO_PLANE,True,COMPLETED,completed_finite_correspondences,OK,MISSING_FIELD,MISSING_FIELD,MISSING_FIELD,MISSING_FIELD,MISSING_FIELD,results/mid360_formal_batch1/zero_perturbation_v1_1_execution_v1/raw_runtime_snapshot/trial_results/FMB1-ZP11R1-FMB1-W01-S03-Q09-PCL/attempt-0001.json
FMB1-ZP11R1-FMB1-W01-S03-Q10-O3D,OPEN3D_POINT_TO_PLANE,True,COMPLETED,completed_finite_correspondences,OK,MISSING_FIELD,MISSING_FIELD,MISSING_FIELD,MISSING_FIELD,MISSING_FIELD,results/mid360_formal_batch1/zero_perturbation_v1_1_execution_v1/raw_runtime_snapshot/trial_results/FMB1-ZP11R1-FMB1-W01-S03-Q10-O3D/attempt-0001.json
FMB1-ZP11R1-FMB1-W01-S03-Q10-PCL,PCL_POINT_TO_PLANE,True,COMPLETED,completed_finite_correspondences,OK,MISSING_FIELD,MISSING_FIELD,MISSING_FIELD,MISSING_FIELD,MISSING_FIELD,results/mid360_formal_batch1/zero_perturbation_v1_1_execution_v1/raw_runtime_snapshot/trial_results/FMB1-ZP11R1-FMB1-W01-S03-Q10-PCL/attempt-0001.json
FMB1-ZP11R1-FMB1-W02-S01-Q01-O3D,OPEN3D_POINT_TO_PLANE,True,COMPLETED,completed_finite_correspondences,OK,MISSING_FIELD,MISSING_FIELD,MISSING_FIELD,MISSING_FIELD,MISSING_FIELD,results/mid360_formal_batch1/zero_perturbation_v1_1_execution_v1/raw_runtime_snapshot/trial_results/FMB1-ZP11R1-FMB1-W02-S01-Q01-O3D/attempt-0001.json
FMB1-ZP11R1-FMB1-W02-S01-Q01-PCL,PCL_POINT_TO_PLANE,True,COMPLETED,completed_finite_correspondences,OK,MISSING_FIELD,MISSING_FIELD,MISSING_FIELD,MISSING_FIELD,MISSING_FIELD,results/mid360_formal_batch1/zero_perturbation_v1_1_execution_v1/raw_runtime_snapshot/trial_results/FMB1-ZP11R1-FMB1-W02-S01-Q01-PCL/attempt-0001.json
FMB1-ZP11R1-FMB1-W02-S01-Q02-O3D,OPEN3D_POINT_TO_PLANE,True,COMPLETED,completed_finite_correspondences,OK,MISSING_FIELD,MISSING_FIELD,MISSING_FIELD,MISSING_FIELD,MISSING_FIELD,results/mid360_formal_batch1/zero_perturbation_v1_1_execution_v1/raw_runtime_snapshot/trial_results/FMB1-ZP11R1-FMB1-W02-S01-Q02-O3D/attempt-0001.json
FMB1-ZP11R1-FMB1-W02-S01-Q02-PCL,PCL_POINT_TO_PLANE,True,COMPLETED,completed_finite_correspondences,OK,MISSING_FIELD,MISSING_FIELD,MISSING_FIELD,MISSING_FIELD,MISSING_FIELD,results/mid360_formal_batch1/zero_perturbation_v1_1_execution_v1/raw_runtime_snapshot/trial_results/FMB1-ZP11R1-FMB1-W02-S01-Q02-PCL/attempt-0001.json
FMB1-ZP11R1-FMB1-W02-S01-Q03-O3D,OPEN3D_POINT_TO_PLANE,True,COMPLETED,completed_finite_correspondences,OK,MISSING_FIELD,MISSING_FIELD,MISSING_FIELD,MISSING_FIELD,MISSING_FIELD,results/mid360_formal_batch1/zero_perturbation_v1_1_execution_v1/raw_runtime_snapshot/trial_results/FMB1-ZP11R1-FMB1-W02-S01-Q03-O3D/attempt-0001.json
FMB1-ZP11R1-FMB1-W02-S01-Q03-PCL,PCL_POINT_TO_PLANE,True,COMPLETED,completed_finite_correspondences,OK,MISSING_FIELD,MISSING_FIELD,MISSING_FIELD,MISSING_FIELD,MISSING_FIELD,results/mid360_formal_batch1/zero_perturbation_v1_1_execution_v1/raw_runtime_snapshot/trial_results/FMB1-ZP11R1-FMB1-W02-S01-Q03-PCL/attempt-0001.json
FMB1-ZP11R1-FMB1-W02-S01-Q04-O3D,OPEN3D_POINT_TO_PLANE,True,COMPLETED,completed_finite_correspondences,OK,MISSING_FIELD,MISSING_FIELD,MISSING_FIELD,MISSING_FIELD,MISSING_FIELD,results/mid360_formal_batch1/zero_perturbation_v1_1_execution_v1/raw_runtime_snapshot/trial_results/FMB1-ZP11R1-FMB1-W02-S01-Q04-O3D/attempt-0001.json
FMB1-ZP11R1-FMB1-W02-S01-Q04-PCL,PCL_POINT_TO_PLANE,True,COMPLETED,completed_finite_correspondences,OK,MISSING_FIELD,MISSING_FIELD,MISSING_FIELD,MISSING_FIELD,MISSING_FIELD,results/mid360_formal_batch1/zero_perturbation_v1_1_execution_v1/raw_runtime_snapshot/trial_results/FMB1-ZP11R1-FMB1-W02-S01-Q04-PCL/attempt-0001.json
FMB1-ZP11R1-FMB1-W02-S01-Q05-O3D,OPEN3D_POINT_TO_PLANE,True,COMPLETED,completed_finite_correspondences,OK,MISSING_FIELD,MISSING_FIELD,MISSING_FIELD,MISSING_FIELD,MISSING_FIELD,results/mid360_formal_batch1/zero_perturbation_v1_1_execution_v1/raw_runtime_snapshot/trial_results/FMB1-ZP11R1-FMB1-W02-S01-Q05-O3D/attempt-0001.json
FMB1-ZP11R1-FMB1-W02-S01-Q05-PCL,PCL_POINT_TO_PLANE,True,COMPLETED,completed_finite_correspondences,OK,MISSING_FIELD,MISSING_FIELD,MISSING_FIELD,MISSING_FIELD,MISSING_FIELD,results/mid360_formal_batch1/zero_perturbation_v1_1_execution_v1/raw_runtime_snapshot/trial_results/FMB1-ZP11R1-FMB1-W02-S01-Q05-PCL/attempt-0001.json
FMB1-ZP11R1-FMB1-W02-S01-Q06-O3D,OPEN3D_POINT_TO_PLANE,True,COMPLETED,completed_finite_correspondences,OK,MISSING_FIELD,MISSING_FIELD,MISSING_FIELD,MISSING_FIELD,MISSING_FIELD,results/mid360_formal_batch1/zero_perturbation_v1_1_execution_v1/raw_runtime_snapshot/trial_results/FMB1-ZP11R1-FMB1-W02-S01-Q06-O3D/attempt-0001.json
FMB1-ZP11R1-FMB1-W02-S01-Q06-PCL,PCL_POINT_TO_PLANE,True,COMPLETED,completed_finite_correspondences,OK,MISSING_FIELD,MISSING_FIELD,MISSING_FIELD,MISSING_FIELD,MISSING_FIELD,results/mid360_formal_batch1/zero_perturbation_v1_1_execution_v1/raw_runtime_snapshot/trial_results/FMB1-ZP11R1-FMB1-W02-S01-Q06-PCL/attempt-0001.json
FMB1-ZP11R1-FMB1-W02-S01-Q07-O3D,OPEN3D_POINT_TO_PLANE,True,COMPLETED,completed_finite_correspondences,OK,MISSING_FIELD,MISSING_FIELD,MISSING_FIELD,MISSING_FIELD,MISSING_FIELD,results/mid360_formal_batch1/zero_perturbation_v1_1_execution_v1/raw_runtime_snapshot/trial_results/FMB1-ZP11R1-FMB1-W02-S01-Q07-O3D/attempt-0001.json
FMB1-ZP11R1-FMB1-W02-S01-Q07-PCL,PCL_POINT_TO_PLANE,True,COMPLETED,completed_finite_correspondences,OK,MISSING_FIELD,MISSING_FIELD,MISSING_FIELD,MISSING_FIELD,MISSING_FIELD,results/mid360_formal_batch1/zero_perturbation_v1_1_execution_v1/raw_runtime_snapshot/trial_results/FMB1-ZP11R1-FMB1-W02-S01-Q07-PCL/attempt-0001.json
FMB1-ZP11R1-FMB1-W02-S01-Q08-O3D,OPEN3D_POINT_TO_PLANE,True,COMPLETED,completed_finite_correspondences,OK,MISSING_FIELD,MISSING_FIELD,MISSING_FIELD,MISSING_FIELD,MISSING_FIELD,results/mid360_formal_batch1/zero_perturbation_v1_1_execution_v1/raw_runtime_snapshot/trial_results/FMB1-ZP11R1-FMB1-W02-S01-Q08-O3D/attempt-0001.json
FMB1-ZP11R1-FMB1-W02-S01-Q08-PCL,PCL_POINT_TO_PLANE,True,COMPLETED,completed_finite_correspondences,OK,MISSING_FIELD,MISSING_FIELD,MISSING_FIELD,MISSING_FIELD,MISSING_FIELD,results/mid360_formal_batch1/zero_perturbation_v1_1_execution_v1/raw_runtime_snapshot/trial_results/FMB1-ZP11R1-FMB1-W02-S01-Q08-PCL/attempt-0001.json
FMB1-ZP11R1-FMB1-W02-S01-Q09-O3D,OPEN3D_POINT_TO_PLANE,True,COMPLETED,completed_finite_correspondences,OK,MISSING_FIELD,MISSING_FIELD,MISSING_FIELD,MISSING_FIELD,MISSING_FIELD,results/mid360_formal_batch1/zero_perturbation_v1_1_execution_v1/raw_runtime_snapshot/trial_results/FMB1-ZP11R1-FMB1-W02-S01-Q09-O3D/attempt-0001.json
FMB1-ZP11R1-FMB1-W02-S01-Q09-PCL,PCL_POINT_TO_PLANE,True,COMPLETED,completed_finite_correspondences,OK,MISSING_FIELD,MISSING_FIELD,MISSING_FIELD,MISSING_FIELD,MISSING_FIELD,results/mid360_formal_batch1/zero_perturbation_v1_1_execution_v1/raw_runtime_snapshot/trial_results/FMB1-ZP11R1-FMB1-W02-S01-Q09-PCL/attempt-0001.json
FMB1-ZP11R1-FMB1-W02-S01-Q10-O3D,OPEN3D_POINT_TO_PLANE,True,COMPLETED,completed_finite_correspondences,OK,MISSING_FIELD,MISSING_FIELD,MISSING_FIELD,MISSING_FIELD,MISSING_FIELD,results/mid360_formal_batch1/zero_perturbation_v1_1_execution_v1/raw_runtime_snapshot/trial_results/FMB1-ZP11R1-FMB1-W02-S01-Q10-O3D/attempt-0001.json
FMB1-ZP11R1-FMB1-W02-S01-Q10-PCL,PCL_POINT_TO_PLANE,True,COMPLETED,completed_finite_correspondences,OK,MISSING_FIELD,MISSING_FIELD,MISSING_FIELD,MISSING_FIELD,MISSING_FIELD,results/mid360_formal_batch1/zero_perturbation_v1_1_execution_v1/raw_runtime_snapshot/trial_results/FMB1-ZP11R1-FMB1-W02-S01-Q10-PCL/attempt-0001.json
FMB1-ZP11R1-FMB1-W02-S02-Q01-O3D,OPEN3D_POINT_TO_PLANE,True,COMPLETED,completed_finite_correspondences,OK,MISSING_FIELD,MISSING_FIELD,MISSING_FIELD,MISSING_FIELD,MISSING_FIELD,results/mid360_formal_batch1/zero_perturbation_v1_1_execution_v1/raw_runtime_snapshot/trial_results/FMB1-ZP11R1-FMB1-W02-S02-Q01-O3D/attempt-0001.json
FMB1-ZP11R1-FMB1-W02-S02-Q01-PCL,PCL_POINT_TO_PLANE,True,COMPLETED,completed_finite_correspondences,OK,MISSING_FIELD,MISSING_FIELD,MISSING_FIELD,MISSING_FIELD,MISSING_FIELD,results/mid360_formal_batch1/zero_perturbation_v1_1_execution_v1/raw_runtime_snapshot/trial_results/FMB1-ZP11R1-FMB1-W02-S02-Q01-PCL/attempt-0001.json
FMB1-ZP11R1-FMB1-W02-S02-Q02-O3D,OPEN3D_POINT_TO_PLANE,True,COMPLETED,completed_finite_correspondences,OK,MISSING_FIELD,MISSING_FIELD,MISSING_FIELD,MISSING_FIELD,MISSING_FIELD,results/mid360_formal_batch1/zero_perturbation_v1_1_execution_v1/raw_runtime_snapshot/trial_results/FMB1-ZP11R1-FMB1-W02-S02-Q02-O3D/attempt-0001.json
FMB1-ZP11R1-FMB1-W02-S02-Q02-PCL,PCL_POINT_TO_PLANE,True,COMPLETED,completed_finite_correspondences,OK,MISSING_FIELD,MISSING_FIELD,MISSING_FIELD,MISSING_FIELD,MISSING_FIELD,results/mid360_formal_batch1/zero_perturbation_v1_1_execution_v1/raw_runtime_snapshot/trial_results/FMB1-ZP11R1-FMB1-W02-S02-Q02-PCL/attempt-0001.json
FMB1-ZP11R1-FMB1-W02-S02-Q03-O3D,OPEN3D_POINT_TO_PLANE,True,COMPLETED,completed_finite_correspondences,OK,MISSING_FIELD,MISSING_FIELD,MISSING_FIELD,MISSING_FIELD,MISSING_FIELD,results/mid360_formal_batch1/zero_perturbation_v1_1_execution_v1/raw_runtime_snapshot/trial_results/FMB1-ZP11R1-FMB1-W02-S02-Q03-O3D/attempt-0001.json
FMB1-ZP11R1-FMB1-W02-S02-Q03-PCL,PCL_POINT_TO_PLANE,True,COMPLETED,completed_finite_correspondences,OK,MISSING_FIELD,MISSING_FIELD,MISSING_FIELD,MISSING_FIELD,MISSING_FIELD,results/mid360_formal_batch1/zero_perturbation_v1_1_execution_v1/raw_runtime_snapshot/trial_results/FMB1-ZP11R1-FMB1-W02-S02-Q03-PCL/attempt-0001.json
FMB1-ZP11R1-FMB1-W02-S02-Q04-O3D,OPEN3D_POINT_TO_PLANE,True,COMPLETED,completed_finite_correspondences,OK,MISSING_FIELD,MISSING_FIELD,MISSING_FIELD,MISSING_FIELD,MISSING_FIELD,results/mid360_formal_batch1/zero_perturbation_v1_1_execution_v1/raw_runtime_snapshot/trial_results/FMB1-ZP11R1-FMB1-W02-S02-Q04-O3D/attempt-0001.json
FMB1-ZP11R1-FMB1-W02-S02-Q04-PCL,PCL_POINT_TO_PLANE,True,COMPLETED,completed_finite_correspondences,OK,MISSING_FIELD,MISSING_FIELD,MISSING_FIELD,MISSING_FIELD,MISSING_FIELD,results/mid360_formal_batch1/zero_perturbation_v1_1_execution_v1/raw_runtime_snapshot/trial_results/FMB1-ZP11R1-FMB1-W02-S02-Q04-PCL/attempt-0001.json
FMB1-ZP11R1-FMB1-W02-S02-Q05-O3D,OPEN3D_POINT_TO_PLANE,True,COMPLETED,completed_finite_correspondences,OK,MISSING_FIELD,MISSING_FIELD,MISSING_FIELD,MISSING_FIELD,MISSING_FIELD,results/mid360_formal_batch1/zero_perturbation_v1_1_execution_v1/raw_runtime_snapshot/trial_results/FMB1-ZP11R1-FMB1-W02-S02-Q05-O3D/attempt-0001.json
FMB1-ZP11R1-FMB1-W02-S02-Q05-PCL,PCL_POINT_TO_PLANE,True,COMPLETED,completed_finite_correspondences,OK,MISSING_FIELD,MISSING_FIELD,MISSING_FIELD,MISSING_FIELD,MISSING_FIELD,results/mid360_formal_batch1/zero_perturbation_v1_1_execution_v1/raw_runtime_snapshot/trial_results/FMB1-ZP11R1-FMB1-W02-S02-Q05-PCL/attempt-0001.json
FMB1-ZP11R1-FMB1-W02-S02-Q06-O3D,OPEN3D_POINT_TO_PLANE,True,COMPLETED,completed_finite_correspondences,OK,MISSING_FIELD,MISSING_FIELD,MISSING_FIELD,MISSING_FIELD,MISSING_FIELD,results/mid360_formal_batch1/zero_perturbation_v1_1_execution_v1/raw_runtime_snapshot/trial_results/FMB1-ZP11R1-FMB1-W02-S02-Q06-O3D/attempt-0001.json
FMB1-ZP11R1-FMB1-W02-S02-Q06-PCL,PCL_POINT_TO_PLANE,True,COMPLETED,completed_finite_correspondences,OK,MISSING_FIELD,MISSING_FIELD,MISSING_FIELD,MISSING_FIELD,MISSING_FIELD,results/mid360_formal_batch1/zero_perturbation_v1_1_execution_v1/raw_runtime_snapshot/trial_results/FMB1-ZP11R1-FMB1-W02-S02-Q06-PCL/attempt-0001.json
FMB1-ZP11R1-FMB1-W02-S02-Q07-O3D,OPEN3D_POINT_TO_PLANE,True,COMPLETED,completed_finite_correspondences,OK,MISSING_FIELD,MISSING_FIELD,MISSING_FIELD,MISSING_FIELD,MISSING_FIELD,results/mid360_formal_batch1/zero_perturbation_v1_1_execution_v1/raw_runtime_snapshot/trial_results/FMB1-ZP11R1-FMB1-W02-S02-Q07-O3D/attempt-0001.json
FMB1-ZP11R1-FMB1-W02-S02-Q07-PCL,PCL_POINT_TO_PLANE,True,COMPLETED,completed_finite_correspondences,OK,MISSING_FIELD,MISSING_FIELD,MISSING_FIELD,MISSING_FIELD,MISSING_FIELD,results/mid360_formal_batch1/zero_perturbation_v1_1_execution_v1/raw_runtime_snapshot/trial_results/FMB1-ZP11R1-FMB1-W02-S02-Q07-PCL/attempt-0001.json
FMB1-ZP11R1-FMB1-W02-S02-Q08-O3D,OPEN3D_POINT_TO_PLANE,True,COMPLETED,completed_finite_correspondences,OK,MISSING_FIELD,MISSING_FIELD,MISSING_FIELD,MISSING_FIELD,MISSING_FIELD,results/mid360_formal_batch1/zero_perturbation_v1_1_execution_v1/raw_runtime_snapshot/trial_results/FMB1-ZP11R1-FMB1-W02-S02-Q08-O3D/attempt-0001.json
FMB1-ZP11R1-FMB1-W02-S02-Q08-PCL,PCL_POINT_TO_PLANE,True,COMPLETED,completed_finite_correspondences,OK,MISSING_FIELD,MISSING_FIELD,MISSING_FIELD,MISSING_FIELD,MISSING_FIELD,results/mid360_formal_batch1/zero_perturbation_v1_1_execution_v1/raw_runtime_snapshot/trial_results/FMB1-ZP11R1-FMB1-W02-S02-Q08-PCL/attempt-0001.json
FMB1-ZP11R1-FMB1-W02-S02-Q09-O3D,OPEN3D_POINT_TO_PLANE,True,COMPLETED,completed_finite_correspondences,OK,MISSING_FIELD,MISSING_FIELD,MISSING_FIELD,MISSING_FIELD,MISSING_FIELD,results/mid360_formal_batch1/zero_perturbation_v1_1_execution_v1/raw_runtime_snapshot/trial_results/FMB1-ZP11R1-FMB1-W02-S02-Q09-O3D/attempt-0001.json
FMB1-ZP11R1-FMB1-W02-S02-Q09-PCL,PCL_POINT_TO_PLANE,True,COMPLETED,completed_finite_correspondences,OK,MISSING_FIELD,MISSING_FIELD,MISSING_FIELD,MISSING_FIELD,MISSING_FIELD,results/mid360_formal_batch1/zero_perturbation_v1_1_execution_v1/raw_runtime_snapshot/trial_results/FMB1-ZP11R1-FMB1-W02-S02-Q09-PCL/attempt-0001.json
FMB1-ZP11R1-FMB1-W02-S02-Q10-O3D,OPEN3D_POINT_TO_PLANE,True,COMPLETED,completed_finite_correspondences,OK,MISSING_FIELD,MISSING_FIELD,MISSING_FIELD,MISSING_FIELD,MISSING_FIELD,results/mid360_formal_batch1/zero_perturbation_v1_1_execution_v1/raw_runtime_snapshot/trial_results/FMB1-ZP11R1-FMB1-W02-S02-Q10-O3D/attempt-0001.json
FMB1-ZP11R1-FMB1-W02-S02-Q10-PCL,PCL_POINT_TO_PLANE,True,COMPLETED,completed_finite_correspondences,OK,MISSING_FIELD,MISSING_FIELD,MISSING_FIELD,MISSING_FIELD,MISSING_FIELD,results/mid360_formal_batch1/zero_perturbation_v1_1_execution_v1/raw_runtime_snapshot/trial_results/FMB1-ZP11R1-FMB1-W02-S02-Q10-PCL/attempt-0001.json
FMB1-ZP11R1-FMB1-W02-S03-Q01-O3D,OPEN3D_POINT_TO_PLANE,True,COMPLETED,completed_finite_correspondences,OK,MISSING_FIELD,MISSING_FIELD,MISSING_FIELD,MISSING_FIELD,MISSING_FIELD,results/mid360_formal_batch1/zero_perturbation_v1_1_execution_v1/raw_runtime_snapshot/trial_results/FMB1-ZP11R1-FMB1-W02-S03-Q01-O3D/attempt-0001.json
FMB1-ZP11R1-FMB1-W02-S03-Q01-PCL,PCL_POINT_TO_PLANE,True,COMPLETED,completed_finite_correspondences,OK,MISSING_FIELD,MISSING_FIELD,MISSING_FIELD,MISSING_FIELD,MISSING_FIELD,results/mid360_formal_batch1/zero_perturbation_v1_1_execution_v1/raw_runtime_snapshot/trial_results/FMB1-ZP11R1-FMB1-W02-S03-Q01-PCL/attempt-0001.json
FMB1-ZP11R1-FMB1-W02-S03-Q02-O3D,OPEN3D_POINT_TO_PLANE,True,COMPLETED,completed_finite_correspondences,OK,MISSING_FIELD,MISSING_FIELD,MISSING_FIELD,MISSING_FIELD,MISSING_FIELD,results/mid360_formal_batch1/zero_perturbation_v1_1_execution_v1/raw_runtime_snapshot/trial_results/FMB1-ZP11R1-FMB1-W02-S03-Q02-O3D/attempt-0001.json
FMB1-ZP11R1-FMB1-W02-S03-Q02-PCL,PCL_POINT_TO_PLANE,True,COMPLETED,completed_finite_correspondences,OK,MISSING_FIELD,MISSING_FIELD,MISSING_FIELD,MISSING_FIELD,MISSING_FIELD,results/mid360_formal_batch1/zero_perturbation_v1_1_execution_v1/raw_runtime_snapshot/trial_results/FMB1-ZP11R1-FMB1-W02-S03-Q02-PCL/attempt-0001.json
FMB1-ZP11R1-FMB1-W02-S03-Q03-O3D,OPEN3D_POINT_TO_PLANE,True,COMPLETED,completed_finite_correspondences,OK,MISSING_FIELD,MISSING_FIELD,MISSING_FIELD,MISSING_FIELD,MISSING_FIELD,results/mid360_formal_batch1/zero_perturbation_v1_1_execution_v1/raw_runtime_snapshot/trial_results/FMB1-ZP11R1-FMB1-W02-S03-Q03-O3D/attempt-0001.json
FMB1-ZP11R1-FMB1-W02-S03-Q03-PCL,PCL_POINT_TO_PLANE,True,COMPLETED,completed_finite_correspondences,OK,MISSING_FIELD,MISSING_FIELD,MISSING_FIELD,MISSING_FIELD,MISSING_FIELD,results/mid360_formal_batch1/zero_perturbation_v1_1_execution_v1/raw_runtime_snapshot/trial_results/FMB1-ZP11R1-FMB1-W02-S03-Q03-PCL/attempt-0001.json
FMB1-ZP11R1-FMB1-W02-S03-Q04-O3D,OPEN3D_POINT_TO_PLANE,True,COMPLETED,completed_finite_correspondences,OK,MISSING_FIELD,MISSING_FIELD,MISSING_FIELD,MISSING_FIELD,MISSING_FIELD,results/mid360_formal_batch1/zero_perturbation_v1_1_execution_v1/raw_runtime_snapshot/trial_results/FMB1-ZP11R1-FMB1-W02-S03-Q04-O3D/attempt-0001.json
FMB1-ZP11R1-FMB1-W02-S03-Q04-PCL,PCL_POINT_TO_PLANE,True,COMPLETED,completed_finite_correspondences,OK,MISSING_FIELD,MISSING_FIELD,MISSING_FIELD,MISSING_FIELD,MISSING_FIELD,results/mid360_formal_batch1/zero_perturbation_v1_1_execution_v1/raw_runtime_snapshot/trial_results/FMB1-ZP11R1-FMB1-W02-S03-Q04-PCL/attempt-0001.json
FMB1-ZP11R1-FMB1-W02-S03-Q05-O3D,OPEN3D_POINT_TO_PLANE,True,COMPLETED,completed_finite_correspondences,OK,MISSING_FIELD,MISSING_FIELD,MISSING_FIELD,MISSING_FIELD,MISSING_FIELD,results/mid360_formal_batch1/zero_perturbation_v1_1_execution_v1/raw_runtime_snapshot/trial_results/FMB1-ZP11R1-FMB1-W02-S03-Q05-O3D/attempt-0001.json
FMB1-ZP11R1-FMB1-W02-S03-Q05-PCL,PCL_POINT_TO_PLANE,True,COMPLETED,completed_finite_correspondences,OK,MISSING_FIELD,MISSING_FIELD,MISSING_FIELD,MISSING_FIELD,MISSING_FIELD,results/mid360_formal_batch1/zero_perturbation_v1_1_execution_v1/raw_runtime_snapshot/trial_results/FMB1-ZP11R1-FMB1-W02-S03-Q05-PCL/attempt-0001.json
FMB1-ZP11R1-FMB1-W02-S03-Q06-O3D,OPEN3D_POINT_TO_PLANE,True,COMPLETED,completed_finite_correspondences,OK,MISSING_FIELD,MISSING_FIELD,MISSING_FIELD,MISSING_FIELD,MISSING_FIELD,results/mid360_formal_batch1/zero_perturbation_v1_1_execution_v1/raw_runtime_snapshot/trial_results/FMB1-ZP11R1-FMB1-W02-S03-Q06-O3D/attempt-0001.json
FMB1-ZP11R1-FMB1-W02-S03-Q06-PCL,PCL_POINT_TO_PLANE,True,COMPLETED,completed_finite_correspondences,OK,MISSING_FIELD,MISSING_FIELD,MISSING_FIELD,MISSING_FIELD,MISSING_FIELD,results/mid360_formal_batch1/zero_perturbation_v1_1_execution_v1/raw_runtime_snapshot/trial_results/FMB1-ZP11R1-FMB1-W02-S03-Q06-PCL/attempt-0001.json
FMB1-ZP11R1-FMB1-W02-S03-Q07-O3D,OPEN3D_POINT_TO_PLANE,True,COMPLETED,completed_finite_correspondences,OK,MISSING_FIELD,MISSING_FIELD,MISSING_FIELD,MISSING_FIELD,MISSING_FIELD,results/mid360_formal_batch1/zero_perturbation_v1_1_execution_v1/raw_runtime_snapshot/trial_results/FMB1-ZP11R1-FMB1-W02-S03-Q07-O3D/attempt-0001.json
FMB1-ZP11R1-FMB1-W02-S03-Q07-PCL,PCL_POINT_TO_PLANE,True,COMPLETED,completed_finite_correspondences,OK,MISSING_FIELD,MISSING_FIELD,MISSING_FIELD,MISSING_FIELD,MISSING_FIELD,results/mid360_formal_batch1/zero_perturbation_v1_1_execution_v1/raw_runtime_snapshot/trial_results/FMB1-ZP11R1-FMB1-W02-S03-Q07-PCL/attempt-0001.json
FMB1-ZP11R1-FMB1-W02-S03-Q08-O3D,OPEN3D_POINT_TO_PLANE,True,COMPLETED,completed_finite_correspondences,OK,MISSING_FIELD,MISSING_FIELD,MISSING_FIELD,MISSING_FIELD,MISSING_FIELD,results/mid360_formal_batch1/zero_perturbation_v1_1_execution_v1/raw_runtime_snapshot/trial_results/FMB1-ZP11R1-FMB1-W02-S03-Q08-O3D/attempt-0001.json
FMB1-ZP11R1-FMB1-W02-S03-Q08-PCL,PCL_POINT_TO_PLANE,True,COMPLETED,completed_finite_correspondences,OK,MISSING_FIELD,MISSING_FIELD,MISSING_FIELD,MISSING_FIELD,MISSING_FIELD,results/mid360_formal_batch1/zero_perturbation_v1_1_execution_v1/raw_runtime_snapshot/trial_results/FMB1-ZP11R1-FMB1-W02-S03-Q08-PCL/attempt-0001.json
FMB1-ZP11R1-FMB1-W02-S03-Q09-O3D,OPEN3D_POINT_TO_PLANE,True,COMPLETED,completed_finite_correspondences,OK,MISSING_FIELD,MISSING_FIELD,MISSING_FIELD,MISSING_FIELD,MISSING_FIELD,results/mid360_formal_batch1/zero_perturbation_v1_1_execution_v1/raw_runtime_snapshot/trial_results/FMB1-ZP11R1-FMB1-W02-S03-Q09-O3D/attempt-0001.json
FMB1-ZP11R1-FMB1-W02-S03-Q09-PCL,PCL_POINT_TO_PLANE,True,COMPLETED,completed_finite_correspondences,OK,MISSING_FIELD,MISSING_FIELD,MISSING_FIELD,MISSING_FIELD,MISSING_FIELD,results/mid360_formal_batch1/zero_perturbation_v1_1_execution_v1/raw_runtime_snapshot/trial_results/FMB1-ZP11R1-FMB1-W02-S03-Q09-PCL/attempt-0001.json
FMB1-ZP11R1-FMB1-W02-S03-Q10-O3D,OPEN3D_POINT_TO_PLANE,True,COMPLETED,completed_finite_correspondences,OK,MISSING_FIELD,MISSING_FIELD,MISSING_FIELD,MISSING_FIELD,MISSING_FIELD,results/mid360_formal_batch1/zero_perturbation_v1_1_execution_v1/raw_runtime_snapshot/trial_results/FMB1-ZP11R1-FMB1-W02-S03-Q10-O3D/attempt-0001.json
FMB1-ZP11R1-FMB1-W02-S03-Q10-PCL,PCL_POINT_TO_PLANE,True,COMPLETED,completed_finite_correspondences,OK,MISSING_FIELD,MISSING_FIELD,MISSING_FIELD,MISSING_FIELD,MISSING_FIELD,results/mid360_formal_batch1/zero_perturbation_v1_1_execution_v1/raw_runtime_snapshot/trial_results/FMB1-ZP11R1-FMB1-W02-S03-Q10-PCL/attempt-0001.json
FMB1-ZP11R1-FMB1-W03-S01-Q01-O3D,OPEN3D_POINT_TO_PLANE,True,COMPLETED,completed_finite_correspondences,OK,MISSING_FIELD,MISSING_FIELD,MISSING_FIELD,MISSING_FIELD,MISSING_FIELD,results/mid360_formal_batch1/zero_perturbation_v1_1_execution_v1/raw_runtime_snapshot/trial_results/FMB1-ZP11R1-FMB1-W03-S01-Q01-O3D/attempt-0001.json
FMB1-ZP11R1-FMB1-W03-S01-Q01-PCL,PCL_POINT_TO_PLANE,True,COMPLETED,completed_finite_correspondences,OK,MISSING_FIELD,MISSING_FIELD,MISSING_FIELD,MISSING_FIELD,MISSING_FIELD,results/mid360_formal_batch1/zero_perturbation_v1_1_execution_v1/raw_runtime_snapshot/trial_results/FMB1-ZP11R1-FMB1-W03-S01-Q01-PCL/attempt-0001.json
FMB1-ZP11R1-FMB1-W03-S01-Q02-O3D,OPEN3D_POINT_TO_PLANE,True,COMPLETED,completed_finite_correspondences,OK,MISSING_FIELD,MISSING_FIELD,MISSING_FIELD,MISSING_FIELD,MISSING_FIELD,results/mid360_formal_batch1/zero_perturbation_v1_1_execution_v1/raw_runtime_snapshot/trial_results/FMB1-ZP11R1-FMB1-W03-S01-Q02-O3D/attempt-0001.json
FMB1-ZP11R1-FMB1-W03-S01-Q02-PCL,PCL_POINT_TO_PLANE,True,COMPLETED,completed_finite_correspondences,OK,MISSING_FIELD,MISSING_FIELD,MISSING_FIELD,MISSING_FIELD,MISSING_FIELD,results/mid360_formal_batch1/zero_perturbation_v1_1_execution_v1/raw_runtime_snapshot/trial_results/FMB1-ZP11R1-FMB1-W03-S01-Q02-PCL/attempt-0001.json
FMB1-ZP11R1-FMB1-W03-S01-Q03-O3D,OPEN3D_POINT_TO_PLANE,True,COMPLETED,completed_finite_correspondences,OK,MISSING_FIELD,MISSING_FIELD,MISSING_FIELD,MISSING_FIELD,MISSING_FIELD,results/mid360_formal_batch1/zero_perturbation_v1_1_execution_v1/raw_runtime_snapshot/trial_results/FMB1-ZP11R1-FMB1-W03-S01-Q03-O3D/attempt-0001.json
FMB1-ZP11R1-FMB1-W03-S01-Q03-PCL,PCL_POINT_TO_PLANE,True,COMPLETED,completed_finite_correspondences,OK,MISSING_FIELD,MISSING_FIELD,MISSING_FIELD,MISSING_FIELD,MISSING_FIELD,results/mid360_formal_batch1/zero_perturbation_v1_1_execution_v1/raw_runtime_snapshot/trial_results/FMB1-ZP11R1-FMB1-W03-S01-Q03-PCL/attempt-0001.json
FMB1-ZP11R1-FMB1-W03-S01-Q04-O3D,OPEN3D_POINT_TO_PLANE,True,COMPLETED,completed_finite_correspondences,OK,MISSING_FIELD,MISSING_FIELD,MISSING_FIELD,MISSING_FIELD,MISSING_FIELD,results/mid360_formal_batch1/zero_perturbation_v1_1_execution_v1/raw_runtime_snapshot/trial_results/FMB1-ZP11R1-FMB1-W03-S01-Q04-O3D/attempt-0001.json
FMB1-ZP11R1-FMB1-W03-S01-Q04-PCL,PCL_POINT_TO_PLANE,True,COMPLETED,completed_finite_correspondences,OK,MISSING_FIELD,MISSING_FIELD,MISSING_FIELD,MISSING_FIELD,MISSING_FIELD,results/mid360_formal_batch1/zero_perturbation_v1_1_execution_v1/raw_runtime_snapshot/trial_results/FMB1-ZP11R1-FMB1-W03-S01-Q04-PCL/attempt-0001.json
FMB1-ZP11R1-FMB1-W03-S01-Q05-O3D,OPEN3D_POINT_TO_PLANE,True,COMPLETED,completed_finite_correspondences,OK,MISSING_FIELD,MISSING_FIELD,MISSING_FIELD,MISSING_FIELD,MISSING_FIELD,results/mid360_formal_batch1/zero_perturbation_v1_1_execution_v1/raw_runtime_snapshot/trial_results/FMB1-ZP11R1-FMB1-W03-S01-Q05-O3D/attempt-0001.json
FMB1-ZP11R1-FMB1-W03-S01-Q05-PCL,PCL_POINT_TO_PLANE,True,COMPLETED,completed_finite_correspondences,OK,MISSING_FIELD,MISSING_FIELD,MISSING_FIELD,MISSING_FIELD,MISSING_FIELD,results/mid360_formal_batch1/zero_perturbation_v1_1_execution_v1/raw_runtime_snapshot/trial_results/FMB1-ZP11R1-FMB1-W03-S01-Q05-PCL/attempt-0001.json
FMB1-ZP11R1-FMB1-W03-S01-Q06-O3D,OPEN3D_POINT_TO_PLANE,True,COMPLETED,completed_finite_correspondences,OK,MISSING_FIELD,MISSING_FIELD,MISSING_FIELD,MISSING_FIELD,MISSING_FIELD,results/mid360_formal_batch1/zero_perturbation_v1_1_execution_v1/raw_runtime_snapshot/trial_results/FMB1-ZP11R1-FMB1-W03-S01-Q06-O3D/attempt-0001.json
FMB1-ZP11R1-FMB1-W03-S01-Q06-PCL,PCL_POINT_TO_PLANE,True,COMPLETED,completed_finite_correspondences,OK,MISSING_FIELD,MISSING_FIELD,MISSING_FIELD,MISSING_FIELD,MISSING_FIELD,results/mid360_formal_batch1/zero_perturbation_v1_1_execution_v1/raw_runtime_snapshot/trial_results/FMB1-ZP11R1-FMB1-W03-S01-Q06-PCL/attempt-0001.json
FMB1-ZP11R1-FMB1-W03-S01-Q07-O3D,OPEN3D_POINT_TO_PLANE,True,COMPLETED,completed_finite_correspondences,OK,MISSING_FIELD,MISSING_FIELD,MISSING_FIELD,MISSING_FIELD,MISSING_FIELD,results/mid360_formal_batch1/zero_perturbation_v1_1_execution_v1/raw_runtime_snapshot/trial_results/FMB1-ZP11R1-FMB1-W03-S01-Q07-O3D/attempt-0001.json
FMB1-ZP11R1-FMB1-W03-S01-Q07-PCL,PCL_POINT_TO_PLANE,True,COMPLETED,completed_finite_correspondences,OK,MISSING_FIELD,MISSING_FIELD,MISSING_FIELD,MISSING_FIELD,MISSING_FIELD,results/mid360_formal_batch1/zero_perturbation_v1_1_execution_v1/raw_runtime_snapshot/trial_results/FMB1-ZP11R1-FMB1-W03-S01-Q07-PCL/attempt-0001.json
FMB1-ZP11R1-FMB1-W03-S01-Q08-O3D,OPEN3D_POINT_TO_PLANE,True,COMPLETED,completed_finite_correspondences,OK,MISSING_FIELD,MISSING_FIELD,MISSING_FIELD,MISSING_FIELD,MISSING_FIELD,results/mid360_formal_batch1/zero_perturbation_v1_1_execution_v1/raw_runtime_snapshot/trial_results/FMB1-ZP11R1-FMB1-W03-S01-Q08-O3D/attempt-0001.json
FMB1-ZP11R1-FMB1-W03-S01-Q08-PCL,PCL_POINT_TO_PLANE,True,COMPLETED,completed_finite_correspondences,OK,MISSING_FIELD,MISSING_FIELD,MISSING_FIELD,MISSING_FIELD,MISSING_FIELD,results/mid360_formal_batch1/zero_perturbation_v1_1_execution_v1/raw_runtime_snapshot/trial_results/FMB1-ZP11R1-FMB1-W03-S01-Q08-PCL/attempt-0001.json
FMB1-ZP11R1-FMB1-W03-S01-Q09-O3D,OPEN3D_POINT_TO_PLANE,True,COMPLETED,completed_finite_correspondences,OK,MISSING_FIELD,MISSING_FIELD,MISSING_FIELD,MISSING_FIELD,MISSING_FIELD,results/mid360_formal_batch1/zero_perturbation_v1_1_execution_v1/raw_runtime_snapshot/trial_results/FMB1-ZP11R1-FMB1-W03-S01-Q09-O3D/attempt-0001.json
FMB1-ZP11R1-FMB1-W03-S01-Q09-PCL,PCL_POINT_TO_PLANE,True,COMPLETED,completed_finite_correspondences,OK,MISSING_FIELD,MISSING_FIELD,MISSING_FIELD,MISSING_FIELD,MISSING_FIELD,results/mid360_formal_batch1/zero_perturbation_v1_1_execution_v1/raw_runtime_snapshot/trial_results/FMB1-ZP11R1-FMB1-W03-S01-Q09-PCL/attempt-0001.json
FMB1-ZP11R1-FMB1-W03-S01-Q10-O3D,OPEN3D_POINT_TO_PLANE,True,COMPLETED,completed_finite_correspondences,OK,MISSING_FIELD,MISSING_FIELD,MISSING_FIELD,MISSING_FIELD,MISSING_FIELD,results/mid360_formal_batch1/zero_perturbation_v1_1_execution_v1/raw_runtime_snapshot/trial_results/FMB1-ZP11R1-FMB1-W03-S01-Q10-O3D/attempt-0001.json
FMB1-ZP11R1-FMB1-W03-S01-Q10-PCL,PCL_POINT_TO_PLANE,True,COMPLETED,completed_finite_correspondences,OK,MISSING_FIELD,MISSING_FIELD,MISSING_FIELD,MISSING_FIELD,MISSING_FIELD,results/mid360_formal_batch1/zero_perturbation_v1_1_execution_v1/raw_runtime_snapshot/trial_results/FMB1-ZP11R1-FMB1-W03-S01-Q10-PCL/attempt-0001.json
FMB1-ZP11R1-FMB1-W03-S02-Q01-O3D,OPEN3D_POINT_TO_PLANE,True,COMPLETED,completed_finite_correspondences,OK,MISSING_FIELD,MISSING_FIELD,MISSING_FIELD,MISSING_FIELD,MISSING_FIELD,results/mid360_formal_batch1/zero_perturbation_v1_1_execution_v1/raw_runtime_snapshot/trial_results/FMB1-ZP11R1-FMB1-W03-S02-Q01-O3D/attempt-0001.json
FMB1-ZP11R1-FMB1-W03-S02-Q01-PCL,PCL_POINT_TO_PLANE,True,COMPLETED,completed_finite_correspondences,OK,MISSING_FIELD,MISSING_FIELD,MISSING_FIELD,MISSING_FIELD,MISSING_FIELD,results/mid360_formal_batch1/zero_perturbation_v1_1_execution_v1/raw_runtime_snapshot/trial_results/FMB1-ZP11R1-FMB1-W03-S02-Q01-PCL/attempt-0001.json
FMB1-ZP11R1-FMB1-W03-S02-Q02-O3D,OPEN3D_POINT_TO_PLANE,True,COMPLETED,completed_finite_correspondences,OK,MISSING_FIELD,MISSING_FIELD,MISSING_FIELD,MISSING_FIELD,MISSING_FIELD,results/mid360_formal_batch1/zero_perturbation_v1_1_execution_v1/raw_runtime_snapshot/trial_results/FMB1-ZP11R1-FMB1-W03-S02-Q02-O3D/attempt-0001.json
FMB1-ZP11R1-FMB1-W03-S02-Q02-PCL,PCL_POINT_TO_PLANE,True,COMPLETED,completed_finite_correspondences,OK,MISSING_FIELD,MISSING_FIELD,MISSING_FIELD,MISSING_FIELD,MISSING_FIELD,results/mid360_formal_batch1/zero_perturbation_v1_1_execution_v1/raw_runtime_snapshot/trial_results/FMB1-ZP11R1-FMB1-W03-S02-Q02-PCL/attempt-0001.json
FMB1-ZP11R1-FMB1-W03-S02-Q03-O3D,OPEN3D_POINT_TO_PLANE,True,COMPLETED,completed_finite_correspondences,OK,MISSING_FIELD,MISSING_FIELD,MISSING_FIELD,MISSING_FIELD,MISSING_FIELD,results/mid360_formal_batch1/zero_perturbation_v1_1_execution_v1/raw_runtime_snapshot/trial_results/FMB1-ZP11R1-FMB1-W03-S02-Q03-O3D/attempt-0001.json
FMB1-ZP11R1-FMB1-W03-S02-Q03-PCL,PCL_POINT_TO_PLANE,True,COMPLETED,completed_finite_correspondences,OK,MISSING_FIELD,MISSING_FIELD,MISSING_FIELD,MISSING_FIELD,MISSING_FIELD,results/mid360_formal_batch1/zero_perturbation_v1_1_execution_v1/raw_runtime_snapshot/trial_results/FMB1-ZP11R1-FMB1-W03-S02-Q03-PCL/attempt-0001.json
FMB1-ZP11R1-FMB1-W03-S02-Q04-O3D,OPEN3D_POINT_TO_PLANE,True,COMPLETED,completed_finite_correspondences,OK,MISSING_FIELD,MISSING_FIELD,MISSING_FIELD,MISSING_FIELD,MISSING_FIELD,results/mid360_formal_batch1/zero_perturbation_v1_1_execution_v1/raw_runtime_snapshot/trial_results/FMB1-ZP11R1-FMB1-W03-S02-Q04-O3D/attempt-0001.json
FMB1-ZP11R1-FMB1-W03-S02-Q04-PCL,PCL_POINT_TO_PLANE,True,COMPLETED,completed_finite_correspondences,OK,MISSING_FIELD,MISSING_FIELD,MISSING_FIELD,MISSING_FIELD,MISSING_FIELD,results/mid360_formal_batch1/zero_perturbation_v1_1_execution_v1/raw_runtime_snapshot/trial_results/FMB1-ZP11R1-FMB1-W03-S02-Q04-PCL/attempt-0001.json
FMB1-ZP11R1-FMB1-W03-S02-Q05-O3D,OPEN3D_POINT_TO_PLANE,True,COMPLETED,completed_finite_correspondences,OK,MISSING_FIELD,MISSING_FIELD,MISSING_FIELD,MISSING_FIELD,MISSING_FIELD,results/mid360_formal_batch1/zero_perturbation_v1_1_execution_v1/raw_runtime_snapshot/trial_results/FMB1-ZP11R1-FMB1-W03-S02-Q05-O3D/attempt-0001.json
FMB1-ZP11R1-FMB1-W03-S02-Q05-PCL,PCL_POINT_TO_PLANE,True,COMPLETED,completed_finite_correspondences,OK,MISSING_FIELD,MISSING_FIELD,MISSING_FIELD,MISSING_FIELD,MISSING_FIELD,results/mid360_formal_batch1/zero_perturbation_v1_1_execution_v1/raw_runtime_snapshot/trial_results/FMB1-ZP11R1-FMB1-W03-S02-Q05-PCL/attempt-0001.json
FMB1-ZP11R1-FMB1-W03-S02-Q06-O3D,OPEN3D_POINT_TO_PLANE,True,COMPLETED,completed_finite_correspondences,OK,MISSING_FIELD,MISSING_FIELD,MISSING_FIELD,MISSING_FIELD,MISSING_FIELD,results/mid360_formal_batch1/zero_perturbation_v1_1_execution_v1/raw_runtime_snapshot/trial_results/FMB1-ZP11R1-FMB1-W03-S02-Q06-O3D/attempt-0001.json
FMB1-ZP11R1-FMB1-W03-S02-Q06-PCL,PCL_POINT_TO_PLANE,True,COMPLETED,completed_finite_correspondences,OK,MISSING_FIELD,MISSING_FIELD,MISSING_FIELD,MISSING_FIELD,MISSING_FIELD,results/mid360_formal_batch1/zero_perturbation_v1_1_execution_v1/raw_runtime_snapshot/trial_results/FMB1-ZP11R1-FMB1-W03-S02-Q06-PCL/attempt-0001.json
FMB1-ZP11R1-FMB1-W03-S02-Q07-O3D,OPEN3D_POINT_TO_PLANE,True,COMPLETED,completed_finite_correspondences,OK,MISSING_FIELD,MISSING_FIELD,MISSING_FIELD,MISSING_FIELD,MISSING_FIELD,results/mid360_formal_batch1/zero_perturbation_v1_1_execution_v1/raw_runtime_snapshot/trial_results/FMB1-ZP11R1-FMB1-W03-S02-Q07-O3D/attempt-0001.json
FMB1-ZP11R1-FMB1-W03-S02-Q07-PCL,PCL_POINT_TO_PLANE,True,COMPLETED,completed_finite_correspondences,OK,MISSING_FIELD,MISSING_FIELD,MISSING_FIELD,MISSING_FIELD,MISSING_FIELD,results/mid360_formal_batch1/zero_perturbation_v1_1_execution_v1/raw_runtime_snapshot/trial_results/FMB1-ZP11R1-FMB1-W03-S02-Q07-PCL/attempt-0001.json
FMB1-ZP11R1-FMB1-W03-S02-Q08-O3D,OPEN3D_POINT_TO_PLANE,True,COMPLETED,completed_finite_correspondences,OK,MISSING_FIELD,MISSING_FIELD,MISSING_FIELD,MISSING_FIELD,MISSING_FIELD,results/mid360_formal_batch1/zero_perturbation_v1_1_execution_v1/raw_runtime_snapshot/trial_results/FMB1-ZP11R1-FMB1-W03-S02-Q08-O3D/attempt-0001.json
FMB1-ZP11R1-FMB1-W03-S02-Q08-PCL,PCL_POINT_TO_PLANE,True,COMPLETED,completed_finite_correspondences,OK,MISSING_FIELD,MISSING_FIELD,MISSING_FIELD,MISSING_FIELD,MISSING_FIELD,results/mid360_formal_batch1/zero_perturbation_v1_1_execution_v1/raw_runtime_snapshot/trial_results/FMB1-ZP11R1-FMB1-W03-S02-Q08-PCL/attempt-0001.json
FMB1-ZP11R1-FMB1-W03-S02-Q09-O3D,OPEN3D_POINT_TO_PLANE,True,COMPLETED,completed_finite_correspondences,OK,MISSING_FIELD,MISSING_FIELD,MISSING_FIELD,MISSING_FIELD,MISSING_FIELD,results/mid360_formal_batch1/zero_perturbation_v1_1_execution_v1/raw_runtime_snapshot/trial_results/FMB1-ZP11R1-FMB1-W03-S02-Q09-O3D/attempt-0001.json
FMB1-ZP11R1-FMB1-W03-S02-Q09-PCL,PCL_POINT_TO_PLANE,True,COMPLETED,completed_finite_correspondences,OK,MISSING_FIELD,MISSING_FIELD,MISSING_FIELD,MISSING_FIELD,MISSING_FIELD,results/mid360_formal_batch1/zero_perturbation_v1_1_execution_v1/raw_runtime_snapshot/trial_results/FMB1-ZP11R1-FMB1-W03-S02-Q09-PCL/attempt-0001.json
FMB1-ZP11R1-FMB1-W03-S02-Q10-O3D,OPEN3D_POINT_TO_PLANE,True,COMPLETED,completed_finite_correspondences,OK,MISSING_FIELD,MISSING_FIELD,MISSING_FIELD,MISSING_FIELD,MISSING_FIELD,results/mid360_formal_batch1/zero_perturbation_v1_1_execution_v1/raw_runtime_snapshot/trial_results/FMB1-ZP11R1-FMB1-W03-S02-Q10-O3D/attempt-0001.json
FMB1-ZP11R1-FMB1-W03-S02-Q10-PCL,PCL_POINT_TO_PLANE,True,COMPLETED,completed_finite_correspondences,OK,MISSING_FIELD,MISSING_FIELD,MISSING_FIELD,MISSING_FIELD,MISSING_FIELD,results/mid360_formal_batch1/zero_perturbation_v1_1_execution_v1/raw_runtime_snapshot/trial_results/FMB1-ZP11R1-FMB1-W03-S02-Q10-PCL/attempt-0001.json
FMB1-ZP11R1-FMB1-W03-S03-Q01-O3D,OPEN3D_POINT_TO_PLANE,True,COMPLETED,completed_finite_correspondences,OK,MISSING_FIELD,MISSING_FIELD,MISSING_FIELD,MISSING_FIELD,MISSING_FIELD,results/mid360_formal_batch1/zero_perturbation_v1_1_execution_v1/raw_runtime_snapshot/trial_results/FMB1-ZP11R1-FMB1-W03-S03-Q01-O3D/attempt-0001.json
FMB1-ZP11R1-FMB1-W03-S03-Q01-PCL,PCL_POINT_TO_PLANE,True,COMPLETED,completed_finite_correspondences,OK,MISSING_FIELD,MISSING_FIELD,MISSING_FIELD,MISSING_FIELD,MISSING_FIELD,results/mid360_formal_batch1/zero_perturbation_v1_1_execution_v1/raw_runtime_snapshot/trial_results/FMB1-ZP11R1-FMB1-W03-S03-Q01-PCL/attempt-0001.json
FMB1-ZP11R1-FMB1-W03-S03-Q02-O3D,OPEN3D_POINT_TO_PLANE,True,COMPLETED,completed_finite_correspondences,OK,MISSING_FIELD,MISSING_FIELD,MISSING_FIELD,MISSING_FIELD,MISSING_FIELD,results/mid360_formal_batch1/zero_perturbation_v1_1_execution_v1/raw_runtime_snapshot/trial_results/FMB1-ZP11R1-FMB1-W03-S03-Q02-O3D/attempt-0001.json
FMB1-ZP11R1-FMB1-W03-S03-Q02-PCL,PCL_POINT_TO_PLANE,True,COMPLETED,completed_finite_correspondences,OK,MISSING_FIELD,MISSING_FIELD,MISSING_FIELD,MISSING_FIELD,MISSING_FIELD,results/mid360_formal_batch1/zero_perturbation_v1_1_execution_v1/raw_runtime_snapshot/trial_results/FMB1-ZP11R1-FMB1-W03-S03-Q02-PCL/attempt-0001.json
FMB1-ZP11R1-FMB1-W03-S03-Q03-O3D,OPEN3D_POINT_TO_PLANE,True,COMPLETED,completed_finite_correspondences,OK,MISSING_FIELD,MISSING_FIELD,MISSING_FIELD,MISSING_FIELD,MISSING_FIELD,results/mid360_formal_batch1/zero_perturbation_v1_1_execution_v1/raw_runtime_snapshot/trial_results/FMB1-ZP11R1-FMB1-W03-S03-Q03-O3D/attempt-0001.json
FMB1-ZP11R1-FMB1-W03-S03-Q03-PCL,PCL_POINT_TO_PLANE,True,COMPLETED,completed_finite_correspondences,OK,MISSING_FIELD,MISSING_FIELD,MISSING_FIELD,MISSING_FIELD,MISSING_FIELD,results/mid360_formal_batch1/zero_perturbation_v1_1_execution_v1/raw_runtime_snapshot/trial_results/FMB1-ZP11R1-FMB1-W03-S03-Q03-PCL/attempt-0001.json
FMB1-ZP11R1-FMB1-W03-S03-Q04-O3D,OPEN3D_POINT_TO_PLANE,True,COMPLETED,completed_finite_correspondences,OK,MISSING_FIELD,MISSING_FIELD,MISSING_FIELD,MISSING_FIELD,MISSING_FIELD,results/mid360_formal_batch1/zero_perturbation_v1_1_execution_v1/raw_runtime_snapshot/trial_results/FMB1-ZP11R1-FMB1-W03-S03-Q04-O3D/attempt-0001.json
FMB1-ZP11R1-FMB1-W03-S03-Q04-PCL,PCL_POINT_TO_PLANE,True,COMPLETED,completed_finite_correspondences,OK,MISSING_FIELD,MISSING_FIELD,MISSING_FIELD,MISSING_FIELD,MISSING_FIELD,results/mid360_formal_batch1/zero_perturbation_v1_1_execution_v1/raw_runtime_snapshot/trial_results/FMB1-ZP11R1-FMB1-W03-S03-Q04-PCL/attempt-0001.json
FMB1-ZP11R1-FMB1-W03-S03-Q05-O3D,OPEN3D_POINT_TO_PLANE,True,COMPLETED,completed_finite_correspondences,OK,MISSING_FIELD,MISSING_FIELD,MISSING_FIELD,MISSING_FIELD,MISSING_FIELD,results/mid360_formal_batch1/zero_perturbation_v1_1_execution_v1/raw_runtime_snapshot/trial_results/FMB1-ZP11R1-FMB1-W03-S03-Q05-O3D/attempt-0001.json
FMB1-ZP11R1-FMB1-W03-S03-Q05-PCL,PCL_POINT_TO_PLANE,True,COMPLETED,completed_finite_correspondences,OK,MISSING_FIELD,MISSING_FIELD,MISSING_FIELD,MISSING_FIELD,MISSING_FIELD,results/mid360_formal_batch1/zero_perturbation_v1_1_execution_v1/raw_runtime_snapshot/trial_results/FMB1-ZP11R1-FMB1-W03-S03-Q05-PCL/attempt-0001.json
FMB1-ZP11R1-FMB1-W03-S03-Q06-O3D,OPEN3D_POINT_TO_PLANE,True,COMPLETED,completed_finite_correspondences,OK,MISSING_FIELD,MISSING_FIELD,MISSING_FIELD,MISSING_FIELD,MISSING_FIELD,results/mid360_formal_batch1/zero_perturbation_v1_1_execution_v1/raw_runtime_snapshot/trial_results/FMB1-ZP11R1-FMB1-W03-S03-Q06-O3D/attempt-0001.json
FMB1-ZP11R1-FMB1-W03-S03-Q06-PCL,PCL_POINT_TO_PLANE,True,COMPLETED,completed_finite_correspondences,OK,MISSING_FIELD,MISSING_FIELD,MISSING_FIELD,MISSING_FIELD,MISSING_FIELD,results/mid360_formal_batch1/zero_perturbation_v1_1_execution_v1/raw_runtime_snapshot/trial_results/FMB1-ZP11R1-FMB1-W03-S03-Q06-PCL/attempt-0001.json
FMB1-ZP11R1-FMB1-W03-S03-Q07-O3D,OPEN3D_POINT_TO_PLANE,True,COMPLETED,completed_finite_correspondences,OK,MISSING_FIELD,MISSING_FIELD,MISSING_FIELD,MISSING_FIELD,MISSING_FIELD,results/mid360_formal_batch1/zero_perturbation_v1_1_execution_v1/raw_runtime_snapshot/trial_results/FMB1-ZP11R1-FMB1-W03-S03-Q07-O3D/attempt-0001.json
FMB1-ZP11R1-FMB1-W03-S03-Q07-PCL,PCL_POINT_TO_PLANE,True,COMPLETED,completed_finite_correspondences,OK,MISSING_FIELD,MISSING_FIELD,MISSING_FIELD,MISSING_FIELD,MISSING_FIELD,results/mid360_formal_batch1/zero_perturbation_v1_1_execution_v1/raw_runtime_snapshot/trial_results/FMB1-ZP11R1-FMB1-W03-S03-Q07-PCL/attempt-0001.json
FMB1-ZP11R1-FMB1-W03-S03-Q08-O3D,OPEN3D_POINT_TO_PLANE,True,COMPLETED,completed_finite_correspondences,OK,MISSING_FIELD,MISSING_FIELD,MISSING_FIELD,MISSING_FIELD,MISSING_FIELD,results/mid360_formal_batch1/zero_perturbation_v1_1_execution_v1/raw_runtime_snapshot/trial_results/FMB1-ZP11R1-FMB1-W03-S03-Q08-O3D/attempt-0001.json
FMB1-ZP11R1-FMB1-W03-S03-Q08-PCL,PCL_POINT_TO_PLANE,True,COMPLETED,completed_finite_correspondences,OK,MISSING_FIELD,MISSING_FIELD,MISSING_FIELD,MISSING_FIELD,MISSING_FIELD,results/mid360_formal_batch1/zero_perturbation_v1_1_execution_v1/raw_runtime_snapshot/trial_results/FMB1-ZP11R1-FMB1-W03-S03-Q08-PCL/attempt-0001.json
FMB1-ZP11R1-FMB1-W03-S03-Q09-O3D,OPEN3D_POINT_TO_PLANE,True,COMPLETED,completed_finite_correspondences,OK,MISSING_FIELD,MISSING_FIELD,MISSING_FIELD,MISSING_FIELD,MISSING_FIELD,results/mid360_formal_batch1/zero_perturbation_v1_1_execution_v1/raw_runtime_snapshot/trial_results/FMB1-ZP11R1-FMB1-W03-S03-Q09-O3D/attempt-0001.json
FMB1-ZP11R1-FMB1-W03-S03-Q09-PCL,PCL_POINT_TO_PLANE,True,COMPLETED,completed_finite_correspondences,OK,MISSING_FIELD,MISSING_FIELD,MISSING_FIELD,MISSING_FIELD,MISSING_FIELD,results/mid360_formal_batch1/zero_perturbation_v1_1_execution_v1/raw_runtime_snapshot/trial_results/FMB1-ZP11R1-FMB1-W03-S03-Q09-PCL/attempt-0001.json
FMB1-ZP11R1-FMB1-W03-S03-Q10-O3D,OPEN3D_POINT_TO_PLANE,True,COMPLETED,completed_finite_correspondences,OK,MISSING_FIELD,MISSING_FIELD,MISSING_FIELD,MISSING_FIELD,MISSING_FIELD,results/mid360_formal_batch1/zero_perturbation_v1_1_execution_v1/raw_runtime_snapshot/trial_results/FMB1-ZP11R1-FMB1-W03-S03-Q10-O3D/attempt-0001.json
FMB1-ZP11R1-FMB1-W03-S03-Q10-PCL,PCL_POINT_TO_PLANE,True,COMPLETED,completed_finite_correspondences,OK,MISSING_FIELD,MISSING_FIELD,MISSING_FIELD,MISSING_FIELD,MISSING_FIELD,results/mid360_formal_batch1/zero_perturbation_v1_1_execution_v1/raw_runtime_snapshot/trial_results/FMB1-ZP11R1-FMB1-W03-S03-Q10-PCL/attempt-0001.json
