scene_id,station_id,selection_index,snapshot_id,attempt,normalized_lambda_min_trans,condition_number_trans,spectral_entropy_trans,scene_label,geometry_group,scene_median_normalized_lambda_min_trans,scene_median_condition_number_trans,scene_median_spectral_entropy_trans,source_path,source_sha256
FMB1_R01,S01,0,FMB1_R01_S01_Q01,1,0.243307593474101,2.00996790134341,0.952562575839926,R01,Rich,0.244846811726135,1.99819597449457,0.952707483663617,results/mid360_formal_batch1/final_dataset_v1/final_geometry_manifest.csv;results/mid360_formal_batch1/final_dataset_v1/final_scene_registry.yaml;results/mid360_formal_batch1/final_dataset_v1/final_dataset_readiness.json,c0a1c8ea9cbb1b28f8ffdc507d7becf8f591ed333d047161168a1a0962a10bd4;54e69717317632cd36422b7316d4288909ade9155386d783d36fcdc5ff2078fe;bf7fa35df2c92816721a686ffa6f9677bd936ba1cb47a329d40d11d76927a1d4
FMB1_R01,S01,1,FMB1_R01_S01_Q02,1,0.241617580895822,2.03669296943827,0.950719542363787,R01,Rich,0.244846811726135,1.99819597449457,0.952707483663617,results/mid360_formal_batch1/final_dataset_v1/final_geometry_manifest.csv;results/mid360_formal_batch1/final_dataset_v1/final_scene_registry.yaml;results/mid360_formal_batch1/final_dataset_v1/final_dataset_readiness.json,c0a1c8ea9cbb1b28f8ffdc507d7becf8f591ed333d047161168a1a0962a10bd4;54e69717317632cd36422b7316d4288909ade9155386d783d36fcdc5ff2078fe;bf7fa35df2c92816721a686ffa6f9677bd936ba1cb47a329d40d11d76927a1d4
FMB1_R01,S01,2,FMB1_R01_S01_Q03,1,0.247400293548945,1.97046362343038,0.953722249273737,R01,Rich,0.244846811726135,1.99819597449457,0.952707483663617,results/mid360_formal_batch1/final_dataset_v1/final_geometry_manifest.csv;results/mid360_formal_batch1/final_dataset_v1/final_scene_registry.yaml;results/mid360_formal_batch1/final_dataset_v1/final_dataset_readiness.json,c0a1c8ea9cbb1b28f8ffdc507d7becf8f591ed333d047161168a1a0962a10bd4;54e69717317632cd36422b7316d4288909ade9155386d783d36fcdc5ff2078fe;bf7fa35df2c92816721a686ffa6f9677bd936ba1cb47a329d40d11d76927a1d4
FMB1_R01,S01,3,FMB1_R01_S01_Q04,1,0.246020747956348,1.97645181128928,0.954309087919006,R01,Rich,0.244846811726135,1.99819597449457,0.952707483663617,results/mid360_formal_batch1/final_dataset_v1/final_geometry_manifest.csv;results/mid360_formal_batch1/final_dataset_v1/final_scene_registry.yaml;results/mid360_formal_batch1/final_dataset_v1/final_dataset_readiness.json,c0a1c8ea9cbb1b28f8ffdc507d7becf8f591ed333d047161168a1a0962a10bd4;54e69717317632cd36422b7316d4288909ade9155386d783d36fcdc5ff2078fe;bf7fa35df2c92816721a686ffa6f9677bd936ba1cb47a329d40d11d76927a1d4
FMB1_R01,S01,4,FMB1_R01_S01_Q05,1,0.245089299976537,1.97480907247045,0.955432644377519,R01,Rich,0.244846811726135,1.99819597449457,0.952707483663617,results/mid360_formal_batch1/final_dataset_v1/final_geometry_manifest.csv;results/mid360_formal_batch1/final_dataset_v1/final_scene_registry.yaml;results/mid360_formal_batch1/final_dataset_v1/final_dataset_readiness.json,c0a1c8ea9cbb1b28f8ffdc507d7becf8f591ed333d047161168a1a0962a10bd4;54e69717317632cd36422b7316d4288909ade9155386d783d36fcdc5ff2078fe;bf7fa35df2c92816721a686ffa6f9677bd936ba1cb47a329d40d11d76927a1d4
FMB1_R01,S01,5,FMB1_R01_S01_Q06,1,0.244604323475733,1.98564350001305,0.954488867864041,R01,Rich,0.244846811726135,1.99819597449457,0.952707483663617,results/mid360_formal_batch1/final_dataset_v1/final_geometry_manifest.csv;results/mid360_formal_batch1/final_dataset_v1/final_scene_registry.yaml;results/mid360_formal_batch1/final_dataset_v1/final_dataset_readiness.json,c0a1c8ea9cbb1b28f8ffdc507d7becf8f591ed333d047161168a1a0962a10bd4;54e69717317632cd36422b7316d4288909ade9155386d783d36fcdc5ff2078fe;bf7fa35df2c92816721a686ffa6f9677bd936ba1cb47a329d40d11d76927a1d4
FMB1_R01,S01,6,FMB1_R01_S01_Q07,1,0.246503845406602,2.01603047177617,0.94820521025773,R01,Rich,0.244846811726135,1.99819597449457,0.952707483663617,results/mid360_formal_batch1/final_dataset_v1/final_geometry_manifest.csv;results/mid360_formal_batch1/final_dataset_v1/final_scene_registry.yaml;results/mid360_formal_batch1/final_dataset_v1/final_dataset_readiness.json,c0a1c8ea9cbb1b28f8ffdc507d7becf8f591ed333d047161168a1a0962a10bd4;54e69717317632cd36422b7316d4288909ade9155386d783d36fcdc5ff2078fe;bf7fa35df2c92816721a686ffa6f9677bd936ba1cb47a329d40d11d76927a1d4
FMB1_R01,S01,7,FMB1_R01_S01_Q08,1,0.24612495962019,1.98642404764573,0.952852391487307,R01,Rich,0.244846811726135,1.99819597449457,0.952707483663617,results/mid360_formal_batch1/final_dataset_v1/final_geometry_manifest.csv;results/mid360_formal_batch1/final_dataset_v1/final_scene_registry.yaml;results/mid360_formal_batch1/final_dataset_v1/final_dataset_readiness.json,c0a1c8ea9cbb1b28f8ffdc507d7becf8f591ed333d047161168a1a0962a10bd4;54e69717317632cd36422b7316d4288909ade9155386d783d36fcdc5ff2078fe;bf7fa35df2c92816721a686ffa6f9677bd936ba1cb47a329d40d11d76927a1d4
FMB1_R01,S01,8,FMB1_R01_S01_Q09,1,0.238340524884996,2.05849888312381,0.95119458496324,R01,Rich,0.244846811726135,1.99819597449457,0.952707483663617,results/mid360_formal_batch1/final_dataset_v1/final_geometry_manifest.csv;results/mid360_formal_batch1/final_dataset_v1/final_scene_registry.yaml;results/mid360_formal_batch1/final_dataset_v1/final_dataset_readiness.json,c0a1c8ea9cbb1b28f8ffdc507d7becf8f591ed333d047161168a1a0962a10bd4;54e69717317632cd36422b7316d4288909ade9155386d783d36fcdc5ff2078fe;bf7fa35df2c92816721a686ffa6f9677bd936ba1cb47a329d40d11d76927a1d4
FMB1_R01,S01,9,FMB1_R01_S01_Q10,1,0.238459367557434,2.05738811054746,0.951219378275962,R01,Rich,0.244846811726135,1.99819597449457,0.952707483663617,results/mid360_formal_batch1/final_dataset_v1/final_geometry_manifest.csv;results/mid360_formal_batch1/final_dataset_v1/final_scene_registry.yaml;results/mid360_formal_batch1/final_dataset_v1/final_dataset_readiness.json,c0a1c8ea9cbb1b28f8ffdc507d7becf8f591ed333d047161168a1a0962a10bd4;54e69717317632cd36422b7316d4288909ade9155386d783d36fcdc5ff2078fe;bf7fa35df2c92816721a686ffa6f9677bd936ba1cb47a329d40d11d76927a1d4
FMB1_R01,S02,0,FMB1_R01_S02_Q01,1,0.209192186494896,2.54036770881431,0.922317187815037,R01,Rich,0.244846811726135,1.99819597449457,0.952707483663617,results/mid360_formal_batch1/final_dataset_v1/final_geometry_manifest.csv;results/mid360_formal_batch1/final_dataset_v1/final_scene_registry.yaml;results/mid360_formal_batch1/final_dataset_v1/final_dataset_readiness.json,c0a1c8ea9cbb1b28f8ffdc507d7becf8f591ed333d047161168a1a0962a10bd4;54e69717317632cd36422b7316d4288909ade9155386d783d36fcdc5ff2078fe;bf7fa35df2c92816721a686ffa6f9677bd936ba1cb47a329d40d11d76927a1d4
FMB1_R01,S02,1,FMB1_R01_S02_Q02,1,0.216274209671739,2.37918871501872,0.934195982926591,R01,Rich,0.244846811726135,1.99819597449457,0.952707483663617,results/mid360_formal_batch1/final_dataset_v1/final_geometry_manifest.csv;results/mid360_formal_batch1/final_dataset_v1/final_scene_registry.yaml;results/mid360_formal_batch1/final_dataset_v1/final_dataset_readiness.json,c0a1c8ea9cbb1b28f8ffdc507d7becf8f591ed333d047161168a1a0962a10bd4;54e69717317632cd36422b7316d4288909ade9155386d783d36fcdc5ff2078fe;bf7fa35df2c92816721a686ffa6f9677bd936ba1cb47a329d40d11d76927a1d4
FMB1_R01,S02,2,FMB1_R01_S02_Q03,1,0.21430137663446,2.43128353704806,0.929907412436016,R01,Rich,0.244846811726135,1.99819597449457,0.952707483663617,results/mid360_formal_batch1/final_dataset_v1/final_geometry_manifest.csv;results/mid360_formal_batch1/final_dataset_v1/final_scene_registry.yaml;results/mid360_formal_batch1/final_dataset_v1/final_dataset_readiness.json,c0a1c8ea9cbb1b28f8ffdc507d7becf8f591ed333d047161168a1a0962a10bd4;54e69717317632cd36422b7316d4288909ade9155386d783d36fcdc5ff2078fe;bf7fa35df2c92816721a686ffa6f9677bd936ba1cb47a329d40d11d76927a1d4
FMB1_R01,S02,3,FMB1_R01_S02_Q04,1,0.212912725897176,2.45614640166124,0.928450660056349,R01,Rich,0.244846811726135,1.99819597449457,0.952707483663617,results/mid360_formal_batch1/final_dataset_v1/final_geometry_manifest.csv;results/mid360_formal_batch1/final_dataset_v1/final_scene_registry.yaml;results/mid360_formal_batch1/final_dataset_v1/final_dataset_readiness.json,c0a1c8ea9cbb1b28f8ffdc507d7becf8f591ed333d047161168a1a0962a10bd4;54e69717317632cd36422b7316d4288909ade9155386d783d36fcdc5ff2078fe;bf7fa35df2c92816721a686ffa6f9677bd936ba1cb47a329d40d11d76927a1d4
FMB1_R01,S02,4,FMB1_R01_S02_Q05,1,0.21177004118062,2.46345517533027,0.92899490786501,R01,Rich,0.244846811726135,1.99819597449457,0.952707483663617,results/mid360_formal_batch1/final_dataset_v1/final_geometry_manifest.csv;results/mid360_formal_batch1/final_dataset_v1/final_scene_registry.yaml;results/mid360_formal_batch1/final_dataset_v1/final_dataset_readiness.json,c0a1c8ea9cbb1b28f8ffdc507d7becf8f591ed333d047161168a1a0962a10bd4;54e69717317632cd36422b7316d4288909ade9155386d783d36fcdc5ff2078fe;bf7fa35df2c92816721a686ffa6f9677bd936ba1cb47a329d40d11d76927a1d4
FMB1_R01,S02,5,FMB1_R01_S02_Q06,1,0.216458613264598,2.36340330878153,0.935968159697689,R01,Rich,0.244846811726135,1.99819597449457,0.952707483663617,results/mid360_formal_batch1/final_dataset_v1/final_geometry_manifest.csv;results/mid360_formal_batch1/final_dataset_v1/final_scene_registry.yaml;results/mid360_formal_batch1/final_dataset_v1/final_dataset_readiness.json,c0a1c8ea9cbb1b28f8ffdc507d7becf8f591ed333d047161168a1a0962a10bd4;54e69717317632cd36422b7316d4288909ade9155386d783d36fcdc5ff2078fe;bf7fa35df2c92816721a686ffa6f9677bd936ba1cb47a329d40d11d76927a1d4
FMB1_R01,S02,6,FMB1_R01_S02_Q07,1,0.213228575789053,2.40124782269587,0.935011246872782,R01,Rich,0.244846811726135,1.99819597449457,0.952707483663617,results/mid360_formal_batch1/final_dataset_v1/final_geometry_manifest.csv;results/mid360_formal_batch1/final_dataset_v1/final_scene_registry.yaml;results/mid360_formal_batch1/final_dataset_v1/final_dataset_readiness.json,c0a1c8ea9cbb1b28f8ffdc507d7becf8f591ed333d047161168a1a0962a10bd4;54e69717317632cd36422b7316d4288909ade9155386d783d36fcdc5ff2078fe;bf7fa35df2c92816721a686ffa6f9677bd936ba1cb47a329d40d11d76927a1d4
FMB1_R01,S02,7,FMB1_R01_S02_Q08,1,0.213307899868465,2.40790603076898,0.934109866948778,R01,Rich,0.244846811726135,1.99819597449457,0.952707483663617,results/mid360_formal_batch1/final_dataset_v1/final_geometry_manifest.csv;results/mid360_formal_batch1/final_dataset_v1/final_scene_registry.yaml;results/mid360_formal_batch1/final_dataset_v1/final_dataset_readiness.json,c0a1c8ea9cbb1b28f8ffdc507d7becf8f591ed333d047161168a1a0962a10bd4;54e69717317632cd36422b7316d4288909ade9155386d783d36fcdc5ff2078fe;bf7fa35df2c92816721a686ffa6f9677bd936ba1cb47a329d40d11d76927a1d4
FMB1_R01,S02,8,FMB1_R01_S02_Q09,1,0.208549875305063,2.5626172890821,0.920208829733393,R01,Rich,0.244846811726135,1.99819597449457,0.952707483663617,results/mid360_formal_batch1/final_dataset_v1/final_geometry_manifest.csv;results/mid360_formal_batch1/final_dataset_v1/final_scene_registry.yaml;results/mid360_formal_batch1/final_dataset_v1/final_dataset_readiness.json,c0a1c8ea9cbb1b28f8ffdc507d7becf8f591ed333d047161168a1a0962a10bd4;54e69717317632cd36422b7316d4288909ade9155386d783d36fcdc5ff2078fe;bf7fa35df2c92816721a686ffa6f9677bd936ba1cb47a329d40d11d76927a1d4
FMB1_R01,S02,9,FMB1_R01_S02_Q10,1,0.215043716771312,2.39300658191689,0.93391948113481,R01,Rich,0.244846811726135,1.99819597449457,0.952707483663617,results/mid360_formal_batch1/final_dataset_v1/final_geometry_manifest.csv;results/mid360_formal_batch1/final_dataset_v1/final_scene_registry.yaml;results/mid360_formal_batch1/final_dataset_v1/final_dataset_readiness.json,c0a1c8ea9cbb1b28f8ffdc507d7becf8f591ed333d047161168a1a0962a10bd4;54e69717317632cd36422b7316d4288909ade9155386d783d36fcdc5ff2078fe;bf7fa35df2c92816721a686ffa6f9677bd936ba1cb47a329d40d11d76927a1d4
FMB1_R01,S03,0,FMB1_R01_S03_Q01,1,0.26568265488171,1.4865605665385,0.988338783884287,R01,Rich,0.244846811726135,1.99819597449457,0.952707483663617,results/mid360_formal_batch1/final_dataset_v1/final_geometry_manifest.csv;results/mid360_formal_batch1/final_dataset_v1/final_scene_registry.yaml;results/mid360_formal_batch1/final_dataset_v1/final_dataset_readiness.json,c0a1c8ea9cbb1b28f8ffdc507d7becf8f591ed333d047161168a1a0962a10bd4;54e69717317632cd36422b7316d4288909ade9155386d783d36fcdc5ff2078fe;bf7fa35df2c92816721a686ffa6f9677bd936ba1cb47a329d40d11d76927a1d4
FMB1_R01,S03,1,FMB1_R01_S03_Q02,1,0.272089514100204,1.46576664746513,0.989002452650661,R01,Rich,0.244846811726135,1.99819597449457,0.952707483663617,results/mid360_formal_batch1/final_dataset_v1/final_geometry_manifest.csv;results/mid360_formal_batch1/final_dataset_v1/final_scene_registry.yaml;results/mid360_formal_batch1/final_dataset_v1/final_dataset_readiness.json,c0a1c8ea9cbb1b28f8ffdc507d7becf8f591ed333d047161168a1a0962a10bd4;54e69717317632cd36422b7316d4288909ade9155386d783d36fcdc5ff2078fe;bf7fa35df2c92816721a686ffa6f9677bd936ba1cb47a329d40d11d76927a1d4
FMB1_R01,S03,2,FMB1_R01_S03_Q03,1,0.276494200554154,1.42555565837557,0.990523248283869,R01,Rich,0.244846811726135,1.99819597449457,0.952707483663617,results/mid360_formal_batch1/final_dataset_v1/final_geometry_manifest.csv;results/mid360_formal_batch1/final_dataset_v1/final_scene_registry.yaml;results/mid360_formal_batch1/final_dataset_v1/final_dataset_readiness.json,c0a1c8ea9cbb1b28f8ffdc507d7becf8f591ed333d047161168a1a0962a10bd4;54e69717317632cd36422b7316d4288909ade9155386d783d36fcdc5ff2078fe;bf7fa35df2c92816721a686ffa6f9677bd936ba1cb47a329d40d11d76927a1d4
FMB1_R01,S03,3,FMB1_R01_S03_Q04,1,0.275947309318345,1.43440196597029,0.990159101522944,R01,Rich,0.244846811726135,1.99819597449457,0.952707483663617,results/mid360_formal_batch1/final_dataset_v1/final_geometry_manifest.csv;results/mid360_formal_batch1/final_dataset_v1/final_scene_registry.yaml;results/mid360_formal_batch1/final_dataset_v1/final_dataset_readiness.json,c0a1c8ea9cbb1b28f8ffdc507d7becf8f591ed333d047161168a1a0962a10bd4;54e69717317632cd36422b7316d4288909ade9155386d783d36fcdc5ff2078fe;bf7fa35df2c92816721a686ffa6f9677bd936ba1cb47a329d40d11d76927a1d4
FMB1_R01,S03,4,FMB1_R01_S03_Q05,1,0.265230513682149,1.48306448606854,0.988449954277596,R01,Rich,0.244846811726135,1.99819597449457,0.952707483663617,results/mid360_formal_batch1/final_dataset_v1/final_geometry_manifest.csv;results/mid360_formal_batch1/final_dataset_v1/final_scene_registry.yaml;results/mid360_formal_batch1/final_dataset_v1/final_dataset_readiness.json,c0a1c8ea9cbb1b28f8ffdc507d7becf8f591ed333d047161168a1a0962a10bd4;54e69717317632cd36422b7316d4288909ade9155386d783d36fcdc5ff2078fe;bf7fa35df2c92816721a686ffa6f9677bd936ba1cb47a329d40d11d76927a1d4
FMB1_R01,S03,5,FMB1_R01_S03_Q06,1,0.261733218977527,1.52720708947624,0.986746728582279,R01,Rich,0.244846811726135,1.99819597449457,0.952707483663617,results/mid360_formal_batch1/final_dataset_v1/final_geometry_manifest.csv;results/mid360_formal_batch1/final_dataset_v1/final_scene_registry.yaml;results/mid360_formal_batch1/final_dataset_v1/final_dataset_readiness.json,c0a1c8ea9cbb1b28f8ffdc507d7becf8f591ed333d047161168a1a0962a10bd4;54e69717317632cd36422b7316d4288909ade9155386d783d36fcdc5ff2078fe;bf7fa35df2c92816721a686ffa6f9677bd936ba1cb47a329d40d11d76927a1d4
FMB1_R01,S03,6,FMB1_R01_S03_Q07,1,0.271234280835007,1.46589013199413,0.989058941033773,R01,Rich,0.244846811726135,1.99819597449457,0.952707483663617,results/mid360_formal_batch1/final_dataset_v1/final_geometry_manifest.csv;results/mid360_formal_batch1/final_dataset_v1/final_scene_registry.yaml;results/mid360_formal_batch1/final_dataset_v1/final_dataset_readiness.json,c0a1c8ea9cbb1b28f8ffdc507d7becf8f591ed333d047161168a1a0962a10bd4;54e69717317632cd36422b7316d4288909ade9155386d783d36fcdc5ff2078fe;bf7fa35df2c92816721a686ffa6f9677bd936ba1cb47a329d40d11d76927a1d4
FMB1_R01,S03,7,FMB1_R01_S03_Q08,1,0.279432435798097,1.41939891273747,0.99052570384393,R01,Rich,0.244846811726135,1.99819597449457,0.952707483663617,results/mid360_formal_batch1/final_dataset_v1/final_geometry_manifest.csv;results/mid360_formal_batch1/final_dataset_v1/final_scene_registry.yaml;results/mid360_formal_batch1/final_dataset_v1/final_dataset_readiness.json,c0a1c8ea9cbb1b28f8ffdc507d7becf8f591ed333d047161168a1a0962a10bd4;54e69717317632cd36422b7316d4288909ade9155386d783d36fcdc5ff2078fe;bf7fa35df2c92816721a686ffa6f9677bd936ba1cb47a329d40d11d76927a1d4
FMB1_R01,S03,8,FMB1_R01_S03_Q09,1,0.260473673937801,1.52092956769557,0.986941475920363,R01,Rich,0.244846811726135,1.99819597449457,0.952707483663617,results/mid360_formal_batch1/final_dataset_v1/final_geometry_manifest.csv;results/mid360_formal_batch1/final_dataset_v1/final_scene_registry.yaml;results/mid360_formal_batch1/final_dataset_v1/final_dataset_readiness.json,c0a1c8ea9cbb1b28f8ffdc507d7becf8f591ed333d047161168a1a0962a10bd4;54e69717317632cd36422b7316d4288909ade9155386d783d36fcdc5ff2078fe;bf7fa35df2c92816721a686ffa6f9677bd936ba1cb47a329d40d11d76927a1d4
FMB1_R01,S03,9,FMB1_R01_S03_Q10,1,0.273334593612777,1.44536373644494,0.989846933925996,R01,Rich,0.244846811726135,1.99819597449457,0.952707483663617,results/mid360_formal_batch1/final_dataset_v1/final_geometry_manifest.csv;results/mid360_formal_batch1/final_dataset_v1/final_scene_registry.yaml;results/mid360_formal_batch1/final_dataset_v1/final_dataset_readiness.json,c0a1c8ea9cbb1b28f8ffdc507d7becf8f591ed333d047161168a1a0962a10bd4;54e69717317632cd36422b7316d4288909ade9155386d783d36fcdc5ff2078fe;bf7fa35df2c92816721a686ffa6f9677bd936ba1cb47a329d40d11d76927a1d4
FMB1_R02,S01,0,FMB1_R02_S01_Q01,1,0.180336938298877,2.65227601267457,0.936233420566532,R02,Rich,0.185463581008987,2.59277174807865,0.937647665452353,results/mid360_formal_batch1/final_dataset_v1/final_geometry_manifest.csv;results/mid360_formal_batch1/final_dataset_v1/final_scene_registry.yaml;results/mid360_formal_batch1/final_dataset_v1/final_dataset_readiness.json,c0a1c8ea9cbb1b28f8ffdc507d7becf8f591ed333d047161168a1a0962a10bd4;54e69717317632cd36422b7316d4288909ade9155386d783d36fcdc5ff2078fe;bf7fa35df2c92816721a686ffa6f9677bd936ba1cb47a329d40d11d76927a1d4
FMB1_R02,S01,1,FMB1_R02_S01_Q02,1,0.185437530400819,2.63592879713059,0.935474629847166,R02,Rich,0.185463581008987,2.59277174807865,0.937647665452353,results/mid360_formal_batch1/final_dataset_v1/final_geometry_manifest.csv;results/mid360_formal_batch1/final_dataset_v1/final_scene_registry.yaml;results/mid360_formal_batch1/final_dataset_v1/final_dataset_readiness.json,c0a1c8ea9cbb1b28f8ffdc507d7becf8f591ed333d047161168a1a0962a10bd4;54e69717317632cd36422b7316d4288909ade9155386d783d36fcdc5ff2078fe;bf7fa35df2c92816721a686ffa6f9677bd936ba1cb47a329d40d11d76927a1d4
FMB1_R02,S01,2,FMB1_R02_S01_Q03,1,0.185148200197132,2.59796847988572,0.938056419148204,R02,Rich,0.185463581008987,2.59277174807865,0.937647665452353,results/mid360_formal_batch1/final_dataset_v1/final_geometry_manifest.csv;results/mid360_formal_batch1/final_dataset_v1/final_scene_registry.yaml;results/mid360_formal_batch1/final_dataset_v1/final_dataset_readiness.json,c0a1c8ea9cbb1b28f8ffdc507d7becf8f591ed333d047161168a1a0962a10bd4;54e69717317632cd36422b7316d4288909ade9155386d783d36fcdc5ff2078fe;bf7fa35df2c92816721a686ffa6f9677bd936ba1cb47a329d40d11d76927a1d4
FMB1_R02,S01,3,FMB1_R02_S01_Q04,1,0.1875600928768,2.58932361237956,0.937703663902629,R02,Rich,0.185463581008987,2.59277174807865,0.937647665452353,results/mid360_formal_batch1/final_dataset_v1/final_geometry_manifest.csv;results/mid360_formal_batch1/final_dataset_v1/final_scene_registry.yaml;results/mid360_formal_batch1/final_dataset_v1/final_dataset_readiness.json,c0a1c8ea9cbb1b28f8ffdc507d7becf8f591ed333d047161168a1a0962a10bd4;54e69717317632cd36422b7316d4288909ade9155386d783d36fcdc5ff2078fe;bf7fa35df2c92816721a686ffa6f9677bd936ba1cb47a329d40d11d76927a1d4
FMB1_R02,S01,4,FMB1_R02_S01_Q05,1,0.184674091191072,2.55701608359283,0.940535399022116,R02,Rich,0.185463581008987,2.59277174807865,0.937647665452353,results/mid360_formal_batch1/final_dataset_v1/final_geometry_manifest.csv;results/mid360_formal_batch1/final_dataset_v1/final_scene_registry.yaml;results/mid360_formal_batch1/final_dataset_v1/final_dataset_readiness.json,c0a1c8ea9cbb1b28f8ffdc507d7becf8f591ed333d047161168a1a0962a10bd4;54e69717317632cd36422b7316d4288909ade9155386d783d36fcdc5ff2078fe;bf7fa35df2c92816721a686ffa6f9677bd936ba1cb47a329d40d11d76927a1d4
FMB1_R02,S01,5,FMB1_R02_S01_Q06,1,0.179381109841447,2.68372341526616,0.934706974891378,R02,Rich,0.185463581008987,2.59277174807865,0.937647665452353,results/mid360_formal_batch1/final_dataset_v1/final_geometry_manifest.csv;results/mid360_formal_batch1/final_dataset_v1/final_scene_registry.yaml;results/mid360_formal_batch1/final_dataset_v1/final_dataset_readiness.json,c0a1c8ea9cbb1b28f8ffdc507d7becf8f591ed333d047161168a1a0962a10bd4;54e69717317632cd36422b7316d4288909ade9155386d783d36fcdc5ff2078fe;bf7fa35df2c92816721a686ffa6f9677bd936ba1cb47a329d40d11d76927a1d4
FMB1_R02,S01,6,FMB1_R02_S01_Q07,1,0.18636323842439,2.59839962747119,0.937591667002076,R02,Rich,0.185463581008987,2.59277174807865,0.937647665452353,results/mid360_formal_batch1/final_dataset_v1/final_geometry_manifest.csv;results/mid360_formal_batch1/final_dataset_v1/final_scene_registry.yaml;results/mid360_formal_batch1/final_dataset_v1/final_dataset_readiness.json,c0a1c8ea9cbb1b28f8ffdc507d7becf8f591ed333d047161168a1a0962a10bd4;54e69717317632cd36422b7316d4288909ade9155386d783d36fcdc5ff2078fe;bf7fa35df2c92816721a686ffa6f9677bd936ba1cb47a329d40d11d76927a1d4
FMB1_R02,S01,7,FMB1_R02_S01_Q08,1,0.188068209726571,2.51315545007357,0.942276322845596,R02,Rich,0.185463581008987,2.59277174807865,0.937647665452353,results/mid360_formal_batch1/final_dataset_v1/final_geometry_manifest.csv;results/mid360_formal_batch1/final_dataset_v1/final_scene_registry.yaml;results/mid360_formal_batch1/final_dataset_v1/final_dataset_readiness.json,c0a1c8ea9cbb1b28f8ffdc507d7becf8f591ed333d047161168a1a0962a10bd4;54e69717317632cd36422b7316d4288909ade9155386d783d36fcdc5ff2078fe;bf7fa35df2c92816721a686ffa6f9677bd936ba1cb47a329d40d11d76927a1d4
FMB1_R02,S01,8,FMB1_R02_S01_Q09,1,0.185489631617154,2.56344628981006,0.940007985744678,R02,Rich,0.185463581008987,2.59277174807865,0.937647665452353,results/mid360_formal_batch1/final_dataset_v1/final_geometry_manifest.csv;results/mid360_formal_batch1/final_dataset_v1/final_scene_registry.yaml;results/mid360_formal_batch1/final_dataset_v1/final_dataset_readiness.json,c0a1c8ea9cbb1b28f8ffdc507d7becf8f591ed333d047161168a1a0962a10bd4;54e69717317632cd36422b7316d4288909ade9155386d783d36fcdc5ff2078fe;bf7fa35df2c92816721a686ffa6f9677bd936ba1cb47a329d40d11d76927a1d4
FMB1_R02,S01,9,FMB1_R02_S01_Q10,1,0.183672124633845,2.61941795210085,0.937221556663416,R02,Rich,0.185463581008987,2.59277174807865,0.937647665452353,results/mid360_formal_batch1/final_dataset_v1/final_geometry_manifest.csv;results/mid360_formal_batch1/final_dataset_v1/final_scene_registry.yaml;results/mid360_formal_batch1/final_dataset_v1/final_dataset_readiness.json,c0a1c8ea9cbb1b28f8ffdc507d7becf8f591ed333d047161168a1a0962a10bd4;54e69717317632cd36422b7316d4288909ade9155386d783d36fcdc5ff2078fe;bf7fa35df2c92816721a686ffa6f9677bd936ba1cb47a329d40d11d76927a1d4
FMB1_R02,S02,0,FMB1_R02_S02_Q01,1,0.185625946608786,2.39947117193986,0.947292238194103,R02,Rich,0.185463581008987,2.59277174807865,0.937647665452353,results/mid360_formal_batch1/final_dataset_v1/final_geometry_manifest.csv;results/mid360_formal_batch1/final_dataset_v1/final_scene_registry.yaml;results/mid360_formal_batch1/final_dataset_v1/final_dataset_readiness.json,c0a1c8ea9cbb1b28f8ffdc507d7becf8f591ed333d047161168a1a0962a10bd4;54e69717317632cd36422b7316d4288909ade9155386d783d36fcdc5ff2078fe;bf7fa35df2c92816721a686ffa6f9677bd936ba1cb47a329d40d11d76927a1d4
FMB1_R02,S02,1,FMB1_R02_S02_Q02,1,0.18255308554873,2.40239005855049,0.94635146191269,R02,Rich,0.185463581008987,2.59277174807865,0.937647665452353,results/mid360_formal_batch1/final_dataset_v1/final_geometry_manifest.csv;results/mid360_formal_batch1/final_dataset_v1/final_scene_registry.yaml;results/mid360_formal_batch1/final_dataset_v1/final_dataset_readiness.json,c0a1c8ea9cbb1b28f8ffdc507d7becf8f591ed333d047161168a1a0962a10bd4;54e69717317632cd36422b7316d4288909ade9155386d783d36fcdc5ff2078fe;bf7fa35df2c92816721a686ffa6f9677bd936ba1cb47a329d40d11d76927a1d4
FMB1_R02,S02,2,FMB1_R02_S02_Q03,1,0.185103374848752,2.45003985359796,0.945437412337825,R02,Rich,0.185463581008987,2.59277174807865,0.937647665452353,results/mid360_formal_batch1/final_dataset_v1/final_geometry_manifest.csv;results/mid360_formal_batch1/final_dataset_v1/final_scene_registry.yaml;results/mid360_formal_batch1/final_dataset_v1/final_dataset_readiness.json,c0a1c8ea9cbb1b28f8ffdc507d7becf8f591ed333d047161168a1a0962a10bd4;54e69717317632cd36422b7316d4288909ade9155386d783d36fcdc5ff2078fe;bf7fa35df2c92816721a686ffa6f9677bd936ba1cb47a329d40d11d76927a1d4
FMB1_R02,S02,3,FMB1_R02_S02_Q04,1,0.184374669286039,2.40761412426008,0.946751550865398,R02,Rich,0.185463581008987,2.59277174807865,0.937647665452353,results/mid360_formal_batch1/final_dataset_v1/final_geometry_manifest.csv;results/mid360_formal_batch1/final_dataset_v1/final_scene_registry.yaml;results/mid360_formal_batch1/final_dataset_v1/final_dataset_readiness.json,c0a1c8ea9cbb1b28f8ffdc507d7becf8f591ed333d047161168a1a0962a10bd4;54e69717317632cd36422b7316d4288909ade9155386d783d36fcdc5ff2078fe;bf7fa35df2c92816721a686ffa6f9677bd936ba1cb47a329d40d11d76927a1d4
FMB1_R02,S02,4,FMB1_R02_S02_Q05,1,0.181657470314631,2.45370795484389,0.944698805791716,R02,Rich,0.185463581008987,2.59277174807865,0.937647665452353,results/mid360_formal_batch1/final_dataset_v1/final_geometry_manifest.csv;results/mid360_formal_batch1/final_dataset_v1/final_scene_registry.yaml;results/mid360_formal_batch1/final_dataset_v1/final_dataset_readiness.json,c0a1c8ea9cbb1b28f8ffdc507d7becf8f591ed333d047161168a1a0962a10bd4;54e69717317632cd36422b7316d4288909ade9155386d783d36fcdc5ff2078fe;bf7fa35df2c92816721a686ffa6f9677bd936ba1cb47a329d40d11d76927a1d4
FMB1_R02,S02,5,FMB1_R02_S02_Q06,1,0.1815221694122,2.44795376233163,0.94483008226616,R02,Rich,0.185463581008987,2.59277174807865,0.937647665452353,results/mid360_formal_batch1/final_dataset_v1/final_geometry_manifest.csv;results/mid360_formal_batch1/final_dataset_v1/final_scene_registry.yaml;results/mid360_formal_batch1/final_dataset_v1/final_dataset_readiness.json,c0a1c8ea9cbb1b28f8ffdc507d7becf8f591ed333d047161168a1a0962a10bd4;54e69717317632cd36422b7316d4288909ade9155386d783d36fcdc5ff2078fe;bf7fa35df2c92816721a686ffa6f9677bd936ba1cb47a329d40d11d76927a1d4
FMB1_R02,S02,6,FMB1_R02_S02_Q07,1,0.184237101919895,2.44740649960856,0.945424993884164,R02,Rich,0.185463581008987,2.59277174807865,0.937647665452353,results/mid360_formal_batch1/final_dataset_v1/final_geometry_manifest.csv;results/mid360_formal_batch1/final_dataset_v1/final_scene_registry.yaml;results/mid360_formal_batch1/final_dataset_v1/final_dataset_readiness.json,c0a1c8ea9cbb1b28f8ffdc507d7becf8f591ed333d047161168a1a0962a10bd4;54e69717317632cd36422b7316d4288909ade9155386d783d36fcdc5ff2078fe;bf7fa35df2c92816721a686ffa6f9677bd936ba1cb47a329d40d11d76927a1d4
FMB1_R02,S02,7,FMB1_R02_S02_Q08,1,0.181054485462325,2.49625135708459,0.94321039325513,R02,Rich,0.185463581008987,2.59277174807865,0.937647665452353,results/mid360_formal_batch1/final_dataset_v1/final_geometry_manifest.csv;results/mid360_formal_batch1/final_dataset_v1/final_scene_registry.yaml;results/mid360_formal_batch1/final_dataset_v1/final_dataset_readiness.json,c0a1c8ea9cbb1b28f8ffdc507d7becf8f591ed333d047161168a1a0962a10bd4;54e69717317632cd36422b7316d4288909ade9155386d783d36fcdc5ff2078fe;bf7fa35df2c92816721a686ffa6f9677bd936ba1cb47a329d40d11d76927a1d4
FMB1_R02,S02,8,FMB1_R02_S02_Q09,1,0.172263895916872,2.59206175706669,0.938112780085253,R02,Rich,0.185463581008987,2.59277174807865,0.937647665452353,results/mid360_formal_batch1/final_dataset_v1/final_geometry_manifest.csv;results/mid360_formal_batch1/final_dataset_v1/final_scene_registry.yaml;results/mid360_formal_batch1/final_dataset_v1/final_dataset_readiness.json,c0a1c8ea9cbb1b28f8ffdc507d7becf8f591ed333d047161168a1a0962a10bd4;54e69717317632cd36422b7316d4288909ade9155386d783d36fcdc5ff2078fe;bf7fa35df2c92816721a686ffa6f9677bd936ba1cb47a329d40d11d76927a1d4
FMB1_R02,S02,9,FMB1_R02_S02_Q10,1,0.1819540944458,2.44287691317527,0.94509261681748,R02,Rich,0.185463581008987,2.59277174807865,0.937647665452353,results/mid360_formal_batch1/final_dataset_v1/final_geometry_manifest.csv;results/mid360_formal_batch1/final_dataset_v1/final_scene_registry.yaml;results/mid360_formal_batch1/final_dataset_v1/final_dataset_readiness.json,c0a1c8ea9cbb1b28f8ffdc507d7becf8f591ed333d047161168a1a0962a10bd4;54e69717317632cd36422b7316d4288909ade9155386d783d36fcdc5ff2078fe;bf7fa35df2c92816721a686ffa6f9677bd936ba1cb47a329d40d11d76927a1d4
FMB1_R02,S03,0,FMB1_R02_S03_Q01,1,0.198440503036844,2.52001124027941,0.936612479171469,R02,Rich,0.185463581008987,2.59277174807865,0.937647665452353,results/mid360_formal_batch1/final_dataset_v1/final_geometry_manifest.csv;results/mid360_formal_batch1/final_dataset_v1/final_scene_registry.yaml;results/mid360_formal_batch1/final_dataset_v1/final_dataset_readiness.json,c0a1c8ea9cbb1b28f8ffdc507d7becf8f591ed333d047161168a1a0962a10bd4;54e69717317632cd36422b7316d4288909ade9155386d783d36fcdc5ff2078fe;bf7fa35df2c92816721a686ffa6f9677bd936ba1cb47a329d40d11d76927a1d4
FMB1_R02,S03,1,FMB1_R02_S03_Q02,1,0.19429897618328,2.59648795954134,0.932941237573223,R02,Rich,0.185463581008987,2.59277174807865,0.937647665452353,results/mid360_formal_batch1/final_dataset_v1/final_geometry_manifest.csv;results/mid360_formal_batch1/final_dataset_v1/final_scene_registry.yaml;results/mid360_formal_batch1/final_dataset_v1/final_dataset_readiness.json,c0a1c8ea9cbb1b28f8ffdc507d7becf8f591ed333d047161168a1a0962a10bd4;54e69717317632cd36422b7316d4288909ade9155386d783d36fcdc5ff2078fe;bf7fa35df2c92816721a686ffa6f9677bd936ba1cb47a329d40d11d76927a1d4
FMB1_R02,S03,2,FMB1_R02_S03_Q03,1,0.192009431805053,2.66647435500228,0.92840586776922,R02,Rich,0.185463581008987,2.59277174807865,0.937647665452353,results/mid360_formal_batch1/final_dataset_v1/final_geometry_manifest.csv;results/mid360_formal_batch1/final_dataset_v1/final_scene_registry.yaml;results/mid360_formal_batch1/final_dataset_v1/final_dataset_readiness.json,c0a1c8ea9cbb1b28f8ffdc507d7becf8f591ed333d047161168a1a0962a10bd4;54e69717317632cd36422b7316d4288909ade9155386d783d36fcdc5ff2078fe;bf7fa35df2c92816721a686ffa6f9677bd936ba1cb47a329d40d11d76927a1d4
FMB1_R02,S03,3,FMB1_R02_S03_Q04,1,0.194153188804062,2.59348173909061,0.93333204665244,R02,Rich,0.185463581008987,2.59277174807865,0.937647665452353,results/mid360_formal_batch1/final_dataset_v1/final_geometry_manifest.csv;results/mid360_formal_batch1/final_dataset_v1/final_scene_registry.yaml;results/mid360_formal_batch1/final_dataset_v1/final_dataset_readiness.json,c0a1c8ea9cbb1b28f8ffdc507d7becf8f591ed333d047161168a1a0962a10bd4;54e69717317632cd36422b7316d4288909ade9155386d783d36fcdc5ff2078fe;bf7fa35df2c92816721a686ffa6f9677bd936ba1cb47a329d40d11d76927a1d4
FMB1_R02,S03,4,FMB1_R02_S03_Q05,1,0.191753267646264,2.6145590007231,0.933328919720448,R02,Rich,0.185463581008987,2.59277174807865,0.937647665452353,results/mid360_formal_batch1/final_dataset_v1/final_geometry_manifest.csv;results/mid360_formal_batch1/final_dataset_v1/final_scene_registry.yaml;results/mid360_formal_batch1/final_dataset_v1/final_dataset_readiness.json,c0a1c8ea9cbb1b28f8ffdc507d7becf8f591ed333d047161168a1a0962a10bd4;54e69717317632cd36422b7316d4288909ade9155386d783d36fcdc5ff2078fe;bf7fa35df2c92816721a686ffa6f9677bd936ba1cb47a329d40d11d76927a1d4
FMB1_R02,S03,5,FMB1_R02_S03_Q06,1,0.191824569108994,2.63556927754896,0.931432165629036,R02,Rich,0.185463581008987,2.59277174807865,0.937647665452353,results/mid360_formal_batch1/final_dataset_v1/final_geometry_manifest.csv;results/mid360_formal_batch1/final_dataset_v1/final_scene_registry.yaml;results/mid360_formal_batch1/final_dataset_v1/final_dataset_readiness.json,c0a1c8ea9cbb1b28f8ffdc507d7becf8f591ed333d047161168a1a0962a10bd4;54e69717317632cd36422b7316d4288909ade9155386d783d36fcdc5ff2078fe;bf7fa35df2c92816721a686ffa6f9677bd936ba1cb47a329d40d11d76927a1d4
FMB1_R02,S03,6,FMB1_R02_S03_Q07,1,0.188079300933006,2.70456951886463,0.928384003043561,R02,Rich,0.185463581008987,2.59277174807865,0.937647665452353,results/mid360_formal_batch1/final_dataset_v1/final_geometry_manifest.csv;results/mid360_formal_batch1/final_dataset_v1/final_scene_registry.yaml;results/mid360_formal_batch1/final_dataset_v1/final_dataset_readiness.json,c0a1c8ea9cbb1b28f8ffdc507d7becf8f591ed333d047161168a1a0962a10bd4;54e69717317632cd36422b7316d4288909ade9155386d783d36fcdc5ff2078fe;bf7fa35df2c92816721a686ffa6f9677bd936ba1cb47a329d40d11d76927a1d4
FMB1_R02,S03,7,FMB1_R02_S03_Q08,1,0.191382753188437,2.64932139137701,0.930559288559694,R02,Rich,0.185463581008987,2.59277174807865,0.937647665452353,results/mid360_formal_batch1/final_dataset_v1/final_geometry_manifest.csv;results/mid360_formal_batch1/final_dataset_v1/final_scene_registry.yaml;results/mid360_formal_batch1/final_dataset_v1/final_dataset_readiness.json,c0a1c8ea9cbb1b28f8ffdc507d7becf8f591ed333d047161168a1a0962a10bd4;54e69717317632cd36422b7316d4288909ade9155386d783d36fcdc5ff2078fe;bf7fa35df2c92816721a686ffa6f9677bd936ba1cb47a329d40d11d76927a1d4
FMB1_R02,S03,8,FMB1_R02_S03_Q09,1,0.194327179140404,2.6159535556024,0.931105984956813,R02,Rich,0.185463581008987,2.59277174807865,0.937647665452353,results/mid360_formal_batch1/final_dataset_v1/final_geometry_manifest.csv;results/mid360_formal_batch1/final_dataset_v1/final_scene_registry.yaml;results/mid360_formal_batch1/final_dataset_v1/final_dataset_readiness.json,c0a1c8ea9cbb1b28f8ffdc507d7becf8f591ed333d047161168a1a0962a10bd4;54e69717317632cd36422b7316d4288909ade9155386d783d36fcdc5ff2078fe;bf7fa35df2c92816721a686ffa6f9677bd936ba1cb47a329d40d11d76927a1d4
FMB1_R02,S03,9,FMB1_R02_S03_Q10,1,0.192640251062678,2.63283604872728,0.930999369193839,R02,Rich,0.185463581008987,2.59277174807865,0.937647665452353,results/mid360_formal_batch1/final_dataset_v1/final_geometry_manifest.csv;results/mid360_formal_batch1/final_dataset_v1/final_scene_registry.yaml;results/mid360_formal_batch1/final_dataset_v1/final_dataset_readiness.json,c0a1c8ea9cbb1b28f8ffdc507d7becf8f591ed333d047161168a1a0962a10bd4;54e69717317632cd36422b7316d4288909ade9155386d783d36fcdc5ff2078fe;bf7fa35df2c92816721a686ffa6f9677bd936ba1cb47a329d40d11d76927a1d4
FMB1_R03,S01,0,FMB1_R03_S01_Q01,1,0.235703513304545,1.66075896791739,0.979071813105337,R03,Rich,0.23509428678002,1.76524460913398,0.975826908622396,results/mid360_formal_batch1/final_dataset_v1/final_geometry_manifest.csv;results/mid360_formal_batch1/final_dataset_v1/final_scene_registry.yaml;results/mid360_formal_batch1/final_dataset_v1/final_dataset_readiness.json,c0a1c8ea9cbb1b28f8ffdc507d7becf8f591ed333d047161168a1a0962a10bd4;54e69717317632cd36422b7316d4288909ade9155386d783d36fcdc5ff2078fe;bf7fa35df2c92816721a686ffa6f9677bd936ba1cb47a329d40d11d76927a1d4
FMB1_R03,S01,1,FMB1_R03_S01_Q02,1,0.228512515706587,1.78060450979835,0.974927436943015,R03,Rich,0.23509428678002,1.76524460913398,0.975826908622396,results/mid360_formal_batch1/final_dataset_v1/final_geometry_manifest.csv;results/mid360_formal_batch1/final_dataset_v1/final_scene_registry.yaml;results/mid360_formal_batch1/final_dataset_v1/final_dataset_readiness.json,c0a1c8ea9cbb1b28f8ffdc507d7becf8f591ed333d047161168a1a0962a10bd4;54e69717317632cd36422b7316d4288909ade9155386d783d36fcdc5ff2078fe;bf7fa35df2c92816721a686ffa6f9677bd936ba1cb47a329d40d11d76927a1d4
FMB1_R03,S01,2,FMB1_R03_S01_Q03,1,0.236265982598977,1.68561146628805,0.978884202517596,R03,Rich,0.23509428678002,1.76524460913398,0.975826908622396,results/mid360_formal_batch1/final_dataset_v1/final_geometry_manifest.csv;results/mid360_formal_batch1/final_dataset_v1/final_scene_registry.yaml;results/mid360_formal_batch1/final_dataset_v1/final_dataset_readiness.json,c0a1c8ea9cbb1b28f8ffdc507d7becf8f591ed333d047161168a1a0962a10bd4;54e69717317632cd36422b7316d4288909ade9155386d783d36fcdc5ff2078fe;bf7fa35df2c92816721a686ffa6f9677bd936ba1cb47a329d40d11d76927a1d4
FMB1_R03,S01,3,FMB1_R03_S01_Q04,1,0.237708385980621,1.67010310334069,0.979549238734714,R03,Rich,0.23509428678002,1.76524460913398,0.975826908622396,results/mid360_formal_batch1/final_dataset_v1/final_geometry_manifest.csv;results/mid360_formal_batch1/final_dataset_v1/final_scene_registry.yaml;results/mid360_formal_batch1/final_dataset_v1/final_dataset_readiness.json,c0a1c8ea9cbb1b28f8ffdc507d7becf8f591ed333d047161168a1a0962a10bd4;54e69717317632cd36422b7316d4288909ade9155386d783d36fcdc5ff2078fe;bf7fa35df2c92816721a686ffa6f9677bd936ba1cb47a329d40d11d76927a1d4
FMB1_R03,S01,4,FMB1_R03_S01_Q05,1,0.238690690058432,1.645630454022,0.980216635882352,R03,Rich,0.23509428678002,1.76524460913398,0.975826908622396,results/mid360_formal_batch1/final_dataset_v1/final_geometry_manifest.csv;results/mid360_formal_batch1/final_dataset_v1/final_scene_registry.yaml;results/mid360_formal_batch1/final_dataset_v1/final_dataset_readiness.json,c0a1c8ea9cbb1b28f8ffdc507d7becf8f591ed333d047161168a1a0962a10bd4;54e69717317632cd36422b7316d4288909ade9155386d783d36fcdc5ff2078fe;bf7fa35df2c92816721a686ffa6f9677bd936ba1cb47a329d40d11d76927a1d4
FMB1_R03,S01,5,FMB1_R03_S01_Q06,1,0.224827896806297,1.80659851463014,0.973380246006995,R03,Rich,0.23509428678002,1.76524460913398,0.975826908622396,results/mid360_formal_batch1/final_dataset_v1/final_geometry_manifest.csv;results/mid360_formal_batch1/final_dataset_v1/final_scene_registry.yaml;results/mid360_formal_batch1/final_dataset_v1/final_dataset_readiness.json,c0a1c8ea9cbb1b28f8ffdc507d7becf8f591ed333d047161168a1a0962a10bd4;54e69717317632cd36422b7316d4288909ade9155386d783d36fcdc5ff2078fe;bf7fa35df2c92816721a686ffa6f9677bd936ba1cb47a329d40d11d76927a1d4
FMB1_R03,S01,6,FMB1_R03_S01_Q07,1,0.237637264434732,1.65246166756099,0.979802790421784,R03,Rich,0.23509428678002,1.76524460913398,0.975826908622396,results/mid360_formal_batch1/final_dataset_v1/final_geometry_manifest.csv;results/mid360_formal_batch1/final_dataset_v1/final_scene_registry.yaml;results/mid360_formal_batch1/final_dataset_v1/final_dataset_readiness.json,c0a1c8ea9cbb1b28f8ffdc507d7becf8f591ed333d047161168a1a0962a10bd4;54e69717317632cd36422b7316d4288909ade9155386d783d36fcdc5ff2078fe;bf7fa35df2c92816721a686ffa6f9677bd936ba1cb47a329d40d11d76927a1d4
FMB1_R03,S01,7,FMB1_R03_S01_Q08,1,0.239346437033475,1.65060358592699,0.98032666905299,R03,Rich,0.23509428678002,1.76524460913398,0.975826908622396,results/mid360_formal_batch1/final_dataset_v1/final_geometry_manifest.csv;results/mid360_formal_batch1/final_dataset_v1/final_scene_registry.yaml;results/mid360_formal_batch1/final_dataset_v1/final_dataset_readiness.json,c0a1c8ea9cbb1b28f8ffdc507d7becf8f591ed333d047161168a1a0962a10bd4;54e69717317632cd36422b7316d4288909ade9155386d783d36fcdc5ff2078fe;bf7fa35df2c92816721a686ffa6f9677bd936ba1cb47a329d40d11d76927a1d4
FMB1_R03,S01,8,FMB1_R03_S01_Q09,1,0.227968744745609,1.74503242494642,0.975395034058834,R03,Rich,0.23509428678002,1.76524460913398,0.975826908622396,results/mid360_formal_batch1/final_dataset_v1/final_geometry_manifest.csv;results/mid360_formal_batch1/final_dataset_v1/final_scene_registry.yaml;results/mid360_formal_batch1/final_dataset_v1/final_dataset_readiness.json,c0a1c8ea9cbb1b28f8ffdc507d7becf8f591ed333d047161168a1a0962a10bd4;54e69717317632cd36422b7316d4288909ade9155386d783d36fcdc5ff2078fe;bf7fa35df2c92816721a686ffa6f9677bd936ba1cb47a329d40d11d76927a1d4
FMB1_R03,S01,9,FMB1_R03_S01_Q10,1,0.217246349997878,1.88533852954676,0.969511153086725,R03,Rich,0.23509428678002,1.76524460913398,0.975826908622396,results/mid360_formal_batch1/final_dataset_v1/final_geometry_manifest.csv;results/mid360_formal_batch1/final_dataset_v1/final_scene_registry.yaml;results/mid360_formal_batch1/final_dataset_v1/final_dataset_readiness.json,c0a1c8ea9cbb1b28f8ffdc507d7becf8f591ed333d047161168a1a0962a10bd4;54e69717317632cd36422b7316d4288909ade9155386d783d36fcdc5ff2078fe;bf7fa35df2c92816721a686ffa6f9677bd936ba1cb47a329d40d11d76927a1d4
FMB1_R03,S02,0,FMB1_R03_S02_Q01,1,0.218974019789293,1.83525759635999,0.97089915864861,R03,Rich,0.23509428678002,1.76524460913398,0.975826908622396,results/mid360_formal_batch1/final_dataset_v1/final_geometry_manifest.csv;results/mid360_formal_batch1/final_dataset_v1/final_scene_registry.yaml;results/mid360_formal_batch1/final_dataset_v1/final_dataset_readiness.json,c0a1c8ea9cbb1b28f8ffdc507d7becf8f591ed333d047161168a1a0962a10bd4;54e69717317632cd36422b7316d4288909ade9155386d783d36fcdc5ff2078fe;bf7fa35df2c92816721a686ffa6f9677bd936ba1cb47a329d40d11d76927a1d4
FMB1_R03,S02,1,FMB1_R03_S02_Q02,1,0.211246927386391,1.93167646824298,0.966538553963653,R03,Rich,0.23509428678002,1.76524460913398,0.975826908622396,results/mid360_formal_batch1/final_dataset_v1/final_geometry_manifest.csv;results/mid360_formal_batch1/final_dataset_v1/final_scene_registry.yaml;results/mid360_formal_batch1/final_dataset_v1/final_dataset_readiness.json,c0a1c8ea9cbb1b28f8ffdc507d7becf8f591ed333d047161168a1a0962a10bd4;54e69717317632cd36422b7316d4288909ade9155386d783d36fcdc5ff2078fe;bf7fa35df2c92816721a686ffa6f9677bd936ba1cb47a329d40d11d76927a1d4
FMB1_R03,S02,2,FMB1_R03_S02_Q03,1,0.210310949922489,1.95151657766172,0.965876796165868,R03,Rich,0.23509428678002,1.76524460913398,0.975826908622396,results/mid360_formal_batch1/final_dataset_v1/final_geometry_manifest.csv;results/mid360_formal_batch1/final_dataset_v1/final_scene_registry.yaml;results/mid360_formal_batch1/final_dataset_v1/final_dataset_readiness.json,c0a1c8ea9cbb1b28f8ffdc507d7becf8f591ed333d047161168a1a0962a10bd4;54e69717317632cd36422b7316d4288909ade9155386d783d36fcdc5ff2078fe;bf7fa35df2c92816721a686ffa6f9677bd936ba1cb47a329d40d11d76927a1d4
FMB1_R03,S02,3,FMB1_R03_S02_Q04,1,0.204174165567214,2.05365639531318,0.961766827495703,R03,Rich,0.23509428678002,1.76524460913398,0.975826908622396,results/mid360_formal_batch1/final_dataset_v1/final_geometry_manifest.csv;results/mid360_formal_batch1/final_dataset_v1/final_scene_registry.yaml;results/mid360_formal_batch1/final_dataset_v1/final_dataset_readiness.json,c0a1c8ea9cbb1b28f8ffdc507d7becf8f591ed333d047161168a1a0962a10bd4;54e69717317632cd36422b7316d4288909ade9155386d783d36fcdc5ff2078fe;bf7fa35df2c92816721a686ffa6f9677bd936ba1cb47a329d40d11d76927a1d4
FMB1_R03,S02,4,FMB1_R03_S02_Q05,1,0.215578783890731,1.88666574057629,0.968892347529531,R03,Rich,0.23509428678002,1.76524460913398,0.975826908622396,results/mid360_formal_batch1/final_dataset_v1/final_geometry_manifest.csv;results/mid360_formal_batch1/final_dataset_v1/final_scene_registry.yaml;results/mid360_formal_batch1/final_dataset_v1/final_dataset_readiness.json,c0a1c8ea9cbb1b28f8ffdc507d7becf8f591ed333d047161168a1a0962a10bd4;54e69717317632cd36422b7316d4288909ade9155386d783d36fcdc5ff2078fe;bf7fa35df2c92816721a686ffa6f9677bd936ba1cb47a329d40d11d76927a1d4
FMB1_R03,S02,5,FMB1_R03_S02_Q06,1,0.208942055720466,1.96859620180407,0.965072375512263,R03,Rich,0.23509428678002,1.76524460913398,0.975826908622396,results/mid360_formal_batch1/final_dataset_v1/final_geometry_manifest.csv;results/mid360_formal_batch1/final_dataset_v1/final_scene_registry.yaml;results/mid360_formal_batch1/final_dataset_v1/final_dataset_readiness.json,c0a1c8ea9cbb1b28f8ffdc507d7becf8f591ed333d047161168a1a0962a10bd4;54e69717317632cd36422b7316d4288909ade9155386d783d36fcdc5ff2078fe;bf7fa35df2c92816721a686ffa6f9677bd936ba1cb47a329d40d11d76927a1d4
FMB1_R03,S02,6,FMB1_R03_S02_Q07,1,0.202344328835102,2.06636939799595,0.960843631893804,R03,Rich,0.23509428678002,1.76524460913398,0.975826908622396,results/mid360_formal_batch1/final_dataset_v1/final_geometry_manifest.csv;results/mid360_formal_batch1/final_dataset_v1/final_scene_registry.yaml;results/mid360_formal_batch1/final_dataset_v1/final_dataset_readiness.json,c0a1c8ea9cbb1b28f8ffdc507d7becf8f591ed333d047161168a1a0962a10bd4;54e69717317632cd36422b7316d4288909ade9155386d783d36fcdc5ff2078fe;bf7fa35df2c92816721a686ffa6f9677bd936ba1cb47a329d40d11d76927a1d4
FMB1_R03,S02,7,FMB1_R03_S02_Q08,1,0.210011787294679,1.96544376840188,0.965536696668663,R03,Rich,0.23509428678002,1.76524460913398,0.975826908622396,results/mid360_formal_batch1/final_dataset_v1/final_geometry_manifest.csv;results/mid360_formal_batch1/final_dataset_v1/final_scene_registry.yaml;results/mid360_formal_batch1/final_dataset_v1/final_dataset_readiness.json,c0a1c8ea9cbb1b28f8ffdc507d7becf8f591ed333d047161168a1a0962a10bd4;54e69717317632cd36422b7316d4288909ade9155386d783d36fcdc5ff2078fe;bf7fa35df2c92816721a686ffa6f9677bd936ba1cb47a329d40d11d76927a1d4
FMB1_R03,S02,8,FMB1_R03_S02_Q09,1,0.217408815916177,1.84297381929474,0.97016447402166,R03,Rich,0.23509428678002,1.76524460913398,0.975826908622396,results/mid360_formal_batch1/final_dataset_v1/final_geometry_manifest.csv;results/mid360_formal_batch1/final_dataset_v1/final_scene_registry.yaml;results/mid360_formal_batch1/final_dataset_v1/final_dataset_readiness.json,c0a1c8ea9cbb1b28f8ffdc507d7becf8f591ed333d047161168a1a0962a10bd4;54e69717317632cd36422b7316d4288909ade9155386d783d36fcdc5ff2078fe;bf7fa35df2c92816721a686ffa6f9677bd936ba1cb47a329d40d11d76927a1d4
FMB1_R03,S02,9,FMB1_R03_S02_Q10,1,0.212127294039694,1.93190133309153,0.966886686431649,R03,Rich,0.23509428678002,1.76524460913398,0.975826908622396,results/mid360_formal_batch1/final_dataset_v1/final_geometry_manifest.csv;results/mid360_formal_batch1/final_dataset_v1/final_scene_registry.yaml;results/mid360_formal_batch1/final_dataset_v1/final_dataset_readiness.json,c0a1c8ea9cbb1b28f8ffdc507d7becf8f591ed333d047161168a1a0962a10bd4;54e69717317632cd36422b7316d4288909ade9155386d783d36fcdc5ff2078fe;bf7fa35df2c92816721a686ffa6f9677bd936ba1cb47a329d40d11d76927a1d4
FMB1_R03,S03,0,FMB1_R03_S03_Q01,1,0.23947971394675,1.75898711641211,0.976874815030439,R03,Rich,0.23509428678002,1.76524460913398,0.975826908622396,results/mid360_formal_batch1/final_dataset_v1/final_geometry_manifest.csv;results/mid360_formal_batch1/final_dataset_v1/final_scene_registry.yaml;results/mid360_formal_batch1/final_dataset_v1/final_dataset_readiness.json,c0a1c8ea9cbb1b28f8ffdc507d7becf8f591ed333d047161168a1a0962a10bd4;54e69717317632cd36422b7316d4288909ade9155386d783d36fcdc5ff2078fe;bf7fa35df2c92816721a686ffa6f9677bd936ba1cb47a329d40d11d76927a1d4
FMB1_R03,S03,1,FMB1_R03_S03_Q02,1,0.248983813734416,1.66677477073977,0.980891753020446,R03,Rich,0.23509428678002,1.76524460913398,0.975826908622396,results/mid360_formal_batch1/final_dataset_v1/final_geometry_manifest.csv;results/mid360_formal_batch1/final_dataset_v1/final_scene_registry.yaml;results/mid360_formal_batch1/final_dataset_v1/final_dataset_readiness.json,c0a1c8ea9cbb1b28f8ffdc507d7becf8f591ed333d047161168a1a0962a10bd4;54e69717317632cd36422b7316d4288909ade9155386d783d36fcdc5ff2078fe;bf7fa35df2c92816721a686ffa6f9677bd936ba1cb47a329d40d11d76927a1d4
FMB1_R03,S03,2,FMB1_R03_S03_Q03,1,0.242788124428991,1.73296579184386,0.977990392651641,R03,Rich,0.23509428678002,1.76524460913398,0.975826908622396,results/mid360_formal_batch1/final_dataset_v1/final_geometry_manifest.csv;results/mid360_formal_batch1/final_dataset_v1/final_scene_registry.yaml;results/mid360_formal_batch1/final_dataset_v1/final_dataset_readiness.json,c0a1c8ea9cbb1b28f8ffdc507d7becf8f591ed333d047161168a1a0962a10bd4;54e69717317632cd36422b7316d4288909ade9155386d783d36fcdc5ff2078fe;bf7fa35df2c92816721a686ffa6f9677bd936ba1cb47a329d40d11d76927a1d4
FMB1_R03,S03,3,FMB1_R03_S03_Q04,1,0.2428432575506,1.7508478646013,0.977055145641397,R03,Rich,0.23509428678002,1.76524460913398,0.975826908622396,results/mid360_formal_batch1/final_dataset_v1/final_geometry_manifest.csv;results/mid360_formal_batch1/final_dataset_v1/final_scene_registry.yaml;results/mid360_formal_batch1/final_dataset_v1/final_dataset_readiness.json,c0a1c8ea9cbb1b28f8ffdc507d7becf8f591ed333d047161168a1a0962a10bd4;54e69717317632cd36422b7316d4288909ade9155386d783d36fcdc5ff2078fe;bf7fa35df2c92816721a686ffa6f9677bd936ba1cb47a329d40d11d76927a1d4
FMB1_R03,S03,4,FMB1_R03_S03_Q05,1,0.249401135938614,1.68142019457658,0.980118157142601,R03,Rich,0.23509428678002,1.76524460913398,0.975826908622396,results/mid360_formal_batch1/final_dataset_v1/final_geometry_manifest.csv;results/mid360_formal_batch1/final_dataset_v1/final_scene_registry.yaml;results/mid360_formal_batch1/final_dataset_v1/final_dataset_readiness.json,c0a1c8ea9cbb1b28f8ffdc507d7becf8f591ed333d047161168a1a0962a10bd4;54e69717317632cd36422b7316d4288909ade9155386d783d36fcdc5ff2078fe;bf7fa35df2c92816721a686ffa6f9677bd936ba1cb47a329d40d11d76927a1d4
FMB1_R03,S03,5,FMB1_R03_S03_Q06,1,0.242953630496522,1.71489842382729,0.978835069314918,R03,Rich,0.23509428678002,1.76524460913398,0.975826908622396,results/mid360_formal_batch1/final_dataset_v1/final_geometry_manifest.csv;results/mid360_formal_batch1/final_dataset_v1/final_scene_registry.yaml;results/mid360_formal_batch1/final_dataset_v1/final_dataset_readiness.json,c0a1c8ea9cbb1b28f8ffdc507d7becf8f591ed333d047161168a1a0962a10bd4;54e69717317632cd36422b7316d4288909ade9155386d783d36fcdc5ff2078fe;bf7fa35df2c92816721a686ffa6f9677bd936ba1cb47a329d40d11d76927a1d4
FMB1_R03,S03,6,FMB1_R03_S03_Q07,1,0.234485060255494,1.8284660957053,0.973695896306071,R03,Rich,0.23509428678002,1.76524460913398,0.975826908622396,results/mid360_formal_batch1/final_dataset_v1/final_geometry_manifest.csv;results/mid360_formal_batch1/final_dataset_v1/final_scene_registry.yaml;results/mid360_formal_batch1/final_dataset_v1/final_dataset_readiness.json,c0a1c8ea9cbb1b28f8ffdc507d7becf8f591ed333d047161168a1a0962a10bd4;54e69717317632cd36422b7316d4288909ade9155386d783d36fcdc5ff2078fe;bf7fa35df2c92816721a686ffa6f9677bd936ba1cb47a329d40d11d76927a1d4
FMB1_R03,S03,7,FMB1_R03_S03_Q08,1,0.239539062488357,1.77150210185585,0.976258783185958,R03,Rich,0.23509428678002,1.76524460913398,0.975826908622396,results/mid360_formal_batch1/final_dataset_v1/final_geometry_manifest.csv;results/mid360_formal_batch1/final_dataset_v1/final_scene_registry.yaml;results/mid360_formal_batch1/final_dataset_v1/final_dataset_readiness.json,c0a1c8ea9cbb1b28f8ffdc507d7becf8f591ed333d047161168a1a0962a10bd4;54e69717317632cd36422b7316d4288909ade9155386d783d36fcdc5ff2078fe;bf7fa35df2c92816721a686ffa6f9677bd936ba1cb47a329d40d11d76927a1d4
FMB1_R03,S03,8,FMB1_R03_S03_Q09,1,0.246987424795972,1.67505137330761,0.980569988542817,R03,Rich,0.23509428678002,1.76524460913398,0.975826908622396,results/mid360_formal_batch1/final_dataset_v1/final_geometry_manifest.csv;results/mid360_formal_batch1/final_dataset_v1/final_scene_registry.yaml;results/mid360_formal_batch1/final_dataset_v1/final_dataset_readiness.json,c0a1c8ea9cbb1b28f8ffdc507d7becf8f591ed333d047161168a1a0962a10bd4;54e69717317632cd36422b7316d4288909ade9155386d783d36fcdc5ff2078fe;bf7fa35df2c92816721a686ffa6f9677bd936ba1cb47a329d40d11d76927a1d4
FMB1_R03,S03,9,FMB1_R03_S03_Q10,1,0.246769276684461,1.71304281557679,0.978687281316904,R03,Rich,0.23509428678002,1.76524460913398,0.975826908622396,results/mid360_formal_batch1/final_dataset_v1/final_geometry_manifest.csv;results/mid360_formal_batch1/final_dataset_v1/final_scene_registry.yaml;results/mid360_formal_batch1/final_dataset_v1/final_dataset_readiness.json,c0a1c8ea9cbb1b28f8ffdc507d7becf8f591ed333d047161168a1a0962a10bd4;54e69717317632cd36422b7316d4288909ade9155386d783d36fcdc5ff2078fe;bf7fa35df2c92816721a686ffa6f9677bd936ba1cb47a329d40d11d76927a1d4
FMB1_W01,S01,0,FMB1_W01_S01_Q01,1,0.0810407809157421,8.6765252106063,0.711979049966324,W01,Weak,0.0809552783377152,8.71783928394071,0.707645235512254,results/mid360_formal_batch1/final_dataset_v1/final_geometry_manifest.csv;results/mid360_formal_batch1/final_dataset_v1/final_scene_registry.yaml;results/mid360_formal_batch1/final_dataset_v1/final_dataset_readiness.json,c0a1c8ea9cbb1b28f8ffdc507d7becf8f591ed333d047161168a1a0962a10bd4;54e69717317632cd36422b7316d4288909ade9155386d783d36fcdc5ff2078fe;bf7fa35df2c92816721a686ffa6f9677bd936ba1cb47a329d40d11d76927a1d4
FMB1_W01,S01,1,FMB1_W01_S01_Q02,1,0.0801602938885272,8.8221320927871,0.706822740856563,W01,Weak,0.0809552783377152,8.71783928394071,0.707645235512254,results/mid360_formal_batch1/final_dataset_v1/final_geometry_manifest.csv;results/mid360_formal_batch1/final_dataset_v1/final_scene_registry.yaml;results/mid360_formal_batch1/final_dataset_v1/final_dataset_readiness.json,c0a1c8ea9cbb1b28f8ffdc507d7becf8f591ed333d047161168a1a0962a10bd4;54e69717317632cd36422b7316d4288909ade9155386d783d36fcdc5ff2078fe;bf7fa35df2c92816721a686ffa6f9677bd936ba1cb47a329d40d11d76927a1d4
FMB1_W01,S01,2,FMB1_W01_S01_Q03,1,0.0815662636517714,8.66164265147221,0.708810044240592,W01,Weak,0.0809552783377152,8.71783928394071,0.707645235512254,results/mid360_formal_batch1/final_dataset_v1/final_geometry_manifest.csv;results/mid360_formal_batch1/final_dataset_v1/final_scene_registry.yaml;results/mid360_formal_batch1/final_dataset_v1/final_dataset_readiness.json,c0a1c8ea9cbb1b28f8ffdc507d7becf8f591ed333d047161168a1a0962a10bd4;54e69717317632cd36422b7316d4288909ade9155386d783d36fcdc5ff2078fe;bf7fa35df2c92816721a686ffa6f9677bd936ba1cb47a329d40d11d76927a1d4
FMB1_W01,S01,3,FMB1_W01_S01_Q04,1,0.0819359644611741,8.70478658505754,0.701607995861079,W01,Weak,0.0809552783377152,8.71783928394071,0.707645235512254,results/mid360_formal_batch1/final_dataset_v1/final_geometry_manifest.csv;results/mid360_formal_batch1/final_dataset_v1/final_scene_registry.yaml;results/mid360_formal_batch1/final_dataset_v1/final_dataset_readiness.json,c0a1c8ea9cbb1b28f8ffdc507d7becf8f591ed333d047161168a1a0962a10bd4;54e69717317632cd36422b7316d4288909ade9155386d783d36fcdc5ff2078fe;bf7fa35df2c92816721a686ffa6f9677bd936ba1cb47a329d40d11d76927a1d4
FMB1_W01,S01,4,FMB1_W01_S01_Q05,1,0.0806973525120549,8.76996607218468,0.706717557774062,W01,Weak,0.0809552783377152,8.71783928394071,0.707645235512254,results/mid360_formal_batch1/final_dataset_v1/final_geometry_manifest.csv;results/mid360_formal_batch1/final_dataset_v1/final_scene_registry.yaml;results/mid360_formal_batch1/final_dataset_v1/final_dataset_readiness.json,c0a1c8ea9cbb1b28f8ffdc507d7becf8f591ed333d047161168a1a0962a10bd4;54e69717317632cd36422b7316d4288909ade9155386d783d36fcdc5ff2078fe;bf7fa35df2c92816721a686ffa6f9677bd936ba1cb47a329d40d11d76927a1d4
FMB1_W01,S01,5,FMB1_W01_S01_Q06,1,0.0810170185835694,8.67718797482922,0.71212172219376,W01,Weak,0.0809552783377152,8.71783928394071,0.707645235512254,results/mid360_formal_batch1/final_dataset_v1/final_geometry_manifest.csv;results/mid360_formal_batch1/final_dataset_v1/final_scene_registry.yaml;results/mid360_formal_batch1/final_dataset_v1/final_dataset_readiness.json,c0a1c8ea9cbb1b28f8ffdc507d7becf8f591ed333d047161168a1a0962a10bd4;54e69717317632cd36422b7316d4288909ade9155386d783d36fcdc5ff2078fe;bf7fa35df2c92816721a686ffa6f9677bd936ba1cb47a329d40d11d76927a1d4
FMB1_W01,S01,6,FMB1_W01_S01_Q07,1,0.080303081218098,8.80968410340575,0.70666457680704,W01,Weak,0.0809552783377152,8.71783928394071,0.707645235512254,results/mid360_formal_batch1/final_dataset_v1/final_geometry_manifest.csv;results/mid360_formal_batch1/final_dataset_v1/final_scene_registry.yaml;results/mid360_formal_batch1/final_dataset_v1/final_dataset_readiness.json,c0a1c8ea9cbb1b28f8ffdc507d7becf8f591ed333d047161168a1a0962a10bd4;54e69717317632cd36422b7316d4288909ade9155386d783d36fcdc5ff2078fe;bf7fa35df2c92816721a686ffa6f9677bd936ba1cb47a329d40d11d76927a1d4
FMB1_W01,S01,7,FMB1_W01_S01_Q08,1,0.080893538091861,8.73089198282387,0.708467730167945,W01,Weak,0.0809552783377152,8.71783928394071,0.707645235512254,results/mid360_formal_batch1/final_dataset_v1/final_geometry_manifest.csv;results/mid360_formal_batch1/final_dataset_v1/final_scene_registry.yaml;results/mid360_formal_batch1/final_dataset_v1/final_dataset_readiness.json,c0a1c8ea9cbb1b28f8ffdc507d7becf8f591ed333d047161168a1a0962a10bd4;54e69717317632cd36422b7316d4288909ade9155386d783d36fcdc5ff2078fe;bf7fa35df2c92816721a686ffa6f9677bd936ba1cb47a329d40d11d76927a1d4
FMB1_W01,S01,8,FMB1_W01_S01_Q09,1,0.0808818208370583,8.75214678365331,0.706684918616979,W01,Weak,0.0809552783377152,8.71783928394071,0.707645235512254,results/mid360_formal_batch1/final_dataset_v1/final_geometry_manifest.csv;results/mid360_formal_batch1/final_dataset_v1/final_scene_registry.yaml;results/mid360_formal_batch1/final_dataset_v1/final_dataset_readiness.json,c0a1c8ea9cbb1b28f8ffdc507d7becf8f591ed333d047161168a1a0962a10bd4;54e69717317632cd36422b7316d4288909ade9155386d783d36fcdc5ff2078fe;bf7fa35df2c92816721a686ffa6f9677bd936ba1cb47a329d40d11d76927a1d4
FMB1_W01,S01,9,FMB1_W01_S01_Q10,1,0.0815779283588992,8.63057510026851,0.71147071811058,W01,Weak,0.0809552783377152,8.71783928394071,0.707645235512254,results/mid360_formal_batch1/final_dataset_v1/final_geometry_manifest.csv;results/mid360_formal_batch1/final_dataset_v1/final_scene_registry.yaml;results/mid360_formal_batch1/final_dataset_v1/final_dataset_readiness.json,c0a1c8ea9cbb1b28f8ffdc507d7becf8f591ed333d047161168a1a0962a10bd4;54e69717317632cd36422b7316d4288909ade9155386d783d36fcdc5ff2078fe;bf7fa35df2c92816721a686ffa6f9677bd936ba1cb47a329d40d11d76927a1d4
FMB1_W01,S02,0,FMB1_W01_S02_Q01,1,0.0683341307716005,10.5709285277494,0.678719962598685,W01,Weak,0.0809552783377152,8.71783928394071,0.707645235512254,results/mid360_formal_batch1/final_dataset_v1/final_geometry_manifest.csv;results/mid360_formal_batch1/final_dataset_v1/final_scene_registry.yaml;results/mid360_formal_batch1/final_dataset_v1/final_dataset_readiness.json,c0a1c8ea9cbb1b28f8ffdc507d7becf8f591ed333d047161168a1a0962a10bd4;54e69717317632cd36422b7316d4288909ade9155386d783d36fcdc5ff2078fe;bf7fa35df2c92816721a686ffa6f9677bd936ba1cb47a329d40d11d76927a1d4
FMB1_W01,S02,1,FMB1_W01_S02_Q02,1,0.0697831058914398,10.3691154874011,0.678774602575134,W01,Weak,0.0809552783377152,8.71783928394071,0.707645235512254,results/mid360_formal_batch1/final_dataset_v1/final_geometry_manifest.csv;results/mid360_formal_batch1/final_dataset_v1/final_scene_registry.yaml;results/mid360_formal_batch1/final_dataset_v1/final_dataset_readiness.json,c0a1c8ea9cbb1b28f8ffdc507d7becf8f591ed333d047161168a1a0962a10bd4;54e69717317632cd36422b7316d4288909ade9155386d783d36fcdc5ff2078fe;bf7fa35df2c92816721a686ffa6f9677bd936ba1cb47a329d40d11d76927a1d4
FMB1_W01,S02,2,FMB1_W01_S02_Q03,1,0.0715032020015778,9.97574801858192,0.691968746450857,W01,Weak,0.0809552783377152,8.71783928394071,0.707645235512254,results/mid360_formal_batch1/final_dataset_v1/final_geometry_manifest.csv;results/mid360_formal_batch1/final_dataset_v1/final_scene_registry.yaml;results/mid360_formal_batch1/final_dataset_v1/final_dataset_readiness.json,c0a1c8ea9cbb1b28f8ffdc507d7becf8f591ed333d047161168a1a0962a10bd4;54e69717317632cd36422b7316d4288909ade9155386d783d36fcdc5ff2078fe;bf7fa35df2c92816721a686ffa6f9677bd936ba1cb47a329d40d11d76927a1d4
FMB1_W01,S02,3,FMB1_W01_S02_Q04,1,0.0685619087295084,10.4210912342688,0.68765548789029,W01,Weak,0.0809552783377152,8.71783928394071,0.707645235512254,results/mid360_formal_batch1/final_dataset_v1/final_geometry_manifest.csv;results/mid360_formal_batch1/final_dataset_v1/final_scene_registry.yaml;results/mid360_formal_batch1/final_dataset_v1/final_dataset_readiness.json,c0a1c8ea9cbb1b28f8ffdc507d7becf8f591ed333d047161168a1a0962a10bd4;54e69717317632cd36422b7316d4288909ade9155386d783d36fcdc5ff2078fe;bf7fa35df2c92816721a686ffa6f9677bd936ba1cb47a329d40d11d76927a1d4
FMB1_W01,S02,4,FMB1_W01_S02_Q05,1,0.0714472610063985,10.0503255472381,0.686647462504131,W01,Weak,0.0809552783377152,8.71783928394071,0.707645235512254,results/mid360_formal_batch1/final_dataset_v1/final_geometry_manifest.csv;results/mid360_formal_batch1/final_dataset_v1/final_scene_registry.yaml;results/mid360_formal_batch1/final_dataset_v1/final_dataset_readiness.json,c0a1c8ea9cbb1b28f8ffdc507d7becf8f591ed333d047161168a1a0962a10bd4;54e69717317632cd36422b7316d4288909ade9155386d783d36fcdc5ff2078fe;bf7fa35df2c92816721a686ffa6f9677bd936ba1cb47a329d40d11d76927a1d4
FMB1_W01,S02,5,FMB1_W01_S02_Q06,1,0.0702621244449353,10.2419808381247,0.683734041313528,W01,Weak,0.0809552783377152,8.71783928394071,0.707645235512254,results/mid360_formal_batch1/final_dataset_v1/final_geometry_manifest.csv;results/mid360_formal_batch1/final_dataset_v1/final_scene_registry.yaml;results/mid360_formal_batch1/final_dataset_v1/final_dataset_readiness.json,c0a1c8ea9cbb1b28f8ffdc507d7becf8f591ed333d047161168a1a0962a10bd4;54e69717317632cd36422b7316d4288909ade9155386d783d36fcdc5ff2078fe;bf7fa35df2c92816721a686ffa6f9677bd936ba1cb47a329d40d11d76927a1d4
FMB1_W01,S02,6,FMB1_W01_S02_Q07,1,0.0695782802259364,10.2586089415413,0.689487972001024,W01,Weak,0.0809552783377152,8.71783928394071,0.707645235512254,results/mid360_formal_batch1/final_dataset_v1/final_geometry_manifest.csv;results/mid360_formal_batch1/final_dataset_v1/final_scene_registry.yaml;results/mid360_formal_batch1/final_dataset_v1/final_dataset_readiness.json,c0a1c8ea9cbb1b28f8ffdc507d7becf8f591ed333d047161168a1a0962a10bd4;54e69717317632cd36422b7316d4288909ade9155386d783d36fcdc5ff2078fe;bf7fa35df2c92816721a686ffa6f9677bd936ba1cb47a329d40d11d76927a1d4
FMB1_W01,S02,7,FMB1_W01_S02_Q08,1,0.0707337846421443,10.0967814688085,0.690226739272652,W01,Weak,0.0809552783377152,8.71783928394071,0.707645235512254,results/mid360_formal_batch1/final_dataset_v1/final_geometry_manifest.csv;results/mid360_formal_batch1/final_dataset_v1/final_scene_registry.yaml;results/mid360_formal_batch1/final_dataset_v1/final_dataset_readiness.json,c0a1c8ea9cbb1b28f8ffdc507d7becf8f591ed333d047161168a1a0962a10bd4;54e69717317632cd36422b7316d4288909ade9155386d783d36fcdc5ff2078fe;bf7fa35df2c92816721a686ffa6f9677bd936ba1cb47a329d40d11d76927a1d4
FMB1_W01,S02,8,FMB1_W01_S02_Q09,1,0.0683738280826548,10.5375679253217,0.680849719357378,W01,Weak,0.0809552783377152,8.71783928394071,0.707645235512254,results/mid360_formal_batch1/final_dataset_v1/final_geometry_manifest.csv;results/mid360_formal_batch1/final_dataset_v1/final_scene_registry.yaml;results/mid360_formal_batch1/final_dataset_v1/final_dataset_readiness.json,c0a1c8ea9cbb1b28f8ffdc507d7becf8f591ed333d047161168a1a0962a10bd4;54e69717317632cd36422b7316d4288909ade9155386d783d36fcdc5ff2078fe;bf7fa35df2c92816721a686ffa6f9677bd936ba1cb47a329d40d11d76927a1d4
FMB1_W01,S02,9,FMB1_W01_S02_Q10,1,0.0680786632294419,10.5905688020269,0.679989667279819,W01,Weak,0.0809552783377152,8.71783928394071,0.707645235512254,results/mid360_formal_batch1/final_dataset_v1/final_geometry_manifest.csv;results/mid360_formal_batch1/final_dataset_v1/final_scene_registry.yaml;results/mid360_formal_batch1/final_dataset_v1/final_dataset_readiness.json,c0a1c8ea9cbb1b28f8ffdc507d7becf8f591ed333d047161168a1a0962a10bd4;54e69717317632cd36422b7316d4288909ade9155386d783d36fcdc5ff2078fe;bf7fa35df2c92816721a686ffa6f9677bd936ba1cb47a329d40d11d76927a1d4
FMB1_W01,S03,0,FMB1_W01_S03_Q01,1,0.0829158185227368,8.46496411803969,0.714997900797528,W01,Weak,0.0809552783377152,8.71783928394071,0.707645235512254,results/mid360_formal_batch1/final_dataset_v1/final_geometry_manifest.csv;results/mid360_formal_batch1/final_dataset_v1/final_scene_registry.yaml;results/mid360_formal_batch1/final_dataset_v1/final_dataset_readiness.json,c0a1c8ea9cbb1b28f8ffdc507d7becf8f591ed333d047161168a1a0962a10bd4;54e69717317632cd36422b7316d4288909ade9155386d783d36fcdc5ff2078fe;bf7fa35df2c92816721a686ffa6f9677bd936ba1cb47a329d40d11d76927a1d4
FMB1_W01,S03,1,FMB1_W01_S03_Q02,1,0.0852854302142324,8.07721179099038,0.730679023108623,W01,Weak,0.0809552783377152,8.71783928394071,0.707645235512254,results/mid360_formal_batch1/final_dataset_v1/final_geometry_manifest.csv;results/mid360_formal_batch1/final_dataset_v1/final_scene_registry.yaml;results/mid360_formal_batch1/final_dataset_v1/final_dataset_readiness.json,c0a1c8ea9cbb1b28f8ffdc507d7becf8f591ed333d047161168a1a0962a10bd4;54e69717317632cd36422b7316d4288909ade9155386d783d36fcdc5ff2078fe;bf7fa35df2c92816721a686ffa6f9677bd936ba1cb47a329d40d11d76927a1d4
FMB1_W01,S03,2,FMB1_W01_S03_Q03,1,0.0841719402400437,8.28949306924458,0.720502549236006,W01,Weak,0.0809552783377152,8.71783928394071,0.707645235512254,results/mid360_formal_batch1/final_dataset_v1/final_geometry_manifest.csv;results/mid360_formal_batch1/final_dataset_v1/final_scene_registry.yaml;results/mid360_formal_batch1/final_dataset_v1/final_dataset_readiness.json,c0a1c8ea9cbb1b28f8ffdc507d7becf8f591ed333d047161168a1a0962a10bd4;54e69717317632cd36422b7316d4288909ade9155386d783d36fcdc5ff2078fe;bf7fa35df2c92816721a686ffa6f9677bd936ba1cb47a329d40d11d76927a1d4
FMB1_W01,S03,3,FMB1_W01_S03_Q04,1,0.085816052525564,8.06466698165228,0.727854896327986,W01,Weak,0.0809552783377152,8.71783928394071,0.707645235512254,results/mid360_formal_batch1/final_dataset_v1/final_geometry_manifest.csv;results/mid360_formal_batch1/final_dataset_v1/final_scene_registry.yaml;results/mid360_formal_batch1/final_dataset_v1/final_dataset_readiness.json,c0a1c8ea9cbb1b28f8ffdc507d7becf8f591ed333d047161168a1a0962a10bd4;54e69717317632cd36422b7316d4288909ade9155386d783d36fcdc5ff2078fe;bf7fa35df2c92816721a686ffa6f9677bd936ba1cb47a329d40d11d76927a1d4
FMB1_W01,S03,4,FMB1_W01_S03_Q05,1,0.08523764537928,8.13683372640358,0.725811317368543,W01,Weak,0.0809552783377152,8.71783928394071,0.707645235512254,results/mid360_formal_batch1/final_dataset_v1/final_geometry_manifest.csv;results/mid360_formal_batch1/final_dataset_v1/final_scene_registry.yaml;results/mid360_formal_batch1/final_dataset_v1/final_dataset_readiness.json,c0a1c8ea9cbb1b28f8ffdc507d7becf8f591ed333d047161168a1a0962a10bd4;54e69717317632cd36422b7316d4288909ade9155386d783d36fcdc5ff2078fe;bf7fa35df2c92816721a686ffa6f9677bd936ba1cb47a329d40d11d76927a1d4
FMB1_W01,S03,5,FMB1_W01_S03_Q06,1,0.0856888033494245,8.07797832721628,0.727626294468848,W01,Weak,0.0809552783377152,8.71783928394071,0.707645235512254,results/mid360_formal_batch1/final_dataset_v1/final_geometry_manifest.csv;results/mid360_formal_batch1/final_dataset_v1/final_scene_registry.yaml;results/mid360_formal_batch1/final_dataset_v1/final_dataset_readiness.json,c0a1c8ea9cbb1b28f8ffdc507d7becf8f591ed333d047161168a1a0962a10bd4;54e69717317632cd36422b7316d4288909ade9155386d783d36fcdc5ff2078fe;bf7fa35df2c92816721a686ffa6f9677bd936ba1cb47a329d40d11d76927a1d4
FMB1_W01,S03,6,FMB1_W01_S03_Q07,1,0.0871892882051244,8.07933681059034,0.715759244577337,W01,Weak,0.0809552783377152,8.71783928394071,0.707645235512254,results/mid360_formal_batch1/final_dataset_v1/final_geometry_manifest.csv;results/mid360_formal_batch1/final_dataset_v1/final_scene_registry.yaml;results/mid360_formal_batch1/final_dataset_v1/final_dataset_readiness.json,c0a1c8ea9cbb1b28f8ffdc507d7becf8f591ed333d047161168a1a0962a10bd4;54e69717317632cd36422b7316d4288909ade9155386d783d36fcdc5ff2078fe;bf7fa35df2c92816721a686ffa6f9677bd936ba1cb47a329d40d11d76927a1d4
FMB1_W01,S03,7,FMB1_W01_S03_Q08,1,0.0872114007382017,7.98497384186003,0.724521735237389,W01,Weak,0.0809552783377152,8.71783928394071,0.707645235512254,results/mid360_formal_batch1/final_dataset_v1/final_geometry_manifest.csv;results/mid360_formal_batch1/final_dataset_v1/final_scene_registry.yaml;results/mid360_formal_batch1/final_dataset_v1/final_dataset_readiness.json,c0a1c8ea9cbb1b28f8ffdc507d7becf8f591ed333d047161168a1a0962a10bd4;54e69717317632cd36422b7316d4288909ade9155386d783d36fcdc5ff2078fe;bf7fa35df2c92816721a686ffa6f9677bd936ba1cb47a329d40d11d76927a1d4
FMB1_W01,S03,8,FMB1_W01_S03_Q09,1,0.0850514870660747,8.13980326805707,0.726957117735322,W01,Weak,0.0809552783377152,8.71783928394071,0.707645235512254,results/mid360_formal_batch1/final_dataset_v1/final_geometry_manifest.csv;results/mid360_formal_batch1/final_dataset_v1/final_scene_registry.yaml;results/mid360_formal_batch1/final_dataset_v1/final_dataset_readiness.json,c0a1c8ea9cbb1b28f8ffdc507d7becf8f591ed333d047161168a1a0962a10bd4;54e69717317632cd36422b7316d4288909ade9155386d783d36fcdc5ff2078fe;bf7fa35df2c92816721a686ffa6f9677bd936ba1cb47a329d40d11d76927a1d4
FMB1_W01,S03,9,FMB1_W01_S03_Q10,1,0.0830519879376732,8.36367409596957,0.722787404524285,W01,Weak,0.0809552783377152,8.71783928394071,0.707645235512254,results/mid360_formal_batch1/final_dataset_v1/final_geometry_manifest.csv;results/mid360_formal_batch1/final_dataset_v1/final_scene_registry.yaml;results/mid360_formal_batch1/final_dataset_v1/final_dataset_readiness.json,c0a1c8ea9cbb1b28f8ffdc507d7becf8f591ed333d047161168a1a0962a10bd4;54e69717317632cd36422b7316d4288909ade9155386d783d36fcdc5ff2078fe;bf7fa35df2c92816721a686ffa6f9677bd936ba1cb47a329d40d11d76927a1d4
FMB1_W02,S01,0,FMB1_W02_S01_Q01,2,0.0547789600229217,14.6773612073754,0.556075956351393,W02,Weak,0.0537147772016875,14.962160828788,0.556544405939881,results/mid360_formal_batch1/final_dataset_v1/final_geometry_manifest.csv;results/mid360_formal_batch1/final_dataset_v1/final_scene_registry.yaml;results/mid360_formal_batch1/final_dataset_v1/final_dataset_readiness.json,c0a1c8ea9cbb1b28f8ffdc507d7becf8f591ed333d047161168a1a0962a10bd4;54e69717317632cd36422b7316d4288909ade9155386d783d36fcdc5ff2078fe;bf7fa35df2c92816721a686ffa6f9677bd936ba1cb47a329d40d11d76927a1d4
FMB1_W02,S01,1,FMB1_W02_S01_Q02,2,0.0536595120789708,15.0730246276351,0.547443071676466,W02,Weak,0.0537147772016875,14.962160828788,0.556544405939881,results/mid360_formal_batch1/final_dataset_v1/final_geometry_manifest.csv;results/mid360_formal_batch1/final_dataset_v1/final_scene_registry.yaml;results/mid360_formal_batch1/final_dataset_v1/final_dataset_readiness.json,c0a1c8ea9cbb1b28f8ffdc507d7becf8f591ed333d047161168a1a0962a10bd4;54e69717317632cd36422b7316d4288909ade9155386d783d36fcdc5ff2078fe;bf7fa35df2c92816721a686ffa6f9677bd936ba1cb47a329d40d11d76927a1d4
FMB1_W02,S01,2,FMB1_W02_S01_Q03,2,0.0528262232153759,15.2921682505307,0.548298188057175,W02,Weak,0.0537147772016875,14.962160828788,0.556544405939881,results/mid360_formal_batch1/final_dataset_v1/final_geometry_manifest.csv;results/mid360_formal_batch1/final_dataset_v1/final_scene_registry.yaml;results/mid360_formal_batch1/final_dataset_v1/final_dataset_readiness.json,c0a1c8ea9cbb1b28f8ffdc507d7becf8f591ed333d047161168a1a0962a10bd4;54e69717317632cd36422b7316d4288909ade9155386d783d36fcdc5ff2078fe;bf7fa35df2c92816721a686ffa6f9677bd936ba1cb47a329d40d11d76927a1d4
FMB1_W02,S01,3,FMB1_W02_S01_Q04,2,0.0534621482176053,15.0123679118759,0.557145009806475,W02,Weak,0.0537147772016875,14.962160828788,0.556544405939881,results/mid360_formal_batch1/final_dataset_v1/final_geometry_manifest.csv;results/mid360_formal_batch1/final_dataset_v1/final_scene_registry.yaml;results/mid360_formal_batch1/final_dataset_v1/final_dataset_readiness.json,c0a1c8ea9cbb1b28f8ffdc507d7becf8f591ed333d047161168a1a0962a10bd4;54e69717317632cd36422b7316d4288909ade9155386d783d36fcdc5ff2078fe;bf7fa35df2c92816721a686ffa6f9677bd936ba1cb47a329d40d11d76927a1d4
FMB1_W02,S01,4,FMB1_W02_S01_Q05,2,0.0526691443559666,15.3130713334929,0.550232757173391,W02,Weak,0.0537147772016875,14.962160828788,0.556544405939881,results/mid360_formal_batch1/final_dataset_v1/final_geometry_manifest.csv;results/mid360_formal_batch1/final_dataset_v1/final_scene_registry.yaml;results/mid360_formal_batch1/final_dataset_v1/final_dataset_readiness.json,c0a1c8ea9cbb1b28f8ffdc507d7becf8f591ed333d047161168a1a0962a10bd4;54e69717317632cd36422b7316d4288909ade9155386d783d36fcdc5ff2078fe;bf7fa35df2c92816721a686ffa6f9677bd936ba1cb47a329d40d11d76927a1d4
FMB1_W02,S01,5,FMB1_W02_S01_Q06,2,0.0518771205695416,15.4834298260165,0.554686693115018,W02,Weak,0.0537147772016875,14.962160828788,0.556544405939881,results/mid360_formal_batch1/final_dataset_v1/final_geometry_manifest.csv;results/mid360_formal_batch1/final_dataset_v1/final_scene_registry.yaml;results/mid360_formal_batch1/final_dataset_v1/final_dataset_readiness.json,c0a1c8ea9cbb1b28f8ffdc507d7becf8f591ed333d047161168a1a0962a10bd4;54e69717317632cd36422b7316d4288909ade9155386d783d36fcdc5ff2078fe;bf7fa35df2c92816721a686ffa6f9677bd936ba1cb47a329d40d11d76927a1d4
FMB1_W02,S01,6,FMB1_W02_S01_Q07,2,0.0533563548526568,15.1220685301394,0.550312780590429,W02,Weak,0.0537147772016875,14.962160828788,0.556544405939881,results/mid360_formal_batch1/final_dataset_v1/final_geometry_manifest.csv;results/mid360_formal_batch1/final_dataset_v1/final_scene_registry.yaml;results/mid360_formal_batch1/final_dataset_v1/final_dataset_readiness.json,c0a1c8ea9cbb1b28f8ffdc507d7becf8f591ed333d047161168a1a0962a10bd4;54e69717317632cd36422b7316d4288909ade9155386d783d36fcdc5ff2078fe;bf7fa35df2c92816721a686ffa6f9677bd936ba1cb47a329d40d11d76927a1d4
FMB1_W02,S01,7,FMB1_W02_S01_Q08,2,0.0515338377677732,15.6655896061907,0.547962893921814,W02,Weak,0.0537147772016875,14.962160828788,0.556544405939881,results/mid360_formal_batch1/final_dataset_v1/final_geometry_manifest.csv;results/mid360_formal_batch1/final_dataset_v1/final_scene_registry.yaml;results/mid360_formal_batch1/final_dataset_v1/final_dataset_readiness.json,c0a1c8ea9cbb1b28f8ffdc507d7becf8f591ed333d047161168a1a0962a10bd4;54e69717317632cd36422b7316d4288909ade9155386d783d36fcdc5ff2078fe;bf7fa35df2c92816721a686ffa6f9677bd936ba1cb47a329d40d11d76927a1d4
FMB1_W02,S01,8,FMB1_W02_S01_Q09,2,0.0525334732929674,15.3732348239411,0.548386941976866,W02,Weak,0.0537147772016875,14.962160828788,0.556544405939881,results/mid360_formal_batch1/final_dataset_v1/final_geometry_manifest.csv;results/mid360_formal_batch1/final_dataset_v1/final_scene_registry.yaml;results/mid360_formal_batch1/final_dataset_v1/final_dataset_readiness.json,c0a1c8ea9cbb1b28f8ffdc507d7becf8f591ed333d047161168a1a0962a10bd4;54e69717317632cd36422b7316d4288909ade9155386d783d36fcdc5ff2078fe;bf7fa35df2c92816721a686ffa6f9677bd936ba1cb47a329d40d11d76927a1d4
FMB1_W02,S01,9,FMB1_W02_S01_Q10,2,0.0543953082557624,14.8236622508583,0.552044414263807,W02,Weak,0.0537147772016875,14.962160828788,0.556544405939881,results/mid360_formal_batch1/final_dataset_v1/final_geometry_manifest.csv;results/mid360_formal_batch1/final_dataset_v1/final_scene_registry.yaml;results/mid360_formal_batch1/final_dataset_v1/final_dataset_readiness.json,c0a1c8ea9cbb1b28f8ffdc507d7becf8f591ed333d047161168a1a0962a10bd4;54e69717317632cd36422b7316d4288909ade9155386d783d36fcdc5ff2078fe;bf7fa35df2c92816721a686ffa6f9677bd936ba1cb47a329d40d11d76927a1d4
FMB1_W02,S02,0,FMB1_W02_S02_Q01,2,0.0759684311008528,10.0564109993977,0.632388421393121,W02,Weak,0.0537147772016875,14.962160828788,0.556544405939881,results/mid360_formal_batch1/final_dataset_v1/final_geometry_manifest.csv;results/mid360_formal_batch1/final_dataset_v1/final_scene_registry.yaml;results/mid360_formal_batch1/final_dataset_v1/final_dataset_readiness.json,c0a1c8ea9cbb1b28f8ffdc507d7becf8f591ed333d047161168a1a0962a10bd4;54e69717317632cd36422b7316d4288909ade9155386d783d36fcdc5ff2078fe;bf7fa35df2c92816721a686ffa6f9677bd936ba1cb47a329d40d11d76927a1d4
FMB1_W02,S02,1,FMB1_W02_S02_Q02,2,0.0762503321913071,9.97855390237624,0.636963690888236,W02,Weak,0.0537147772016875,14.962160828788,0.556544405939881,results/mid360_formal_batch1/final_dataset_v1/final_geometry_manifest.csv;results/mid360_formal_batch1/final_dataset_v1/final_scene_registry.yaml;results/mid360_formal_batch1/final_dataset_v1/final_dataset_readiness.json,c0a1c8ea9cbb1b28f8ffdc507d7becf8f591ed333d047161168a1a0962a10bd4;54e69717317632cd36422b7316d4288909ade9155386d783d36fcdc5ff2078fe;bf7fa35df2c92816721a686ffa6f9677bd936ba1cb47a329d40d11d76927a1d4
FMB1_W02,S02,2,FMB1_W02_S02_Q03,2,0.0738331866133962,10.3072424627076,0.635035808671749,W02,Weak,0.0537147772016875,14.962160828788,0.556544405939881,results/mid360_formal_batch1/final_dataset_v1/final_geometry_manifest.csv;results/mid360_formal_batch1/final_dataset_v1/final_scene_registry.yaml;results/mid360_formal_batch1/final_dataset_v1/final_dataset_readiness.json,c0a1c8ea9cbb1b28f8ffdc507d7becf8f591ed333d047161168a1a0962a10bd4;54e69717317632cd36422b7316d4288909ade9155386d783d36fcdc5ff2078fe;bf7fa35df2c92816721a686ffa6f9677bd936ba1cb47a329d40d11d76927a1d4
FMB1_W02,S02,3,FMB1_W02_S02_Q04,2,0.0758098087156037,10.0467475390963,0.635571591838629,W02,Weak,0.0537147772016875,14.962160828788,0.556544405939881,results/mid360_formal_batch1/final_dataset_v1/final_geometry_manifest.csv;results/mid360_formal_batch1/final_dataset_v1/final_scene_registry.yaml;results/mid360_formal_batch1/final_dataset_v1/final_dataset_readiness.json,c0a1c8ea9cbb1b28f8ffdc507d7becf8f591ed333d047161168a1a0962a10bd4;54e69717317632cd36422b7316d4288909ade9155386d783d36fcdc5ff2078fe;bf7fa35df2c92816721a686ffa6f9677bd936ba1cb47a329d40d11d76927a1d4
FMB1_W02,S02,4,FMB1_W02_S02_Q05,2,0.0740490594039642,10.2872728415152,0.634152939168883,W02,Weak,0.0537147772016875,14.962160828788,0.556544405939881,results/mid360_formal_batch1/final_dataset_v1/final_geometry_manifest.csv;results/mid360_formal_batch1/final_dataset_v1/final_scene_registry.yaml;results/mid360_formal_batch1/final_dataset_v1/final_dataset_readiness.json,c0a1c8ea9cbb1b28f8ffdc507d7becf8f591ed333d047161168a1a0962a10bd4;54e69717317632cd36422b7316d4288909ade9155386d783d36fcdc5ff2078fe;bf7fa35df2c92816721a686ffa6f9677bd936ba1cb47a329d40d11d76927a1d4
FMB1_W02,S02,5,FMB1_W02_S02_Q06,2,0.0761692703409258,10.0408874877939,0.631329714087213,W02,Weak,0.0537147772016875,14.962160828788,0.556544405939881,results/mid360_formal_batch1/final_dataset_v1/final_geometry_manifest.csv;results/mid360_formal_batch1/final_dataset_v1/final_scene_registry.yaml;results/mid360_formal_batch1/final_dataset_v1/final_dataset_readiness.json,c0a1c8ea9cbb1b28f8ffdc507d7becf8f591ed333d047161168a1a0962a10bd4;54e69717317632cd36422b7316d4288909ade9155386d783d36fcdc5ff2078fe;bf7fa35df2c92816721a686ffa6f9677bd936ba1cb47a329d40d11d76927a1d4
FMB1_W02,S02,6,FMB1_W02_S02_Q07,2,0.0784942448869688,9.67299581082963,0.640717352210021,W02,Weak,0.0537147772016875,14.962160828788,0.556544405939881,results/mid360_formal_batch1/final_dataset_v1/final_geometry_manifest.csv;results/mid360_formal_batch1/final_dataset_v1/final_scene_registry.yaml;results/mid360_formal_batch1/final_dataset_v1/final_dataset_readiness.json,c0a1c8ea9cbb1b28f8ffdc507d7becf8f591ed333d047161168a1a0962a10bd4;54e69717317632cd36422b7316d4288909ade9155386d783d36fcdc5ff2078fe;bf7fa35df2c92816721a686ffa6f9677bd936ba1cb47a329d40d11d76927a1d4
FMB1_W02,S02,7,FMB1_W02_S02_Q08,2,0.0750006805972057,10.1245934917895,0.638196299631688,W02,Weak,0.0537147772016875,14.962160828788,0.556544405939881,results/mid360_formal_batch1/final_dataset_v1/final_geometry_manifest.csv;results/mid360_formal_batch1/final_dataset_v1/final_scene_registry.yaml;results/mid360_formal_batch1/final_dataset_v1/final_dataset_readiness.json,c0a1c8ea9cbb1b28f8ffdc507d7becf8f591ed333d047161168a1a0962a10bd4;54e69717317632cd36422b7316d4288909ade9155386d783d36fcdc5ff2078fe;bf7fa35df2c92816721a686ffa6f9677bd936ba1cb47a329d40d11d76927a1d4
FMB1_W02,S02,8,FMB1_W02_S02_Q09,2,0.0771341252143932,9.90564171202569,0.633033892332856,W02,Weak,0.0537147772016875,14.962160828788,0.556544405939881,results/mid360_formal_batch1/final_dataset_v1/final_geometry_manifest.csv;results/mid360_formal_batch1/final_dataset_v1/final_scene_registry.yaml;results/mid360_formal_batch1/final_dataset_v1/final_dataset_readiness.json,c0a1c8ea9cbb1b28f8ffdc507d7becf8f591ed333d047161168a1a0962a10bd4;54e69717317632cd36422b7316d4288909ade9155386d783d36fcdc5ff2078fe;bf7fa35df2c92816721a686ffa6f9677bd936ba1cb47a329d40d11d76927a1d4
FMB1_W02,S02,9,FMB1_W02_S02_Q10,2,0.0756018499292781,10.0480823009451,0.638206562447277,W02,Weak,0.0537147772016875,14.962160828788,0.556544405939881,results/mid360_formal_batch1/final_dataset_v1/final_geometry_manifest.csv;results/mid360_formal_batch1/final_dataset_v1/final_scene_registry.yaml;results/mid360_formal_batch1/final_dataset_v1/final_dataset_readiness.json,c0a1c8ea9cbb1b28f8ffdc507d7becf8f591ed333d047161168a1a0962a10bd4;54e69717317632cd36422b7316d4288909ade9155386d783d36fcdc5ff2078fe;bf7fa35df2c92816721a686ffa6f9677bd936ba1cb47a329d40d11d76927a1d4
FMB1_W02,S03,0,FMB1_W02_S03_Q01,2,0.0478721995290573,16.7176932423448,0.555201658049553,W02,Weak,0.0537147772016875,14.962160828788,0.556544405939881,results/mid360_formal_batch1/final_dataset_v1/final_geometry_manifest.csv;results/mid360_formal_batch1/final_dataset_v1/final_scene_registry.yaml;results/mid360_formal_batch1/final_dataset_v1/final_dataset_readiness.json,c0a1c8ea9cbb1b28f8ffdc507d7becf8f591ed333d047161168a1a0962a10bd4;54e69717317632cd36422b7316d4288909ade9155386d783d36fcdc5ff2078fe;bf7fa35df2c92816721a686ffa6f9677bd936ba1cb47a329d40d11d76927a1d4
FMB1_W02,S03,1,FMB1_W02_S03_Q02,2,0.0505945006757953,15.8582150093511,0.554856561179464,W02,Weak,0.0537147772016875,14.962160828788,0.556544405939881,results/mid360_formal_batch1/final_dataset_v1/final_geometry_manifest.csv;results/mid360_formal_batch1/final_dataset_v1/final_scene_registry.yaml;results/mid360_formal_batch1/final_dataset_v1/final_dataset_readiness.json,c0a1c8ea9cbb1b28f8ffdc507d7becf8f591ed333d047161168a1a0962a10bd4;54e69717317632cd36422b7316d4288909ade9155386d783d36fcdc5ff2078fe;bf7fa35df2c92816721a686ffa6f9677bd936ba1cb47a329d40d11d76927a1d4
FMB1_W02,S03,2,FMB1_W02_S03_Q03,2,0.0518088440226757,15.4864694835205,0.556021982378651,W02,Weak,0.0537147772016875,14.962160828788,0.556544405939881,results/mid360_formal_batch1/final_dataset_v1/final_geometry_manifest.csv;results/mid360_formal_batch1/final_dataset_v1/final_scene_registry.yaml;results/mid360_formal_batch1/final_dataset_v1/final_dataset_readiness.json,c0a1c8ea9cbb1b28f8ffdc507d7becf8f591ed333d047161168a1a0962a10bd4;54e69717317632cd36422b7316d4288909ade9155386d783d36fcdc5ff2078fe;bf7fa35df2c92816721a686ffa6f9677bd936ba1cb47a329d40d11d76927a1d4
FMB1_W02,S03,3,FMB1_W02_S03_Q04,2,0.0523545504858334,15.3845696605734,0.55164992805129,W02,Weak,0.0537147772016875,14.962160828788,0.556544405939881,results/mid360_formal_batch1/final_dataset_v1/final_geometry_manifest.csv;results/mid360_formal_batch1/final_dataset_v1/final_scene_registry.yaml;results/mid360_formal_batch1/final_dataset_v1/final_dataset_readiness.json,c0a1c8ea9cbb1b28f8ffdc507d7becf8f591ed333d047161168a1a0962a10bd4;54e69717317632cd36422b7316d4288909ade9155386d783d36fcdc5ff2078fe;bf7fa35df2c92816721a686ffa6f9677bd936ba1cb47a329d40d11d76927a1d4
FMB1_W02,S03,4,FMB1_W02_S03_Q05,2,0.0505824762544086,15.8888543949119,0.55273922780397,W02,Weak,0.0537147772016875,14.962160828788,0.556544405939881,results/mid360_formal_batch1/final_dataset_v1/final_geometry_manifest.csv;results/mid360_formal_batch1/final_dataset_v1/final_scene_registry.yaml;results/mid360_formal_batch1/final_dataset_v1/final_dataset_readiness.json,c0a1c8ea9cbb1b28f8ffdc507d7becf8f591ed333d047161168a1a0962a10bd4;54e69717317632cd36422b7316d4288909ade9155386d783d36fcdc5ff2078fe;bf7fa35df2c92816721a686ffa6f9677bd936ba1cb47a329d40d11d76927a1d4
FMB1_W02,S03,5,FMB1_W02_S03_Q06,2,0.0518093659474098,15.476275154734,0.5568285792734,W02,Weak,0.0537147772016875,14.962160828788,0.556544405939881,results/mid360_formal_batch1/final_dataset_v1/final_geometry_manifest.csv;results/mid360_formal_batch1/final_dataset_v1/final_scene_registry.yaml;results/mid360_formal_batch1/final_dataset_v1/final_dataset_readiness.json,c0a1c8ea9cbb1b28f8ffdc507d7becf8f591ed333d047161168a1a0962a10bd4;54e69717317632cd36422b7316d4288909ade9155386d783d36fcdc5ff2078fe;bf7fa35df2c92816721a686ffa6f9677bd936ba1cb47a329d40d11d76927a1d4
FMB1_W02,S03,6,FMB1_W02_S03_Q07,2,0.0537759501649524,14.8996959170013,0.559531390837168,W02,Weak,0.0537147772016875,14.962160828788,0.556544405939881,results/mid360_formal_batch1/final_dataset_v1/final_geometry_manifest.csv;results/mid360_formal_batch1/final_dataset_v1/final_scene_registry.yaml;results/mid360_formal_batch1/final_dataset_v1/final_dataset_readiness.json,c0a1c8ea9cbb1b28f8ffdc507d7becf8f591ed333d047161168a1a0962a10bd4;54e69717317632cd36422b7316d4288909ade9155386d783d36fcdc5ff2078fe;bf7fa35df2c92816721a686ffa6f9677bd936ba1cb47a329d40d11d76927a1d4
FMB1_W02,S03,7,FMB1_W02_S03_Q08,2,0.0537700423244041,14.9119537457001,0.558636196834523,W02,Weak,0.0537147772016875,14.962160828788,0.556544405939881,results/mid360_formal_batch1/final_dataset_v1/final_geometry_manifest.csv;results/mid360_formal_batch1/final_dataset_v1/final_scene_registry.yaml;results/mid360_formal_batch1/final_dataset_v1/final_dataset_readiness.json,c0a1c8ea9cbb1b28f8ffdc507d7becf8f591ed333d047161168a1a0962a10bd4;54e69717317632cd36422b7316d4288909ade9155386d783d36fcdc5ff2078fe;bf7fa35df2c92816721a686ffa6f9677bd936ba1cb47a329d40d11d76927a1d4
FMB1_W02,S03,8,FMB1_W02_S03_Q09,2,0.0485706716747538,16.4483936007897,0.558051454815488,W02,Weak,0.0537147772016875,14.962160828788,0.556544405939881,results/mid360_formal_batch1/final_dataset_v1/final_geometry_manifest.csv;results/mid360_formal_batch1/final_dataset_v1/final_scene_registry.yaml;results/mid360_formal_batch1/final_dataset_v1/final_dataset_readiness.json,c0a1c8ea9cbb1b28f8ffdc507d7becf8f591ed333d047161168a1a0962a10bd4;54e69717317632cd36422b7316d4288909ade9155386d783d36fcdc5ff2078fe;bf7fa35df2c92816721a686ffa6f9677bd936ba1cb47a329d40d11d76927a1d4
FMB1_W02,S03,9,FMB1_W02_S03_Q10,2,0.0542375885362225,14.8162191087568,0.556260232606362,W02,Weak,0.0537147772016875,14.962160828788,0.556544405939881,results/mid360_formal_batch1/final_dataset_v1/final_geometry_manifest.csv;results/mid360_formal_batch1/final_dataset_v1/final_scene_registry.yaml;results/mid360_formal_batch1/final_dataset_v1/final_dataset_readiness.json,c0a1c8ea9cbb1b28f8ffdc507d7becf8f591ed333d047161168a1a0962a10bd4;54e69717317632cd36422b7316d4288909ade9155386d783d36fcdc5ff2078fe;bf7fa35df2c92816721a686ffa6f9677bd936ba1cb47a329d40d11d76927a1d4
FMB1_W03,S01,0,FMB1_W03_S01_Q01,1,0.0588810451633075,14.0727199419592,0.517322040669138,W03,Weak,0.0577519527921075,14.3302036411389,0.519020226239177,results/mid360_formal_batch1/final_dataset_v1/final_geometry_manifest.csv;results/mid360_formal_batch1/final_dataset_v1/final_scene_registry.yaml;results/mid360_formal_batch1/final_dataset_v1/final_dataset_readiness.json,c0a1c8ea9cbb1b28f8ffdc507d7becf8f591ed333d047161168a1a0962a10bd4;54e69717317632cd36422b7316d4288909ade9155386d783d36fcdc5ff2078fe;bf7fa35df2c92816721a686ffa6f9677bd936ba1cb47a329d40d11d76927a1d4
FMB1_W03,S01,1,FMB1_W03_S01_Q02,1,0.0573209472084096,14.5029627404028,0.51145397675032,W03,Weak,0.0577519527921075,14.3302036411389,0.519020226239177,results/mid360_formal_batch1/final_dataset_v1/final_geometry_manifest.csv;results/mid360_formal_batch1/final_dataset_v1/final_scene_registry.yaml;results/mid360_formal_batch1/final_dataset_v1/final_dataset_readiness.json,c0a1c8ea9cbb1b28f8ffdc507d7becf8f591ed333d047161168a1a0962a10bd4;54e69717317632cd36422b7316d4288909ade9155386d783d36fcdc5ff2078fe;bf7fa35df2c92816721a686ffa6f9677bd936ba1cb47a329d40d11d76927a1d4
FMB1_W03,S01,2,FMB1_W03_S01_Q03,1,0.0563143515607576,14.5814080325049,0.528914936943821,W03,Weak,0.0577519527921075,14.3302036411389,0.519020226239177,results/mid360_formal_batch1/final_dataset_v1/final_geometry_manifest.csv;results/mid360_formal_batch1/final_dataset_v1/final_scene_registry.yaml;results/mid360_formal_batch1/final_dataset_v1/final_dataset_readiness.json,c0a1c8ea9cbb1b28f8ffdc507d7becf8f591ed333d047161168a1a0962a10bd4;54e69717317632cd36422b7316d4288909ade9155386d783d36fcdc5ff2078fe;bf7fa35df2c92816721a686ffa6f9677bd936ba1cb47a329d40d11d76927a1d4
FMB1_W03,S01,3,FMB1_W03_S01_Q04,1,0.0586080045856047,14.0058954809712,0.530974534700867,W03,Weak,0.0577519527921075,14.3302036411389,0.519020226239177,results/mid360_formal_batch1/final_dataset_v1/final_geometry_manifest.csv;results/mid360_formal_batch1/final_dataset_v1/final_scene_registry.yaml;results/mid360_formal_batch1/final_dataset_v1/final_dataset_readiness.json,c0a1c8ea9cbb1b28f8ffdc507d7becf8f591ed333d047161168a1a0962a10bd4;54e69717317632cd36422b7316d4288909ade9155386d783d36fcdc5ff2078fe;bf7fa35df2c92816721a686ffa6f9677bd936ba1cb47a329d40d11d76927a1d4
FMB1_W03,S01,4,FMB1_W03_S01_Q05,1,0.0593756988413858,13.9362754029598,0.519681949333609,W03,Weak,0.0577519527921075,14.3302036411389,0.519020226239177,results/mid360_formal_batch1/final_dataset_v1/final_geometry_manifest.csv;results/mid360_formal_batch1/final_dataset_v1/final_scene_registry.yaml;results/mid360_formal_batch1/final_dataset_v1/final_dataset_readiness.json,c0a1c8ea9cbb1b28f8ffdc507d7becf8f591ed333d047161168a1a0962a10bd4;54e69717317632cd36422b7316d4288909ade9155386d783d36fcdc5ff2078fe;bf7fa35df2c92816721a686ffa6f9677bd936ba1cb47a329d40d11d76927a1d4
FMB1_W03,S01,5,FMB1_W03_S01_Q06,1,0.0571759264467101,14.5149858012465,0.513945840488309,W03,Weak,0.0577519527921075,14.3302036411389,0.519020226239177,results/mid360_formal_batch1/final_dataset_v1/final_geometry_manifest.csv;results/mid360_formal_batch1/final_dataset_v1/final_scene_registry.yaml;results/mid360_formal_batch1/final_dataset_v1/final_dataset_readiness.json,c0a1c8ea9cbb1b28f8ffdc507d7becf8f591ed333d047161168a1a0962a10bd4;54e69717317632cd36422b7316d4288909ade9155386d783d36fcdc5ff2078fe;bf7fa35df2c92816721a686ffa6f9677bd936ba1cb47a329d40d11d76927a1d4
FMB1_W03,S01,6,FMB1_W03_S01_Q07,1,0.0569021421024273,14.5291222068562,0.519477599954915,W03,Weak,0.0577519527921075,14.3302036411389,0.519020226239177,results/mid360_formal_batch1/final_dataset_v1/final_geometry_manifest.csv;results/mid360_formal_batch1/final_dataset_v1/final_scene_registry.yaml;results/mid360_formal_batch1/final_dataset_v1/final_dataset_readiness.json,c0a1c8ea9cbb1b28f8ffdc507d7becf8f591ed333d047161168a1a0962a10bd4;54e69717317632cd36422b7316d4288909ade9155386d783d36fcdc5ff2078fe;bf7fa35df2c92816721a686ffa6f9677bd936ba1cb47a329d40d11d76927a1d4
FMB1_W03,S01,7,FMB1_W03_S01_Q08,1,0.0581829583758053,14.157444541875,0.525665091950721,W03,Weak,0.0577519527921075,14.3302036411389,0.519020226239177,results/mid360_formal_batch1/final_dataset_v1/final_geometry_manifest.csv;results/mid360_formal_batch1/final_dataset_v1/final_scene_registry.yaml;results/mid360_formal_batch1/final_dataset_v1/final_dataset_readiness.json,c0a1c8ea9cbb1b28f8ffdc507d7becf8f591ed333d047161168a1a0962a10bd4;54e69717317632cd36422b7316d4288909ade9155386d783d36fcdc5ff2078fe;bf7fa35df2c92816721a686ffa6f9677bd936ba1cb47a329d40d11d76927a1d4
FMB1_W03,S01,8,FMB1_W03_S01_Q09,1,0.059154672758428,13.9975728990507,0.518562852523438,W03,Weak,0.0577519527921075,14.3302036411389,0.519020226239177,results/mid360_formal_batch1/final_dataset_v1/final_geometry_manifest.csv;results/mid360_formal_batch1/final_dataset_v1/final_scene_registry.yaml;results/mid360_formal_batch1/final_dataset_v1/final_dataset_readiness.json,c0a1c8ea9cbb1b28f8ffdc507d7becf8f591ed333d047161168a1a0962a10bd4;54e69717317632cd36422b7316d4288909ade9155386d783d36fcdc5ff2078fe;bf7fa35df2c92816721a686ffa6f9677bd936ba1cb47a329d40d11d76927a1d4
FMB1_W03,S01,9,FMB1_W03_S01_Q10,1,0.0563855745949037,14.6702186465959,0.518334863481402,W03,Weak,0.0577519527921075,14.3302036411389,0.519020226239177,results/mid360_formal_batch1/final_dataset_v1/final_geometry_manifest.csv;results/mid360_formal_batch1/final_dataset_v1/final_scene_registry.yaml;results/mid360_formal_batch1/final_dataset_v1/final_dataset_readiness.json,c0a1c8ea9cbb1b28f8ffdc507d7becf8f591ed333d047161168a1a0962a10bd4;54e69717317632cd36422b7316d4288909ade9155386d783d36fcdc5ff2078fe;bf7fa35df2c92816721a686ffa6f9677bd936ba1cb47a329d40d11d76927a1d4
FMB1_W03,S02,0,FMB1_W03_S02_Q01,1,0.0869615903201912,9.11427345728669,0.593068308109303,W03,Weak,0.0577519527921075,14.3302036411389,0.519020226239177,results/mid360_formal_batch1/final_dataset_v1/final_geometry_manifest.csv;results/mid360_formal_batch1/final_dataset_v1/final_scene_registry.yaml;results/mid360_formal_batch1/final_dataset_v1/final_dataset_readiness.json,c0a1c8ea9cbb1b28f8ffdc507d7becf8f591ed333d047161168a1a0962a10bd4;54e69717317632cd36422b7316d4288909ade9155386d783d36fcdc5ff2078fe;bf7fa35df2c92816721a686ffa6f9677bd936ba1cb47a329d40d11d76927a1d4
FMB1_W03,S02,1,FMB1_W03_S02_Q02,1,0.0859935868362596,9.17180345117282,0.599326564079464,W03,Weak,0.0577519527921075,14.3302036411389,0.519020226239177,results/mid360_formal_batch1/final_dataset_v1/final_geometry_manifest.csv;results/mid360_formal_batch1/final_dataset_v1/final_scene_registry.yaml;results/mid360_formal_batch1/final_dataset_v1/final_dataset_readiness.json,c0a1c8ea9cbb1b28f8ffdc507d7becf8f591ed333d047161168a1a0962a10bd4;54e69717317632cd36422b7316d4288909ade9155386d783d36fcdc5ff2078fe;bf7fa35df2c92816721a686ffa6f9677bd936ba1cb47a329d40d11d76927a1d4
FMB1_W03,S02,2,FMB1_W03_S02_Q03,1,0.0861048180245103,9.17838432677132,0.596695259586627,W03,Weak,0.0577519527921075,14.3302036411389,0.519020226239177,results/mid360_formal_batch1/final_dataset_v1/final_geometry_manifest.csv;results/mid360_formal_batch1/final_dataset_v1/final_scene_registry.yaml;results/mid360_formal_batch1/final_dataset_v1/final_dataset_readiness.json,c0a1c8ea9cbb1b28f8ffdc507d7becf8f591ed333d047161168a1a0962a10bd4;54e69717317632cd36422b7316d4288909ade9155386d783d36fcdc5ff2078fe;bf7fa35df2c92816721a686ffa6f9677bd936ba1cb47a329d40d11d76927a1d4
FMB1_W03,S02,3,FMB1_W03_S02_Q04,1,0.0881060763077783,8.96605290128767,0.597895501901864,W03,Weak,0.0577519527921075,14.3302036411389,0.519020226239177,results/mid360_formal_batch1/final_dataset_v1/final_geometry_manifest.csv;results/mid360_formal_batch1/final_dataset_v1/final_scene_registry.yaml;results/mid360_formal_batch1/final_dataset_v1/final_dataset_readiness.json,c0a1c8ea9cbb1b28f8ffdc507d7becf8f591ed333d047161168a1a0962a10bd4;54e69717317632cd36422b7316d4288909ade9155386d783d36fcdc5ff2078fe;bf7fa35df2c92816721a686ffa6f9677bd936ba1cb47a329d40d11d76927a1d4
FMB1_W03,S02,4,FMB1_W03_S02_Q05,1,0.0856859879886852,9.22936397799374,0.595671270309955,W03,Weak,0.0577519527921075,14.3302036411389,0.519020226239177,results/mid360_formal_batch1/final_dataset_v1/final_geometry_manifest.csv;results/mid360_formal_batch1/final_dataset_v1/final_scene_registry.yaml;results/mid360_formal_batch1/final_dataset_v1/final_dataset_readiness.json,c0a1c8ea9cbb1b28f8ffdc507d7becf8f591ed333d047161168a1a0962a10bd4;54e69717317632cd36422b7316d4288909ade9155386d783d36fcdc5ff2078fe;bf7fa35df2c92816721a686ffa6f9677bd936ba1cb47a329d40d11d76927a1d4
FMB1_W03,S02,5,FMB1_W03_S02_Q06,1,0.0873036045461712,9.07943060536639,0.593039296443702,W03,Weak,0.0577519527921075,14.3302036411389,0.519020226239177,results/mid360_formal_batch1/final_dataset_v1/final_geometry_manifest.csv;results/mid360_formal_batch1/final_dataset_v1/final_scene_registry.yaml;results/mid360_formal_batch1/final_dataset_v1/final_dataset_readiness.json,c0a1c8ea9cbb1b28f8ffdc507d7becf8f591ed333d047161168a1a0962a10bd4;54e69717317632cd36422b7316d4288909ade9155386d783d36fcdc5ff2078fe;bf7fa35df2c92816721a686ffa6f9677bd936ba1cb47a329d40d11d76927a1d4
FMB1_W03,S02,6,FMB1_W03_S02_Q07,1,0.0854756234079661,9.34182713220839,0.582391309793922,W03,Weak,0.0577519527921075,14.3302036411389,0.519020226239177,results/mid360_formal_batch1/final_dataset_v1/final_geometry_manifest.csv;results/mid360_formal_batch1/final_dataset_v1/final_scene_registry.yaml;results/mid360_formal_batch1/final_dataset_v1/final_dataset_readiness.json,c0a1c8ea9cbb1b28f8ffdc507d7becf8f591ed333d047161168a1a0962a10bd4;54e69717317632cd36422b7316d4288909ade9155386d783d36fcdc5ff2078fe;bf7fa35df2c92816721a686ffa6f9677bd936ba1cb47a329d40d11d76927a1d4
FMB1_W03,S02,7,FMB1_W03_S02_Q08,1,0.0856455134180017,9.28012312128273,0.588874425648359,W03,Weak,0.0577519527921075,14.3302036411389,0.519020226239177,results/mid360_formal_batch1/final_dataset_v1/final_geometry_manifest.csv;results/mid360_formal_batch1/final_dataset_v1/final_scene_registry.yaml;results/mid360_formal_batch1/final_dataset_v1/final_dataset_readiness.json,c0a1c8ea9cbb1b28f8ffdc507d7becf8f591ed333d047161168a1a0962a10bd4;54e69717317632cd36422b7316d4288909ade9155386d783d36fcdc5ff2078fe;bf7fa35df2c92816721a686ffa6f9677bd936ba1cb47a329d40d11d76927a1d4
FMB1_W03,S02,8,FMB1_W03_S02_Q09,1,0.0880624606648569,8.97207170168042,0.597646185075129,W03,Weak,0.0577519527921075,14.3302036411389,0.519020226239177,results/mid360_formal_batch1/final_dataset_v1/final_geometry_manifest.csv;results/mid360_formal_batch1/final_dataset_v1/final_scene_registry.yaml;results/mid360_formal_batch1/final_dataset_v1/final_dataset_readiness.json,c0a1c8ea9cbb1b28f8ffdc507d7becf8f591ed333d047161168a1a0962a10bd4;54e69717317632cd36422b7316d4288909ade9155386d783d36fcdc5ff2078fe;bf7fa35df2c92816721a686ffa6f9677bd936ba1cb47a329d40d11d76927a1d4
FMB1_W03,S02,9,FMB1_W03_S02_Q10,1,0.085316207593765,9.2834899185372,0.593507388383441,W03,Weak,0.0577519527921075,14.3302036411389,0.519020226239177,results/mid360_formal_batch1/final_dataset_v1/final_geometry_manifest.csv;results/mid360_formal_batch1/final_dataset_v1/final_scene_registry.yaml;results/mid360_formal_batch1/final_dataset_v1/final_dataset_readiness.json,c0a1c8ea9cbb1b28f8ffdc507d7becf8f591ed333d047161168a1a0962a10bd4;54e69717317632cd36422b7316d4288909ade9155386d783d36fcdc5ff2078fe;bf7fa35df2c92816721a686ffa6f9677bd936ba1cb47a329d40d11d76927a1d4
FMB1_W03,S03,0,FMB1_W03_S03_Q01,1,0.0464479582742612,18.2174627220288,0.476536773779142,W03,Weak,0.0577519527921075,14.3302036411389,0.519020226239177,results/mid360_formal_batch1/final_dataset_v1/final_geometry_manifest.csv;results/mid360_formal_batch1/final_dataset_v1/final_scene_registry.yaml;results/mid360_formal_batch1/final_dataset_v1/final_dataset_readiness.json,c0a1c8ea9cbb1b28f8ffdc507d7becf8f591ed333d047161168a1a0962a10bd4;54e69717317632cd36422b7316d4288909ade9155386d783d36fcdc5ff2078fe;bf7fa35df2c92816721a686ffa6f9677bd936ba1cb47a329d40d11d76927a1d4
FMB1_W03,S03,1,FMB1_W03_S03_Q02,1,0.0463361125191132,18.3351411005373,0.469981236290481,W03,Weak,0.0577519527921075,14.3302036411389,0.519020226239177,results/mid360_formal_batch1/final_dataset_v1/final_geometry_manifest.csv;results/mid360_formal_batch1/final_dataset_v1/final_scene_registry.yaml;results/mid360_formal_batch1/final_dataset_v1/final_dataset_readiness.json,c0a1c8ea9cbb1b28f8ffdc507d7becf8f591ed333d047161168a1a0962a10bd4;54e69717317632cd36422b7316d4288909ade9155386d783d36fcdc5ff2078fe;bf7fa35df2c92816721a686ffa6f9677bd936ba1cb47a329d40d11d76927a1d4
FMB1_W03,S03,2,FMB1_W03_S03_Q03,1,0.047761811390703,17.7260968548402,0.476632083786792,W03,Weak,0.0577519527921075,14.3302036411389,0.519020226239177,results/mid360_formal_batch1/final_dataset_v1/final_geometry_manifest.csv;results/mid360_formal_batch1/final_dataset_v1/final_scene_registry.yaml;results/mid360_formal_batch1/final_dataset_v1/final_dataset_readiness.json,c0a1c8ea9cbb1b28f8ffdc507d7becf8f591ed333d047161168a1a0962a10bd4;54e69717317632cd36422b7316d4288909ade9155386d783d36fcdc5ff2078fe;bf7fa35df2c92816721a686ffa6f9677bd936ba1cb47a329d40d11d76927a1d4
FMB1_W03,S03,3,FMB1_W03_S03_Q04,1,0.047852786181871,17.685066031789,0.477362036926898,W03,Weak,0.0577519527921075,14.3302036411389,0.519020226239177,results/mid360_formal_batch1/final_dataset_v1/final_geometry_manifest.csv;results/mid360_formal_batch1/final_dataset_v1/final_scene_registry.yaml;results/mid360_formal_batch1/final_dataset_v1/final_dataset_readiness.json,c0a1c8ea9cbb1b28f8ffdc507d7becf8f591ed333d047161168a1a0962a10bd4;54e69717317632cd36422b7316d4288909ade9155386d783d36fcdc5ff2078fe;bf7fa35df2c92816721a686ffa6f9677bd936ba1cb47a329d40d11d76927a1d4
FMB1_W03,S03,4,FMB1_W03_S03_Q05,1,0.0468667102030755,18.1308142299236,0.470075930875633,W03,Weak,0.0577519527921075,14.3302036411389,0.519020226239177,results/mid360_formal_batch1/final_dataset_v1/final_geometry_manifest.csv;results/mid360_formal_batch1/final_dataset_v1/final_scene_registry.yaml;results/mid360_formal_batch1/final_dataset_v1/final_dataset_readiness.json,c0a1c8ea9cbb1b28f8ffdc507d7becf8f591ed333d047161168a1a0962a10bd4;54e69717317632cd36422b7316d4288909ade9155386d783d36fcdc5ff2078fe;bf7fa35df2c92816721a686ffa6f9677bd936ba1cb47a329d40d11d76927a1d4
FMB1_W03,S03,5,FMB1_W03_S03_Q06,1,0.0476885998048593,17.7772436063076,0.474410990531743,W03,Weak,0.0577519527921075,14.3302036411389,0.519020226239177,results/mid360_formal_batch1/final_dataset_v1/final_geometry_manifest.csv;results/mid360_formal_batch1/final_dataset_v1/final_scene_registry.yaml;results/mid360_formal_batch1/final_dataset_v1/final_dataset_readiness.json,c0a1c8ea9cbb1b28f8ffdc507d7becf8f591ed333d047161168a1a0962a10bd4;54e69717317632cd36422b7316d4288909ade9155386d783d36fcdc5ff2078fe;bf7fa35df2c92816721a686ffa6f9677bd936ba1cb47a329d40d11d76927a1d4
FMB1_W03,S03,6,FMB1_W03_S03_Q07,1,0.0456217215985438,18.6207770023826,0.469575813124009,W03,Weak,0.0577519527921075,14.3302036411389,0.519020226239177,results/mid360_formal_batch1/final_dataset_v1/final_geometry_manifest.csv;results/mid360_formal_batch1/final_dataset_v1/final_scene_registry.yaml;results/mid360_formal_batch1/final_dataset_v1/final_dataset_readiness.json,c0a1c8ea9cbb1b28f8ffdc507d7becf8f591ed333d047161168a1a0962a10bd4;54e69717317632cd36422b7316d4288909ade9155386d783d36fcdc5ff2078fe;bf7fa35df2c92816721a686ffa6f9677bd936ba1cb47a329d40d11d76927a1d4
FMB1_W03,S03,7,FMB1_W03_S03_Q08,1,0.0460669186013085,18.4353328075374,0.470392552326166,W03,Weak,0.0577519527921075,14.3302036411389,0.519020226239177,results/mid360_formal_batch1/final_dataset_v1/final_geometry_manifest.csv;results/mid360_formal_batch1/final_dataset_v1/final_scene_registry.yaml;results/mid360_formal_batch1/final_dataset_v1/final_dataset_readiness.json,c0a1c8ea9cbb1b28f8ffdc507d7becf8f591ed333d047161168a1a0962a10bd4;54e69717317632cd36422b7316d4288909ade9155386d783d36fcdc5ff2078fe;bf7fa35df2c92816721a686ffa6f9677bd936ba1cb47a329d40d11d76927a1d4
FMB1_W03,S03,8,FMB1_W03_S03_Q09,1,0.0453195119613173,18.6553057184915,0.476991438827238,W03,Weak,0.0577519527921075,14.3302036411389,0.519020226239177,results/mid360_formal_batch1/final_dataset_v1/final_geometry_manifest.csv;results/mid360_formal_batch1/final_dataset_v1/final_scene_registry.yaml;results/mid360_formal_batch1/final_dataset_v1/final_dataset_readiness.json,c0a1c8ea9cbb1b28f8ffdc507d7becf8f591ed333d047161168a1a0962a10bd4;54e69717317632cd36422b7316d4288909ade9155386d783d36fcdc5ff2078fe;bf7fa35df2c92816721a686ffa6f9677bd936ba1cb47a329d40d11d76927a1d4
FMB1_W03,S03,9,FMB1_W03_S03_Q10,1,0.0447612120948996,19.0132295885336,0.465974414482222,W03,Weak,0.0577519527921075,14.3302036411389,0.519020226239177,results/mid360_formal_batch1/final_dataset_v1/final_geometry_manifest.csv;results/mid360_formal_batch1/final_dataset_v1/final_scene_registry.yaml;results/mid360_formal_batch1/final_dataset_v1/final_dataset_readiness.json,c0a1c8ea9cbb1b28f8ffdc507d7becf8f591ed333d047161168a1a0962a10bd4;54e69717317632cd36422b7316d4288909ade9155386d783d36fcdc5ff2078fe;bf7fa35df2c92816721a686ffa6f9677bd936ba1cb47a329d40d11d76927a1d4
